id,created_at,updated_at,name,type,calories_per_100g,protein_per_100g,fat_per_100g,carbs_per_100g,fiber_per_100g,sugar_per_100g,sodium_mg_per_100g,category_id,default_serving_id,image_url,description,health_score
1a8cd014-7cf9-5be5-9dcf-a48d34a52336,,,Muối bơ (Salted Butter),INGREDIENT,717.0,0.85,81.1,0.06,0.0,0.06,700.0,179f9c83-d8b7-4ed3-852a-438529a88828,,,"Bơ mặn là một sản phẩm sữa được tạo ra bằng cách đánh kem và thêm muối trong quá trình chế biến, thường chứa 1-2% natri tính theo trọng lượng. Muối giúp tăng hương vị và hoạt động như một chất bảo quản tự nhiên, kéo dài thời hạn sử dụng so với các loại không ướp muối. Mặc dù có hàm lượng chất béo tương tự như bơ không muối, lượng natri bổ sung của nó tác động đến cả hương vị và cân nhắc về chế độ ăn uống, khiến bơ trở nên lý tưởng cho việc nấu nướng và phết bơ nói chung nhưng kém chính xác hơn khi nướng khi cân bằng muối trong công thức là vấn đề quan trọng.",75
549ebca9-0a25-54fa-983f-c06dfafefc49,,,Đường (Sugar),DISH,400.0,0.0,0.0,100.0,0.0,100.0,1.0,179f9c83-d8b7-4ed3-852a-438529a88828,,,"Đường là một loại carbohydrate tinh chế được chiết xuất chủ yếu từ mía hoặc củ cải đường, được chế biến thành tinh thể sucrose nguyên chất. Chất làm ngọt giàu calo này cung cấp 4 calo mỗi gram nhưng thiếu các vitamin, khoáng chất hoặc chất xơ thiết yếu. Mặc dù xuất hiện tự nhiên trong trái cây và sữa, nhưng đường bổ sung trong thực phẩm và đồ uống đã qua chế biến có thể làm tăng nguy cơ sức khỏe khi tiêu thụ quá mức.",75
8df9b984-a6ab-5234-ad1d-1d8e2b0715f9,,,Mật ong (Honey),DISH,304.0,0.3,0.0,82.4,0.2,82.1,7.0,179f9c83-d8b7-4ed3-852a-438529a88828,,,"Mật ong là chất làm ngọt tự nhiên được tạo ra bởi ong mật thông qua quá trình chuyển đổi enzyme của mật hoa, bao gồm chủ yếu là fructose và glucose. Không giống như đường tinh luyện, nó chứa một lượng nhỏ enzyme, chất chống oxy hóa và các hợp chất kháng khuẩn góp phần vào công dụng lịch sử của nó trong cả ứng dụng ẩm thực và y học. Chất lỏng nhớt có màu từ trong đến màu hổ phách, với hương vị và đặc tính dinh dưỡng thay đổi đáng kể dựa trên nguồn hoa và phương pháp chế biến tối thiểu.",75
6c7336c9-ae0c-5a03-a1e7-5510163fe2a1,,,Salsa Roja (Salsa Roja),DISH,29.0,1.5,0.17,6.7,1.8,4.2,640.0,179f9c83-d8b7-4ed3-852a-438529a88828,,,"Salsa Roja là một loại nước sốt Mexico nấu chín được làm từ cà chua, ớt, hành và tỏi, thường được ninh hoặc rang để tạo hương vị khói đặc trưng. Loại gia vị đa năng này có phạm vi từ cay nhẹ đến cay đậm tùy thuộc vào loại ớt được sử dụng, đồng thời cung cấp chất chống oxy hóa như lycopene từ cà chua và capsaicin tăng cường trao đổi chất. Chế phẩm nấu chín giúp tăng cường độ phức tạp của hương vị trong khi vẫn duy trì hàm lượng calo và chất béo thấp, khiến nó phù hợp với chế độ ăn thuần chay, không chứa gluten và hạn chế cân nặng.",75
d91b2d73-f3e9-5260-8b67-c0beae6a490a,,,Đường kính trắng (Granulated Sugar),DISH,387.0,0.0,0.0,100.0,0.0,100.0,1.0,179f9c83-d8b7-4ed3-852a-438529a88828,,,"Đường cát là một loại carbohydrate tinh chế được chiết xuất từ ​​​​mía hoặc củ cải đường, bao gồm gần như hoàn toàn các tinh thể sucrose. Chất làm ngọt phổ biến này trải qua quá trình xử lý rộng rãi để loại bỏ mật đường và tạp chất, tạo ra các tinh thể màu trắng đồng nhất, dễ dàng hòa tan trong chất lỏng. Mặc dù cần thiết cho việc làm bánh và làm ngọt đồ uống, nhưng nó cung cấp 4 calo mỗi gram mà không có vitamin hoặc khoáng chất đáng kể, đòi hỏi phải tiêu thụ một cách thận trọng trong chế độ ăn uống cân bằng.",75
55bdd82f-35e4-5849-ade2-39ffa5bcbc30,,,Sốt Teriyaki (Teriyaki Sauce),DISH,89.0,5.93,0.02,15.6,0.1,14.1,3830.0,179f9c83-d8b7-4ed3-852a-438529a88828,,,"Sốt Teriyaki là một loại men ngọt và mặn thường được sử dụng trong ẩm thực Nhật Bản. Loại nước sốt này thường bao gồm nước tương, mirin (rượu gạo ngọt), đường và gừng, tạo nên lớp phủ bóng khi áp dụng cho các món nướng hoặc áp chảo. Do hàm lượng đường và natri cao nên việc kiểm soát khẩu phần rất quan trọng khi kết hợp sốt teriyaki vào chế độ ăn uống cân bằng.",75
2ee1a9da-949d-54c1-b484-7909bdeda170,,,Đường nâu sẫm (Dark Brown Sugar),INGREDIENT,380.0,0.1,0.0,98.0,0.0,97.0,28.0,179f9c83-d8b7-4ed3-852a-438529a88828,,,"Đường nâu sẫm là đường mía được tinh chế tối thiểu chứa 6-10% mật đường, tạo cho nó màu caramel đậm và kết cấu ẩm, dính. Hương vị mật đường đậm đà khiến nó trở nên lý tưởng cho các món nướng đậm đà như bánh gừng và đậu nướng, những nơi mà cả độ ngọt và khả năng giữ ẩm đều rất quan trọng. Mặc dù về mặt dinh dưỡng tương tự như các loại đường khác về hàm lượng calo, mật đường được giữ lại cung cấp một lượng nhỏ canxi, sắt và kali so với đường tinh chế hoàn toàn.",75
5909bd8a-e62b-581d-91b0-fea380b5237e,,,Muối tỏi (Garlic Salt),INGREDIENT,0.0,0.0,0.0,0.0,0.0,0.0,35000.0,179f9c83-d8b7-4ed3-852a-438529a88828,,,"Muối tỏi là hỗn hợp gia vị kết hợp giữa bột tỏi khô, muối ăn và một lượng nhỏ chất chống đóng bánh. Mặc dù nó mang lại hương vị tỏi đậm đặc với sự tiện lợi của việc gia vị được đo lường, nhưng hàm lượng natri của nó cao hơn đáng kể so với tỏi tươi - thường chứa ba phần muối và một phần tỏi. Loại lương thực chủ yếu này thường được sử dụng để nêm các loại thịt, rau củ nướng và các món mặn yêu cầu cả hương vị tỏi và muối.",75
b72ede37-d5cb-5508-b4f4-f63a7c0844b6,,,Sốt Worcestershire (Worcestershire Sauce),DISH,77.0,0.0,0.2,19.0,0.0,10.0,1140.0,179f9c83-d8b7-4ed3-852a-438529a88828,,,"Nước sốt Worcestershire là một loại gia vị lỏng lên men có nguồn gốc từ Worcester, Anh. Nước sốt mặn này được đặc trưng bởi hương vị umami phức tạp, bắt nguồn từ sự pha trộn của các thành phần bao gồm giấm, mật đường, cá cơm, chiết xuất me, hành, tỏi và gia vị. Nó thường được sử dụng để tăng hương vị của thịt, nước sốt, nước xốt và món hầm, tăng thêm chiều sâu và độ đậm đà cho nhiều món ăn.",75
3d3d1569-6194-5d24-9a22-4e3db501b8e7,,,Giấm vang đỏ (Red Wine Vinegar),INGREDIENT,19.0,0.04,0.0,0.27,0.0,0.0,8.0,179f9c83-d8b7-4ed3-852a-438529a88828,,,"Giấm rượu vang đỏ là một loại gia vị có tính axit được sản xuất thông qua quá trình lên men rượu vang đỏ, tạo ra hương vị đậm đà, thơm với hương vị tinh tế có nguồn gốc từ nho. Loại giấm đa năng này có màu từ hồng nhạt đến hồng ngọc đậm và chứa các hợp chất có lợi từ gốc rượu, bao gồm cả chất chống oxy hóa. Nó đặc biệt có giá trị trong ẩm thực Địa Trung Hải để làm dầu giấm, nước xốt và rau ngâm, mang lại hương vị sắc nét hơn, phức tạp hơn giấm trắng tiêu chuẩn.",75
8ed30734-7929-5853-83ed-18194ffd9d0f,,,Lá kinh giới Tây sấy khô / Oregano (Dried Oregano),INGREDIENT,265.0,9.0,4.28,68.9,42.5,4.09,25.0,179f9c83-d8b7-4ed3-852a-438529a88828,,,"Lá oregano khô là một loại thảo mộc Địa Trung Hải cay nồng thuộc họ bạc hà, được sử dụng rộng rãi vì hương vị đất, hơi đắng, tăng thêm khi lá bị mất nước. Loại gia vị thơm này rất giàu chất chống oxy hóa như carvacrol và thymol, và nó đặc trưng trong ẩm thực Ý, Hy Lạp và Mexico — đặc biệt là trong nước sốt làm từ cà chua, thịt nướng và các món rau. Không giống như loại tươi, lá oregano khô vẫn giữ được tác dụng khi nấu chín, lý tưởng để thêm sớm vào công thức nấu ăn để phát triển độ sâu của hương vị trong khi vẫn không chứa gluten tự nhiên và ít calo.",75
f15b3040-e473-5c63-9a0c-c2b3c81e472b,,,Sốt ớt cay Cayenne (Cayenne Hot Sauce),DISH,0.0,0.0,0.0,0.0,0.0,0.0,3800.0,179f9c83-d8b7-4ed3-852a-438529a88828,,,"Sốt cay cayenne là một loại gia vị cay được làm từ ớt cayenne lên men, giấm và muối, ủ trong thùng để tạo ra hương vị cay nồng đặc trưng. Nước sốt này thường có công suất từ ​​30.000-50.000 Đơn vị nhiệt Scoville, mang lại nhiệt độ mạnh giúp tăng cường các món ăn Mexico, Creole và toàn cầu mà không lấn át các nguyên liệu khác. Hợp chất hoạt động capsaicin của nó có thể tăng cường trao đổi chất, mặc dù hàm lượng natri của nó đòi hỏi phải điều độ trong chế độ ăn ít natri.",75
8e71a5d4-1cdd-554d-af1b-037552527800,,,Sốt ớt xông khói Chipotle (Chipotle Sauce),DISH,427.0,1.7,45.8,2.7,0.0,2.5,1000.0,179f9c83-d8b7-4ed3-852a-438529a88828,,,"Sốt Chipotle là một loại gia vị cay, có mùi khói được làm chủ yếu từ ớt jalapeño hun khói (ớt chipotle) ​​trộn với các nguyên liệu như cà chua, tỏi và giấm. Loại nước sốt lấy cảm hứng từ Mexico này có được sức nóng đặc trưng và độ sâu của đất từ ​​quá trình hun khói được sử dụng để bảo quản ớt jalapeños chín. Mặc dù mật độ calo thay đổi tùy theo công thức nhưng hầu hết các phiên bản đều cung cấp lượng capsaicin khiêm tốn (có liên quan đến lợi ích trao đổi chất) và vitamin C, mặc dù các loại thương mại thường chứa thêm dầu hoặc đường. Nó đóng vai trò như một chất tăng hương vị linh hoạt cho bánh taco, thịt nướng và protein từ thực vật.",75
0fc9b106-81ae-5adf-ae51-634da61eacb2,,,Si-rô cây phong Hạng A (Grade A Maple Syrup),DISH,265.0,0.0,0.11,67.0,0.0,60.0,10.0,179f9c83-d8b7-4ed3-852a-438529a88828,,,"Xi-rô cây phong loại A là chất làm ngọt tự nhiên được tạo ra bằng cách đun sôi nhựa cây từ cây phong Bắc Mỹ, tạo ra một chất lỏng đậm đặc với hương caramen và hương vani tinh tế. Xi-rô màu hổ phách này chứa các khoáng chất vi lượng như mangan và kẽm, giúp phân biệt nó về mặt dinh dưỡng với đường tinh luyện, mặc dù nó vẫn chứa nhiều calo. Ký hiệu Hạng A biểu thị màu sắc nhạt và hương vị tinh tế của nó, khiến nó trở nên lý tưởng để rưới lên bánh kếp hoặc tăng cường các món nướng đồng thời cung cấp giải pháp thay thế được xử lý tối thiểu cho xi-rô nhân tạo.",75
b1f0886f-8bce-5c72-b6ae-d2a93d18bc2b,,,Rau húng quế (Basil),INGREDIENT,23.0,3.15,0.64,2.65,1.6,0.3,6.0,179f9c83-d8b7-4ed3-852a-438529a88828,,,"Húng quế là một loại thảo mộc ẩm thực có mùi thơm thuộc họ bạc hà, được biết đến với những chiếc lá màu xanh tươi và hương vị ngọt ngào, tiêu với hương thơm tinh tế của cây hồi. Húng quế tươi cung cấp đáng kể vitamin K và các chất chống oxy hóa như flavonoid, trong khi các loại dầu nhạy cảm với nhiệt của nó khiến nó trở nên lý tưởng cho các ứng dụng sống hoặc nấu nướng ngắn để bảo quản hương vị. Là một món ăn chủ yếu trong ẩm thực Địa Trung Hải và Đông Nam Á, nó rất cần thiết cho các món ăn cổ điển như pesto, salad caprese và cà ri Thái.",75
1394aa0d-e6ae-5e60-a2c1-8f236371daea,,,"Cỏ xạ hương sấy khô / Thyme (Thyme, Dried)",INGREDIENT,276.0,9.11,7.43,63.9,37.0,1.71,55.0,179f9c83-d8b7-4ed3-852a-438529a88828,,,"Húng tây khô là một loại thảo mộc ẩm thực mất nước thuộc họ bạc hà, được đánh giá cao nhờ hương đất đậm đặc, hương hoa nhẹ và hương thơm ấm áp. Quá trình sấy khô trong không khí làm tăng hương vị của nó so với lá tươi, khiến nó trở thành một món ăn chủ yếu trong hỗn hợp gia vị Địa Trung Hải, súp và thịt nướng. Giàu chất chống oxy hóa như thymol—một hợp chất có đặc tính kháng khuẩn—nó tăng thêm hương vị đậm đà cho các món ăn đồng thời cung cấp lượng calo, natri hoặc chất béo không đáng kể.",75
3f275167-5d7a-5b39-9e54-de202ab5f474,,,Mật ong nguyên chất chưa qua xử lý (Raw Honey),INGREDIENT,318.0,0.3,0.0,78.7,0.07,76.5,7.67,179f9c83-d8b7-4ed3-852a-438529a88828,,,"Mật ong thô là chất làm ngọt chưa qua chế biến được tạo ra bởi ong từ mật hoa, được duy trì ở trạng thái tự nhiên mà không cần thanh trùng hoặc lọc mịn. Phương pháp bảo quản này giữ lại các enzyme có lợi, chất chống oxy hóa và dấu vết phấn hoa thường bị giảm đi trong mật ong thương mại. Kết cấu của nó dao động từ mịn đến kết tinh, với các đặc tính hương vị khác nhau tùy theo nguồn hoa, trong khi vẫn là nguồn đường tự nhiên đậm đặc cần tiêu thụ vừa phải.",75
f79476ac-02f9-55a7-9e9c-2cdc543180dc,,,Bánh mì vòng Bagel quế nho khô (Cinnamon Raisin Bagel),DISH,274.0,9.8,1.7,55.2,2.3,5.98,376.0,179f9c83-d8b7-4ed3-852a-438529a88828,,,"Bánh mì tròn quế nho khô là một sản phẩm bánh mì làm từ lúa mì được làm giàu với bột ngọt được trộn với quế xay và rắc nho khô dai. Đường bổ sung vào bột làm tăng hương vị ngọt nhẹ và lớp vỏ màu nâu vàng khi nướng, đồng thời quá trình làm giàu bổ sung thêm sắt và vitamin B. Mặc dù có hàm lượng carbohydrate cao hơn bánh mì tròn thông thường nhưng nho khô đóng góp một lượng nhỏ chất xơ và vi chất dinh dưỡng, khiến loại nho này trở thành lựa chọn bữa sáng phổ biến thường được phục vụ nướng với phô mai kem hoặc bơ.",75
46414e11-931e-5548-bf83-4d34aba7759a,,,Sốt thịt nướng BBQ vị cay (Spicy Barbecue Sauce),DISH,172.0,0.82,0.63,40.0,0.9,33.0,1027.0,179f9c83-d8b7-4ed3-852a-438529a88828,,,"Nước sốt thịt nướng cay là một loại gia vị làm từ cà chua ngọt được tăng cường với ớt hoặc nước sốt nóng để tạo vị cay rõ rệt. Kết cấu dày, dính của nó đến từ các chất làm ngọt như đường, mật đường hoặc mật ong, giúp cân bằng các yếu tố bốc lửa đồng thời góp phần tạo nên hàm lượng đường cao. Thường được sử dụng làm men cho thịt nướng hoặc nước chấm, loại nước sốt thịt nướng này thường chứa lượng natri đáng kể và có thể bao gồm hương liệu khói để mô phỏng các món nướng chín chậm.",75
8b3a23da-47f6-55f0-b4be-965801018197,,,Hỗn hợp gia vị Cajun (Cajun Spice Blend),INGREDIENT,141.0,7.0,6.5,26.5,17.0,1.0,20000.0,179f9c83-d8b7-4ed3-852a-438529a88828,,,"Hỗn hợp gia vị Cajun là hỗn hợp gia vị mạnh mẽ bắt nguồn từ ẩm thực Louisiana, kết hợp ớt bột, tỏi, hành tây, ớt cayenne và các loại thảo mộc như lá oregano và húng tây. Vị cay đặc trưng của nó đến từ hạt tiêu đen và đỏ, trong khi việc không thêm đường giúp phân biệt nó với các món nướng ngọt hơn. Hỗn hợp linh hoạt này bổ sung thêm mùi đất, khói cho protein và rau quả nhưng đòi hỏi phải sử dụng cẩn thận do hàm lượng natri thường cao. Hầu hết các phiên bản đều không chứa gluten tự nhiên và thuần chay.",75
f85e7c61-ca18-55c9-bd34-9727879805f9,,,Quế đơn / Quế Trung Quốc (Cassia Cinnamon),INGREDIENT,247.0,4.0,1.24,80.6,53.1,2.17,10.0,179f9c83-d8b7-4ed3-852a-438529a88828,,,"Quế quế là loại quế thương mại phổ biến nhất, được làm từ vỏ bên trong khô của cây quế Cinnamomum. Nó có hương vị đậm đà, hơi cay-ngọt và hàm lượng coumarin cao hơn so với quế Ceylon, đòi hỏi phải tiêu thụ thường xuyên ở mức độ vừa phải. Loại gia vị thơm này được sử dụng rộng rãi trong các món nướng và món mặn, đặc biệt là trong các món ăn châu Á, và thường được bán dưới dạng bút lông cuộn chặt hoặc bột nghiền.",75
f78d9281-f56a-5d9a-87e0-7ba1f230b313,,,Phô mai Pepper Jack (Pepper Jack Cheese),DISH,400.0,24.0,28.5,2.0,0.0,2.0,650.0,179f9c83-d8b7-4ed3-852a-438529a88828,,,"Pepper jack là một loại phô mai hơi mềm có nguồn gốc từ Monterey Jack, đặc trưng bởi kết cấu kem và hương vị cay. Nó được làm bằng cách kết hợp các loại ớt cay, chẳng hạn như jalapeños, serranos hoặc habaneros, vào quy trình làm phô mai. Phô mai này tan chảy tốt, khiến nó trở thành lựa chọn phổ biến cho bánh quesadillas, nachos và bánh mì kẹp phô mai nướng, trong khi mức nhiệt của nó có thể thay đổi tùy thuộc vào loại và số lượng ớt được sử dụng.",75
406e0059-59c3-5a52-baf9-64e1bd388b46,,,"Hạt hướng dương không muối (Sunflower Seeds, Unsalted)",INGREDIENT,619.0,17.2,56.8,20.6,11.5,2.0,3.0,179f9c83-d8b7-4ed3-852a-438529a88828,,,"Hạt hướng dương (không ướp muối) là hạt ăn được của cây hướng dương, mang lại hương vị hạt nhẹ và kết cấu chắc nhưng mềm mà không cần thêm natri. Những hạt này rất giàu chất béo không bão hòa đa có lợi cho tim, protein từ thực vật và vitamin E, một chất chống oxy hóa mạnh hỗ trợ làn da và sức khỏe miễn dịch. Cách chế biến không muối khiến chúng trở thành một lựa chọn linh hoạt, ít natri để rắc lên món salad, trộn thành các hỗn hợp đường tự chế hoặc kết hợp với các món nướng.",75
220921c4-d981-5ff2-b8bb-ab203e42a4d3,,,Sốt thịt băm Bolognese (Bolognese Sauce),DISH,115.0,9.0,7.0,8.0,2.0,4.0,500.0,179f9c83-d8b7-4ed3-852a-438529a88828,,,"Sốt Bolognese là một loại nước sốt làm từ thịt truyền thống của Ý có nguồn gốc từ Bologna, có sự pha trộn đun sôi chậm giữa thịt bò và thịt lợn xay với các loại rau thơm (hành, cần tây, cà rốt) và một ít thành phần cà chua. Vị đậm đà đặc trưng của nó đến từ sự kết hợp của sữa hoặc kem để tạo ra vị ngọt tinh tế và rượu vang để tạo độ sâu, tạo ra một loại nước sốt đặc, giàu protein thường được dùng kèm với mì ống nhiều vị như tagliatelle. Mặc dù có hàm lượng chất béo động vật cao hơn nước sốt tập trung vào thực vật, nhưng nó cung cấp lượng protein đáng kể và thích hợp tốt với cả việc kết hợp mì ống cổ điển và các chế phẩm ít carb hiện đại khi dùng với mì bí xanh hoặc rau nướng.",75
1d2b8904-f88c-5fd8-a384-c3a5616aacd3,,,Ớt cay Jalapeño (Jalapeño Peppers),INGREDIENT,29.0,0.91,0.37,6.5,2.8,4.12,3.0,179f9c83-d8b7-4ed3-852a-438529a88828,,,"Ớt Jalapeño là loại ớt cay vừa có nguồn gốc từ Mexico, thường được thu hoạch khi còn xanh nhưng chuyển sang màu đỏ khi chín hoàn toàn. Những quả ớt tươi này có 2.500-8.000 Đơn vị nhiệt Scoville, có được vị cay từ capsaicin tập trung ở màng bên trong và hạt, đồng thời cung cấp vitamin C đáng chú ý và các lợi ích trao đổi chất tiềm năng. Thường được sử dụng sống trong sốt salsa, ngâm làm gia vị hoặc nấu thành các món ăn, độ nóng của chúng có thể được điều tiết bằng cách loại bỏ phần cùi trắng và hạt trong quá trình chế biến.",75
1cabdbd2-e504-54fa-ae9c-6febdf8d28e5,,,Sốt trộn mù tạt mật ong ăn kiêng (Light Honey Mustard Dressing),DISH,207.0,0.98,10.0,28.3,0.8,18.3,701.0,179f9c83-d8b7-4ed3-852a-438529a88828,,,"Nước sốt mù tạt mật ong nhẹ là một loại gia vị có vị ngọt pha trộn vị ngọt nhẹ của mật ong với vị bùi của mù tạt, thường được cân bằng bởi giấm hoặc cam quýt. Phiên bản ít calo hơn này làm giảm hàm lượng chất béo so với các công thức nấu ăn truyền thống, thường sử dụng các chất thay thế như sữa chua hoặc sốt mayonnaise ít béo, trong khi vẫn giữ được kết cấu kem đặc trưng. Lý tưởng cho món salad, bánh mì sandwich hoặc nước chấm, nó giúp tăng hương vị với ít calo hơn nhưng vẫn có thể chứa đường bổ sung tùy thuộc vào nhãn hiệu.",75
afde415e-e05e-583e-b23a-9fba4e5d76f0,,,Sốt trộn Ranch tách béo (Fat-Free Ranch Dressing),DISH,119.0,0.25,1.92,26.51,0.1,5.35,897.0,179f9c83-d8b7-4ed3-852a-438529a88828,,,"Nước sốt trang trại không chứa chất béo là một phiên bản sửa đổi của loại gia vị kem cổ điển, sử dụng chất làm đặc và chất làm ngọt để thay thế lớp nền bơ sữa hoặc sốt mayonnaise thường có nhiều chất béo. Biến thể có vị ngọt này cân bằng các loại thảo mộc thơm như thì là và mùi tây với đường bổ sung hoặc chất làm ngọt nhân tạo, tạo ra một lựa chọn ít calo hơn mà vẫn giữ được hương vị đặc trưng. Mặc dù nó làm giảm đáng kể hàm lượng chất béo nhưng các công thức thường bù đắp bằng lượng natri hoặc carbohydrate cao hơn để duy trì sự ổn định về kết cấu và hương vị.",75
9eb4c7f8-f530-54b9-9e4f-8c9ae41bc9a3,,,Ớt bột cay Cayenne (Cayenne Pepper),INGREDIENT,318.0,12.01,17.27,56.63,27.2,10.34,30.0,179f9c83-d8b7-4ed3-852a-438529a88828,,,"Ớt cayenne là một loại gia vị xay được làm từ ớt đỏ khô (Capsicum annuum) được biết đến với tác dụng thanh nhiệt và trao đổi chất mạnh mẽ. Với xếp hạng Scoville từ 30.000-50.000 đơn vị, nó có vị cay nồng từ capsaicin, một hợp chất được chứng minh là có tác dụng tạm thời thúc đẩy quá trình trao đổi chất và giảm nhận thức về cơn đau. Loại bột màu đỏ rực này là thành phần chủ yếu trong ẩm thực cay trên toàn thế giới, được sử dụng vừa làm nguồn nhiệt chính trong các món ăn như ớt và cà ri, vừa làm chất tăng hương vị tinh tế trong các món chà bông và nước sốt. Không giống như các loại bột ớt nhẹ hơn, ớt cayenne cung cấp nhiệt đậm đặc mà không cần thêm các thành phần như tỏi hoặc thì là có trong các gia vị trộn.",75
205be473-cb27-5316-b3fa-00795a047af1,,,Si-rô cây phong màu hổ phách (Amber Maple Syrup),DISH,260.0,0.04,0.1,67.0,0.0,60.0,11.0,179f9c83-d8b7-4ed3-852a-438529a88828,,,"Xi-rô phong màu hổ phách là một chất làm ngọt tự nhiên được sản xuất bằng cách cô đặc nhựa cây từ cây phong, đặc trưng bởi màu sắc đậm vừa phải và hương vị cân bằng tốt. Loại xi-rô phong này mang lại hương vị đậm đà hơn so với các loại vàng trong khi vẫn giữ được hương vị phong cổ điển, khiến nó trở thành sự lựa chọn linh hoạt nhất cho cả ứng dụng bữa sáng và nấu ăn. Không giống như xi-rô nhân tạo, xi-rô cây phong nguyên chất chứa các khoáng chất có lợi và chất chống oxy hóa, mặc dù nó vẫn là nguồn đường tự nhiên đậm đặc.",75
3b156463-126a-5d3d-a9ad-e5a23349ee81,,,Cỏ xạ hương / Thyme (Thyme),INGREDIENT,101.0,5.56,1.68,24.4,14.0,1.0,9.0,179f9c83-d8b7-4ed3-852a-438529a88828,,,"Thyme là một loại thảo mộc Địa Trung Hải lâu năm thuộc họ bạc hà, được nhận biết bởi những chiếc lá nhỏ thơm và thân gỗ mỏng. Loại thảo mộc tươi này mang lại hương vị đất tinh tế với hương bạc hà và cam quýt, thường được sử dụng để nêm các món thịt nướng, súp và các món rau đồng thời cung cấp chất chống oxy hóa như thymol. Mặc dù ít calo nhưng nó chứa vitamin C và sắt đáng chú ý, với lá thường được loại bỏ khỏi thân xơ trước khi sử dụng trong các món ăn không chứa gluten, thuần chay và thân thiện với nước nhạt.",75
de0728ce-6991-5401-b830-2df2a609ad66,,,Gia vị sốt Ranch (Ranch Seasoning),DISH,625.0,0.0,0.0,125.0,0.0,0.0,7500.0,179f9c83-d8b7-4ed3-852a-438529a88828,,,"Gia vị trang trại là hỗn hợp gia vị thơm ngon kết hợp các loại thảo mộc khô như thì là, rau mùi tây và hẹ với tỏi, hành tây và bột sữa bơ để tạo ra hương vị thơm đặc trưng. Chủ yếu được sử dụng để tạo ra nước xốt kem salad, hỗn hợp linh hoạt này cũng làm gia vị cho các loại rau nướng, protein và đồ ăn nhẹ đồng thời bổ sung lượng calo tối thiểu nhưng đáng kể natri cho mỗi khẩu phần. Các loại thương mại thường chứa chất bảo quản bổ sung, mặc dù các loại tự làm cho phép tùy chỉnh hàm lượng muối và chất lượng thành phần.",75
6f2fa6af-fab0-528c-bae1-9630f4199d77,,,"Hạt bí rang muối (Pumpkin Seeds, Salted)",INGREDIENT,574.0,29.8,49.0,14.7,6.5,1.29,256.0,179f9c83-d8b7-4ed3-852a-438529a88828,,,"Hạt bí ngô muối là pepitas có vỏ (hạt bí ngô ăn được) thường được rang và nêm muối để tạo thành một món ăn nhẹ thơm ngon. Những hạt hình bầu dục, dẹt này cung cấp một nguồn magie, kẽm và axit béo omega-3 có nguồn gốc thực vật đáng chú ý, đồng thời chế phẩm muối của chúng bổ sung hàm lượng natri đáng theo dõi đối với chế độ ăn kiêng hạn chế. Quá trình rang làm tăng hương vị hạt nhẹ của chúng và mang lại cho chúng độ giòn vừa ý, khiến chúng trở thành một món bổ sung linh hoạt cho món salad, hỗn hợp đường mòn hoặc bát ngũ cốc.",75
2f481b89-5db2-58bb-98c6-75cf3af95fa5,,,Nước tương giảm natri / ít muối (Low-Sodium Soy Sauce),DISH,57.0,9.05,0.3,5.59,0.7,0.5,3600.0,179f9c83-d8b7-4ed3-852a-438529a88828,,,"Nước tương có hàm lượng natri thấp là phiên bản sửa đổi của nước tương truyền thống được thiết kế để giảm hàm lượng natri khoảng 30-40% thông qua việc thay thế một phần natri clorua bằng kali clorua. Nó vẫn giữ được hương vị đậm đà vị umami có nguồn gốc từ đậu nành lên men và lúa mì nhưng có vị ít mặn hơn, phù hợp để kiểm soát huyết áp hoặc lượng natri hấp thụ. Mặc dù hoạt động như chất thay thế trực tiếp trong nước xốt, món xào và nước chấm, một số loại có thể có dư vị kim loại tinh tế từ các chất thay thế muối.",75
7239f453-95b5-5fcd-b254-7fd9a73f9dd4,,,Sốt BBQ vị mật ong (Honey Barbecue Sauce),DISH,189.0,0.0,0.0,48.6,0.0,43.2,810.0,179f9c83-d8b7-4ed3-852a-438529a88828,,,"Sốt thịt nướng mật ong là một loại gia vị ngọt kết hợp vị ngọt tự nhiên của mật ong với hương vị khói, thơm từ cà chua, giấm và gia vị. Biến thể của nước sốt thịt nướng truyền thống này có độ đặc đặc hơn, lý tưởng để tráng men các loại thịt nướng hoặc làm nước chấm, với hàm lượng đường cao khiến việc nhận biết khẩu phần trở nên quan trọng đối với việc theo dõi dinh dưỡng. Mặc dù thường được sử dụng trong các món ăn từ thịt gia cầm và thịt lợn, nhưng hương vị ngọt-ngọt cân bằng của nó cũng tăng cường các lựa chọn ăn chay như rau nướng hoặc protein từ thực vật.",75
6f71f008-757c-584b-8639-ce262e27ed60,,,"Hạt điều vị ớt chanh rang muối (Chili Lime Cashews, Salted)",INGREDIENT,590.0,16.3,46.8,24.4,3.3,7.1,600.0,179f9c83-d8b7-4ed3-852a-438529a88828,,,"Hạt điều chanh ớt là món ăn nhẹ tẩm gia vị kết hợp hạt điều rang với chanh vỏ và hương vị ớt cay. Các loại hạt thường được rang khô để tăng độ kem tự nhiên trước khi được phủ một lớp hỗn hợp thơm ngon gồm muối, bột cam quýt và gia vị ớt. Trong khi cung cấp chất béo không bão hòa đơn có lợi và protein từ thực vật, các gia vị bổ sung làm tăng đáng kể hàm lượng natri so với các loại không muối. Hương vị đậm đà này khiến chúng trở nên phổ biến như một món ăn nhẹ độc lập và lớp phủ giòn cho món salad hoặc các món ăn lấy cảm hứng từ châu Á.",75
82067c47-5418-51ea-9f92-5451080ca95d,,,Mật ong hoa dại (Wildflower Honey),DISH,313.0,0.3,0.0,79.7,0.1,77.9,6.8,179f9c83-d8b7-4ed3-852a-438529a88828,,,"Mật ong hoa dại là một loại mật hoa đa hoa được tạo ra bởi những con ong thu thập mật hoa từ các loại hoa khác nhau theo mùa, tạo ra hương vị khác nhau tùy theo vùng và thu hoạch. Loại mật ong thô, chưa lọc này vẫn giữ được chất chống oxy hóa tự nhiên và các enzyme vi lượng thường bị mất trong quá trình chế biến thương mại, mang lại hương vị phức tạp hơn so với mật ong một nguồn. Mặc dù nó đóng vai trò như một chất làm ngọt tự nhiên thay thế cho đường tinh luyện, nhưng nó vẫn là nguồn cung cấp carbohydrate đậm đặc với hàm lượng khoảng 17 gram mỗi muỗng canh.",75
62dc353d-8f8f-5bc5-9da4-ccc2be3fb6c4,,,Sốt BBQ vị xông khói (Smoky BBQ Sauce),DISH,50.0,0.0,0.0,13.3,0.5,11.0,830.0,179f9c83-d8b7-4ed3-852a-438529a88828,,,"Nước sốt thịt nướng khói là một loại gia vị ngọt trung tâm trong văn hóa nướng của Mỹ, có sự pha trộn phức tạp giữa hương vị thơm, ngọt và mùi củi. Thường được làm bằng bột cà chua, giấm và chất làm ngọt như mật đường hoặc đường nâu, nó có mùi khói đặc trưng từ khói lỏng hoặc ớt bột xông khói. Kết cấu dày, dính bám rất tốt vào thịt nướng, mặc dù hàm lượng đường và natri bổ sung cao đòi hỏi phải tiêu thụ một cách thận trọng đối với những người theo dõi lượng ăn vào.",75
c770e8f8-ec6b-5c6b-a315-aec7b7092190,,,Sốt ớt cay Jalapeño (Jalapeño Hot Sauce),DISH,0.0,0.0,0.0,0.0,0.0,0.0,1500.0,179f9c83-d8b7-4ed3-852a-438529a88828,,,"Sốt nóng Jalapeño là một loại gia vị có vị cay vừa phải được chế biến từ ớt jalapeño tươi hoặc lên men trộn với giấm, muối và gia vị. Nó mang lại hơi nóng thơm, giúp tăng thêm hương vị cho món ăn mà không quá cay, giúp phân biệt món ăn với các loại nước sốt làm từ ớt cay hơn. Thường ít calo và không chứa chất béo, loại nước sốt thân thiện với người ăn chay, không chứa gluten này bổ sung thêm hương vị đậm đà cho món tacos, trứng và nước sốt trong khi yêu cầu chú ý đến sự thay đổi hàm lượng natri giữa các nhãn hiệu.",75
c65b1fa1-30a8-50e6-9d56-d75f61784cb0,,,Gia vị ướp thịt nướng BBQ (BBQ Seasoning),INGREDIENT,400.0,0.0,0.0,100.0,0.0,100.0,5500.0,179f9c83-d8b7-4ed3-852a-438529a88828,,,"Gia vị BBQ là hỗn hợp gia vị khô được thiết kế để tăng cường các loại thịt nướng hoặc hun khói với sự cân bằng đặc trưng của hương vị ngọt, khói và mặn. Thường chứa ớt bột, tỏi, hành tây, đường và các loại gia vị như thì là hoặc bột ớt, nó vừa dùng làm chất chà khô vừa làm lớp nền cho nước sốt. Mặc dù linh hoạt trong sử dụng ẩm thực, hỗn hợp thương mại thường có hàm lượng natri cao và có thể bao gồm chất làm ngọt bổ sung, cần chú ý đến chế độ ăn ít natri hoặc đường. Các biến thể theo vùng bao gồm từ phong cách đậm đà, đậm chất mật đường cho đến phong cách cay, chủ yếu là hạt tiêu.",75
f46c5ee3-b147-56b6-8507-1a99fa521190,,,Ngũ cốc Granola ít béo không đường (Low-fat Sugar-free Granola),DISH,390.0,8.8,5.8,76.0,8.0,2.0,150.0,179f9c83-d8b7-4ed3-852a-438529a88828,,,"Granola không đường ít béo là một loại ngũ cốc ăn sáng biến đổi được làm từ yến mạch cán, các loại hạt và hạt, nướng với lượng dầu tối thiểu và không thêm chất ngọt. Được thiết kế dành cho người tiêu dùng quan tâm đến sức khỏe, nó vẫn giữ được kết cấu giòn của granola truyền thống trong khi cung cấp hàm lượng chất xơ cao hơn và hàm lượng calo thấp hơn trên mỗi khẩu phần. Biến thể không đường này đặc biệt phù hợp với kế hoạch quản lý cân nặng và chế độ ăn kiêng thân thiện với bệnh nhân tiểu đường, thường được dùng làm lớp phủ trên sữa chua hoặc kết hợp với sữa làm từ thực vật không đường.",75
560c80e2-af58-5a9e-9c2c-e3f5037b6a3c,,,Dưa hoàng kim (Honeydew),INGREDIENT,36.0,1.0,0.0,9.0,1.0,8.0,18.0,179f9c83-d8b7-4ed3-852a-438529a88828,,,"Honeydew là một loại dưa có ruột màu xanh nhạt thuộc họ dưa xạ hương, được nhận biết bởi vỏ màu ngà mịn và hương hoa ngọt ngào tinh tế. Không giống như dưa đỏ có vỏ dạng lưới, dịch ngọt chứa ít đường hơn một chút nhưng cung cấp khả năng hydrat hóa đáng chú ý nhờ hàm lượng nước 90%, cùng với vitamin C và kali. Trái cây thường được phục vụ tươi trong món salad trái cây, như một món ăn nhẹ ướp lạnh hoặc kết hợp với các nguyên liệu mặn như thịt đã qua xử lý để tạo sự tương phản.",75
f8517011-5b39-5917-8fcb-55f845782b16,,,Sốt ớt cay Buffalo (Buffalo Hot Sauce),DISH,0.0,0.0,0.0,0.0,0.0,0.0,3067.0,179f9c83-d8b7-4ed3-852a-438529a88828,,,"Sốt nóng trâu là một loại gia vị có vị thơm, cay vừa phải ban đầu được tạo ra cho cánh Buffalo ở New York. Không giống như nước sốt nóng làm từ giấm truyền thống, nó kết hợp sức nóng của ớt cayenne với bơ hoặc dầu để tạo ra hương vị đậm đà hơn và cảm giác ngon miệng hơn. Nước sốt này đặc biệt có hàm lượng natri cao nhưng thường ít calo trong mỗi khẩu phần và độ axit cân bằng của nó khiến nó trở nên linh hoạt để ướp protein, trộn rau hoặc tăng cường nước chấm.",75
21b7baf2-cf52-564c-9d42-4b61cf631caf,,,Sốt bít tết / Steak Sauce (Steak Sauce),DISH,95.0,1.25,0.23,22.0,1.5,9.82,1650.0,179f9c83-d8b7-4ed3-852a-438529a88828,,,"Nước sốt bít tết là một loại gia vị thơm ngon được thiết kế để bổ sung cho các loại thịt nướng hoặc nướng, với các phiên bản ngọt ngào cân bằng giữa giấm thơm và gia vị với đường hoặc mật đường caramen. Biến thể này thường chứa hàm lượng đường cao hơn nước sốt bít tết mặn truyền thống, tạo ra kết cấu bóng loáng và hương vị phong phú rất phù hợp với thịt bò, thịt gia cầm hoặc các loại thịt thay thế từ thực vật. Trong khi tăng thêm chiều sâu cho các món ăn, nó thường chứa lượng natri và đường bổ sung đáng kể trong mỗi khẩu phần, đòi hỏi việc chia khẩu phần hợp lý đối với những người dùng quan tâm đến dinh dưỡng.",75
393be43c-1849-5efa-982e-8016515b2f1b,,,Si-rô mật cây thùa / Agave (Agave Syrup),DISH,310.0,0.09,0.45,76.4,0.2,68.0,4.0,179f9c83-d8b7-4ed3-852a-438529a88828,,,"Xi-rô cây thùa là một chất làm ngọt tự nhiên được chiết xuất từ ​​cây thùa, phổ biến nhất là loài cây thùa xanh có nguồn gốc từ Mexico. Loại xi-rô giống mật ong này được chế biến từ lõi của cây và chứa nồng độ fructose cao, khiến nó ngọt hơn đường ăn truyền thống với chỉ số đường huyết thấp hơn. Mặc dù thường được tiếp thị như một chất thay thế có lợi cho sức khỏe so với các chất làm ngọt khác, nhưng hàm lượng fructose cao và tính chất đã qua chế biến khiến nó có thể so sánh về mặt dinh dưỡng với các chất làm ngọt tinh chế khác.",75
9b4ae5ef-be61-5426-8c90-c90063ec5f28,,,Ngũ cốc Cheerios vị bí đỏ gia vị (Pumpkin Spice Cheerios),INGREDIENT,389.0,8.3,6.94,80.6,8.3,30.6,417.0,179f9c83-d8b7-4ed3-852a-438529a88828,,,"Pumpkin Spice Cheerios là loại ngũ cốc yến mạch nguyên hạt theo mùa có hương vị quế, nhục đậu khấu, gừng và đinh hương để tái tạo hương vị gia vị bí ngô cổ điển. Trong khi vẫn duy trì định dạng hình chữ O đặc trưng của Cheerios nguyên bản, phiên bản ngọt ngào này tăng thêm sự ấm áp của mùa thu thông qua hỗn hợp gia vị và lớp phủ đường màu nâu nhạt. Ngũ cốc không chứa gluten cung cấp 3g chất xơ mỗi khẩu phần nhưng chứa lượng đường bổ sung nhiều hơn 50% so với Cheerios thông thường, cân bằng hương vị hoài cổ với các cân nhắc về dinh dưỡng.",75
e7142e35-f23a-5e30-8c78-62d085ba2d48,,,Sốt cà chua cay Arrabbiata (Arrabbiata Sauce),DISH,100.0,1.0,8.0,6.0,1.5,4.5,220.0,179f9c83-d8b7-4ed3-852a-438529a88828,,,"Sốt Arrabbiata là một loại nước sốt mì Ý cay nồng đặc trưng bởi sự kết hợp đậm đà của cà chua, tỏi và ớt. Cái tên 'arrabbiata' (có nghĩa là 'tức giận' trong tiếng Ý) phản ánh sức nóng đặc trưng của nó từ những mảnh ớt đỏ, giúp phân biệt nó với các loại nước sốt làm từ cà chua nhẹ hơn. Được đun sôi theo cách truyền thống để cô đặc hương vị, loại nước sốt đặc này bám rất tốt vào các hình dạng mì ống như penne và rigatoni. Là một chế phẩm làm từ thực vật, nó cung cấp một lựa chọn thay thế ít calo hơn cho nước sốt kem trong khi vẫn thuần chay tự nhiên và không chứa gluten.",75
d62774b6-c3e5-5e93-8873-86db65415c6c,,,Si-rô vani không đường (Sugar-Free Vanilla Syrup),DISH,0.0,0.0,0.0,0.0,0.0,0.0,17.0,179f9c83-d8b7-4ed3-852a-438529a88828,,,"Xi-rô vani không đường là một loại hương liệu không chứa calo được làm bằng chất làm ngọt nhân tạo được thiết kế để mô phỏng hương vị và vị ngọt của xi-rô vani truyền thống. Loại đồ uống bổ sung này thường được sử dụng trong đồ uống cà phê, cocktail và món tráng miệng như một chất thay thế thân thiện với bệnh tiểu đường hoặc ít calo cho xi-rô làm từ đường. Chất lỏng thường chứa nước, chất làm ngọt nhân tạo như sucralose hoặc aspartame, hương vani tự nhiên và nhân tạo cũng như chất bảo quản để duy trì sự ổn định khi bảo quản.",75
2fb574a6-b8b0-5ac2-abe1-5537b7af1f7a,,,Bạc hà cay / Peppermint (Peppermint),INGREDIENT,70.0,3.75,0.94,14.9,8.0,4.0,31.0,179f9c83-d8b7-4ed3-852a-438529a88828,,,"Bạc hà là một loại thảo mộc thơm nồng nàn, đặc trưng bởi cảm giác mát lạnh mãnh liệt và hương vị tinh dầu bạc hà mạnh mẽ, giúp phân biệt nó với các loại bạc hà khác. Lá tươi chứa các hợp chất tự nhiên bao gồm tinh dầu bạc hà và menthone, góp phần tạo nên hương vị đặc biệt và lợi ích tiêu hóa tiềm năng. Loại thảo mộc có hàm lượng calo thấp này thường được sử dụng trong các loại trà, món tráng miệng và ẩm thực Địa Trung Hải, với lá tươi mang lại hương vị và đặc tính thơm mạnh mẽ nhất.",75
f23fed98-526e-5834-9082-e2a49af76a03,,,Si-rô mật cây thùa màu nhạt (Light Agave Syrup),DISH,286.0,0.0,0.0,76.0,0.0,76.0,0.0,179f9c83-d8b7-4ed3-852a-438529a88828,,,"Xi-rô cây thùa nhẹ là chất làm ngọt tự nhiên có nguồn gốc từ cây thùa xanh thông qua quá trình xử lý enzyme trong nước ép của nó. Chất làm ngọt dạng lỏng màu hổ phách nhạt này ngọt hơn đáng kể so với đường truyền thống đồng thời có chỉ số đường huyết thấp hơn, khiến lượng đường trong máu ít biến động mạnh hơn. Đặc điểm hương vị trung tính và độ đặc của chất lỏng khiến nó đặc biệt thích hợp với đồ uống lạnh và bánh nướng, mặc dù nó chứa nhiều đường fructose hơn các chất làm ngọt thông thường.",75
7fd42647-2ef9-5501-b795-c71d0255a444,,,Tương cà chua không thêm muối (No Salt Added Ketchup),INGREDIENT,147.0,0.0,0.0,29.0,0.0,29.0,29.0,179f9c83-d8b7-4ed3-852a-438529a88828,,,"Sốt cà chua không thêm muối là một loại gia vị làm từ cà chua được pha chế đặc biệt không có natri clorua để hỗ trợ nhu cầu ăn kiêng giảm natri. Nó duy trì hương vị ngọt và thơm đặc trưng của sốt cà chua truyền thống thông qua sự pha trộn của cà chua, giấm và chất làm ngọt, đồng thời loại bỏ muối bổ sung trong quá trình chế biến. Phiên bản này cung cấp một lựa chọn thiết thực cho những cá nhân đang quản lý các vấn đề về tăng huyết áp hoặc tim mạch, mang đến kết cấu dày quen thuộc và tính linh hoạt trong các món ăn như bánh mì kẹp thịt và khoai tây chiên.",75
cdd439b9-7c8a-5940-997d-92a7bff14ffb,,,Sốt Teriyaki giảm natri (Reduced Sodium Teriyaki Sauce),DISH,89.0,5.93,0.02,15.6,0.1,14.1,1780.0,179f9c83-d8b7-4ed3-852a-438529a88828,,,"Sốt teriyaki ít natri là một loại gia vị ngọt lấy cảm hứng từ Nhật Bản, duy trì sự cân bằng đặc trưng giữa vị umami thơm ngon và vị ngọt caramen trong khi chứa lượng muối ít hơn ít nhất 25% so với phiên bản truyền thống. Phiên bản này thường đạt được hàm lượng natri thấp hơn thông qua nước tương biến tính hoặc chất làm ngọt bổ sung như mật ong hoặc đường nâu, khiến nó trở thành một lựa chọn thiết thực để tạo hương vị cho các món xào, nước xốt và protein nướng mà không vượt quá mục tiêu natri hàng ngày. Nước sốt vẫn giữ được kết cấu bóng, sền sệt và hương vị phức tạp nhưng có thể có vị ngọt hơn một chút so với teriyaki tiêu chuẩn.",75
64fbca6a-0d3c-5944-a529-90883969203b,,,Sốt BBQ vị ớt xông khói Chipotle (Chipotle Barbecue Sauce),DISH,210.0,1.0,0.0,50.0,0.0,44.7,1300.0,179f9c83-d8b7-4ed3-852a-438529a88828,,,"Nước sốt thịt nướng Chipotle là một loại gia vị ngọt pha trộn ớt jalapeño hun khói với các thành phần nước sốt thịt nướng truyền thống như cà chua, giấm và chất làm ngọt. Sự cân bằng đặc trưng của nhiệt khói từ khoai tây chiên và vị ngọt caramen khiến nó trở nên lý tưởng để tráng men các loại thịt nướng hoặc tăng cường vị cho bánh mì sandwich, trong khi lượng đường bổ sung góp phần đáng kể vào hàm lượng carbohydrate của nó. Nước sốt này phản ánh sự kết hợp giữa hương vị ớt lấy cảm hứng từ Mexico với truyền thống thịt nướng của Mỹ, mang đến sự phức tạp hơn so với các loại thịt nướng tiêu chuẩn.",75
0ff40ab6-ef10-5e23-8c05-6d875ec4d9e9,,,"Hạt hướng dương vị BBQ rang muối (BBQ Flavored Sunflower Seeds, Salted)",INGREDIENT,633.0,23.3,53.3,16.7,8.7,4.0,633.0,179f9c83-d8b7-4ed3-852a-438529a88828,,,"Hạt hướng dương có hương vị BBQ, muối là những hạt hướng dương rang được phủ một lớp hỗn hợp gia vị thịt nướng thơm và có mùi khói và muối. Mặc dù giàu chất béo không bão hòa có lợi cho tim và protein từ thực vật một cách tự nhiên, nhưng các hương liệu bổ sung làm cho loại hạt này có hàm lượng natri cao hơn đáng kể so với hạt hướng dương không muối. Hạt vẫn giữ được độ giòn và tính di động đặc trưng như một món ăn nhẹ nhưng yêu cầu những người quản lý lượng muối tiêu thụ một cách thận trọng.",75
60f35ac8-cc19-5068-a7e5-e8f7b6d66b09,,,Tương cà chua ít đường (Low-Sugar Ketchup),DISH,65.0,1.4,0.1,12.0,0.0,11.0,900.0,179f9c83-d8b7-4ed3-852a-438529a88828,,,"Sốt cà chua ít đường là một loại gia vị được điều chế lại để chứa ít đường hơn 50-90% so với các phiên bản truyền thống, thường sử dụng chất làm ngọt như stevia, trái cây thầy tu hoặc allulose để duy trì hương vị ngọt ngào cân bằng. Nước sốt làm từ cà chua này vẫn giữ được kết cấu đặc, mịn của sốt cà chua cổ điển trong khi cung cấp ít carbohydrate và calo hơn trong mỗi khẩu phần, khiến nó phù hợp với chế độ ăn kiêng low-carb, ketogen hoặc bệnh tiểu đường. Nhiều loại giữ được độ chua đặc trưng từ giấm và gia vị, đảm bảo khả năng tương thích với bánh mì kẹp thịt, khoai tây chiên và các món mặn khác.",75
d9c080af-72db-55da-beae-883db836ba70,,,Sốt ớt cay xông khói Chipotle (Chipotle Hot Sauce),DISH,46.0,0.0,1.5,8.0,1.0,6.0,1050.0,179f9c83-d8b7-4ed3-852a-438529a88828,,,"Sốt nóng Chipotle là một loại gia vị lấy cảm hứng từ Mexico được làm từ ớt jalapeño sấy khô khói, mang lại sự cân bằng đặc trưng giữa vị khói đất và nhiệt độ vừa phải. Không giống như tương ớt tươi, hương vị của nó phát triển thông qua quá trình ủ và hun khói truyền thống, tạo ra các nốt umami phức tạp cùng với 30.000–50.000 đơn vị cay Scoville. Loại nước sốt đa năng này tạo thêm độ sâu cho các món xốt, bánh tét và các món ăn có nguồn gốc thực vật trong khi vẫn giữ được lượng calo thấp và thường không thêm đường hoặc phụ gia nhân tạo.",75
6f1342d2-d606-52fa-822f-96e3788780a2,,,Hỗn hợp gia vị ướp thịt gia cầm (Poultry Spice Blend),INGREDIENT,307.0,9.59,7.53,65.6,11.3,1.8,27.0,179f9c83-d8b7-4ed3-852a-438529a88828,,,"Hỗn hợp gia vị gia cầm là hỗn hợp gia vị mặn được pha chế đặc biệt để tăng hương vị của thịt gà, gà tây và các loại gia cầm khác. Điển hình là kết hợp các loại thảo mộc như húng tây, cây xô thơm và hương thảo với các loại gia vị như bột tỏi, bột hành tây và hạt tiêu đen, nó mang lại hương vị đậm đà mà không cần thêm calo, đồng thời cho phép người dùng kiểm soát nồng độ natri so với gia vị ướp muối trước. Hỗn hợp làm từ thực vật này thường được sử dụng làm chất nền chà xát hoặc ướp khô để rang, nướng hoặc áp chảo, cung cấp một giải pháp thay thế không chứa gluten cho các hương liệu làm từ nước sốt đã qua chế biến.",75
1d0cb98e-631b-5bea-8165-7b0c66a47e9e,,,Mật ong hoa dại nguyên chất (Raw Wildflower Honey),INGREDIENT,320.0,0.3,0.0,82.0,0.0,81.0,8.0,179f9c83-d8b7-4ed3-852a-438529a88828,,,"Mật ong hoa dại thô là chất làm ngọt chưa qua chế biến được làm từ mật hoa của nhiều loài thực vật có hoa, giữ lại các enzym tự nhiên, phấn hoa và chất chống oxy hóa bị mất đi trong quá trình chế biến mật ong thương mại. Hương vị của nó thay đổi theo mùa dựa trên sự nở hoa ở địa phương, thường có hương thảo mộc với xu hướng phát triển sự kết tinh mịn, tự nhiên theo thời gian. Loại mật ong được lọc tối thiểu này đóng vai trò như một chất thay thế giàu chất dinh dưỡng cho đường tinh luyện, chứa một lượng nhỏ vitamin, khoáng chất và các hợp chất kháng khuẩn.",75
47b8e846-1af9-5520-8a97-7394fc98eb79,,,Xúc xích Pepperoni thịt gà tây (Turkey Pepperoni),DISH,243.0,31.0,11.5,3.78,0.0,0.0,1860.0,179f9c83-d8b7-4ed3-852a-438529a88828,,,"Pepperoni Thổ Nhĩ Kỳ là một lựa chọn thay thế nạc hơn cho pepperoni truyền thống làm từ thịt lợn, được làm từ thịt gà tây đã qua xử lý, tẩm gia vị và trải qua quá trình hun khói để có hương vị đặc trưng. Phiên bản nấu chín này cung cấp vị cay đặc trưng của ớt bột và tỏi kết hợp với pepperoni, nhưng với lượng chất béo bão hòa và calo ít hơn đáng kể trong mỗi khẩu phần. Những viên tròn được cắt sẵn vẫn giữ được hình dạng khi được làm nóng, khiến chúng trở thành một lựa chọn phổ biến để làm lớp phủ bánh pizza ít béo hơn trong khi vẫn cung cấp hàm lượng protein đáng kể.",75
f3c94574-58d8-5b70-a6c0-028b2a11a705,,,Đường bột làm bánh (Powdered Sugar),INGREDIENT,389.0,0.0,0.0,99.8,0.0,97.8,2.0,179f9c83-d8b7-4ed3-852a-438529a88828,,,"Đường bột (còn gọi là đường bột hoặc đường bột) là một loại đường sucrose được nghiền mịn có chứa 3-5% bột ngô để chống vón cục. Kết cấu siêu mịn này cho phép hòa tan ngay lập tức trong chất lỏng lạnh, rất cần thiết cho các loại kem phủ mịn, men và tráng miệng trong món tráng miệng nơi đường cát sẽ tạo ra độ nhám. Mặc dù về mặt dinh dưỡng tương tự như đường thông thường, nhưng việc bổ sung thêm bột ngô đòi hỏi phải điều chỉnh công thức khi thay thế bằng các món nướng.",75
645d5eea-6c63-5865-b5a0-75591953e564,,,Giấm vang trắng (White Wine Vinegar),INGREDIENT,13.0,0.0,0.0,3.3,0.0,3.3,2.0,179f9c83-d8b7-4ed3-852a-438529a88828,,,"Giấm rượu vang trắng là một loại gia vị có vị chua, thơm được sản xuất thông qua quá trình lên men rượu vang trắng, trong đó rượu chuyển thành axit axetic trong quá trình hai bước. Chất lỏng màu vàng nhạt này mang lại vị chua đậm đà nhưng có vị trái cây, mang nhiều sắc thái hơn giấm chưng cất nhưng sáng hơn balsamic, khiến nó trở nên lý tưởng cho các loại dầu giấm, nước xốt và nước sốt lấy cảm hứng từ Pháp. Chỉ với 2-3 calo mỗi muỗng canh, nó tăng thêm hương vị sống động cho các món ăn đồng thời cung cấp lượng carbohydrate và natri tối thiểu. Tự nhiên không chứa gluten và thuần chay, loại giấm này giữ lại dấu vết chất chống oxy hóa từ gốc rượu thông qua quá trình lên men có kiểm soát.",75
15d7455c-b3af-5216-acfa-9431bea4bc4f,,,Sốt Salsa ớt xông khói Chipotle (Chipotle Salsa),DISH,32.3,0.0,0.0,3.23,0.0,3.23,677.0,179f9c83-d8b7-4ed3-852a-438529a88828,,,"Chipotle salsa là một loại gia vị của Mexico được làm từ ớt jalapeño sấy khô khói trộn với cà chua, tỏi và gia vị. Quá trình hun khói mang lại hương vị khói đặc biệt và nhiệt độ vừa phải, được cân bằng bởi độ axit của cà chua, khiến nó trở nên phổ biến như một loại nước sốt và nước xốt. Mặc dù thường có lượng calo thấp nhưng các phiên bản thương mại có thể chứa natri đáng kể và hàm lượng capsaicin của nó mang lại lợi ích trao đổi chất tiềm năng. Loại salsa đa năng này tạo thêm chiều sâu cho món tacos, thịt nướng và các món ăn làm từ thực vật.",75
af7802cb-0295-58ad-b21a-c35644a08804,,,Nước tương đậm đặc / Hắc xì dầu (Dark Soy Sauce),DISH,148.0,6.1,0.0,31.0,0.0,31.0,7590.0,179f9c83-d8b7-4ed3-852a-438529a88828,,,"Nước tương đen là một loại gia vị của Trung Quốc được phân biệt bởi vị umami đậm đà, kết cấu sền sệt và màu gỗ gụ đậm. Được sản xuất thông qua quá trình lên men kéo dài của đậu nành và lúa mì có thêm caramel hoặc mật đường, nó chứa ít natri hơn một chút nhưng lại ngọt hơn nước tương thông thường. Chủ yếu được sử dụng để thêm màu sắc phong phú và độ sâu phức tạp cho các món om, món xào và nước xốt, hương vị đậm đặc của nó cần lượng nhỏ hơn để đạt được hiệu ứng gia vị đậm đà.",75
993530e3-debd-513f-a02e-54854944ed40,,,Giấm gạo (Rice Vinegar),INGREDIENT,0.0,0.0,0.0,0.0,0.0,0.0,0.0,179f9c83-d8b7-4ed3-852a-438529a88828,,,"Giấm gạo là một loại giấm nhẹ, hơi ngọt được sản xuất bằng cách lên men đường trong gạo, một quá trình trọng tâm trong truyền thống ẩm thực Đông Á. Với độ axit 4-5%—thấp hơn giấm trắng hoặc giấm táo của phương Tây—nó vượt trội trong các ứng dụng tinh tế như nêm cơm sushi, chế biến các loại nước xốt cân bằng và ngâm rau nhanh. Loại gia vị không chứa gluten này bổ sung độ axit sáng mà không gây gắt, với các loại có màu sẫm hơn như giấm gạo đen mang lại độ phức tạp sâu hơn, giống mạch nha.",75
1fb88551-3efb-596e-8af8-7f4e8a0da9fc,,,Sốt chấm sữa chua vị tỏi và thảo mộc (Garlic Herb Yogurt Dip),INGREDIENT,100.0,9.2,5.0,4.0,0.0,4.0,80.0,179f9c83-d8b7-4ed3-852a-438529a88828,,,"Sữa chua nhúng tỏi thảo mộc là một loại gia vị thơm, giàu men vi sinh được làm bằng cách trộn sữa chua nguyên chất với tỏi tươi và các loại thảo mộc cắt nhỏ như thì là, rau mùi tây hoặc hẹ. Loại nước chấm đa năng này cung cấp một giải pháp thay thế nhẹ nhàng hơn cho các loại nước sốt làm từ kem, cung cấp lượng protein và canxi đáng kể với ít chất béo hơn đáng kể so với các phiên bản sốt mayonnaise hoặc kem chua. Hương vị tươi sáng, thơm của nó bổ sung cho rau sống, thịt nướng và các món ăn kiểu Địa Trung Hải trong khi vẫn không chứa gluten tự nhiên và thân thiện với người ăn chay.",75
33da1bb7-b2db-5c2c-9c12-c5474a0cc3c4,,,Đường nâu Demerara (Demerara Sugar),DISH,399.0,0.0,0.0,99.8,0.0,99.8,2.0,179f9c83-d8b7-4ed3-852a-438529a88828,,,"Đường Demerara là một loại đường mía được chế biến tối thiểu có nguồn gốc từ vùng Demerara của Guyana, được biết đến với các tinh thể lớn, màu vàng và hương vị caramel tinh tế. Quá trình tinh chế một phần của nó giữ lại mật đường tự nhiên, cung cấp khoáng chất vi lượng trong khi vẫn duy trì thành phần dinh dưỡng tương đương với đường trắng thông thường. Kết cấu thô chống lại sự hòa tan hoàn toàn, khiến nó trở nên phổ biến để rắc lên các món nướng hoặc làm ngọt đồ uống nóng, nơi độ giòn của nó giúp tăng cường cả hương vị và cách trình bày.",75
be65cc45-e8bb-53cb-b498-1942c54b5409,,,Salad khoai tây sốt dầu giấm (Potato Salad with Vinegar Dressing),INGREDIENT,150.0,2.5,8.0,20.0,2.5,2.0,150.0,179f9c83-d8b7-4ed3-852a-438529a88828,,,"Salad khoai tây với nước sốt giấm là một món ăn kèm ướp lạnh thay thế sốt mayonnaise bằng hỗn hợp thơm của giấm, dầu và gia vị. Được chế biến bằng cách cho khoai tây luộc — thường còn vỏ để bổ sung chất xơ — với nước sốt khi còn ấm, phiên bản này hấp thụ hương vị đậm đà hơn so với các biến thể dạng kem. Cơ sở giấm tạo ra một lựa chọn thay thế nhẹ hơn, ít chất béo hơn, có thể phù hợp với chế độ ăn thuần chay khi chế biến không có sản phẩm động vật, đồng thời duy trì đặc tính tinh bột thỏa mãn của món salad khoai tây.",75
e14af171-3b76-565b-9689-850cb32bd59c,,,"Hạt bí không muối (Pumpkin Seeds, Unsalted)",INGREDIENT,555.0,29.9,40.0,18.7,5.08,1.3,0.0,179f9c83-d8b7-4ed3-852a-438529a88828,,,"Hạt bí ngô (không ướp muối) là loại pepitas có vỏ được biết đến với hàm lượng magiê và kẽm phong phú, cung cấp các khoáng chất thiết yếu hỗ trợ chức năng miễn dịch và sức khỏe của xương. Những hạt rang thô hoặc rang khô này cung cấp nguồn protein thực vật đậm đặc và chất béo không bão hòa có lợi cho tim mà không cần thêm natri. Hương vị hấp dẫn nhẹ và độ giòn vừa miệng khiến chúng trở thành một món ăn nhẹ đa năng và là loại phủ phổ biến cho món salad, bột yến mạch và bát sữa chua.",75
06d2f04d-3274-5493-829f-594159232f66,,,Ngũ cốc Granola yến mạch không Gluten không đường (Gluten-Free Sugar-Free Oat Granola),DISH,410.0,11.0,12.0,65.0,10.0,1.0,40.0,179f9c83-d8b7-4ed3-852a-438529a88828,,,"Granola yến mạch không đường không chứa gluten là một loại ngũ cốc ăn sáng hoặc đồ ăn nhẹ được làm từ yến mạch không chứa gluten đã được chứng nhận kết hợp với các loại hạt, hạt và gia vị, nướng thành từng cụm giòn mà không thêm chất làm ngọt. Phiên bản không đường này dựa trên các thành phần như quế, vani hoặc các loại hạt nướng để tạo hương vị tự nhiên, cung cấp nguồn carbohydrate phức hợp nhiều chất xơ giúp giải phóng năng lượng bền vững. Công thức của nó phục vụ cho những người nhạy cảm với gluten và những người quản lý lượng đường trong khi vẫn duy trì kết cấu thơm ngon và tính linh hoạt của granola truyền thống.",75
47995557-a3cc-5056-9d1b-6c851ebdab09,,,Sốt cà chua ô liu Puttanesca (Putanesca Sauce),DISH,70.0,3.0,4.0,5.0,1.5,3.5,550.0,179f9c83-d8b7-4ed3-852a-438529a88828,,,"Sốt Putanesca là một loại nước sốt mì Ý đậm đà, đặc trưng bởi hương vị đậm đà, đậm đà vị umami từ ô liu, nụ bạch hoa, cá cơm và cà chua ninh với tỏi và ớt. Loại nước sốt nấu nhanh này có được độ đậm đà thơm ngon từ các nguyên liệu được bảo quản, tạo ra vị cay nồng kết hợp chặt chẽ với các hình dạng mì ống dài như mì spaghetti. Mặc dù cung cấp lượng chất béo và protein có nguồn gốc thực vật khiêm tốn từ cá cơm, nhưng hàm lượng natri cao từ các thành phần đã được xử lý cần phải được cân nhắc đối với những người theo dõi lượng muối hoặc theo chế độ ăn chay.",75
4f944946-94ab-546b-971f-d2d947749c30,,,Đường xay siêu mịn (Superfine Sugar),INGREDIENT,375.0,0.0,0.0,100.0,0.0,100.0,0.0,179f9c83-d8b7-4ed3-852a-438529a88828,,,"Đường siêu mịn là loại đường được nghiền mịn với các tinh thể siêu nhỏ hòa tan nhanh chóng trong chất lỏng và bột nhão. Còn được gọi là đường bánh mì hoặc đường làm bánh, nó duy trì mật độ calo tương tự như đường thông thường nhưng được chế biến đặc biệt để kết hợp nhanh chóng trong các món nướng, bánh trứng đường và cocktail tinh tế. Kết cấu tinh chế đảm bảo phân phối đều trong các công thức nấu ăn mà không làm thay đổi thành phần cơ bản của chất làm ngọt là carbohydrate nguyên chất.",75
d4eb2d76-9ada-52de-bfab-0e95c1b6474e,,,Sốt siêu cay (Extra Hot Sauce),DISH,11.0,0.5,0.37,1.5,0.5,1.0,4200.0,179f9c83-d8b7-4ed3-852a-438529a88828,,,"Extra Hot Sauce là một loại gia vị thơm ngon được làm từ ớt và giấm, nổi bật bởi mức độ cay cao vượt xa đáng kể so với nước sốt nóng tiêu chuẩn. Chất tăng cường hương vị ít calo này có đặc tính bốc lửa từ capsaicin đậm đặc, một hợp chất liên quan đến kích thích trao đổi chất, mặc dù nó thường chứa đáng kể natri. Nước sốt thường được sử dụng một cách tiết kiệm để tăng thêm độ nóng cho các món ăn từ tacos đến nước xốt, với một số loại được lên men để phát triển các hương vị phức tạp ngoài vị cay đơn giản.",75
c4dac364-bbb0-5fcb-b8b9-5f0f3d0cd8ed,,,Mật ong hoa keo Acacia (Acacia Honey),DISH,304.0,0.3,0.0,82.4,0.2,82.1,6.0,179f9c83-d8b7-4ed3-852a-438529a88828,,,"Mật ong keo là loại mật ong đơn hoa cao cấp được sản xuất chủ yếu từ mật hoa của cây bồ kết đen (thường gọi là keo giả). Màu vàng nhạt và vị ngọt hoa đặc biệt nhẹ giúp phân biệt nó với các loại mật ong sẫm màu hơn, đậm đà hơn, trong khi hàm lượng fructose cao mang lại cho nó một kết cấu mịn và khả năng chống kết tinh. Loại mật ong này được ưa chuộng để làm ngọt đồ uống và nước sốt mà không lấn át các hương vị khác, đồng thời hàm lượng phấn hoa thấp khiến nó trở thành lựa chọn thường xuyên cho những người đang tìm kiếm các lựa chọn mật ong ít gây dị ứng.",75
9a4503d3-3a90-5538-a957-9203a3b45593,,,Chất thay thế đường nâu (Brown Sugar Substitute),DISH,347.0,2.06,0.0,84.77,0.6,4.03,572.0,179f9c83-d8b7-4ed3-852a-438529a88828,,,"Chất thay thế đường nâu là hỗn hợp chất làm ngọt có hàm lượng calo thấp được thiết kế để tái tạo kết cấu ẩm và hương vị giống caramel của đường nâu truyền thống. Thường được làm từ erythritol, stevia hoặc trái cây thầy tu kết hợp với chất xơ hoặc chiết xuất mật đường, nó cung cấp lượng carbohydrate ít hơn 70-90% so với đường nâu thông thường trong khi vẫn duy trì chức năng nướng bánh. Chất thay thế dựa trên thực vật này hòa tan hiệu quả trong các công thức nấu ăn và phù hợp với chế độ ăn kiêng thân thiện với bệnh nhân tiểu đường hoặc chế độ ăn ketogen, mặc dù một số hỗn hợp có thể yêu cầu tỷ lệ chất lỏng được điều chỉnh để có kết quả tối ưu.",75
dc3cb9d8-2235-50ab-b811-9d735e8c0465,,,Sốt ớt xanh (Green Chili Sauce),DISH,20.0,0.7,0.1,5.0,1.9,2.55,25.0,179f9c83-d8b7-4ed3-852a-438529a88828,,,"Tương ớt xanh là một loại gia vị thơm ngon được làm chủ yếu từ ớt xanh tươi trộn với các nguyên liệu như cà chua, tỏi và nước cốt chanh. Loại nước sốt sống động này mang lại hương vị đậm đà với lượng calo tối thiểu, mặc dù các phiên bản thương mại thường chứa lượng natri đáng kể. Là món thuần chay tự nhiên và không chứa gluten, nó vừa đóng vai trò như một loại gia vị phủ trên các món tacos và enchilada vừa làm nước xốt trong các món ăn Mexico và Tây Nam, trong khi hàm lượng capsaicin từ ớt có thể mang lại lợi ích trao đổi chất nhẹ.",75
b0c2d897-95e8-5df8-b9ac-f6c389c3d61d,,,Sữa chua lên men Kefir không thêm đường (No Sugar Added Kefir),DISH,43.0,3.79,1.02,4.77,0.0,4.61,40.0,179f9c83-d8b7-4ed3-852a-438529a88828,,,"Kefir không thêm đường là một loại đồ uống từ sữa lên men không đường, duy trì các lợi ích về lợi khuẩn của kefir truyền thống mà không cần thêm chất làm ngọt. Thức uống thơm, sủi bọt nhẹ này chứa lượng đường sữa tự nhiên được giảm bớt qua quá trình lên men, dẫn đến hàm lượng carbohydrate thấp hơn và cải thiện khả năng tiêu hóa cho những người nhạy cảm với đường sữa. Hương vị chua đặc trưng và độ đặc giống như sữa chua khiến nó đặc biệt thích hợp với chế độ ăn ít đường đồng thời cung cấp cùng loại vi khuẩn thân thiện với đường ruột được tìm thấy trong kefir thông thường.",75
da1a7807-f05c-5660-ba4c-9057ed8f5c21,,,Nước tương đậu nành Tamari (Tamari Soy Sauce),DISH,60.0,10.5,0.1,5.57,0.8,1.7,5590.0,179f9c83-d8b7-4ed3-852a-438529a88828,,,"Tamari là một loại nước tương kiểu Nhật Bản truyền thống được làm như một sản phẩm phụ của quá trình lên men tương miso, chứa ít hoặc không chứa lúa mì để thay thế không chứa gluten cho nước tương thông thường. Với hương vị umami đậm đà hơn và ít mặn hơn một chút so với các sản phẩm Trung Quốc, nó có được độ sâu từ nồng độ đậu nành cao hơn trong khi vẫn duy trì mức natri tương đương. Loại gia vị mịn, sẫm màu này đóng vai trò như một chất tăng hương vị linh hoạt trong các món ướp, món xào và chế độ ăn không chứa gluten.",75
94f43149-2b64-5826-8044-4736007c393f,,,Rau húng tây ngọt / Sweet Basil (Sweet Basil),INGREDIENT,22.5,3.0,0.64,2.65,1.6,0.3,6.0,179f9c83-d8b7-4ed3-852a-438529a88828,,,"Húng quế ngọt là một loại thảo mộc ẩm thực có mùi thơm thuộc họ bạc hà, được đánh giá cao nhờ những chiếc lá màu xanh tươi và hương vị ngọt ngào, hơi cay với những nốt hương tinh tế giống như đinh hương. Là loại húng quế chính được sử dụng trong ẩm thực Địa Trung Hải, nó rất cần thiết cho các món ăn cổ điển như salad pesto và caprese. Lá tươi cung cấp chất chống oxy hóa đậm đặc và vitamin K, nhưng dầu dễ bay hơi của chúng sẽ tiêu tan khi đun nóng kéo dài, tốt nhất nên thêm chúng ở dạng sống hoặc vào cuối quá trình nấu để tối đa hóa hương vị.",75
0154dc97-11f9-5125-a5d9-ed13f69a4de6,,,Ớt cay Serrano (Serrano Peppers),INGREDIENT,32.0,1.74,0.44,6.7,3.7,3.83,10.0,179f9c83-d8b7-4ed3-852a-438529a88828,,,"Ớt Serrano là loại ớt có nhiệt độ trung bình có nguồn gốc từ Mexico, thường đo được 10.000–25.000 Đơn vị Nhiệt Scoville – nóng hơn khoảng 5–10 lần so với ớt jalapeños. Những quả ớt mảnh, dài 1–4 inch này chuyển từ màu xanh sang màu đỏ khi chín hoàn toàn và được đánh giá cao cả về kết cấu giòn cũng như nồng độ vitamin C và capsaicin tăng cường trao đổi chất. Thường được sử dụng tươi trong món salsas, món ngâm chua hoặc nấu thành món hầm, chúng mang lại sức nóng rực rỡ mà không gây quá nhiều gia vị khi gieo hạt.",75
54778545-dc8f-530e-9bea-0b97597cb828,,,Đường thô Turbinado (Turbinado Sugar),DISH,399.0,0.0,0.0,99.8,0.0,99.2,3.0,179f9c83-d8b7-4ed3-852a-438529a88828,,,"Đường Turbinado là một loại đường mía được chế biến tối thiểu, đặc trưng bởi màu vàng nhạt và tinh thể khô, thô. Được sản xuất bằng cách ly tâm nước mía ép tươi (một quá trình được nhắc đến trong tên của nó từ 'turbina' của Tây Ban Nha), nó giữ lại một lượng mật đường mang lại hương vị caramel tinh tế. Mặc dù về mặt dinh dưỡng tương tự như đường trắng về hàm lượng calo và carbohydrate, nhưng các tinh thể lớn của nó khiến nó trở nên lý tưởng để rắc lên các món nướng hoặc hòa tan trong đồ uống, thường được tiếp thị là 'đường thô' mặc dù đã trải qua quá trình tinh chế một phần.",75
4b7561bf-5e59-55c5-b33f-cfc570fe4844,,,Bánh mì baguette nướng thảo mộc (Herb Baguette),INGREDIENT,300.0,9.3,4.5,55.0,2.7,1.2,500.0,179f9c83-d8b7-4ed3-852a-438529a88828,,,"Herb baguette là một loại bánh mì men kiểu Pháp nổi bật bởi lớp vỏ vàng giòn, bên trong thoáng mát và hương thơm của các loại thảo mộc khô như hương thảo, húng tây hoặc oregano. Biến thể thơm ngon của bánh mì baguette truyền thống này có được hương vị đất tinh tế từ các loại thảo mộc được nhào trực tiếp vào bột, trong khi vẫn duy trì đặc tính giàu carbohydrate của bánh mì bột mì trắng. Thường được dùng làm món ăn kèm với súp hoặc salad, nó cung cấp dấu vết chống oxy hóa từ các loại thảo mộc bổ sung nhưng vẫn ít chất xơ trừ khi được làm bằng bột ngũ cốc nguyên hạt.",75
3d263558-5517-5994-aab0-0d94b35909b8,,,Si-rô cây phong Hạng B (Grade B Maple Syrup),DISH,260.0,0.04,0.06,67.0,0.0,60.5,10.0,179f9c83-d8b7-4ed3-852a-438529a88828,,,"Xi-rô cây phong loại B (hiện được phân loại là Màu đậm loại A, Hương vị đậm đà) là chất làm ngọt được xử lý tối thiểu bằng cách cô đặc nhựa cây từ cây phong đường qua quá trình đun sôi kéo dài. Màu hổ phách đậm và hương vị caramen đậm đà, giàu chất chống oxy hóa và khoáng chất như mangan và kẽm hơn các loại nhẹ hơn, khiến nó trở nên lý tưởng để nướng và tráng men. Mặc dù nó cung cấp các chất dinh dưỡng vi lượng không có trong đường tinh luyện, nhưng nó vẫn là chất làm ngọt có hàm lượng carbohydrate cao, tốt nhất nên sử dụng một cách tiết kiệm.",75
119c5890-39e9-5982-b125-3169a6c61863,,,"Bơ hạt hướng dương có muối (Sunflower Seed Butter, Salted)",INGREDIENT,617.0,17.3,55.2,23.3,5.7,10.5,331.0,179f9c83-d8b7-4ed3-852a-438529a88828,,,"Bơ hạt hướng dương là một loại bơ không chứa hạt được làm từ hạt hướng dương rang, mang lại kết cấu kem với hương đất tinh tế và vị mặn tự nhiên. Loại thay thế bơ đậu phộng này cung cấp đáng kể vitamin E và magie đồng thời thân thiện với chất gây dị ứng đối với những người tránh dùng các loại hạt cây. Phiên bản muối có chứa thêm natri để tăng hương vị và kết cấu hơi sần sùi của nó phù hợp với bánh mì sandwich, sinh tố hoặc dùng làm món chấm.",75
f9c4f120-7326-59b3-a2be-7a3bf62616ca,,,Sốt nướng BBQ kiểu Memphis (Memphis Style Sauce),DISH,166.67,0.0,0.0,36.67,1.67,33.33,730.0,179f9c83-d8b7-4ed3-852a-438529a88828,,,"Sốt phong cách Memphis là một loại nước sốt thịt nướng đặc biệt của vùng có đặc điểm là dạng mỏng, có vị giấm và độ ngọt vừa phải. Không giống như các loại nước sốt đặc hơn, ngọt hơn theo phong cách Thành phố Kansas, loại gia vị làm từ cà chua này nhấn mạnh hương vị thơm ngon với sự pha trộn cân bằng giữa giấm, gia vị và chất làm ngọt tối thiểu. Với khoảng 45 calo cho mỗi khẩu phần hai muỗng canh, nước sốt này cung cấp một lựa chọn ít calo để nướng thịt trong khi nấu hoặc làm nước sốt hoàn thiện, đặc biệt bổ sung cho các món thịt nướng kiểu Memphis truyền thống.",75
eedb4896-d302-5211-9af7-0396a5dc58b8,,,Ớt khô (Dried Peppers),INGREDIENT,281.0,11.9,8.2,51.4,21.6,29.8,43.0,179f9c83-d8b7-4ed3-852a-438529a88828,,,"Ớt khô là ớt tươi được bảo quản thông qua quá trình khử nước, một quá trình giúp tăng cường vị ngọt và vị cay tự nhiên của chúng đồng thời tạo ra kết cấu dai, dai. Dạng này giữ lại hàm lượng vitamin A và C đậm đặc, cùng với capsaicin—hợp chất tạo nên vị cay của chúng—và được sử dụng rộng rãi trong các hỗn hợp gia vị, món hầm và nước sốt trên khắp các nền ẩm thực toàn cầu. Tùy thuộc vào loại hạt tiêu, chúng có thể được bù nước toàn bộ, nghiền thành bột hoặc nướng để tạo ra hương vị khói phức tạp.",75
9f26df8a-c2cb-5a31-a150-5cef6c2dde0c,,,Thịt bò muối ướp tiêu Pastrami (Peppered Pastrami),DISH,147.0,21.8,5.82,0.36,0.0,0.1,1079.0,179f9c83-d8b7-4ed3-852a-438529a88828,,,"Pastrami tiêu là một loại thịt nguội được làm từ thịt ức bò được ngâm nước muối, hun khói và phủ một lớp tiêu đen nứt dày. Có nguồn gốc từ kỹ thuật bảo quản Đông Âu và được phổ biến rộng rãi trong ẩm thực Mỹ gốc Do Thái, loại thịt giàu protein này có hương vị khói đậm đà cùng vị cay cay rõ rệt. Mặc dù nó cung cấp 15-20g protein cho mỗi khẩu phần 3 ounce, nhưng hàm lượng natri của nó cao đáng kể do quá trình đóng rắn và nó thường được phục vụ với những lát mỏng trong bánh mì sandwich hoặc ván charcuterie.",75
36f93193-4554-5ce6-ac8f-0325312381c2,,,Sốt chấm mù tạt mật ong (Honey Mustard Dip),DISH,463.0,1.0,41.0,23.0,0.5,16.0,512.0,179f9c83-d8b7-4ed3-852a-438529a88828,,,"Honey Mustard Dip là một loại gia vị dạng kem trộn mật ong ngọt với mù tạt sắc, thường được trộn với sốt mayonnaise hoặc sữa chua để tạo kết cấu. Loại nước sốt đa năng này cân bằng hương vị ngọt và thơm, dùng làm món ăn kèm phổ biến cho món gà mềm, bánh quy xoắn và rau sống, mặc dù mật độ calo của nó thay đổi đáng kể tùy theo lượng đường bổ sung và hàm lượng chất béo. Trong khi các phiên bản thương mại thường chứa chất ổn định, các chế phẩm tự chế biến cho phép tùy chỉnh theo nhu cầu ăn kiêng như thay thế thuần chay hoặc thay thế ít đường.",75
401a5368-cd5e-51a6-826c-1108d50ca61b,,,Tiêu trắng / Tiêu sọ (White Pepper),INGREDIENT,296.0,10.4,2.12,68.6,26.2,0.7,5.0,179f9c83-d8b7-4ed3-852a-438529a88828,,,"Tiêu trắng là một loại gia vị có nguồn gốc từ hạt tiêu khô của cây Piper nigrum, được chế biến bằng cách loại bỏ lớp vỏ trấu đen bên ngoài để lộ ra phần hạt nhạt màu bên trong. Điều này dẫn đến hương vị nhẹ hơn, đất hơn so với hạt tiêu đen trong khi vẫn giữ được hợp chất piperine tăng nhiệt. Màu sắc trung tính của nó khiến nó trở nên lý tưởng cho các món ăn có màu sáng như nước sốt kem và khoai tây nghiền, những món ăn có đốm đen trông không đẹp mắt.",75
a7e27d4d-a0ca-527d-957b-b1f949f3bc89,,,Quế thanh / Quế cây (Cinnamon Sticks),INGREDIENT,242.83,4.0,1.2,81.2,53.1,0.0,10.0,179f9c83-d8b7-4ed3-852a-438529a88828,,,"Que quế được sấy khô, cuộn lại làm từ vỏ bên trong của cây Cinnamomum, được đánh giá cao vì hương thơm ấm áp, ngọt ngào và vị cay tinh tế. Không giống như quế xay, cả que quế từ từ tỏa hương vị trong khi nấu hoặc ngâm, khiến chúng trở nên lý tưởng để pha đồ ​​uống, món hầm và món om. Chúng chứa chất chống oxy hóa và các hợp chất chống viêm, mặc dù các loại Cassia (phổ biến nhất trong các cửa hàng) có hàm lượng coumarin cao hơn 'quế thật' của Ceylon — một điều cần cân nhắc để tiêu thụ thường xuyên.",75
927bbece-c78c-5204-af24-7c812a44ddf9,,,Bột ngũ vị hương (Chinese Five Spice),INGREDIENT,290.0,10.5,7.7,65.8,38.6,1.0,10.0,179f9c83-d8b7-4ed3-852a-438529a88828,,,"Ngũ vị hương Trung Quốc là một hỗn hợp gia vị truyền thống được làm từ hoa hồi, kết hợp đinh hương, quế, thì là và hạt tiêu Tứ Xuyên theo tỷ lệ chính xác. Hỗn hợp thơm này cân bằng hương vị ngọt, đắng và ấm với hương cam thảo đặc biệt từ gốc hoa hồi, thường được sử dụng để tăng cường các món thịt nướng và món xào trong ẩm thực châu Á. Mặc dù không có muối tự nhiên ở dạng nguyên chất, hỗn hợp thương mại có thể bao gồm natri bổ sung, khiến việc xem xét nhãn trở nên cần thiết đối với chế độ ăn kiêng có ý thức về natri.",75
759a0b16-8613-548e-87db-7b644d9971fc,,,Si-rô đường ngào vàng / Golden Syrup (Golden Syrup),DISH,300.0,0.2,0.0,74.9,0.0,74.9,130.0,179f9c83-d8b7-4ed3-852a-438529a88828,,,"Xi-rô vàng là một chất làm ngọt dạng lỏng của Anh được sản xuất bằng cách tinh chế nước mía hoặc củ cải đường thành xi-rô đường nghịch chuyển với hương vị đặc biệt của bánh bơ. Loại xi-rô sền sệt màu vàng này chống lại sự kết tinh, khiến nó trở nên lý tưởng để tạo ra kết cấu dai trong các món nướng như bánh flapjacks và bánh tart mật đường. Mặc dù về mặt dinh dưỡng tương tự như các loại xi-rô khác như một nguồn đường đậm đặc, nhưng nó được dùng như một chất thay thế thân thiện với người ăn chay cho mật ong trong nhiều công thức nấu ăn.",75
b1be08cb-cd15-5eee-a495-f7b7d9ff9640,,,Sốt trộn Thousand Island tách béo (Fat-Free Thousand Island Dressing),DISH,132.0,0.55,1.45,29.3,3.3,16.8,788.0,179f9c83-d8b7-4ed3-852a-438529a88828,,,"Nước sốt Thousand Island không béo là một phiên bản sửa đổi của loại gia vị cổ điển của Mỹ, thay thế sốt mayonnaise truyền thống bằng chất làm đặc và sữa chua hoặc tinh bột để loại bỏ hàm lượng chất béo. Biến thể có vị ngọt này cân bằng hương vị thơm của cà chua và dưa chua với đường hoặc chất làm ngọt bổ sung, tạo ra một lựa chọn ít calo hơn nhưng vẫn giữ được kết cấu kem như mong đợi của kiểu này. Mặc dù hàm lượng chất béo thấp hơn đáng kể so với công thức nấu ăn ban đầu nhưng nó thường chứa hàm lượng natri hoặc carbohydrate cao hơn để bù lại hương vị và cảm giác ngon miệng.",75
95109dae-7f72-5b64-9fdc-7fb27391647c,,,Táo sấy khô ướp bột quế (Cinnamon Dried Apples),INGREDIENT,357.0,2.24,0.0,87.0,2.0,75.0,580.0,179f9c83-d8b7-4ed3-852a-438529a88828,,,"Táo khô quế là những lát táo khử nước được phủ một lớp quế xay, kết hợp vị ngọt tự nhiên của trái cây với hương vị cay nồng ấm áp. Quá trình sấy khô tập trung hàm lượng chất xơ và vitamin C của táo trong khi quế bổ sung thêm chất chống oxy hóa như cinnamaldehyde. Những lát dai, có thể bảo quản được này dùng như một món ăn nhẹ di động hoặc nguyên liệu làm bánh, mặc dù một số loại thương mại có thể bao gồm đường bổ sung để tăng vị ngọt.",75
a5068763-26b9-580e-b464-f88d1aa4ef1e,,,Sốt Salsa rau củ nướng (Roasted Salsa),DISH,35.0,1.0,0.3,6.7,3.3,2.5,500.0,179f9c83-d8b7-4ed3-852a-438529a88828,,,"Salsa nướng là một loại gia vị nấu chín của Mexico được tạo ra bằng cách đốt cà chua, hành tây, ớt và tỏi để tạo ra hương vị khói ngọt đậm đặc. Quá trình rang làm caramen đường tự nhiên của rau củ trong khi vẫn giữ được hàm lượng vitamin C và chất chống oxy hóa, dẫn đến lớp phủ đậm đặc chất dinh dưỡng có lượng calo thấp hơn so với nước chấm làm từ kem. Thường được pha trộn để có độ đặc sệt, nó đóng vai trò như một chất tăng hương vị linh hoạt cho bánh tacos, protein nướng và các món ăn có nguồn gốc thực vật, trong khi vẫn là món thuần chay tự nhiên và không chứa gluten.",75
58a99271-3740-5a0f-b95a-8eb0cb3d43e9,,,Nước tương không Gluten (Gluten-Free Soy Sauce),DISH,60.0,10.5,0.1,5.57,0.8,1.7,5590.0,179f9c83-d8b7-4ed3-852a-438529a88828,,,"Nước tương không chứa gluten là một loại nước thay thế không chứa lúa mì cho nước tương truyền thống, thường được làm bằng 100% đậu nành hoặc kết hợp giữa đậu nành và gạo. Loại gia vị có công thức đặc biệt này duy trì hương vị mặn, giàu vị umami đặc trưng của nước tương thông thường đồng thời an toàn cho những người mắc bệnh celiac hoặc nhạy cảm với gluten. Còn được gọi là tamari ở dạng Nhật Bản, nước sốt này được ủ tự nhiên thông qua quá trình lên men và mang lại hương vị đậm đà tương tự cho các món ăn châu Á.",75
8fdb9894-8c1b-507c-ad0f-a46dd96473ae,,,Si-rô mật cây thùa màu sẫm (Dark Agave Syrup),DISH,310.0,0.0,0.0,76.0,0.0,76.0,0.0,179f9c83-d8b7-4ed3-852a-438529a88828,,,"Xi-rô agave đen là một chất làm ngọt có nguồn gốc từ thực vật được tạo ra bằng cách đun nóng rộng rãi nhựa cây từ cây agave Mexico, tạo ra hương vị caramel đậm đà với hương mật đường tinh tế. Mặc dù nó có cùng thành phần cơ bản như xi-rô cây thùa nhẹ, nhưng quá trình xử lý kéo dài sẽ tạo ra độ đặc cao hơn và hàm lượng khoáng chất cao hơn, mặc dù nó vẫn chứa nhiều calo với hàm lượng fructose đáng kể. Xi-rô đa năng này được sử dụng như một chất thay thế thuần chay cho mật ong trong làm bánh, cocktail và nước xốt, cung cấp chỉ số đường huyết thấp hơn đường tinh luyện nhưng cần phải điều độ do vị ngọt đậm đặc của nó.",75
3217694a-0df2-55bc-9dd9-1f3ec1c2f717,,,"Bắp cải trộn sốt giấm ngọt (Vinegar Coleslaw, Sweetened)",INGREDIENT,140.0,0.88,8.6,14.6,2.3,11.7,190.0,179f9c83-d8b7-4ed3-852a-438529a88828,,,"Xà lách trộn giấm là một món salad giòn, ướp lạnh được làm chủ yếu từ bắp cải thái nhỏ và cà rốt ướp với nước sốt giấm ngọt thay vì sốt mayonnaise. Món thay thế nhẹ nhàng hơn cho món xà lách trộn kem này giúp cân bằng độ chua thơm với đường bổ sung, tạo ra món ăn phụ chứa nhiều carbohydrate thường được phục vụ trong các bữa tiệc nướng hoặc bánh mì sandwich. Quá trình ướp làm mềm rau một chút trong khi vẫn giữ được độ giòn sảng khoái, mang đến lựa chọn ít chất béo hơn mà vẫn phù hợp với người ăn chay khi chế biến không có mật ong hoặc phụ gia sữa.",75
3be7735e-2db0-50df-a40f-7335afe25fb2,,,Mật ong dạng kem (Creamed Honey),DISH,310.0,0.5,0.0,82.0,0.0,82.0,2.5,179f9c83-d8b7-4ed3-852a-438529a88828,,,"Mật ong kem là một biến thể mật ong kết tinh tự nhiên được xử lý để đạt được độ mịn, dễ tán mà không cần chất phụ gia. Thông qua các kỹ thuật kết tinh có kiểm soát giúp phá vỡ tinh thể đường thành các hạt mịn, nó tạo ra kết cấu mịn như nhung trong khi vẫn giữ được thành phần dinh dưỡng giống như mật ong lỏng. Loại mật ong màu ngà nhạt này vẫn có thể phết ở nhiệt độ phòng, lý tưởng cho bánh mì nướng và các món nướng, đồng thời tránh được tình trạng lộn xộn như mật ong lỏng truyền thống.",75
d7bd74db-80e9-5ede-93b0-811fb1dd0cfa,,,Đường dừa (Coconut Sugar),DISH,375.0,0.0,0.0,100.0,2.0,98.0,7.0,179f9c83-d8b7-4ed3-852a-438529a88828,,,"Đường dừa là chất làm ngọt tự nhiên có nguồn gốc từ nhựa cây dừa, được sản xuất bằng cách đun nóng nhựa cây cho đến khi kết tinh thành dạng hạt. Mặc dù về mặt dinh dưỡng tương tự như đường thông thường về hàm lượng calo, nhưng nó có chứa một lượng nhỏ kali và magiê và có chỉ số đường huyết thấp hơn do hàm lượng chất xơ inulin. Loại đường được xử lý tối thiểu này vẫn giữ được hương vị caramel tinh tế, khiến nó trở thành chất làm ngọt thay thế phổ biến để làm bánh và đồ uống, mặc dù vậy vẫn nên tiêu thụ ở mức độ vừa phải như tất cả các loại đường bổ sung.",75
66eff42e-6118-52f7-8726-09b258dd094c,,,Sốt trộn Ranch sữa bơ / Buttermilk (Buttermilk Ranch Dressing),INGREDIENT,434.0,1.32,44.5,8.0,0.0,7.0,901.0,179f9c83-d8b7-4ed3-852a-438529a88828,,,"Nước sốt trang trại bơ sữa ngọt là một loại gia vị dạng kem kết hợp nền tảng thơm ngon của trang trại truyền thống—sữa bơ, thảo mộc và tỏi—với các chất làm ngọt bổ sung để tạo nên hương vị ngọt-mặn cân bằng. Biến thể này thường sử dụng các nguyên liệu như mật ong hoặc đường để bổ sung hương vị thì là và mùi tây đặc trưng của nó, tạo ra một loại nước sốt linh hoạt cho món salad trái cây, các món cay hoặc nước chấm rau. Đường bổ sung làm tăng hàm lượng carbohydrate so với trang trại tiêu chuẩn, đồng thời duy trì hàm lượng chất béo có nguồn gốc từ sữa từ bơ sữa và sốt mayonnaise hoặc kem chua.",75
aa129b9f-84ac-5a97-80b6-dd3dd200a714,,,Lá húng quế sấy khô (Dried Basil),INGREDIENT,233.0,23.0,4.07,47.8,37.7,1.71,76.0,179f9c83-d8b7-4ed3-852a-438529a88828,,,"Húng quế khô là một dạng cô đặc của thảo mộc húng quế tươi, một thành viên của họ bạc hà được sử dụng rộng rãi trong các món ăn Địa Trung Hải và Ý. Quá trình sấy khô làm tăng hương vị đất, hơi cay đồng thời làm giảm mùi tươi của húng quế tươi, khiến nó trở nên lý tưởng cho các món ăn nấu lâu như nước sốt cà chua, súp và hỗn hợp gia vị. Mặc dù ít thơm hơn lá tươi nhưng nó vẫn giữ được chất chống oxy hóa và tinh dầu bị phân hủy khi tiếp xúc với ánh sáng hoặc nhiệt trong quá trình bảo quản.",75
85794056-3683-50d8-9815-5a455e4a2bce,,,Sốt BBQ kiểu Texas (Texas Barbecue Sauce),DISH,100.0,0.0,0.0,23.33,1.67,15.0,650.0,179f9c83-d8b7-4ed3-852a-438529a88828,,,"Nước sốt thịt nướng Texas là một loại gia vị đặc biệt của vùng được đặc trưng bởi độ đặc sệt, nước dùng và hương vị thơm ngon. Không giống như các kiểu thịt nướng ngọt ngào hơn, nước sốt này nhấn mạnh vào giấm và gia vị hơn là đường, theo truyền thống, kết hợp nước sốt thịt bò hoặc nước kho để tăng độ sâu. Thành phần nhẹ hơn của nó thường chứa ít calo và ít đường hơn so với các loại nước sốt thịt nướng khác trong vùng, đồng thời vẫn mang lại hương vị đậm đà, thơm đặc trưng của ẩm thực nhà xông khói Texas chính thống.",75
c20fa7aa-f79e-5657-8935-1b9eb7c9e8a9,,,Sốt ớt kiểu Thái (Thai Chili Sauce),DISH,200.0,0.5,0.1,50.0,0.5,48.0,500.0,179f9c83-d8b7-4ed3-852a-438529a88828,,,"Tương ớt Thái là một loại gia vị đặc trưng của Đông Nam Á, được đặc trưng bởi hương vị ngọt-cay-mật cân bằng có nguồn gốc từ ớt, tỏi, giấm và đường thốt nốt. Không giống như các loại nước sốt ớt cay nồng, nó nhấn mạnh vào sự phân lớp hương vị hài hòa, khiến nó trở nên linh hoạt để chấm chả giò, trộn mì hoặc phủ protein. Trong khi các phiên bản thương mại có nguồn gốc từ thực vật tự nhiên thường chứa lượng đường và natri bổ sung đáng kể, đòi hỏi phải điều độ trong việc lập kế hoạch bữa ăn có hàm lượng calo thấp.",75
25a4747d-fbd1-5632-9fa5-b1ad0132da71,,,Bí đỏ đường / Bí ngô tròn (Sugar Pumpkin),INGREDIENT,26.0,1.0,0.1,6.5,0.5,2.8,1.0,179f9c83-d8b7-4ed3-852a-438529a88828,,,"Bí ngô đường là một loại bí mùa đông nhỏ gọn, có thịt ngọt được trồng đặc biệt để nấu ăn hơn là để trang trí. Khác biệt với những quả bí ngô chạm khắc lớn hơn bởi kết cấu đặc và vị ngọt tự nhiên đậm đặc, nó là sự lựa chọn ưu tiên cho món bí ngô xay nhuyễn, súp và đồ nướng tự làm. Loại quả bầu giàu chất dinh dưỡng này cung cấp lượng vitamin A đáng kể từ beta-carotene và vitamin C, với việc rang hoặc hấp sẽ tăng cường hương vị caramen trong khi vẫn giữ được tính toàn vẹn của lượng calo thấp.",75
1410eb99-dd0a-5d7b-983f-90e5eedbbee4,,,Bánh tortilla chips không muối (Unsalted Tortilla Chips),INGREDIENT,503.0,7.1,21.0,68.0,5.4,2.0,328.0,179f9c83-d8b7-4ed3-852a-438529a88828,,,"Bánh tortilla không muối là một món ăn nhẹ nướng hoặc chiên làm từ ngô hoặc bột mì, được chế biến không thêm muối. Chúng vẫn giữ được kết cấu giòn và hương vị ngô hấp dẫn của bánh tortilla truyền thống đồng thời cung cấp giải pháp thay thế ít natri hơn cho chế độ ăn có lợi cho tim hoặc chế độ ăn kiêng natri. Cấu hình gia vị trung tính của chúng giúp chúng có thể thích ứng để kết hợp với nước chấm hoặc làm lớp nền có thể tùy chỉnh cho hỗn hợp gia vị tự chế.",75
587869be-6703-53b7-a491-48adaa6df93e,,,Sốt bít tết (Steak Sauce),DISH,95.0,1.25,0.23,22.0,1.5,9.82,1650.0,179f9c83-d8b7-4ed3-852a-438529a88828,,,"Nước sốt bít tết là một loại gia vị thơm, thơm đặc trưng bởi sự pha trộn phức tạp của cà chua, giấm, gia vị và chất thơm. Nước sốt đặc, màu nâu này thường kết hợp hương vị ngọt, chua và vị umami, giúp phân biệt với các loại gia vị đơn giản hơn như sốt cà chua hoặc mù tạt. Mặc dù theo truyền thống được kết hợp với thịt bò, hương vị đậm đà của nó khiến nó trở nên linh hoạt với nhiều loại thịt và món ăn khác nhau, mặc dù nó thường chứa hàm lượng natri và đường đáng kể.",75
e913812a-2c8e-5de5-a28f-b7b195841e2e,,,Sốt bít tết vị ngọt (Sweet Steak Sauce),DISH,88.0,0.0,0.0,17.65,0.0,17.65,1647.0,179f9c83-d8b7-4ed3-852a-438529a88828,,,"Nước sốt bít tết ngọt là một loại gia vị đặc kết hợp hương vị umami thơm ngon với vị ngọt rõ rệt, thường từ các nguyên liệu như đường, mật đường hoặc mật ong. Nước sốt làm từ cà chua này thường cân bằng giữa giấm thơm, gia vị và trái cây cô đặc để tạo lớp men bóng cho thịt nướng hoặc nước chấm cho bít tết nấu chín. Hàm lượng đường bổ sung cao giúp phân biệt nó với các loại nước sốt bít tết có vị thảo mộc hoặc vị cay hơn, khiến việc nhận thức về khẩu phần trở nên quan trọng đối với những người theo dõi lượng carbohydrate nạp vào.",75
327cb77e-39c2-5f45-96b0-b3323dd33432,,,Ngũ cốc vảy ngô phủ đường ít ngọt (Low-Sugar Frosted Flakes),DISH,357.0,6.0,0.4,87.0,10.0,24.0,528.0,179f9c83-d8b7-4ed3-852a-438529a88828,,,"Frosted Flakes ít đường là loại ngũ cốc ăn sáng có vị ngô giòn và hương vị ngọt ngào của Frosted Flakes truyền thống với hàm lượng đường giảm đáng kể. Phiên bản này kết hợp một lượng nhỏ đường mía với chất làm ngọt không dinh dưỡng để duy trì vị ngọt đồng thời giảm lượng calo và carbohydrate. Ngũ cốc vẫn được bổ sung các vitamin và khoáng chất thiết yếu, mang đến lựa chọn ít đường hơn cho những người tiêu dùng quan tâm đến sức khỏe đang tìm kiếm hương vị quen thuộc. Kết cấu giòn và phủ sương nhẹ của nó khiến nó trở nên phổ biến đối với những người quản lý lượng đường mà không ảnh hưởng đến sự tiện lợi của bữa sáng.",75
85452a3b-2eae-58c5-8f3f-656b4ec9f98c,,,Sốt trộn kiểu Ý tách béo (Fat-Free Italian Dressing),DISH,47.0,0.97,0.87,8.75,0.6,8.85,1130.0,179f9c83-d8b7-4ed3-852a-438529a88828,,,"Nước sốt Ý không béo là một phiên bản sửa đổi của nước sốt Ý cổ điển, thay thế dầu bằng chất làm ngọt và chất làm đặc để loại bỏ chất béo trong khi vẫn duy trì hương vị thơm, đậm đà từ thảo mộc. Biến thể có vị ngọt này cân bằng các nguyên liệu truyền thống như giấm, tỏi và lá oregano với đường bổ sung hoặc chất làm ngọt nhân tạo, tạo ra lựa chọn ít calo hơn cho món salad và nước xốt. Tính nhất quán nhẹ hơn của nó hoạt động tốt như một chất tăng hương vị nhưng thiếu độ đậm đà được nhũ hóa của nước sốt làm từ dầu.",75
5bc1aef6-22f4-5999-9fb3-ec50f430c15e,,,Muối hành tây (Onion Salt),INGREDIENT,0.0,0.0,0.0,0.0,0.0,0.0,38000.0,179f9c83-d8b7-4ed3-852a-438529a88828,,,"Muối hành là hỗn hợp gia vị kết hợp bột hành đã khử nước với muối ăn, thường theo tỷ lệ 1:3 giữa hành và muối. Chất tạo hương vị đậm đặc này mang lại cả hương vị thơm ngon của hành tây và hàm lượng natri đáng kể, khiến nó trở nên phổ biến trong các loại gia vị, nước xốt và thực phẩm chế biến sẵn. Mặc dù nó mang lại hương vị hành tây tiện lợi mà không cần chế biến tươi, nhưng mật độ natri của nó đòi hỏi phải chia khẩu phần cẩn thận so với sử dụng bột hành nguyên chất hoặc hành tươi.",75
f58e9d4b-4803-58ac-becb-ec3cb9821abc,,,Gia vị ướp món Fajita (Fajita Seasoning),DISH,317.0,2.0,3.0,70.0,20.0,3.0,2500.0,179f9c83-d8b7-4ed3-852a-438529a88828,,,"Gia vị Fajita là hỗn hợp gia vị Tex-Mex thơm ngon kết hợp các thành phần bột ớt, thì là, tỏi và cam quýt để tạo ra hương vị thơm, khói đặc trưng của nó. Không giống như gia vị taco, nó thường bao gồm vỏ chanh hoặc bột nước trái cây để bổ sung cho thịt và rau nướng trong các món fajita truyền thống. Nhiều hỗn hợp thương mại có hàm lượng natri cao, mặc dù các phiên bản tự chế cho phép kiểm soát hàm lượng muối trong khi vẫn duy trì sự pha trộn đặc trưng của rau oregano và ớt bột Mexico. Loại gia vị đa năng này bổ sung thêm hương vị đậm đà cho protein cũng như các lựa chọn thay thế có nguồn gốc thực vật đồng thời đóng góp lượng calo tối thiểu từ chất béo hoặc đường.",75
2907a0e3-e043-5f48-8614-43d3fb2c0571,,,Bơ thực vật không muối (Unsalted Margarine),INGREDIENT,715.0,0.19,80.5,0.73,0.0,0.0,2.0,179f9c83-d8b7-4ed3-852a-438529a88828,,,"Bơ thực vật không muối là chất thay thế bơ có nguồn gốc thực vật được tạo ra thông qua quá trình nhũ hóa dầu thực vật, được phân biệt bằng việc hoàn toàn không bổ sung natri. Nguồn chất béo không chứa cholesterol này được ưu tiên sử dụng trong làm bánh để kiểm soát hương vị chính xác và phục vụ chế độ ăn thuần chay và chế độ ăn ít natri, thường cung cấp tỷ lệ chất béo không bão hòa cao hơn bơ sữa khi được làm bằng dầu không hydro hóa.",75
a4b5aeab-94bd-5a17-99e0-4903352905d1,,,Bánh mì cuộn thảo mộc (Herb Rolls),INGREDIENT,289.0,8.0,5.4,52.0,2.5,5.0,500.0,179f9c83-d8b7-4ed3-852a-438529a88828,,,"Bánh cuộn thảo mộc là loại bánh mì cuộn mềm, thơm có các loại thảo mộc tươi hoặc khô như hương thảo, húng tây và rau mùi tây trộn thành bột có men. Thường được phục vụ như một món ăn kèm mặn cho các bữa ăn, chúng có được lớp vỏ vàng, hơi giòn khi phết bơ hoặc dầu ô liu trước khi nướng. Mặc dù cung cấp carbohydrate phức tạp từ bột mì được làm giàu, những loại bánh cuộn này thường chứa hàm lượng chất béo vừa phải và không phù hợp với chế độ ăn không có gluten hoặc ít calo.",75
2f977191-8ddc-5c42-89c1-2893214d9522,,,Si-rô cây phong màu sẫm (Dark Maple Syrup),DISH,270.0,0.0,0.0,67.0,0.0,60.0,12.0,179f9c83-d8b7-4ed3-852a-438529a88828,,,"Xi-rô phong sẫm màu là một chất làm ngọt tự nhiên được tạo ra bằng cách đun sôi kỹ nhựa cây phong đường, tạo ra hương vị đậm đà, giống như caramel và màu sắc đậm hơn so với các loại nhẹ hơn. Được phân loại là Loại A, xi-rô này giữ lại nồng độ khoáng chất cao hơn như canxi và kẽm cùng với các chất chống oxy hóa được tạo ra trong quá trình nấu kéo dài. Mặc dù chứa hàm lượng đường tương đương với các loại xi-rô cây phong khác, hương vị đậm đà của nó vượt trội trong các món nướng, nước xốt và tráng men khi mong muốn có đặc tính rõ rệt của cây phong.",75
e285b422-7535-520f-92f4-df50064f980c,,,Sốt bít tết cay ngọt (Sweetened Spicy Steak Sauce),DISH,80.0,0.0,0.0,20.0,0.0,20.0,1800.0,179f9c83-d8b7-4ed3-852a-438529a88828,,,"Nước sốt bít tết cay ngọt là một loại gia vị kết hợp giữa vị cay nồng của ớt cay với vị ngọt caramen, tạo ra hương vị đậm đà tương phản với nước sốt bít tết tập trung vào vị mặn truyền thống. Biến thể này thường kết hợp các thành phần như đường nâu, giấm và ớt để đạt được sự cân bằng nhiệt và vị ngọt đặc trưng, ​​khiến nó trở nên phổ biến như một loại nước xốt và lớp men hoàn thiện cho thịt nướng. Mặc dù nó làm tăng độ phức tạp của hương vị, nhưng người dùng cần lưu ý hàm lượng đường bổ sung cao và mức natri vừa phải so với nước sốt bít tết tiêu chuẩn.",75
58645f9b-dfc4-5581-9713-ff10d67ae2c3,,,"Phô mai tươi Cottage vị thảo mộc (Cottage Cheese, Herb Flavored)",INGREDIENT,137.5,15.4,6.25,4.08,0.0,4.08,497.0,179f9c83-d8b7-4ed3-852a-438529a88828,,,"Phô mai tươi có hương vị thảo mộc là loại phô mai tươi, có kết cấu dạng cục được làm từ sữa đông, trộn với các loại thảo mộc thơm như hẹ, thì là hoặc mùi tây. Loại phô mai này duy trì hàm lượng protein và canxi cao của phô mai tươi truyền thống đồng thời mang lại hương vị phức hợp nâng cao, khiến nó đặc biệt thích hợp cho các món ăn nhẹ mặn, nước chấm rau củ hoặc lớp phủ salad. Sản phẩm thường sử dụng nền sữa ít béo hoặc không béo và có thể chứa vi khuẩn sống hỗ trợ sức khỏe tiêu hóa.",75
8a7886d0-93d4-5bb4-880e-f64e4f5e6096,,,Rau hương thảo / Rosemary (Rosemary),INGREDIENT,131.0,3.31,5.86,20.7,14.1,0.4,26.0,179f9c83-d8b7-4ed3-852a-438529a88828,,,"Hương thảo là một loại thảo mộc có mùi thơm, thân gỗ thuộc họ bạc hà, được nhận biết bởi những chiếc lá hình kim và hương thơm của cây thông với chút tiêu. Loại lương thực Địa Trung Hải này được sử dụng rộng rãi để làm gia vị cho các loại thịt nướng, rau và bánh mì, đồng thời các hợp chất chống oxy hóa như axit rosmarinic của nó có thể hỗ trợ sức khỏe trao đổi chất. Hương thảo tươi giữ lại nhiều dầu dễ bay hơi hơn so với khô, mang lại hương vị tươi sáng hơn, lý tưởng để pha dầu hoặc hoàn thiện món ăn.",75
4171cb31-5c11-5c6c-ae9a-f29e2d46db21,,,Cá mòi đóng hộp sốt mù tạt (Canned Sardines in Mustard Sauce),DISH,150.0,15.0,9.0,1.9,0.0,1.9,415.0,179f9c83-d8b7-4ed3-852a-438529a88828,,,"Cá mòi đóng hộp sốt mù tạt là loại cá nhỏ nấu sẵn được bảo quản trong hỗn hợp mù tạt cay, thường được đóng gói trong dầu hoặc nước. Những con cá mềm có xương này cung cấp axit béo omega-3 đậm đặc và canxi sinh khả dụng từ xương ăn được của chúng, trong khi nước sốt mù tạt thơm ngon giúp tăng hương vị nhưng lại bổ sung lượng natri vừa phải. Định dạng ổn định trên kệ cung cấp nguồn protein thuận tiện cho các bữa ăn nhanh, thường được phục vụ trên bánh quy giòn, trộn vào món salad hoặc kết hợp với bánh mì giòn để cân bằng vị đậm đà.",75
1ff8bfd3-500e-5820-825d-02b97462b472,,,Sốt kem cà chua Rosé (Rose Sauce),DISH,120.0,1.7,8.3,9.0,0.8,5.0,600.0,179f9c83-d8b7-4ed3-852a-438529a88828,,,"Nước sốt hoa hồng là một loại nước sốt mì ống lấy cảm hứng từ Ý, kết hợp độ chua từ cà chua với các thành phần giàu sữa như kem hoặc phô mai. Nước sốt lai này kết hợp giữa phong cách marinara và Alfredo, mang đến hương vị cân bằng với hàm lượng chất béo cao hơn từ các nguyên liệu sữa. Thường được kết hợp với penne hoặc rigatoni, nó tạo thành nền tảng cho các món ăn như mì ống alla vodka trong khi vẫn đủ linh hoạt cho các công thức nấu ăn chay hoặc tăng cường protein.",75
ee6f35d0-8f6c-5cf8-b21a-7422cdb61911,,,Lá hương thảo sấy khô (Dried Rosemary),INGREDIENT,332.0,4.88,15.2,64.1,42.6,1.5,50.0,179f9c83-d8b7-4ed3-852a-438529a88828,,,"Hương thảo khô là một loại thảo mộc thân gỗ có mùi thơm được tạo ra bằng cách khử nước những chiếc lá hình kim của cây hương thảo, một loại cây bụi thường xanh có nguồn gốc từ Địa Trung Hải. Quá trình sấy khô làm tăng thêm mùi thơm giống thông và hương vị cay của nó, trong khi kết cấu giòn cần phải nghiền nát trước khi sử dụng để tránh cảm giác khó chịu trong miệng. Loại gia vị giàu chất chống oxy hóa này — đặc biệt là có hàm lượng axit rosmarinic cao — tạo thêm hương vị đậm đà cho thịt nướng, rau và súp mà không chứa lượng calo đáng kể và vẫn bảo quản được lâu hơn so với lá tươi.",75
8bca5b74-0e41-5d3f-a7ac-9a809c6dbf71,,,Sốt Teriyaki vị cay (Spicy Teriyaki Sauce),DISH,160.0,2.6,0.0,37.0,0.0,19.0,280.0,179f9c83-d8b7-4ed3-852a-438529a88828,,,"Sốt Teriyaki cay là một loại gia vị lấy cảm hứng từ Nhật Bản pha trộn vị ngọt-mặn của teriyaki truyền thống với vị cay của ớt. Cơ sở của nó kết hợp nước tương, đường hoặc mật ong, và các chất thơm như tỏi và gừng, được làm đặc thành một lớp men bóng lý tưởng để ướp protein hoặc phủ các món xào. Mặc dù có nhiều hương vị nhưng các phiên bản thương mại thường chứa nhiều natri và đường bổ sung, khiến việc kiểm soát khẩu phần trở nên quan trọng đối với những người theo dõi lượng chất dinh dưỡng đa lượng. Tính linh hoạt của nước sốt giúp kết nối các món nướng, quay và áp chảo với sự cân bằng vị umami-gia vị đậm đà.",75
4927c7a4-3fc3-5638-ab57-556d16db61d4,,,Ớt Poblano (Poblano Peppers),INGREDIENT,12.0,0.86,0.17,4.64,1.7,2.5,5.0,179f9c83-d8b7-4ed3-852a-438529a88828,,,"Ớt Poblano là một loại ớt nhẹ có nguồn gốc từ Mexico, được nhận biết bởi hình dạng rộng, hình trái tim và vỏ màu xanh đậm đến nâu đỏ. Mặc dù hơi cay hơn ớt chuông nhưng chúng vẫn dịu hơn ớt jalapeños, với hương vị đất đậm đà, đậm đà hơn khi rang và bóc vỏ. Những quả ớt này đặc biệt có hàm lượng vitamin C và chất chống oxy hóa cao, đồng thời được biết đến như là nguyên liệu tươi của ớt neo khô và là thành phần chính trong các món ăn truyền thống như ớt rellenos.",75
0b5bd2a6-2a0b-50f7-8fbf-c0a15be37d48,,,Sốt bít tết vị tỏi (Garlic Steak Sauce),DISH,88.0,0.0,0.0,18.0,1.0,12.0,1706.0,179f9c83-d8b7-4ed3-852a-438529a88828,,,"Nước sốt bít tết tỏi là một loại gia vị có vị ngọt kết hợp hương tỏi cay nồng với vị ngọt caramen để tăng thêm hương vị cho các món nướng, quay. Nước sốt này thường trộn tỏi già, đường hoặc mật ong, giấm và gia vị thành một lớp men dày lý tưởng để nướng bít tết hoặc dùng làm nước chấm. Mặc dù mang lại lợi ích chống oxy hóa từ các hợp chất tỏi, nhưng hàm lượng đường bổ sung đáng chú ý của nó đòi hỏi phải kiểm soát khẩu phần ăn một cách cẩn thận đối với những người theo dõi lượng carbohydrate tiêu thụ.",75
88d1455e-e871-5a6b-af91-8f595249b99b,,,Bắp cải trộn băm sốt giấm (Vinegar-Based Coleslaw),INGREDIENT,155.0,1.5,5.0,24.0,2.5,14.0,400.0,179f9c83-d8b7-4ed3-852a-438529a88828,,,"Xà lách trộn làm từ giấm là một biến thể thơm, ngọt của món salad bắp cải cổ điển, tương phản với các phiên bản làm từ sốt mayonnaise thông qua nước sốt có tính axit nhẹ hơn. Chế phẩm này kết hợp bắp cải cắt nhỏ và cà rốt với dung dịch giấm ngọt được tăng cường thêm gia vị, tạo ra kết cấu giòn với hương vị chua ngọt cân bằng. Mặc dù ít chất béo và calo hơn so với xà lách trộn kem, nhưng thành phần dinh dưỡng của nó thay đổi đáng kể tùy thuộc vào lượng đường bổ sung, khiến hàm lượng carbohydrate trở thành yếu tố quan trọng cần cân nhắc để theo dõi chế độ ăn uống.",75
a9c9ce1f-da64-5777-81b6-ee4e9f479672,,,"Lá kinh giới Mễ sấy khô / Mexican Oregano (Mexican Oregano, Dried)",INGREDIENT,265.0,9.0,4.28,68.92,42.5,26.42,45.0,179f9c83-d8b7-4ed3-852a-438529a88828,,,"Lá oregano Mexico là một loại thảo mộc khô từ cây Lippia Graveolens, khác biệt về mặt thực vật với lá oregano Địa Trung Hải, với hương vị cam quýt và tông màu đất lý tưởng cho ẩm thực Mexico và Tex-Mex. Lá phơi nắng giữ lại chất chống oxy hóa đậm đặc và dầu dễ bay hơi, mang lại hương vị đậm đà hơn, ít ngọt hơn so với lá ở Châu Âu. Nó là thành phần chính trong hỗn hợp gia vị cho các món ăn như pozole, salsas và ớt, đồng thời vẫn không chứa gluten và thân thiện với người ăn chay.",75
592c62bd-a410-52d4-86cb-a6447b316040,,,Ớt chuông nhồi thịt nướng (Stuffed Peppers),DISH,210.0,12.0,7.0,24.0,3.0,4.0,250.0,179f9c83-d8b7-4ed3-852a-438529a88828,,,"Ớt nhồi là một món ăn đa năng có ớt chuông rỗng chứa đầy hỗn hợp ngũ cốc, protein và rau thơm ngon, sau đó nướng cho đến khi mềm. Ớt mềm trong khi nấu trong khi vẫn giữ được độ giòn nhẹ, tạo ra sự tương phản với phần nhân đậm đà — thường là gạo, thịt xay, đậu hoặc các sản phẩm thay thế từ thực vật. Món ăn này thích ứng tốt với sở thích ăn kiêng, cung cấp chất xơ đáng kể từ thành tiêu và nguồn protein có thể tùy chỉnh, mặc dù dinh dưỡng chính xác thay đổi đáng kể theo công thức.",75
07947226-6656-5cde-8c0e-892abf21b615,,,Hạt điều bọc si-rô ngọt (Syrup Coated Cashews),DISH,533.0,10.0,33.0,57.0,2.0,30.0,50.0,179f9c83-d8b7-4ed3-852a-438529a88828,,,"Hạt điều phủ xi-rô là một món ăn nhẹ có vị ngọt được làm bằng cách rang hạt điều và phủ chúng trong một lớp men đường caramen, tạo ra bề ngoài giòn tương phản với độ kem tự nhiên của hạt. Mặc dù chúng giữ lại protein và chất béo lành mạnh của hạt điều thô, nhưng lượng đường bổ sung làm tăng đáng kể hàm lượng carbohydrate, khiến việc kiểm soát khẩu phần trở nên quan trọng đối với việc theo dõi vĩ mô. Chế phẩm này phổ biến trong các món trộn, món tráng miệng và như một món ăn nhẹ độc lập, mang lại sự cân bằng giữa hương vị đậm đà và độ phức tạp về kết cấu.",75
fc0889bd-faef-5486-a256-affabf59fef0,,,Quýt đường mật ong (Honey Tangerines),INGREDIENT,53.0,0.9,0.31,13.5,2.8,12.0,1.0,179f9c83-d8b7-4ed3-852a-438529a88828,,,"Quýt mật ong là một loại quýt lai được đánh giá cao nhờ hương vị đặc biệt ngọt ngào, giống như mật ong và vỏ màu cam bóng, dễ bóc. Loại trái cây mùa đông này, là sự kết hợp giữa các loại quýt và bưởi, chứa hàm lượng vitamin C và đường tự nhiên cao, khiến nó vừa là một món ăn nhẹ bổ dưỡng vừa là một hương vị bổ sung cho món salad hoặc món tráng miệng. Các phân đoạn đặc biệt ngon ngọt với lượng hạt tối thiểu và độ axit cân bằng giúp bổ sung cho vị ngọt đậm đà của chúng.",75
576d57db-018c-5089-986b-a9831b9a4403,,,Ớt Anaheim (Anaheim Pepper),INGREDIENT,40.0,2.0,0.2,9.0,2.0,4.0,5.0,179f9c83-d8b7-4ed3-852a-438529a88828,,,"Ớt Anaheim là một loại ớt nhẹ thường được sử dụng trong ẩm thực Tây Nam và Mexico. Nó đăng ký ở mức thấp trên thang Scoville, mang lại sức nóng tinh tế giúp tăng cường hương vị mà không bị quá nồng. Những quả ớt này thường được rang, nhồi hoặc dùng làm nước sốt và sốt salsa, cung cấp nguồn vitamin C và chất xơ dồi dào.",75
9000c150-da15-5a15-aca8-c9c9ab89fb27,,,Sốt Tartar (Tartar Sauce),DISH,211.0,1.0,16.7,13.3,0.5,4.25,667.0,179f9c83-d8b7-4ed3-852a-438529a88828,,,"Sốt Tartar là một loại gia vị dạng kem được làm theo kiểu cổ điển từ sốt mayonnaise trộn với dưa chua xắt nhỏ, nụ bạch hoa và các loại thảo mộc tươi như thì là hoặc rau mùi tây. Hương vị thơm, mặn của nó bổ sung cho các món hải sản chiên như cá và khoai tây chiên bằng cách tạo ra sự tương phản giữa kết cấu giòn với vị kem đậm đà. Mặc dù ít protein và chất xơ nhưng nó đóng góp hàm lượng chất béo và calo đáng chú ý từ cơ sở sốt mayonnaise và có thể chứa các chất gây dị ứng bao gồm trứng hoặc gluten tùy thuộc vào công thức nấu ăn cụ thể.",75
72a14f8f-7806-584d-82b0-99d57997beaf,,,Ớt sừng vàng / Ớt chuối (Banana Pepper),INGREDIENT,27.0,1.66,0.45,5.35,3.4,1.95,13.0,179f9c83-d8b7-4ed3-852a-438529a88828,,,"Ớt chuối là loại ớt có hình thon dài, nhẹ, tên gọi của chúng xuất phát từ màu vàng đặc trưng và hình dạng cong giống quả chuối. Những loại ớt có vị ngọt này xếp hạng thấp trên thang Scoville, thường đo từ 0-500 đơn vị, khiến chúng trở thành một trong những loại ớt nhẹ nhất hiện có. Ớt chuối tươi rất giàu vitamin C và chất chống oxy hóa, thường được dùng sống trong món salad và bánh mì sandwich, hoặc nấu trong nhiều món ăn khác nhau mà hương vị dịu nhẹ của chúng sẽ không lấn át các nguyên liệu khác.",75
7858b0ad-d0f2-539e-8ead-6fd90a726021,,,Sốt tương đen / Sốt Hoisin (Hoisin Sauce),DISH,220.0,3.31,3.39,44.1,2.8,27.3,1617.0,179f9c83-d8b7-4ed3-852a-438529a88828,,,"Nước sốt Hoisin là một loại gia vị ngọt của Trung Quốc được làm từ đậu nành lên men, tỏi, giấm và gia vị, được biết đến với kết cấu đặc, bóng và cân bằng giữa các hương vị mặn, ngọt và umami. Chủ yếu được sử dụng làm men cho các loại thịt như vịt quay Bắc Kinh hoặc nước chấm cho chả giò, hàm lượng đường và natri cao của nó đòi hỏi phải chia khẩu phần một cách thận trọng trong chế độ ăn kiêng có tính calo. Món chủ yếu có nguồn gốc từ thực vật này bổ sung thêm độ sâu phức tạp cho các món xào và nước xốt đồng thời đóng góp lượng carbohydrate đáng kể trong mỗi khẩu phần.",75
a505490f-9dcb-5f1f-9072-52fe74fd84b7,,,Phô mai phết vị thảo mộc (Herb-Flavored Cheese Spread),INGREDIENT,461.0,10.0,43.0,8.0,1.0,6.0,485.0,179f9c83-d8b7-4ed3-852a-438529a88828,,,"Phô mai phết hương vị thảo mộc là một sản phẩm sữa mềm, có thể phết được làm bằng cách trộn phô mai kem hoặc phô mai tươi với các loại thảo mộc cắt nhỏ như hẹ, mùi tây hoặc thì là. Loại phô mai thơm ngon này thường chứa ít chất béo hơn phô mai cứng trong khi mang lại hương vị thảo dược đậm đặc và tăng cường chất chống oxy hóa từ các thành phần thực vật tươi. Nó phục vụ như một loại gia vị linh hoạt cho bánh quy giòn, bánh mì sandwich và nước chấm rau củ, mang đến một sự thay thế nhẹ nhàng hơn cho pho mát kem thông thường trong cả ứng dụng thông thường và dành cho người sành ăn.",75
353e98f1-6a93-5880-b024-7c7f9af84089,,,Sốt mì Ý Vodka (Vodka Sauce),DISH,80.0,3.0,5.0,10.0,2.0,7.0,530.0,179f9c83-d8b7-4ed3-852a-438529a88828,,,"Sốt Vodka là một loại nước sốt mì ống đậm đà của người Mỹ gốc Ý kết hợp cà chua và kem béo với rượu vodka, giúp tăng cường các hợp chất hương vị và tạo ra kết cấu mịn độc đáo. Loại nước sốt màu hồng này thường được làm giàu với phô mai Parmesan và thường chứa hàm lượng chất béo cao hơn sốt marinara truyền thống do có nền kem. Hàm lượng cồn bay đi trong quá trình chuẩn bị, để lại độ sâu tinh tế giúp phân biệt với các loại nước sốt cà chua làm từ kem khác.",75
badb4738-4967-562f-84c4-b627fd2273ce,,,Kem bông tuyết không đường (Sugar-Free Whipped Topping),DISH,222.0,0.0,11.1,33.3,0.0,0.0,56.0,179f9c83-d8b7-4ed3-852a-438529a88828,,,"Kem đánh bông không đường là một loại kem thay thế ít calo cho kem đánh bông truyền thống, thường được làm bằng chất làm ngọt nhân tạo và dầu thực vật thay vì kem sữa. Sản phẩm ổn định khi bảo quản này duy trì kết cấu nhẹ, thoáng của kem đánh bông thông thường đồng thời loại bỏ đường bổ sung, phù hợp với chế độ ăn kiêng dành cho người tiểu đường và chế độ ăn ít carb. Lớp phủ sẵn sàng sử dụng thường chứa rượu đường hoặc sucralose để tạo vị ngọt và chất ổn định để duy trì độ mịn mịn của nó.",75
60f03678-a58a-5bac-a6f9-e2eba7b27b50,,,Rượu Rum ngâm gia vị (Spiced Rum),INGREDIENT,205.0,0.0,0.0,0.9,0.0,0.9,0.0,179f9c83-d8b7-4ed3-852a-438529a88828,,,"Rượu rum tẩm gia vị là một biến thể có hương vị của rượu rum truyền thống đã được tăng cường bằng sự pha trộn của các loại gia vị và đôi khi là màu caramel. Loại rượu này thường chứa vani, quế, nhục đậu khấu và các loại gia vị thơm khác, với nồng độ cồn thường dao động từ 35-40% ABV. Là một loại rượu chưng cất, nó chứa khoảng 97 calo mỗi khẩu phần 1,5 oz, không có carbohydrate hoặc các chất dinh dưỡng đa lượng khác ngoài hàm lượng cồn.",75
596f055c-8731-58cd-b14f-90d1a6ddf90e,,,Mứt mơ tây không đường (Sugar-Free Apricot Preserves),DISH,58.8,0.0,0.0,29.4,0.0,0.0,0.0,179f9c83-d8b7-4ed3-852a-438529a88828,,,"Bảo quản mơ không đường là loại mứt trái cây được làm từ mơ thật nhưng được làm ngọt bằng chất làm ngọt thay thế thay vì đường truyền thống. Loại bảo quản thân thiện với bệnh nhân tiểu đường này duy trì hương vị thơm ngon, tươi sáng của quả mơ trong khi cung cấp ít carbohydrate hơn đáng kể so với các loại bảo quản thông thường. Sản phẩm thường được làm bằng cách nấu mơ tươi hoặc khô với chất thay thế đường và pectin để đạt được độ đặc sệt, có thể phết phù hợp cho các ứng dụng nướng bánh mì, bánh ngọt và nấu ăn.",75
ec851f41-e985-5d01-8210-ea3a9d417de7,,,Ớt xông khói Chipotle (Chipotle Peppers),INGREDIENT,108.0,4.0,4.0,14.0,3.0,5.0,5.0,179f9c83-d8b7-4ed3-852a-438529a88828,,,"Ớt Chipotle là loại ớt jalapeño sấy khói đã được để chín hoàn toàn thành màu đỏ trước khi chế biến, tạo ra màu nâu đậm đặc biệt và hương vị khói đậm đà. Loại ớt Mexico này có độ nóng vừa phải kết hợp với vị ngọt tinh tế và vị khói nồng giúp tăng thêm chiều sâu cho món ăn. Khoai tây chiên khô có thể được bù nước để sử dụng làm nước sốt và nước xốt, đồng thời cung cấp các hợp chất có lợi như capsaicin, được biết đến với đặc tính tăng cường trao đổi chất.",75
79bc6383-9971-5899-a347-26b5693a4c7c,,,Bơ hạt dẻ phết không đường (Sugar-Free Hazelnut Spread),DISH,468.0,6.6,41.2,46.7,28.3,0.0,5.0,179f9c83-d8b7-4ed3-852a-438529a88828,,,"Bánh phết hạt phỉ không đường là một loại thay thế ít carbohydrate cho các loại phết sô cô la-hạt phỉ truyền thống, thường được làm ngọt bằng các chất thay thế đường như erythritol hoặc stevia. Loại kem này duy trì kết cấu mịn, mịn cổ điển và hương vị sô-cô-la-hạt phỉ đậm đà đồng thời loại bỏ đường bổ sung, phù hợp với chế độ ăn kiêng low-carb, keto và thân thiện với bệnh nhân tiểu đường. Thành phần chính thường bao gồm hạt phỉ rang, bột ca cao và chất làm ngọt không đường, cung cấp chất béo lành mạnh đồng thời giảm tổng hàm lượng carbohydrate.",75
9e34a76c-75e6-5955-80b6-3f197bf250e8,,,"Phô mai dê vị thảo mộc (Goat Cheese, Herbed)",INGREDIENT,268.0,7.1,25.0,3.6,0.0,3.6,460.0,179f9c83-d8b7-4ed3-852a-438529a88828,,,"Phô mai dê Herbed là một loại phô mai tươi được làm từ sữa dê đã được tăng cường thêm sự pha trộn của các loại thảo mộc thơm và gia vị. Phô mai nền mang lại hương vị thơm đặc biệt và kết cấu kem, trong khi các loại thảo mộc được thêm vào như húng tây, húng quế hoặc hẹ sẽ mang lại thêm chiều sâu và độ phức tạp. Biến thể phô mai này tự nhiên dễ tiêu hóa hơn phô mai sữa bò và được dùng như một loại phết trang nhã cho bánh quy giòn, lớp phủ salad hoặc một nguyên liệu đa năng trong cả món ăn nóng và lạnh.",75
23c9666b-329c-5d10-b537-91fb67704301,,,Bánh mì Ciabatta thảo mộc (Herb Ciabatta),DISH,286.0,8.6,4.45,53.0,2.5,1.5,625.0,179f9c83-d8b7-4ed3-852a-438529a88828,,,"Herb ciabatta là một loại bánh mì thủ công kiểu Ý có đặc điểm là hình dạng phẳng, thuôn dài và cấu trúc bên trong thoáng đãng đặc trưng với các lỗ lớn. Loại bánh mì giòn này được tăng cường thêm các loại thảo mộc thơm, điển hình là hương thảo và húng tây, nướng trực tiếp vào bột, tạo ra một biến thể thơm và đầy hương vị của ciabatta truyền thống. Bánh mì có kết cấu dai với lớp vỏ giòn, lý tưởng để làm bánh mì sandwich, chấm dầu ô liu hoặc dùng kèm với các món ăn Địa Trung Hải.",75
7b25b339-712c-5488-8ae8-bca1044aafea,,,Gia vị ướp kiểu Jamaica / Jerk (Jerk Seasoning),INGREDIENT,300.0,8.0,3.0,60.0,20.0,15.0,3000.0,179f9c83-d8b7-4ed3-852a-438529a88828,,,"Gia vị Jerk là một hỗn hợp gia vị sôi động của vùng Caribe có nguồn gốc từ Jamaica, được đặc trưng bởi sự kết hợp phức tạp của hạt tiêu, ớt nắp ca-pô, húng tây và các loại gia vị thơm khác. Hỗn hợp gia vị khô này cung cấp nhiệt cân bằng đáng kể với hương đất ấm áp và thường được sử dụng để tạo hương vị cho các loại thịt nướng hoặc quay. Hỗn hợp đa năng chứa lượng calo tối thiểu đồng thời mang lại hương vị đậm đà, khiến nó trở thành một lựa chọn tuyệt vời để tăng cường các món ăn mà không cần bổ sung thêm tác động dinh dưỡng đáng kể.",75
3dcf1776-a7c5-5387-a736-46e5cfdba7ad,,,Sốt ướp thịt nướng kiểu Hàn Quốc (Korean Barbecue Sauce),DISH,194.0,5.0,0.0,43.0,1.0,33.0,1300.0,179f9c83-d8b7-4ed3-852a-438529a88828,,,"Nước sốt thịt nướng Hàn Quốc là một loại gia vị đặc trưng của châu Á kết hợp hương vị ngọt và mặn với các thành phần đặc trưng như nước tương, tỏi và gochugaru (ớt đỏ Hàn Quốc). Biến thể có đường này có hàm lượng đường cao hơn so với phiên bản truyền thống, thường kết hợp các thành phần như lê châu Á, đường nâu hoặc mật ong. Nước sốt thường được sử dụng làm nước xốt và nước sốt để ăn cho các món thịt nướng, với độ đặc, bóng, tạo độ caramen tuyệt vời trong quá trình nấu.",75
61260749-67f3-577d-8b66-c04bb6270f61,,,Sốt Teriyaki không Gluten (Gluten-Free Teriyaki Sauce),DISH,111.0,5.6,0.0,22.2,0.0,22.2,3444.0,179f9c83-d8b7-4ed3-852a-438529a88828,,,"Nước sốt teriyaki không chứa gluten là phiên bản sửa đổi của loại gia vị cổ điển của Nhật Bản sử dụng nước tương tamari hoặc nước tương không chứa gluten làm nền thay vì nước tương chứa lúa mì truyền thống. Nước sốt mặn ngọt này kết hợp các nguyên liệu không chứa gluten như giấm gạo, mật ong hoặc đường, gừng và tỏi để tạo nên hương vị teriyaki đặc trưng. Trong khi vẫn giữ nguyên vị umami đậm đà và độ đặc bóng của sốt teriyaki thông thường, phiên bản này an toàn cho những người mắc bệnh celiac hoặc nhạy cảm với gluten.",75
5ba03e3d-00d9-5dc5-bdd5-b7fcdd45271b,,,Si-rô chà là (Date Syrup),DISH,320.0,2.0,0.0,78.0,6.0,59.0,33.0,179f9c83-d8b7-4ed3-852a-438529a88828,,,"Xi-rô chà là là một chất làm ngọt dạng lỏng tự nhiên được sản xuất bằng cách đun sôi và lọc chà là để tạo ra một loại xi-rô đặc, chưa tinh chế. Nó giữ lại một lượng đáng kể kali, magiê và chất chống oxy hóa từ toàn bộ trái cây, cung cấp một giải pháp thay thế đậm đặc chất dinh dưỡng hơn cho đường tinh luyện với tác động đường huyết thấp hơn. Đặc trưng bởi hương vị caramel đậm đà và kết cấu sền sệt, chất làm ngọt có nguồn gốc từ Trung Đông này được dùng như một chất thay thế thuần chay cho mật ong trong các món nướng, nước xốt và lớp phủ trên món tráng miệng.",75
5015e751-23e5-5bc7-93a1-3ef898726ed7,,,Ngũ cốc Granola hạt không Gluten không đường (Gluten-Free Sugar-Free Nut-Based Granola),DISH,567.0,16.7,46.7,26.7,7.0,0.0,15.0,179f9c83-d8b7-4ed3-852a-438529a88828,,,"Granola làm từ hạt không đường không chứa gluten là một loại ngũ cốc ăn sáng thay thế không chứa ngũ cốc chủ yếu bao gồm các loại hạt rang, hạt và gia vị như quế hoặc vani. Không giống như granola truyền thống, nó không chứa yến mạch, đường bổ sung hoặc chất làm ngọt nhân tạo, có hương vị từ vị hạt tự nhiên và gia vị thơm. Hỗn hợp này cung cấp lượng lớn chất béo lành mạnh, protein từ thực vật và chất xơ, khiến nó phù hợp với chế độ ăn kiêng low-carb, nhạt hoặc ketogenic, mặc dù mật độ calo của nó đảm bảo nhận thức về khẩu phần ăn.",75
96bf7750-0196-54a3-aec7-b871f0d3cf65,,,Muối hồng Himalaya (Himalayan Pink Salt),INGREDIENT,0.0,0.0,0.0,0.0,0.0,0.0,42000.0,179f9c83-d8b7-4ed3-852a-438529a88828,,,"Muối hồng Himalaya là loại muối đá được xử lý tối thiểu được khai thác từ các trầm tích biển cổ ở vùng Punjab của Pakistan. Màu hồng đặc biệt của nó đến từ các khoáng chất vi lượng như oxit sắt, mặc dù hàm lượng natri của nó vẫn tương đương với muối ăn thông thường. Mặc dù thường được tiếp thị vì lợi ích khoáng chất tiềm tàng, giá trị ẩm thực chính của nó nằm ở kết cấu thô và tính thẩm mỹ như một loại muối hoàn thiện cho thịt, rau nướng và các món ăn thủ công.",75
096ad0e5-d5a8-571b-a398-861dfd299287,,,Si-rô mật cây thùa nguyên chất (Raw Agave Syrup),INGREDIENT,310.0,0.09,0.45,76.4,0.2,68.0,4.0,179f9c83-d8b7-4ed3-852a-438529a88828,,,"Xi-rô cây thùa thô là chất làm ngọt được chế biến tối thiểu được chiết xuất từ ​​​​nhựa của cây thùa xanh, được trồng theo truyền thống ở Mexico. Được tiếp thị như một chất thay thế đường tự nhiên với chỉ số đường huyết thấp, nó chứa tới 85% fructose - cao hơn đáng kể so với đường ăn - mang lại ý nghĩa trao đổi chất rõ rệt mặc dù tác động đến lượng đường trong máu chậm hơn. Hương vị trung tính và khả năng tương thích thuần chay của chất làm ngọt dạng lỏng màu hổ phách này khiến nó trở nên phổ biến trong các loại cocktail và các món nướng làm từ thực vật, mặc dù hàm lượng calo của nó vẫn tương đương với các chất làm ngọt thông thường.",75
6655c8c5-8f26-581d-a546-6c62623cf7bc,,,Sốt tắc Ponzu Nhật Bản (Ponzu Sauce),DISH,67.0,0.0,0.0,13.3,0.0,13.3,3200.0,179f9c83-d8b7-4ed3-852a-438529a88828,,,"Nước sốt Ponzu là một loại gia vị của Nhật Bản pha trộn nước ép cam quýt (thường là yuzu, sudachi hoặc chanh) với nước tương, tạo ra hương vị thơm, giàu vị umami nhẹ hơn so với nước tương truyền thống. Loại nước sốt đa năng này kết hợp dashi hoặc mirin để tạo độ đậm đà và được sử dụng rộng rãi làm nước chấm cho bánh bao hoặc sashimi, nước xốt cho protein hoặc nước sốt tươi cho món salad. Độ axit cân bằng và hương vị thơm ngon làm cho nó trở thành một lựa chọn thay thế natri thấp phổ biến đồng thời cung cấp vitamin C tinh tế từ các thành phần cam quýt.",75
df5fcd22-3f84-5413-bbeb-55a8f10bebe3,,,Kem xốp Sherbet vị cam (Orange Sherbet),INGREDIENT,144.0,1.1,2.0,30.4,1.3,24.3,46.0,179f9c83-d8b7-4ed3-852a-438529a88828,,,Nước ép cam là một món tráng miệng từ sữa đông lạnh kết hợp nước ép trái cây họ cam quýt với sữa hoặc kem để thay thế kem nhẹ hơn. Món ăn ngọt này chứa 1-2% chất béo sữa — nhiều hơn kem hấp nhưng ít hơn kem — đồng thời có được hương vị đặc trưng từ hương cam đậm đặc và thường chứa vỏ cam quýt thật. Việc bổ sung sữa sẽ tạo ra kết cấu kem mịn hơn so với các món tráng miệng đông lạnh chỉ có trái cây và nó cung cấp một lượng vitamin C khiêm tốn cùng với các loại đường bổ sung đáng chú ý.,75
a3951e53-2f42-558f-8722-bff2902a3304,,,Bắp rang bơ Kettle Corn không đường (Sugar-Free Kettle Corn),DISH,395.0,12.5,5.0,75.0,14.0,0.5,250.0,179f9c83-d8b7-4ed3-852a-438529a88828,,,"Ngô ấm không đường là một biến thể hiện đại của bỏng ngô ngọt và mặn truyền thống, được chế biến không thêm đường hoặc chất làm ngọt nhân tạo. Phiên bản này đạt được hương vị thông qua việc nêm muối và gia vị cẩn thận, thường sử dụng hạt nhân được thổi khí để duy trì kết cấu nhẹ, giòn. Với lượng carbohydrate và calo ít hơn đáng kể so với ngô ấm tiêu chuẩn, nó được dùng như một món ăn nhẹ phổ biến cho chế độ ăn ít carb, dành cho người tiểu đường hoặc hạn chế calo trong khi vẫn giữ được sự tương phản hài lòng giữa hương vị thơm ngon và ngọt ngào tinh tế.",75
56367f3a-157e-5c17-88a6-a48c4dc94fbe,,,Phô mai Brie vị thảo mộc (Herbed Brie Cheese),INGREDIENT,357.0,14.3,32.1,0.0,0.0,0.5,430.0,179f9c83-d8b7-4ed3-852a-438529a88828,,,"Herbed Brie là một loại pho mát Pháp chín mềm, nổi bật bởi lớp kem bên trong và lớp vỏ ăn được cùng với các loại thảo mộc như húng tây, hương thảo hoặc tỏi. Loại kem ba này chứa ít nhất 60% chất béo sữa, cung cấp hàm lượng protein và canxi phong phú cùng với kết cấu bơ đặc trưng của nó. Lớp phủ thảo mộc làm tăng thêm độ phức tạp về hương thơm, khiến nó trở thành sự lựa chọn linh hoạt cho các miếng pho mát, món khai vị nướng hoặc bánh mì sandwich dành cho người sành ăn. Mặc dù theo truyền thống được làm bằng rennet động vật, nhưng các phiên bản thân thiện với người ăn chay sử dụng enzyme vi sinh vật ngày càng phổ biến.",75
eb70a499-4e91-54cd-8e7e-3515431fcd3f,,,Gia vị bách hương / Allspice (Allspice),INGREDIENT,263.0,6.09,8.69,72.1,21.6,0.0,77.0,179f9c83-d8b7-4ed3-852a-438529a88828,,,"Allspice là một loại quả mọng khô từ cây Pimenta dioica, có nguồn gốc từ vùng Caribe, kết hợp độc đáo các hương vị gợi nhớ đến quế, nhục đậu khấu và đinh hương. Bất chấp tên gọi của nó, nó là một loại gia vị đơn lẻ chứ không phải là một hỗn hợp, với toàn bộ quả mọng giữ được mùi thơm lâu hơn so với các phiên bản xay sẵn. Loại gia vị đa năng này nổi bật trong các loại gia vị khô vùng Caribe, các món hầm Trung Đông và các công thức làm bánh mùa thu, đồng thời cũng chứa các hợp chất chống oxy hóa như eugenol.",75
e9ddd677-d012-56c8-a4a0-07aa7b5ab59c,,,Sốt bơ chanh vàng ngọt (Sweetened Lemon Butter Sauce),DISH,663.0,0.93,70.16,11.0,0.0,10.0,11.4,179f9c83-d8b7-4ed3-852a-438529a88828,,,"Nước sốt bơ chanh ngọt là một loại gia vị tráng miệng được làm bằng cách giảm nước chanh, đường và bơ thành một loại nhũ tương bóng, mượt. Độ axit cam quýt tươi sáng của nó cân bằng độ đậm đà của đường caramen và bơ béo, khiến nó trở thành loại phủ phổ biến cho bánh kếp, bánh ngọt và món tráng miệng trái cây. Mặc dù cung cấp hương vị cam quýt đậm đặc và vitamin C, nhưng nước sốt lại chứa nhiều calo do hàm lượng đường cao và chất béo bão hòa, đòi hỏi phải chia khẩu phần một cách thận trọng để quản lý dinh dưỡng.",75
a990bd9a-5265-5c0c-95f2-8553acc34401,,,Quế Tích Lan / Ceylon Cinnamon (Ceylon Cinnamon),INGREDIENT,247.0,4.0,1.2,80.6,53.1,2.2,10.0,179f9c83-d8b7-4ed3-852a-438529a88828,,,"Quế Ceylon, thường được gọi là 'quế thật', là một loại gia vị cao cấp có nguồn gốc từ vỏ bên trong của cây *Cinnamomum verum* có nguồn gốc từ Sri Lanka. Không giống như loại Cassia phổ biến hơn, nó có kết cấu nhiều lớp, tinh tế và hương vị hoa cam quýt ngọt ngào với hàm lượng coumarin thấp hơn đáng kể — một hợp chất gây lo ngại cho sức khỏe gan khi dùng liều cao. Loại gia vị thơm này được đánh giá cao trong cả các món ăn ngọt và mặn, đặc biệt là trong các món nướng và pha trà, nơi hương vị tinh tế của nó tỏa sáng.",75
aab45153-f917-5502-9579-e4e3d652cf44,,,Bánh cuộn quế ngọt (Cinnamon Sweet Roll),DISH,372.0,6.2,16.4,50.9,2.4,31.7,304.0,179f9c83-d8b7-4ed3-852a-438529a88828,,,"Bánh quế ngọt là một loại bánh ngọt làm từ men có đặc điểm là các lớp nhân đường có gia vị quế xoắn ốc được bọc trong lớp bột mềm, đậm đà. Món bánh nướng hấp dẫn này có được vị ngọt đặc trưng từ sự kết hợp của bột mì tinh chế, bơ và đường nâu, thường phủ thêm phô mai kem hoặc men đường bột. Mặc dù phổ biến như một món ăn sáng hoặc món tráng miệng, nhưng mật độ carbohydrate cao và đường bổ sung khiến nó trở thành một lựa chọn giàu calo thường dành cho những người tiêu dùng không thường xuyên.",75
a703c569-7066-5078-89a1-9e6913bc5423,,,"Viên sô-cô-la quế ngọt (Cinnamon Chips, Sweetened)",DISH,512.0,4.7,25.6,65.1,1.5,35.0,300.0,179f9c83-d8b7-4ed3-852a-438529a88828,,,"Bánh quế có vị ngọt là những miếng đồ ăn nhẹ giòn được làm từ bột mì hoặc bánh ngô phủ đường quế và nướng hoặc chiên để đạt được độ giòn caramen. Những miếng khoai tây chiên dày dạn này có hương vị cay ngọt nhưng lấy phần lớn lượng calo từ đường bổ sung và carbohydrate tinh chế, với hàm lượng protein hoặc chất xơ tối thiểu. Thường được phục vụ như một món tráng miệng đi kèm với salsa trái cây hoặc sô cô la chấm, chúng không phù hợp với chế độ ăn ít đường mặc dù có nguồn gốc từ thực vật.",75
3667699d-5080-51b6-84ab-f14f6223e149,,,"Cá thu đóng hộp ngâm gia vị (Spiced Mackerel, Canned)",INGREDIENT,156.0,23.2,6.3,0.0,0.0,0.0,445.0,179f9c83-d8b7-4ed3-852a-438529a88828,,,"Cá thu tẩm gia vị đóng hộp là một dạng tiện lợi, ăn liền của loại cá có dầu tự nhiên này, thường được nêm với nhiều loại gia vị khác nhau trong quá trình đóng hộp. Loại cá được bảo quản này là nguồn cung cấp axit béo omega-3, protein và vitamin D tuyệt vời, đồng thời mang lại hương vị đậm đà hơn so với cá thu đóng hộp thông thường. Cá được nấu chín hoàn toàn trong quá trình đóng hộp, có thể sử dụng ngay trong bánh mì sandwich, salad hoặc các chế phẩm khác.",75
3dded565-51d8-5387-a786-324d9cbb1463,,,Sốt bít tết tiêu đen (Peppercorn Steak Sauce),DISH,153.0,1.3,12.0,10.0,0.5,8.5,1100.0,179f9c83-d8b7-4ed3-852a-438529a88828,,,"Nước sốt bít tết hạt tiêu là một loại gia vị ngọt có hạt tiêu đen nứt nằm lơ lửng trong lớp nền béo ngậy, béo ngậy thường được làm bằng nước dùng hoặc sữa. Phiên bản này cân bằng độ cay nồng của hạt tiêu với các chất làm ngọt bổ sung như đường hoặc mật ong, tạo ra nước sốt bóng bổ sung cho các món thịt nướng đồng thời mang lại sự tương phản về kết cấu với toàn bộ các mảnh gia vị. Mặc dù có hàm lượng natri thấp hơn nhiều loại nước sốt bít tết nhưng công thức tạo ngọt của nó làm tăng hàm lượng carbohydrate so với nước sốt tiêu mặn truyền thống.",75
cf662d16-a765-5749-8e60-82fa779feddd,,,Hạt mứt óc chó/hồ đào lăn quế (Candied Pecans with Cinnamon),DISH,570.0,7.0,46.0,39.0,7.0,32.0,5.0,179f9c83-d8b7-4ed3-852a-438529a88828,,,"Kẹo hồ đào với quế là những nửa quả hồ đào nguyên hạt đã được phủ một lớp men ngọt và gia vị quế ấm. Những loại hạt đã qua xử lý này kết hợp chất béo tự nhiên có lợi cho tim của quả hồ đào với đường bổ sung, tạo nên lớp vỏ ngoài giòn, kết tinh và bên trong hạt nướng đậm đà. Mặc dù chứa nhiều calo hơn so với quả hồ đào thô do được phủ đường, nhưng chúng vẫn giữ được hàm lượng protein của hạt ban đầu và thường được sử dụng làm món tráng miệng, đồ ăn nhẹ hoặc trang trí salad.",75
ec1c922c-63d6-5b42-b583-84fda7b1e16a,,,"Cá thu đóng hộp sốt mù tạt (Mackerel in Mustard Sauce, Canned)",DISH,206.0,14.0,13.4,6.0,0.0,3.4,342.0,179f9c83-d8b7-4ed3-852a-438529a88828,,,"Cá thu sốt mù tạt đóng hộp là sản phẩm hải sản ăn liền tiện lợi kết hợp giữa cá béo béo với sốt mù tạt được chế biến thơm ngon. Chế phẩm ổn định khi bảo quản này cung cấp hàm lượng đáng kể axit béo omega-3 có lợi cho tim và protein chất lượng cao, trong khi nước sốt mù tạt bổ sung thêm hương vị đặc biệt làm dịu vị tanh tự nhiên. Cá đã được nấu chín trước và có thể ăn ngay từ hộp hoặc đun nóng nhẹ, khiến nó trở thành một lựa chọn tuyệt vời cho các bữa ăn nhanh và bánh mì sandwich.",75
f0033a71-382a-5185-a614-9cfae77e7dae,,,Mật ong hoa kiều mạch (Buckwheat Honey),INGREDIENT,286.0,0.0,0.0,81.0,0.0,76.0,0.0,179f9c83-d8b7-4ed3-852a-438529a88828,,,"Mật ong kiều mạch là một loại mật ong đặc biệt được sản xuất bởi những con ong chủ yếu thu thập mật hoa từ hoa kiều mạch. Loại mật ong có màu sẫm này được đặc trưng bởi hương vị đậm đà, giống như mật đường và hàm lượng khoáng chất cao hơn so với các loại mật ong nhẹ hơn. Đáng chú ý vì chứa nhiều chất chống oxy hóa hơn các loại mật ong thông thường, nó mang lại hương vị đậm đà khiến nó đặc biệt thích hợp để làm bánh và làm chất làm ngọt tự nhiên trong đồ uống có hương vị đậm đà.",75
4a302770-71b5-5bdd-b611-301e2f2fae1b,,,Sốt BBQ kiểu Carolina (Carolina Barbecue Sauce),DISH,117.0,3.3,1.67,26.7,0.0,20.0,733.0,179f9c83-d8b7-4ed3-852a-438529a88828,,,"Nước sốt thịt nướng Carolina là một loại gia vị đặc biệt của vùng được đặc trưng bởi thành phần làm từ giấm, khiến nó khác biệt với nước sốt thịt nướng đặc hơn làm từ cà chua. Nước sốt truyền thống của Đông Carolina có sự pha trộn loãng, thơm giữa giấm và gia vị không có cà chua, trong khi các phiên bản Tây Carolina kết hợp một lượng nhỏ cà chua hoặc sốt cà chua. Loại nước sốt kiểu nhẹ hơn này đặc biệt được biết đến để bổ sung cho thịt lợn kéo và có ít calo hơn đáng kể so với nước sốt thịt nướng thông thường do hàm lượng đường tối thiểu.",75
c059ee04-e5aa-57dc-b0f5-7eac2d3ab52a,,,Cỏ thơm vùng Provence (Herbes de Provence),INGREDIENT,280.0,10.0,6.0,60.0,40.0,1.0,10.0,179f9c83-d8b7-4ed3-852a-438529a88828,,,"Herbes de Provence là một hỗn hợp thảo mộc khô cổ điển của Pháp với sự kết hợp của các loại thảo mộc Địa Trung Hải bao gồm húng tây, húng quế, hương thảo, kinh giới và thường là hoa oải hương. Hỗn hợp thơm này được phân biệt bởi sự cân bằng giữa hương hoa-thảo dược, thể hiện bản chất của ẩm thực miền Nam nước Pháp. Dạng khô cung cấp hương vị đậm đặc lý tưởng để làm gia vị cho các món thịt nướng, rau củ nướng và các món nấu chậm, với thành phần hoa oải hương mang lại đặc tính độc đáo khiến nó khác biệt với các hỗn hợp thảo mộc khác.",75
3576ea64-3df8-5fa9-909b-5e7d083c8f0b,,,Mật ong hoa cỏ xạ hương Alfalfa (Alfalfa Honey),DISH,304.0,0.7,0.0,82.4,0.0,76.7,4.0,179f9c83-d8b7-4ed3-852a-438529a88828,,,"Mật ong cỏ linh lăng là một loại mật ong có màu sáng được sản xuất bởi những con ong chủ yếu thu thập mật hoa từ hoa cỏ linh lăng. Loại mật ong dịu nhẹ này có hương hoa tinh tế với hương vani tinh tế và kết thúc trong trẻo, sắc nét mà không lấn át các thành phần khác. Giống như các loại mật ong nguyên chất khác, nó chứa các enzym tự nhiên và chất chống oxy hóa, đồng thời đặc tính nhẹ của nó khiến nó đặc biệt thích hợp để làm đồ uống ngọt, làm bánh và các ứng dụng yêu cầu hương vị mật ong tinh tế.",75
5a4a2370-87b8-5264-84a2-3e0a96839ac9,,,Sốt BBQ kiểu Kansas City (Kansas City Barbecue Sauce),DISH,160.0,1.0,0.52,37.9,1.4,31.0,613.0,179f9c83-d8b7-4ed3-852a-438529a88828,,,"Nước sốt thịt nướng của Thành phố Kansas là một loại gia vị đặc, đậm đà, đặc trưng bởi vị ngọt của mật đường và nền cà chua đậm đà. Loại nước sốt này khác biệt với các loại nước sốt khác trong khu vực thông qua độ đặc đặc biệt đậm đặc và hương vị phức tạp giúp cân bằng các nốt ngọt, thơm và cay. Thường chứa bột cà chua, đường nâu, mật đường và các loại gia vị khác nhau, loại nước sốt này theo truyền thống được sử dụng vừa làm men nấu ăn vừa làm nước sốt ăn cho thịt hun khói.",75
c1576e03-86ea-5a49-a74f-f94a54244426,,,Sốt Gravy thịt gia cầm tách béo (Fat-Free Poultry Gravy),DISH,25.0,0.0,0.0,6.3,0.0,0.0,520.0,179f9c83-d8b7-4ed3-852a-438529a88828,,,"Nước xốt gia cầm không béo là loại nước sốt ít béo thường được sử dụng để tăng cường vị cho thịt nướng, khoai tây và nhân nhồi. Nó thay thế chất béo từ nước luộc thịt bằng nước dùng hoặc nước kho gia cầm đặc, thường sử dụng bột ngô hoặc bột mì làm nền để tạo độ sệt mịn. Mặc dù lượng calo và chất béo bão hòa thấp hơn đáng kể so với nước sốt truyền thống, nhưng nó vẫn giữ được hương vị umami thơm ngon thông qua các loại thảo mộc và gia vị, mặc dù hàm lượng natri có thể vẫn tương đương. Phiên bản này phục vụ cho chế độ ăn ít chất béo trong khi vẫn duy trì hương vị phong phú được mong đợi trong các ứng dụng thực phẩm tiện lợi.",75
480aab26-944f-58ec-84bc-92f06f7655d1,,,Si-rô hạt dẻ không đường (Sugar-Free Hazelnut Syrup),DISH,7.0,0.0,0.0,10.0,0.0,0.0,0.0,179f9c83-d8b7-4ed3-852a-438529a88828,,,"Xi-rô hạt phỉ không đường là một loại hương liệu không calo được làm bằng chất làm ngọt nhân tạo được thiết kế để mô phỏng xi-rô cà phê hạt phỉ truyền thống. Chất tăng cường đồ uống này mang lại hương vị đậm đà, hấp dẫn của hạt phỉ mà không có hàm lượng đường như xi-rô thông thường, khiến nó trở nên phổ biến đối với những người theo chế độ ăn kiêng low-carb hoặc bệnh tiểu đường. Xi-rô thường được sử dụng trong đồ uống cà phê, đồ uống tráng miệng và làm hương liệu không đường cho các món nướng.",75
71d99bda-e166-58d3-97d5-9aacddb061a0,,,Rau húng quế Thái (Thai Basil),INGREDIENT,23.0,3.15,0.64,2.65,1.8,0.2,4.0,179f9c83-d8b7-4ed3-852a-438529a88828,,,"Húng quế Thái là một loại húng quế đặc biệt có đặc điểm là thân màu tím và lá nhỏ, hẹp với mùi hồi và cam thảo rõ rệt. Loại thảo mộc thơm này, rất cần thiết trong ẩm thực Đông Nam Á, duy trì hương vị tốt hơn ở nhiệt độ cao so với húng quế ngọt, khiến nó trở nên lý tưởng cho các món xào và cà ri. Húng quế tươi Thái Lan mang lại tác động calo tối thiểu đồng thời cung cấp các hợp chất hương vị đặc biệt và dầu thơm vừa dùng trong ẩm thực vừa trị liệu truyền thống.",75
d3a48c5c-e144-55e5-9775-2efcbbca255d,,,Bơ bí đỏ ngâm gia vị (Spiced Pumpkin Butter),INGREDIENT,200.0,1.0,0.0,50.0,5.0,45.0,20.0,179f9c83-d8b7-4ed3-852a-438529a88828,,,"Bơ bí ngô có gia vị là một loại bơ có vị ngọt theo mùa được làm bằng bí ngô nấu chậm với các loại gia vị ấm như quế, nhục đậu khấu và đinh hương cho đến khi đặc lại. Không giống như các chất bảo quản trái cây, nó có được vị ngọt tự nhiên từ hương vị đất của bí ngô được tăng cường bằng đường bổ sung, đồng thời cung cấp vitamin A và chất xơ đáng chú ý. Loại gia vị mịn, mượt này đóng vai trò như một lớp phủ linh hoạt cho bánh mì nướng hoặc bột yến mạch và là chất tăng hương vị trong các món nướng, cung cấp một giải pháp thay thế không có sữa cho bơ trong các công thức nấu ăn thuần chay.",75
fca215de-7607-5794-b98d-be14317a14cf,,,Sốt hải sản Cocktail (Cocktail Sauce),DISH,126.0,1.36,1.05,28.2,1.8,11.8,1120.0,179f9c83-d8b7-4ed3-852a-438529a88828,,,"Nước sốt cocktail là một loại gia vị thơm chủ yếu được làm từ sốt cà chua hoặc tương ớt kết hợp với cải ngựa đã chế biến sẵn, mang lại hương vị đặc trưng. Nước sốt lạnh này theo truyền thống được dùng làm món ăn kèm với hải sản, đặc biệt là tôm và các loài động vật có vỏ khác. Mặc dù có nhiều biến thể, nước sốt cocktail cổ điển thường chứa tối thiểu chất béo và calo, mang lại hương vị đậm đà mà không ảnh hưởng đáng kể đến thành phần dinh dưỡng tổng thể của bữa ăn.",75
98fe55c7-44ae-5f25-9021-099f0c95fcbb,,,Sốt cải ngựa / Horseradish (Horseradish Sauce),DISH,503.0,1.09,50.9,10.0,1.0,8.98,730.0,179f9c83-d8b7-4ed3-852a-438529a88828,,,"Nước sốt cải ngựa là một loại gia vị dạng kem kết hợp củ cải ngựa nghiền với sốt mayonnaise hoặc kem chua, tạo ra mức nhiệt nhẹ hơn so với cải ngựa nguyên chất. Loại nước sốt đa năng này mang lại vị cay nồng đặc biệt và đặc tính làm sạch xoang từ hàm lượng cải ngựa trong đó, đồng thời duy trì độ đặc mịn, dễ phết. Nó thường được phục vụ với thịt nướng và hải sản, mang đến lựa chọn ít calo hơn so với nhiều loại nước sốt làm từ kem đồng thời mang lại hương vị cải ngựa đặc trưng.",75
3d56def8-6e4c-575b-90a6-569544584844,,,Sốt ớt Habanero (Habanero Sauce),DISH,50.0,0.0,0.0,10.0,0.0,10.0,1750.0,179f9c83-d8b7-4ed3-852a-438529a88828,,,"Sốt Habanero là loại sốt cay cường độ cao được làm chủ yếu từ ớt habanero, được xếp hạng trong số các loại ớt cay nhất thế giới với mức nhiệt từ 100.000-350.000 đơn vị Scoville. Nước sốt thường kết hợp những loại ớt cay nồng này với giấm, trái cây hoặc rau để tạo ra một loại gia vị phức tạp, tươi sáng có thể có màu từ cam đến đỏ. Do hàm lượng capsaicin đậm đặc, loại nước sốt này thường được sử dụng ít như một chất tăng hương vị trong ẩm thực Caribe và Mexico.",75
f593cb92-e370-53e5-9af4-621967453b11,,,Bánh Quiche cà chua và húng quế (Tomato and Basil Quiche),DISH,320.0,10.0,23.0,17.0,4.0,3.0,320.0,179f9c83-d8b7-4ed3-852a-438529a88828,,,"Tomato and Basil Quiche là một loại bánh nướng mặn có lớp vỏ bánh xốp chứa đầy trứng, kem, húng quế tươi và cà chua chín. Món ăn giàu protein này có hàm lượng chất béo vừa phải từ sữa và vỏ bơ, được cân bằng bởi chất xơ và vitamin từ các thành phần thực vật. Húng quế thơm làm tăng thêm vị tươi của thảo dược cho nhân giống như sữa trứng, khiến nó trở thành một lựa chọn ăn chay linh hoạt cho bữa sáng muộn hoặc bữa ăn nhẹ, mặc dù nó thường chứa gluten và sữa.",75
a5101de6-09d9-5e57-ba68-890dd07bd2a0,,,"Cá cơm ướp muối đóng hộp (Anchovies, Canned in Salt)",INGREDIENT,210.0,29.0,10.0,0.0,0.0,0.0,3600.0,179f9c83-d8b7-4ed3-852a-438529a88828,,,"Cá cơm đóng hộp là loại cá nhỏ được muối muối mang lại hương vị đậm đà, giàu vị umami. Những loại cá được bảo quản này đặc biệt giàu chất dinh dưỡng, cung cấp một lượng đáng kể axit béo omega-3, protein và canxi, trong khi hương vị đậm đặc của chúng có nghĩa là chúng thường được sử dụng với số lượng nhỏ. Do quá trình xử lý, những con cá cơm này có hàm lượng natri cao đáng kể, khiến chúng vừa là chất tạo hương vị mạnh vừa là vật liệu cần cân nhắc cho những người theo dõi lượng muối ăn vào.",75
94c40d23-f4dd-54ce-a1aa-1947f1ec0b7c,,,"Cá mòi đóng hộp sốt cay (Sardines in Spicy Sauce, Canned)",DISH,150.0,18.0,7.0,3.0,0.5,2.5,400.0,179f9c83-d8b7-4ed3-852a-438529a88828,,,"Cá mòi đóng hộp sốt cay là loại cá nhỏ, giàu dinh dưỡng được bảo quản bằng nước sốt cà chua đậm đà. Những loại cá ăn liền này chứa nhiều axit béo omega-3, canxi (từ xương ăn được của chúng) và protein chất lượng cao, trong khi nước sốt cay sẽ tạo thêm hương vị hấp dẫn. Cá được làm sạch, nấu chín và đóng hộp với phần xương mềm, có thể ăn được, khiến chúng trở thành một lựa chọn tiện lợi và bổ dưỡng cho các bữa ăn nhanh hoặc dùng làm lớp phủ giàu protein.",75
3a3c1faf-7a7a-5d7f-9a1e-e1903468142c,,,"Ớt Anaheim sấy khô (Anaheim Peppers, Dried)",INGREDIENT,379.0,14.4,3.8,71.8,23.9,47.9,56.0,179f9c83-d8b7-4ed3-852a-438529a88828,,,"Ớt Anaheim ở dạng khô (thường được dán nhãn là ớt Colorado hoặc New Mexico) là một loại ớt nhẹ có dải nhiệt Scoville từ 500-2.500 đơn vị. Quá trình khử nước tập trung vị ngọt tự nhiên của chúng trong khi phát triển các tông màu khói, đất, khiến chúng trở nên lý tưởng để bù nước trong các món hầm hoặc nghiền thành bột ớt. Những loại ớt có hàm lượng calo thấp này giữ được hàm lượng vitamin A và C đáng kể, đóng vai trò là nền tảng hương vị linh hoạt cho các món ăn lấy cảm hứng từ Tây Nam Hoa Kỳ và Mexico.",75
2aa5b0dc-9432-59b8-88d8-398c8bb6a7ad,,,Bánh kem trứng Custard không đường (Sugar-Free Custard),DISH,138.0,5.0,10.0,7.0,0.0,2.0,70.0,179f9c83-d8b7-4ed3-852a-438529a88828,,,"Sữa trứng không đường là một món tráng miệng mịn, kem được làm chủ yếu từ trứng, sữa và các chất thay thế đường, được phục vụ ở trạng thái đông lạnh. Phiên bản này không chứa đường bổ sung trong khi vẫn giữ được kết cấu đậm đà cổ điển của sữa trứng truyền thống thông qua việc sử dụng chất làm ngọt tự nhiên hoặc nhân tạo. Loại sữa trứng đông lạnh, không đường này cung cấp một loại thay thế ít carbohydrate hơn cho sữa trứng thông thường, phù hợp với những người theo chế độ ăn kiêng hạn chế đường hoặc thân thiện với bệnh nhân tiểu đường.",75
485ab7a3-fd1d-5ad4-bd15-a03e141526c4,,,Sốt ớt siêu cay Habanero (Habanero Hot Sauce),DISH,0.0,0.0,0.0,0.0,0.0,0.0,800.0,179f9c83-d8b7-4ed3-852a-438529a88828,,,"Sốt nóng Habanero là một loại gia vị cường độ cao được làm chủ yếu từ ớt habanero, có cấp độ từ 100.000-350.000 đơn vị nhiệt Scoville. Loại nước sốt sôi động này thường kết hợp hương trái cây đặc biệt của hạt tiêu, hương cam quýt với giấm và các loại gia vị khác, tạo ra một hỗn hợp đậm đà và cay hơn đáng kể so với nước sốt nóng truyền thống. Mặc dù nhìn chung có hàm lượng calo thấp nhưng loại nước sốt này có độ đậm đặc cao và nên được sử dụng một cách tiết kiệm, vì nó có nguồn gốc từ các món ăn vùng Caribe và Mỹ Latinh, nơi habaneros được đánh giá cao vì độ cay và hương vị đặc biệt của chúng.",75
f4964511-71e7-5439-aa51-b64a6db990ec,,,Giấm đen / Giấm tiều (Black Vinegar),INGREDIENT,13.3,0.0,0.0,3.3,0.0,3.3,650.0,179f9c83-d8b7-4ed3-852a-438529a88828,,,"Giấm đen là một loại giấm phức hợp có màu sẫm chủ yếu được sản xuất ở Trung Quốc từ các loại ngũ cốc như gạo, lúa mì hoặc lúa miến. Quá trình lên men và lão hóa kéo dài, thường mất vài năm, mang lại hương vị umami đậm đà với hương khói và vị ngọt tinh tế. Nó thường được sử dụng trong ẩm thực châu Á như nước chấm, nước xốt hoặc để tăng thêm độ đậm đà cho các món xào và mì.",75
d86ed10b-b1c2-5b91-839e-e8576c839ca6,,,Sốt mì Ý Carbonara (Carbonara Sauce),DISH,185.0,8.0,14.0,7.0,0.0,4.0,300.0,179f9c83-d8b7-4ed3-852a-438529a88828,,,"Carbonara là một loại nước sốt mì ống cổ điển của La Mã được đặc trưng bởi lớp nhũ tương mịn mượt của trứng sống, pho mát lâu năm như Pecorino Romano và mỡ lợn được chế biến từ guanciale hoặc pancetta. Không giống như nước sốt làm từ kem, kết cấu đặc trưng của nó đến từ việc kết hợp mì ống nóng với trứng để tạo ra lớp phủ đậm đà mà không bị vón cục. Loại nước sốt hấp dẫn này cung cấp lượng protein đáng kể từ trứng và phô mai nhưng lại chứa nhiều chất béo bão hòa và natri do hàm lượng thịt đã qua xử lý.",75
994fdd27-d897-57e3-a544-520fbcd46131,,,Giấm rượu Sherry (Sherry Vinegar),INGREDIENT,27.0,0.0,0.0,0.0,0.0,0.0,43.0,179f9c83-d8b7-4ed3-852a-438529a88828,,,"Giấm sherry là một loại gia vị cao cấp của Tây Ban Nha được sản xuất từ ​​rượu sherry ở vùng Jerez, miền nam Tây Ban Nha. Loại giấm phức hợp này được ủ trong thùng gỗ sử dụng hệ thống Solera truyền thống, tạo ra màu hổ phách đậm và hương vị đậm đà, cân bằng giữa vị ngọt, vị hạt dẻ và caramel với độ axit đặc trưng. Các loại rượu truyền thống được ủ ít nhất sáu tháng, với các phiên bản cao cấp (Reserva và Gran Reserva) mang lại hương vị đậm đặc hơn thông qua quá trình ủ kéo dài.",75
6dcded4c-5178-5e96-9ff9-c6388bcf73f8,,,Ngũ cốc Granola từ hạt nếp không Gluten không đường (Gluten-Free Sugar-Free Seed-Based Granola),INGREDIENT,500.0,13.0,35.0,33.0,7.0,0.0,5.0,179f9c83-d8b7-4ed3-852a-438529a88828,,,"Granola làm từ hạt không đường không chứa gluten là món ăn sáng không chứa ngũ cốc được làm từ các loại hạt giàu dinh dưỡng như bí ngô, hướng dương và hạt chia, nướng thành từng chùm giòn mà không thêm chất làm ngọt. Không giống như granola làm từ yến mạch truyền thống, phiên bản này ưu tiên protein từ thực vật và chất béo lành mạnh trong khi vẫn chứa ít carbohydrate, phù hợp với chế độ ăn keto, nhạt và thân thiện với bệnh nhân tiểu đường. Chế phẩm không đường cho phép sử dụng linh hoạt trong cả món ngọt và món mặn, duy trì kết cấu đậm đà lý tưởng cho lớp phủ sữa chua hoặc đồ ăn nhẹ độc lập.",75
c6c07f12-2b87-5d58-86c9-4993ef2f60b3,,,Si-rô đường pha chế / Simple Syrup (Simple Syrup),DISH,231.0,0.0,0.0,57.7,0.0,57.7,0.0,179f9c83-d8b7-4ed3-852a-438529a88828,,,"Xi-rô đơn giản là chất làm ngọt dạng lỏng được tạo ra bằng cách hòa tan các phần đường cát và nước bằng nhau khi đun nóng. Chất làm ngọt trong, sền sệt này chủ yếu được sử dụng trong cocktail và đồ uống vì nó dễ hòa trộn hơn đường cát trong đồ uống lạnh. Trong khi xi-rô đơn giản truyền thống sử dụng tỷ lệ 1:1 đường và nước, thì xi-rô đơn giản đậm đà (tỷ lệ 2:1) mang lại khả năng làm ngọt đậm đặc hơn và thời hạn sử dụng lâu hơn.",75
1b1366fc-d282-5b04-bdd5-b2ed754fc8c1,,,Sốt BBQ vị mù tạt (Mustard Barbecue Sauce),DISH,173.0,1.0,1.0,40.0,0.5,35.0,1000.0,179f9c83-d8b7-4ed3-852a-438529a88828,,,"Nước sốt thịt nướng mù tạt là một loại gia vị kiểu Nam Carolina được xác định bởi sự kết hợp đậm đà của mù tạt vàng, giấm và chất ngọt bổ sung. Sự biến đổi theo vùng này trái ngược với các loại nước sốt làm từ cà chua, mang lại hương vị thơm, hơi cay được làm mềm bằng caramel hoặc đường, tạo thành caramen khi nướng hoặc hun khói. Chủ yếu được sử dụng để tráng men thịt lợn và thịt gia cầm, phiên bản có đường giúp tăng hương vị đậm đặc calo nhưng yêu cầu chia khẩu phần hợp lý do hàm lượng đường bổ sung cao.",75
2669412d-ab3a-5f87-9827-a9d6a34ba0e1,,,Muối ăn tinh luyện (Table Salt),INGREDIENT,0.0,0.0,0.0,0.0,0.0,0.0,38800.0,179f9c83-d8b7-4ed3-852a-438529a88828,,,"Muối ăn là một loại gia vị khoáng tinh chế có thành phần chủ yếu là natri clorua, thường được tăng cường iốt để ngăn ngừa sự thiếu hụt. Các tinh thể hạt mịn trải qua quá trình xử lý để loại bỏ tạp chất và thường chứa chất chống đóng bánh để cải thiện khả năng rót. Mặc dù cần thiết để tăng hương vị và bảo quản thực phẩm, nhưng việc ăn quá nhiều góp phần đáng kể vào mức natri cao trong chế độ ăn uống hiện đại, điều mà các tổ chức y tế liên quan đến nguy cơ tim mạch.",75
9fc410b3-469e-53ce-82cf-edd548f42f16,,,Mật ong Manuka (Manuka Honey),DISH,322.0,0.4,0.0,80.0,0.0,78.0,2.3,179f9c83-d8b7-4ed3-852a-438529a88828,,,"Mật ong Manuka là một loại mật ong đơn hoa được sản xuất ở New Zealand bởi những con ong thụ phấn cho bụi cây Manuka bản địa (Leptospermum scoparium). Loại mật ong này nổi bật bởi hàm lượng methylglyoxal (MGO) đặc biệt cao, mang lại đặc tính kháng khuẩn mạnh hơn mật ong thông thường, được đo thông qua hệ thống phân loại UMF hoặc MGO. Mật ong sền sệt, màu hổ phách có hương vị đất đặc trưng với hương thảo dược và vừa đóng vai trò như chất làm ngọt tự nhiên vừa là thực phẩm chức năng trong thực hành sức khỏe toàn diện.",75
5cc478c6-5ed8-578c-83ac-319fef50ffb1,,,Kem xốp Sherbet vị chanh xanh (Lime Sherbet),INGREDIENT,141.0,1.0,1.0,32.0,0.0,22.0,38.0,179f9c83-d8b7-4ed3-852a-438529a88828,,,"Lime sherbet là một món tráng miệng đông lạnh có đường được làm từ nước ép cam quýt, sữa (thường là sữa hoặc kem) và đường, mang lại kết cấu cân bằng giữa độ kem của kem với vị nhẹ của kem hấp. Hương vị chanh tươi, chua của nó tương phản với vị ngọt rõ rệt từ đường bổ sung, trong khi hàm lượng sữa mang lại vị đậm đà tinh tế. Mặc dù ít chất béo hơn kem nhưng nó lại chứa lactose và nhiều carbohydrate hơn, khiến việc nhận thức về khẩu phần ăn trở thành chìa khóa cho chế độ ăn kiêng đường. Món tráng miệng này thường được thưởng thức như một món ăn giải khát độc lập hoặc được sử dụng như một chất làm sạch vòm miệng trong các bữa ăn nhiều món.",75
282a39f4-7c14-58ca-9a03-a90d0d3ff43c,,,"Lá bạc hà sấy khô (Peppermint, Dried)",INGREDIENT,350.0,12.0,7.0,68.0,42.0,2.0,10.0,179f9c83-d8b7-4ed3-852a-438529a88828,,,"Bạc hà khô bao gồm các lá đã khử nước của cây Mentha × piperita, được đánh giá cao nhờ hàm lượng tinh dầu bạc hà đậm đà và hương thơm sảng khoái. Loại thảo mộc không chứa caffeine này vẫn giữ được các hợp chất hương vị đậm đặc trong quá trình sấy khô, khiến nó trở thành một thành phần hiệu quả cho các loại trà thảo dược, thuốc hỗ trợ tiêu hóa và gia vị ẩm thực. Cấu hình ít calo của nó mang lại nguồn cung cấp phong phú chất chống oxy hóa và tinh dầu, trong khi hương vị giòn, mát giúp tăng cường cả các món ngọt và công thức nấu ăn mặn như salad Trung Đông hoặc các chế phẩm từ thịt cừu.",75
d878327f-8259-51a7-b9f7-f93129b28c7f,,,Sốt ớt băm ngâm chua cay (Hot Pepper Relish),DISH,90.0,0.5,0.0,20.0,2.0,12.0,640.0,179f9c83-d8b7-4ed3-852a-438529a88828,,,"Gia vị ớt cay là một loại gia vị thơm ngon được làm từ ớt cay thái nhỏ, thường kết hợp với ớt ngọt, hành tây và nước muối pha giấm. Loại gia vị được bảo quản này mang lại sự cân bằng đặc biệt giữa độ nóng và vị ngọt, với kết cấu dai nhưng dễ phết, giúp phân biệt với nước sốt nóng hoặc phết hạt tiêu thông thường. Nó thường được sử dụng để tăng cường chất lượng cho bánh mì sandwich, xúc xích và bánh nướng, đồng thời bổ sung lượng calo tối thiểu nhưng hương vị đáng kể cho các món ăn.",75
f50046bb-9ad3-59b3-9519-2b3e869dd84a,,,Sốt Teriyaki không đường (Sugar-Free Teriyaki Sauce),DISH,33.3,6.67,0.0,6.67,0.0,0.0,2000.0,179f9c83-d8b7-4ed3-852a-438529a88828,,,"Sốt teriyaki không đường là một loại gia vị thơm ngon tái tạo hương vị teriyaki truyền thống của Nhật Bản bằng cách sử dụng chất làm ngọt thay thế như stevia hoặc erythritol thay vì đường hoặc mật ong. Nó vẫn giữ được hỗn hợp giàu vị umami đặc trưng của nước tương, gừng và tỏi nhưng với lượng carbohydrate ít hơn đáng kể, khiến nó phù hợp với chế độ ăn kiêng low-carb và bệnh tiểu đường. Phiên bản không đường này hoạt động tốt như nước xốt hoặc men cho protein và rau quả, mặc dù hàm lượng natri của nó có thể cần ở mức độ vừa phải đối với những người nhạy cảm với natri.",75
7fa319a2-9692-5f97-9678-b15b179a7726,,,Đậu nành rang muối (Salted Soy Nuts),DISH,471.0,37.0,25.4,31.9,17.7,4.2,163.0,179f9c83-d8b7-4ed3-852a-438529a88828,,,"Hạt đậu nành muối là loại đậu nành trưởng thành được rang mang đến một món ăn nhẹ giòn, thơm ngon với hàm lượng chất xơ và protein thực vật đáng chú ý. Được tạo ra bằng cách ngâm, nấu và rang khô toàn bộ đậu nành trước khi muối, chúng mang lại kết cấu giống như hạt trong khi vẫn không chứa gluten tự nhiên và thuần chay. Mặc dù giàu dinh dưỡng nhưng hàm lượng natri của chúng cao hơn đáng kể so với các sản phẩm đậu nành không muối, khiến việc nhận thức về khẩu phần ăn trở nên quan trọng đối với chế độ ăn nhạy cảm với natri.",75
20629570-1af8-526f-af87-5b7d42bb1917,,,Quýnh mâm xôi đen đóng hộp ngâm si-rô nhẹ (Canned Blackberries in Light Syrup),DISH,90.0,1.0,0.3,22.3,5.0,17.3,9.0,179f9c83-d8b7-4ed3-852a-438529a88828,,,"Quả mâm xôi đóng hộp trong xi-rô nhẹ là loại quả mọng được bảo quản được nấu chín và bảo quản trong chất lỏng có vị ngọt nhẹ, cung cấp quanh năm với chi phí bổ sung đường. Trong khi quá trình đóng hộp làm mềm kết cấu của chúng và làm giảm một số chất dinh dưỡng nhạy cảm với nhiệt, chúng vẫn giữ được hàm lượng chất xơ và vitamin C đáng kể. Định dạng ổn định khi bảo quản này thường được sử dụng trong các món tráng miệng, lớp phủ sữa chua hoặc các ứng dụng làm bánh mà không thể sử dụng quả mọng tươi.",75
cda745d6-8180-5d6a-b962-b7e5505b11b5,,,Quế Sài Gòn / Quế Việt Nam (Saigon Cinnamon),INGREDIENT,247.0,4.0,1.0,80.0,40.0,2.0,10.0,179f9c83-d8b7-4ed3-852a-438529a88828,,,"Quế Sài Gòn hay còn gọi là quế Việt Nam là loại quế quế cao cấp được đánh giá cao nhờ vị ngọt đậm đà và hàm lượng cinnamaldehyde cao. Loại gia vị thơm này có hương vị đậm đà, cay-ngọt giúp phân biệt với loại quế Ceylon nhẹ hơn, với các loại tinh dầu đậm đặc vừa góp phần tạo nên sự hấp dẫn về mặt ẩm thực vừa mang lại lợi ích sức khỏe tiềm ẩn. Vỏ khô thường được nghiền để làm bánh hoặc dùng nguyên vỏ trong các món ninh và đồ uống có gia vị, mang lại hương vị đậm đà với số lượng nhỏ.",75
1d464da2-316d-595a-a4a2-f96dbfbdda86,,,Kem xốp Sherbet ngũ sắc (Rainbow Sherbet),INGREDIENT,135.0,1.0,1.4,30.0,0.5,23.0,40.0,179f9c83-d8b7-4ed3-852a-438529a88828,,,"Nước quả cầu vồng là món tráng miệng đông lạnh kết hợp nhiều hương vị trái cây và màu sắc rực rỡ trong các lớp hoặc hình xoáy riêng biệt. Nó chứa một lượng nhỏ sữa (1-2% chất béo sữa), định vị nó giữa kem hấp và kem với độ đậm đà, nhưng vẫn duy trì kết cấu kem nhẹ khi khuấy. Mặc dù có hương vị trái cây nhưng vị ngọt của nó chủ yếu đến từ đường bổ sung, khiến nó trở thành một loại kem thay thế ít chất béo nhưng vẫn chứa nhiều đường cho kem truyền thống, thường được phục vụ như một món ăn tươi sáng, ăn mừng.",75
7761ba47-2412-5b6e-a31f-4e5793b0856f,,,Lá kinh giới Mễ / Mexican Oregano (Mexican Oregano),INGREDIENT,25.0,1.0,1.0,5.0,4.0,1.0,10.0,179f9c83-d8b7-4ed3-852a-438529a88828,,,"Lá oregano Mexico là một loại thảo mộc thơm tươi có nguồn gốc từ Mexico và Trung Mỹ, thuộc họ cỏ roi ngựa chứ không phải họ bạc hà như lá oregano Địa Trung Hải. Hương vị cam quýt của nó có hương cam thảo và hương đất tinh tế, với hàm lượng tinh dầu cao hơn mang lại đặc tính chống oxy hóa mạnh hơn so với đối tác châu Âu. Theo truyền thống, lá được sử dụng tươi trong salsas, nước xốt và chà thịt, mang lại chất tăng hương vị không chứa gluten cho ẩm thực Mexico và Tex-Mex chính thống.",75
5a220fd2-09e0-5e9a-80e7-b7a1afea58a6,,,Si-rô ngô / Corn Syrup (Corn Syrup),DISH,283.0,0.0,0.2,76.8,0.0,76.8,62.0,179f9c83-d8b7-4ed3-852a-438529a88828,,,"Xi-rô ngô là chất làm ngọt dạng lỏng được sản xuất bằng cách phân hủy tinh bột ngô thành các phân tử glucose bằng enzyme. Xi-rô tinh chế cao này ngăn chặn sự kết tinh đường trong kẹo và đồ nướng đồng thời bổ sung khả năng giữ ẩm cho thực phẩm chế biến. Mặc dù tương tự như đường ăn về hàm lượng calo, nhưng nó chứa tối thiểu chất dinh dưỡng và có chỉ số đường huyết cao do hàm lượng glucose đậm đặc, giúp phân biệt với xi-rô ngô có hàm lượng fructose cao trải qua quá trình xử lý bổ sung.",75
f0c4dc77-1f39-57eb-b192-4ccc137a0de7,,,Mật ong hoa bạch đàn (Eucalyptus Honey),DISH,286.0,0.3,0.0,76.0,0.0,76.0,0.0,179f9c83-d8b7-4ed3-852a-438529a88828,,,"Mật ong bạch đàn là một loại mật đơn hoa được tạo ra bởi những con ong tìm kiếm thức ăn chủ yếu trên hoa bạch đàn, có nguồn gốc từ Úc nhưng hiện được thu hoạch trên toàn thế giới. Nó có hương vị thảo dược mạnh mẽ với tông màu tinh dầu bạc hà đặc biệt và màu hổ phách đậm đặc trưng. Loại mật ong này chứa hàm lượng chất chống oxy hóa cao hơn nhiều loại nhẹ hơn và thường được sử dụng để làm dịu sự khó chịu về đường hô hấp, mặc dù chưa được chứng minh về mặt y tế. Quá trình xử lý tối thiểu giúp bảo tồn các enzyme tự nhiên và khoáng chất vi lượng, đồng thời giữ lại hàm lượng đường tự nhiên cao thường có ở tất cả các loại mật ong.",75
5943b77f-1015-514c-99f3-e649c4c102c9,,,Đá bào kem tuyết kiểu Ý không đường (Sugar-Free Italian Ice),DISH,53.0,0.0,0.0,18.8,0.0,0.0,14.0,179f9c83-d8b7-4ed3-852a-438529a88828,,,"Đá Ý không đường là món tráng miệng đông lạnh có kết cấu tươi mát tương tự như đá Ý truyền thống trong khi sử dụng chất làm ngọt nhân tạo thay cho đường. Món ăn dạng tinh thể mịn màng này thường chứa tối thiểu hoặc không chứa calo và không chứa sữa, nên phù hợp với nhiều chế độ ăn kiêng khác nhau. Bánh kẹo đông lạnh có nhiều hương vị trái cây và cung cấp một giải pháp thay thế làm mát cho kem cho những người đang theo dõi lượng đường tiêu thụ hoặc đang tìm kiếm các lựa chọn món tráng miệng nhẹ nhàng hơn.",75
10b0581b-a9b1-59ee-a04a-00788c1b93f9,,,Cá cơm muối khô (Salt-Cured Anchovies),INGREDIENT,167.0,26.0,6.2,0.0,0.0,0.0,75.0,179f9c83-d8b7-4ed3-852a-438529a88828,,,"Cá cơm muối là loại cá nhỏ được bảo quản qua quá trình muối kỹ lưỡng và sau đó được rửa sạch để sử dụng trong ẩm thực. Những loại cá được bảo quản này phát triển hương vị umami đậm đặc, đậm đà và kết cấu mềm giúp phân biệt chúng với các loại cá tươi. Giàu axit béo omega-3 và protein, những con cá cơm này thường được sử dụng như một thành phần tăng hương vị trong ẩm thực Địa Trung Hải, chỉ với một lượng nhỏ sẽ tạo thêm độ đậm đà đáng kể cho món ăn.",75
8330859a-b9d5-53e0-9acb-ec7f3d5ae0fa,,,"Cỏ xạ hương hương chanh sấy khô (Lemon Thyme, Dried)",INGREDIENT,276.0,9.1,7.4,63.9,37.0,1.7,55.0,179f9c83-d8b7-4ed3-852a-438529a88828,,,"Húng tây chanh khô là một loại thảo mộc thơm kết hợp hương đất truyền thống của cỏ xạ hương với hương cam quýt riêng biệt. Loại thảo mộc Địa Trung Hải này vẫn giữ được hương vị đậm đặc khi sấy khô, mang lại hương vị đậm đà hơn so với loại tươi trong khi yêu cầu khối lượng ít hơn trong công thức nấu ăn. Lá khô chứa các loại dầu dễ bay hơi có lợi và chất chống oxy hóa, làm cho nó vừa là một chất bổ sung có hương vị vừa bổ dưỡng cho các món gia cầm, cá và rau.",75
babd388e-2556-5c84-886e-d01121285459,,,Kẹo caramel mặn (Salted Caramels),INGREDIENT,526.0,5.1,25.2,71.1,0.3,58.0,945.0,179f9c83-d8b7-4ed3-852a-438529a88828,,,"Caramen muối là loại bánh kẹo được làm bằng cách nấu đường và các sản phẩm từ sữa cho đến khi caramen hóa, sau đó hoàn thiện bằng muối chất lượng cao giúp tăng cường vị ngọt phức tạp. Những viên kẹo này có màu hổ phách đặc trưng và kết cấu dai, mềm khi đun nóng, với các tinh thể muối mang lại cả sự tương phản về hương vị và sự thay đổi kết cấu. Mặc dù chủ yếu là một món tráng miệng có nhiều đường và chất béo bão hòa, nhưng muối giúp điều chỉnh độ ngọt và tạo ra hương vị phức tạp hơn.",75
e43096a9-9b9a-516c-af27-b119c63c28d0,,,Kem que không đường (Sugar-Free Popsicle),DISH,21.0,0.0,0.0,5.14,0.0,1.52,10.0,179f9c83-d8b7-4ed3-852a-438529a88828,,,"Kem que không đường là một món tráng miệng đông lạnh được làm không thêm đường, thay vào đó dựa vào chất làm ngọt nhân tạo hoặc các chất thay thế đường tự nhiên như stevia hoặc erythritol. Những món ăn ít calo này duy trì kết cấu sảng khoái của kem que truyền thống đồng thời cung cấp lượng carbohydrate tối thiểu, khiến chúng trở nên phổ biến đối với chế độ ăn keto, bệnh tiểu đường hoặc hạn chế calo. Chúng thường có hương vị chiết xuất hoặc tinh chất trái cây và giữ được độ đặc đặc trưng của chúng mặc dù không có đường.",75
05f3e04f-bb78-5a8a-8f04-54f1c7036931,,,Cỏ xạ hương hương chanh (Lemon Thyme),INGREDIENT,101.0,5.6,1.7,24.0,14.0,1.0,20.0,179f9c83-d8b7-4ed3-852a-438529a88828,,,"Húng tây chanh là một loại thảo mộc có mùi thơm đặc trưng bởi hương cam quýt tươi sáng và hương chanh tinh tế, giúp phân biệt với cỏ xạ hương thông thường. Lá tươi thường được dùng làm gia vị cho các món ăn gia cầm, hải sản và rau trong ẩm thực Địa Trung Hải, thường được thêm vào muộn khi nấu để bảo quản hương vị của chúng. Loại thảo mộc có hàm lượng calo thấp này cung cấp một lượng nhỏ vitamin C và chất chống oxy hóa đồng thời góp phần tăng cường hương vị đáng kể mà không cần thêm chất béo hoặc natri.",75
e4b52b80-cdb2-5037-9d26-7b597701f231,,,Đường thô Muscovado (Muscovado Sugar),DISH,380.0,0.0,0.0,95.0,0.0,95.0,90.0,179f9c83-d8b7-4ed3-852a-438529a88828,,,"Đường Muscovado là một loại đường mía chưa tinh chế được phân biệt bởi kết cấu ẩm và hương vị mật đường sâu được giữ lại thông qua quá trình chế biến tối thiểu. Loại đường màu nâu sẫm này chứa các khoáng chất tự nhiên như canxi, magie và sắt do được giữ lại trong nước mía giàu mật đường trong quá trình sản xuất. Các tinh thể dạng hạt, dính và hương caramel phức tạp của nó làm cho nó đặc biệt có giá trị trong các món nướng, nước sốt thịt nướng và các công thức nấu ăn đòi hỏi sự phát triển hương vị mạnh mẽ.",75
ad1c6ed2-cdaa-50e1-8d8a-b4970689d340,,,Ớt Jalapeño nhồi phô mai chiên (Stuffed Jalapeño Peppers),DISH,240.0,8.8,15.6,16.4,2.5,4.0,444.0,179f9c83-d8b7-4ed3-852a-438529a88828,,,"Ớt jalapeño nhồi là món khai vị phổ biến bao gồm ớt jalapeños tươi rỗng và chứa đầy pho mát kem, phô mai cheddar hoặc thịt tẩm gia vị, sau đó nướng hoặc nướng cho đến khi mềm. Quá trình nấu làm mềm đi độ nóng tự nhiên của hạt tiêu trong khi làm tan chảy phần nhân thành một lớp kem tương phản đậm đà. Mặc dù thường có hàm lượng protein và chất béo cao nhưng hàm lượng calo của chúng thay đổi đáng kể tùy theo lựa chọn nhân nhồi, với nhiều công thức kết hợp thịt xông khói hoặc vụn bánh mì để tăng thêm kết cấu và hương vị.",75
7815d08f-3bd8-5141-a8d2-862335c286ad,,,Đá tuyết / Đá xay Slush không đường (Sugar-Free Slush),DISH,5.0,0.0,0.0,1.5,0.0,0.0,10.0,179f9c83-d8b7-4ed3-852a-438529a88828,,,"Nước sền sệt không đường là đồ uống đông lạnh có kết cấu tinh thể giống như tuyết đặc trưng được làm mà không cần chất làm ngọt truyền thống. Món thay thế ít calo này cho các loại nước xốt thông thường thường sử dụng chất thay thế đường hoặc chất làm ngọt tự nhiên không chứa calo để đạt được hương vị ngọt ngào. Hỗn hợp đông lạnh duy trì độ đặc dạng hạt, lạnh như băng quen thuộc của món cháo truyền thống đồng thời mang đến một lựa chọn sảng khoái cho những người theo dõi lượng đường tiêu thụ hoặc tuân theo các yêu cầu ăn kiêng cụ thể.",75
1c249262-010c-544c-9560-e187122e8700,,,Si-rô mật cây thùa ướp hương vị (Flavored Agave Syrup),DISH,310.0,0.09,0.45,76.37,0.2,76.2,4.0,179f9c83-d8b7-4ed3-852a-438529a88828,,,"Xi-rô cây thùa có hương vị là chất làm ngọt có nguồn gốc từ thực vật có nguồn gốc từ cây xương rồng agave, được pha với hương vị tự nhiên hoặc nhân tạo như vani, caramel hoặc chiết xuất từ ​​​​trái cây. Mặc dù có kết cấu và vị ngọt tương tự như cây thùa thông thường, nhưng nó có chứa các hương liệu bổ sung giúp nâng cao tính linh hoạt của nó trong các loại cocktail, đồ nướng và lớp phủ trên món tráng miệng. Xi-rô này vẫn giữ được hàm lượng fructose cao của cây thùa, cung cấp một giải pháp thay thế mật ong thân thiện với người ăn chay nhưng có tác động về đường huyết tương đương với các chất làm ngọt dạng lỏng khác.",75
829534ff-83c3-5a41-a2b7-584f49362e55,,,Bánh táo nướng giòn ướp gia vị (Spiced Apple Crisp),DISH,161.0,1.75,3.43,30.8,1.4,19.7,351.0,179f9c83-d8b7-4ed3-852a-438529a88828,,,"Táo tẩm gia vị giòn là một món tráng miệng nướng có táo mềm tẩm gia vị quế và nhục đậu khấu bên dưới lớp phủ yến mạch vụn sẽ trở nên vàng và giòn khi nấu chín. Món ăn cổ điển Bắc Mỹ này có được vị ngọt từ cả trái cây caramen và đường bổ sung, cân bằng cảm giác ngon miệng với lợi ích giàu chất xơ của yến mạch và táo. Sự tương phản giữa lớp trái cây mềm, có gia vị ấm áp và lớp trên cùng giòn, bơ tạo nên kết cấu đặc trưng của nó.",75
23cde413-707e-518a-a9eb-feaf44952f6f,,,Đường cây phong (Maple Sugar),INGREDIENT,354.0,0.1,0.26,89.4,0.0,81.8,11.0,179f9c83-d8b7-4ed3-852a-438529a88828,,,"Đường phong là chất làm ngọt được xử lý tối thiểu bằng cách đun sôi nhựa cây phong cho đến khi nó kết tinh thành dạng hạt. Đường tự nhiên này giữ lại các khoáng chất vi lượng như canxi và kali từ nhựa cây, mang lại giá trị dinh dưỡng cao hơn một chút so với đường trắng tinh luyện. Hương vị phong caramen đặc biệt của nó làm cho nó trở thành một lựa chọn thay thế phổ biến trong việc làm bánh và làm ngọt đồ uống, đặc biệt có giá trị trong chế biến thực phẩm hữu cơ và thủ công.",75
27bc73af-3dd2-55f9-9587-614329b3ca20,,,Ớt siêu cay Habanero (Habanero Pepper),INGREDIENT,40.0,2.0,0.4,9.0,1.5,4.0,7.0,179f9c83-d8b7-4ed3-852a-438529a88828,,,"Ớt habanero là một trong những loại ớt cay nhất thế giới, có nhiệt độ từ 100.000-350.000 đơn vị nhiệt Scoville. Loại hạt tiêu nhỏ hình đèn lồng này thường chín có màu cam sáng hoặc đỏ và có hương vị trái cây đặc biệt giống như cam quýt bên dưới sức nóng mãnh liệt của nó. Nên thận trọng khi xử lý habaneros tươi vì dầu của chúng có thể gây kích ứng da và mắt, trong khi hàm lượng capsaicin cao của chúng mang lại cả tính nóng ẩm và lợi ích chống viêm tiềm tàng.",75
9cae2e4d-388b-54f6-aec6-64b7b37a99e1,,,Si-rô ngô màu sẫm (Dark Corn Syrup),DISH,286.0,0.0,0.0,77.6,0.0,77.6,155.0,179f9c83-d8b7-4ed3-852a-438529a88828,,,"Xi-rô ngô đen là một chất làm ngọt sền sệt có nguồn gốc từ tinh bột ngô, được phân biệt với xi-rô ngô nhạt bằng cách bổ sung mật đường để tạo ra hương vị caramel đậm đà và màu hổ phách. Độ đặc sệt và khả năng chống kết tinh của nó khiến nó trở nên lý tưởng cho các món nướng như bánh hồ đào và men, nơi nó giúp tăng cường khả năng giữ ẩm và tạo caramen. Mặc dù về mặt dinh dưỡng tương tự như các loại xi-rô khác về hàm lượng đường, nhưng nó khác với xi-rô ngô có hàm lượng fructose cao thông qua thành phần glucose đơn giản hơn và các phương pháp chế biến truyền thống.",75
7f81d603-a4ab-553b-84b0-7f8c842b56eb,,,Rau húng quế tím (Purple Basil),INGREDIENT,23.0,3.15,0.64,2.7,1.5,0.4,4.0,179f9c83-d8b7-4ed3-852a-438529a88828,,,"Húng quế tím là một loại thảo mộc ẩm thực sống động được phân biệt bởi lá và thân màu đỏ tía đậm, có màu sắc từ anthocyanin giàu chất chống oxy hóa. Mặc dù có hương vị tương tự như húng quế ngọt xanh, nhưng nó có vị hơi cay và chủ yếu được sử dụng tươi để giữ được cả màu sắc nổi bật và hương thơm tinh tế. Loại thảo dược này làm tăng thêm hương vị và hương vị phức tạp cho món salad, món trang trí và dầu ngâm, đồng thời mật độ dinh dưỡng của nó khiến nó trở thành một thành phần chức năng trong các món ăn Địa Trung Hải và Đông Nam Á.",75
747e9931-4345-50c7-bfc5-adf9305e28d0,,,Si-rô ngô màu nhạt (Light Corn Syrup),DISH,283.0,0.0,0.2,76.8,0.0,76.8,62.0,179f9c83-d8b7-4ed3-852a-438529a88828,,,"Xi-rô ngô nhẹ là chất làm ngọt dạng lỏng trong, nhớt được tạo ra bằng cách xử lý tinh bột ngô thành glucose và làm trong để loại bỏ màu. Không giống như xi-rô ngô có hàm lượng fructose cao, nó hầu như chỉ chứa glucose và được đánh giá cao trong việc nướng bánh để ngăn chặn sự kết tinh đường trong kẹo, kem phủ và mứt. Nguồn carbohydrate tinh chế này cung cấp lượng calo rỗng với các chất dinh dưỡng tối thiểu và khác với xi-rô ngô đen ở chỗ không bổ sung thêm mật đường.",75
5f4e75b7-a4f1-5dc3-90a3-1b3e56d4be30,,,Cá trích muối (Salted Herring),INGREDIENT,260.99,13.1,23.5,0.0,0.0,0.0,5380.0,179f9c83-d8b7-4ed3-852a-438529a88828,,,"Cá trích muối là loại cá được bảo quản được chế biến thông qua phương pháp sấy khô hoặc ngâm nước muối truyền thống nhằm tăng cường hương vị đậm đà tự nhiên đồng thời kéo dài thời hạn sử dụng. Chế phẩm này giữ lại hàm lượng axit béo omega-3 cao của cá nhưng làm tăng đáng kể nồng độ natri, cần cân nhắc chế độ ăn hạn chế natri. Thịt chắc, đặc và vị mặn đậm khiến nó trở thành món ăn chủ yếu trong ẩm thực Scandinavia và Bắc Âu, thường được thái lát mỏng, ngâm để giảm độ mặn hoặc kết hợp với các món ăn như cá trích ngâm và bánh mì kẹp mặt mở smørrebrød.",75
19ffbe73-06e1-5010-b713-f5db9d8d234c,,,Bánh Pie kem đường (Sugar Cream Pie),DISH,532.0,5.0,36.0,47.0,1.0,30.0,300.0,179f9c83-d8b7-4ed3-852a-438529a88828,,,"Sugar Cream Pie, còn được gọi là Hoosier Pie, là món tráng miệng truyền thống của Indiana có từ những năm 1800, đặc trưng bởi nhân béo ngậy giống như sữa trứng làm từ kem, đường, bột mì và vani. Chiếc bánh đơn giản nhưng sang trọng này có độ đặc mịn, đặc tương tự như crème brûlée, được đặt trong vỏ bánh truyền thống. Là một trong những loại bánh kem có hàm lượng calo cao nhất, nó nổi tiếng vì cách chế biến đơn giản bằng cách sử dụng kim bấm trong tủ đựng thức ăn và sự khác biệt của nó là loại bánh chính thức của bang Indiana.",75
a428c3d2-acc9-5d8d-a2dd-93f321982c28,,,Si-rô mầm lúa mạch / Mạch nha (Malt Syrup),DISH,318.0,6.2,0.0,71.3,0.0,71.3,35.0,179f9c83-d8b7-4ed3-852a-438529a88828,,,"Xi-rô mạch nha là một chất làm ngọt đặc, sền sệt được tạo ra bằng cách chuyển hóa tinh bột trong ngũ cốc mạch nha—thường là lúa mạch—thành đường có thể lên men bằng enzyme. Đặc trưng bởi màu hổ phách đậm và hương vị mạch nha giống caramel, nó chứa chủ yếu là maltose chứ không phải sucrose, dẫn đến độ ngọt ít hơn 30-40% so với đường tinh luyện. Thành phần truyền thống này được đánh giá cao trong nướng bánh mì để tăng cường độ nâu của vỏ bánh và ủ bia để lên men, mặc dù hàm lượng gluten từ lúa mạch khiến nó không phù hợp với chế độ ăn không có gluten.",75
ae087975-f080-59c7-97ff-58eab3186ad8,,,Tiêu hồng / Pink Peppercorns (Pink Peppercorns),INGREDIENT,320.0,10.0,6.0,68.0,30.0,1.0,20.0,179f9c83-d8b7-4ed3-852a-438529a88828,,,"Hạt tiêu hồng là quả mọng khô từ cây *Schinus molle* hoặc *Schinus terebinthifolius*, còn được gọi là cây tiêu Peru và cây tiêu Brazil, và không phải là hạt tiêu thật. Chúng mang đến hương vị trái cây ngọt ngào với vị hơi cay nhẹ, khác biệt với vị cay nồng hơn của hạt tiêu đen. Những loại quả mọng tinh tế này thường được sử dụng nguyên quả hoặc nghiền nát như một chất trang trí và tạo hương vị đầy màu sắc trong cả món ngọt và món mặn, tạo thêm sự phức tạp tinh tế.",75
02f172fe-d341-5f14-a110-636194622bb0,,,Mật ong hoa Tupelo (Tupelo Honey),DISH,286.0,0.0,0.0,80.95,0.0,76.19,4.0,179f9c83-d8b7-4ed3-852a-438529a88828,,,"Mật ong Tupelo là loại mật ong cao cấp được sản xuất độc quyền từ mật hoa của cây bạch đàn Tupelo trắng có nguồn gốc từ miền đông nam Hoa Kỳ, đặc biệt là ở Florida và Georgia. Loại mật ong quý hiếm này được đánh giá cao nhờ màu hổ phách nhạt đặc biệt, hương hoa tinh tế và thành phần độc đáo giúp ngăn ngừa sự kết tinh. Không giống như hầu hết các loại mật ong, mật ong Tupelo nguyên chất vẫn ở dạng lỏng vô thời hạn và mang lại hương vị ngọt ngào như bơ mà không có dư vị quá nồng.",75
1dc8cdaa-7a39-5182-9a01-05e879929fc2,,,Si-rô ngô hàm lượng fructose cao / HFCS (High-Fructose Corn Syrup),DISH,281.0,0.0,0.0,76.0,0.0,75.6,2.0,179f9c83-d8b7-4ed3-852a-438529a88828,,,"Xi-rô ngô có hàm lượng fructose cao (HFCS) là chất làm ngọt được sản xuất công nghiệp có nguồn gốc từ tinh bột ngô thông qua quá trình xử lý bằng enzym chuyển đổi glucose thành fructose. Nó thường được sử dụng trong nước giải khát, đồ ăn nhẹ chế biến sẵn và món tráng miệng đóng gói do vị ngọt đậm, chi phí thấp và khả năng tăng cường kết cấu và độ ổn định khi bảo quản. Mặc dù tương tự về mặt dinh dưỡng với đường ăn (sucrose), hàm lượng fructose cao hơn và tỷ lệ phổ biến trong thực phẩm chế biến sẵn đã làm dấy lên mối lo ngại về mối liên hệ với rối loạn chuyển hóa khi tiêu thụ quá mức.",75
d38b1642-277f-5f2d-9cb1-281f1a7dafa4,,,Tầng tổ mật ong nguyên tổ (Honeycomb),DISH,394.0,6.0,2.9,87.0,3.2,32.0,553.0,179f9c83-d8b7-4ed3-852a-438529a88828,,,"Tổ ong là cấu trúc sáp ong tự nhiên được tạo ra bởi ong mật để lưu trữ mật ong thô và phấn hoa. Sản phẩm ăn được này kết hợp các tế bào sáp hình lục giác chứa đầy mật ong chưa qua chế biến, cung cấp chất chống oxy hóa đậm đặc và các enzyme không có trong mật ong lọc. Vỏ sáp mang lại kết cấu ngọt ngào, dai tương phản với mật ong lỏng và khi ăn được, nó bổ sung thêm chất xơ hiếm thấy trong chất làm ngọt. Theo truyền thống, nó được dùng để trang trí thủ công hoặc phết lên bánh mì, nó duy trì tất cả các lợi ích dinh dưỡng của các sản phẩm ong hoàn toàn chưa tinh chế.",75
3693133c-3847-56c2-9dc3-3631b8931c72,,,Ớt ma Ghost Pepper / Bhut Jolokia (Ghost Pepper),INGREDIENT,29.0,1.0,0.0,6.0,2.0,3.0,7.0,179f9c83-d8b7-4ed3-852a-438529a88828,,,"Ớt ma (Bhut Jolokia) là một trong những loại ớt cay nhất thế giới, có kích thước xấp xỉ một triệu đơn vị nhiệt Scoville, khiến nó nóng hơn 400 lần so với ớt jalapeño. Có nguồn gốc từ Đông Bắc Ấn Độ, loại ớt nhăn nheo, màu đỏ cam này chứa hàm lượng capsaicin đặc biệt cao và cần được xử lý cẩn thận với đồ bảo hộ. Mặc dù chủ yếu được sử dụng với số lượng cực nhỏ làm chất tạo hương vị, Ghost Peppers cũng cung cấp một lượng đáng kể vitamin A và C.",75
8e3982c5-dc89-52f9-b125-6515d131e8ba,,,Ớt tử thần Carolina Reaper (Carolina Reaper Pepper),INGREDIENT,40.0,1.9,0.4,8.8,2.5,5.5,7.0,179f9c83-d8b7-4ed3-852a-438529a88828,,,"Carolina Reaper được chính thức công nhận là loại ớt cay nhất thế giới, với mức độ cay Scoville trung bình từ 1,6 đến 1,7 triệu đơn vị. Được phát triển bởi người trồng trọt Ed Currie ở Nam Carolina, loại ớt đỏ, nhăn nheo này có phần đuôi nhọn đặc biệt và cần hết sức thận trọng khi xử lý và tiêu thụ. Mặc dù có sức nóng dữ dội, hạt tiêu mang lại hương vị trái cây ngọt ngào khi sử dụng với số lượng cực nhỏ, mặc dù nó chỉ nên được xử lý bằng thiết bị bảo hộ do hàm lượng capsaicin mạnh.",75
af6b0e65-d620-5a2f-8efc-df0b3dff7b27,,,Cá bơn áp chảo phủ lớp thảo mộc giòn (Herb-Crusted Halibut),INGREDIENT,200.0,27.83,7.83,2.61,1.74,0.87,365.22,179f9c83-d8b7-4ed3-852a-438529a88828,,,"Herb-Crusted Halibut là một món ăn tinh tế của vùng Tây Bắc Thái Bình Dương bao gồm cá bơn đánh bắt tự nhiên được bọc trong lớp vỏ lấy cảm hứng từ Địa Trung Hải gồm các loại thảo mộc tươi, ô liu và nụ bạch hoa. Nguồn protein nạc này thường được nướng để bảo toàn hàm lượng omega-3 tự nhiên trong khi cung cấp 32 gam protein cho mỗi khẩu phần. Cách chế biến sạch sẽ làm nổi bật hương vị tinh tế của cá trong khi vẫn giữ cho món ăn có lượng carbohydrate và calo thấp.",75
33952105-5211-5aee-a5ee-ff569fde847d,,,Sốt trộn dầu ô-liu và giấm (Olive Oil & Vinegar Dressing),INGREDIENT,766.67,0.0,73.33,16.67,0.0,6.67,500.0,179f9c83-d8b7-4ed3-852a-438529a88828,,,"Nước sốt dầu ô liu và giấm là một lựa chọn thanh salad cổ điển được làm chủ yếu từ dầu ô liu trộn với giấm và gia vị nhẹ. Loại nước sốt đơn giản này tự nhiên không chứa gluten và thuần chay, mặc dù nó chứa lượng calo đáng kể do hàm lượng dầu ô liu cao, thường cung cấp 230-250 calo mỗi khẩu phần tại các thanh salad. Hương vị truyền thống, sạch sẽ của nó làm cho nó trở thành sự lựa chọn linh hoạt cho các món salad và rau khác nhau.",75
11305399-8294-5d5b-8a59-e6e237b7005b,,,Nước tương Nhật Shoyu (Shoyu Sauce),DISH,66.67,6.67,0.67,6.67,0.0,3.33,6000.0,179f9c83-d8b7-4ed3-852a-438529a88828,,,"Nước sốt Shoyu là một loại gia vị và nước xốt làm từ đậu nành chuyên dụng thường được tìm thấy ở các nhà hàng poke ở Hawaii. Nước sốt thơm ngon này kết hợp nước tương truyền thống với các thành phần bổ sung như giấm gạo, đường và các chất thơm như gừng và tỏi, tạo nên hương vị đậm đà vị umami riêng biệt. Mặc dù bổ sung thêm gia vị cần thiết cho bát poke, nước tương shoyu có hàm lượng natri cao đáng chú ý, thường chứa 14-37% lượng natri được khuyến nghị hàng ngày cho mỗi khẩu phần.",75
ba099866-e852-5259-bea6-50751e3ccbea,,,Vỏ bánh ốc quế ngọt (Sugar Cone),DISH,416.67,8.33,1.67,83.33,2.5,41.67,208.33,179f9c83-d8b7-4ed3-852a-438529a88828,,,"Nón đường là một loại bánh xốp hình nón được sản xuất thương mại, giòn, được làm chủ yếu từ bột mì và đường, được tạo thành hình nhọn đặc biệt. Những chiếc nón màu nâu mật ong nhạt này có kết cấu nhỏ gọn, giòn và vị ngọt tinh tế, thường chứa khoảng 50 calo mỗi chiếc nón. Mặc dù chủ yếu phục vụ như một bình đựng kem trong các cơ sở dịch vụ ăn uống, nhưng bản thân chiếc nón này chỉ đóng góp giá trị dinh dưỡng tối thiểu cho tổng thể món tráng miệng.",75
07868147-26a0-58d7-afb7-ab5e1c47107c,,,Phô mai Feta bọc bột filo nướng rưới mật ong (Feta Wrapped in Phyllo with Honey),DISH,177.78,5.28,10.56,12.78,0.83,7.22,347.22,179f9c83-d8b7-4ed3-852a-438529a88828,,,"Feta Wrapped in Phyllo with Honey là món khai vị taverna của Hy Lạp kết hợp phô mai feta mặn được bọc trong những tấm bánh ngọt phyllo mỏng như tờ giấy. Phô mai bọc được nướng cho đến khi có màu vàng nâu và dùng nóng, sau đó rưới mật ong để tạo nên vị ngọt-mặn tương phản đặc biệt. Món ăn hấp dẫn này thường có một phần feta phong phú và thường được trang trí bằng hạt vừng nướng, tạo nên trải nghiệm ăn uống đa dạng.",75
f46edfc8-2eab-5809-9893-3afe31bb9db0,,,Sốt BBQ đậm vị kiểu Texas (Texas Style Barbecue Sauce),DISH,62.5,0.0,0.0,15.6,0.0,12.5,800.0,179f9c83-d8b7-4ed3-852a-438529a88828,,,"Nước sốt thịt nướng kiểu Texas là một loại gia vị làm từ cà chua, đặc trưng bởi sự cân bằng đậm đà giữa vị ngọt và vị khói, theo truyền thống được sử dụng để bổ sung cho các loại thịt hun khói chậm như thịt ức. Phiên bản có vị ngọt nhấn mạnh đường nâu hoặc mật đường là thành phần chính, xếp lớp với các loại gia vị và ớt hun khói như khoai tây chiên để tạo độ sâu. Mặc dù có nhiều hương vị nhưng hàm lượng đường cao của nó đòi hỏi phải chia khẩu phần một cách thận trọng khi theo dõi các chất dinh dưỡng đa lượng và nó thường chứa các chất gây dị ứng tiềm ẩn như gluten từ nước sốt Worcestershire.",75
d91a9bb9-a4f1-5202-a0ce-9a7c5a6692d4,,,Bánh quy bơ mật ong (Honey Biscuit),DISH,394.69,5.31,26.55,36.28,1.33,8.85,590.27,179f9c83-d8b7-4ed3-852a-438529a88828,,,"Bánh quy mật ong là một loại bánh ngọt kiểu miền Nam đậm đà, kết hợp cách chế biến bánh quy bơ sữa truyền thống với thành phần mật ong ngọt ngào, được nướng hoặc tráng men bên trên. Những chiếc bánh quy làm từ đầu này có phần bên trong mềm, xốp bên dưới lớp vỏ màu nâu vàng, thường được phục vụ khi còn ấm với lớp vỏ bơ mật ong. Mặc dù dễ chịu hơn so với bánh quy tiêu chuẩn do hàm lượng bơ và mật ong cao hơn, nhưng chúng mang lại sự pha trộn được yêu thích giữa hương vị ngọt và mặn đặc trưng của món ăn thoải mái miền Nam.",75
7d76fc86-866e-56d7-8277-db86b0e33856,,,Sốt chao đỏ / Chao đậu phụ lên men (Fermented Bean Curd Sauce),DISH,141.38,6.9,6.9,6.9,0.0,3.45,2368.97,179f9c83-d8b7-4ed3-852a-438529a88828,,,"Nước sốt đậu phụ lên men là một loại gia vị phức tạp thường được phục vụ tại các nhà hàng lẩu, có đậu nành lên men (dòuchī) trộn với gia vị và chất thơm. Loại nước sốt giàu vị umami này kết hợp hương vị thơm ngon, hơi phô mai từ quá trình lên men với các nguyên liệu bổ sung như dầu ớt, tỏi, vừng, tạo nên loại nước chấm đặc trưng cho nguyên liệu lẩu. Mặc dù mang lại hương vị đậm đà hơn, nhưng nó đặc biệt có hàm lượng natri cao, với độ sánh mịn như nước sốt, bám dính tốt với các món ăn nhúng.",75
0a21a848-685a-58be-99a6-a8fa8f925a93,,,Sốt vừng / Sốt mè (Sesame Sauce),DISH,436.67,16.0,36.0,12.0,1.67,8.33,5400.0,179f9c83-d8b7-4ed3-852a-438529a88828,,,"Nước sốt mè là một loại gia vị béo ngậy, nhiều kem thường được dùng làm nước chấm trong các nhà hàng Lẩu. Nước sốt thơm ngon này kết hợp bột mè với nước tương, tỏi và các loại gia vị khác nhau để tạo ra hương vị đậm đà, đậm đà của vị umami. Mặc dù tăng thêm chiều sâu đáng kể cho các món lẩu, nhưng loại nước sốt giàu calo này thường chứa nhiều chất béo và natri, khiến việc kiểm soát khẩu phần trở nên quan trọng đối với những thực khách quan tâm đến sức khỏe.",75
f7ba29a5-f3c6-5634-92c7-ae86df4040c3,,,Yến mạch nấu đường nâu (Oatmeal with Brown Sugar),DISH,140.0,2.8,3.2,22.0,2.0,6.0,80.0,179f9c83-d8b7-4ed3-852a-438529a88828,,,"Món ăn sáng thịnh soạn này có yến mạch nguyên hạt được chế biến theo phong cách Ukraina truyền thống, thường được nấu với sữa hoặc kem để có độ đặc đậm đà hơn so với các chế phẩm tiêu chuẩn. Ngũ cốc ấm được phủ nhiều đường nâu, tan chảy thành kem yến mạch, tạo nên hương vị ngọt ngào, dễ chịu. Trong khi việc bổ sung sữa và đường nâu làm tăng hàm lượng calo, món ăn này vẫn cung cấp chất xơ và protein đáng kể, đặc trưng của món cháo ăn sáng truyền thống của người châu Âu.",75
5e9dc8e6-4fe7-5727-8b04-c100c5d49727,,,Sốt gừng (Ginger Sauce),DISH,83.33,1.67,1.67,15.0,0.0,3.33,1333.33,179f9c83-d8b7-4ed3-852a-438529a88828,,,"Nước sốt gừng là một loại gia vị thơm, thơm thường được phục vụ tại các nhà hàng Teppanyaki như một loại nước chấm đặc trưng. Nước sốt nhẹ này kết hợp các thành phần gừng tươi, nước tương và cam quýt để tạo ra hương vị đặc biệt phù hợp với thịt và rau nướng. Thường có lượng calo thấp ở mức 10-30 calo mỗi khẩu phần, nó mang lại hương vị thơm ngon để tăng cường các món ăn Teppanyaki mà không cần thêm chất béo hoặc calo đáng kể.",75
73ac1418-d042-58d5-96ff-0d9033563a72,,,Sốt BBQ kiểu Memphis (Memphis Style Barbecue Sauce),DISH,200.0,0.0,0.0,50.0,0.0,40.0,1000.0,179f9c83-d8b7-4ed3-852a-438529a88828,,,"Nước sốt thịt nướng kiểu Memphis là một loại gia vị làm từ cà chua, đặc trưng bởi hương vị ngọt và thơm cân bằng, thường có mật đường hoặc đường nâu làm chất làm ngọt chính. Không giống như các loại nước sốt Carolina có giấm hoặc các loại nước sốt Kansas City làm từ mù tạt, nó duy trì độ đặc vừa phải, lý tưởng để phết sườn heo nấu chín chậm và thịt vai cắt miếng. Mặc dù ngọt hơn các phong cách khu vực khác, nhưng nó thường kết hợp ớt bột và tỏi để tạo độ sâu, đồng thời cân nhắc về dinh dưỡng bao gồm hàm lượng đường bổ sung đáng kể trong mỗi khẩu phần.",75
47ae9f65-ccc8-5970-bea4-e4a3bf2e7d56,,,Sốt bơ tỏi Yum Yum kiểu Nhật (Yum Yum Sauce),DISH,566.67,3.33,56.67,10.0,0.0,10.0,533.33,179f9c83-d8b7-4ed3-852a-438529a88828,,,"Sốt Yum Yum là một loại gia vị màu kem, màu hồng thường được phục vụ tại các nhà hàng teppanyaki Nhật Bản. Nước sốt làm từ sốt mayonnaise này kết hợp hương vị ngọt ngào và thơm với hương tỏi và hành tinh tế, khiến nó trở thành nước chấm phổ biến cho các loại thịt và rau nướng. Do làm từ sốt mayonnaise nên nước sốt rất giàu calo và chứa các chất gây dị ứng thông thường bao gồm trứng và dầu đậu nành.",75
49369070-1b3e-51cb-9bb8-4b675f8007ff,,,Nước detox dâu dại và húng quế (Berry Basil Detox Water),INGREDIENT,5.0,0.0,0.0,1.25,0.0,0.83,0.0,179f9c83-d8b7-4ed3-852a-438529a88828,,,"Berry Basil Detox Water là một loại đồ uống giải khát kết hợp các loại quả mọng tươi, lá húng quế thơm và cam quýt trong nước tinh khiết. Thức uống tập trung vào sức khỏe này có lượng calo thấp tự nhiên, thường chứa ít hơn 15 calo mỗi khẩu phần, đồng thời cung cấp chất chống oxy hóa từ quả mọng và lợi ích tiêu hóa từ húng quế. Loại đồ uống thu được mang đến sự cân bằng tinh tế giữa hương quả mọng ngọt ngào với hương thảo mộc, thường được tăng cường nuôi cấy men vi sinh để có thêm lợi ích cho sức khỏe đường ruột.",75
8b66a8c5-843f-57fd-a109-1d73b6366f94,,,Sốt húng quế ngải cứu Peru / Huacatay (Huacatay Sauce),DISH,368.42,1.75,38.6,7.02,0.88,5.26,333.33,179f9c83-d8b7-4ed3-852a-438529a88828,,,"Nước sốt Huacatay là một loại gia vị kem của Peru được phân biệt bằng cách sử dụng huacatay (bạc hà đen Peru) và ớt aji amarillo. Loại nước sốt đậm đà này kết hợp hương vị thảo mộc độc đáo với độ cay tinh tế và thường được phục vụ cùng với pollo a la brasa (gà quay Peru). Phiên bản kiểu nhà hàng có kết cấu sang trọng, giống sốt mayonnaise và có hàm lượng chất béo cao hơn đáng kể so với phiên bản tự làm, đồng thời mang lại hương vị bạc hà đặc trưng và hơi cay của các chế phẩm truyền thống.",75
f47823a6-a1a4-5a24-9a47-3bc8b8ffd29c,,,Bánh Crepe nhân táo xào quế (Apple Cinnamon Crepe),INGREDIENT,241.33,2.67,9.33,36.67,2.33,10.0,200.0,179f9c83-d8b7-4ed3-852a-438529a88828,,,"Apple Cinnamon Crepe là một món tráng miệng kiểu Pháp cổ điển bao gồm một chiếc bánh kếp mỏng, tinh tế chứa đầy táo xào và gia vị quế ấm áp. Cách chuẩn bị nhà hàng này thường bao gồm những lát táo tráng caramen được bọc trong một chiếc bánh crepe mềm và kết thúc bằng đường bột, kem tươi và đôi khi là sốt caramel. Trong khi loại bánh crepe cơ bản tương đối nhẹ, thì các phiên bản nhà hàng với đầy đủ trang trí có thể khá hấp dẫn, thường chứa lượng calo đáng kể từ các loại nước sốt và nước sốt bổ sung.",75
dbd3fbcd-450a-5e1f-9b4b-e8b870c773b1,,,Kem Gelato vị caramel mặn (Salted Caramel Gelato),INGREDIENT,121.0,3.0,5.0,16.0,0.5,13.0,180.0,179f9c83-d8b7-4ed3-852a-438529a88828,,,"Gelato caramel mặn là một món tráng miệng đông lạnh kiểu Ý kết hợp hương vị caramel đậm đà với một chút muối biển. Món ăn thủ công này có kết cấu đặc hơn, mượt hơn so với kem truyền thống do hàm lượng không khí thấp hơn và tỷ lệ chất béo giảm. Sự cân bằng tinh tế giữa vị ngọt và mặn tạo nên một hương vị phức hợp, trong khi độ đặc của kem đến từ nền sữa nguyên chất chứ không phải kem đặc.",75
06d81814-9bca-5cd3-836e-fc6d55f1f365,,,Trà chanh nóng kiểu Ba Lan / Herbata z Cytryną (Herbata z Cytryną),INGREDIENT,0.8,0.0,0.0,0.0,0.0,0.0,2.0,179f9c83-d8b7-4ed3-852a-438529a88828,,,"Herbata z Cytryną là loại trà chanh truyền thống của Ba Lan, bao gồm trà đen pha dùng kèm với lát chanh tươi hoặc nước ép. Đồ uống giải khát này thường được phục vụ kèm theo mật ong tùy chọn, giúp khách hàng có thể điều chỉnh độ ngọt theo ý muốn. Mặc dù không chứa calo tự nhiên, loại trà này cung cấp vitamin C từ chanh và chứa lượng caffeine vừa phải từ nền trà đen, khiến nó trở thành lựa chọn phổ biến cho cả bữa sáng và bữa giải khát buổi chiều.",75
d17730d6-ffd7-5a31-a49f-1d99c49a5180,,,Bột súp cà chua húng quế đóng gói (Tomato Basil Soup Mix),INGREDIENT,333.0,8.33,0.0,75.0,8.33,16.67,125.0,179f9c83-d8b7-4ed3-852a-438529a88828,,,"Hỗn hợp súp húng quế cà chua là hỗn hợp khử nước của cà chua phơi nắng, húng quế và gia vị thơm được thiết kế để chuẩn bị nhanh chóng. Hỗn hợp ổn định khi bảo quản này thường yêu cầu pha lại bằng nước hoặc nước dùng, cung cấp tùy chọn lượng calo nhẹ hơn so với phiên bản đóng hộp trong khi vẫn duy trì hương vị thảo mộc đậm đặc. Nhiều loại thân thiện với người ăn chay và không chứa gluten, mặc dù hàm lượng natri thay đổi đáng kể giữa các nhãn hiệu tùy thuộc vào gia vị bổ sung.",75
f3d8188f-1d40-59d1-ab0a-eaf7e0352b35,,,Sốt đậm vị kiểu Texas (Texas Style Sauce),DISH,145.16,0.0,0.0,35.48,1.61,24.19,806.45,179f9c83-d8b7-4ed3-852a-438529a88828,,,"Texas Style Sauce là một loại nước sốt thịt nướng đặc biệt được đặc trưng bởi độ đặc mỏng hơn và nền giấm nổi bật, khiến nó trở nên khác biệt với các loại đặc hơn, ngọt hơn. Nước sốt này kết hợp cà chua xay nhuyễn với giấm, gia vị và vị ngọt tinh tế, thường có mùi khói và tỏi. Thân nhẹ hơn khiến nó trở nên lý tưởng để phết thịt trong khi nấu hoặc làm nước sốt hoàn thiện giúp tăng cường thay vì lấn át hương vị tự nhiên của món nướng.",75
6424bfde-d42b-5e07-9a07-f5b20c147c64,,,Sốt Mop ướp thịt nướng kiểu Texas (Texas Mop Sauce),DISH,120.0,0.0,0.0,30.0,0.0,26.67,833.33,179f9c83-d8b7-4ed3-852a-438529a88828,,,"Texas Mop Sauce là một loại nước sốt thịt nướng mỏng làm từ mù tạt thường được sử dụng trong quá trình nấu nướng tại các cơ sở BBQ miền Nam. Nước sốt đặc biệt này kết hợp mù tạt vàng, giấm và gia vị để tạo ra hương vị thơm ngon, ít ngọt hơn nước sốt BBQ truyền thống. Sử dụng cây lau nhà hoặc bàn chải trong suốt quá trình nấu, nó giúp duy trì độ ẩm đồng thời tăng thêm hương vị cho các loại thịt nấu chậm, biến nó thành nước sốt nấu ăn chứ không phải nước sốt hoàn thiện.",75
81cd1344-a2bd-5b4a-b8db-44780c8944b5,,,Sốt đậm vị kiểu Kansas City (Kansas City Style Sauce),DISH,180.56,0.0,0.0,43.06,0.0,38.89,805.56,179f9c83-d8b7-4ed3-852a-438529a88828,,,"Nước sốt kiểu Kansas City là một loại nước sốt thịt nướng đặc, đậm đà, đặc trưng bởi thành phần làm từ cà chua và hương vị khói ngọt đặc trưng. Đặc sản vùng này có sự pha trộn phức tạp của mật đường, nhiều loại đường và các thành phần khói, tạo ra một loại nước sốt đặc và ngọt hơn đáng kể so với các kiểu thịt nướng khác. Độ đặc và dính của nước sốt khiến nước sốt trở nên lý tưởng để tráng men và chấm, đặc biệt với các loại thịt hun khói và các món nướng truyền thống.",75
637763d7-dd5f-5fc9-9d71-439b4a167d0b,,,Sốt ớt vàng Peru Aji Amarillo (Aji Amarillo Sauce),DISH,177.78,4.44,13.33,11.11,2.22,4.44,666.67,179f9c83-d8b7-4ed3-852a-438529a88828,,,"Sốt Aji Amarillo là một loại gia vị dạng kem của Peru được làm từ ớt màu vàng đặc biệt nổi tiếng với hương vị trái cây và độ cay vừa phải. Món ăn chủ yếu của nhà hàng này kết hợp ớt với sữa và các nguyên liệu khác để tạo ra một loại nước sốt mịn, đa năng mang đến sự pha trộn cân bằng giữa các vị ngọt, cay và thơm. Theo truyền thống, nó được phục vụ cùng với các loại thịt nướng, đặc biệt là thịt gà kiểu Peru và các món ăn phụ khác nhau.",75
d915f5d4-8a75-595b-91f9-49b5670a33af,,,Giấm táo / Apple Cider Vinegar (Apple Cider Vinegar),INGREDIENT,22.0,0.0,0.0,0.93,0.0,0.4,5.0,179f9c83-d8b7-4ed3-852a-438529a88828,,,"Giấm táo là loại giấm được làm từ nước táo lên men. Quá trình lên men chuyển hóa đường trong nước táo thành axit axetic, tạo cho giấm có vị chua và mùi thơm đặc biệt. Mặc dù thường được quảng cáo là có nhiều lợi ích sức khỏe khác nhau, nhưng điều quan trọng cần lưu ý là nhiều tuyên bố thiếu bằng chứng khoa học vững chắc; tuy nhiên, nó thường được sử dụng làm nước sốt salad, nước xốt hoặc thành phần trong đồ uống.",75
c5d9a5c0-938c-5335-ac32-103c7c9085d1,,,Sốt mù tạt mật ong (Honey Mustard Sauce),DISH,500.0,7.14,25.0,60.71,0.0,42.86,678.57,179f9c83-d8b7-4ed3-852a-438529a88828,,,"Sốt mù tạt mật ong là một loại gia vị dạng kem kết hợp vị ngọt của mật ong với vị thơm của mù tạt đã chế biến, thường được dùng làm nước chấm tại các cửa hàng và nhà hàng bánh quy xoắn. Loại nước sốt có lượng calo vừa phải này thường chứa 50-170 calo mỗi khẩu phần và có độ đặc, mịn lý tưởng để chấm. Mặc dù thành phần và công thức khác nhau tùy theo cơ sở nhưng nước sốt có thể chứa các chất gây dị ứng thông thường bao gồm lúa mì, đậu nành hoặc các sản phẩm từ sữa.",75
5d25e7a3-c0da-51b8-897b-ffb3cd348200,,,Sốt mù tạt nướng BBQ kiểu Carolina (Carolina Mustard Sauce),DISH,144.44,0.83,0.83,33.33,1.39,25.0,833.33,179f9c83-d8b7-4ed3-852a-438529a88828,,,"Sốt mù tạt Carolina là một loại nước sốt thịt nướng kiểu Nam Carolina đặc biệt được đặc trưng bởi màu vàng vàng và hương vị thơm ngọt. Nước sốt của vùng này kết hợp mù tạt vàng với giấm, chất làm ngọt và gia vị để tạo ra một loại nước sốt loãng hơn, ngon hơn cho nước sốt thịt nướng làm từ cà chua truyền thống. Nó đặc biệt được tôn vinh như một món bổ sung cho thịt lợn kéo và các loại thịt hun khói khác, mang đến lựa chọn ít calo hơn so với các loại nước sốt thịt nướng đặc hơn, ngọt hơn.",75
48dadb7c-4490-54e5-8edd-8b52357836ef,,,Sốt sa tế đậu phộng Satay (Satay Sauce),DISH,250.0,10.0,16.67,13.33,1.67,6.67,1000.0,179f9c83-d8b7-4ed3-852a-438529a88828,,,"Nước sốt Satay là một loại gia vị béo ngậy, béo ngậy được làm chủ yếu từ đậu phộng xay, nước cốt dừa và các loại gia vị thơm thường được phục vụ tại các nhà hàng Lẩu. Nước sốt giàu calo này kết hợp hương vị ngọt, mặn và hơi cay, thường được tăng cường bằng các nguyên liệu giàu vị umami như mắm tôm hoặc nước mắm. Chứa các chất gây dị ứng thông thường bao gồm đậu phộng, động vật có vỏ và đậu nành, đồng thời cung cấp lượng protein đáng kể và chất béo lành mạnh đặc trưng của ẩm thực Đông Nam Á.",75
7e674a95-4348-5620-a302-f922b3f661ce,,,Sốt nhúng lẩu Fondue dầu ngâm thảo mộc (Herbed Oil Fondue),INGREDIENT,368.33,8.33,35.0,5.0,0.17,1.67,666.67,179f9c83-d8b7-4ed3-852a-438529a88828,,,"Nước xốt dầu thảo mộc là một phương tiện nấu ăn chung được phục vụ theo truyền thống trong các nhà hàng Thụy Sĩ, nơi thực khách nấu thịt và rau sống trong dầu nóng tẩm thảo mộc. Dầu ăn, thường làm từ thực vật hoặc đậu phộng, có hương vị bằng các loại thảo mộc thơm như tỏi, húng tây và hương thảo. Mặc dù phong cách ăn uống tương tác này tạo ra trải nghiệm bữa ăn hấp dẫn, nhưng phương tiện nấu ăn bằng dầu lại chứa nhiều calo, thường chứa 200-300 calo cho mỗi khẩu phần ăn 1/4 cốc.",75
38f52874-1fbe-510e-9fb0-924ced1fa6fc,,,Sốt Salsa ớt đỏ (Red Salsa),DISH,35.0,1.0,0.3,7.0,2.0,4.0,150.0,179f9c83-d8b7-4ed3-852a-438529a88828,,,"Salsa đỏ là một loại gia vị truyền thống của Mexico được làm từ cà chua trộn với ớt, hành tây và ngò tươi. Loại nước sốt đa năng này có nhiều loại từ nguyên liệu thô và dai đến rang và mịn, cung cấp các mức độ nhiệt khác nhau tùy thuộc vào loại ớt được sử dụng. Ít calo nhưng giàu vitamin A và C, loại gia vị thuần chay và không chứa gluten này cung cấp một cách đầy đủ hương vị để thêm chất chống oxy hóa và chất xơ vào bánh tacos, trứng và thịt nướng mà không cần thêm đường trong các chế phẩm đích thực của nó.",75
e7f4458c-eb17-58c9-9a5c-aea0b54772fb,,,Sốt bơ mè Tahini (Tahini Sauce),DISH,296.67,8.33,23.33,13.33,3.33,1.67,300.0,179f9c83-d8b7-4ed3-852a-438529a88828,,,"Nước sốt Tahini là một loại gia vị kem Trung Đông được làm từ bột mè xay trộn với nước cốt chanh, tỏi và nước. Thành phần cơ bản này của ẩm thực Israel có độ sánh mịn, dễ rót và mang lại hương vị đậm đà, hấp dẫn với hương cam quýt tươi sáng. Nước sốt đặc biệt giàu chất béo và khoáng chất lành mạnh, khiến nó trở thành món ăn kèm bổ dưỡng cho các món ăn truyền thống như falafel, hummus và thịt nướng.",75
875796ae-7ec8-54f6-89c5-00fd9acb74be,,,Sốt cà ri (Curry Sauce),DISH,368.0,3.2,18.4,50.8,7.2,28.0,4.0,179f9c83-d8b7-4ed3-852a-438529a88828,,,"Nước sốt cà ri được phục vụ trong các cửa hàng bán cá và khoai tây chiên ở Scotland là một loại gia vị đặc biệt giống như nước xốt với hương vị cà ri nhẹ và độ sánh mịn, dễ rót. Nước sốt này thường kết hợp bột cà ri với lớp nền làm đặc bằng bột mì, thường kết hợp hành tây và đôi khi là táo để tạo vị ngọt nhẹ. Theo truyền thống, nó được phục vụ nóng cùng với cá và khoai tây chiên, mang lại hương vị đặc trưng nhẹ hơn và giống nước xốt hơn so với nước sốt cà ri truyền thống của Ấn Độ.",75
5063bbca-029f-500a-910b-3be8fe7fe3c3,,,Gia vị ướp khô kiểu Memphis (Memphis Dry Rub),INGREDIENT,228.57,17.86,17.86,1.43,0.0,0.71,428.57,179f9c83-d8b7-4ed3-852a-438529a88828,,,"Memphis Dry Rub là hỗn hợp gia vị BBQ đặc biệt tập trung vào món nướng kiểu Memphis truyền thống, đặc trưng bởi ứng dụng không có nước sốt. Hỗn hợp gia vị này thường kết hợp ớt bột, bột tỏi và các loại ớt xay khác nhau với các loại thảo mộc và gia vị, tạo ra hương vị thơm ngon, nhiều khói và cay nhẹ. Không giống như phong cách BBQ ướt, gia vị này được áp dụng trực tiếp vào thịt (thịt lợn truyền thống) trước và sau khi nấu, tạo thành lớp vỏ thơm ngon đặc trưng cho món thịt nướng Memphis đích thực.",75
86f93a8c-e174-57e3-9ea2-699e2406aace,,,Nước dùng hầm thảo mộc (Herbal Broth),INGREDIENT,20.83,1.67,1.25,0.83,0.04,0.42,333.33,179f9c83-d8b7-4ed3-852a-438529a88828,,,"Nước dùng thảo dược là một chất lỏng nấu nhẹ, trong suốt thường được sử dụng trong các món ăn lẩu của Trung Quốc. Nước dùng dịu nhẹ này được chế biến từ các nguyên liệu như gừng, tỏi, chà là Trung Quốc (táo tàu) và quả kỷ tử, mang đến một sự thay thế nhẹ nhàng hơn cho các loại nước lẩu cay. Mặc dù thường được làm bằng nước cốt gà hoặc thịt lợn, nhưng nước dùng thường có thể được tùy chỉnh theo sở thích của người ăn chay và đóng vai trò như một lớp nền tuyệt vời cho các loại thịt, rau và mì khác nhau được thêm vào trong quá trình trải nghiệm lẩu.",75
b6586253-dead-5fe2-a0e1-ad18d36c95ca,,,Sốt giấm cay (Spicy Vinegar Sauce),INGREDIENT,100.0,1.67,0.67,20.0,0.0,16.67,733.33,179f9c83-d8b7-4ed3-852a-438529a88828,,,"Sốt giấm cay là một loại gia vị thơm, có tính nóng đặc trưng của ẩm thực nhà xông khói Texas. Nước sốt mỏng làm từ giấm này mang đến sự thay thế sắc nét, cay nồng cho nước sốt BBQ đậm đặc truyền thống, mang lại hương vị đậm đà với lượng calo tối thiểu. Nó thường được phục vụ cùng với các loại thịt hun khói, nơi tính axit của nó giúp cắt giảm các món ăn béo ngậy, đồng thời thêm vị cay.",75
94aeae79-ea55-59dd-bdb9-589d75ff08f6,,,Sốt BBQ kiểu Kansas City (Kansas City BBQ Sauce),DISH,178.57,0.0,0.0,42.86,1.79,35.71,821.43,179f9c83-d8b7-4ed3-852a-438529a88828,,,"Sốt BBQ Thành phố Kansas là một loại gia vị đặc làm từ cà chua, đặc trưng bởi sự pha trộn phong phú giữa hương vị ngọt, thơm và khói. Loại nước sốt này có sự kết hợp đặc biệt của đường nâu, giấm và hương khói hickory, tạo ra một lớp phủ chắc chắn bám dính tốt với các loại thịt nướng và hun khói. Mặc dù hàm lượng đường và natri cao hơn đáng kể so với các kiểu thịt nướng khác, nhưng hương vị phức tạp của nó đã khiến nó trở thành nền tảng của ẩm thực thịt nướng kiểu Mỹ.",75
0895440d-fcf2-5a11-9470-d030b919c898,,,Sốt sốt mayonnaise trắng kiểu Alabama (Alabama White Sauce),DISH,571.43,3.57,60.71,3.57,0.0,3.57,892.86,179f9c83-d8b7-4ed3-852a-438529a88828,,,"Sốt trắng Alabama là một loại gia vị BBQ đặc biệt của vùng có nguồn gốc từ Bắc Alabama, được đặc trưng bởi thành phần kem, sốt mayonnaise chứ không phải là sốt BBQ làm từ cà chua thông thường. Nước sốt thơm này kết hợp sốt mayonnaise với giấm, cải ngựa và gia vị để tạo ra hương vị độc đáo vừa béo ngậy vừa thơm ngon. Là món truyền thống ở các nhà hàng BBQ miền Nam, nó đặc biệt được coi là nước sốt phết và món ăn kèm cho gà hun khói và các loại thịt nướng khác.",75
f4c42f44-b8cb-5efd-99c6-0f2b5f53dc42,,,Sốt nhúng phô mai lẩu Fondue tỏi và thảo mộc (Herb and Garlic Cheese Fondue),INGREDIENT,236.84,14.04,15.79,3.51,0.0,1.75,578.95,179f9c83-d8b7-4ed3-852a-438529a88828,,,"Fondue phô mai thảo mộc và tỏi là một món ăn truyền thống của Thụy Sĩ với sự pha trộn của phô mai Alpine tan chảy thấm với tỏi tươi và các loại thảo mộc thơm, thường được phục vụ trong một nồi chung. Hỗn hợp kem béo ngậy này được làm từ các loại phô mai Thụy Sĩ như Gruyère và Emmental, kết hợp với rượu vang trắng và gia vị để tạo ra một hỗn hợp mịn, có thể nhúng được. Mặc dù có hương vị hấp dẫn nhưng nó cung cấp lượng protein và canxi đáng kể cho mỗi khẩu phần, khiến nó trở thành món khai vị hoặc món chính dùng chung thỏa mãn khi ăn kèm với bánh mì, rau hoặc thịt để chấm.",75
47191684-9d7d-5349-a6c4-18746cec3006,,,Sốt thảo mộc Chimichurri (Chimichurri Sauce),DISH,300.0,3.33,30.0,10.0,1.67,0.67,833.33,179f9c83-d8b7-4ed3-852a-438529a88828,,,"Chimichurri là một loại nước sốt truyền thống của Argentina được làm từ rau mùi tây tươi, lá oregano, tỏi và dầu ô liu, thường dùng kèm với thịt nướng. Nước sốt chưa nấu chín này kết hợp các loại thảo mộc tươi với giấm hoặc cam quýt để tạo ra hương vị đậm đà, sống động giúp cắt giảm lượng protein phong phú. Mặc dù chủ yếu làm từ dầu và tương đối nhiều chất béo lành mạnh, nhưng nó thường được sử dụng như một loại gia vị, với những phần nhỏ sẽ tăng thêm hương vị đậm đà cho món ăn.",75
23f41a51-710d-579e-8d98-379d1507288d,,,Sốt chanh vàng Yuzu (Yuzu Sauce),DISH,146.67,4.44,4.44,22.22,0.44,17.78,888.89,179f9c83-d8b7-4ed3-852a-438529a88828,,,"Nước sốt Yuzu là một loại gia vị kết hợp châu Á làm từ cam quýt thường được dùng trong các nhà hàng poke. Loại nước sốt đặc biệt này kết hợp hương cam quýt tươi sáng, phức hợp của trái yuzu với nước tương thơm ngon và dầu mè đậm đà, tạo ra sự pha trộn cân bằng giữa hương vị thơm, vị umami và vị hạt dẻ. Thường được sử dụng làm nước sốt hoàn thiện hoặc nước xốt cho bát poke, nó bổ sung khoảng 100-150 calo mỗi khẩu phần đồng thời giúp tăng hương vị mà không chứa quá nhiều chất béo.",75
