id,created_at,updated_at,name,type,calories_per_100g,protein_per_100g,fat_per_100g,carbs_per_100g,fiber_per_100g,sugar_per_100g,sodium_mg_per_100g,category_id,default_serving_id,image_url,description,health_score
d711e17c-9bda-5b57-995d-6e7fb0bb07c2,,,Yến mạch cán dẹt (Rolled Oats),INGREDIENT,371.0,13.2,6.9,68.2,10.4,1.03,4.0,34d3024c-4bb7-46a0-8480-f45f99dd3d32,,,"Yến mạch cán (thường gọi là yến mạch kiểu cũ) là loại yến mạch nguyên hạt đã được hấp chín và cán mỏng thành từng miếng, giữ lại lớp cám giàu dinh dưỡng. Quá trình xử lý này tạo ra yến mạch nấu nhanh hơn với kết cấu mềm nhưng dai khi chế biến, đồng thời duy trì hàm lượng cao chất xơ hòa tan beta-glucan có lợi cho tim. Là loại ngũ cốc nguyên hạt không chứa gluten tự nhiên, chúng đóng vai trò là nguyên liệu linh hoạt cho bột yến mạch, bánh nướng và granola tự làm, cung cấp năng lượng bền vững từ carbohydrate phức hợp và protein từ thực vật.",75
e797b7b5-fa0a-559d-b9f0-11a55660becb,,,Bánh mì nguyên cám (Whole Wheat Bread),DISH,257.0,11.35,3.27,44.92,6.2,3.85,529.0,34d3024c-4bb7-46a0-8480-f45f99dd3d32,,,"Bánh mì nguyên hạt là một loại bánh nướng giàu dinh dưỡng được làm từ bột mì giữ lại cả ba phần của hạt lúa mì - cám, mầm và nội nhũ. Cấu trúc ngũ cốc hoàn chỉnh này cung cấp nhiều chất xơ, vitamin B và magiê hơn đáng kể so với bánh mì trắng, đồng thời mang lại kết cấu đậm đà hơn và hương vị hấp dẫn. Cám và mầm còn nguyên vẹn làm cho nó trở thành nguồn carbohydrate tiêu hóa chậm, mặc dù nó vẫn chứa gluten và không phù hợp với những người nhạy cảm với lúa mì.",75
c2b07636-69da-51a7-990b-2e374c913771,,,"Cod, Nấu chín (Cod, Cooked)",DISH,105.0,22.8,0.86,0.0,0.0,0.0,78.0,34d3024c-4bb7-46a0-8480-f45f99dd3d32,,,"Cá tuyết nấu chín là loại cá nạc, có thịt trắng, nổi tiếng với hương vị nhẹ và kết cấu xốp. Là một loại cá nấu chín, nó cung cấp nguồn protein chất lượng cao trong khi vẫn rất ít chất béo, khiến nó trở thành lựa chọn bổ dưỡng cho nhiều chế độ ăn kiêng khác nhau. Cá tuyết thường được chế biến bằng cách nướng, hấp hoặc chiên trên chảo và hương vị tinh tế của nó kết hợp tốt với nhiều loại gia vị và nước sốt.",88
9f1d5501-a213-5ac8-9dea-c9e30d140e51,,,"Tilapia, Tươi sống (Tilapia, Raw)",INGREDIENT,96.0,20.1,1.7,0.0,0.0,0.0,52.0,34d3024c-4bb7-46a0-8480-f45f99dd3d32,,,"Cá rô phi là loài cá nước ngọt có hương vị nhẹ được nuôi rộng rãi trên toàn cầu, được công nhận về hàm lượng protein nạc và hàm lượng chất béo bão hòa thấp. Loại cá trắng đa năng này có hàm lượng thủy ngân thấp so với nhiều loại hải sản khác, khiến nó trở thành lựa chọn phổ biến để tiêu thụ thường xuyên. Khi còn sống, thịt của nó có vẻ bán trong suốt với màu hồng nhạt, trở nên cứng và bong tróc khi nấu bằng các phương pháp như nướng, nướng vỉ hoặc áp chảo. Đặc điểm hương vị trung tính của nó cho phép nó thích ứng tốt với các loại gia vị đa dạng và ẩm thực toàn cầu từ món xào châu Á đến bánh taco Mexico.",75
b371d4aa-ec3e-52b5-8251-2376fdf89f49,,,"White tôm, Tươi sống (White Shrimp, Raw)",INGREDIENT,70.0,13.0,1.0,1.0,0.0,0.0,500.0,34d3024c-4bb7-46a0-8480-f45f99dd3d32,,,"Tôm thẻ chân trắng là loài giáp xác đánh bắt tự nhiên hoặc nuôi trong trang trại (Litopenaeus setiferus) có nguồn gốc từ Đại Tây Dương và Vịnh Mexico, được đánh giá cao nhờ hương vị ngọt ngào, nhẹ nhàng và kết cấu chắc chắn. Loại hải sản nạc này cung cấp 20g protein cho mỗi khẩu phần 3 ounce với lượng chất béo tối thiểu, mặc dù nó chứa hàm lượng cholesterol cao hơn hầu hết các loại cá. Thịt tôm sống màu xám mờ chuyển sang màu trắng đục khi nấu chín, giúp nó có thể chế biến nhanh chóng như nướng, áp chảo hoặc luộc trong thời gian dưới 5 phút.",88
d46094e9-e90c-5b1e-bfe1-d7706d6a7c70,,,Nướng Fish (Baked Fish),DISH,128.0,26.0,2.5,0.0,0.0,0.0,55.0,34d3024c-4bb7-46a0-8480-f45f99dd3d32,,,"Cá nướng là một phương pháp chế biến protein nạc để nấu phi lê cá hoặc cá nguyên con bằng nhiệt khô, thường không thêm chất béo. Kỹ thuật này bảo tồn độ ẩm và chất dinh dưỡng tự nhiên của cá, đặc biệt là axit béo omega-3 trong các loại cá như cá hồi, đồng thời duy trì hàm lượng calo và chất béo bão hòa thấp hơn so với các món chiên. Hương vị nhẹ thích hợp với các loại thảo mộc, cam quýt hoặc gia vị, thường được nấu trong giấy da hoặc giấy bạc để tăng độ mềm, khiến nó trở thành món ăn chủ yếu trong chế độ ăn tốt cho tim mạch, ít carb và không chứa gluten.",88
285c4d16-df89-5b58-9212-66080955f84e,,,"Steelhead Trout, Nấu chín (Steelhead Trout, Cooked)",DISH,159.0,21.0,8.3,0.0,0.0,0.0,118.0,34d3024c-4bb7-46a0-8480-f45f99dd3d32,,,"Cá hồi đầu thép nấu chín là một loại cá có hương vị và bổ dưỡng có họ hàng gần với cá hồi. Loại cá này là nguồn cung cấp protein nạc và axit béo omega-3 tuyệt vời, góp phần tăng cường sức khỏe tim mạch và sức khỏe tổng thể. Việc nấu nướng làm tăng hương vị tinh tế và kết cấu mềm mại của nó, khiến nó trở thành một lựa chọn linh hoạt cho các chế phẩm ẩm thực khác nhau, từ nướng và nướng bánh cho đến áp chảo.",75
b68169f4-35bb-5882-b7ea-df9d70c3aa76,,,"Flounder, Nấu chín (Flounder, Cooked)",DISH,82.0,15.0,2.0,0.0,0.0,0.0,360.0,34d3024c-4bb7-46a0-8480-f45f99dd3d32,,,"Cá bơn nấu chín là loại cá trắng nạc, có hương vị nhẹ, nổi tiếng với kết cấu mềm, mịn. Là một loại cá nấu chín, nó cung cấp nguồn protein chất lượng cao với lượng chất béo tối thiểu, khiến nó trở thành một lựa chọn tốt cho tim mạch. Hương vị tinh tế của cá bơn khiến nó trở nên linh hoạt cho các phương pháp nấu ăn khác nhau, bao gồm nướng, áp chảo và hấp, đồng thời nó dễ dàng hấp thụ hương vị của nước sốt và gia vị đi kèm.",75
99f07d52-09e6-55c4-b020-ca509423681a,,,"Sockeye cá hồi, Tươi sống (Sockeye Salmon, Raw)",INGREDIENT,139.0,21.9,5.6,0.0,0.0,0.0,76.0,34d3024c-4bb7-46a0-8480-f45f99dd3d32,,,"Cá hồi Sockeye là một loài cá Thái Bình Dương đánh bắt tự nhiên được phân biệt bởi thịt màu đỏ đậm và kết cấu chắc, là kết quả của chế độ ăn nhuyễn thể và sinh vật phù du giàu astaxanthin. Loại cá giàu dinh dưỡng này cung cấp axit béo omega-3 cao hơn đáng kể so với hầu hết các giống cá hồi nuôi, cùng với 23g protein trên mỗi khẩu phần 3 ounce và vitamin D tự nhiên. Mặc dù thường được nướng hoặc nướng, dạng thô cao cấp của nó yêu cầu các tiêu chuẩn nghiêm ngặt về độ tươi để tiêu thụ an toàn trong món sushi hoặc ceviche.",88
20ac31fa-dd52-5fe6-9674-cab988f05277,,,Salad cá ngừ bánh mì kẹp (Tuna Salad Sandwich),DISH,224.0,12.4,11.4,18.1,0.9,2.63,394.5,34d3024c-4bb7-46a0-8480-f45f99dd3d32,,,"Sandwich Salad cá ngừ là món ăn trưa giàu protein kết hợp cá ngừ vảy với nước sốt làm từ sốt mayonnaise, thường được tăng cường với cần tây giòn, hành tây và các loại thảo mộc như thì là. Trong khi cung cấp đáng kể axit béo omega-3 từ cá, các phiên bản truyền thống có thể chứa nhiều calo do hàm lượng sốt mayonnaise, mặc dù nhiều biến thể hiện đại thay thế sữa chua Hy Lạp hoặc bơ để giảm chất béo. Bánh sandwich thường được phục vụ ướp lạnh trên bánh mì hoặc bánh mì cuộn, mang lại sự cân bằng giữa kết cấu kem và hương vị mặn phù hợp với các lựa chọn thay thế ngũ cốc nguyên hạt hoặc ít carb.",88
b71498ae-696c-5d7d-b632-72198b0c05f3,,,"Trout, Nấu chín (Trout, Cooked)",DISH,169.0,24.4,7.22,0.0,0.0,0.0,61.33,34d3024c-4bb7-46a0-8480-f45f99dd3d32,,,"Cá hồi nấu chín là một loại cá nước ngọt được công nhận vì hương vị tinh tế và kết cấu mịn. Là một loại cá nấu chín, nó cung cấp nguồn protein nạc chất lượng cao và giàu axit béo omega-3, góp phần tăng cường sức khỏe tim mạch. Hương vị thay đổi một chút tùy thuộc vào việc cá hồi được đánh bắt tự nhiên hay được nuôi, với cá hồi hoang dã thường có hương vị đất rõ rệt hơn.",75
d82ef346-51c8-5f9e-b6b4-6f8a9d837c83,,,Cá ngừ Melt bánh mì kẹp (Tuna Melt Sandwich),DISH,260.0,15.0,15.3,17.0,2.5,3.0,850.0,34d3024c-4bb7-46a0-8480-f45f99dd3d32,,,"Sandwich cá ngừ tan chảy là một loại bánh sandwich nướng nóng kết hợp salad cá ngừ giàu protein với phô mai tan chảy, điển hình là cheddar hoặc Thụy Sĩ. Trong khi cá ngừ cung cấp protein nạc và axit béo omega-3, các chế phẩm truyền thống sử dụng sốt mayonnaise và nướng bánh mì bơ làm tăng đáng kể hàm lượng chất béo bão hòa và calo. Món ăn cổ điển này đạt được kết cấu đặc trưng thông qua việc ép chảo hoặc nướng vỉ, tạo ra bề ngoài sắc nét tương phản với phần nhân kem.",88
765883d4-bc86-5861-b2d3-b3f6dddda449,,,"Pacific cá hồi, Tươi sống (Pacific Salmon, Raw)",INGREDIENT,106.12,21.2,2.3,0.0,0.0,0.0,67.0,34d3024c-4bb7-46a0-8480-f45f99dd3d32,,,"Cá hồi Thái Bình Dương là một loài cá nước lạnh béo có nguồn gốc từ phía bắc Thái Bình Dương, nổi tiếng với hàm lượng axit béo omega-3 EPA và DHA đặc biệt cao hỗ trợ sức khỏe tim và não. Thịt sống có màu đỏ cam rực rỡ với kết cấu mịn như bơ, khiến nó trở thành lựa chọn phổ biến cho món sushi, sashimi và các chế phẩm được xử lý khi được xử lý như loại sushi. Các giống cá hồi đánh bắt tự nhiên từ vùng biển Alaska thường chứa nồng độ chất béo có lợi cao hơn và ít chất gây ô nhiễm hơn cá hồi nuôi, đồng thời cung cấp một lượng đáng kể vitamin D và selen ở trạng thái chưa nấu chín.",88
7d164744-2f28-54e2-a8dc-c03692ac67c4,,,"Sockeye cá hồi, Nấu chín (Sockeye Salmon, Cooked)",DISH,156.0,26.5,5.57,0.0,0.0,0.0,92.0,34d3024c-4bb7-46a0-8480-f45f99dd3d32,,,"Cá hồi sockeye nấu chín là một loại cá béo có hương vị và bổ dưỡng được phân biệt bởi thịt màu đỏ cam rực rỡ. Màu sắc này xuất phát từ chế độ ăn nhiều nhuyễn thể và các loài giáp xác khác. Cá hồi Sockeye là nguồn cung cấp axit béo omega-3 tuyệt vời, được biết đến với lợi ích cho sức khỏe tim mạch và mang lại hương vị cá hồi đậm đà hơn, rõ rệt hơn so với các loại cá hồi khác.",88
02a74294-b909-5393-9822-0976c491eb78,,,"Không da Tilapia Fillet, Tươi sống (Skinless Tilapia Fillet, Raw)",INGREDIENT,96.0,20.1,1.7,0.0,0.0,0.0,52.0,34d3024c-4bb7-46a0-8480-f45f99dd3d32,,,"Phi lê cá rô phi không da là một loại cá nước ngọt có hương vị nhẹ thường được nuôi ở trang trại vì hàm lượng protein nạc và ứng dụng ẩm thực linh hoạt. Loài cá trắng này cung cấp nguồn dinh dưỡng thiết yếu ít chất béo bao gồm vitamin B12 và selen, với hàm lượng thủy ngân thấp hơn so với nhiều loài cá săn mồi lớn hơn. Kết cấu mềm, mịn thích hợp với việc nướng, nướng hoặc áp chảo, trong khi hương vị trung tính của nó phù hợp với các cách tiếp cận gia vị đa dạng.",75
45c4279d-7270-5435-a135-bdffd0f0aa25,,,Pink cá hồi (Pink Salmon),INGREDIENT,127.0,20.5,4.4,0.0,0.0,0.0,71.5,34d3024c-4bb7-46a0-8480-f45f99dd3d32,,,"Cá hồi hồng là loài cá hồi Thái Bình Dương được đánh bắt tự nhiên bởi thịt màu hồng nhạt và hương vị nhẹ so với các giống cá hồi đậm đà hơn. Loại cá nạc này cung cấp protein chất lượng cao và axit béo omega-3, với hàm lượng chất béo thấp hơn cá hồi Đại Tây Dương, cùng với các vitamin B và selen đáng chú ý. Kết cấu tinh tế của nó có khả năng chịu đựng tốt khi nướng và nướng, đồng thời vẫn là sự lựa chọn hải sản bền vững do dân số dồi dào ở vùng biển phía bắc Thái Bình Dương.",88
334b1ee1-e844-584d-9d36-5cfcbc6f65ef,,,"Đóng hộp Tongol cá ngừ in dầu, Drained (Canned Tongol Tuna in Oil, Drained)",INGREDIENT,198.0,29.1,8.21,0.0,0.0,0.0,416.0,34d3024c-4bb7-46a0-8480-f45f99dd3d32,,,"Cá ngừ Tongol ngâm dầu đóng hộp, ráo nước là một sản phẩm hải sản chế biến sẵn được làm từ loài cá ngừ Tongol (*Thunnus tonggol*), được công nhận vì kích thước nhỏ hơn và hàm lượng thủy ngân thấp hơn so với các giống cá ngừ lớn hơn. Cá được nấu trong dầu thực vật trong quá trình đóng hộp, sau đó để ráo nước để giảm lượng mỡ dư thừa trong khi vẫn giữ được mật độ protein cao, mang đến lựa chọn nạc hơn so với cá ngừ đóng hộp dầu không ráo nước. Kết cấu mềm, mịn và hương vị dịu nhẹ của nó phù hợp với các món ăn nguội như salad và bánh mì sandwich, mặc dù nồng độ natri vẫn tăng cao do yêu cầu bảo quản.",75
e34573aa-7459-5b52-b2a1-5c289d250766,,,Nướng Tilapia (Baked Tilapia),DISH,129.0,26.2,2.65,0.0,0.0,0.0,56.0,34d3024c-4bb7-46a0-8480-f45f99dd3d32,,,"Cá rô phi nướng là một loại cá nước ngọt có hương vị nhẹ được biết đến với hàm lượng protein nạc và kết cấu mềm, bong tróc khi nấu chín. Phương pháp chế biến này bảo toàn độ ẩm mà không cần thêm chất béo, khiến nó trở thành một lựa chọn ít calo, giàu vitamin B12 và selen. Đặc điểm hương vị trung tính của nó cho phép nó kết hợp tốt với các loại gia vị đậm đà, nước xốt cam quýt hoặc trang trí bằng thảo mộc đơn giản, mang lại sự linh hoạt trong việc lập kế hoạch bữa ăn cho chế độ ăn kiêng có lợi cho sức khỏe.",75
9cc8cb05-3719-5ab9-8e82-c42ae939d3c6,,,"Skipjack cá ngừ, đóng hộp in dầu, Drained (Skipjack Tuna, Canned in Oil, Drained)",INGREDIENT,198.0,29.1,8.21,0.0,0.0,0.0,416.0,34d3024c-4bb7-46a0-8480-f45f99dd3d32,,,"Cá ngừ vằn là loài cá nước mặn thường được bảo quản trong dầu và được bán trong các hộp có thời hạn sử dụng ổn định, với chế phẩm ráo nước giúp giảm lượng dầu thừa trong khi vẫn giữ được kết cấu ẩm, chắc. Loại này cung cấp protein đậm đặc và axit béo omega-3 nhưng chứa nhiều calo và natri hơn so với các loại đóng gói bằng nước do nước muối dầu. Hương vị đậm đà, thơm ngon của nó làm cho nó trở thành nguồn protein thiết thực cho món salad, bánh mì sandwich và các bữa ăn nhanh, mặc dù quá trình đóng hộp làm mềm thịt so với cá ngừ tươi nấu chín.",75
690e4a49-5be6-5e0f-8696-8ffdd1ff980d,,,"Chinook (Pacific) cá hồi, sống (Chinook (Pacific) Salmon, Raw)",INGREDIENT,179.0,19.9,10.4,0.0,0.0,0.0,47.0,34d3024c-4bb7-46a0-8480-f45f99dd3d32,,,"Cá hồi Chinook, còn được gọi là cá hồi King, là loại cá cao cấp ở Thái Bình Dương được biết đến với hàm lượng axit béo omega-3 cao và kết cấu béo ngậy như bơ. Loại cá hồi đánh bắt tự nhiên này chứa nhiều chất béo hơn đáng kể so với các loài cá hồi khác, khiến thịt sống của nó có màu đỏ cam rực rỡ và độ mềm mịn lý tưởng để chế biến món sushi. Mặc dù thường được phục vụ sống trong món sashimi, nhưng nó vẫn có giá trị như nhau khi nướng hoặc nướng nhờ hương vị đậm đà và đặc tính dinh dưỡng tốt cho tim.",88
789f3db3-8d17-55d2-a882-8243d1c88635,,,"Chum cá hồi, Nấu chín (Chum Salmon, Cooked)",DISH,154.0,25.8,4.83,0.0,0.0,0.0,64.0,34d3024c-4bb7-46a0-8480-f45f99dd3d32,,,"Cá hồi chum nấu chín là một loài cá hồi Thái Bình Dương được biết đến với hương vị nhẹ và kết cấu chắc chắn. Là một loại cá nấu chín, nó cung cấp nguồn protein chất lượng cao và axit béo omega-3 phong phú, góp phần tăng cường sức khỏe của tim và não. Mặc dù cá hồi chum thường được coi là lựa chọn hải sản bền vững nhưng bạn nên kiểm tra thông tin nguồn cung ứng cụ thể để đảm bảo thực hành đánh bắt có trách nhiệm.",88
ba7ba216-144d-5f85-81c8-cfec3c789f4f,,,Cay cá ngừ bánh mì kẹp (Spicy Tuna Sandwich),DISH,225.0,11.0,9.6,24.0,2.5,4.0,450.0,34d3024c-4bb7-46a0-8480-f45f99dd3d32,,,"Sandwich cá ngừ cay kết hợp cá ngừ đóng hộp với sốt mayonnaise và gia vị làm từ ớt như sriracha hoặc sốt nóng, dùng lạnh trên bánh mì hoặc bánh cuộn. Bữa ăn giàu protein này cung cấp axit béo omega-3 từ cá ngừ nhưng thường chứa nhiều natri từ nước sốt và gia vị bổ sung. Mặc dù có thể thích ứng với các biến thể bọc ngũ cốc nguyên hạt hoặc bọc rau diếp, các phiên bản truyền thống có thể bao gồm bánh mì có chứa gluten và nước sốt giàu chất béo, khiến nhận thức về khẩu phần trở thành chìa khóa cho chế độ ăn kiêng có ý thức về calo.",88
7976c3e8-4fb1-5443-a10f-31beb8065341,,,"Tilapia Fillets, Tươi sống (Tilapia Fillets, Raw)",INGREDIENT,96.0,20.1,1.7,0.0,0.0,0.0,52.0,34d3024c-4bb7-46a0-8480-f45f99dd3d32,,,"Phi lê cá rô phi là một loại cá nước ngọt nạc có đặc điểm là hương vị nhẹ, hơi ngọt và kết cấu chắc nhưng không bong tróc khi nấu chín. Loại cá trắng giá cả phải chăng này cung cấp nguồn protein chất lượng cao với lượng chất béo và calo tối thiểu, mặc dù nó chứa ít axit béo omega-3 hơn so với các loài cá nước mặn béo. Được nuôi phổ biến trên toàn thế giới, philê cá rô phi sống thích ứng tốt với việc nướng, nướng hoặc áp chảo và dễ dàng hấp thụ hương vị từ nước xốt và gia vị.",75
bfea5756-891f-5cb4-bab1-034c145b44ca,,,"Tilapia Fillet với Skin, Tươi sống (Tilapia Fillet with Skin, Raw)",INGREDIENT,114.0,18.5,4.4,0.0,0.0,0.0,84.0,34d3024c-4bb7-46a0-8480-f45f99dd3d32,,,"Phi lê cá rô phi có da là loại cá nước ngọt nạc được cắt miếng được đánh giá cao nhờ hương vị nhẹ, hơi ngọt và kết cấu chắc. Việc chuẩn bị vỏ giúp giữ độ ẩm trong khi nấu, tạo ra bề ngoài giòn khi áp chảo hoặc nướng. Mặc dù hàm lượng axit béo omega-3 thấp hơn so với các loại cá béo như cá hồi nhưng nó cung cấp nguồn protein chất lượng cao với lượng chất béo bão hòa tối thiểu. Loại cá được nuôi rộng rãi này thích nghi tốt với các loại gia vị và phương pháp nấu ăn đa dạng, từ nướng bánh đến cá tacos.",75
d825aac7-77c8-5b78-8693-2c710aed9bd9,,,Pan-chiên Tilapia (Pan-Fried Tilapia),DISH,163.0,19.0,7.5,5.0,0.5,1.0,400.0,34d3024c-4bb7-46a0-8480-f45f99dd3d32,,,"Cá rô phi áp chảo là một loại phi lê cá nước ngọt nạc được nấu trong chảo với dầu, có lớp vỏ màu nâu vàng trong khi vẫn giữ được thịt ẩm, bong tróc. Phương pháp chế biến này bổ sung hàm lượng chất béo khiêm tốn so với nướng hoặc hấp, nhưng cá vẫn là nguồn protein chất lượng cao, ít chất béo bão hòa. Hương vị nhẹ và kết cấu chắc của cá rô phi giúp nó thích ứng với các loại gia vị, trong khi hàm lượng thủy ngân tối thiểu giúp nó trở thành lựa chọn hải sản thường xuyên an toàn hơn so với các loài cá săn mồi lớn hơn.",75
1faf5202-d3f8-5571-a4e7-11ee12386462,,,"Đóng hộp Tongol cá ngừ in nước, Drained (Canned Tongol Tuna in Water, Drained)",DISH,116.0,26.0,1.0,0.0,0.0,0.0,320.0,34d3024c-4bb7-46a0-8480-f45f99dd3d32,,,"Cá ngừ Tongol đóng hộp ngâm nước (để ráo nước) là một sản phẩm hải sản nạc, ổn định khi bảo quản, có nguồn gốc từ Thunnus tonggol, một loài cá ngừ nhỏ hơn được đánh giá cao nhờ hương vị dịu nhẹ và hàm lượng thủy ngân thấp hơn so với các giống cá ngừ lớn hơn. Quá trình đóng hộp và lọc nước làm giảm hàm lượng chất béo và calo trong khi vẫn bảo quản được protein chất lượng cao, khiến nó trở thành lựa chọn thiết thực cho các món salad, bánh mì sandwich và bát ngũ cốc. Cách chế biến này vẫn giữ được kết cấu chắc chắn của cá và vị mặn tinh tế mà không cần thêm dầu hoặc gia vị.",75
d60b9ab4-0f4e-56ee-a0f9-67cf2ada2c5d,,,"Skipjack cá ngừ, Tươi sống (Skipjack Tuna, Raw)",INGREDIENT,103.0,22.0,1.01,0.0,0.0,0.0,37.0,34d3024c-4bb7-46a0-8480-f45f99dd3d32,,,"Cá ngừ vằn là loài cá ngừ nhỏ, phát triển nhanh được tìm thấy ở các đại dương nhiệt đới và cận nhiệt đới trên toàn thế giới. Loại cá nạc này cung cấp protein chất lượng cao với hàm lượng chất béo tối thiểu, đồng thời cung cấp lượng axit béo omega-3 tốt cho tim. Mặc dù thường được sử dụng sống trong các món sushi và bát poke do kết cấu chắc và hương vị nhẹ, nhưng đây cũng là loại cá ngừ chính được sử dụng trong các sản phẩm đóng hộp. Cá ngừ vằn chứa hàm lượng thủy ngân thấp hơn so với các loài cá ngừ lớn hơn, khiến nó trở thành lựa chọn bền vững hơn để tiêu thụ thường xuyên.",88
f37fba50-d39b-59ef-9ba9-5ef2ffdfc411,,,Smoked cá hồi (Smoked Salmon),DISH,117.0,18.3,4.32,0.0,0.0,0.0,672.0,34d3024c-4bb7-46a0-8480-f45f99dd3d32,,,"Cá hồi hun khói là một sản phẩm cá được bảo quản bằng cách xử lý và hun khói cá hồi, tạo ra loại protein ăn liền giàu axit béo omega-3 có lợi cho tim. Có sẵn ở cả loại hun khói lạnh và hun khói nóng mịn, nó mang hương vị khói đặc biệt với hàm lượng natri vừa phải từ quá trình đóng rắn. Thành phần đa năng này được sử dụng rộng rãi trong các món khai vị, salad và các món ăn sáng đồng thời cung cấp nguồn protein chất lượng cao đậm đặc.",88
e9d8c617-4a57-55f2-8ed9-bc3adf5d3ac3,,,"Rainbow Trout, Tươi sống (Rainbow Trout, Raw)",INGREDIENT,119.0,20.5,3.46,0.0,0.0,0.0,31.0,34d3024c-4bb7-46a0-8480-f45f99dd3d32,,,"Cá hồi vân là loài cá nước ngọt có đặc điểm là sọc hồng đặc trưng dọc theo các cạnh màu bạc và có hoa văn lốm đốm. Loại cá có hương vị dịu nhẹ này đặc biệt giàu axit béo omega-3, protein chất lượng cao và vitamin B12, đồng thời hàm lượng thủy ngân thấp hơn so với nhiều loài cá khác. Dù được đánh bắt tự nhiên hay nuôi trong trang trại, cá hồi vân sống có thịt mềm với màu từ hồng nhạt đến cam, lý tưởng để nướng, nướng bánh hoặc hun khói.",75
0dad61c8-ca59-514f-b85b-08c2c3994ddd,,,"King cá hồi, Tươi sống (King Salmon, Raw)",INGREDIENT,179.0,19.9,10.4,0.0,0.0,0.0,47.0,34d3024c-4bb7-46a0-8480-f45f99dd3d32,,,"Cá hồi vua (Oncorhynchus tshawytscha), còn được gọi là Chinook, là loài cá hồi Thái Bình Dương cao cấp được đánh giá cao nhờ hàm lượng chất béo cao và thịt màu đỏ cam rực rỡ được tô màu bởi sắc tố astaxanthin tự nhiên. Loại cá hồi lớn nhất này chứa gần gấp đôi axit béo omega-3 so với các loại cá hồi hoang dã khác, mang lại lợi ích về tim mạch cùng với lượng protein đáng kể, mặc dù lớp vân mỡ phong phú của nó làm tăng mật độ calo. Thịt sống chắc, béo ngậy được ưa chuộng để chế biến món sushi và các phương pháp nấu nhanh để giữ được kết cấu tinh tế của nó.",88
73bd9e90-92bf-56c7-a607-d2b83c13a501,,,"Albacore cá ngừ, Tươi sống (Albacore Tuna, Raw)",INGREDIENT,108.0,27.0,1.0,0.0,0.0,0.0,50.0,34d3024c-4bb7-46a0-8480-f45f99dd3d32,,,"Cá ngừ Albacore là loài cá lớn, di cư được nhận biết bởi thịt màu hồng nhạt và hương vị nhẹ so với các giống cá ngừ sẫm màu hơn. Chế phẩm thô này có thịt nạc đặc biệt với hàm lượng axit béo omega-3 cao và protein hoàn chỉnh, mặc dù nó chứa hàm lượng thủy ngân cao hơn các loại cá nhỏ hơn. Được đánh giá cao trong các ứng dụng thô, nó thường được cắt lát để làm sushi và sashimi do kết cấu chắc và hương vị sạch, thường có nguồn gốc từ vùng biển ôn đới và nhiệt đới.",88
f600b064-f579-5baa-86bb-17813a7b4659,,,"Albacore cá ngừ, Nấu chín (Albacore Tuna, Cooked)",DISH,132.0,28.0,2.5,0.0,0.0,0.0,50.0,34d3024c-4bb7-46a0-8480-f45f99dd3d32,,,"Cá ngừ albacore nấu chín là một loại cá nước mặn được công nhận vì hương vị nhẹ và kết cấu thịt chắc, chắc. Là một loại cá nấu chín, nó cung cấp nguồn protein nạc chất lượng cao và axit béo omega-3 có lợi, góp phần tăng cường sức khỏe tim mạch. Tuy nhiên, cá ngừ albacore có xu hướng có hàm lượng thủy ngân cao hơn so với các loài cá ngừ nhỏ hơn, vì vậy nên tiêu thụ ở mức độ vừa phải, đặc biệt là đối với phụ nữ mang thai và trẻ nhỏ.",88
b5fe9593-35b6-5493-963c-1250b39816f5,,,"Sardines in nước, đóng hộp (Sardines in Water, Canned)",DISH,180.0,20.0,10.6,0.0,0.0,0.0,390.0,34d3024c-4bb7-46a0-8480-f45f99dd3d32,,,"Cá mòi đóng hộp là loại cá nhỏ, giàu dinh dưỡng, được nấu chín và đóng gói nguyên con trong nước, mang lại giá trị dinh dưỡng đặc biệt. Những loài cá này đặc biệt giàu axit béo omega-3, vitamin D và canxi từ xương ăn được của chúng, đồng thời chứa ít thủy ngân hơn các loài cá lớn hơn. Những miếng phi lê mềm, có hương vị nhẹ được nấu chín trước và có thể ăn trực tiếp từ hộp sau khi để ráo nước, khiến chúng trở thành nguồn cung cấp protein hoàn chỉnh tiện lợi.",75
c3fdc6a7-4fca-5408-84c1-15647bb36d2f,,,"Cá ngừ bít tết, Tươi sống (Tuna Steak, Raw)",INGREDIENT,109.0,24.4,0.49,0.0,0.0,0.0,45.0,34d3024c-4bb7-46a0-8480-f45f99dd3d32,,,"Bít tết cá ngừ là miếng thịt dày được cắt từ các loài cá lớn sống ở biển như cá ngừ vây vàng hoặc cá ngừ vây xanh, được đánh giá cao vì hàm lượng protein cao và axit béo omega-3 phong phú. Không giống như các loại cá béo hơn như cá hồi, cá ngừ sống duy trì kết cấu nạc với thịt màu đỏ đậm và chuyển sang màu hồng nhạt khi nấu chín. Thường được nướng trong thời gian ngắn để bảo quản phần bên trong mềm mại, lựa chọn hải sản đa năng này cung cấp nguồn protein đáng kể nhưng ít chất béo, lý tưởng cho chế độ ăn có lợi cho tim.",75
47e2ed48-7a7d-5d27-8889-b86dcab0787c,,,"Catfish, Nấu chín (Catfish, Cooked)",DISH,144.0,18.4,7.19,0.0,0.0,0.0,119.0,34d3024c-4bb7-46a0-8480-f45f99dd3d32,,,"Cá da trơn nấu chín là một loại cá nước ngọt được biết đến với hương vị nhẹ, hơi ngọt và kết cấu chắc, bong tróc. Là một nguồn protein nạc, nó cung cấp các axit amin thiết yếu và tương đối ít calo. Cá da trơn cũng chứa axit béo omega-3, góp phần tăng cường sức khỏe tim mạch, mặc dù mức độ có thể khác nhau tùy thuộc vào việc nó được đánh bắt tự nhiên hay nuôi trong trang trại.",88
11f20c88-6530-5bc6-a936-1eab6a5e6241,,,"Yellowfin cá ngừ, Tươi sống (Yellowfin Tuna, Raw)",INGREDIENT,109.0,24.4,0.49,0.0,0.0,0.0,45.0,34d3024c-4bb7-46a0-8480-f45f99dd3d32,,,"Cá ngừ vây vàng là loài cá nước mặn được đánh giá cao nhờ thịt chắc, màu đỏ ruby ​​và hương vị nhẹ giúp phân biệt với các loại cá ngừ béo hơn, béo hơn. Nguồn protein nạc này đặc biệt ít chất béo bão hòa trong khi cung cấp đáng kể axit béo omega-3 và các khoáng chất thiết yếu như selen. Thường được phục vụ sống trong các món sushi và bát poke, cá ngừ vây vàng tươi đòi hỏi phải xử lý và tìm nguồn cung ứng cẩn thận do hàm lượng thủy ngân tiềm ẩn, mặc dù nó vẫn an toàn hơn khi tiêu thụ nguyên liệu không thường xuyên so với các loài cá ngừ lớn hơn khi được chế biến đúng cách.",88
9ec3e779-c107-58f6-acd3-927de8a2a316,,,Bánh mì nguyên cám Mix (Whole Wheat Bread Mix),INGREDIENT,340.0,12.0,3.0,70.0,9.0,1.0,350.0,34d3024c-4bb7-46a0-8480-f45f99dd3d32,,,"Hỗn hợp bánh mì nguyên hạt là bộ nguyên liệu khô trộn sẵn được thiết kế để đơn giản hóa việc chuẩn bị bánh mì tại nhà trong khi vẫn duy trì dinh dưỡng từ ngũ cốc nguyên hạt. Những hỗn hợp này sử dụng 100% bột mì nguyên hạt làm cơ sở, cung cấp nhiều chất xơ và chất dinh dưỡng hơn đáng kể so với các loại thay thế làm từ bột mì trắng và thường bao gồm các chất tạo men đã được đo trước để tăng đều. Công thức khô cho phép thợ làm bánh tại nhà chỉ thêm nước hoặc nguyên liệu ướt trước khi nhào, mang lại lợi ích dinh dưỡng của ngũ cốc nguyên hạt với sự tiện lợi của hỗn hợp thương mại.",75
66f06614-f8ef-5eb2-8638-d4bb3db68a1f,,,"Atlantic Cod, Tươi sống (Atlantic Cod, Raw)",INGREDIENT,82.0,17.8,0.67,0.0,0.0,0.0,54.0,34d3024c-4bb7-46a0-8480-f45f99dd3d32,,,"Cá tuyết Đại Tây Dương là một loại cá nước mặn nạc được đánh giá cao nhờ hương vị dịu nhẹ và thịt trắng mịn, săn chắc khi nấu chín. Loài nước lạnh này cung cấp protein chất lượng cao với lượng chất béo bão hòa tối thiểu, cùng với lượng selen và vitamin B12 đáng chú ý. Được thu hoạch bền vững từ nghề cá Bắc Đại Tây Dương, phi lê cá tuyết thô thích ứng tốt với việc nướng, nướng hoặc săn trộm trong khi chứa hàm lượng thủy ngân thấp hơn so với các loại cá săn mồi lớn hơn.",88
88f189e1-5506-5449-a81a-870e4b56a9dc,,,"Coho cá hồi, Tươi sống (Coho Salmon, Raw)",INGREDIENT,146.0,21.0,5.3,0.0,0.0,0.0,60.0,34d3024c-4bb7-46a0-8480-f45f99dd3d32,,,"Cá hồi Coho là loài cá hồi Thái Bình Dương đánh bắt tự nhiên được đánh giá cao nhờ thịt màu đỏ cam rực rỡ và kết cấu chắc, mịn ở trạng thái sống. Loại cá béo này cung cấp hàm lượng cao axit béo omega-3 EPA và DHA, đồng thời là nguồn cung cấp protein hoàn chỉnh tuyệt vời. Mặc dù thường được sử dụng sống trong các chế phẩm sushi, nhưng hương vị nhẹ và hàm lượng chất béo vừa phải cũng khiến nó trở nên linh hoạt khi nướng, nướng bánh hoặc luộc. Cá hồi hoang dã thường chứa ít chất gây ô nhiễm hơn các giống cá hồi nuôi.",88
b3491e3d-5916-56cb-906b-a5fd3104b881,,,Bánh mìed cá hồi (Breaded Salmon),DISH,161.0,18.4,7.6,3.8,0.6,0.5,300.0,34d3024c-4bb7-46a0-8480-f45f99dd3d32,,,"Cá hồi tẩm bột là một món hải sản được chế biến sẵn gồm phi lê cá hồi được phủ trong vụn bánh mì hoặc bột mì dày dặn, thường được nướng hoặc áp chảo cho đến khi giòn. Lớp vỏ vàng mang lại sự tương phản về kết cấu với phần thịt ẩm, bong tróc của cá đồng thời bổ sung thêm carbohydrate không có trong cá hồi thông thường. Mặc dù việc tẩm bột làm tăng mật độ calo nhưng món ăn vẫn giữ được protein chất lượng cao và axit béo omega-3 của cá hồi, với các biến thể dinh dưỡng tùy thuộc vào thành phần lớp phủ (ví dụ: các chất thay thế không chứa gluten) và dầu ăn được sử dụng.",88
b1566367-422e-59c3-9d4d-f4b0798826d0,,,"Flounder Fillet, Farm-Raised (Flounder Fillet, Farm-Raised)",INGREDIENT,70.0,12.4,1.93,0.0,0.0,0.0,296.0,34d3024c-4bb7-46a0-8480-f45f99dd3d32,,,"Phi lê cá bơn được nuôi trong trang trại là loại cá trắng nạc được đánh giá cao nhờ hương vị nhẹ, hơi ngọt và kết cấu mềm, bong tróc khi nấu chín. Giống được sản xuất từ ​​nuôi trồng thủy sản này cung cấp nguồn protein chất lượng cao và axit béo omega-3 đáng tin cậy, với hàm lượng thủy ngân thấp hơn thường thấy ở các giống đánh bắt tự nhiên. Thịt mỏng manh của nó thích ứng tốt với các phương pháp nấu ăn nhanh như nướng, áp chảo hoặc nướng vỉ, mang đến một lựa chọn linh hoạt cho các bữa ăn ít chất béo và chế độ ăn tốt cho tim mạch.",75
13aeb9ff-7604-59a5-9cbf-2424022f1bf5,,,Đóng hộp Sardines in dầu (Canned Sardines in Oil),INGREDIENT,208.0,24.6,11.4,0.0,0.0,0.0,307.0,34d3024c-4bb7-46a0-8480-f45f99dd3d32,,,"Cá mòi ngâm dầu đóng hộp (để ráo nước) là loại cá nhỏ, giàu dinh dưỡng thuộc họ Clupeidae, được bảo quản bằng cách đóng hộp trong dầu. Không giống như các loài cá lớn hơn, chúng thường được tiêu thụ nguyên con - bao gồm cả xương giàu canxi ăn được - và cung cấp hàm lượng axit béo omega-3 và protein cao với rủi ro thủy ngân tối thiểu. Việc xả nước làm giảm lượng dầu dư thừa trong khi vẫn giữ được kết cấu mềm đặc trưng và hương vị mặn của chúng, khiến chúng trở thành loại protein ổn định thuận tiện cho món salad, bánh quy giòn hoặc các bữa ăn nhanh.",75
66b81f25-8a51-59a5-a6a6-a787a146fbaa,,,"Không da Cod Fillet, Tươi sống (Skinless Cod Fillet, Raw)",INGREDIENT,82.0,17.8,0.67,0.0,0.0,0.0,54.0,34d3024c-4bb7-46a0-8480-f45f99dd3d32,,,"Phi lê cá tuyết không da là loại cá trắng nạc, có vị nhẹ, được đánh giá cao nhờ hàm lượng protein cao và hàm lượng chất béo bão hòa thấp. Loài nước lạnh này, thường có nguồn gốc từ Đại Tây Dương hoặc Thái Bình Dương, mang lại thịt mềm, bong tróc khi nấu chín và dùng làm nguyên liệu linh hoạt để nướng, nướng hoặc áp chảo. Một phần 100g cung cấp hơn 20g protein với lượng calo tối thiểu, cùng với các chất dinh dưỡng cần thiết như vitamin B12 và iốt, khiến nó trở thành một lựa chọn thay thế tốt cho tim mạch cho các loại cá béo hơn.",88
2a958679-ca88-5a45-8a92-17c5aff4bde0,,,"Cod Fillets, Tươi sống (Cod Fillets, Raw)",INGREDIENT,80.0,17.7,0.65,0.0,0.0,0.0,60.0,34d3024c-4bb7-46a0-8480-f45f99dd3d32,,,"Phi lê cá tuyết là những miếng thịt không xương được làm từ loại cá nạc, nước lạnh được đánh giá cao nhờ hương vị nhẹ nhàng và ứng dụng ẩm thực linh hoạt. Loại cá trắng này cung cấp protein chất lượng cao với lượng chất béo tối thiểu, cùng với lượng vitamin B12 và phốt pho đáng chú ý cho quá trình trao đổi chất và sức khỏe của xương. Khi nấu chín, thịt trở nên mềm và bong tróc nên thích hợp để nướng, nướng hoặc áp chảo. Khuyến khích sử dụng cá tuyết có nguồn gốc bền vững do lo ngại đánh bắt quá mức ở một số vùng.",88
d98350bc-6312-54f1-b128-63b1929cba2d,,,"Cod, Tươi sống (Cod, Raw)",INGREDIENT,82.0,17.8,0.67,0.0,0.0,0.0,54.0,34d3024c-4bb7-46a0-8480-f45f99dd3d32,,,"Cá tuyết sống là loại cá nạc, có thịt trắng, nổi tiếng với hương vị nhẹ và kết cấu mịn. Là một loài cá nước mặn, cá tuyết là nguồn cung cấp protein chất lượng cao tuyệt vời trong khi vẫn rất ít chất béo. Khi tiêu thụ sống, chẳng hạn như trong món sushi hoặc ceviche, điều quan trọng là phải đảm bảo cá tuyết có nguồn gốc từ các nhà cung cấp có uy tín, những người tuân thủ các quy trình xử lý và đông lạnh nghiêm ngặt để giảm thiểu nguy cơ ký sinh trùng. Do lo ngại về việc đánh bắt quá mức, nên chọn cá tuyết từ các nghề cá được quản lý bền vững.",88
59244154-e230-503b-9406-8949524fb7a2,,,"Tiger tôm, Tươi sống (Tiger Shrimp, Raw)",INGREDIENT,86.2,19.6,0.75,0.0,0.0,0.0,342.5,34d3024c-4bb7-46a0-8480-f45f99dd3d32,,,"Tôm sú là loài giáp xác lớn được nhận biết bởi lớp vỏ sọc xám đen đặc biệt và thịt chắc, trong mờ. Loại này cung cấp nguồn protein chất lượng cao với lượng chất béo tối thiểu, mặc dù nó có chứa mức cholesterol vừa phải. Thường được nuôi trong các hệ thống nuôi trồng thủy sản, tôm sú nguyên liệu thích hợp với các món nướng, áp chảo hoặc hấp, đồng thời hương vị mặn, ngọt của chúng khiến chúng trở thành lựa chọn linh hoạt cho các món ăn toàn cầu từ món xào đến hải sản luộc.",88
0f2fbd60-d897-5136-a6f4-467f34aeecd0,,,"Pacific Cod, Tươi sống (Pacific Cod, Raw)",INGREDIENT,69.0,15.3,0.41,0.0,0.0,0.0,303.0,34d3024c-4bb7-46a0-8480-f45f99dd3d32,,,"Cá tuyết Thái Bình Dương là một loại cá trắng có hương vị nhẹ có nguồn gốc từ vùng biển lạnh phía bắc Thái Bình Dương, được đánh giá cao nhờ thịt nạc, bong tróc khi nấu chín. Loại cá đánh bắt tự nhiên này cung cấp protein chất lượng cao với lượng chất béo bão hòa tối thiểu và đặc biệt giàu selen và vitamin B12. Kết cấu chắc chắn của nó có khả năng chịu đựng tốt khi nướng, nướng hoặc áp chảo, và nó thường được khuyên dùng như một giải pháp thay thế bền vững cho nguồn cá tuyết Đại Tây Dương bị đánh bắt quá mức.",88
ca2498e5-49df-58e1-81c4-056aeb6453ee,,,Smoked Sockeye cá hồi (Smoked Sockeye Salmon),DISH,345.0,60.6,11.43,0.0,0.0,0.0,51.0,34d3024c-4bb7-46a0-8480-f45f99dd3d32,,,"Cá hồi mắt đỏ hun khói là một chế phẩm cao cấp của cá hồi Thái Bình Dương đánh bắt tự nhiên, nổi tiếng với thịt màu đỏ cam rực rỡ và hương vị đậm đà. Quá trình hun khói nóng sẽ làm chín cá hoàn toàn đồng thời truyền mùi thơm khói đặc biệt và tạo ra kết cấu chắc, bong tróc. Loại này chứa hàm lượng axit béo omega-3 cao hơn so với cá hồi nuôi, nhưng hàm lượng natri của nó tăng cao do ngâm nước muối trong quá trình sản xuất. Hương vị phong phú làm cho nó phù hợp để sử dụng riêng lẻ cũng như kết hợp với món salad, mì ống và món khai vị.",88
07273675-5417-56ae-b379-d89110e08368,,,Bánh mìed Cod (Breaded Cod),DISH,190.0,16.0,8.0,17.0,1.0,1.5,520.0,34d3024c-4bb7-46a0-8480-f45f99dd3d32,,,"Cá tuyết tẩm bột là một món hải sản được chế biến sẵn bao gồm phi lê cá tuyết được phủ trong vụn bánh mì hoặc bột tẩm gia vị, thường được áp chảo hoặc nướng cho đến khi vàng. Mặc dù bản thân cá tuyết là một loại cá trắng nạc, dạng vảy, giàu protein và ít chất béo bão hòa, nhưng việc tẩm bột sẽ bổ sung thêm carbohydrate và có thể làm tăng đáng kể hàm lượng calo tùy thuộc vào phương pháp nấu. Chế phẩm này tạo ra sự tương phản về kết cấu giữa bên ngoài giòn và cá mềm, với các loại cá thương mại thường chứa thêm natri, chất bảo quản và gluten từ lớp phủ làm từ lúa mì.",88
99d12044-8c87-52a6-8723-67758011dfe8,,,Smoked cá hồi bánh mì kẹp (Smoked Salmon Sandwich),DISH,226.0,11.0,10.0,22.0,3.5,1.6,500.0,34d3024c-4bb7-46a0-8480-f45f99dd3d32,,,"Bánh sandwich cá hồi hun khói là một món ăn cổ điển được chế biến với cá hồi hun khói nguội thái lát mỏng xếp trên bánh mì, điển hình là bánh mì tròn hoặc lúa mạch đen. Bữa ăn giàu protein này cung cấp đáng kể axit béo omega-3 từ cá hồi, thường được bổ sung bởi phô mai kem, nụ bạch hoa và thì là tươi. Bánh sandwich thường được phục vụ ướp lạnh như món ăn nửa buổi hoặc bữa trưa, cung cấp dinh dưỡng cân bằng mặc dù hàm lượng natri thay đổi tùy theo phương pháp xử lý và gia vị bổ sung.",88
b7ff410b-0e14-52f6-a7fa-a86ca17140eb,,,Cá ngừ Casserole (Tuna Casserole),DISH,267.0,19.0,11.0,25.0,1.5,2.0,951.0,34d3024c-4bb7-46a0-8480-f45f99dd3d32,,,"Cá ngừ hầm là món nướng cổ điển của Mỹ kết hợp cá ngừ vảy, tinh bột (thường là mì trứng hoặc mì ống) và nước sốt kem thường được làm bằng súp đặc. Loại thực phẩm tiện lợi này lấy protein từ cá ngừ đóng hộp nhưng có xu hướng chứa nhiều carbohydrate và chất béo bão hòa hơn do chứa nhiều tinh bột và các thành phần từ sữa. Các phiên bản truyền thống có lớp phủ giòn như vụn bánh mì hoặc hành tây chiên, trong khi các phiên bản hiện đại có thể kết hợp rau hoặc các chất thay thế không chứa gluten.",88
a91baf55-dc98-574e-9c81-2c4dec38f09c,,,"Steelhead Trout, Tươi sống (Steelhead Trout, Raw)",INGREDIENT,141.0,19.9,6.18,0.0,0.0,0.0,51.0,34d3024c-4bb7-46a0-8480-f45f99dd3d32,,,"Cá hồi đầu thép là một loài cá nước ngọt di cư có họ hàng gần với cá hồi vân, được phân biệt bởi vẻ ngoài giống cá hồi và thịt đậm đà, màu đỏ cam. Nguồn protein nạc này chứa hàm lượng axit béo omega-3 và vitamin D cao, có hương vị nhẹ hơn và kết cấu mềm hơn cá hồi. Thường được chế biến nướng, nướng hoặc áp chảo, nó mang lại lợi ích cho tim mạch đồng thời không chứa gluten tự nhiên và ít thủy ngân so với các loài cá săn mồi lớn hơn.",75
b8204093-f6c8-5bf5-948c-320943a77690,,,Wild-Caught Flounder Fillet (Wild-Caught Flounder Fillet),INGREDIENT,91.0,18.84,1.19,0.0,0.0,0.0,81.0,34d3024c-4bb7-46a0-8480-f45f99dd3d32,,,"Phi lê cá bơn đánh bắt tự nhiên là loại cá dẹt nạc, có hương vị nhẹ, có nguồn gốc từ môi trường đại dương ven biển chứ không phải từ các hệ thống nuôi trồng thủy sản. Loại cá trắng này cung cấp protein chất lượng cao với lượng chất béo bão hòa tối thiểu và chứa lượng axit béo omega-3 vừa phải có lợi cho tim, mặc dù ít hơn các loại cá nhiều dầu như cá hồi. Kết cấu mềm, mịn của nó phù hợp tốt với các phương pháp nấu nhanh như áp chảo hoặc nướng, trong khi hương vị tinh tế của nó dễ dàng thích ứng với các loại thảo mộc và nước sốt nhẹ. Là loài đánh bắt tự nhiên, nó thường có hàm lượng thủy ngân thấp hơn so với các loài cá săn mồi lớn hơn.",75
dfa3d54f-c12f-5e99-b565-13a34aec15e8,,,Hấp Cod (Steamed Cod),DISH,84.0,20.4,0.25,0.0,0.0,0.0,134.0,34d3024c-4bb7-46a0-8480-f45f99dd3d32,,,"Cá tuyết hấp là loại cá trắng nạc được chế biến bằng cách nấu ở nhiệt độ ẩm nhẹ nhàng để giữ được độ ẩm tự nhiên và hương vị tinh tế. Phương pháp chế biến này giúp tăng cường kết cấu dạng vảy đặc trưng của cá trong khi vẫn duy trì hàm lượng protein cao và hàm lượng chất béo thấp. Khẩu phần 3 ounce cung cấp đáng kể vitamin B12 và selen, khiến nó trở thành lựa chọn giàu chất dinh dưỡng cho chế độ ăn ít carb và tốt cho tim mạch. Hương vị nhẹ dễ dàng hấp thụ gia vị, kết hợp tốt với cam quýt, thảo mộc hoặc nước sốt lấy cảm hứng từ châu Á.",75
62e6f662-0cc8-5a87-9912-f5640888b43e,,,Chiên Catfish (Fried Catfish),DISH,229.0,18.1,13.33,8.04,0.7,0.0,280.0,34d3024c-4bb7-46a0-8480-f45f99dd3d32,,,"Cá da trơn chiên là một món ăn cổ điển của miền Nam Hoa Kỳ bao gồm cá da trơn nước ngọt được bọc trong bột ngô dày dạn và chiên giòn để tạo ra lớp vỏ ngoài giòn với thịt ẩm, bong tróc. Trong khi bản thân cá da trơn cung cấp protein nạc và các chất dinh dưỡng thiết yếu như vitamin B12, thì quá trình chiên làm tăng đáng kể hàm lượng calo và chất béo của món ăn. Cách chế biến này theo truyền thống được phục vụ với các món ăn kèm như xà lách trộn và hushpuppies, cân bằng kết cấu và hương vị đặc trưng của ẩm thực miền Nam.",88
a836e44e-e017-5a8d-8972-eb75852f98d1,,,Smoked Cod Fillets (Smoked Cod Fillets),DISH,86.5,19.0,0.9,0.0,0.0,0.0,631.0,34d3024c-4bb7-46a0-8480-f45f99dd3d32,,,"Phi lê cá tuyết hun khói là sản phẩm cá được bảo quản được chế biến thông qua kỹ thuật hun khói lạnh truyền thống, mang lại hương vị khói đậm đà trong khi vẫn duy trì kết cấu bong tróc, chắc tự nhiên của cá. Nguồn protein nạc này chứa ít chất béo bão hòa nhưng thường mang hàm lượng natri cao hơn do quá trình hun khói. Phi lê nấu chín được sử dụng như một thành phần linh hoạt trong món súp và bánh nướng cá, hoặc có thể kết hợp với ngũ cốc và rau để có những bữa ăn cân bằng cần chuẩn bị tối thiểu.",88
77c72f0b-1737-54c3-8090-ebee3ac36d43,,,Fish bánh mì kẹp (Fish Sandwich),DISH,257.0,13.0,11.0,25.0,2.0,3.0,750.0,34d3024c-4bb7-46a0-8480-f45f99dd3d32,,,"Bánh mì kẹp cá bao gồm phi lê cá nấu chín — thường được tẩm bột và chiên, mặc dù cũng có phiên bản nướng — được phục vụ trên một chiếc bánh bao hoặc cuộn, thường với sốt tartar và rau diếp. Mặc dù cung cấp nguồn protein nạc tốt từ cá trắng như cá tuyết hoặc cá minh thái, các phiên bản chiên thương mại thường chứa chất béo bão hòa đáng kể từ cả bánh mì và nước sốt. Các chế phẩm có lợi cho sức khỏe có thể sử dụng bánh mì nguyên hạt, cá nướng hoặc nước sốt làm từ sữa chua để giảm mật độ calo trong khi vẫn duy trì hương vị thơm ngon đặc trưng của món ăn.",88
a65a684f-3755-5169-9e28-47b7e104fbfe,,,Trout Fillet với Skin (Trout Fillet with Skin),INGREDIENT,148.0,20.8,6.6,0.0,0.0,0.0,60.0,34d3024c-4bb7-46a0-8480-f45f99dd3d32,,,"Phi lê cá hồi còn da là loại cá nước ngọt được cắt miếng được đánh giá cao nhờ hương vị nhẹ, hơi béo và kết cấu mềm, mịn. Nguồn protein nạc này cung cấp axit béo omega-3 có lợi cho tim, đồng thời da đóng góp thêm chất béo không bão hòa và giúp giữ ẩm trong các phương pháp nấu ăn như áp chảo hoặc nướng. So với cá hồi, cá hồi thường có hương vị tinh tế hơn và kích thước nhỏ hơn, đồng thời vẫn duy trì được lợi ích dinh dưỡng tương tự.",75
6659c0a2-6e97-5294-9112-619117d59a27,,,"Cod Fillet, Skin-On, Tươi sống (Cod Fillet, Skin-On, Raw)",INGREDIENT,70.0,15.1,0.57,0.0,0.0,0.0,45.9,34d3024c-4bb7-46a0-8480-f45f99dd3d32,,,"Phi lê cá tuyết (còn da) là loại cá trắng nạc, có vảy được đánh giá cao nhờ hương vị nhẹ nhàng và tính linh hoạt trong nấu ăn. Phần da nguyên vẹn giúp giữ độ ẩm trong quá trình chế biến và cung cấp nguồn axit béo omega-3 đậm đặc, trong khi phần thịt cung cấp protein chất lượng cao với lượng chất béo bão hòa tối thiểu. Dạng chế biến thô này thường được nướng, nướng hoặc áp chảo, với phần vỏ giòn sẽ tạo thêm độ tương phản về kết cấu cho các món ăn đã hoàn thành.",88
8c53ace5-c73b-50a6-a130-a66f4a37144e,,,"Trout, Tươi sống (Trout, Raw)",INGREDIENT,148.0,20.8,6.61,0.0,0.0,0.0,52.0,34d3024c-4bb7-46a0-8480-f45f99dd3d32,,,"Cá hồi sống là một loại cá nước ngọt được đánh giá cao vì hương vị tinh tế và kết cấu mịn. Là một nguồn protein nạc, nó rất giàu chất dinh dưỡng thiết yếu, bao gồm axit béo omega-3, hỗ trợ sức khỏe tim và não. Khi tiêu thụ sống, chẳng hạn như chế biến món sushi hoặc sashimi, điều quan trọng là phải đảm bảo cá hồi có nguồn gốc từ các nhà cung cấp có uy tín để giảm thiểu nguy cơ ký sinh trùng.",75
036e48e9-ce90-5b59-a676-a7a996cda73d,,,"Rockfish, Tươi sống (Rockfish, Raw)",INGREDIENT,90.0,18.4,1.34,0.0,0.0,0.0,74.0,34d3024c-4bb7-46a0-8480-f45f99dd3d32,,,"Rockfish là một loại cá trắng nạc, có hương vị nhẹ, bao gồm một số loài được tìm thấy chủ yếu dọc theo bờ biển Thái Bình Dương. Loại hải sản đa năng này được đánh giá cao nhờ kết cấu chắc, mịn và hàm lượng protein cao trong khi ít chất béo bão hòa. Cá đá sống có bề ngoài từ hồng nhạt đến trắng và cung cấp nguồn selen và vitamin D tuyệt vời, khiến nó trở thành lựa chọn bổ dưỡng cho các phương pháp nấu ăn khác nhau bao gồm nướng, nướng bánh hoặc hấp.",88
36e17728-d218-56b1-ab16-5d6ad8bbaf33,,,Nướng Rockfish (Baked Rockfish),DISH,109.0,22.23,1.62,0.0,0.0,0.0,89.0,34d3024c-4bb7-46a0-8480-f45f99dd3d32,,,"Cá đá nướng là một loại cá trắng nạc, có vảy có nguồn gốc từ Thái Bình Dương, được đánh giá cao nhờ hương vị nhẹ, hơi ngọt và kết cấu mềm khi nấu chín. Phương pháp chế biến này duy trì độ ẩm tự nhiên đồng thời cung cấp protein chất lượng cao và axit béo omega-3 tốt cho tim với lượng chất béo bổ sung tối thiểu. Tính linh hoạt của nó cho phép nó thích ứng tốt với nhiều loại gia vị khác nhau, phù hợp hoàn toàn với các chế độ ăn ít carb, không chứa gluten và tốt cho tim mạch.",88
1fb90fe0-652e-5216-847e-934a56a67067,,,Brown tôm (Brown Shrimp),INGREDIENT,106.0,20.3,1.73,0.0,0.0,0.0,148.0,34d3024c-4bb7-46a0-8480-f45f99dd3d32,,,"Tôm nâu là loài giáp xác có nguồn gốc từ Đại Tây Dương và Vịnh Mexico, được công nhận vì hương vị giàu iốt đặc biệt có nguồn gốc từ chế độ ăn ở biển. Những con tôm sống này cung cấp protein nạc với lượng chất béo tối thiểu, cùng với lượng selen và vitamin B12 đáng chú ý. Kết cấu chắc chắn của chúng có thể chịu được khi luộc hoặc nướng, mặc dù hàm lượng natri tự nhiên cao hơn so với tôm thẻ chân trắng hoặc tôm sú có thể ảnh hưởng đến việc lựa chọn chế độ ăn uống.",88
1e3c788a-e63a-522b-8cc8-17840936de4c,,,Đóng hộp Sardines in dầu ô liu (Canned Sardines in Olive Oil),INGREDIENT,208.0,24.6,11.4,0.0,0.0,0.0,307.0,34d3024c-4bb7-46a0-8480-f45f99dd3d32,,,"Cá mòi đóng hộp ngâm dầu ô liu là loại cá nhỏ, nhiều dầu, được bảo quản thông qua quá trình xử lý nhiệt, làm mềm xương của chúng thành nguồn canxi và phốt pho có thể ăn được. Khi để ráo nước, những con cá mòi này giữ lại axit béo omega-3 có lợi cho tim và protein chất lượng cao đồng thời giảm hàm lượng dầu dư thừa. Định dạng ổn định trên kệ của chúng cung cấp một lựa chọn hải sản thuận tiện, bền vững, giàu chất dinh dưỡng như vitamin B12 và selen, không cần chuẩn bị gì ngoài việc mở hộp thiếc.",75
3445fbd1-1d56-5dca-bf19-b056b4e79d97,,,Nướng Trout (Baked Trout),DISH,169.0,24.45,7.22,0.0,0.0,0.0,61.0,34d3024c-4bb7-46a0-8480-f45f99dd3d32,,,"Cá hồi nướng là một loại cá nước ngọt nạc được chế biến bằng cách nướng trong lò, tạo ra thịt mềm, bong tróc với hương vị nhẹ, hơi hạt. Phương pháp nấu ăn này bảo toàn hàm lượng protein chất lượng cao và axit béo omega-3 đồng thời tránh chất béo bổ sung, khiến nó trở thành lựa chọn tốt cho tim mạch. So với cá hồi, cá hồi thường có kết cấu tinh tế hơn và mật độ calo thấp hơn, thường được nêm đơn giản với các loại thảo mộc, chanh hoặc dầu ô liu để tăng hương vị tự nhiên.",75
9aa5a524-e86c-5773-bd8c-95090ed3e4cb,,,"Wild-Caught Catfish, Tươi sống (Wild-Caught Catfish, Raw)",INGREDIENT,95.0,16.4,2.82,0.0,0.0,0.0,43.0,34d3024c-4bb7-46a0-8480-f45f99dd3d32,,,"Cá trê đánh bắt tự nhiên là loài cá nước ngọt được thu hoạch từ hệ sinh thái sông hồ tự nhiên, được đánh giá cao về thịt nạc, săn chắc và hương vị đất dịu nhẹ. Loại cá này chứa ít chất béo bão hòa hơn đáng kể so với cá da trơn nuôi trong trang trại đồng thời cung cấp protein chất lượng cao, vitamin B thiết yếu và selen. Kết cấu dày đặc của nó phù hợp tốt với các kỹ thuật nướng và làm đen, và là loài sống ở tầng đáy, nó thường tích tụ ít chất gây ô nhiễm môi trường hơn các loài cá săn mồi lớn hơn.",88
ac3ddfb9-c0f2-51ea-8f9c-d26df69c6d32,,,"Chum cá hồi, Tươi sống (Chum Salmon, Raw)",INGREDIENT,120.0,20.1,3.77,0.0,0.0,0.0,50.0,34d3024c-4bb7-46a0-8480-f45f99dd3d32,,,"Cá hồi Chum (còn gọi là cá hồi keta hoặc cá hồi chó) là một loài cá Thái Bình Dương đánh bắt tự nhiên được công nhận vì thịt nạc hơn so với các giống cá hồi khác. Dạng thô của nó có màu cam nhạt và kết cấu chắc, chứa hàm lượng protein cao hơn với ít chất béo hơn đáng kể so với các loài như cá hồi vua hoặc cá hồi mắt đỏ. Mặc dù thường được sử dụng trong các chế phẩm sushi và các ứng dụng chữa bệnh, nhưng hàm lượng dầu thấp của nó đòi hỏi phải nấu cẩn thận để tránh bị khô. Cá hồi này cung cấp axit béo omega-3 thiết yếu cùng với lượng vitamin D và selen đáng chú ý.",88
09dc9546-9483-5724-9af9-fe5875427869,,,"Trout Fillets, Tươi sống (Trout Fillets, Raw)",INGREDIENT,140.0,19.5,6.5,0.0,0.0,0.0,50.0,34d3024c-4bb7-46a0-8480-f45f99dd3d32,,,"Phi lê cá hồi là những miếng cá nước ngọt không xương được đánh giá cao nhờ protein nạc và hàm lượng axit béo omega-3 cao. Những miếng phi lê sống này có hương vị tinh tế, hơi hạt và kết cấu mềm, giúp phân biệt chúng với cá hồi có vị đậm đà hơn đồng thời cung cấp chất béo có lợi cho tim tương đương. Thường được chế biến bằng cách nướng, nướng hoặc áp chảo, cá hồi cũng nổi tiếng vì hàm lượng thủy ngân thấp hơn so với các loài cá săn mồi lớn hơn.",75
657aef37-9bdb-55a6-8ca3-2473661550c0,,,Hàu Crackers (Oyster Crackers),DISH,418.0,9.46,8.64,74.0,2.8,1.29,941.0,34d3024c-4bb7-46a0-8480-f45f99dd3d32,,,"Bánh quy giòn hàu là loại bánh quy nhỏ làm từ lúa mì đơn giản, được phục vụ theo kiểu truyền thống với súp và món canh, mặc dù không có mối liên hệ nào với hàu thực sự. Những chiếc bánh quy hình lục giác hoặc tròn này có đặc điểm là kết cấu nhẹ, giòn và hương vị nhẹ, hơi mặn. Được làm chủ yếu từ bột mì tinh chế, chúng thường ít chất béo và calo so với các loại bánh quy giòn khác, mặc dù chúng cung cấp hàm lượng chất xơ hoặc protein tối thiểu.",88
28fe4803-20f8-5d9c-8f15-47bd30039af0,,,Nướng Cod (Baked Cod),DISH,95.0,21.6,0.56,0.0,0.0,0.0,106.0,34d3024c-4bb7-46a0-8480-f45f99dd3d32,,,"Cá tuyết nướng là loại cá trắng nạc, có vảy được đánh giá cao nhờ hương vị nhẹ nhàng và hàm lượng protein chất lượng cao. Phương pháp chế biến này duy trì lượng calo và chất béo thấp tự nhiên trong khi cung cấp một lượng đáng kể selen và vitamin B12. Kết cấu tinh tế và hương vị trung tính làm cho nó trở nên linh hoạt đặc biệt, dùng như một sự thay thế nhẹ nhàng hơn cho các loại protein béo hơn như thịt bò hoặc cá hồi trong mọi thứ, từ bánh taco cho đến bữa tối trên chảo.",88
e7d23873-759a-5b4a-aa55-d32cae492452,,,Smoked Coho cá hồi (Smoked Coho Salmon),DISH,117.0,18.28,4.3,0.0,0.0,0.0,672.0,34d3024c-4bb7-46a0-8480-f45f99dd3d32,,,"Cá hồi coho hun khói là một loại cá hồi Thái Bình Dương hun khói nóng được nấu chín hoàn toàn, được đánh giá cao nhờ hương vị nhẹ nhàng và kết cấu mềm, mịn. Phương pháp chế biến này mang lại cho cá mùi thơm khói thoang thoảng trong khi vẫn giữ được protein chất lượng cao và axit béo omega-3, mặc dù hàm lượng natri tăng lên trong quá trình xử lý. So với các loài cá hồi giàu dinh dưỡng hơn như king hoặc sockeye, coho có cấu hình nạc hơn với hàm lượng chất béo thấp hơn, khiến nó trở nên linh hoạt cho các món salad, món phết hoặc các bữa ăn giàu protein riêng lẻ.",88
e736e5c9-4bba-55c8-a1cd-158454623e7a,,,Imitation cua Meat (Imitation Crab Meat),DISH,95.0,7.62,0.46,15.0,0.5,6.25,529.0,34d3024c-4bb7-46a0-8480-f45f99dd3d32,,,"Thịt cua giả là một sản phẩm hải sản chế biến được làm chủ yếu từ surimi (cá trắng băm nhỏ, điển hình là cá minh thái) trộn với tinh bột, đường và hương liệu để mô phỏng kết cấu và mùi vị của cua thật. Mặc dù được nấu chín trước và sẵn sàng để ăn nhưng nó có kết cấu chắc hơn, đồng đều hơn cua tự nhiên và chứa ít protein và axit béo omega-3 hơn. Giải pháp thay thế phù hợp với túi tiền này được sử dụng rộng rãi trong món sushi cuộn, salad và các món hải sản nhưng thường bao gồm các chất phụ gia như gluten hoặc màu nhân tạo có thể liên quan đến một số chế độ ăn kiêng.",88
4b88d55c-8f98-57b4-a3ab-67e1366cd8d2,,,Tôm Salad bánh mì kẹp (Shrimp Salad Sandwich),DISH,198.0,9.8,10.1,17.5,2.0,3.0,630.0,34d3024c-4bb7-46a0-8480-f45f99dd3d32,,,"Bánh sandwich salad tôm là một chế phẩm ướp lạnh bao gồm tôm nấu chín cắt nhỏ phủ trong nước sốt kem mayonnaise, thường được phục vụ trên bánh mì hoặc bánh cuộn. Món bánh mì kẹp hải sản này cung cấp protein nạc từ tôm nhưng hàm lượng chất béo thay đổi đáng kể tùy thuộc vào số lượng sốt mayonnaise, với nhiều công thức kết hợp cần tây, thảo mộc hoặc chanh để tạo độ sáng. Nó đặc biệt phổ biến ở các vùng ven biển và cần phải xử lý cẩn thận do dị ứng với động vật có vỏ và dễ hỏng của hải sản ướp lạnh.",88
185f31f9-e967-5dde-bb58-f5364434ed89,,,Nướng vỉ Kingfish (Grilled Kingfish),DISH,282.0,31.3,17.4,0.0,0.0,0.0,49.0,34d3024c-4bb7-46a0-8480-f45f99dd3d32,,,"Cá bống tượng nướng là loại cá nước mặn được đánh giá cao nhờ hàm lượng protein cao và axit béo omega-3 phong phú, thường được chế biến bằng cách nướng trực tiếp để tăng hương vị đậm đà. Phương pháp nấu tạo ra bề ngoài cháy thành than đồng thời vẫn giữ được thịt ẩm, chắc và kết dính tốt trong quá trình nấu. Loại cá có dầu này cung cấp một lượng đáng kể selen và vitamin B, mặc dù vị trí cao trong chuỗi thức ăn của nó đảm bảo mức tiêu thụ vừa phải do tích tụ thủy ngân. Là một loài cá có vây, nó có những cân nhắc về chất gây dị ứng hải sản phổ biến.",88
09d4efda-c248-5984-83a8-3f0ecfc60d6e,,,"Black Cod, Tươi sống (Black Cod, Raw)",INGREDIENT,195.0,13.41,15.3,0.0,0.0,0.0,56.0,34d3024c-4bb7-46a0-8480-f45f99dd3d32,,,"Cá tuyết đen, còn được gọi là cá sable, là loài cá nước sâu được đánh giá cao nhờ hàm lượng axit béo omega-3 đặc biệt cao và kết cấu bơ. Loại cá trắng cao cấp này chứa nhiều chất béo lành mạnh hơn hầu hết các loài cá khác, góp phần tạo nên thịt mềm, đậm đà và kết cấu ẩm đặc trưng khi nấu chín. Có nguồn gốc từ Bắc Thái Bình Dương, cá tuyết đen đặc biệt có giá trị trong ẩm thực Nhật Bản và cung cấp nguồn protein, vitamin B12 và selen chất lượng cao tuyệt vời.",88
09468b72-e4de-50ab-a14e-17535f023046,,,Smoked Atlantic cá hồi (Smoked Atlantic Salmon),DISH,264.82,20.1,20.7,0.0,0.0,0.0,518.7,34d3024c-4bb7-46a0-8480-f45f99dd3d32,,,"Cá hồi Đại Tây Dương hun khói là loại cá được bảo quản cao cấp được chế biến thông qua kỹ thuật hun khói gỗ truyền thống, mang lại kết cấu mượt mà và hương vị khói đậm đà. Nguồn giàu protein này chứa hàm lượng cao axit béo omega-3 có lợi cho tim (EPA và DHA), mặc dù hàm lượng natri của nó được tăng lên trong quá trình đóng rắn. Thường được bán dưới dạng hun khói nóng (nấu chín hoàn toàn) hoặc hun khói lạnh (xử lý thô), nó thường được phục vụ cắt lát mỏng trên bánh mì tròn, salad hoặc bảng charcuterie, với các phiên bản hun khói nóng được tiệt trùng để đảm bảo an toàn thực phẩm.",88
6404fbbd-c6ed-5a19-9d19-306e881b67e8,,,"Catfish Fillet, Tươi sống (Catfish Fillet, Raw)",INGREDIENT,119.0,15.2,5.94,0.0,0.0,0.0,98.0,34d3024c-4bb7-46a0-8480-f45f99dd3d32,,,"Phi lê cá da trơn sống là loại cá nước ngọt được cắt miếng được đánh giá cao nhờ hương vị nhẹ, hơi ngọt và kết cấu chắc nhưng vẫn ẩm. Nguồn protein nạc này chứa ít chất béo bão hòa đồng thời cung cấp lượng vitamin B12 và selen đáng chú ý, mặc dù nó cung cấp ít axit béo omega-3 hơn cá nước mặn có dầu. Thường được nuôi ở trang trại ở Hoa Kỳ, loại phi lê đa năng này thích hợp tốt với việc chiên, nướng hoặc nướng bánh và đặc trưng nổi bật trong ẩm thực miền Nam và Cajun.",88
a1c64b49-8c97-5466-abcb-cff4b3686369,,,Không da Flounder Fillet (Skinless Flounder Fillet),INGREDIENT,70.0,12.4,1.9,0.0,0.0,0.0,296.0,34d3024c-4bb7-46a0-8480-f45f99dd3d32,,,"Phi lê cá bơn không da là loại cá trắng nạc, có hương vị nhẹ, có nguồn gốc từ các loài cá dẹt được tìm thấy ở vùng nước ven biển. Kết cấu tinh tế và hàm lượng chất béo tối thiểu khiến nó trở thành sự lựa chọn protein linh hoạt cho chế độ ăn ít calo, đồng thời cung cấp lượng selen và vitamin B đáng chú ý. Việc loại bỏ da làm giảm hàm lượng dầu và cho phép chế biến nhanh chóng bằng cách nướng, áp chảo hoặc hấp.",75
e3b25d73-1d80-5c10-b96d-1fbe4b976815,,,"Cua, Tươi sống (Crab, Raw)",INGREDIENT,87.0,18.06,1.08,0.04,0.0,0.0,293.0,34d3024c-4bb7-46a0-8480-f45f99dd3d32,,,"Cua là loài giáp xác nước mặn được đánh giá cao nhờ hương vị ngọt, mặn và kết cấu mềm, bong tróc khi nấu chín. Thịt cua sống cung cấp protein chất lượng cao với lượng chất béo tối thiểu và đặc biệt giàu vitamin B12, selen và kẽm. Được bán sống, nguyên con hoặc dưới dạng chân và móng đã bóc vỏ trước, nó cần được nấu kỹ để đảm bảo an toàn thực phẩm và phát triển hương vị tinh tế đặc trưng của nó, mặc dù một số loại cấp sushi được chế biến thô theo các quy trình xử lý nghiêm ngặt. Dị ứng động vật có vỏ là vấn đề cần cân nhắc trong chế độ ăn uống quan trọng với thành phần này.",88
b050b959-b74f-570d-abba-1b09290ba77d,,,Không Gluten bánh mì nguyên cám (Gluten-Free Whole Wheat Bread),DISH,280.0,4.5,2.5,57.0,4.0,5.0,200.0,34d3024c-4bb7-46a0-8480-f45f99dd3d32,,,"Bánh mì nguyên hạt không chứa gluten là một sản phẩm bánh đặc biệt được thiết kế để tái tạo lợi ích dinh dưỡng và hương vị thơm ngon của bánh mì nguyên hạt truyền thống không có ngũ cốc chứa gluten. Nó thường kết hợp các loại ngũ cốc nguyên hạt thay thế như gạo lứt hoặc bột lúa miến với các chất liên kết như kẹo cao su xanthan để đạt được kết cấu giống bánh mì. Trong khi vẫn duy trì hàm lượng chất xơ tương đương thông qua các thành phần như vỏ mã đề, nhiều loại được bổ sung thêm chất dinh dưỡng để phù hợp với thành phần vitamin của bánh mì thông thường. Sản phẩm cuối cùng thường có vị vụn đặc hơn và hương vị hơi hạt hơn so với các sản phẩm làm từ lúa mì, đóng vai trò là sản phẩm chủ yếu cho chế độ ăn kiêng không chứa gluten và celiac.",75
b0e84605-bd98-5dc1-b79b-49dc0e529d07,,,Fish Tacos (Fish Tacos),DISH,248.0,12.0,15.0,28.0,3.5,2.0,280.0,34d3024c-4bb7-46a0-8480-f45f99dd3d32,,,"Cá tacos là một món ăn lấy cảm hứng từ Mexico có nguồn gốc từ Baja California, bao gồm các loại cá trắng mịn như cá tuyết hoặc mahi-mahi được phục vụ trong bánh ngô mềm hoặc bột mì. Cá thường được nướng để cung cấp protein nạc hoặc tẩm bia và chiên cho giòn, kèm theo bắp cải giòn và nước sốt cam quýt mang lại độ tươi và chất xơ. Thích hợp với chế độ ăn không chứa gluten khi sử dụng bánh ngô và các chế phẩm không tẩm bột, món ăn này kết hợp cá giàu omega-3 với lớp phủ giàu dinh dưỡng để cân bằng dinh dưỡng.",88
4f392c56-4769-5ba7-8293-26aa8100dc9c,,,"Catfish, Farm-Raised Tươi sống (Catfish, Farm-Raised Raw)",INGREDIENT,119.0,15.2,5.94,0.0,0.0,0.0,98.0,34d3024c-4bb7-46a0-8480-f45f99dd3d32,,,"Cá da trơn là loài cá nước ngọt thường được nuôi trong môi trường được kiểm soát, đặc biệt là ở miền Nam Hoa Kỳ. Các giống nuôi tại trang trại cung cấp protein nạc giàu vitamin B12 và selen, có hương vị nhẹ hơn và kết cấu chắc hơn so với các giống đánh bắt tự nhiên do thức ăn nuôi trồng thủy sản làm từ ngũ cốc. Mặc dù hàm lượng thủy ngân thấp hơn nhiều loài cá săn mồi nhưng hàm lượng omega-3 của nó rất khiêm tốn so với các loài cá béo ở biển, được cân bằng bởi axit béo omega-6 cao hơn từ đầu vào thức ăn nông nghiệp. Thịt ẩm, đặc thích hợp với việc chiên, nướng đen hoặc nướng, đóng vai trò là nền tảng của ẩm thực miền Nam Hoa Kỳ.",88
b8b69d47-39fb-5f5d-83cf-9a7d3d502395,,,Smoked Lake Trout (Smoked Lake Trout),DISH,254.0,36.0,11.0,0.0,0.0,0.0,615.0,34d3024c-4bb7-46a0-8480-f45f99dd3d32,,,"Cá hồi hồ hun khói là một loại cá nước ngọt được chế biến sẵn có đặc điểm là kết cấu chắc, mịn và hương vị khói đậm đà từ phương pháp hun khói củi truyền thống. Loại cá giàu dầu này cung cấp protein chất lượng cao và axit béo omega-3 đáng kể, mặc dù hàm lượng natri của nó tăng cao do ngâm nước muối trong quá trình chế biến. Thường được phục vụ ướp lạnh hoặc ở nhiệt độ phòng, nó thường được thưởng thức trong món salad, món phết hoặc như một nguồn protein độc lập trong các bữa ăn cân bằng.",75
6618a916-a5e7-5e3d-9732-ccaeb677ccfb,,,Stir-chiên tôm (Stir-Fried Shrimp),DISH,115.0,13.0,5.0,6.0,1.5,3.0,450.0,34d3024c-4bb7-46a0-8480-f45f99dd3d32,,,"Tôm xào là một món protein nạc được chế biến bằng cách nấu nhanh tôm trên chảo hoặc chảo nóng với lượng dầu tối thiểu, thường đi kèm với các loại rau như ớt chuông và hành tây. Phương pháp này giữ được kết cấu chắc chắn và vị ngọt tự nhiên của tôm đồng thời thêm mùi khói tinh tế khi nấu ở nhiệt độ cao. Khẩu phần 3 ounce cung cấp protein chất lượng cao và các chất dinh dưỡng thiết yếu như selen và axit béo omega-3, khiến nó trở thành một lựa chọn ít calo, kết hợp tốt với ngũ cốc hoặc mì trong các bữa ăn cân bằng.",88
6c503f5c-15ea-5b63-9703-37ba30d7b674,,,Fish sốt (Fish Sauce),DISH,35.0,5.0,0.3,3.0,0.0,1.0,7000.0,34d3024c-4bb7-46a0-8480-f45f99dd3d32,,,"Nước mắm là một loại gia vị có vị cay nồng, màu nâu hổ phách được làm từ cá cơm lên men và muối, là món ăn cơ bản của các món ăn Đông Nam Á như Thái Lan và Việt Nam. Chất lỏng có vị mặn đậm đà này phát triển hương vị umami đậm đà qua nhiều tháng lên men, cung cấp các axit amin có nguồn gốc từ protein đậm đặc trong khi vẫn không chứa gluten. Mặc dù có hàm lượng natri cao nhưng một lượng nhỏ sẽ tăng cường chất lượng cho món súp, nước xốt và món xào có độ đậm đà phức tạp mà không làm món ăn quá ngấy.",88
3efc638b-793e-53f2-94cd-ded057e38605,,,Seasoned hàu Crackers (Seasoned Oyster Crackers),DISH,450.0,7.0,14.0,74.0,3.0,1.0,1200.0,34d3024c-4bb7-46a0-8480-f45f99dd3d32,,,"Bánh quy hàu tẩm gia vị là loại bánh quy lúa mì nhỏ, vừa ăn được phủ một lớp gia vị thơm ngon như bột tỏi, hành tây và rau thơm. Ban đầu được thiết kế để dùng kèm với súp và món canh hải sản, những món ăn nhẹ giòn này có được hương vị đậm đà từ hỗn hợp gia vị gốc dầu, điều này cũng làm tăng hàm lượng natri so với các loại thông thường. Kết cấu xốp của chúng cho phép chúng hấp thụ nước dùng trong khi vẫn giữ được độ giòn vừa ý, mặc dù chúng thường được dùng một mình như một món ăn nhẹ dày dạn.",88
369570d5-46c7-544b-b43d-4f6e2c58a880,,,Hấp Perch (Steamed Perch),DISH,265.0,23.2,19.1,0.0,0.0,0.0,71.0,34d3024c-4bb7-46a0-8480-f45f99dd3d32,,,"Cá rô hấp là món cá nước ngọt được chế biến bằng cách nấu cá ở nhiệt độ ẩm, giữ được kết cấu tinh tế và hương vị dịu nhẹ, hơi ngọt. Loại cá trắng nạc này cung cấp protein chất lượng cao với lượng chất béo tối thiểu, cùng với lượng selen và vitamin B cần thiết cho sức khỏe trao đổi chất. Phương pháp hấp nhẹ nhàng giữ cho thịt ẩm và bong tróc trong khi tránh thêm dầu, khiến nó trở thành lựa chọn phổ biến trong chế độ ăn kiêng hạn chế calo và truyền thống ẩm thực lấy cảm hứng từ châu Á, nơi phổ biến cách trình bày cá nguyên con.",75
42f36ebe-5339-5724-9a62-0a5b9639c254,,,"Mackerel, đóng hộp in nước, Drained (Mackerel, Canned in Water, Drained)",DISH,156.0,23.2,6.3,0.0,0.0,0.0,379.0,34d3024c-4bb7-46a0-8480-f45f99dd3d32,,,"Cá thu ngâm nước đóng hộp (để ráo nước) là sản phẩm hải sản ổn định khi bảo quản, cung cấp axit béo omega-3 đậm đặc và protein chất lượng cao ở dạng thuận tiện. Chế phẩm này bảo toàn các lợi ích dinh dưỡng của cá đồng thời giảm hàm lượng chất béo so với các loại chứa dầu, giữ được kết cấu chắc và hương vị mặn nhẹ. Là nguồn protein ăn liền, nó thường được sử dụng trong món salad và bánh mì sandwich, mặc dù nồng độ natri có thể thay đổi tùy thuộc vào quá trình ngâm nước muối trong quá trình bảo quản.",75
a62eb4df-caaf-5964-800e-bd27a15fdebd,,,Tilapia Loin (Tilapia Loin),INGREDIENT,96.0,20.1,1.7,0.0,0.0,0.0,52.0,34d3024c-4bb7-46a0-8480-f45f99dd3d32,,,"Thăn cá rô phi là miếng thịt dày, không xương được lấy từ phần cơ phía trên của cá, được đánh giá cao nhờ kết cấu nạc và hương vị nhẹ nhàng. Loại cắt cao cấp này cung cấp nguồn protein chất lượng cao với lượng chất béo tối thiểu, chứa khoảng 23g protein trên 100g khẩu phần, đồng thời cung cấp axit béo omega-3 thấp hơn so với các loại cá giàu dầu như cá hồi. Thịt chắc nhưng mềm của nó có khả năng chịu đựng tốt khi nướng, nướng bánh hoặc áp chảo, khiến nó trở thành sự lựa chọn linh hoạt cho các bữa ăn nhanh. Là loài cá nước ngọt nuôi, thăn cá rô phi thường có hàm lượng thủy ngân thấp hơn nhiều loài sinh vật biển.",75
772eaeed-294e-587f-973f-25f52ed917de,,,Bánh mìed Tilapia (Breaded Tilapia),DISH,228.0,10.3,10.3,22.8,1.0,2.5,438.0,34d3024c-4bb7-46a0-8480-f45f99dd3d32,,,"Cá rô phi tẩm bột là một món cá trắng được chế biến sẵn gồm phi lê cá rô phi có hương vị nhẹ được phủ bột mì dày dặn, vụn bánh mì hoặc bột ngô và nấu bằng cách chiên áp chảo, nướng hoặc chiên ngập dầu. Miếng cá nạc, bong tróc tương phản với bề ngoài giòn của nó, mặc dù lớp bánh mì bổ sung thêm carbohydrate và hàm lượng chất béo thay đổi đáng kể tùy theo phương pháp chế biến. Trong khi cá cơ bản cung cấp protein chất lượng cao và vitamin B, thành phần dinh dưỡng phụ thuộc vào thành phần phủ và kỹ thuật nấu, với các món nướng cung cấp một lựa chọn thay thế ít chất béo hơn cho các món chiên.",75
abebf81b-af96-57de-9c7b-92d6ea1f3e32,,,Smoked Rainbow Trout (Smoked Rainbow Trout),DISH,264.0,37.0,11.8,0.0,0.0,0.0,700.0,34d3024c-4bb7-46a0-8480-f45f99dd3d32,,,"Cá hồi vân hun khói là một sản phẩm cá chế biến được tạo ra bằng cách xử lý và hun khói cá hồi tươi nóng, tạo ra thịt mềm, bong tróc với mùi thơm khói đặc trưng và hương vị đất nhẹ. Loại cá giàu protein này cung cấp axit béo omega-3 có lợi cho tim và thường có hàm lượng natri thấp hơn so với các loại cá hun khói khác như cá hồi. Chế phẩm nấu chín sẵn sàng để ăn, thường được phục vụ ướp lạnh trong món salad, phết hoặc như một món ăn kèm protein nạc cho các món ăn sáng.",75
05e38e4a-4e7d-5d49-9bfe-78410d07bd1b,,,"Brown Trout, Tươi sống (Brown Trout, Raw)",INGREDIENT,115.0,20.0,5.5,0.0,0.0,0.0,50.0,34d3024c-4bb7-46a0-8480-f45f99dd3d32,,,"Cá hồi nâu là một loài cá nước ngọt có nguồn gốc từ Châu Âu nhưng hiện được nuôi rộng rãi ở vùng biển Bắc Mỹ, được đánh giá cao nhờ hương vị nhẹ, hơi béo và kết cấu mềm, bong tróc khi nấu chín. Loài cá hồi nước lạnh này cung cấp nguồn protein nạc giàu axit béo omega-3 và selen, với hàm lượng chất béo bão hòa thấp hơn so với nhiều giống cá hồi nuôi. Thường được chế biến bằng cách nướng, nướng hoặc áp chảo, cá hồi nâu đánh bắt tự nhiên đặc biệt có giá trị trong chế độ ăn có lợi cho tim vì thành phần dinh dưỡng cân bằng của nó.",75
8678bfab-24f8-5ea3-abb8-d64c26b6590d,,,Hấp Mackerel (Steamed Mackerel),DISH,159.66,23.0,7.5,0.0,0.0,0.0,60.0,34d3024c-4bb7-46a0-8480-f45f99dd3d32,,,"Cá thu hấp là một chế phẩm ẩm, dạng vảy của cá có dầu, giúp bảo quản các chất dinh dưỡng tự nhiên thông qua việc nấu chín nhẹ nhàng. Phương pháp này giữ lại hàm lượng axit béo omega-3 tốt cho tim và protein hoàn chỉnh đặc biệt cao đồng thời tránh chất béo bổ sung, giúp phân biệt với các món chiên hoặc nướng. Thịt mềm duy trì hương vị đậm đà đặc trưng của cá thu và cung cấp các vitamin B thiết yếu, mang đến lựa chọn đậm đặc chất dinh dưỡng cho chế độ ăn cân bằng và pescatarian.",75
b1a8a7e1-e2bf-534c-9e3c-41e1b6bc86be,,,"Swordfish Fillet, Nấu chín (Swordfish Fillet, Cooked)",DISH,172.0,23.4,7.93,0.0,0.0,0.0,97.0,34d3024c-4bb7-46a0-8480-f45f99dd3d32,,,"Phi lê cá kiếm là miếng thịt giống như bít tết được cắt từ một con cá nổi lớn, được biết đến với kết cấu chắc, thịt và thịt màu ngà đặc biệt với tông màu hồng. Nguồn protein đa năng này cung cấp hàm lượng selen cao và chứa chất béo vừa phải so với các loại cá nhiều dầu hơn như cá hồi. Kết cấu dày đặc đặc biệt phù hợp với các phương pháp nướng và nướng, tạo ra bề ngoài cháy thành than trong khi vẫn duy trì độ ẩm. Mặc dù hàm lượng thủy ngân thấp hơn các loài cá đại dương lớn khác nhưng tần suất tiêu thụ vẫn cần được xem xét khi lập kế hoạch ăn kiêng.",88
ba6d2cd5-9f95-5990-ab8b-f560e0e23cfc,,,Smoked Trout (Smoked Trout),DISH,190.0,25.0,10.0,0.0,0.0,0.0,1000.0,34d3024c-4bb7-46a0-8480-f45f99dd3d32,,,"Cá hồi hun khói là một sản phẩm cá chế biến sẵn trong đó phi lê cá hồi được xử lý và hun khói để tạo ra kết cấu mịn, xốp với hương vị khói đặc biệt. Loại cá ăn liền này là nguồn cung cấp protein và axit béo omega-3 tuyệt vời, đồng thời quá trình hun khói giúp tăng thời hạn sử dụng và tạo ra hương vị đậm đặc hơn. Loại cá mềm, đa năng này thường được dùng lạnh trong món salad và phết lên bánh, hoặc hâm nóng nhẹ để giữ được kết cấu mềm của nó.",75
affe53ad-5a02-55fc-89d1-783514fc5787,,,Tôm Salad (Shrimp Salad),DISH,142.0,18.0,6.0,4.0,1.5,2.0,500.0,34d3024c-4bb7-46a0-8480-f45f99dd3d32,,,"Salad tôm là một món ăn giàu protein với thành phần chính là tôm nấu chín, ướp lạnh, thường kết hợp với các loại rau giòn như cần tây hoặc rau diếp và kết hợp với sốt mayonnaise hoặc nước sốt nhẹ hơn. Chế phẩm linh hoạt này cân bằng protein nạc của hải sản với chất béo lành mạnh, khiến nó trở nên phổ biến trong chế độ ăn ít carb và ketogenic, mặc dù hàm lượng calo thay đổi đáng kể tùy theo lựa chọn cách ăn mặc. Thường được phục vụ lạnh như một bữa ăn nhẹ hoặc nhân bánh sandwich, nó cung cấp nguồn iốt và selen nhanh chóng nhưng cần phải chuẩn bị cẩn thận để duy trì độ tươi của động vật có vỏ và an toàn thực phẩm.",88
1f4e86c5-f328-57ae-877a-a18fc3dddc21,,,Hàu Mushrooms (Oyster Mushrooms),INGREDIENT,33.0,3.31,0.41,6.09,2.3,1.11,18.0,34d3024c-4bb7-46a0-8480-f45f99dd3d32,,,"Nấm sò là một loại nấm được trồng (chi Pleurotus) được nhận biết bởi những chiếc mũ hình quạt mỏng manh và mô hình phát triển thành cụm trên gỗ mục nát. Những loại nấm này mang lại hương vị nhẹ, hơi ngọt với hương vị nhẹ nhàng giống như hồi và kết cấu mềm nhưng dai khi nấu chín. Giàu vitamin B và chất chống oxy hóa, chúng chứa beta-glucans có liên quan đến hỗ trợ miễn dịch trong khi vẫn chứa ít calo và chất béo. Tính linh hoạt của chúng cho phép chế biến nhanh chóng thông qua xào, quay hoặc xào, khiến chúng trở thành món thay thế thịt phổ biến trong các món ăn có nguồn gốc thực vật.",88
a7776642-47b9-5e08-a81f-d6fd2482fa3c,,,"Rockfish Fillet, không da, Tươi sống (Rockfish Fillet, Skinless, Raw)",INGREDIENT,90.0,18.4,1.34,0.0,0.0,0.0,74.0,34d3024c-4bb7-46a0-8480-f45f99dd3d32,,,"Phi lê cá đá là loại cá trắng nạc được đánh giá cao nhờ kết cấu chắc, mịn và hương vị nhẹ, hơi ngọt. Thịt cắt không da này cung cấp nguồn protein chất lượng cao với lượng chất béo tối thiểu, cùng với hàm lượng selen và vitamin D. đáng chú ý. Là một phần của họ Scorpaenidae, các loài cá đá thường được thu hoạch bền vững và thích nghi tốt với các phương pháp nấu ăn đa dạng như nướng, nướng lò hoặc áp chảo do hàm lượng dầu thấp.",88
21077e50-2242-57e2-b7d1-c79b8c89dd71,,,Hàu sốt (Oyster Sauce),DISH,51.0,1.35,0.25,10.9,0.3,0.0,2730.0,34d3024c-4bb7-46a0-8480-f45f99dd3d32,,,"Nước sốt hàu là một loại nước sốt đặc, màu nâu được làm từ chiết xuất hàu, đường, muối và thường được làm đặc bằng bột ngô. Nó có hương vị thơm ngon, đậm đà vị umami pha chút ngọt ngào, khiến nó trở thành món ăn chủ yếu trong nhiều món ăn châu Á, đặc biệt là món Quảng Đông. Nước sốt thường được sử dụng để tăng hương vị của các món xào, món mì và các chế phẩm rau, mặc dù nó có hàm lượng natri cao.",88
960a5084-6b1f-5dad-bfc2-705f5252f180,,,"Sushi-Grade cá hồi, Tươi sống (Sushi-Grade Salmon, Raw)",INGREDIENT,178.0,22.0,10.0,0.0,0.0,0.0,60.0,34d3024c-4bb7-46a0-8480-f45f99dd3d32,,,"Cá hồi loại sushi là cá hồi sống được chế biến đặc biệt để tiêu thụ nguyên liệu an toàn, đã trải qua quá trình đông lạnh sâu để tiêu diệt ký sinh trùng trong khi vẫn giữ được kết cấu bơ và hương vị tươi ngon. Loại cá cao cấp này nổi bật bởi màu hồng cam rực rỡ, hàm lượng axit béo omega-3 cao và thịt chắc nhưng mềm, có thể cắt lát sạch sẽ cho sashimi hoặc sushi. Không giống như cá hồi sống thông thường, nó đáp ứng các quy trình xử lý và đông lạnh nghiêm ngặt (-31°F/-35°C trong hơn 15 giờ) để đảm bảo an toàn thực phẩm ở các chế phẩm chưa nấu chín.",88
35dce43b-807d-5336-b297-56d1e38294b5,,,"Cobia bít tết, Tươi sống (Cobia Steak, Raw)",INGREDIENT,243.0,16.2,19.8,0.0,0.0,0.0,54.0,34d3024c-4bb7-46a0-8480-f45f99dd3d32,,,"Bít tết cá bớp là phần thịt nạc cá nước mặn được cắt miếng dày, được đánh giá cao nhờ kết cấu chắc, ẩm và hương vị bơ nhẹ với vị ngọt tinh tế. Loại cá được nuôi bền vững này cung cấp protein chất lượng cao và đặc biệt giàu axit béo omega-3, đồng thời chứa hàm lượng thủy ngân thấp hơn nhiều loài cá săn mồi lớn. Miếng bít tết sống có thịt màu hồng nhạt đến màu ngà, giữ được hình dạng tốt khi nướng, áp chảo hoặc nướng.",75
0d749ba0-7d21-5fa6-a102-51d4a529e07b,,,"Bass bít tết, Tươi sống (Bass Steak, Raw)",INGREDIENT,97.0,17.7,2.33,0.0,0.0,0.0,69.0,34d3024c-4bb7-46a0-8480-f45f99dd3d32,,,"Bít tết cá vược là phần sống, có xương được cắt vuông góc với xương sống của cá, có phần xương ở giữa đặc biệt giúp tăng hương vị trong khi nấu. Nguồn protein nạc này chứa axit béo omega-3 có lợi cho tim và mang lại kết cấu chắc hơn so với phi lê cá trắng mềm. Lý tưởng để nướng hoặc áp chảo, phần thịt dày đặc của nó đòi hỏi phải nấu chính xác để duy trì độ ẩm đồng thời đảm bảo xương nóng đều để đảm bảo an toàn thực phẩm.",75
1c285e34-94cd-5537-9731-99c4646c6a32,,,"Monkfish, Nấu chín (Monkfish, Cooked)",DISH,97.0,18.6,1.95,0.0,0.0,0.0,23.0,34d3024c-4bb7-46a0-8480-f45f99dd3d32,,,"Cá chày nấu chín là loại cá nạc, thịt chắc, nổi tiếng với hương vị nhẹ, hơi ngọt và kết cấu thịt đậm đặc, thường được so sánh với tôm hùm. Là một chế phẩm nấu chín, nó cung cấp nguồn protein chất lượng cao tiện lợi với lượng chất béo tối thiểu. Thịt nấu chín thường có màu trắng đục và có thể được chế biến bằng nhiều phương pháp nấu khác nhau, bao gồm nướng, quay và áp chảo.",88
5de81ed3-52a1-50d4-bf96-afc500655f18,,,"Sablefish, Nấu chín (Sablefish, Cooked)",DISH,250.0,17.2,19.6,0.0,0.0,0.0,72.0,34d3024c-4bb7-46a0-8480-f45f99dd3d32,,,"Cá sable nấu chín, còn được gọi là cá tuyết đen, là một loại cá đậm đà và có hương vị được đánh giá cao nhờ kết cấu mượt mà và hàm lượng axit béo omega-3 cao. Quá trình nấu ăn làm tăng hương vị bơ tự nhiên và lớp vỏ mềm. Cá Sable thường được chế biến bằng cách hun khói, nướng hoặc áp chảo và được coi là lựa chọn hải sản bền vững khi có nguồn gốc từ nghề cá được quản lý tốt.",88
ded68fd3-8199-5889-bc6f-a82f5917a9b1,,,"Bluefin cá ngừ, Nấu chín (Bluefin Tuna, Cooked)",DISH,184.0,29.9,6.28,0.0,0.0,0.0,50.0,34d3024c-4bb7-46a0-8480-f45f99dd3d32,,,"Cá ngừ vây xanh nấu chín là một loại cá nước mặn được đánh giá cao, được biết đến với hương vị đậm đà, béo ngậy và kết cấu chắc chắn. Là một loại cá béo, nó là nguồn cung cấp axit béo omega-3 tuyệt vời, có lợi cho sức khỏe tim và não. Do đánh bắt quá mức, tính bền vững của cá ngừ vây xanh là mối quan tâm đáng kể, vì vậy việc tìm nguồn cung ứng có trách nhiệm là rất quan trọng khi đưa nó vào chế độ ăn uống của bạn.",88
b0ecfdbc-a0f0-5ea6-8b97-14e722d35be1,,,Haddock bít tết (Haddock Steak),INGREDIENT,74.0,16.3,0.45,0.0,0.0,0.0,213.0,34d3024c-4bb7-46a0-8480-f45f99dd3d32,,,"Bít tết Haddock là một miếng thịt cắt ngang dày được cắt từ cá thịt trắng Bắc Đại Tây Dương, bao gồm xương ở giữa và thịt chắc, bong tróc. Nguồn protein nạc này chứa ít chất béo đồng thời cung cấp selen và vitamin B12 đáng kể, hỗ trợ chức năng hệ miễn dịch và hệ thần kinh. Hương vị nhẹ, hơi ngọt và kết cấu mềm của nó giúp phân biệt nó với các món bít tết cá tuyết tương tự, với nướng, nướng hoặc áp chảo là phương pháp nấu được ưa thích cho món cắt đa năng này.",75
328a20dd-f7ed-54d3-aa73-44562cd5ab23,,,"Rockfish Fillet, Skin-On, Tươi sống (Rockfish Fillet, Skin-On, Raw)",INGREDIENT,90.0,18.5,1.6,0.0,0.0,0.0,70.0,34d3024c-4bb7-46a0-8480-f45f99dd3d32,,,"Phi lê cá đá là loại cá Thái Bình Dương nạc, có hương vị nhẹ, giữ được lớp da giàu dinh dưỡng, giòn ngon khi nấu. Loại cá trắng có kết cấu chắc này cung cấp protein chất lượng cao và axit béo omega-3 có lợi cho tim trong khi vẫn chứa ít chất béo bão hòa. Việc chuẩn bị trên da giúp duy trì độ ẩm trong các phương pháp sử dụng nhiệt độ cao như áp chảo hoặc nướng và tăng thêm hương vị đậm đặc khi nấu đến độ giòn vàng.",88
e155797d-9629-5c7c-9a45-6ad58df05482,,,Chiên Rockfish (Fried Rockfish),DISH,160.0,16.0,6.0,10.5,0.5,1.0,250.0,34d3024c-4bb7-46a0-8480-f45f99dd3d32,,,"Cá đá chiên là một món ăn được chế biến sẵn gồm loại cá nước mặn nạc, bong tróc được phủ bột hoặc tẩm bột và chiên giòn cho đến khi vàng. Mặc dù bản thân cá đá cung cấp protein chất lượng cao và khoáng chất như selen, nhưng quá trình chiên sẽ bổ sung thêm chất béo và calo đáng kể tùy thuộc vào lớp phủ và dầu được sử dụng. Món ăn có đặc điểm bên ngoài giòn, thịt mềm, ẩm, thường dùng kèm với sốt tartar hoặc chanh để cân bằng độ đậm đà.",88
4b4bbe69-ef23-5d07-8bd0-0846327cbf41,,,"Nguyên Tilapia, Tươi sống (Whole Tilapia, Raw)",INGREDIENT,77.0,16.1,1.36,0.0,0.0,0.0,41.6,34d3024c-4bb7-46a0-8480-f45f99dd3d32,,,"Cá rô phi nguyên con là một loại cá nước ngọt thường được bán còn nguyên da, xương và đầu, được đánh giá cao nhờ hương vị nhẹ và protein nạc, đa dạng. Loại cá nuôi ở trang trại này chứa ít chất béo bão hòa hơn nhiều loại protein động vật nhưng cung cấp ít axit béo omega-3 hơn so với cá nước mặn béo. Thịt trắng, chắc của nó thích hợp với việc nướng, hấp hoặc chiên áp chảo, tuy nhiên phải cẩn thận để loại bỏ xương nhỏ trong quá trình chế biến.",75
953998de-04a4-5396-ab39-df29e7e36081,,,"Nguyên Catfish, Tươi sống (Whole Catfish, Raw)",INGREDIENT,95.0,12.2,4.75,0.0,0.0,0.0,78.4,34d3024c-4bb7-46a0-8480-f45f99dd3d32,,,"Cá da trơn nguyên con là một loại cá nước ngọt được biết đến với hương vị nhẹ, hơi ngọt và kết cấu chắc, ẩm khi nấu chín. Loại cá giàu protein này chứa lượng chất béo vừa phải, bao gồm axit béo omega-3, cùng với vitamin B và selen. Thường được bán với da và xương còn nguyên vẹn, nó cần được làm sạch và đánh vảy kỹ lưỡng trước khi chế biến bằng cách chiên, nướng hoặc nướng bánh. Cá da trơn nuôi thường được coi là lựa chọn hải sản bền vững do các hoạt động nuôi trồng thủy sản được quản lý.",88
128cb21e-6fd9-53c0-9f0a-2d04b0b27c2f,,,Cua Salad (Crab Salad),DISH,183.0,13.3,13.35,2.0,1.0,0.5,450.0,34d3024c-4bb7-46a0-8480-f45f99dd3d32,,,"Gỏi cua là món hải sản ướp lạnh kết hợp thịt cua vảy với sốt mayonnaise, cần tây và các loại rau thơm như thì là hoặc rau mùi tây. Các phiên bản đích thực sử dụng thịt cua cục cao cấp để có hương vị ngọt, mặn và protein nạc, trong khi các phiên bản bình dân thường thay thế cua giả (surimi) làm từ cá trắng chế biến. Mặc dù giàu selen và ít chất béo bão hòa khi được làm với lượng mayo tối thiểu, nhưng các chế phẩm thương mại có thể chứa thêm đường hoặc chất ổn định trong hỗn hợp cua giả.",88
5170a042-8b91-5c5e-be38-8fc57f5e5f64,,,Lump cua Meat (Lump Crab Meat),DISH,100.0,20.0,1.5,0.0,0.0,0.0,380.0,34d3024c-4bb7-46a0-8480-f45f99dd3d32,,,"Thịt cua cục là loại cua nấu chín cao cấp bao gồm những mảnh vụn từ các nhóm cơ lớn hơn của cơ thể. Loại được ưa chuộng này được đánh giá cao vì hương vị ngọt ngào, kết cấu mềm và những miếng thịt lớn vẫn còn nguyên vẹn. Giàu protein và ít chất béo bão hòa, thịt cua cục mang đến hương vị hải sản tinh tế đồng thời cung cấp các khoáng chất thiết yếu như kẽm và selen, trở thành lựa chọn bổ dưỡng cho món salad, bánh cua và các món hải sản thanh lịch.",88
13b72fb7-e46f-5dc1-910e-a7b58bc246f7,,,"Tôm, đóng hộp in nước, Drained (Shrimp, Canned in Water, Drained)",DISH,100.0,20.0,1.0,0.0,0.0,0.0,870.0,34d3024c-4bb7-46a0-8480-f45f99dd3d32,,,"Tôm ngâm nước (để ráo nước) là sản phẩm hải sản có thời hạn sử dụng ổn định bao gồm tôm nấu chín được bảo quản trong nước muối và để ráo nước để thuận tiện sử dụng. Trong khi vẫn giữ được hàm lượng protein cao và ít chất béo của tôm, dạng chế biến này chứa hàm lượng natri cao hơn đáng kể so với các loại tôm tươi hoặc đông lạnh. Kết cấu mềm, mềm hơn một chút khiến nó phù hợp với các bữa ăn nhanh như salad và bánh mì sandwich, mặc dù hàm lượng natri của nó cần được xem xét đối với chế độ ăn hạn chế natri.",75
4822a125-e8e9-59c0-a0b9-265196034a89,,,Ngũ cốc nguyên hạt hàu Crackers (Whole Grain Oyster Crackers),INGREDIENT,500.0,7.0,14.0,78.0,4.0,1.0,1100.0,34d3024c-4bb7-46a0-8480-f45f99dd3d32,,,"Bánh quy hàu nguyên hạt là loại bánh quy nhỏ, vừa ăn được làm bằng bột ngũ cốc nguyên hạt để giữ lại cám và mầm, cung cấp nhiều chất xơ và chất dinh dưỡng hơn so với các loại bột tinh chế truyền thống. Những chiếc bánh quy này duy trì hình dạng tròn cổ điển và hương vị nhẹ nhàng của bánh quy hàu tiêu chuẩn nhưng mang lại kết cấu đậm đà hơn và hương vị hấp dẫn hơn. Thường được sử dụng làm lớp phủ súp hoặc món súp, chúng cung cấp một lựa chọn có lợi cho sức khỏe để tăng thêm độ giòn đồng thời cung cấp carbohydrate phức tạp và khoảng 2-3 gam chất xơ mỗi khẩu phần.",88
602cc10a-5c16-5189-a2ae-bdb8a7499559,,,"Cua Meat, Nấu chín (Crab Meat, Cooked)",DISH,103.0,21.3,1.16,0.32,0.0,0.32,488.0,34d3024c-4bb7-46a0-8480-f45f99dd3d32,,,"Thịt cua nấu chín là phần thịt mềm, bong tróc được thu hoạch từ nhiều loài cua khác nhau, thường được chế biến bằng cách luộc hoặc hấp. Loại hải sản nạc này đặc biệt ít calo và chất béo đồng thời cung cấp protein chất lượng cao, cùng với các chất dinh dưỡng thiết yếu như vitamin B12 và selen hỗ trợ chức năng trao đổi chất và miễn dịch. Vị ngọt, mặn và kết cấu tinh tế khiến nó trở thành nguyên liệu linh hoạt cho các món ăn từ salad, bánh cua cho đến bánh quy, mặc dù hương vị tinh tế của nó đòi hỏi phải nêm gia vị cẩn thận để tăng cường mà không quá nồng.",88
46684aca-9e90-5141-ba52-0e6a82a5e9dc,,,"Lingcod bít tết, Tươi sống (Lingcod Steak, Raw)",INGREDIENT,85.0,17.7,1.06,0.0,0.0,0.0,59.0,34d3024c-4bb7-46a0-8480-f45f99dd3d32,,,"Bít tết Lingcod là miếng thịt nạc, không xương được cắt từ lingcod, một loại cá thịt trắng Bắc Thái Bình Dương không liên quan đến loài cá tuyết thực sự. Thịt sống của nó có kết cấu chắc và màu ngà mờ, chuyển sang màu trắng sáng khi nấu chín, mang lại hương vị nhẹ, hơi ngọt với hàm lượng chất béo thấp và protein chất lượng cao. Sự lựa chọn hải sản bền vững này rất giàu axit béo omega-3 và thường được chế biến bằng cách nướng, nướng hoặc áp chảo để bảo quản độ ẩm tinh tế của nó.",75
22a28d94-1202-5c8d-9e79-39f5a441eee8,,,"Swordfish bít tết, Tươi sống (Swordfish Steak, Raw)",INGREDIENT,144.0,19.7,6.65,0.0,0.0,0.0,81.0,34d3024c-4bb7-46a0-8480-f45f99dd3d32,,,"Bít tết cá kiếm là miếng thịt dày được cắt từ mô cơ dày đặc của loài săn mồi đại dương lớn này, được đánh giá cao nhờ kết cấu chắc và hương vị nhẹ so với các loại cá nhiều dầu hơn. Những miếng bít tết sống này cung cấp một lựa chọn giàu protein, ít chất béo, giàu selen, mặc dù vị trí cao trong chuỗi thức ăn biển có nghĩa là chúng chứa hàm lượng thủy ngân cao không phù hợp để người mang thai hoặc trẻ nhỏ tiêu thụ thường xuyên. Thịt nạc giữ cấu trúc tốt khi nướng, nướng hoặc áp chảo, có bề ngoài cháy thành than trong khi vẫn giữ được độ ẩm.",75
50a3defe-b2f2-5527-92db-3e51c1f6013f,,,Kingfish Fillet (Kingfish Fillet),INGREDIENT,205.07,22.9,12.7,0.0,0.0,0.0,36.0,34d3024c-4bb7-46a0-8480-f45f99dd3d32,,,"Phi lê cá Kingfish là một loại cá nước mặn nạc được đánh giá cao nhờ kết cấu thịt săn chắc và hương vị phong phú với vị ngọt nhẹ. Loại cá béo này cung cấp protein chất lượng cao và đặc biệt giàu axit béo omega-3, đặc biệt là EPA và DHA, hỗ trợ sức khỏe tim mạch. Mặc dù linh hoạt để nướng, nướng hoặc chế biến sashimi, nhưng vị trí của nó cao hơn trong chuỗi thức ăn biển có nghĩa là nên tiêu thụ vừa phải do hàm lượng thủy ngân tiềm ẩn.",88
a818dae9-c527-58a0-bda1-1ccf9e67162a,,,Mixed hải sản Stir-Fry (Mixed Seafood Stir-Fry),DISH,183.0,26.0,4.0,8.0,1.0,3.0,350.0,34d3024c-4bb7-46a0-8480-f45f99dd3d32,,,"Món xào hải sản tổng hợp là món ăn giàu protein kết hợp tôm, mực, sò điệp và cá trắng mềm được nấu chín nhanh trong chảo hoặc chảo với lượng dầu tối thiểu. Phương pháp chế biến này bảo tồn hương vị và kết cấu tự nhiên của hải sản đồng thời bổ sung các loại rau củ giòn như ớt chuông và đậu Hà Lan để cân bằng dinh dưỡng. Món ăn này đặc biệt ít chất béo bão hòa, cung cấp axit béo omega-3 từ các nguồn hải sản và có thể thích ứng với chế độ ăn không có gluten hoặc ít carb thông qua việc lựa chọn nước sốt và gia vị.",88
881869c2-ce0e-55b4-ae03-51f5da6a242f,,,"Mực, Tươi sống (Squid, Raw)",INGREDIENT,92.0,16.0,1.38,3.08,0.0,0.0,44.0,34d3024c-4bb7-46a0-8480-f45f99dd3d32,,,"Mực ống là loài nhuyễn thể thân mềm giàu protein, nạc, có đặc điểm là thịt chắc, hơi trong mờ và có hương vị nhẹ của đại dương khi còn sống. Loại hải sản này cung cấp một lượng đáng kể vitamin B12, selen và đồng trong khi ít chất béo và calo tự nhiên, mặc dù nó có chứa mức cholesterol vừa phải. Thường được bán đã được làm sạch trước, các phần ăn được bao gồm lớp vỏ (ống) và các xúc tu, thường được chế biến thông qua các phương pháp nướng, chiên hoặc nấu nhanh để đạt được độ mềm tối ưu.",88
e64c802c-2b19-5922-b7b8-7ed3de2283d8,,,Cá hồi Jerky (Salmon Jerky),INGREDIENT,285.0,46.4,8.9,3.6,0.0,3.6,2857.0,34d3024c-4bb7-46a0-8480-f45f99dd3d32,,,"Cá hồi khô là một món ăn nhẹ mất nước được làm từ những miếng cá hồi mỏng được ướp và sấy khô để tạo thành một loại thực phẩm giàu protein, di động. Không giống như các loại thịt khô truyền thống, nó cung cấp một lượng đáng kể axit béo omega-3 có lợi cho tim EPA và DHA trong khi vẫn duy trì kết cấu mềm, ít xơ. Phương pháp bảo quản này tập trung cả hương vị và chất dinh dưỡng, tuy nhiên người tiêu dùng cần lưu ý hàm lượng natri thay đổi tùy theo phương pháp chế biến.",88
8f3456ae-cef6-5fec-86de-d4f9c0d9feb0,,,"Sablefish Fillet, Tươi sống (Sablefish Fillet, Raw)",INGREDIENT,195.0,13.41,15.3,0.0,0.0,0.0,56.0,34d3024c-4bb7-46a0-8480-f45f99dd3d32,,,"Sablefish, còn được gọi là cá tuyết đen, là loại cá nước sâu cao cấp được đánh giá cao nhờ hàm lượng axit béo omega-3 đặc biệt cao và kết cấu bơ. Phi lê thô có đặc điểm là có màu trắng như tuyết đến màu ngà và vân vân đậm đặc, tương tự như cá hồi cao cấp. Loại cá giàu dinh dưỡng này cung cấp nguồn protein chất lượng cao và vitamin B12 tuyệt vời, đồng thời hàm lượng dầu tự nhiên khiến nó đặc biệt thích hợp để hun khói, nướng hoặc nướng.",88
2df79504-0e48-5e87-8c82-a7635e4d3f0d,,,"Mực, Rings (Squid, Rings)",INGREDIENT,87.5,16.0,1.32,2.1,0.0,0.0,44.0,34d3024c-4bb7-46a0-8480-f45f99dd3d32,,,"Vòng mực là những vết cắt hình tròn từ lớp áo hình ống của mực, một loài động vật chân đầu biển được đánh giá cao nhờ thịt nạc và có kết cấu chắc chắn. Loại hải sản này cung cấp một lựa chọn giàu protein, ít chất béo, giàu selen và vitamin B12, mặc dù nó có chứa mức cholesterol cao vừa phải. Những chiếc nhẫn này thường được tẩm bột và chiên như mực nhưng cũng có thể nướng hoặc áp chảo, cần nấu trong thời gian ngắn để duy trì độ mềm và tránh bị dai.",88
0bf8f71c-4996-5735-ac4e-31aada096596,,,Lingcod Fillet (Lingcod Fillet),INGREDIENT,85.0,17.7,1.06,0.0,0.0,0.0,59.0,34d3024c-4bb7-46a0-8480-f45f99dd3d32,,,"Phi lê cá tuyết là loại cá thịt trắng nạc, ẩm được thu hoạch từ vùng biển Bắc Thái Bình Dương, mặc dù về mặt sinh học không có quan hệ họ hàng với các loài cá tuyết thực sự. Thịt sống của nó thường có màu xanh lục nổi bật, chuyển sang màu trắng sáng khi nấu chín, mang lại kết cấu chắc chắn nhưng không bong tróc, lý tưởng để nướng, nướng bánh hoặc áp chảo. Loại hải sản ít béo, giàu protein này cung cấp các chất dinh dưỡng thiết yếu bao gồm kali và selen, đồng thời hương vị nhẹ, hơi ngọt thích hợp với các loại gia vị đa dạng.",88
311d3e67-74a7-59f7-ba39-ccddd261b05c,,,Fish Enchiladas (Fish Enchiladas),DISH,157.0,9.5,4.3,20.0,2.5,3.0,600.0,34d3024c-4bb7-46a0-8480-f45f99dd3d32,,,"Enchilada cá là loại bánh ngô cuộn kiểu Mexico chứa đầy cá trắng và phủ sốt enchilada thơm ngon. Món thay thế nhẹ nhàng hơn cho enchiladas thịt truyền thống này thường có các loại cá trắng nhẹ như cá tuyết hoặc cá rô phi, kết hợp với rau và bọc trong bánh ngô. Món ăn này cung cấp protein nạc và axit béo omega-3 trong khi vẫn giữ được hương vị đích thực của ẩm thực Mexico thông qua nước sốt màu đỏ hoặc xanh đặc trưng, ​​​​phô mai tan chảy và các món trang trí bổ sung.",88
943d1988-e90d-557b-8125-7e50b83901f3,,,"Black Cod Fillet, Tươi sống (Black Cod Fillet, Raw)",INGREDIENT,195.0,13.41,15.3,0.0,0.0,0.0,56.0,34d3024c-4bb7-46a0-8480-f45f99dd3d32,,,"Cá tuyết đen, còn được gọi là cá sable, là một loại cá trắng cao cấp được phân biệt bởi hàm lượng axit béo omega-3 đặc biệt cao và thịt béo ngậy. Loại cá nước sâu này tự nhiên chứa nhiều chất béo lành mạnh hơn hầu hết các loài cá khác, mang lại kết cấu mượt mà và hương vị ngọt ngào, tinh tế khi nấu chín. Phi lê cá tuyết đen thô có màu từ kem đến trắng với kết cấu chắc nhưng tinh tế, khiến chúng đặc biệt thích hợp để nướng, nướng hoặc chế biến món miso truyền thống của Nhật Bản.",88
6dbf3aa1-5ae4-5513-8e15-0c488dbb61b1,,,"Anchovies, đóng hộp in nước, Drained (Anchovies, Canned in Water, Drained)",DISH,141.0,22.35,5.88,0.0,0.0,0.0,435.0,34d3024c-4bb7-46a0-8480-f45f99dd3d32,,,"Cá cơm đóng hộp trong nước là loại cá nhỏ được muối muối cung cấp dinh dưỡng đậm đặc ở dạng ổn định. Những loại cá cơm chứa nước này cung cấp một loại thay thế ít calo hơn cho cá cơm đóng hộp trong khi vẫn cung cấp một lượng đáng kể axit béo omega-3, protein và canxi. Hương vị umami mãnh liệt của chúng khiến chúng trở thành một thành phần mạnh mẽ trong ẩm thực Địa Trung Hải và các món ăn cổ điển như salad Caesar, mặc dù chúng có chứa lượng natri đáng kể do quá trình xử lý.",75
0145e2c2-110c-54b8-b4f8-88d7dd9de43e,,,"Rockfish, nướng vỉ (Rockfish, Grilled)",DISH,109.0,22.2,1.62,0.0,0.0,0.0,89.0,34d3024c-4bb7-46a0-8480-f45f99dd3d32,,,"Rockfish là một loại cá trắng nạc, có hương vị nhẹ, trở nên bong tróc và mềm khi nướng. Loại hải sản đa năng này là nguồn cung cấp protein chất lượng cao và axit béo omega-3 tốt cho tim, trong khi vẫn chứa ít calo và chất béo bão hòa. Khi nướng, cá đá có bề ngoài hơi cứng trong khi vẫn giữ được kết cấu tinh tế, ẩm tự nhiên, khiến nó trở thành lựa chọn phổ biến cho những người đam mê hải sản quan tâm đến sức khỏe.",88
b45122f6-eb21-58be-84aa-e24218c302d3,,,"Vẹm, hấp (Mussels, Steamed)",DISH,172.0,23.8,4.48,7.39,0.0,0.0,369.0,34d3024c-4bb7-46a0-8480-f45f99dd3d32,,,"Vẹm hấp là loại động vật có vỏ hai mảnh vỏ, khi nấu chín đúng cách sẽ mở ra để lộ thịt mềm, màu be cam. Những protein hải sản nạc này đặc biệt giàu vitamin B12, sắt và axit béo omega-3 trong khi vẫn có lượng calo thấp đáng kể. Trai được coi là một trong những lựa chọn hải sản bền vững nhất, thường được hấp cho đến khi vỏ mở hoàn toàn, cho thấy chúng an toàn để tiêu thụ.",75
c34da3f9-329a-546a-b32b-24955a96a11a,,,"Whiting bít tếts, Tươi sống (Whiting Steaks, Raw)",INGREDIENT,90.0,18.3,1.31,0.0,0.0,0.0,72.0,34d3024c-4bb7-46a0-8480-f45f99dd3d32,,,"Whiting là một loại cá trắng có hương vị nhẹ thường được bán dưới dạng bít tết hoặc phi lê, thuộc họ cá tuyết. Tùy chọn hải sản nạc này cung cấp protein chất lượng cao trong khi lại ít calo và chất béo tự nhiên, khiến nó đặc biệt phù hợp với chế độ ăn kiêng có lợi cho sức khỏe. Bít tết lòng trắng sống có đặc điểm là thịt chắc, trong mờ, trở nên trắng đục và bong tróc khi nấu chín, mang lại sự linh hoạt cho các phương pháp nấu khác nhau bao gồm nướng, chiên hoặc nướng.",75
1c640545-d9ad-5869-8fce-4ebfbb59bb1d,,,Cua Salad bánh mì kẹp (Crab Salad Sandwich),DISH,200.0,18.0,15.0,45.0,3.5,4.0,600.0,34d3024c-4bb7-46a0-8480-f45f99dd3d32,,,"Bánh mì kẹp salad cua là một loại bánh mì làm từ hải sản thường được làm bằng thịt cua thật hoặc giả trộn với sốt mayonnaise, cần tây và gia vị. Phần nhân kem thường được phục vụ trên bánh mì mềm hoặc bánh mì cuộn, thường đi kèm với rau diếp và các loại rau tươi khác. Trong khi các phiên bản làm từ thịt cua thật cung cấp hàm lượng protein và axit béo omega-3 cao hơn, nhiều chế phẩm thương mại sử dụng cua giả (surimi) mang lại kết cấu tương tự nhưng thành phần dinh dưỡng khác nhau.",88
fa4b84f2-47b8-5686-bd43-7e6d8315b7c5,,,"Bigeye cá ngừ, Tươi sống (Bigeye Tuna, Raw)",INGREDIENT,115.0,23.81,1.76,0.0,0.0,0.0,62.0,34d3024c-4bb7-46a0-8480-f45f99dd3d32,,,"Cá ngừ mắt to là loài cá ngừ cao cấp có đặc điểm thịt màu đỏ đậm và hàm lượng chất béo cao hơn so với các giống cá ngừ khác. Loài cá đại dương lớn này cung cấp nguồn protein chất lượng cao, axit béo omega-3 và vitamin B12 tuyệt vời, đồng thời chứa ít thủy ngân hơn cá ngừ vây xanh. Thịt sống được đánh giá cao trong các món sashimi và sushi cao cấp nhờ kết cấu đậm đà, béo ngậy và hương vị thanh khiết.",88
55bea8fe-4a95-555f-a226-59c1721dcba4,,,Hải sản Dip (Seafood Dip),DISH,298.0,11.7,26.0,4.2,0.7,2.0,570.0,34d3024c-4bb7-46a0-8480-f45f99dd3d32,,,"Nước chấm hải sản là một loại kem phết thường được làm từ sự kết hợp của cá hoặc động vật có vỏ trộn với phô mai kem, sốt mayonnaise hoặc kem chua làm nền. Món khai vị ướp lạnh này thường có các thành phần như cua, tôm hoặc cá hun khói, cùng với các loại gia vị như Old Bay, hành tây thái hạt lựu và các loại thảo mộc tươi. Món nhúng giàu protein có hàm lượng dinh dưỡng khác nhau tùy thuộc vào thành phần hải sản cụ thể và cơ sở sữa, nhưng nhìn chung cung cấp lượng protein đáng kể trong khi có hàm lượng chất béo tương đối cao.",88
38beca0e-97b0-5653-bea0-086d0908e615,,,"Blue vẹm, Nấu chín (Blue Mussels, Cooked)",DISH,172.0,23.8,4.48,7.39,0.0,0.0,369.0,34d3024c-4bb7-46a0-8480-f45f99dd3d32,,,"Vẹm xanh là loài động vật có vỏ mềm với lớp vỏ màu xanh đen đặc trưng và thịt đầy đặn, màu cam khi nấu chín. Những lựa chọn hải sản bền vững này rất giàu protein, axit béo omega-3 và các khoáng chất thiết yếu như sắt và vitamin B12. Vẹm nấu chín có hương vị ngọt, mặn và kết cấu mềm, thường được chế biến bằng cách hấp cho đến khi vỏ mở ra, chứng tỏ chúng an toàn khi tiêu thụ.",75
5b0e46e2-de6b-5c11-aa44-ec604c8f5833,,,"Nguyên Cod, Tươi sống (Whole Cod, Raw)",INGREDIENT,82.0,17.8,0.67,0.0,0.0,0.0,54.0,34d3024c-4bb7-46a0-8480-f45f99dd3d32,,,"Cá tuyết nguyên con là một loại cá nước mặn nạc được đánh giá cao nhờ hương vị nhẹ, hơi ngọt và thịt trắng chắc nhưng không bong tróc khi nấu chín. Loài Bắc Đại Tây Dương này cung cấp protein chất lượng cao với lượng chất béo bão hòa tối thiểu, cùng với lượng vitamin B12 và selen đáng chú ý để hỗ trợ miễn dịch và trao đổi chất. Thường được bán bỏ ruột và đánh vảy, cá tuyết nguyên con thích hợp với việc nướng, nướng hoặc luộc, khiến nó trở thành lựa chọn linh hoạt cho chế độ ăn ít calo và tốt cho tim mạch.",88
8e940062-3279-5649-8ac9-c88958015170,,,"Trout Fillet, không da, Tươi sống (Trout Fillet, Skinless, Raw)",INGREDIENT,291.0,17.4,24.6,0.0,0.0,0.0,247.0,34d3024c-4bb7-46a0-8480-f45f99dd3d32,,,"Phi lê cá hồi (không da, sống) là loại cá nước ngọt được đánh giá cao nhờ thịt nạc, mềm và hương vị nhẹ, hơi bùi. Chế phẩm không da này cung cấp hàm lượng chất béo thấp hơn so với cá hồi trong khi vẫn cung cấp protein chất lượng cao và axit béo omega-3 cần thiết cho sức khỏe tim và não. Phi lê sống tinh tế được nấu nhanh chóng bằng cách nướng, nướng hoặc áp chảo, khiến nó trở thành lựa chọn linh hoạt cho các bữa ăn ít calo, giàu chất dinh dưỡng phù hợp với thực hành hải sản bền vững.",75
98d6fb8c-7589-5323-8b5d-65d60e7e23b5,,,"Black Cod Fillet với Skin, Tươi sống (Black Cod Fillet with Skin, Raw)",INGREDIENT,195.0,13.41,15.3,0.0,0.0,0.0,56.0,34d3024c-4bb7-46a0-8480-f45f99dd3d32,,,"Cá tuyết đen (thường được gọi là cá sablefish) là một loại cá phi lê Bắc Thái Bình Dương được đánh giá cao nhờ hàm lượng axit béo omega-3 đặc biệt cao và kết cấu béo ngậy, béo ngậy. Phần da còn giữ được độ ẩm trong khi nấu, tạo nên bề ngoài giòn khi nướng hoặc nướng, trong khi phần thịt sống có vẻ bóng và có màu hồng ngà. Loại cá béo này chứa hàm lượng dầu gần gấp đôi so với cá trắng thông thường, khiến nó vừa có hương vị vừa giàu dinh dưỡng cho chế độ ăn có lợi cho tim.",88
e6998d3b-d12e-575e-aed9-522c250cc6d6,,,Cua Melt bánh mì kẹp (Crab Melt Sandwich),DISH,424.0,20.0,24.0,32.0,3.0,3.0,420.0,34d3024c-4bb7-46a0-8480-f45f99dd3d32,,,"Bánh mì kẹp cua là một loại bánh mì hải sản nóng hổi có sự kết hợp giữa thịt cua nấu chín, sốt mayonnaise và phô mai tan chảy trên bánh mì nướng. Món bánh sandwich hấp dẫn này thường kết hợp thịt cua thật hoặc giả với gia vị và nguyên liệu kem, phủ phô mai tan chảy (thường là phô mai cheddar hoặc Thụy Sĩ) và nướng hoặc nướng cho đến khi có màu vàng nâu. Mặc dù có hàm lượng protein cao từ thịt cua nhưng chiếc bánh sandwich này cũng chứa nhiều calo do hàm lượng phô mai và sốt mayonnaise.",88
dc849341-f72e-5553-8733-160423a0f3cd,,,"Jonah cua, Nấu chín (Jonah Crab, Cooked)",DISH,99.0,16.2,1.9,3.11,0.0,0.0,276.0,34d3024c-4bb7-46a0-8480-f45f99dd3d32,,,"Cua Jonah nấu chín là loài cua Bắc Đại Tây Dương có đặc điểm là vỏ màu nâu đỏ và hương vị ngọt ngào, tinh tế. Nấu chín sẽ tăng cường vị ngọt tự nhiên của cua và làm săn chắc kết cấu của cua, giúp thịt dễ dàng tiếp cận. Nó cung cấp một nguồn protein dồi dào và các khoáng chất thiết yếu, mang lại sự thay thế nạc hơn cho một số giống cua khác như Dungeness.",88
175ee114-9661-547d-8bc5-ccd30cf582b8,,,Hải sản Garden Salad (Seafood Garden Salad),DISH,220.0,9.0,17.0,8.0,2.5,3.0,350.0,34d3024c-4bb7-46a0-8480-f45f99dd3d32,,,"Salad Hải Sản Vườn là món ăn ướp lạnh kết hợp hải sản nấu chín như tôm, cua, hay giả cua với các loại rau củ giòn tại vườn như xà lách, cà chua, dưa chuột. Bữa ăn giàu protein này cung cấp axit béo omega-3 từ hải sản và chất xơ từ sản phẩm tươi sống, thường được trộn với dầu giấm nhẹ để duy trì lượng calo thấp. Nó phục vụ như một lựa chọn cân bằng cho chế độ ăn kiêng pescatarian và cung cấp một giải pháp thay thế giàu chất dinh dưỡng cho các món salad nặng hơn làm từ thịt.",88
c5e7f1c2-f7d1-53a5-8cff-250db2499d96,,,Blackened Tilefish (Blackened Tilefish),DISH,147.0,24.5,4.7,0.0,0.0,0.0,59.0,34d3024c-4bb7-46a0-8480-f45f99dd3d32,,,"Cá ngói đen là một loại cá nước mặn được chế biến bằng kỹ thuật nấu Cajun ở nhiệt độ cao để tạo ra lớp vỏ cháy của ớt bột, ớt cayenne và húng tây. Phương pháp này giúp tăng cường độ chắc tự nhiên, kết cấu ẩm và vị ngọt nhẹ của cá đồng thời tăng thêm hương vị đậm đà, khói mà không gây nặng dầu. Là nguồn protein nạc, nó rất giàu selen và vitamin B, cung cấp một lựa chọn giàu chất dinh dưỡng cho chế độ ăn ít calo. Tilefish được thu hoạch bền vững ở vùng biển Đại Tây Dương, giúp phân biệt nó với các giống vùng Vịnh có hàm lượng thủy ngân cao hơn.",88
0b4860d7-ffe0-5fe9-8ef8-01705aa703f1,,,Monkfish Fillet (Monkfish Fillet),INGREDIENT,76.0,14.5,1.52,0.0,0.0,0.0,18.0,34d3024c-4bb7-46a0-8480-f45f99dd3d32,,,"Phi lê cá chày là loại cá trắng nạc, có kết cấu chắc được thu hoạch từ vùng biển Bắc Đại Tây Dương, thường được gọi là 'tôm hùm của người nghèo' vì hương vị ngọt ngào giống như động vật có vỏ và độ đặc của thịt. Loại hải sản đa năng này cung cấp protein chất lượng cao với hàm lượng chất béo tối thiểu và hàm lượng thủy ngân thấp hơn so với nhiều loài cá săn mồi lớn. Phần thịt chắc chắn của nó có khả năng chịu đựng tốt các phương pháp nấu ăn ở nhiệt độ cao như áp chảo, nướng hoặc quay mà không bị bong tróc.",88
413d86ce-2bc0-5282-bfe9-b4bdfc399520,,,Nướng vỉ bơfish (Grilled Butterfish),DISH,187.0,22.2,10.3,0.0,0.0,0.0,114.0,34d3024c-4bb7-46a0-8480-f45f99dd3d32,,,"Cá bơ nướng đề cập đến cách chế biến một số loài cá có dầu được biết đến với kết cấu đặc biệt mềm, mịn và hương vị béo ngậy của bơ khi nấu chín. Hàm lượng dầu cao cung cấp đáng kể axit béo omega-3 và chất béo không bão hòa đơn lành mạnh, đồng thời nướng tạo ra lớp vỏ ngoài caramen giúp tăng cường vị ngọt tự nhiên. Phổ biến trong ẩm thực của Vành đai Thái Bình Dương, loại cá giàu protein này kết hợp tốt với các hương vị đậm đà như nước xốt cam quýt hoặc men làm từ đậu nành do khả năng duy trì độ ẩm trong quá trình nấu ở nhiệt độ cao.",75
0ce69da1-c0a2-5452-ae50-daca7a08a89d,,,Hấp Pompano (Steamed Pompano),DISH,206.0,23.24,11.91,0.0,0.0,0.0,76.0,34d3024c-4bb7-46a0-8480-f45f99dd3d32,,,"Cá chim hấp là món chế biến từ loại cá nước mặn nạc được đánh giá cao vì thịt chắc, ẩm và hương vị béo ngậy của bơ. Phương pháp nấu này bảo tồn protein chất lượng cao và axit béo omega-3 của cá trong khi vẫn giữ mức thủy ngân thấp hơn so với các loài cá săn mồi lớn hơn. Phổ biến trong ẩm thực châu Á và Caribe, cá hấp nguyên con có da và xương ăn được mềm trong khi nấu, thường dùng kèm với nước sốt nhẹ để tăng thêm vị ngọt tự nhiên.",75
7d8cac8c-ed12-5521-81c5-4e9f97fa1058,,,"Lingcod, nguyên, Tươi sống (Lingcod, Whole, Raw)",INGREDIENT,85.0,17.66,1.06,0.0,0.0,0.0,59.0,34d3024c-4bb7-46a0-8480-f45f99dd3d32,,,"Lingcod là loài cá nạc Bắc Thái Bình Dương (không phải cá tuyết thật) được đánh giá cao nhờ thịt chắc, ẩm và hương vị nhẹ, hơi ngọt. Loại cá nước lạnh này cung cấp protein chất lượng cao với hàm lượng chất béo tối thiểu, cùng với hàm lượng selen và vitamin B12 đáng chú ý. Thường được bán nguyên con với lớp vỏ màu xanh lục óng ánh, cá linh tuyết đòi hỏi các phương pháp nấu kỹ lưỡng như nướng hoặc nướng bánh và thường có nguồn gốc từ nghề cá bền vững dọc theo bờ biển Alaska đến California.",88
4ec6480a-deef-526c-bade-82e695a159fc,,,Skin-On Flounder Fillet (Skin-On Flounder Fillet),INGREDIENT,90.0,18.8,1.5,0.0,0.0,0.0,81.0,34d3024c-4bb7-46a0-8480-f45f99dd3d32,,,"Phi lê cá bơn còn da là loại cá dẹt nước mặn được cắt khúc được đánh giá cao nhờ kết cấu tinh tế và hương vị nhẹ, hơi ngọt. Lớp da còn nguyên vẹn cung cấp nguồn axit béo omega-3 đậm đặc và tạo thành một lớp bảo vệ trong khi nấu, giúp giữ độ ẩm đồng thời tạo nên bề ngoài giòn khi áp chảo hoặc nướng. Loại cá trắng giàu protein, ít calo này chứa tối thiểu chất béo bão hòa và không chứa gluten tự nhiên, phù hợp với chế độ ăn kiêng kiểm soát cân nặng và tốt cho tim mạch.",75
421d6835-1d1b-5319-98e3-6037ff023e31,,,Thai Chili Fish sốt (Thai Chili Fish Sauce),DISH,65.0,11.0,0.0,5.0,0.0,1.0,8230.0,34d3024c-4bb7-46a0-8480-f45f99dd3d32,,,"Nước mắm ớt Thái là một biến thể cay của nước mắm truyền thống kết hợp chiết xuất cá cơm lên men với ớt tươi hoặc khô để tăng thêm vị cay. Loại gia vị màu hổ phách này mang đến sự kết hợp mãnh liệt giữa vị umami thơm ngon, vị mặn và vị cay vốn là nền tảng của ẩm thực Thái Lan. Mặc dù tập trung nhiều vào hương vị và hàm lượng natri, nhưng nó thường được sử dụng với số lượng nhỏ để tăng độ phức tạp của các món ăn như món xào, nước chấm và nước xốt.",88
23a7f92c-9fd4-5f47-b6d4-f8a8252fd70e,,,Bluefish bít tếts (Bluefish Steaks),INGREDIENT,124.0,20.0,4.24,0.0,0.0,0.0,60.0,34d3024c-4bb7-46a0-8480-f45f99dd3d32,,,"Bít tết cá xanh là những miếng cắt ngang từ một loài cá nước mặn di cư nổi tiếng với thịt sẫm màu, nhiều dầu và hương vị đậm đà. Loài cá giàu dinh dưỡng này cung cấp hàm lượng axit béo omega-3 và protein cao, nhưng vị trí của nó cao hơn trong chuỗi thức ăn biển dẫn đến hàm lượng thủy ngân tăng cao so với các loài nhỏ hơn. Kết cấu đậm đà của bít tết có thể phù hợp khi nướng hoặc hun khói, mặc dù vị tanh rõ rệt của chúng kết hợp tốt nhất với gia vị đậm đà hoặc nước xốt có tính axit để cân bằng độ đậm đà.",75
daa18d3c-7642-536a-b9d8-7abb54623120,,,"Bluefish, Tươi sống (Bluefish, Raw)",INGREDIENT,124.0,20.0,4.24,0.0,0.0,0.0,60.0,34d3024c-4bb7-46a0-8480-f45f99dd3d32,,,"Bluefish là loài cá nước mặn di cư phổ biến ở Bắc Đại Tây Dương và Địa Trung Hải, được đánh giá cao nhờ hàm lượng axit béo omega-3 cao và thịt chắc khỏe, nhiều dầu đặc biệt. Cá sống có thịt ẩm, sẫm màu với hương vị đậm đà, đậm đà hơn khi nấu chín, mặc dù nó chứa hàm lượng thủy ngân vừa phải nên cần tiêu thụ cẩn thận. Mặc dù thường được nướng hoặc hun khói để giảm bớt độ đậm đà, nhưng các mẫu cực tươi đôi khi được phục vụ sống trong các món ăn ven biển, mang lại hương vị đậm đà hơn so với các loại cá trắng nhẹ hơn như cá tuyết hoặc cá bơn.",88
2644068b-afa5-5553-a39c-8171a7b8ee48,,,"Hải sản Medley Salad, Nấu chín (Seafood Medley Salad, Cooked)",DISH,150.0,12.0,8.0,6.0,1.5,3.0,380.0,34d3024c-4bb7-46a0-8480-f45f99dd3d32,,,"Salad hỗn hợp hải sản là một món ăn được chế biến sẵn kết hợp động vật có vỏ nấu chín và cá — chẳng hạn như tôm, mực, sò điệp hoặc trai — với rau giòn và nước sốt nhẹ. Món ăn giàu protein này cung cấp các axit béo omega-3 thiết yếu từ hỗn hợp hải sản, mặc dù hàm lượng calo và natri của nó thay đổi tùy thuộc vào phương pháp chế biến như lựa chọn nướng hoặc luộc và làm nước sốt. Thường được phục vụ ướp lạnh, món salad này cân bằng kết cấu hải sản mềm với rau xanh hoặc thảo mộc tươi, khiến món này trở thành lựa chọn phổ biến cho các bữa ăn lấy cảm hứng từ vùng ven biển hoặc các lựa chọn bữa trưa giàu protein.",88
5932a1a9-40e6-54bb-8a5a-4ca2460fb8dc,,,"Đóng hộp Swordfish in dầu, Drained (Canned Swordfish in Oil, Drained)",INGREDIENT,200.0,24.0,10.0,0.0,0.0,0.0,150.0,34d3024c-4bb7-46a0-8480-f45f99dd3d32,,,"Cá kiếm ngâm dầu đóng hộp, ráo nước là một sản phẩm hải sản được bảo quản bao gồm các miếng cá kiếm nấu sẵn được chế biến trong dầu, loại bỏ lượng dầu dư thừa trước khi tiêu thụ. Phương pháp đóng hộp mang lại thịt mềm, mịn với hương vị thơm ngon đậm đà và kết cấu chắc hơn so với chế phẩm tươi, đồng thời duy trì hàm lượng protein và axit béo omega-3 cao. Định dạng này chứa natri đậm đặc từ quá trình bảo quản và giữ lại hàm lượng thủy ngân vốn có của cá săn mồi lớn, nên nên tiêu thụ vừa phải. Ăn liền ngay từ hộp, nó có chức năng như một sự thay thế táo bạo cho cá ngừ trong món salad, bánh mì sandwich và các món mì ống lấy cảm hứng từ Địa Trung Hải.",75
294e2e7c-6602-5ed6-a3c5-d92f4933da4e,,,"Sablefish Fillet với Skin, Tươi sống (Sablefish Fillet with Skin, Raw)",INGREDIENT,195.0,13.4,15.3,0.0,0.0,0.0,56.0,34d3024c-4bb7-46a0-8480-f45f99dd3d32,,,"Cá Sablefish (còn gọi là cá tuyết đen) là một loại cá Bắc Thái Bình Dương được đánh giá cao vì hàm lượng omega-3 đặc biệt cao và kết cấu béo ngậy, béo ngậy. Phi lê sống có lớp da màu xám đen mượt mà, giòn khi nấu chín, trong khi thịt vẫn ẩm do hàm lượng dầu tự nhiên. Sự lựa chọn hải sản bền vững này cung cấp nhiều axit béo omega-3 trong mỗi khẩu phần hơn cá hồi, cùng với protein chất lượng cao và vitamin D, khiến nó trở nên lý tưởng để nướng, hun khói hoặc hấp.",88
d716940b-b03b-5a6f-9a1b-7ba6c09c332d,,,Smoked Whitefish (Smoked Whitefish),DISH,108.0,23.4,0.93,0.0,0.0,0.0,1020.0,34d3024c-4bb7-46a0-8480-f45f99dd3d32,,,"Cá trắng hun khói là một loại cá nước ngọt được chế biến sẵn, thường từ các loài như cá trắng hồ, được xử lý bằng cách hun khói nóng để đạt được kết cấu chắc chắn và hương vị khói đậm đà. Phương pháp bảo quản này tập trung các loại dầu tự nhiên, tạo ra protein chất lượng cao với hàm lượng natri vừa phải so với các loại thịt hun khói ngâm nước muối nhiều. Loại thịt mềm, có vị ngọt nhẹ thường được sử dụng trong món salad, phết và súp, đặc biệt là trong các món ăn khu vực Bắc Mỹ gần Ngũ Hồ.",88
ff13e1f9-6b78-564f-bc8b-a161815d7878,,,"Tôm hùm đất, Tươi sống (Crawfish, Raw)",INGREDIENT,74.0,15.3,0.95,0.0,0.0,0.0,60.0,34d3024c-4bb7-46a0-8480-f45f99dd3d32,,,"Tôm càng xanh là loài giáp xác nước ngọt có hình dáng giống tôm hùm thu nhỏ, thường dài từ 3-6 inch. Những loài động vật có vỏ này, đặc biệt phổ biến trong ẩm thực Louisiana và miền Nam, được đánh giá cao nhờ thịt đuôi mềm, ngọt. Thịt tôm sống là nguồn protein nạc giàu vitamin B12, đồng và selen nhưng phải được nấu chín kỹ trước khi tiêu thụ để đảm bảo an toàn thực phẩm.",88
2ab563d1-609d-5c08-a382-1700c981dfe9,,,"Black Cod Fillet, không da, Tươi sống (Black Cod Fillet, Skinless, Raw)",INGREDIENT,195.0,13.41,15.3,0.0,0.0,0.0,56.0,34d3024c-4bb7-46a0-8480-f45f99dd3d32,,,"Cá tuyết đen, còn được gọi là cá sable, là loại cá trắng cao cấp nổi tiếng với hàm lượng axit béo omega-3 đặc biệt cao và kết cấu bơ. Loại cá sống ở vùng nước sâu này có hàm lượng chất béo cao hơn hầu hết các loài cá khác, mang lại thịt đậm đà, mượt mà vẫn ẩm khi nấu chín. Phi lê cá tuyết đen thô có đặc điểm là màu trắng đến màu ngà nguyên sơ và kết cấu chắc nhưng tinh tế, khiến chúng đặc biệt được đánh giá cao trong ẩm thực Nhật Bản, đặc biệt là đối với các chế phẩm như cá tuyết đen tráng men miso.",88
f82cf128-b1f4-5b66-afc9-6ca1b5c9ebb6,,,Smoked Kingfish (Smoked Kingfish),DISH,134.0,21.0,5.5,0.0,0.0,0.0,700.0,34d3024c-4bb7-46a0-8480-f45f99dd3d32,,,"Cá bống tượng hun khói là một loại cá nước mặn được nấu chín hoàn toàn được chế biến bằng phương pháp hun khói nóng, mang lại hương vị khói đậm đà và kết cấu đặc, bong tróc. Phương pháp chế biến này bảo quản cá một cách tự nhiên trong khi cô đặc hàm lượng protein chất lượng cao và axit béo omega-3, mặc dù nồng độ natri thường tăng cao do xử lý bằng muối. Phổ biến trong các món ăn ven biển vùng Caribe và miền Nam Hoa Kỳ, nó thường được phục vụ trong món salad, trộn thành nước chấm hoặc dùng trong bánh cá.",88
a1f0d943-4c1e-5a61-8b67-582c53ea87be,,,Tôm Po' Boy (Shrimp Po' Boy),INGREDIENT,197.14,12.0,12.0,18.86,1.14,2.29,618.57,34d3024c-4bb7-46a0-8480-f45f99dd3d32,,,"A Shrimp Po' Boy là món bánh sandwich Cajun/Creole cổ điển có tôm chiên giòn ăn kèm với bánh mì baguette giòn kiểu Pháp. Loại bánh sandwich béo ngậy này được trang trí theo kiểu truyền thống với rau diếp tươi, cà chua, dưa chua và sốt remoulade hoặc sốt tartar, tạo nên sự kết hợp đặc trưng giữa kết cấu và hương vị. Mặc dù cung cấp lượng protein đáng kể từ tôm, nhưng các món ăn ở nhà hàng thường chứa 690-740 calo và nồng độ natri tăng cao do bánh mỳ và nước sốt được tẩm gia vị.",88
f7a7603b-4533-5dab-879b-af20366910e6,,,"Bluefish Fillet, Tươi sống (Bluefish Fillet, Raw)",INGREDIENT,124.0,20.0,4.24,0.0,0.0,0.0,60.0,34d3024c-4bb7-46a0-8480-f45f99dd3d32,,,"Bluefish là một loài cá khỏe mạnh, giàu dầu được tìm thấy dọc theo bờ biển Đại Tây Dương, nổi tiếng với thịt có màu sẫm, có hương vị đậm đà. Phi lê sống có vỏ màu xanh lam đặc trưng và thịt màu xám bạc rất giàu axit béo omega-3 có lợi cho tim. Do hàm lượng dầu cao, cá bluefish đặc biệt dễ hỏng khi còn tươi và tốt nhất nên tiêu thụ ngay sau khi mua, khiến nó được bán phổ biến hơn ở các vùng ven biển.",88
70809d88-cbb5-59ca-a8a6-28bc66adf13d,,,"Brook Trout, Tươi sống (Brook Trout, Raw)",INGREDIENT,110.0,21.2,2.73,0.0,0.0,0.0,45.0,34d3024c-4bb7-46a0-8480-f45f99dd3d32,,,"Cá hồi Brook là loài cá nước ngọt có nguồn gốc từ vùng biển Bắc Mỹ, nổi bật nhờ phần lưng màu xanh đậm và phần bụng màu hồng cam đặc trưng với những đốm đỏ. Loại cá nạc này đặc biệt giàu protein chất lượng cao và axit béo omega-3, đồng thời chứa hàm lượng thủy ngân thấp hơn so với các loài cá lớn hơn. Ở dạng thô, cá hồi suối có thịt màu hồng, mềm mại, thích hợp cho nhiều phương pháp nấu ăn khác nhau bao gồm nướng, nướng bánh hoặc hun khói.",75
e5222da1-ab52-5632-836a-cf5c5b78eb26,,,Smoked Swordfish (Smoked Swordfish),DISH,172.0,23.5,7.9,0.0,0.0,0.0,250.0,34d3024c-4bb7-46a0-8480-f45f99dd3d32,,,"Cá kiếm hun khói là một sản phẩm hải sản được bảo quản được chế biến thông qua phương pháp hun khói gỗ cứng truyền thống đối với những miếng thịt dày đặc từ loài cá nước mặn lớn này. Quá trình hun khói mang lại hương vị umami đậm đà và kết cấu chắc chắn trong khi xử lý cá một cách tự nhiên, dẫn đến hàm lượng natri cao hơn so với chế phẩm tươi. Lựa chọn giàu protein này cung cấp các axit béo omega-3 có lợi và thường được dùng cắt lát mỏng trong món salad, như một món khai vị hoặc kết hợp với các loại ngũ cốc bổ dưỡng.",88
6bad8045-3f5d-59a1-a756-673f74c60bb4,,,Đóng hộp Clam nước ép (Canned Clam Juice),DISH,2.0,0.4,0.02,0.1,0.0,0.0,215.0,34d3024c-4bb7-46a0-8480-f45f99dd3d32,,,"Nước nghêu đóng hộp là một chất lỏng nấu nước mặn được làm bằng cách hấp ngao và làm trong nước dùng tự nhiên của chúng để bảo quản ổn định khi bảo quản. Cơ sở hải sản đậm đặc này mang lại hương vị đại dương riêng biệt cho các món ăn như súp và nước sốt hải sản, đồng thời cung cấp lượng sắt và vitamin B12 đáng chú ý. Mặc dù được đánh giá cao nhờ độ đậm đà của vị umami, nhưng nó thường chứa hàm lượng natri cao từ quá trình chế biến, đòi hỏi phải chia khẩu phần một cách thận trọng trong chế độ ăn hạn chế natri.",75
316676b8-3d36-5f76-88f6-480004996180,,,"Nguyên Pompano Fish, Tươi sống (Whole Pompano Fish, Raw)",INGREDIENT,131.2,14.8,7.58,0.0,0.0,0.0,52.0,34d3024c-4bb7-46a0-8480-f45f99dd3d32,,,"Cá chim nguyên con là một loại cá nước mặn được đánh giá cao vì hương vị nhẹ, hơi ngọt và kết cấu chắc, bong tróc. Loài hình bầu dục này có làn da màu bạc với thân hình săn chắc và cung cấp protein chất lượng cao cùng với các axit béo omega-3 và selen đáng kể. Thường được chế biến bằng cách nướng hoặc áp chảo, cá chim duy trì tính nguyên vẹn về cấu trúc trong khi nấu trong khi vẫn có hàm lượng thủy ngân thấp so với các loài cá săn mồi lớn hơn.",88
a6fb2461-3f8d-58a4-ae53-4e8433f04b6c,,,Tôm hùm Bisque (Lobster Bisque),DISH,70.0,3.0,4.0,5.0,0.5,2.0,350.0,34d3024c-4bb7-46a0-8480-f45f99dd3d32,,,"Tôm hùm bisque là món súp sang trọng kiểu Pháp đặc trưng bởi kết cấu béo ngậy, béo ngậy và hương vị hải sản đậm đà. Món ăn cổ điển này được chế biến bằng cách kết hợp nước luộc tôm hùm với kem đặc, rau thơm và những miếng thịt tôm hùm mềm, sau đó xay nhuyễn cho đến khi mịn mượt. Do có nền kem và phương pháp chế biến đậm đặc nên nó có hàm lượng calo và chất béo cao đáng kể đồng thời cung cấp protein chất lượng cao từ động vật có vỏ.",88
a1a25c71-0ae8-5c78-93cf-51d30632acb5,,,"Cua Claws, Tươi sống (Crab Claws, Raw)",INGREDIENT,85.0,17.2,1.0,0.0,0.0,0.0,400.0,34d3024c-4bb7-46a0-8480-f45f99dd3d32,,,"Càng cua là những càng cua nhiều thịt được thu hoạch từ nhiều loài cua khác nhau, thường được bán sống và bẻ sẵn để tiện sử dụng. Thịt mềm, ngọt cung cấp nguồn protein nạc giàu vitamin B12 và selen, trong khi vẫn ít chất béo và calo. Những động vật có vỏ này yêu cầu các phương pháp nấu ngắn gọn như hấp hoặc luộc, có hàm lượng thủy ngân thấp tự nhiên và thường được phục vụ ướp lạnh với nước chấm mặc dù có cảnh báo về chất gây dị ứng với động vật có vỏ.",88
0401dd44-a05c-5224-b683-9b54df387383,,,Smoked bơfish (Smoked Butterfish),DISH,187.0,23.0,10.6,0.0,0.0,0.0,800.0,34d3024c-4bb7-46a0-8480-f45f99dd3d32,,,"Cá bơ hun khói là một loại cá nhiều dầu, được biết đến với kết cấu bơ đặc biệt và hương vị khói tinh tế. Phương pháp chế biến này giúp tăng cường hàm lượng axit béo omega-3 cao tự nhiên của cá đồng thời tạo ra kết cấu mềm, mịn đúng như tên gọi của nó. Cá nấu chín đặc biệt có giá trị trong ẩm thực châu Á và Thái Bình Dương, nơi nó thường được phục vụ như một món ngon giàu protein, có thể thưởng thức nóng hoặc ở nhiệt độ phòng.",75
67a0133b-20e2-5f0e-af36-c903484008e8,,,Low Sodium hàu Crackers (Low Sodium Oyster Crackers),DISH,467.0,6.7,13.3,80.0,2.9,1.5,500.0,34d3024c-4bb7-46a0-8480-f45f99dd3d32,,,"Bánh quy giòn có hàm lượng natri thấp là phiên bản giảm muối của loại bánh quy giòn cổ điển được phục vụ với súp và món canh. Những chiếc bánh quy giòn làm từ lúa mì này vẫn giữ được hương vị bơ nhẹ và độ giòn thoáng mát ban đầu đồng thời chứa ít natri hơn ít nhất 50% so với các loại thông thường. Với thành phần tập trung vào carbohydrate và chất béo tối thiểu, chúng cung cấp một lựa chọn thiết thực cho những người đang kiểm soát huyết áp hoặc tuân thủ chế độ ăn hạn chế natri.",88
32ab27f4-3a7f-5c91-aef2-afb36e6df563,,,"Wild-Caught Monkfish Tail, Tươi sống (Wild-Caught Monkfish Tail, Raw)",INGREDIENT,76.0,14.5,1.52,0.0,0.0,0.0,18.0,34d3024c-4bb7-46a0-8480-f45f99dd3d32,,,"Đuôi cá tu hài đánh bắt tự nhiên là loại cá trắng nạc, thịt săn chắc được đánh giá cao nhờ hương vị ngọt ngào và kết cấu giống tôm hùm, khiến nó có biệt danh là 'tôm hùm của người nghèo'. Loài sống ở đáy này cung cấp protein chất lượng cao với hàm lượng chất béo tối thiểu, trong khi phần đuôi nhiều thịt, dày đặc của nó có khả năng chịu đựng tốt các phương pháp nấu ăn ở nhiệt độ cao như nướng và quay. Mặc dù hàm lượng thủy ngân thấp hơn so với các loài cá săn mồi lớn nhưng nên tiêu thụ vừa phải trong thời kỳ mang thai do có chứa chất gây ô nhiễm.",88
be55c674-b8b5-58d9-9469-7e82f93a64a6,,,"Tôm hùm, Tươi sống (Lobster, Raw)",INGREDIENT,93.93,19.6,1.3,0.7,0.0,0.0,538.0,34d3024c-4bb7-46a0-8480-f45f99dd3d32,,,"Tôm hùm sống là loài giáp xác cao cấp có đặc điểm là thịt màu xám trong mờ và chuyển sang màu đỏ tươi khi nấu chín. Loại hải sản nạc này đặc biệt được đánh giá cao vì thịt ngọt, mềm và là nguồn cung cấp protein chất lượng cao tuyệt vời đồng thời ít chất béo bão hòa tự nhiên. Giống như tất cả các loài động vật có vỏ sống, việc xử lý đúng cách và nấu chín kỹ là điều cần thiết để đảm bảo an toàn thực phẩm, trong đó thịt đuôi và móng vuốt là những phần được tiêu thụ phổ biến nhất.",88
57125f1f-b74e-5744-ba80-1c0acac56451,,,"Mực Tubes, Tươi sống (Squid Tubes, Raw)",INGREDIENT,92.0,15.6,1.38,3.08,0.0,0.0,44.0,34d3024c-4bb7-46a0-8480-f45f99dd3d32,,,"Ống mực là lớp áo hình trụ, được làm sạch của mực, đã loại bỏ các xúc tu và các bộ phận bên trong, đại diện cho phần ăn được chính của động vật thân mềm. Những ống màu ngà mờ này thường được bán tươi hoặc đông lạnh và được đánh giá cao vì hương vị hải sản mềm, nhẹ và tính linh hoạt trong nấu ăn. Mực sống đặc biệt có hàm lượng protein cao trong khi ít chất béo, khiến nó trở thành một lựa chọn hải sản bổ dưỡng, đặc biệt giàu selen và vitamin B12.",88
ff502a2f-d09a-5b42-9ec1-06a0e2ab9dca,,,Nướng vỉ Swordfish (Grilled Swordfish),DISH,172.0,23.4,7.93,0.0,0.0,0.0,97.0,34d3024c-4bb7-46a0-8480-f45f99dd3d32,,,"Cá kiếm nướng là một loại cá nước mặn có kết cấu chắc, thịt nổi tiếng với độ đặc giống như bít tết và hương vị nhẹ, hơi ngọt được tăng cường khi nướng thành than. Loài cá di cư lớn này cung cấp protein chất lượng cao với selen và vitamin B đáng chú ý, mặc dù nó chứa ít axit béo omega-3 hơn các loại cá giàu dầu như cá hồi. Mặc dù được đánh giá cao nhờ cấu trúc thân thiện với món nướng giúp ngăn ngừa bong tróc, cá kiếm có hàm lượng thủy ngân vừa phải, đảm bảo tần suất tiêu thụ hợp lý.",88
906c2100-ec8b-548a-91a0-589f41b6bad5,,,Không Gluten hàu Crackers (Gluten-Free Oyster Crackers),DISH,467.0,3.3,16.7,76.7,3.3,1.7,933.0,34d3024c-4bb7-46a0-8480-f45f99dd3d32,,,"Bánh quy hàu không chứa gluten là một biến thể không chứa lúa mì của món súp cổ điển đi kèm ở New England, được chế biến bằng cách sử dụng các loại bột thay thế như gạo hoặc bột sắn để tái tạo kết cấu nhẹ, giòn của nguyên bản. Những chiếc bánh quy giòn này vẫn giữ được hương vị trung tính đặc trưng và độ giòn tinh tế của các phiên bản truyền thống đồng thời phục vụ cho chế độ ăn kiêng nhạy cảm với gluten. Thường được tăng cường bằng các chất liên kết như kẹo cao su xanthan, chúng vẫn là một lựa chọn ít calo để phủ lên món súp hoặc salad nhưng có thể có ít chất xơ hơn một chút so với các loại ngũ cốc nguyên hạt.",88
eca3a62b-5886-5c38-abe3-e473e929da0b,,,"Dungeness cua, Tươi sống (Dungeness Crab, Raw)",INGREDIENT,86.0,17.41,0.97,0.74,0.0,0.0,295.0,34d3024c-4bb7-46a0-8480-f45f99dd3d32,,,"Cua Dungeness là loài hải sản Thái Bình Dương cao cấp được đánh giá cao nhờ thịt ngọt, mềm và tỷ lệ thịt trên vỏ cao. Loài giáp xác lớn này có nguồn gốc từ bờ biển phía tây Bắc Mỹ, cung cấp nguồn protein nạc, vitamin B12 và kẽm tuyệt vời ở trạng thái thô. Được phân biệt bởi lớp vỏ màu nâu đỏ và thân nhiều thịt có thể chiếm tới 25% trọng lượng thịt ăn được, cua Dungeness thường có sẵn ở dạng tươi từ cuối mùa thu đến đầu mùa xuân.",88
6adac553-e1a4-52ae-ac44-4e28cd3e3b39,,,"Sailfish, Nấu chín (Sailfish, Cooked)",DISH,170.0,23.5,7.9,0.0,0.0,0.0,60.0,34d3024c-4bb7-46a0-8480-f45f99dd3d32,,,"Cá cờ nấu chín là một loại cá nước mặn nạc được biết đến với kết cấu chắc và hương vị nhẹ, hơi ngọt. Là một loại cá nấu chín, nó cung cấp nguồn protein và axit béo omega-3 chất lượng cao, góp phần tăng cường sức khỏe tim mạch. Tuy nhiên, do là loài cá săn mồi lớn nên cá cờ nấu chín có thể chứa hàm lượng thủy ngân cao hơn nên nên tiêu thụ ở mức độ vừa phải, đặc biệt đối với phụ nữ mang thai và trẻ nhỏ.",88
2136ac2c-5762-5c5d-9668-28241e25136c,,,"Snow cua Legs, Tươi sống (Snow Crab Legs, Raw)",INGREDIENT,90.0,18.5,1.18,0.0,0.0,0.0,539.0,34d3024c-4bb7-46a0-8480-f45f99dd3d32,,,"Chân cua tuyết là phân khúc hải sản cao cấp được thu hoạch từ loài Chionoecetes, nổi tiếng với thịt ngọt, mềm và có màu trắng sáng khi nấu chín. Những chiếc chân dài, được cắt khúc này thường được bán trước và đông lạnh, chứa thịt nạc, giàu protein, ít calo tự nhiên và giàu axit béo omega-3. Thịt sống có bề ngoài trong mờ, bóng và được đánh giá cao nhờ kết cấu mềm và hương vị biển sạch.",88
efa92bb8-99da-50a1-a828-435c75e0e7a1,,,"Sailfish, Tươi sống (Sailfish, Raw)",INGREDIENT,155.0,23.0,7.0,0.0,0.0,0.0,60.0,34d3024c-4bb7-46a0-8480-f45f99dd3d32,,,"Cá cờ sống là loài cá nước mặn được biết đến với chiếc mỏ thon dài và kích thước ấn tượng. Là nguồn protein nạc, nó cung cấp một lượng đáng kể axit béo omega-3, góp phần tăng cường sức khỏe tim mạch. Thịt có kết cấu chắc, vị nhẹ, hơi ngọt nên thích hợp làm sushi và sashimi; tuy nhiên, do hàm lượng thủy ngân tiềm ẩn và nguy cơ ký sinh trùng, việc tìm nguồn cung ứng có trách nhiệm và xử lý thích hợp là rất quan trọng khi tiêu thụ nguyên liệu thô.",88
c1114cc7-4aa8-53ee-a6de-2b2175dba2f0,,,"Bơfish Fillet với Skin, Tươi sống (Butterfish Fillet with Skin, Raw)",INGREDIENT,146.0,17.3,8.02,0.0,0.0,0.0,89.0,34d3024c-4bb7-46a0-8480-f45f99dd3d32,,,"Cá bơ là một loài cá nhỏ, giàu dầu được biết đến với kết cấu bơ đặc biệt và hương vị ngọt ngào, tinh tế. Phi lê sống còn da có đặc điểm là thịt có màu trắng bạc và thành phần mềm, da cung cấp thêm axit béo omega-3 khi tiêu thụ. Loại cá có dầu tự nhiên này đặc biệt giàu chất béo có lợi cho tim và vitamin D, đồng thời sự hiện diện của da giúp duy trì độ ẩm trong quá trình nấu nướng.",75
daad41d2-71bf-5922-ace2-d5058f23a59d,,,"Vẹm, Tươi sống (Mussels, Raw)",INGREDIENT,86.0,11.9,2.24,3.69,0.0,0.0,286.0,34d3024c-4bb7-46a0-8480-f45f99dd3d32,,,"Vẹm sống là loài nhuyễn thể hai mảnh vỏ được tìm thấy trong môi trường nước mặn và có đặc điểm là lớp vỏ thon dài, màu sẫm. Tiêu thụ trai sống có nguy cơ mắc bệnh do thực phẩm, vì vậy việc tìm nguồn cung ứng phù hợp từ các nhà cung cấp có uy tín và xử lý cẩn thận là điều cần thiết. Khi được chế biến an toàn, trai sống có hương vị tinh tế, hơi mặn và kết cấu mềm, đồng thời cung cấp nguồn protein, sắt và axit béo omega-3 dồi dào.",75
4f9e5fe3-46d9-580f-b05b-32b69e015e04,,,Kingfish Sashimi (Kingfish Sashimi),INGREDIENT,205.07,22.9,12.7,0.0,0.0,0.0,36.0,34d3024c-4bb7-46a0-8480-f45f99dd3d32,,,"Sashimi cá bống tượng là loại cá sống cao cấp được cắt lát chính xác thành từng miếng mỏng, tinh tế theo truyền thống ẩm thực Nhật Bản. Loại cá nạc, chắc này mang lại hương vị bơ sạch và đặc biệt giàu axit béo omega-3 và protein chất lượng cao. Giống như tất cả các chế phẩm từ cá sống, sashimi cá bống tượng cần được xử lý cẩn thận và phải có nguồn gốc từ cá loại sushi đã được đông lạnh đúng cách để đảm bảo an toàn thực phẩm.",88
124c713f-0504-5aa0-b7a9-70b4f6676b6f,,,Tôm hùm Salad (Lobster Salad),DISH,171.0,7.7,5.5,22.7,1.5,3.5,250.0,34d3024c-4bb7-46a0-8480-f45f99dd3d32,,,"Salad tôm hùm là một món hải sản ướp lạnh gồm thịt tôm hùm nấu chín cắt nhỏ trộn với sốt mayonnaise hoặc aioli, thường được tăng cường với cần tây, rau thơm và nước chanh. Chế phẩm giàu protein này làm nổi bật vị ngọt tự nhiên, hương vị mặn và kết cấu mềm-giòn của tôm hùm trong khi lấy được hầu hết lượng calo từ lớp nền của nó. Thường được phục vụ trên bánh mì cuộn bơ, món cuốn rau diếp hoặc như một món khai vị, nó cung cấp hàm lượng cholesterol đáng kể và cần được bảo quản lạnh do các thành phần sữa dễ hỏng.",88
9f1b837e-2db4-5c8a-bf87-490934895ce9,,,Gefilte Fish (Gefilte Fish),DISH,84.0,9.1,1.7,7.4,0.5,2.0,524.0,34d3024c-4bb7-46a0-8480-f45f99dd3d32,,,"Cá Gefilte là một món ăn truyền thống của người Do Thái được làm từ cá trắng xay nhuyễn (thường là cá chép, cá pike hoặc cá trắng) trộn với trứng, hành tây và bột matzo. Món cá chế biến sẵn này thường được tạo thành những miếng chả hoặc ổ bánh hình bầu dục, sau đó luộc trong nước kho cá cho đến khi chín hoàn toàn, tạo nên kết cấu nhẹ nhàng, tinh tế. Thường được phục vụ ướp lạnh như một món khai vị trong các ngày lễ của người Do Thái, nó cung cấp một nguồn protein nạc trong khi không có xương nhỏ có thể gây khó khăn cho việc tiêu thụ vào ngày Sa-bát.",88
0df82f1d-9b00-5427-8d0d-7e7670311728,,,Nướng vỉ Tilefish (Grilled Tilefish),DISH,147.0,24.0,4.7,0.0,0.0,0.0,59.0,34d3024c-4bb7-46a0-8480-f45f99dd3d32,,,"Cá ngói nướng là loại cá nước mặn được đánh giá cao nhờ hương vị nhẹ, ngọt và kết cấu chắc nhưng vẫn ẩm khi nấu chín. Nguồn protein nạc này chứa các axit béo omega-3 có lợi, mặc dù một số loại nhất định (đặc biệt là được đánh bắt ở Vịnh Mexico) có thể mang hàm lượng thủy ngân cao hơn, đảm bảo mức tiêu thụ vừa phải. Quá trình nướng làm nổi bật vị ngọt tự nhiên của nó đồng thời tạo ra bề ngoài cháy nhẹ, khiến nó trở thành lựa chọn ưa thích trong các món ăn ven biển và các bữa ăn tốt cho tim mạch.",88
025530c4-2e59-59f6-8ddd-7d9b516bc40d,,,"Tôm hùm Tail, Tươi sống (Lobster Tail, Raw)",INGREDIENT,93.93,19.6,1.3,0.7,0.0,0.0,538.0,34d3024c-4bb7-46a0-8480-f45f99dd3d32,,,"Đuôi tôm hùm là phần bụng nhiều thịt của tôm hùm nước lạnh, được bán sống với thịt chắc, bán trong mờ, khi nấu chín sẽ chuyển sang màu đục và mềm. Loại hải sản cao cấp này là nguồn protein nạc giàu selen và vitamin B12, có vị mặn, ngọt tự nhiên, rất phù hợp với các chế phẩm đơn giản như nướng hoặc hấp. Mặc dù ít calo và chất béo ở trạng thái tự nhiên nhưng nó thường được dùng kèm với nước sốt làm từ bơ trong các món ăn cao cấp.",88
545bfbbf-5549-5f75-9971-5f0feaaca73e,,,"Cuttlefish, Tươi sống (Cuttlefish, Raw)",INGREDIENT,79.0,16.0,0.7,0.82,0.0,0.82,55.0,34d3024c-4bb7-46a0-8480-f45f99dd3d32,,,"Mực nang sống là loài động vật thân mềm thân mềm có liên quan chặt chẽ với mực và bạch tuộc, có đặc điểm là lớp vỏ bên trong độc đáo gọi là mực nang. Ở trạng thái thô, thịt chắc và hơi trong mờ, có vị ngọt nhẹ, tinh tế. Nó là một nguồn cung cấp protein và khoáng chất dồi dào, thường được chế biến như sushi hoặc sashimi, hoặc nấu chín nhanh để tránh bị dai.",88
e0c66ecd-ae70-5a2c-870f-d744fb720b3f,,,"Tôm hùm đất Tail Meat, Tươi sống (Crawfish Tail Meat, Raw)",INGREDIENT,68.6,14.6,0.5,1.2,0.0,0.0,928.0,34d3024c-4bb7-46a0-8480-f45f99dd3d32,,,"Thịt đuôi tôm là phần mềm, ăn được được chiết xuất từ ​​phần đuôi của tôm nước ngọt, chủ yếu được thu hoạch từ miền Nam Hoa Kỳ. Nguồn protein nạc này có hương vị tinh tế, hơi ngọt tương tự như tôm hùm nhưng tinh tế hơn, với thịt sống có màu trong mờ và màu hồng nhạt. Thịt đuôi đặc biệt giàu protein và vitamin B12, đồng thời có lượng calo và carbohydrate thấp tự nhiên, khiến nó trở thành lựa chọn bổ dưỡng cho nhiều ứng dụng nấu ăn khác nhau.",88
41fccca8-98fe-535d-ac86-76050044b434,,,Swordfish Sashimi (Swordfish Sashimi),INGREDIENT,144.0,19.7,6.65,0.0,0.0,0.0,81.0,34d3024c-4bb7-46a0-8480-f45f99dd3d32,,,"Sashimi cá kiếm là chế phẩm sống của cá nước mặn, được đánh giá cao nhờ kết cấu chắc, thịt và hương vị nhẹ, hơi ngọt so với sashimi cá ngừ hoặc cá hồi đậm đà hơn. Nguồn protein nạc này cung cấp một lượng selen và niacin đáng chú ý, mặc dù hàm lượng thủy ngân tiềm ẩn của nó đảm bảo mức tiêu thụ vừa phải. Được phục vụ dưới dạng lát mỏng tại các cơ sở sushi, nó đòi hỏi sự chuẩn bị chuyên nghiệp và cá siêu tươi để đảm bảo an toàn thực phẩm.",88
a2e943c4-72da-53eb-b66f-18e4c26880a4,,,Eastern hàus (Eastern Oysters),INGREDIENT,55.0,5.47,1.63,4.13,0.0,0.94,132.0,34d3024c-4bb7-46a0-8480-f45f99dd3d32,,,"Hàu phương Đông (*Crassostrea virginica*) là loài nhuyễn thể hai mảnh vỏ được nuôi hoặc thu hoạch tự nhiên có nguồn gốc từ bờ biển Đại Tây Dương của Bắc Mỹ, được đánh giá cao nhờ hương vị mặn, khoáng chất phản ánh môi trường sống ở biển của chúng. Những con hàu sống này thường được phục vụ với nửa vỏ, cung cấp nguồn protein nạc giàu kẽm, selen và axit béo omega-3 có lợi cho tim, với ít hơn 50 calo mỗi tá. Lớp vỏ có hình dạng bất thường và độ mặn khác nhau—từ các giống Đại Tây Dương giòn đến các mẫu ôn hòa hơn ở Bờ Vịnh—làm cho chúng trở nên khác biệt, mặc dù người tiêu dùng nên ưu tiên hàu từ vùng nước được giám sát do có nguy cơ gây ô nhiễm tiềm ẩn.",88
2f1b6f28-e6d4-59e4-a78d-6123ade38b34,,,"Bạch tuộc, Nấu chín (Octopus, Cooked)",DISH,164.0,29.8,2.08,4.4,0.0,0.0,460.0,34d3024c-4bb7-46a0-8480-f45f99dd3d32,,,"Bạch tuộc là một loại hải sản nạc, giàu protein, trở nên mềm nhưng dai dễ chịu khi được nấu chín đúng cách thông qua các phương pháp như luộc, nướng hoặc om. Loài nhuyễn thể này cung cấp một lượng đáng kể chất sắt và vitamin B12 trong khi vẫn chứa ít chất béo và calo, mặc dù nó có chứa cholesterol vừa phải. Hương vị nhẹ, hơi ngọt và kết cấu chắc của nó làm cho nó trở thành một thành phần linh hoạt trong các món ăn Địa Trung Hải và Châu Á, mặc dù vậy nên tìm nguồn cung ứng từ nghề cá bền vững do áp lực dân số khác nhau.",88
c9403529-25ce-58fd-bc85-781ca21d4694,,,Blue cuas (Blue Crabs),INGREDIENT,66.4,14.32,0.59,0.0,0.0,0.0,316.0,34d3024c-4bb7-46a0-8480-f45f99dd3d32,,,"Cua xanh là loài giáp xác có nguồn gốc từ bờ biển Đại Tây Dương và Vịnh Mexico, được đánh giá cao nhờ hương vị ngọt, mặn, móng và thịt mềm. Những con cua này ít chất béo nhưng giàu protein, selen và kẽm chất lượng cao, mang đến một lựa chọn hải sản đậm đặc chất dinh dưỡng. Thường được hấp hoặc luộc với gia vị Old Bay, chúng thường được phục vụ nguyên con trong các bữa tiệc hải sản thông thường, đòi hỏi phải loại bỏ vỏ cẩn thận để tiếp cận được phần thịt mềm.",88
2f8a8aa9-507b-5dbb-b55d-d2be019c51d3,,,Smoked Bluefish (Smoked Bluefish),DISH,164.0,26.5,5.65,0.0,0.0,0.0,784.0,34d3024c-4bb7-46a0-8480-f45f99dd3d32,,,"Cá xanh hun khói là một sản phẩm hải sản đậm đà, có hương vị thơm ngon được làm từ một loài cá béo có nguồn gốc từ bờ biển Đại Tây Dương. Quá trình hun khói làm tăng hương vị mạnh mẽ tự nhiên của cá bluefish đồng thời tạo ra kết cấu chắc chắn, mịn màng và màu đồng đặc biệt. Loại cá giàu omega-3 này đặc biệt phổ biến trong ẩm thực ven biển New England và mang đến hương vị đậm đà hơn so với các loại cá hun khói nhẹ hơn.",88
bd9e6239-9ad4-54eb-8062-e1a2f6e014be,,,Tôm hùm Roll (Lobster Roll),INGREDIENT,207.0,14.0,7.6,23.0,1.5,4.0,570.0,34d3024c-4bb7-46a0-8480-f45f99dd3d32,,,"Tôm hùm cuộn là một loại bánh sandwich hải sản ở New England có những miếng thịt tôm hùm nước lạnh mềm, thường là từ tôm hùm Maine, được phục vụ trong một chiếc bánh mì xúc xích chia đôi phết bơ và nướng. Tôm hùm được phủ nhẹ với sốt mayonnaise (kiểu Maine) hoặc bơ ấm (kiểu Connecticut), nhấn mạnh hương vị mặn, ngọt của động vật có vỏ đồng thời tăng thêm độ đậm đà. Mặc dù có hàm lượng protein cao tự nhiên và ít chất béo bão hòa, hàm lượng calo thay đổi đáng kể tùy thuộc vào cách chế biến, với các phiên bản làm từ bơ cung cấp nhiều chất béo hơn so với các lựa chọn thay thế sốt mayo.",88
ee2c5bc1-00f7-5dba-9f1e-c1ab05b412b5,,,"Tôm hùm Meat, Nấu chín (Lobster Meat, Cooked)",DISH,89.0,19.0,0.86,0.0,0.0,0.0,486.0,34d3024c-4bb7-46a0-8480-f45f99dd3d32,,,"Thịt tôm hùm nấu chín là một món ngon hải sản được đánh giá cao nhờ hương vị ngọt ngào, đậm đà và kết cấu chắc nhưng mềm. Nguồn protein nạc này ít chất béo và carbohydrate, đồng thời cung cấp các khoáng chất thiết yếu như selen và đồng. Thịt tôm hùm thường được hấp, nướng hoặc kết hợp với các món ăn như tôm hùm cuộn, bisque và salad.",88
55906c19-7762-5cf0-b13f-7abfad2958d5,,,"Bơfish Fillet, không da, Tươi sống (Butterfish Fillet, Skinless, Raw)",INGREDIENT,146.0,17.3,8.02,0.0,0.0,0.0,89.0,34d3024c-4bb7-46a0-8480-f45f99dd3d32,,,"Cá bơ là một loại cá trắng nhỏ, tinh tế được biết đến với hàm lượng dầu đặc biệt cao và hương vị đậm đà của bơ. Phi lê sống, không có da có bề ngoài trong mờ, màu trắng bạc và kết cấu mềm, trở nên mịn và mọng nước đặc biệt khi nấu chín. Loài này đặc biệt giàu axit béo omega-3 và vitamin D có lợi cho tim, đồng thời cung cấp hàm lượng protein vừa phải so với các loại cá nạc.",75
49a39b78-b827-5556-b397-2b25b650bbdf,,,"Hàus, Tươi sống (Oysters, Raw)",INGREDIENT,80.0,9.0,2.4,4.5,0.0,0.0,90.0,34d3024c-4bb7-46a0-8480-f45f99dd3d32,,,"Hàu sống là loại nhuyễn thể hai mảnh vỏ được tiêu thụ trực tiếp từ vỏ, được đánh giá cao nhờ vị mặn, ngọt nhẹ và kết cấu mịn, tinh tế. Những loài ăn lọc này tập trung khoáng chất một cách tự nhiên từ môi trường biển, khiến chúng trở thành nguồn cung cấp kẽm, sắt và vitamin B12 dồi dào. Hương vị và kết cấu của hàu sống có thể khác nhau đáng kể tùy thuộc vào loài, địa điểm thu hoạch và điều kiện nước.",88
b149d892-a1e4-50d3-8eb0-d5e8d154e6bb,,,"Spiny tôm hùm, Tươi sống (Spiny Lobster, Raw)",INGREDIENT,112.0,20.6,1.51,2.43,0.0,0.0,177.0,34d3024c-4bb7-46a0-8480-f45f99dd3d32,,,"Tôm hùm gai là loài giáp xác nước ấm được phân biệt với tôm hùm Maine do không có móng vuốt lớn phía trước và vỏ gai nổi bật. Loại hải sản nạc này đặc biệt giàu protein chất lượng cao, vitamin B12 và selen, đồng thời ít chất béo bão hòa tự nhiên. Thịt đuôi sống có vẻ ngoài săn chắc, trong suốt và có hương vị ngọt ngào, tinh tế, khi nấu chín sẽ có màu trắng và mềm.",88
841ccb4f-d702-5717-86c4-6f8756bb3ad0,,,Nướng Tilefish (Baked Tilefish),DISH,147.0,24.5,4.69,0.0,0.0,0.0,59.0,34d3024c-4bb7-46a0-8480-f45f99dd3d32,,,"Cá ngói nướng là một loại cá nước mặn nạc được đánh giá cao nhờ hương vị nhẹ, ngọt và kết cấu chắc, ẩm, kết dính tốt trong quá trình nấu. Phương pháp chế biến này bảo tồn độ ẩm tự nhiên của cá đồng thời cung cấp protein chất lượng cao với lượng chất béo bão hòa tối thiểu. Cá ngói nổi bật với hàm lượng selen và vitamin B đặc biệt, đặc biệt là B12, đồng thời được ghi nhận là có hàm lượng thủy ngân thấp hơn nhiều loài cá săn mồi lớn, khiến nó trở thành lựa chọn an toàn hơn khi tiêu thụ thường xuyên. Hương vị tinh tế của nó dễ dàng thích ứng với các loại thảo mộc và gia vị, phù hợp hoàn toàn với chế độ ăn kiêng có lợi cho tim và chế độ ăn pescatarian.",88
8b926aad-e123-5e31-b6c4-173e8a962e09,,,"Mực Tentacles, Tươi sống (Squid Tentacles, Raw)",INGREDIENT,92.0,16.0,1.38,3.08,0.0,0.0,44.0,34d3024c-4bb7-46a0-8480-f45f99dd3d32,,,"Xúc tu của mực là phần phụ thon dài của mực, khác biệt với phần thân chính (lớp phủ) và có thể nhận biết được bằng các giác hút và hình dạng thuôn nhọn của chúng. Những phần hải sản sống này được đánh giá cao vì kết cấu mềm nhưng hơi dai và đặc biệt giàu protein nạc, vitamin B12 và selen. Các xúc tu mực sống phải được làm sạch kỹ lưỡng và thường được chế biến bằng các phương pháp nấu nhanh như nướng hoặc chiên nhanh để duy trì kết cấu tinh tế và tránh bị cứng.",88
4bd8ff68-c451-5a73-98ce-76ff25690391,,,"Stone cua, Nấu chín (Stone Crab, Cooked)",DISH,90.0,18.0,1.0,0.0,0.0,0.0,634.0,34d3024c-4bb7-46a0-8480-f45f99dd3d32,,,"Cua đá nấu chín là tên gọi càng cua đá, một loài giáp xác biển được đánh giá cao nhờ thịt ngọt, mọng nước. Càng cua thường được nấu chín ngay sau khi thu hoạch để giữ được độ tươi và hương vị. Thịt cua đá tương đối ít chất béo và carbohydrate trong khi cung cấp nguồn protein và khoáng chất thiết yếu. Đáng chú ý, cua đá được thu hoạch bền vững khi chỉ lấy móng và trả cua về nước để tái tạo các chi.",88
a08b083a-104e-5af9-a833-b54aa331c7b7,,,"Tôm hùm Claw, Tươi sống (Lobster Claw, Raw)",INGREDIENT,56.0,13.0,0.5,0.0,0.0,0.0,510.0,34d3024c-4bb7-46a0-8480-f45f99dd3d32,,,"Càng tôm hùm là thịt từ càng trước lớn của tôm hùm nước lạnh, được đánh giá cao vì vị ngọt, mặn và kết cấu chắc, mềm. Loại động vật có vỏ nạc này cung cấp protein chất lượng cao với lượng chất béo tối thiểu và giàu kẽm và selen tự nhiên, hỗ trợ chức năng miễn dịch. Càng sống thường được bán sống hoặc mới thu hoạch, cần đun sôi hoặc hấp để chế biến và là chất gây dị ứng phổ biến đối với những người nhạy cảm với động vật có vỏ.",88
59b58bce-ecef-5190-b8c3-2001dfbb6cd3,,,"Amerilon tôm hùm, Tươi sống (American Lobster, Raw)",INGREDIENT,77.0,16.5,0.75,0.0,0.0,0.0,423.0,34d3024c-4bb7-46a0-8480-f45f99dd3d32,,,"Tôm hùm Mỹ (Homarus Americanus) là loại hải sản cao cấp được biết đến với thịt ngọt, mềm và kết cấu chắc khi còn tươi. Loài giáp xác nước lạnh này đặc biệt giàu protein trong khi ít chất béo bão hòa và cung cấp một lượng đáng kể vitamin B12, kẽm và selen. Thịt tôm hùm sống có màu trong mờ với tông màu xanh xám, thường chuyển sang màu đỏ trắng đục khi nấu chín.",88
779dea9a-46ce-5cca-b543-c5eb1cf87868,,,Pureed cá hồi (Pureed Salmon),DISH,206.0,22.0,12.0,0.0,0.0,0.0,60.0,34d3024c-4bb7-46a0-8480-f45f99dd3d32,,,"Cá hồi xay nhuyễn là cá hồi nấu chín đã được chế biến thành hỗn hợp mịn, đồng nhất trong khi vẫn giữ được các lợi ích dinh dưỡng thiết yếu. Dạng dễ tiêu hóa này duy trì hàm lượng axit béo omega-3 cao và protein chất lượng của cá, khiến nó đặc biệt thích hợp với các nhu cầu ăn kiêng đặc biệt hoặc chế độ ăn kiêng thay đổi kết cấu. Chất nhuyễn có thể được kết hợp thành nhiều món ăn khác nhau hoặc dùng nguyên gốc, cung cấp nguồn dinh dưỡng biển đậm đặc ở dạng dễ quản lý hơn.",88
9e3f5116-132e-505c-9ca6-5dc946600623,,,"Blue cua, Tươi sống (Blue Crab, Raw)",INGREDIENT,87.0,18.1,1.08,0.04,0.0,0.04,293.0,34d3024c-4bb7-46a0-8480-f45f99dd3d32,,,"Cua xanh sống là loài giáp xác được tìm thấy chủ yếu ở phía tây Đại Tây Dương và Vịnh Mexico. Loài này được biết đến với móng vuốt màu xanh đặc biệt và hương vị ngọt ngào, tinh tế. Mặc dù thịt có thể ăn sống nhưng nó thường được hấp, luộc hoặc xào trước khi tiêu thụ để đảm bảo an toàn thực phẩm cũng như tăng hương vị và kết cấu.",88
19689fa5-a44d-50bf-96a9-00afcb3bfce1,,,"Soft-Shell cua, Nấu chín (Soft-Shell Crab, Cooked)",DISH,83.0,18.1,1.1,0.0,0.0,0.0,210.0,34d3024c-4bb7-46a0-8480-f45f99dd3d32,,,"Cua lột là loại cua được thu hoạch ngay sau khi lột xác bộ xương ngoài cứng của chúng, tạo ra một loại hải sản hoàn toàn có thể ăn được và có thể tiêu thụ nguyên con. Thường được tẩm bột và chiên để làm nổi bật kết cấu tinh tế của nó, món chế biến này có lớp ngoài giòn tương phản với thịt mặn, ngọt bên trong - phổ biến nhất là sử dụng cua xanh trong mùa lột xác vào mùa hè. Mặc dù cung cấp protein nạc và các khoáng chất thiết yếu như kẽm và selen, các món cua vỏ mềm nấu chín thường chứa hàm lượng chất béo cao hơn khi chiên và cần cân nhắc khả năng dị ứng với động vật có vỏ.",88
0cdbeaf4-1958-5bd8-8260-36fc00921d35,,,"King cua, Tươi sống (King Crab, Raw)",INGREDIENT,84.0,18.3,0.6,0.0,0.0,0.0,836.0,34d3024c-4bb7-46a0-8480-f45f99dd3d32,,,"Cua huỳnh đế là loại hải sản cao cấp có đặc điểm là chân to và thịt mềm, ngọt. Thịt sống có vẻ trong mờ với màu trắng hồng và cung cấp nguồn protein chất lượng cao tuyệt vời trong khi ít chất béo tự nhiên. Có nguồn gốc từ vùng nước lạnh phía bắc, đặc biệt là Alaska, loài động vật có vỏ được đánh giá cao này rất giàu kẽm, đồng và selen, khiến nó trở thành một lựa chọn hải sản sang trọng và bổ dưỡng.",88
296e6f5d-8868-5823-b695-eb2f40498004,,,"Soft Shell cua, Tươi sống (Soft Shell Crab, Raw)",INGREDIENT,83.0,18.1,1.1,1.0,0.0,0.0,250.0,34d3024c-4bb7-46a0-8480-f45f99dd3d32,,,"Cua vỏ mềm là loại cua gần đây đã lột lớp vỏ cứng bên ngoài và hoàn toàn có thể ăn được. Những con cua này thường được thu hoạch trong mùa lột xác, chủ yếu vào những tháng mùa xuân và mùa hè. Cua lột sống cần được làm sạch và chuẩn bị nhanh chóng để duy trì độ tươi và thường được chiên giòn hoặc xào để đạt được độ giòn, mang đến một món ngon hải sản độc đáo.",88
d1b2f2b6-bddd-5228-9927-439a665455f1,,,"Cua Claws, Nấu chín (Crab Claws, Cooked)",DISH,100.0,20.8,1.26,0.24,0.0,0.0,635.0,34d3024c-4bb7-46a0-8480-f45f99dd3d32,,,"Càng cua là phần thịt giáp xác nấu chín được thu hoạch từ các càng cua có càng cua, được đánh giá cao nhờ hương vị ngọt, mặn và kết cấu sợi mềm. Loại hải sản nạc này cung cấp protein chất lượng cao với lượng chất béo tối thiểu, cùng với axit béo omega-3 và các khoáng chất thiết yếu như kẽm và selen. Thường được nấu chín trước bằng cách hấp hoặc luộc, móng vuốt đã sẵn sàng để ăn và thường được dùng trong món salad hải sản, bánh quy hoặc phục vụ ướp lạnh như một món khai vị. Là sản phẩm động vật có vỏ nên chúng cần được xử lý cẩn thận để tránh lây nhiễm chéo và không phù hợp với những người bị dị ứng với động vật giáp xác.",88
d1c75e72-1aa7-50ca-9ca6-171634c45a2a,,,"Cod Puree, Nấu chín (Cod Puree, Cooked)",DISH,90.0,20.0,0.8,0.0,0.0,0.0,60.0,34d3024c-4bb7-46a0-8480-f45f99dd3d32,,,"Cá tuyết xay nhuyễn là một chế phẩm nấu chín được tạo ra bằng cách trộn các phi lê cá tuyết tươi hoặc đông lạnh thành một hỗn hợp kem mịn. Món xay nhuyễn có hương vị nhẹ này cung cấp nguồn protein chất lượng cao đậm đặc trong khi vẫn ít chất béo và calo, phù hợp với chế độ ăn kiêng low-carb và dinh dưỡng cho trẻ em. Quá trình nấu nướng sẽ bảo toàn các chất dinh dưỡng thiết yếu như vitamin B12 và phốt pho, đồng thời kết cấu dễ tiêu hóa của nó thích hợp với nước sốt, súp hoặc các bữa ăn giàu protein cho những người cần chế độ ăn mềm.",88
86aee0d4-e523-51c2-83ab-3f194862cb18,,,"Bluefin cá ngừ, Tươi sống (Bluefin Tuna, Raw)",INGREDIENT,144.0,23.3,4.9,0.0,0.0,0.0,39.0,34d3024c-4bb7-46a0-8480-f45f99dd3d32,,,"Cá ngừ vây xanh là một loài cá đại dương di cư lớn được đánh giá cao vì hương vị phong phú và hàm lượng chất béo vân cẩm thạch đặc biệt, giúp chế biến thô có kết cấu bơ và nồng độ axit béo omega-3 cao. Loại cá sushi này thường được phục vụ sống dưới dạng sashimi hoặc nigiri cao cấp, mặc dù hàm lượng thủy ngân cao đảm bảo mức tiêu thụ vừa phải. Đánh bắt quá mức đã khiến quần thể cá ngừ vây xanh hoang dã dễ bị tổn thương, với hầu hết sản phẩm đánh bắt thương mại đều có nguồn gốc từ Đại Tây Dương và Thái Bình Dương.",88
3871847b-ae2e-58b0-a3fd-e81b707fc797,,,"Bạch tuộc Tentacles, Tươi sống (Octopus Tentacles, Raw)",INGREDIENT,80.0,15.0,1.0,2.2,0.0,0.0,230.0,34d3024c-4bb7-46a0-8480-f45f99dd3d32,,,"Xúc tu bạch tuộc sống là phần phụ chưa nấu chín của bạch tuộc, một loại hải sản giàu protein được đánh giá cao trong ẩm thực Địa Trung Hải và châu Á. Những xúc tu cơ bắp này có kết cấu chắc chắn, dày đặc và có màu xám tím đặc trưng với các giác hút đặc biệt dọc theo chiều dài của chúng. Bạch tuộc tươi sống là nguồn cung cấp protein nạc, vitamin B12 và các khoáng chất như sắt và selen tuyệt vời, mặc dù cần phải nấu chín kỹ trước khi tiêu thụ để đảm bảo an toàn thực phẩm.",88
8dfe54f2-ec74-5db4-80c0-e2cb98af7d15,,,"Monkfish Tail, Tươi sống (Monkfish Tail, Raw)",INGREDIENT,76.0,14.5,1.52,0.0,0.0,0.0,18.0,34d3024c-4bb7-46a0-8480-f45f99dd3d32,,,"Đuôi cá tu hài là phần ăn được chính của loài cá nước sâu này, được biết đến với thịt trắng chắc, nhiều thịt thường được so sánh với tôm hùm về kết cấu và hương vị. Loại hải sản nạc này đặc biệt được đánh giá cao vì hàm lượng protein cao và ít chất béo, đồng thời cung cấp các khoáng chất thiết yếu như selen và phốt pho. Thịt đuôi sống thường được loại bỏ da và loại bỏ màng, có màu hồng nhạt đến trắng, phi lê dày đặc với hương vị hơi ngọt, nhẹ.",88
96c862dd-2c58-5ff1-9c6f-4a3ae5ffcdf3,,,"Green-Lipped vẹm, Nấu chín (Green-Lipped Mussels, Cooked)",DISH,107.0,17.0,2.8,3.5,0.0,0.0,469.0,34d3024c-4bb7-46a0-8480-f45f99dd3d32,,,"Vẹm môi xanh là loài động vật có vỏ lớn có nguồn gốc từ New Zealand, được phân biệt bằng lớp vỏ sẫm màu với viền màu xanh lá cây đặc trưng. Những loại trai hải sản cao cấp này đặc biệt có giá trị nhờ hàm lượng axit béo omega-3 và các hợp chất chống viêm cao, cao hơn đáng kể so với các loại trai thông thường. Khi nấu chín, chúng mang lại thịt căng mọng, mềm, có màu vàng cam và hương vị ngọt dịu, đồng thời cung cấp nguồn protein và khoáng chất biển tuyệt vời.",75
6fd45a0b-7df7-5bb1-8501-36f3e176b117,,,"Pacific hàus, Tươi sống (Pacific Oysters, Raw)",INGREDIENT,81.0,9.45,2.3,4.95,0.0,4.95,106.0,34d3024c-4bb7-46a0-8480-f45f99dd3d32,,,"Hàu Thái Bình Dương là loài nhuyễn thể hai mảnh vỏ nước mặn có nguồn gốc từ bờ biển Thái Bình Dương của Châu Á, hiện được nuôi rộng rãi thông qua nuôi trồng thủy sản để có thịt đầy đặn, mềm và hương vị mặn ngọt. Thường được phục vụ sống trên nửa vỏ, chúng cung cấp hàm lượng kẽm và axit béo omega-3 đặc biệt trong một gói ít calo, giàu protein. Vị mịn, hơi kim loại và lớp vỏ thon dài, có rãnh giúp phân biệt chúng với các giống hàu Đại Tây Dương, mặc dù việc xử lý dây chuyền lạnh thích hợp là rất quan trọng để tiêu thụ nguyên liệu an toàn.",88
441229e6-d980-5b68-bcda-7a56c0494359,,,"Triggerfish, Tươi sống (Triggerfish, Raw)",INGREDIENT,93.0,21.0,1.0,0.0,0.0,0.0,60.0,34d3024c-4bb7-46a0-8480-f45f99dd3d32,,,"Cá cò sống là một loài cá nước mặn được biết đến với vẻ ngoài đặc biệt và thịt trắng, săn chắc. Được tìm thấy ở vùng biển nhiệt đới và cận nhiệt đới, cá bò có hương vị nhẹ, hơi ngọt, rất phù hợp để chế biến các món sống khác nhau như sushi và sashimi. Nó cung cấp một nguồn protein nạc tốt và các chất dinh dưỡng thiết yếu, nhưng việc xử lý và tìm nguồn cung ứng thích hợp là rất quan trọng để đảm bảo an toàn khi tiêu thụ nguyên liệu thô.",88
036cd4a8-4fb6-545f-a91a-3d61a27d0f1f,,,Bluefin cá ngừ (Bluefin Tuna),INGREDIENT,144.0,23.33,4.9,0.0,0.0,0.0,39.0,34d3024c-4bb7-46a0-8480-f45f99dd3d32,,,"Cá ngừ vây xanh là loài cá nước mặn cao cấp được đánh giá cao vì thịt có vân mỡ đặc biệt béo, trở nên mượt và béo khi ăn sống. Loài cá nước lạnh này chứa hàm lượng axit béo omega-3 cao nhưng cũng tích tụ nhiều thủy ngân hơn các loài cá nhỏ hơn do nằm ở vị trí đứng đầu chuỗi thức ăn biển. Những miếng thăn đỏ đậm được coi là nguyên liệu xa xỉ trong các chế phẩm sống như sushi và sashimi, nơi hương vị đậm đà và kết cấu mượt mà của chúng được thể hiện rõ nhất.",88
e7152160-44f8-54e8-9c80-cf91c1435da6,,,"Tôm hùm Meat, Tươi sống (Lobster Meat, Raw)",INGREDIENT,93.93,19.6,1.3,0.7,0.0,0.0,538.0,34d3024c-4bb7-46a0-8480-f45f99dd3d32,,,"Thịt tôm hùm là loại động vật có vỏ cao cấp được thu hoạch từ vùng nước biển lạnh, được đánh giá cao nhờ hương vị ngọt, mặn và kết cấu chắc nhưng mềm khi nấu chín. Nguồn protein nạc này chứa ít chất béo đồng thời cung cấp các khoáng chất thiết yếu bao gồm kẽm, selen và vitamin B12. Mặc dù có lượng calo thấp tự nhiên nhưng nó lại mang hàm lượng cholesterol cao hơn hầu hết các loại cá. Thịt sống đòi hỏi các phương pháp nấu thích hợp như hấp hoặc luộc để đạt được độ mọng nước đặc trưng trong các món ăn từ bánh quy đến đuôi nướng.",88
a79189a6-c455-5d05-8b1a-49cfab848653,,,"Hogfish, Tươi sống (Hogfish, Raw)",INGREDIENT,98.0,20.0,2.0,0.0,0.0,0.0,60.0,34d3024c-4bb7-46a0-8480-f45f99dd3d32,,,"Cá heo sống là một loại cá nước mặn được đánh giá cao vì hương vị nhẹ, hơi ngọt và kết cấu chắc, mịn. Loại cá nạc này là nguồn cung cấp protein và các chất dinh dưỡng thiết yếu, bao gồm vitamin D và kali. Cá heo thường được chế biến bằng cách nướng, nướng hoặc xào, nhưng cũng có thể được thưởng thức sống dưới dạng sushi và ceviche, miễn là nó có nguồn gốc từ các nhà cung cấp có uy tín và được xử lý đúng cách để giảm thiểu nguy cơ ký sinh trùng.",88
252bee48-1578-5a2f-9a76-7fee8394303f,,,Salad caesar với tôm (Caesar Salad with Shrimp),DISH,173.68,6.58,13.42,7.11,1.05,0.79,263.16,34d3024c-4bb7-46a0-8480-f45f99dd3d32,,,"Salad Caesar với Tôm là phiên bản tăng cường protein của món salad Caesar cổ điển, bao gồm tôm nướng trên cùng rau diếp romaine với nước sốt Caesar truyền thống, phô mai Parmesan và bánh mì nướng. Chế độ ăn kiểu nhà hàng này thường cung cấp 25-30g protein cho mỗi khẩu phần ăn đầy đủ, mặc dù hàm lượng dinh dưỡng thay đổi đáng kể tùy theo khẩu phần và lượng nước sốt. Sự kết hợp giữa protein nạc tôm với nước sốt dạng kem có tỏi tạo ra món salad khai vị vừa miệng, có thể tùy chỉnh tại các quầy salad để phù hợp với các mục tiêu ăn kiêng khác nhau.",88
9eb11758-d1f5-548b-8ef9-2e9bdcdd7470,,,Cua và Callaloo (Crab and Callaloo),INGREDIENT,130.0,10.0,6.0,9.33,3.33,2.33,200.0,34d3024c-4bb7-46a0-8480-f45f99dd3d32,,,"Cua và Callaloo là một món ăn Caribe sang trọng kết hợp cua tươi với callaloo, một món hầm kem làm từ lá cây hoặc rau dền nấu trong nước cốt dừa. Cách chế biến truyền thống này có kết cấu mượt, đậm đà đạt được bằng cách nấu chậm rau xanh với chất thơm và hải sản cho đến khi mềm. Món ăn này mang lại thành phần dinh dưỡng ấn tượng, giàu protein từ cua, giàu chất sắt từ rau xanh và cung cấp hàm lượng chất xơ đáng kể.",88
9736852d-06b7-50a1-8a24-e24e769c95ec,,,Cod Fish và Chips (Cod Fish and Chips),INGREDIENT,224.44,8.22,14.89,14.67,1.33,0.89,448.89,34d3024c-4bb7-46a0-8480-f45f99dd3d32,,,"Cá tuyết và khoai tây chiên là một món ăn cổ điển của Anh bao gồm phi lê cá tuyết tẩm bột và chiên giòn ăn kèm với khoai tây chiên cắt miếng dày (khoai tây chiên). Một suất ăn điển hình của nhà hàng cung cấp lượng calo và protein đáng kể, cùng với quá trình chiên và bột chiên giòn góp phần tạo nên hàm lượng chất béo cao đặc trưng. Bữa ăn thịnh soạn này theo truyền thống được phục vụ với giấm mạch nha, sốt tartar hoặc đậu nhão và là một trong những chế phẩm có nhiều calo nhất từ ​​cá tuyết, thường vượt quá 800 calo mỗi khẩu phần.",88
6770635a-8a92-55cd-a4f7-2455cf1f3ac9,,,Herb-Crusted cá hồi (Herb-Crusted Salmon),INGREDIENT,177.78,8.89,12.89,3.11,0.44,0.89,222.22,34d3024c-4bb7-46a0-8480-f45f99dd3d32,,,"Cá hồi phủ thảo mộc là một món cá kiểu nhà hàng gồm phi lê cá hồi phủ vụn bánh mì dày dạn và rau thơm, thường dùng kèm với sốt bơ chanh. Phương pháp chế biến này, đồng thời bổ sung thêm hương vị và kết cấu, làm tăng hàm lượng calo so với cá hồi thông thường, với một phần ăn thông thường tại nhà hàng (6-8 oz) chứa 350-450 calo. Món ăn này vẫn giữ được các axit béo omega-3 có lợi của cá hồi đồng thời kết hợp thêm chất béo từ lớp vỏ và nước sốt, khiến món ăn trở thành một phiên bản hấp dẫn hơn của loại cá bổ dưỡng này.",75
800d1d79-2535-5fc2-b853-d0eb8c864010,,,Cá ngừ Tataki (Tuna Tataki),INGREDIENT,132.35,25.88,1.76,2.35,0.29,0.59,823.53,34d3024c-4bb7-46a0-8480-f45f99dd3d32,,,"Cá ngừ Tataki là một món ngon của Nhật Bản bao gồm cá ngừ loại sashimi cao cấp được nướng sơ bên ngoài trong khi vẫn giữ nguyên phần bên trong. Cá ngừ thường được ướp trong nước tương và thái lát mỏng với sốt ponzu, gừng ngâm và wasabi. Món ăn giàu protein này cung cấp nguồn protein nạc với lượng chất béo tối thiểu, mặc dù nước xốt và nước sốt có thể đóng góp đáng kể lượng natri.",88
850640fc-418e-5390-8fc4-d1b03e999ee1,,,Sole Fish và Chips (Sole Fish and Chips),INGREDIENT,222.22,12.89,11.56,23.11,2.22,0.89,388.67,34d3024c-4bb7-46a0-8480-f45f99dd3d32,,,"Sole Fish and Chips là một món ăn kiểu Scotland gồm có đế tẩm bột và chiên giòn ăn kèm với khoai tây chiên cắt đôi, dày. Bữa ăn thịnh soạn này thường bao gồm một phần lớn cá tẩm bột chiên giòn và khoai tây chiên vàng, theo truyền thống được phục vụ với giấm mạch nha và muối. Là một món ăn có hàm lượng calo đáng chú ý do phương pháp chế biến, nó cung cấp lượng protein đáng kể từ cá trong khi quá trình chiên ngập dầu góp phần tạo nên hương vị phong phú đặc trưng của món ăn và khoảng 1.000 calo mỗi khẩu phần.",88
de0e8b46-edc0-5a46-a11c-e0919dca47ae,,,Chiên Flounder (Fried Flounder),DISH,195.0,10.5,15.5,3.5,0.5,0.5,241.5,34d3024c-4bb7-46a0-8480-f45f99dd3d32,,,"Cá bơn chiên là món hải sản cổ điển của New England gồm phi lê cá trắng tươi, mềm phủ bột mì dày dặn và chiên giòn cho đến khi có màu vàng nâu. Phương pháp chế biến này tạo ra lớp vỏ ngoài giòn trong khi vẫn giữ được kết cấu mềm, xốp của cá, thường được phục vụ theo khẩu phần hào phóng cùng các món ăn kèm truyền thống như sốt tartar và chanh. Dù qua quá trình chiên rán nhưng món ăn vẫn là nguồn cung cấp protein và axit béo omega-3 dồi dào, đồng thời cung cấp lượng vitamin B12 đáng kể.",75
6e866ff6-b6ea-56bc-b582-a6f9145162d1,,,Red cà ri với tôm (Red Curry with Shrimp),DISH,114.29,11.43,2.86,5.71,0.86,1.43,200.0,34d3024c-4bb7-46a0-8480-f45f99dd3d32,,,"Cà ri đỏ kiểu Thái với tôm là món cà ri làm từ nước cốt dừa có tôm mọng nước trong nước sốt thơm làm từ tương ớt đỏ, sả và gia vị truyền thống của Thái Lan. Món ăn giàu protein này thường chứa 330-460 calo cho mỗi suất ăn tại nhà hàng và thường được ăn kèm với các loại rau như ớt chuông và măng. Chứa động vật có vỏ và có thể bao gồm nước mắm, không phù hợp với những người bị dị ứng hải sản.",88
f0ab4b30-cff1-5b1d-ae13-098cbed0f3bf,,,Shellfish Platter (Shellfish Platter),INGREDIENT,124.0,14.0,4.0,1.2,0.0,0.4,240.0,34d3024c-4bb7-46a0-8480-f45f99dd3d32,,,"Đĩa động vật có vỏ là một loại hải sản cao cấp thường bao gồm nhiều loại động vật có vỏ tươi sống như tôm, trai, nghêu và chân cua. Món ăn cao cấp này thường được phục vụ cùng với các món ăn kèm truyền thống như nước sốt cocktail và bơ kéo, trong khi các phương pháp chế biến có thể bao gồm hấp, nướng hoặc chiên nhẹ. Đĩa này cung cấp hàm lượng protein tuyệt vời và axit béo omega-3 có lợi, mặc dù giá trị dinh dưỡng thay đổi đáng kể tùy theo khẩu phần và phương pháp chế biến.",88
a329af7c-0409-56aa-913b-6aa2a6beb2e5,,,Catfish Basket (Catfish Basket),INGREDIENT,264.32,13.22,14.76,19.82,1.1,1.76,264.32,34d3024c-4bb7-46a0-8480-f45f99dd3d32,,,"A Catfish Basket là bữa ăn tại nhà hàng Cajun/Creole với phi lê cá da trơn tẩm bột ngô được chiên giòn cho đến khi vàng và giòn. Món ăn này thường bao gồm 2-4 phi lê cá tẩm gia vị ăn kèm với khoai tây chiên tẩm gia vị Cajun và bánh hushpuppie truyền thống, với toàn bộ bữa ăn cung cấp khoảng 600-830 calo. Cách chế biến đặc trưng có sự pha trộn đặc biệt của các loại gia vị Cajun, tạo nên vị cay, đậm đà đặc trưng của ẩm thực miền Nam.",88
af62c144-0181-5b94-918d-5c94ba5dcf97,,,Tươi Spring Rolls với tôm (Fresh Spring Rolls with Shrimp),INGREDIENT,133.33,4.44,4.44,20.0,1.11,4.44,222.22,34d3024c-4bb7-46a0-8480-f45f99dd3d32,,,"Chả giò tươi tôm là món khai vị nhẹ nhàng, chưa nấu chín với lớp bánh tráng trong mờ chứa đầy tôm mềm, rau giòn và rau thơm tươi. Những món cuộn này, khác với các món chiên, thường chứa rau diếp, dưa chuột, cà rốt và các loại thảo mộc thơm như bạc hà và húng quế, tất cả đều có thể nhìn thấy qua lớp giấy gói mỏng manh. Theo truyền thống được phục vụ với nước chấm đậu phộng hoặc tương đen, chúng mang đến một lựa chọn giàu chất dinh dưỡng, ít calo, giàu protein nạc và rau tươi.",88
d1b81ead-a9f8-5c0c-9e47-b94896d7d4be,,,Tôm Cơm Noodle Roll (Shrimp Rice Noodle Roll),DISH,117.65,4.41,1.47,20.59,0.74,1.47,338.24,34d3024c-4bb7-46a0-8480-f45f99dd3d32,,,"Bún tôm cuộn là một món dim sum cổ điển bao gồm những sợi bún mỏng, mượt quấn quanh con tôm nguyên con để tạo thành những cuộn bánh trong suốt. Những chiếc bánh cuộn tinh tế này thường được phục vụ tươi và nóng, rưới nước tương ngọt, mang đến sự tương phản dễ chịu giữa lớp vỏ ngoài mềm mại của sợi bún và phần nhân tôm mọng nước. Là một lựa chọn dim sum tương đối nhẹ, mỗi cuộn cung cấp sự kết hợp cân bằng giữa carbohydrate từ vỏ bánh phở và protein từ nhân tôm.",88
09b8e8ab-6034-53ff-baa3-dc9eaf1cd7dc,,,Cá hồi Sashimi (Salmon Sashimi),INGREDIENT,178.0,22.0,10.0,0.0,0.0,0.0,50.0,34d3024c-4bb7-46a0-8480-f45f99dd3d32,,,"Sashimi cá hồi là cá hồi sống cao cấp được cắt thành từng miếng mỏng, tinh xảo và được phục vụ chưa nấu chín theo truyền thống ẩm thực Nhật Bản. Chế phẩm giàu protein này bảo tồn axit béo omega-3 tự nhiên của cá và mang lại hương vị bơ sạch với kết cấu mượt. Thường được phục vụ tại các nhà hàng sushi với mù tạt và nước tương, món này mang đến một lựa chọn đậm đặc chất dinh dưỡng, hầu như không chứa carbohydrate trong khi vẫn cung cấp protein chất lượng cao.",88
9c9de6a1-dd8f-5565-9479-dfcf9de8075b,,,Cá hồi và Leek Galette (Salmon and Leek Galette),INGREDIENT,200.0,10.0,12.0,14.4,1.6,0.8,240.0,34d3024c-4bb7-46a0-8480-f45f99dd3d32,,,"Salmon and Leek Galette là một loại bánh crepe kiều mạch thơm ngon của Pháp với nhân cá hồi hun khói, tỏi tây mềm và phô mai tan chảy. Món ăn nhà hàng này có phần đế kiều mạch sẫm màu, có hương vị hấp dẫn đặc biệt thường được gấp xung quanh phần nhân đậm đà của nó để tạo nên một bữa ăn thịnh soạn. Sự kết hợp giữa cá hồi hun khói chất lượng cao và tỏi tây caramen mang đến một món ăn cân bằng giàu protein, vừa thanh lịch vừa thỏa mãn.",88
93ace6b4-08b0-5541-a1a9-d85faa9904d8,,,Fish và Chips (Fish and Chips),INGREDIENT,273.31,6.99,18.01,20.55,0.85,0.64,508.47,34d3024c-4bb7-46a0-8480-f45f99dd3d32,,,"Cá và khoai tây chiên là một món ăn cổ điển bao gồm cá trắng tẩm bột và chiên giòn ăn kèm với khoai tây chiên giòn. Cách chế biến của nhà hàng thường sử dụng cá tuyết hoặc cá tuyết chấm đen phủ bột mì dày dặn, sau đó chiên ngập dầu cho đến khi vàng, tạo ra lượng calo đáng kể khoảng 660 calo cho một phần ăn vừa phải. Bữa ăn thịnh soạn này theo truyền thống được phục vụ với sốt tartar và thường đi kèm với xà lách trộn hoặc bánh cuốn, với khẩu phần ăn ảnh hưởng đáng kể đến giá trị dinh dưỡng của nó.",88
e892ac51-3df0-510e-ab1c-8377288dc8f8,,,Tôm Tempura (Shrimp Tempura),INGREDIENT,233.33,10.67,13.33,18.0,0.67,1.33,400.0,34d3024c-4bb7-46a0-8480-f45f99dd3d32,,,"Tôm tempura là một món ăn Nhật Bản bao gồm tôm lớn được phủ một lớp bột nhẹ, giòn và chiên giòn đến độ vàng hoàn hảo. Món ăn chế biến tại nhà hàng này thường phục vụ 4-5 miếng mỗi đơn hàng và đặc biệt chứa nhiều calo do quá trình chiên ngập dầu, trong đó chất béo đóng góp phần lớn vào hàm lượng calo của nó. Mặc dù cung cấp lượng protein vừa phải từ tôm, món ăn này có đặc điểm là bên ngoài thoáng mát, giòn và bên trong mềm, mặc dù nó có xu hướng chứa nhiều natri do bột đã được tẩm gia vị.",88
84424a36-39be-5fd6-a134-457fe2c8959b,,,Jollof Cơm với Fish (Jollof Rice with Fish),INGREDIENT,142.86,7.14,3.43,22.86,1.14,2.29,385.71,34d3024c-4bb7-46a0-8480-f45f99dd3d32,,,"Cơm cá Jollof là món ăn đặc trưng của Tây Phi bao gồm gạo hạt dài được nấu trong nước sốt cà chua đậm đà, nhiều gia vị cho đến khi cơm có màu đỏ cam đặc trưng. Cách chế biến nhà hàng này kết hợp gạo thơm với cá mềm, thường là cá rô phi hoặc cá thu, tạo nên một bữa ăn hoàn chỉnh cân bằng hương vị phức tạp từ các loại gia vị truyền thống như húng tây, cà ri và lá nguyệt quế. Món ăn này cung cấp sự kết hợp hài lòng giữa carbohydrate và protein, trong đó cà chua đóng góp thêm chất dinh dưỡng và cá bổ sung protein lành mạnh.",88
40fa0367-ea16-55c8-a626-ea556d51d860,,,Curried tôm (Curried Shrimp),INGREDIENT,95.24,7.14,4.76,5.95,1.19,1.9,142.86,34d3024c-4bb7-46a0-8480-f45f99dd3d32,,,"Tôm cà ri là một món ăn của nhà hàng Caribe có tôm mọng nước trong nước sốt cà ri thơm, đậm đà được làm từ nước cốt dừa và các loại gia vị đảo đặc biệt bao gồm húng tây và ớt Scotch. Món ăn giàu protein này kết hợp ảnh hưởng của cà ri Ấn Độ với hương vị Caribe, thường được phục vụ cùng cơm hoặc bánh mì roti. Việc chuẩn bị tại nhà hàng cung cấp một phần đáng kể với khoảng 400-500 calo, bao gồm protein nạc từ tôm được cân bằng với chất béo lành mạnh từ nước sốt làm từ nước cốt dừa.",88
c92c42ad-949d-5ef5-b0c0-c55e91713ee5,,,Kung Pao tôm (Kung Pao Shrimp),INGREDIENT,262.0,8.67,8.67,38.44,3.33,2.67,422.22,34d3024c-4bb7-46a0-8480-f45f99dd3d32,,,"Tôm Kung Pao là một món ăn cay của nhà hàng Trung Quốc lấy cảm hứng từ Tứ Xuyên gồm tôm xào, đậu phộng và rau trong nước sốt cay mặn. Món khai vị giàu protein này thường kết hợp tôm mềm với ớt chuông, hành tây và ớt khô, kết thúc bằng nước sốt bóng làm từ nước tương và giấm. Các phần ăn tại nhà hàng thường vượt quá 1.000 calo khi ăn kèm với cơm và chứa lượng natri đáng kể, mặc dù món ăn này cung cấp đáng kể lượng protein và chất béo lành mạnh từ tôm và đậu phộng.",88
09c278f8-c3e0-5235-95f5-caa647126e69,,,Hàu Po' Boy (Oyster Po' Boy),DISH,203.33,3.67,12.67,18.67,2.0,1.67,313.33,34d3024c-4bb7-46a0-8480-f45f99dd3d32,,,"Oyster Po' Boy là món bánh sandwich cổ điển của New Orleans có hàu chiên giòn ăn kèm với bánh mì Pháp với nước sốt remoulade, rau diếp và cà chua. Món bánh sandwich thịnh soạn này kết hợp hàu tẩm bột ngô được chiên giòn cho đến khi có màu vàng nâu với nước sốt kem thơm và rau tươi. Là món ăn của nhà hàng, nó thường chứa nhiều calo và natri, chứa động vật có vỏ và gluten, đồng thời cung cấp một lượng protein vừa phải.",88
c009f083-363d-549c-835d-c50e099f8b5c,,,Bắp rang bơ tôm (Popcorn Shrimp),INGREDIENT,223.53,8.24,11.76,23.53,2.35,1.18,588.24,34d3024c-4bb7-46a0-8480-f45f99dd3d32,,,"Tôm bỏng ngô là món khai vị hải sản phổ biến bao gồm những miếng tôm vừa ăn được tẩm bột mì dày dặn và chiên giòn cho đến khi có màu vàng nâu. Những miếng bánh nhỏ, giòn này thường được phục vụ với nước sốt cocktail hoặc sốt tartar trong các nhà hàng, mang đến một lựa chọn giàu protein mặc dù bên ngoài có tẩm bột. Phương pháp chế biến này tạo ra lớp phủ giòn bao quanh tôm mềm, mặc dù quá trình chiên ngập dầu góp phần tạo ra hàm lượng chất béo đáng kể cho nguồn protein nạc này.",88
c0475bc3-8c2c-5893-976e-0f5819a9e690,,,Cua Rangoon (Crab Rangoon),INGREDIENT,300.0,10.0,23.33,31.11,0.56,3.33,444.44,34d3024c-4bb7-46a0-8480-f45f99dd3d32,,,"Cua Rangoon là món khai vị kết hợp phổ biến của châu Á bao gồm hoành thánh chiên giòn chứa đầy hỗn hợp kem phô mai kem, thịt cua (thường là giả) và gia vị. Những gói chiên giòn này thường được phục vụ nóng như một món khai vị, với 3-6 miếng tạo thành một suất ăn nhà hàng. Mặc dù cung cấp một số protein, nhưng chúng đặc biệt giàu chất béo và calo, với mỗi khẩu phần chứa khoảng 240-300 calo và một lượng đáng kể chất béo bão hòa.",88
2d25ed35-014b-5cd3-b12a-e9b5641166dd,,,Tiêu tôm (Pepper Shrimp),INGREDIENT,264.32,14.76,1.98,42.95,0.22,11.01,440.53,34d3024c-4bb7-46a0-8480-f45f99dd3d32,,,"Tôm tiêu là một món ăn đậm đà vùng Caribe gồm tôm nấu trong nước sốt cay, thơm với tiêu đen, tỏi và gia vị vùng Caribe. Cách chuẩn bị nhà hàng này thường bao gồm nhiều phần tôm trong nước sốt đậm đà, thường làm từ bơ, góp phần đáng kể vào hàm lượng calo của nó. Món ăn này đặc trưng bởi hương vị đậm đà của hạt tiêu và tôm mềm, mặc dù các phiên bản nhà hàng thường có nhiều nước sốt và nhiều calo hơn so với các món nấu tại nhà.",75
f3873b61-11a6-5648-a2e4-86b9fca639a1,,,Quinoa Salad với nướng vỉ tôm (Quinoa Salad with Grilled Shrimp),DISH,125.0,8.0,3.5,15.0,4.25,1.75,137.5,34d3024c-4bb7-46a0-8480-f45f99dd3d32,,,"Món ăn kết hợp California này kết hợp hạt quinoa giàu protein với tôm nướng mọng nước trong món salad khai vị sôi động. Các loại rau tươi, thảo mộc và nước sốt làm từ cam quýt tạo nên một bữa ăn nhẹ nhàng nhưng hài lòng, phản ánh ảnh hưởng của ẩm thực Bờ Tây. Sự kết hợp cân bằng giữa ngũ cốc nguyên hạt và protein nạc cung cấp khoảng 30g protein mỗi khẩu phần, trong khi các loại rau và thảo mộc nhiều màu sắc cung cấp các chất dinh dưỡng và chất xơ thiết yếu.",88
557ff3b5-962f-5263-98e9-60b95fa744eb,,,Smoked cá hồi và bơ Salad (Smoked Salmon and Avocado Salad),DISH,141.33,8.33,9.33,6.0,2.67,2.0,116.67,34d3024c-4bb7-46a0-8480-f45f99dd3d32,,,"Món salad lấy cảm hứng từ Bắc Âu này là sự kết hợp trang nhã của cá hồi hun khói lạnh cao cấp kết hợp với kem bơ và rau xanh tươi theo mùa. Món ăn có các yếu tố truyền thống của Bắc Âu như thì là tươi, nụ bạch hoa và nước sốt cam quýt nhẹ, tạo nên sự cân bằng hài hòa giữa hương vị khói, kem và tươi sáng. Giàu axit béo omega-3 có lợi cho tim và chất béo lành mạnh, món salad giàu protein này thể hiện sự đơn giản tinh tế, sạch sẽ đặc trưng của ẩm thực Bắc Âu.",88
38ae4337-ab2f-5fdb-a798-dad259e73b88,,,Ahi cá ngừ bít tết (Ahi Tuna Steak),INGREDIENT,107.96,23.89,0.72,0.0,0.0,0.0,39.82,34d3024c-4bb7-46a0-8480-f45f99dd3d32,,,"Bít tết cá ngừ Ahi là miếng cá ngừ vây vàng cao cấp thường được phục vụ ở dạng nướng tái trong các nhà hàng bít tết, với lớp ngoài giòn và phần giữa màu đỏ đậm. Cách chế biến tại nhà hàng này thường có cá được tẩm gia vị và ướp trong bơ hoặc dầu, giúp tăng hương vị đậm đà tự nhiên của món ăn đồng thời bổ sung thêm calo vào thành phần protein nạc của món ăn. Mặc dù có lượng calo thấp tự nhiên và hàm lượng protein cao, nhưng phiên bản bít tết cung cấp axit béo omega-3 có lợi cùng với chất béo bổ sung từ quá trình nấu nướng.",75
0986b95a-e3a9-56af-afe8-93ac96ca02d2,,,Goan Fish cà ri (Goan Fish Curry),DISH,108.0,6.29,4.0,11.14,0.57,2.29,228.57,34d3024c-4bb7-46a0-8480-f45f99dd3d32,,,"Cà ri cá Goan là một món ăn ven biển truyền thống của Ấn Độ gồm có cá trắng ninh trong nước sốt nước cốt dừa đậm đà, nhiều gia vị. Món cà ri thơm này kết hợp nghệ, hạt mù tạt và lá cà ri với me thơm, tạo nên màu đỏ cam đặc trưng và hương vị phức tạp. Cách chế biến tại nhà hàng thường cung cấp nguồn protein tốt từ cá trong khi nước cốt dừa đóng góp chất béo lành mạnh, tạo ra món cà ri đậm đà vừa phải nhưng bổ dưỡng.",88
0abae2c6-4cce-5dd1-af03-2af7305a6e03,,,Connecticut Style tôm hùm Roll (Connecticut Style Lobster Roll),INGREDIENT,280.0,16.0,14.0,18.0,0.8,2.0,440.0,34d3024c-4bb7-46a0-8480-f45f99dd3d32,,,"Món Tôm hùm cuộn kiểu Connecticut là một loại bánh sandwich hải sản ấm áp với những miếng thịt tôm hùm mềm được nướng trong bơ tan chảy và được phục vụ trên một chiếc bánh cuộn nướng hai mặt. Không giống như đối tác kiểu Maine sử dụng sốt mayonnaise lạnh, chế phẩm này tôn vinh hương vị thuần khiết của tôm hùm ấm áp được tăng cường bởi bơ tan chảy đậm đà. Cách chế biến truyền thống bao gồm một phần dồi dào thịt càng, đốt ngón tay và đuôi, thường được trang trí đơn giản với các loại thảo mộc tươi và ăn kèm với một lát chanh.",88
69b27e5f-4ef3-55fc-a53a-6b67e97c4358,,,Soft Shell cua Po' Boy (Soft Shell Crab Po' Boy),INGREDIENT,226.95,9.93,12.77,16.67,1.42,1.77,304.96,34d3024c-4bb7-46a0-8480-f45f99dd3d32,,,"A Soft Shell Crab Po' Boy là món bánh sandwich cổ điển của Louisiana có cua vỏ mềm chiên giòn nguyên con được phục vụ trên bánh mì truyền thống của Pháp. Cua được tẩm bột mì và chiên cho đến khi giòn, sau đó trộn với xà lách tươi, cà chua, dưa chua và sốt tartar. Món bánh sandwich béo ngậy này kết hợp độ giòn tinh tế của lớp vỏ cua chiên với phần thịt mềm bên trong, tất cả được bổ sung bởi lớp vỏ bánh mì giòn và rau củ giòn, mát lạnh.",88
4d82ad15-8921-5e8d-a36d-93910cd07a13,,,Hàus on the Half Shell (Oysters on the Half Shell),DISH,79.0,9.0,3.0,4.0,0.0,3.0,80.0,34d3024c-4bb7-46a0-8480-f45f99dd3d32,,,"Hàu bỏ nửa vỏ là hàu tươi sống được phục vụ ở lớp vỏ dưới cùng, một cách chế biến cổ điển ở các cơ sở hải sản ở New England. Những món ngon mặn này đặc biệt giàu kẽm, vitamin B12 và đồng, trong khi vẫn ít calo và giàu protein. Theo truyền thống được phục vụ ướp lạnh với chanh, sốt cocktail hoặc sốt mignonette, chúng vừa đại diện cho nguồn dinh dưỡng dồi dào vừa là trải nghiệm ẩm thực ven biển đích thực.",88
91dec8aa-7196-50c8-87b7-208b7276806e,,,Ahi cá ngừ Poke bát (Ahi Tuna Poke Bowl),INGREDIENT,140.0,8.0,5.0,16.0,1.2,1.6,180.0,34d3024c-4bb7-46a0-8480-f45f99dd3d32,,,"Ahi Tuna Poke Bowl là một món ăn lấy cảm hứng từ Hawaii bao gồm các khối cá ngừ sống loại sushi sống ướp trong nước tương và dầu mè, thường dùng kèm với cơm hoặc rau xanh. Chiếc bát có thể tùy chỉnh này kết hợp cá ngừ ướp với nhiều loại phủ tươi khác nhau như rong biển, bơ và dưa chuột, kết thúc bằng nhiều loại nước sốt. Món ăn giàu protein này mang lại giá trị dinh dưỡng đáng kể, trong đó cá ngừ cung cấp protein chất lượng cao và axit béo omega-3, đồng thời cho phép thực khách kiểm soát khẩu phần và thành phần thông qua việc lựa chọn topping.",88
6913dc5c-5797-5e1a-9b7d-27a8eca66fc3,,,Szechuan Fish (Szechuan Fish),INGREDIENT,213.33,9.33,10.0,21.33,1.67,5.33,286.67,34d3024c-4bb7-46a0-8480-f45f99dd3d32,,,"Cá Tứ Xuyên là một món ăn nhà hàng Trung Quốc gồm phi lê cá trắng được phục vụ trong nước sốt cay đậm đà đặc trưng của ẩm thực Tứ Xuyên. Món ăn kết hợp cá mềm với nước sốt phức hợp làm từ ớt, tỏi và hạt tiêu Tứ Xuyên, tạo nên hương vị cay tê đặc trưng. Mặc dù cung cấp nguồn protein tốt từ cá, nhưng các món chế biến tại nhà hàng thường bao gồm một lượng lớn dầu và nước sốt, dẫn đến hàm lượng calo và natri cao hơn so với các món tự làm.",88
5407dd7f-71ae-523f-b9b4-db428dcbfc8a,,,Teppanyaki tôm (Teppanyaki Shrimp),INGREDIENT,115.0,7.0,5.0,10.5,1.25,2.0,200.0,34d3024c-4bb7-46a0-8480-f45f99dd3d32,,,"Tôm Teppanyaki là món hải sản nướng kiểu Nhật được chế biến trên vỉ sắt phẳng trước mặt thực khách nhà hàng. Tôm thường được tẩm gia vị và nướng với các loại rau như hành, bí xanh và nấm, sau đó kết thúc với nước sốt làm từ đậu nành và đôi khi là bơ để tăng thêm hương vị. Mặc dù có hàm lượng protein cao tự nhiên nhưng hàm lượng dinh dưỡng thay đổi đáng kể dựa trên khẩu phần ăn và nước sốt đi kèm, với các món chế biến tại nhà hàng thường có hàm lượng natri cao hơn do gia vị và nước sốt.",88
36d843d1-7d41-5c4c-9d9a-67d3999c38bc,,,Chili cua (Chili Crab),INGREDIENT,200.0,7.0,12.5,15.0,1.0,5.0,450.0,34d3024c-4bb7-46a0-8480-f45f99dd3d32,,,"Cua Ớt là một món ăn mang tính biểu tượng của Singapore với nguyên con cua được nấu trong nước sốt đặc, cà chua cay ngọt và trứng. Món hải sản đậm đà này theo truyền thống được phục vụ với vỏ và kèm theo mantou hấp (bánh bao Trung Quốc) để chấm nước sốt đặc trưng. Kích thước khẩu phần đáng kể và cách chế biến nhiều nước sốt khiến món ăn này trở thành một món ăn giàu calo thường được dùng để chia sẻ, với mỗi khẩu phần cung cấp lượng protein đáng kể từ thịt cua đồng thời có lượng natri cao đáng kể.",88
8d0f989e-93a6-57d8-8ba5-79848e537f8d,,,Quay Cod (Roasted Cod),DISH,294.12,23.53,14.71,11.76,1.18,0.59,441.18,34d3024c-4bb7-46a0-8480-f45f99dd3d32,,,"Cá tuyết nướng là một món hải sản cổ điển của New England gồm phi lê cá trắng thường được chế biến với vụn bánh mì bơ và các loại thảo mộc tươi. Phương pháp chế biến tại nhà hàng này biến cá nạc tự nhiên thành một món ăn đậm đà hơn mà vẫn cung cấp lượng protein đáng kể (35-45g mỗi khẩu phần) và axit béo omega-3 có lợi. Cá thường được phục vụ với lớp phủ giòn, màu nâu vàng và kèm theo chanh, thường xuất hiện cùng với các món ăn truyền thống như xà lách trộn hoặc khoai tây chiên.",88
1eaf12f4-7747-5d5c-bc3e-807a8251c1d5,,,Hải sản Chowder (Seafood Chowder),DISH,122.45,4.9,7.35,8.98,0.61,0.82,367.35,34d3024c-4bb7-46a0-8480-f45f99dd3d32,,,"Chowder hải sản Tây Bắc Thái Bình Dương là một món súp làm từ kem cao cấp bao gồm hỗn hợp hải sản địa phương được đánh bắt bền vững như cá hồi, cá bơn và cá tuyết Thái Bình Dương. Chế biến từ trang trại đến bàn ăn này kết hợp cá đánh bắt tự nhiên với các loại rau có nguồn gốc địa phương trong nước dùng đậm đà, tăng cường bơ, cung cấp protein và axit béo omega-3 đáng kể. Món súp thịnh soạn thường cung cấp 260-300 calo mỗi cốc đồng thời thể hiện cam kết của khu vực đối với các hoạt động đánh bắt bền vững và nguyên liệu theo mùa.",88
4191eab7-28f9-54c8-88c7-a50c1c9a5025,,,Dừa tôm (Coconut Shrimp),INGREDIENT,202.57,6.75,11.9,17.36,0.96,8.04,379.42,34d3024c-4bb7-46a0-8480-f45f99dd3d32,,,"Tôm dừa là món khai vị kiểu Caribe gồm tôm lớn được phủ một lớp hỗn hợp giòn gồm dừa vụn và vụn bánh mì tẩm gia vị, thường được chiên ngập dầu cho đến khi có màu vàng nâu. Món ăn hấp dẫn này theo truyền thống được phục vụ với nước chấm ngọt, thường có hương vị xoài hoặc cam quýt, và mặc dù giàu protein từ tôm nhưng nó cũng chứa nhiều calo và chất béo do quá trình tẩm bột và chiên.",88
41c66510-c316-52b5-bceb-5e7973954094,,,Tôm và bơ Crepe (Shrimp and Avocado Crepe),INGREDIENT,186.67,16.0,9.33,10.67,1.33,1.33,223.33,34d3024c-4bb7-46a0-8480-f45f99dd3d32,,,"Tôm và bơ Crepe là một loại bánh xèo mỏng kiểu Pháp với nhân tôm mọng nước và những lát bơ béo ngậy. Món ăn nhà hàng này thường có bánh crepe bột mì tinh tế bọc quanh tôm dày dạn và bơ tươi, thường được bổ sung các loại thảo mộc nhẹ và hương cam quýt. Nó cung cấp một thành phần dinh dưỡng cân bằng kết hợp protein nạc từ tôm với chất béo lành mạnh từ quả bơ, đồng thời duy trì hàm lượng carbohydrate vừa phải từ giấy gói bánh crepe.",88
3b14fc31-ad6c-5d2f-a3e1-48924e590fca,,,Salona Fish (Salona Fish),INGREDIENT,126.29,11.43,5.14,8.57,1.71,2.29,171.43,34d3024c-4bb7-46a0-8480-f45f99dd3d32,,,"Cá Salona là món ăn chính truyền thống của Người Dubai gồm các miếng cá được ướp gia vị thơm, sau đó nướng và ninh trong nước sốt đậm đà làm từ cà chua. Món ăn kết hợp cá mềm với các loại rau như cà rốt và khoai tây, được nêm các loại gia vị đặc trưng của Trung Đông bao gồm ibzar và chanh khô (loomi). Món ăn giàu protein này thường được phục vụ với cơm hấp hoặc bánh mì dẹt, mang đến một bữa ăn cân bằng thể hiện hương vị tinh tế của ẩm thực vùng Vịnh.",88
6024091b-067d-5b35-a2ed-20a318c7adc3,,,Tôm Cocktail (Shrimp Cocktail),INGREDIENT,85.29,15.29,0.59,4.71,0.29,4.71,411.76,34d3024c-4bb7-46a0-8480-f45f99dd3d32,,,"Cocktail tôm là món khai vị bít tết cổ điển bao gồm tôm jumbo nấu chín, ướp lạnh ăn kèm với nước sốt cocktail thơm ngon và chanh. Món ăn giàu protein, ít béo này thường có 4-6 con tôm lớn xếp xung quanh một đĩa đầy nước sốt cocktail, thường được trang trí bằng chanh tươi và dùng kèm với đá. Mặc dù ít chất béo và carbohydrate tự nhiên, món khai vị này chứa lượng protein đáng kể ở mức 14-31g mỗi khẩu phần, mặc dù nó có thể chứa nhiều natri và cholesterol.",88
c3f13b0c-2190-58aa-aeba-c01170cdac6b,,,Nướng vỉ mực (Grilled Squid),DISH,157.2,17.6,8.4,2.8,0.2,2.6,240.0,34d3024c-4bb7-46a0-8480-f45f99dd3d32,,,"Mực nướng là đặc sản BBQ của Hàn Quốc gồm mực tươi ướp với nước sốt cay ngọt làm từ gochujang (tương ớt Hàn Quốc) và gia vị thơm. Mực được nướng nhanh chóng để đạt được kết cấu mềm trong khi vẫn giữ được thành phần giàu protein tự nhiên, thường chứa 15-20g protein mỗi khẩu phần. Món hải sản ít béo này có đặc điểm bên ngoài hơi cháy và bên trong mọng nước, theo truyền thống được phục vụ như một đĩa chung với banchan (món ăn phụ) đi kèm.",88
b75bf6d4-3002-5d1e-916e-2ded0c50b7f2,,,Teppanyaki tôm hùm (Teppanyaki Lobster),INGREDIENT,143.48,15.65,6.09,6.52,0.43,2.17,260.87,34d3024c-4bb7-46a0-8480-f45f99dd3d32,,,"Tôm hùm Teppanyaki là món bít tết kiểu Nhật với đuôi tôm hùm được nướng trên vỉ sắt phẳng trước thực khách. Tôm hùm thường được tẩm ướp đơn giản với bơ, tỏi và nước tương, sau đó được nấu chín mềm trên bề mặt teppanyaki. Món protein nạc này cung cấp khoảng 30-40g protein chất lượng cao cho mỗi khẩu phần trong khi vẫn chứa tương đối ít chất béo bão hòa, khiến nó trở thành một trong những lựa chọn protein lành mạnh hơn tại các nhà hàng bít tết Nhật Bản.",88
2185319f-e36d-51e1-8dcb-e6ce01496c83,,,Bạch tuộc Nigiri (Octopus Nigiri),DISH,428.57,28.57,7.14,42.86,3.57,7.14,1785.71,34d3024c-4bb7-46a0-8480-f45f99dd3d32,,,"Octopus nigiri là một món sushi truyền thống của Nhật Bản bao gồm bạch tuộc nấu chín (tako) thái lát, ăn kèm với cơm dấm ép bằng tay. Bạch tuộc thường được làm mềm và tẩm gia vị nhẹ trước khi đặt lên cơm, tạo ra món ăn giàu protein cung cấp khoảng 60-64 calo mỗi miếng. Tùy chọn sushi nạc này mang đến sự kết hợp hài lòng giữa hải sản mềm và cơm dày dạn, thường được ăn kèm với mù tạt và gừng ngâm bên cạnh.",88
2f52263b-026b-5206-98cd-52fc93021bd6,,,Tôm hùm Mac và phô mai (Lobster Mac and Cheese),INGREDIENT,225.0,9.0,11.0,15.0,1.0,2.0,400.0,34d3024c-4bb7-46a0-8480-f45f99dd3d32,,,"Lobster Mac and Cheese là một biến thể sang trọng của mì ống và pho mát cổ điển với những miếng thịt tôm hùm Maine tươi được gấp thành mì ống kem. Món ăn hấp dẫn này kết hợp mì ống al dente khuỷu tay với sự pha trộn phong phú của pho mát tan chảy và thịt tôm hùm mềm, thường được hoàn thiện với lớp phủ vụn bánh mì nhẹ. Mặc dù có hàm lượng protein cao từ hải sản nhưng món ăn này đặc biệt giàu calo và chất béo bão hòa nhờ nước sốt kem phô mai và khẩu phần ăn nhiều.",88
f33301d1-aed8-5375-8923-2566a416a8b1,,,Truffle tôm hùm Roll (Truffle Lobster Roll),INGREDIENT,205.88,17.06,10.0,15.29,1.18,1.76,752.94,34d3024c-4bb7-46a0-8480-f45f99dd3d32,,,"Món Tôm hùm cuộn Truffle là một biến thể sang trọng của món bánh mì kẹp hải sản cổ điển của Maine với thịt tôm hùm được hái bằng tay, ướp lạnh, được tăng cường với nước sốt tẩm nấm cục. Món ăn cao cấp này kết hợp tôm hùm tươi với sốt mayonnaise và bơ truffle, được phục vụ trong một chiếc bánh mì nướng phết bơ tan chảy. Phần 6 ounce cung cấp đáng kể protein và axit béo omega-3, trong khi thành phần nấm truffle bổ sung thêm vị umami đất đặc biệt giúp nâng tầm công thức truyền thống.",88
82c7100c-8605-5200-8d6a-6b14bdbe5c83,,,Cá ngừ Hand Roll (Tuna Hand Roll),INGREDIENT,180.0,17.0,4.0,19.0,2.0,3.0,400.0,34d3024c-4bb7-46a0-8480-f45f99dd3d32,,,"Cuộn cá ngừ cầm tay là một món sushi hình nón bao gồm cá ngừ sống cao cấp và cơm dày dạn được bọc trong rong biển nori giòn. Món ăn truyền thống Nhật Bản này thường bao gồm các loại rau tươi như dưa chuột hoặc bơ, tạo ra sự kết hợp cân bằng giữa protein nạc, carbohydrate phức tạp và chất béo lành mạnh. Hình thức cuộn bằng tay, được gọi là temaki, cung cấp một lựa chọn thay thế tươi ngon, được làm theo đơn đặt hàng cho sushi cuộn truyền thống, với mỗi khẩu phần cung cấp khoảng 8-29 gam protein.",88
de59416b-3060-5efd-845e-9ea9ab669268,,,Jerk Fish (Jerk Fish),INGREDIENT,140.85,15.49,5.63,0.7,0.0,0.7,246.48,34d3024c-4bb7-46a0-8480-f45f99dd3d32,,,"Cá Jerk là một món ăn vùng Caribe gồm có cá trắng hoặc cá hồi được tẩm ướp với sự pha trộn đậm đà của hạt tiêu, húng tây, ớt scotch và gia vị thơm. Cá thường được nướng hoặc nướng sau khi ướp với gia vị đặc trưng, ​​tạo nên lớp ngoài cay nồng như khói trong khi vẫn giữ được phần bên trong mềm mại. Món ăn giàu protein này có hàm lượng carbohydrate thấp tự nhiên và cung cấp nguồn protein nạc, với thành phần dinh dưỡng chính xác thay đổi tùy theo loại cá được sử dụng.",88
b58093eb-ec24-583b-b02e-1509a7532ae2,,,Cua Hand Roll (Crab Hand Roll),INGREDIENT,122.95,7.38,6.56,9.02,0.82,1.64,327.87,34d3024c-4bb7-46a0-8480-f45f99dd3d32,,,"Cua cuộn tay là một món sushi hình nón gồm có cơm và cua (thường là cua giả) được bọc trong rong biển nori giòn. Biến thể sushi di động này thường bao gồm các thành phần bổ sung như bơ hoặc dưa chuột và có thể được trộn với sốt mayonnaise hoặc sốt cay. Mặc dù cung cấp hàm lượng protein vừa phải nhưng đây chủ yếu là một món ăn giàu carbohydrate do làm từ cơm sushi, với lượng calo thường dao động từ 140-250 mỗi cuộn tùy thuộc vào kích cỡ và thành phần.",88
6dbbefbe-7785-5327-9b27-11870b1e883e,,,Tôm hùm đất Beignets (Crawfish Beignets),INGREDIENT,302.5,8.75,23.75,14.25,0.62,1.88,348.75,34d3024c-4bb7-46a0-8480-f45f99dd3d32,,,"Crawfish Beignets là loại bánh ngọt Cajun/Creole thơm ngon biến món beignet truyền thống của Pháp thành món khai vị đậm đà. Những món ngon chiên giòn này có lớp vỏ ngoài giòn bao quanh phần nhân mềm là tôm tẩm gia vị, chất thơm và gia vị Cajun. Thường được phục vụ như món khai vị tại nhà hàng, những món ăn hấp dẫn này mang đến sự kết hợp độc đáo giữa truyền thống bánh ngọt của New Orleans với món tôm càng được yêu thích của Louisiana.",88
4362d66e-4b8c-52e7-b84e-017aba935d94,,,Nướng vỉ tôm (Grilled Shrimp),DISH,100.0,21.43,0.95,0.6,0.0,0.0,238.1,34d3024c-4bb7-46a0-8480-f45f99dd3d32,,,"Tôm nướng là loại protein nạc phủ trên thường được phục vụ thành 8-12 miếng cỡ vừa cho mỗi phần, nêm gia vị và nướng cho đến khi có màu hồng và cháy thành than nhẹ. Món salad bổ sung giàu protein này cung cấp khoảng 18 gam protein mỗi khẩu phần trong khi vẫn chứa ít carbohydrate và calo. Tôm thường được nêm nhẹ với các loại thảo mộc và gia vị, mang lại hương vị nhẹ, ngọt cùng với các axit béo omega-3 có lợi.",88
910c0a19-b1d3-5ef7-a270-c7ca3620f9aa,,,Chiên tôm Balls (Fried Shrimp Balls),DISH,309.09,16.36,16.36,23.64,0.91,1.82,754.55,34d3024c-4bb7-46a0-8480-f45f99dd3d32,,,"Tôm chiên viên là một món dim sum cổ điển bao gồm bột tôm tẩm gia vị được bọc trong giấy gói chả giò mỏng và giòn. Những quả cầu màu nâu vàng này được chiên giòn cho đến khi giòn bên ngoài mà vẫn giữ được nhân tôm mềm, thơm bên trong. Thường được phục vụ nóng như một phần của bữa ăn dim sum, chúng cung cấp một lựa chọn giàu protein mặc dù cách chế biến chiên giòn của chúng góp phần tạo ra hàm lượng chất béo cao hơn.",88
c07e6b98-11c0-5bcc-9f8f-c09b71676df2,,,Tôm Nigiri (Shrimp Nigiri),INGREDIENT,86.0,7.0,0.5,13.0,1.0,2.0,400.0,34d3024c-4bb7-46a0-8480-f45f99dd3d32,,,"Tôm nigiri là một món sushi cổ điển bao gồm tôm nấu chín dày dặn được ép trên một lớp cơm sushi dấm được tạo hình bằng tay. Tùy chọn giàu protein này có tôm bơ đã được tẩm gia vị nhẹ nhàng và thường đóng vai trò là điểm khởi đầu dễ tiếp cận cho những người mới làm quen với sushi. Mỗi miếng cơm đều cung cấp một nguồn protein nạc dồi dào trong khi vẫn tương đối ít chất béo, mặc dù cơm được tẩm gia vị bổ sung hàm lượng carbohydrate vừa phải.",88
8760e801-d6ef-53e8-8fa4-68e74fe421cc,,,Nướng vỉ Redfish (Grilled Redfish),DISH,140.0,19.0,7.0,0.0,0.0,0.0,75.0,34d3024c-4bb7-46a0-8480-f45f99dd3d32,,,"Cá đỏ nướng là món cá đặc trưng của Bờ Vịnh bao gồm cá trống đỏ nạc, có hương vị nhẹ. Trong các nhà hàng Cajun/Creole, cá thường được tẩm gia vị thơm và nướng để duy trì độ ẩm tự nhiên, sau đó thường dùng kèm với các món ăn kèm truyền thống như sốt Pontchartrain hoặc Creole beurre blanc. Món ăn giàu protein này cung cấp một giải pháp thay thế nhẹ nhàng hơn cho các chế phẩm bị đen trong khi vẫn mang lại hương vị đích thực của vùng.",88
b6a8934a-ee72-5d9e-b33a-eb7b1a5b3d9d,,,Tôm Quesadilla (Shrimp Quesadilla),DISH,149.33,10.0,5.33,15.33,2.0,1.33,770.0,34d3024c-4bb7-46a0-8480-f45f99dd3d32,,,"Quesadilla tôm là một món ăn của nhà hàng Tex-Mex có tôm tẩm gia vị và pho mát tan chảy nướng giữa bánh bột mì. Món khai vị quan trọng này thường bao gồm các loại rau xào như hành tây và ớt chuông, đồng thời được phục vụ kèm với các món ăn kèm như kem chua, guacamole và salsa. Mặc dù cung cấp lượng protein đáng kể từ tôm, nhưng khẩu phần ăn của nhà hàng thường có xu hướng nhiều và chứa nhiều calo, với một món quesadilla thường chứa hơn 500 calo và một lượng natri đáng kể do phô mai và gia vị.",88
6988926f-4b18-54b7-85de-89ebd2b7e553,,,Kabsa với Fish (Kabsa with Fish),INGREDIENT,162.5,10.0,1.75,27.5,1.25,1.25,175.0,34d3024c-4bb7-46a0-8480-f45f99dd3d32,,,"Kabsa with Fish là món cơm truyền thống của vùng Vịnh Ả Rập gồm có cơm basmati thơm nấu với cá trắng trong nước dùng đậm đà gia vị. Hương vị đặc biệt đến từ sự pha trộn của các loại gia vị bao gồm thảo quả, thì là, nghệ tây và chanh khô, trong khi các loại rau như hành tây và cà chua tạo thêm chiều sâu cho món ăn. Thường được phục vụ như một phần ăn thịnh soạn với cá được bày trên lớp cơm thơm, cách chế biến tại nhà hàng này mang đến sự kết hợp cân bằng giữa protein nạc và carbohydrate phức tạp.",88
5c1e270a-1cb0-5a7e-9ab8-d18cfd27a3c5,,,Stràmers (Steamers),DISH,32.5,8.5,1.5,2.4,0.0,0.25,354.1,34d3024c-4bb7-46a0-8480-f45f99dd3d32,,,"Món hấp là loại nghêu vỏ mềm được chế biến theo phong cách truyền thống của New England, thường dùng kèm với nước dùng ấm và bơ tan chảy để chấm. Những loài động vật có vỏ này được hấp cho đến khi vỏ mở ra, tạo ra thịt mềm, giàu protein, ít calo nhưng giàu vitamin B12 và selen. Một phần ăn thông thường của nhà hàng bao gồm 8-12 con nghêu, ăn kèm với nước dùng nấu ăn để tráng và rút bơ để hoàn thiện.",75
669106f1-b60f-5390-a55b-2c2023f12098,,,Fish và Chips Combo (Fish and Chips Combo),INGREDIENT,277.78,8.89,17.78,23.78,2.0,1.78,533.33,34d3024c-4bb7-46a0-8480-f45f99dd3d32,,,"Combo Cá và Khoai tây chiên là một bữa ăn nhà hàng thịnh soạn bao gồm cá trắng tẩm bột và chiên giòn ăn kèm với khoai tây chiên, xà lách trộn và thường đi kèm với sốt tartar hoặc giấm mạch nha. Sự kết hợp thịnh soạn này cung cấp lượng protein đáng kể từ cá nhưng đặc biệt có hàm lượng chất béo và natri cao do quá trình chiên ngập dầu và gia vị. Một suất ăn điển hình của nhà hàng cung cấp khoảng 1.200 calo và bao gồm lượng natri đủ cho cả ngày, khiến nó trở thành một trong những thực đơn tiêu chuẩn có nhiều calo hơn.",88
dd01f72e-bc94-57de-8826-32bc346d31c6,,,Cay cá ngừ Roll (Spicy Tuna Roll),INGREDIENT,150.0,10.0,4.0,20.0,1.5,2.0,290.0,34d3024c-4bb7-46a0-8480-f45f99dd3d32,,,"Cuộn cá ngừ cay là một món sushi Nhật Bản chế biến từ cá ngừ sống trộn với sốt mayo cay hoặc sốt sriracha, bọc trong cơm dấm và rong biển nori. Món cuộn giàu protein này thường bao gồm 8-10 miếng mỗi khẩu phần và cung cấp 15-24 gam protein, trong khi sự kết hợp giữa gạo và cá ngừ tạo nên cấu hình vĩ mô cân bằng. Món cuộn thường được trang trí bằng hạt vừng và ăn kèm với các món ăn kèm truyền thống như wasabi và gừng ngâm.",88
677b4cb6-da74-5fc3-afa9-f13fef092a72,,,Stuffed Flounder (Stuffed Flounder),DISH,274.29,28.57,9.86,17.86,1.79,2.14,571.43,34d3024c-4bb7-46a0-8480-f45f99dd3d32,,,"Cá bơn nhồi bông là món ăn khai vị tại nhà hàng hải sản với những miếng phi lê cá trắng tinh tế chứa đầy hỗn hợp gia vị gồm thịt cua, vụn bánh mì và phô mai. Món nướng này kết hợp protein nạc của cá bơn với nhân béo ngậy giúp tăng thêm hương vị và calo, thường dùng kèm với nước sốt bơ. Mặc dù cung cấp protein chất lượng cao và axit béo omega-3 có lợi, nhưng các món ăn tại nhà hàng có xu hướng chứa nhiều natri và chất béo hơn do nhân và nước sốt dày dặn.",75
3e8d597b-757d-5ab3-9b39-f7d2423e2619,,,Muối Fish chiên Cơm (Salted Fish Fried Rice),INGREDIENT,218.67,10.22,8.89,24.44,1.11,1.78,488.89,34d3024c-4bb7-46a0-8480-f45f99dd3d32,,,"Cơm chiên cá muối là một món ăn đặc trưng của nhà hàng Trung Quốc kết hợp cá bảo quản với cơm xào, trứng và rau. Cá được bảo quản mang lại hương vị umami đậm đà và vị mặn đặc biệt khiến nó trở nên khác biệt so với các biến thể cơm chiên khác. Món ăn thịnh soạn này thường chứa tỷ lệ cân bằng giữa protein, carbohydrate và chất béo, mặc dù nó có hàm lượng natri cao đáng kể do cá được bảo quản và gia vị được sử dụng trong chế biến tại nhà hàng.",75
aa46d52c-0f5d-5b67-93b5-95220eb0aaeb,,,Cay cá ngừ Poke Salad (Spicy Tuna Poke Salad),DISH,114.29,6.29,9.14,1.71,0.86,0.57,71.43,34d3024c-4bb7-46a0-8480-f45f99dd3d32,,,"Salad cá ngừ cay là một món ăn kết hợp gồm cá ngừ tươi sống ướp với nước sốt cay, thường được dùng kèm với rau trộn thay vì cơm truyền thống. Chế phẩm giàu protein này kết hợp cá ngừ loại sushi thái hạt lựu với các nguyên liệu như bơ, dưa chuột và gia vị làm từ vừng, kết thúc bằng sốt mayo cay. Món ăn này cung cấp hàm lượng dinh dưỡng đậm đặc với nhiều protein và chất béo lành mạnh trong khi vẫn duy trì lượng carbohydrate thấp hơn so với bát ăn truyền thống.",88
3b4ff258-e42d-5fcc-9461-a1138e0107dc,,,Nướng Stuffed tôm hùm (Baked Stuffed Lobster),DISH,412.0,14.67,20.0,43.33,2.67,4.0,1000.0,34d3024c-4bb7-46a0-8480-f45f99dd3d32,,,"Tôm hùm nhồi nướng là một món hải sản cao cấp của New England bao gồm cả tôm hùm Maine chứa đầy nhân bánh mì dày dặn. Tôm hùm được tách đôi, nhồi hỗn hợp bơ gồm vụn bánh mì, rau thơm và gia vị, sau đó nướng cho đến khi có màu vàng nâu. Trong khi thịt tôm hùm cung cấp protein chất lượng cao và axit béo omega-3 có lợi, thì chất nhồi phong phú và hàm lượng bơ khiến món ăn này trở thành món ăn giàu calo với hàm lượng natri đáng kể.",88
ce65ac2e-9f0a-55ad-ad58-75d79e471ad3,,,Mứtbalaya với tôm (Jambalaya with Shrimp),INGREDIENT,128.0,7.6,7.2,7.2,0.8,0.4,356.0,34d3024c-4bb7-46a0-8480-f45f99dd3d32,,,"Jambalaya là món cơm Cajun/Creole thịnh soạn với sự kết hợp của tôm, xúc xích hun khói và thịt gà, được nấu với 'bộ ba thần thánh' truyền thống gồm hành, ớt chuông và cần tây. Cách chế biến tại nhà hàng này thường kết hợp cà chua để tạo màu hơi đỏ và được nêm với sự pha trộn đặc biệt của gia vị Cajun. Mặc dù cung cấp một nguồn protein tốt (khoảng 19g mỗi cốc) và các chất dinh dưỡng thiết yếu, các suất ăn tại nhà hàng thường chứa lượng natri đáng kể do hỗn hợp gia vị và thịt hun khói.",88
4b1d204e-b216-554e-90b7-0c09a38ab455,,,Mực Sashimi (Squid Sashimi),DISH,92.92,15.93,1.77,3.1,0.0,0.0,61.95,34d3024c-4bb7-46a0-8480-f45f99dd3d32,,,"Sashimi mực (ika) là mực sống tươi được thái lát mỏng và phục vụ theo phong cách truyền thống của Nhật Bản. Nguồn protein nạc này cung cấp khoảng 18 gam protein mỗi khẩu phần trong khi vẫn chứa ít chất béo và calo, được FDA phân loại là 'Lựa chọn tốt nhất' vì hàm lượng thủy ngân thấp. Các lát trắng mờ thường được phục vụ với wasabi và nước tương, mang lại kết cấu tinh tế, mềm mại, giúp phân biệt với món chiên phổ biến hơn là mực chiên.",88
b57bbb0a-6316-511f-969e-de93befc2a23,,,Tôm Konafa (Shrimp Konafa),INGREDIENT,150.0,10.0,7.14,11.43,2.0,2.86,142.86,34d3024c-4bb7-46a0-8480-f45f99dd3d32,,,"Tôm Konafa là một món đặc sản mặn của nhà hàng Ai Cập, tái hiện lại món bánh konafa truyền thống như một món hải sản. Cách chế biến sáng tạo này có tôm và rau mọng nước trong nước sốt gallayah gia vị, thường được nêm ớt bột, tỏi và chanh, tất cả được bọc trong những sợi phyllo cắt nhỏ giòn. Món ăn này cung cấp một sự thay thế giàu protein cho món konafa ngọt cổ điển, đồng thời vẫn giữ được kết cấu giòn đặc trưng khiến konafa trở nên đặc biệt.",88
cac2b5a1-ef99-5fec-acfe-6061c140c35c,,,Cajun tôm Salad (Cajun Shrimp Salad),DISH,266.67,18.0,16.67,8.0,1.33,3.33,666.67,34d3024c-4bb7-46a0-8480-f45f99dd3d32,,,"Salad tôm Cajun là một đặc sản của Louisiana có tôm tẩm gia vị trộn với bộ ba ớt chuông, hành tây và cần tây truyền thống của Cajun trong nước sốt kem, gia vị. Chế phẩm giàu protein này kết hợp sốt mayonnaise, mù tạt Creole và nước sốt trang trại với gia vị Cajun để tạo ra hương vị đậm đà, thơm. Thường được phục vụ ướp lạnh, nó vừa có chức năng như một món salad độc lập vừa là một loại nhân phổ biến cho bánh mì po' boy.",88
15b446c2-749f-5cbe-91cf-5f3723862f0c,,,Haddock Fish và Chips (Haddock Fish and Chips),INGREDIENT,200.0,7.43,9.14,20.57,1.43,0.86,257.14,34d3024c-4bb7-46a0-8480-f45f99dd3d32,,,"Cá và khoai tây chiên Haddock là một món ăn truyền thống của Scotland bao gồm phi lê cá tuyết chấm đen chiên giòn tẩm bia ăn kèm với khoai tây chiên cắt miếng dày (khoai tây chiên). Cá trắng được bọc trong lớp bột màu nâu vàng giòn mang lại cảm giác giòn vừa miệng, còn khoai tây chiên thì dai và giòn đặc trưng ở bên ngoài, mềm xốp bên trong. Bữa ăn thịnh soạn này thường được phục vụ với giấm mạch nha và muối, tượng trưng cho một món ăn có lượng calo cao hơn do phương pháp chế biến chiên giòn.",88
f71930d1-91b9-5778-a5fc-de63051a403f,,,Hải sản Fondue (Seafood Fondue),DISH,57.5,6.5,1.75,2.25,0.5,0.75,125.0,34d3024c-4bb7-46a0-8480-f45f99dd3d32,,,"Nước xốt hải sản là một đặc sản của nhà hàng có nồi nấu làm từ nước dùng sôi được phục vụ cùng nhiều loại hải sản tươi sống để nấu ăn tại bàn. Món ăn tương tác này thường bao gồm các nguyên liệu cao cấp như tôm, sò điệp, cá miếng, kèm theo rau và nước chấm. Không giống như nước xốt phô mai truyền thống, phương pháp chế biến nhẹ nhàng hơn này mang lại trải nghiệm ăn uống giàu protein trong khi vẫn duy trì hàm lượng chất béo bão hòa thấp hơn.",88
9daee4fc-5cb2-51e0-86bb-1b0e10e5a769,,,Tôm Fajitas (Shrimp Fajitas),INGREDIENT,118.57,8.57,2.0,17.14,2.29,1.43,141.43,34d3024c-4bb7-46a0-8480-f45f99dd3d32,,,"Tôm fajitas là một món ăn Tex-Mex nóng hổi có tôm tẩm gia vị nướng với ớt chuông và hành tây, thường được phục vụ trên chảo gang nóng. Món khai vị giàu protein này đi kèm với bánh ngô làm từ bột mì ấm và các loại gia vị truyền thống như guacamole, kem chua và pico de gallo. Trong khi tôm và rau củ nướng cung cấp protein nạc và các chất dinh dưỡng thiết yếu thì khẩu phần ăn tại nhà hàng thường chứa lượng natri đáng kể và chất béo bổ sung từ dầu ăn và các món ăn kèm.",88
c8559ca6-4c79-54e3-8cdc-90c14d95a33a,,,Tôm Tex-Mex bát (Shrimp Tex-Mex Bowl),INGREDIENT,112.5,4.67,4.83,13.83,1.67,1.33,358.33,34d3024c-4bb7-46a0-8480-f45f99dd3d32,,,"Tôm Tex-Mex Bowl là món ăn kết hợp kiểu nhà hàng kết hợp tôm nướng với các nguyên liệu Tex-Mex truyền thống được phục vụ trên nền ngũ cốc. Món ăn thịnh soạn này thường có tôm ướp chanh, cơm, đậu, rau tươi và pho mát, kết thúc với nước sốt kem và salsa. Mặc dù cung cấp nguồn protein dồi dào từ tôm, món ăn này đặc biệt có hàm lượng natri và carbohydrate cao, hầu hết các suất ăn tại nhà hàng đều cung cấp hơn 600 calo.",88
bfce3759-1c99-5b58-99b7-46f8e78c48b3,,,Cá hồi Nigiri (Salmon Nigiri),INGREDIENT,121.43,7.86,4.29,12.86,0.36,1.43,378.57,34d3024c-4bb7-46a0-8480-f45f99dd3d32,,,"Nigiri cá hồi là một món sushi truyền thống của Nhật Bản bao gồm cơm dấm ép bằng tay bên trên là một lát cá hồi sống. Mỗi miếng thường nặng 35-50 gam và thường được ăn kèm với một miếng wasabi nhỏ giữa cơm và cá. Món ăn giàu protein này kết hợp axit béo omega-3 từ cá hồi tươi với carbohydrate từ cơm sushi, thường được phục vụ theo khẩu phần 2-4 miếng tại các nhà hàng Nhật Bản.",88
9f008cd4-68d5-5cd0-a679-b9e9f7a0b836,,,Hải sản Paella (Seafood Paella),DISH,150.0,8.0,5.0,18.0,2.0,1.5,300.0,34d3024c-4bb7-46a0-8480-f45f99dd3d32,,,"Paella hải sản là món cơm truyền thống của Tây Ban Nha, nổi bật bởi màu vàng rực rỡ của nghệ tây và các thành phần hải sản thường bao gồm tôm, trai và cá. Đặc sản Địa Trung Hải này có loại gạo hạt ngắn được nấu trong chảo rộng, nông cho đến khi có lớp đáy giòn đặc trưng gọi là 'socarrat'. Món ăn này cung cấp sự kết hợp cân bằng giữa protein nạc từ hải sản, carbohydrate phức hợp từ gạo và các hợp chất có lợi từ các thành phần như nghệ tây và dầu ô liu.",88
d85f8ecd-d75f-57b5-a5c5-e3322f8d1be7,,,Bạch tuộc Poke bát (Octopus Poke Bowl),DISH,164.71,29.41,2.12,29.41,2.35,4.71,461.18,34d3024c-4bb7-46a0-8480-f45f99dd3d32,,,"Octopus Poke Bowl là món ăn lấy cảm hứng từ Hawaii với bạch tuộc nấu chín mềm ướp với nước sốt thơm ngon như đậu nành và dầu mè. Chiếc bát có thể tùy chỉnh này thường kết hợp bạch tuộc dày dạn với cơm hoặc rau xanh, bên trên là các nguyên liệu tươi như dưa chuột, salad rong biển và edamame. Món ăn giàu protein này cung cấp sự cân bằng dinh dưỡng giữa protein nạc và carbohydrate phức tạp, trong khi vẫn có lượng chất béo tương đối thấp.",88
c65e8bd4-092e-5ce5-a9a1-e340a788f20e,,,Cua Dip (Crab Dip),DISH,200.0,10.08,15.13,5.04,0.42,2.1,600.0,34d3024c-4bb7-46a0-8480-f45f99dd3d32,,,"Cua nhúng là món khai vị đậm đà, ấm áp với sự hòa quyện giữa thịt cua cục với phô mai kem, sốt mayonnaise và các loại gia vị hải sản đặc trưng. Món chế biến tại nhà hàng này thường được nướng cho đến khi nóng và sủi bọt, tạo ra một món ăn thơm ngon có lượng calo và chất béo cao đáng chú ý do có thành phần giàu sữa. Theo truyền thống được phục vụ cùng với bánh quy giòn hoặc bánh mì để chia sẻ, món này kết hợp hương vị ngọt ngào của thịt cua với các gia vị thơm ngon như Old Bay trong cách trình bày kem đầy mê hoặc.",88
cf1f131b-fa97-526f-901c-c57b499d4694,,,Creole tôm Salad (Creole Shrimp Salad),DISH,116.67,7.33,5.33,10.0,2.0,2.67,500.0,34d3024c-4bb7-46a0-8480-f45f99dd3d32,,,"Salad tôm Creole là một món ăn đậm đà kiểu nhà hàng, kết hợp tôm tẩm gia vị với rau tươi trong chế biến có gia vị Cajun. Món salad bao gồm tôm mềm, rau diếp giòn, bơ kem và cà chua bi, được trộn với nước sốt Cajun đặc biệt mang đến hương vị khói đặc trưng, ​​​​hơi cay. Mặc dù cung cấp các thành phần lành mạnh như rau giàu chất xơ, món ăn này có hàm lượng natri cao đáng kể do hỗn hợp gia vị Creole truyền thống.",88
a2a44896-d038-5869-a341-4c22d94387df,,,Tôm và Grits (Shrimp and Grits),INGREDIENT,122.22,7.78,6.67,7.56,0.89,0.89,333.33,34d3024c-4bb7-46a0-8480-f45f99dd3d32,,,"Tôm và Grits là một món ăn mang đậm tâm hồn miền Nam cổ điển với tôm tẩm gia vị được phục vụ trên bột kiều mạch giàu kem, phô mai. Quá trình chuẩn bị của nhà hàng thường bao gồm tôm xào với thịt xông khói và gia vị Cajun, được phục vụ trên đá xay đã được nấu với bơ, kem béo và pho mát cheddar sắc nét. Món ăn thịnh soạn này kết hợp hương vị mặn, khói và hơi cay để tạo nên một bữa ăn phong phú, giàu calo, thể hiện kỹ thuật nấu ăn truyền thống của miền Nam.",88
d43ae1df-7b18-5488-9727-e2fd802a02bb,,,Bơ tôm hùm Roll (Avocado Lobster Roll),INGREDIENT,171.43,8.93,7.14,17.86,2.14,3.21,392.86,34d3024c-4bb7-46a0-8480-f45f99dd3d32,,,"Món Tôm hùm cuộn bơ là một món ăn kết hợp giữa thịt tôm hùm Maine tươi với bơ kem, dùng kèm cơm sushi dày dạn và thường được bọc trong nori. Món cuộn đáng kể này cung cấp sự cân bằng giữa protein chất lượng cao từ tôm hùm, chất béo lành mạnh từ quả bơ và carbohydrate phức hợp từ cơm sushi. Sự kết hợp tạo ra trải nghiệm ăn uống sang trọng kết hợp hương vị cổ điển của hải sản New England với kỹ thuật chế biến lấy cảm hứng từ Nhật Bản.",88
f8a851b1-2884-52fa-832e-0deaf2f65630,,,Cá ngừ Sashimi (Tuna Sashimi),INGREDIENT,141.18,29.41,1.18,0.0,0.0,0.0,47.06,34d3024c-4bb7-46a0-8480-f45f99dd3d32,,,"Sashimi cá ngừ là loại cá ngừ sống cao cấp được phục vụ theo từng lát chưa nấu chín, được cắt chính xác như một phần của ẩm thực Nhật Bản. Món ăn giàu protein, ít chất béo này thường được chế biến từ cá ngừ cấp sashimi đông lạnh nhanh và được lựa chọn cẩn thận để đảm bảo an toàn và chất lượng. Theo truyền thống được phục vụ với wasabi và nước tương, sashimi cá ngừ cung cấp một nguồn protein nạc và axit béo omega-3 tuyệt vời đồng thời chứa lượng calo tối thiểu và không chứa carbohydrate.",88
1735de28-9e20-5895-91bb-d2ee7e216353,,,Salad cá ngừ Sub (Tuna Salad Sub),DISH,236.36,12.27,12.73,19.55,1.59,2.73,340.91,34d3024c-4bb7-46a0-8480-f45f99dd3d32,,,"Món salad cá ngừ phụ là một loại bánh sandwich có hỗn hợp cá ngừ bào và sốt mayonnaise được phục vụ trên một cuộn dài kiểu tàu ngầm với rau tươi. Món bánh sandwich thịnh soạn này thường bao gồm rau diếp, cà chua và các nguyên liệu tùy chọn như hành tây hoặc dưa chua, đồng thời cung cấp khoảng 25-30 gam protein và axit béo omega-3 có lợi. Cách chế biến cổ điển kết hợp cá ngừ ngâm nước với sốt mayonnaise, mặc dù nhiều nhà hàng cung cấp các lựa chọn tùy chỉnh cho loại bánh mì và lớp phủ rau củ.",88
66e20ceb-025d-5ec2-a1b3-4b3374b5cc72,,,Cay cá ngừ Hand Roll (Spicy Tuna Hand Roll),INGREDIENT,166.67,10.0,6.67,18.0,1.33,2.0,400.0,34d3024c-4bb7-46a0-8480-f45f99dd3d32,,,"Món cuộn cá ngừ cay là một kiểu chế biến sushi hình nón bao gồm cá ngừ sống loại sushi trộn với mayo cay, bọc trong rong biển nori và cơm dày dạn. Món sushi phổ biến này kết hợp protein nạc của cá ngừ tươi với nước sốt kem, cay, thường được dùng ngay để duy trì kết cấu giòn của nori. Hình thức cuộn tay cung cấp sự kết hợp cân bằng giữa protein và carbohydrate trong một phần duy nhất được thiết kế để ăn bằng tay.",88
947b297a-85bf-59d3-a6ee-772b8acb019b,,,Mực Nigiri (Squid Nigiri),DISH,200.0,14.29,0.71,31.43,1.43,3.57,214.29,34d3024c-4bb7-46a0-8480-f45f99dd3d32,,,"Squid nigiri (ika nigiri) là một món sushi truyền thống của Nhật Bản bao gồm một lát mực tươi đặt trên cơm đã được tẩm gia vị. Tùy chọn sushi ít béo này cung cấp hàm lượng protein vừa phải trong khi vẫn duy trì hương vị tinh tế, trong trẻo đặc trưng của ẩm thực Nhật Bản. Mực thường được nêm nhẹ với muối hoặc nước tương và có thể được khía trên bề mặt để tăng thêm kết cấu mềm khi phục vụ.",88
2925ab5c-1b33-58da-8a7f-e924b6c69d08,,,Smoked cá hồi Crostini (Smoked Salmon Crostini),DISH,300.0,13.33,15.0,26.67,2.5,1.67,616.67,34d3024c-4bb7-46a0-8480-f45f99dd3d32,,,"Crostini cá hồi hun khói là món khai vị trang nhã của vùng Tây Bắc Thái Bình Dương với cá hồi hun khói có nguồn gốc địa phương bên trên những miếng bánh mì tròn giòn. Các lớp món ăn được đánh bông phô mai kem tẩm thảo mộc với cá hồi hun khói lạnh hảo hạng, trang trí với thì là tươi, nụ bạch hoa và hành đỏ cạo vỏ. Món khai vị tinh tế này kết hợp các axit béo omega-3 phong phú với kết cấu tương phản và hương vị tươi sáng đặc trưng của ẩm thực từ trang trại đến bàn ăn ở vùng Tây Bắc Thái Bình Dương.",88
87335a60-dff1-5c04-b38b-9f30052c0d8e,,,Drunken mì/bún với tôm (Drunken Noodles with Shrimp),DISH,202.94,8.24,6.47,27.94,1.0,2.65,352.94,34d3024c-4bb7-46a0-8480-f45f99dd3d32,,,"Mỳ say tôm là món xào cay kiểu Thái với sợi bún sợi to, tôm mọng nước và rau tươi rưới nước sốt cay mặn. Món ăn giàu protein này kết hợp tôm mềm với ớt chuông, hành tây và húng quế Thái, tất cả được trộn với hỗn hợp đầy hương vị của nước tương và dầu hào. Mặc dù cung cấp sự kết hợp cân bằng giữa protein và rau, khẩu phần ăn tại nhà hàng có xu hướng nhiều và có thể chứa nhiều natri và carbohydrate.",88
38c6831a-0a75-546b-8675-04ed6150ca57,,,Alaskan King cua Legs (Alaskan King Crab Legs),INGREDIENT,97.01,19.4,1.49,1.49,0.0,0.0,1071.64,34d3024c-4bb7-46a0-8480-f45f99dd3d32,,,"Chân cua hoàng đế Alaska là món ngon hải sản cao cấp được đánh giá cao nhờ thịt ngọt, mềm và kích thước ấn tượng. Những chiếc chân giáp xác do nhà hàng phục vụ này thường được hấp và ăn kèm với bơ và chanh tan chảy, cung cấp nguồn protein nạc đặc biệt giàu vitamin B12, selen và kẽm. Mỗi khẩu phần cung cấp lượng protein chất lượng cao đáng kể trong khi vẫn ít chất béo, mặc dù cách chế biến truyền thống với bơ rút sẽ bổ sung thêm calo và chất béo cho món ăn.",88
d6b2b163-75bf-52de-a8ed-7a51cf515cb4,,,Cedar Plank cá hồi (Cedar Plank Salmon),INGREDIENT,238.77,24.23,13.66,4.85,0.0,3.96,264.32,34d3024c-4bb7-46a0-8480-f45f99dd3d32,,,"Cá hồi Cedar Plank là một đặc sản của Tây Bắc Thái Bình Dương, nơi cá hồi đánh bắt tự nhiên được nướng trên gỗ tuyết tùng ngâm nước, mang đến cho cá hương vị thơm, khói đặc trưng. Phương pháp chế biến này, phổ biến trong các nhà hàng từ trang trại đến bàn ăn, duy trì thành phần giàu omega-3 tự nhiên của cá đồng thời tạo ra kết cấu mềm, mịn. Món ăn này thường có cá hồi có nguồn gốc bền vững được tẩm gia vị đơn giản với các loại thảo mộc và cam quýt, cung cấp nguồn protein tuyệt vời đồng thời thể hiện di sản ẩm thực của khu vực.",88
6a05f805-2a1e-5a2a-8db7-6aca74aa58dd,,,Efo Riro với Fish (Efo Riro with Fish),INGREDIENT,92.92,6.25,4.58,6.67,2.5,2.5,225.0,34d3024c-4bb7-46a0-8480-f45f99dd3d32,,,"Efo Riro là món hầm rau bina giàu dinh dưỡng của Nigeria được chế biến theo truyền thống với cá tươi và nấu trong dầu cọ cùng gia vị thơm. Món ăn thịnh soạn này kết hợp các loại rau lá xanh mềm với nước sốt cà chua thơm ngon, hơi cay, có sự pha trộn đậm đà của ớt, hành tây và gia vị truyền thống. Thường được phục vụ tại các nhà hàng Nigeria với cơm hoặc fufu, món hầm giàu protein này cung cấp đáng kể chất xơ và khoáng chất thiết yếu đồng thời mang đến hương vị Tây Phi đích thực.",88
bec9d952-865b-59ad-a929-cab7d27e2665,,,Chiên tôm Po' Boy (Fried Shrimp Po' Boy),DISH,194.0,7.6,9.9,20.0,2.0,3.0,380.0,34d3024c-4bb7-46a0-8480-f45f99dd3d32,,,"Fried Shrimp Po' Boy là một loại bánh sandwich New Orleans cổ điển có tôm tẩm bột giòn được xếp vào một chiếc bánh mì baguette kiểu Pháp giòn và ăn kèm với rau diếp, cà chua, dưa chua và nước sốt remoulade thơm. Món ăn mang tính biểu tượng của Louisiana này tạo nên sự tương phản giữa hải sản chiên giòn với bánh mì mềm và gia vị kem cay, mang đến một bữa ăn nhiều calo, giàu protein và carbohydrate. Mặc dù được yêu thích vì hương vị đậm đà và ý nghĩa văn hóa, nhưng nó thường chứa các chất gây dị ứng như động vật có vỏ và gluten, đồng thời cách chế biến món chiên của nó làm tăng hàm lượng chất béo bão hòa.",88
5f5ab7ad-f4bf-54eb-9c59-cc9114bca5a8,,,Fish Tagine (Fish Tagine),INGREDIENT,94.29,10.0,2.29,8.57,2.0,2.29,200.0,34d3024c-4bb7-46a0-8480-f45f99dd3d32,,,"Fish Tagine là một món ăn Bắc Phi thường được phục vụ trong các nhà hàng ở Israel, nơi cá trắng được nấu chậm với rau và đậu xanh trong nước sốt gia vị đặc biệt. Món ăn thơm này kết hợp cá mềm với sự pha trộn hương vị của thì là, ớt bột và các loại gia vị ấm khác trong nước sốt đậm đà làm từ cà chua, được chế biến theo kiểu truyền thống trong nồi đất hình nón. Sự kết hợp giàu protein giữa cá và đậu xanh cùng với nhiều loại rau sẽ tạo nên một bữa ăn giàu dinh dưỡng, ít chất béo bão hòa và chứa nhiều axit béo omega-3.",88
35bf0515-0e77-5ca0-b68e-e7a05de4bd1d,,,Machbous với Fish (Machbous with Fish),INGREDIENT,122.22,6.22,4.0,21.11,0.89,0.89,1037.78,34d3024c-4bb7-46a0-8480-f45f99dd3d32,,,"Machbous với cá là một món ăn nổi tiếng của Qatar kết hợp cơm basmati thơm gia vị với cá vùng Vịnh, điển hình là cá bống tượng. Món ăn này nổi bật nhờ phương pháp nấu nhiều lớp, trong đó cá được ướp và chiên riêng trước khi kết hợp với cơm được tẩm một hỗn hợp gia vị phức tạp bao gồm baharat, chanh khô và nghệ tây. Món ăn quốc gia của Qatar này đại diện cho một bữa ăn hoàn chỉnh cân bằng giữa cá giàu protein với cơm thơm và các loại gia vị truyền thống của vùng Vịnh.",88
00c01f60-45c5-5ea0-b594-a4ed82783022,,,Tôm hùm lontonese (Lobster Cantonese),INGREDIENT,154.84,10.6,10.6,10.6,0.46,2.77,368.66,34d3024c-4bb7-46a0-8480-f45f99dd3d32,,,"Tôm hùm Quảng Đông là một món ăn cổ điển của nhà hàng Trung Quốc với thịt tôm hùm được chế biến từ thịt lợn xay trong nước sốt lòng trắng trứng mịn. Món ăn kết hợp những miếng tôm hùm mềm với gừng thơm và hành lá, kết thúc bằng nước sốt đậm đà được làm đặc bằng bột bắp và trứng đánh bông. Mặc dù giàu protein từ cả tôm hùm và thịt lợn, nhưng chế phẩm này có hàm lượng chất béo và natri cao hơn đáng kể so với tôm hùm chế biến đơn giản do cách chế biến và nước sốt kiểu nhà hàng.",88
c402ff39-1a73-532e-9066-2c04b4e5709a,,,Smoked cá hồi Crepe (Smoked Salmon Crepe),DISH,240.0,11.2,18.4,12.0,0.6,1.6,720.0,34d3024c-4bb7-46a0-8480-f45f99dd3d32,,,"Bánh crepe cá hồi hun khói là một loại bánh mỏng thơm ngon kiểu Pháp chứa đầy cá hồi hun khói lạnh hảo hạng và phết kem phô mai. Đặc sản nhà hàng này thường bao gồm các đồ trang trí như bạch hoa, thảo mộc tươi và đôi khi là hành đỏ, tạo nên sự pha trộn sang trọng giữa hương vị và kết cấu. Mặc dù có hàm lượng calo và natri tương đối cao nhưng nó lại cung cấp hàm lượng protein đáng kể và axit béo omega-3 có lợi từ cá hồi hun khói.",88
3d217f70-b9cb-510f-ace5-201effc6863c,,,Cay cá ngừ Wrap (Spicy Tuna Wrap),INGREDIENT,168.0,7.2,7.2,22.4,2.0,2.4,596.0,34d3024c-4bb7-46a0-8480-f45f99dd3d32,,,"Gói cá ngừ cay là một bữa ăn di động kết hợp salad cá ngừ dày dạn với các thành phần cay như tương ớt hoặc sriracha trong vỏ bánh tortilla. Việc chuẩn bị tại nhà hàng này thường bao gồm các loại rau tươi như rau diếp và dưa chuột, tạo nên một bữa ăn cân bằng cung cấp khoảng 15-18 gam protein. Sự kết hợp giữa salad cá ngừ kem và gia vị cay mang lại hương vị thay thế cho cách trình bày bánh sandwich truyền thống.",88
3029c124-f2ee-59e8-b280-7c082fe54c90,,,Banku với Tilapia (Banku with Tilapia),DISH,100.0,6.0,1.3,13.6,1.2,1.6,250.0,34d3024c-4bb7-46a0-8480-f45f99dd3d32,,,"Banku with Tilapia là món ăn truyền thống của Tây Phi kết hợp giữa ngô và bột sắn lên men với cá nướng và sốt tiêu cay. Banku cung cấp carbohydrate thịnh soạn ở dạng quả bóng mịn, đặc, trong khi cá rô phi tẩm gia vị cung cấp protein nạc và axit béo omega-3. Bữa ăn hoàn chỉnh này thường được phục vụ với nước sốt ớt cay có thể tùy chỉnh được làm từ cà chua tươi và ớt habanero, tạo ra sự cân bằng hài lòng giữa hương vị tinh bột, khói và cay.",75
8b69dd05-d5d1-5850-85c6-9dba2fd132e2,,,Smoked cá hồi và kem phô mai Belgian Waffle (Smoked Salmon and Cream Cheese Belgian Waffle),DISH,220.59,12.35,12.65,18.82,0.88,3.53,330.88,34d3024c-4bb7-46a0-8480-f45f99dd3d32,,,"Món ăn sáng đặc biệt này có bánh quế Bỉ giòn, đích thực với cá hồi hun khói cao cấp, phô mai kem béo ngậy và trứng bác bông mịn. Sự kết hợp tạo ra sự tương phản ngọt-ngon thanh lịch, với lớp bánh quế nhẹ, thoáng mát tạo nên lớp nền hoàn hảo cho lớp phủ giàu protein. Món ăn nửa buổi đáng kể này cung cấp một lượng cân bằng các chất dinh dưỡng đa lượng, bao gồm cả axit béo omega-3 có lợi từ cá hồi.",88
26adcf4e-bbf8-5f9e-a04e-33962ed0b209,,,Sayadeya Fish (Sayadeya Fish),INGREDIENT,112.5,1.5,4.25,16.25,0.75,0.5,417.5,34d3024c-4bb7-46a0-8480-f45f99dd3d32,,,"Cá Sayadeya là một món hải sản truyền thống của Ai Cập gồm có cá trắng phủ gia vị ăn kèm với cơm vàng thơm. Cá thường được chiên hoặc quay và ăn kèm với cơm nấu với hành tây caramen và sự pha trộn đặc biệt của các loại gia vị bao gồm nghệ, thì là và rau mùi. Đặc sản ven biển này theo truyền thống được trang trí bằng hạnh nhân nướng, các loại thảo mộc tươi và thường đi kèm với nước sốt chanh-tahini.",88
4fdd3d8b-fc34-551d-b38a-b3a74ae143fc,,,BBQ tôm (BBQ Shrimp),INGREDIENT,167.4,20.7,1.76,15.86,0.44,9.69,484.58,34d3024c-4bb7-46a0-8480-f45f99dd3d32,,,"Tôm nướng BBQ là cách chế biến theo phong cách nhà hàng, trong đó tôm lớn được nướng hoặc áp chảo và rưới nước sốt thịt nướng thơm và ngọt. Món ăn giàu protein này thường cung cấp 28-47 gram protein mỗi khẩu phần, với lượng calo dao động từ 250-380 tùy thuộc vào số lượng nước sốt và phương pháp chế biến. Món ăn thường được phục vụ theo khẩu phần hào phóng gồm 6-8 con tôm lớn, thường đi kèm với nước sốt đặc trưng và các món ăn kèm nhà hàng hải sản truyền thống.",88
0000d9ad-a3fd-5bf2-a8ad-b0eefbfbacf9,,,Vẹm in White Wine sốt (Mussels in White Wine Sauce),DISH,95.0,9.29,3.57,3.57,0.36,0.71,428.57,34d3024c-4bb7-46a0-8480-f45f99dd3d32,,,"Vẹm sốt rượu vang trắng là một món hải sản cổ điển, trong đó hến tươi được hấp trong nước sốt thơm ngon gồm rượu vang trắng, bơ, tỏi và các loại thảo mộc thơm. Món ăn kết quả là sự kết hợp của động vật có vỏ mềm, giàu protein với nước dùng đầy hương vị thường được làm giàu với bơ và trang trí bằng mùi tây tươi. Ngoài hương vị đậm đà, mặn mà, chế phẩm này còn mang lại những lợi ích dinh dưỡng đáng kể, bao gồm protein chất lượng cao, axit béo omega-3 và vitamin B12.",75
0a9e5688-c534-5359-b33f-4a9cf2228a22,,,Hải sản Stuffed Mushrooms (Seafood Stuffed Mushrooms),DISH,200.0,6.0,12.0,16.0,2.0,2.0,475.0,34d3024c-4bb7-46a0-8480-f45f99dd3d32,,,"Nấm nhồi hải sản là món khai vị phong phú có mũ nấm chứa đầy hỗn hợp hải sản (thường là tôm, cua hoặc tôm) trộn với phô mai, vụn bánh mì và gia vị Cajun/Creole đặc biệt. Những món ăn mặn này thường được nướng cho đến khi có màu vàng nâu, tạo nên sự tương phản giữa lớp trên giòn, dày dặn và nhân hải sản béo ngậy. Chế biến của nhà hàng đặc biệt giàu chất béo và natri do sử dụng nhiều bơ, pho mát và gia vị Cajun cay.",88
5c5e2467-3570-5363-9b59-3a4b3202c240,,,Tôm hùm Bake (Lobster Bake),INGREDIENT,185.15,7.43,13.07,9.51,0.79,0.99,446.53,34d3024c-4bb7-46a0-8480-f45f99dd3d32,,,"Tôm hùm nướng là một bữa tiệc hải sản truyền thống của New England bao gồm tôm hùm tươi, tôm, trai và sò điệp, thường được phục vụ với ngô và khoai tây trong sốt bơ tỏi. Món ăn thịnh soạn này được chế biến theo cách truyền thống bằng cách hấp hoặc nướng các nguyên liệu với nhau trong gói giấy bạc, để hương vị hòa quyện trong khi vẫn giữ được vị ngọt tự nhiên của hải sản. Mặc dù cung cấp protein chất lượng cao và axit béo omega-3 có lợi, các suất ăn tại nhà hàng thường có xu hướng hào phóng và giàu calo do nước sốt làm từ bơ.",88
46645b4e-d41d-56cd-8399-7ccde1c781fb,,,Tôm với tôm hùm sốt (Shrimp with Lobster Sauce),DISH,88.03,6.69,4.75,3.87,0.88,1.41,482.39,34d3024c-4bb7-46a0-8480-f45f99dd3d32,,,"Tôm sốt tôm hùm là một món ăn nổi tiếng của nhà hàng Mỹ gốc Hoa với tôm mềm trong nước sốt làm từ trứng thơm ngon, mặc dù có tên như vậy nhưng không có tôm hùm. Nước sốt kem thường được làm từ thịt lợn xay, tỏi, gừng và đậu đen lên men, tạo nên hương vị umami đậm đà. Món ăn giàu protein này chứa khoảng 38 gam protein trong mỗi khẩu phần, mặc dù nó có hàm lượng natri cao và thường được phục vụ cùng cơm trắng.",88
3645db3b-c77d-5495-8346-e103206b858f,,,Dungeness cua Benedict (Dungeness Crab Benedict),INGREDIENT,200.0,11.43,12.86,8.57,0.86,1.43,422.86,34d3024c-4bb7-46a0-8480-f45f99dd3d32,,,"Cua Dungeness Benedict là một món ăn sáng cổ điển được chế biến sang trọng theo phong cách Tây Bắc Thái Bình Dương, bao gồm thịt cua Dungeness có nguồn gốc địa phương bên trên trứng luộc và bánh nướng xốp kiểu Anh. Món chế biến hấp dẫn này được hoàn thành với nước sốt hollandaise truyền thống và thường được trang trí bằng các loại thảo mộc tươi, cung cấp khoảng 700 calo mỗi khẩu phần. Món ăn kết hợp hương vị ngọt ngào, tinh tế của thịt cua thượng hạng với sốt hollandaise đậm đà, đồng thời cung cấp hàm lượng protein đáng kể và axit béo omega-3 có lợi.",88
32fbb3c7-d023-5cd7-8709-837e1947ad03,,,Nicoise Salad với cá ngừ (Nicoise Salad with Tuna),DISH,113.75,7.0,8.75,1.75,0.75,1.0,225.0,34d3024c-4bb7-46a0-8480-f45f99dd3d32,,,"Nicoise Salad là món salad cổ điển của Pháp bao gồm cá ngừ giàu protein, trứng luộc chín và nhiều loại rau tươi bao gồm đậu xanh, cà chua và ô liu. Món ăn kiểu Địa Trung Hải này kết hợp các nguyên liệu này với rau trộn và nước sốt dầu giấm nhẹ, tạo ra một bữa ăn cân bằng dinh dưỡng, giàu chất béo và protein lành mạnh. Trong môi trường nhà hàng, nó thường được phục vụ như một món salad món chính thịnh soạn với khẩu phần đủ phong phú để mang đến một bữa ăn hoàn chỉnh.",88
978fdf00-bbba-5fd4-883f-632e6182abdf,,,Hải sản Congee (Seafood Congee),DISH,58.33,4.17,0.83,8.33,0.21,0.42,220.83,34d3024c-4bb7-46a0-8480-f45f99dd3d32,,,"Cháo hải sản là món cháo châu Á dễ chịu thường được phục vụ tại các nhà hàng dim sum. Món ăn ngon này kết hợp cơm sôi chậm với nhiều loại hải sản khác nhau như tôm, cá hoặc sò điệp, thường được nêm với gừng, tỏi và nước tương. Món ăn kết quả cung cấp một bữa ăn giàu protein với lượng calo vừa phải, mặc dù nó có thể chứa nhiều natri hơn và thường được trang trí bằng hành lá, trứng bảo quản hoặc các loại gia vị truyền thống khác.",88
025e865f-e3fb-5d2b-96b8-7640b572fa33,,,Cua Poke bát (Crab Poke Bowl),INGREDIENT,218.75,9.38,7.81,28.12,1.88,4.69,468.75,34d3024c-4bb7-46a0-8480-f45f99dd3d32,,,"A Crab Poke Bowl là món ăn lấy cảm hứng từ Hawaii với thịt cua giả được tẩm gia vị ăn kèm cơm sushi với các loại đồ ăn kèm có thể tùy chỉnh. Món ăn nhà hàng này thường bao gồm rau tươi, salad rong biển và nước sốt lấy cảm hứng từ châu Á, thường được trang trí bằng bơ, dưa chuột và các nguyên liệu giòn. Mặc dù cung cấp một nguồn protein tốt và chất béo lành mạnh, hàm lượng dinh dưỡng thay đổi đáng kể dựa trên khẩu phần ăn và lựa chọn lớp phủ, với lượng calo thường dao động từ 350-1000 mỗi bát.",88
b274a3e2-6edd-5910-9fa8-4b3865a081c1,,,Kenkey với chiên Fish (Kenkey with Fried Fish),DISH,114.29,7.71,4.0,9.43,0.86,0.86,157.14,34d3024c-4bb7-46a0-8480-f45f99dd3d32,,,"Kenkey with Fried Fish là một món ăn truyền thống của Tây Phi gồm bột ngô lên men ăn kèm với cá chiên giòn, điển hình là cá rô phi hoặc cá thu. Kenkey được làm bằng cách lên men và hấp bột bột ngô, tạo thành một loại thực phẩm đặc, hơi chua, cung cấp carbohydrate phức tạp. Bữa ăn cân bằng này theo truyền thống được phục vụ với sốt tiêu cay (shito) và cung cấp thành phần dinh dưỡng phong phú kết hợp cá giàu protein với ngũ cốc lên men giàu chất xơ.",88
aa10dbc8-4532-5a22-bf58-97d3ba3b67c7,,,Tôm Basket (Shrimp Basket),INGREDIENT,187.5,15.0,7.5,17.5,1.25,1.75,350.0,34d3024c-4bb7-46a0-8480-f45f99dd3d32,,,"Giỏ Tôm là một bữa ăn nhà hàng thịnh soạn với tôm tẩm gia vị, tẩm bột và chiên làm món ăn chính. Chế phẩm Cajun/Creole này thường bao gồm các món truyền thống như hushpuppies, khoai tây chiên tẩm gia vị hoặc bột phô mai và xà lách trộn, tạo ra một bữa ăn thịnh soạn có thể vượt quá 700 calo. Tôm cung cấp protein nạc trong khi các thành phần chiên và các món giàu dinh dưỡng đóng góp đáng kể chất béo và carbohydrate, với gia vị Cajun đặc trưng tạo thêm vị cay và hàm lượng natri đáng chú ý.",88
d8da4dba-c6fa-517c-8c89-2fde33615191,,,Machbous tôm (Machbous Shrimp),INGREDIENT,130.0,6.0,3.5,22.75,0.75,1.25,1167.5,34d3024c-4bb7-46a0-8480-f45f99dd3d32,,,"Tôm Machbous là một món ăn tinh tế của người Dubai với tôm mọng nước được xếp lớp với cơm basmati thơm và sự pha trộn phức tạp của các loại gia vị vùng Vịnh. Chế biến bữa ăn hảo hạng này kết hợp động vật có vỏ hảo hạng với hỗn hợp gia vị phức tạp bao gồm bạch đậu khấu, quế và chanh khô (loomi), tất cả đều được nấu trong nước dùng hải sản đậm đà. Món ăn này thể hiện ẩm thực truyền thống của vùng Vịnh thông qua kỹ thuật xếp lớp cẩn thận và hương vị phức tạp, cung cấp cả protein và carbohydrate trong một cách trình bày trang nhã.",88
a05b2312-3828-574d-8075-dd1e03fb00ef,,,Hải sản Cioppino (Seafood Cioppino),DISH,79.18,8.16,2.04,3.88,0.82,1.63,224.49,34d3024c-4bb7-46a0-8480-f45f99dd3d32,,,"Hải sản Cioppino là món hải sản hầm thịnh soạn làm từ cà chua với nhiều loại hải sản tươi sống bao gồm tôm, sò điệp, cá và động vật có vỏ. Món ăn giàu protein này kết hợp hải sản địa phương trong nước dùng thơm ngon được tăng cường với rượu vang trắng, tỏi và rau thơm. Như được phục vụ trong các cơ sở hải sản ở New England, nó cung cấp một bữa ăn nhẹ nhàng hơn nhưng thỏa mãn hơn, đặc biệt là có hàm lượng protein cao trong khi vẫn có lượng calo và chất béo vừa phải.",88
3bf4d020-5c73-513d-86cc-54e55b5be0d5,,,Cá ngừ Tartare Tacos (Tuna Tartare Tacos),DISH,120.69,10.34,6.21,12.07,2.07,1.38,172.41,34d3024c-4bb7-46a0-8480-f45f99dd3d32,,,"Cá ngừ Tartare Tacos là một món ăn kết hợp sáng tạo kết hợp cá ngừ tươi sống loại sushi với cách trình bày lấy cảm hứng từ Mexico. Cá ngừ thái hạt lựu thường được tẩm gia vị mang phong cách châu Á như nước tương và dầu mè, sau đó dùng kèm với bánh ngô với các món ăn kèm tươi như bơ, chanh và ngò. Món ăn giàu protein này cung cấp thành phần dinh dưỡng cân bằng, bao gồm axit béo omega-3 chất lượng cao từ cá ngừ trong khi vẫn duy trì hương vị nhẹ nhàng, tươi ngon đặc trưng của ẩm thực kết hợp cao cấp.",88
2cd732a4-409f-54cc-8a0e-9147cfaa3b4b,,,Yakisoba mì/bún với tôm (Yakisoba Noodles with Shrimp),DISH,108.33,5.0,1.67,18.33,0.67,2.0,216.67,34d3024c-4bb7-46a0-8480-f45f99dd3d32,,,"Yakisoba với tôm là món mì lấy cảm hứng từ Nhật Bản được chế biến trên vỉ nướng teppanyaki phẳng trước mặt thực khách tại nhà hàng. Bữa ăn hoàn chỉnh này bao gồm mì lúa mì xào với tôm mọng nước, các loại rau tươi như bắp cải và cà rốt, cùng nước sốt mặn ngọt đặc biệt kết hợp giữa sốt Worcestershire, đậu nành và hàu. Phương pháp nấu teppanyaki tạo ra một món ăn cân bằng với hương vị caramen mà vẫn giữ được độ giòn của rau và độ dai đặc trưng của mì.",88
0f6e0602-26af-5cd0-a532-8963dd5f48a9,,,Poke bát với cá hồi (Poke Bowl with Salmon),INGREDIENT,137.5,6.25,5.0,13.75,3.0,1.25,225.0,34d3024c-4bb7-46a0-8480-f45f99dd3d32,,,"Bát poke với cá hồi là một món ăn tươi ngon gồm cá hồi cấp sashimi được phục vụ trên nền cơm hoặc rau xanh với nhiều loại rau tươi và lớp phủ trên lấy cảm hứng từ châu Á. Chế phẩm tập trung vào sức khỏe này thường bao gồm các thành phần đậm đặc chất dinh dưỡng như bơ, đậu nành Nhật Bản và rong biển, trộn với nước sốt nhẹ làm từ đậu nành. Món ăn này cung cấp sự kết hợp cân bằng giữa protein nạc, chất béo lành mạnh và carbohydrate phức hợp, đồng thời cung cấp axit béo omega-3 đáng kể từ cá hồi.",88
08c6fe66-e924-5381-af8e-1ed2b2215a94,,,Trứng Nigiri (Egg Nigiri),DISH,250.0,12.5,10.71,25.0,0.89,5.36,482.14,34d3024c-4bb7-46a0-8480-f45f99dd3d32,,,"Trứng nigiri là một món sushi cổ điển bao gồm trứng tráng Nhật Bản (tamago) ngọt được phục vụ trên cơm sushi ép bằng tay. Món ăn chủ yếu của quán sushi này kết hợp vị ngọt tinh tế của trứng được xếp lớp cẩn thận với cơm dày dặn, đôi khi được phủ bằng một dải rong biển nori mỏng. Mặc dù có lượng calo tương đối thấp so với các loại sushi khác, nigiri trứng cung cấp sự kết hợp cân bằng giữa protein từ trứng và carbohydrate từ gạo, mặc dù hàm lượng natri và cholesterol có thể thay đổi đáng kể tùy theo nhà hàng.",75
f5d7cc10-e911-5de7-9249-1a2e817d794b,,,Smoked cá hồi Salad (Smoked Salmon Salad),DISH,120.0,6.29,5.71,10.86,1.43,2.29,314.29,34d3024c-4bb7-46a0-8480-f45f99dd3d32,,,"Salad cá hồi hun khói là món ăn lấy cảm hứng từ Scotland với cá hồi hun khói lạnh được phục vụ trên rau trộn tươi với các món ăn kèm truyền thống như hành tím, cà chua bi và dưa chuột. Món salad giàu protein này thường bao gồm nước sốt mù tạt mật ong và cung cấp một lượng đáng kể axit béo omega-3, vitamin B12 và vitamin D. Trong khi cá hồi hun khói có thêm hương vị khói đặc biệt và kết cấu mềm, món ăn này mang đến một sự thay thế nhẹ nhàng hơn cho món cá và khoai tây chiên truyền thống.",88
704eecb9-882a-5513-b4ab-ec71f974541d,,,Blackened Catfish (Blackened Catfish),INGREDIENT,195.29,21.18,11.76,1.18,0.0,0.0,176.47,34d3024c-4bb7-46a0-8480-f45f99dd3d32,,,"Cá da trơn đen là món ăn của nhà hàng Cajun/Creole, trong đó phi lê cá da trơn được phủ các loại gia vị đặc biệt và nướng cho đến khi tạo thành lớp vỏ sẫm màu đầy hương vị. Hỗn hợp gia vị đặc trưng thường bao gồm ớt bột, ớt cayenne, tỏi và các loại thảo mộc, tạo ra bề ngoài có hương vị đậm đà trong khi vẫn giữ được lớp bên trong mềm mại, mịn màng. Món ăn giàu protein này cung cấp khoảng 27-39 gam protein mỗi khẩu phần trong khi vẫn chứa ít carbohydrate, khiến nó trở thành lựa chọn phổ biến cho những ai đang tìm kiếm một lựa chọn có hương vị nhưng bổ dưỡng.",88
4ebc676e-5fdd-58f5-9b22-9e2a0597b3ae,,,Pad Thai với tôm (Pad Thai with Shrimp),INGREDIENT,267.5,7.5,6.25,17.5,1.75,3.0,700.0,34d3024c-4bb7-46a0-8480-f45f99dd3d32,,,"Pad Thai with Tôm là món bún xào cổ điển của Thái Lan với tôm, trứng và giá đỗ giòn trong nước sốt ngọt ngào làm từ me và nước mắm. Nhà hàng yêu thích này kết hợp nhiều kết cấu và hương vị, được trang trí theo kiểu truyền thống với đậu phộng nghiền, chanh và các loại thảo mộc tươi. Mặc dù cung cấp sự cân bằng tốt về protein và carbohydrate, các suất ăn tại nhà hàng thường chứa lượng calo và natri đáng kể, thường vượt quá 1.000 calo mỗi khẩu phần.",88
1d5eee1c-b925-50ee-ae07-478202f6fb3f,,,BBQ tôm Po' Boy (BBQ Shrimp Po' Boy),INGREDIENT,180.0,7.14,8.57,18.29,1.0,1.71,392.86,34d3024c-4bb7-46a0-8480-f45f99dd3d32,,,"A BBQ Tôm Po' Boy là món bánh sandwich cổ điển của Louisiana có tôm vùng Vịnh dày dặn được phục vụ trên bánh mì Pháp giòn. Món bánh sandwich thịnh soạn này kết hợp tôm nướng hoặc chiên với các món trang trí truyền thống gồm rau diếp giòn, cà chua và dưa chua, kết thúc bằng kem rémoulade hoặc sốt mayo. Sự kết hợp giữa tôm tẩm gia vị Cajun, bánh mì giòn và đồ trang trí mát lạnh tạo nên một bữa ăn thịnh soạn thể hiện văn hóa bánh sandwich của New Orleans.",88
3528b000-c6bd-5fa6-8954-2724e43c1aec,,,Mofongo với tôm (Mofongo with Shrimp),INGREDIENT,254.47,8.51,9.36,34.04,2.98,4.26,510.64,34d3024c-4bb7-46a0-8480-f45f99dd3d32,,,"Mofongo với tôm là một món ăn thịnh soạn của Puerto Rico với chuối xanh nghiền nhuyễn kết hợp với thịt heo chiên giòn và phủ tôm dày dạn lên trên. Món khai vị giàu calo này kết hợp giữa tinh bột của chuối nghiền với tôm giàu protein, thường được chế biến với tỏi và nước sốt làm từ cam quýt. Món ăn này đặc biệt có hàm lượng protein và carbohydrate cao, mặc dù các thành phần chiên và thịt lợn giòn đóng góp hàm lượng chất béo và natri đáng kể.",88
130a69b0-4d11-594d-83b4-cf17494b691f,,,Tôm hùm đất Etouffee (Crawfish Etouffee),INGREDIENT,86.67,2.33,6.0,6.0,1.0,1.33,233.33,34d3024c-4bb7-46a0-8480-f45f99dd3d32,,,"Crawfish Etouffee là món ăn Cajun cổ điển có đuôi tôm mềm trong nước sốt đậm đà làm từ roux được làm từ 'bộ ba thần thánh' gồm hành, cần tây và ớt chuông. Món chế biến thịnh soạn tại nhà hàng này thường bắt đầu bằng roux bột bơ và kết hợp các gia vị Cajun truyền thống, tạo ra một loại nước sốt có hương vị đậm đà dùng kèm với cơm. Món ăn này đặc biệt giàu calo do nước sốt đậm đà, cung cấp lượng protein đáng kể từ tôm đồng thời lấy thêm calo từ roux làm từ bơ.",88
e3910522-ff73-5dff-95db-2c0237344be5,,,Hải sản Platter (Seafood Platter),DISH,302.86,10.57,20.57,18.86,0.86,1.43,514.29,34d3024c-4bb7-46a0-8480-f45f99dd3d32,,,"Đĩa hải sản là một bữa ăn kết hợp phong phú gồm nhiều loại hải sản tẩm bột và chiên, thường bao gồm tôm, phi lê cá và mực, thường được phục vụ kèm các món ăn truyền thống như món hush dog và xà lách trộn. Trong khi cung cấp protein chất lượng cao và axit béo omega-3 có lợi từ nhiều nguồn hải sản khác nhau, các món ăn tại nhà hàng thường có xu hướng giàu calo do phương pháp tẩm bột và chiên. Bữa ăn đáng kể này thường dao động từ 1000-2000 calo mỗi khẩu phần, với khẩu phần ăn phù hợp để chia sẻ hoặc các bữa ăn thịnh soạn riêng lẻ.",88
ad7c4f67-3c43-5ce5-bfd6-d1079a5383b2,,,Tôm Har Gow (Shrimp Har Gow),INGREDIENT,190.0,7.0,6.0,27.0,2.0,1.5,390.0,34d3024c-4bb7-46a0-8480-f45f99dd3d32,,,"Har Gow là món bánh bao dim sum cổ điển có lớp bột mì gấp nếp, trong mờ bọc bên ngoài nhân tôm dày dạn. Những chiếc bánh bao mềm mại này được hấp theo cách truyền thống cho đến khi lớp vỏ bọc hơi trong suốt, để lộ con tôm màu hồng bên trong và thường được phục vụ 3-4 miếng mỗi đơn hàng. Sự kết hợp giữa tôm mềm và lớp bọc dai cung cấp hàm lượng protein vừa phải trong khi vẫn tương đối nhẹ khoảng 50-60 calo mỗi miếng.",88
88b899ac-0768-5ecc-a39a-fb4552e83d33,,,Hải sản Enchiladas (Seafood Enchiladas),DISH,208.0,11.8,10.2,20.6,4.8,1.6,444.0,34d3024c-4bb7-46a0-8480-f45f99dd3d32,,,"Enchiladas hải sản là một món ăn của nhà hàng Tex-Mex bao gồm bánh ngô chứa đầy hỗn hợp hải sản (thường là tôm và cua giả) và phủ nước sốt đậm đà làm từ kem và pho mát tan chảy. Món khai vị giàu calo này thường cung cấp hơn 1000 calo mỗi khẩu phần và đặc biệt có hàm lượng protein cao, mặc dù cũng có hàm lượng natri và chất béo đáng kể. Món ăn này thường được phục vụ với cơm truyền thống của Mexico và đậu chiên, tạo nên một bữa ăn nhà hàng hoàn chỉnh về cơ bản hấp dẫn hơn so với các món ăn được chế biến tại nhà.",88
66bea43a-2d60-5fe4-bcf4-e74484b4d7ad,,,Tôm hùm BLT Roll (Lobster BLT Roll),INGREDIENT,209.88,14.4,16.87,1.65,0.41,0.41,518.52,34d3024c-4bb7-46a0-8480-f45f99dd3d32,,,"Tôm hùm cuộn BLT là loại bánh sandwich cao cấp kết hợp thịt tôm hùm Maine tươi với các thành phần BLT cổ điển, thường được phục vụ trên bánh mì nướng bơ. Đặc sản giàu protein này có những miếng thịt tôm hùm được trộn nhẹ với sốt mayonnaise, xếp lớp với thịt xông khói giòn, rau diếp tươi và cà chua. Mặc dù có lượng calo cao hơn cuộn tôm hùm truyền thống nhưng nó cung cấp hàm lượng protein đáng kể và axit béo omega-3 có lợi từ thịt tôm hùm.",88
5c7664ff-6ad5-5219-93c4-7b0e54b5a207,,,Nướng vỉ Bluefish (Grilled Bluefish),DISH,158.97,25.73,5.47,0.0,0.0,0.0,77.01,34d3024c-4bb7-46a0-8480-f45f99dd3d32,,,"Cá xanh nướng là một món hải sản cổ điển của New England gồm cá có thịt chắc được chế biến với các gia vị đơn giản để làm nổi bật hương vị đậm đà, đặc biệt của nó. Loại cá giàu chất dinh dưỡng này đặc biệt giàu protein và axit béo omega-3, đồng thời cung cấp hàm lượng vitamin B12 đặc biệt. Thường được phục vụ như một miếng phi lê béo ngậy với ít đồ ăn kèm, nó được nướng theo cách truyền thống để đạt được bề ngoài hơi giòn trong khi vẫn duy trì kết cấu bong tróc, ẩm tự nhiên.",88
743037ab-6167-5459-8eb2-1aafde4d1adf,,,Blackened tôm (Blackened Shrimp),INGREDIENT,129.41,22.35,3.53,1.18,0.0,0.29,294.12,34d3024c-4bb7-46a0-8480-f45f99dd3d32,,,"Tôm đen là món ăn của nhà hàng Cajun/Creole, trong đó tôm được phủ các loại gia vị đặc biệt và nướng ở nhiệt độ cao để tạo ra lớp vỏ cháy có hương vị đậm đà. Hỗn hợp gia vị thường bao gồm ớt bột, ớt cayenne, tỏi và các loại thảo mộc, mang lại hương vị đậm đà, cay nồng trong khi vẫn giữ được độ mọng nước tự nhiên của tôm. Món ăn giàu protein, ít carbohydrate này thường cung cấp 35-40 gam protein cho mỗi khẩu phần 6 ounce, khiến nó trở thành một lựa chọn giàu chất dinh dưỡng khi được phục vụ mà không có các món chứa nhiều carb.",88
d7273b14-6902-5f93-8429-3303531e1ff4,,,Irish Smoked cá hồi (Irish Smoked Salmon),DISH,133.33,22.98,4.56,0.0,0.0,0.0,1270.18,34d3024c-4bb7-46a0-8480-f45f99dd3d32,,,"Cá hồi hun khói Ailen là một món ngon cá hun khói lạnh cao cấp được chế biến theo truyền thống sử dụng cá hồi Đại Tây Dương và khói gỗ sồi. Loại cá giàu protein này được đặc trưng bởi kết cấu bơ và hương vị khói tinh tế, đồng thời cung cấp một lượng đáng kể axit béo omega-3 và vitamin B12. Thường được phục vụ với những lát mỏng như món khai vị trong các quán rượu ở Ireland, nó thường đi kèm với bánh mì nâu và đồ trang trí truyền thống.",88
ed05a379-af32-51be-bdf1-6978d290424b,,,Tôm hùm hầm (Lobster Stew),DISH,99.12,5.51,5.51,3.3,0.44,0.66,176.21,34d3024c-4bb7-46a0-8480-f45f99dd3d32,,,"Tôm hùm hầm là một đặc sản sang trọng của Maine với những miếng thịt tôm hùm tươi trong nước dùng đậm đà làm từ kem được tăng cường với rượu sherry và bơ. Cách chế biến truyền thống này kết hợp nước luộc tôm hùm đặc với kem béo, tạo ra lớp nền mềm mượt, có hương vị vừa tinh tế vừa dễ chịu. Mặc dù có hàm lượng protein cao từ thịt tôm hùm nhưng món hầm cũng chứa nhiều calo do các thành phần từ sữa, thường cung cấp 400-500 calo mỗi khẩu phần.",88
111c4812-9c95-5de9-8fb2-c35f86c14a4d,,,Pacific Cod Fish và Chips (Pacific Cod Fish and Chips),INGREDIENT,175.0,8.75,6.25,17.5,1.25,1.5,250.0,34d3024c-4bb7-46a0-8480-f45f99dd3d32,,,"Món ăn từ trang trại đến bàn ăn này có phi lê cá tuyết Thái Bình Dương có nguồn gốc bền vững được chế biến bằng bột bánh giòn, nhẹ và ăn kèm với khoai tây cắt dày của địa phương. Cá tuyết đánh bắt tự nhiên cung cấp protein nạc và axit béo omega-3, trong khi kỹ thuật đánh bột tối thiểu vẫn giữ được kết cấu bong tróc tự nhiên và hương vị nhẹ nhàng của cá. Thường được dùng kèm với sốt tartar tự làm hoặc giấm mạch nha, chế phẩm này nhấn mạnh các nguyên liệu của vùng và phương pháp đánh bắt bền vững đặc trưng của ẩm thực Tây Bắc Thái Bình Dương.",88
e69b9228-c4a9-5ae1-adca-1d5e944488d0,,,Cay tôm hùm Roll (Spicy Lobster Roll),INGREDIENT,209.09,14.55,7.73,22.73,1.36,3.18,613.64,34d3024c-4bb7-46a0-8480-f45f99dd3d32,,,"A Lobster Roll cay là một loại bánh sandwich hải sản cao cấp bao gồm những miếng thịt tôm hùm Maine tươi được trộn với sốt mayo cay và được phục vụ trong một chiếc bánh mì nướng đôi. Biến thể của món cuộn tôm hùm Maine cổ điển này kết hợp sức nóng từ các nguyên liệu như sriracha hoặc jalapeños trong khi vẫn duy trì điểm nhấn truyền thống là thịt tôm hùm dai, chất lượng cao. Mỗi cuộn đáng kể cung cấp một nguồn protein đáng kể đồng thời mang đến sự kết hợp sang trọng giữa hương vị hải sản phong phú và vị cay.",88
0f345230-9eaa-545d-a241-871e656e4b84,,,Goi Tom hải sản Salad (Goi Tom Seafood Salad),DISH,76.67,9.0,2.33,6.0,2.0,2.67,166.67,34d3024c-4bb7-46a0-8480-f45f99dd3d32,,,"Goi Tom là món gỏi tôm của Việt Nam kết hợp tôm luộc với bắp cải thái nhỏ, củ cải muối và rau thơm tươi trong nước sốt nước mắm đặc trưng. Món ăn nhẹ nhàng nhưng thỏa mãn này có sự kết hợp cân bằng giữa kết cấu và hương vị, từ đậu phộng giòn đến tôm mềm, tất cả được thống nhất bởi nước chấm có vị chua ngọt. Giàu protein nạc và chất xơ, món này mang đến một lựa chọn bổ dưỡng thể hiện nét tươi mới, sôi động của ẩm thực Việt Nam.",88
f98fc821-fbb4-5429-98f0-d4e5f8408da2,,,Fish Balls (Fish Balls),INGREDIENT,111.2,12.4,2.6,8.8,0.2,0.8,820.0,34d3024c-4bb7-46a0-8480-f45f99dd3d32,,,"Cá viên là món khai vị phổ biến của người Philippines được làm từ thịt cá trắng dày dặn trộn với tinh bột và tạo thành những quả cầu nhỏ. Những miếng bánh giàu protein này thường được chiên ngập dầu cho đến khi có màu vàng nâu, tạo nên lớp vỏ ngoài giòn trong khi vẫn giữ được lớp bên trong mềm mại, bồng bềnh. Theo truyền thống, được phục vụ nóng với nước chấm làm từ giấm hoặc ớt ngọt, chúng mang đến sự kết hợp hài lòng giữa kết cấu và hương vị đặc trưng của ẩm thực đường phố Philippines.",88
28e02f21-8ca3-57ee-a1ca-44878db6fcda,,,Cá hồi Hand Roll (Salmon Hand Roll),INGREDIENT,110.91,7.27,5.45,8.18,0.91,1.82,181.82,34d3024c-4bb7-46a0-8480-f45f99dd3d32,,,"Cuộn tay cá hồi là một món sushi hình nón bao gồm cá hồi tươi sống và cơm dày dạn được bọc trong rong biển nori giòn. Món ăn truyền thống Nhật Bản này được cuộn bằng tay theo đơn đặt hàng và thường chứa 120-168 calo mỗi khẩu phần, cung cấp sự kết hợp cân bằng giữa protein và axit béo omega-3 lành mạnh. Định dạng di động làm cho nó trở thành một lựa chọn phục vụ cá nhân phổ biến tại các nhà hàng sushi, nơi nó thường được trang trí bằng dưa chuột hoặc bơ.",88
24e53d18-1e60-5ae1-aaca-3f0d02c953f9,,,Salad cá ngừ Bagel bánh mì kẹp (Tuna Salad Bagel Sandwich),DISH,275.93,10.37,11.62,33.61,1.66,2.07,499.59,34d3024c-4bb7-46a0-8480-f45f99dd3d32,,,"Bánh mì kẹp salad cá ngừ bagel là một món ăn ngon phong cách với salad cá ngừ làm từ sốt mayonnaise được phục vụ trên bánh mì tròn tươi. Cách chế biến tại nhà hàng này thường kết hợp cá ngừ thái miếng, sốt mayonnaise, rau thái hạt lựu và gia vị, thường được trang trí bằng rau diếp và cà chua. Được phục vụ trong các cửa hàng bánh mì tròn, đây là một bữa ăn giàu calo cung cấp khoảng 25 gam protein, mặc dù nó có hàm lượng natri cao và chứa đáng kể carbohydrate từ bánh mì tròn.",88
d088a7ba-426e-50bd-909e-b25d60ee35b0,,,Tôm hùm đất Pie (Crawfish Pie),INGREDIENT,217.95,6.41,8.97,22.44,1.28,1.28,256.41,34d3024c-4bb7-46a0-8480-f45f99dd3d32,,,"Crawfish Pie là món ăn Cajun/Creole truyền thống có đuôi tôm tẩm gia vị nướng trong lớp vỏ bánh ngọt xốp. Nhân mặn kết hợp 'bộ ba' hành tây, ớt chuông và cần tây của Louisiana với cơm và các loại gia vị Cajun đặc biệt. Đặc sản thịnh soạn của vùng này thường cung cấp lựa chọn món chính có hàm lượng calo vừa phải, với lớp vỏ bơ béo ngậy bao quanh hỗn hợp gia vị thơm ngon gồm tôm và rau mềm.",88
d9da7b61-b4d5-53ec-ab3d-b49ffb328e6f,,,Tôm và hàu Combo Po' Boy (Shrimp and Oyster Combo Po' Boy),INGREDIENT,325.0,6.75,16.25,21.25,0.62,2.5,562.5,34d3024c-4bb7-46a0-8480-f45f99dd3d32,,,"Combo Tôm và Hàu Po' Boy là một món bánh sandwich ngon của Louisiana kết hợp cả tôm chiên giòn và hàu trên bánh mì truyền thống của Pháp. Món sáng tạo thịnh soạn này thường được ăn kèm với rau diếp tươi, cà chua, dưa chua và nước sốt remoulade, tạo nên một phần ăn hấp dẫn hơn so với các phiên bản hải sản đơn lẻ. Sự kết hợp giữa hải sản tẩm bột và chiên với nhiều gia vị sẽ tạo ra một bữa ăn có hàm lượng calo cao, cung cấp lượng protein đáng kể nhưng cũng chứa đáng kể chất béo và natri.",88
37edc4e8-b7e0-57df-bf1d-bc33cc05a4fa,,,Pannenkoeken với Smoked cá hồi và Dill (Pannenkoeken with Smoked Salmon and Dill),DISH,138.89,7.78,8.89,10.0,0.67,1.11,611.11,34d3024c-4bb7-46a0-8480-f45f99dd3d32,,,"Pannenkoeken với cá hồi hun khói và thì là là một loại bánh kếp thơm ngon kiểu Hà Lan, to và mỏng hơn đáng kể so với bánh kếp kiểu Mỹ. Đặc sản của nhà hàng này có một chiếc bánh kếp lớn, viền giòn với cá hồi hun khói cao cấp, thì là tươi, kem tươi và thường được trang trí bằng hành tây ngâm và nụ bạch hoa. Sự kết hợp này cung cấp một bữa ăn giàu protein có nhiều axit béo omega-3, khiến nó trở thành một lựa chọn bổ dưỡng thường được phục vụ như bữa trưa hoàn chỉnh hoặc món khai vị muộn.",88
2384c25d-0644-5523-9fa4-121aa4cadbe2,,,Green cà ri với tôm (Green Curry with Shrimp),DISH,192.0,7.14,8.0,22.86,1.0,1.71,285.71,34d3024c-4bb7-46a0-8480-f45f99dd3d32,,,"Cà ri xanh với tôm là một món ăn cổ điển của Thái Lan có tôm mọng nước trong nước sốt làm từ nước cốt dừa có hương vị với bột cà ri xanh thơm, có màu sắc từ các loại thảo mộc tươi và ớt xanh. Món cà ri béo ngậy, nhiều kem này thường bao gồm các loại rau mềm như măng, ớt chuông và húng quế Thái, và thường được dùng kèm với cơm hấp. Mặc dù cung cấp protein nạc từ tôm, món ăn này đặc biệt có hàm lượng calo và chất béo bão hòa cao do được làm từ nước cốt dừa.",88
39eae914-b28b-585f-ac82-e84c2b3a5a00,,,Ahi cá ngừ Tartare (Ahi Tuna Tartare),INGREDIENT,281.69,19.72,14.79,8.45,4.23,1.41,387.32,34d3024c-4bb7-46a0-8480-f45f99dd3d32,,,"Ahi Tuna Tartare là món khai vị cá sống cao cấp bao gồm cá ngừ vây vàng loại sashimi thái hạt lựu được chế biến theo phong cách California Fusion. Cá ngừ tươi thường được trộn với các gia vị lấy cảm hứng từ châu Á như nước tương và dầu mè, sau đó được tăng cường với các nguyên liệu California như bơ tươi hoặc xoài để tăng thêm độ kem và độ sáng. Món ăn giàu protein này cung cấp axit béo omega-3 chất lượng cao trong khi vẫn chứa ít carbohydrate, khiến nó trở thành lựa chọn bổ dưỡng cho những thực khách quan tâm đến sức khỏe.",88
c448a7f1-5160-59d8-959b-f538f8f53132,,,Ackee và muốifish (Ackee and Saltfish),INGREDIENT,284.12,22.35,17.65,8.82,1.76,2.94,647.06,34d3024c-4bb7-46a0-8480-f45f99dd3d32,,,"Ackee và Saltfish là món ăn quốc gia của Jamaica kết hợp cá tuyết muối với trái cây ackee kem có hương vị nhẹ. Món ăn này bao gồm ackee được chế biến cẩn thận và cá tuyết khử muối xào với rau thơm, ớt scotch và gia vị Caribe. Món ăn giàu protein này thường được phục vụ cho bữa sáng với các món ăn kèm như bánh bao chiên hoặc chuối, mang đến sự kết hợp độc đáo giữa hương vị thơm ngon và kết cấu bơ.",75
3725b153-2b2e-5ace-96b5-56d5544b0276,,,Tôm Creole (Shrimp Creole),INGREDIENT,73.53,6.47,2.35,7.35,1.18,1.76,323.53,34d3024c-4bb7-46a0-8480-f45f99dd3d32,,,"Tôm Creole là món Cajun/Creole cổ điển có tôm mọng nước trong nước sốt cà chua cay được làm từ 'bộ ba thần thánh' truyền thống gồm hành, ớt chuông và cần tây. Món ăn giàu protein này thường được phục vụ cùng cơm trắng trong các nhà hàng, nơi nước sốt được đun sôi cho đến khi đặc lại và nêm với các loại gia vị Cajun đặc biệt. Sự kết hợp này mang đến một bữa ăn có vị cay vừa phải, giàu hương vị, cung cấp khoảng 185-300 calo mỗi khẩu phần, cơm bổ sung thêm carbohydrate.",88
30a8dc00-d925-5f1f-bd83-f382ddfe921f,,,Hấp Fish với Ginger và Scallions (Steamed Fish with Ginger and Scallions),DISH,250.0,25.0,14.29,2.14,0.0,1.43,475.0,34d3024c-4bb7-46a0-8480-f45f99dd3d32,,,"Cá hấp với gừng và hành lá là một món ăn cổ điển của nhà hàng Trung Quốc, nơi cá trắng tươi được hấp tinh tế và kết thúc với gừng thơm, hành lá và nước sốt làm từ nước tương nhẹ. Món ăn này theo truyền thống được phục vụ nguyên con và theo kiểu gia đình, với phương pháp hấp giữ được độ ẩm tự nhiên và lợi ích dinh dưỡng của cá. Phương pháp chế biến này tạo ra một món khai vị nạc, giàu protein, trong đó hương vị sạch của cá được tăng cường nhờ hương liệu tươi và nước sốt mặn.",75
506f2821-5bd2-5126-b744-665fa8ef4de8,,,Tôm Tacos (Shrimp Tacos),DISH,350.0,21.0,18.0,25.0,2.0,1.75,900.0,34d3024c-4bb7-46a0-8480-f45f99dd3d32,,,"Tacos tôm là một món ăn nổi tiếng của nhà hàng Mexico với tôm dày dạn được phục vụ trong bánh ngô hoặc bột mì, thường được trang trí bằng bắp cải, ngò tươi và chanh. Một phần ăn tiêu chuẩn của nhà hàng thường bao gồm hai đến ba chiếc bánh taco, trong đó mỗi chiếc bánh taco chứa tôm nướng hoặc áp chảo và đi kèm với các loại nước sốt đặc trưng như chipotle aioli hoặc crema Mexico. Trong khi tôm cung cấp protein nạc và omega-3, các món chế biến tại nhà hàng có thể dao động từ 250-315 calo cho mỗi món taco tùy thuộc vào phương pháp chế biến và lớp phủ bên trên.",88
3bf9c004-0c03-54bb-a9dd-3474a0fb6eeb,,,Chiên hàu Po' Boy (Fried Oyster Po' Boy),DISH,235.67,6.43,13.27,22.77,1.5,2.33,500.0,34d3024c-4bb7-46a0-8480-f45f99dd3d32,,,"A Fried Oyster Po' Boy là một loại bánh sandwich cổ điển của Louisiana có hàu chiên giòn, tẩm bột ngô, ăn kèm với bánh mì Pháp với các món trang trí truyền thống gồm rau diếp, cà chua và dưa chua. Loại bánh sandwich béo ngậy này thường được phủ sốt remoulade, một loại gia vị làm từ sốt mayonnaise được tăng cường thêm các loại thảo mộc và gia vị. Là một sản phẩm chứa nhiều calo có chứa nhiều chất gây dị ứng bao gồm động vật có vỏ, lúa mì và sữa, món bánh mì kẹp hấp dẫn này thường cung cấp từ 600-1000 calo mỗi khẩu phần.",88
800c4e85-4d57-5060-8e55-f8334cccbd1f,,,Tôm Étouffée (Shrimp Étouffée),INGREDIENT,70.81,4.47,3.49,6.1,0.54,0.87,459.59,34d3024c-4bb7-46a0-8480-f45f99dd3d32,,,"Tôm Étouffée là món ăn Cajun/Creole cổ điển có tôm tẩm gia vị trong nước sốt đậm đà làm từ roux được làm từ 'bộ ba thần thánh' gồm hành, cần tây và ớt chuông. Món chế biến thịnh soạn tại nhà hàng này thường bao gồm nước sốt roux màu vàng và gia vị Creole, tạo ra nước sốt cay vừa phải dùng kèm với cơm. Mặc dù cung cấp lượng protein đáng kể từ tôm, nhưng các phiên bản nhà hàng lại có xu hướng chứa nhiều calo và natri hơn do sử dụng nhiều bơ và gia vị trong nước sốt.",88
d66652be-f969-5ac9-8934-1faab75ed4c2,,,BBQ tôm (Barbecue Shrimp),INGREDIENT,150.21,11.91,8.94,4.0,0.21,1.7,435.74,34d3024c-4bb7-46a0-8480-f45f99dd3d32,,,"Tôm nướng là một món ăn đậm đà, sốt có tôm lớn được ninh trong nước sốt bơ với Worcestershire, tỏi và các loại gia vị đậm đà. Bất chấp tên gọi của nó, nhà hàng yêu thích này không thường được nướng mà được chế biến trong chảo nơi tôm nấu chín trong khi nước sốt giảm dần thành lớp men có hương vị. Món ăn này theo truyền thống được phục vụ với bánh mì để ngâm nước sốt và cung cấp hàm lượng protein đáng kể, mặc dù nó có lượng calo và chất béo cao do nước sốt làm từ bơ.",88
faa53cad-a49d-5c3a-8e12-b04d5964eac6,,,Tiêued Snails (Peppered Snails),DISH,106.19,15.93,3.54,1.77,0.44,0.89,132.74,34d3024c-4bb7-46a0-8480-f45f99dd3d32,,,"Ốc tiêu là một món ngon Tây Phi bao gồm những con ốc châu Phi khổng lồ mềm được chế biến trong nước sốt cay, sống động được làm từ ớt nắp ca-pô và gia vị thơm. Ốc đầu tiên được luộc cho đến khi mềm, sau đó xào với hành tây và ớt để tạo ra một món ăn đậm đà, thơm ngon với kết cấu dai đặc biệt. Món ăn giàu protein này cung cấp nguồn protein nạc và sắt tuyệt vời đồng thời mang đến trải nghiệm ẩm thực độc đáo đặc trưng của ẩm thực nhà hàng Nigeria.",75
f816905b-176a-5c74-b882-0b7edfef304a,,,Cay cá ngừ Roll bát (Spicy Tuna Roll Bowl),INGREDIENT,180.0,7.2,4.8,22.0,1.4,2.0,320.0,34d3024c-4bb7-46a0-8480-f45f99dd3d32,,,"Bát cuộn cá ngừ cay là phiên bản cải tiến của món sushi cuộn phổ biến được phục vụ như một chiếc bát có thể tùy chỉnh tại các nhà hàng ăn nhanh bình dân. Món ăn giàu protein này thường kết hợp cơm sushi, cá ngừ tươi sống sốt mayo hoặc sốt ớt cay và các món ăn kèm truyền thống như dưa chuột, bơ và hạt vừng. Định dạng bát cho phép cá nhân hóa các phần và thành phần trong khi vẫn mang lại hương vị giống như dạng cuộn, với hàm lượng protein thường dao động từ 16-26 gam mỗi khẩu phần.",88
3df902d3-6c2b-52ee-8921-c85bac6396fd,,,Tôm Poke bát (Shrimp Poke Bowl),INGREDIENT,187.63,6.19,12.78,11.96,1.65,1.65,482.47,34d3024c-4bb7-46a0-8480-f45f99dd3d32,,,"Bát chọc tôm là một món ăn lấy cảm hứng từ Hawaii với tôm nấu chín dày dặn được phục vụ trên nền cơm với rau tươi và lớp phủ trên lấy cảm hứng từ châu Á. Chiếc bát có thể tùy chỉnh này thường bao gồm các thành phần như đậu nành Nhật Bản, salad rong biển, dưa chuột và bơ, kết thúc bằng các loại nước sốt như mayo cay hoặc ponzu. Mặc dù cung cấp sự kết hợp cân bằng giữa protein nạc, carbohydrate phức tạp và chất béo lành mạnh, hàm lượng dinh dưỡng thay đổi đáng kể tùy theo kích cỡ khẩu phần và lựa chọn nước sốt.",88
205fb279-10b2-5271-bd2b-54b120a433c9,,,Gumbo với hải sản (Gumbo with Seafood),DISH,153.28,11.48,7.38,10.25,1.64,2.05,696.72,34d3024c-4bb7-46a0-8480-f45f99dd3d32,,,"Gumbo là món hầm Cajun/Creole truyền thống được đặc trưng bởi nước sốt roux đậm đà, đậm đà và nhiều hải sản như tôm và cua. Món ăn thịnh soạn này kết hợp ẩm thực 'Chúa Ba Ngôi' của Louisiana (hành, cần tây và ớt chuông) với nước dùng dày dặn được làm đặc bằng đậu bắp hoặc bột filé. Mặc dù có hàm lượng protein và hợp chất hương vị cao nhưng các món ăn trong nhà hàng thường chứa lượng natri đáng kể và hàm lượng chất béo vừa phải, với các khẩu phần thường được phục vụ cùng với cơm như một bữa ăn hoàn chỉnh.",88
3d04c942-5aee-5f36-8771-9792f36a9716,,,Szechuan cá hồi (Szechuan Salmon),INGREDIENT,239.65,15.42,10.31,22.91,1.76,6.61,396.48,34d3024c-4bb7-46a0-8480-f45f99dd3d32,,,"Cá hồi Tứ Xuyên là món ăn kết hợp giữa cá hồi tươi với hương vị đặc trưng của ẩm thực Tứ Xuyên Trung Quốc. Món ăn này thường có phi lê cá hồi được chế biến với nước sốt kết hợp hạt tiêu Tứ Xuyên gây tê, nước tương và nhiều loại chất thơm khác nhau, tạo nên một hương vị phức hợp ngọt-cay-mặn. Thường được phục vụ như một món khai vị giàu protein cùng với rau và cơm, món ăn này cung cấp một nguồn axit béo omega-3 đáng kể đồng thời mang lại cảm giác ngứa ran đặc trưng của ẩm thực Tứ Xuyên.",88
bbb2da21-2d41-5bde-949d-4c6c4ad020e5,,,Hấp Fish (Steamed Fish),DISH,141.18,25.49,3.14,2.35,0.78,1.18,156.86,34d3024c-4bb7-46a0-8480-f45f99dd3d32,,,"Cá hấp vùng Caribe là một món cá trắng đầy hương vị thường được làm bằng cá hồng hoặc cá bống tượng, nấu trong nước dùng thơm với các loại thảo mộc và rau tươi. Món ăn này có các loại gia vị đặc biệt của vùng Caribe bao gồm ớt scotch, húng tây và hỗn hợp gia vị xanh, thường được dùng trong chất lỏng nấu thơm với các loại rau như đậu bắp, cà rốt và cà chua. Món ăn giàu protein này mang đến sự kết hợp lành mạnh giữa protein nạc và rau củ, giúp cá mềm và ẩm trong suốt quá trình hấp.",75
76773559-d08f-5554-a71f-b47ffe1fa099,,,Nấu chín tôm (Cooked Shrimp),DISH,99.0,24.0,0.28,0.2,0.0,0.0,111.0,34d3024c-4bb7-46a0-8480-f45f99dd3d32,,,"Tôm nấu chín là loài giáp xác nạc, ít calo được đánh giá cao nhờ kết cấu mềm và vị ngọt mặn nhẹ. Loại hải sản này cung cấp lượng protein đáng kể với lượng chất béo tối thiểu, đồng thời cung cấp lượng selen và iốt đáng chú ý - những chất dinh dưỡng cần thiết cho chức năng tuyến giáp và khả năng chống oxy hóa. Thường được bán dưới dạng bóc vỏ và ăn liền, nó đóng vai trò như một nguồn bổ sung protein tiện lợi cho món salad, món xào và món khai vị nguội, mặc dù hàm lượng cholesterol của nó đảm bảo mức độ vừa phải cho một số chế độ ăn kiêng.",88
edc01db8-279d-5638-9f3e-27a4189da1c1,,,Chiên Fish Fillet (Fried Fish Fillet),DISH,219.03,13.5,10.8,16.9,0.89,0.44,561.06,34d3024c-4bb7-46a0-8480-f45f99dd3d32,,,"Phi lê cá chiên trong các nhà hàng Ả Rập Saudi là một món cá trắng được đặc trưng bởi lớp phủ bột dày dặn và bề ngoài màu nâu vàng. Cá thường được ướp với các loại gia vị Trung Đông như thì là, ớt bột và rau mùi, sau đó áp chảo để tạo lớp vỏ giòn mà vẫn giữ được thịt mềm. Món ăn giàu protein này thường được dùng kèm với cơm thơm hoặc salad tươi, mang đến một bữa ăn thịnh soạn kết hợp hương vị Ả Rập truyền thống với kỹ thuật chế biến đơn giản.",88
daebafd2-3fc4-567b-9910-3e8dda30872d,,,Tôm hùm Risotto (Lobster Risotto),INGREDIENT,212.5,11.25,8.33,18.75,1.25,1.25,375.0,34d3024c-4bb7-46a0-8480-f45f99dd3d32,,,"Risotto tôm hùm là một món ăn kết hợp cao cấp kết hợp thịt tôm hùm bền vững với cơm arborio kem của Ý được chế biến theo phong cách California. Cách giải thích này có cách chế biến nhẹ nhàng hơn so với risotto truyền thống, kết hợp các loại thảo mộc tươi và rau theo mùa trong khi vẫn duy trì kết cấu kem đặc trưng. Món ăn này cung cấp lượng protein đáng kể từ tôm hùm trong khi cơm arborio mang lại hương vị đậm đà, thỏa mãn được tăng cường với rượu vang trắng, chất thơm và các phần bơ và phô mai được cân bằng cẩn thận.",88
36209c21-ca9b-5394-9c92-e3b1a0665d91,,,Cá ngừ và Capers Crepe (Tuna and Capers Crepe),INGREDIENT,186.36,22.73,4.55,13.64,2.73,1.82,363.64,34d3024c-4bb7-46a0-8480-f45f99dd3d32,,,"A Tuna and Capers Crepe là một loại bánh xèo mỏng kiểu Pháp thơm ngon chứa đầy cá ngừ dày dạn và nụ bạch hoa mặn, thường được phục vụ tại các tiệm bánh kếp. Món ăn giàu protein này thường kết hợp cá ngừ vảy với nụ bạch hoa thơm, rau tươi và nước sốt kem, tất cả được bọc trong lớp bánh crepe tinh tế làm từ lúa mì hoặc kiều mạch. Sự kết hợp này mang lại một bữa ăn cân bằng với khoảng 340-430 calo mỗi khẩu phần, cung cấp nguồn protein nạc dồi dào trong khi vẫn duy trì hàm lượng chất béo vừa phải.",88
6029ce9b-b850-5f69-8ec0-38b928cdee88,,,Muối và tiêu tôm (Salt and Pepper Shrimp),INGREDIENT,162.25,12.25,7.75,11.5,0.5,0.75,725.0,34d3024c-4bb7-46a0-8480-f45f99dd3d32,,,"Tôm muối tiêu là một món ăn nhà hàng Trung Quốc nổi tiếng với tôm được phủ bột ngô dày dạn và chiên hai lần cho đến khi giòn. Món ăn đặc trưng bởi sự hòa quyện thơm của muối, tiêu đen, tỏi và các loại gia vị khác, tạo nên vẻ ngoài thơm ngon tương phản với thịt tôm mềm. Mặc dù có hương vị đậm đà nhưng món ăn này thường có hàm lượng natri và calo cao do phương pháp chế biến tại nhà hàng và cách nêm gia vị.",75
6618c852-beef-5cb8-bfbf-d864abdd319a,,,Tỏi Herb tôm hùm Roll (Garlic Herb Lobster Roll),INGREDIENT,205.0,12.5,12.5,12.5,1.0,2.0,475.0,34d3024c-4bb7-46a0-8480-f45f99dd3d32,,,"Món Tôm hùm cuộn thảo mộc tỏi là một biến thể ấm áp của món bánh mì kẹp hải sản cổ điển của Maine với thịt tôm hùm tươi được trộn với bơ tỏi và các loại thảo mộc tươi. Cách chế biến cao cấp này khác với món tôm hùm cuộn lạnh truyền thống ở chỗ sử dụng bơ ấm thay vì sốt mayonnaise, được phục vụ trong một chiếc bánh mì nướng hai đầu. Sự kết hợp giữa thịt tôm hùm ngọt ngào, rau thơm và bơ đậm đà tạo nên một chiếc bánh sandwich sang trọng thể hiện hương vị tự nhiên của hải sản.",75
e6944b5e-69fd-5944-813c-f81268348c1b,,,Stuffed cua (Stuffed Crab),INGREDIENT,473.75,43.75,26.25,13.75,3.12,2.5,1508.75,34d3024c-4bb7-46a0-8480-f45f99dd3d32,,,"Cua nhồi là món Cajun/Creole cổ điển có hỗn hợp gia vị gồm thịt cua, chất thơm và vụn bánh mì nướng trong vỏ cua tự nhiên. Phần nhân kết hợp thịt cua cục với 'bộ ba thần thánh' gồm hành, cần tây và ớt chuông, được tăng cường với các loại gia vị Creole đặc biệt và thường được làm giàu với sốt mayonnaise hoặc phô mai. Chế phẩm giàu protein này thường có lớp trên cùng giòn và mang lại hương vị đậm đà, cay đặc trưng của ẩm thực Louisiana.",88
aeccde2e-98d4-5de9-a01c-42d22cc0a564,,,Chiên Catfish bánh mì kẹp (Fried Catfish Sandwich),DISH,236.15,14.23,9.62,23.46,1.92,3.08,254.62,34d3024c-4bb7-46a0-8480-f45f99dd3d32,,,"Sandwich cá trê chiên là một món ăn đặc sản mang đậm hồn miền Nam với phi lê cá trê tẩm bột ngô chiên cho đến khi vàng và giòn, phục vụ trên một chiếc bánh mì mềm. Món bánh sandwich thịnh soạn này thường đi kèm với rau diếp, cà chua và nước sốt remoulade thơm, mang đến sự kết hợp hài lòng giữa lớp vỏ ngoài giòn và cá mềm, xốp. Lớp phủ bột ngô truyền thống mang lại độ giòn đặc biệt đặc trưng cho món cá da trơn chiên kiểu miền Nam đích thực, đồng thời góp phần tạo nên hàm lượng protein đáng kể.",88
4b09d91c-ab60-5f20-ae5f-bc5fc32986a0,,,Nướng vỉ Fish (Grilled Fish),DISH,151.79,25.0,5.36,0.89,0.0,0.0,66.96,34d3024c-4bb7-46a0-8480-f45f99dd3d32,,,"Cá nướng trong các bữa tiệc tự chọn là một lựa chọn protein nạc thường được chế biến với gia vị nhẹ và phục vụ theo khẩu phần từ 3 đến 8 ounce. Các loại phổ biến bao gồm cá rô phi, cá tuyết hoặc mahi-mahi, thường được nướng với lượng dầu tối thiểu và ăn kèm với chanh và rau thơm. Món ăn này cung cấp khoảng 20-25 gam protein cho mỗi khẩu phần 3 ounce trong khi vẫn chứa ít carbohydrate, mặc dù giá trị dinh dưỡng có thể thay đổi tùy theo phương pháp chế biến cụ thể và loại cá.",88
aa227f8f-9c26-5ad6-91a6-fb5b228ec91b,,,Cà ri Fish Balls (Curry Fish Balls),DISH,130.0,8.7,2.8,16.0,1.5,8.0,500.0,34d3024c-4bb7-46a0-8480-f45f99dd3d32,,,"Cá viên cà ri là món ăn nhẹ châu Á được làm từ bột cá đã qua chế biến được tạo thành những quả cầu dai, vừa ăn và ăn kèm với nước sốt cà ri màu vàng đậm đà. Những miếng bánh giàu protein này thường được dùng nóng như một món khai vị mặn hoặc món ăn đường phố, với mỗi miếng mang lại kết cấu bồng bềnh tương phản với lớp phủ cà ri tẩm gia vị. Bản thân những viên cá viên được làm chủ yếu từ bột cá trắng, trong khi nước sốt cà ri đặc trưng giúp tăng thêm hương vị và hàm lượng natri đáng kể cho món ăn.",88
95e46dbd-3eb2-531d-bb1b-24b954d3f5a5,,,Tôm hùm đất Étouffée (Crawfish Étouffée),INGREDIENT,105.77,4.81,4.81,10.26,0.96,0.64,320.51,34d3024c-4bb7-46a0-8480-f45f99dd3d32,,,"Crawfish Étouffée là món ăn Cajun/Creole cổ điển trong đó đuôi tôm được phủ trong nước sốt đậm đà làm từ roux làm từ bơ, bột mì và 'bộ ba thần thánh' gồm hành, cần tây và ớt chuông. Món ăn thịnh soạn này có hương vị phức hợp, nhiều gia vị và thường được phục vụ trên cơm trắng trong các nhà hàng. Độ đặc và kết cấu đậm đà của nước sốt là nhờ sự chuẩn bị cẩn thận của roux, trong khi tôm mang lại vị ngọt, protein mềm giúp hấp thụ hương vị đặc trưng của món ăn.",88
2000de62-29ee-53b6-832d-82a4ed34a4ef,,,Tiêu súp với Fish (Pepper Soup with Fish),DISH,80.33,15.33,1.33,1.67,0.33,0.67,85.0,34d3024c-4bb7-46a0-8480-f45f99dd3d32,,,"Súp tiêu với cá là món súp truyền thống của Tây Phi được biết đến với nước dùng có vị cay và thơm. Món ăn giàu protein này kết hợp cá tươi với sự pha trộn phức tạp của ớt châu Phi và các loại gia vị bản địa, tạo nên hương vị cay và mặn đặc biệt. Thường được dùng như một món ăn phục hồi và một món ăn ăn mừng, món súp nhẹ nhàng nhưng ngon miệng này có nước dùng trong, tẩm gia vị, đặc biệt phổ biến trong ẩm thực Nigeria.",75
3df89795-d3fe-52c5-adb5-ec484cb80319,,,Dứa chiên Cơm với tôm (Pineapple Fried Rice with Shrimp),DISH,116.57,5.71,3.43,15.71,1.14,2.86,342.86,34d3024c-4bb7-46a0-8480-f45f99dd3d32,,,"Cơm chiên dứa tôm là món ăn đặc trưng của nhà hàng Thái Lan kết hợp giữa cơm gạo hoa nhài xào với tôm mọng nước, dứa tươi và bột cà ri thơm. Cách chế biến đặc biệt này thường bao gồm các loại rau như đậu Hà Lan và cà rốt, được nêm với sự pha trộn phức tạp giữa nước mắm và nước tương, tạo nên sự cân bằng hài hòa giữa hương vị ngọt và mặn. Món ăn này theo truyền thống được phục vụ trong một nửa quả dứa rỗng, khiến nó vừa bắt mắt vừa có hương vị, mặc dù khẩu phần và hàm lượng calo có thể khác nhau đáng kể giữa các nhà hàng.",88
a0c5a792-8318-59fc-9398-78aa83806ffd,,,Fish Finger bánh mì kẹp (Fish Finger Sandwich),DISH,241.67,12.67,11.33,24.27,1.67,2.33,366.67,34d3024c-4bb7-46a0-8480-f45f99dd3d32,,,"Fish Finger Sandwich là một món ăn thịnh soạn với các miếng phi lê cá trắng tẩm bột chiên giòn ăn kèm giữa các lát bánh mì, món ăn phổ biến ở các cửa hàng bán cá và khoai tây chiên ở Scotland. Bánh sandwich kiểu nhà hàng này thường đi kèm với các món ăn kèm truyền thống như sốt tartare hoặc sốt nâu, thường được phục vụ cùng với khoai tây chiên. Cách chế biến chiên giòn và khẩu phần phong phú làm cho bữa ăn này trở thành một bữa ăn giàu calo, với phiên bản nhà hàng chứa nhiều chất béo và calo hơn đáng kể so với các món thay thế tự chế biến.",88
6b9833ba-b103-5b1d-b3e7-643f64fd1acc,,,Tôm hùm đất Po' Boy (Crawfish Po' Boy),INGREDIENT,148.8,9.2,2.4,22.4,1.2,2.0,600.0,34d3024c-4bb7-46a0-8480-f45f99dd3d32,,,"A Crawfish Po' Boy là một loại bánh sandwich truyền thống của Louisiana có đuôi tôm chiên giòn ăn kèm với bánh mì kiểu Pháp với cách trang trí đặc biệt. Món bánh sandwich thịnh soạn này được ăn kèm với rau diếp tươi, cà chua và nước sốt làm lại đặc trưng, ​​bổ sung thêm thành phần kem thơm để bổ sung cho hải sản. Sự kết hợp giữa bánh mì giòn, tôm chiên giòn và rau mát tạo nên trải nghiệm ẩm thực Cajun cổ điển thoải mái, cung cấp cả protein và kết cấu vừa miệng.",88
b55246b1-45df-5823-b3c8-469c7fa7d484,,,Hải sản Bloody Mary (Seafood Bloody Mary),DISH,93.57,1.75,1.17,4.68,0.12,3.51,426.9,34d3024c-4bb7-46a0-8480-f45f99dd3d32,,,"A Seafood Bloody Mary là một biến thể cocktail đặc biệt bao gồm vodka và hỗn hợp làm từ cà chua được tăng cường với các nguyên liệu và gia vị hướng đến hải sản. Đặc sản nhà hàng này thường chứa các thành phần từ cá cơm hoặc cá trong hỗn hợp của nó, cùng với các loại gia vị và đồ trang trí truyền thống của Bloody Mary, tạo nên hương vị đậm đà vị umami hơn. Mặc dù có lượng calo tương đối thấp (100-220 mỗi khẩu phần), loại cocktail này có hàm lượng natri cao đáng kể và có thể chứa các chất gây dị ứng phổ biến bao gồm cá và đậu nành.",88
b608557d-217f-5389-9ef2-ea75bac685e6,,,Fish Fillets (Fish Fillets),INGREDIENT,187.5,10.0,4.5,8.75,1.0,1.25,350.0,34d3024c-4bb7-46a0-8480-f45f99dd3d32,,,"Phi lê cá trong các nhà hàng lẩu là những phần cá có thịt trắng thái mỏng, thường là cá tuyết, cá bơn hoặc cá bơn, được chế biến đặc biệt để nấu nhanh trong nước dùng nóng. Những miếng thịt tinh xảo này được chia thành từng phần để nấu ăn tối ưu trong bữa ăn lẩu chung, nơi chúng nấu nhanh chóng trong khi vẫn giữ được kết cấu mềm và hương vị tự nhiên. Phi lê cung cấp một lựa chọn protein nạc giúp hấp thụ hương vị của nước dùng nấu ăn trong khi vẫn duy trì được lợi ích dinh dưỡng của chúng.",88
6f229b2e-dfc5-5105-889c-c7aa2b77f410,,,Gumbo với tôm và xúc xích (Gumbo with Shrimp and Sausage),INGREDIENT,83.2,8.61,3.69,4.1,1.02,0.82,433.2,34d3024c-4bb7-46a0-8480-f45f99dd3d32,,,"Gumbo là món hầm Cajun/Creole thịnh soạn được phân biệt bởi lớp nền roux sẫm màu và hương vị phức tạp. Cách chế biến cổ điển này kết hợp tôm mọng nước và xúc xích andouille khói với 'bộ ba thần thánh' truyền thống gồm hành, cần tây và ớt chuông, thường được dùng kèm với cơm. Món ăn này có nước dùng đậm đà, được tẩm ướp đậm đà với đậu bắp và roux đen, khiến nó trở thành một bữa ăn thịnh soạn có hàm lượng protein đặc biệt cao và hương vị đậm đà.",88
7752e23d-8f90-5d29-adaf-3f4e05736377,,,Classic Maine tôm hùm Roll (Classic Maine Lobster Roll),INGREDIENT,207.07,14.14,7.58,23.23,1.01,3.03,575.76,34d3024c-4bb7-46a0-8480-f45f99dd3d32,,,"A Classic Maine Lobster Roll là một loại bánh sandwich mang tính biểu tượng của New England với những miếng thịt tôm hùm tươi được trộn nhẹ với sốt mayonnaise và được phục vụ trong một chiếc bánh mì nướng bơ. Cách chế biến truyền thống này nhấn mạnh vị ngọt tự nhiên của tôm hùm bằng cách sử dụng nguyên liệu tối giản, thường chỉ là một chút mayo, cần tây thái hạt lựu và hạt tiêu đen. Sự kết hợp đặc biệt giữa món cuộn bơ ấm áp và salad tôm hùm mát lạnh thể hiện phong cách Maine đích thực đã khiến món ăn này nổi tiếng dọc bờ biển New England.",88
524e9745-f30b-5ca2-8b3f-432e4c376167,,,Nướng vỉ Fish Platter (Grilled Fish Platter),DISH,185.0,12.25,4.75,23.25,2.0,1.25,130.0,34d3024c-4bb7-46a0-8480-f45f99dd3d32,,,"Đĩa cá nướng là một bữa ăn hoàn chỉnh theo phong cách Địa Trung Hải với phi lê cá dày dạn được chế biến trên vỉ nướng và ăn kèm với các món ăn kèm truyền thống. Món ăn thường bao gồm cơm thơm, món hummus làm tại nhà, bánh mì pita tươi và lựa chọn salad hoặc rau, tạo nên sự kết hợp cân bằng giữa protein nạc, ngũ cốc nguyên hạt và rau. Phương pháp chế biến lành mạnh này làm nổi bật hương vị tự nhiên của cá trong khi vẫn giữ được truyền thống ẩm thực của Liban.",88
ce3b230f-8208-5833-9fad-2382940c16b1,,,Plaice Fish và Chips (Plaice Fish and Chips),INGREDIENT,375.0,11.5,15.0,19.0,2.0,1.0,410.0,34d3024c-4bb7-46a0-8480-f45f99dd3d32,,,"Cá và khoai tây chiên là một món ăn truyền thống của Scotland bao gồm cá chim tẩm bột và chiên giòn, một loại cá trắng dịu nhẹ nổi tiếng với hương vị tinh tế và kết cấu mềm. Món ăn nhà hàng này thường bao gồm phi lê cá chim phủ bột giòn ăn kèm với khoai tây chiên (khoai tây chiên) cắt dày và thường đi kèm với đậu nhão hoặc đậu vườn. Mặc dù cung cấp protein chất lượng cao từ cá chim, món ăn thịnh soạn này lại chứa nhiều calo do phương pháp chế biến chiên giòn, thường chứa 630-880 calo mỗi khẩu phần.",88
4b515311-7e55-5892-bdcf-0d41c4ff1036,,,Chiên tôm (Fried Shrimp),DISH,307.69,7.95,18.97,27.95,0.69,1.28,897.44,34d3024c-4bb7-46a0-8480-f45f99dd3d32,,,"Tôm chiên là một món hải sản tẩm bột, trong đó tôm đã bóc vỏ được phủ một lớp vụn bánh mì dày dặn và chiên giòn cho đến khi có màu vàng nâu. Phương pháp chế biến này làm tăng đáng kể cả hàm lượng chất béo và calo so với tôm thường, với một khẩu phần ba miếng thông thường chứa khoảng 120 calo. Việc tẩm bột sẽ bổ sung thêm carbohydrate trong khi quá trình chiên khiến bên ngoài giòn và bên trong mềm, mặc dù nó cũng làm tăng hàm lượng natri.",88
6b0c4d84-98ab-5e18-a0b9-e50084461d95,,,Fish cà ri (Fish Curry),DISH,120.0,10.0,6.0,4.0,0.8,1.2,320.0,34d3024c-4bb7-46a0-8480-f45f99dd3d32,,,"Cà ri cá là một món ăn cổ điển của Ấn Độ gồm những miếng cá mềm được ninh trong nước sốt đậm đà làm từ chất thơm, cà chua và các loại gia vị truyền thống của Ấn Độ. Món ăn giàu protein này thường kết hợp nghệ, thì là và rau mùi với các biến thể vùng miền có thể bao gồm nước cốt dừa hoặc me để tăng thêm hương vị. Cà ri thường được dùng với cơm hoặc bánh mì và cung cấp nguồn protein nạc tuyệt vời đồng thời cung cấp các loại gia vị ấm đặc trưng của ẩm thực Ấn Độ.",88
1162067c-aa46-5990-bfab-ef40699e5a73,,,Nướng vỉ tôm hùm Tail (Grilled Lobster Tail),DISH,295.77,19.01,23.24,0.7,0.0,0.35,584.51,34d3024c-4bb7-46a0-8480-f45f99dd3d32,,,"Đuôi tôm hùm nướng là một món hải sản cao cấp có thịt ngọt, mềm từ phần đuôi tôm hùm, thường được chế biến ở nhiệt độ cao với bơ và gia vị nhạt. Món ngon giàu protein này cung cấp khoảng 27 gam protein cho mỗi khẩu phần 5 ounce, cùng với các axit béo omega-3 có lợi. Tại các quán tôm hùm Maine truyền thống, món này thường được phục vụ với bơ rút, chanh và các món ăn cổ điển như xà lách trộn, mặc dù phương pháp chế biến có thể ảnh hưởng đáng kể đến hàm lượng chất béo của nó.",88
31d0fa04-a192-56d1-9682-2bfe9fb8e46f,,,Cay cá ngừ Poke bát (Spicy Tuna Poke Bowl),INGREDIENT,130.0,7.0,5.0,22.0,1.0,1.6,600.0,34d3024c-4bb7-46a0-8480-f45f99dd3d32,,,"A Spicy Tuna Poke Bowl là một món ăn Hawaii đương đại gồm có cá ngừ sống cắt khối dày dạn với tương ớt, ăn kèm cơm sushi với rau tươi và đồ trang trí. Chiếc bát có thể tùy chỉnh này thường kết hợp cơm ấm với cá ướp mát, bơ kem và lớp phủ giòn, tạo nên một bữa ăn cân bằng, giàu protein và axit béo omega-3 lành mạnh. Món ăn này cung cấp sự kết hợp đậm đặc chất dinh dưỡng của protein nạc, carbohydrate phức hợp và chất béo lành mạnh, đồng thời mang đến sự pha trộn hài hòa giữa hương vị cay, mặn và vị umami.",88
8beed36c-2f08-587a-997f-fdb13f26fad2,,,Fish Kebab (Fish Kebab),INGREDIENT,140.0,13.33,6.67,4.0,1.0,1.33,266.67,34d3024c-4bb7-46a0-8480-f45f99dd3d32,,,"Cá kebab là một món ăn truyền thống của người Armenia bao gồm những miếng cá trắng, thường là cá tầm, ướp với các loại thảo mộc và dầu ô liu sau đó xiên với rau. Đầu tiên, cá được nướng ở nhiệt độ thấp trước khi nướng, tạo ra kết cấu mềm độc đáo đồng thời duy trì độ ẩm cho cá. Món protein nạc này thường được phục vụ với ớt chuông nướng, hành tây và nấm, kèm theo chanh tươi để có một bữa ăn nhẹ nhàng, đầy hương vị.",88
4cbe2693-7df7-5a5f-8415-f3c5d5a7c957,,,Lohikeitto (Lohikeitto),DISH,142.5,10.42,7.5,8.33,1.67,1.25,305.0,34d3024c-4bb7-46a0-8480-f45f99dd3d32,,,"Lohikeitto là món súp cá hồi truyền thống của Bắc Âu được đặc trưng bởi độ đặc sánh, béo ngậy và sử dụng nhiều thì là tươi. Món ăn thịnh soạn này kết hợp những miếng cá hồi mềm với các loại rau củ trong nước dùng làm từ kem, tạo ra một món ăn ấm áp, vừa bổ dưỡng vừa thỏa mãn. Món súp cung cấp lượng protein đáng kể từ cá hồi cùng với axit béo omega-3, đồng thời hương vị thì là đặc biệt và kết cấu kem khiến món súp này trở thành một ví dụ tinh túy của ẩm thực Bắc Âu.",75
babb14b4-9bdb-55fd-91c2-1af19d35865a,,,Hàus Rockefeller (Oysters Rockefeller),DISH,196.43,7.14,16.07,7.14,0.89,1.79,446.43,34d3024c-4bb7-46a0-8480-f45f99dd3d32,,,"Hàu Rockefeller là một món ăn nhà hàng hải sản cổ điển bao gồm hàu tươi phủ hỗn hợp rau bina, bơ tỏi và phô mai đậm đà, sau đó nướng cho đến khi vàng. Trong khi vẫn giữ được nhiều chất dinh dưỡng tự nhiên của hàu như kẽm và vitamin B12, chế phẩm này bổ sung thêm độ đậm đà đáng kể nhờ lớp phủ bơ bên trên. Món ăn này thường được phục vụ như một món khai vị trang nhã, với mỗi con hàu mang đến sự pha trộn đậm đặc giữa hương vị hải sản và lớp phủ kem thấm thảo mộc.",88
88223133-920e-5fe1-a5e3-d98652bd040d,,,Cá hồi Fillet (Salmon Fillet),INGREDIENT,185.84,20.35,10.62,0.0,0.0,0.0,61.95,34d3024c-4bb7-46a0-8480-f45f99dd3d32,,,"Phi lê cá hồi là món khai vị hải sản nổi tiếng của nhà hàng, thường được phục vụ theo khẩu phần 6-8 ounce được nướng, nướng hoặc áp chảo với các gia vị đơn giản và thường kết thúc bằng bơ hoặc dầu. Món ăn giàu protein này cung cấp khoảng 35-45 gram protein chất lượng cao cho mỗi suất ăn tại nhà hàng, cùng với các axit béo omega-3 và vitamin D. Cách chế biến và việc sử dụng cá hồi đánh bắt tự nhiên hay nuôi trong trang trại có thể ảnh hưởng đáng kể đến cả hàm lượng calo và thành phần dinh dưỡng của món ăn.",88
37acd899-5581-5f12-a559-28f1a4fadbe2,,,Ryba po Grecku (Ryba po Grecku),DISH,140.0,4.77,9.0,10.0,1.17,2.0,200.0,34d3024c-4bb7-46a0-8480-f45f99dd3d32,,,"Ryba po Grecku là một món ăn truyền thống của Ba Lan bao gồm cá trắng áp chảo xếp lớp với nước sốt cà chua-rau đặc biệt. Món ăn kết hợp phi lê cá giòn với nước sốt đậm đà làm từ cà rốt, cần tây, rau mùi tây và các chất thơm ninh nhừ trong bột cà chua. Chế phẩm đa năng này có thể được phục vụ nóng hoặc ướp lạnh, nhiều người thích dùng lạnh hơn vì hương vị sẽ đậm đà hơn sau khi để lạnh.",75
5eccc953-1fb7-58a0-a0af-df9ff132a72a,,,Klippfisk (muốied Cod Fish) (Klippfisk (Salted Cod Fish)),INGREDIENT,292.86,63.61,2.39,0.0,0.0,0.0,3000.0,34d3024c-4bb7-46a0-8480-f45f99dd3d32,,,"Klippfisk là loại cá tuyết Đại Tây Dương được bảo quản theo truyền thống đã được muối và phơi khô trong không khí, tạo ra nguồn protein đậm đặc với hương vị đặc biệt. Món đặc sản Na Uy này đòi hỏi phải khử muối cẩn thận trước khi chế biến thành món cá mềm, bong tróc với hương vị đậm đà, thơm ngon. Nổi tiếng với hàm lượng protein cao và axit béo omega-3, Klippfisk đóng vai trò là nền tảng cho nhiều món ăn Địa Trung Hải và Bắc Âu, đặc biệt là các món hầm và món gratin.",75
7b82850f-4d53-51ba-ad68-afd8a44b77bf,,,Tôm hùm Tail (Lobster Tail),INGREDIENT,212.39,23.01,13.27,0.0,0.0,0.0,398.23,34d3024c-4bb7-46a0-8480-f45f99dd3d32,,,"Đuôi tôm hùm là món hải sản cao cấp thường được phục vụ tại các nhà hàng cao cấp, có phần thịt mềm từ phần đuôi của tôm hùm. Trong các quán bít tết, nó thường được nướng hoặc hấp và ăn kèm với bơ và chanh, thường là món khai vị riêng hoặc kết hợp với bít tết để lướt sóng và chơi trên sân cỏ. Mặc dù ít chất béo tự nhiên và giàu protein, nhưng cách chế biến tại nhà hàng thường bao gồm các món ăn kèm làm từ bơ làm tăng đáng kể hàm lượng calo.",88
3f32eaf2-18d6-5d12-8d12-1690d7b2403f,,,Chiên hàu Basket (Fried Oyster Basket),DISH,208.33,12.08,12.08,12.08,0.83,0.83,208.33,34d3024c-4bb7-46a0-8480-f45f99dd3d32,,,"Giỏ hàu chiên là món hải sản cổ điển của New England gồm có hàu tươi phủ bột dày dặn và chiên giòn cho đến khi vàng và giòn. Giỏ thường bao gồm 6-12 con hàu chiên ăn kèm với các món ăn kèm truyền thống như hushpuppies, xà lách trộn và khoai tây chiên, cùng với nước sốt tartar để chấm. Trong khi quá trình chiên bổ sung thêm lượng calo và chất béo đáng kể, bản thân hàu vẫn là nguồn cung cấp protein và axit béo omega-3 dồi dào bên dưới lớp vỏ ngoài giòn của chúng.",88
01050254-9591-5fdb-a3a5-6f6593f1245e,,,Japchae với hải sản (Japchae with Seafood),DISH,113.64,4.09,4.55,23.18,1.14,2.27,409.09,34d3024c-4bb7-46a0-8480-f45f99dd3d32,,,"Japchae hải sản là món xào Hàn Quốc gồm sợi thủy tinh khoai lang trong suốt kết hợp với hải sản tươi sống và các loại rau nhiều màu sắc. Món ăn đặc trưng bao gồm tôm hoặc mực cùng với cà rốt, rau bina và nấm, tất cả đều được nêm với hỗn hợp mặn ngọt của nước tương và dầu mè. Sợi mì duy trì kết cấu dai đặc trưng đồng thời hấp thụ hương vị đậm đà của hải sản và gia vị.",88
c233b44d-cc9b-5ee9-8d1b-c0e58e3a5b4d,,,Cay cá hồi Poke bát (Spicy Salmon Poke Bowl),INGREDIENT,162.5,6.75,6.0,13.0,0.5,1.25,150.0,34d3024c-4bb7-46a0-8480-f45f99dd3d32,,,"A Poke cá hồi cay là một món ăn lấy cảm hứng từ Hawaii bao gồm các khối cá hồi sống ướp với nước sốt cay, thường dùng kèm cơm với rau tươi và lớp phủ trên lấy cảm hứng từ châu Á. Bữa ăn hoàn chỉnh này kết hợp cá hồi giàu protein (19-37g mỗi khẩu phần) với các thành phần có thể tùy chỉnh như dưa chuột, đậu nành Nhật Bản và bơ, thường có tổng cộng 580-694 calo mỗi bát. Cách chế biến cay đặc trưng đến từ nước sốt làm từ mayo và sriracha, trong khi các lớp phủ thêm như hạt vừng và rong biển mang lại kết cấu và hương vị umami.",88
c81b0641-f91c-5b70-af69-d60583f91144,,,Hibachi cá hồi (Hibachi Salmon),INGREDIENT,282.35,23.53,17.06,7.06,0.0,4.71,352.94,34d3024c-4bb7-46a0-8480-f45f99dd3d32,,,"Cá hồi Hibachi là món cá nướng kiểu Nhật được chế biến trên vỉ nướng teppanyaki phẳng trước mặt thực khách tại các nhà hàng đặc sản. Phi lê cá hồi tươi thường được nêm với nước tương, bơ và tỏi trong khi nấu ở nhiệt độ cao, tạo nên hương vị bên ngoài trong khi vẫn giữ được độ ẩm bên trong. Món ăn giàu protein này thường được phục vụ cùng với rau nướng và cơm trắng, mang đến một bữa ăn cân bằng với khoảng 160-480 calo tùy thuộc vào khẩu phần và số lượng nước sốt.",88
586ff12f-8bf7-5569-b395-0814f46e744b,,,Mật ong óc chó tôm (Honey Walnut Shrimp),INGREDIENT,349.37,14.77,19.83,29.96,1.27,11.81,253.16,34d3024c-4bb7-46a0-8480-f45f99dd3d32,,,"Tôm quả óc chó mật ong là một món ăn nổi tiếng của nhà hàng Mỹ gốc Hoa với tôm tẩm bột và chiên được rưới nước sốt kem mật ong và phủ kẹo quả óc chó lên trên. Món khai vị hấp dẫn này kết hợp kết cấu giòn với hương vị ngọt và mặn, thường được phục vụ cùng cơm. Món ăn này đặc biệt giàu protein từ tôm nhưng cũng chứa nhiều calo do cách chế biến chiên và thành phần nước sốt ngọt.",88
f804e37f-182e-5b2b-add1-a0d016ef42fa,,,Cá ngừ Nigiri (Tuna Nigiri),INGREDIENT,112.0,12.0,0.4,15.0,0.5,2.5,100.0,34d3024c-4bb7-46a0-8480-f45f99dd3d32,,,"Cá ngừ nigiri là một món sushi cổ điển của Nhật Bản bao gồm cơm được ép bằng tay và bên trên là một lát cá ngừ sống thượng hạng. Thường được phục vụ theo cặp tại các nhà hàng sushi, mỗi miếng kết hợp cá ngừ nạc giàu protein với gạo hạt ngắn ngâm dấm, thường kết hợp một lượng nhỏ wasabi giữa cá và cơm. Chế phẩm đơn giản, sạch sẽ này cung cấp sự kết hợp cân bằng giữa protein nạc và carbohydrate phức hợp trong khi vẫn ít chất béo.",88
e4288976-3cff-501c-9dd6-08d23783aced,,,Grillet Laks (nướng vỉ cá hồi) (Grillet Laks (Grilled Salmon)),DISH,170.04,20.26,8.37,2.2,0.0,2.2,154.19,34d3024c-4bb7-46a0-8480-f45f99dd3d32,,,"Grillet Laks là món cá hồi nướng kiểu Na Uy, thường được chế biến để đạt được độ giòn bên ngoài trong khi vẫn giữ được phần giữa mềm và ẩm. Món hải sản cao cấp này đặc biệt giàu axit béo omega-3 và protein chất lượng cao, cung cấp khoảng 21-46g protein mỗi khẩu phần. Quá trình nướng làm tăng hương vị tự nhiên của cá hồi đồng thời thường kết hợp các gia vị đơn giản như muối, tiêu và rau thơm, thường dùng kèm với rau tươi hoặc ngũ cốc đi kèm.",88
68e0bc68-55fe-5337-9328-86e649a96d97,,,Cá ngừ bít tết (Tuna Steak),INGREDIENT,120.59,23.53,2.94,0.0,0.0,0.0,41.18,34d3024c-4bb7-46a0-8480-f45f99dd3d32,,,"Bít tết cá ngừ là loại cá cao cấp thường được phục vụ ở dạng chín tái đến vừa tái trong các nhà hàng, với lớp ngoài giòn và phần giữa màu đỏ đậm. Loại hải sản nạc này đặc biệt giàu protein và axit béo omega-3, đồng thời hầu như không chứa carbohydrate. Các món chế biến tại nhà hàng thường bao gồm bít tết nướng hoặc áp chảo với các gia vị lấy cảm hứng từ châu Á như hạt vừng và nước sốt làm từ đậu nành.",75
bbedbdbd-a9ba-520f-85ea-7598b764e441,,,Tương miso Cod Tacos (Miso Cod Tacos),DISH,48.3,6.38,0.66,3.19,0.85,0.53,135.11,34d3024c-4bb7-46a0-8480-f45f99dd3d32,,,"Miso Cod Tacos là một món ăn kết hợp hiện đại kết hợp cá tuyết tráng men miso kiểu Nhật với cách trình bày taco Mexico. Mỗi chiếc bánh taco đều có phi lê cá tuyết mềm được tráng bằng nước xốt miso mặn ngọt, thường được dùng kèm với bánh ngô hoặc bột mì với các đồ trang trí tươi như ngò, chanh và thịt băm lấy cảm hứng từ châu Á. Món ăn giàu protein này mang đến sự thay thế nhẹ nhàng hơn cho món tacos truyền thống đồng thời mang đến hương vị umami phức hợp từ men miso.",88
024b9b7a-d107-5d02-ab21-2d4fdce034ac,,,Tôm Skagen (Shrimp Skagen),INGREDIENT,170.0,15.0,6.0,18.0,1.5,2.0,600.0,34d3024c-4bb7-46a0-8480-f45f99dd3d32,,,"Tôm Skagen là món khai vị Bắc Âu trang nhã bao gồm salad tôm tinh chế được phục vụ trên bánh mì nướng bơ. Món salad đặc trưng kết hợp tôm mềm với thì là tươi, sốt mayonnaise và nước cốt chanh, tạo nên một hỗn hợp kem vừa tinh tế vừa đậm đà hương vị. Món ăn cổ điển này được trang trí theo truyền thống với một ít trứng cá muối hoặc nụ bạch hoa, làm nổi bật vị thế của nó như một món khai vị tinh tế trong ẩm thực Scandinavia.",88
63013c7c-7b71-5e79-a85c-ee2236abf3b4,,,Chinese Broccoli với hàu sốt (Chinese Broccoli with Oyster Sauce),DISH,161.4,1.93,13.16,11.05,3.86,3.51,2435.09,34d3024c-4bb7-46a0-8480-f45f99dd3d32,,,"Bông cải xanh Trung Quốc với dầu hào là một món ăn Quảng Đông cổ điển có gai lan, một loại rau lá xanh có thân dày và những bông hoa nhỏ, thường được phục vụ với nước sốt hàu đậm đà. Loại rau này cung cấp một lượng đáng kể vitamin A, C và K, trong khi dầu hào thơm ngon mang lại hương vị umami đặc trưng. Mặc dù giàu chất dinh dưỡng nhưng món ăn này thường chứa nhiều natri và chứa chất gây dị ứng từ cả động vật có vỏ và lúa mì trong dầu hào.",88
fb79b57d-af97-5d03-a5b5-5c375ed309ce,,,Poke bát với cá ngừ (Poke Bowl with Tuna),INGREDIENT,115.98,6.25,2.97,16.16,1.46,1.2,180.77,34d3024c-4bb7-46a0-8480-f45f99dd3d32,,,"Poke bowl với cá ngừ là một món ăn hiện đại lấy cảm hứng từ Hawaii gồm có cá ngừ sống loại sushi sống cắt khối ướp trong nước tương và dầu mè, thường dùng kèm với cơm. Chế phẩm kết hợp California này kết hợp cá ướp với rau tươi, bơ và nhiều loại đồ ăn kèm lấy cảm hứng từ châu Á, tạo ra một bữa ăn đậm đặc chất dinh dưỡng, giàu protein và chất béo lành mạnh. Bát có thể tùy chỉnh và thường được hoàn thiện với các loại nước sốt giàu vị umami như gừng đậu nành hoặc ponzu.",88
7b2c25ce-2be6-5ae4-b4d6-7dd5ef878ba6,,,Hải sản Bisque (Seafood Bisque),DISH,155.59,10.85,8.47,8.14,0.34,1.36,224.07,34d3024c-4bb7-46a0-8480-f45f99dd3d32,,,"Bisque hải sản là một món súp béo ngậy, nhiều kem được chế biến theo kiểu truyền thống với sự kết hợp của các loại động vật có vỏ như tôm, cua hoặc tôm trong ẩm thực Cajun/Creole. Món súp thịnh soạn này có lớp nền kem đặc roux được tăng cường với các loại gia vị và gia vị đặc trưng của vùng, tạo nên một món ăn có hương vị đậm đà, đậm đà. Nổi tiếng với hàm lượng protein cao và giàu canxi, món bánh quy sang trọng này thường cung cấp một khẩu phần hải sản phong phú trong mỗi phần.",88
bae5272a-752d-5df5-a406-2fcf9cb55ae6,,,Tôm Arayes (Shrimp Arayes),INGREDIENT,230.0,18.0,7.0,36.0,3.0,2.0,500.0,34d3024c-4bb7-46a0-8480-f45f99dd3d32,,,"Tôm Arayes là một cách giải thích nâng cao của người Dubai về món bánh pita nhồi truyền thống của Trung Đông, có tôm băm nhuyễn thay vì nhân thịt thông thường. Bánh mì pita được nhồi với hỗn hợp tinh tế của tôm và gia vị thơm, sau đó nướng hoặc nướng cho đến khi đạt được độ giòn bên ngoài mà vẫn giữ được độ mọng nước bên trong. Phiên bản tinh tế này thường được trang trí bằng các loại thảo mộc tươi và ăn kèm với nước sốt bổ sung, mang đến một sự thay thế nhẹ nhàng hơn, có nguồn gốc từ hải sản cho các món aray truyền thống.",88
a6f940d8-5ae5-5294-9838-fe081432d34f,,,Chiên tôm Platter (Fried Shrimp Platter),DISH,270.0,11.5,22.0,6.5,0.75,0.5,750.0,34d3024c-4bb7-46a0-8480-f45f99dd3d32,,,"Một món đặc sản của nhà hàng Cajun/Creole có tôm tẩm bột chiên giòn cho đến khi có màu vàng nâu và giòn, thường được nêm với các loại gia vị đặc trưng của vùng như ớt bột và tỏi. Đĩa thịnh soạn này thường bao gồm 8-12 con tôm lớn ăn kèm với các món ăn truyền thống như khoai tây chiên, cơm hoặc xà lách trộn, cùng với cocktail hoặc sốt remoulade. Trong khi cung cấp protein chất lượng từ tôm, phương pháp chế biến này mang lại một món ăn giàu calo với hàm lượng chất béo đáng kể từ quá trình tẩm bột và chiên.",88
8b248728-d4b9-57df-98e6-b33841e4d4da,,,Catfish Courtbouillon (Catfish Courtbouillon),INGREDIENT,226.0,16.0,14.0,9.0,1.2,2.0,160.0,34d3024c-4bb7-46a0-8480-f45f99dd3d32,,,"Catfish Courtbouillon là món ăn Cajun/Creole cổ điển bao gồm phi lê cá da trơn dày dạn được ninh trong nước sốt cà chua đậm đà làm từ roux. Cách chế biến tại nhà hàng này kết hợp 'bộ ba thần thánh' của hành tây, cần tây và ớt chuông với nước sốt sẫm màu và gia vị cay, tạo ra một loại nước sốt có hương vị đậm đà. Món ăn này theo truyền thống được phục vụ cùng cơm, với cá mềm và nước sốt đặc khiến nó trở thành một bữa ăn thịnh soạn, giàu protein đặc trưng của ẩm thực Louisiana.",88
5463c9af-9978-5384-970e-9fd9a43f5995,,,Tôm Ceviche (Shrimp Ceviche),INGREDIENT,93.33,12.78,2.22,5.56,1.67,2.22,138.89,34d3024c-4bb7-46a0-8480-f45f99dd3d32,,,"Ceviche tôm là một món hải sản sống động, trong đó tôm tươi sống được 'nấu chín' thông qua việc ướp với nước ép cam quýt, điển hình là chanh và chanh. Trong các món ăn ở quán cà phê Cuba, món ăn này có cà chua thái hạt lựu, hành tây và ngò, thường đi kèm với bánh mì nướng truyền thống (chuối chiên) ở bên cạnh. Món khai vị giàu protein này cung cấp thành phần dinh dưỡng nạc đồng thời mang lại hương vị tươi sáng, thơm ngon và kết cấu đa dạng từ các thành phần rau tươi.",88
bfdf45eb-63cc-5367-8a79-13be096e9fb1,,,Tôm hùm Pie (Lobster Pie),DISH,220.85,9.64,18.45,4.12,0.54,0.72,323.95,34d3024c-4bb7-46a0-8480-f45f99dd3d32,,,"Lobster Pie là một món hải sản sang trọng của New England với những miếng thịt tôm hùm mềm trong nước sốt kem sherry đậm đà. Món chế biến hấp dẫn này được phủ lên trên một lớp vỏ bánh quy bơ đặc biệt, thường được làm bằng bánh quy Ritz nghiền nát và nướng cho đến khi có màu vàng nâu. Là một món ăn dành cho dịp đặc biệt tại các nhà hàng hải sản truyền thống, nó đại diện cho một trong những cách chế biến tôm hùm ngon nhất trong ẩm thực vùng.",88
1d22ce0c-375b-55ca-85a0-5235ab7fd082,,,Tôm hùm Salad Roll (Lobster Salad Roll),DISH,207.07,14.14,7.58,23.23,1.26,2.02,575.76,34d3024c-4bb7-46a0-8480-f45f99dd3d32,,,"Món tôm hùm cuộn kiểu Maine là một món ngon ven biển gồm những miếng thịt tôm hùm tươi được trộn nhẹ với sốt mayonnaise, nước cốt chanh và gia vị tinh tế. Món salad tôm hùm theo truyền thống được phục vụ lạnh trên một chiếc bánh mì nướng bơ, cung cấp một bữa ăn giàu protein với khoảng 28 gam protein mỗi khẩu phần. Cách chế biến cổ điển này thể hiện vị ngọt tự nhiên của thịt tôm hùm trong khi vẫn giữ được hương vị nhẹ nhàng, sảng khoái.",88
41739fc2-67d1-5c91-87ef-45e60c2dd17e,,,Yuchaetang (hải sản Hot Pot) (Yuchaetang (Seafood Hot Pot)),DISH,86.0,9.13,3.83,3.68,0.45,0.13,133.52,34d3024c-4bb7-46a0-8480-f45f99dd3d32,,,"Yuchaetang là món Lẩu hải sản kiểu Hàn Quốc gồm nhiều loại hải sản như bạch tuộc, cá và nghêu trong nước dùng đậm đà. Món ăn giàu protein này thường bao gồm các thành phần bổ sung như đậu phụ, lát thịt lợn và các loại rau, dùng nóng trong nồi chung. Với khoảng 55 gam protein trong mỗi khẩu phần và hàm lượng carbohydrate vừa phải từ bún, món này mang đến một lựa chọn bữa ăn cân bằng dinh dưỡng tại các nhà hàng Hàn Quốc.",88
f37696ff-834c-57b4-a1c3-aa268305d450,,,Muốifish Fritters (Saltfish Fritters),INGREDIENT,200.0,13.33,8.89,16.67,2.22,2.22,1111.11,34d3024c-4bb7-46a0-8480-f45f99dd3d32,,,"Cá muối chiên là món khai vị kiểu Caribe được làm từ cá tuyết khô tẩm gia vị trộn với bột mì tẩm gia vị và chiên giòn cho đến khi vàng và giòn. Những món chiên mặn này kết hợp hương vị đặc biệt của cá tuyết muối bù nước với các chất thơm như tỏi, hành tây và ớt, tạo ra một món ăn nhẹ giàu protein với bên ngoài giòn và bên trong mềm. Do phương pháp chế biến và thành phần nên chúng có hàm lượng protein và natri cao đáng kể.",75
ce8b802f-4089-5c0c-ac98-bfab95517b85,,,Norwegian tôm Salad (Norwegian Shrimp Salad),DISH,198.9,10.49,16.59,1.21,0.27,0.66,695.0,34d3024c-4bb7-46a0-8480-f45f99dd3d32,,,"Salad tôm Na Uy (rekesalat) là một món kem kiểu Bắc Âu kết hợp tôm mềm với nước sốt sốt mayonnaise đậm đà và thì là tươi. Chế phẩm giàu protein này có sự cân bằng tinh tế giữa hải sản và thảo mộc, thường được phục vụ trên bánh mì kẹp mặt mở, như lớp phủ canapé trang nhã hoặc cùng với bánh mì tươi. Sự kết hợp đặc biệt của thì là tươi, vị chanh tươi và kết cấu kem khiến nó trở thành nền tảng của ẩm thực Bắc Âu.",88
f466f2d5-02e0-5355-8125-841a46d2084d,,,Tôm Kabsa (Shrimp Kabsa),INGREDIENT,187.5,9.58,6.25,22.92,1.25,1.67,208.33,34d3024c-4bb7-46a0-8480-f45f99dd3d32,,,"Tôm Kabsa là món cơm truyền thống của Ả Rập Xê Út gồm cơm basmati dày dặn nấu với tôm mọng nước và sự pha trộn đặc biệt của các loại gia vị thơm bao gồm thì là và chanh khô. Món ăn này được chế biến tại nhà hàng kết hợp tôm mềm với cơm mịn, cà chua và hành tây, thường được trang trí bằng hạt thông nướng để tăng thêm kết cấu. Món ăn này cung cấp thành phần dinh dưỡng cân bằng với protein nạc từ tôm, carbohydrate phức hợp từ gạo và các chất dinh dưỡng thiết yếu từ rau và gia vị.",88
36bfc3de-a666-587a-816e-5653c9da7efc,,,Nicoise Salad với cá hồi (Nicoise Salad with Salmon),DISH,153.37,9.2,10.74,7.67,1.53,1.53,159.51,34d3024c-4bb7-46a0-8480-f45f99dd3d32,,,"Salad Nicoise với cá hồi là một món salad khai vị được chế biến phù hợp với món ăn cổ điển của Pháp bằng cách thay thế cá hồi bằng cá ngừ truyền thống. Bữa ăn giàu protein này kết hợp cá hồi nướng hoặc nướng với trứng luộc chín, khoai tây mềm, đậu xanh, ô liu và rau xanh trộn, thường được trộn với dầu giấm mù tạt. Sự kết hợp này mang đến một bữa ăn cân bằng, giàu axit béo omega-3, protein nạc và rau tươi, trở thành lựa chọn bổ dưỡng cho bữa trưa hoặc bữa tối hoàn chỉnh.",88
fc5be280-94ea-5d3f-8509-d0f62bb26c58,,,Finnish Fish Roe Toast (Finnish Fish Roe Toast),INGREDIENT,200.0,13.75,5.62,20.0,3.12,3.75,437.5,34d3024c-4bb7-46a0-8480-f45f99dd3d32,,,"Bánh mì nướng trứng cá Phần Lan là món khai vị tinh tế kiểu Bắc Âu với trứng cá tinh tế được phục vụ trên bánh mì lúa mạch đen truyền thống hoặc bánh mì giòn. Món ăn trang nhã này thường bao gồm các món ăn kèm như kem chua, thì là tươi và rau muối, tạo nên sự cân bằng hài hòa giữa kết cấu và hương vị. Trứng cá giàu protein mang lại kết cấu và hương vị đậm đà đặc biệt đồng thời cung cấp một lượng đáng kể vitamin B12 và selen, khiến nó trở thành một lựa chọn ăn uống bổ dưỡng và tinh tế.",88
124450eb-73d3-564c-b4e2-6e94c87d0416,,,Bạch tuộc Sashimi (Octopus Sashimi),DISH,82.3,18.58,0.89,0.0,0.0,0.0,265.49,34d3024c-4bb7-46a0-8480-f45f99dd3d32,,,"Sashimi bạch tuộc là bạch tuộc sống thái lát mỏng được phục vụ theo phong cách truyền thống của Nhật Bản, thường đi kèm với nước tương và wasabi. Chế phẩm hải sản nạc này đặc biệt có hàm lượng protein cao trong khi ít calo, cung cấp các chất dinh dưỡng thiết yếu như vitamin B12, selen và sắt. Thịt có kết cấu chắc nhưng mềm đặc trưng với hương vị tinh tế, sạch sẽ khiến nó trở thành lựa chọn phổ biến tại các nhà hàng sushi.",88
d91ac988-102b-5778-b5ad-d4307c93f3b3,,,Cá hồi bơ Roll (Salmon Avocado Roll),INGREDIENT,184.12,7.06,5.88,27.65,2.35,2.94,339.41,34d3024c-4bb7-46a0-8480-f45f99dd3d32,,,"Cuộn bơ cá hồi là một món sushi phổ biến bao gồm cá hồi tươi sống và bơ chín được bọc trong cơm dày dạn và rong biển nori. Sự kết hợp cân bằng này cung cấp axit béo omega-3 có lợi cho tim từ cá hồi và chất béo không bão hòa đơn có lợi từ quả bơ, thường được phục vụ thành 6-8 miếng vừa ăn. Món cuộn thể hiện sự hài hòa hoàn hảo giữa kết cấu béo ngậy, béo ngậy và hương vị sạch sẽ, khiến nó trở thành một lựa chọn bổ dưỡng cung cấp cả protein và chất béo lành mạnh.",88
2f2238df-a90a-5b44-8bbd-49b5e9898d55,,,Nướng vỉ Fish Tacos (Grilled Fish Tacos),DISH,153.28,15.41,5.27,12.17,2.84,1.62,202.76,34d3024c-4bb7-46a0-8480-f45f99dd3d32,,,"Tacos cá nướng là một món ăn kết hợp của California gồm có cá trắng nướng dày dặn được phục vụ trong bánh ngô với lớp phủ tươi ngon, rực rỡ. Những chiếc bánh taco này thường kết hợp cá ướp với bắp cải thái mỏng, ngò tươi và salsa làm tại nhà, thường kết hợp các yếu tố nhiệt đới như dứa. Phương pháp chế biến nướng và nguyên liệu tươi tạo nên một món ăn giàu protein, cung cấp các chất dinh dưỡng thiết yếu như axit béo omega-3 và selen, đồng thời duy trì hương vị nhẹ nhàng, tốt cho sức khỏe đặc trưng của ẩm thực Bờ Tây.",88
5b54c7b6-590a-5fc7-b524-225fbe16177a,,,Tôm và Biscuit (Shrimp and Biscuit),INGREDIENT,235.29,9.41,9.41,28.24,1.76,2.35,800.0,34d3024c-4bb7-46a0-8480-f45f99dd3d32,,,"Tôm và bánh quy là một món ăn miền Nam quen thuộc kết hợp tôm tẩm gia vị với bánh quy bơ sữa mới nướng, thường được phục vụ với nước sốt đậm đà, thơm ngon. Tôm thường được chế biến với các loại gia vị lấy cảm hứng từ Cajun, trong khi bánh quy đi kèm mang đến kết cấu dạng bơ, xốp rất phù hợp với hải sản. Món ăn thịnh soạn này kết hợp ảnh hưởng của tôm tươi ven biển với cách nướng truyền thống của miền Nam, tạo nên sự pha trộn hài lòng giữa hương vị và kết cấu.",88
42c72bc4-f39d-5b46-baa9-1bbe140d251e,,,Catfish Po' Boy (Catfish Po' Boy),INGREDIENT,352.42,13.22,22.47,25.99,1.76,3.52,722.47,34d3024c-4bb7-46a0-8480-f45f99dd3d32,,,"A Catfish Po' Boy là một loại bánh sandwich truyền thống của Louisiana có cá da trơn chiên bột ngô ăn kèm với bánh mì Pháp với cách trang trí đặc biệt. Món bánh sandwich thịnh soạn này thường bao gồm phi lê cá da trơn chiên giòn phủ sốt kem remoulade, rau diếp cắt nhỏ, cà chua và dưa chua, tạo nên sự tương phản đặc trưng giữa kết cấu và hương vị. Là một phần ăn đáng kể của nhà hàng, nó cung cấp hàm lượng protein đáng kể nhưng cũng rất giàu calo, thường chứa khoảng 800 calo mỗi chiếc bánh sandwich.",88
9ed5abf3-1e1a-5bba-a8b1-581365f63292,,,Fish Sticks (Fish Sticks),INGREDIENT,240.0,12.0,12.0,18.67,1.33,1.33,466.67,34d3024c-4bb7-46a0-8480-f45f99dd3d32,,,"Que cá là những phần cá trắng tẩm bột, điển hình là cá minh thái, được chiên giòn cho đến khi có màu vàng nâu và giòn trong môi trường nhà hàng. Những phần ăn cỡ ngón tay này có lớp vỏ bên ngoài giòn, nhường chỗ cho những miếng cá mềm, bong tróc bên trong và thường được dùng như món khai vị với sốt tartar và chanh. Các phiên bản nhà hàng có xu hướng có lớp nhân bánh dày hơn, nhiều hơn và hàm lượng chất béo cao hơn so với các phiên bản đông lạnh do phương pháp chế biến chiên ngập dầu.",88
da66af3a-2b6b-575d-a2b1-af21eb544bfa,,,Waakye với Fish (Waakye with Fish),INGREDIENT,183.33,9.33,3.33,26.67,5.0,1.0,233.33,34d3024c-4bb7-46a0-8480-f45f99dd3d32,,,"Waakye with Fish là món ăn truyền thống của Tây Phi gồm cơm và đậu nấu cùng với lá waakye đặc biệt, mang lại màu nâu đỏ đặc trưng và hương vị tinh tế. Bữa ăn thịnh soạn này kết hợp thành phần giàu protein với cá đã được tẩm gia vị, thường được phục vụ kèm các món ăn kèm trong nhà hàng. Sự kết hợp giữa các loại đậu và gạo tạo ra nguồn protein hoàn chỉnh đồng thời cung cấp chất xơ đáng kể, khiến món ăn trở thành một món ăn cân bằng dinh dưỡng, vừa no vừa đầy hương vị.",88
39315626-c960-5acf-ad3f-6ebc97c4e506,,,Hải sản Salad Sub (Seafood Salad Sub),DISH,216.94,10.0,11.94,17.22,1.39,2.22,222.22,34d3024c-4bb7-46a0-8480-f45f99dd3d32,,,"A Salad hải sản Sub là một loại bánh sandwich nguội có hỗn hợp hải sản cắt nhỏ làm từ sốt mayonnaise, thường bao gồm thịt giả cua và tôm, kết hợp với cần tây và gia vị. Món bánh sandwich tàu ngầm này được phục vụ dưới dạng cuộn dài và thường được trang trí bằng rau diếp và cà chua, mang đến một sự thay thế nhẹ nhàng hơn cho các món ăn làm từ thịt truyền thống. Trong khi cung cấp protein nạc từ hải sản, chế phẩm làm từ sốt mayonnaise làm cho món này trở thành một lựa chọn có lượng calo vừa phải trong số các loại bánh mì kẹp tàu ngầm.",88
2e80bdec-0f51-5ec5-8942-82825270abae,,,Corn và cua Bisque (Corn and Crab Bisque),INGREDIENT,125.0,6.0,7.5,8.5,0.83,1.67,458.33,34d3024c-4bb7-46a0-8480-f45f99dd3d32,,,"Corn and Crab Bisque là một món súp béo ngậy, nhiều kem từ ẩm thực Cajun/Creole, kết hợp ngô ngọt với thịt cua mọng nước trong lớp đế dày, mịn như nhung. Món súp thịnh soạn này thường được làm giàu với kem và gia vị với các loại gia vị truyền thống của Louisiana, tạo nên một món ăn giàu calo, trung bình 250-300 calo mỗi khẩu phần. Chứa nhiều chất gây dị ứng bao gồm động vật có vỏ, lúa mì và sữa, đồng thời cung cấp nguồn protein đáng kể từ thịt cua.",88
0ee573e5-da81-5fb8-8216-665ada9f1771,,,Cá ngừ Panga (Tuna Panga),INGREDIENT,206.67,25.33,11.33,2.0,0.13,1.33,120.0,34d3024c-4bb7-46a0-8480-f45f99dd3d32,,,"Cá ngừ Panga là một món ăn của Philippines với phần cổ cá ngừ vây vàng được đánh giá cao, nổi tiếng với loại thịt đậm đà, đầy hương vị. Miếng thịt đáng kể này thường được ướp với hỗn hợp các nguyên liệu truyền thống bao gồm sả, gừng và giấm dừa, sau đó nướng chín tới mức hoàn hảo. Món ăn này đặc biệt được đánh giá cao nhờ hàm lượng protein cao và axit béo omega-3, đồng thời khẩu phần ăn hào phóng khiến món ăn trở nên lý tưởng để dùng chung trong môi trường nhà hàng.",88
29a1df58-41b1-50f1-b436-e5ff0193e4f7,,,Tôm Scampi (Shrimp Scampi),INGREDIENT,127.5,7.5,5.0,13.0,1.0,1.0,240.0,34d3024c-4bb7-46a0-8480-f45f99dd3d32,,,"Tôm Scampi là món ăn yêu thích của nhà hàng với tôm xào sốt bơ tỏi béo ngậy, thường được dùng kèm với mì sợi tóc thiên thần hoặc mì ống. Cách chuẩn bị bữa ăn thông thường này thường bao gồm rượu vang trắng, chanh và đôi khi là kem trong nước sốt, thường được trang trí bằng các loại thảo mộc tươi và ăn kèm với các loại rau như măng tây hoặc cà chua. Trong khi cung cấp protein nạc từ tôm, các phiên bản nhà hàng có xu hướng chứa lượng calo và natri cao hơn so với các chế phẩm tự chế biến, với khẩu phần thông thường chứa khoảng 500-600 calo.",88
5c954072-71ff-5dbb-8212-5e8ed0a67915,,,Fish Escovitch (Fish Escovitch),INGREDIENT,200.0,18.33,10.67,7.0,0.67,1.67,181.67,34d3024c-4bb7-46a0-8480-f45f99dd3d32,,,"Fish Escovitch là một món ăn truyền thống của vùng Caribe gồm cá chiên phủ nước sốt đặc biệt làm từ giấm. Cá, điển hình là cá hồng, đầu tiên được chiên cho đến khi giòn, sau đó phủ một lớp hỗn hợp rau ngâm bao gồm hành tây, cà rốt và ớt chuông, nêm với ớt scotch và gia vị Caribe. Món ăn giàu protein này mang đến sự kết hợp độc đáo giữa kết cấu giòn và hương vị thơm, đồng thời cung cấp lượng vitamin D và protein đáng kể.",88
