id,created_at,updated_at,name,type,calories_per_100g,protein_per_100g,fat_per_100g,carbs_per_100g,fiber_per_100g,sugar_per_100g,sodium_mg_per_100g,category_id,default_serving_id,image_url,description,health_score
c53bbde7-d9ac-58c1-96f9-23cbaae379d0,,,"Ức gà, không xương không da, nấu chín (Chicken Breast, Boneless Skinless, Cooked)",DISH,151.0,30.54,3.17,0.0,0.0,0.0,52.0,de172d43-2578-4f27-a571-6d871460d273,,,"Ức gà (không xương, không da) là nguồn protein nạc chủ yếu được đánh giá cao vì giá trị sinh học cao và hàm lượng chất béo tối thiểu. Khi nấu chín bằng các phương pháp như nướng, nướng bánh hoặc luộc, nó cung cấp khoảng 31g protein trên 100g khẩu phần với ít hơn 4g chất béo, khiến nó trở thành nền tảng của chế độ ăn kiêng duy trì cơ bắp và quản lý cân nặng. Hương vị trung tính và kết cấu chắc nhưng mềm của nó thích ứng tốt với các món ăn toàn cầu, từ món khai vị tẩm thảo mộc đến món salad cắt lát phủ trên.",80
3c8211a7-8b69-5e46-a408-5eccee49b52f,,,"Ức gà không xương không da, tươi sống (Boneless Skinless Chicken Breast, Raw)",INGREDIENT,120.0,22.5,2.62,0.0,0.0,0.0,45.0,de172d43-2578-4f27-a571-6d871460d273,,,"Ức gà không da không xương là nguồn protein nạc được sử dụng rộng rãi trong chế độ ăn uống có lợi cho sức khỏe do tỷ lệ protein trên chất béo cao. Việc loại bỏ cả xương và da tạo ra một vết cắt ít chất béo chứa chất béo bão hòa tối thiểu đồng thời cung cấp các axit amin thiết yếu cần thiết để duy trì cơ bắp. Loại thịt đa năng này thích ứng tốt với các phương pháp nấu ăn khác nhau bao gồm nướng, nướng bánh và luộc, đóng vai trò như một lớp nền trung tính giúp dễ dàng hấp thụ nước xốt và gia vị.",80
3674ec34-90f4-54b5-9bb6-eb7665c708d2,,,Gà viên (Chicken Tenders),INGREDIENT,376.67,18.0,22.0,27.33,1.0,1.33,533.33,de172d43-2578-4f27-a571-6d871460d273,,,"Thịt gà rán miền Nam là những miếng thịt ức gà tẩm bột được tẩm gia vị và chiên giòn cho đến khi có màu vàng nâu và giòn. Những món mềm kiểu nhà hàng này có lớp phủ bột dày dặn đặc biệt và thường được phục vụ nóng như món ăn chính, cung cấp hàm lượng protein đáng kể đồng thời có nhiều chất béo và natri hơn do quá trình chiên và tẩm bột tẩm gia vị. Các chất gây dị ứng phổ biến bao gồm lúa mì, trứng và các sản phẩm từ sữa được sử dụng trong quá trình làm bánh mì.",80
6194b4f2-f45a-51c6-9dab-42506c531cc5,,,"Thịt bò băm 80% nạc, tươi sống (80% Lean Ground Beef, Raw)",INGREDIENT,248.0,17.4,19.7,0.0,0.0,0.0,60.5,de172d43-2578-4f27-a571-6d871460d273,,,"Thịt bò xay nạc 80% là sản phẩm thịt tươi, chưa nấu chín, bao gồm 20% chất béo và 80% mô cơ tính theo trọng lượng, mang lại sự cân bằng về hương vị và độ ẩm cho quá trình nấu nướng. Hàm lượng chất béo cao hơn so với các loại nạc hơn góp phần mang lại hương vị phong phú hơn và ngon ngọt hơn trong các món ăn như bánh mì kẹp thịt và bánh mì thịt nhưng làm tăng lượng chất béo bão hòa và lượng calo. Nguồn protein đa năng này tạo màu nâu rất tốt cho nước sốt và giữ được độ mềm khi nướng hoặc chiên, mặc dù chất béo dư thừa thường tiêu hao trong quá trình nấu.",80
a926d6b7-0697-5433-86c0-23691230b634,,,"Thịt bò băm, tươi sống (Ground Beef, Raw)",INGREDIENT,250.0,17.4,19.7,0.0,0.0,0.0,60.0,de172d43-2578-4f27-a571-6d871460d273,,,"Thịt bò xay là một sản phẩm thịt sống đa năng được làm bằng cách băm nhuyễn các miếng thịt bò và thịt vụn, có tỷ lệ nạc/mỡ như 90/10 hoặc 80/20. Nó cung cấp protein, sắt, kẽm và vitamin B chất lượng cao, mặc dù hàm lượng chất béo bão hòa của nó tăng tỷ lệ thuận với hỗn hợp chất béo cao hơn. Yêu cầu nấu kỹ ở nhiệt độ 160°F (71°C) để đảm bảo an toàn, nó tạo thành nền cho các món ăn như bánh mì kẹp thịt và nước sốt, đồng thời yêu cầu xử lý cẩn thận để ngăn ngừa lây nhiễm chéo ở trạng thái thô.",80
4685cac0-9675-5fac-b413-e87b41b3ffd8,,,"Hạnh nhân rang (Almonds, Roasted)",DISH,598.0,20.96,52.54,21.01,10.9,4.86,3.0,de172d43-2578-4f27-a571-6d871460d273,,,"Hạnh nhân rang là loại hạnh nhân được rang khô để tăng hương vị và độ giòn. Việc rang làm tăng hương vị hạt dẻ tự nhiên của hạnh nhân và tạo ra kết cấu giòn ngon hơn so với hạnh nhân thô. Chúng vẫn là nguồn cung cấp chất béo lành mạnh, vitamin E và magiê, khiến chúng trở thành một món ăn nhẹ bổ dưỡng hoặc bổ sung cho bữa ăn. Tuy nhiên, rang có thể làm giảm nhẹ mức độ của một số chất dinh dưỡng nhạy cảm với nhiệt.",75
e4d1edc6-c358-50bd-ac01-91b65021955c,,,"Thịt bò băm, nấu chín (Ground Beef, Cooked)",DISH,240.0,25.1,14.5,0.62,0.0,0.0,85.0,de172d43-2578-4f27-a571-6d871460d273,,,"Thịt bò xay nấu chín là nguồn protein linh hoạt có nguồn gốc từ thịt bò xay mịn. Quá trình nấu tạo ra một số chất béo, làm giảm hàm lượng chất béo tổng thể so với thịt bò xay sống, mặc dù thành phần dinh dưỡng đa lượng cuối cùng thay đổi đáng kể dựa trên tỷ lệ nạc trên mỡ (ví dụ: 80/20, 90/10). Nó là thành phần chính trong nhiều món ăn, bao gồm bánh mì kẹp thịt, bánh taco và nước sốt mì ống, cung cấp nguồn protein động vật sẵn có và tương đối rẻ tiền.",80
0a20c237-4fb3-563a-bc00-55934ac4db91,,,"Thịt bò băm 85% nạc, tươi sống (85% Lean Ground Beef, Raw)",INGREDIENT,215.0,18.6,15.0,0.0,0.0,0.0,66.0,de172d43-2578-4f27-a571-6d871460d273,,,"Thịt bò xay nạc 85% là sản phẩm thịt đỏ đa năng bao gồm 85% cơ nạc và 15% chất béo tính theo trọng lượng, mang lại sự cân bằng giữa hương vị và hàm lượng chất béo vừa phải. Hỗn hợp này cung cấp protein hoàn chỉnh chất lượng cao và sắt sinh khả dụng, mặc dù mức độ chất béo bão hòa của nó cần được xem xét đối với chế độ ăn có lợi cho tim. Hàm lượng chất béo giúp tăng cường độ ngon ngọt trong các món nấu chín như bánh mì kẹp thịt hoặc nước sốt thịt, với khoảng 25% chất béo thô thường tiết ra trong quá trình nấu.",80
4b698303-6e09-5d4f-a7c7-d50f23e71c81,,,"Thịt thăn ngoài, tươi sống (Top Sirloin Roast, Raw)",INGREDIENT,128.0,22.9,3.93,0.0,0.0,0.0,62.0,de172d43-2578-4f27-a571-6d871460d273,,,"Thịt thăn nướng thượng hạng là thịt bò nạc được cắt từ phần thịt thăn nguyên thủy, được đánh giá cao nhờ sự cân bằng giữa vân mỡ vừa phải và hàm lượng chất béo thấp hơn so với các loại thịt nướng đậm đà hơn như ribeye. Món nướng đa năng này cung cấp protein chất lượng cao với hương vị đậm đà của thịt bò, thường được chế biến bằng cách rang hoặc nướng và thường được cắt thành miếng bít tết. Mặc dù mềm tự nhiên nhưng độ nạc của nó được hưởng lợi từ việc nấu chín cẩn thận để giữ được độ ngon ngọt, khiến nó có thể thích ứng với cả chế độ ăn ít chất béo và các bữa ăn thịnh soạn.",75
804d1fb4-3f8e-5268-b105-9a7212793480,,,"Gà tây ít natri, lát nấu chín (Low-Sodium Turkey, Cooked Slices)",DISH,125.0,18.0,2.7,3.0,0.0,3.0,610.0,de172d43-2578-4f27-a571-6d871460d273,,,"Thịt gà tây nấu chín lát có hàm lượng natri thấp là loại thịt nạc, được nấu sẵn, được chế biến sẵn mà không thêm muối, khiến chúng trở thành một lựa chọn thay thế thân thiện với tim mạch so với các loại thịt chế biến truyền thống. Gà tây thường được rang hoặc nướng để giữ được hàm lượng protein cao và hương vị nhẹ, đồng thời giảm thiểu lượng chất béo và natri. Những lát cắt đa năng này rất lý tưởng cho bánh mì sandwich, salad hoặc đồ ăn nhẹ, cung cấp nguồn protein thuận tiện cho những người đang kiểm soát huyết áp hoặc giảm lượng thức ăn chế biến sẵn.",80
adaf6e66-fe4b-510a-bb1d-c2f3f6428388,,,"Gà nguyên con, nấu chín (Whole Chicken, Cooked)",DISH,184.3,21.4,10.3,0.0,0.0,0.0,54.4,de172d43-2578-4f27-a571-6d871460d273,,,"Thịt gà nấu chín nguyên con là nguồn protein hoàn chỉnh chứa tất cả các axit amin thiết yếu, thường được chế biến bằng cách rang hoặc nướng cho đến khi da giòn và thịt trở nên mềm. Chế phẩm này bao gồm cả thịt nạc ức (ít chất béo) và thịt đùi/chân sẫm màu (có nhiều chất sắt và chất béo bão hòa hơn), trong đó da đóng góp thêm chất béo bão hòa có thể được loại bỏ để giảm lượng calo nạp vào. Đặc điểm hương vị trung tính của nó giúp nó có thể thích ứng với các món ăn toàn cầu, đồng thời cung cấp một lượng đáng kể niacin, selen và vitamin B6 cho mỗi khẩu phần.",80
ad0743c3-f46f-5991-aba1-145b1d46cd0f,,,"Bò Fajitas, nấu chín (Beef Fajitas, Cooked)",DISH,143.0,20.2,3.6,4.8,0.5,1.0,476.0,de172d43-2578-4f27-a571-6d871460d273,,,"Fajitas thịt bò là một món ăn Tex-Mex bao gồm bít tết ướp nướng hoặc áp chảo với hành tây và ớt chuông. Thịt thường được nêm với nước cốt chanh, bột ớt và thì là, tạo ra hương vị thơm ngon, cháy khét mà vẫn giữ được độ mềm. Chế phẩm giàu protein này cung cấp lượng sắt và kẽm đáng kể, mặc dù hàm lượng chất béo thay đổi tùy theo việc cắt thịt. Hỗn hợp nấu chín theo truyền thống được phục vụ khi còn ấm trong bánh ngô nhưng ở đây được theo dõi dưới dạng thành phần protein-rau cốt lõi mà không cần thêm lớp phủ bên trên.",80
5b40cbdc-2ddf-59dc-a01e-0094db63da29,,,"Xúc xích heo Ý nhẹ, tươi sống (Italian Pork Sausage, Mild, Raw)",INGREDIENT,290.0,13.9,24.3,2.97,0.0,1.19,563.0,de172d43-2578-4f27-a571-6d871460d273,,,"Xúc xích thịt lợn Ý là một loại xúc xích tươi, chưa qua xử lý được làm từ thịt lợn xay dày dặn, thường có hương vị tỏi, hạt thì là và ớt đỏ nhẹ. Loại xúc xích sống này cần được nấu chín kỹ và cung cấp một lựa chọn giàu protein, nhiều chất béo với hương vị thơm ngon, đặc trưng của thảo mộc đặc trưng của món thịt nướng Ý. Sự đa dạng nhẹ của nó mang lại mức độ gia vị nhẹ nhàng hơn so với xúc xích nóng của Ý, khiến nó trở nên linh hoạt cho các món ăn như nước sốt mì ống, bánh mì nướng hoặc lớp phủ bánh pizza.",80
5f54a616-35cf-5f3e-89e4-819ff163c548,,,"Thịt gà xay, tươi sống (Chicken Thigh, Ground, Raw)",INGREDIENT,140.0,17.5,8.0,0.0,0.0,0.0,95.0,de172d43-2578-4f27-a571-6d871460d273,,,"Đùi gà xay sống là sản phẩm thịt gia cầm băm được làm đặc biệt từ phần thịt đùi gà sẫm màu, béo hơn. Chứa 7-10% chất béo - gần gấp đôi so với ức gà xay - nó mang lại hương vị đậm đà hơn và giữ ẩm tốt trong khi nấu, lý tưởng cho các món bánh mì kẹp thịt ngon ngọt, thịt viên và các món xào. Miếng cắt này tự nhiên chứa hàm lượng sắt và kẽm cao hơn thịt trắng, đồng thời yêu cầu nấu kỹ ở nhiệt độ 165°F (74°C) để đảm bảo an toàn thực phẩm.",80
ce887011-b222-5e4d-9788-354e213143c8,,,"Thịt bò quay tiêu, thái lát (Peppered Roast Beef, Sliced)",DISH,116.0,19.0,2.9,2.3,0.0,0.29,1050.0,de172d43-2578-4f27-a571-6d871460d273,,,"Thịt bò nướng tiêu là một loại thịt nguội được làm từ những miếng thịt nạc, chẳng hạn như thịt thăn hoặc thịt thăn, được rang chậm và phủ một lớp vỏ tiêu đen nứt. Tùy chọn giàu protein này cung cấp chất béo tối thiểu ở dạng chưa qua chế biến nhưng thường chứa thêm natri từ quá trình xử lý và gia vị. Được cắt lát mỏng để làm bánh mì sandwich hoặc bánh charcuterie, hương vị cay đậm của nó giúp phân biệt nó với thịt bò nướng thông thường trong khi vẫn giữ được tính linh hoạt trong các chế phẩm nguội.",75
dd905bb8-168c-58ea-bf1c-ddc54a4e83c9,,,"Thịt bò quay thăn trên, thái lát (Top Round Roast Beef, Sliced)",DISH,116.0,18.9,2.9,2.3,0.0,0.29,1050.0,de172d43-2578-4f27-a571-6d871460d273,,,"Thịt bò nướng tròn trên cùng là phần thịt nạc có nguồn gốc từ cơ đùi trong của bò, được đánh giá cao vì hàm lượng protein cao và ít vân mỡ. Thường được rang chậm để tối đa hóa độ mềm, thịt nấu chín thái lát có kết cấu chắc và hương vị thịt bò nhẹ, khiến nó trở thành lựa chọn phổ biến cho các món bánh mì kẹp thịt nguội và các bữa ăn tập trung vào protein. Mặc dù có ít chất béo hơn so với thịt thăn hoặc thịt thăn, nhưng nó đòi hỏi phải nấu cẩn thận để tránh bị khô do lượng mỡ trong cơ bị hạn chế.",80
8ffd10eb-d1c4-5aa1-aff0-792521a85e2b,,,Ức gà tây hun khói với da (Smoked Turkey Breast with Skin),DISH,137.0,27.0,5.6,0.0,0.0,0.0,750.0,de172d43-2578-4f27-a571-6d871460d273,,,"Ức gà tây hun khói là một sản phẩm gia cầm chế biến sẵn được làm bằng ức gà tây hun khói chậm còn nguyên da, tạo ra hương vị thơm ngon, khói và kết cấu ẩm. Da góp phần bổ sung chất béo bão hòa so với phiên bản không da, trong khi thịt nạc cung cấp protein chất lượng cao. Chế phẩm nấu chín này thường chứa hàm lượng natri vừa phải từ quá trình ngâm nước muối hoặc đóng rắn, khiến việc nhận thức về khẩu phần trở nên quan trọng đối với chế độ ăn hạn chế natri.",80
75421a77-9f04-5fcf-bbe6-93afa9b45bde,,,Xúc xích gà tây ăn sáng (Turkey Breakfast Sausage),INGREDIENT,172.0,16.5,10.4,2.56,0.0,0.0,657.0,de172d43-2578-4f27-a571-6d871460d273,,,"Xúc xích ăn sáng Thổ Nhĩ Kỳ là một món thay thế nạc làm từ thịt gia cầm cho xúc xích thịt lợn truyền thống, thường được nêm với cây xô thơm, hạt tiêu đen và các loại thảo mộc mặn. Được làm từ thịt gà tây xay, nó cung cấp lượng protein tương đương với các phiên bản thịt lợn nhưng ít chất béo bão hòa hơn 30-50% và ít calo hơn. Những miếng chả hoặc miếng liên kết đã được tẩm gia vị sẵn này thường được áp chảo hoặc nướng, cung cấp lựa chọn có hàm lượng cholesterol thấp hơn để giảm lượng thịt đỏ ăn vào trong khi vẫn duy trì hương vị gia vị thường thấy trong các món ăn sáng.",80
df7aafca-03d3-5984-b388-cef29177ab5e,,,"Gà hun khói, thái lát (Smoked Chicken, Sliced)",DISH,110.0,23.0,2.0,0.0,0.0,0.0,450.0,de172d43-2578-4f27-a571-6d871460d273,,,"Gà hun khói thái lát là sản phẩm gia cầm nấu chín hoàn toàn, ăn liền, được chế biến bằng cách hun khói chậm trên lửa củi để tạo ra hương vị đậm đà, thơm ngon và kết cấu chắc nhưng mềm. Nguồn protein nạc này vẫn giữ được hàm lượng protein cao của thịt gà đồng thời có mùi thơm khói đặc biệt, mặc dù quá trình xử lý thường làm tăng nồng độ natri so với các chế phẩm không hun khói. Được cắt lát mỏng để thuận tiện, nó thường được sử dụng trong bánh mì sandwich, salad và các món nướng, nơi độ đậm khói của nó giúp tăng cường các món ăn mà không cần nấu thêm.",80
abe607ec-a5a2-56b3-a636-52ea91f1d6a3,,,Thịt nguội gà tây hun khói (Smoked Turkey Luncheon Meat),DISH,171.0,28.5,3.6,0.0,0.0,0.0,1007.0,de172d43-2578-4f27-a571-6d871460d273,,,"Thịt gà tây hun khói bữa trưa là một sản phẩm đồ nguội đã qua chế biến được làm từ gà tây nghiền mịn đã được xử lý, hun khói và cắt lát sẵn để thuận tiện. Mặc dù nạc hơn các loại thịt ăn trưa làm từ thịt lợn nhưng nó thường chứa lượng natri đáng kể từ quá trình bảo quản và có thể bao gồm các chất phụ gia như dextrose hoặc carrageenan. Quá trình hun khói mang lại hương vị thơm ngon đậm đà, khiến nó trở thành lựa chọn phổ biến cho bánh mì sandwich và bánh charcuterie, mặc dù thành phần dinh dưỡng của nó khác nhau đáng kể giữa các nhãn hiệu.",80
60e834f7-9aee-5411-8787-b73a5932ba41,,,"Vai heo không xương, tươi sống (Boneless Pork Shoulder, Raw)",INGREDIENT,236.0,17.2,18.0,0.0,0.0,0.0,65.0,de172d43-2578-4f27-a571-6d871460d273,,,"Thịt vai lợn không xương là phần nguyên thủy được cắt từ chân trước phía trên của con lợn, được đánh giá cao vì có nhiều vân mỡ và mô liên kết sẽ bị phân hủy trong quá trình nấu chậm. Phần thịt đa năng này chứa hàm lượng protein vừa phải nhưng hàm lượng chất béo cao hơn so với những miếng thịt lợn nạc như thịt thăn, khiến nó trở nên lý tưởng cho các chế phẩm chế biến chậm và chậm như thịt lợn kéo, carnitas hoặc món om. Khi còn sống, nó trông như một miếng thịt nướng hình chữ nhật, có vân cẩm thạch đẹp mắt với sự kết hợp giữa thịt sẫm màu và nhạt màu, trở nên mềm và có hương vị đặc biệt khi được nấu chín đúng cách.",80
ee0ec3c3-122b-528f-8948-f90964ce1824,,,Cánh gà nướng (Baked Chicken Wings),DISH,254.0,23.8,16.9,0.0,0.0,0.0,98.0,de172d43-2578-4f27-a571-6d871460d273,,,"Cánh gà nướng là một lựa chọn protein nạc được chế biến bằng cách nướng cánh trong lò cho đến khi da trở nên giòn mà vẫn giữ được thịt mềm, mọng nước. Phương pháp nấu ăn này làm giảm đáng kể hàm lượng chất béo so với cánh chiên truyền thống, mặc dù giá trị dinh dưỡng thay đổi tùy theo gia vị hoặc nước sốt. Một khẩu phần thông thường cung cấp protein chất lượng cao với lượng carbohydrate tối thiểu, khiến chúng có thể thích ứng với chế độ ăn ít carb, keto hoặc giàu protein khi được chế biến với các loại gia vị đơn giản thay vì men có đường.",80
bf446a47-975d-5ff1-931a-f4843d764e51,,,"Xúc xích Ý gà tây, tươi sống (Turkey Italian Sausage, Raw)",INGREDIENT,139.0,17.19,4.41,6.55,0.9,0.29,753.0,de172d43-2578-4f27-a571-6d871460d273,,,"Thổ Nhĩ Kỳ Xúc xích Ý là một sản phẩm gia cầm sống được tẩm gia vị được làm từ gà tây xay trộn với các loại gia vị truyền thống như thì là, tỏi và ớt bột. Loại thay thế nạc hơn cho xúc xích thịt lợn này chứa ít chất béo bão hòa hơn trong khi vẫn duy trì hàm lượng protein cao, mặc dù nó vẫn giữ được hương vị thơm ngon đặc trưng của xúc xích kiểu Ý. Các liên kết thô yêu cầu phải nấu kỹ bằng cách nướng, áp chảo hoặc nướng bánh và có hàm lượng natri cao vừa phải điển hình của các loại thịt đã qua chế biến theo gia vị.",80
dabc4ee4-8a5f-5f19-9f5e-aedc08a6ff10,,,"Đùi gà tây, nấu chín (Turkey Thigh, Cooked)",DISH,160.0,29.0,3.9,0.0,0.0,0.0,75.0,de172d43-2578-4f27-a571-6d871460d273,,,"Đùi gà tây là loại thịt gia cầm có màu sẫm, được biết đến với hàm lượng chất béo cao hơn và hương vị đậm đà hơn so với thịt ức nạc. Khi nấu chín bằng các phương pháp như rang hoặc om, các mô liên kết sẽ bị phá vỡ để tạo ra thịt mềm, mọng nước, cung cấp lượng protein đáng kể cùng với sắt và kẽm. Trong khi các chế phẩm còn da làm tăng lượng chất béo bão hòa, thì việc loại bỏ da mang lại sự cân bằng giữa hương vị và giảm mật độ calo.",80
6573f619-c85d-58be-bf74-bd9258a733cb,,,"Thịt bò quay tẩm gia vị, thái lát (Seasoned Roast Beef, Sliced)",DISH,143.0,23.0,4.5,2.0,0.0,2.0,339.0,de172d43-2578-4f27-a571-6d871460d273,,,"Thịt bò nướng tẩm gia vị, thái lát là sản phẩm thịt đã được nấu chín và thái sẵn, được tẩm muối, rau thơm, gia vị trong quá trình rang. Phương pháp chế biến này tạo ra kết cấu mềm, thơm ngon đồng thời làm tăng hàm lượng natri đáng kể so với những miếng thịt không được tẩm gia vị. Thịt bò nạc cung cấp nguồn protein chất lượng cao, khiến nó trở thành một lựa chọn thuận tiện cho món bánh mì sandwich, salad hoặc món bánh charcuterie, mặc dù hàm lượng muối của nó có thể cần phải điều độ trong chế độ ăn hạn chế natri.",80
5b107d3e-3a1b-57ad-96c0-45f60054ab34,,,Thịt bò hầm (Pot Roast),DISH,297.36,29.07,18.99,2.5,1.5,1.32,220.26,de172d43-2578-4f27-a571-6d871460d273,,,"Nồi nướng là một món thịt bò nấu chậm với thịt bò nướng được cắt nhỏ bằng tay, mềm, thường được phục vụ theo khẩu phần phong phú theo phong cách gia đình. Món ăn tiện lợi cổ điển này được trình bày theo truyền thống với nước sốt đậm đà, đi kèm với các loại rau nấu chín chậm như cà rốt và khoai tây, và thường dùng kèm với khoai tây nghiền hoặc bánh mì. Mặc dù cung cấp lượng protein đáng kể và các khoáng chất thiết yếu như kẽm và sắt, món ăn thịnh soạn này đặc biệt giàu hương vị và calo.",75
70625eac-e137-5410-bed9-4f717974a84a,,,"Giăm bông rừng đen, thái lát (Black Forest Ham, Sliced)",DISH,124.0,18.03,3.86,3.25,0.0,0.97,1061.0,de172d43-2578-4f27-a571-6d871460d273,,,"Thịt giăm bông Black Forest là một sản phẩm thịt lợn xông khói kiểu Đức được hun khói truyền thống trên gỗ thông hoặc gỗ linh sam, mang lại hương vị khói đậm đà cùng những nốt ngọt ngào tinh tế. Loại thịt nguội ăn liền, thái lát sẵn này có độ nạc vừa phải, cung cấp hàm lượng protein cao cân bằng với mức natri vừa phải đặc trưng của các loại thịt đã được xử lý. Bề ngoài tối màu đặc trưng và kết cấu mềm mại của nó khiến nó trở thành lựa chọn phổ biến để làm bánh mì sandwich và bánh charcuterie, mặc dù bản chất đã qua chế biến của nó đảm bảo việc tiêu dùng có ý thức.",80
98b2dc5f-d5a3-566b-a3fa-8a482123ec5e,,,"Thịt bò quay tròn, tươi sống (Round Roast, Raw)",INGREDIENT,122.0,23.4,2.48,0.0,0.0,0.0,50.0,de172d43-2578-4f27-a571-6d871460d273,,,"Thịt nướng tròn là miếng thịt bò nạc có nguồn gốc từ phần thân sau cơ bắp của con bò, được biết đến với hàm lượng protein cao và ít vân mỡ. Cách cắt tiết kiệm này đòi hỏi các phương pháp nấu chậm và ẩm như om hoặc rang trong nồi để làm mềm các sợi cơ dày đặc của nó. Một khẩu phần 3 ounce cung cấp khoảng 25g protein chỉ với 4-6g chất béo, cùng với hàm lượng sắt và B12 đáng kể để hỗ trợ chuyển hóa năng lượng.",75
b01e0709-a414-5c7c-84b1-524482ee06d5,,,"Sườn heo, tươi sống (Pork Rib Chop, Raw)",INGREDIENT,186.0,20.3,11.0,0.0,0.0,0.0,56.0,de172d43-2578-4f27-a571-6d871460d273,,,"Sườn heo là phần xương được cắt từ phần sườn của thăn, được phân biệt bằng xương 'kiểu Pháp' đặc trưng kéo dài từ thịt. Miếng cắt này có nhiều vân mỡ giúp tăng hương vị và độ mềm trong khi nấu, mặc dù nó chứa nhiều chất béo hơn những miếng thịt lợn nạc như thăn. Giàu protein chất lượng cao, vitamin B và kẽm, nó thường được chế biến bằng cách nướng, áp chảo hoặc rang, với nhiệt độ nấu thích hợp đến 145°F (63°C) là yếu tố quan trọng đối với an toàn thực phẩm.",80
db7378d1-8824-5d6e-bd59-7bc2c52074da,,,"Thăn heo quay, nấu chín (Pork Loin Roast, Cooked)",DISH,209.0,28.6,9.63,0.0,0.0,0.0,58.0,de172d43-2578-4f27-a571-6d871460d273,,,"Thịt lợn thăn nướng là phần thịt nạc, giàu protein từ lưng lợn, được biết đến với hương vị nhẹ và kết cấu mềm khi nướng đúng cách. Chế phẩm nấu chín này chứa ít chất béo hơn đáng kể so với các miếng thịt lợn khác như vai hoặc sườn, đồng thời cung cấp đáng kể vitamin B, kẽm và selen. Lý tưởng để cắt lát, nó thường được tẩm gia vị chỉ để làm nổi bật những đặc tính tự nhiên và lợi ích từ việc nấu chín cẩn thận nhằm duy trì độ ẩm trong các sợi cơ ít béo.",80
ffbf8125-2835-55f7-89a7-1cd5261ea83d,,,Burrito gà (Chicken Burritos),DISH,240.0,15.0,8.0,25.0,4.0,3.0,500.0,de172d43-2578-4f27-a571-6d871460d273,,,"Burrito gà là một món ăn lấy cảm hứng từ Mexico bao gồm một chiếc bánh tortilla lớn bọc quanh thịt gà nướng, cơm, đậu và các loại phủ trên có thể tùy chỉnh như phô mai, salsa hoặc rau. Bữa ăn di động này cung cấp lượng protein đáng kể từ thịt gà và chất xơ từ đậu, mặc dù tổng hàm lượng calo và natri của nó thay đổi đáng kể tùy theo phương pháp chuẩn bị và thành phần bổ sung. Trong khi áp chảo hoặc nướng truyền thống để có bề ngoài giòn, các biến thể hiện đại có thể bao gồm các chế phẩm nướng hoặc hấp để giảm hàm lượng chất béo.",80
b1638e70-e3d4-524c-851b-321b51da2df2,,,Thăn heo BBQ (BBQ Pork Tenderloin),DISH,144.0,26.0,3.5,5.0,0.0,4.0,300.0,de172d43-2578-4f27-a571-6d871460d273,,,"Thăn lợn nướng BBQ là một miếng thịt lợn nạc được nấu chậm với nước sốt ngọt, có khói thường được làm từ các nguyên liệu như đường nâu, mật đường và gia vị. Phương pháp chế biến này tạo ra các lớp caramen bên ngoài mà vẫn giữ được độ mềm tự nhiên của thịt, mang đến bữa ăn giàu protein với hàm lượng chất béo vừa phải. Nước sốt đặc trưng làm tăng đáng kể hàm lượng đường so với thịt lợn không có gia vị, khiến việc nhận biết khẩu phần trở nên quan trọng đối với chế độ ăn ít carb hoặc kiểm soát lượng calo. Nó đóng vai trò là hương vị trung tâm trong ẩm thực thịt nướng của Mỹ, cân bằng hương vị thịt thơm ngon với vị ngọt rõ rệt.",80
d945f1b5-7f32-5c08-aa63-a3f0e6406836,,,Thịt xông khói gà tây hun khói (Smoked Turkey Bacon),DISH,382.0,29.6,27.9,3.1,0.0,3.1,1000.0,de172d43-2578-4f27-a571-6d871460d273,,,"Thịt xông khói gà tây hun khói là một lựa chọn thay thế nạc hơn cho thịt lợn xông khói truyền thống, được làm từ thịt gà tây tẩm gia vị đã được xử lý và hun khói để tạo hương vị. Mặc dù có hàm lượng chất béo bão hòa và calo thấp hơn thịt lợn xông khói nhưng nó vẫn là một sản phẩm thịt chế biến sẵn có hàm lượng natri đáng chú ý. Khi nấu chín, nó có kết cấu giòn và mang lại hương vị khói tương tự như thịt xông khói thông thường nhưng có đặc tính làm từ thịt gia cầm nhẹ hơn.",80
c1933c93-8961-575d-863b-d1f7a0d7ba2e,,,Thịt bò hầm (Beef Stew),DISH,64.0,7.16,1.6,5.1,0.7,1.16,234.0,de172d43-2578-4f27-a571-6d871460d273,,,"Bò hầm là một món ăn thịnh soạn, nấu chậm kết hợp thịt bò om mềm với các loại rau củ như cà rốt và khoai tây trong nước dùng thơm ngon. Thời gian nấu kéo dài sẽ phá vỡ collagen trong những miếng thịt cứng hơn thành gelatin, tạo ra kết cấu tan chảy trong miệng mà vẫn giữ được chất dinh dưỡng. Bữa ăn giàu protein này thường kết hợp nhiều loại rau và thảo mộc, với độ đặc của nước dùng từ giống nước thịt đến đặc như súp tùy thuộc vào cách chế biến.",80
a15567db-ab52-549b-8655-ffcc0997e3e1,,,"Xúc xích heo Ý cay, tươi sống (Hot Italian Pork Sausage, Raw)",INGREDIENT,263.0,14.85,17.58,10.7,0.0,1.14,788.0,de172d43-2578-4f27-a571-6d871460d273,,,"Xúc xích thịt lợn Ý nóng là một sản phẩm thịt tươi, chưa nấu chín được làm từ thịt lợn xay dày dặn và hỗn hợp gia vị đặc trưng của thì là, ớt đỏ và tỏi. Đặc trưng bởi vị cay đậm đà và các loại thảo mộc thơm, loại xúc xích này thường được bán dưới dạng vỏ hoặc dạng số lượng lớn và cần phải nấu chín kỹ trước khi tiêu thụ. Một khẩu phần 3 ounce duy nhất cung cấp hàm lượng protein cao (12–15g) nhưng cũng có chất béo bão hòa và natri đáng kể, khiến việc nhận thức về khẩu phần trở nên quan trọng đối với chế độ ăn uống cân bằng. Nó là món ăn chủ yếu trong ẩm thực Ý-Mỹ, thường được nướng, áp chảo hoặc kết hợp với các món mì và món nhồi.",80
3071fb44-c2af-5596-9015-578c23a8e0d7,,,Thịt bò khô (Beef Jerky),INGREDIENT,410.0,33.2,25.6,11.0,1.8,9.0,1930.0,de172d43-2578-4f27-a571-6d871460d273,,,"Thịt bò khô là một món ăn nhẹ giàu protein được làm bằng cách cắt lát mỏng thịt bò, ướp với gia vị mặn hoặc cay, rồi khử nước từ từ trong thịt để loại bỏ độ ẩm. Phương pháp bảo quản này tạo ra sản phẩm dai, ổn định khi bảo quản với hương vị đậm đặc, cung cấp 9-15 gam protein mỗi ounce nhưng thường chứa hàm lượng natri cao khi đóng rắn. Trong khi hun khói truyền thống trên lửa củi, các phiên bản hiện đại có thể sử dụng sấy khô trong lò hoặc máy khử nước thương mại để đạt được kết cấu chắc chắn đặc trưng và bảo quản lâu dài.",80
2d7b9d45-0c7c-5baa-a7d5-52fdd2866fdd,,,"Thịt xông khói gà tây tiêu, nấu chín (Peppered Turkey Bacon, Cooked)",DISH,368.0,29.5,25.9,4.24,0.0,4.24,2020.0,de172d43-2578-4f27-a571-6d871460d273,,,"Thịt gà tây xông khói tiêu là một sản phẩm thịt nấu chín, dày dặn được làm từ thịt ức hoặc đùi gà tây, cung cấp một món ăn thay thế nạc hơn cho thịt lợn xông khói truyền thống. Các lát được xử lý, hun khói và phủ một lớp hạt tiêu đen nứt, mang lại hương vị cay, khói với ít chất béo bão hòa hơn đáng kể so với các loại thịt lợn. Mặc dù lượng calo thấp hơn nhưng nó vẫn có hàm lượng natri cao do được chế biến và giữ lại hàm lượng protein vừa phải, khiến nó trở thành lựa chọn phổ biến cho những người đang tìm kiếm các lựa chọn bữa sáng ít chất béo hoặc lớp phủ bánh sandwich.",75
1916a7cd-f2dd-5ae0-a54b-37af9d985727,,,Ớt chuông đỏ nướng (Roasted Red Bell Peppers),DISH,23.0,1.0,0.2,4.5,2.0,2.5,5.0,de172d43-2578-4f27-a571-6d871460d273,,,"Ớt chuông đỏ rang là loại ớt nấu chín có hương vị ngọt ngào, khói thông qua quá trình caramen hóa đường tự nhiên ở nhiệt độ cao. Quá trình rang làm mềm kết cấu của chúng và loại bỏ lớp vỏ bên ngoài, tạo ra những dải mềm thường được sử dụng trong các món ăn Địa Trung Hải, bánh mì sandwich và đĩa khai vị. Chúng giữ lại lượng vitamin C và chất chống oxy hóa đáng kể đồng thời cung cấp lượng calo thấp để tăng thêm màu sắc và hương vị sống động cho bữa ăn.",75
8cd457af-0ff7-5cb2-879d-7d95f26eed73,,,"Bít tết sườn, tươi sống (Flank Steak, Raw)",INGREDIENT,164.0,21.0,7.9,0.0,0.0,0.0,55.0,de172d43-2578-4f27-a571-6d871460d273,,,"Bít tết sườn là loại thịt bò nạc, thơm ngon được cắt từ cơ bụng của bò, đặc trưng bởi các sợi cơ dài, có thể nhìn thấy rõ và ít vân mỡ. Cách cắt linh hoạt nhưng dai này đòi hỏi các phương pháp ướp và nấu ở nhiệt độ cao như nướng hoặc nướng, sau đó là thái mỏng theo thớ để tối đa hóa độ mềm. Nó cung cấp một lựa chọn giàu protein, ít chất béo, giàu sắt và vitamin B, phổ biến trong các món ăn như món fajitas, món xào và món nướng London.",75
08bfbf32-fb96-54e5-9dbc-d7c861792380,,,"Giăm bông si-rô phong, thái lát (Maple Ham, Sliced)",DISH,140.0,18.0,3.5,11.0,0.0,9.0,640.0,de172d43-2578-4f27-a571-6d871460d273,,,"Giăm bông phong là một sản phẩm thịt lợn được làm ngọt, được chữa khỏi, đặc trưng bởi lớp men phong caramen và mùi khói từ phương pháp hun khói truyền thống. Thịt thái lát mỏng, nấu chín trước có hàm lượng protein cao nhưng cũng chứa lượng natri đáng kể từ quá trình xử lý và thêm đường trong lớp men đặc trưng của nó. Mặc dù thường được sử dụng trong các món ăn sáng hoặc bánh mì sandwich để cân bằng vị ngọt-mặn, nhưng nó lại thuộc loại thịt chế biến sẵn và có thể yêu cầu điều độ trong chế độ ăn kiêng natri.",80
7b1270f6-cf64-5e8f-a710-ca6ae62c166c,,,Cánh gà Buffalo (Buffalo Wings),DISH,286.67,35.33,16.0,1.33,0.0,0.67,1266.67,de172d43-2578-4f27-a571-6d871460d273,,,"Cánh trâu là cánh gà chiên giòn rưới nước sốt nóng làm từ bơ cay, thường được phục vụ tại các nhà hàng tự chọn. Những chiếc cánh này thường được tẩm bột và chiên cho đến khi giòn, sau đó phủ một lớp nước sốt từ nhẹ đến cực nóng, thường dùng kèm với cần tây và phô mai xanh hoặc nước sốt trang trại. Mặc dù có hàm lượng protein cao (35-70g mỗi khẩu phần), chúng cũng chứa nhiều calo do quá trình chiên và nước sốt, với sự thay đổi đáng kể về hàm lượng carbohydrate tùy thuộc vào việc lựa chọn nước sốt.",75
913bb326-014a-5206-bf76-36d0e493d4f7,,,"Thịt bò quay ít natri, thái lát (Low Sodium Roast Beef, Sliced)",DISH,160.0,25.0,6.3,0.0,0.0,0.0,71.0,de172d43-2578-4f27-a571-6d871460d273,,,"Thịt bò nướng ít natri là sản phẩm thịt bò nạc nấu chín—thường được làm từ các miếng thịt như thịt thăn hoặc thịt thăn—được chế biến không thêm muối để hỗ trợ chế độ ăn có lợi cho tim và hạn chế natri. Thịt thái mỏng vẫn giữ được protein và sắt chất lượng cao đồng thời chứa ít natri hơn ít nhất 50% so với thịt bò nướng deli thông thường. Hương vị thơm nhẹ và kết cấu mềm khiến nó trở thành sự lựa chọn thiết thực cho bánh mì sandwich, salad hoặc đồ ăn nhẹ tập trung vào protein.",80
c44c907c-d082-5fb3-ad01-2f42235fa458,,,"Xúc xích Bratwurst truyền thống, tươi sống (Traditional Bratwurst, Raw)",INGREDIENT,296.0,14.32,22.63,8.05,0.0,1.3,816.0,de172d43-2578-4f27-a571-6d871460d273,,,"Bratwurst truyền thống là một loại xúc xích tươi của Đức thường được làm từ thịt lợn, thịt bê hoặc thịt bò xay thô với các loại gia vị như gừng, nhục đậu khấu và rau mùi. Loại xúc xích chưa qua xử lý này vẫn giữ được hàm lượng protein cao nhưng cũng có chất béo bão hòa và natri đáng kể do được chế biến tươi. Xúc xích sống cần phải nấu kỹ—thường là nướng, áp chảo hoặc ninh trong nước—để phát triển hương vị thơm ngon đặc trưng và kết cấu dẻo dai đồng thời đảm bảo an toàn thực phẩm.",75
4033ae2a-aeac-5045-acfb-e7a50a2d0ded,,,"Sườn heo, tươi sống (Pork Sirloin Chop, Raw)",INGREDIENT,168.0,20.5,8.96,0.0,0.0,0.0,57.0,de172d43-2578-4f27-a571-6d871460d273,,,"Thịt thăn lợn là miếng thịt nạc, có xương có nguồn gốc từ vùng hông của lợn, được phân biệt bởi sự cân bằng giữa vân mỡ nhẹ và thịt mềm. Phần cắt này đòi hỏi phải nấu cẩn thận ở nhiệt độ vừa phải để duy trì độ ẩm, thích hợp để nướng, áp chảo hoặc om. Nó cung cấp protein chất lượng cao với ít chất béo hơn sườn hoặc sườn, cùng với lượng thiamine và các vitamin B khác cần thiết cho quá trình chuyển hóa năng lượng.",80
624f8386-9413-54f5-8445-8f3f6316b6e0,,,Bánh mì kẹp gà tây và bơ (Turkey and Avocado Sandwich),DISH,468.0,30.0,15.0,58.0,6.0,4.0,412.0,de172d43-2578-4f27-a571-6d871460d273,,,"Bánh mì gà tây và bơ là một bữa ăn cân bằng kết hợp protein nạc từ các lát gà tây nướng với chất béo không bão hòa đơn có lợi cho tim từ bơ tươi. Thường được làm từ bánh mì nguyên hạt với các loại rau như rau diếp và cà chua, nó cung cấp năng lượng bền vững thông qua hỗn hợp carbohydrate phức hợp, chất xơ và protein chất lượng. Mặc dù giàu dinh dưỡng nhưng hàm lượng natri thay đổi tùy thuộc vào việc lựa chọn gà tây đã qua chế biến và lượng calo đóng góp của quả bơ đòi hỏi phải chia khẩu phần hợp lý để đạt được mục tiêu quản lý cân nặng.",80
9f08dcb0-3fb9-59f8-8552-892546537954,,,"Gà tây Mesquite, lát (Mesquite Turkey, Slices)",DISH,89.3,16.1,1.8,3.6,0.0,1.8,660.7,de172d43-2578-4f27-a571-6d871460d273,,,"Những lát gà tây Mesquite là một loại thịt nguội được tẩm gia vị làm từ ức gà tây hun khói trên gỗ mesquite, mang lại hương vị đất đậm đà với vị ngọt tinh tế. Tùy chọn protein nạc này cung cấp khoảng 20-25g protein cho mỗi khẩu phần 3 ounce trong khi vẫn duy trì hàm lượng chất béo thấp hơn so với nhiều loại thịt đã qua xử lý, mặc dù nồng độ natri vẫn đáng chú ý do ngâm nước muối và chế biến. Các lát nấu sẵn thường được sử dụng trong bánh mì sandwich và salad, cung cấp một loại thay thế có khói cho gà tây nướng thông thường.",80
24cd0f14-1fd1-5640-9927-054d65dde861,,,"Gà Buffalo, thái lát, nấu chín (Buffalo Chicken, Sliced, Cooked)",DISH,140.0,19.0,3.9,6.9,0.0,6.9,640.0,de172d43-2578-4f27-a571-6d871460d273,,,"Gà Buffalo là một món ăn cay của Mỹ có nguồn gốc từ Buffalo, New York, gồm có thịt gà thái lát, nấu chín phủ nước sốt nóng làm từ giấm thơm và bơ. Chế phẩm này cung cấp protein chất lượng cao nhưng có xu hướng chứa nhiều natri và chất béo hơn so với thịt gà nướng thông thường. Những lát mềm phủ nước sốt thường được sử dụng trong bánh mì sandwich, món cuốn và salad, mang lại hương vị đậm đà cho những người cân bằng lượng protein với nhận thức về natri.",80
b79ab44e-50df-56bc-bbec-15542b921994,,,"Thịt xông khói gà tây, nấu chín (Turkey Bacon, Cooked)",DISH,368.0,29.5,25.9,4.24,0.0,4.24,2020.0,de172d43-2578-4f27-a571-6d871460d273,,,"Thịt xông khói Thổ Nhĩ Kỳ là một loại thịt đã qua chế biến thay thế được làm từ gà tây cắt nhỏ, dày dạn, tạo thành từng dải và thường được áp chảo hoặc nướng cho đến khi giòn. Mặc dù ít chất béo và calo hơn so với thịt lợn xông khói truyền thống nhưng nó chứa hàm lượng natri cao hơn để tăng hương vị và bảo quản. Sản phẩm nấu chín có kết cấu nạc hơn và kém giòn hơn so với thịt lợn xông khói, được dùng như một lựa chọn ít chất béo phổ biến cho các món ăn sáng và bánh mì sandwich.",80
37355b7b-063e-5efa-8c1f-dec632b1929b,,,"Gà viên cay, nấu chín (Spicy Chicken Tenders, Cooked)",DISH,253.0,19.6,11.2,18.5,1.2,0.0,997.0,de172d43-2578-4f27-a571-6d871460d273,,,"Thịt gà tẩm bột được nấu chín, tẩm bột, thường được phủ một lớp bột mì dày dặn và tăng cường với gia vị làm từ ớt hoặc nước xốt sốt nóng. Mặc dù cung cấp nguồn protein nạc đáng chú ý từ thịt ức gà, nhưng chúng thường chứa hàm lượng natri từ trung bình đến cao tùy thuộc vào phương pháp chế biến, với các phiên bản chiên có hàm lượng chất béo cao hơn so với các phiên bản nướng. Những món ăn này cân bằng sự tiện lợi với hương vị đậm đà, thường được phục vụ như một thành phần hoặc món khai vị trong bữa ăn nhanh, mặc dù chế độ ăn kiêng có ý thức về calo nên kiểm soát khẩu phần.",80
a4a681d9-42ce-5e0a-91da-3792d622e189,,,"Thịt heo băm siêu nạc, tươi sống (Extra Lean Ground Pork, Raw)",INGREDIENT,121.0,21.1,4.0,0.21,0.0,0.0,67.0,de172d43-2578-4f27-a571-6d871460d273,,,"Thịt lợn xay thêm nạc là sản phẩm thịt được chế biến tối thiểu chứa dưới 5% chất béo theo tiêu chuẩn của USDA. Được sản xuất bằng cách cắt bỏ phần mỡ nhìn thấy được trước khi xay, loại thịt này cung cấp hàm lượng protein cao hơn đáng kể và lượng chất béo bão hòa thấp hơn so với thịt lợn xay thông thường. Nguồn protein đa năng này hoạt động tốt trong các ứng dụng nấu nhanh như món xào và thịt viên, mặc dù độ nạc của nó đòi hỏi phải chuẩn bị cẩn thận để tránh bị khô trong khi nấu.",80
4da4e953-c0f6-53df-a54f-bc994ca90bde,,,"Thăn heo non medallion, tươi sống (Pork Tenderloin Medallions, Raw)",INGREDIENT,113.0,22.0,2.5,0.0,0.0,0.0,59.0,de172d43-2578-4f27-a571-6d871460d273,,,"Huy chương thăn lợn là những lát đồng đều được cắt từ cơ nạc hình trụ của thăn lợn, được đánh giá cao vì độ mềm và hương vị nhẹ. Phần thịt này chứa ít chất béo hơn đáng kể so với các sản phẩm thịt lợn khác, cung cấp một lựa chọn giàu protein, giàu vitamin B, phốt pho và kali. Độ dày nhất quán của huy chương đảm bảo nấu chín đều, khiến chúng trở nên lý tưởng cho các phương pháp chuẩn bị nhanh như áp chảo hoặc rang trong khi vẫn giữ được độ ẩm.",80
9edfd7ae-1cc6-5ed4-a60d-58a251c6ac7b,,,Gà BBQ (BBQ Chicken),INGREDIENT,221.24,23.89,7.96,4.42,0.0,4.42,707.96,de172d43-2578-4f27-a571-6d871460d273,,,"Gà BBQ miền Nam là loại gia cầm hun khói chậm thường được chế biến bằng xương nguyên miếng và kết thúc bằng nước sốt thơm ngọt đặc trưng của thịt nướng miền Nam. Thịt gà thường được hun khói trên các loại gỗ cứng như hickory cho đến khi mềm, sau đó phết với nước sốt làm từ cà chua tạo thành caramen trên thịt, tạo nên hương vị đặc biệt. Mặc dù có hàm lượng protein cao tự nhiên nhưng việc bổ sung nước sốt BBQ làm tăng cả hàm lượng đường và natri so với thịt gà nướng thông thường.",80
d147f4c1-23de-5720-afc4-69bb39564629,,,"Đùi gà tây, tươi sống (Turkey Thigh, Raw)",INGREDIENT,116.0,20.6,3.69,0.0,0.0,0.0,75.0,de172d43-2578-4f27-a571-6d871460d273,,,"Đùi gà tây là phần thịt có màu sẫm đặc trưng bởi hương vị đậm đà hơn và hàm lượng chất béo cao hơn so với thịt ức nạc. Cách cắt tiết kiệm này cung cấp lượng protein đáng kể cùng với sắt và kẽm, đồng thời độ ẩm tự nhiên của nó khiến nó rất thích hợp cho các phương pháp rang, om hoặc nấu chậm. Khi tiêu thụ cả da, nó chứa nhiều chất béo hơn đáng kể so với các chế phẩm không có da, mang lại kết cấu ngon ngọt hơn nhưng cần cân nhắc trong chế độ ăn kiêng có ý thức về calo.",80
2097c0d4-f2c5-5fbb-9794-2679d8a2796d,,,Sườn heo còn xương (Bone-In Pork Chop),INGREDIENT,136.0,16.6,7.22,0.0,0.0,0.0,44.0,de172d43-2578-4f27-a571-6d871460d273,,,"Sườn lợn rút xương là loại thịt cao cấp được cắt từ phần thăn, có đặc điểm là có xương sườn kèm theo giúp tăng hương vị và độ ẩm trong khi nấu. Phần cắt này cung cấp protein chất lượng cao với lượng vitamin B, sắt và kẽm đáng chú ý, mặc dù hàm lượng chất béo thay đổi tùy theo cách thực hành cắt cẩm thạch và cắt tỉa. Xương hoạt động như một chất cách điện tự nhiên trong quá trình nướng hoặc quay, thúc đẩy sự phân bổ nhiệt đều và kết quả ngon ngọt hơn so với sườn không xương. Nhiều đầu bếp khuyên bạn nên để nguyên phần mỡ mỏng để tối ưu hóa độ mềm và phát triển hương vị.",80
30d58e22-d7c5-57d3-b173-781c28d49513,,,"Thịt bò quay hun khói, thái lát (Smoked Roast Beef, Sliced)",DISH,116.0,18.9,2.9,2.3,0.0,0.29,1050.0,de172d43-2578-4f27-a571-6d871460d273,,,"Thịt bò nướng hun khói là một loại thịt nguội được bảo quản được làm từ những miếng thịt nạc như tròn trên cùng, nấu chín chậm và ngấm hương khói thông qua quá trình đốt củi hoặc hun khói lỏng. Thịt mềm, thái mỏng cung cấp protein chất lượng cao với hàm lượng chất béo thấp hơn nhiều loại thịt đã qua xử lý, mặc dù nồng độ natri của nó tăng cao do ngâm nước muối. Lý tưởng cho món bánh mì sandwich hoặc bánh charcuterie, nó mang lại sự tiện lợi nhưng lại thuộc danh mục thịt chế biến sẵn mà các hướng dẫn về chế độ ăn uống khuyên bạn nên tiêu thụ ở mức độ vừa phải.",80
20f4a488-0841-5d6b-8d55-cb72dc367432,,,"Sườn heo kiểu đồng quê không xương, tươi sống (Boneless Country Style Pork Ribs, Raw)",INGREDIENT,189.0,19.3,11.8,0.0,0.0,0.0,63.0,de172d43-2578-4f27-a571-6d871460d273,,,"Sườn lợn kiểu đồng quê không xương là những miếng thịt được cắt từ vai hoặc đầu lưỡi của thăn lợn, mặc dù tên của chúng gợi ý nguồn gốc xương sườn. Những vết cắt có độ béo vừa phải này có nhiều vân mỡ giúp chúng mềm mại trong các phương pháp nấu chậm như om hoặc nướng thịt, mặc dù lượng mỡ thừa trên bề mặt có thể cần phải cắt bớt để chế biến lành mạnh hơn. Kết cấu dày đặc, nhiều thịt và tính linh hoạt của chúng khiến chúng phù hợp cho cả các món ăn có nước sốt như món hầm và các món nướng khô.",80
314e653a-a010-57e4-8edc-61f11dc4c097,,,Bánh mì kẹp gà Cajun (Cajun Chicken Sandwich),DISH,255.0,16.8,13.5,16.7,1.5,5.0,585.0,de172d43-2578-4f27-a571-6d871460d273,,,"Bánh mì kẹp gà Cajun có ức gà dày dặn được phủ một lớp gia vị đậm đà gồm ớt bột, tỏi và ớt cayenne, thường được nướng hoặc nướng đen để tạo ra bề ngoài cháy đen. Được phục vụ trên một chiếc bánh mì chắc chắn với các lớp phủ bên trên như sốt mayo cay, rau diếp giòn và dưa chua, món này cung cấp hàm lượng protein cao nhưng có thể chứa nhiều calo tùy theo cách chế biến. Có nguồn gốc từ ẩm thực Creole của Louisiana, món bánh sandwich này cân bằng giữa sức nóng bốc lửa với các yếu tố làm mát trong cách trình bày cổ điển của nó.",80
8766258e-a288-5a6a-90ad-c5046bc96e22,,,Bít tết sắt (Flat Iron Steak),INGREDIENT,137.0,21.0,5.5,0.0,0.0,0.0,86.0,de172d43-2578-4f27-a571-6d871460d273,,,"Bít tết Flat Iron là loại thịt bò mềm, có vân cẩm thạch được cắt từ thịt vai nguyên thủy, được biết đến với sự cân bằng giữa hương vị phong phú và giá cả phải chăng. Độ mềm của nó—không phổ biến đối với vết cắt ở vai—bắt nguồn từ việc xẻ thịt chính xác để loại bỏ mô liên kết, một kỹ thuật được phát triển vào đầu những năm 2000. Loại thay thế nạc hơn cho ribeye này vẫn giữ được độ đậm đà của thịt bò khi nướng hoặc áp chảo và cung cấp protein chất lượng cao với hàm lượng sắt và kẽm đáng chú ý.",75
aa7bffcf-e68d-5530-83ca-965a353acf55,,,"Vai heo, tươi sống (Pork Shoulder, Raw)",INGREDIENT,236.0,17.2,18.0,0.0,0.0,0.0,65.0,de172d43-2578-4f27-a571-6d871460d273,,,"Thịt vai lợn là một miếng thịt có hương vị thơm ngon, béo vừa phải có nguồn gốc từ phần trên của chân trước của con lợn, đặc trưng bởi các vân mỡ và mô liên kết đáng kể. Miếng thịt dai này trở nên mềm đặc biệt thông qua các phương pháp nấu chậm như om hoặc hun khói, khiến nó trở nên lý tưởng cho các món thịt lợn kéo và món hầm. Mặc dù có hàm lượng chất béo cao hơn những miếng thịt nạc như thăn, nhưng thành phần giàu collagen của nó cung cấp lượng protein dồi dào và chuyển hóa thành gelatin trong quá trình nấu kéo dài để mang lại kết quả mọng nước.",80
60b794d3-3238-5fab-aff8-2bdd67367e6c,,,"Gà tây Cajun, nấu chín, thái lát (Cajun Turkey, Cooked, Sliced)",DISH,121.0,18.0,5.0,1.0,0.0,0.0,600.0,de172d43-2578-4f27-a571-6d871460d273,,,"Gà tây Cajun là một loại thịt nguội được làm từ ức gà tây nạc phủ một hỗn hợp gia vị đậm đà thường có ớt bột, tỏi, ớt cayenne và tiêu đen. Chế phẩm nấu chín, thái lát sẵn này cung cấp một lựa chọn giàu protein, ít chất béo cho bánh mì sandwich và salad, mặc dù các loại thương mại có thể chứa thêm natri hoặc chất bảo quản. Gia vị lấy cảm hứng từ Louisiana đặc trưng mang lại hương vị khói, cay trong khi vẫn duy trì độ mềm tự nhiên của thịt.",80
250fc789-cbce-553b-9bc1-3576e4935146,,,Xúc xích bò giảm natri (Reduced Sodium Beef Sausage),INGREDIENT,180.0,18.0,10.0,3.0,0.0,1.0,400.0,de172d43-2578-4f27-a571-6d871460d273,,,"Xúc xích bò giảm natri là sản phẩm thịt được tẩm gia vị có công thức chứa ít natri hơn ít nhất 25% so với xúc xích bò truyền thống. Nó duy trì hương vị thơm ngon thông qua các loại thảo mộc, gia vị và chất tăng hương vị tự nhiên thay vì quá nhiều muối, đồng thời cung cấp 10-15 gam protein cho mỗi khẩu phần. Các liên kết nấu sẵn được thiết kế cho chế độ ăn kiêng có lợi cho tim và thích ứng tốt với việc nướng, chiên trên chảo hoặc kết hợp vào đĩa ăn sáng và bát protein.",80
53e80737-4e83-54af-81ba-fc5a6fa2deef,,,"Thịt bò quay dưới, tươi sống (Bottom Round Roast, Raw)",INGREDIENT,132.0,22.2,4.6,0.0,0.0,0.0,59.0,de172d43-2578-4f27-a571-6d871460d273,,,"Thịt nướng tròn đáy là loại thịt bò nạc, tiết kiệm, có nguồn gốc từ phần chân sau, được biết đến với kết cấu chắc chắn và ít vân mỡ. Món nướng đa năng này cung cấp protein chất lượng cao với hàm lượng chất béo tương đối thấp so với những miếng thịt có nhiều vân cẩm thạch hơn, mặc dù độ nạc của nó đòi hỏi các phương pháp nấu chậm như om để đạt được độ mềm. Thường được sử dụng để chế biến thịt bò nướng kiểu deli, nó cung cấp lượng sắt và kẽm đáng kể trong khi vẫn duy trì mức cholesterol vừa phải trên mỗi khẩu phần.",75
0c6154b3-fd45-5e3f-945c-9757835ceb1d,,,"Thịt xông khói gà tây chưa muối, nấu chín (Uncured Turkey Bacon, Cooked)",DISH,368.0,29.5,25.9,4.24,0.0,4.24,2021.0,de172d43-2578-4f27-a571-6d871460d273,,,"Thịt gà tây xông khói chưa qua xử lý là một lựa chọn thay thế nạc hơn cho thịt lợn xông khói truyền thống, được làm từ thịt gà tây dày dặn không chứa nitrat hoặc nitrit tổng hợp. Khi nấu chín, nó có các cạnh giòn và phần bên trong dai với hương vị thơm ngon, khói tương tự như thịt xông khói thông thường nhưng ít chất béo hơn khoảng 50%. Mặc dù có lượng calo thấp hơn thịt lợn xông khói nhưng nó vẫn là một sản phẩm thịt chế biến thường chứa hàm lượng natri vừa phải từ chất bảo quản tự nhiên như bột cần tây.",80
e553c080-fc6a-5d68-9b28-79f14bead336,,,"Đậu xanh, khô (Chickpeas, Dry)",INGREDIENT,337.95,18.8,6.0,62.4,21.0,3.1,3.0,de172d43-2578-4f27-a571-6d871460d273,,,"Đậu xanh khô là loại đậu cần ngâm và nấu chín trước khi tiêu thụ. Những loại đậu có màu rám nắng này là thành phần chủ yếu trong nhiều món ăn, cung cấp nguồn protein, chất xơ và carbohydrate phức hợp từ thực vật phong phú. Sau khi nấu chín, chúng có hương vị hơi hạt và kết cấu dạng kem, khiến chúng cực kỳ linh hoạt để sử dụng trong các món salad, súp, món hầm và nước chấm như món hummus. Đậu xanh khô nên được bảo quản ở nơi khô ráo, thoáng mát để duy trì chất lượng và tránh hư hỏng.",75
48121f5e-9064-50f5-ad53-722f64a84c0b,,,"Thịt gà tây sẫm, không da, nấu chín (Turkey Dark Meat, Skinless, Cooked)",DISH,149.0,29.0,3.62,0.0,0.0,0.0,104.0,de172d43-2578-4f27-a571-6d871460d273,,,"Thịt sẫm màu của Thổ Nhĩ Kỳ dùng để chỉ phần cơ không có da được nấu chín từ chân và đùi, mang lại hương vị đậm đà hơn và hàm lượng sắt cao hơn so với thịt ức trắng. Nguồn protein nạc này chứa nhiều chất béo hơn thịt trắng một chút nhưng cung cấp các khoáng chất thiết yếu như kẽm và sắt, đồng thời việc loại bỏ da làm giảm hàm lượng chất béo bão hòa. Kết cấu ẩm của nó phù hợp tốt với các phương pháp nấu chậm như om hoặc hầm, khiến nó trở thành một lựa chọn đậm đặc chất dinh dưỡng cho các bữa ăn cân bằng.",80
b6e95d97-eee4-51ec-8d99-b4f0f6e4d81e,,,Bụng heo hun khói (Smoked Pork Belly),DISH,587.0,11.0,60.0,0.3,0.0,0.0,37.0,de172d43-2578-4f27-a571-6d871460d273,,,"Bụng lợn hun khói là một miếng thịt có hương vị được cắt từ phần mỡ bên dưới của lợn, được nấu chậm trên khói củi để tạo thành lớp vỏ caramen và kết cấu mềm, tan trong miệng. Phương pháp chế biến này mang đến cho thịt những nốt khói đậm đà đồng thời biến các lớp mỡ đặc trưng của nó trở nên đậm đà mượt mà. Mặc dù có hàm lượng protein cao nhưng nó chứa đáng kể chất béo bão hòa và natri từ quá trình đóng rắn, khiến việc kiểm soát khẩu phần trở nên quan trọng để tiêu thụ cân bằng. Nó vừa là một món ăn độc lập vừa là chất tăng hương vị đậm đà trong súp, salad hoặc bát ngũ cốc.",80
ab40103c-7847-5329-bb51-b719059f4206,,,"Thịt bò quay mắt, nấu chín (Eye of Round Roast, Cooked)",DISH,165.0,29.7,4.2,0.0,0.0,0.0,67.0,de172d43-2578-4f27-a571-6d871460d273,,,"Eye of round Roast là loại thịt bò nạc, tiết kiệm, có nguồn gốc từ phần nguyên sơ tròn của chân sau, được biết đến với kết cấu chắc và vân mỡ tối thiểu. Khi nấu bằng phương pháp rang chậm hoặc om, nó sẽ có hương vị đậm đà của thịt bò nhưng cần thái mỏng theo thớ để tối đa hóa độ mềm. Loại cắt giảm này cung cấp một lựa chọn giàu protein, ít chất béo so với các loại thịt nướng béo hơn, khiến nó trở thành lựa chọn chiến lược cho chế độ ăn kiêng có ý thức về calo và kế hoạch dinh dưỡng tập trung vào cơ bắp.",75
d57b31e0-f646-5cd0-b35e-e40a1ce65a04,,,"Thịt bò quay, nấu chín (Beef Roast, Cooked)",DISH,245.0,34.95,10.16,0.0,0.0,0.0,54.0,de172d43-2578-4f27-a571-6d871460d273,,,"Thịt bò nướng là một miếng cắt khổ lớn được nấu chín thường có nguồn gốc từ các cơ bắp làm việc chăm chỉ như thịt đùi, thịt tròn hoặc thịt ức, cần nướng hoặc om chậm để đạt được độ mềm. Chế phẩm giàu protein này cung cấp đáng kể chất sắt, kẽm và vitamin B, với hàm lượng chất béo thay đổi đáng kể tùy theo cách cắt và tỉa cụ thể. Trong khi các món nướng nạc hơn như thịt thăn phù hợp với chế độ ăn ít chất béo, thì những miếng thịt có vân cẩm thạch tốt sẽ tạo ra hương vị đậm đà hơn thông qua các phương pháp nấu kéo dài giúp phá vỡ mô liên kết.",80
77e804ce-a870-56d3-b97e-4a2f055c81a8,,,Sườn heo hun khói (Smoked Pork Chop),DISH,167.0,16.7,10.7,0.0,0.0,0.0,1070.0,de172d43-2578-4f27-a571-6d871460d273,,,"Sườn heo hun khói là miếng thịt được hun khói từ phần thăn hoặc sườn của lợn, đặc trưng bởi màu hồng đậm và hương vị thơm ngon đậm đặc. Quá trình hun khói làm cho thịt có mùi thơm của gỗ đồng thời bảo quản thịt một cách tự nhiên, dẫn đến kết cấu chắc hơn và hàm lượng natri cao hơn so với sườn lợn tươi. Mặc dù được nấu chín hoàn toàn trong quá trình hun khói, nó thường được hâm nóng bằng cách nướng hoặc áp chảo để tăng cường lớp vỏ caramen trong khi vẫn giữ được các lớp bên trong ngon ngọt.",80
813c0e4c-3728-5f5f-a99e-607ef5a4bfb4,,,"Thịt xông khói si-rô phong, nấu chín (Maple Bacon, Cooked)",DISH,451.0,33.0,33.0,5.5,0.0,3.3,1750.0,de172d43-2578-4f27-a571-6d871460d273,,,"Thịt xông khói phong là một sản phẩm thịt lợn ngọt được làm từ xi-rô cây phong hoặc hương liệu, tạo ra lớp men caramen khi chiên hoặc nướng. Vị ngọt được thêm vào giúp tăng cường kết cấu giòn so với thịt xông khói thông thường, mặc dù nó làm tăng cả hàm lượng đường và natri. Mặc dù theo truyền thống được phục vụ như một loại thịt ăn sáng, nhưng sự cân bằng giữa hương vị khói và vị ngọt cũng khiến nó trở nên phổ biến trong các món salad, bánh mì sandwich và các công thức nấu ăn dành cho người sành ăn.",80
1eb9036b-327d-5cd4-9332-b4802ac216dd,,,"Ức gà tây tẩm bột, nấu chín (Breaded Turkey Breast, Cooked)",DISH,200.0,20.0,8.0,8.0,0.5,1.0,220.0,de172d43-2578-4f27-a571-6d871460d273,,,"Ức gà tây tẩm bột là một món ăn gia cầm được chế biến sẵn gồm có gà tây nạc cốt lết bọc trong vụn bánh mì dày dặn và thường được nướng hoặc áp chảo. Trong khi vẫn giữ được hàm lượng protein chất lượng cao của gà tây, việc tẩm bột thêm vào sẽ làm tăng lượng carbohydrate và chất béo so với gà tây không tráng, với các giá trị chính xác tùy thuộc vào phương pháp chế biến. Tùy chọn protein tiện lợi này thường chứa thêm natri và có thể bao gồm lớp phủ có chứa gluten, cần chú ý đến chế độ ăn kiêng hạn chế.",80
7bd2ef86-1de8-5e50-b7d5-9752c96d6ea3,,,"Cánh gà không xương, nấu chín (Boneless Chicken Wings, Cooked)",DISH,248.0,12.4,17.7,9.7,0.0,1.5,400.0,de172d43-2578-4f27-a571-6d871460d273,,,"Cánh gà không xương là những miếng thịt ức gà tẩm bột, chiên được thiết kế để mô phỏng kích thước và sự hấp dẫn ăn uống bình thường của cánh truyền thống. Mặc dù cung cấp lượng protein đáng kể (thường là 14-18g mỗi khẩu phần 3 ounce), lớp phủ làm từ bột mì và cách chế biến chiên ngập dầu của chúng làm tăng hàm lượng carbohydrate và chất béo so với thịt gà nướng không da. Những miếng này thường được dùng trong các loại nước sốt từ trâu nhẹ đến thịt nướng ngọt, ảnh hưởng đáng kể đến lượng calo và natri cuối cùng của chúng.",80
924109a0-3aa2-5d44-8152-4af3760793c2,,,Bánh mì kẹp gà BBQ (BBQ Chicken Sandwich),DISH,155.0,9.4,2.7,21.3,4.1,7.0,500.0,de172d43-2578-4f27-a571-6d871460d273,,,"Bánh sandwich gà BBQ có thịt gà xé nhỏ hoặc kéo được phủ nước sốt thịt nướng làm từ cà chua ngọt, thường được phục vụ trên một chiếc bánh mì mềm. Nước sốt ngọt tạo ra lớp men caramel giúp cân bằng hương vị khói và thơm, trong khi thịt gà cung cấp protein nạc. Chế phẩm này thường chứa lượng đường bổ sung đáng kể trong nước sốt và thường được kết hợp với các món ăn kèm như xà lách trộn hoặc dưa chua để tạo sự đậm đà cho món ăn.",80
9fe059ff-a3a9-58eb-9a7f-fa97d8a80217,,,"Thịt bò quay chín kỹ, thái lát (Well-Done Roast Beef, Sliced)",DISH,116.0,19.0,2.9,2.3,0.0,0.29,1050.0,de172d43-2578-4f27-a571-6d871460d273,,,"Thịt bò nướng chín kỹ là nguồn protein nạc được nấu chín hoàn toàn, đặc trưng bởi màu nâu đồng nhất và kết cấu khô, chắc sau quá trình rang ở nhiệt độ cao kéo dài. Phương pháp sơ chế này loại bỏ hết màu hồng trong khi tập trung hương vị thơm ngon của thịt bò, tuy nhiên nó làm giảm độ ẩm so với những miếng thịt tái hoặc chín vừa. Thường được cắt mỏng để làm bánh mì sandwich hoặc ván charcuterie, nó cung cấp protein chất lượng cao với lượng chất béo tối thiểu khi cắt nhỏ, khiến nó trở thành một lựa chọn thiết thực cho việc chuẩn bị bữa ăn và chế độ ăn ít chất béo.",80
ac947bc8-288b-5656-866c-5f55f9d0a659,,,Thịt nguội gà tây giảm natri (Reduced Sodium Turkey Luncheon Meat),DISH,89.0,19.6,0.9,0.0,0.0,0.0,464.0,de172d43-2578-4f27-a571-6d871460d273,,,"Thịt gà tây ăn trưa có hàm lượng natri thấp là một sản phẩm đồ nguội đã qua chế biến được làm từ gà tây nghiền mịn, nấu chín, chứa lượng muối ít hơn 25-50% so với các loại tiêu chuẩn. Trong khi cung cấp protein nạc cho bánh mì sandwich và đồ ăn nhẹ, nó thường giữ lại các chất bảo quản như natri nitrit để duy trì sự ổn định khi bảo quản. Lựa chọn được cải tiến này thu hút những người tiêu dùng quan tâm đến sức khỏe và quản lý lượng natri hấp thụ, mặc dù vẫn khác biệt về mặt dinh dưỡng so với ức gà tây nướng tươi.",80
2d129e6a-8b5b-52e9-b473-69a86897555b,,,Cánh gà chiên (Fried Chicken Wings),DISH,321.0,26.1,22.2,2.39,0.1,0.2,77.0,de172d43-2578-4f27-a571-6d871460d273,,,"Cánh gà rán là một món ăn cổ điển của Mỹ bao gồm các phần cánh gà được phủ một lớp bột mì dày dặn hoặc bột nhão rồi chiên giòn để có được lớp vỏ ngoài giòn với thịt mềm, mọng nước. Trong khi cung cấp lượng protein đáng kể từ thịt gà, quá trình chiên làm tăng đáng kể hàm lượng chất béo, đặc biệt khi để nguyên da và xảy ra hiện tượng hấp thụ dầu trong quá trình nấu. Thường được phục vụ dưới dạng thức ăn cầm tay với nước chấm hoặc gia vị chà xát khô, chúng phổ biến trong các quán bar thể thao và bữa ăn bình dân nhưng yêu cầu chia khẩu phần hợp lý cho chế độ ăn kiêng có hàm lượng calo.",80
65d7ead2-7d1f-5b57-855a-c13d8da0d075,,,Cà ri gà (Chicken Curry),DISH,136.0,8.7,8.2,7.3,0.8,4.56,655.0,de172d43-2578-4f27-a571-6d871460d273,,,"Cà ri gà là một món ăn phổ biến trên toàn cầu gồm những miếng thịt gà mềm được ninh trong nước sốt gia vị thường làm từ cà chua, nước cốt dừa hoặc sữa chua. Sự pha trộn của các loại gia vị như nghệ, thì là và rau mùi mang lại hương vị đặc biệt và lợi ích chống viêm tiềm năng. Mặc dù cung cấp protein chất lượng cao từ gia cầm nhưng hàm lượng chất béo của nó thay đổi đáng kể tùy thuộc vào phương pháp chế biến và việc sử dụng kem dừa so với các loại nền nạc hơn. Món ăn đa năng này có nguồn gốc từ truyền thống ẩm thực Nam Á nhưng có nhiều biến thể theo vùng trên toàn thế giới.",80
6e6ad4df-0f00-52fe-ae3b-37984ea36743,,,Xúc xích Ý gà tây (Turkey Salami),INGREDIENT,386.0,43.1,20.7,3.5,0.22,2.51,2490.0,de172d43-2578-4f27-a571-6d871460d273,,,"Xúc xích Thổ Nhĩ Kỳ là một loại thịt nạc đã qua chế biến được làm từ thịt gà tây xay dày dặn, được sấy khô và lên men để phát triển kết cấu chắc đặc trưng và hương vị thơm, thơm. Mặc dù có hàm lượng chất béo bão hòa thấp hơn xúc xích Ý làm ​​từ thịt lợn hoặc thịt bò nhưng nó vẫn giữ được hàm lượng protein cao nhưng thường chứa natri và chất bảo quản đáng kể như nitrat. Món thịt nướng làm từ thịt gia cầm này được dùng như một món ăn thay thế ít chất béo phổ biến cho bánh mì sandwich, đồ ăn nhẹ và ván charcuterie.",80
8994bd0d-1172-530d-8e65-fd8cc32966bd,,,Da heo chiên giòn (Pork Rinds),DISH,576.72,54.1,40.3,0.0,0.0,0.0,1252.3,de172d43-2578-4f27-a571-6d871460d273,,,"Da heo hay còn gọi là chicharrones là món ăn nhẹ giòn được làm từ da heo khô chiên phồng lên trong quá trình nấu. Những miếng khoai tây chiên giòn nhẹ, thoáng mát này là loại duy nhất trong số các loại đồ ăn nhẹ vì không chứa carbohydrate trong khi vẫn cung cấp hàm lượng protein và collagen đáng kể. Phổ biến trong chế độ ăn kiêng low-carb và ketogenic, bì lợn có thể được ăn như một món ăn nhẹ, dùng làm lớp phủ giòn hoặc nghiền nát như một món thay thế bánh mì không chứa carb.",80
6e401a81-ab74-5524-8c01-d5e465cc40a3,,,Thịt gà tây khô (Turkey Jerky),INGREDIENT,258.0,35.0,2.9,23.0,0.0,17.0,1464.0,de172d43-2578-4f27-a571-6d871460d273,,,"Thịt khô Thổ ​​Nhĩ Kỳ là một món ăn nhẹ giàu protein, nạc được làm từ những miếng ức gà tây mỏng được ướp, nêm gia vị và sấy khô chậm để loại bỏ độ ẩm. So với thịt bò khô truyền thống, nó thường chứa ít chất béo bão hòa hơn trong khi vẫn giữ được kết cấu dai tương tự và hương vị thơm ngon đậm đặc. Nguồn protein di động này thường được xử lý bằng muối hoặc nước tương, khiến hàm lượng natri trở thành yếu tố quan trọng cần cân nhắc để theo dõi chế độ ăn uống.",80
73f8afad-fd15-549f-9a9e-72247d6710cb,,,"Thịt gà tây sẫm với da, nấu chín (Turkey Dark Meat with Skin, Cooked)",DISH,208.0,27.8,9.9,0.04,0.0,0.0,91.0,de172d43-2578-4f27-a571-6d871460d273,,,"Thịt sẫm màu còn da của Thổ Nhĩ Kỳ là thịt được nấu chín từ đùi và đùi, có đặc điểm là hương vị đậm đà hơn và hàm lượng chất béo cao hơn so với thịt trắng do tăng myoglobin và giữ lại da. Da đóng góp thêm chất béo bão hòa và calo trong quá trình nấu nhưng giúp tăng cường độ ẩm và kết cấu trong các phương pháp như rang hoặc om. Tùy chọn giàu protein này cung cấp các khoáng chất thiết yếu như sắt và kẽm, làm cho nó đậm đặc chất dinh dưỡng nhưng tốt nhất nên tiêu thụ ở mức độ vừa phải đối với những người theo dõi lượng chất béo.",80
c94eff60-58f6-5fd6-aa04-01c3425f9a04,,,"Thịt bò quay, nấu chín, thái lát (Chuck Roast Beef, Cooked, Sliced)",DISH,207.0,25.7,10.8,0.0,0.0,0.0,71.0,de172d43-2578-4f27-a571-6d871460d273,,,"Thịt bò nướng Chuck là một miếng thịt vai bò nguyên chất có hương vị, tiết kiệm, được cắt lát sau khi nấu chậm để tối đa hóa độ mềm. Miếng cắt có vân cẩm thạch này trở nên mềm khi dùng bằng nĩa thông qua việc om hoặc hầm, cung cấp lượng protein và sắt đáng kể cùng với hàm lượng chất béo vừa phải so với những miếng thịt nạc hơn. Thịt thái lát vẫn giữ được độ đậm đà của thịt bò, lý tưởng cho món bánh mì sandwich, bát ngũ cốc hoặc dùng làm món protein trung tâm trong các bữa ăn thịnh soạn.",80
1ed4ef0f-e124-513c-aed3-7dca0f84c10f,,,"Hạt bí ngô rang (Pumpkin Seeds, Roasted)",DISH,574.0,29.8,49.0,14.7,6.5,1.29,18.0,de172d43-2578-4f27-a571-6d871460d273,,,"Hạt bí ngô rang, còn được gọi là pepitas, là hạt ăn được của bí ngô đã được nướng để tăng hương vị và độ giòn. Việc rang làm tăng hương vị hạt dẻ tự nhiên của chúng và tạo ra kết cấu giòn vừa ý. Những hạt này là nguồn cung cấp magie và kẽm dồi dào, các khoáng chất thiết yếu hỗ trợ các chức năng cơ thể khác nhau và thường được dùng như một món ăn nhẹ hoặc thêm vào món salad, món trộn và đồ nướng.",75
09fb32f3-aaaa-539a-9c13-ae1882cbf3d1,,,"Ức bò cắt lát, nướng (Flat Cut Beef Brisket, Grilled)",DISH,124.0,21.0,3.5,0.0,0.0,0.0,55.0,de172d43-2578-4f27-a571-6d871460d273,,,"Thịt ức bò cắt phẳng là phần nạc hơn của miếng ức nguyên thủy, được nướng bằng phương pháp chậm và chậm để phá vỡ lớp collagen dày đặc của nó thành thịt mềm, ám khói. Lượng vân mỡ tối thiểu của nhóm cơ này mang lại những lát cắt đồng đều lý tưởng để kiểm soát khẩu phần ăn trong khi vẫn cung cấp protein, sắt và kẽm chất lượng cao. Việc tiếp xúc với khói kéo dài tạo ra lớp vỏ vỏ cây đặc trưng và mang đến hương vị thơm ngon đậm đà, mặc dù hàm lượng chất béo và natri cuối cùng thay đổi đáng kể tùy theo gia vị hoặc nước sốt được sử dụng trong quá trình nấu.",80
1608d2f3-3a52-59f9-b5ab-dd1963fd447b,,,"Xúc xích Kielbasa gà tây, nấu chín (Turkey Kielbasa, Cooked)",DISH,154.0,20.03,6.92,1.55,0.0,0.05,860.0,de172d43-2578-4f27-a571-6d871460d273,,,"Kielbasa Thổ Nhĩ Kỳ là một loại xúc xích hun khói nạc được làm từ thịt gà tây xay dày dặn, cung cấp một loại thay thế ít chất béo hơn cho món kielbasa làm từ thịt lợn truyền thống. Chế phẩm nấu sẵn có hương vị tỏi và ớt bột đặc trưng với kết cấu chắc nhưng ngon ngọt, vẫn giữ được truyền thống xúc xích Ba Lan đồng thời giảm hàm lượng chất béo bão hòa. Nguồn protein đa năng này hoạt động tốt khi cắt lát trong súp, nướng như món ăn chính hoặc thêm vào món ăn sáng để tăng hương vị.",80
bae31a2a-dfd1-5849-a940-ab2de3fa67da,,,Thịt bò quay ba múi (Tri-Tip Roast),DISH,237.0,30.7,11.6,0.0,0.0,0.0,79.0,de172d43-2578-4f27-a571-6d871460d273,,,"Tri-tip là miếng thịt bò cắt hình tam giác từ phần thăn dưới cùng, được đánh giá cao nhờ sự cân bằng giữa kết cấu nạc và hương vị đậm đà của thịt bò. Món nướng đa năng này được nướng hoặc nướng trong lò theo cách truyền thống ở mức tái vừa, phát triển lớp vỏ caramen trong khi vẫn giữ được độ mềm ẩm do có vân cẩm thạch vừa phải. Được phổ biến theo phong cách thịt nướng Santa Maria của California, nó cung cấp nguồn protein chất lượng cao, giàu sắt và kẽm, với kích thước nhỏ hơn giúp nấu nhanh hơn hầu hết các món thịt bò nướng.",75
3da8921b-b9fb-5ec0-aae2-c785f7c43bab,,,Giăm bông rừng đen (Black Forest Ham),DISH,124.0,18.03,3.86,3.25,0.0,0.97,1061.0,de172d43-2578-4f27-a571-6d871460d273,,,"Thịt giăm bông Rừng Đen là một sản phẩm thịt lợn hun khói khô của Đức được làm theo truyền thống từ phần nạc cắt ở chân sau. Món ngon này được nêm với tỏi, rau mùi và quả bách xù trước khi được hun khói lạnh trên gỗ thông hoặc gỗ linh sam, tạo nên bề ngoài sẫm màu đặc trưng và hương vị mặn-ngọt phức tạp. Kết quả là một loại giăm bông có kết cấu chắc chắn, ít chất béo thường được cắt mỏng để làm bánh mì sandwich hoặc bánh charcuterie, cung cấp hàm lượng protein cao hơn trên mỗi khẩu phần so với nhiều loại thịt nguội đã qua chế biến.",80
1b8960db-2418-52e3-80fc-f2f838427aa2,,,"Gà tây hữu cơ, thái lát (Organic Turkey, Sliced)",DISH,89.0,21.0,0.0,0.0,0.0,0.0,643.0,de172d43-2578-4f27-a571-6d871460d273,,,"Gà tây hữu cơ, được thái lát và nấu chín, là nguồn protein nạc từ gia cầm được nuôi không dùng kháng sinh hoặc phụ gia tổng hợp theo tiêu chuẩn canh tác hữu cơ. Thịt cung cấp protein chất lượng cao với ít chất béo bão hòa hơn so với các loại thịt nguội thông thường, cùng với các chất dinh dưỡng thiết yếu như selen và kẽm. Dạng thái mỏng, nấu sẵn của nó làm cho nó trở thành một lựa chọn thuận tiện cho bánh mì sandwich, salad hoặc món cuốn trong khi vẫn duy trì kết cấu mềm và hương vị thơm nhẹ.",80
290fcc29-8236-5cf6-84ce-e91898b18057,,,Xúc xích Bologna gà (Chicken Bologna),DISH,236.0,14.27,14.78,10.83,0.0,0.47,1073.0,de172d43-2578-4f27-a571-6d871460d273,,,"Thịt gà bologna là một loại thịt nguội đã qua chế biến được làm từ thịt gà xay mịn và gia vị, được nhũ hóa thành một kết cấu mịn, đồng đều. Mặc dù ít chất béo hơn so với bologna làm từ thịt lợn truyền thống nhưng nó vẫn có hàm lượng natri cao và thường chứa chất bảo quản như natri nitrit để kéo dài thời hạn sử dụng. Sản phẩm thịt nấu chín này thường được cắt mỏng để làm bánh mì sandwich hoặc bánh charcuterie, mang lại hương vị nhẹ nhàng hơn so với các sản phẩm thịt bò/thịt lợn.",80
caf1ab6b-32b5-5149-9abc-88fe50d67b4d,,,"Thăn heo ướp, tươi sống (Marinated Pork Tenderloin, Raw)",INGREDIENT,135.0,22.5,3.8,2.0,0.0,1.5,150.0,de172d43-2578-4f27-a571-6d871460d273,,,"Thịt thăn lợn ướp là miếng thịt lợn nạc, mềm đã được ngâm trước trong chất lỏng dày dặn để tăng hương vị và giữ ẩm. Chế phẩm này thường bao gồm các thành phần có tính axit (như giấm hoặc cam quýt), các loại thảo mộc và thường là chất làm ngọt hoặc nước tương, có thể thêm natri hoặc đường. Lý tưởng cho các phương pháp nấu nhanh như nướng hoặc quay, nó cung cấp protein chất lượng cao với ít chất béo hơn các loại thịt lợn khác, mặc dù giá trị dinh dưỡng thay đổi tùy thuộc vào thành phần nước xốt.",80
4adb4286-78ad-548c-91be-c11f2334e515,,,Giăm bông mật ong (Honey Ham),DISH,122.0,17.9,2.37,7.27,0.0,7.27,900.0,de172d43-2578-4f27-a571-6d871460d273,,,"Giăm bông mật ong là một sản phẩm thịt lợn được chữa khỏi có đặc điểm là men mật ong ngọt được áp dụng trong quá trình nướng hoặc hun khói. Cách chế biến này tạo ra lớp vỏ caramen tương phản với vị mặn, mặn của thịt ngâm nước muối, đồng thời góp phần bổ sung đường vào thành phần dinh dưỡng của nó. Mặc dù không chứa gluten tự nhiên, nhưng nó thường chứa hàm lượng natri cao từ quá trình đóng rắn và đóng vai trò như một món trung tâm giàu protein cho các bữa ăn ngày lễ hoặc bánh mì kẹp thịt nguội.",80
be252931-3b34-5363-89e4-0d9586ec09c8,,,Gà nướng (Grilled Chicken),DISH,167.86,32.14,3.57,0.0,0.0,0.0,71.43,de172d43-2578-4f27-a571-6d871460d273,,,"Phần trên gà nướng bao gồm các miếng ức gà nạc nướng dày dặn, thường được chế biến với các loại thảo mộc và nước xốt nhẹ. Món chủ yếu của thanh salad này cung cấp một nguồn protein tuyệt vời với khoảng 9 gam mỗi ounce trong khi vẫn ít chất béo. Thịt gà được nấu chín trước và cắt thành từng miếng vừa ăn, tiện lợi, lý tưởng để bổ sung protein vào món salad và bát đựng ngũ cốc.",80
eb84cdde-fe1e-5fae-8ce8-af261acb7fa4,,,Bít tết bò Teriyaki (Teriyaki Beef Steak),DISH,125.0,16.1,4.5,5.6,0.0,5.6,393.0,de172d43-2578-4f27-a571-6d871460d273,,,"Bít tết bò Teriyaki là món ăn lấy cảm hứng từ Nhật Bản gồm thịt nướng phủ nước sốt ngọt gồm đậu nành, mirin và đường. Quá trình nấu caramen hóa nước xốt giàu đường thành lớp phủ bóng giúp cân bằng hương vị umami thơm ngon với vị ngọt rõ rệt, đồng thời duy trì hàm lượng protein cao của bít tết. Chế phẩm này thường chứa natri đáng kể từ nước tương và có thể tạo ra một lượng nhỏ các sản phẩm glycat hóa cuối cùng (AGEs) trong quá trình caramen hóa ở nhiệt độ cao.",75
ddb56b7d-699f-576e-a7e0-5e0d197805d6,,,"Xúc xích Bratwurst, tươi sống (Bratwurst, Raw)",INGREDIENT,296.0,14.32,22.63,8.05,0.0,1.3,816.0,de172d43-2578-4f27-a571-6d871460d273,,,"Bratwurst là một loại xúc xích truyền thống của Đức được làm từ thịt lợn hoặc hỗn hợp thịt lợn-bê, được nêm các loại gia vị đặc biệt như gừng, nhục đậu khấu và caraway. Sản phẩm xúc xích sống này cần được nấu kỹ đến nhiệt độ bên trong là 160°F (71°C) trước khi tiêu thụ. Xúc xích tươi có đặc điểm là hàm lượng protein và chất béo cao, thường chứa 20-30% chất béo, góp phần tạo nên kết cấu ngon ngọt và hương vị đậm đà khi nấu chín.",75
aea706a9-72b9-5bab-90c7-b7f4016b389e,,,Bụng heo giòn (Crispy Pork Belly),DISH,282.0,15.3,24.7,0.0,0.0,0.0,412.0,de172d43-2578-4f27-a571-6d871460d273,,,"Bụng heo chiên giòn là một món ăn ngon có thịt lợn nấu chín chậm với các lớp thịt mềm riêng biệt và mỡ bên dưới lớp da vàng, nứt nẻ. Kết cấu đặc trưng đạt được thông qua các kỹ thuật như rang hoặc sấy khô trong không khí để khử nước cho da trong khi vẫn giữ được độ ẩm trong thịt. Mặc dù giàu protein nhưng nó chứa chất béo bão hòa đáng kể từ thành phần cẩm thạch, điều này khiến việc kiểm soát khẩu phần trở nên quan trọng để cân bằng dinh dưỡng. Việc chuẩn bị này được tổ chức trên toàn cầu trong các món ăn từ siu yuk của Trung Quốc đến cochinillo của Tây Ban Nha.",80
4558e277-706c-5af3-a5d7-49191432263a,,,Thăn heo hun khói (Smoked Pork Tenderloin),DISH,119.0,20.0,3.6,0.0,0.0,0.0,298.0,de172d43-2578-4f27-a571-6d871460d273,,,"Thăn lợn hun khói là phần thịt lợn nạc cao cấp được lấy từ phần cơ chạy dọc theo cột sống giữa của lợn. Miếng thịt mềm tự nhiên này được tăng cường thông qua việc hun khói, mang lại hương vị đặc biệt trong khi vẫn duy trì hàm lượng chất béo thấp vốn có của thịt. Là một trong những miếng thịt lợn nạc nhất, thịt thăn cung cấp nguồn protein chất lượng cao tuyệt vời đồng thời chứa ít chất béo bão hòa hơn các miếng thịt lợn khác, khiến nó trở thành lựa chọn bổ dưỡng cho các bữa ăn tập trung vào protein.",80
be15b7fd-f1c4-596c-acf3-27ffdf5bd7be,,,Thịt heo xé (Pulled Pork),INGREDIENT,250.0,20.0,18.0,2.0,0.4,1.6,600.0,de172d43-2578-4f27-a571-6d871460d273,,,"Thịt lợn kéo là một món thịt nướng cổ điển được làm từ thịt vai lợn (mông Boston) được hun khói chậm ở nhiệt độ thấp cho đến khi đủ mềm để tách ra. Theo truyền thống nhà hun khói ở Texas, thịt thường được tẩm gia vị khô và hun khói trong 12-16 giờ cho đến khi thịt có vỏ đặc biệt trong khi bên trong vẫn ẩm và mềm. Món ăn giàu protein này có sự cân bằng tự nhiên giữa thịt nạc và mỡ được tạo ra, với quá trình nấu kéo dài tạo ra kết cấu mềm, có thể xé nhỏ đặc trưng, ​​tạo nên món thịt lợn kéo nướng đích thực.",80
92fe2032-1461-505f-b074-f86c48db72d6,,,Thịt gà khô (Dried Chicken Jerky),INGREDIENT,250.0,42.9,3.6,7.1,0.0,2.0,2106.0,de172d43-2578-4f27-a571-6d871460d273,,,"Khô gà khô là một món ăn nhẹ có lượng protein ổn định được làm bằng cách nêm gia vị và khử nước cho thịt ức gà nạc. Thông qua quá trình sấy khô, thịt trở nên cô đặc protein trong khi vẫn duy trì giá trị dinh dưỡng, tạo ra một món ăn nhẹ dai, di động với độ ẩm ít hơn đáng kể so với thịt gà tươi. Sản phẩm thịt bảo quản này thường chứa ít chất béo và thường được nêm muối và nhiều loại gia vị khác nhau, khiến nó trở thành một lựa chọn có hàm lượng protein cao thuận tiện cho các vận động viên và khách du lịch.",80
787c3e15-d9fe-5206-9f5f-0658dde75ce5,,,Thịt bò muối (Corned Beef),DISH,251.0,18.2,19.0,0.47,0.0,0.0,973.0,de172d43-2578-4f27-a571-6d871460d273,,,"Thịt bò bắp là loại thịt ức được ngâm nước muối có đặc điểm là có màu hồng đặc biệt và kết cấu mềm, bong tróc khi nấu chín. Loại thịt muối này đặc biệt giàu protein và khoáng chất, mặc dù quá trình chế biến nó dẫn đến hàm lượng natri đáng kể. Truyền thống trong ẩm thực Ireland-Mỹ và các món đặc sản, thịt bò bắp nấu chín thường được dùng nóng với bắp cải hoặc nguội trong bánh mì sandwich, đặc biệt là món Reuben cổ điển.",80
28e488e2-3d44-5ce0-bf00-a91289749168,,,Thịt viên (Meatballs),DISH,230.0,15.0,16.67,5.0,0.83,0.83,750.0,de172d43-2578-4f27-a571-6d871460d273,,,"Thịt viên Lẩu là sản phẩm thịt đã qua chế biến được chế biến đặc biệt dành cho món Lẩu Châu Á, có kết cấu dẻo dai đặc biệt và bề ngoài mịn màng. Những quả bóng được tạo hình sẵn này thường được làm từ thịt bò, thịt lợn hoặc thịt gà kết hợp với tinh bột và gia vị, dẫn đến hàm lượng protein vừa phải nhưng hàm lượng natri đáng chú ý. Chúng được thiết kế để nấu trực tiếp trong nước dùng sôi lăn tăn, nơi chúng hấp thụ các hương vị xung quanh trong khi vẫn duy trì độ dẻo đặc trưng của chúng.",80
ee36b9ba-317a-5526-bfd6-d0b8e65cb044,,,"Thịt bò ba múi, tươi sống (Beef Tri-Tip, Raw)",INGREDIENT,159.0,21.7,7.2,0.0,0.0,0.0,56.0,de172d43-2578-4f27-a571-6d871460d273,,,"Thịt bò tri-tip là miếng thịt thăn hình tam giác được cắt từ phần thịt thăn dưới cùng, được đánh giá cao nhờ sự cân đối của cơ nạc và vân mỡ vừa phải. Phần cắt đa năng này có hương vị thịt bò đậm đà và kết cấu mềm khi được cắt theo thớ, khiến nó trở thành món ăn trung tâm của truyền thống nướng thịt ở Bờ Tây như nướng kiểu Santa Maria. Mặc dù tương đối nạc so với bít tết cao cấp, nhưng nó cung cấp lượng protein đáng kể với 5-10 gam chất béo trên mỗi khẩu phần 3 ounce tùy thuộc vào việc cắt tỉa.",80
fd1b7022-4092-5522-af33-0f7b30ad0cce,,,Nước dùng xương bò (Beef Bone Broth),DISH,19.0,4.0,0.2,0.3,0.0,0.3,190.0,de172d43-2578-4f27-a571-6d871460d273,,,"Nước hầm xương bò là một chất lỏng giàu chất dinh dưỡng được làm bằng cách đun sôi từ từ xương bò, mô liên kết và chất thơm trong thời gian dài, thường là 12-24 giờ. Phương pháp chế biến truyền thống này chiết xuất collagen, khoáng chất và axit amin từ xương, tạo ra nước dùng đậm đà, tạo gel khi để lạnh do hàm lượng gelatin cao. Khác biệt với nước luộc thịt bò thông thường ở thời gian nấu lâu hơn và hàm lượng protein cao hơn, nước luộc xương được đánh giá cao nhờ hương vị đậm đà và những lợi ích tiềm năng cho sức khỏe khớp và đường ruột.",80
bf282d81-2983-53e9-8152-b793ece74a47,,,Enchiladas gà (Chicken Enchiladas),DISH,280.0,12.0,12.0,30.0,3.0,3.0,720.0,de172d43-2578-4f27-a571-6d871460d273,,,"Enchiladas gà là một món ăn truyền thống của Mexico bao gồm bánh ngô hoặc bột mì cuộn quanh thịt gà xé nhỏ và thường được nướng trong nước sốt làm từ ớt, chẳng hạn như nốt ruồi đỏ hoặc salsa xanh. Món ăn này thường được phủ phô mai tan chảy lên trên và cung cấp một bữa ăn giàu protein, mặc dù hàm lượng calo và natri của nó có thể thay đổi đáng kể tùy thuộc vào độ đậm đà của nước sốt và các loại đồ phủ thêm như kem chua. Các phiên bản đích thực sử dụng bánh ngô, mang lại tính toàn vẹn không chứa gluten, trong khi các phiên bản hiện đại có thể kết hợp đậu, gạo hoặc rau vào nhân bánh.",80
ceed8979-e8a2-50f0-a66c-ff52ee870601,,,Tahini rang (Roasted Tahini),DISH,595.0,17.0,53.8,21.2,9.3,0.49,115.0,de172d43-2578-4f27-a571-6d871460d273,,,"Tahini rang là một loại bột nhão đậm đà được làm từ hạt mè xay đã được rang trước khi chế biến, mang lại hương vị đậm đà hơn so với tahini thô. Loại lương thực Trung Đông này được đánh giá cao nhờ hàm lượng chất béo, protein và khoáng chất lành mạnh như canxi và sắt. Quá trình rang tạo ra một hỗn hợp mịn, có thể rót được với hương vị đậm đà, hơi đắng đặc biệt khiến nó trở nên cần thiết trong món hummus, nước sốt và nước xốt.",75
85246342-de85-5064-93ac-b8d3e8bf22d8,,,"Bụng heo, tươi sống (Pork Belly, Raw)",INGREDIENT,518.0,9.34,53.0,0.0,0.0,0.0,32.0,de172d43-2578-4f27-a571-6d871460d273,,,"Bụng lợn là phần mỡ được cắt từ mặt dưới của lợn, đặc trưng bởi các lớp thịt nạc và mỡ đậm đà xen kẽ tạo nên những vân mỡ đặc biệt. Miếng cắt chưa qua xử lý, không hun khói này dùng làm nền cho món thịt xông khói và được đánh giá cao trong ẩm thực toàn cầu nhờ khả năng tạo ra kết cấu mềm và hương vị umami đậm đà khi nấu chậm, rang hoặc om. Mặc dù có hương vị đặc biệt nhưng hàm lượng chất béo bão hòa cao khiến việc nhận thức về khẩu phần trở nên quan trọng đối với việc theo dõi dinh dưỡng.",80
e64fe54a-d27a-55ef-bfc4-99d9fc455741,,,Bánh mì kẹp xúc xích (Sausage Sandwich),DISH,375.0,17.5,24.5,21.0,1.5,3.0,600.0,de172d43-2578-4f27-a571-6d871460d273,,,"Bánh mì kẹp xúc xích từ nhà hàng BBQ thường có xúc xích thịt lợn hoặc thịt bò hun khói hoặc nướng được phục vụ trên một chiếc bánh mì mềm với các món nướng truyền thống đi kèm. Món bánh sandwich thịnh soạn này thường đi kèm với sốt BBQ, hành tây nướng hoặc các loại đồ ăn kèm khác và thể hiện một bữa ăn thịnh soạn với hàm lượng protein và chất béo đáng kể. Hàm lượng calo rất khác nhau tùy theo khẩu phần và lớp phủ bên trên, thường dao động từ 400 đến hơn 1.000 calo cho mỗi chiếc bánh sandwich.",80
818818cd-0837-501a-9246-1717a871061f,,,"Cánh gà tây, nấu chín (Turkey Wing, Cooked)",DISH,232.0,28.1,12.9,0.1,0.0,0.0,84.0,de172d43-2578-4f27-a571-6d871460d273,,,"Cánh Thổ Nhĩ Kỳ là phần thịt gia cầm có màu sẫm được đặc trưng bởi hương vị đậm đà và tỷ lệ protein trên chất béo cao hơn so với những phần thịt nạc hơn như thịt ức. Khi nấu chín bằng cách rang, om hoặc nướng, collagen trong các mô liên kết của nó sẽ phân hủy thành gelatin, tạo ra thịt mềm với kết cấu ẩm. Trong khi giàu chất dinh dưỡng với các khoáng chất như kẽm và selen, da sẽ bổ sung hàm lượng chất béo bão hòa đáng kể, khiến việc nhận thức về khẩu phần ăn trở nên quan trọng đối với chế độ ăn kiêng có ý thức về calo.",80
d6c10f0e-7779-5efc-920f-e820fa2e029d,,,Vai heo hun khói (Smoked Pork Shoulder),DISH,267.0,13.3,23.0,0.6,0.0,0.0,285.0,de172d43-2578-4f27-a571-6d871460d273,,,"Thịt vai lợn hun khói là món thịt nướng nấu chín chậm được làm từ phần trên của chân trước của con lợn, nổi tiếng với kết cấu mềm, có thể tách rời và lớp vỏ vỏ khói. Quá trình hun khói kéo dài ở nhiệt độ thấp sẽ phân hủy collagen thành gelatin, tạo ra thịt mọng nước, trong khi việc truyền khói củi sẽ tạo thêm hương vị phức tạp. Phần cắt này chứa hàm lượng protein cao nhưng cũng có chất béo bão hòa đáng kể, với nồng độ natri thay đổi tùy theo cách nêm gia vị và phương pháp ngâm nước muối.",80
b2a9922f-eac2-53b9-81ce-05cb0a1001f6,,,"Xúc xích Andouille gà tây, nấu chín (Turkey Andouille Sausage, Cooked)",DISH,167.0,16.7,9.5,1.2,0.0,1.2,500.0,de172d43-2578-4f27-a571-6d871460d273,,,"Xúc xích andouille của Thổ Nhĩ Kỳ là một phiên bản làm từ thịt gia cầm nạc hơn của xúc xích thịt xông khói Louisiana-Cajun truyền thống, mang đến hương vị cay và khói đậm đà từ sự pha trộn của ớt bột, tỏi và ớt cayenne. Các phiên bản nấu chín thường được hun khói trước hoặc nướng, giữ được hàm lượng protein cao đồng thời giảm chất béo bão hòa so với các loại thịt lợn. Mặc dù ít chất béo hơn nhưng nó vẫn chứa nhiều natri giống như hầu hết các loại thịt đã qua xử lý và dùng như một chất bổ sung hương vị cho các món ăn Creole, súp hoặc bát ngũ cốc.",80
2030ebab-d4d9-57b8-b880-7088092daf1b,,,Enchiladas bò (Beef Enchiladas),DISH,168.0,6.21,9.19,15.87,1.5,2.0,687.0,de172d43-2578-4f27-a571-6d871460d273,,,"Enchiladas bò là một món ăn truyền thống của Mexico bao gồm bánh ngô cuộn quanh thịt bò xay đã tẩm gia vị và nướng dưới nước sốt làm từ ớt, thường phủ phô mai tan chảy lên trên. Bữa ăn giàu protein này có hương vị đậm đà từ các loại gia vị như thì là và bột ớt, mặc dù mật độ calo và hàm lượng natri có thể thay đổi đáng kể tùy thuộc vào số lượng nước sốt và pho mát. Các món ăn chuẩn vị thường bao gồm các loại đồ ăn kèm như ngò tươi, hành tây thái hạt lựu hoặc kem chua để cân bằng độ đậm đà của món ăn.",80
4d4a3ef8-2ef3-5319-8c16-55e204d97633,,,Bánh mì kẹp thịt bò muối (Corned Beef Sandwich),DISH,215.0,13.0,11.0,16.0,2.1,3.2,552.0,de172d43-2578-4f27-a571-6d871460d273,,,"Một chiếc bánh mì kẹp thịt bò bắp có ức thịt bò muối cắt lát mỏng được phục vụ giữa các lát bánh mì lúa mạch đen, thường gắn liền với văn hóa đồ nguội của người Mỹ gốc Ireland. Thịt ngâm nước muối nấu chín chậm cung cấp lượng protein đáng kể nhưng chứa hàm lượng natri cao từ quá trình đóng rắn, trong khi cách kết hợp truyền thống với mù tạt thơm hoặc dưa cải bắp giúp cân bằng hương vị đậm đà của nó. Món bánh sandwich thịnh soạn này đặc biệt phổ biến trong lễ kỷ niệm Ngày Thánh Patrick nhưng vẫn là món ăn ngon quanh năm.",80
feac8cd6-6269-579f-b07a-5dcd7f0d1ce1,,,"Vai heo picnic, tươi sống (Picnic Pork Shoulder, Raw)",INGREDIENT,193.0,18.7,12.5,0.0,0.0,0.0,84.0,de172d43-2578-4f27-a571-6d871460d273,,,"Thịt vai lợn dã ngoại là một vết cắt nguyên thủy từ vai dưới và chân trước phía trên của lợn, có đặc điểm là có nhiều vân mỡ và mô liên kết quan trọng. Miếng thịt có độ dai vừa phải này sẽ trở nên mềm khi sử dụng các phương pháp nấu chậm như om hoặc hun khói, giúp phân hủy collagen thành gelatin. Mặc dù hơi nạc hơn thịt mông Boston (phần vai trên), nhưng nó vẫn là một lựa chọn giàu hương vị, giàu protein thường được sử dụng để chế biến thịt lợn kéo, món hầm và món thịt nướng.",80
b0c12f3e-52f2-59ba-a0d4-67614fedf019,,,Đậu xanh rang (Roasted Chickpeas),DISH,378.0,22.0,8.0,55.0,21.0,2.0,500.0,de172d43-2578-4f27-a571-6d871460d273,,,"Đậu xanh rang là loại đậu được nấu chín để biến thành một món ăn nhẹ giòn, giàu chất dinh dưỡng thông qua nấu ở nhiệt độ khô. Chúng cung cấp nguồn năng lượng protein và chất xơ từ thực vật, cung cấp khoảng 6g protein và 5g chất xơ mỗi ounce, với độ giòn vừa miệng tương đương với các loại hạt nhưng thường ít chất béo hơn. Đặc điểm hương vị trung tính của chúng thích ứng tốt với cả gia vị mặn và ngọt, khiến chúng trở thành một lựa chọn thay thế linh hoạt không chứa gluten cho các món ăn nhẹ truyền thống trong chế độ ăn thuần chay và có ý thức về chất gây dị ứng.",75
ec7cd1e9-315a-554d-b5f1-58cda040db43,,,Bụng heo nướng (Grilled Pork Belly),DISH,318.0,27.4,23.4,0.0,0.0,0.0,80.0,de172d43-2578-4f27-a571-6d871460d273,,,"Bụng lợn nướng là một miếng thịt có hương vị từ mặt dưới của lợn, đặc trưng bởi các lớp thịt nạc và mỡ đậm đà xen kẽ. Quá trình nướng làm caramen bề mặt thành lớp vỏ giòn, bốc khói đồng thời tạo ra một ít chất béo, tạo ra sự tương phản giữa bên trong mềm mại và bên ngoài cháy đen. Món cắt giàu protein này cung cấp đáng kể chất béo bão hòa, đóng vai trò quan trọng trong việc kiểm soát khẩu phần và là món ăn chủ yếu trong các món ăn như *samgyeopsal* của Hàn Quốc hoặc món thịt nướng miền Nam Hoa Kỳ.",80
62987c94-bce1-5fac-841f-21d6e1210645,,,"Xúc xích Kielbasa bò, nấu chín (Beef Kielbasa, Cooked)",DISH,332.0,18.21,28.0,2.0,0.0,1.0,813.0,de172d43-2578-4f27-a571-6d871460d273,,,"Thịt bò kielbasa là một loại xúc xích Ba Lan nấu chín theo truyền thống được làm bằng thịt bò xay dày dặn, mang lại hương vị khói hơn so với các loại làm từ thịt lợn. Loại xúc xích nấu chín hoàn toàn này thường được hun khói và xử lý, tạo ra kết cấu chắc và hương vị thơm ngon đậm đặc, lý tưởng để nướng, áp chảo hoặc thêm vào món hầm. Mặc dù giàu protein và sắt nhưng nó có xu hướng chứa nhiều natri và chất béo bão hòa, đặc trưng của các sản phẩm thịt chế biến.",80
95a97875-358d-5409-9557-80132dabacf9,,,"Thịt bò muối nạc, nấu chín (Lean Corned Beef, Cooked)",DISH,103.0,16.9,2.75,1.48,0.0,0.7,1066.0,de172d43-2578-4f27-a571-6d871460d273,,,"Thịt bò nạc bắp là phần thịt ức bò được ướp muối được ninh hoặc nấu chậm cho đến khi mềm, với phần mỡ có thể nhìn thấy được cắt bớt để giảm hàm lượng chất béo tổng thể. Thuật ngữ 'ngô' dùng để chỉ các hạt muối thô thường được sử dụng trong nước muối, thường được nêm với các loại gia vị như hạt tiêu và lá nguyệt quế. Mặc dù giàu protein nhưng chế phẩm này vẫn có hàm lượng natri cao, điều này khiến nhận thức về khẩu phần ăn trở thành chìa khóa cho chế độ ăn kiêng có ý thức về natri. Nó thường được cắt mỏng để làm bánh mì sandwich hoặc dùng kèm với bắp cải và các loại rau củ.",80
b5767d02-00e5-593e-8a94-b722439bb828,,,"Ức bò phần nhọn, hầm (Beef Brisket, Point Cut, Braised)",DISH,349.0,24.4,27.2,0.0,0.0,0.0,69.0,de172d43-2578-4f27-a571-6d871460d273,,,"Thịt ức bò, cắt điểm, om là miếng thịt có hương vị từ phần ức bò, được phân biệt bởi nhiều vân mỡ và mô liên kết giàu collagen. Ướp chậm sẽ phá vỡ các sợi dai thành thịt mềm, tách rời với hương vị đậm đà của thịt bò, trong khi chất béo và gelatin từ collagen tạo ra kết cấu ẩm, mọng nước. Cách chế biến này cung cấp một bữa ăn giàu protein với hàm lượng chất béo đáng kể, thường được dùng trong các món nướng truyền thống và món nướng kiểu Do Thái.",80
58b3fbf7-b7cd-5fec-8a84-5b2febdf648e,,,"Đùi gà tây, không da nấu chín (Turkey Thigh, Skinless Cooked)",DISH,162.0,27.0,6.0,0.0,0.0,0.0,90.0,de172d43-2578-4f27-a571-6d871460d273,,,"Đùi gà tây không da nấu chín là loại thịt gia cầm có màu sẫm được đánh giá cao nhờ hàm lượng protein cao và hàm lượng khoáng chất phong phú. Mặc dù có hàm lượng chất béo cao hơn tự nhiên so với ức gà tây nhưng việc loại bỏ da giúp giảm chất béo bão hòa trong khi vẫn giữ được các chất dinh dưỡng có lợi như sắt và kẽm. Thịt nấu chín duy trì kết cấu ẩm, mềm với hương vị thơm ngon đậm đà hơn so với thịt trắng, khiến nó trở thành một lựa chọn giàu chất dinh dưỡng để duy trì cơ bắp và chế độ ăn giàu chất sắt.",80
6763ceaf-d526-5c36-b5a0-01ad46072c3d,,,Bít tết hình khối (Cube Steak),INGREDIENT,142.0,22.0,5.3,0.0,0.0,0.0,65.0,de172d43-2578-4f27-a571-6d871460d273,,,"Bít tết hình khối là miếng thịt bò được làm mềm trước, thường được cắt từ dạng tròn hoặc dạng miếng, được xử lý cơ học bằng lưỡi dao hoặc con lăn để tạo ra kết cấu lúm đồng tiền đặc trưng. Phương pháp này phá vỡ các sợi cơ dai, phù hợp với các phương pháp nấu nhanh như chiên hoặc om trong khi vẫn giữ được hàm lượng protein và sắt cao. Mặc dù nạc hơn nhiều loại bít tết, nhưng cách chế biến món này thường bao gồm thêm chất béo hoặc nước thịt để tăng hương vị cho các món ăn như bít tết chiên gà hoặc món hầm.",75
43979383-4174-5730-82c3-1c7ca46e1321,,,Hỗn hợp gia vị bít tết (Steak Spice Blend),INGREDIENT,0.0,0.0,0.0,0.0,0.0,0.0,18000.0,de172d43-2578-4f27-a571-6d871460d273,,,"Steak Spice Blend là hỗn hợp gia vị đậm đà thường kết hợp hạt tiêu đen thô, tỏi, hành tây, ớt bột và muối, được thiết kế để tăng hương vị của thịt nướng hoặc quay. Kết cấu thô đặc trưng của nó tạo ra lớp vỏ có hương vị khi nướng, giúp phân biệt với các loại gia vị đa năng mịn hơn. Mặc dù lý tưởng cho thịt bò, hỗn hợp đa năng này cũng bổ sung thêm độ sâu cho rau và protein từ thực vật, mặc dù hàm lượng natri của nó đòi hỏi phải điều độ đối với chế độ ăn nhạy cảm với natri.",75
f455951a-0af7-5118-bd3f-6399a33321cc,,,"Xúc xích Bratwurst gà tây, nấu chín (Turkey Bratwurst, Cooked)",DISH,196.0,24.0,10.0,0.0,0.0,0.0,665.0,de172d43-2578-4f27-a571-6d871460d273,,,"Bratwurst Thổ Nhĩ Kỳ là một loại xúc xích nạc làm từ thịt gia cầm, cung cấp một lựa chọn thay thế nhẹ nhàng hơn cho xúc xích thịt lợn hoặc thịt bò truyền thống trong khi vẫn duy trì các loại gia vị thơm ngon đặc trưng như kinh giới và nhục đậu khấu. Được nấu bằng cách nướng, áp chảo hoặc luộc, nó cung cấp lượng protein tương đương với xúc xích xúc xích thông thường với chất béo bão hòa ít hơn đáng kể. Gà tây xay được tẩm gia vị vẫn giữ được kết cấu ngon ngọt khi được nấu chín đúng cách và thường được phục vụ trong bánh với mù tạt hoặc kèm theo các món ăn bổ dưỡng như dưa cải bắp.",80
8a1ec189-1bdd-5d96-bc4f-3d40a5ed74e6,,,"Ức bò phần nhọn, nướng (Point Cut Beef Brisket, Grilled)",DISH,244.0,28.0,14.0,0.0,0.0,0.0,77.0,de172d43-2578-4f27-a571-6d871460d273,,,"Thịt ức bò Point Cut là loại thịt nguyên chất được cắt từ phần ức dưới của gia súc, có đặc điểm là có nhiều vân vân giúp giữ ẩm cho thịt trong khi nướng. Khi nấu từ từ trên lửa khô, lượng collagen dồi dào sẽ phân hủy thành gelatin, tạo ra những lát thịt mềm giàu protein nhưng chứa nhiều chất béo bão hòa hơn so với những miếng thịt nạc hơn. Món thịt nướng truyền thống được yêu thích này cung cấp một lượng đáng kể sắt và kẽm, mặc dù hàm lượng chất béo đáng kể của nó đòi hỏi phải kiểm soát khẩu phần một cách cẩn thận đối với những người theo dõi lượng dinh dưỡng đa lượng.",80
1b2a19dc-71cf-55e3-800b-f1734f6a0270,,,"Bít tết T-Bone, tươi sống (T-Bone Steak, Raw)",INGREDIENT,209.85,20.3,14.4,0.0,0.0,0.0,62.0,de172d43-2578-4f27-a571-6d871460d273,,,"Bít tết xương chữ T là loại thịt bò cao cấp được cắt từ thăn ngắn, được nhận biết bởi xương hình chữ T đặc trưng ngăn cách hai cơ riêng biệt: thăn (mặt nhỏ hơn, siêu mềm) và thăn dải (mặt lớn hơn, có hương vị đậm đà). Phần cắt này được đánh giá cao vì có nhiều vân mỡ, giúp tăng độ ngon ngọt và hương vị đậm đà khi nướng hoặc nướng. Mặc dù nó cung cấp protein chất lượng cao và sắt khả dụng sinh học, nhưng hàm lượng chất béo bão hòa của nó đòi hỏi phải chia khẩu phần một cách thận trọng trong chế độ ăn uống cân bằng.",75
34a608de-cd4a-5910-b671-34baca05196a,,,"Thịt bò quay ức, nấu chín (Brisket Roast, Cooked)",DISH,291.0,26.8,19.5,0.0,0.0,0.0,65.0,de172d43-2578-4f27-a571-6d871460d273,,,"Thịt ức nướng là loại thịt bò thơm ngon được cắt từ phần ức dưới của động vật, được biến đổi thông qua nấu chậm thành thịt mềm, có thể tách rời. Hàm lượng collagen cao của nó phân hủy thành gelatin trong quá trình om hoặc hun khói kéo dài, tạo ra kết cấu ẩm đồng thời cung cấp lượng protein đáng kể và mức độ chất béo khác nhau tùy thuộc vào việc cắt tỉa. Món nướng nấu chín thường có 'vỏ cây' sẫm màu khi hun khói, khiến nó trở thành món ăn trung tâm của truyền thống nướng thịt và những bữa ăn thịnh soạn thoải mái.",75
be3a4058-6f82-59f4-95fb-cffc76835450,,,"Xúc xích Chorizo heo, tươi sống (Pork Chorizo, Raw)",INGREDIENT,273.0,15.7,21.9,2.58,0.0,0.31,671.0,de172d43-2578-4f27-a571-6d871460d273,,,"Thịt lợn chorizo ​​là một loại xúc xích sống, chưa qua xử lý được làm từ thịt lợn xay đã qua chế biến, được phân biệt bằng màu đỏ rực rỡ của ớt bột hun khói và bột ớt. Món ăn chủ yếu của Mexico/Mỹ Latinh này chứa hàm lượng chất béo và natri cao do hàm lượng thịt vai lợn và nước xốt gia vị, cần phải nấu chín kỹ trước khi tiêu thụ. Nó mang lại hương vị cay nồng khói cho các món ăn như tacos hoặc trứng bác, cung cấp lượng protein đáng kể nhưng yêu cầu kiểm soát khẩu phần ăn một cách chú ý đối với chế độ ăn kiêng có hàm lượng calo.",80
d1899827-703a-5101-8243-f364bc10b646,,,"Thịt bò muối, nấu chín (Corned Beef, Cooked)",DISH,251.0,18.2,19.0,0.47,0.0,0.0,973.0,de172d43-2578-4f27-a571-6d871460d273,,,"Thịt bò bắp là món ức bò muối truyền thống được nấu chậm cho đến khi chín mềm, nổi tiếng với hương vị thơm ngon đậm đà và màu hồng đặc trưng do xử lý bằng nitrat. Thịt được bảo quản bằng muối đá thô ('ngô') và các loại gia vị như hạt tiêu và lá nguyệt quế, dẫn đến hàm lượng natri cao nên cần phải điều độ trong chế độ ăn hạn chế natri. Thường gắn liền với ẩm thực người Mỹ gốc Ireland, món này thường được thái lát hoặc cắt nhỏ cùng với bắp cải, khoai tây hoặc trong bánh mì sandwich kiểu đặc sản.",80
f650de7b-c741-5848-81e6-0f3206b312b0,,,"Thịt bò ống, tươi sống (Beef Shank, Raw)",INGREDIENT,140.06,21.6,6.0,0.0,0.0,0.0,69.0,de172d43-2578-4f27-a571-6d871460d273,,,"Bắp bò là phần thịt nạc, cơ bắp được lấy từ chân bò, đặc trưng bởi mô liên kết dày đặc và xương cắt chéo đặc trưng có chứa tủy. Miếng cắt tiết kiệm này chỉ trở nên mềm thông qua các phương pháp nấu chậm và ẩm như om, phá vỡ lượng collagen dồi dào của nó thành gelatin. Mặc dù tương đối ít chất béo nhưng nó cung cấp lượng protein, sắt và kẽm đáng kể, đồng thời tủy bổ sung các khoáng chất vi lượng và tạo nên hương vị phong phú cho nước dùng và món hầm.",80
2202344f-afc1-5d8a-a782-07297f42e878,,,Thịt heo khô (Pork Jerky),INGREDIENT,309.0,63.0,5.7,1.29,0.0,1.29,1800.0,de172d43-2578-4f27-a571-6d871460d273,,,"Thịt lợn khô là một món ăn nhẹ từ thịt khô có thể bảo quản lâu dài được làm bằng cách ướp thịt nạc với muối và gia vị trước khi khử nước chậm để loại bỏ độ ẩm. Quá trình này tạo ra nguồn protein đậm đặc với ít chất béo hơn đáng kể so với thịt lợn tươi, mặc dù hàm lượng natri vẫn cao do nhu cầu bảo quản. So với thịt bò khô, nó thường có hương vị ngọt ngào hơn một chút và ít xơ hơn, đồng thời duy trì chất lượng giàu protein, di động đặc trưng của thịt khô.",80
d4a6b6b0-8d75-5db6-b04e-b34395fa9f55,,,"Xúc xích Bratwurst bia, tươi sống (Beer Bratwurst, Raw)",INGREDIENT,267.0,12.0,23.0,3.0,0.0,1.0,860.0,de172d43-2578-4f27-a571-6d871460d273,,,"Bia Bratwurst là một loại xúc xích tươi của Đức được ướp theo truyền thống trong bia trước khi xay, giúp làm mềm thịt và mang lại hương vị mạch nha tinh tế. Được làm từ hỗn hợp thịt lợn và thịt bê, xúc xích chưa nấu chín này cung cấp hàm lượng protein và chất béo cao, cần phải nấu kỹ bằng cách nướng, áp chảo hoặc ninh nhừ. Sự kết hợp gia vị đặc trưng của nó gồm các cặp caraway, nhục đậu khấu và hạt tiêu trắng với bia để tạo ra hương vị thơm ngon phổ biến trong các món ăn Trung Tây Mỹ và Đức.",75
fc479288-1d22-5bdd-ba30-4f8c7d2fedf0,,,"Bít tết thăn, tươi sống (Tenderloin Steak, Raw)",INGREDIENT,142.81,22.0,5.73,0.0,0.0,0.0,54.5,de172d43-2578-4f27-a571-6d871460d273,,,"Bít tết thăn là loại thịt bò cao cấp được cắt từ thịt thăn nguyên thủy, nổi tiếng với kết cấu đặc biệt mềm và ít vân mỡ. Miếng thịt nạc, giàu protein này chứa ít chất béo hơn bít tết sườn hoặc thịt thăn, lý tưởng cho các phương pháp nấu ăn ở nhiệt độ cao như nướng hoặc áp chảo. Hương vị nhẹ nhàng và độ đặc của bơ khi nấu chín thu hút những người ưu tiên cả chất lượng và dinh dưỡng trong chế độ ăn ít chất béo, giàu protein.",75
affccd53-995b-589e-a02a-8e4ca5cd9ae8,,,"Bánh pierogi thịt, nấu chín (Meat Pierogi, Cooked)",DISH,227.0,9.0,7.0,32.0,1.5,2.0,300.0,de172d43-2578-4f27-a571-6d871460d273,,,"Pierogi thịt là món bánh bao truyền thống của Trung và Đông Âu có lớp bột bọc bột mì chứa đầy thịt xay dày dặn, thường là thịt lợn hoặc thịt bò. Những chiếc bánh bao nấu chín này trước tiên được luộc cho đến khi mềm, sau đó thường được áp chảo hoặc nướng để tạo ra lớp vỏ ngoài vàng óng tương phản với phần nhân mềm, mặn của chúng. So với bánh pierogi nhân phô mai hoặc khoai tây, loại bánh này cung cấp hàm lượng protein cao hơn nhưng tăng chất béo bão hòa, đồng thời duy trì lượng carbohydrate cơ bản từ bột. Kết cấu đậm đà và hương vị phong phú của món ăn khiến nó trở thành một món ăn thoải mái chủ yếu ở các vùng xuất xứ của nó.",80
c03d492b-7545-54dc-876b-0b0f1711af70,,,"Sườn bò, tươi sống (Ribeye Ribs, Raw)",INGREDIENT,230.0,19.0,17.0,0.0,0.0,0.0,55.0,de172d43-2578-4f27-a571-6d871460d273,,,"Sườn Ribeye là loại thịt bò có xương được cắt từ phần sườn nguyên thủy, được đánh giá cao vì có vân vân đậm đà mang lại hương vị đậm đà và độ mềm khi nấu chín. Phần cắt thô này cung cấp protein chất lượng cao và hàm lượng chất béo bão hòa đáng kể, đòi hỏi phải chia khẩu phần hợp lý để cân bằng dinh dưỡng. Sự kết hợp giữa mỡ tiêm bắp và mô liên kết khiến nó trở nên lý tưởng cho các phương pháp sử dụng nhiệt khô như nướng hoặc quay chậm để đạt được kết cấu tối ưu.",75
d0479106-eca7-52c7-a8c7-e1256ad57261,,,Cánh gà tây hun khói (Smoked Turkey Wing),DISH,221.0,27.4,12.4,0.0,0.0,0.0,996.0,de172d43-2578-4f27-a571-6d871460d273,,,"Cánh gà tây hun khói là phần thịt gia cầm được tẩm gia vị, nấu chín chậm, đặc trưng bởi hương vị khói đậm đà và thịt mềm dễ tách khỏi xương. Loại thực phẩm giàu protein này có hương vị đặc biệt từ quá trình hun khói bằng củi, thường bao gồm bước ngâm nước muối làm tăng hàm lượng natri so với gà tây chưa qua chế biến. Trong khi da đóng góp thêm chất béo, các mô liên kết sẽ bị phá vỡ trong quá trình nấu thành gelatin, khiến nó trở thành lựa chọn phổ biến để làm phong phú thêm các món súp, món hầm hoặc dùng như một món ăn riêng.",80
efdfd972-b8eb-5ce6-8715-5dc2f591bdf2,,,"Thịt heo băm, cay (Ground Pork, Spicy)",INGREDIENT,250.0,20.0,20.0,0.0,0.0,0.0,90.0,de172d43-2578-4f27-a571-6d871460d273,,,"Thịt lợn xay cay là sản phẩm thịt sống được tẩm gia vị sẵn kết hợp thịt lợn nạc và mỡ cùng các loại gia vị như ớt, ớt bột, ớt bột để tạo độ nóng tức thì. Nó vẫn giữ được hàm lượng protein cao và chất béo bão hòa như thịt lợn xay thông thường nhưng bổ sung thêm hương vị phức hợp đậm đà, loại bỏ nhu cầu thêm gia vị trong các món ăn như tacos, xúc xích hoặc món xào. Cường độ pha trộn gia vị và nồng độ natri khác nhau tùy theo nhãn hiệu, nên việc kiểm tra nhãn là điều nên làm để theo dõi chế độ ăn uống.",80
4f7eb153-431e-59a2-b08f-a304b50bfe2f,,,"Ức bò cắt lát, tươi sống (Flat Cut Beef Brisket, Raw)",INGREDIENT,165.0,20.3,9.29,0.0,0.0,0.0,80.0,de172d43-2578-4f27-a571-6d871460d273,,,"Thịt ức bò cắt phẳng là một miếng cắt nguyên thủy từ phần ức dưới của gia súc, được nhận biết bởi hình dạng hình chữ nhật và hình dáng thon gọn hơn so với phần cắt điểm nhiều vân cẩm thạch hơn. Các sợi collagen dày đặc và hàm lượng chất béo tối thiểu đòi hỏi các phương pháp nấu chậm như om hoặc hun khói để biến các mô liên kết cứng thành gelatin mềm. Là món ăn chủ yếu trong món thịt nướng và truyền thống ẩm thực của người Do Thái, phần thịt này cung cấp lượng protein đáng kể trong khi vẫn giữ đủ chất béo trong cơ để tạo ra hương vị thơm ngon, đậm đà trong quá trình nấu nướng kéo dài.",80
23d2a244-a423-5ca7-9531-22561ce84318,,,"Gà tây nguyên con cắt khúc, tươi sống (Cut-Up Whole Turkey, Raw)",INGREDIENT,144.0,21.6,5.64,0.14,0.0,0.07,112.0,de172d43-2578-4f27-a571-6d871460d273,,,"Gà tây nguyên con cắt miếng là loại gà tây sống, chưa nấu chín được tách thành các phần như ức, đùi, cánh và đùi, giữ lại cả thịt nạc trắng và thịt sẫm màu có hàm lượng chất béo cao hơn. Dạng được xử lý tối thiểu này cung cấp nguồn protein chất lượng cao mà không cần thêm gia vị hoặc chất bảo quản, cho phép kiểm soát chính xác việc theo dõi chất dinh dưỡng đa lượng. Các miếng thịt này cần được nấu chín kỹ và rất linh hoạt để quay, nướng hoặc om, thịt trắng có hàm lượng chất béo thấp hơn so với thịt sẫm màu.",80
97ac46ae-2273-5563-83c5-2af29d9d618a,,,"Mông heo, tươi sống (Pork Butt, Raw)",INGREDIENT,216.0,17.4,15.7,0.0,0.0,0.0,60.0,de172d43-2578-4f27-a571-6d871460d273,,,"Mông lợn là một miếng thịt béo ngậy, thơm ngon được cắt từ vai trên của lợn chứ không phải chân sau, được biết đến với nhiều vân mỡ và mô liên kết. Phần thịt sống này thường được bán nguyên xương và yêu cầu các phương pháp nấu chậm như om hoặc hun khói để phân hủy collagen thành gelatin, tạo ra thịt lợn kéo mềm. Mặc dù có hàm lượng protein và vitamin B cao nhưng hàm lượng chất béo bão hòa của nó đảm bảo việc chia khẩu phần hợp lý trong chế độ ăn uống cân bằng.",80
e27eda4f-7984-5c58-a933-07f75b207dd3,,,Đùi gà tây quay không da (Roasted Skinless Turkey Leg),DISH,189.0,29.27,7.15,0.0,0.0,0.0,76.0,de172d43-2578-4f27-a571-6d871460d273,,,"Chân gà tây không da nướng là nguồn protein nạc đặc trưng bởi thịt mềm, ẩm và hương vị thơm ngon được tạo ra thông qua nấu bằng nhiệt khô. Loại bỏ da làm giảm đáng kể hàm lượng chất béo bão hòa so với da gia cầm hoặc thịt đỏ, đồng thời vẫn giữ được hàm lượng sắt và kẽm cao. Phương pháp chuẩn bị này cô đặc nước trái cây tự nhiên, làm cho nó trở thành một lựa chọn giàu chất dinh dưỡng cho các bữa ăn phục hồi cơ bắp hoặc kế hoạch ăn kiêng ít chất béo.",80
5972dc35-d135-57b6-ac44-dee2750c9c8f,,,"Sườn lưng, tươi sống (Back Ribs, Raw)",INGREDIENT,244.0,19.1,18.0,0.0,0.0,0.0,100.0,de172d43-2578-4f27-a571-6d871460d273,,,"Sườn sau là phần thịt nguyên thủy được lấy từ phần sườn trên của thịt lợn hoặc thịt bò, được đặc trưng bởi hàm lượng thịt đáng kể giữa các xương cong và các vân cẩm thạch có thể nhìn thấy được. Cách cắt này đòi hỏi các phương pháp nấu chậm như om hoặc hun khói để phá vỡ các mô liên kết dày đặc, tạo ra thịt mềm và thơm. Mặc dù giàu protein nhưng sườn lưng lại chứa chất béo bão hòa đáng kể so với những miếng thịt nạc hơn, điều này khiến việc nhận biết khẩu phần trở nên quan trọng đối với việc theo dõi dinh dưỡng.",75
edbb8327-662e-5310-aee2-9ed94a29a738,,,Xúc xích Bologna gà tây (Turkey Bologna),DISH,209.0,11.4,16.0,4.68,0.5,2.9,1070.0,de172d43-2578-4f27-a571-6d871460d273,,,"Bologna Thổ Nhĩ Kỳ là một loại thịt nguội đã qua chế biến được làm từ gà tây nghiền mịn, tẩm gia vị và nấu thành một ổ bánh mì mịn, có thể cắt lát như một món thay thế nạc hơn cho bologna làm từ thịt lợn truyền thống. Mặc dù có hàm lượng chất béo bão hòa và calo thấp hơn so với thịt lợn, nhưng nó vẫn giữ được hương vị nhẹ, khói và kết cấu mềm tương tự nhưng thường chứa hàm lượng natri tương đương do quá trình xử lý. Thường được sử dụng trong bánh mì sandwich hoặc đĩa ăn nhẹ, nó cung cấp protein tiện lợi đồng thời cần chú ý đến hàm lượng chất bảo quản trong chế độ ăn kiêng natri.",80
9ca8754a-7ff9-50e9-a96e-b6db2274979e,,,Thịt viên chay đậu nành (Meatless Soy Meatballs),DISH,197.0,21.0,9.0,8.0,4.6,1.25,550.0,de172d43-2578-4f27-a571-6d871460d273,,,"Thịt viên đậu nành không thịt là sản phẩm thay thế protein có nguồn gốc thực vật được làm chủ yếu từ protein đậu nành có kết cấu, gluten lúa mì và gia vị để tái tạo kết cấu và hương vị thơm ngon của thịt viên truyền thống. Những quả cầu nấu chín, sẵn sàng làm nóng này cung cấp nguồn protein không chứa cholesterol với ít chất béo bão hòa hơn so với các loại thịt của chúng, đồng thời duy trì miếng cắn chắc nhưng mềm. Chúng thường được sử dụng trong các món mì ống, bánh mì sandwich hoặc món khai vị, mang đến một lựa chọn linh hoạt cho chế độ ăn thuần chay, ăn chay và ăn kiêng linh hoạt.",80
20ca838b-d030-5aa9-b282-f60d78d40381,,,"Ức bò nguyên miếng, tươi sống (Beef Brisket, Whole, Raw)",INGREDIENT,252.0,18.41,19.08,0.28,0.0,0.0,69.0,de172d43-2578-4f27-a571-6d871460d273,,,"Thịt ức bò là phần nguyên thủy được cắt từ phần ức dưới của gia súc, có đặc điểm là mô liên kết dày đặc và có nhiều vân mỡ nên cần phải nấu chậm để làm mềm. Phần thịt dai, có hương vị này rất giàu protein và chất béo bão hòa, với lớp mỡ đặc biệt tiết ra trong quá trình nấu để tăng cường độ ẩm và hương vị. Thường được hun khói hoặc om, nó trở nên mềm khi collagen phân hủy thành gelatin, khiến nó trở thành món ăn trung tâm trong các món nướng truyền thống và món hầm thịnh soạn.",80
5d72898f-ce95-5832-b53e-d1b460b0247a,,,Đậu xanh rang (Roasted Green Peas),DISH,500.0,17.0,25.0,58.0,14.3,6.0,714.0,de172d43-2578-4f27-a571-6d871460d273,,,"Đậu xanh rang là đậu Hà Lan trưởng thành được rang khô để tạo ra một món ăn nhẹ giòn, thơm ngon với giá trị dinh dưỡng đậm đặc. Quá trình rang giúp tăng cường hương vị hấp dẫn tự nhiên của chúng trong khi vẫn giữ được hàm lượng protein và chất xơ cao từ thực vật, cùng với lượng sắt và vitamin K đáng kể. Những loại đậu không chứa gluten này là một lựa chọn thay thế di động, đậm đặc chất dinh dưỡng cho các món ăn nhẹ truyền thống, thường chỉ cần gia vị nhẹ để làm nổi bật kết cấu giòn và hương vị đất của chúng.",75
5c616598-4c75-5e96-aa2a-0049f547e96d,,,Xúc xích Bologna bò (Beef Bologna),DISH,290.0,11.5,24.7,5.0,0.0,1.69,1161.0,de172d43-2578-4f27-a571-6d871460d273,,,"Thịt bò bologna là một loại xúc xích được nhũ hóa trước, được nấu chín trước, được công nhận vì có màu hồng đồng nhất và kết cấu mịn, có thể cắt lát được. Loại thịt nguội đã qua chế biến này có hương vị từ sự kết hợp giữa thịt bò xay mịn, gia vị và chất đóng rắn, dẫn đến hàm lượng natri và chất béo bão hòa cao hơn so với thịt nguyên miếng. Mặc dù lấy cảm hứng từ mortadella của Ý, bologna kiểu Mỹ được chế biến nhiều hơn và thường được phục vụ lạnh trong bánh mì sandwich hoặc áp chảo như một lựa chọn protein phù hợp với túi tiền.",80
dfcf34af-03c9-53ce-b821-904ce0ea226c,,,Thịt cừu xay nạc (Lean Ground Lamb),INGREDIENT,255.0,17.1,20.7,0.0,0.0,0.0,77.0,de172d43-2578-4f27-a571-6d871460d273,,,"Thịt cừu nạc xay là sản phẩm thịt đỏ chứa 10-15% chất béo, cung cấp một loại thay thế nhẹ hơn cho thịt cừu băm truyền thống trong khi vẫn giữ được hương vị đậm đà, hơi thịt thú rừng đặc trưng. Loại thịt giàu protein này cung cấp lượng sắt và kẽm đáng kể, đồng thời giảm hàm lượng chất béo bão hòa so với thịt cừu xay thông thường. Phổ biến trong các món ăn Địa Trung Hải và Trung Đông, nó thường được tạo hình thành thịt nướng kebab, thịt viên hoặc dùng trong các món thịt tẩm gia vị, đòi hỏi phải nấu cẩn thận để duy trì độ mềm đồng thời kiểm soát lượng mỡ còn sót lại.",80
9b5a23c0-bfc1-596f-84dc-c183c30bdb55,,,"Thịt bò quay mông, tươi sống (Rump Roast, Raw)",INGREDIENT,184.0,20.56,10.68,0.0,0.0,0.0,54.0,de172d43-2578-4f27-a571-6d871460d273,,,"Thịt mông nướng là loại thịt bò nạc, đa năng được cắt từ phần thân sau cơ bắp gần vòng dưới. Miếng thịt nguyên sơ này mang lại hương vị thịt bò đậm đà với ít vân mỡ, đòi hỏi các phương pháp nấu chậm và ẩm như om để làm mềm các sợi cơ dày đặc của nó. Khẩu phần 3 ounce cung cấp khoảng 22g protein và 2,5mg sắt, khiến nó trở thành một lựa chọn giàu chất dinh dưỡng cho chế độ ăn uống cân bằng ưu tiên lượng protein và khoáng chất chất lượng cao.",75
46ba20ed-b80a-5561-9b5e-a093708429db,,,Xúc xích Andouille (Andouille Sausage),DISH,285.0,13.0,25.0,2.0,0.0,1.8,950.0,de172d43-2578-4f27-a571-6d871460d273,,,"Xúc xích Andouille là một loại xúc xích thịt lợn hun khói có nguồn gốc từ ẩm thực Pháp nhưng gắn liền nhất với cách nấu ăn Cajun. Kết cấu thô của nó đến từ những miếng thịt lợn dai, dày dặn, trong khi hương vị đậm đà của nó có tỏi, tiêu và ớt bột được tăng cường bằng cách hun khói gỗ cứng. Mặc dù có hàm lượng protein cao nhưng nó lại chứa đáng kể chất béo và natri, giúp nhận thức về khẩu phần ăn rất quan trọng; nó thường được cắt lát và áp chảo trước khi tạo thêm độ sâu cho các món ăn như gumbo, jambalaya hoặc đậu đỏ và cơm.",80
924789e4-1a05-5db6-8636-ed6967fd1b89,,,"Thăn heo Berkshire, tươi sống (Berkshire Pork Tenderloin, Raw)",INGREDIENT,218.0,23.0,4.0,0.0,0.0,0.0,60.0,de172d43-2578-4f27-a571-6d871460d273,,,"Thăn lợn Berkshire là sản phẩm cắt miếng cao cấp từ những con lợn được lai tạo di sản, nổi tiếng với kết cấu mềm và vân vân vượt trội. Phần thịt nạc nhưng đầy hương vị này mang lại tỷ lệ mỡ trong cơ cao hơn so với thịt lợn thông thường, mang lại cảm giác ngon miệng hơn và hương vị đậm đà, ngọt ngào khi nấu chín. Là nguồn protein giàu chất dinh dưỡng, nó cung cấp các vitamin B và sắt thiết yếu, đồng thời được đánh giá cao trong các món ăn dành cho người sành ăn vì tính linh hoạt của nó trong các ứng dụng rang, nướng hoặc áp chảo.",80
76a23b30-8e9b-5f6c-b518-099d66879ca5,,,"Bánh thịt bò muối, nấu chín (Corned Beef Patty, Cooked)",DISH,251.0,18.17,19.0,0.47,0.0,0.47,973.0,de172d43-2578-4f27-a571-6d871460d273,,,"Miếng thịt bò bắp là một sản phẩm thịt bò xay được tẩm gia vị, được ướp theo truyền thống với muối và các loại gia vị như hạt tiêu và lá nguyệt quế trước khi được tạo hình và nấu chín. Quá trình nấu tạo ra kết cấu chắc, hơi vụn với hương vị mặn mặn đậm đặc, đồng thời phương pháp xử lý góp phần tạo nên hàm lượng natri cao đáng kể. Mặc dù giàu protein và sắt, nhưng cách chế biến món này mặn hơn đáng kể so với các miếng thịt bò thông thường, đòi hỏi phải tiêu thụ một cách thận trọng đối với chế độ ăn hạn chế natri.",80
1b28b3fc-ee10-5196-9f18-f6a724cd801e,,,Đùi gà tây quay với da (Roasted Turkey Leg with Skin),DISH,206.0,28.24,9.46,0.0,0.0,0.0,77.0,de172d43-2578-4f27-a571-6d871460d273,,,"Chân gà tây nướng còn da là loại thịt gia cầm giàu protein bao gồm thịt sẫm màu được biết đến với hương vị đậm đà và kết cấu ẩm khi nấu chín. Da đóng góp hàm lượng chất béo bão hòa đáng kể trong quá trình rang nhưng giúp tăng cường độ mọng nước và tạo nên lớp vỏ ngoài giòn. Mặc dù cung cấp hàm lượng sắt và kẽm cao hơn so với thịt trắng, nhưng việc cắt giảm này đòi hỏi phải chia khẩu phần một cách thận trọng cho những người theo dõi lượng chất béo.",80
cb35c52e-fb48-5198-aef5-bca06933e7dd,,,Đậu edamame rang (Roasted Edamame),DISH,425.0,40.0,17.0,35.0,16.0,2.0,250.0,de172d43-2578-4f27-a571-6d871460d273,,,"Đậu edamame rang là một món ăn nhẹ giàu protein được làm bằng cách rang khô đậu nành non cho đến khi giòn, chuyển đổi kết cấu của chúng từ mềm sang bùi và giòn. Phương pháp chế biến này bảo tồn hàm lượng chất xơ cao và protein từ thực vật của đậu đồng thời tạo ra một loại thay thế di động, ổn định khi bảo quản cho đậu edamame hấp truyền thống. Với hương vị thơm ngon thường được tăng cường nhờ gia vị nhẹ, nó được dùng như một món ăn nhẹ giàu chất dinh dưỡng tương đương với các loại hạt nhưng có hàm lượng protein cao hơn đáng kể trên mỗi khẩu phần.",75
82eb3397-13ee-5bb6-9963-0e949ccdd744,,,Bít tết Salisbury trong nước thịt (Salisbury Steak in Gravy),DISH,149.0,7.0,10.5,6.8,1.0,2.0,509.0,de172d43-2578-4f27-a571-6d871460d273,,,"Bít tết Salisbury là một món ăn của Mỹ bao gồm những miếng thịt bò xay tẩm gia vị phủ trong nước sốt màu nâu đậm đà, thường được làm bằng nấm hoặc hành tây. Trong khi cung cấp nguồn protein và sắt dồi dào từ thịt bò, nước xốt còn đóng góp hàm lượng natri và chất béo bão hòa đáng kể. Món ăn cổ điển tiện lợi này thường được phục vụ với khoai tây nghiền hoặc mì trứng, và các biến thể hiện đại có thể sử dụng gà tây xay hoặc các loại thịt thay thế từ thực vật để giảm hàm lượng chất béo.",75
e8015645-942f-550a-b47d-b447c1de78c6,,,"Sườn cừu, tươi sống (Sirloin Lamb Chops, Raw)",INGREDIENT,166.4,14.6,11.5,0.0,0.0,0.0,47.2,de172d43-2578-4f27-a571-6d871460d273,,,"Sườn cừu thăn là loại thịt cao cấp được cắt từ thịt thăn nguyên thủy, có đặc điểm là xương hình chữ T và thịt mềm, có vân cẩm thạch. Những miếng sườn này cung cấp nguồn protein dồi dào với hàm lượng sắt đáng chú ý, đồng thời chất béo trong cơ của chúng góp phần tạo nên hương vị phong phú khi nấu ở nhiệt độ cao như nướng hoặc áp chảo. Mặc dù nạc hơn sườn nhưng chúng vẫn giữ được đủ vân mỡ để cân bằng độ mềm với hương vị đặc trưng của thịt cừu.",80
62368b4d-dc69-55f9-bddd-1b1fe791733e,,,"Bít tết bánh mì kẹp bò, tươi sống (Beef Sandwich Steak, Raw)",INGREDIENT,309.0,16.5,27.0,0.0,0.0,0.0,68.0,de172d43-2578-4f27-a571-6d871460d273,,,"Bít tết bánh mì kẹp thịt bò là một miếng thịt bò cắt lát mỏng, thường là từ thịt thăn hoặc thịt nguyên miếng tròn, được thiết kế để nấu nhanh các món ăn như bít tết phô mai Philly hoặc món xào. Những phần thô, được cắt sẵn này cung cấp nguồn protein nạc giàu sắt và kẽm, mặc dù các biến thể của viên bi sẽ ảnh hưởng đến hàm lượng chất béo. Vết cắt mỏng đảm bảo chín nhanh trong khi vẫn giữ được độ mềm, lý tưởng cho các phương pháp nấu ăn ở nhiệt độ cao như nướng hoặc áp chảo.",75
1aa891f8-37f7-568c-8e2c-ab2786d99f62,,,"Thịt bò quay tái, thái lát (Rare Roast Beef, Sliced)",DISH,116.0,19.0,2.9,0.64,0.0,0.29,1050.0,de172d43-2578-4f27-a571-6d871460d273,,,"Thịt bò nướng tái là loại thịt được nấu chín được chế biến tối thiểu, có đặc điểm bên ngoài cháy xém và bên trong mềm, màu hồng, đạt được bằng cách rang ở nhiệt độ bên trong 120-125°F (49-52°C). Nguồn protein nạc này cung cấp sắt, kẽm và vitamin B chất lượng cao, thường sử dụng các miếng cắt như thịt thăn hoặc thịt thăn để giảm hàm lượng chất béo. Được cắt lát mỏng theo hạt, nó vẫn giữ được độ ngon lý tưởng cho bánh mì sandwich hoặc bánh charcuterie, mặc dù trạng thái nấu chưa chín có thể gây rủi ro cho những người nhạy cảm.",80
d5cbdd81-1396-58e8-94cc-42755fc13127,,,"Nước thịt gà tây, đóng hộp (Turkey Gravy, Canned)",DISH,51.0,2.6,2.1,5.1,0.4,0.21,577.0,de172d43-2578-4f27-a571-6d871460d273,,,"Nước xốt Thổ Nhĩ Kỳ, đóng hộp là một sản phẩm tiện lợi có thể bảo quản ổn định được làm từ nước dùng hoặc nước xốt gà tây đặc, thường được tăng cường thêm gia vị và chất ổn định. Được thiết kế để chuẩn bị bữa ăn nhanh chóng, máy chỉ cần đun nóng trước khi dùng và cung cấp hương vị thơm ngon đi kèm với thịt nướng, khoai tây nghiền hoặc món nhồi. Mặc dù mang lại tiện ích tiết kiệm thời gian, các loại nước xốt đóng hộp thường chứa lượng natri và chất bảo quản cao hơn đáng kể so với nước xốt tự làm.",80
7345dc04-9b74-5ae8-8971-72192ef05bc9,,,"Thịt cừu xay, tươi sống (Ground Lamb, Raw)",INGREDIENT,282.0,16.6,23.4,0.0,0.0,0.0,59.0,de172d43-2578-4f27-a571-6d871460d273,,,"Thịt cừu xay là sản phẩm thịt băm được làm từ cơ và mỡ thái nhỏ của cừu non. Đặc trưng bởi hương vị phong phú, hơi giống thịt thú rừng và hàm lượng chất béo cao hơn so với thịt bò xay, nó cung cấp một lượng đáng kể sắt, kẽm và protein chất lượng cao. Màu vân mỡ tự nhiên của thịt giữ ẩm cho món ăn trong khi nấu, khiến thịt đặc biệt thích hợp với các công thức nấu ăn lấy cảm hứng từ Địa Trung Hải như thịt nướng kebab, thịt viên tẩm gia vị và bánh nướng mặn. Thịt cừu xay sống thường chứa hàm lượng chất béo 20-25% tùy thuộc vào phần cắt được sử dụng để chế biến.",80
f7451df7-6ba4-524d-8707-005361c04792,,,"Thịt cừu xay siêu nạc, tươi sống (Extra Lean Ground Lamb, Raw)",INGREDIENT,133.0,20.4,5.3,0.0,0.0,0.0,44.0,de172d43-2578-4f27-a571-6d871460d273,,,"Thịt cừu xay siêu nạc là loại thịt đỏ được chế biến tối thiểu chứa ít hơn 10% chất béo, đạt được bằng cách sử dụng những miếng thịt được cắt tỉa từ những con cừu non. Tùy chọn giàu protein này mang lại hương vị đất đặc trưng của thịt cừu đồng thời cung cấp chất béo bão hòa ít hơn 30% so với thịt cừu xay thông thường, cùng với hàm lượng sắt và vitamin B12 đáng chú ý. Kết cấu chắc chắn của nó giữ được tốt trong các món nướng kebab, các món ăn lấy cảm hứng từ Địa Trung Hải và các chế phẩm thịt nạc đòi hỏi hương vị đậm đà mà không có quá nhiều dầu mỡ.",80
6661ad0d-6996-5afb-ac35-d72ba6a3a061,,,"Bít tết Porterhouse, tươi sống (Porterhouse Steak, Raw)",INGREDIENT,177.0,16.3,11.9,0.0,0.0,0.0,41.0,de172d43-2578-4f27-a571-6d871460d273,,,"Bít tết Porterhouse là loại thịt bò cao cấp được cắt từ thăn ngắn, được phân biệt bằng xương hình chữ T ngăn cách hai cơ quý: một bên thăn và bên kia là thăn sọc. Phần cắt này có nhiều vân cẩm thạch giúp tăng cường cả hương vị và độ mềm khi nướng hoặc nướng, đồng thời cung cấp đáng kể protein, sắt và vitamin B12. Phần thịt thăn lớn hơn so với các món bít tết có xương chữ T tương tự khiến món ăn này trở nên lý tưởng cho những ai đang tìm kiếm sự cân bằng giữa thịt nạc và kết cấu đậm đà trong một khẩu phần ăn.",75
36bb043e-7ec3-5884-a71c-d49f536b591b,,,"Ức vịt, tươi sống (Duck Breast, Raw)",INGREDIENT,123.0,19.8,4.25,0.0,0.0,0.0,57.0,de172d43-2578-4f27-a571-6d871460d273,,,"Ức vịt là loại thịt gia cầm cao cấp có đặc điểm là có nhiều vân cẩm thạch và lớp mỡ dưới da đáng kể bên dưới da. Loại thịt giàu protein này chứa gần gấp đôi chất béo của ức gà, chủ yếu là chất béo không bão hòa đơn, tạo độ giòn khi áp chảo. Thịt đỏ đậm cung cấp lượng sắt và vitamin B đáng kể, mang lại thành phần dinh dưỡng gần giống với thịt đỏ hơn các loại gia cầm khác trong khi vẫn duy trì lợi ích giàu protein của gia cầm.",80
e087641e-19ef-5df1-a0a8-e9abd1258b17,,,"Đậu xanh rang, muối (Roasted Chickpeas, Salted)",DISH,390.0,20.0,8.0,67.0,7.0,5.0,1000.0,de172d43-2578-4f27-a571-6d871460d273,,,"Đậu xanh rang muối là một món ăn nhẹ giàu protein được làm bằng cách nướng đậu xanh đã nấu chín trong lò cho đến khi giòn và nêm muối. Cách chế biến này biến đổi kết cấu của các loại đậu thành một loại thực phẩm giòn thay thế cho đồ ăn nhẹ đã qua chế biến, trong khi vẫn giữ được hàm lượng chất xơ và protein thực vật cao. Là một lựa chọn thuần chay, không chứa gluten, chúng cung cấp năng lượng bền vững với lượng chất béo tối thiểu so với đồ ăn nhẹ có muối truyền thống như khoai tây chiên hoặc các loại hạt.",75
450c3c14-6d96-5bc7-80af-a150601bdfae,,,Thịt viên bò trong sốt (Beef Meatballs in Sauce),DISH,160.0,13.0,9.0,8.0,1.5,3.0,250.0,de172d43-2578-4f27-a571-6d871460d273,,,"Thịt bò viên sốt nước sốt là một món ăn được chế biến sẵn gồm có thịt bò xay dày dạn được tạo hình thành hình cầu và ninh trong nước sốt cà chua hoặc nước dùng thơm ngon. Thịt viên thường chứa các loại thảo mộc, vụn bánh mì và chất thơm để tạo hương vị, trong khi nước sốt giúp tạo độ ẩm và gia vị bổ sung. Bữa ăn giàu protein này cung cấp đáng kể chất sắt và vitamin B nhưng có hàm lượng chất béo và natri khác nhau tùy thuộc vào phương pháp chuẩn bị. Thường được phục vụ với mì ống hoặc bánh mì giòn, nó có thể chứa gluten từ vụn bánh mì và thường được hưởng lợi từ việc nấu chậm để phát triển kết cấu mềm và hương vị nhiều lớp.",80
d81b0a66-bbd1-551e-894c-3d5db4bd5dfd,,,"Bột ngô với xúc xích, nấu chín (Grits with Sausage, Cooked)",DISH,345.0,9.3,9.0,57.8,1.5,0.8,155.0,de172d43-2578-4f27-a571-6d871460d273,,,"Grits with Sausage là một món ăn truyền thống của miền Nam Hoa Kỳ kết hợp ngô xay (bột xay) nấu chín chậm với xúc xích heo áp chảo. Bột kiều mạch cung cấp lớp nền giống như kem, giàu carbohydrate, trong khi xúc xích mang lại hương vị thơm ngon cũng như lượng protein và chất béo bão hòa đáng kể. Bữa ăn thịnh soạn này thường bao gồm thêm bơ hoặc pho mát để tăng thêm hương vị, khiến nó giàu năng lượng, mặc dù các biến thể có thể kết hợp rau hoặc tôm để cân bằng. Mặc dù không chứa gluten tự nhiên khi được làm bằng bột ngô nguyên chất, hàm lượng natri thay đổi đáng kể tùy thuộc vào gia vị xúc xích.",80
4d3e2817-aabd-510e-aa61-e1bfe16f249e,,,"Gói ăn nhẹ giăm bông, phô mai và bánh quy giòn (Ham, Cheese, and Crackers Snack Pack)",DISH,304.0,14.0,16.0,26.0,2.0,3.0,700.0,de172d43-2578-4f27-a571-6d871460d273,,,"Gói đồ ăn nhẹ được lắp ráp sẵn này kết hợp giăm bông nguội cắt lát, phô mai chế biến và bánh quy giòn ngũ cốc tinh chế để tạo thành nguồn protein, chất béo và carbohydrate di động. Mặc dù thuận tiện cho việc cung cấp dinh dưỡng khi di chuyển nhưng giăm bông và pho mát đã qua xử lý đóng góp đáng kể natri và chất béo bão hòa, đồng thời bánh quy giòn thường thiếu chất xơ nguyên hạt. Các thành phần được bảo quản cho phép bảo quản ổn định nhưng thường chứa các chất phụ gia như nitrat trong giăm bông và chất nhũ hóa trong phô mai.",80
310d2440-b570-5628-aae4-a387bd3c6c53,,,Bánh mì kẹp thịt viên (Meatball Sub),DISH,219.0,9.77,8.45,26.0,2.1,4.98,437.0,de172d43-2578-4f27-a571-6d871460d273,,,"Món thịt viên phụ là một loại bánh sandwich kiểu Ý-Mỹ có thịt bò hoặc thịt lợn viên tẩm gia vị ninh trong nước sốt marinara, được phục vụ trên một ổ bánh mì nướng và thường phủ phô mai tan chảy lên trên. Bữa ăn thịnh soạn này cung cấp lượng protein đáng kể từ thịt viên và carbohydrate từ bánh mì, đồng thời độ chua của nước sốt cà chua sẽ cân bằng độ đậm đà của thịt. Sự tương phản giữa lớp vỏ giòn bên ngoài của cuộn và thịt viên mềm tạo nên kết cấu đặc trưng của nó, mặc dù các biến thể có thể bao gồm các loại thịt, pho mát hoặc lựa chọn thay thế bánh mì ít carb khác nhau.",80
1b8c2638-408f-5d71-9245-b00ce9433d99,,,Bánh mì kẹp gà tây câu lạc bộ (Turkey Club Sandwich),DISH,220.0,12.0,10.0,20.0,2.5,3.5,750.0,de172d43-2578-4f27-a571-6d871460d273,,,"Turkey Club Sandwich là một loại bánh sandwich ba tầng cổ điển của Mỹ bao gồm các lớp gà tây nướng, thịt xông khói giòn, rau diếp, cà chua và sốt mayonnaise giữa ba lát bánh mì nướng. Bữa ăn giàu protein này lấy protein nạc từ ức gà tây nhưng chứa nhiều natri và chất béo bão hòa từ thịt xông khói và sốt mayonnaise. Theo truyền thống, nó được phục vụ theo từng phần bằng tăm, nó cân bằng kết cấu giòn, kem và tươi trong mỗi miếng ăn.",80
7cb2997c-0c43-5ffa-b75f-3cb6644832ce,,,Bụng heo quay (Roasted Pork Belly),DISH,518.0,9.3,53.0,0.0,0.0,0.0,35.0,de172d43-2578-4f27-a571-6d871460d273,,,"Bụng lợn quay là một miếng thịt có hương vị từ mặt dưới của lợn, đặc trưng bởi các lớp thịt béo và mềm xen kẽ nhau, trở nên giòn khi nấu chín. Quá trình rang tạo ra chất béo, tạo ra lớp vỏ vàng giòn bên ngoài trong khi vẫn giữ được lớp bên trong ngon ngọt, thường được tăng cường bằng các gia vị đơn giản như muối, tiêu hoặc ngũ vị hương. Mặc dù được đánh giá cao nhờ hàm lượng protein cao và vị umami thơm ngon, phần cắt này đặc biệt giàu calo do hàm lượng chất béo đáng kể, khiến nhận thức về khẩu phần trở thành chìa khóa để theo dõi dinh dưỡng.",80
67a01ef5-c9d7-5ffe-a1d3-e1e4237ee7b0,,,Bánh mì kẹp gà Buffalo (Buffalo Chicken Sandwich),DISH,200.0,10.0,8.0,19.0,2.0,4.0,450.0,de172d43-2578-4f27-a571-6d871460d273,,,"Bánh mì kẹp thịt gà Buffalo có gà rán hoặc nướng giòn phủ sốt Buffalo cay, sự pha trộn đặc trưng giữa sốt tiêu cay và bơ có nguồn gốc từ Buffalo, New York. Thường được phục vụ trên một chiếc bánh cuộn mềm với các món ăn kèm làm mát như sốt phô mai xanh hoặc nước sốt trang trại và những que cần tây giòn, món ăn giàu protein này cân bằng độ nóng với kết cấu dạng kem. Mặc dù thường chứa nhiều calo do chiên và nước sốt, nhưng các biến thể sử dụng gà nướng hoặc nước sốt nhẹ hơn sẽ giúp điều chỉnh nó phù hợp với các sở thích ăn kiêng khác nhau.",80
d7c6b723-0c97-529e-a1bc-16f15c364152,,,"Bít tết cá minh thái, tươi sống (Pollock Steaks, Raw)",INGREDIENT,85.0,18.3,0.9,0.0,0.0,0.0,86.0,de172d43-2578-4f27-a571-6d871460d273,,,"Bít tết cá minh thái là những phần được cắt chéo từ một loài cá nước lạnh, nạc được đánh giá cao nhờ hương vị nhẹ nhàng và tình trạng hải sản bền vững. Những miếng bít tết sống này cung cấp nguồn protein chất lượng cao với hàm lượng chất béo thấp, đồng thời cung cấp lượng selen và vitamin B12 đáng chú ý. Thịt chắc, hơi ngọt kết dính tốt với nhau trong quá trình nướng hoặc nướng, khiến nó trở thành một lựa chọn thay thế linh hoạt cho cá tuyết có hàm lượng thủy ngân thấp hơn.",75
1f2efae4-f6af-5ee1-9d4d-7095172e6fb4,,,Đậu lăng rang (Roasted Lentils),DISH,367.0,26.7,4.4,63.3,16.7,2.0,700.0,de172d43-2578-4f27-a571-6d871460d273,,,"Đậu lăng rang là loại đậu nấu chín được biến đổi bằng cách xử lý nhiệt khô thành một món ăn nhẹ giòn, mặn với hương vị đậm đặc của hạt. Phương pháp này bảo tồn hàm lượng chất xơ và protein có nguồn gốc thực vật cao tự nhiên trong khi tạo ra độ giòn vừa ý, khác biệt so với đậu lăng nấu chín mềm truyền thống. Thường được nêm thêm gia vị, chúng được sử dụng như một món ăn thay thế đậm đặc chất dinh dưỡng cho đồ ăn nhẹ đã qua chế biến và là lớp phủ giàu protein cho món salad hoặc các món ngũ cốc. Thành phần không chứa gluten và khả năng tương thích với người ăn chay khiến chúng có thể thích ứng với các nhu cầu ăn kiêng đa dạng.",75
d092a30b-119c-5568-b910-0c801579b70d,,,"Thịt bò quay vỏ thảo mộc, thái lát (Herb-Crusted Roast Beef, Sliced)",DISH,188.0,27.0,7.5,1.2,0.0,0.8,424.0,de172d43-2578-4f27-a571-6d871460d273,,,"Thịt bò nướng phủ thảo mộc là loại thịt nấu chín được chế biến sẵn có lớp bên ngoài thơm ngon là các loại thảo mộc khô như hương thảo, húng tây và tỏi, tạo thành lớp vỏ thơm ngon trong quá trình nướng. Nguồn protein nạc này cung cấp lượng sắt và B12 đáng kể, với những phần được cắt sẵn thường được sử dụng cho bánh mì sandwich hoặc làm món ăn chính giữa. Phương pháp nấu tạo ra sự tương phản về kết cấu giữa phần bên ngoài thơm, hơi giòn và phần bên trong mềm mại.",75
fe6f02d9-037f-52c3-af17-e94dbe9b58af,,,Vỏ bánh bánh quy graham (Graham Cracker Pie Crust),DISH,501.0,5.1,24.8,64.3,1.9,18.1,471.0,de172d43-2578-4f27-a571-6d871460d273,,,"Vỏ bánh cracker Graham là một loại đế tráng miệng nướng sẵn được làm từ bánh quy graham nghiền nát trộn với bơ và đường, tạo ra hương vị ngọt ngào, hấp dẫn và kết cấu giòn. Lớp vỏ không cuộn này là một giải pháp thay thế tiết kiệm thời gian cho bột bánh ngọt truyền thống, thường được sử dụng cho bánh pho mát, bánh chanh hoặc món tráng miệng ướp lạnh. Phiên bản có đường có chứa đường bổ sung, góp phần tăng mật độ calo so với các loại bánh quy giòn không đường.",80
87604abb-d2f6-5f8d-ad40-3ff5403fb3da,,,Nachos gà (Chicken Nachos),INGREDIENT,216.0,9.0,12.0,18.0,3.0,1.0,350.0,de172d43-2578-4f27-a571-6d871460d273,,,"Nachos gà là một món ăn Tex-Mex nhiều lớp có bánh tortilla phủ thịt gà xé nhỏ, phô mai tan chảy và các món trang trí truyền thống như salsa, đậu hoặc ớt jalapeños. Chế phẩm có thể tùy chỉnh này cân bằng protein từ thịt gà với carbohydrate từ khoai tây chiên, mặc dù mật độ calo và hàm lượng natri có thể thay đổi đáng kể dựa trên số lượng phô mai và lớp phủ thêm vào. Thường được phục vụ như một món khai vị hoặc bữa ăn bình thường có thể chia sẻ, các phiên bản sử dụng khoai tây chiên nướng và phô mai ít béo mang đến một lựa chọn thay thế nhẹ nhàng hơn trong khi vẫn duy trì sự kết hợp đặc trưng giữa kết cấu và hương vị của món ăn.",80
9641bfee-bd50-546f-b263-12ec829e7bd9,,,Enchiladas heo (Pork Enchiladas),DISH,144.0,9.0,7.6,10.0,2.5,1.5,350.0,de172d43-2578-4f27-a571-6d871460d273,,,"Enchiladas thịt lợn là một món ăn truyền thống của Mexico bao gồm thịt lợn nấu chín cắt nhỏ được bọc trong bánh ngô và phủ trong nước sốt ớt. Bánh ngô nhân thường được nướng với các lớp phủ bên trên như phô mai, hành tây và crema, tạo nên một bữa ăn thịnh soạn, giàu protein nhưng thường chứa nhiều natri và calo tùy theo cách chế biến. Món ăn này cân bằng giữa thịt lợn mềm, mặn với hương vị đất của bánh ngô và độ phức tạp của các loại nước sốt trong vùng, chẳng hạn như ớt đỏ (rojo) hoặc verde làm từ cà chua.",80
69568b87-6c99-50a7-b45a-0395a7a41d98,,,"Sườn cừu, tươi sống (Rib Lamb Chops, Raw)",INGREDIENT,237.0,21.3,16.9,0.0,0.0,0.0,69.0,de172d43-2578-4f27-a571-6d871460d273,,,"Sườn cừu non là loại thịt cao cấp được cắt từ phần sườn trên của cừu non, có đặc điểm là một xương sườn duy nhất và thịt mềm, có vân cẩm thạch. Phần thịt này cung cấp protein, sắt và vitamin B12 chất lượng cao, mặc dù hàm lượng chất béo của nó cao hơn những phần nạc như thăn. Tốt nhất nên chế biến bằng cách nướng hoặc áp chảo ở mức tái vừa, đá cẩm thạch đảm bảo độ ngon ngọt trong khi xương làm tăng hương vị, với từng miếng sườn thường nặng từ 2-4 ounce để theo dõi khẩu phần.",80
a2357855-264b-58ed-9c7e-507452dc69d1,,,Thịt nghêu (Clam Meat),INGREDIENT,74.0,12.8,1.0,2.6,0.0,0.2,56.0,de172d43-2578-4f27-a571-6d871460d273,,,"Thịt nghêu là loại động vật có vỏ nạc, có vị mặn, được thu hoạch từ cả loài nhuyễn thể vỏ cứng và mềm. Nguồn protein mềm nhưng hơi dai này đặc biệt giàu chất sắt để vận chuyển oxy và vitamin B12 cho chức năng thần kinh, trong khi vẫn ít chất béo. Thường được sử dụng trong các món súp, món mì ống hoặc các món hấp, thịt nghêu sống cần được nấu kỹ để đảm bảo an toàn thực phẩm và tối đa hóa hương vị đại dương của nó. Là một loài động vật có vỏ, nó tiềm ẩn những rủi ro về chất gây dị ứng thông thường nhưng mang lại lựa chọn hải sản bền vững khi có nguồn cung ứng có trách nhiệm.",80
e0dbb0c0-ed21-5648-97b4-acd638ea984c,,,Thịt cừu ống hầm (Lamb Shank Stew),DISH,252.0,30.0,14.6,0.03,0.0,0.0,72.0,de172d43-2578-4f27-a571-6d871460d273,,,"Thịt cừu hầm là một món ăn thịnh soạn gồm có thịt cừu cắt chéo được nấu chậm cho đến khi mềm trong nước dùng thơm ngon với các loại rau củ và hương liệu. Quá trình om kéo dài sẽ phá vỡ các mô liên kết giàu collagen và tủy xương thành gelatin, tạo ra kết cấu dày sang trọng đồng thời cung cấp protein, sắt và kẽm chất lượng cao. Mặc dù giàu chất dinh dưỡng nhưng hàm lượng chất béo bão hòa từ thịt cẩm thạch của món ăn đòi hỏi phải chia khẩu phần hợp lý, đặc biệt đối với chế độ ăn có lợi cho tim.",80
5935f971-d064-5e06-ad32-284395f40cc2,,,Xúc xích Pepperoni bò (Beef Pepperoni),INGREDIENT,500.0,19.0,45.0,1.0,0.0,1.0,1580.0,de172d43-2578-4f27-a571-6d871460d273,,,"Bò pepperoni là một loại xúc xích được bảo quản ổn định trong thời gian bảo quản được làm từ thịt bò đã được tẩm gia vị, lên men và phơi khô trong không khí, nổi bật bởi hương vị khói đậm và màu đỏ đặc trưng của ớt bột và ớt. Món thịt nướng cắt lát mỏng này chứa hàm lượng protein và chất béo bão hòa cao, với hàm lượng natri đáng chú ý từ quá trình đóng rắn. Chủ yếu được sử dụng làm thành phần phủ trên bánh pizza hoặc ván charcuterie, nó mang lại kết cấu chắc hơn và vị cay hơn so với các loại pepperoni làm từ thịt lợn.",75
c57b0fc1-aeb2-5447-b482-36a1fe5880e0,,,Thịt bò muối băm (Corned Beef Hash),DISH,164.0,8.6,10.2,9.4,1.0,0.5,600.0,de172d43-2578-4f27-a571-6d871460d273,,,"Băm bò bắp là một món ăn ngon kết hợp thịt bò bắp xắt nhỏ, khoai tây thái hạt lựu và hành tây được chiên trên chảo cho đến khi giòn. Theo truyền thống được làm từ ức thịt bò muối còn sót lại, bữa ăn giàu protein này có hương vị mặn đặc trưng từ thịt ngâm nước muối và ướp muối. Mặc dù cung cấp lượng sắt và B12 đáng kể, nhưng hàm lượng natri cao và lượng thịt chế biến sẵn đảm bảo chế độ ăn uống cân bằng ở mức độ vừa phải. Món ăn này thường được phục vụ như một món ăn sáng hoặc món ăn thịnh soạn.",80
25b3a747-8bf2-5758-8b7e-b067221028f7,,,Tamales heo (Pork Tamales),DISH,174.0,7.35,9.04,15.8,2.4,0.46,473.0,de172d43-2578-4f27-a571-6d871460d273,,,"Tamales thịt lợn là một món ăn truyền thống của Mesoamerican gồm có thịt lợn xé nhỏ được bọc trong masa (bột ngô) và hấp trong vỏ ngô. Masa, thường được làm giàu với mỡ lợn hoặc dầu, mang lại kết cấu mềm, đậm đặc và nền carbohydrate, trong khi nhân thịt lợn mềm cung cấp protein nạc. Thường được nêm thêm ớt và gia vị, những bữa ăn cầm tay này có ý nghĩa văn hóa trong ẩm thực Mỹ Latinh và thường được phục vụ với salsa hoặc crema để tăng thêm hương vị phức tạp.",80
22ae35e2-52ea-5e36-ab1f-b4f641ab7826,,,Ức bò nguyên con hầm (Braised Whole Beef Brisket),DISH,331.0,25.8,24.5,0.0,0.0,0.0,64.0,de172d43-2578-4f27-a571-6d871460d273,,,"Thịt ức bò nguyên con om là miếng thịt được nấu chín từ từ từ phần ức bò, được biến đổi qua quá trình nấu ở nhiệt độ ẩm kéo dài thành một món ăn mềm, đầy hương vị. Quá trình này phá vỡ các mô liên kết cứng thành gelatin trong khi vẫn bảo quản các vân cẩm thạch giúp tăng cường độ ngon ngọt, tạo ra vị umami đậm đà thường được nhấn mạnh bởi gia vị hoặc nước om thơm. Mặc dù có hàm lượng chất béo bão hòa cao hơn so với những miếng thịt nạc, nhưng nó cung cấp lượng protein đáng kể và trở nên dễ tiêu hóa hơn thông qua chuyển đổi collagen. Cách chế biến này là trọng tâm của món thịt nướng và truyền thống ẩm thực của người Do Thái, thường được cắt theo thớ để tối đa hóa độ mềm.",80
bca15b09-5ffa-5d85-9d53-0b420a4f84b5,,,"Bụng heo kiểu Hàn Quốc, tươi sống (Korean-Style Pork Belly, Raw)",INGREDIENT,518.0,9.34,53.0,0.0,0.0,0.0,32.0,de172d43-2578-4f27-a571-6d871460d273,,,"Bụng thịt lợn kiểu Hàn Quốc là phần mỡ được cắt từ mặt dưới của thịt lợn, được chế biến cho các món ăn truyền thống như samgyeopsal (bụng lợn nướng). Thịt sống thường được cắt thành các dải dày, đồng đều được tối ưu hóa để nướng, có vân vân rõ rệt mang lại hương vị đậm đà khi nấu chín. Mặc dù chứa nhiều chất béo bão hòa nhưng nó cung cấp lượng protein đáng kể và dùng làm nguyên liệu linh hoạt cho các món xốt kết hợp gochujang, nước tương hoặc vừng.",80
0a8a4129-e7fc-5b52-8d8c-ff80902c6c6a,,,"Giăm bông ít natri, lát nấu chín (Low-Sodium Ham, Cooked Slices)",DISH,172.0,22.3,8.3,0.3,0.0,0.0,969.0,de172d43-2578-4f27-a571-6d871460d273,,,"Thịt giăm bông ít natri là sản phẩm thịt lợn chế biến được chế biến đặc biệt với lượng muối ít hơn 25-50% so với giăm bông truyền thống, đạt được thông qua quy trình xử lý cải tiến hoặc chất thay thế muối. Những lát nấu sẵn này vẫn giữ được hương vị thơm ngon đặc trưng và hàm lượng protein nạc của giăm bông đồng thời phục vụ cho chế độ ăn có lợi cho tim hoặc chế độ ăn hạn chế natri. Mặc dù có hàm lượng natri thấp hơn nhưng chúng vẫn là thịt đã qua chế biến và vẫn có thể chứa chất bảo quản như nitrat để kéo dài thời hạn sử dụng.",80
9f041936-8a53-5613-b699-fe9ce430a95e,,,Nachos bò (Beef Nachos),INGREDIENT,219.0,6.21,12.5,21.4,3.7,1.63,348.0,de172d43-2578-4f27-a571-6d871460d273,,,"Nachos thịt bò là món khai vị Tex-Mex gồm có bánh tortilla nhiều lớp phủ thịt bò xay dày dặn, pho mát tan chảy và thường là đậu, salsa hoặc guacamole. Món ăn giàu protein này lấy phần lớn lượng calo từ thịt bò và phô mai, nhưng hàm lượng natri và chất béo bão hòa có thể thay đổi đáng kể tùy thuộc vào phương pháp chế biến và lớp phủ bên trên. Mặc dù thường được phục vụ như một món ăn nhẹ có thể chia sẻ, nhưng nên kiểm soát khẩu phần để theo dõi dinh dưỡng do mật độ calo cao và việc sử dụng phổ biến các nguyên liệu đã qua chế biến như sốt phô mai nacho.",80
be12dd82-5781-54ed-80d4-ed5db2ba6e0d,,,"Cánh gà tây, tươi sống (Turkey Wings, Raw)",INGREDIENT,189.0,20.0,11.9,0.0,0.0,0.01,61.0,de172d43-2578-4f27-a571-6d871460d273,,,"Cánh gà tây là loại thịt gia cầm có màu sẫm được cắt bao gồm ba phần riêng biệt với tỷ lệ xương và mô liên kết cao hơn so với thịt ức. Mặc dù giàu protein tự nhiên nhưng chúng lại chứa hàm lượng chất béo vừa phải tập trung ở da, có thể loại bỏ để chế biến món ăn có lượng calo thấp hơn. Mô liên kết giàu collagen được hưởng lợi từ các phương pháp nấu chậm như om hoặc hầm, khiến chúng trở nên lý tưởng cho các món kho đầy hương vị và các món ăn thịnh soạn.",80
ecb533f7-fcef-5de4-a4ee-efcbb5459b74,,,Ức bò cắt lát hầm (Braised Flat Cut Beef Brisket),DISH,213.0,32.9,8.01,0.0,0.0,0.0,54.0,de172d43-2578-4f27-a571-6d871460d273,,,"Thịt ức bò cắt dẹt om là miếng thịt được nấu chậm, thơm ngon từ phần ức bò, được đánh giá cao nhờ kết cấu mềm khi chế biến ở nhiệt độ ẩm. Kiểu cắt phẳng mỏng hơn so với kiểu cắt điểm đòi hỏi phải om trong thời gian dài để phân hủy collagen của nó thành gelatin, tạo ra thịt mọng nước với hương thơm đậm đặc. Phương pháp chế biến này cân bằng hàm lượng chất béo vừa phải với hàm lượng protein cao, khiến nó trở thành món ăn chính trong các món ăn như thịt nướng kiểu Do Thái hoặc thịt nướng Texas.",80
b77e5d8c-4d8b-5250-8566-abd6c0cbda8f,,,Bánh thịt (Meat Pie),DISH,221.32,8.75,11.25,20.25,2.2,0.65,489.0,de172d43-2578-4f27-a571-6d871460d273,,,"Bánh nhân thịt là một món mặn nướng bao gồm một lớp vỏ bánh xốp chứa đầy thịt xay hoặc thịt thái hạt lựu, thường là thịt bò, thịt cừu hoặc thịt gia cầm. Món ăn này cung cấp sự cân bằng giữa protein từ nhân thịt và carbohydrate từ vỏ bánh ngọt bơ, mặc dù mật độ calo có thể thay đổi đáng kể dựa trên độ dày vỏ bánh và hàm lượng chất béo. Được tìm thấy trong nhiều nền ẩm thực toàn cầu khác nhau, bánh nhân thịt thường là những bữa ăn di động có thể kết hợp các loại gia vị, rau hoặc các thành phần nước xốt của vùng trong nhân.",80
9db66766-92a9-5c9c-a267-2be2180eec8b,,,Tamale bò (Beef Tamale),DISH,172.0,8.0,6.7,20.0,4.0,1.0,300.0,de172d43-2578-4f27-a571-6d871460d273,,,"Tamale là một món ăn truyền thống của Mexico bao gồm thịt bò xay dày dặn bọc trong masa (bột ngô), tất cả được gói và hấp trong vỏ ngô. Lớp vỏ bên ngoài masa mang đến hương vị ngô mềm, hơi ngọt bổ sung cho phần nhân thịt bò thơm ngon, tẩm gia vị, trong khi quá trình nấu tạo ra kết cấu ẩm nhưng chắc độc đáo. Mặc dù được phục vụ trong giấy gói bằng vỏ trấu ngô, nhưng phần vỏ trấu sẽ được loại bỏ trước khi ăn, với món tamale thành phẩm mang đến sự kết hợp hài lòng giữa carbohydrate phức tạp và protein.",80
2ac3844f-22d4-5e91-869f-6cd7b640fed5,,,"Ức gà tây còn xương, tươi sống (Turkey Breast, Bone-In, Raw)",INGREDIENT,157.0,22.0,7.0,0.0,0.0,0.0,59.0,de172d43-2578-4f27-a571-6d871460d273,,,"Ức gà tây (có xương, sống) là phần thịt nạc của gia cầm bao gồm cơ ức và xương kèm theo, được đánh giá cao vì hàm lượng protein cao và ít chất béo. Xương giúp tăng cường khả năng giữ ẩm trong quá trình rang chậm hoặc hun khói, khiến nó trở thành lựa chọn ưu tiên để có kết quả mềm, mặc dù yêu cầu thời gian nấu lâu hơn so với thịt không xương. Món cắt sống này phải được nấu ở nhiệt độ bên trong là 165°F (74°C) để đảm bảo an toàn thực phẩm đồng thời vẫn giữ được hương vị nhẹ nhàng và tính linh hoạt trong các bữa ăn ngày lễ hoặc các món ăn tập trung vào protein.",80
4680c974-ddfa-5f29-8a5c-824a00187e39,,,Xúc xích Bratwurst (Bratwurst),DISH,217.65,17.65,12.94,1.18,0.0,0.0,254.12,de172d43-2578-4f27-a571-6d871460d273,,,"Bratwurst là một loại xúc xích thịt lợn truyền thống của Đức được đặc trưng bởi sự pha trộn thơm của các loại gia vị bao gồm hạt nhục đậu khấu, tỏi và hạt tiêu đen. Loại xúc xích đậm đà này thường được nướng cho đến khi mọng nước với bề ngoài cháy nhẹ, khiến nó trở thành món ăn giàu protein trong ẩm thực vườn bia Đức. Mặc dù có lượng carbohydrate thấp tự nhiên và giàu protein nhưng nó lại chứa một lượng đáng kể chất béo bão hòa và thường được dùng kèm với mù tạt và dưa cải bắp.",75
fa0cf2cd-f76f-5cc1-b615-e1a7b7d8c317,,,Thịt viên chay (Vegan Meatless Meatballs),DISH,197.0,21.0,9.0,8.0,4.6,1.25,550.0,de172d43-2578-4f27-a571-6d871460d273,,,"Thịt viên không thịt thuần chay là lựa chọn thay thế dựa trên thực vật cho thịt viên truyền thống, thường được làm từ các nguyên liệu giàu protein như đậu nành, đậu Hà Lan, đậu lăng hoặc nấm kết hợp với ngũ cốc hoặc tinh bột. Các lựa chọn không chứa cholesterol này tái tạo kết cấu đậm đà và hương vị thơm ngon của thịt thông qua các loại gia vị như tỏi và ớt bột xông khói, đồng thời cung cấp lượng protein tương đương với chất xơ bổ sung. Chúng thường được nướng, áp chảo hoặc ninh trong nước sốt, có công dụng linh hoạt trong các món mì ống, bánh mì sandwich hoặc món khai vị.",80
79ade0b2-904e-587f-a39b-d11b20cfb2a8,,,"Xúc xích vịt, tươi sống (Duck Sausages, Raw)",INGREDIENT,300.0,15.0,25.0,1.0,0.0,0.5,500.0,de172d43-2578-4f27-a571-6d871460d273,,,"Xúc xích vịt là một loại xúc xích làm từ thịt gia cầm được làm từ thịt vịt xay, thường được pha trộn với các loại thảo mộc và gia vị như húng tây, tỏi hoặc vỏ cam để tạo nên vị mặn ngọt đặc biệt. So với xúc xích thịt lợn truyền thống, chúng thường chứa ít chất béo bão hòa hơn trong khi cung cấp hàm lượng sắt và protein cao hơn trong mỗi khẩu phần. Những loại xúc xích sống này cần được nấu kỹ—thường là nướng, áp chảo hoặc rang—và được ưa chuộng trong ẩm thực dành cho người sành ăn vì hương vị đậm đà, hơi ngậy và phương pháp chế biến thủ công.",80
5d28cfa9-509a-5bb7-8f67-3660acf13790,,,"Bít tết cá bơn, tươi sống (Halibut Steak, Raw)",INGREDIENT,91.0,18.6,1.33,0.0,0.0,0.0,67.0,de172d43-2578-4f27-a571-6d871460d273,,,"Bít tết cá bơn là một miếng cá bơn sống được cắt lát dày, một loại cá dẹt nước lạnh nạc được đánh giá cao nhờ kết cấu chắc và hương vị nhẹ, hơi ngọt. Chế phẩm này bao gồm xương ở giữa và tạo ra protein chất lượng cao với hàm lượng selen và magie đáng chú ý, cung cấp một lựa chọn thay thế ít chất béo hơn cho bít tết cá hồi hoặc cá ngừ. Thịt dày đặc của nó có khả năng chịu đựng tốt khi nướng, nướng hoặc áp chảo trong khi vẫn duy trì độ ẩm trong khi nấu.",75
a645e251-369c-5aa7-ab81-b2460154a840,,,"Sườn ngắn, nấu chín (Short Ribs, Cooked)",DISH,249.0,20.3,18.6,0.0,0.0,0.0,56.0,de172d43-2578-4f27-a571-6d871460d273,,,"Sườn ngắn là một miếng thịt bò có hương vị được cắt từ sườn hoặc nguyên miếng, đặc trưng bởi các vân mỡ đậm đà và mô liên kết trở nên mềm khi nấu chậm. Khi om hoặc hầm, collagen sẽ phân hủy thành gelatin, tạo ra kết cấu mọng nước và hương vị thơm ngon đậm đà, lý tưởng cho các món ăn thịnh soạn. Loại thịt giàu protein này cung cấp một lượng đáng kể chất sắt và vitamin B nhưng lại chứa nhiều chất béo bão hòa do hàm lượng chất béo trong cơ.",75
4a2bff03-d7e3-5375-ac51-34b67ac884d7,,,"Bít tết cá hake, tươi sống (Hake Steaks, Raw)",INGREDIENT,90.0,18.31,1.31,0.0,0.0,0.0,72.0,de172d43-2578-4f27-a571-6d871460d273,,,"Bít tết cá tuyết là những phần không xương, có da được cắt từ cá thịt trắng nạc thuộc họ Gadidae, có họ hàng gần với cá tuyết và cá tuyết chấm đen. Loại cá biển này mang lại hương vị nhẹ, hơi ngọt với kết cấu mềm hơn so với các họ hàng cứng hơn của nó, cùng với protein chất lượng cao, hàm lượng chất béo bão hòa thấp và hàm lượng selen và vitamin B12 đáng chú ý. Việc chuẩn bị trên da giúp giữ độ ẩm trong khi nấu và cung cấp thêm axit béo omega-3, khiến những miếng bít tết này trở nên lý tưởng để áp chảo, nướng bánh hoặc nướng trong chế độ ăn kiêng ít calo.",75
47b6f2e0-54c6-5cb0-a6f7-9d592aade42d,,,Que ăn nhẹ thịt bò khô (Dried Beef Snack Sticks),INGREDIENT,550.0,21.5,49.6,5.4,0.0,5.4,1530.0,de172d43-2578-4f27-a571-6d871460d273,,,"Que ăn nhẹ thịt bò khô là sản phẩm thịt di động, có thời hạn sử dụng ổn định được làm từ thịt bò đã khử nước và đã qua xử lý trộn với gia vị. Những món ăn nhẹ hình trụ này chứa protein đậm đặc (thường 7-10g mỗi que) và độ ẩm tối thiểu, nhưng thường có hàm lượng natri cao từ quá trình bảo quản. Không giống như thịt bò khô dày hơn, chúng có kết cấu chắc hơn, đặc hơn ở dạng khẩu phần đơn tiện lợi, lý tưởng cho lối sống năng động, mặc dù bản chất chế biến của chúng có thể bao gồm các chất phụ gia như hương liệu khói hoặc chất bảo quản.",80
6de0dd1b-7947-5837-85f9-e03438074318,,,"Đùi gà tây không da, nấu chín (Skinless Turkey Drumstick, Cooked)",DISH,173.0,28.6,6.52,0.0,0.0,0.0,112.0,de172d43-2578-4f27-a571-6d871460d273,,,"Đùi gà tây không da là nguồn protein nạc bao gồm phần dưới của chân gà tây, được nấu chín không có lớp da bên ngoài để giảm hàm lượng chất béo. Phần cắt này cung cấp một lượng đáng kể sắt và kẽm trong khi vẫn duy trì hương vị thơm ngon, ẩm đặc trưng của thịt gia cầm sẫm màu. Thường được chế biến bằng cách quay, nướng hoặc om, nó cung cấp một lựa chọn thay thế ít chất béo hơn cho thịt gia cầm có da trong khi vẫn giữ được độ ẩm nhiều hơn thịt ức không da.",80
d520526c-0587-5963-aa56-1fa28ce85bda,,,Vai heo ướp (Marinated Pork Shoulder),INGREDIENT,232.0,15.5,18.0,2.0,0.0,2.0,150.0,de172d43-2578-4f27-a571-6d871460d273,,,"Thịt vai lợn ướp là miếng thịt có hương vị, béo ngậy từ phần chân trước phía trên của con lợn, thường được xử lý bằng nước xốt có tính axit hoặc enzyme để làm mềm các sợi cơ dày đặc của nó. Phần cắt phù hợp với ngân sách này trở nên ẩm đặc biệt khi nấu chậm, với hàm lượng collagen cao phân hủy thành gelatin để tạo ra món thịt lợn kéo hoặc thịt nướng mọng nước. Mặc dù giàu protein nhưng nó chứa nhiều chất béo hơn những miếng thịt nạc như thịt thăn, khiến nước xốt với giấm, cam quýt hoặc trái cây nhiệt đới đặc biệt hiệu quả trong việc tăng cường hương vị và cải thiện kết cấu.",80
a0cc7342-4e5c-5310-8c8a-68fcd7c96827,,,Bít tết treo (Hanger Steak),INGREDIENT,185.0,21.0,11.0,0.0,0.0,0.0,75.0,de172d43-2578-4f27-a571-6d871460d273,,,"Bít tết kiểu móc áo là một miếng thịt bò thớ thô, có hương vị được cắt từ cơ hoành tiếp giáp với phần đĩa của động vật. Được biết đến với hương vị đậm đà của thịt bò và kết cấu mềm vừa phải khi được chế biến đúng cách, món cắt này yêu cầu các phương pháp nấu nhanh ở nhiệt độ cao như nướng hoặc áp chảo để tránh bị dai. Mặc dù có hàm lượng chất béo cao hơn những miếng thịt nạc, nhưng nó cung cấp đáng kể lượng protein, sắt và vitamin B, và thường được gọi là 'bít tết của người bán thịt' do nó đã từng được các chuyên gia về thịt ưa chuộng.",75
f53084b9-a3a9-5fbd-8e10-a4fd592a3927,,,Xúc xích Chorizo bò (Beef Chorizo),INGREDIENT,414.0,10.0,40.0,4.0,3.0,1.0,800.0,de172d43-2578-4f27-a571-6d871460d273,,,"Chorizo ​​​​thịt bò là một loại xúc xích tươi kiểu Mexico được phân biệt bởi sự pha trộn gia vị đậm đà của ớt bột hun khói, bột ớt và tỏi, mang đến hương vị cay, khói. Không giống như chorizo ​​​​làm từ thịt lợn truyền thống, phiên bản này sử dụng thịt bò xay làm nguồn protein chính, mang đến lựa chọn nạc hơn trong khi vẫn duy trì màu đỏ đặc trưng của ớt bột. Thường được bán sống và cần nấu chín, nó thường được chế biến thành bánh taco, món ăn sáng hoặc món hầm, mặc dù hàm lượng natri cao và chất béo bão hòa đảm bảo mức tiêu thụ vừa phải.",80
a32bc1bd-01e3-5316-b1f2-65bea45b9650,,,Bánh thịt bò nấu chín trong nước thịt (Beef Patty Cooked in Gravy),DISH,164.0,9.4,10.94,4.7,1.0,2.0,600.0,de172d43-2578-4f27-a571-6d871460d273,,,"Một miếng thịt bò nấu trong nước sốt là một món ăn mặn có miếng thịt bò xay om trong nước sốt đặc, tạo nên miếng thịt mềm thấm đẫm hương vị đậm đà của thịt. Phương pháp chế biến này trái ngược với nấu bằng nhiệt khô bằng cách giữ lại độ ẩm và bổ sung đáng kể natri từ nước thịt, thường chứa nước dùng, chất làm đặc và gia vị. Mặc dù cung cấp nguồn protein chất lượng cao, nhưng nó thường chứa nhiều chất béo bão hòa và natri hơn so với miếng chả nướng, điều này khiến nhận thức về khẩu phần ăn trở thành chìa khóa để cân bằng dinh dưỡng. Món ăn này thường được phục vụ với các loại tinh bột như khoai tây nghiền hoặc cơm để bổ sung thêm hương vị thịnh soạn của nó.",80
3cbb2f9b-0066-55a6-b8a1-0c6fba964f19,,,Nước thịt bò (Beef Gravy),DISH,39.0,1.09,1.13,6.24,0.7,0.52,587.0,de172d43-2578-4f27-a571-6d871460d273,,,"Nước sốt thịt bò là một loại nước sốt mặn truyền thống được làm bằng cách làm đặc thịt và nước luộc thịt bò với bột mì hoặc bột ngô trong khi nấu. Loại gia vị giàu vị umami này giúp tăng cường chất lượng thịt nướng và tinh bột đồng thời cung cấp một lượng nhỏ protein có nguồn gốc từ collagen. Các giống thương mại thường chứa thêm natri và chất bảo quản, mặc dù các loại tự chế có hàm lượng natri thấp cho phép kiểm soát chất dinh dưỡng tốt hơn.",80
c124cd0f-36f6-5a9f-886a-887eb7c4265e,,,"Bít tết cá đuôi vàng, tươi sống (Yellowtail Steak, Raw)",INGREDIENT,146.0,23.1,5.24,0.0,0.0,0.0,39.0,de172d43-2578-4f27-a571-6d871460d273,,,"Bít tết đuôi vàng là một phần cắt ngang của loài cá nước mặn Seriola lalandi, có phần xương ở giữa đặc biệt và thịt béo ngậy. Phần cắt này chứa hàm lượng axit béo omega-3 cao hơn cá trắng nạc, cùng với 20g protein trên 100g khẩu phần, đồng thời hương vị đậm đà và kết cấu chắc nhưng vẫn béo ngậy khiến nó phù hợp cho cả chế biến thô như sashimi và phương pháp nấu ở nhiệt độ cao. Vẻ ngoài vân cẩm thạch giúp phân biệt nó với món bít tết cá dễ bong tróc, với hàm lượng chất béo góp phần cả mật độ dinh dưỡng và tính linh hoạt trong ẩm thực.",75
d0c63b40-d2a0-54eb-985b-27a4a1910ec6,,,"Đùi gà tây, tươi sống (Turkey Drumsticks, Raw)",INGREDIENT,144.0,19.2,7.0,0.0,0.0,0.0,73.0,de172d43-2578-4f27-a571-6d871460d273,,,"Đùi gà tây là loại thịt gia cầm nguyên thủy bao gồm phần dưới của chân gà tây, có đặc điểm là thịt sẫm màu với hàm lượng myoglobin cao hơn so với miếng thịt trắng. Phần cắt tiết kiệm này cung cấp lượng protein đáng kể đồng thời giàu sắt và kẽm, mặc dù da đóng góp đáng kể chất béo bão hòa có thể được loại bỏ trước khi nấu. Mô liên kết dày đặc đòi hỏi các phương pháp chuẩn bị chậm, nhiệt ẩm như om hoặc rang để đạt được kết quả mềm, khiến nó trở thành một lựa chọn đầy hương vị cho các nguồn protein chế biến sẵn trong bữa ăn.",80
8c470ef2-864c-5241-91e1-2cfe11da2b45,,,Ức bò nguyên con nướng (Grilled Whole Beef Brisket),DISH,350.0,20.0,30.0,0.0,0.0,0.0,80.0,de172d43-2578-4f27-a571-6d871460d273,,,"Thịt ức bò nguyên con nướng là món thịt nướng truyền thống được cắt từ phần ức dưới của con bò, cần nấu chậm trên nhiệt gián tiếp để phân hủy collagen của nó thành gelatin mềm. Bên ngoài phát triển lớp vỏ dày dặn đặc trưng (được gọi là 'vỏ cây') khi tiếp xúc lâu với khói và nhiệt khô, trong khi bên trong vẫn ẩm và có hương vị đậm đà. Loại thịt giàu protein này cung cấp lượng sắt và kẽm đáng kể, mặc dù lượng vân mỡ đáng kể của nó dẫn đến hàm lượng chất béo bão hòa cao hơn. Thịt ức được chế biến đúng cách sẽ đạt đến nhiệt độ bên trong từ 195-205°F, đạt được độ mềm khi tách rời đặc trưng được đánh giá cao trong các món nướng.",80
3b8e7645-658f-5dee-81b7-959234e051ed,,,"Xúc xích Chorizo gà tây, tươi sống (Turkey Chorizo, Raw)",INGREDIENT,186.0,15.7,11.4,4.3,2.9,1.4,771.0,de172d43-2578-4f27-a571-6d871460d273,,,"Chorizo ​​​​Thổ Nhĩ Kỳ là một lựa chọn thay thế nhẹ nhàng hơn cho chorizo ​​thịt lợn truyền thống, trộn gà tây xay với các loại gia vị đặc trưng như ớt bột hun khói, tỏi và ớt. Xúc xích sống này cần được nấu chín kỹ trước khi tiêu thụ, thường được áp chảo hoặc nướng cho đến khi chín vàng hoàn toàn. Trong khi vẫn duy trì hương vị đậm đà, khói của chorizo ​​cổ điển, nó giúp giảm đáng kể hàm lượng chất béo bão hòa và mật độ protein cao hơn trên mỗi khẩu phần. Nhiều loại thương mại được tẩm giấm để tạo độ thơm và có công thức không chứa gluten.",80
de7e1503-1b29-5d53-b378-62695a9f9edd,,,Bánh sừng bò giăm bông và phô mai (Ham and Cheese Croissant),DISH,292.0,11.7,15.0,28.3,2.0,3.0,480.0,de172d43-2578-4f27-a571-6d871460d273,,,"Bánh sừng bò giăm bông và phô mai là một loại bánh ngọt nhiều lớp kiểu Pháp có các lớp bột mịn, bơ bao quanh nhân thơm ngon gồm giăm bông đã qua xử lý và phô mai tan chảy, điển hình là Emmental hoặc Gruyère. Món bánh nướng hấp dẫn này có được kết cấu thoáng đặc trưng nhờ quá trình gấp và cán bột với bơ tốn nhiều công sức, trong khi phần nhân giàu protein bổ sung thêm đáng kể natri và chất béo bão hòa. Mặc dù phổ biến như một món ăn sáng hoặc đồ ăn nhẹ, nhưng mật độ calo cao và bột có chứa gluten khiến nó không phù hợp với nhiều chế độ ăn kiêng hạn chế.",80
95fbcb39-fc88-5787-8c2f-ef1ad3a0a9ae,,,"Gà xếp, nấu chín (Spatchcocked Chicken, Cooked)",DISH,185.0,22.0,9.5,0.5,0.0,0.0,75.0,de172d43-2578-4f27-a571-6d871460d273,,,"Gà Spatchcocked là gà nguyên con được chế biến bằng cách loại bỏ xương sống và làm phẳng nó trước khi nấu, giúp nướng nhanh hơn, đều hơn với lớp da giòn hơn. Phương pháp này cho phép gia cầm giữ được độ ẩm đồng thời loại bỏ mỡ thừa một cách hiệu quả, mang lại thịt mềm với tỷ lệ cân bằng giữa protein nạc và chất béo lành mạnh. Thường được nêm đơn giản với các loại thảo mộc hoặc gia vị, nó đóng vai trò như một món ăn trung tâm linh hoạt cho các bữa ăn và cung cấp nguồn protein chất lượng cao phù hợp với hầu hết các chế độ ăn kiêng.",80
68fa3892-231a-5d7b-b6aa-a4ab439d40e5,,,"Chân gà tây, tươi sống (Turkey Legs, Raw)",INGREDIENT,118.0,15.4,5.79,0.0,0.0,0.0,55.0,de172d43-2578-4f27-a571-6d871460d273,,,"Chân gà tây là loại thịt gia cầm có màu sẫm được cắt bao gồm dùi trống và đùi, được biết đến với hương vị đậm đà và kết cấu chắc hơn so với thịt trắng. Phần thịt giàu protein này chứa hàm lượng sắt cao hơn ức gà tây nhưng cũng nhiều chất béo hơn, đặc biệt khi còn nguyên da. Chân gà tây sống thường được nướng, hun khói hoặc om đòi hỏi phải nấu kỹ để đạt được kết quả mềm đồng thời cho phép người dùng kiểm soát hàm lượng chất béo bằng cách loại bỏ da trước khi chế biến.",80
c8a3aa8e-3ebd-53de-a824-a0bd5d9dd95e,,,"Đậu xanh rang thảo mộc (Roasted Chickpeas, Herbed)",DISH,390.0,20.0,12.5,60.0,12.5,4.0,1000.0,de172d43-2578-4f27-a571-6d871460d273,,,"Đậu xanh rang là một món ăn nhẹ giàu protein được làm bằng cách nướng đậu xanh đã nấu chín trong lò cho đến khi giòn và phủ chúng bằng các loại thảo mộc khô như hương thảo, húng tây hoặc bột tỏi. Cách chế biến này biến kết cấu mềm của các loại đậu thành một loại giòn vừa miệng đồng thời tập trung hương vị hấp dẫn của chúng, mang đến một lựa chọn thay thế đậm đặc chất xơ cho các món ăn nhẹ mặn đã qua chế biến. Là một lựa chọn dựa trên thực vật, chúng cung cấp khoảng 6g protein cho mỗi ¼ cốc khẩu phần và không chứa gluten tự nhiên và thuần chay khi được chế biến mà không có gia vị làm từ sữa.",75
e9ab34a7-380f-5c40-bd0f-307749a000dd,,,"Thịt viên chay, trong sốt (Vegetarian Meatballs, in Sauce)",DISH,200.0,13.0,10.0,12.0,2.5,5.0,500.0,de172d43-2578-4f27-a571-6d871460d273,,,"Thịt viên chay sốt nước sốt là sản phẩm thay thế protein có nguồn gốc thực vật thường được làm từ các loại đậu, ngũ cốc hoặc các sản phẩm thay thế thịt như protein thực vật có kết cấu. Những quả cầu ninh trong nước sốt này thường có hương vị thơm ngon từ các nguyên liệu như đậu lăng, nấm hoặc đậu xanh, mang lại kết cấu tương đương với thịt viên truyền thống với ít chất béo bão hòa hơn đáng kể. Nước sốt đi kèm—thường làm từ cà chua—tăng cường độ ẩm và hương vị đồng thời bổ sung thêm chất dinh dưỡng, mặc dù hàm lượng natri có thể thay đổi tùy theo phương pháp chế biến.",80
5389a9a2-0f85-565a-9946-9b89e9f706f1,,,"Vai heo còn xương, tươi sống (Bone-In Pork Shoulder, Raw)",INGREDIENT,186.0,17.42,12.36,0.0,0.0,0.0,61.0,de172d43-2578-4f27-a571-6d871460d273,,,"Thịt vai lợn rút xương là miếng thịt nguyên thủy có nguồn gốc từ phần trên của chân trước của lợn, có đặc điểm là có nhiều vân mỡ và mô liên kết chắc chắn sẽ bị phân hủy trong quá trình nấu chậm. Phần cắt tiết kiệm này có phần xương cánh tay cắt chéo giúp tăng hương vị trong quá trình om hoặc hun khói, đồng thời hàm lượng collagen cao chuyển thành gelatin cho thịt đặc biệt mềm. Mặc dù giàu protein nhưng nó có hàm lượng chất béo cao hơn so với những miếng thịt nạc hơn, điều này khiến việc cắt tỉa hoặc kiểm soát khẩu phần hợp lý trở nên quan trọng đối với chế độ ăn kiêng hạn chế calo.",80
06b3f158-548c-5435-aef4-84721b09bca6,,,Thịt nguội Pastrami gà tây (Turkey Pastrami),DISH,139.0,16.3,6.21,3.34,0.1,3.34,1120.0,de172d43-2578-4f27-a571-6d871460d273,,,"Pastrami Thổ Nhĩ Kỳ là một loại thịt nạc deli được làm bằng cách tẩm ướp và xông khói ức gà tây như một món thay thế ít chất béo hơn cho pastrami thịt bò truyền thống. Trong khi vẫn giữ được lớp vỏ cay đặc trưng và các loại gia vị thơm như rau mùi, phiên bản này giúp giảm hàm lượng chất béo bão hòa trong khi vẫn có hàm lượng protein cao. Thường được cắt mỏng để làm bánh mì sandwich, nó vẫn giữ được hương vị đậm đà, khói của món pastrami cổ điển nhưng có kết cấu nhẹ hơn và hàm lượng natri thấp hơn so với nhiều sản phẩm thịt bò ướp muối.",80
27270f15-08d7-591d-96a3-760578aa0a13,,,Thịt viên gà tây trong sốt (Turkey Meatballs in Sauce),DISH,108.0,9.5,5.0,7.2,2.2,4.0,181.0,de172d43-2578-4f27-a571-6d871460d273,,,"Thịt viên Thổ Nhĩ Kỳ sốt là một món ăn giàu protein nạc bao gồm gà tây xay dày dặn được tạo hình thành hình cầu và ninh trong nước sốt mặn, thường làm từ cà chua. So với thịt bò viên truyền thống, phiên bản này cung cấp ít chất béo bão hòa hơn trong khi vẫn giữ được protein chất lượng cao, với nước sốt tăng cường cả độ ẩm và độ phức tạp của hương vị. Thường được chế biến với các loại thảo mộc, vụn bánh mì và chất thơm, chúng thường được phục vụ với mì ống, bánh mì sandwich hoặc như một món khai vị độc lập trong ẩm thực Địa Trung Hải và Mỹ.",80
406de8d0-b469-5904-a16c-d4a999ccba7d,,,Thịt xông khói bò (Beef Bacon),INGREDIENT,450.0,31.3,34.4,1.5,0.0,1.5,2254.0,de172d43-2578-4f27-a571-6d871460d273,,,"Thịt bò xông khói là một loại thịt xông khói thay thế không có thịt lợn được làm từ những miếng thịt bò hun khói đã được xử lý, thường có nguồn gốc từ phần bụng hoặc phần đĩa. Trong khi bắt chước các phương pháp chế biến món thịt lợn xông khói truyền thống thông qua chiên hoặc nướng, nó mang lại kết cấu thịt đậm đà hơn và hương vị umami đậm đà hơn. Tùy chọn này cung cấp hàm lượng protein cao hơn trên mỗi khẩu phần so với thịt xông khói thông thường trong khi vẫn duy trì mức natri tương tự nhờ quá trình xử lý, khiến nó đặc biệt phù hợp với chế độ ăn kiêng halal, kosher hoặc tránh thịt lợn.",80
5d367e2b-63f8-56e1-8889-76c95e901cb2,,,"Vai cừu quay, tươi sống (Lamb Shoulder Roast, Raw)",INGREDIENT,229.21,18.5,17.4,0.0,0.0,0.0,66.0,de172d43-2578-4f27-a571-6d871460d273,,,"Thịt cừu nướng vai là một miếng thịt có hương vị thơm ngon, béo vừa phải từ phần trên của chân trước và vùng vai của con vật, được biết đến với các mô liên kết và vân mỡ đậm đà sẽ bị phân hủy trong quá trình nấu chậm. Phần thịt đa năng này cung cấp lượng protein và sắt đáng kể, mặc dù hàm lượng chất béo cao hơn so với những phần thịt nạc hơn như chân cừu góp phần tạo nên độ mềm và mật độ calo của nó. Thường được bán còn nguyên xương, món này sẽ ngon hơn khi được nướng chậm hoặc om, biến kết cấu dai ban đầu của nó thành loại thịt mềm dùng nĩa, lý tưởng cho các món ăn thịnh soạn.",80
a0d15ab0-85dd-5957-ab3f-96af18c584dd,,,Que ăn nhẹ gà (Chicken Snack Sticks),INGREDIENT,180.0,23.0,8.0,4.0,0.0,2.0,1100.0,de172d43-2578-4f27-a571-6d871460d273,,,"Que ăn nhẹ gà là nguồn protein di động, ổn định, được làm từ thịt gà nạc dày dặn được nghiền mịn, tạo hình, sau đó sấy khô và nấu chín để bảo quản độ tươi. Những que này mang lại kết cấu mềm hơn, ít xơ hơn so với khô bò truyền thống trong khi vẫn duy trì hàm lượng protein cao và độ ẩm thấp để ăn vặt thuận tiện. Mặc dù thường có hàm lượng chất béo thấp hơn so với các loại thịt thay thế thịt đỏ, nhưng chúng có thể chứa thêm natri hoặc chất bảo quản đặc trưng của đồ ăn nhẹ từ thịt chế biến sẵn.",80
54f1d985-5b14-5e44-8c8f-70b138a32386,,,Bít tết phô mai Philly (Philly Cheesesteak),DISH,300.0,11.67,13.33,16.67,1.0,1.67,500.0,de172d43-2578-4f27-a571-6d871460d273,,,"Philly Cheesesteak là một loại bánh sandwich nóng hổi gồm có bít tết sườn thái lát mỏng nướng với hành tây xào và phủ phô mai tan chảy, theo truyền thống được phục vụ trên bánh cuộn hoagie. Món ăn chủ yếu dành cho thực khách thịnh soạn này thường chứa lượng protein đáng kể từ thịt bò, đồng thời chứa lượng calo đáng kể do có nhiều thịt, pho mát và bánh mì. Cách chế biến cổ điển bao gồm phô mai provolone hoặc sốt phô mai, mặc dù các biến thể về lớp phủ bên trên và loại phô mai là phổ biến ở thực khách Mỹ.",75
5166663b-cb35-55e7-bd1e-02dfa7a812ca,,,Đùi gà tây hun khói không da (Smoked Skinless Turkey Drumstick),DISH,185.0,28.0,8.0,0.0,0.0,0.0,600.0,de172d43-2578-4f27-a571-6d871460d273,,,"Đùi gà tây không da hun khói là nguồn protein nạc được chế biến thông qua quy trình ngâm nước muối và hun khói bằng củi để mang lại hương vị đậm đà trong khi vẫn giữ được thịt mềm. Việc loại bỏ da làm giảm đáng kể hàm lượng chất béo bão hòa so với thịt gia cầm có da, khiến nó phù hợp với chế độ ăn ít chất béo, mặc dù quá trình hun khói làm tăng nồng độ natri. Thịt sẫm màu của nó cung cấp các khoáng chất thiết yếu như sắt và kẽm, mang đến một lựa chọn thơm ngon với mật độ protein cao hơn nhiều loại thịt hun khói.",80
d1365586-af1f-5924-8fc4-8f305b3207a3,,,"Vai cừu, không xương, tươi sống (Lamb Shoulder, Boneless, Raw)",INGREDIENT,252.0,16.9,20.4,0.2,0.0,0.0,58.0,de172d43-2578-4f27-a571-6d871460d273,,,"Vai cừu là một vết cắt nguyên thủy từ chân trước phía trên của con vật, được bán không xương để chuẩn bị hợp lý. Miếng thịt được lát cẩm thạch đẹp mắt này có hương vị đậm đà, thơm ngon và yêu cầu các phương pháp nấu chậm như om hoặc rang để phá vỡ các mô liên kết của nó. Mặc dù giàu protein, sắt và kẽm chất lượng cao, nhưng hàm lượng chất béo bão hòa cao hơn so với những miếng thịt nạc như thăn khiến nhận thức về khẩu phần trở nên quan trọng đối với những người tiêu dùng quan tâm đến dinh dưỡng.",80
75f085b3-2fc6-5633-8124-558b4bf02d48,,,"Sườn cừu, tươi sống (Lamb Leg Chops, Raw)",INGREDIENT,206.0,18.6,14.5,0.13,0.0,0.0,59.0,de172d43-2578-4f27-a571-6d871460d273,,,"Sườn cừu là những miếng cắt có xương từ chân sau của cừu non, mang lại sự cân bằng giữa thịt nạc và vân mỡ nhẹ, lý tưởng khi nấu ở nhiệt độ cao. Phần thịt nguyên sơ này cung cấp lượng protein đáng kể cùng với sắt, kẽm và vitamin B12, mặc dù nó chứa nhiều chất béo bão hòa hơn thịt gia cầm. Hương vị đậm đà và kết cấu chắc chắn của miếng sườn khiến chúng rất thích hợp để nướng hoặc nướng nhanh trong khi vẫn giữ được độ ẩm.",80
281e4d67-44af-5738-9c53-a2227498a91f,,,"Ức bò phần nhọn, tươi sống (Point Cut Beef Brisket, Raw)",INGREDIENT,267.0,17.6,21.0,0.59,0.0,0.0,72.0,de172d43-2578-4f27-a571-6d871460d273,,,"Thịt ức cắt theo điểm là loại thịt bò nguyên chất được cắt từ phần ngực dưới, được phân biệt bằng vân vân đậm và lớp mỡ dày sẽ lộ ra trong quá trình nấu chậm. Phần thịt này chứa hàm lượng collagen cao, sẽ phân hủy thành gelatin khi om hoặc hun khói, tạo nên độ mềm đặc trưng của nó. Kết cấu thô, nhiều hạt của nó đòi hỏi phải cắt thành từng hạt sau khi nấu và hàm lượng chất béo phong phú của nó góp phần tạo nên hương vị cũng như mức chất béo bão hòa cao hơn so với những miếng thịt nạc hơn.",80
e7db6313-573e-5e5e-8594-53de0b2c20e3,,,Thịt bò hun khói (Smoked Beef),DISH,133.0,21.3,4.6,1.7,0.0,0.0,1260.0,de172d43-2578-4f27-a571-6d871460d273,,,"Thịt bò hun khói là thịt đã được bảo quản và tạo hương vị thông qua việc tiếp xúc có kiểm soát với khói củi, thường là sau khi ướp muối và gia vị. Phương pháp chế biến truyền thống này tạo ra hương vị khói đặc biệt trong khi vẫn duy trì hàm lượng protein cao và thành phần dinh dưỡng phong phú của thịt, bao gồm các vitamin B và khoáng chất thiết yếu. Quá trình hun khói tạo ra hương vị đậm đặc hơn so với thịt bò nấu chín thông thường, và sản phẩm cuối cùng thường có màu đậm hơn với kết cấu chắc đặc trưng.",80
c20f6d63-db76-5f1b-9a58-44bd8cdc1f3f,,,Vai heo muối (Cured Pork Shoulder),INGREDIENT,170.0,24.9,7.04,0.0,0.0,0.0,1230.0,de172d43-2578-4f27-a571-6d871460d273,,,"Thịt vai lợn muối là sản phẩm thịt ướp muối được làm từ phần trên của chân trước của lợn, theo truyền thống được sử dụng trong các món đặc sản như coppa. Quá trình xử lý tập trung hương vị tự nhiên của thịt đồng thời tạo ra kết cấu đậm đặc, vân cẩm thạch từ sự kết hợp giữa cơ nạc và mỡ tích tụ ở vai. Với hàm lượng natri cao hơn đáng kể so với thịt lợn tươi, nó cung cấp lượng protein đáng kể nhưng cần phải cân nhắc khẩu phần ăn trong chế độ ăn hạn chế natri. Thường được cắt lát mỏng để làm món nướng hoặc cắt thành khối để tạo hương vị cho các món hầm và món đậu, nó mang lại độ đậm đà vị umami cho các ứng dụng ẩm thực khác nhau.",80
20d4842f-ae5b-5b68-bf59-396fe3b76f05,,,Thăn cừu quay (Lamb Loin Roast),DISH,300.0,23.0,22.4,0.0,0.0,0.0,64.0,de172d43-2578-4f27-a571-6d871460d273,,,"Thịt thăn cừu nướng là loại thịt được cắt cao cấp từ lưng động vật, được biết đến với kết cấu mềm và hương vị đậm đà, hơi giống thịt thú rừng khi nướng hoặc nướng. Loại thịt đỏ nạc vừa phải này cung cấp protein chất lượng cao cùng với lượng sắt và kẽm đáng kể, mặc dù nó chứa nhiều chất béo bão hòa hơn thịt thăn thịt gia cầm hoặc thịt lợn. Các vân mỡ đặc trưng của món nướng tan chảy trong quá trình nấu để tạo ra kết quả ngon ngọt, thường được phục vụ dưới dạng lát mỏng cùng với các món rau hoặc ngũ cốc thịnh soạn.",80
93aefc87-6658-5f75-85d8-650e7740a354,,,"Đậu xanh rang gia vị (Roasted Chickpeas, Spiced)",DISH,150.0,7.2,3.0,24.0,8.0,4.0,300.0,de172d43-2578-4f27-a571-6d871460d273,,,"Đậu xanh rang là loại đậu được nấu chín với gia vị và rang khô để tạo ra một món ăn nhẹ giòn, giàu protein. Chế phẩm này biến kết cấu mềm của chúng thành những miếng cắn giòn trong khi vẫn giữ được hàm lượng chất xơ và protein thực vật cao. Hỗn hợp gia vị — thường có thì là, ớt bột hoặc bột ớt — tăng thêm hương vị đậm đà mà không bổ sung thêm lượng calo đáng kể, mang đến một lựa chọn thay thế không chứa gluten, thân thiện với người ăn chay cho các món ăn nhẹ mặn truyền thống. Hồ sơ dinh dưỡng đa lượng cân bằng của họ hỗ trợ giải phóng năng lượng bền vững và cảm giác no giữa các bữa ăn.",75
89c0f3d8-7b8d-5841-af03-ffbfd43dca6d,,,"Xúc xích Chorizo heo, nấu chín (Pork Chorizo, Cooked)",DISH,320.0,19.5,23.9,6.35,0.0,0.69,851.5,de172d43-2578-4f27-a571-6d871460d273,,,"Chorizo ​​​​thịt lợn nấu chín là một loại xúc xích thịt lợn dày dặn, thường có đặc điểm là màu đỏ rực và hương vị cay, khói. Hương vị đặc biệt đến từ việc sử dụng ớt bột hun khói và các loại gia vị khác, điều này cũng góp phần tạo nên hương thơm đậm đà của nó. Mặc dù mang lại hương vị bổ sung cho nhiều món ăn, chorizo ​​thịt lợn nấu chín có hàm lượng chất béo và natri tương đối cao, vì vậy việc kiểm soát khẩu phần là rất quan trọng.",80
8072ad8d-b583-5f95-a223-809b38818afc,,,"Gà tây hoang dã, nấu chín (Wild Turkey, Cooked)",DISH,154.0,35.0,1.5,0.0,0.0,0.0,90.0,de172d43-2578-4f27-a571-6d871460d273,,,"Gà tây hoang dã nấu chín là nguồn protein nạc có nguồn gốc từ một loài chim săn được biết đến với hương vị đặc trưng, ​​hơi đậm đà hơn so với gà tây nuôi. Các phương pháp nấu ăn như rang hoặc nướng làm tăng hương vị tự nhiên của món ăn đồng thời giảm thiểu chất béo bổ sung. Loại thịt nạc này cung cấp hàm lượng protein và chất dinh dưỡng thiết yếu cao, khiến nó trở thành lựa chọn bổ dưỡng cho những người đang tìm kiếm một loại thịt thay thế ít chất béo hơn cho các loại thịt khác.",80
a192083b-5f56-5165-b883-79b4d87ae1d4,,,Xúc xích ăn sáng thuần chay (Vegan Breakfast Sausages),DISH,210.0,17.0,13.0,8.0,2.0,2.0,480.0,de172d43-2578-4f27-a571-6d871460d273,,,"Xúc xích ăn sáng thuần chay là lựa chọn thay thế xúc xích thịt truyền thống có nguồn gốc thực vật, thường được làm từ sự kết hợp của protein đậu, gluten lúa mì hoặc protein đậu nành. Những lựa chọn thay thế không có thịt này được thiết kế để bắt chước hương vị thơm ngon và kết cấu chắc chắn của xúc xích ăn sáng thông thường đồng thời cung cấp hàm lượng protein đáng kể. Hầu hết các loại đều được tẩm gia vị sẵn cho xúc xích ăn sáng truyền thống và có thể được chế biến bằng cách chiên hoặc đun nóng cho đến khi ấm hoàn toàn, mang đến một lựa chọn thuận tiện cho protein ăn sáng từ thực vật.",80
f5cd8096-6f8f-5a42-8546-0e34c0345966,,,"Thịt cừu quay không xương, tươi sống (Boneless Lamb Roast, Raw)",INGREDIENT,204.0,19.0,14.0,0.0,0.0,0.0,57.0,de172d43-2578-4f27-a571-6d871460d273,,,"Thịt cừu nướng không xương là loại thịt nguyên chất được cắt từ những con cừu non, thường có nguồn gốc từ chân, vai hoặc thăn. Loại thịt đỏ nạc này chứa protein, sắt, kẽm và vitamin B12 chất lượng cao, cùng với chất béo cẩm thạch góp phần tạo nên hương vị phong phú và độ mềm khi nướng hoặc nấu chậm. Mặc dù không chứa gluten tự nhiên nhưng hàm lượng chất béo bão hòa và cholesterol của nó đảm bảo mức độ vừa phải trong chế độ ăn có lợi cho tim, mặc dù chất béo nhìn thấy được có thể được cắt bớt trước khi chuẩn bị.",80
fae94ab5-d3d1-5ce2-bcdc-be4853795d31,,,Nước dùng xương gà (Chicken Bone Broth),DISH,20.0,3.7,0.3,0.5,0.0,0.0,50.0,de172d43-2578-4f27-a571-6d871460d273,,,"Nước luộc xương gà là một chất lỏng thơm ngon được làm bằng cách ninh xương gà và các mô liên kết trong thời gian dài, thường kéo dài vài giờ. Quá trình đun sôi chậm này sẽ chiết xuất collagen, gelatin và khoáng chất từ ​​xương, tạo ra nước dùng giàu chất dinh dưỡng như axit amin và chất điện giải. Thời gian nấu kéo dài cũng mang lại hương vị đậm đà hơn, đậm đà hơn so với nước luộc gà tiêu chuẩn, đồng thời collagen góp phần mang lại cảm giác mềm mượt trong miệng.",80
37c7a9dd-4515-5c98-bf00-7b7f1a86f2c7,,,"Thịt dê xay, tươi sống (Ground Goat Meat, Raw)",INGREDIENT,143.0,27.0,3.0,0.0,0.0,0.0,55.0,de172d43-2578-4f27-a571-6d871460d273,,,"Thịt dê xay là một lựa chọn thịt nạc đỏ được làm từ cơ dê băm nhỏ, cung cấp hàm lượng chất béo thấp hơn thịt bò hoặc thịt cừu xay đồng thời cung cấp hàm lượng protein và sắt tương đương. Hương vị nhẹ nhàng và kết cấu mịn của nó làm cho nó trở thành món ăn chủ yếu trong các món ăn Địa Trung Hải, Caribe và Trung Đông, nơi nó thường được sử dụng trong thịt nướng, cà ri và chả thịt tẩm gia vị. Giống như tất cả các loại thịt sống, nó cần được nấu kỹ ở nhiệt độ 160°F (71°C) để đảm bảo an toàn thực phẩm và phát triển hương vị đậm đà hơn khi được nêm với các loại thảo mộc và gia vị đậm đà.",80
0fafdc21-05c8-548e-a75d-fa3d9764f0fe,,,Que ăn nhẹ gà tây khô (Dried Turkey Snack Stick),INGREDIENT,220.0,32.0,7.0,4.0,0.0,2.0,900.0,de172d43-2578-4f27-a571-6d871460d273,,,"Snack gà tây khô là một sản phẩm thịt nạc, giàu protein được làm từ gà tây dày dặn, trải qua quá trình xử lý và khử nước để bảo quản. Những que di động này cung cấp một lựa chọn thay thế ít chất béo hơn cho thịt bò khô truyền thống trong khi vẫn duy trì hương vị thơm ngon, khói và kết cấu chắc nhưng mềm. Mặc dù thuận tiện cho việc cung cấp dinh dưỡng khi di chuyển nhưng chúng thường chứa hàm lượng natri cao để tăng cường độ ổn định và hương vị khi bảo quản.",80
37c4e1bd-2516-5110-95c4-ffbe346435bb,,,"Thăn cừu, tươi sống (Lamb Loin, Raw)",INGREDIENT,288.0,15.8,20.4,10.7,0.0,0.0,61.0,de172d43-2578-4f27-a571-6d871460d273,,,"Thăn cừu là loại thịt cao cấp được cắt từ lưng con vật, được đánh giá cao vì độ mềm và hương vị nhẹ so với những miếng thịt ở vai hoặc chân cứng hơn. Cơ nạc này chứa các vân mỡ vừa phải có thể được cắt bớt, mang lại sự cân bằng giữa protein chất lượng cao và hàm lượng chất béo thấp hơn khi chế biến. Phù hợp nhất với các phương pháp nấu nhanh, sử dụng nhiệt độ cao như nướng hoặc quay, nó nấu nhanh hơn các miếng cắt dày hơn trong khi vẫn duy trì kết cấu ngon ngọt khi không nấu quá chín.",80
4f135c51-4b59-53db-8685-6be728b39a47,,,"Sườn cừu, tươi sống (Lamb Chops, Raw)",INGREDIENT,192.16,23.8,10.8,0.0,0.0,0.0,63.0,de172d43-2578-4f27-a571-6d871460d273,,,"Sườn cừu là những miếng thịt mềm, rút ​​xương từ xương sườn, thăn hoặc vai của những con cừu non, được đánh giá cao vì hương vị đậm đà và vân mỡ mịn. Loại thịt đỏ này cung cấp protein, sắt và vitamin B12 chất lượng cao, mặc dù nó chứa nhiều chất béo bão hòa hơn thịt gia cầm nạc. Sườn cừu nướng, áp chảo hoặc quay thường nấu nhanh do có độ dày vừa phải và thường được nêm gia vị đơn giản để làm nổi bật hương vị đậm đà tự nhiên, hơi ngậy của thịt.",80
74cb6887-9812-5aa4-8c89-f001a3b55397,,,Da heo chiên giòn cay (Spicy Pork Rinds),DISH,538.0,57.9,31.8,1.6,0.0,1.6,2667.0,de172d43-2578-4f27-a571-6d871460d273,,,"Tăm heo cay là một món ăn nhẹ giòn được làm từ da heo chiên giòn với ớt, tiêu hoặc các loại gia vị cay khác. Kết cấu thoáng mát, giòn của chúng là kết quả của quá trình nấu chín và chiên da, giúp loại bỏ chất béo và tạo ra một sản phẩm nhẹ nhưng giàu protein và không chứa carbohydrate. Phổ biến trong chế độ ăn kiêng low-carb và ketogen, chúng mang lại cảm giác ngon miệng khác biệt với đồ ăn nhẹ làm từ ngũ cốc, mặc dù hàm lượng natri và chất béo bão hòa cao nên bạn nên tiêu thụ một cách có tâm.",80
6ea0b458-41db-5551-9f03-16e925d5bd7c,,,Thịt viên chay đậu lăng (Lentil Meatless Meatballs),DISH,200.0,21.0,11.0,7.0,3.5,0.5,560.0,de172d43-2578-4f27-a571-6d871460d273,,,"Thịt viên không thịt đậu lăng là một loại protein thay thế có nguồn gốc thực vật được làm chủ yếu từ đậu lăng nấu chín trộn với gia vị và chất kết dính như vụn bánh mì hoặc yến mạch. Những quả cầu thân thiện với người ăn chay này cung cấp đáng kể chất xơ và protein trong khi ít chất béo bão hòa hơn đáng kể so với thịt viên truyền thống. Kết cấu chắc nhưng mềm của chúng hòa quyện tốt với nước sốt, khiến chúng trở nên lý tưởng cho các món mì ống, bánh mì sandwich hoặc làm món khai vị với nước chấm.",80
2763bbf4-c9a6-542e-a70d-17aac1c07bc7,,,Phết thay thế thịt (Meat Substitute Spread),DISH,149.0,8.0,9.0,9.0,3.3,1.9,630.0,de172d43-2578-4f27-a571-6d871460d273,,,"Thịt thay thế là một sản phẩm có nguồn gốc từ thực vật được thiết kế để tái tạo hương vị thơm ngon và kết cấu mịn, dễ phết của pate thịt truyền thống. Thường được pha chế với các thành phần giàu protein như đậu nành, đậu Hà Lan hoặc đậu lăng, nó phù hợp với hàm lượng protein của các loại phết làm từ động vật trong khi ít chất béo bão hòa và không chứa cholesterol. Tính nhất quán linh hoạt của nó hoạt động tốt như nhân bánh sandwich, bánh quy giòn hoặc phần nền công thức, cung cấp nguồn protein thiết thực cho chế độ ăn thuần chay và lối sống linh hoạt.",80
c5f82764-9e96-50a8-a758-38d920204527,,,Nước thịt heo (Pork Gravy),DISH,73.4,1.76,1.73,12.71,0.48,4.95,1071.0,de172d43-2578-4f27-a571-6d871460d273,,,"Nước sốt thịt lợn là một loại nước sốt thơm ngon được làm từ thịt lợn, bột mì và nước kho hoặc nước dùng, thường được chế biến sau khi nấu thịt lợn. Loại gia vị đậm đà này có độ đặc mịn, dễ rót và hương vị đặc trưng của thịt có nguồn gốc từ mỡ lợn nấu chín và các hạt thịt nâu. Mặc dù chứa nhiều chất béo và natri giúp tăng hương vị nhưng nước xốt thịt lợn theo truyền thống được dùng nóng như một món ăn kèm với thịt lợn nướng, khoai tây và các món ăn thịnh soạn khác.",80
a937fce7-8695-5a99-ada8-e17e984898eb,,,"Vai cừu quay, không xương, tươi sống (Lamb Shoulder Roast, Boneless, Raw)",INGREDIENT,252.0,16.9,20.4,0.2,0.0,0.0,58.0,de172d43-2578-4f27-a571-6d871460d273,,,"Thịt vai cừu nướng là một miếng thịt có hương vị được cắt từ phần thân trước của những con cừu non, đặc trưng bởi các vân mỡ đậm đà và kết cấu mềm chắc khi còn sống. Phần thịt đa năng này chứa lượng chất béo tiêm bắp đáng kể, khiến nó trở thành nguồn cung cấp protein và sắt tuyệt vời đồng thời cung cấp đủ độ ẩm cho các phương pháp nấu chậm. Chế phẩm không xương mang lại khả năng xử lý thuận tiện và đặc tính nấu đồng đều, với món nướng thông thường có trọng lượng từ 2-4 pound.",80
121844c7-a327-503b-a42d-f9dee21c73ad,,,Bánh gà hầm (Chicken Pot Pie),DISH,204.0,5.11,11.82,19.21,1.1,2.26,393.0,de172d43-2578-4f27-a571-6d871460d273,,,"Bánh nồi gà là một món ăn thịnh soạn, dễ chịu bao gồm một lớp vỏ bánh xốp chứa đầy thịt gà mềm, rau và nước sốt kem. Bữa ăn hoàn chỉnh này kết hợp ức gà thái hạt lựu, cà rốt, đậu Hà Lan và khoai tây trong nước sốt đậm đà, thơm ngon, tất cả được bao bọc trong lớp vỏ bánh bơ. Món ăn này cung cấp một nguồn protein và carbohydrate đáng kể, mặc dù nó thường chứa nhiều calo và chất béo bão hòa do có lớp vỏ bơ và nhân kem.",80
28ae5f5d-4eb2-5d53-a3be-80b81d6cd395,,,Đậu tằm rang (Roasted Broad Beans),DISH,420.0,24.0,18.0,42.0,10.0,3.0,200.0,de172d43-2578-4f27-a571-6d871460d273,,,"Đậu rộng rang hay còn gọi là đậu fava là loại đậu đã được nấu chín và rang cho đến khi giòn để tạo thành món ăn vặt bổ dưỡng. Những loại đậu giòn này cung cấp một nguồn protein thực vật và chất xơ tuyệt vời, trong khi quá trình rang của chúng biến chúng thành một loại thay thế ổn định cho đậu tươi. Việc rang mang lại hương vị hấp dẫn và tạo ra độ giòn vừa miệng khiến chúng trở nên phổ biến như một món ăn nhẹ và lớp phủ salad.",75
f4b60132-34ac-559a-ab76-f2319cf9c1df,,,Bánh quy graham không chứa gluten (Gluten-Free Graham Crackers),DISH,500.0,5.0,23.0,66.0,3.5,20.0,400.0,de172d43-2578-4f27-a571-6d871460d273,,,"Bánh quy graham không chứa gluten là phiên bản có công thức đặc biệt của bánh quy graham truyền thống được làm bằng các loại bột thay thế như gạo, lúa miến hoặc bột yến mạch thay vì lúa mì. Những chiếc bánh quy giòn, ngọt này duy trì hương vị mật ong và đường nâu đặc trưng của bánh quy graham thông thường đồng thời an toàn cho những người mắc bệnh celiac hoặc nhạy cảm với gluten. Chúng đóng vai trò thay thế trực tiếp trong các công thức làm vỏ bánh, bánh nướng xốp và đồ ăn nhẹ, mặc dù chúng có thể có kết cấu hơi khác so với các phiên bản làm từ lúa mì.",80
a51fbdde-fd66-5273-b383-ade9215742aa,,,"Bít tết bò bison, tươi sống (Bison Steak, Raw)",INGREDIENT,109.0,21.62,1.84,0.0,0.0,0.0,54.0,de172d43-2578-4f27-a571-6d871460d273,,,"Bít tết bò rừng là một loại thịt nạc đỏ thay thế cho thịt bò truyền thống, chứa ít chất béo và calo hơn trong khi cung cấp hàm lượng protein tương đương. Loại thịt thú săn được nuôi tự nhiên này có đặc điểm là màu đỏ đậm và đặc biệt giàu chất sắt, vitamin B12 và kẽm. Thịt bò rừng sống đòi hỏi phải xử lý an toàn thực phẩm cẩn thận và kỹ thuật nấu thích hợp do thành phần nạc của nó, có thể khiến thịt dễ bị nấu quá chín so với thịt bò thông thường.",75
c9155496-9954-537b-90b6-4a27848d181f,,,Thịt xông khói gà (Chicken Bacon),DISH,157.0,14.0,9.8,4.0,0.0,4.0,800.0,de172d43-2578-4f27-a571-6d871460d273,,,"Thịt gà xông khói là một lựa chọn thay thế ít chất béo hơn cho thịt lợn xông khói truyền thống, được làm từ thịt gà chế biến đã được xử lý và hun khói để đạt được hương vị giống thịt xông khói. Sản phẩm làm từ gia cầm này thường chứa ít chất béo hơn khoảng 40% so với thịt xông khói thông thường trong khi vẫn cung cấp nguồn protein tốt. Mặc dù kết cấu nhìn chung nạc hơn và kém giòn hơn so với thịt lợn xông khói, nhưng nó có vị mặn, khói tương tự khiến nó trở nên phổ biến đối với những người tránh thịt lợn hoặc đang tìm kiếm các lựa chọn thay thế ít béo.",80
48553caf-e03f-509c-b59b-81fa0a5ba174,,,"Thịt cừu quay còn xương, tươi sống (Lamb Roast, Bone-In, Raw)",INGREDIENT,220.0,19.0,16.0,0.0,0.0,0.0,60.0,de172d43-2578-4f27-a571-6d871460d273,,,"Thịt cừu nướng là loại thịt cừu non cao cấp thường được lấy từ chân, vai hoặc thăn, còn xương được giữ nguyên để tăng hương vị trong quá trình nấu. Loại thịt đỏ đậm đà này có đặc điểm là có vân vân đặc biệt và đặc biệt được đánh giá cao nhờ hàm lượng protein cao và lượng chất dinh dưỡng dồi dào bao gồm sắt, kẽm và vitamin B. Cách trình bày có xương giúp duy trì độ ẩm trong khi nấu đồng thời góp phần phát triển hương vị, khiến nó trở nên lý tưởng cho các phương pháp rang chậm.",80
649bd1fc-8a95-58f0-ada1-d84d32c128f0,,,Thịt xông khói từ thực vật (Plant-Based Bacon),DISH,310.0,11.2,29.5,5.8,2.6,0.0,1463.0,de172d43-2578-4f27-a571-6d871460d273,,,"Thịt xông khói làm từ thực vật là một loại thịt thay thế không có thịt thường được làm từ protein đậu nành, gluten lúa mì hoặc nấm được thiết kế để bắt chước hương vị thơm ngon, khói của thịt xông khói truyền thống. Nguồn protein chay này thường chứa ít chất béo và không chứa cholesterol so với thịt xông khói thông thường, đồng thời vẫn mang lại kết cấu giòn khi nấu chín. Sản phẩm thường được tăng cường hương khói tự nhiên và các thành phần có nguồn gốc thực vật để tái tạo hương vị đặc trưng của thịt xông khói, phù hợp với bánh mì sandwich, salad và các món ăn sáng.",80
dec46328-c363-5dc7-8b17-0ad2967b34a2,,,"Sườn cừu, tươi sống (Lamb Shoulder Chops, Raw)",INGREDIENT,275.0,17.0,22.8,0.23,0.0,0.0,71.0,de172d43-2578-4f27-a571-6d871460d273,,,"Sườn vai cừu là những miếng thịt có hương vị được lấy từ phần trên của cừu non, có đặc điểm là có nhiều vân mỡ và cấu trúc xương đặc biệt. Những vết cắt linh hoạt này chứa hỗn hợp các cơ mềm và nhiều xơ hơn, mang lại giá trị tuyệt vời đồng thời cung cấp đáng kể protein, kẽm và vitamin B12. Thịt sống thường có màu từ hồng đến đỏ nhạt với các vân mỡ màu trắng, lý tưởng cho các phương pháp nấu chậm giúp phá vỡ các mô liên kết.",80
1188cd8a-0c4f-506e-b18b-448785e33311,,,"Thịt dê, tươi sống (Goat Meat, Raw)",INGREDIENT,109.0,20.6,2.31,0.0,0.0,0.0,82.0,de172d43-2578-4f27-a571-6d871460d273,,,"Thịt dê là loại thịt nạc đỏ chứa ít chất béo và cholesterol hơn thịt bò hoặc thịt cừu truyền thống đồng thời cung cấp hàm lượng protein tương đương. Loại thịt này được đặc trưng bởi hương vị đặc biệt và cấu trúc sợi cơ mịn, khiến nó đặc biệt thích hợp với các phương pháp nấu chậm sau khi đã chế biến. Ở dạng thô, thịt dê thường có màu đỏ sẫm và săn chắc, cung cấp hàm lượng sắt, vitamin B12 và axit amin thiết yếu cao đồng thời là một trong những loại thịt được tiêu thụ rộng rãi nhất trên toàn cầu.",80
e995c269-a748-50d1-a389-5bc2b2ac187e,,,"Gan bò, tươi sống (Beef Liver, Raw)",INGREDIENT,132.0,20.4,3.6,3.7,0.0,0.0,64.0,de172d43-2578-4f27-a571-6d871460d273,,,"Gan bò là một trong những loại nội tạng giàu chất dinh dưỡng nhất hiện có, được phân biệt bởi màu nâu đỏ đậm và kết cấu mịn, chắc khi còn sống. Nguồn dinh dưỡng tập trung cao độ này cung cấp hàm lượng vitamin A, B12, sắt và đồng đặc biệt, vượt qua hầu hết các nguồn thực phẩm khác về các chất dinh dưỡng thiết yếu này. Gan bò sống cần được bảo quản lạnh đúng cách và nấu kỹ trước khi tiêu thụ để đảm bảo an toàn thực phẩm, mặc dù hàm lượng dinh dưỡng của nó được bảo quản nhiều nhất ở trạng thái sống.",80
a105fc96-406b-50c9-8281-cf5d541d534e,,,Xúc xích heo Ý với thì là (Italian Pork Sausage with Fennel),INGREDIENT,277.0,14.4,20.9,6.84,0.0,1.17,676.0,de172d43-2578-4f27-a571-6d871460d273,,,"Xúc xích thịt lợn Ý với thì là là một loại xúc xích tươi, chưa qua xử lý được phân biệt bởi các hạt thì là nổi bật, mang lại mùi thơm giống cam thảo và vị ngọt của đất. Được làm từ thịt lợn xay thô với tỏi, hạt tiêu đen và ớt đỏ theo một số biến thể của vùng, loại xúc xích giàu protein này chứa hàm lượng chất béo bão hòa và natri đáng chú ý. Theo truyền thống, nó được chiên, nướng hoặc ninh trong nước sốt làm từ cà chua, đóng vai trò là nền tảng của các món ăn Ý-Mỹ như mì ống alla nonna và món khai vị xúc xích và tiêu.",80
1e0378aa-d129-56d2-8125-2a1f285c6894,,,Da heo chiên giòn muối giấm (Salt and Vinegar Pork Rinds),INGREDIENT,571.0,57.0,32.0,0.0,0.0,0.0,2356.0,de172d43-2578-4f27-a571-6d871460d273,,,"Da heo muối và dấm là món ăn nhẹ giòn được làm từ da heo chiên giòn được tẩm bột dấm thơm và muối. Những miếng khoai tây chiên giòn nhẹ, thoáng mát này rất phổ biến trong chế độ ăn kiêng low-carb và ketogen do hàm lượng carbohydrate bằng 0 và giá trị protein cao. Không giống như khoai tây chiên truyền thống có hương vị tương tự, vỏ thịt lợn chủ yếu bao gồm protein và chất béo, mang lại kết cấu giòn tan nhanh trên lưỡi.",75
c258872e-d097-53c0-a029-ab7303248084,,,Thịt nguội gà (Chicken Luncheon Meat),DISH,115.44,20.0,1.2,4.4,0.2,0.2,760.0,de172d43-2578-4f27-a571-6d871460d273,,,"Thịt gà trưa là sản phẩm đã qua chế biến, nấu sẵn được làm từ thịt gà xay mịn trộn với gia vị, chất kết dính và chất bảo quản. Mặc dù cung cấp nguồn protein tiện lợi nhưng nó thường chứa hàm lượng natri cao hơn đáng kể so với thịt gia cầm tươi, cùng với các chất phụ gia như nitrat để bảo quản. Kết cấu chắc, có thể cắt lát được khiến nó trở nên phổ biến trong bánh mì sandwich và salad, mặc dù thành phần dinh dưỡng của nó khác biệt đáng kể so với ức gà chưa qua chế biến.",80
2f9c9655-3d00-58fe-9ca2-4174c2117a94,,,Vai cừu quay (Lamb Shoulder Roast),DISH,276.0,22.5,20.0,0.0,0.0,0.0,66.0,de172d43-2578-4f27-a571-6d871460d273,,,"Thịt vai cừu nướng là một miếng thịt có hương vị, béo ngậy được cắt từ phần đùi trước phía trên của con cừu, cần nướng hoặc om chậm để biến các mô liên kết dai của nó thành thịt mềm, giàu gelatin. Phần cắt cẩm thạch tốt này cung cấp đáng kể protein và sắt heme, mặc dù hàm lượng chất béo bão hòa cao hơn khiến nhận thức về khẩu phần trở thành chìa khóa cho chế độ ăn kiêng có ý thức về calo. Khi được nấu chín đúng cách, nó sẽ có kết cấu mọng nước, dễ tách rời, lý tưởng cho các món ăn lấy cảm hứng từ Địa Trung Hải và các món hầm thịnh soạn.",80
1b93336d-b285-54b9-bd64-e00a0cd460b3,,,"Cánh gà tây không da, nấu chín (Skinless Turkey Wing, Cooked)",DISH,147.0,30.0,2.2,0.0,0.0,0.0,250.0,de172d43-2578-4f27-a571-6d871460d273,,,"Cánh gà tây không da là nguồn protein nạc được chế biến bằng cách loại bỏ da và mỡ trước khi nấu, dẫn đến hàm lượng chất béo bão hòa thấp hơn so với miếng thịt gia cầm có da. Thịt sẫm màu được nấu chậm, mềm cung cấp một lượng đáng kể kẽm và selen, đồng thời mang lại hương vị đậm đà hơn cánh gà. Món cắt nấu chín đa năng này hoạt động tốt trong các món súp, món hầm hoặc như một món ăn độc lập khi rang hoặc om để duy trì độ ẩm.",80
ec07666f-c982-5999-95da-deead3a4aa3c,,,"Ức bò cắt lát, hun khói (Beef Brisket, Flat Cut, Smoked)",DISH,301.0,23.2,20.0,7.0,0.0,4.0,536.0,de172d43-2578-4f27-a571-6d871460d273,,,"Thịt ức bò, cắt dẹt, hun khói là miếng cắt nguyên sơ từ phần ức dưới của con bò, được nấu chậm trên khói củi để đạt được kết cấu mềm và hương vị đậm đà. Phần cắt phẳng chứa ít vân vân hơn so với phần cắt điểm, cung cấp protein nạc hơn với hàm lượng chất béo vừa phải, mặc dù chất chà bông hoặc men ngọt thường thêm đường vào lớp vỏ của nó khi hun khói. Phương pháp chế biến này tạo ra lớp vỏ caramen đặc trưng đồng thời bổ sung natri từ nước muối hoặc gia vị, giúp nhận biết khẩu phần ăn là chìa khóa để cân bằng dinh dưỡng.",80
f498928a-dc71-5890-9c14-c401a93859ed,,,Da heo chiên giòn BBQ (BBQ Pork Rinds),DISH,538.0,57.9,31.8,1.6,0.0,1.6,2668.0,de172d43-2578-4f27-a571-6d871460d273,,,"Tóp mỡ BBQ là món ăn nhẹ giòn được làm từ da heo chiên giòn tẩm gia vị thịt nướng thơm, khói. Không giống như khoai tây chiên chứa nhiều carb, chúng cung cấp tùy chọn giàu protein, không chứa carb phổ biến trong chế độ ăn ketogen, trong khi độ giòn thoáng mát của chúng tương phản với hương vị umami đậm đà của gia vị. Quá trình nấu nướng tạo ra chất béo, tạo ra kết cấu nhẹ, mặc dù chúng vẫn chứa nhiều calo do hàm lượng chất béo cao.",80
78dfa2ba-3d96-5956-890b-3a67816f3df5,,,Bít tết chiên đồng quê (Country Fried Steak),DISH,230.0,14.0,11.0,17.0,1.5,2.0,500.0,de172d43-2578-4f27-a571-6d871460d273,,,"Bít tết chiên đồng quê là một món ăn quen thuộc của miền Nam Hoa Kỳ được làm từ thịt bò cốt lết mềm phủ bột mì dày dặn và chiên trên chảo cho đến khi vàng và giòn. Thường được phục vụ trong nước xốt kem sữa, nó cung cấp một nguồn protein dồi dào nhưng đặc biệt chứa nhiều chất béo bão hòa và calo do phương pháp chế biến. Bề ngoài giòn đặc trưng của món ăn và nước sốt đậm đà giúp phân biệt món ăn này với các chế phẩm thịt bò nướng hoặc nướng nạc hơn.",75
98e6d13c-4957-5fd4-9467-9f88e4e3d2bd,,,"Thịt viên gà, trong sốt (Chicken Meatballs, in Sauce)",DISH,175.0,15.0,11.0,4.0,1.5,4.0,600.0,de172d43-2578-4f27-a571-6d871460d273,,,"Thịt gà viên sốt là một loại thịt gia cầm nạc thay thế cho thịt bò viên truyền thống, thường được làm bằng thịt gà xay trộn với các loại thảo mộc như mùi tây và gia vị như tỏi. Đun nhỏ lửa trong nước sốt cà chua hoặc sốt kem giúp giữ ẩm đồng thời tăng thêm hương vị phức tạp, đồng thời nước sốt góp phần bổ sung thêm calo và chất dinh dưỡng. Chế phẩm này cung cấp protein chất lượng cao với ít chất béo bão hòa hơn so với các phiên bản thịt đỏ, thích ứng với chế độ ăn kiêng low-carb hoặc kiểu Địa Trung Hải.",80
2be76f2f-5959-5336-85e8-9435148b5219,,,Vai cừu còn xương (Bone-In Lamb Shoulder),INGREDIENT,264.0,16.6,21.4,0.0,0.0,0.0,61.0,de172d43-2578-4f27-a571-6d871460d273,,,"Vai cừu rút xương là phần thịt nguyên thủy được cắt từ phần trên của thịt cừu, được biết đến với các mô liên kết và vân mỡ phong phú, đòi hỏi phương pháp nấu chậm và ẩm. Phần xương được giữ lại giúp tăng cường cả hương vị và độ ẩm trong quá trình om hoặc rang, trong khi mỡ trong cơ tạo nên thịt mềm, mọng nước. Món cắt có hàm lượng protein cao này chứa nhiều chất béo hơn so với các lựa chọn thịt cừu nạc, lý tưởng cho các món hầm thịnh soạn, món thịt cừu kéo hoặc các món nướng chậm truyền thống.",80
142eaa5d-0eb8-52e5-a880-2cef2e0c225a,,,"Gà tây với nước thịt, nấu chín (Turkey with Gravy, Cooked)",DISH,165.0,20.0,5.0,10.0,1.0,4.0,478.0,de172d43-2578-4f27-a571-6d871460d273,,,"Thổ Nhĩ Kỳ với nước thịt là một món gia cầm nướng truyền thống bao gồm thịt gà tây thái lát ăn kèm với nước sốt thơm ngon làm từ nước sốt trong chảo, mỡ và bột mì. Thịt trắng nạc cung cấp protein chất lượng cao với lượng chất béo bão hòa tối thiểu, trong khi nước xốt làm tăng thêm độ đậm đà và độ ẩm cùng với lượng calo và natri bổ sung. Sự kết hợp này đặc biệt phổ biến trong các bữa ăn ngày lễ, mặc dù độ đặc làm từ bột mì của nước xốt khiến nó không phù hợp với chế độ ăn không có gluten trừ khi được sửa đổi.",80
e6cb8abb-a5dc-5ac2-b41a-ee736cb93520,,,"Thịt bò bison quay, tươi sống (Bison Roast, Raw)",INGREDIENT,119.0,21.12,3.15,0.0,0.0,0.0,62.0,de172d43-2578-4f27-a571-6d871460d273,,,"Bò rừng nướng là loại thịt nạc đỏ có nguồn gốc từ bò rừng Bắc Mỹ, được biết đến với hương vị đậm đà, hơi ngậy và hàm lượng chất béo thấp hơn so với thịt bò. Phần cắt nguyên liệu được xử lý tối thiểu này—thường là từ thịt thăn hoặc thịt thăn—cung cấp protein chất lượng cao với lượng chất béo bão hòa và cholesterol ít hơn 30% so với thịt bò nướng thông thường. Kết cấu đậm đặc của nó được hưởng lợi từ các phương pháp nấu chậm như om để duy trì độ mềm đồng thời cung cấp hàm lượng sắt và kẽm đáng kể.",75
1c5c65b2-62d9-5fa3-a9a5-2d9117c653cb,,,"Thịt cừu ống, không xương (Lamb Shank, Boneless)",INGREDIENT,119.0,21.2,3.56,0.37,0.0,0.0,82.0,de172d43-2578-4f27-a571-6d871460d273,,,"Bắp cừu là một miếng thịt có hương vị được cắt từ cơ bắp chân, được tách xương để chuẩn bị dễ dàng hơn trong khi vẫn giữ được mô liên kết giàu collagen đặc trưng của nó. Miếng thịt có độ béo vừa phải này trở nên đặc biệt mềm khi được nấu chậm thông qua om hoặc hầm, vì collagen phân hủy thành gelatin. Nó cung cấp lượng protein đáng kể cùng với sắt và kẽm, mặc dù hàm lượng chất béo của nó vẫn cao hơn những miếng thịt nạc như thịt thăn hoặc thịt đùi.",80
195c3a09-5799-5546-b16b-4ec1b09b8f0f,,,"Sườn cừu, tươi sống (Lamb Loin Chop, Raw)",INGREDIENT,142.0,20.0,6.88,0.0,0.0,0.0,77.0,de172d43-2578-4f27-a571-6d871460d273,,,"Thịt thăn cừu là miếng thịt cao cấp được lấy từ vùng thắt lưng dọc theo cột sống, có đặc điểm là xương hình chữ T và thịt nạc mềm được bao quanh bởi một lớp mỡ mỏng. Phần cắt này cung cấp protein, sắt và vitamin B12 chất lượng cao, với lớp vân mỡ và chất béo góp phần tạo nên hương vị và hàm lượng chất béo bão hòa. Thường được nướng hoặc áp chảo, sườn sống cần được cắt tỉa cẩn thận để có chế độ ăn kiêng chất béo trong khi vẫn giữ được độ ngon ngọt tự nhiên khi nấu chín.",80
1f464c76-8adb-5661-80a0-7f77617807d5,,,"Thịt viên heo, với sốt (Pork Meatballs, with Sauce)",DISH,113.0,7.0,7.7,4.9,0.7,2.8,352.0,de172d43-2578-4f27-a571-6d871460d273,,,"Thịt lợn viên là những miếng thịt lợn xay được tẩm gia vị thường được ninh trong nước sốt, mang lại hàm lượng chất béo phong phú hơn và kết cấu mềm hơn so với các phiên bản thịt bò hoặc gà tây. Thường được dùng kèm với sốt marinara làm từ cà chua hoặc nước sốt kem, chúng cung cấp lượng protein đáng kể nhưng có hàm lượng natri và chất béo bão hòa khác nhau tùy theo cách chế biến. Việc tích hợp nước sốt giúp tăng cường độ ẩm và hương vị đồng thời bổ sung thêm lượng calo, đường hoặc các thành phần từ sữa cần được xem xét trong chế độ ăn uống.",80
27c11038-3184-5652-b3c7-0a672e7d7ac9,,,"Chân vịt, tươi sống (Duck Legs, Raw)",INGREDIENT,367.0,12.5,35.2,0.5,0.0,0.0,80.0,de172d43-2578-4f27-a571-6d871460d273,,,"Chân vịt là loại thịt gia cầm có màu sẫm được biết đến với thịt đậm đà, thơm ngon và hàm lượng chất béo cao hơn so với chân gà. Những vết cắt này có một lớp mỡ dưới da đặc biệt sẽ tiết ra trong quá trình nấu, khiến chúng trở nên lý tưởng cho các phương pháp nấu chậm như confit. Chân vịt sống đặc biệt giàu sắt, kẽm và vitamin B, đồng thời cung cấp nhiều protein trên mỗi khẩu phần hơn hầu hết các loại thịt gia cầm khác.",80
00449758-0cf6-5cba-aabc-708bf6deb27d,,,"Thịt cừu ống còn xương, tươi sống (Lamb Shank, Bone-In, Raw)",INGREDIENT,147.47,22.9,6.2,0.0,0.0,0.0,103.0,de172d43-2578-4f27-a571-6d871460d273,,,"Đùi cừu là một miếng thịt thơm ngon được lấy từ phần dưới của chân, chứa xương trung tâm được bao quanh bởi các mô cơ được tập luyện tốt. Vết cắt này có đặc điểm là có nhiều vân cẩm thạch và mô liên kết đáng kể, đòi hỏi các phương pháp nấu chậm để đạt được độ mềm. Thịt cừu sống có màu từ hồng đậm đến đỏ và cung cấp nguồn protein, vitamin B và khoáng chất tuyệt vời như sắt và kẽm.",80
54a7b144-2803-5446-8e7c-73132ab6a8b7,,,"Gan gà, tươi sống (Chicken Livers, Raw)",INGREDIENT,116.0,16.9,4.83,0.73,0.0,0.0,69.0,de172d43-2578-4f27-a571-6d871460d273,,,"Gan gà là loại nội tạng giàu dinh dưỡng, đặc trưng bởi màu nâu đỏ đậm và kết cấu mềm, mịn. Những loại thịt nội tạng rất dễ hư hỏng này đặc biệt giàu sắt, vitamin A và vitamin B, đặc biệt là B12, khiến chúng trở thành một nguồn bổ sung có giá trị cho chế độ ăn uống cân bằng. Gan gà sống cần được làm lạnh thích hợp và nấu kỹ đến nhiệt độ bên trong là 165°F (74°C) để đảm bảo an toàn thực phẩm.",80
02c0cce6-e33f-580e-8188-dc2aaa214735,,,"Bộ bữa ăn gà xào, chưa nấu (Chicken Stir-Fry Meal Kit, Uncooked)",INGREDIENT,132.0,17.0,4.0,7.0,2.0,2.0,300.0,de172d43-2578-4f27-a571-6d871460d273,,,"Bộ đồ ăn xào gà là một gói được chia sẵn gồm các miếng thịt gà sống, rau tươi hoặc nấu sơ và các thành phần nước sốt bổ sung theo phong cách châu Á. Những bộ dụng cụ hướng đến sự tiện lợi này thường bao gồm các nguyên liệu cắt sẵn cần nấu trong chảo hoặc chảo lớn, với hàm lượng khác nhau tùy theo nhãn hiệu nhưng thường cung cấp một bữa ăn hoàn chỉnh cho 2-4 phần ăn. Mặc dù giúp tiết kiệm thời gian chuẩn bị, những bộ dụng cụ này thường chứa hàm lượng natri cao hơn so với các loại tự chế biến do nước sốt được chế biến sẵn.",80
7b7ee8e5-6e5f-53df-8119-f19626e712b3,,,Thịt bò muối giảm natri (Reduced Sodium Corned Beef),DISH,232.0,26.0,14.0,0.0,0.0,0.0,400.0,de172d43-2578-4f27-a571-6d871460d273,,,"Thịt bò muối giảm natri là loại ức bò được tẩm gia vị, được xử lý bằng muối, trải qua quá trình ngâm nước muối đã được cải tiến để chứa ít natri hơn ít nhất 25% so với các phiên bản truyền thống. Chế phẩm nấu chín này vẫn giữ được kết cấu mềm đặc trưng của thịt và hương vị cay cay trong khi phục vụ cho chế độ ăn kiêng natri. Mặc dù đã qua chế biến nhưng nó vẫn là một nguồn protein đáng kể và thường được cắt lát để làm bánh mì sandwich hoặc ăn kèm với bắp cải và các loại rau củ.",80
590dfe55-91f4-5934-a6c4-17d1cfd064e9,,,"Đùi cừu còn xương, tươi sống (Leg of Lamb, Bone-In, Raw)",INGREDIENT,147.0,16.1,9.35,0.0,0.0,0.0,54.0,de172d43-2578-4f27-a571-6d871460d273,,,"Chân cừu là loại thịt cao cấp được cắt từ phần sau của những con cừu non, thường nặng từ 5-7 pound với xương còn nguyên. Miếng thịt nạc nhưng mềm này có hàm lượng chất béo vừa phải chủ yếu nằm ở bên ngoài, khiến nó trở nên lý tưởng để nướng nguyên con hoặc nướng bướm để nấu chín đều. Thịt cung cấp nguồn protein, kẽm và vitamin B12 chất lượng cao tuyệt vời, đồng thời mang lại hương vị đậm đà, nhẹ nhàng đặc trưng của thịt cừu non.",80
9e11187e-9716-524d-837c-536f97758f63,,,"Gà tây nguyên con, tươi sống (Whole Turkey, Raw)",INGREDIENT,144.0,21.6,5.64,0.14,0.0,0.07,112.0,de172d43-2578-4f27-a571-6d871460d273,,,"Gà tây nguyên con là một loại gia cầm lớn thường nặng từ 8-24 pound khi bán sống và kèm theo nội tạng. Nguồn thịt nạc này cung cấp cả phần thịt trắng và thịt sẫm màu, trong đó thịt ức có hàm lượng chất béo thấp hơn và chân/đùi chứa nhiều myoglobin và chất béo lành mạnh hơn. Gà tây sống là nguồn cung cấp protein hoàn chỉnh, vitamin B và khoáng chất như kẽm và selen tuyệt vời, đồng thời cần nấu kỹ đến nhiệt độ bên trong an toàn để tiêu thụ.",80
f82145f9-6eb2-5713-8bde-4d8d868bb848,,,"Đùi cừu không xương, tươi sống (Boneless Leg of Lamb, Raw)",INGREDIENT,187.0,21.0,11.4,0.0,0.0,0.0,80.0,de172d43-2578-4f27-a571-6d871460d273,,,"Chân cừu rút xương là loại thịt cao cấp được cắt từ chân sau của những con cừu non, được loại bỏ xương để thuận tiện và thậm chí là nấu ăn. Miếng thịt nạc, mềm này rất giàu protein chất lượng cao, vitamin B12 và kẽm, đồng thời chứa ít vân mỡ hơn nhiều loại thịt đỏ khác. Thịt thường có kết cấu hạt mịn và hương vị nhẹ khi còn non, lý tưởng để nướng nguyên con hoặc nướng bướm để nấu chín đều.",80
8d127904-2a5e-55be-bab7-71d8ad44df93,,,Xúc xích dê (Goat Sausages),DISH,230.0,22.0,18.0,1.0,0.3,0.5,550.0,de172d43-2578-4f27-a571-6d871460d273,,,"Xúc xích dê là một món thay thế nạc, giàu protein cho xúc xích thịt lợn hoặc thịt bò truyền thống, được làm từ thịt dê xay với các loại gia vị như thì là, rau mùi hoặc tỏi. Chúng chứa ít chất béo bão hòa và calo hơn đáng kể so với xúc xích thông thường đồng thời cung cấp hàm lượng sắt và vitamin B12 đáng chú ý. Thường đặc trưng trong các món ăn Địa Trung Hải và Trung Đông, những loại xúc xích này có hương vị thơm ngon, hơi ngọt và lý tưởng để nướng hoặc áp chảo, phục vụ những người đang tìm kiếm các lựa chọn thịt không có thịt lợn hoặc thịt ít béo hơn.",80
98c2d95f-f393-57bf-9d98-c09a654f80a1,,,"Thịt cừu ống, tươi sống (Lamb Shank, Frenched, Raw)",INGREDIENT,122.0,22.1,3.8,0.0,0.0,0.0,82.0,de172d43-2578-4f27-a571-6d871460d273,,,"Bắp cừu là loại thịt cao cấp được cắt từ phần dưới của chân, có thịt bao quanh phần xương trung tâm đã được 'làm sạch và lộ ra ngoài' để trình bày trang nhã. Phần thịt được luyện tập tốt này chứa mô cơ dày đặc giàu collagen, lý tưởng cho các phương pháp nấu chậm để biến nó thành thịt mềm, có hương vị. Thịt cừu sống có đặc điểm là màu đỏ đậm và vân cẩm thạch, cung cấp hàm lượng protein đáng kể đồng thời cung cấp sắt, kẽm và vitamin B.",80
aac0603b-c9fb-5958-8a21-702a92985bae,,,Thịt cừu ống hầm (Braised Lamb Shank),DISH,201.2,24.0,11.68,0.03,0.0,0.0,57.2,de172d43-2578-4f27-a571-6d871460d273,,,"Bắp cừu om là phần thịt mềm được cắt từ phần dưới của thịt cừu, được nấu chậm trong chất lỏng cho đến khi mềm bằng nĩa. Món ăn đậm đà này có thịt rời khỏi xương đặc trưng, ​​​​được nấu với sự kết hợp đầy hương vị của nước kho, rượu và chất thơm cho đến khi các mô liên kết bị phá vỡ. Mặc dù có hàm lượng protein cao và các chất dinh dưỡng thiết yếu như sắt và kẽm, nhưng đây cũng là phần thịt tương đối đậm đà với hàm lượng chất béo đáng chú ý, đặc biệt là xung quanh mép thịt.",80
90eeeaaf-a4f7-5dc3-aca9-c12a94b8c04e,,,"Thăn heo nhồi, nấu chín (Stuffed Pork Tenderloin, Cooked)",DISH,140.0,18.0,6.0,2.0,0.5,1.0,80.0,de172d43-2578-4f27-a571-6d871460d273,,,"Thăn lợn nhồi là miếng thịt lợn nạc cao cấp đã được phết bơ, chứa đầy gia vị và các nguyên liệu bổ sung, sau đó cuộn lại và nấu chín. Phương pháp chế biến này biến miếng thịt mềm tự nhiên thành một món ăn cao cấp trong khi vẫn duy trì hàm lượng protein cao và hàm lượng chất béo tương đối thấp so với các miếng thịt lợn khác. Thịt thăn nhồi nấu chín thường có phần bên trong ẩm và có nhiều loại nhân khác nhau như thảo mộc, rau hoặc hỗn hợp vụn bánh mì giúp tăng cường cả hương vị và sự đa dạng dinh dưỡng.",80
80e17d5b-0427-5ad8-b714-1d6512536a4b,,,"Xúc xích Chorizo gà, tươi sống (Chicken Chorizo, Raw)",INGREDIENT,179.0,18.5,11.0,1.38,0.0,0.61,554.0,de172d43-2578-4f27-a571-6d871460d273,,,"Chorizo ​​​​gà sống là một loại xúc xích tươi được làm chủ yếu từ thịt gà xay, được nêm với hỗn hợp gia vị, bao gồm bột ớt, ớt bột và tỏi, để mô phỏng hương vị của chorizo ​​thịt lợn truyền thống. Không giống như thịt lợn, chorizo ​​​​gà cung cấp tùy chọn protein nạc hơn với vị cay và khói tương tự. Nó đòi hỏi phải nấu chín kỹ trước khi tiêu thụ và có thể được sử dụng trong nhiều món ăn khác nhau, chẳng hạn như bánh tét, món hầm và món ăn sáng.",80
d5682022-bcd6-5181-bcf0-b03d0db4bcb1,,,Thịt viên với nước thịt (Meatballs with Gravy),DISH,155.0,10.0,9.2,8.0,1.0,3.0,400.0,de172d43-2578-4f27-a571-6d871460d273,,,"Thịt viên với nước sốt là một món ăn mặn gồm có thịt xay được tẩm gia vị (thường là thịt bò, thịt lợn hoặc hỗn hợp) được tạo hình thành hình cầu và ninh trong nước sốt đặc, đậm đà. Nước xốt, thường được làm từ nước xốt trong chảo hoặc nước dùng được tăng cường bằng bột mì hoặc bột ngô, bổ sung thêm độ ẩm và độ đậm vị umami đồng thời bổ sung thêm natri và chất béo. Chế phẩm thịnh soạn này thường được phục vụ với các loại tinh bột như khoai tây nghiền hoặc mì trứng, cung cấp lượng protein đáng kể nhưng có mật độ calo thay đổi đáng kể tùy thuộc vào độ nạc của thịt và độ đặc của nước thịt.",80
6a196515-3570-57ab-8966-13b7c5c2fc4f,,,Xúc xích Vienna đóng hộp (Canned Vienna Sausages),DISH,230.0,10.5,19.4,2.6,0.0,0.0,879.0,de172d43-2578-4f27-a571-6d871460d273,,,"Xúc xích Vienna đóng hộp là một sản phẩm thịt đã qua chế biến, nấu sẵn được làm từ hỗn hợp thịt lợn, thịt gà hoặc thịt bò được nhũ hóa mịn, bảo quản trong nước muối hoặc nước dùng. Những loại xúc xích nhỏ, có kết cấu mịn này có hương vị thơm nhẹ và độ đặc mềm, cung cấp protein ổn định khi sử dụng nhưng lại chứa hàm lượng natri cao đáng kể. Mặc dù phổ biến trong các món ăn nhẹ nhanh và bữa ăn cắm trại, thành phần dinh dưỡng của chúng cân bằng hàm lượng protein vừa phải với những cân nhắc đáng kể về lượng natri.",80
479a7220-eee6-563f-9d3b-1ee6344f22cb,,,Bánh quiche giăm bông và phô mai (Ham and Cheese Quiche),DISH,290.0,10.6,18.0,18.0,1.5,2.5,500.0,de172d43-2578-4f27-a571-6d871460d273,,,"Quiche giăm bông và phô mai là một loại bánh tart nướng thơm ngon có lớp vỏ bánh ngọt chứa đầy sữa trứng, kem, giăm bông thái hạt lựu và phô mai tan chảy (thường là Gruyère hoặc cheddar). Món ăn giàu protein này có kết cấu đậm đà từ sữa trứng làm từ trứng và hương vị mặn, khói từ giăm bông đã qua xử lý, trong khi phô mai tạo thêm vị kem và béo. Mặc dù giàu chất dinh dưỡng nhưng hàm lượng calo của nó thay đổi đáng kể dựa trên độ dày vỏ bánh và tỷ lệ chất béo từ sữa, điều này khiến nhận thức về khẩu phần trở thành chìa khóa để theo dõi dinh dưỡng.",80
0f2fe01e-b139-5357-b2be-c3c833593781,,,"Xúc xích Thuringer, nấu chín (Thuringer Sausage, Cooked)",DISH,362.0,17.4,30.4,3.33,0.0,0.85,1092.5,de172d43-2578-4f27-a571-6d871460d273,,,"Xúc xích Thuringer là một loại xúc xích thịt lợn dày dặn của Đức có nguồn gốc từ vùng Thuringia, được nướng hoặc áp chảo theo kiểu truyền thống để tạo nên lớp vỏ ngoài giòn, caramen và bên trong ngon ngọt. Hương vị mạnh mẽ của nó đến từ sự pha trộn gia vị của tỏi, kinh giới và caraway, trong khi hàm lượng protein cao (15-20g trên 100g) được cân bằng với mức chất béo vừa phải đặc trưng của xúc xích tươi, chưa qua xử lý. Mặc dù thường được thưởng thức như một món ăn đường phố hoặc trong bánh mì sandwich, hàm lượng natri và chất bảo quản trong các loại thương mại đảm bảo điều độ trong chế độ ăn nhạy cảm với natri.",80
c89b716f-9b59-57bc-ab17-047971796c8b,,,Thịt cừu ống quay (Roasted Lamb Shank),DISH,196.0,24.0,15.0,0.0,0.0,0.0,70.0,de172d43-2578-4f27-a571-6d871460d273,,,"Bắp cừu nướng là một miếng thịt có hương vị được cắt từ phần dưới của thịt cừu, được biết đến với hàm lượng collagen phong phú, chuyển hóa thành gelatin trong quá trình nấu chậm, tạo ra thịt đặc biệt mềm, tách xương. Món ăn giàu protein này cung cấp một lượng đáng kể sắt và kẽm, đồng thời xương chứa đầy tủy đặc trưng của nó góp phần tạo nên hương vị thơm ngon, đậm đà. Thường được nêm với các loại thảo mộc thơm và nấu chín chậm, món này thường được dùng kèm với các món ăn kèm thịnh soạn như rễ cây nghiền hoặc rau xanh om.",80
088aa565-d3d3-517b-a533-a0597419a573,,,Nước thịt gà tây (Turkey Gravy),DISH,51.0,2.6,2.1,5.1,0.4,0.21,577.0,de172d43-2578-4f27-a571-6d871460d273,,,"Nước xốt Thổ Nhĩ Kỳ là một loại nước sốt mặn truyền thống được làm từ nước luộc gà tây nướng, nước dùng và chất làm đặc tinh bột như bột mì hoặc bột bắp. Chủ yếu gắn liền với các bữa ăn ngày lễ trong ẩm thực Bắc Mỹ, nó bổ sung thêm hương vị umami đậm đà cho thịt nướng và các món ăn phụ. Các phiên bản tự chế biến có độ đậm đặc từ nước ép thịt tự nhiên (thường chứa chất béo vừa phải), trong khi các phiên bản thương mại thường có hàm lượng natri và chất bảo quản cao hơn. Hàm lượng gluten thay đổi tùy thuộc vào việc sử dụng bột mì hay chất làm đặc thay thế.",80
f966ffc4-8623-5bfc-8d53-38567a7277a1,,,Nước thịt xúc xích (Sausage Gravy),DISH,170.0,6.7,12.5,7.4,0.1,4.8,232.0,de172d43-2578-4f27-a571-6d871460d273,,,"Nước xốt xúc xích là một món ăn sáng thịnh soạn ở miền Nam Hoa Kỳ được làm từ xúc xích heo vụn, nước xốt trong chảo, bột mì và sữa, tạo nên một loại nước sốt đặc như kem kiểu béchamel. Nước sốt thơm ngon này có vị cay và chút thịt dày dặn, theo truyền thống được phục vụ trên bánh quy xốp để có một bữa ăn giàu protein. Mặc dù có hương vị nhưng nó có xu hướng chứa nhiều chất béo bão hòa và natri do roux làm từ bơ hoặc mỡ và các thành phần xúc xích đã qua chế biến.",80
8fcd20ea-9b7c-5fcb-8b02-ceb4f164e7a4,,,Bánh quiche thịt xông khói (Bacon Quiche),DISH,315.0,14.0,25.0,10.0,1.5,2.0,500.0,de172d43-2578-4f27-a571-6d871460d273,,,"Bacon quiche là một loại bánh tart thơm ngon của Pháp có lớp vỏ bánh bông xốp chứa đầy sữa trứng, kem và thịt xông khói giòn. Món ăn giàu protein này có hương vị khói từ thịt lợn ướp muối, trong khi các biến thể thường kết hợp với phô mai, hành tây hoặc rau. Mặc dù giàu chất dinh dưỡng nhưng hàm lượng chất béo bão hòa cao từ sữa và thịt chế biến khiến việc kiểm soát khẩu phần trở nên quan trọng để cân bằng dinh dưỡng. Theo truyền thống, nó được phục vụ khi còn ấm, nó hoạt động tốt như món khai vị cho bữa sáng hoặc món ăn chính cho bữa sáng muộn.",80
3ef70b5b-512a-5ae5-9ba2-90b8fa37dadd,,,Nước thịt gà tây đóng lọ (Jarred Turkey Gravy),DISH,51.0,2.6,2.1,5.1,0.4,0.21,577.0,de172d43-2578-4f27-a571-6d871460d273,,,"Nước xốt gà tây đóng hũ là loại nước sốt có thể bảo quản lâu dài được làm từ nước luộc gà tây, chất làm đặc và gia vị, được thiết kế để dùng kèm bữa ăn thuận tiện. Mặc dù mang lại tính nhất quán tiết kiệm thời gian tương tự như các phiên bản tự chế, các chế phẩm thương mại thường chứa hàm lượng natri và chất bảo quản đáng kể như natri benzoat. Loại nước xốt làm sẵn này thường sử dụng bột mì làm cơ sở, không phù hợp với chế độ ăn không có gluten và chủ yếu đóng vai trò như một chất tăng hương vị nhanh chóng cho thịt nướng và các món ăn phụ.",80
03332cd2-eb8a-59e9-b53d-d085d569ecf9,,,Đùi cừu quay (Leg of Lamb Roast),DISH,200.0,29.7,9.1,0.0,0.0,0.0,62.0,de172d43-2578-4f27-a571-6d871460d273,,,"Chân cừu nướng là loại thịt cao cấp được cắt từ phần đùi sau của những con cừu non, được đánh giá cao nhờ kết cấu mềm và hương vị phong phú, đậm đà giống như trò chơi. Loại thịt giàu protein này cung cấp một lượng đáng kể sắt và kẽm, mặc dù hàm lượng chất béo dạng vân cẩm thạch của nó - đặc biệt là chất béo bão hòa - cao hơn so với những miếng thịt gia cầm nạc. Thường được rang chậm với các loại thảo mộc như hương thảo hoặc tỏi, loại có xương giữ được độ ẩm trong khi nấu đồng thời góp phần tạo nên độ đậm đà đặc trưng của món ăn.",80
e56565f9-6a47-5f0f-9b50-67907a7fcb94,,,"Lá nho nhồi thịt, nấu chín (Meat-Stuffed Grape Leaves, Cooked)",DISH,200.0,8.0,10.0,15.0,3.0,3.0,500.0,de172d43-2578-4f27-a571-6d871460d273,,,"Lá nho nhồi thịt (thường được gọi là dolma hoặc dolmades) là một món ăn Địa Trung Hải và Trung Đông có lá nho mềm bọc quanh nhân thịt xay, cơm và rau thơm được tẩm gia vị. Lá được ninh trong nước dùng cho đến khi mềm, tạo nên một bữa ăn giàu dinh dưỡng với lượng protein cân bằng từ thịt, chất xơ từ lá nho và carbohydrate phức hợp từ nhân hạt. Mặc dù thường có ít chất béo hơn món khai vị chiên nhưng hàm lượng natri có thể thay đổi tùy thuộc vào cách ngâm lá và gia vị được sử dụng.",80
092a363c-5dca-5f3e-9230-935da274ae7b,,,Bụng heo hầm (Braised Pork Belly),DISH,443.0,9.0,41.0,9.0,0.0,9.0,300.0,de172d43-2578-4f27-a571-6d871460d273,,,"Bụng lợn om là một món ăn được nấu chậm với phần mỡ cắt từ mặt dưới của lợn, được chế biến qua quá trình đun sôi kéo dài trong chất lỏng đã nêm gia vị. Quá trình này biến chất béo thành một kết cấu mượt mà đồng thời chuyển collagen thành gelatin, tạo ra độ đặc tan trong miệng đặc trưng của nó. Thường được chế biến với nước tương, chất thơm và gia vị, món ăn giàu protein này chứa nhiều calo do hàm lượng chất béo bão hòa cao và nổi bật trong truyền thống ẩm thực thoải mái của cả châu Á và châu Âu.",80
e8fc576c-8b0c-5ab7-b47b-7da139dac42b,,,"Sườn cừu, tươi sống (Rack of Lamb, Raw)",INGREDIENT,240.0,18.1,18.5,0.13,0.0,0.0,61.0,de172d43-2578-4f27-a571-6d871460d273,,,"Thịt cừu non là loại thịt cao cấp bao gồm tám xương sườn và phần cơ thăn mềm kèm theo, được lấy từ phần xương sườn của con vật. Phần cắt thô này được đánh giá cao vì có nhiều vân cẩm thạch và khả năng trình bày trang nhã, thường chứa 7-8 miếng sườn riêng lẻ khi tách ra. Thịt chưa nấu chín có màu đỏ đậm và có cả thịt nạc và lớp mỡ bảo vệ, cung cấp nguồn protein, vitamin B và kẽm dồi dào đồng thời được đặc biệt đánh giá cao nhờ kết cấu mềm khi được chế biến đúng cách.",80
eca83f6d-4368-5495-aaef-e5e5073237be,,,Thịt viên chay nấm (Mushroom Meatless Meatballs),DISH,176.0,15.0,8.0,11.0,6.0,3.0,250.0,de172d43-2578-4f27-a571-6d871460d273,,,"Thịt viên không thịt nấm là một sản phẩm thay thế protein có nguồn gốc thực vật, kết hợp nấm thái nhỏ với các loại đậu hoặc ngũ cốc để tái tạo kết cấu và độ đậm đà thơm ngon của thịt viên truyền thống. Đặc điểm giàu vị umami của chúng đến từ nấm nướng, trong khi các thành phần như đậu lăng hoặc đậu xanh tạo nên miếng cắn chắc như thịt. Thường được nướng hoặc ninh trong nước sốt, những viên thịt thân thiện với người ăn chay này cung cấp lựa chọn ít chất béo bão hòa hơn cho các món mì ống, món phụ hoặc món khai vị trong khi vẫn duy trì hàm lượng chất xơ cao.",80
36efa89c-9647-5a99-93ea-31d0be846dfe,,,Ức bò hun khói (Smoked Beef Brisket),DISH,217.7,24.78,12.39,1.77,0.0,0.89,353.98,de172d43-2578-4f27-a571-6d871460d273,,,"Thịt ức bò hun khói là nền tảng của món thịt nướng Texas, được chế biến thông qua quy trình hun khói chậm và chậm truyền thống để biến thịt bò dai thành thịt mềm, đầy hương vị. Món ăn giàu protein này thường được tẩm gia vị bằng cách xoa khô đơn giản và hun khói trong 12-14 giờ, tạo ra vòng khói màu hồng đặc biệt bên dưới vỏ cây có hương vị. Thịt nạc cung cấp lượng protein đáng kể trong khi vẫn chứa ít carbohydrate, mặc dù hàm lượng chất béo khác nhau giữa miếng cắt phẳng nạc hơn và miếng cắt điểm nhiều vân cẩm thạch hơn.",80
8f1f0d20-b1c4-51fb-a534-6931e7eff376,,,Thịt cừu ống nướng (Grilled Lamb Shank),DISH,180.0,23.0,10.0,0.0,0.0,0.0,60.0,de172d43-2578-4f27-a571-6d871460d273,,,"Thịt cừu nướng là một miếng thịt có hương vị được cắt từ phần dưới của thịt cừu, thường được nấu chậm để làm mềm phần thịt giàu collagen trước khi hoàn thiện ở nhiệt độ cao để tạo ra lớp vỏ ngoài cháy đen và có khói. Món ăn giàu protein này cung cấp một lượng đáng kể sắt, kẽm và vitamin B, mặc dù lớp mỡ của nó góp phần tạo ra hàm lượng chất béo bão hòa đáng chú ý. Thường đặc trưng trong các món ăn Địa Trung Hải và Trung Đông, cách chế biến nướng cân bằng vị đậm đà vốn có của thịt với mùi khói thơm trong khi vẫn duy trì kết cấu mềm mại khi dùng nĩa.",80
6d43a68b-b2a7-5dbb-951a-1ade0a15e60b,,,Thịt xông khói vịt (Duck Bacon),DISH,527.0,20.0,46.7,6.7,0.0,6.7,900.0,de172d43-2578-4f27-a571-6d871460d273,,,"Thịt xông khói vịt là một sản phẩm thịt đặc sản được làm từ ức vịt, là sản phẩm thay thế cho thịt lợn xông khói truyền thống. Tùy chọn nạc hơn này có hương vị đậm đà, nhiều khói với kết cấu đặc biệt thường mềm hơn thịt lợn xông khói do đặc tính tự nhiên của thịt vịt. Mặc dù vẫn có hàm lượng protein và chất béo cao nhưng thịt xông khói vịt thường chứa ít chất béo bão hòa hơn thịt xông khói thịt lợn và mang lại hương vị tinh tế hơn, ít mặn hơn khiến nó trở nên phổ biến trong các món ăn cao cấp.",80
b11d0791-5c4f-54c4-90fd-49904ceb5b7d,,,Rượu Lambrusco (Lambrusco),INGREDIENT,82.0,0.1,0.0,2.8,0.0,2.8,5.0,de172d43-2578-4f27-a571-6d871460d273,,,"Lambrusco là một loại rượu vang đỏ sủi bọt nhẹ (frizzante) có nguồn gốc từ vùng Emilia-Romagna của Ý, được chế biến từ nho Lambrusco bản địa bằng phương pháp Charmat để đạt được độ sủi bọt đặc trưng. Loại rượu đa năng này có nhiều loại từ khô đến ngọt, có hương vị quả mọng sống động và tông màu đất với nồng độ cồn vừa phải (8-11% ABV) và theo truyền thống được phục vụ ướp lạnh cùng với các món ăn phong phú như thịt ướp muối và pho mát ủ lâu năm. Nồng độ cồn thấp hơn so với rượu vang tĩnh dẫn đến ít calo và carbohydrate hơn, đồng thời duy trì các hợp chất chống oxy hóa đặc trưng của các loại rượu vang đỏ.",80
05efd486-51df-5119-9a17-2eb713f1d494,,,"Lưỡi bò, tươi sống (Beef Tongue, Raw)",INGREDIENT,224.0,14.9,16.1,3.68,0.0,0.0,69.0,de172d43-2578-4f27-a571-6d871460d273,,,"Lưỡi bò là một loại nội tạng giàu dinh dưỡng được đặc trưng bởi kết cấu cơ bắp đặc biệt và hương vị đậm đà. Món thịt sống này đòi hỏi phải làm sạch kỹ lưỡng và nấu lâu để biến kết cấu chắc chắn của nó thành loại thịt mềm được đánh giá cao trong nhiều nền ẩm thực trên thế giới. Lưỡi bò tươi đặc biệt giàu protein, vitamin B, sắt, kẽm, đồng thời cung cấp nguồn đáng kể các khoáng chất thiết yếu và protein hoàn chỉnh.",80
20edcd31-d9db-5091-8b37-f7b1c32fd461,,,"Mề gà, tươi sống (Chicken Gizzard, Raw)",INGREDIENT,94.0,17.7,2.06,0.0,0.0,0.0,69.0,de172d43-2578-4f27-a571-6d871460d273,,,"Mề gà là một cơ quan từ đường tiêu hóa của gia cầm có chức năng nghiền thức ăn một cách tự nhiên cho chim. Loại thịt nạc này đặc biệt giàu chất dinh dưỡng, cung cấp nguồn protein, sắt và kẽm tuyệt vời trong khi vẫn ít chất béo. Mề sống có kết cấu chắc, đặc với màu xám tím đặc biệt và thường cần nấu lâu để trở nên mềm do mật độ mô liên kết cao.",80
e49c7348-fdec-5298-9e88-42a4ba7dd6d0,,,"Xúc xích Cumberland, nấu chín (Cumberland Sausage, Cooked)",DISH,322.0,13.8,25.1,9.3,0.0,1.0,900.0,de172d43-2578-4f27-a571-6d871460d273,,,"Xúc xích Cumberland là một loại xúc xích thịt lợn truyền thống của Anh được phân biệt bởi hình dạng xoắn ốc liên tục đặc trưng và cách gia vị đậm đà. Xúc xích thịnh soạn này được làm từ thịt lợn băm nhỏ chứ không phải băm nhỏ và có hỗn hợp gia vị hạt tiêu đặc biệt mà không có cây xô thơm thường thấy như các loại xúc xích khác của Anh. Khi nấu chín, nó có lớp vỏ ngoài màu nâu vàng trong khi vẫn giữ được phần bên trong có kết cấu thô, mọng nước, đặc trưng của di sản vùng.",80
7b97fbd7-02ff-5977-8ffd-20bd6fd3c234,,,"Thịt cừu ống, tươi sống (Lamb Shanks, Raw)",INGREDIENT,185.0,19.3,11.8,0.41,0.0,0.0,76.0,de172d43-2578-4f27-a571-6d871460d273,,,"Bắp cừu là một loại thịt có xương, thơm ngon có nguồn gốc từ phần dưới của cừu, đặc trưng bởi mô liên kết dày đặc nên cần các phương pháp nấu chậm, ẩm như om để đạt được độ mềm. Loại thịt đỏ này cung cấp một lượng đáng kể protein và sắt sinh khả dụng nhưng chứa hàm lượng chất béo bão hòa cao hơn so với những miếng thịt nạc. Khi được chuẩn bị đúng cách, các mô liên kết giàu collagen sẽ phân hủy thành gelatin, tạo ra cảm giác ngon miệng lý tưởng cho các món hầm thịnh soạn và các món ăn lấy cảm hứng từ Địa Trung Hải.",80
fe5f31aa-b16d-567d-b01e-59d8fef13e4e,,,Thịt dê quay (Roasted Goat),DISH,143.0,27.1,3.03,0.0,0.0,0.0,86.0,de172d43-2578-4f27-a571-6d871460d273,,,"Dê nướng là loại thịt nạc đỏ được đánh giá cao nhờ kết cấu mềm và hương vị đậm đà, hơi béo được tăng cường bằng phương pháp nấu chậm. So với thịt cừu hoặc thịt bò, nó chứa ít chất béo bão hòa hơn trong khi cung cấp protein chất lượng cao và lượng sắt và kali đáng chú ý. Thịt có bề ngoài giòn, có màu caramen khi nướng với các gia vị truyền thống như tỏi, hương thảo hoặc thì là, phản ánh sự nổi bật của nó trong các món ăn Trung Đông, Caribe và Nam Á.",75
f8e8d515-1fa0-55b1-996b-cdee9a84b549,,,"Sườn bê, tươi sống (Veal Ribs, Raw)",INGREDIENT,162.0,18.9,9.01,0.0,0.0,0.0,89.0,de172d43-2578-4f27-a571-6d871460d273,,,"Sườn bê là những miếng thịt mềm từ thịt bò non, thường dưới 6 tháng tuổi, mang lại hương vị nhẹ nhàng hơn so với sườn bò trưởng thành. Những vết cắt màu hồng nhạt đến đỏ nhạt này có vân cẩm thạch tinh tế và đặc biệt mềm do tuổi của con vật và sự phát triển cơ bắp hạn chế. Sườn bê sống rất giàu protein và chứa các chất dinh dưỡng quan trọng như kẽm và vitamin B12, đồng thời thường có hàm lượng chất béo ít hơn so với thịt bò.",75
1f93afe8-5f45-5e6f-ae0e-19b0f31bd89d,,,"Cánh vịt, tươi sống (Duck Wings, Raw)",INGREDIENT,404.0,11.5,39.3,0.0,0.0,0.0,63.0,de172d43-2578-4f27-a571-6d871460d273,,,"Cánh vịt là món thịt gia cầm được cắt bao gồm toàn bộ phần cánh từ vai đến đầu, bao gồm da, thịt và xương. Mặc dù có cấu trúc tương tự như cánh gà nhưng chúng chứa nhiều chất béo hơn đáng kể - đặc biệt là chất béo bão hòa - do lượng mỡ dự trữ tự nhiên và lớp da dày đặc của vịt. Thịt sẫm màu trở nên mềm khi được nấu chín chậm thông qua các phương pháp như om hoặc rang, trong đó da tạo ra lượng chất béo đáng kể cần được xem xét cụ thể trong việc theo dõi chất dinh dưỡng đa lượng.",80
382c06c7-d9ae-5fe7-87bb-3a8e78722ef6,,,Đuôi bò (Beef Oxtail),INGREDIENT,245.0,23.0,17.0,0.0,0.0,0.0,75.0,de172d43-2578-4f27-a571-6d871460d273,,,"Đuôi bò là phần thịt đuôi bò giàu collagen, được đánh giá cao nhờ kết cấu sền sệt khi nấu chậm. Miếng thịt nhiều xương, nhiều mỡ này cần phải om hoặc hầm để phá vỡ các mô liên kết dày đặc của nó thành phần thịt mềm với hương vị đậm đà, thơm ngon. Là một món ăn chủ yếu trong các món ăn tiện lợi trên toàn cầu như *kkori gomtang* của Hàn Quốc hoặc súp Jamaica, nó cung cấp lượng protein và sắt đáng kể nhưng cần chuẩn bị lâu hơn so với những miếng thịt nạc.",80
bbd98a73-fca7-5f70-a8cd-6e4ec0613537,,,Lòng trắng trứng vịt (Duck Egg Whites),INGREDIENT,55.0,11.5,0.3,0.7,0.0,0.7,55.0,de172d43-2578-4f27-a571-6d871460d273,,,"Lòng trắng trứng vịt là chất lỏng trong suốt, giàu protein được tách ra từ lòng đỏ trứng vịt, cung cấp lượng protein trong mỗi khẩu phần nhiều hơn khoảng 30% so với lòng trắng trứng gà. Độ nhớt dày hơn của chúng tạo ra bọt dày đặc hơn khi đánh bông, khiến chúng đặc biệt có giá trị trong các ứng dụng làm bánh ngọt để làm bánh trứng đường và bánh soufflé ổn định. Mặc dù về mặt dinh dưỡng tương tự như lòng trắng trứng gà, nhưng chúng vẫn có khả năng gây dị ứng tương tự mặc dù có nguồn gốc từ nguồn gia cầm khác.",80
ea64d513-5114-5b40-a95e-595556174389,,,Gan heo xúc xích (Pork Liverwurst),DISH,326.0,14.1,28.5,2.2,0.0,0.0,860.0,de172d43-2578-4f27-a571-6d871460d273,,,"Xúc xích gan lợn là một loại xúc xích phết kiểu truyền thống của châu Âu được làm chủ yếu từ gan lợn và các loại thịt lợn khác, được nghiền mịn với gia vị. Món thịt béo ngậy, có kết cấu mịn này nổi bật nhờ hàm lượng vitamin A, sắt và vitamin B đặc biệt cao, đặc biệt là B12. Thường được phục vụ lạnh như một món phết cho bánh mì sandwich hoặc bánh quy giòn, ganwurst cung cấp một nguồn protein đậm đặc và các chất dinh dưỡng thiết yếu, mặc dù nó cũng chứa nhiều chất béo bão hòa và cholesterol.",80
c917d39c-ecc6-5b86-8f03-51a796eadcb7,,,"Bít tết cá bơn ướp, tươi sống (Marinated Halibut Steak, Raw)",INGREDIENT,151.0,21.0,7.0,1.0,0.0,1.0,300.0,de172d43-2578-4f27-a571-6d871460d273,,,"Bít tết cá bơn ướp là một chế phẩm sống từ cá dẹt nạc, thịt chắc được ngâm trong hỗn hợp chất lỏng dày dặn, thường chứa dầu, cam quýt hoặc giấm và các loại thảo mộc để tăng hương vị và độ mềm. Loại cá Bắc Thái Bình Dương này cung cấp protein chất lượng cao và axit béo omega-3 tốt cho tim, mặc dù nước xốt có thể thêm natri hoặc đường tùy theo công thức. Các miếng bít tết được thiết kế để nấu ngay—thường là nướng hoặc nướng—với độ dày rộng cần phải theo dõi nhiệt độ bên trong cẩn thận để duy trì độ ẩm.",75
ac3bbd6d-8c50-5ff4-87fc-c2b332807f80,,,"Thịt nai quay, tươi sống (Venison Roast, Raw)",INGREDIENT,120.0,23.0,2.42,0.0,0.0,0.0,51.0,de172d43-2578-4f27-a571-6d871460d273,,,"Thịt nai nướng là một loại thịt nai nạc được biết đến với màu đỏ đậm và hương vị đậm đà, đậm đà. Loại thịt này đặc biệt ít chất béo trong khi lại đặc biệt giàu protein và sắt, chứa ít calo và cholesterol hơn so với những miếng thịt bò tương đương. Thịt nai nướng sống thường được lấy từ vai hoặc chân sau của hươu và yêu cầu kỹ thuật nấu thích hợp để thịt nạc không bị dai.",75
f05a6cdc-8df9-5a32-b73a-ec7d6da0fd8c,,,Pâté gan heo (Pork Liver Pâté),DISH,236.38,11.3,19.2,5.3,0.4,3.7,718.0,de172d43-2578-4f27-a571-6d871460d273,,,"Pate gan heo là một chế phẩm đậm đà, dễ phết được làm từ gan heo nấu chín và xay nhuyễn kết hợp với các loại thảo mộc, gia vị và thường là bơ hoặc kem. Thực phẩm đậm đặc này đặc biệt chứa nhiều vitamin A, sắt và vitamin B, mặc dù hàm lượng vitamin A cao có nghĩa là nên tiêu thụ ở mức độ vừa phải. Kết cấu kem mịn và hương vị thơm phức tạp khiến nó trở thành lựa chọn truyền thống để phết lên bánh mì hoặc bánh quy giòn, đặc biệt là trong ẩm thực Châu Âu.",80
b1e2cc00-cf58-55cf-bd34-eabaaaa6c407,,,Hỗn hợp gia vị Korma (Korma Paste),DISH,231.0,3.0,17.0,11.2,2.4,8.8,480.0,de172d43-2578-4f27-a571-6d871460d273,,,"Bột dán Korma là một loại cà ri đậm đặc của Ấn Độ được làm từ hỗn hợp các loại hạt xay, gia vị thơm và các chất thơm như gừng, tỏi và dừa. Bột nấu ăn nhẹ và dạng kem này dùng làm nền tảng cho các món cà ri korma, được biết đến với hương vị đậm đà, gia vị tinh tế mà không cần nhiều nhiệt. Bột nhão thường chứa hạt điều hoặc hạnh nhân, làm cho nó trở thành nguồn cung cấp chất béo lành mạnh đồng thời tạo thêm độ đặc đặc trưng cho các món ăn thành phẩm.",75
0798391f-a782-5948-bdcf-6b7b888daa39,,,Xúc xích thịt nai (Venison Sausage),DISH,160.0,16.0,8.0,6.0,0.0,6.0,800.0,de172d43-2578-4f27-a571-6d871460d273,,,"Xúc xích nai là sản phẩm thịt chế biến được làm từ thịt hươu xay kết hợp với các loại gia vị và gia vị xúc xích truyền thống. Loại nạc thay thế cho xúc xích thịt lợn thông thường này mang lại hương vị đậm đà, thơm ngon đồng thời cung cấp hàm lượng protein và sắt cao hơn với chất béo bão hòa ít hơn đáng kể. Xúc xích nấu chín duy trì kết cấu chắc và màu nâu đỏ đậm, thường có các gia vị thơm như cây xô thơm, tỏi và hạt tiêu đen để bổ sung cho hương vị đặc biệt của thịt hươu.",80
5513169d-3fcc-567a-929b-7d92e56e8248,,,"Ức vịt Magret, tươi sống (Magret Duck Breast, Raw)",INGREDIENT,198.0,18.0,14.0,0.0,0.0,0.0,59.0,de172d43-2578-4f27-a571-6d871460d273,,,"Ức vịt Magret là loại gia cầm cao cấp được cắt từ vịt Moulard (giống vịt lai Bắc Kinh-Muscovy), đặc trưng bởi lớp mỡ dưới da dày và thịt có màu đỏ đậm. Món cắt có nguồn gốc từ Pháp này chứa gần gấp đôi chất béo không bão hòa đơn của ức gà đồng thời cung cấp 20-25 gam protein trên mỗi khẩu phần 100g, với lớp mỡ tạo thành lớp da giòn khi được áp chảo đúng cách. Được đánh giá cao về ẩm thực cao cấp, nó là món ăn trung tâm của các món ăn như vịt à l'orange và đặc biệt kết hợp với các loại trái cây có vị chua để cân bằng độ đậm đà của nó.",80
b69dd7ed-6165-5b4b-8702-2ee3f92ed509,,,Ức vịt hun khói (Smoked Duck Breast),DISH,249.0,23.0,17.0,1.0,0.0,1.0,500.0,de172d43-2578-4f27-a571-6d871460d273,,,"Ức vịt hun khói là một miếng thịt chim nước đậm đà, thơm ngon đã được xử lý và hun khói từ từ để phát triển màu đỏ đậm đặc trưng và hương vị thơm ngon đậm đà. Phương pháp chế biến này tạo ra lớp thịt bên trong mềm mại với một lớp mỡ được tạo ra bên dưới da, đồng thời cung cấp nguồn protein và vitamin B thiết yếu. Thịt thường được thái lát mỏng, để nguội như món thịt nướng hoặc hâm nóng nhẹ như thành phần của món chính.",80
91aea0bf-03c8-59c3-bad5-c911fa9ea8ca,,,"Bít tết cá marlin, tươi sống (Marlin Steak, Raw)",INGREDIENT,100.0,25.0,0.3,0.0,0.0,0.0,40.0,de172d43-2578-4f27-a571-6d871460d273,,,"Bít tết Marlin là một miếng thịt dày đặc được cắt từ một loài cá nước mặn lớn, được nhận biết bởi thịt màu đỏ đậm và kết cấu chắc tương tự như cá ngừ hoặc cá kiếm. Nguồn protein nạc này rất giàu selen và vitamin B12 nhưng chứa hàm lượng thủy ngân vừa phải, nên nên kiểm soát khẩu phần ăn. Cấu trúc chắc chắn của nó có khả năng chịu đựng tốt các phương pháp nấu ở nhiệt độ cao như nướng hoặc áp chảo, mặc dù vậy, nên nấu chín kỹ do có thể có ký sinh trùng trong chế phẩm thô.",75
32fde59c-9eab-5c9d-a815-34ce1115c6b2,,,Xúc xích tiết (Blood Sausage),DISH,249.0,16.83,14.61,11.68,0.0,1.68,1002.0,de172d43-2578-4f27-a571-6d871460d273,,,"Xúc xích huyết là một sản phẩm thịt truyền thống được làm từ huyết nấu chín (thường là thịt lợn hoặc thịt bò) kết hợp với thịt, mỡ và các chất độn khác nhau như ngũ cốc hoặc hành. Loại xúc xích có màu sẫm này, được gọi là bánh pudding đen ở Anh và morcilla ở Tây Ban Nha, đặc biệt giàu chất sắt và protein. Khi nấu chín, nó có kết cấu đặc, giòn và hương vị thơm ngon đậm đà, thường được thái lát và chiên áp chảo như một phần của món ăn sáng truyền thống hoặc đặc sản của vùng.",80
54d4b269-aa1f-563b-8d87-ae5a8d794a4c,,,Pâté gan gà (Chicken Liver Pâté),DISH,201.0,13.4,13.1,6.55,0.0,0.0,386.0,de172d43-2578-4f27-a571-6d871460d273,,,"Pate gan gà là một loại sốt đậm đặc chất dinh dưỡng được làm bằng cách nghiền nhuyễn gan gà nấu chín với bơ hoặc kem, tạo ra kết cấu mịn, đậm đà với hương vị đất đặc trưng. Chế phẩm giàu protein này có hàm lượng sắt và vitamin A đặc biệt cao, mặc dù hàm lượng calo của nó phản ánh lượng chất béo bổ sung. Theo truyền thống, nó được phục vụ ướp lạnh như một món khai vị, nó kết hợp với bánh mì giòn hoặc bánh quy giòn và được đánh giá cao trong ẩm thực sành ăn nhờ cảm giác ngon miệng sang trọng và vị umami đậm đặc.",80
186503c8-1833-5060-aafe-9b3cdd920a77,,,"Gà tây nguyên con xếp, tươi sống (Spatchcocked Whole Turkey, Raw)",INGREDIENT,144.0,21.6,5.64,0.14,0.0,0.07,112.0,de172d43-2578-4f27-a571-6d871460d273,,,"Gà tây nguyên con luộc là một chế phẩm gia cầm sống trong đó xương sống được loại bỏ và gà được làm phẳng để tạo độ dày đồng đều khi nấu. Kỹ thuật này giúp giảm thời gian rang tới 50% so với các phương pháp truyền thống trong khi vẫn đảm bảo phân bổ nhiệt đều, đặc biệt có lợi cho việc duy trì độ ẩm trong thịt nạc ức. Thịt sống cung cấp protein chất lượng cao với hàm lượng chất béo tập trung ở da, cho phép điều chỉnh dinh dưỡng thích hợp cho chế độ ăn ít chất béo khi chế biến không có da.",80
d61f26c6-fc9c-5d4a-80d7-740ee6e7e468,,,"Móng heo, tươi sống (Pork Trotters, Raw)",INGREDIENT,213.0,23.2,12.6,0.0,0.0,0.0,132.0,de172d43-2578-4f27-a571-6d871460d273,,,"Móng giò lợn là phần dưới của chân lợn, được đánh giá cao nhờ hàm lượng collagen cao và các mô liên kết dày đặc chuyển thành gelatin khi nấu chậm. Miếng thịt dai, nhiều xương này đòi hỏi phải om, hầm hoặc nấu áp suất kéo dài để đạt được kết cấu mềm đặc trưng, ​​thường đặc trưng trong các món ăn như thịt lúp xúp om đỏ của Trung Quốc hoặc rau xanh cải rổ miền Nam Hoa Kỳ. Mặc dù giàu protein và khoáng chất như kẽm, nhưng chúng lại chứa chất béo và calo đáng kể, khiến việc nhận thức về khẩu phần ăn trở nên quan trọng đối với việc theo dõi dinh dưỡng.",80
8d7c52dd-935c-5d5e-92f0-87a246cd8b72,,,"Sườn dê, tươi sống (Goat Ribs, Raw)",INGREDIENT,175.0,28.0,7.0,0.0,0.0,0.0,70.0,de172d43-2578-4f27-a571-6d871460d273,,,"Sườn dê là phần thịt nạc lấy từ phần lồng sườn của những con dê đã thuần hóa, được biết đến với hương vị đặc trưng của thịt thú rừng. Phần cắt này thường chứa ít chất béo hơn so với các phần tương đương từ thịt cừu hoặc thịt bò, đồng thời cung cấp protein chất lượng cao và các khoáng chất thiết yếu như sắt và kẽm. Sườn dê sống có màu từ hồng đến đỏ đặc trưng và cần nấu kỹ để có độ mềm và đảm bảo an toàn thực phẩm.",75
fed1bd20-55a9-5bd8-a632-7ee399c81791,,,"Bí Delicata nhồi xúc xích (Delicata Squash, Stuffed with Sausage)",DISH,194.0,9.0,10.0,17.0,2.5,8.0,300.0,de172d43-2578-4f27-a571-6d871460d273,,,"Bí đao nhồi xúc xích là món ăn theo mùa gồm có quả bí mùa đông thuôn dài, vỏ mềm ăn được và thịt màu cam ngọt nhẹ. Khi rang, bí sẽ có màu caramen tự nhiên, bổ sung thêm nhân xúc xích thơm ngon, bổ sung thêm protein chất lượng cao và đậm đà. Chế phẩm này cân bằng hàm lượng carbohydrate thấp hơn và chất xơ đáng chú ý của bí với nguồn protein dồi dào, tạo ra một bữa ăn đầy đủ dinh dưỡng tập trung vào hương vị ngọt và mặn tương phản của nó.",80
39a370fb-8db5-5b23-88a1-0c10447c4da5,,,"Thịt bò muối phủ mù tạt, nấu chín (Corned Beef with Mustard Coating, Cooked)",DISH,251.0,27.0,19.0,2.0,0.0,2.0,973.0,de172d43-2578-4f27-a571-6d871460d273,,,"Thịt bò bắp phủ mù tạt là một món thịt bò ướp muối truyền thống được làm bằng cách ngâm ức trong dung dịch nước muối có gia vị trong vài ngày. Thịt nấu chín được phủ một lớp mù tạt thơm để cân bằng vị mặn đậm đà đặc trưng của nó, thường được chế biến bằng cách đun sôi hoặc quay chậm cho đến khi chín mềm. Mặc dù cung cấp lượng protein đáng kể nhưng món ăn này lại có hàm lượng natri và chất béo bão hòa cao đáng kể do quá trình xử lý và cắt thịt có vân cẩm thạch.",80
8f5d6b4e-4c59-5112-9dc6-dfa50219c8b7,,,Trứng vịt (Duck Eggs),INGREDIENT,184.0,12.8,13.8,1.43,0.0,0.93,146.0,de172d43-2578-4f27-a571-6d871460d273,,,"Trứng vịt là loại trứng gia cầm giàu chất dinh dưỡng, nổi bật vì kích thước lớn hơn và hương vị đậm đà hơn so với trứng gà tiêu chuẩn. Chúng chứa nhiều hơn khoảng 30% protein và chất béo trên mỗi quả trứng, với lòng đỏ lớn không cân đối mang lại độ đậm đà đặc biệt cho các món nướng và sữa trứng. Mặc dù lớp vỏ dày màu trắng của chúng (thường có màu trắng hoặc lốm đốm) mang lại độ tươi lâu hơn, nhưng hàm lượng cholesterol cao hơn và khả năng gây dị ứng mạnh hơn đòi hỏi phải xem xét một số kế hoạch ăn kiêng.",80
25386091-e40c-5360-a52d-11b4be1c3c84,,,Bữa ăn cho trẻ mới biết đi gà và rau củ (Chicken and Vegetables Toddler Meal),INGREDIENT,65.5,3.62,2.41,7.53,0.85,1.57,29.5,de172d43-2578-4f27-a571-6d871460d273,,,"Bữa ăn gà và rau củ dành cho trẻ mới biết đi là món ăn có kết cấu mềm, được chia khẩu phần sẵn, được thiết kế để đáp ứng nhu cầu dinh dưỡng và phát triển của trẻ nhỏ. Nó thường kết hợp thịt gà thái hạt lựu hoặc xay nhuyễn với các loại rau nhẹ, dễ tiêu hóa như cà rốt, đậu Hà Lan hoặc khoai lang, cung cấp cân bằng protein, sắt và vitamin A. Những bữa ăn này được chế biến không thêm muối hoặc gia vị nhân tạo, ưu tiên an toàn cho khẩu vị nhạy cảm đồng thời cung cấp cho người chăm sóc một lựa chọn thuận tiện, sẵn sàng phục vụ.",80
3c3865f4-9e76-5acc-9774-adb282d70ac4,,,Thịt cừu ống cà ri (Curried Lamb Shank),DISH,218.0,26.0,12.0,0.0,0.0,0.0,65.0,de172d43-2578-4f27-a571-6d871460d273,,,"Thịt cừu hầm cà ri là một món ăn được nấu chậm với phần thịt mềm từ phần chân dưới của thịt cừu, om trong nước sốt cà ri đậm đà với gia vị thơm. Phương pháp chế biến thịnh soạn này biến miếng thịt dai tự nhiên thành những miếng thịt mềm dùng nĩa đồng thời truyền vào nó những hương vị phức hợp từ các loại gia vị cà ri truyền thống như nghệ, thì là và rau mùi. Món ăn đặc biệt giàu protein và sắt, qua quá trình nấu nướng kéo dài sẽ tạo ra chất béo và tạo ra nước sốt sền sệt sang trọng.",80
68de73fd-0e3c-5f71-a414-2a9cdb1ecdb3,,,Muhammara (Muhammara),DISH,330.0,6.0,25.0,20.0,5.0,4.0,250.0,de172d43-2578-4f27-a571-6d871460d273,,,"Muhammara là một món ăn Trung Đông có nguồn gốc từ Syria được làm từ ớt đỏ nướng, quả óc chó, vụn bánh mì và mật lựu. Hỗn hợp đậm đặc chất dinh dưỡng này cung cấp protein có nguồn gốc từ thực vật và chất béo không bão hòa đơn từ quả óc chó, cùng với chất chống oxy hóa từ ớt, đồng thời vẫn là món thuần chay tự nhiên và không chứa gluten khi sử dụng vụn bánh mì tuân thủ. Sự cân bằng đặc trưng của vị ngọt khói, vị đậm đà của lựu và vị cay nhẹ từ các loại gia vị như thì là và hạt tiêu Aleppo khiến món ăn này trở thành món chấm linh hoạt cho bánh mì dẹt hoặc món ăn kèm cho các món nướng.",80
37261482-c9c8-5a61-838b-a5b36fe3a4ef,,,"Cổ gà, tươi sống (Chicken Necks, Raw)",INGREDIENT,297.0,14.1,26.2,0.0,0.0,0.0,64.0,de172d43-2578-4f27-a571-6d871460d273,,,"Cổ gà là phần thịt gia cầm rẻ tiền bao gồm đốt sống, mô liên kết và thịt xung quanh từ vùng cổ gà. Những bộ phận này đặc biệt giàu collagen và khoáng chất, khiến chúng có giá trị trong việc hầm xương và chế biến món kho. Cổ gà sống chứa một lượng nhỏ thịt quanh xương và cần phải nấu kỹ để đảm bảo an toàn thực phẩm, đồng thời hàm lượng gelatin cao góp phần tạo nên nước dùng đậm đà, thơm ngon.",80
3b9b8fc2-4aac-51db-b65c-cb6dc97f3ce6,,,"Da gà, tươi sống (Chicken Skin, Raw)",INGREDIENT,349.0,13.3,32.4,0.0,0.0,0.0,63.0,de172d43-2578-4f27-a571-6d871460d273,,,"Da gà là lớp mỡ bên ngoài của gia cầm, thường được loại bỏ trong quá trình chế biến thịt do hàm lượng chất béo bão hòa và calo cao. Mặc dù giàu collagen và mô liên kết góp phần tạo nên kết cấu mềm khi nấu chín, nhưng nó lại trở nên giòn khi chiên hoặc rang và đôi khi được sử dụng để tăng thêm hương vị cho món kho hoặc làm chất béo nấu ăn. Thành phần dinh dưỡng của nó làm cho nó trở thành một thành phần chứa nhiều calo tốt nhất nên tiêu thụ ở mức độ vừa phải.",80
6bf3ce45-e026-5888-9ace-9bc73c56a9ee,,,"Bít tết thịt nai, tươi sống (Venison Steak, Raw)",INGREDIENT,120.0,23.0,2.42,0.0,0.0,0.0,51.0,de172d43-2578-4f27-a571-6d871460d273,,,"Thịt nai bít tết là một loại thịt nạc được cắt từ hươu, có đặc điểm là màu đỏ đậm và hàm lượng chất béo thấp hơn đáng kể so với thịt bò bít tết. Loại thịt giàu protein này đặc biệt chứa nhiều sắt, vitamin B và axit linoleic liên hợp (CLA), đồng thời cung cấp hàm lượng khoáng chất đậm đặc hơn so với các loại thịt được thuần hóa. Thịt nai sống thường có vẻ dày đặc và chắc chắn với ít vân cẩm thạch, phản ánh nguồn gốc hoang dã hoặc nuôi dưỡng trong trang trại và chế độ ăn tự nhiên của hươu.",75
a321ac9b-3edf-5675-a9bd-f62394538215,,,Vịt confit (Duck Confit),DISH,326.0,23.0,26.0,0.0,0.0,0.0,520.0,de172d43-2578-4f27-a571-6d871460d273,,,"Duck confit là một món ăn cổ điển của Pháp, trong đó chân vịt được muối và nấu chín từ từ trong mỡ của chính chúng cho đến khi đặc biệt mềm. Phương pháp bảo quản này tạo ra thịt có vị đậm đà và mọng nước đặc biệt với hương vị đậm đặc và lớp vỏ giòn khi phục vụ. Quá trình nấu dẫn đến hàm lượng chất béo cao hơn thịt vịt thông thường, đồng thời tạo ra protein vừa có hương vị đậm đà vừa mềm tan chảy.",80
2a092766-2f07-5726-8a1c-cbd5a43d5e96,,,"Thịt dê hầm, tươi sống (Goat Stew Meat, Raw)",INGREDIENT,109.0,20.6,2.31,0.0,0.0,0.0,82.0,de172d43-2578-4f27-a571-6d871460d273,,,"Thịt dê hầm là loại thịt nạc, màu đỏ sẫm được cắt thành khối có kích thước đặc biệt để nấu chậm. Loại thịt giàu protein này nạc hơn thịt bò hoặc thịt cừu một cách tự nhiên, có hương vị đặc trưng nhưng dịu nhẹ, trở nên mềm khi om hoặc hầm. Thịt dê sống có đặc điểm là kết cấu chắc và màu đỏ đậm, mang đến sự thay thế lành mạnh cho các loại thịt đỏ truyền thống đồng thời ít chất béo bão hòa và calo hơn.",80
47c926f5-c747-53d7-ae29-7fd12670543f,,,Xúc xích thịt nai sừng tấm (Elk Sausage),DISH,290.0,16.0,25.0,1.0,0.0,1.0,950.0,de172d43-2578-4f27-a571-6d871460d273,,,"Xúc xích nai sừng tấm là sản phẩm thịt nạc được làm từ thịt nai sừng tấm xay kết hợp với các loại gia vị và gia vị. Món thay thế giàu protein này cho xúc xích thịt lợn hoặc thịt bò truyền thống chứa ít chất béo và cholesterol hơn đồng thời mang lại hương vị đặc trưng của thú săn hoang dã nhẹ hơn thịt nai. Khi nấu chín, xúc xích nai sừng tấm cung cấp nguồn sắt, vitamin B và protein chất lượng cao đồng thời vẫn giữ được kết cấu mềm hơn các loại xúc xích thịt thú săn khác.",80
bd27516e-22d3-5807-822a-1e06ee6e98d1,,,"Mề gà tây, tươi sống (Turkey Gizzards, Raw)",INGREDIENT,111.0,18.8,3.37,0.0,0.0,0.0,147.0,de172d43-2578-4f27-a571-6d871460d273,,,"Mề gà tây là cơ quan cơ bắp từ đường tiêu hóa của gà tây, đóng vai trò là nguồn protein giàu dinh dưỡng và tiết kiệm. Những cơ quan thịt săn chắc, sẫm màu này đặc biệt giàu sắt, kẽm và vitamin B, đồng thời ít chất béo tự nhiên. Mề sống có kết cấu đặc, dai và thường yêu cầu các phương pháp nấu lâu, chậm như om hoặc hầm để trở nên mềm và ngon miệng.",80
a2c48a5b-ce67-5c16-8f66-d816af1d1e42,,,"Chân gà, tươi sống (Chicken Feet, Raw)",INGREDIENT,172.0,15.5,12.0,0.2,0.0,0.2,64.0,de172d43-2578-4f27-a571-6d871460d273,,,"Chân gà là các chi chưa được nấu chín của gà, bao gồm chủ yếu là da, mô liên kết và xương nhỏ. Những phần giàu protein này đặc biệt có giá trị vì hàm lượng collagen cao, chất này chuyển hóa thành gelatin trong khi nấu và có lợi cho sức khỏe khớp và da. Chân gà sống cần được làm sạch và nấu kỹ trước khi tiêu thụ và đặc biệt nổi bật trong các món ăn Trung Quốc, Philippines và các món ăn châu Á khác, nơi chúng được đánh giá cao vì chế biến được nước dùng và súp đậm đà.",80
a294c41c-96f5-5412-a938-c3eacd84bcf8,,,"Tim gà, tươi sống (Chicken Hearts, Raw)",INGREDIENT,151.55,15.58,9.65,0.71,0.0,0.0,70.7,de172d43-2578-4f27-a571-6d871460d273,,,"Tim gà là loại nội tạng nhỏ, nạc, là một trong những dạng nội tạng giàu dinh dưỡng nhất. Những cơ quan này đặc biệt giàu sắt, kẽm và vitamin B, đặc biệt là B12, đồng thời cung cấp nguồn protein đậm đặc. Tim gà sống có màu đỏ sẫm, thường có kích thước bằng một quả nho lớn và thường được sử dụng trong các món ăn truyền thống trên toàn thế giới, mặc dù chúng phải được nấu chín kỹ trước khi dùng.",80
d721c35d-523e-5172-be05-1d1a21c65afc,,,"Bít tết cá pike, tươi sống (Pike Steak, Raw)",INGREDIENT,88.0,19.3,0.69,0.0,0.0,0.0,41.0,de172d43-2578-4f27-a571-6d871460d273,,,"Bít tết Pike là miếng thịt nạc được làm từ cá pike nước ngọt, nổi tiếng với thịt chắc, trắng và hương vị nhẹ. Nguồn protein ít béo này đặc biệt giàu vitamin B12, selen và axit béo omega-3. Ở trạng thái thô, bít tết pike có kết cấu bong tróc đặc biệt và có màu từ hồng nhạt đến trắng, cần phải nấu kỹ trước khi tiêu thụ do có nguồn gốc nước ngọt.",75
9447dcf7-fb13-52c8-bf2e-7e7ef96e899e,,,"Xương cổ bò, tươi sống (Beef Neck Bones, Raw)",INGREDIENT,131.4,16.64,7.2,0.0,0.0,0.0,55.2,de172d43-2578-4f27-a571-6d871460d273,,,"Xương cổ bò là phần giàu collagen bao gồm các đốt sống được phân đoạn và thịt xung quanh từ gia súc. Cách cắt tiết kiệm này đòi hỏi phải nấu chậm để phá vỡ các mô liên kết, lý tưởng cho các món nước dùng, món hầm và món om đậm đặc chất dinh dưỡng. Xương giải phóng các khoáng chất như canxi và phốt pho trong khi nấu, trong khi thịt cung cấp hàm lượng protein vừa phải với hàm lượng chất béo cao hơn điển hình của những cơ bắp được tập luyện tốt.",80
09af9fb7-1022-5269-9d74-b753cfbeb015,,,"Tim bò, tươi sống (Beef Heart, Raw)",INGREDIENT,108.0,17.9,3.6,0.32,0.0,0.0,94.0,de172d43-2578-4f27-a571-6d871460d273,,,"Tim bò là loại nội tạng nạc được biết đến với mật độ dinh dưỡng đặc biệt cao và giá cả phải chăng. Cơ quan này đặc biệt giàu CoQ10, vitamin B, sắt và kẽm, đồng thời chứa ít chất béo hơn các loại thịt cơ truyền thống. Tim bò sống có màu đỏ đậm và kết cấu chắc, cần được làm sạch và cắt tỉa đúng cách trước khi nấu và được đánh giá cao trong quá trình nấu từ đầu đến đuôi vì thành phần dinh dưỡng đậm đặc và kết cấu giống như thịt khi chế biến.",80
e9839d8d-d6e7-5d59-8b15-d1209a320773,,,"Mề vịt, tươi sống (Duck Gizzard, Raw)",INGREDIENT,96.0,20.5,1.6,0.6,0.0,0.2,80.0,de172d43-2578-4f27-a571-6d871460d273,,,"Mề vịt là một cơ quan thuộc hệ thống tiêu hóa của các loài chim nước, được đánh giá cao trong nhiều món ăn trên thế giới nhờ kết cấu thịt dày đặc. Thịt nạc nội tạng này đặc biệt giàu protein, sắt và vitamin B, đồng thời chứa rất ít chất béo so với các bộ phận khác của vịt. Mề vịt sống có bề ngoài chắc, màu đỏ sẫm và thường cần được làm sạch kỹ lưỡng và nấu lâu để biến kết cấu dai tự nhiên của nó thành trạng thái mềm.",80
98820d2e-39d7-50b3-921c-1e6e7e68388c,,,Xúc xích đà điểu (Ostrich Sausage),DISH,258.0,22.0,18.0,2.0,0.0,2.0,600.0,de172d43-2578-4f27-a571-6d871460d273,,,"Xúc xích đà điểu là một sản phẩm thịt nạc, màu đỏ được làm từ thịt đà điểu xay với các loại thảo mộc và gia vị. Nó chứa ít chất béo và cholesterol hơn tới 50% so với xúc xích thịt lợn hoặc thịt bò truyền thống đồng thời cung cấp lượng protein tương đương và hàm lượng sắt cao hơn. Hương vị đất nhẹ nhàng kết hợp tốt với các loại gia vị đậm đà và thành phần ít chất béo của nó đòi hỏi phải nấu cẩn thận để tránh bị khô — nướng hoặc áp chảo thời gian ngắn trên lửa vừa sẽ mang lại độ ngon ngọt tối ưu.",80
e70ce379-fd4b-56fc-9a1d-f77535eb467b,,,Thịt bò xay nhuyễn (Pureed Beef),DISH,101.0,11.4,2.5,6.3,1.0,2.5,495.0,de172d43-2578-4f27-a571-6d871460d273,,,"Thịt bò xay nhuyễn là thịt bò xay được nấu chín đã được chế biến thành hỗn hợp mịn, đồng nhất phù hợp với nhu cầu ăn kiêng chuyên biệt. Chế phẩm giàu protein này duy trì các chất dinh dưỡng thiết yếu của thịt bò nguyên con đồng thời dễ tiêu thụ hơn đối với những người gặp khó khăn khi nuốt hoặc lo lắng về răng miệng. Kết cấu mịn, giống như bột nhão khiến nó trở nên lý tưởng cho chế độ ăn kiêng có kết cấu đã được điều chỉnh trong khi vẫn cung cấp đầy đủ protein, sắt và vitamin B đặc trưng của thịt bò.",80
0fe409b2-566f-5e55-a07f-3bf3bad61608,,,"Cổ gà tây, tươi sống (Turkey Neck, Raw)",INGREDIENT,125.0,16.5,6.04,0.0,0.0,0.0,233.0,de172d43-2578-4f27-a571-6d871460d273,,,"Cổ gà tây là một loại thịt gia cầm có xương, giàu collagen, bao gồm các đốt sống và mô liên kết từ vùng cổ của gia cầm. Mặc dù chứa ít thịt hơn thịt ức hoặc đùi, nhưng nó cung cấp lượng protein và khoáng chất đáng kể, với các phương pháp nấu chậm cần thiết để làm mềm các mô dày đặc của nó và chiết xuất collagen vào nước dùng. Cách cắt tiết kiệm này thường được sử dụng để tăng hương vị và dinh dưỡng trong các món kho, súp và món hầm, đồng thời cung cấp hàm lượng chất béo vừa phải tập trung bên dưới da.",80
36fbb07d-8d26-51e3-8b79-3cab1b2ec370,,,"Lưng gà tây, tươi sống (Turkey Back, Raw)",INGREDIENT,168.0,17.86,10.22,0.0,0.0,0.0,68.0,de172d43-2578-4f27-a571-6d871460d273,,,"Lưng gà tây là phần xương của gà tây bao gồm xương sống và phần thịt xung quanh, thường được loại bỏ trong quá trình giết mổ. Phần thịt này chứa tỷ lệ xương trên thịt cao và rất giàu collagen, khiến nó đặc biệt có giá trị để tạo ra nước luộc và nước luộc xương giàu dinh dưỡng. Dạng thô cung cấp các chất dinh dưỡng thiết yếu bao gồm protein và khoáng chất, trong khi thịt và các mô liên kết kèm theo đóng góp các hợp chất hương vị có giá trị trong quá trình nấu.",80
c31cb142-602f-52aa-990d-d5c568cc1b66,,,Thịt gà xay nhuyễn (Pureed Chicken),DISH,139.0,17.7,6.3,1.3,0.0,1.3,443.0,de172d43-2578-4f27-a571-6d871460d273,,,"Thịt gà xay nhuyễn là thịt gà đã được nấu chín đã được chế biến nhuyễn thành một hỗn hợp mịn, đồng nhất. Dạng dễ tiêu hóa này vẫn giữ được hàm lượng protein chất lượng cao của cả con gà đồng thời cung cấp kết cấu phù hợp với chế độ ăn đặc biệt hoặc những người gặp khó khăn khi nuốt. Loại nhuyễn đa năng này có thể được kết hợp vào nhiều món ăn khác nhau hoặc dùng riêng, khiến nó có giá trị trong liệu pháp dinh dưỡng y tế và chế độ ăn kiêng có kết cấu được điều chỉnh.",80
8f0e6a06-29b3-5ee0-be0d-55478319f6cf,,,"Dạ dày bò, tươi sống (Beef Tripe, Raw)",INGREDIENT,85.0,12.1,3.69,0.0,0.0,0.0,97.0,de172d43-2578-4f27-a571-6d871460d273,,,"Lòng bò là lớp lót dạ dày ăn được của gia súc, phổ biến nhất có nguồn gốc từ ba ngăn đầu tiên của dạ dày bò. Ở dạng thô, loại thịt nội tạng có kết cấu tổ ong nhạt này rất giàu protein và chứa một lượng đáng kể vitamin B, kẽm và selen. Mặc dù lòng sống cần được làm sạch kỹ lưỡng và nấu lâu để trở nên mềm và ngon miệng, nhưng nó là một nguyên liệu truyền thống trong nhiều nền ẩm thực toàn cầu và đặc biệt được đánh giá cao nhờ kết cấu độc đáo cũng như lợi ích dinh dưỡng của nó.",80
838ec7bb-9a38-53cb-a4b3-dd5f12daabd3,,,"Vịt hoang dã, nấu chín (Wild Duck, Cooked)",DISH,170.0,30.0,4.35,0.0,0.0,0.0,54.0,de172d43-2578-4f27-a571-6d871460d273,,,"Vịt rừng nấu chín là loài chim săn được biết đến với hương vị đậm đà, đặc trưng, ​​​​thường đậm đà hơn vịt nhà. Là nguồn protein nạc, nó cung cấp các chất dinh dưỡng thiết yếu như sắt và vitamin B. Thịt thường được rang hoặc áp chảo để có kết cấu mềm, mặc dù nó có thể trở nên dai nếu nấu quá chín do hàm lượng chất béo thấp hơn so với vịt nuôi.",80
52033e87-53bc-557a-a233-d39015e57fd6,,,Gan gà tây (Turkey Liver),INGREDIENT,128.0,18.3,5.5,0.0,0.0,0.0,131.0,de172d43-2578-4f27-a571-6d871460d273,,,"Gan gà tây là một loại nội tạng giàu chất dinh dưỡng được đánh giá cao nhờ hàm lượng sắt và vitamin A đặc biệt cao. Mặc dù tương tự như gan gà về thành phần dinh dưỡng, nhưng nó có xu hướng kích thước lớn hơn với hương vị đậm đà hơn một chút, kết hợp tốt với các loại thảo mộc thơm trong món xào và pa tê. Nội tạng giàu protein này cung cấp một lượng đáng kể vitamin B bao gồm folate và B12, mặc dù hàm lượng cholesterol của nó đòi hỏi phải điều độ trong một số chế độ ăn kiêng.",80
e2d5e53e-c7c5-5538-94a7-1691f3c650ce,,,"Bít tết thịt nai sừng tấm, tươi sống (Elk Steak, Raw)",INGREDIENT,111.0,23.0,1.45,0.0,0.0,0.0,58.0,de172d43-2578-4f27-a571-6d871460d273,,,"Bít tết nai sừng tấm là loại thịt đỏ nạc, giàu dinh dưỡng có nguồn gốc từ nai sừng tấm nuôi hoặc hoang dã, được công nhận là chứa ít chất béo hơn 50% so với thịt bò trong khi vẫn cung cấp mức protein tương đương. Loại thịt thú săn này có màu đỏ thẫm và kết cấu chắc, với hương vị đất nhẹ, không có mùi nồng của thịt nai khác. Đá cẩm thạch tối thiểu của nó đòi hỏi phải nấu cẩn thận ở nhiệt độ trung bình hiếm để duy trì độ mềm, khiến nó trở nên phổ biến trong chế độ ăn giàu protein và trong số những người đam mê các loại thịt chăn nuôi bền vững, thả rông.",75
165be350-57ac-5bad-ba73-493e4dc6b0b9,,,"Gà tây hoang dã, tươi sống (Wild Turkey, Raw)",INGREDIENT,140.0,21.4,5.6,0.05,0.0,0.0,60.0,de172d43-2578-4f27-a571-6d871460d273,,,"Gà tây hoang dã sống là loài chim săn bắn cung cấp nguồn protein nạc khi nấu chín. Là một loại thịt thú săn hoang dã, nó có hương vị 'gamey' rõ rệt hơn so với gà tây thuần hóa. Do nguy cơ mắc bệnh do thực phẩm, gà tây hoang dã sống phải được nấu chín kỹ đến nhiệt độ bên trong an toàn trước khi tiêu thụ.",80
edd43ce5-7167-5b4b-8877-a5842f6e2ac6,,,Thịt dê hun khói (Smoked Goat Meat),DISH,143.0,27.1,3.03,0.0,0.0,0.0,250.0,de172d43-2578-4f27-a571-6d871460d273,,,"Thịt dê hun khói là nguồn protein nạc được chế biến thông qua kỹ thuật hun khói gỗ truyền thống để mang lại hương vị đậm đà của đất. Loại thịt thay thế màu đỏ này chứa ít chất béo bão hòa hơn thịt bò hoặc thịt cừu đồng thời cung cấp hàm lượng sắt và vitamin B thiết yếu cao. Quá trình hun khói kéo dài sẽ bảo quản thịt một cách tự nhiên và tạo ra mùi khói đặc biệt, mặc dù hàm lượng natri có thể thay đổi tùy theo phương pháp xử lý.",80
4084a71f-d9c9-5bfa-a0ed-c65a49e6c13b,,,Sâm panh Brut (Brut Champagne),DISH,84.0,0.1,0.0,4.3,0.0,1.2,5.0,de172d43-2578-4f27-a571-6d871460d273,,,"Brut Champagne là loại rượu vang sủi khô được sản xuất độc quyền ở vùng Champagne của Pháp bằng cách sử dụng phương pháp méthode champenoise truyền thống. Đặc trưng bởi độ axit giòn và hương vị tinh tế của cam quýt, táo xanh và khoáng chất, nó chứa ít hơn 12 gam đường dư mỗi lít, khiến nó trở thành phong cách Champagne khô nhất. Loại rượu sủi bọt này thường có 12% ABV và ít calo hơn so với các loại rượu sủi bọt ngọt hơn, mặc dù quá trình sản xuất nó có thể liên quan đến các chất làm mịn không thuần chay như gelatin.",80
45e38399-28c6-58e1-8f10-dfdc383df7b4,,,"Bít tết đà điểu, tươi sống (Ostrich Steak, Raw)",INGREDIENT,114.0,22.5,2.25,0.0,0.0,0.0,68.0,de172d43-2578-4f27-a571-6d871460d273,,,"Bít tết đà điểu là loại thịt đỏ đặc biệt được cắt từ đà điểu nuôi trong trang trại, có đặc điểm là màu đỏ sẫm và bề ngoài giống thịt bò. Loại thịt lạ này nạc hơn đáng kể so với bít tết bò truyền thống, chứa ít chất béo hơn đáng kể trong khi vẫn cung cấp hàm lượng protein tương đương và hàm lượng sắt dồi dào. Thịt đà điểu sống có kết cấu mềm và hương vị nhẹ, cần phải nấu cẩn thận do hàm lượng chất béo thấp để tránh bị khô.",75
c071c48a-1124-545d-9b57-06ec3cf60928,,,Phô mai đầu (Head Cheese),DISH,157.0,13.8,10.9,0.0,0.0,0.0,941.0,de172d43-2578-4f27-a571-6d871460d273,,,"Phô mai đầu không phải là một sản phẩm từ sữa mà là một loại thịt nguội truyền thống hoặc đất nung được làm từ nhiều bộ phận khác nhau của đầu lợn, bao gồm thịt, mỡ và gelatin từ quá trình nấu tự nhiên. Chế phẩm giàu protein này tạo thành một ổ bánh mì chắc, có thể cắt lát được liên kết với nhau bằng collagen tự nhiên, thường có những miếng thịt lơ lửng trong một ma trận gelatin thơm ngon. Là món ăn truyền thống trong nhiều nền ẩm thực châu Âu, nó thường được phục vụ lạnh như một món thịt nguội và có thể trang trí bằng giấm hoặc rau muối.",75
69032e4c-1b8f-5fb6-8bdb-7906a286bbcd,,,Pâté gan vịt (Duck Liver Pâté),DISH,230.0,9.0,16.3,11.7,0.5,8.0,1017.0,de172d43-2578-4f27-a571-6d871460d273,,,"Pate gan vịt là một món ăn sang trọng của Pháp được làm từ gan vịt nấu chín xay nhuyễn trộn với bơ hoặc kem. Được biết đến với kết cấu đặc biệt mịn và hương vị đậm đà của đất, món ngon này cung cấp lượng sắt và vitamin A đậm đặc nhưng chứa đáng kể chất béo bão hòa và cholesterol. Theo truyền thống, nó được phục vụ ướp lạnh trên bánh mì giòn hoặc bánh quy giòn, nó vẫn là món ăn chủ yếu trong các món ăn ngon mặc dù cần có chế độ ăn uống điều độ để tốt cho tim mạch.",80
0ab7d8f7-e221-5776-b727-6c1f3aaaa10a,,,"Sườn thỏ, tươi sống (Rabbit Ribs, Raw)",INGREDIENT,173.0,33.0,3.5,0.0,0.0,0.0,38.0,de172d43-2578-4f27-a571-6d871460d273,,,"Sườn thỏ là những miếng thịt nạc của thịt thú săn có đặc điểm là kích thước nhỏ và cấu trúc tinh tế so với sườn heo hoặc sườn bò truyền thống. Nguồn protein ít béo này mang lại hương vị nhẹ, hơi ngọt và màu hồng nhạt ở trạng thái thô. Sườn thường có nhiều phần nối liền nhau và cần có phương pháp nấu cẩn thận để tránh bị khô do hàm lượng chất béo tối thiểu và kích thước nhỏ.",75
3ea52b38-f1c3-50a7-a449-9ba50a5f77ec,,,"Gà tây nguyên con ngâm nước muối, tươi sống (Brined Whole Turkey, Raw)",INGREDIENT,159.0,19.0,9.1,0.15,0.0,0.08,180.0,de172d43-2578-4f27-a571-6d871460d273,,,"Gà tây nguyên con ngâm muối là sản phẩm gia cầm sống được xử lý trước bằng dung dịch nước muối để tăng cường khả năng giữ ẩm và hương vị trong khi nấu. Phương pháp chế biến này làm tăng đáng kể hàm lượng natri so với gà tây không ngâm nước muối, đòi hỏi phải điều chỉnh gia vị trong công thức nấu ăn. Thường được sử dụng cho các bữa ăn trong ngày lễ, nước muối của chim có thể bao gồm các loại thảo mộc hoặc gia vị, nhưng đặc điểm nổi bật của nó là thịt được tẩm muối vẫn mềm khi rang hoặc hun khói.",80
a12c6111-0fea-5f23-91f5-936a3e0b6ead,,,"Tim gà tây, tươi sống (Turkey Heart, Raw)",INGREDIENT,140.0,16.7,7.44,0.4,0.0,0.0,129.0,de172d43-2578-4f27-a571-6d871460d273,,,"Tim gà tây là một loại nội tạng nạc có đặc điểm là mô cơ dày đặc, màu đỏ sẫm và kết cấu chắc chắn. Loại nội tạng đậm đặc chất dinh dưỡng này đặc biệt giàu sắt, kẽm và vitamin B, đặc biệt là B12, đồng thời cung cấp protein chất lượng cao với hàm lượng chất béo tối thiểu. Là một cơ quan nội tạng, tim gà tây có hương vị nhẹ hơn so với các loại nội tạng khác và cần phải nấu cẩn thận để tránh bị dai nên thích hợp cho các phương pháp nướng, áp chảo hoặc nấu chậm.",80
1a07275e-448e-59ca-beff-3a400bbbc527,,,"Bít tết cá opah, tươi sống (Opah Steak, Raw)",INGREDIENT,105.0,24.0,6.0,0.0,0.0,0.0,50.0,de172d43-2578-4f27-a571-6d871460d273,,,"Opah (còn được gọi là cá mặt trăng) là một loại hải sản lớn, cao cấp được phân biệt bởi thịt màu hồng đậm đến đỏ cam và thành phần dinh dưỡng độc đáo. Loài cá biển sâu này cung cấp nguồn protein nạc, axit béo omega-3 tốt cho tim và selen, đồng thời mang lại kết cấu đặc biệt cứng hơn cá ngừ nhưng tinh tế hơn cá kiếm. Các miếng bít tết sống có vân cẩm thạch xuyên suốt và đặc biệt linh hoạt cho nhiều phương pháp nấu khác nhau, từ nướng đến áp chảo.",75
85befd35-dff5-52c9-a4b1-77a6345243cf,,,"Bít tết cá tầm, tươi sống (Sturgeon Steak, Raw)",INGREDIENT,105.0,16.1,4.04,0.0,0.0,0.0,54.0,de172d43-2578-4f27-a571-6d871460d273,,,"Bít tết cá tầm là loại thịt cá cao cấp được biết đến với kết cấu chắc, thịt và hương vị nhẹ nhàng, tinh tế. Loại cá được đánh giá cao này đặc biệt giàu protein, axit béo omega-3 và vitamin B12, đồng thời chứa ít chất béo hơn nhiều loại cá khác. Thịt cá tầm sống có màu từ trắng ngọc trai đến hồng nhạt đặc biệt, kết cấu đặc, mềm và bong tróc khi nấu chín nên được ưa chuộng trong ẩm thực hải sản cao cấp.",75
0703cbf2-0506-5385-ad5b-2023209b1d5f,,,"Thịt gà tây xay nhuyễn, nấu chín (Turkey Puree, Cooked)",DISH,147.0,30.0,2.0,0.0,0.0,0.0,90.0,de172d43-2578-4f27-a571-6d871460d273,,,"Thổ Nhĩ Kỳ xay nhuyễn là một chế phẩm thịt nấu chín mịn được làm bằng cách trộn hoặc chế biến thịt nạc gà tây thành một hỗn hợp đồng nhất, dễ tiêu hóa. Lựa chọn giàu protein, ít chất béo này đặc biệt có giá trị trong chế độ ăn trị liệu cho những người gặp khó khăn khi nuốt hoặc trẻ sơ sinh chuyển sang thức ăn đặc. Quá trình nấu nướng bảo tồn thành phần axit amin tự nhiên của gà tây đồng thời tạo ra chất nền trung tính thích ứng tốt với cả món mặn và món ăn có gia vị nhẹ.",80
e60bdd41-2158-5645-a791-01f413ce3c94,,,Mũi heo (Pork Snout),INGREDIENT,236.0,26.0,14.0,0.0,0.0,0.0,379.0,de172d43-2578-4f27-a571-6d871460d273,,,"Mõm lợn là một loại nội tạng giàu collagen bao gồm sụn mũi, da và mô mỡ của lợn. Khi nấu chín chậm, mô liên kết dày đặc của nó sẽ phân hủy thành kết cấu dạng sền sệt, khiến nó trở thành nguyên liệu phổ biến trong các món kho, món hầm và các món ăn truyền thống như pozole hoặc chitterlings. Mặc dù có hàm lượng protein cơ thấp nhưng nó cung cấp lượng collagen đáng kể và thường được chế biến chiên như một món ăn nhẹ giòn trong một số món ăn trong vùng.",80
7c77b9b4-a5ac-58b2-8749-f51f864c4cc0,,,Hamantaschen (Hamantaschen),DISH,383.0,6.9,20.0,43.0,2.1,22.0,160.0,de172d43-2578-4f27-a571-6d871460d273,,,"Hamantaschen là một loại bánh ngọt truyền thống của người Do Thái được nhận biết bởi hình dạng tam giác đặc biệt, tượng trưng cho chiếc mũ của nhân vật phản diện trong câu chuyện Purim. Những chiếc bánh quy ngọt này có bột mềm, hơi vụn được gấp xung quanh các loại nhân cổ điển như hạt anh túc (mohn), mứt trái cây hoặc phô mai ngọt. Mặc dù tương tự về mặt dinh dưỡng với bánh mì ngắn, nhưng ý nghĩa văn hóa của chúng như một món ăn trong ngày lễ Purim và hình dạng độc đáo khiến chúng có thể được nhận dạng ngay lập tức trong truyền thống làm bánh của người Do Thái.",80
259e7a27-2f5a-5d15-8c70-0ddff9c5624a,,,Rau diếp cừu (Lambsquarter Greens),INGREDIENT,43.0,4.2,0.8,7.3,4.0,1.0,43.0,de172d43-2578-4f27-a571-6d871460d273,,,"Rau xanh của Lambsquarter là loại rau lá xanh đậm đặc chất dinh dưỡng có liên quan chặt chẽ với quinoa và rau bina, thường được tìm kiếm thay vì trồng trọt. Những loại rau xanh mềm này chứa hàm lượng vitamin A, C và canxi cao hơn cải xoăn hoặc rau bina, với hương vị đất nhẹ và hơi thơm khi sống, êm dịu khi nấu chín. Chúng có thể được ăn tươi trong món salad, xào như rau bina hoặc thêm vào súp, mang đến một lựa chọn bền vững, không chứa gluten, giàu chất chống oxy hóa và khoáng chất.",80
115a9c41-dfbf-5e42-a519-758add9a3fa2,,,Gà tây nguyên con di sản (Heritage Whole Turkey),INGREDIENT,144.0,21.6,5.64,0.14,0.0,0.07,112.0,de172d43-2578-4f27-a571-6d871460d273,,,"Gà tây nguyên con di sản đề cập đến một giống gia cầm được nuôi bằng phương pháp canh tác truyền thống để bảo tồn sự đa dạng di truyền và hương vị lịch sử. Những con gà tây này có thịt sẫm màu hơn và mô ngực nạc hơn so với các giống thông thường, mang lại hương vị đậm đà hơn, hơi đậm hơn và kết cấu chắc hơn nên cần phải rang cẩn thận để tránh bị khô. Việc nuôi thả rông của chúng thường mang lại hàm lượng protein trên mỗi khẩu phần ăn cao hơn so với gà tây nuôi công nghiệp, trong khi vẫn duy trì tỷ lệ chất béo tổng thể thấp hơn.",80
c5b94995-66a7-56cb-9060-728ffe4c2025,,,"Thận bò, tươi sống (Beef Kidney, Raw)",INGREDIENT,99.0,17.4,3.09,0.29,0.0,0.0,182.0,de172d43-2578-4f27-a571-6d871460d273,,,"Thận bò là một loại nội tạng giàu chất dinh dưỡng được đặc trưng bởi kết cấu chắc và hương vị đậm đà, giàu khoáng chất. Phần nội tạng này cung cấp hàm lượng vitamin B12, sắt và selen đặc biệt cao, đồng thời cần phải ngâm và luộc kỹ trước khi tiêu thụ để điều chỉnh hương vị đậm đà của nó. Mặc dù giàu chất dinh dưỡng thiết yếu nhưng nó chứa cholesterol đáng kể, khiến việc nhận thức về khẩu phần ăn trở nên quan trọng đối với những người dùng quan tâm đến sức khỏe tim mạch.",80
057bdd3b-f628-543e-baa1-c82d0f44dba1,,,"Thịt nghêu quahog, tươi sống (Quahog Meat, Raw)",INGREDIENT,74.0,12.8,1.0,2.6,0.0,0.0,56.0,de172d43-2578-4f27-a571-6d871460d273,,,"Thịt quahog sống là phần ăn được của loài nghêu vỏ cứng có nguồn gốc từ bờ biển Đại Tây Dương của Bắc Mỹ. Loại động vật có vỏ này có kết cấu dai và hương vị mặn, hơi ngọt, tăng thêm khi nấu. Quahogs là nguồn cung cấp protein và các khoáng chất thiết yếu như sắt và vitamin B12, nhưng phải có nguồn gốc từ các nhà cung cấp có uy tín và được chuẩn bị cẩn thận để tránh các bệnh tiềm ẩn do thực phẩm liên quan đến việc tiêu thụ động vật có vỏ sống.",80
9dc23df4-8d66-574e-8a0f-0d84b1aa03bd,,,"Đuôi gà, tươi sống (Chicken Tail, Raw)",INGREDIENT,289.0,22.5,17.3,9.3,0.0,0.0,292.0,de172d43-2578-4f27-a571-6d871460d273,,,"Đuôi gà là phần béo, hình tam giác ở gốc cột sống gà, được biết đến với hàm lượng collagen và chất béo bão hòa cao. Phần thịt này chứa nhiều chất béo hơn đáng kể so với thịt gà nạc, có kết cấu dạng sền sệt, mềm khi rang hoặc nướng. Mặc dù hiếm khi được tiêu thụ dưới dạng protein độc lập, nhưng nó được đánh giá cao trong một số món ăn để làm phong phú thêm nước dùng hoặc thêm độ ẩm cho các món ăn nấu chậm.",80
7f2bc835-f955-588b-92a7-1644bbcf666f,,,"Thịt sò huyết, tươi sống (Cockle Meat, Raw)",INGREDIENT,79.0,13.5,0.7,4.7,0.0,0.0,300.0,de172d43-2578-4f27-a571-6d871460d273,,,"Thịt sò sống là một loại nghêu nước mặn nhỏ được thu hoạch để lấy chân ăn được. Thịt có kết cấu dai và vị hơi ngọt, mặn đặc trưng của động vật có vỏ. Nó là một nguồn protein tốt và nhiều khoáng chất khác nhau, bao gồm sắt và kẽm, nhưng cần được nấu chín kỹ trước khi tiêu thụ để loại bỏ các mầm bệnh tiềm ẩn trong thực phẩm. Sò sống thường được dùng trong các món hải sản hầm hoặc cơm thập cẩm sau khi đã được nấu chín.",80
b965c0e5-e224-5455-9353-1f245d4675a8,,,"Thăn heo Iberico, tươi sống (Iberico Pork Tenderloin, Raw)",INGREDIENT,109.0,21.0,2.17,0.0,0.0,0.0,53.0,de172d43-2578-4f27-a571-6d871460d273,,,"Thăn lợn Iberico là loại thịt cao cấp được lấy từ lợn Iberia, một giống di sản được nuôi chủ yếu ở Tây Ban Nha và Bồ Đào Nha và nổi tiếng với chế độ ăn bằng quả sồi. Thịt có vân vân đặc biệt với hàm lượng axit oleic có lợi cho tim cao — một chất béo không bão hòa đơn cũng được tìm thấy trong dầu ô liu — tạo nên kết cấu bơ và hương vị đậm đà, hấp dẫn khi nấu chín. Phần thịt nạc hơn này vẫn giữ được độ mềm mặc dù có hàm lượng chất béo tối thiểu, khiến nó trở thành lựa chọn được đánh giá cao cho các chế biến nhanh, nhiệt độ cao như nướng hoặc áp chảo.",80
75d0ed4e-a2e8-5340-8a68-66eb71bc0af3,,,Thịt heo xay nhuyễn (Pureed Pork),DISH,150.0,16.0,8.3,2.0,0.0,1.0,235.0,de172d43-2578-4f27-a571-6d871460d273,,,"Thịt lợn xay nhuyễn là thịt lợn nấu chín đã được xử lý cơ học để đạt được độ mịn, đồng đều. Chế phẩm giàu protein này duy trì các chất dinh dưỡng thiết yếu của thịt lợn đồng thời mang lại kết cấu dễ tiêu hóa, đặc biệt phù hợp với chế độ ăn kiêng thay đổi hoặc những người khó nhai. Loại xay nhuyễn thường chứa các thành phần bổ sung tối thiểu và cung cấp nguồn protein, kẽm và vitamin B chất lượng cao.",80
9728a943-f15b-554f-b1ff-3ddca54003fa,,,"Đuôi gà tây, tươi sống (Turkey Tail, Raw)",INGREDIENT,220.0,16.7,17.1,0.0,0.0,0.0,218.0,de172d43-2578-4f27-a571-6d871460d273,,,"Đuôi gà tây (Trametes versicolor) là một loại nấm dược liệu được công nhận bởi các dải nhiều màu, hình quạt đặc biệt giống như lông gà tây hoang dã. Loại nấm này chứa các hợp chất điều hòa miễn dịch mạnh mẽ gọi là polysaccharopeptide, đặc biệt là PSP và PSK, cùng với các chất chống oxy hóa có lợi. Mặc dù được tiêu thụ theo truyền thống dưới dạng trà hoặc chiết xuất, nấm đuôi gà tây thô rất dai và có nhiều sợi, cần được xác định và chế biến thích hợp trước khi tiêu thụ.",80
fddec4de-0538-5005-9d87-17b4276952f4,,,"Vịt hoang dã, tươi sống (Wild Duck, Raw)",INGREDIENT,211.0,17.4,15.2,0.0,0.0,0.0,56.0,de172d43-2578-4f27-a571-6d871460d273,,,"Vịt hoang dã sống là một loài chim săn được biết đến với hương vị đậm đà, đặc biệt, thường được mô tả là đậm đà và có mùi đất hơn vịt nuôi. Là nguồn protein nạc, vịt trời cung cấp hàm lượng sắt và vitamin B cao. Do chế độ ăn hoang dã và lối sống năng động, thịt có xu hướng nạc hơn và có thể yêu cầu các kỹ thuật nấu cụ thể, chẳng hạn như ướp hoặc nấu chậm, để tránh bị khô.",80
4c68bce7-3223-5063-8776-104251ffc7e7,,,Thịt cừu xay nhuyễn (Pureed Lamb),DISH,258.0,25.6,16.5,0.0,0.0,0.0,230.0,de172d43-2578-4f27-a571-6d871460d273,,,"Thịt cừu xay nhuyễn là thịt cừu được nấu chín đã được chế biến tinh xảo để đạt được độ mịn, đồng nhất phù hợp với nhu cầu ăn kiêng chuyên biệt. Nguồn protein đậm đặc này vẫn giữ được các lợi ích dinh dưỡng phong phú của thịt cừu, bao gồm sắt, kẽm và vitamin B12, đồng thời dễ tiêu thụ hơn đối với những người gặp khó khăn khi nuốt hoặc nhạy cảm với kết cấu. Chất xay nhuyễn duy trì hương vị đặc trưng của thịt cừu đồng thời mang lại độ đặc có thể dễ dàng kết hợp vào chế độ ăn có kết cấu thay đổi.",80
c7b63006-d429-53ed-95b8-55e93024b259,,,"Thịt nai sừng tấm quay, tươi sống (Elk Roast, Raw)",INGREDIENT,98.0,19.7,2.1,0.0,0.0,0.0,43.0,de172d43-2578-4f27-a571-6d871460d273,,,"Thịt nai sừng tấm nướng là loại thịt thú săn cao cấp được biết đến với độ nạc đặc biệt và màu đỏ đậm. Loại thịt hoang dã hoặc nuôi ở trang trại này chứa ít chất béo và cholesterol hơn thịt bò truyền thống, đồng thời cung cấp hàm lượng protein và chất sắt cao hơn. Thịt nai sừng tấm có hương vị sạch, tinh tế chịu ảnh hưởng từ chế độ ăn cỏ tự nhiên, khiến nó trở thành một lựa chọn thay thế bổ dưỡng cho những ai đang tìm kiếm các lựa chọn thịt đỏ nạc hơn.",75
4130bc66-cf2b-5947-88bc-9d25c489905f,,,"Thịt ngao geoduck, tươi sống (Geoduck Meat, Raw)",INGREDIENT,82.0,18.3,1.0,0.3,0.0,0.0,330.0,de172d43-2578-4f27-a571-6d871460d273,,,"Geoduck là một loài ngao nước mặn lớn được biết đến với ống hút dài nhô ra khỏi vỏ. Thịt có kết cấu chắc, giòn và vị mặn, ngọt nhẹ, thường được ăn sống như sashimi hoặc ceviche. Tu hài là nguồn cung cấp protein và sắt dồi dào, đồng thời ít chất béo. Các biện pháp thu hoạch bền vững là điều quan trọng cần cân nhắc khi tìm nguồn cung tu hài do tốc độ tăng trưởng chậm và vai trò sinh thái của nó.",80
35541419-000e-5853-90ec-eef4a0d61de8,,,Trứng tráng chả giò heo (Pork Roll Omelet),INGREDIENT,220.21,11.66,12.44,13.73,0.78,1.55,531.09,de172d43-2578-4f27-a571-6d871460d273,,,"Trứng cuộn thịt lợn là một đặc sản thịnh soạn của quán ăn New Jersey kết hợp trứng bông với giăm bông Taylor nướng (thịt lợn cuộn) và phô mai tan chảy. Món ăn giàu protein này bao gồm những lát mỏng sản phẩm thịt lợn muối đặc biệt của vùng được gấp thành món trứng tráng truyền thống, thường dùng kèm với phô mai Mỹ hoặc phô mai cheddar tan chảy. Là một lựa chọn ăn sáng quan trọng, nó cung cấp hàm lượng protein đáng kể nhưng cũng chứa hàm lượng natri và chất béo bão hòa đáng chú ý.",80
16cc971b-92f4-5c0e-ba4a-4a2518641345,,,Gà đăng quang (Coronation Chicken),INGREDIENT,138.67,7.2,9.07,10.67,2.13,4.0,133.33,de172d43-2578-4f27-a571-6d871460d273,,,"Coronation Chicken là một món ăn cổ điển của Anh bao gồm các miếng gà nấu chín phủ sốt kem sốt mayonnaise có gia vị cà ri với các vị ngọt như tương ớt xoài và trái cây sấy khô. Cách chế biến phong phú này, thường được dùng làm nhân bánh sandwich hoặc phủ trên rau xanh tươi trong các quán rượu ở Anh, kết hợp hương vị cà ri mặn, ngọt và thơm trong một phần đáng kể. Món ăn này thường bao gồm những miếng ức gà mềm được phủ một lớp nước sốt màu vàng đặc trưng, ​​khiến nó trở thành món ăn được yêu thích trong các quán rượu.",80
8298c0a8-2fee-5940-bccc-6d733b61cb82,,,Thịt xông khói và trứng (Bacon and Eggs),DISH,190.0,13.0,12.0,3.0,0.0,3.0,340.0,de172d43-2578-4f27-a571-6d871460d273,,,"Thịt xông khói và trứng là bữa sáng cổ điển của người Mỹ với trứng rán kết hợp với các dải thịt xông khói giòn. Một khẩu phần thông thường bao gồm 1-2 quả trứng được chế biến theo yêu cầu (thường quá dễ, rán chín hoặc bác) cùng với 2-3 dải thịt xông khói giòn, cung cấp một bữa ăn giàu protein với khoảng 170-200 calo mỗi khẩu phần cơ bản. Sự kết hợp bữa sáng thịnh soạn này thường đi kèm với bánh mì nướng và khoai tây chiên, với các lựa chọn để tùy chỉnh cách chế biến trứng và độ giòn của thịt xông khói theo sở thích.",80
90d906b1-26bf-5026-bdb3-3f5cc780ffa5,,,Gà và bánh quế (Chicken and Waffles),DISH,1074.44,39.1,63.91,84.96,2.63,43.61,1744.36,de172d43-2578-4f27-a571-6d871460d273,,,"Chicken and Waffles là một món ăn cổ điển của miền Nam kết hợp giữa thịt gà chiên giòn với bánh quế bơ sữa mới làm. Sự kết hợp đầy mê hoặc này theo truyền thống bao gồm những miếng thịt gà tẩm bột dày dặn đặt trên một chiếc bánh quế vàng, ăn kèm với bơ và xi-rô cây phong để tạo nên sự tương phản ngọt-mặn đặc biệt. Món ăn này đặc biệt giàu calo, cung cấp lượng protein đáng kể từ thịt gà đồng thời chứa nhiều chất béo và carbohydrate do quá trình chiên và đế bánh quế.",80
393e036a-de39-51a7-9f0a-6b2ec0d54977,,,Chimichanga bò (Beef Chimichanga),INGREDIENT,259.6,12.4,10.8,25.2,2.8,1.6,1000.0,de172d43-2578-4f27-a571-6d871460d273,,,"Thịt bò chimichanga là một món ăn của nhà hàng Tex-Mex bao gồm một chiếc bánh tortilla lớn chứa đầy thịt bò, phô mai và thường là đậu hoặc gạo, sau đó chiên giòn cho đến khi giòn. Món khai vị thịnh soạn này thường chứa 600-960 calo mỗi khẩu phần ăn ở nhà hàng, với lượng protein đáng kể từ nhân thịt bò và hàm lượng chất béo cao hơn do quá trình chiên. Lớp vỏ ngoài giòn truyền thống được phủ guacamole, kem chua và salsa, giúp phân biệt với loại bánh burrito mềm hơn.",80
19657568-0c5d-5e53-b229-7bfa0164d7a6,,,Cơm Jollof với gà (Jollof Rice with Chicken),INGREDIENT,127.21,11.31,5.65,8.13,0.88,1.06,212.01,de172d43-2578-4f27-a571-6d871460d273,,,"Cơm gà Jollof là một món ăn nổi tiếng của Tây Phi gồm cơm hạt dài nấu trong nước sốt cà chua đậm đà, nhiều gia vị với những miếng thịt gà mềm. Món ăn một nồi này có màu đỏ đặc trưng và hương vị phức tạp từ sự pha trộn của các loại gia vị thơm, bao gồm húng tây, thì là và ớt Châu Phi. Việc chuẩn bị tại nhà hàng thường mang lại một bữa ăn thịnh soạn, giàu protein, trong đó cơm hấp thụ vị thơm ngon của cả thịt gà tẩm gia vị và nước sốt làm từ cà chua.",80
129cd823-ff04-50eb-ac97-5118bb222c99,,,Bánh thịt (Meatloaf),DISH,197.18,16.9,10.56,7.04,1.41,3.52,414.08,de172d43-2578-4f27-a571-6d871460d273,,,"Bánh mì thịt là một món ăn thịnh soạn, tiện lợi được làm từ thịt bò xay dày dặn, vụn bánh mì và trứng, thường phủ thêm nước sốt cà chua hoặc nước thịt trong các nhà hàng. Phiên bản nhà hàng kiểu gia đình này có đặc điểm phong phú và thịnh soạn, thường được phục vụ theo khẩu phần hào phóng cùng với các món ăn truyền thống như khoai tây nghiền. Mặc dù cung cấp hàm lượng protein đáng kể, nhưng bánh mì thịt nhà hàng có xu hướng chứa lượng calo, chất béo và natri cao hơn so với các phiên bản tự làm do cách chế biến phong phú hơn.",80
6700037c-422b-5685-a158-b8599398659f,,,Machbous với thịt cừu (Machbous with Lamb),INGREDIENT,140.0,8.0,6.4,14.0,1.2,1.0,200.0,de172d43-2578-4f27-a571-6d871460d273,,,"Machbous là món cơm và thịt truyền thống của Qatar gồm thịt cừu mềm nấu chậm với các loại gia vị thơm bao gồm nghệ tây, bạch đậu khấu và chanh khô. Món ăn thịnh soạn này kết hợp cơm basmati thơm với miếng thịt cừu ướp, thường được phục vụ như một phần ăn thịnh soạn được trang trí bằng các loại hạt và kèm theo sữa chua. Sự kết hợp đặc biệt giữa gia vị và phương pháp nấu nướng mang lại hương vị đậm đà cho thịt và cơm được tẩm gia vị hoàn hảo với nước dùng đậm đà.",80
84329744-5807-5df1-b636-2095fdea0470,,,Sambusa với thịt bò (Sambusa with Beef),INGREDIENT,215.19,11.39,7.59,25.32,2.53,2.53,303.8,de172d43-2578-4f27-a571-6d871460d273,,,"Sambusa là món khai vị truyền thống của Ethiopia bao gồm thịt bò xay dày dặn được bọc trong lớp vỏ bánh ngọt hình tam giác giòn. Nhân bánh có hương vị đặc trưng với các loại gia vị thơm của Ethiopia bao gồm berbere, thì là và bạch đậu khấu, sau đó được chiên ngập dầu cho đến khi có màu vàng nâu. Những loại bánh ngọt mặn này thường cung cấp một lượng protein vừa phải từ nhân thịt bò, trong khi phần nhân chiên góp phần tạo ra hàm lượng chất béo cao hơn.",80
5a641a08-6c21-5bc4-b29a-6d01ae642266,,,Ức vịt với sốt berry (Duck Breast with Berry Sauce),DISH,201.51,12.59,12.59,7.56,0.76,5.04,75.57,de172d43-2578-4f27-a571-6d871460d273,,,"Ức vịt sốt dâu là một món ăn kết hợp của California với ức vịt áp chảo với lớp da giòn và phần bên trong vừa hiếm, được bổ sung bởi nước sốt có vị quả mọng ngọt và mặn. Cách chế biến nhà hàng này thường kết hợp các loại quả mọng theo mùa và nguyên liệu địa phương, tạo ra sự cân bằng tinh tế giữa thịt vịt đậm đà và hương vị trái cây tươi sáng. Phần ăn thường bao gồm một ức vịt (12-16 oz) với nước sốt, mang đến một bữa ăn giàu protein có thể dao động từ 320 đến 1.350 calo tùy thuộc vào phương pháp chế biến và số lượng nước sốt.",80
981d7d0b-db02-58db-a932-8264b0c942ac,,,Ức bò phần nhọn hun khói (Smoked Point Cut Beef Brisket),DISH,300.0,28.0,21.0,0.0,0.0,0.0,70.0,de172d43-2578-4f27-a571-6d871460d273,,,"Thịt ức cắt điểm hun khói là miếng thịt bò thơm ngon được cắt từ phần ngực dưới, đặc trưng bởi các vân mỡ và collagen đáng kể sẽ phân hủy thành thịt mềm khi nấu chín chậm. Quá trình hun khói truyền vào một mùi thơm nồng nàn của gỗ đồng thời tạo ra lớp vỏ (vỏ cây) đặc biệt, với phần cắt điểm béo vẫn ngon ngọt hơn so với những miếng cắt phẳng ức nạc hơn. Món cắt giàu protein này cung cấp một lượng đáng kể sắt và kẽm nhưng cần thời gian nấu kéo dài để biến các mô liên kết của nó thành gelatin và các phiên bản hun khói thường chứa hàm lượng natri cao hơn từ gia vị.",80
6ba46d20-5f65-5f63-a378-0fa68d170360,,,Cánh gà kiểu Jamaica (Jamaican Jerk Wings),DISH,234.58,16.67,14.12,9.58,0.62,5.0,433.75,de172d43-2578-4f27-a571-6d871460d273,,,"Jamaica Jerk Wings là cánh gà được chế biến với hỗn hợp gia vị đặc biệt lấy cảm hứng từ vùng Caribe bao gồm hạt tiêu, húng tây và nhiều loại gia vị ấm khác nhau. Những chiếc cánh này thường được chiên giòn cho đến khi giòn và rưới nước sốt cân bằng giữa hương vị ngọt và cay với các loại gia vị truyền thống. Là món khai vị hoặc món khai vị của nhà hàng, chúng có xu hướng chứa lượng calo và natri cao hơn cánh trâu truyền thống, đồng thời cung cấp hàm lượng protein đáng kể và hương vị độc đáo khiến chúng khác biệt với các loại cánh trâu tiêu chuẩn.",75
d4a6334e-0f14-5b37-aa0b-c96056d70b6d,,,Bánh cuộn gà Caesar (Chicken Caesar Wrap),INGREDIENT,250.0,14.58,10.0,22.5,0.83,1.67,683.33,de172d43-2578-4f27-a571-6d871460d273,,,"Món Chicken Caesar Wrap là phiên bản di động của món salad cổ điển, bao gồm ức gà nướng và rau diếp romaine với nước sốt Caesar và pho mát Parmesan, tất cả được gói trong bánh tortilla bằng bột mì. Tùy chọn giàu protein này thường cung cấp 32-36 gam protein cho mỗi khẩu phần, khiến nó trở thành một lựa chọn bữa ăn thỏa mãn. Mặc dù tiện lợi và giúp no lâu nhưng nó có xu hướng chứa nhiều natri do nước sốt và pho mát, thường chứa hơn 1.500mg mỗi khẩu phần.",80
457990d2-35ba-541f-92e9-267292b62d4f,,,Bánh quy xoắn nhồi xúc xích và phô mai (Sausage and Cheese Stuffed Pretzel),DISH,304.69,14.06,20.31,14.84,0.78,1.56,1054.69,de172d43-2578-4f27-a571-6d871460d273,,,"Bánh quy xoắn nhồi xúc xích và phô mai là một món ăn nhẹ thịnh soạn gồm thịt dày dặn và phô mai tan chảy được bọc trong bột bánh quy xoắn truyền thống. Chế phẩm thương mại này kết hợp nhân xúc xích thơm ngon với pho mát đã qua chế biến, tất cả được bọc trong lớp bánh quy giòn phủ muối bên ngoài đã được luộc và nướng. Mặc dù cung cấp lượng protein đáng kể (18g mỗi khẩu phần), đây là một mặt hàng chứa nhiều calo với hàm lượng natri đáng kể, thường chứa khoảng 390 calo mỗi khẩu phần.",80
3c8a3363-d4ed-5a68-aa53-95008bc52ebb,,,Champ (Champ),DISH,164.58,3.75,5.83,25.42,3.33,1.67,58.75,de172d43-2578-4f27-a571-6d871460d273,,,"Champ là món khoai tây nghiền kem truyền thống của Ireland được làm giàu với bơ và hành lá tươi. Cách chế biến kiểu quán rượu này thường có một giếng bơ tan chảy đặc biệt ở giữa, cho phép thực khách nhúng từng nĩa để tăng thêm vị đậm đà. Sự kết hợp giữa khoai tây mềm, hành lá và lượng sữa dồi dào tạo nên một món ăn kèm sang trọng nhưng đặc biệt giàu calo hơn khoai tây nghiền thông thường.",80
b23a1d68-b68e-56e6-a3a6-1e3e7e99681c,,,Xúc xích Ý ăn kèm (Italian Sausage as a Side),DISH,354.67,21.33,29.33,1.33,0.0,1.33,1333.33,de172d43-2578-4f27-a571-6d871460d273,,,"Xúc xích Ý dùng kèm là xúc xích lợn nướng hoặc ninh được tẩm với thì là và gia vị, thường thấy ở các nhà hàng thịt bò Ý kiểu Chicago. Tùy chọn giàu protein này thường được phục vụ dưới dạng một món liên kết duy nhất, thường đi kèm với ớt nướng và hành tây hoặc giardiniera, và có thể được kết thúc bằng món au jus mặn. Xúc xích cung cấp lượng protein đáng kể trong khi lại có hàm lượng carbohydrate thấp tự nhiên, mặc dù nó có hàm lượng chất béo và natri cao đáng kể.",80
600cece0-ca94-591e-b685-4e36597e57e6,,,Sườn bò (Beef Ribs),INGREDIENT,280.18,15.86,19.82,7.93,0.22,4.41,352.42,de172d43-2578-4f27-a571-6d871460d273,,,"Sườn bò là những miếng thịt đáng kể thường được hun khói chậm trong các nhà hàng thịt nướng cho đến khi thịt trở nên mềm và dễ dàng tách ra khỏi xương. Những miếng thịt có hương vị đậm đà này thường được phục vụ với nước sốt thịt nướng ngọt ngào và thơm, tạo nên lớp vỏ ngoài caramen trong khi vẫn giữ được phần bên trong ngon ngọt. Mặc dù cung cấp hàm lượng protein đáng kể, nhưng khẩu phần ăn tại nhà hàng có xu hướng nhiều và kèm theo nước sốt giúp bổ sung đáng kể lượng calo, đường và natri cho món ăn giàu dinh dưỡng tự nhiên này.",80
0531f434-49e8-5f50-ac3a-3d2bdfbffe78,,,Bít tết phô mai gà (Chicken Cheesesteak),INGREDIENT,146.15,12.31,7.69,16.15,1.38,0.92,630.77,de172d43-2578-4f27-a571-6d871460d273,,,"A Chicken Cheesesteak là một loại bánh sandwich kiểu nhà hàng có ức gà nướng thái lát mỏng được phục vụ trên một cuộn hoagie với phô mai tan chảy. Biến thể giàu protein này của món phô mai Philly cổ điển thường bao gồm hành tây xào và có thể được tùy chỉnh với các lớp phủ bổ sung như nấm hoặc ớt. Món bánh mì sandwich đáng kể có đặc điểm là phô mai nóng chảy phủ lên thịt gà mềm, tạo nên một bữa ăn thịnh soạn thường cung cấp hơn 75 gam protein cho mỗi khẩu phần lớn.",75
66036c28-2e31-5f3f-b634-633fac57012c,,,Borscht với thịt bò (Borscht with Beef),INGREDIENT,71.61,4.24,2.88,8.47,1.06,2.97,317.8,de172d43-2578-4f27-a571-6d871460d273,,,"Borscht là món súp truyền thống của Ukraine có đặc điểm là màu đỏ ruby ​​đậm làm từ củ cải tươi. Phiên bản thịnh soạn này có thịt bò mềm và hỗn hợp các loại rau bao gồm bắp cải, cà rốt và khoai tây, tạo ra sự kết hợp bổ dưỡng giữa protein, chất xơ và vitamin. Món súp cân bằng hương vị ngọt ngào và thơm, thường được dùng nóng với một ít kem chua và trang trí thì là tươi.",80
1e3ea220-862e-5736-93e7-389a3519ac6c,,,Thịt viên từ thực vật (Plant-Based Meatballs),DISH,197.0,21.0,9.0,8.0,4.6,1.25,550.0,de172d43-2578-4f27-a571-6d871460d273,,,"Thịt viên làm từ thực vật là loại thịt thay thế thường được làm từ sự kết hợp của các loại đậu, ngũ cốc và protein thực vật như protein đậu, đậu nành hoặc gluten lúa mì. Những sản phẩm thay thế giàu protein này được thiết kế để mô phỏng kết cấu và hương vị của thịt viên truyền thống trong khi hoàn toàn là món chay hoặc thuần chay. Khi nấu chín, chúng có kết cấu chắc, nhiều thịt và có thể được sử dụng trong các món ăn truyền thống như món mì ống, bánh mì sandwich hoặc làm món khai vị tập trung vào protein.",80
ded9691c-b358-513d-a5b6-071361cfa333,,,Chả giò heo băm (Pork Roll Hash),INGREDIENT,116.67,6.0,6.67,8.33,0.5,1.0,300.0,de172d43-2578-4f27-a571-6d871460d273,,,"Pork Roll Hash là một món ăn sáng đặc sản thịnh soạn của New Jersey kết hợp thịt lợn cuộn thái hạt lựu với khoai tây và hành tây, thường được áp chảo cho đến khi giòn. Món ăn giàu protein này có hương vị đặc biệt của Taylor Ham (thịt lợn cuộn) trộn với khoai tây mềm, tạo nên sự kết hợp hài lòng giữa hương vị và kết cấu thơm ngon. Mặc dù đáng chú ý là có hàm lượng protein cao nhưng loại thực phẩm tiện lợi này cũng có đặc điểm là có hàm lượng natri cao và chất béo vừa phải.",80
5df67276-ee64-53f8-8dc6-398bdf5a54b8,,,Bánh mì kẹp bít tết phô mai Philly (Philly Cheesesteak Sub),DISH,217.0,13.5,10.0,18.25,1.75,1.25,512.5,de172d43-2578-4f27-a571-6d871460d273,,,"A Philly Cheesesteak Sub là một loại bánh sandwich thịnh soạn gồm có thịt bò thái lát mỏng, phô mai tan chảy và hành tây xào được phục vụ trên một chiếc bánh mì cuộn. Món ăn chủ yếu của nhà hàng này thường bao gồm các lớp phủ bổ sung như ớt chuông và nấm, với các tùy chọn kích thước từ 8 đến 16 inch sẽ ảnh hưởng đến tác động dinh dưỡng của nó. Mặc dù cung cấp lượng protein đáng kể (27-82g tùy theo kích cỡ), nhưng nó lại có hàm lượng natri và calo cao đáng kể, với một khẩu phần 12 inch thông thường chứa khoảng 750-780 calo.",75
1f3ec31f-8948-5954-ab83-28ff3a70d087,,,Bánh mì kẹp gà Buffalo (Buffalo Chicken Sub),INGREDIENT,112.43,7.99,2.96,12.43,0.89,1.48,384.62,de172d43-2578-4f27-a571-6d871460d273,,,"A Buffalo Chicken Sub là một loại bánh sandwich bao gồm các dải thịt gà tẩm bột sốt trâu cay, thường được phục vụ trên một ổ bánh mì tươi với rau diếp, cà chua và các loại rau tươi khác. Loại bánh sandwich giàu protein này có thể được tùy chỉnh với nhiều loại lớp phủ khác nhau như pho mát hoặc nước sốt trang trại, mặc dù chế phẩm tiêu chuẩn chứa lượng calo vừa phải và hàm lượng protein đáng kể. Do nước sốt trâu và thịt gà tẩm bột, món phụ này có hàm lượng natri cao đáng kể, thường vượt quá một nửa lượng khuyến nghị hàng ngày.",80
db145d26-659f-52f7-b1d8-2aa053adca8d,,,Bánh mì kẹp waffle thịt heo xé (Pulled Pork Waffle Sandwich),DISH,362.86,15.43,18.0,36.29,1.14,5.71,342.86,de172d43-2578-4f27-a571-6d871460d273,,,"Bánh mì kẹp thịt lợn kéo là một món ăn kết hợp hấp dẫn kết hợp thịt lợn nướng BBQ mềm, nấu chậm với bánh quế tươi kiểu Bỉ dùng làm bánh mì. Món ăn nhà hàng hấp dẫn này kết hợp các yếu tố ngọt và mặn, với lớp bánh quế giòn bên ngoài tương phản với thịt lợn sốt mọng nước. Là một bữa ăn giàu calo, nó cung cấp một lượng đáng kể protein từ thịt lợn trong khi bánh quế cung cấp đáng kể carbohydrate và chất béo.",80
c4b7b328-e976-541e-b87c-4d30a6c25154,,,Bánh mì kẹp gà sốt bơ mật ong (Honey Butter Chicken Sandwich),DISH,388.0,20.4,20.0,32.4,1.2,4.0,700.0,de172d43-2578-4f27-a571-6d871460d273,,,"A Honey Butter Chicken Sandwich là một loại bánh sandwich kiểu nhà hàng có ức gà tẩm bột giòn phủ sốt bơ mật ong đặc trưng. Món ăn lấy cảm hứng từ miền Nam này kết hợp hương vị ngọt và mặn, với thịt gà thường được chiên giòn cho đến khi có màu vàng nâu và dùng trên bánh mì nướng. Mặc dù cung cấp một nguồn protein tốt, nhưng món bánh sandwich hấp dẫn này đặc biệt giàu calo và chất béo do phương pháp chế biến và nước sốt làm từ bơ.",75
6eeab1d5-3998-5763-a57d-d2ee3b3ac5e5,,,Bánh mì kẹp gà xé (Pulled Chicken Sandwich),DISH,204.0,20.0,4.8,18.0,1.0,3.2,360.0,de172d43-2578-4f27-a571-6d871460d273,,,"Bánh mì kẹp gà kéo là món thịt nướng chủ yếu của miền Nam với thịt gà hun khói hoặc gà quay nấu chín được xé nhỏ và rưới sốt BBQ thơm. Loại bánh sandwich giàu protein này thường được phục vụ trên một chiếc bánh mì mềm và thường phủ xà lách trộn hoặc dưa chua để tăng thêm độ tương phản về kết cấu và hương vị. Phương pháp chế biến này mang lại kết quả là thịt mềm, thơm, cung cấp hàm lượng protein đáng kể đồng thời cung cấp một lựa chọn thay thế nạc hơn cho các phiên bản thịt lợn kéo truyền thống.",80
eef792ae-0d5b-5f87-acd5-a166a78bfe5d,,,Mandi với gà (Mandi with Chicken),INGREDIENT,125.0,7.5,5.0,12.5,0.75,1.0,50.0,de172d43-2578-4f27-a571-6d871460d273,,,"Mandi with Chicken là món ăn truyền thống của Yemen gồm cơm thơm và những miếng thịt gà mềm nấu với các loại gia vị ấm áp đặc biệt như nghệ, thì là và bạch đậu khấu. Bữa ăn hoàn chỉnh này được chế biến theo truyền thống trong lò đất sét gọi là tandoor, mang lại hương vị khói đặc trưng cho thịt. Món ăn này thường được phục vụ như một đĩa thịnh soạn với cơm basmati màu vàng, trang trí với hành tây chiên, hạnh nhân và nho khô để tăng thêm kết cấu và hương vị phức tạp.",80
5b7d9fb2-de25-584c-97b7-5a493bdb2fc7,,,Chả giò heo kép và phô mai trên bánh cuộn (Double Pork Roll and Cheese on a Roll),INGREDIENT,450.0,19.0,22.5,22.5,1.5,2.5,1150.0,de172d43-2578-4f27-a571-6d871460d273,,,"A Double Pork Roll and Cheese on a Roll là món bánh sandwich mang tính biểu tượng của New Jersey với hai lát thịt lợn nướng (thịt lợn cuộn) phong phú và phô mai tan chảy được phục vụ trên bánh cuộn Kaiser. Đặc sản vùng thịnh soạn này thường có món thịt lợn cuộn tẩm gia vị được chữa khỏi được nướng cho đến khi hơi giòn, kết hợp với phô mai Mỹ hoặc phô mai provolone tan chảy. Là một loại bánh mì kẹp quan trọng, nó cung cấp hàm lượng protein đáng kể nhưng cũng chứa hàm lượng natri và chất béo bão hòa cao điển hình của các loại thịt chế biến sẵn.",80
64ebfed3-3fba-5477-bd51-b02376002436,,,Bít tết sườn nướng (Grilled Ribeye Steak),DISH,270.0,22.0,21.0,0.0,0.0,0.0,48.0,de172d43-2578-4f27-a571-6d871460d273,,,"Bít tết sườn bò nướng là một miếng thịt được cắt lát cẩm thạch từ phần sườn bò, thường được phục vụ theo khẩu phần 6-8 ounce tại các nhà hàng ăn uống bình dân. Phần thịt cao cấp này được nướng đặc trưng theo yêu cầu và thường được nêm đơn giản với muối và tiêu để làm nổi bật hương vị đậm đà, đậm đà của thịt bò. Lớp vân mỡ đáng chú ý của miếng bít tết mang lại độ mềm đặc biệt đồng thời cung cấp hàm lượng protein đáng kể, vitamin B thiết yếu và các khoáng chất như sắt và kẽm, mặc dù nó cũng góp phần tạo ra hàm lượng chất béo bão hòa cao hơn.",75
52d5e30b-79f3-54d1-8b72-bc0ae267b5f5,,,Fondue ức vịt (Duck Breast Fondue),INGREDIENT,180.0,28.0,10.0,1.04,0.0,1.04,300.0,de172d43-2578-4f27-a571-6d871460d273,,,"Nước xốt ức vịt là một đặc sản của nhà hàng Thụy Sĩ, nơi những lát ức vịt nạc mỏng được thực khách nấu tại bàn bằng nước dùng đã nêm gia vị hoặc dầu nóng. Món ăn tương tác này cung cấp tùy chọn bữa ăn giàu protein với khoảng 25-30g protein trên 100g khẩu phần, trong khi phương pháp nấu có thể được tùy chỉnh giữa các chế phẩm làm từ nước dùng nhạt hơn hoặc đậm đà hơn bằng dầu. Món ăn thường được phục vụ với nhiều loại nước chấm và có thể đi kèm với rau hoặc bánh mì để có trải nghiệm bữa ăn trọn vẹn.",80
0067f2aa-53d0-58d5-938f-1f82402fbcc2,,,Zurbian với gà (Zurbian with Chicken),INGREDIENT,157.14,7.14,5.14,10.29,0.71,1.14,193.14,de172d43-2578-4f27-a571-6d871460d273,,,"Zurbian là món cơm truyền thống của người Yemen được chế biến từ các lớp gạo basmati thơm, thịt gà mềm và khoai tây. Món ăn lễ hội này nổi bật bởi sự pha trộn phong phú của các loại gia vị bao gồm thì là, quế, bạch đậu khấu và nghệ tây, ngấm vào cơm trong khi nấu. Thường được phục vụ như một bữa ăn hoàn chỉnh trong các nhà hàng Yemen, nó thường được trang trí bằng hành tây chiên và có thể đi kèm với zhoug, một loại tương ớt cay.",80
4cdb0a16-356f-57ab-94c4-8081d9ed09f6,,,Frikadeller (thịt viên Đan Mạch) (Frikadeller (Danish Meatballs)),DISH,310.0,14.67,22.0,12.0,0.67,1.33,232.0,de172d43-2578-4f27-a571-6d871460d273,,,"Frikadeller là món thịt viên truyền thống của Đan Mạch được làm từ hỗn hợp gia vị gồm thịt lợn và thịt bò xay trộn với vụn bánh mì, trứng và gia vị thơm. Những món chiên áp chảo này được phân biệt bởi hình bầu dục và lớp vỏ màu nâu vàng, thường được phục vụ với nước sốt đậm đà và các món ăn kèm cổ điển như khoai tây nâu và bắp cải đỏ. Thịt viên thịnh soạn mang đến sự kết hợp hài lòng giữa protein và hương vị thơm ngon đặc trưng của món ăn tiện lợi của Đan Mạch.",80
25d02973-eb98-5567-9487-09683514f16f,,,Gà Marsala (Chicken Marsala),INGREDIENT,132.35,10.88,6.18,7.65,0.59,0.88,429.41,de172d43-2578-4f27-a571-6d871460d273,,,"Gà Marsala là một món ăn của người Mỹ gốc Ý bao gồm các miếng thịt gà xào trong nước sốt đặc biệt được làm từ rượu vang và nấm Marsala. Trong các buổi thuyết trình tự chọn, nó thường được phục vụ dưới dạng từng miếng ức gà riêng lẻ trong một phiên bản nhẹ hơn của nước sốt cổ điển, cung cấp một lựa chọn giàu protein với lượng calo vừa phải. Mỗi khẩu phần ăn đều cung cấp một nguồn protein nạc dồi dào trong khi vẫn giữ lượng carbohydrate ở mức thấp, mặc dù hàm lượng natri có thể đáng kể do phương pháp chuẩn bị của nhà hàng.",80
613a482d-0c95-5820-a3ba-ff7f4e63a859,,,Mofongo với gà (Mofongo with Chicken),INGREDIENT,257.11,5.11,18.0,18.67,1.56,1.78,327.11,de172d43-2578-4f27-a571-6d871460d273,,,"Mofongo với thịt gà là một món ăn thịnh soạn của Puerto Rico gồm chuối xanh nghiền nhuyễn kết hợp với thịt lợn giòn và tỏi, theo truyền thống được chế biến trong cối gỗ gọi là pilón. Phần đế chuối thường được tạo hình thành một mái vòm đặc biệt và ăn kèm với nước luộc gà và tỏi đã được tẩm gia vị. Món ăn giàu calo này cung cấp một bữa ăn phong phú giàu carbohydrate phức tạp từ chuối, protein từ thịt gà và sự kết hợp đặc trưng của kết cấu từ bánh quy giòn và chuối nghiền mềm.",80
b76ec76c-3601-53ef-b43d-de33962153cf,,,Bánh mì kẹp thịt heo xé (Pulled Pork Sandwich),DISH,371.0,24.0,15.0,37.0,1.0,10.0,500.0,de172d43-2578-4f27-a571-6d871460d273,,,"Bánh mì kẹp thịt lợn kéo có thịt vai lợn xé nhỏ, nấu chậm, thường được tẩm gia vị khói và phủ các biến thể nước sốt thịt nướng trong vùng, từ phong cách Carolina làm từ giấm đến nước sốt cà chua ngọt của Thành phố Kansas. Được phục vụ trên một chiếc bánh mì mềm thấm nước thịt, món ăn giàu protein này thường mang hàm lượng natri đáng chú ý từ nước muối và nước sốt, với xà lách trộn thường được thêm vào để tạo độ tương phản về kết cấu và cân bằng độ axit.",80
274644db-2958-56f9-9eee-5d6e6cc80ce1,,,Đậu đỏ và cơm với xúc xích (Red Beans and Rice with Sausage),INGREDIENT,131.25,6.0,5.0,15.5,2.5,1.0,150.0,de172d43-2578-4f27-a571-6d871460d273,,,"Đậu đỏ và cơm với xúc xích là món ăn Cajun/Creole cổ điển bao gồm đậu tây ninh chậm với xúc xích andouille khói và các loại rau thơm (hành, cần tây và ớt chuông). Quá trình nấu lâu truyền thống tạo ra một loại nước sốt béo ngậy, béo ngậy bao phủ những hạt đậu mềm và ăn kèm với cơm dày dặn, trong khi các suất ăn tại nhà hàng thường cung cấp một khẩu phần ăn thịnh soạn có nhiều protein và chất xơ. Bữa ăn hoàn chỉnh này kết hợp các loại gia vị Creole thơm ngon với lượng protein đáng kể từ cả đậu và xúc xích, mặc dù các phần ăn có xu hướng nhiều và giàu natri.",80
b54ea61e-d8da-5c78-848c-203b0e901d46,,,Cà ri Panang với thịt bò (Panang Curry with Beef),DISH,214.29,8.0,12.86,4.29,0.86,1.43,342.86,de172d43-2578-4f27-a571-6d871460d273,,,"Cà ri Panang với thịt bò là một món ăn đậm đà của Thái Lan, đặc trưng bởi nước sốt đặc làm từ nước cốt dừa và thịt bò thái lát mềm. Món ăn nhà hàng này kết hợp bột cà ri thơm với sả, riềng và ớt nhẹ với nước cốt dừa béo ngậy, tạo nên vị ngọt và mặn đặc trưng. Là một món ăn giàu calo thường chứa 600-900 calo mỗi khẩu phần, nó cung cấp lượng protein đáng kể từ thịt bò đồng thời lấy phần lớn chất béo bão hòa từ nước cốt dừa.",80
c368b41b-116e-5384-ae32-196545806c2a,,,Cánh gà BBQ (BBQ Chicken Wings),DISH,234.0,22.4,13.8,3.5,0.67,2.0,648.0,de172d43-2578-4f27-a571-6d871460d273,,,"Cánh gà BBQ là món khai vị phổ biến bao gồm cánh gà chiên hoặc nướng được phủ một lớp nước sốt thịt nướng làm từ cà chua ngọt. Quá trình nấu làm caramen đường trong nước sốt, tạo ra một loại men dính cân bằng hương vị khói, thơm và ngọt, đồng thời bổ sung một lượng đáng kể đường và natri bổ sung. Mặc dù cung cấp lượng protein đáng kể từ thịt gà nhưng thành phần dinh dưỡng thay đổi đáng kể tùy theo công thức làm nước sốt và phương pháp chiên.",80
cfe8ac39-6192-5cbb-bcc1-40d48a33a3ad,,,Bánh mì kẹp pretzel gà tây và Thụy Sĩ (Turkey and Swiss Pretzel Sandwich),DISH,208.51,11.06,5.96,27.66,1.28,2.13,438.3,de172d43-2578-4f27-a571-6d871460d273,,,"Bánh mì Pretzel Thổ Nhĩ Kỳ và Thụy Sĩ là một loại bánh sandwich kiểu đồ nguội thịnh soạn được phục vụ trên một cuộn bánh quy cây đặc biệt, đặc trưng bởi lớp vỏ ngoài dai, màu nâu sẫm và lớp bên trong mềm mại. Món bánh sandwich béo ngậy này có ức gà tây cắt lát và phô mai Thụy Sĩ là protein chính, thường được phục vụ khi còn ấm với phô mai tan chảy. Sự kết hợp này cung cấp khoảng 20-26 gam protein cho mỗi khẩu phần, mặc dù bánh quy xoắn góp phần tạo ra hàm lượng natri cao hơn đáng kể so với bánh mì sandwich truyền thống.",80
7e19ee1e-2d0b-5a55-bfc2-7c1c6093bfff,,,Sườn heo hầm (Smothered Pork Chops),INGREDIENT,158.72,20.0,8.09,0.85,0.21,0.21,88.51,de172d43-2578-4f27-a571-6d871460d273,,,"Sườn heo hun khói là một món ăn mang đậm tâm hồn miền Nam cổ điển bao gồm sườn heo dày dạn được nấu chín chậm trong nước sốt đậm đà, thơm ngon được làm từ hành tây caramen và nước sốt trong chảo. Món khai vị giàu protein này được chế biến theo truyền thống bằng cách nhúng miếng sườn vào bột mì dày dặn, áp chảo cho đến khi vàng, sau đó ninh trong nước sốt đặc, màu nâu cho đến khi mềm. Món ăn này cung cấp hàm lượng protein đáng kể trong khi vẫn chứa ít carbohydrate, mặc dù nó có thể chứa nhiều chất béo do phương pháp chế biến phong phú.",80
b8d86536-8a61-54cd-ba62-1b0b838106e5,,,Bít tết gà chiên và trứng (Chicken Fried Steak and Eggs),DISH,296.0,10.8,18.2,22.0,0.8,1.2,712.0,de172d43-2578-4f27-a571-6d871460d273,,,"Bít tết gà rán và trứng là một món ăn sáng thịnh soạn của miền Nam bao gồm bít tết bò tẩm bột và chiên (mặc dù tên của nó có chứa 'gà') ăn kèm với trứng và nước sốt đồng quê. Phần ăn tại nhà hàng này thường bao gồm nửa pound thịt đã được làm mềm, tẩm bột và chiên cho đến khi vàng, kèm theo hai quả trứng nấu theo yêu cầu và nhiều muôi nước sốt kem trắng. Bữa ăn thịnh soạn thể hiện món ăn cổ điển của miền Nam và cung cấp một nguồn protein đáng kể đồng thời đặc biệt giàu calo và chất béo.",75
c18e5640-2cfa-5989-b357-45e0ba3b5e91,,,Bánh cuộn gà Buffalo (Buffalo Chicken Wrap),INGREDIENT,169.23,13.85,4.31,13.85,1.54,1.54,430.77,de172d43-2578-4f27-a571-6d871460d273,,,"Buffalo Chicken Wrap là một bữa ăn cầm tay thịnh soạn bao gồm thịt gà nướng hoặc tẩm bột sốt trâu cay, được bọc trong một chiếc bánh tortilla lớn. Món ăn yêu thích trên xe tải này kết hợp các loại rau củ giòn và nước xốt trang trại làm mát để cân bằng nhiệt, đồng thời cung cấp tùy chọn giàu protein với khoảng 33-54g protein mỗi khẩu phần. Phần thịnh soạn thường nặng khoảng 325g và mang đến sự kết hợp hài lòng giữa hương vị mặn, cay và kem.",80
5d98b5ae-8494-5bea-bfc5-03cb874b40ce,,,Đậu xanh với thịt xông khói (Green Beans with Bacon),DISH,76.47,4.71,4.12,5.29,1.76,2.35,600.0,de172d43-2578-4f27-a571-6d871460d273,,,"Đậu xanh với thịt xông khói là món ăn kèm của nhà hàng BBQ miền Nam, trong đó đậu xanh tươi được nấu chậm với thịt xông khói và gia vị cho đến khi mềm. Phương pháp chế biến này biến các loại rau đơn giản thành một món ăn kèm đậm đà, với mỡ thịt xông khói được chế biến và quá trình nấu lâu sẽ tạo nên hương vị thơm ngon đậm đà. Mặc dù có hàm lượng natri và chất béo cao hơn đậu xanh thông thường, món ăn này cung cấp sự cân bằng hài lòng về protein và chất xơ trong khi vẫn giữ được nét đặc trưng truyền thống của ẩm thực BBQ miền Nam.",80
4c08ea52-7615-5849-b6e7-07ed2769fbd2,,,Bánh mì kẹp gà tây nóng (Hot Turkey Sandwich),DISH,286.8,16.0,14.64,22.8,1.2,2.0,800.0,de172d43-2578-4f27-a571-6d871460d273,,,"Sandwich Thổ Nhĩ Kỳ nóng từ các nhà hàng ở Detroit Coney Island là một loại bánh sandwich kiểu quán ăn thịnh soạn có ức gà tây cắt lát nướng, thường được phục vụ với phô mai tan chảy, rau diếp tươi, cà chua và sốt mayonnaise trên bánh mì nướng. Loại bánh sandwich thịnh soạn này cung cấp một nguồn protein đáng kể, chứa khoảng 36-40 gram mỗi khẩu phần, mặc dù nó có hàm lượng natri cao đáng kể do gà tây đã qua chế biến và gia vị. Khẩu phần ăn phong phú và cách chế biến nóng hổi giúp phân biệt món này với bánh mì gà tây kiểu đồ nguội tiêu chuẩn.",80
5f95b255-f7b7-546d-990d-e916a8357106,,,Bánh mì kẹp gà BBQ (Barbecue Chicken Sandwich),DISH,194.09,16.88,3.38,23.63,1.27,5.91,1139.24,de172d43-2578-4f27-a571-6d871460d273,,,"Bánh sandwich gà nướng là một loại bánh sandwich kiểu nhà hàng có ức gà nướng hoặc hun khói phủ sốt thịt nướng ngọt hoặc thơm, thường được phục vụ trên một chiếc bánh mì nướng. Món bánh mì kẹp giàu protein này thường được ăn kèm với xà lách trộn, dưa chua hoặc các loại rau tươi khác, với khẩu phần ăn trung bình là 230-240 gam. Mặc dù cung cấp lượng protein đáng kể (35-40g mỗi khẩu phần), nước sốt thịt nướng và lớp phủ bên trên góp phần tạo ra hàm lượng natri cao hơn điển hình trong các chế phẩm của nhà hàng.",80
6cf8e5f6-d573-5126-9fe4-ed1cb85fa1b9,,,"Thịt bò quay sơ cấp, nấu chín (Prime Rib Beef Roast, Cooked)",DISH,401.0,22.6,33.8,0.0,0.0,0.0,65.0,de172d43-2578-4f27-a571-6d871460d273,,,"Sườn Prime là miếng thịt bò cao cấp được lấy từ phần sườn nguyên thủy, được biết đến với kết cấu mềm và vân mỡ đậm đà khi được nấu chín đúng cách. Miếng thịt được lát cẩm thạch kỹ lưỡng này mang lại hàm lượng protein đáng kể đồng thời có vòng mỡ đặc trưng giúp tăng thêm hương vị và độ ẩm trong khi nấu. Món nướng nấu chín thường có lớp vỏ thơm ngon bên ngoài trong khi vẫn giữ được phần nhân màu hồng, mọng nước, khiến nó trở thành món ăn trung tâm đặc biệt gắn liền với những dịp đặc biệt và thực đơn nhà hàng bít tết.",80
285c6395-e10f-5b98-b0a5-9dab6c5967f8,,,Thịt bò muối băm và trứng (Corned Beef Hash and Eggs),INGREDIENT,200.0,9.14,14.29,8.57,1.14,0.86,771.43,de172d43-2578-4f27-a571-6d871460d273,,,"Corned Beef Hash and Eggs là một món ăn sáng thịnh soạn dành cho thực khách kiểu Mỹ với thịt bò bắp áp chảo giòn và khoai tây thái hạt lựu phủ trứng nấu theo yêu cầu. Sự kết hợp giàu protein này thường có một lượng lớn thịt băm dày dạn được nướng cho đến khi giòn bên ngoài, trong khi trứng thường được phục vụ dưới nắng hoặc quá dễ. Món ăn này đặc biệt giàu calo và nhiều natri, mang đến một bữa ăn thịnh soạn, đặc biệt phổ biến cho bữa sáng muộn cuối tuần.",80
458ba450-c205-5a53-8201-b885adba61f7,,,Cà ri đỏ với gà (Red Curry with Chicken),DISH,131.43,12.86,3.86,10.43,1.0,2.29,200.0,de172d43-2578-4f27-a571-6d871460d273,,,"Cà ri đỏ với thịt gà là một món ăn cổ điển của Thái Lan gồm những miếng thịt gà mềm trong nước sốt đậm đà làm từ nước cốt dừa hòa quyện với bột cà ri đỏ, chất thơm và rau trộn. Cách chế biến tại nhà hàng này thường kết hợp các hương vị ngọt, cay và mặn, được phục vụ cùng cơm hoa nhài, với lượng calo dao động từ 320-650 mỗi khẩu phần tùy thuộc vào phương pháp chế biến. Mặc dù cung cấp lượng protein đáng kể từ thịt gà và chất dinh dưỡng từ rau, món ăn này đặc biệt giàu chất béo bão hòa từ nước cốt dừa.",80
74157afd-1e22-59d4-9768-26cc53124db1,,,Rendang gà (Rendang Ayam (Chicken Rendang)),INGREDIENT,165.43,11.52,12.27,2.08,0.37,0.74,289.96,de172d43-2578-4f27-a571-6d871460d273,,,"Rendang Ayam là món gà đậm đà của Malaysia-Indonesia được chế biến thông qua phương pháp nấu chậm đặc biệt với nước cốt dừa và gia vị thơm. Quá trình nấu kéo dài giúp nước sốt giảm dần và caramen bao quanh thịt, tạo ra những miếng gà mềm thấm đẫm hương vị phức hợp từ riềng, nghệ, sả và các loại gia vị truyền thống khác. Món ăn giàu protein này được đặc trưng bởi hương vị đậm đặc và hàm lượng chất béo cao từ nước cốt dừa, tạo nên một món thịt được bảo quản theo kiểu truyền thống, mang đến cảm giác no lâu.",80
9fe7f8d5-a1ee-5c40-9d31-a8a7141b68b7,,,Bánh quy thịt heo xé (Pulled Pork Biscuit),INGREDIENT,198.35,9.09,7.44,23.14,0.83,3.31,561.98,de172d43-2578-4f27-a571-6d871460d273,,,"Bánh quy thịt lợn kéo là một loại bánh mì ăn sáng thịnh soạn của miền Nam với thịt lợn thái nhỏ nấu chín chậm được phục vụ trên bánh quy bơ sữa mới nướng. Thịt lợn thường được chế biến bằng cách hun khói hoặc nướng chậm cho đến khi mềm, sau đó kéo bằng tay và thường được rưới nước sốt thịt nướng nhẹ hoặc nước thịt. Món ăn giàu protein này kết hợp kết cấu xốp, béo ngậy của một loại bánh quy truyền thống miền Nam với thịt lợn kéo dày dặn, thơm ngon để tạo nên một bữa ăn thịnh soạn, đặc biệt phổ biến ở các cơ sở ăn sáng miền Nam.",80
fdf7c357-6f4f-53d4-b934-6475aad6b177,,,Gà bỏng ngô Đài Loan (Taiwanese Popcorn Chicken),INGREDIENT,249.56,15.93,15.93,10.62,0.89,1.33,1548.67,de172d43-2578-4f27-a571-6d871460d273,,,"Gà bỏng ngô Đài Loan là một món ăn đường phố nổi tiếng với những miếng đùi gà vừa ăn được chiên đôi để có độ giòn đặc biệt. Thịt gà được ướp gia vị châu Á và phủ một lớp tinh bột đặc biệt, sau đó kết thúc bằng hỗn hợp muối-tiêu-gia vị đặc trưng và lá húng quế Thái giòn. Món ăn nhẹ thơm ngon này là món ăn chủ yếu tại các cửa hàng trà boba, nơi nó thường được phục vụ nóng trong hộp giấy như một món ăn kèm giàu protein cho trà sữa.",80
0226bae7-c5f0-5178-8187-985b01d57949,,,Gà Parmesan (Chicken Parmesan),INGREDIENT,231.41,20.51,8.97,16.67,1.92,2.56,310.9,de172d43-2578-4f27-a571-6d871460d273,,,"Chicken Parmesan Pizza là một loại pizza kiểu nhà hàng kết hợp thịt gà tẩm bột với các yếu tố pizza truyền thống và hương vị Ý-Mỹ. Biến thể thịnh soạn này bao gồm các miếng thịt gà tẩm bột, sốt cà chua và sự pha trộn giữa phô mai mozzarella và parmesan trên lớp vỏ bánh pizza truyền thống. Mặc dù cung cấp lượng protein đáng kể (15-29g mỗi lát), nhưng nó thường chứa nhiều calo và natri, với khẩu phần ăn tại nhà hàng thường vượt quá 350 calo và 800mg natri mỗi lát.",80
722c581a-c67b-5ee0-9a53-03ff20fcc4d2,,,Panini gà Pesto (Chicken Pesto Panini),INGREDIENT,224.49,16.33,9.39,18.37,1.84,2.45,244.9,de172d43-2578-4f27-a571-6d871460d273,,,"A Chicken Pesto Panini là một loại bánh sandwich nướng kiểu Ý bao gồm ức gà thái lát, húng quế và phô mai tan chảy được ép giữa các lát bánh mì thủ công. Món bánh sandwich nóng này nổi bật bởi lớp ngoài giòn và lớp bên trong nóng chảy, ấm áp, thường kết hợp với các loại rau tươi để tăng thêm kết cấu và dinh dưỡng. Là một lựa chọn bữa ăn cân bằng, nó cung cấp lượng protein đáng kể từ thịt gà trong khi pesto và phô mai đóng góp chất béo lành mạnh và hương vị phong phú.",80
226509f4-d032-5560-8718-79d0e94b62e0,,,Bít tết sườn (Ribeye Steak),DISH,293.78,24.89,15.56,0.0,0.0,0.0,33.33,de172d43-2578-4f27-a571-6d871460d273,,,"Bít tết Ribeye là loại thịt bò cao cấp được cắt từ phần sườn, được đánh giá cao nhờ kết cấu mềm và vân mỡ đậm đà. Trong chế biến món bít-tết, nó thường được nướng hoặc nướng để tăng hương vị tự nhiên, thường được phục vụ với khẩu phần 8-12 ounce phong phú. Phần thịt cắt cẩm thạch này cung cấp lượng protein đáng kể cùng với các chất dinh dưỡng cần thiết như sắt, kẽm và vitamin B12, mặc dù hàm lượng chất béo cao nên tốt nhất nên thưởng thức nó ở mức độ vừa phải.",75
2189369e-cf15-57b6-bd12-1c051bfe8f8b,,,Bánh mì kẹp thịt heo quay với cải rabe (Roast Pork Sandwich with Broccoli Rabe),DISH,248.96,21.58,9.13,18.67,1.24,2.07,477.18,de172d43-2578-4f27-a571-6d871460d273,,,"Bánh sandwich đặc sản Philadelphia này có vai thịt lợn dày dạn được nấu chín chậm, xếp lớp với rabe bông cải xanh xào và phô mai provolone sắc nét trên một cuộn hoagie giòn. Thịt lợn mềm, mọng nước thường được chế biến với các loại thảo mộc và gia vị của Ý, trong khi bông cải xanh đắng và phô mai provolone sắc nét mang đến sự tương phản hương vị đặc biệt. Món bánh mì kẹp giàu protein này thường được ăn kèm với au jus làm từ chảo rang nhỏ giọt, tạo nên một bữa ăn thơm ngon và thỏa mãn.",80
dd3672f9-3a8c-5832-bfca-42455c70fca5,,,Bát gà Teriyaki (Teriyaki Chicken Bowl),INGREDIENT,141.18,6.59,2.35,17.65,0.71,2.82,141.18,de172d43-2578-4f27-a571-6d871460d273,,,"Bát gà teriyaki là một món ăn cân bằng lấy cảm hứng từ châu Á thường được phục vụ tại các nhà hàng ăn nhanh bình dân với khẩu phần trung bình 425g. Món ăn kết hợp gà nướng sốt teriyaki mặn ngọt dùng kèm cơm trắng cùng rau xào, mang đến một bữa ăn hoàn chỉnh với tỷ lệ cân bằng giữa protein, carbohydrate và chất xơ. Thường chứa từ 450-674 calo mỗi khẩu phần, những chiếc bát này thường cho phép tùy chỉnh các loại rau và lớp phủ bên trên trong khi vẫn duy trì hương vị teriyaki đặc trưng của chúng.",80
a545f1a5-f10c-5271-9d83-3b2f40c3407d,,,Thịt bò Mông Cổ (Mongolian Beef),INGREDIENT,192.5,14.75,10.5,9.75,0.62,3.75,375.0,de172d43-2578-4f27-a571-6d871460d273,,,"Thịt bò Mông Cổ là một món ăn nhà hàng Trung Quốc nổi tiếng với thịt bò thái mỏng xào cho đến khi giòn và rưới nước sốt đậm đà làm từ đậu nành. Món ăn này thường kết hợp những miếng bít tết sườn mềm với hành lá trong nước sốt mặn ngọt có chứa nước tương, tỏi và gừng. Mặc dù có hàm lượng protein cao nhưng chế phẩm nhà hàng này đặc biệt có hàm lượng calo và natri cao, với các chất gây dị ứng phổ biến bao gồm lúa mì, đậu nành và đôi khi là vừng.",80
0b047198-c59f-55af-9fee-b48aeeda9782,,,Bít tết váy (Skirt Steak),DISH,268.24,28.65,17.12,0.0,0.0,0.0,44.12,de172d43-2578-4f27-a571-6d871460d273,,,"Bò bít tết là một miếng thịt bò dài, dẹt được đánh giá cao nhờ hương vị đậm đà và vân mỡ đậm đà. Miếng thịt đậm đặc chất dinh dưỡng này thường được nướng hoặc nướng than ở nhiệt độ cao trong các nhà hàng bít-tết, thường được phục vụ với lớp vỏ ngoài được tráng caramen trong khi vẫn giữ được phần giữa màu hồng mềm mại. Món bít tết đặc biệt có hàm lượng protein cao, cung cấp gần 50 gam cho mỗi khẩu phần 6 ounce và thường được phục vụ cắt lát theo hạt, thường đi kèm với chimichurri hoặc các loại nước sốt mặn khác.",75
c68c34e3-f283-55c1-828e-0cdd6b605f31,,,Bánh bao heo BBQ nướng (Baked BBQ Pork Buns),DISH,220.0,9.0,7.0,31.0,1.1,8.0,315.0,de172d43-2578-4f27-a571-6d871460d273,,,"Bánh bao thịt lợn nướng BBQ là một món dim sum phổ biến với lớp vỏ bánh mì màu nâu vàng bên ngoài chứa đầy char siu (thịt lợn BBQ Trung Quốc) trong nước sốt mặn ngọt. Không giống như các loại bánh hấp, những chiếc bánh này có bề ngoài hơi giòn, bên trong mềm, bông xốp, trong khi phần nhân vẫn đậm đà và sốt. Mỗi chiếc bánh mì cung cấp sự kết hợp cân bằng giữa protein và carbohydrate, khiến nó trở thành một phần riêng lẻ thỏa mãn thường chứa khoảng 200 calo.",80
0848c248-f866-5590-9205-1d0eafd053d7,,,"Đùi gà với da, tươi sống (Chicken Drumsticks with Skin, Raw)",INGREDIENT,161.0,18.1,9.2,0.11,0.0,0.0,89.0,de172d43-2578-4f27-a571-6d871460d273,,,"Đùi gà là phần dưới của chân gà, gồm cơ bắp chân gắn liền với xương chày còn nguyên da. Phần cắt này cung cấp một nguồn protein phong phú đồng thời chứa hàm lượng chất béo cao hơn do có da, góp phần tạo ra cả hương vị và độ ẩm khi nấu chín. Dùi sống cần được nấu kỹ đến nhiệt độ bên trong là 165°F (74°C) để đảm bảo an toàn thực phẩm và chúng rất thích hợp cho các phương pháp nướng, quay hoặc chiên.",80
aa625e01-5a50-5b5f-8261-77547c335512,,,Bít tết phô mai bò cổ điển (Classic Beef Cheesesteak),INGREDIENT,356.67,25.67,14.33,32.67,2.33,1.67,1293.33,de172d43-2578-4f27-a571-6d871460d273,,,"Món thịt bò bít tết cổ điển là món bánh sandwich Philadelphia mang tính biểu tượng bao gồm bít tết sườn thái lát mỏng nướng với hành tây và phủ phô mai tan chảy trên một cuộn hoagie mềm. Loại bánh sandwich thịnh soạn này theo truyền thống có phô mai Mỹ hoặc Cheez Whiz, tạo nên kết cấu đậm đà và béo ngậy đặc trưng của nó. Là một bữa ăn phong phú, nó cung cấp hàm lượng protein đáng kể từ thịt bò đồng thời chứa nhiều calo do sự kết hợp giữa thịt, pho mát và bánh mì.",75
8038b350-94a0-5d71-b18a-d05d4c418e7c,,,Bánh mì kẹp thịt bò Ý nguyên bản (Original Italian Beef Sandwich),DISH,205.88,18.53,8.82,15.59,1.18,1.18,294.12,de172d43-2578-4f27-a571-6d871460d273,,,"Bánh Sandwich Bò Ý Nguyên bản là một biểu tượng ẩm thực của Chicago với thịt bò nướng thái lát mỏng được nấu chín chậm trong nước sốt au jus dày dặn và được phục vụ trên một chiếc bánh mì Ý giòn giòn. Loại bánh sandwich giàu protein này theo truyền thống được phủ giardiniera (rau ngâm cay) hoặc ớt ngọt và có thể gọi món 'khô', 'nhúng' hoặc 'ướt' tùy thuộc vào lượng hương vị au jus được thêm vào. Khẩu phần ăn hào phóng và phương pháp chuẩn bị đã tạo ra một chiếc bánh sandwich thịnh soạn thường cung cấp hơn 60 gam protein trong khi có hàm lượng natri cao đáng kể.",80
d98a0382-ef13-541e-91f7-78e5e090cce4,,,Bánh mì kẹp gà Parmesan (Chicken Parmesan Sub),INGREDIENT,242.74,14.32,9.96,25.73,1.04,3.11,622.41,de172d43-2578-4f27-a571-6d871460d273,,,"A Chicken Parmesan Sub là một loại bánh sandwich thịnh soạn gồm có thịt gà tẩm bột cốt lết phủ sốt marinara và phô mai mozzarella tan chảy, được phục vụ trên một ổ bánh mì nướng. Nhà hàng yêu thích này kết hợp món gà parmesan cổ điển của người Mỹ gốc Ý với định dạng bánh sandwich tàu ngầm, thường có các phần từ 6 inch đến 12 inch. Mặc dù cung cấp hàm lượng protein và canxi đáng kể từ phô mai, nhưng nó lại có hàm lượng calo và natri cao đáng kể do có thành phần thịt gà tẩm bột và nước sốt.",80
aab09f90-0e9a-5bbb-b878-060d2507580a,,,Zurbian với thịt bò (Zurbian with Beef),INGREDIENT,200.0,11.43,8.57,20.0,1.71,2.0,285.71,de172d43-2578-4f27-a571-6d871460d273,,,"Zurbian là món cơm thịnh soạn của người Yemen với thịt bò mềm nấu chậm với các loại gia vị thơm như nghệ tây, bạch đậu khấu và nghệ. Bữa ăn thịnh soạn này bao gồm thịt bò ướp và khoai tây xếp lớp với cơm basmati thơm, thường được trang trí bằng hành tây chiên, hạnh nhân và nho khô. Món ăn này đặc biệt giàu protein và carbohydrate phức hợp, cùng với các loại gia vị đa dạng góp phần mang lại đặc tính chống oxy hóa có lợi.",80
69f0de71-2c97-595a-a13d-e9df0465dfd8,,,Bánh mì kẹp Shawarma bò (Beef Shawarma Sandwich),DISH,225.0,15.0,9.0,20.0,1.5,2.5,400.0,de172d43-2578-4f27-a571-6d871460d273,,,"Sandwich thịt bò Shawarma là một đặc sản của Li-băng gồm có thịt bò ướp thái lát mỏng được nướng từ từ trên xiên thẳng đứng cho đến khi mềm và có hương vị. Thịt tẩm gia vị được gói trong bánh mì pita cùng với rau tươi, dưa chua và nước sốt truyền thống như sốt tahini hoặc sốt tỏi. Bữa ăn hoàn chỉnh này cung cấp sự cân bằng tốt về protein từ thịt bò, carbohydrate phức hợp từ bánh pita và chất dinh dưỡng từ rau trang trí.",80
5f4ad1e2-276a-5dfa-a789-9485560e2554,,,Panini gà BBQ (BBQ Chicken Panini),INGREDIENT,212.61,11.74,1.3,40.0,3.91,6.52,356.52,de172d43-2578-4f27-a571-6d871460d273,,,"BBQ Chicken Panini là một loại bánh sandwich ép có ức gà nướng phủ sốt thịt nướng, thường được phục vụ trên bánh mì nhiều loại ngũ cốc hoặc brioche. Món bánh sandwich nóng này có đặc điểm là bên ngoài nướng giòn và thường bao gồm các loại rau tươi như rau diếp và cà chua, đôi khi có cả phô mai tan chảy. Mặc dù cung cấp lượng protein đáng kể từ ức gà, nhưng món bánh mì sandwich này có hàm lượng carbohydrate cao hơn đáng kể do bánh mì và nước sốt BBQ, thường chứa khoảng 500 calo mỗi khẩu phần chế biến tại nhà hàng.",80
96b090f7-e06c-538b-bda4-0ab7c96d6c73,,,Gà Afritada (Chicken Afritada),INGREDIENT,108.57,12.57,4.29,5.14,1.14,2.0,221.43,de172d43-2578-4f27-a571-6d871460d273,,,"Chicken Afritada là món hầm cổ điển của Philippines gồm những miếng thịt gà mềm được ninh trong nước sốt đậm đà làm từ cà chua. Món ăn thịnh soạn này có đặc điểm là hỗn hợp các loại rau, thường bao gồm khoai tây, cà rốt và ớt chuông, giúp hấp thụ hương vị thơm ngon trong khi nấu. Món ăn giàu protein theo truyền thống được phục vụ cùng cơm trắng, mang đến sự kết hợp cân bằng giữa protein nạc, carbohydrate phức tạp và các vitamin thiết yếu từ các thành phần thực vật.",80
509aa77f-f32b-5e14-8e16-600260834bea,,,Bánh tart flambée (Tarte Flambée),INGREDIENT,205.6,6.4,10.4,21.6,1.2,1.6,320.0,de172d43-2578-4f27-a571-6d871460d273,,,"Tarte Flambée là một loại bánh mì dẹt truyền thống của vùng Alsatian có lớp vỏ siêu mỏng, giòn phủ kem tươi, hành tây caramen và mỡ lợn xông khói xông khói. Món bánh bistro cổ điển kiểu Pháp này được nướng theo kiểu truyền thống ở nhiệt độ rất cao, tạo nên kết cấu giòn đặc trưng và các cạnh cháy thành than tinh tế. Được phục vụ như một món khai vị hoặc bữa ăn nhẹ, nó mang đến sự cân bằng tinh tế giữa sữa đậm đà, hành ngọt và thịt ướp mặn giúp phân biệt với các loại bánh mì dẹt khác.",80
8b911193-9f92-5835-8679-32c67f8cb396,,,Sườn heo (Pork Ribs),INGREDIENT,207.43,8.0,16.29,7.14,0.29,5.71,273.71,de172d43-2578-4f27-a571-6d871460d273,,,"Sườn heo xông khói là một món nướng thịnh soạn có thịt được nấu chậm cho đến khi mềm trên khói củi, thường được phục vụ với lớp sốt BBQ đậm đà. Những chiếc xương sườn này, có sẵn ở dạng lưng trẻ em hoặc kiểu cắt theo kiểu St. Louis, đặc biệt giàu calo và giàu protein, với một nửa giá đỡ cung cấp khoảng 30-40 gam protein. Phương pháp chuẩn bị trong nhà hun khói truyền thống của Texas bao gồm nhiều giờ nấu ở nhiệt độ thấp, tạo ra vòng khói màu hồng đặc trưng và độ mềm như xương.",80
a3819874-da76-501f-9bed-c801797b8fea,,,Bánh mì kẹp thịt heo xé BBQ (BBQ Pulled Pork Sub),INGREDIENT,186.67,13.33,6.67,18.33,1.17,3.33,366.67,de172d43-2578-4f27-a571-6d871460d273,,,"A BBQ Pulled Pork Sub là một loại bánh sandwich thịnh soạn có thịt vai lợn xé nhỏ được nấu chậm trong nước sốt thịt nướng thơm và ngọt, thường được phục vụ trên món cuộn kiểu tàu ngầm. Thịt mềm thường đi kèm với các loại đồ ăn kèm cổ điển như xà lách trộn hoặc dưa chua, giúp tăng thêm độ giòn và cân bằng cho món thịt lợn đậm đà. Mặc dù loại bánh sandwich giàu protein này cung cấp lượng dinh dưỡng đáng kể với 28-52g protein mỗi khẩu phần, nhưng nó lại có hàm lượng natri cao đáng kể do nước sốt thịt nướng và chứa đáng kể carbohydrate từ cả nước sốt và bánh mì.",80
5704e814-e4ea-5a78-9d29-6673c9c37d10,,,Edikang Ikong với gà (Edikang Ikong with Chicken),INGREDIENT,133.33,10.0,7.33,6.0,2.0,1.0,166.67,de172d43-2578-4f27-a571-6d871460d273,,,"Edikang Ikong là món súp đậm đặc chất dinh dưỡng của Nigeria với sự pha trộn phong phú của các loại rau lá xanh, đặc biệt là ugu (lá bí ngô) và lá nước, kết hợp với thịt gà và gia vị truyền thống. Món ăn thịnh soạn này được chế biến bằng dầu cọ và tăng cường với tôm càng, tạo nên hương vị umami phức tạp. Sự kết hợp giữa thịt gà mềm, rau xanh giàu vitamin và gia vị thơm làm cho món ăn này trở thành một lựa chọn đặc biệt bổ dưỡng với hàm lượng protein, chất xơ và các vitamin thiết yếu bao gồm A và C.",80
9a1e5b7e-e7d0-53d6-97f6-86df71e37328,,,Khameer (Khameer),DISH,300.0,6.0,10.0,45.0,3.0,2.0,250.0,de172d43-2578-4f27-a571-6d871460d273,,,"Khameer là một loại bánh mì dẹt truyền thống của Qatar có đặc điểm là kết cấu mềm, hơi phồng và bề mặt cháy nhẹ khi nướng trong lò tandoor hoặc lò nướng. Loại bánh mì làm từ lúa mì này thường được phết một lớp dầu hoặc bơ sữa trâu trong quá trình chế biến, mang lại hương vị đậm đà tinh tế và lớp vỏ mềm. Thường được phục vụ trong các nhà hàng Trung Đông, khameer là món lý tưởng để múc nước sốt và dùng kèm với nhiều món ăn khác nhau như machboos và salad.",80
693475bc-f2ba-5df5-b0d4-e96c5e532e7c,,,Bánh mì kẹp xúc xích cay Po' Boy (Hot Sausage Po' Boy),DISH,695.0,27.0,43.0,50.0,4.0,5.0,1721.0,de172d43-2578-4f27-a571-6d871460d273,,,"A Hot Sausage Po' Boy là món bánh sandwich truyền thống của Louisiana có xúc xích hun khói tẩm gia vị Cajun được phục vụ trên bánh mì Pháp giòn với phần bên trong nhẹ đặc trưng. Món bánh sandwich thịnh soạn này thường được ăn kèm với rau diếp tươi, cà chua và dưa chua thì là, kết thúc bằng nước sốt remoulade đậm đà. Mặc dù cung cấp hàm lượng protein đáng kể, món bánh mì kẹp nhân này đặc biệt giàu cả calo và natri, phản ánh di sản New Orleans đầy mê đắm của nó.",80
bab0c37f-86fb-5490-a1f1-0a8064ee2f6b,,,Bít tết tái (Steak Tartare),DISH,249.33,14.0,20.0,0.0,0.0,0.0,120.0,de172d43-2578-4f27-a571-6d871460d273,,,"Steak tartare là món ăn cao cấp gồm thịt bò sống thái nhỏ được chế biến từ thăn hoặc sườn thăn chất lượng cao. Cách chế biến cổ điển này thường được phục vụ cùng với các món ăn kèm truyền thống bao gồm lòng đỏ trứng sống, nụ bạch hoa, hẹ tây và sốt Worcestershire, tạo nên một hương vị đậm đà, thơm ngon. Món ăn cung cấp hàm lượng protein đặc biệt và đặc biệt giàu sắt và vitamin B, trong khi các nhà hàng chú trọng khâu chế biến kỹ lưỡng và lựa chọn thịt bò thượng hạng để đảm bảo cả an toàn và chất lượng.",75
7035e636-26d2-5e04-95be-738109fdcca5,,,Sườn ngắn bò hun khói (Smoked Beef Short Ribs),DISH,233.33,25.56,13.33,0.56,0.0,0.0,1166.67,de172d43-2578-4f27-a571-6d871460d273,,,"Sườn ngắn thịt bò hun khói là nền tảng của món thịt nướng Texas, bao gồm những miếng thịt bò được tẩm bột cẩm thạch được hun khói chậm cho đến khi đặc biệt mềm. Những vết cắt đáng kể này thường được tẩm ướp đơn giản với muối và hạt tiêu, sau đó hun khói ở nhiệt độ thấp trong 6-9 giờ cho đến khi thịt có vỏ sẫm màu đặc trưng và gần như rơi ra khỏi xương. Kết quả là một món ăn giàu protein, ít carb được đặc trưng bởi hương vị đậm đà của thịt bò, với vân vân tự nhiên tạo ra trong quá trình nấu để tạo ra trải nghiệm ăn uống đặc biệt đậm đà và mềm mại.",80
775b8045-a49a-5776-ae7e-cb65d51352d5,,,Gà Tikka Masala (Chicken Tikka Masala),INGREDIENT,154.17,9.17,5.0,14.58,1.04,2.5,291.67,de172d43-2578-4f27-a571-6d871460d273,,,"Gà Tikka Masala là một món ăn nổi tiếng lấy cảm hứng từ Ấn Độ bao gồm các miếng thịt gà ướp trong nước sốt cà ri béo ngậy làm từ kem cà chua. Món ăn tự chọn này thường kết hợp ức gà mềm với nước sốt làm từ kem béo, cà chua và gia vị thơm của Ấn Độ, thường được dùng kèm với cơm basmati. Món ăn này cung cấp một nguồn protein dồi dào đồng thời chứa lượng calo và chất béo bão hòa tương đối cao do nước sốt làm từ kem có chứa chất gây dị ứng từ sữa.",80
f4f95e62-703d-5d2f-993e-b0721a73ebea,,,Bít tết thăn (Sirloin Steak),DISH,195.14,29.86,8.33,0.0,0.0,0.0,62.5,de172d43-2578-4f27-a571-6d871460d273,,,"Bít tết thăn bò là loại thịt bò nạc cao cấp thường được nướng hoặc nướng theo yêu cầu trong các quán bít tết. Món cắt được chế biến tại nhà hàng này cung cấp hàm lượng protein đặc biệt với khoảng 40-50 gam mỗi khẩu phần, trong khi vẫn chứa ít chất béo hơn so với nhiều món cắt miếng bít tết khác. Bít tết theo truyền thống được gia vị đơn giản với muối và hạt tiêu, sau đó nướng ở nhiệt độ cao để có được lớp vỏ ngoài caramen trong khi vẫn duy trì độ chín bên trong như mong muốn, mang lại hương vị đậm đà, đậm đà của thịt.",75
ea7728e5-ab2d-5c0f-a0dc-597674e48e28,,,Bánh mì kẹp bagel thịt bò quay và cheddar (Roast Beef and Cheddar Bagel Sandwich),DISH,191.41,11.72,3.91,27.34,1.17,2.34,312.5,de172d43-2578-4f27-a571-6d871460d273,,,"A Roast Beef and Cheddar Bagel Sandwich là một loại bánh sandwich kiểu deli thịnh soạn với thịt bò nướng thái lát mỏng và phô mai cheddar tan chảy được phục vụ trên bánh mì tròn tươi. Loại bánh sandwich giàu protein này thường chứa khoảng 500 calo và 30 gam protein, khiến nó trở thành một lựa chọn ăn uống quan trọng. Bánh sandwich thường có thể tùy chỉnh với các chất bổ sung như rau diếp, cà chua hoặc gia vị, mặc dù thành phần cốt lõi vẫn là thịt bò nướng thái lát và phô mai cheddar tan chảy trên bánh mì tròn nướng.",80
b3d38ed2-0bb7-5c65-945a-9293c21782f9,,,Cánh gà Jerk (Jerk Chicken Wings),INGREDIENT,281.5,20.0,16.95,11.5,0.5,9.0,520.9,de172d43-2578-4f27-a571-6d871460d273,,,"Cánh gà giật là một đặc sản của nhà hàng Caribe với cánh gà được phủ một lớp gia vị đặc trưng của Jamaica bao gồm hạt tiêu, húng tây và ớt scotch. Những chiếc cánh này thường được nướng hoặc chiên cho đến khi giòn, sau đó rưới nước sốt cay ngọt để tăng thêm hương vị và carbohydrate cho món ăn giàu protein. Mặc dù cung cấp lượng protein đáng kể nhưng những chiếc cánh này lại có hàm lượng natri và chất béo cao đáng kể do phương pháp chế biến và gia vị.",80
c0b77ece-901a-5445-b7ca-2ac6a88fa054,,,Chả giò heo và phô mai trên bánh sừng bò (Pork Roll and Cheese on a Croissant),INGREDIENT,333.33,12.0,16.67,20.0,1.33,2.67,866.67,de172d43-2578-4f27-a571-6d871460d273,,,"Bánh sandwich New Jersey cổ điển này có cuộn thịt lợn nướng (một sản phẩm thịt lợn hun khói và hun khói của vùng) và phô mai tan chảy được phục vụ trên bánh sừng bò bơ. Món chả giò thường được nướng cho đến khi hơi giòn ở mép, sau đó phủ phô mai Mỹ hoặc phô mai cheddar tan chảy lên trên, tạo nên một sự kết hợp thơm ngon và hấp dẫn. Mặc dù có hàm lượng protein cao nhưng món bánh mì kẹp đáng kể này cũng đặc biệt giàu calo, chất béo và natri, phản ánh vị thế của nó như một món ăn thoải mái được yêu thích.",80
e9055e73-97f9-5a93-b53f-c744ed90fc09,,,Bánh mì kẹp thịt bò quay cải ngựa (Horseradish Roast Beef Sandwich),DISH,380.0,15.33,22.33,24.33,2.0,2.67,666.67,de172d43-2578-4f27-a571-6d871460d273,,,"Bánh mì kẹp thịt bò nướng North Shore là một đặc sản đặc biệt của New England với thịt bò nướng vừa phải, thái lát mỏng, ấm áp được phục vụ trên một cuộn hành tây nướng. Cách chế biến 'ba chiều' cổ điển bao gồm sốt BBQ James River, sốt mayonnaise và phô mai Mỹ trắng, tạo nên sự kết hợp phong phú giữa hương vị thơm, kem và mặn. Loại bánh sandwich béo ngậy này thường chứa thịt bò chất lượng cao được cắt lát theo yêu cầu, với pho mát được đặt một cách chiến lược bên dưới lớp thịt ấm để duy trì kết cấu tối ưu.",80
5925b31d-1285-5f3a-a2f5-949398328a87,,,Cơm chiên với gà (Fried Rice with Chicken),DISH,176.06,7.75,6.34,21.13,1.06,1.41,246.48,de172d43-2578-4f27-a571-6d871460d273,,,"Cơm chiên gà Tây Phi là một món ăn thịnh soạn gồm cơm hạt dài được xào với những miếng thịt gà mềm, rau trộn và gia vị đặc trưng. Món ăn này có đặc điểm là sự pha trộn đặc trưng của bột cà ri, húng tây và gia vị nước dùng, tạo nên sự khác biệt so với các chế phẩm cơm chiên khác trong vùng. Bữa ăn thịnh soạn này thường bao gồm hỗn hợp nhiều màu sắc gồm cà rốt, đậu Hà Lan, ớt chuông và hành tây, cung cấp sự kết hợp cân bằng giữa protein, carbohydrate và rau trong mỗi khẩu phần.",80
fc406269-a16b-5dbb-8a87-cfd26c2aa7e6,,,"Bít tết sườn, tươi sống (Ribeye Steak, Raw)",INGREDIENT,232.0,19.7,17.0,0.0,0.0,0.0,50.0,de172d43-2578-4f27-a571-6d871460d273,,,"Bít tết Ribeye là loại thịt bò cao cấp được cắt từ phần sườn, nổi tiếng với lượng mỡ dồi dào (chất béo trong cơ) đảm bảo độ mềm đặc biệt và hương vị bơ đậm đà khi nấu chín. Thịt cắt sống này cung cấp protein chất lượng cao với một lượng đáng kể sắt và vitamin B12, mặc dù hàm lượng chất béo có thể nhìn thấy được của nó góp phần tạo ra nồng độ chất béo bão hòa cao hơn so với các miếng thịt nạc. Được chế biến tốt nhất bằng cách nướng hoặc áp chảo, 'mắt' đặc trưng của miếng thịt cẩm thạch và lớp mỡ bao quanh khiến món bít tết trở thành món ăn được yêu thích trong các phương pháp nấu ở nhiệt độ cao giúp tiết ra chất béo mà vẫn giữ được độ ngon ngọt.",75
c6da1ab9-c4c6-5922-a602-1ee9398f67ce,,,Thịt cừu lát (Lamb Slices),INGREDIENT,314.29,26.43,22.57,0.0,0.0,0.0,53.57,de172d43-2578-4f27-a571-6d871460d273,,,"Những lát thịt cừu phục vụ tại các nhà hàng lẩu là những miếng thịt cao cấp được bào mỏng như giấy để nấu nhanh trong nước dùng sôi lăn tăn. Những lát thịt được chế biến cẩn thận này thường có lớp mỡ cẩm thạch xuyên suốt, giúp tăng hương vị và độ mềm khi nấu. Giàu protein và các chất dinh dưỡng thiết yếu như sắt và B12, những phần thịt sống này được cắt đặc biệt để nấu trong vòng vài giây khi được rưới qua nước dùng lẩu.",80
1134585e-6414-5a41-806a-3a8a8d80e729,,,Bánh crepe thịt bò Bourguignon (Beef Bourguignon Crepe),INGREDIENT,118.18,11.82,6.36,5.23,0.77,1.36,227.27,de172d43-2578-4f27-a571-6d871460d273,,,"Bò Bourguignon Crepe là một món ăn tinh tế của nhà hàng Pháp, bao gồm món thịt bò hầm nấu chín chậm trong lớp bánh crepe tinh tế bằng bột mì. Nhân bánh có thịt bò mềm, nấm và hành tây om trong nước sốt rượu vang đỏ, tạo nên hương vị thơm ngon đậm đà. Món ăn thịnh soạn này cung cấp một lượng protein đáng kể trong khi vẫn duy trì hàm lượng carbohydrate vừa phải, khiến nó trở thành một lựa chọn món chính thỏa mãn tại các tiệm bánh crepe.",80
cc24af95-9d7c-53c6-a9a0-be3dd8506237,,,Gà Jerk (Jerk Chicken),INGREDIENT,135.0,8.73,4.6,14.7,1.17,1.33,141.33,de172d43-2578-4f27-a571-6d871460d273,,,"Gà giật là một món ăn đặc trưng của vùng Caribe với thịt gà được ướp với sự pha trộn phức tạp của ớt scotch, hạt tiêu, húng tây và các loại gia vị thơm khác. Món khai vị giàu protein này được nướng hoặc hun khói theo cách truyền thống để tạo ra vị cay, hương vị bên ngoài trong khi vẫn giữ được vị ngon ngọt bên trong. Tại các nhà hàng ở Caribe, món này thường được phục vụ với cơm và đậu Hà Lan, mang đến một bữa ăn hoàn chỉnh cân bằng sức nóng mạnh mẽ với lượng carbohydrate vừa đủ và khoảng 25-30 gam protein mỗi khẩu phần.",80
bc38f0e4-bd8d-5256-8789-edacf8756063,,,Bánh mì kẹp thịt heo quay với rau bina (Roast Pork Sandwich with Spinach),DISH,304.0,22.8,15.6,20.0,2.4,2.0,800.0,de172d43-2578-4f27-a571-6d871460d273,,,"Một chiếc bánh sandwich đặc sản Philadelphia có thịt vai lợn quay thái lát mỏng được phục vụ trên một chiếc bánh cuộn hoagie giòn với rau bina xào và pho mát provolone sắc nét. Thịt lợn thường được chế biến với tỏi và rau thơm, sau đó ăn kèm với món au jus thơm ngon, tạo nên một bữa ăn phong phú và giàu protein. Món bánh mì kẹp béo ngậy này kết hợp thịt mềm, rau thơm và phô mai tan chảy để tạo nên một món ăn thịnh soạn cung cấp sự kết hợp cân bằng giữa protein, rau và carbohydrate.",80
1e7e4c21-dad9-53c6-81fd-84b3e92bc122,,,Gà Teppanyaki (Teppanyaki Chicken),INGREDIENT,181.47,10.69,6.97,18.34,0.88,2.65,448.68,de172d43-2578-4f27-a571-6d871460d273,,,"Gà Teppanyaki là món ăn nhà hàng lấy cảm hứng từ Nhật Bản được chế biến trên vỉ nướng sắt phẳng với sự tinh tế của sân khấu. Món ăn này thường có ức gà nướng với nước sốt làm từ đậu nành và ăn kèm với rau xào và cơm chiên, thường đi kèm với các loại gia vị đặc trưng như sốt Yum Yum. Mặc dù có hàm lượng protein cao và cung cấp các thành phần bữa ăn hoàn chỉnh, khẩu phần ăn tại nhà hàng có xu hướng nhiều và có thể chứa nhiều natri do các loại nước sốt khác nhau được sử dụng để chế biến.",80
43c5e512-fc76-53dc-9710-66a8bebac615,,,Thịt cừu Shashlik (Shashlik Lamb),INGREDIENT,273.33,27.33,18.0,2.0,0.67,1.0,466.67,de172d43-2578-4f27-a571-6d871460d273,,,"Thịt cừu Shashlik là một món nướng truyền thống của Gruzia bao gồm các khối thịt cừu ướp được nướng trên xiên trên than củi. Thịt thường được ướp trong hỗn hợp giấm hoặc nước cốt chanh, tỏi và rau thơm, sau đó nướng cùng các loại rau như hành tây, ớt chuông và cà chua. Món ăn giàu protein này đặc trưng bởi hương vị khói và kết cấu mềm, theo truyền thống được phục vụ nóng trên vỉ nướng với bánh mì tươi và kèm theo nước sốt làm từ sữa chua.",80
6707dc6e-5f0f-5c44-ba7a-79e2dbf38254,,,Thịt bò hầm (Beef Pot Roast),DISH,302.0,30.1,19.2,0.0,0.0,0.0,50.0,de172d43-2578-4f27-a571-6d871460d273,,,"Thịt bò nướng nồi là một món ăn nấu chậm theo truyền thống được chế biến bằng cách om miếng thịt cẩm thạch như thịt ức hoặc thịt ức với các loại rau củ trong nước dùng đã nêm gia vị. Thời gian nấu kéo dài sẽ phân hủy collagen thành gelatin, tạo ra thịt mềm với hương vị đậm đà đồng thời cung cấp hàm lượng protein đáng kể. Mặc dù giàu chất dinh dưỡng nhưng mức độ chất béo của nó thay đổi đáng kể tùy thuộc vào cách lựa chọn vết cắt và cách cắt tỉa, đòi hỏi phải chú ý theo dõi lượng calo.",80
fa7a22fd-ce5d-5d1d-b0f8-4fabde7a72fe,,,Bánh mì kẹp gà Po' Boy (Chicken Po' Boy),INGREDIENT,103.94,4.88,5.35,9.61,0.47,0.63,333.86,de172d43-2578-4f27-a571-6d871460d273,,,"A Chicken Po' Boy là một loại bánh mì kẹp kiểu miền Nam nổi tiếng với ức gà tẩm bột và chiên giòn được phục vụ trên bánh mì baguette giòn kiểu Pháp. Món bánh sandwich thịnh soạn này thường đi kèm với rau diếp tươi, cà chua, dưa chua và sốt mayonnaise, tạo nên sự kết hợp đặc trưng giữa kết cấu giòn, kem và tươi. Là một phần ăn trong nhà hàng, nó đại diện cho một bữa ăn quan trọng, thường chứa hơn 600 calo với lượng protein đáng chú ý từ thịt gà và carbohydrate từ bánh mì và bánh mì.",80
ff813338-0318-5d3d-b391-ffa7f98d7ab8,,,Gà Shashlik (Shashlik Chicken),INGREDIENT,125.0,17.5,4.0,5.0,1.04,1.67,145.83,de172d43-2578-4f27-a571-6d871460d273,,,"Shashlik Chicken là món nướng truyền thống của Georgia bao gồm các miếng thịt gà ướp xiên với các loại rau như ớt chuông, hành tây và cà chua. Thịt thường được ướp trong hỗn hợp đầy hương vị của sữa chua, tỏi và gia vị thơm trước khi nướng chín mềm. Món ăn giàu protein này cung cấp sự kết hợp cân bằng giữa thịt nạc và rau, khiến nó trở thành một lựa chọn bổ dưỡng có hàm lượng protein đặc biệt cao trong khi vẫn có hàm lượng chất béo vừa phải.",80
42cb7ec3-20a6-5ad0-b385-10729e95aa25,,,Thịt bò Ý với ớt ngọt (Italian Beef with Sweet Peppers),INGREDIENT,200.0,12.08,7.92,17.92,1.67,2.5,458.33,de172d43-2578-4f27-a571-6d871460d273,,,"Thịt bò Ý với ớt ngọt là món bánh sandwich đặc trưng của Chicago bao gồm thịt bò dày dạn thái lát mỏng, nấu chín chậm, ăn kèm với bánh mì Ý giòn với ớt chuông ngọt ướp. Thịt bò thường được ngâm trong nước au jus đậm đà, dày dặn trước khi phục vụ, và bánh sandwich thường được nhúng hoặc phục vụ 'ướt' với au jus bổ sung. Món ăn thịnh soạn này cung cấp một nguồn protein đáng kể đồng thời mang đến sự kết hợp thơm ngon của thịt bò, gia vị thơm và ớt ngọt đặc trưng của ẩm thực Mỹ-Ý của Chicago.",75
2e6b9f76-b7a5-5542-9ee9-0726d82ad6fa,,,Cánh gà mật ong Sriracha (Sriracha Honey Wings),DISH,259.26,13.45,21.05,3.31,0.0,2.53,627.68,de172d43-2578-4f27-a571-6d871460d273,,,"Sriracha Honey Wings là món cánh gà chế biến theo phong cách nhà hàng kết hợp hương vị châu Á và Mỹ trong sự kết hợp ngọt ngào. Những chiếc cánh chiên giòn này được phủ một lớp men dính làm từ mật ong và tương ớt Sriracha, tạo nên sự cân bằng giữa vị ngọt và vị cay cay. Thường được phục vụ theo khẩu phần hào phóng gồm 9-12 miếng, những chiếc cánh này đặc biệt giàu calo và giàu protein, với lớp vỏ ngoài giòn nhường chỗ cho thịt mềm bên dưới nước sốt đặc trưng.",75
d026b57d-d6bc-5f78-a6c3-73e4fdef2144,,,Bánh cuộn xúc xích (Sausage Roll),DISH,320.39,8.93,21.36,23.3,0.97,0.0,582.52,de172d43-2578-4f27-a571-6d871460d273,,,"Cuộn xúc xích là một món ăn quán rượu cổ điển của Anh bao gồm thịt xúc xích lợn tẩm gia vị được bọc trong bánh phồng xốp và nướng cho đến khi có màu vàng nâu. Món ăn nhẹ thịnh soạn này kết hợp vỏ ngoài giòn, bơ với nhân thịt thơm ngon, khiến nó trở thành một bữa ăn di động hoặc món khai vị phổ biến. Mặc dù cung cấp lượng protein đáng kể, nhưng cuộn xúc xích đặc biệt giàu calo và chất béo bão hòa, đồng thời chứa các chất gây dị ứng phổ biến bao gồm lúa mì, sữa và lúa mạch.",80
d9b64b5d-2fd0-56d0-9088-3a27c464d896,,,Tsukemen với thịt heo (Tsukemen with Pork),INGREDIENT,166.67,6.67,8.33,16.67,1.08,1.0,300.0,de172d43-2578-4f27-a571-6d871460d273,,,"Tsukemen là một kiểu ramen đặc biệt, trong đó sợi mì dày, dai được phục vụ riêng biệt với nước chấm đậm đặc. Món ăn thịnh soạn này có nước dùng đậm đà, đậm đà được làm từ thịt lợn và thịt gà, được bổ sung bởi thịt lợn om mềm (chashu), trứng luộc mềm và rong biển nori. Phần ăn tại nhà hàng thường cung cấp một bữa ăn thịnh soạn với hàm lượng protein đáng kể, mặc dù nó có hàm lượng natri cao đáng kể do nước dùng đậm đặc.",80
02ef7c8b-ba95-5d19-b9e1-bb880179fb26,,,Kebab bò (Beef Kebab),INGREDIENT,155.17,13.79,11.03,4.14,0.69,1.38,506.9,de172d43-2578-4f27-a571-6d871460d273,,,"Thịt bò kebab là một món ăn Địa Trung Hải gồm thịt bò ướp nướng xiên với hành tây và các loại gia vị truyền thống như thì là, lá oregano và cây thù du. Quá trình ướp trong dầu ô liu, nước cốt chanh và chất thơm tạo ra thịt mềm, thơm, cung cấp nguồn protein đáng kể với khoảng 20 gam mỗi khẩu phần. Thường được phục vụ trong các nhà hàng dưới dạng 2-3 xiên kèm theo cơm, món hummus hoặc bánh mì pita, món ăn này thể hiện sự kết hợp cân bằng giữa protein nạc và gia vị Địa Trung Hải.",80
f027d5db-6db1-58e8-9a2f-fae21161926f,,,Kabsa với thịt cừu (Kabsa with Lamb),INGREDIENT,183.33,11.67,8.33,23.33,1.0,1.67,500.0,de172d43-2578-4f27-a571-6d871460d273,,,"Kabsa với thịt cừu là món cơm truyền thống của Qatar, trong đó gạo basmati thơm và thịt cừu mềm được nấu chậm cùng với sự pha trộn phức tạp của các loại gia vị bao gồm bạch đậu khấu, quế và chanh khô. Món chính thịnh soạn này bao gồm các lớp cơm thơm bên trên là những miếng thịt cừu mọng nước, thường được trang trí bằng các loại hạt nướng và được phục vụ như một bữa ăn hoàn chỉnh. Quá trình nấu chậm giúp hương vị đậm đà của thịt thấm vào cơm, tạo nên một món ăn vừa thơm vừa no, tạo nên một món ăn vừa đủ vị thơm ngon.",80
9d02d30b-97c0-5f13-8810-554fe9f7972a,,,Cơm biryani gà (Chicken Biryani),DISH,140.0,7.0,5.1,16.4,1.5,1.2,250.0,de172d43-2578-4f27-a571-6d871460d273,,,"Chicken Biryani là một món cơm thơm Nam Á có thịt gà ướp xếp lớp với gạo basmati hạt dài và nấu chậm với các loại gia vị như nghệ tây, thì là và bạch đậu khấu. Bữa ăn giàu protein này có màu vàng và mùi thơm đặc biệt nhờ phương pháp nấu 'dum', trong đó các nguyên liệu được hấp cùng nhau trong nồi kín. Mặc dù giàu dinh dưỡng do có nguồn gốc carb phức tạp và thịt gia cầm nạc, nhưng các phiên bản truyền thống thường bao gồm bơ sữa trâu hoặc dầu, góp phần tạo nên hàm lượng calo của nó. Nó thường được phục vụ với raita (sốt sữa chua) để cân bằng gia vị đậm đà.",80
6c3fbc82-5087-5c23-bedd-fe7ad3348f27,,,Bánh mì kẹp thịt bò siêu (Super Beef Sandwich),DISH,204.0,18.67,5.0,15.67,0.67,3.33,350.0,de172d43-2578-4f27-a571-6d871460d273,,,"Super Beef Sandwich là món đặc sản đặc trưng của New England North Shore với thịt bò nướng tái thái lát mỏng xếp chồng lên nhau trên một cuộn hành tây nướng. Loại bánh mì sandwich thơm ngon này được phục vụ theo kiểu truyền thống 'ba chiều' với phô mai trắng của Mỹ, sốt mayonnaise và sốt BBQ James River, tạo nên hương vị đặc biệt của vùng. Ký hiệu 'Super' biểu thị kích thước phần lớn hơn, thường được phục vụ trên một chiếc bánh mì cuộn 6 inch với phần ăn đặc biệt là thịt bò.",80
69f5c339-9794-5b05-8ae4-666ca7ad9674,,,Thanh thịt xông khói si-rô phong (Bacon Maple Bar),DISH,433.33,5.33,26.67,42.0,0.67,20.0,533.33,de172d43-2578-4f27-a571-6d871460d273,,,"Bacon Maple Bar là một chiếc bánh rán hình chữ nhật có lớp men phong ngọt bên trên với những miếng thịt xông khói giòn, thể hiện sự kết hợp hương vị ngọt-mặn phổ biến. Chiếc bánh rán đặc sản này bao gồm phần đế bột lên men được chiên cho đến khi vàng, phủ lớp kem có hương vị phong thật và kết thúc bằng thịt xông khói vụn. Là một món ăn hấp dẫn, nó có lượng calo và đường cao hơn đáng kể so với bánh rán truyền thống, đồng thời cung cấp protein từ lớp phủ thịt xông khói.",80
9f14d7de-86e4-5352-82bf-2cb23909edc8,,,Gà Tandoori nướng (Tandoori Chicken),INGREDIENT,147.06,22.35,5.29,1.76,0.0,1.76,70.59,de172d43-2578-4f27-a571-6d871460d273,,,"Gà Tandoori là món ăn cổ điển của Ấn Độ được chế biến bằng cách ướp gà với sữa chua và gia vị thơm trước khi nấu trong lò nướng tandoor bằng đất sét truyền thống. Món gà màu đỏ đặc trưng có hương vị khói và bên trong mềm trong khi vẫn duy trì hàm lượng chất béo thấp hơn nhiều món ăn tại nhà hàng nhờ cách ướp làm từ sữa chua và phương pháp nấu ở nhiệt độ cao. Món ăn giàu protein này thường cung cấp khoảng 38 gam protein mỗi khẩu phần trong khi vẫn chứa ít carbohydrate, khiến nó trở thành lựa chọn bổ dưỡng cho chế độ ăn tập trung vào protein.",80
022db958-9bf3-54f5-a61c-3eff8051842d,,,Cuộn bò và hành lá (Beef and Scallion Rolls),INGREDIENT,250.0,15.13,20.17,2.02,0.34,0.42,500.0,de172d43-2578-4f27-a571-6d871460d273,,,"Cuộn thịt bò và hành lá là một món đặc sản của nhà hàng Trung Quốc với thịt bò om được bọc trong một chiếc bánh xèo hành lá áp chảo. Món ăn kết hợp thịt bò mềm, dày dặn với bánh mì dẹt nhiều lớp giòn và rau tươi, thường được cắt thành từng phần vừa ăn. Mặc dù cung cấp lượng protein đáng kể nhưng những món cuộn này lại có hàm lượng chất béo và natri tương đối cao, đặc trưng cho phương pháp chế biến tại nhà hàng của họ.",80
0105a99f-8096-5cbb-a516-6531eca64536,,,Sisig heo (Pork Sisig),INGREDIENT,200.43,10.21,14.89,5.11,0.85,0.85,400.43,de172d43-2578-4f27-a571-6d871460d273,,,"Thịt lợn Sisig là món ăn đặc trưng của Philippines bao gồm các phần thịt lợn cắt nhỏ và nướng, thường bao gồm mặt, tai và bụng, kết hợp với gan gà và gia vị. Món ăn giàu protein này theo truyền thống được phục vụ trên đĩa nóng nóng hổi với cam quýt, hành tây và ớt, tạo nên sự kết hợp đặc biệt giữa kết cấu giòn và mềm. Do phương pháp chế biến và nguyên liệu, đây là một món ăn giàu calo với hàm lượng protein và chất béo đáng kể, thường được phục vụ như món chính hoặc món ăn phổ biến tại quầy bar.",80
c9cd6cd0-a463-537e-ac09-67232a3e6f27,,,Bunny Chow với thịt cừu (Bunny Chow with Lamb),DISH,183.33,11.67,10.0,15.0,3.0,1.67,233.33,de172d43-2578-4f27-a571-6d871460d273,,,"Bunny Chow là món ăn đặc trưng của Nam Phi bao gồm một ổ bánh mì trắng rỗng chứa đầy cà ri thịt cừu thơm. Bữa ăn thịnh soạn này có thịt cừu mềm, khoai tây và đậu xanh được nấu với sự pha trộn phong phú của các loại gia vị lấy cảm hứng từ Ấn Độ bao gồm thì là, rau mùi và nghệ. Những bức tường bánh mì hấp thụ nước sốt cà ri đầy hương vị, tạo nên một bữa ăn hoàn chỉnh thỏa mãn theo truyền thống được ăn bằng tay và thường ăn kèm với cà rốt tươi và salad ớt.",80
0d69df6e-0b98-5f1a-a620-87af5f3dc9c0,,,Bánh mì kẹp xúc xích ăn sáng (Sausage Breakfast Sandwich),DISH,285.91,10.0,19.55,17.27,1.14,2.73,736.36,de172d43-2578-4f27-a571-6d871460d273,,,"Bánh sandwich ăn sáng có xúc xích là một món ăn sáng nóng sốt bao gồm miếng xúc xích thịt lợn dày dạn, trứng rán và pho mát Mỹ thường được phục vụ trên bánh nướng xốp hoặc bánh quy kiểu Anh nướng. Món bánh sandwich thịnh soạn này cung cấp hàm lượng protein đáng kể (22-28g) đồng thời đặc biệt chứa nhiều chất béo bão hòa và natri, khiến nó trở thành một lựa chọn bữa sáng no nhưng ngon miệng. Các thành phần thường được nướng hoặc đun nóng cùng nhau, để phô mai tan chảy và tạo ra món bánh sandwich ăn sáng kết dính đặc trưng của các nhà hàng phục vụ nhanh.",80
efe5406c-c83d-52f3-955e-e1c42253e323,,,Bánh mì kẹp gà câu lạc bộ (Chicken Club Sandwich),DISH,200.0,13.33,8.33,16.67,1.0,2.33,466.67,de172d43-2578-4f27-a571-6d871460d273,,,"Bánh sandwich câu lạc bộ gà là một loại bánh mì kẹp thức ăn nhanh nhiều lớp có ức gà nướng hoặc giòn, thịt xông khói và pho mát được phục vụ trên bánh mì nướng với rau diếp, cà chua và sốt mayonnaise. Loại bánh sandwich thịnh soạn này cung cấp hàm lượng protein đáng kể (30-45g mỗi khẩu phần) trong khi vẫn chứa lượng calo đáng kể, thường chứa 500-630 calo mỗi khẩu phần. Sự kết hợp của thịt chế biến, phô mai và nước sốt góp phần tạo ra hàm lượng natri cao, thường vượt quá 1.000mg mỗi bánh sandwich.",80
1cc8b2eb-c5b1-595d-97d1-835c48c3ce5c,,,Gân bò cay (Spicy Beef Tendon),INGREDIENT,275.0,26.0,11.25,17.5,1.25,6.0,625.0,de172d43-2578-4f27-a571-6d871460d273,,,"Gân bò cay là món khai vị truyền thống của Trung Quốc được làm từ mô liên kết thịt bò om ăn kèm với nước sốt cay kiểu Tứ Xuyên. Gân được nấu chậm cho đến khi mềm, tạo ra kết cấu dai và sền sệt đặc trưng được đánh giá cao trong ẩm thực Trung Quốc. Mặc dù có hàm lượng protein cao, chủ yếu ở dạng collagen, món ăn này đặc biệt giàu natri do nước sốt thơm ngon được pha trộn giữa nước tương, dầu ớt và gia vị thơm.",80
124b205c-eebf-5e47-b34c-1820a0d198e9,,,Bánh pudding bít tết và thận (Steak and Kidney Pudding),DISH,268.0,7.0,14.2,28.0,1.0,1.2,160.0,de172d43-2578-4f27-a571-6d871460d273,,,"Bít tết và Pudding thận là một món ăn truyền thống của Anh bao gồm các miếng thịt bò và thận được nấu chậm trong nước sốt đậm đà, tất cả được bọc trong lớp vỏ bánh ngọt đặc biệt. Bất chấp tên gọi của nó, món ăn mặn này không phải là một món tráng miệng bánh pudding mà là một món chính thịnh soạn, trong đó bánh ngọt được hấp để tạo ra bề ngoài mềm mại nhưng chắc chắn. Quán rượu cổ điển này được biết đến với tính chất đậm đà, no nê và hàm lượng calo đáng kể, thường được dùng như một món ăn ấm áp dễ chịu trong ẩm thực Anh.",75
2677c9ee-bcc0-56d9-b883-1717f907211a,,,Bò Bulgogi (Beef Bulgogi),DISH,180.0,14.0,7.0,15.0,0.0,10.0,480.0,de172d43-2578-4f27-a571-6d871460d273,,,"Bulgogi bò là một món ăn cổ điển của Hàn Quốc bao gồm những lát thịt bò ướp mỏng được nấu chín mềm mại hoàn hảo với nước sốt mặn ngọt đặc trưng. Thịt thường được chế biến với nước xốt gồm nước tương, đường (hoặc lê xay nhuyễn), dầu mè và chất thơm, tạo ra các cạnh caramen khi nướng hoặc chiên. Mặc dù giàu protein nhưng thành phần dinh dưỡng của nó thay đổi theo lượng đường bổ sung trong nước xốt và nó thường được phục vụ cùng với cơm và rau để có một bữa ăn cân bằng.",80
10075261-39ed-5ebe-b862-fdcb2652f3f0,,,BLT chả giò heo (Pork Roll BLT),INGREDIENT,225.0,9.0,15.0,25.0,1.5,3.0,650.0,de172d43-2578-4f27-a571-6d871460d273,,,"BLT thịt lợn cuộn là một loại bánh sandwich đặc sản của New Jersey nâng cao định dạng BLT cổ điển với thịt lợn cuộn thái lát, một sản phẩm thịt chế biến trong vùng. Món bánh sandwich thịnh soạn này kết hợp 2-3 lát thịt lợn cuộn dày dặn với thịt xông khói, rau diếp, cà chua và sốt mayonnaise truyền thống trên một cuộn mềm. Mặc dù cung cấp một nguồn protein đáng kể ở mức 15-20 gam mỗi bánh sandwich, nhưng nó đặc biệt giàu natri và chất béo bão hòa, thường chứa 400-500 calo mỗi khẩu phần.",80
e72f3d66-81e7-57df-91b6-ac9ced40f8f6,,,Sườn ngắn BBQ Hàn Quốc (Korean BBQ Short Ribs),DISH,190.14,7.75,15.49,5.63,0.35,4.93,450.7,de172d43-2578-4f27-a571-6d871460d273,,,"Sườn ngắn BBQ Hàn Quốc là một món ăn kết hợp gồm sườn bò cắt lát mỏng ướp trong nước tương ngọt trộn với tỏi, gừng và dầu mè. Những miếng sườn giàu protein này thường được nướng cho đến khi caramen và ăn kèm với các món ăn kèm như hành lá và hạt vừng, thường kết hợp các yếu tố kiểu California như bơ hoặc sriracha mayo. Món ăn này đặc biệt giàu calo do có nhiều nước xốt và thịt cẩm thạch, chỉ một suất ăn tại nhà hàng cũng cung cấp một lượng đáng kể protein và chất béo.",75
1770803a-b8e3-5a48-a241-c91ca76fb753,,,Madrouba với gà (Madrouba with Chicken),INGREDIENT,187.5,11.25,8.0,17.5,1.5,1.0,250.0,de172d43-2578-4f27-a571-6d871460d273,,,"Madrouba là một món ăn truyền thống của Qatar gồm có thịt gà được nấu chậm với cơm cho đến khi có độ đặc đặc trưng giống như cháo. Cách chế biến thịnh soạn này kết hợp thịt gà mềm với các loại gia vị thơm bao gồm nghệ, thì là và chanh khô, tạo nên một hương vị đậm đà, thơm ngon. Món ăn này thường được trang trí bằng các loại thảo mộc tươi và thể hiện một bữa ăn thịnh soạn có hàm lượng protein và carbohydrate phức hợp cao.",80
3487d85c-829d-5c97-8bb4-fcbe73b0a090,,,Tamales gà (Chicken Tamales),DISH,210.0,7.0,9.0,25.0,5.0,1.5,500.0,de172d43-2578-4f27-a571-6d871460d273,,,"Tamales gà là một món ăn truyền thống của Trung Mỹ với thịt gà xé nhỏ được bọc trong bột masa làm từ ngô đã được nixtamal hóa, tất cả được hấp trong giấy gói bằng vỏ ngô. Masa phát triển một kết cấu mềm, hơi vụn trong khi nấu trong khi hấp thụ hương vị từ nhân mặn và chất lỏng nấu thơm. Mặc dù không chứa gluten tự nhiên khi được làm bằng các nguyên liệu truyền thống, thành phần dinh dưỡng của chúng thay đổi đáng kể dựa trên hàm lượng chất béo masa (thường là mỡ lợn hoặc dầu) và kích thước khẩu phần, cung cấp carbohydrate và protein cân bằng với mật độ calo đáng chú ý.",80
2fe0d3bd-57ce-5054-b5c6-63e729410edd,,,Bít tết phô mai chả giò heo cổ điển (Classic Pork Roll Cheesesteak),INGREDIENT,283.33,20.0,15.0,16.67,1.33,2.0,600.0,de172d43-2578-4f27-a571-6d871460d273,,,"Phô mai cuộn thịt lợn cổ điển là một biến thể bánh sandwich thịnh soạn bao gồm cuộn thịt lợn thái lát, phô mai Mỹ tan chảy, hành tây và ớt xào trên một cuộn hoagie mềm. Loại bánh sandwich đáng kể này thường chứa 700-900 calo và cung cấp hàm lượng protein đáng kể, mặc dù nó cũng chứa nhiều chất béo bão hòa và natri. Hương vị và kết cấu thịt chế biến đặc biệt của món cuộn thịt lợn làm cho nó khác biệt với món bít tết phô mai bò truyền thống, đồng thời vẫn duy trì được vị thơm ngon, mềm mại đặc trưng của bánh mì kẹp kiểu Philadelphia.",75
593737e7-b957-5545-8d93-9035f14e669f,,,Bít tết tuần lộc (Reindeer Steak),DISH,132.0,24.0,4.0,0.0,0.0,0.0,60.0,de172d43-2578-4f27-a571-6d871460d273,,,"Bít tết tuần lộc là một loại thịt nạc, là nền tảng của ẩm thực Bắc Âu, đặc biệt được ưa chuộng ở các cơ sở ăn uống cao cấp. Loại thịt đặc biệt bổ dưỡng này chứa nhiều axit béo omega-3 hơn các loại thịt đỏ thông thường, cùng với hàm lượng B12 và sắt cao, đồng thời duy trì hàm lượng chất béo thấp đáng kể. Thường được phục vụ nướng hoặc áp chảo đến tái vừa, món này theo truyền thống đi kèm với mứt dâu linh chi và các loại rau củ, mang đến sự kết hợp đặc biệt giữa hương vị thịt thơm ngon với hương trái cây chua ngọt.",75
595c4724-7d0d-5810-8093-d8783aa4235d,,,Harees gà (Harees Chicken),INGREDIENT,81.0,3.3,2.6,11.1,1.5,0.75,281.0,de172d43-2578-4f27-a571-6d871460d273,,,"Harees là một món ăn uy tín của Tiểu vương quốc Ả Rập Thống nhất được UNESCO công nhận là một phần di sản văn hóa của UAE, bao gồm lúa mì và thịt gà nấu chín chậm được biến thành một loại cháo đặc sang trọng. Chế phẩm tinh chế này được tẩm gia vị tinh tế với nghệ tây, bạch đậu khấu và quế, sau đó kết thúc bằng bơ đã lọc và các đồ trang trí truyền thống. Trong các bài thuyết trình về bữa ăn ngon, nó thường được phục vụ một cách trang nhã với các đồ trang trí cao cấp như quả hồ trăn và sợi nghệ tây, mang đến một cách diễn giải tinh tế về món ăn tiện lợi được yêu thích ở Trung Đông này.",80
98532314-9efa-54aa-b654-6bf14ac0365a,,,Bánh mì kẹp bánh quy gà (Chicken Biscuit Sandwich),DISH,346.67,14.0,16.67,30.67,1.0,4.0,853.33,de172d43-2578-4f27-a571-6d871460d273,,,"Sandwich bánh quy gà là món ăn sáng chủ yếu của miền Nam với phi lê ức gà chiên tẩm bột được phục vụ trên bánh quy bơ sữa mới nướng. Món bánh sandwich thịnh soạn này thường kết hợp phần thịt gà giòn, dày dặn với bánh quy bơ xốp, tạo nên một bữa ăn thịnh soạn cung cấp lượng protein đáng kể cùng với hàm lượng chất béo và natri đáng kể. Phổ biến trong các nhà hàng phục vụ nhanh khắp miền Nam nước Mỹ, món bánh sandwich này thể hiện sự kết hợp cổ điển giữa truyền thống ẩm thực tiện nghi của miền Nam.",80
c3557924-5fa3-5af7-b028-b76121b7365e,,,Món hầm Ireland với thịt bò (Irish Stew with Beef),DISH,144.39,8.88,8.36,8.36,1.31,1.04,63.97,de172d43-2578-4f27-a571-6d871460d273,,,"Món hầm kiểu Ailen là một món ăn quán rượu truyền thống bao gồm những miếng thịt bò mềm được nấu chậm với các loại rau củ trong nước dùng đậm đà, thơm ngon. Bữa ăn thịnh soạn này kết hợp thịt bò giàu protein với khoai tây, cà rốt và hành tây, tạo nên một món ăn cân bằng dinh dưỡng và no bụng. Quá trình nấu chậm mang lại thịt và rau mềm đồng thời tạo ra hương vị đậm đà, khiến nó trở thành một món ăn dễ chịu đáng kể với khoảng 550 calo cho mỗi suất ăn thông thường tại nhà hàng.",80
91db0dd3-4453-5164-9dcf-68b5ca1bd662,,,Bánh bao bụng heo (Pork Belly Bao),INGREDIENT,266.81,10.08,13.45,26.47,1.26,6.3,533.61,de172d43-2578-4f27-a571-6d871460d273,,,"Bao thịt lợn bụng là một món ăn giống như bánh sandwich truyền thống của Trung Quốc với thịt bụng lợn om ăn kèm trong một chiếc bánh mì trắng xốp hấp. Thịt lợn mềm, đậm đà thường đi kèm với rau muối, dưa chuột tươi và nước sốt tương đen, tạo nên sự cân bằng giữa hương vị và kết cấu. Món ăn giàu calo này kết hợp lượng protein đáng kể từ thịt lợn với carbohydrate từ bánh bao, đồng thời cung cấp hàm lượng chất béo cao đáng kể do sử dụng bụng lợn.",80
0773f79b-24c6-539f-b78d-2dce6b64ab8d,,,Cánh gà gia vị Ấn Độ (Indian-Spiced Chicken Wings),INGREDIENT,125.0,12.5,6.67,3.33,0.21,2.5,416.67,de172d43-2578-4f27-a571-6d871460d273,,,"Cánh gà tẩm gia vị Ấn Độ là một món ăn kết hợp giữa cánh gà truyền thống của Mỹ với các loại gia vị thơm và phương pháp chế biến của Ấn Độ. Cánh trâu thường được ướp trong sữa chua với nghệ, thì là và các loại gia vị Ấn Độ khác, sau đó nướng hoặc nướng thay vì chiên, tạo ra một món ăn thay thế ít chất béo hơn cho cánh trâu truyền thống. Phương pháp chế biến này tạo ra những đôi cánh mềm mại, đầy hương vị với màu vàng đặc trưng của nghệ và thành phần gia vị phức tạp mang lại cả hương vị lẫn lợi ích chống oxy hóa.",75
fbb4f2ca-50e5-5584-8f11-c2fd8ba0160d,,,Bánh galette xúc xích hun khói (Smoked Sausage Galette),DISH,184.58,8.75,12.92,7.92,0.42,1.25,333.33,de172d43-2578-4f27-a571-6d871460d273,,,"Galette xúc xích hun khói là một loại bánh crepe thơm ngon của Pháp được làm bằng bột kiều mạch không chứa gluten và chứa đầy xúc xích hun khói và phô mai tan chảy. Món ăn thịnh soạn này từ ẩm thực Brittany có bánh crepe gấp, viền giòn bọc bên trong nhân béo ngậy, thường được dùng kèm với các gia vị bổ sung như hành tây caramen. Sự kết hợp giữa kiều mạch và nhân giàu protein tạo nên một bữa ăn thịnh soạn vừa mang hương vị truyền thống vừa đáp ứng giá trị dinh dưỡng.",80
7fe10a3f-fc33-5db8-8059-cc2cb457b7fb,,,Adobo với thịt heo (Adobo with Pork),INGREDIENT,150.0,12.07,9.91,2.59,0.22,1.29,508.62,de172d43-2578-4f27-a571-6d871460d273,,,"Adobo with Pork là món ăn đặc trưng của Philippines, trong đó thịt lợn mềm được om trong nước sốt thơm thơm gồm nước tương, giấm, tỏi và hạt tiêu đen. Món ăn thịnh soạn này thường có những miếng thịt lợn béo ngậy, có vân cẩm thạch, trở nên mềm mại trong suốt quá trình nấu lâu, đồng thời tạo ra nước sốt sẫm màu, bóng đặc trưng. Các món ăn truyền thống của nhà hàng thường được phục vụ cùng cơm trắng hấp, giúp cân bằng hương vị đậm đà, đậm đà của món ăn.",80
fc325720-5d97-5835-82d4-6ae4d51540c3,,,Cánh gà Buffalo (Buffalo Chicken Wings),DISH,240.0,20.0,17.0,2.0,0.0,1.0,900.0,de172d43-2578-4f27-a571-6d871460d273,,,"Cánh gà trâu là món khai vị cổ điển của Mỹ bao gồm cánh gà chiên giòn phủ nước sốt nóng làm từ giấm cay, có nguồn gốc từ Buffalo, New York. Theo truyền thống, những chiếc cánh này được phục vụ với nước sốt phô mai xanh và cần tây, mang đến một lựa chọn bữa ăn giàu protein được cân bằng bởi hàm lượng chất béo đáng kể từ món chiên và nước sốt. Món ăn này có hàm lượng natri cao hơn đáng kể so với thịt gà thông thường do nước sốt đặc trưng và các món ăn kèm đặc trưng.",80
f2df681b-faaf-525d-8a6b-833ad6b9baf1,,,Sườn ướp cay Hàn Quốc (Yangnyeom Galbi (Spicy Marinated Ribs)),DISH,250.0,20.0,15.0,10.0,0.5,7.5,500.0,de172d43-2578-4f27-a571-6d871460d273,,,"Yangnyeom Galbi là món BBQ Hàn Quốc gồm sườn bò ướp trong nước sốt cay ngọt đặc biệt. Nước xốt kết hợp bột ớt Hàn Quốc, nước tương, tỏi và lê châu Á để làm mềm, tạo nên hương vị phức tạp khi nướng. Món ăn giàu protein này thường được phục vụ như món chính tại các nhà hàng Hàn Quốc, thường đi kèm với banchan (món ăn phụ) truyền thống và lá rau diếp để gói.",75
a9c1c332-2e89-56c9-a08f-026ac6267572,,,Frittata chả giò heo (Pork Roll Frittata),INGREDIENT,200.0,12.0,10.67,6.67,0.8,1.33,333.33,de172d43-2578-4f27-a571-6d871460d273,,,"Pork Roll Frittata là một đặc sản của nhà hàng ở New Jersey kết hợp Taylor Ham (thịt lợn cuộn) truyền thống với dạng món trứng nướng. Món ăn sáng giàu protein này bao gồm thịt lợn cuộn thái lát hoặc thái hạt lựu và phô mai tan chảy được gấp thành phần đế trứng mịn, thường được phục vụ theo từng miếng nêm. Món ăn này mang đến sự kết hợp thịnh soạn giữa món thịt ăn sáng mang tính biểu tượng của New Jersey với cách chế biến trứng kiểu Ý, cung cấp hàm lượng protein đáng kể trong khi vẫn duy trì hương vị thơm ngon đặc biệt của món thịt lợn cuộn.",80
9736df34-7ce9-5db0-9594-fd5b2520e508,,,Viên bò (Beef Ball),INGREDIENT,140.0,10.67,8.67,4.0,0.67,1.33,533.33,de172d43-2578-4f27-a571-6d871460d273,,,"Bò viên là món dim sum truyền thống thịt viên nổi bật bởi kết cấu dai độc đáo, đạt được thông qua cách chế biến cụ thể gồm thịt bò xay với hạt dẻ nước và gia vị châu Á. Những miếng bánh có kích thước bằng quả bóng golf này được hấp trong giỏ tre để duy trì độ ẩm và độ mềm, thường dùng kèm với nước chấm Worcestershire hoặc nước chấm làm từ đậu nành. Mặc dù có hàm lượng protein cao vừa phải nhưng chúng cũng chứa natri và chất béo đáng kể do phương pháp chế biến tại nhà hàng.",80
86da3c6b-8b1c-554c-930b-a3d6b181a69a,,,Gà hầm nâu (Brown Stew Chicken),DISH,140.4,12.0,6.0,9.6,1.2,2.0,240.0,de172d43-2578-4f27-a571-6d871460d273,,,"Gà hầm nâu là một món ăn cổ điển của vùng Caribe, trong đó các miếng thịt gà được làm chín vàng trước sau đó được nấu chậm trong nước sốt đậm đà, có hương vị đậm đà. Món hầm thịnh soạn này có thịt gà mềm om với các chất thơm như húng tây, hạt tiêu và ớt scotch, tạo ra nước sốt màu nâu đặc trưng được làm giàu với các loại rau caramen và gia vị truyền thống của vùng Caribe. Món ăn giàu protein thường có nhiệt độ vừa phải và thường được ăn kèm với cơm để ngấm nước sốt thơm ngon.",80
b3d6e028-cdd2-5c28-8289-e63e693a0217,,,Pad See Ew với thịt bò (Pad See Ew with Beef),INGREDIENT,187.5,12.5,6.25,17.5,1.25,2.0,750.0,de172d43-2578-4f27-a571-6d871460d273,,,"Pad See Ew là món mì xào nổi tiếng của Thái Lan gồm có sợi mì sợi to, thịt bò thái lát mềm và bông cải xanh Trung Quốc trong nước tương mặn ngọt. Cách chế biến nhà hàng này thường kết hợp sợi mì dai với trứng và rau trong chảo ở nhiệt độ cao, tạo ra các cạnh caramen đặc trưng và hương vị khói. Mặc dù cung cấp sự cân bằng tốt về protein và carbohydrate, các suất ăn tại nhà hàng thường chứa lượng natri đáng kể từ nước sốt làm từ đậu nành.",80
d3b19bc6-cf85-5ef2-a1db-03ba5cf041e0,,,Gà viên không xương không da (Boneless Skinless Chicken Tenders),INGREDIENT,106.0,24.0,1.0,0.0,0.0,0.0,66.0,de172d43-2578-4f27-a571-6d871460d273,,,"Thịt gà không xương không da là những miếng thịt nạc có nguồn gốc từ cơ ngực bên trong (thăn) của ức gà. Những dải mềm này tự nhiên chứa ít chất béo và cung cấp protein chất lượng cao đậm đặc, khiến chúng trở thành món ăn chủ yếu trong kế hoạch bữa ăn ít carb và giàu protein. Hình dạng đồng nhất của chúng đảm bảo nấu nhanh, đều bằng cách nướng, nướng bánh hoặc áp chảo, đồng thời việc không có xương và da giúp đơn giản hóa việc chuẩn bị cho các bữa ăn nhanh.",80
a920a088-6754-5baa-b439-d401096882f6,,,Bánh crepe gà và nấm (Chicken and Mushroom Crepe),INGREDIENT,186.0,10.92,9.8,13.16,1.0,1.6,240.0,de172d43-2578-4f27-a571-6d871460d273,,,"Bánh crepe gà và nấm là một món ăn mặn kiểu Pháp bao gồm bánh crepe bột mì tinh tế chứa đầy thịt gà mềm và nấm xào. Nhân bánh thường được làm giàu bằng kem béchamel hoặc nước sốt làm từ pho mát, sau đó nướng cho đến khi vàng, tạo nên một bữa ăn thỏa mãn với sự kết hợp cân bằng giữa protein và carbohydrate phức hợp. Cách chế biến tại nhà hàng này thường bao gồm các nguyên liệu cao cấp như phô mai Gruyère và các loại thảo mộc tươi, khiến món ăn trở nên hấp dẫn hơn so với các món chế biến tại nhà.",80
a596e6a4-d4ee-54a1-b7db-c98bb9fc44e1,,,Bít tết phô mai với hành tây (Cheesesteak with Onions),INGREDIENT,176.86,12.73,7.11,16.2,1.16,1.32,641.32,de172d43-2578-4f27-a571-6d871460d273,,,"Philly phô mai bít tết là một loại bánh sandwich thịnh soạn được chế biến theo kiểu truyền thống với bít tết sườn thái lát mỏng và hành tây caramen, nướng trên mặt phẳng và dùng trên bánh mì hoagie nướng với phô mai tan chảy. Cách chế biến theo phong cách nhà hàng này thường tạo ra một chiếc bánh sandwich đáng kể chứa khoảng 780-1070 calo, tùy thuộc vào kích cỡ, với hàm lượng protein cao (50-77g) và hàm lượng natri đáng kể. Sự kết hợp giữa thịt nướng, phô mai tan chảy và hành tây xào tạo nên hương vị đậm đà, thơm ngon đặc trưng của cách chế biến theo phong cách Philadelphia đích thực.",75
acb81abf-6d78-52ca-ad82-665571d44a30,,,Cánh gà Teriyaki (Teriyaki Chicken Wings),INGREDIENT,314.0,18.67,23.33,7.33,0.0,7.33,533.33,de172d43-2578-4f27-a571-6d871460d273,,,"Cánh gà Teriyaki là cánh gà chiên giòn được phủ một lớp nước sốt ngọt và mặn lấy cảm hứng từ Nhật Bản được làm từ nước tương, đường và chất thơm. Cách chế biến tại nhà hàng này thường mang đến một món ăn có hàm lượng calo cao với hàm lượng protein đáng kể, mặc dù men teriyaki bổ sung thêm lượng đường và natri đáng kể vào sản phẩm cuối cùng. Mỗi suất ăn thường gồm 5-6 cánh với lớp vỏ ngoài bóng loáng, caramen và lớp thịt mềm bên dưới.",80
96bb8f49-9d13-552f-b14b-8e6df095bcc2,,,Bánh quế Bỉ giăm bông và Gruyere (Ham and Gruyere Belgian Waffle),DISH,271.0,11.5,15.0,22.5,1.0,4.0,400.0,de172d43-2578-4f27-a571-6d871460d273,,,"Món ăn sáng đặc sản này có bánh quế Bỉ dày, giòn phủ phô mai Gruyere cao cấp và giăm bông thơm ngon. Phần đế bánh quế kiểu Bỉ đích thực được đặc trưng bởi các túi sâu và bên trong mềm mịn, trong khi sự kết hợp giữa phô mai Gruyere tan chảy và giăm bông tạo nên hương vị thơm ngon phức tạp trên bánh quế ngọt truyền thống. Món ăn thịnh soạn này thể hiện sự kết hợp hoàn hảo giữa các yếu tố bữa sáng và bữa trưa, mang đến sự kết hợp cân bằng giữa protein và carbohydrate phức tạp.",80
630276d5-40cb-5150-acf6-de913de15aa3,,,"Chả giò heo, trứng và phô mai trên bánh mì lúa mạch đen (Pork Roll, Egg, and Cheese on Rye)",INGREDIENT,300.0,12.8,16.8,16.0,2.0,2.0,600.0,de172d43-2578-4f27-a571-6d871460d273,,,"Món bánh sandwich ăn sáng mang tính biểu tượng của New Jersey này có những lát thịt lợn cuộn nướng (còn được gọi là Taylor Ham) kết hợp với trứng rán và pho mát Mỹ tan chảy, tất cả đều được phục vụ trên bánh mì lúa mạch đen nướng. Món chả giò thường được nấu cho đến khi giòn ở rìa, trong khi trứng thường được chiên trong mỡ để tăng hương vị. Món bánh sandwich thịnh soạn này cung cấp một bữa ăn giàu protein đáng kể, mặc dù nó có hàm lượng natri và chất béo bão hòa cao.",80
ede5ee0d-d4b1-5195-a2f5-c0c2a26af6e5,,,Cánh gà hun khói (Smoked Chicken Wings),DISH,251.41,20.34,17.8,2.82,0.0,2.26,564.97,de172d43-2578-4f27-a571-6d871460d273,,,"Cánh gà hun khói là đặc sản của nhà hàng thịt nướng được chế biến thông qua quy trình hun khói chậm và chậm tạo nên miếng thịt mềm và lớp da giòn đặc trưng. Những chiếc cánh này thường được tẩm ướp khô hoặc ướp trước khi hun khói, sau đó kết thúc bằng nước sốt thịt nướng đặc trưng, ​​​​tạo ra các lớp hương vị khói, thơm phức tạp. Mặc dù có hàm lượng protein cao nhưng các suất ăn tại nhà hàng thường chứa một lượng đáng kể chất béo và natri, đặc biệt khi dùng kèm với nước sốt bổ sung.",80
c73ac2ac-c169-52c4-8928-7bf91e6bf58b,,,Burrito bít tết (Steak Burrito),DISH,227.27,10.36,12.0,20.0,1.64,1.09,509.09,de172d43-2578-4f27-a571-6d871460d273,,,"Burrito bít tết là một món ăn ngon của nhà hàng Mexico bao gồm thịt bò dày dặn, cơm, đậu và pho mát được bọc trong một chiếc bánh tortilla lớn. Bữa ăn thịnh soạn này thường bao gồm các món bổ sung như rau nướng, salsa tươi và kem chua, tạo nên một bữa ăn hoàn chỉnh có trung bình 1.200-1.350 calo. Sự kết hợp giữa bít tết giàu protein, carbohydrate phức tạp từ gạo và đậu, và các thành phần từ sữa làm cho nó trở thành một lựa chọn đặc biệt giúp no bụng, cung cấp một lượng đáng kể protein, chất xơ và các chất dinh dưỡng thiết yếu.",75
3a283afc-0019-5847-bf49-a3c7bb22f66a,,,Đĩa sườn (Ribs Platter),DISH,202.49,12.64,15.52,3.07,0.19,2.3,344.83,de172d43-2578-4f27-a571-6d871460d273,,,"Đĩa sườn là một món ăn thịnh soạn với món sườn heo được nấu chậm ở nhiệt độ thấp cho đến khi mềm và có hương vị. Thịt thường được chế biến với gia vị khô và hun khói trong 4-6 giờ, tạo ra vòng khói màu hồng đặc trưng và thịt dễ dàng tách ra khỏi xương. Món ăn giàu protein này theo truyền thống được phục vụ với nước sốt thịt nướng và các món ăn cổ điển như xà lách trộn hoặc đậu nướng, với các khẩu phần từ một nửa đến đầy đủ.",75
ba554f34-1fe5-577f-8e2e-7ca270a0f1b3,,,Fajitas bít tết (Steak Fajitas),DISH,200.0,13.75,10.0,10.0,1.5,1.5,650.0,de172d43-2578-4f27-a571-6d871460d273,,,"Steak fajitas là một món ăn nóng hổi của nhà hàng Mexico gồm các dải thịt bò nướng tẩm gia vị ăn kèm với ớt chuông xào và hành tây. Món khai vị có thể tùy chỉnh này thường được trình bày với bánh ngô làm từ bột mì ấm và kèm theo các món ăn kèm như guacamole, kem chua, pho mát và salsa để tự lắp ráp. Mặc dù cung cấp một nguồn protein đáng kể từ bít tết, khẩu phần ăn của nhà hàng có thể khác nhau về lượng calo và hàm lượng natri tùy thuộc vào kích thước khẩu phần và lựa chọn đồ ăn kèm.",75
bcbcc5a9-c151-5815-9a74-a0d02be0e181,,,Pachamanca (Pachamanca),DISH,223.33,13.33,10.0,20.0,1.78,1.78,133.33,de172d43-2578-4f27-a571-6d871460d273,,,"Pachamanca là một món ăn truyền thống của Peru bao gồm các loại thịt và rau ướp được nấu chậm bằng phương pháp nấu bằng đất truyền thống hoặc các phương pháp nấu hiện đại. Món ăn thịnh soạn này thường bao gồm thịt gà, thịt bò hoặc thịt lợn mềm đi kèm với các loại rau bản địa của vùng Andean như khoai tây, ngô và đậu, tất cả đều được nêm với các loại thảo mộc và gia vị thơm. Quá trình nấu chậm tạo ra hương vị đậm đà trong khi vẫn giữ được chất dinh dưỡng của các nguyên liệu đa dạng, tạo nên một bữa ăn đầy đủ dinh dưỡng nhằm tôn vinh di sản ẩm thực Peru.",80
c2d43345-d37b-5953-8e7f-1332b628193b,,,Bít tết phô mai BBQ (BBQ Cheesesteak),DISH,260.0,14.0,10.57,27.14,0.86,6.29,585.71,de172d43-2578-4f27-a571-6d871460d273,,,"BBQ Cheesesteak là một biến thể của món phô mai Philadelphia cổ điển kết hợp với nước sốt thịt nướng để tạo nên vị ngọt và thơm. Loại bánh sandwich đáng kể này có thịt bò nướng, thái lát mỏng và phô mai tan chảy (thường là provolone hoặc Cheez Whiz) trên bánh cuộn hoagie, cộng với việc bổ sung nước sốt BBQ tạo ra hàm lượng đường cao hơn đáng kể so với các phiên bản truyền thống. Mặc dù cung cấp lượng protein đáng kể từ thịt bò, nhưng chiếc bánh sandwich thịnh soạn này đặc biệt chứa nhiều calo, đặc biệt là ở những phần lớn hơn.",75
9c4c4c70-15e3-5214-bb02-043cf10dfd38,,,Bít tết phô mai thịt xông khói (Bacon Cheesesteak),DISH,274.29,15.71,12.0,25.71,1.14,2.29,657.14,de172d43-2578-4f27-a571-6d871460d273,,,"Phô mai Bacon là một biến thể hấp dẫn của bánh sandwich Philadelphia cổ điển có thêm thịt xông khói giòn vào thịt bò thái lát mỏng và phô mai tan chảy trên một cuộn hoagie mềm. Món bánh sandwich thịnh soạn này thường được chế biến trên vỉ nướng có mặt phẳng, nơi thịt được cắt nhỏ trong khi nấu và kết hợp với hành tây xào trước khi phủ thịt xông khói và phô mai lên trên. Là một lựa chọn giàu calo cung cấp lượng protein đáng kể cùng với hàm lượng chất béo và natri cao, nó đại diện cho một phiên bản quan trọng hơn của món bít tết phô mai truyền thống.",75
972308a5-2377-57c8-ab1b-b2f47d05f990,,,Đĩa gà nướng (Grilled Chicken Platter),DISH,250.0,12.5,6.75,25.0,1.75,2.0,375.0,de172d43-2578-4f27-a571-6d871460d273,,,"Đĩa gà nướng kiểu Li-băng là một bữa ăn hoàn chỉnh gồm thịt gà được ướp với hỗn hợp truyền thống gồm sữa chua, chanh, tỏi và các loại thảo mộc Địa Trung Hải trước khi nướng. Đĩa thường bao gồm cơm thập cẩm dày dạn, bánh mì pita tươi và các món ăn kèm như sốt tzatziki và salad Địa Trung Hải gồm rau tươi. Sự kết hợp cân bằng này cung cấp một bữa ăn giàu protein với lượng carbohydrate vừa phải, cung cấp khoảng 40-60 gam protein mỗi khẩu phần đồng thời kết hợp cả protein nạc và các mặt lành mạnh.",80
c9f4ea43-c066-548f-8ed2-07827844f8f4,,,Cánh gà chanh tiêu (Lemon Pepper Chicken Wings),INGREDIENT,180.0,15.0,13.0,1.0,0.0,0.0,200.0,de172d43-2578-4f27-a571-6d871460d273,,,"Cánh gà sốt chanh là cánh gà chiên giòn được tẩm ướp với sự pha trộn đặc biệt của vỏ cam quýt, hạt tiêu đen và các loại gia vị bổ sung. Những món cánh kiểu nhà hàng này thường có vỏ ngoài giòn và bên trong mọng nước, cung cấp khoảng 15g protein và 10-13g chất béo cho mỗi khẩu phần ăn tiêu chuẩn. Gia vị tiêu chanh đặc trưng mang lại hương vị tươi sáng, thơm ngon đồng thời cung cấp lượng carbohydrate tối thiểu, khiến món cánh này trở thành lựa chọn phổ biến tại các nhà hàng phục vụ nhanh.",75
33208f6e-e55c-5523-9043-74f7648534db,,,Japchae với gà (Japchae with Chicken),INGREDIENT,153.33,8.33,6.0,16.67,1.33,3.33,416.67,de172d43-2578-4f27-a571-6d871460d273,,,"Japchae là một món ăn nổi tiếng của Hàn Quốc với món miến khoai lang đặc biệt xào với thịt gà và các loại rau củ sốt mè mặn ngọt. Món ăn nhà hàng này kết hợp sợi mì dai, trong mờ với thịt gà mềm, các loại rau củ giòn như cà rốt, rau bina và nấm, tạo nên sự cân bằng hài lòng giữa kết cấu và hương vị. Mặc dù cung cấp sự kết hợp tốt giữa protein và rau, nhưng các phiên bản nhà hàng thường chứa hàm lượng natri và calo từ trung bình đến cao do phương pháp chế biến và gia vị truyền thống.",80
3b51d61d-6723-5147-93d5-ba5225b1f955,,,Plov với thịt bò (Plov with Beef),INGREDIENT,142.0,6.5,8.0,10.75,0.75,0.5,175.0,de172d43-2578-4f27-a571-6d871460d273,,,"Plov with Beef là một món cơm thịnh soạn của Đông Âu, trong đó các miếng thịt bò, cà rốt và hành tây được xếp cùng với gạo hạt dài đã được tẩm gia vị và nấu chậm trong một nồi duy nhất. Cách chế biến truyền thống này tạo ra loại gạo mịn có hương vị thịt thơm ngon và các loại gia vị thơm như thì là và rau mùi. Món ăn này đặc biệt giàu calo do phương pháp chế biến phong phú, cung cấp lượng protein đáng kể từ thịt bò đồng thời mang đến một bữa ăn hoàn chỉnh trong một món ăn đặc trưng của ẩm thực nhà hàng Ukraine.",80
c6598893-ef7a-52b6-9203-a923feade733,,,Pyrizhky với thịt (Pyrizhky with Meat),DISH,312.5,15.0,15.0,27.5,1.88,2.5,500.0,de172d43-2578-4f27-a571-6d871460d273,,,"Pyrizhky với thịt là một loại bánh nướng truyền thống của Ukraine với nhân thịt xay và hành tây. Những chiếc bánh ngọt thịnh soạn này có bột làm từ bơ béo ngậy, nướng thành màu nâu vàng, bọc nhân thịt bò xay hoặc gan thơm ngon thường được chiên với chất thơm trước khi bọc trong bột. Được phục vụ ấm áp và thường đi kèm với kem chua, những chiếc bánh béo ngậy này đại diện cho một món ăn cổ điển dễ chịu trong ẩm thực Ukraine.",80
9de16b9f-9bcd-555e-87a8-37c633533df3,,,Gà Shawarma (Chicken Shawarma),INGREDIENT,162.5,11.79,7.14,14.29,1.61,1.79,357.14,de172d43-2578-4f27-a571-6d871460d273,,,"Shawarma gà là một món ăn Trung Đông có thịt gà ướp được xếp chồng lên nhau và nướng trên một xiên xoay thẳng đứng. Thịt tẩm gia vị thường được ướp với các loại gia vị thơm bao gồm thì là, quế và ớt bột, sau đó nướng chậm cho đến khi mềm và cắt nhỏ theo yêu cầu. Món ăn giàu protein này thường được phục vụ bọc trong bánh mì pita với rau và nước sốt tahini, hoặc như một bữa ăn trên đĩa với cơm và các món ăn kèm.",80
bde6a566-734f-5e26-a2fa-0f370f5fdc9a,,,Bánh mì kẹp thịt heo quay với provolone cay (Roast Pork Sandwich with Sharp Provolone),DISH,210.0,12.86,10.0,17.14,1.71,1.71,385.71,de172d43-2578-4f27-a571-6d871460d273,,,"Một loại bánh sandwich đặc sản Philadelphia có vai thịt lợn mềm, nấu chậm được phủ phô mai provolone tan chảy và rabe bông cải xanh xào trên bánh cuộn hoagie. Thịt lợn thường được ướp với tỏi và rau thơm, trong khi rau đắng được xào với tỏi và ớt đỏ, tạo nên sự hòa quyện hài hòa giữa các hương vị. Món bánh mì kẹp thịnh soạn này được phân biệt bằng cách sử dụng phô mai provolone sắc nét thay vì phô mai nhẹ và việc bao gồm các loại rau xanh có vị tỏi khiến nó trở nên khác biệt so với các loại bánh mì kẹp khác trong khu vực.",80
298c74b8-d7e8-5c6e-b0e5-6f51aef10383,,,Madrouba với thịt cừu (Madrouba with Lamb),INGREDIENT,165.71,10.29,7.14,18.57,0.86,0.57,142.86,de172d43-2578-4f27-a571-6d871460d273,,,"Madrouba với thịt cừu là một món ăn truyền thống của người Qatar, biến cơm và thịt cừu mềm thành dạng kem đặc như cháo. Món ăn nấu chậm này kết hợp các loại gia vị thơm bao gồm bạch đậu khấu, quế và chanh khô, tạo nên một hương vị thơm đậm đà. Phương pháp chuẩn bị bao gồm nấu cơm cho đến khi cơm nát hoàn toàn, tạo nên một bữa ăn thịnh soạn, trọn vẹn thể hiện tinh hoa của ẩm thực Ả Rập vùng Vịnh.",80
1a9c17dd-4b8f-5647-a270-2981070102e3,,,Bánh mì kẹp thịt bò Ý (Italian Beef Sandwich),DISH,280.0,25.2,12.0,21.2,1.6,2.4,200.0,de172d43-2578-4f27-a571-6d871460d273,,,"Sandwich Bò Ý là một biểu tượng ẩm thực của Chicago với thịt bò nướng thái lát mỏng, nấu chín chậm được phục vụ trên một chiếc bánh mì Ý giòn giòn. Bánh sandwich thường được nhúng trong nước sốt au jus dày dặn và trang trí bằng giardiniera cay hoặc ớt ngọt, tạo nên một bữa ăn đặc biệt ngon ngọt và đầy hương vị. Loại bánh sandwich giàu protein này có hàm lượng natri cao đặc trưng do thịt bò và au jus dày dặn, với khẩu phần ăn tại nhà hàng thường cung cấp khẩu phần ăn đáng kể có thể vượt quá 700 calo.",80
308a8d01-dc15-5e76-bdec-823a89af2bd0,,,Roti với cà ri gà (Roti with Chicken Curry),DISH,227.27,10.0,6.82,27.27,2.27,1.82,454.55,de172d43-2578-4f27-a571-6d871460d273,,,"Roti with Chicken Curry là món ăn chủ yếu của nhà hàng Caribe với món cà ri gà tẩm gia vị được bọc trong bánh mì roti mềm, dẹt. Món ăn thịnh soạn này kết hợp thịt gà mềm trong nước sốt cà ri cay nồng với khoai tây và rau, tất cả được bọc trong lớp bánh mì dẹt mỏng làm từ lúa mì. Bữa ăn hoàn chỉnh cung cấp sự cân bằng thỏa mãn giữa protein và carbohydrate phức tạp, thường được phục vụ như một phần ăn riêng lẻ đáng kể mang lại cả hương vị Caribe đích thực và chất dinh dưỡng làm no.",80
bbd9f84b-60a9-5a4e-9e0c-fe2b3b05b8b9,,,Potjiekos với gà (Potjiekos with Chicken),INGREDIENT,185.71,12.0,7.14,17.14,2.86,2.29,285.71,de172d43-2578-4f27-a571-6d871460d273,,,"Potjiekos với thịt gà là món hầm nấu chậm truyền thống của Nam Phi được chế biến trong nồi gang bằng phương pháp nấu nhiều lớp đặc biệt. Món ăn thịnh soạn này kết hợp các miếng thịt gà với các lớp rau như khoai tây, cà rốt và bí đỏ, tất cả được ninh trong nước dùng đậm đà có thêm các loại thảo mộc và gia vị. Quá trình nấu chậm tạo ra một bữa ăn phong phú, đầy hương vị thường được phục vụ với bột ớt (cháo ngô) hoặc bánh mì, mang đến sự kết hợp cân bằng giữa protein, rau và carbohydrate phức tạp.",80
f5c25c53-3b73-5ab4-bba1-993aeab00049,,,Cà ri Massaman với thịt bò (Massaman Curry with Beef),DISH,175.0,10.0,7.5,16.25,1.75,2.0,175.0,de172d43-2578-4f27-a571-6d871460d273,,,"Cà ri Massaman là một món ăn Thái đậm đà gồm có thịt bò mềm và khoai tây ninh trong nước sốt làm từ nước cốt dừa cùng gia vị thơm. Món cà ri nhẹ nhưng phức tạp này nổi bật bởi sự pha trộn độc đáo giữa ảnh hưởng của Thái Lan và Ấn Độ, kết hợp các loại gia vị ấm áp như quế và bạch đậu khấu cùng với các nguyên liệu truyền thống của Thái Lan. Món ăn này thường cung cấp một nguồn protein và chất béo lành mạnh đáng kể, đồng thời chứa đậu phộng và nước cốt dừa có thể gây lo ngại về chất gây dị ứng đối với một số thực khách.",80
9294fcf0-4944-5415-a680-675291060a5c,,,Slider chả giò heo (Pork Roll Sliders),INGREDIENT,391.67,15.83,23.33,25.83,2.08,4.17,1083.33,de172d43-2578-4f27-a571-6d871460d273,,,"Pork Roll Sliders là loại bánh sandwich nhỏ gọn có sản phẩm thịt lợn chế biến đặc trưng của New Jersey, thường được phục vụ trên những chiếc bánh nhỏ với 2-3 lát nướng mỗi phần. Những thanh trượt giàu calo này theo truyền thống được trang trí bằng pho mát, mù tạt hoặc sốt cà chua, tạo ra một sự kết hợp mặn phổ biến ở các thực khách và nhà hàng trong vùng. Mỗi thanh trượt cung cấp lượng protein đáng kể nhưng lại chứa nhiều chất béo bão hòa và natri, với một phần duy nhất chứa khoảng 400-540 calo.",80
bdd88e6a-7b4d-559e-af68-e27f88705a73,,,Cơm chiên với thịt bò (Fried Rice with Beef),DISH,195.56,7.78,6.67,26.22,0.89,1.33,200.0,de172d43-2578-4f27-a571-6d871460d273,,,"Cơm chiên thịt bò kiểu nhà hàng Tây Phi là một món cơm thịnh soạn được tẩm gia vị cà ri, nổi bật bởi hương vị thơm ngon đậm đà từ nước dùng và gia vị thơm. Món khai vị đáng kể này thường kết hợp gạo hạt dài nướng với thịt bò dày dạn, rau trộn và sự pha trộn đặc trưng của bột cà ri và húng tây. Khẩu phần ăn tại nhà hàng có xu hướng phong phú, thường vượt quá 800 calo mỗi khẩu phần, với các hạt gạo đặc trưng và hơi giòn sau quá trình nấu.",80
f616eaf1-1f85-596a-890d-cf08aebdfe01,,,Thịt bò xào Kerala (Kerala Beef Fry),INGREDIENT,175.0,12.5,15.0,2.5,0.75,0.5,150.0,de172d43-2578-4f27-a571-6d871460d273,,,"Kerala Beef Fry là một món ăn đặc biệt của miền Nam Ấn Độ gồm những miếng thịt bò mềm được nấu chín chậm rồi chiên cho đến khi giòn trong dầu dừa. Món ăn giàu protein này được đặc trưng bởi sự pha trộn gia vị mạnh mẽ của hạt tiêu đen, lá cà ri và các loại gia vị thơm, tạo ra một chế phẩm có hương vị khói, đậm đà. Phiên bản kiểu nhà hàng thường mang lại kết cấu khô hơn, giòn hơn với các cạnh được tráng caramen và cung cấp hàm lượng protein đáng kể trong khi tương đối ít carbohydrate.",80
457e1cd8-19e4-50cc-9bea-0c0789b7f4ef,,,Khớp heo (Pork Knuckle),INGREDIENT,225.11,14.89,17.45,0.0,0.0,0.0,510.64,de172d43-2578-4f27-a571-6d871460d273,,,"Thịt lợn là một món ăn truyền thống của Đức được làm từ phần thịt nhiều thịt giữa chân và chân lợn, thường được chế biến thông qua quá trình săn trộm và quay chậm. Phương pháp chế biến đặc trưng giúp thịt mềm được bọc trong lớp vỏ vàng nâu giòn, thường được nêm với caraway và tỏi. Món ăn giàu protein này được phục vụ theo truyền thống ở Biergartens với dưa cải bắp và bánh bao khoai tây, có khoảng 35-40g protein và 40-45g chất béo cho mỗi phần ăn thông thường của nhà hàng.",80
b7cecbbc-2daa-592a-9d52-cf8c9022e91f,,,"Samgyeopsal (bụng heo), sống (Samgyeopsal (Pork Belly), Raw)",INGREDIENT,518.0,9.34,53.0,0.0,0.0,0.0,32.0,de172d43-2578-4f27-a571-6d871460d273,,,"Samgyeopsal là món thịt bụng lợn kiểu Hàn Quốc được đặc trưng bởi các lớp thịt nạc và mỡ xen kẽ đặc biệt, thường được bán sống và chưa qua chế biến. Phần cắt đa năng này là trọng tâm của món thịt nướng Hàn Quốc, nơi nó được nướng trên bàn và được thưởng thức vì hương vị đậm đà, thơm ngon và kết cấu giòn khi nấu chín. Mặc dù nó cung cấp lượng protein đáng kể nhưng hàm lượng chất béo bão hòa cao đòi hỏi phải chia khẩu phần hợp lý, mặc dù chất béo sẽ tiết ra đáng kể trong quá trình nấu.",80
0584023d-f5b2-5211-aee0-ece10975b651,,,Bít tết Tomahawk (Tomahawk Steak),DISH,266.45,26.64,17.76,0.0,0.0,0.0,115.13,de172d43-2578-4f27-a571-6d871460d273,,,"Bít tết Tomahawk là một miếng thịt bò cao cấp bao gồm một miếng sườn có xương sườn kéo dài có thể dài tới 12 inch, tạo nên vẻ ngoài giống chiếc rìu đặc biệt. Món đặc sản bít tết có nhiều đá cẩm thạch này thường nặng từ 32-40 ounce và được biết đến với hương vị bơ đậm đà do hàm lượng chất béo trong cơ dồi dào. Mặc dù có hàm lượng protein đặc biệt cao, cung cấp khoảng 160g mỗi khẩu phần đầy đủ, nhưng nó cũng đặc biệt giàu calo và chất béo bão hòa, khiến món ăn này phù hợp nhất cho những dịp đặc biệt hoặc chia sẻ.",75
10458232-c669-5888-a9ff-d609a1ff2ffa,,,Lomo Saltado (Lomo Saltado),INGREDIENT,100.0,7.5,4.5,8.75,1.0,1.0,375.0,de172d43-2578-4f27-a571-6d871460d273,,,"Lomo Saltado là món xào đặc trưng của Peru, thể hiện truyền thống ẩm thực kết hợp của đất nước. Món khai vị thịnh soạn này kết hợp các dải thịt bò ướp với hành tây, cà chua và ớt trong nước sốt giấm đậu nành thơm ngon, theo truyền thống được phục vụ với cả khoai tây chiên và cơm. Món ăn này cung cấp hàm lượng protein đáng kể đồng thời có sự kết hợp đặc biệt giữa kết cấu và nước sốt có hương vị kết nối ảnh hưởng ẩm thực Peru và châu Á.",75
b19e05f2-37a0-510b-af00-4ce5739073aa,,,Gà Tikka (Chicken Tikka),INGREDIENT,240.0,14.0,11.2,20.0,1.6,3.2,360.0,de172d43-2578-4f27-a571-6d871460d273,,,"Chicken Tikka là một món ăn Nam Á bao gồm các miếng thịt gà ướp trong sữa chua tẩm gia vị và được nấu theo kiểu truyền thống trong lò tandoor. Nước xốt, thường bao gồm nghệ, garam masala và các loại gia vị thơm khác, tạo nên một món ăn giàu protein với màu đỏ cam đặc trưng và kết cấu mềm. Trong các nhà hàng ở Pakistan, món này thường được phục vụ với bánh mì naan hoặc cơm và có thể bao gồm nước sốt béo ngậy làm từ kem cà chua giúp bổ sung lượng calo đáng kể cho món ăn.",80
79ab735d-a2f2-520f-b1ea-ce8240182614,,,Siu Mai heo (Pork Siu Mai),INGREDIENT,241.0,12.0,17.0,8.3,0.5,0.5,625.0,de172d43-2578-4f27-a571-6d871460d273,,,"Thịt lợn siu mai là một loại bánh bao dim sum truyền thống có đặc điểm là lớp vỏ ngoài mở và các mặt xếp nếp đặc biệt. Những chiếc bánh bao hấp này có nhân thơm ngon gồm thịt lợn xay và tôm kết hợp với nấm và gia vị, tạo nên kết cấu dai đặc trưng của món ăn. Thường được phục vụ theo khẩu phần 2-3 phần như một phần của dịch vụ dim sum, siu mai cung cấp sự kết hợp cân bằng giữa protein và carbohydrate đồng thời thể hiện phong cách chế biến tinh tế của ẩm thực Quảng Đông.",80
c4037fc4-5125-5b50-a828-b71d215bddbc,,,Gà với thịt xông khói (Frango com Bacon),DISH,186.05,30.23,6.98,0.0,0.0,0.0,348.84,de172d43-2578-4f27-a571-6d871460d273,,,"Frango com Bacon là món đặc sản bít tết của Brazil với ức gà bọc thịt xông khói và nướng trên ngọn lửa trần. Món ăn giàu protein này thường được phục vụ như một phần của bữa ăn kiểu churrasco, nơi nó được chạm khắc trực tiếp từ xiên nướng trên bàn. Sự kết hợp giữa thịt gà nạc và thịt xông khói khói tạo ra một lựa chọn đầy hương vị, ít carb, không chứa gluten tự nhiên và cung cấp khoảng 13 gam protein cho mỗi khẩu phần.",80
208b2d49-14ff-5347-a617-f9e156c6c930,,,Sườn heo nướng (Grilled Pork Chops),DISH,282.83,29.29,16.16,1.52,0.0,1.01,378.79,de172d43-2578-4f27-a571-6d871460d273,,,"Sườn lợn nướng theo kiểu tự chọn là những miếng thịt lợn nướng được tẩm gia vị và thường được phục vụ theo khẩu phần rộng rãi từ 6-8 ounce. Những món sườn chế biến tại nhà hàng này thường có thêm dầu hoặc bơ trong quá trình nấu, dẫn đến hàm lượng chất béo và natri cao hơn so với các món chế biến tại nhà. Mặc dù cung cấp lượng protein đáng kể, nhưng những miếng sườn này thường bao gồm thêm gia vị hoặc nước sốt có ảnh hưởng đáng kể đến thành phần dinh dưỡng của chúng, đặc biệt là mức natri.",80
d390f45b-3475-581e-a53c-cf04509d7738,,,Bữa tối gà tây quay (Roast Turkey Dinner),INGREDIENT,117.65,6.62,4.71,11.76,0.88,1.18,264.71,de172d43-2578-4f27-a571-6d871460d273,,,"Bữa tối với gà tây nướng là bữa ăn tối kiểu Mỹ cổ điển bao gồm ức gà tây nướng thái lát ăn kèm với các món ăn kèm truyền thống. Chế độ chuẩn bị tiêu chuẩn bao gồm gà tây với nước sốt, nhân bánh mì, khoai tây nghiền và rau theo mùa, thường có tổng cộng 700-850 calo cho mỗi suất ăn tại nhà hàng. Mặc dù cung cấp lượng protein đáng kể từ gà tây, bữa ăn hoàn chỉnh này đặc biệt có hàm lượng natri và chất béo bão hòa cao do nước sốt và phương pháp chế biến.",80
7e10f494-4c9b-5d85-90e9-aea07fc683dc,,,Giăm bông hun khói (Smoked Ham),DISH,107.14,17.86,3.04,3.57,0.0,3.57,892.86,de172d43-2578-4f27-a571-6d871460d273,,,"Thịt giăm bông hun khói từ một nhà hun khói ở Texas là thịt lợn đã được xử lý cẩn thận và hun khói chậm trên gỗ cứng, tạo nên hương vị khói đậm đà đặc trưng. Phương pháp chế biến truyền thống này mang lại thịt mềm, thơm, giàu protein và giàu khoáng chất như selen và kali, trong khi tương đối ít chất béo. Quá trình xử lý và hun khói góp phần tạo nên màu hồng đặc trưng và hương vị đậm đà, mặc dù nó cũng dẫn đến hàm lượng natri cao đáng kể.",80
35159499-42c9-5722-8b2b-ed5af2997310,,,Lapskaus với thịt bò (Lapskaus with Beef),INGREDIENT,170.8,13.27,6.19,15.93,2.65,2.21,398.23,de172d43-2578-4f27-a571-6d871460d273,,,"Lapskaus là món hầm truyền thống của Bắc Âu gồm thịt bò mềm và các loại rau củ thơm ngon được nấu chậm trong nước dùng đậm đà. Món ăn thoải mái này kết hợp các miếng thịt bò với khoai tây, cà rốt và rutabaga, tất cả được đun nhỏ lửa cho đến khi thịt mềm và rau được nấu chín hoàn hảo. Món hầm đặc, thơm ngon theo truyền thống được phục vụ cùng với bánh mì dẹt phết bơ và là nền tảng của nền ẩm thực Bắc Âu thoải mái.",80
9447ec40-25fe-53d1-b11e-c6f29a26605c,,,Bánh mì kẹp thịt bò quay ba cách (Three-Way Roast Beef Sandwich),DISH,260.0,18.0,16.0,22.0,1.2,3.2,680.0,de172d43-2578-4f27-a571-6d871460d273,,,"Bánh mì kẹp thịt bò nướng ba chiều là một đặc sản đặc biệt của New England North Shore với thịt bò nướng thái lát mỏng được phục vụ trên một cuộn hành tây mềm với sự kết hợp đặc biệt của sốt BBQ James River, phô mai Mỹ tan chảy và sốt mayonnaise. Món bánh sandwich thịnh soạn này thường chứa nhiều phần thịt bò chất lượng cao, cung cấp hàm lượng protein đáng kể trong khi sự kết hợp nước sốt đặc trưng tạo nên hương vị đặc biệt. Phương pháp chế biến và nguyên liệu cụ thể đã trở thành biểu tượng ở các cửa hàng thịt bò nướng North Shore, nơi bánh sandwich thường được phục vụ nóng với thịt bò xếp cao.",80
c2ca9062-668d-546f-8625-a17546e0ff84,,,Sườn non (Spare Ribs),DISH,319.33,17.65,23.11,10.08,0.42,8.4,558.82,de172d43-2578-4f27-a571-6d871460d273,,,Sườn non BBQ miền Nam là sườn heo hun khói cho đến khi mềm và rưới sốt thịt nướng thơm ngọt. Những món sườn kiểu nhà hàng này thường được chế biến để có độ mềm từ xương và có hương vị khói đặc trưng được tăng cường nhờ gia vị chà xát khô và nước sốt đặc. Mặc dù cung cấp hàm lượng protein đáng kể nhưng chúng đặc biệt giàu chất béo và do nước sốt chứa một lượng đường bổ sung đáng kể.,75
f7fc8fb7-7672-5d7f-adc2-a9953dfec5fd,,,Đậu xanh cà ri (Curried Chickpeas),DISH,165.99,7.36,8.63,16.24,6.5,2.03,152.28,de172d43-2578-4f27-a571-6d871460d273,,,"Đậu xanh cà ri kiểu Caribe là một món ăn đậm đà, thơm gồm đậu xanh ninh trong nước cốt dừa với sự pha trộn đặc biệt của gia vị cà ri Caribe, húng tây và hạt tiêu. Món ăn thuần chay tự nhiên và không chứa gluten này cung cấp lượng protein và chất xơ đáng kể, trong khi nước cốt dừa tạo ra nước sốt dạng kem, giàu calo. Cách chế biến này khác biệt đáng kể so với các biến thể cà ri Ấn Độ, được đặc trưng bởi thành phần gia vị độc đáo của vùng Caribe và việc sử dụng nhiều nước cốt dừa.",75
66d3b417-7a6d-504c-8ad6-8f58f534045f,,,Gà Kiev (Chicken Kiev),INGREDIENT,260.56,15.85,14.08,18.66,1.06,1.41,475.35,de172d43-2578-4f27-a571-6d871460d273,,,"Chicken Kiev là một món ăn kết hợp Nga-Pháp cổ điển với ức gà tẩm bột nhồi bơ gia vị thảo mộc. Cách chuẩn bị đặc trưng bao gồm giã ức gà cho đến khi mỏng, bọc quanh bơ lạnh, sau đó phủ trong vụn bánh mì trước khi chiên cho đến khi có màu vàng nâu. Khi được chế biến đúng cách, phần bên ngoài giòn sẽ tiết ra một dòng bơ tan chảy, tạo ra nước sốt đậm đà cho phần thịt gà mềm bên trong.",80
8b5edae8-165b-519c-b9eb-95ba033eaf3c,,,Briouat với thịt (Briouat with Meat),DISH,500.0,8.57,42.86,11.43,1.43,1.43,357.14,de172d43-2578-4f27-a571-6d871460d273,,,"Briouat là món khai vị truyền thống của Ma-rốc bao gồm thịt xay tẩm gia vị được bọc trong bánh ngọt mỏng, giòn và chiên cho đến khi có màu vàng nâu. Những chiếc bánh ngọt hình tam giác này có nhân thơm ngon là thịt bò hoặc thịt cừu dày dạn trộn với các loại gia vị thơm như thì là và rau mùi. Thường được phục vụ nóng như món khai vị trong các nhà hàng Ma-rốc, bánh briouats đặc biệt đậm đà nhờ cách chế biến chiên, với mỗi miếng mang đến sự kết hợp hài lòng giữa bên ngoài giòn và nhân thịt đầy hương vị.",80
6c684f79-8670-5025-994b-dd0dca0fff7c,,,Sườn heo BBQ (BBQ Pork Ribs),INGREDIENT,340.0,22.0,23.0,11.0,0.0,10.0,900.0,de172d43-2578-4f27-a571-6d871460d273,,,"Sườn heo BBQ là những phần sườn heo được hun khói chậm, rưới nước sốt được chế biến theo kiểu thịt nướng truyền thống của miền Nam. Những miếng sườn mềm, đầy hương vị này thường được tẩm gia vị và rưới nước sốt thịt nướng có vị ngọt trong khi nấu, khiến thịt dễ dàng tách ra khỏi xương. Mặc dù cung cấp hàm lượng protein đáng kể nhưng chúng đặc biệt giàu calo và chất béo bão hòa, với hàm lượng natri đáng kể từ cả gia vị và nước sốt.",80
b3fb0605-b953-52fd-b4db-cfe97eb6e092,,,Samgyeopsal (bụng heo) (Samgyeopsal (Pork Belly)),INGREDIENT,518.75,9.17,52.92,0.0,0.0,0.0,35.83,de172d43-2578-4f27-a571-6d871460d273,,,"Samgyeopsal là một món thịt nướng Hàn Quốc bao gồm những lát thịt bụng lợn dày chưa được tẩm gia vị nướng tại bàn cho đến khi giòn bên ngoài nhưng vẫn mềm bên trong. Món cắt giàu calo, giàu calo này theo truyền thống được dùng kèm với lá rau diếp tươi để gói, cùng với nhiều loại gia vị đi kèm như tỏi, kim chi và nước chấm. Mặc dù có hàm lượng chất béo và vitamin B cao đáng kể, nhưng món ăn này thường được thưởng thức như một phần của trải nghiệm ăn uống chung, nơi thịt được cân bằng với các món rau.",80
4b297d68-5e99-5e2d-98bc-11e7229f1871,,,Saltah với thịt bò (Saltah with Beef),INGREDIENT,100.0,7.5,6.25,8.75,1.5,1.25,250.0,de172d43-2578-4f27-a571-6d871460d273,,,"Saltah là món hầm truyền thống của người Yemen gồm thịt bò mềm ninh với các loại gia vị thơm bao gồm thì là, rau mùi và nghệ. Món ăn thịnh soạn này được phân biệt bởi lớp phủ bọt cỏ cà ri (hulba) đặc trưng, ​​​​làm tăng thêm cả giá trị dinh dưỡng và vị đắng đặc biệt. Thường được phục vụ nóng trong tô đá với bánh mì dẹt để múc, món này kết hợp thịt giàu protein với rau để tạo thành một chế phẩm đậm đặc hương vị, dinh dưỡng.",75
c5c7c3a2-4819-515c-8367-1bedc638c52c,,,Bít tết Teppanyaki (Teppanyaki Steak),DISH,210.59,28.24,10.0,0.0,0.0,0.0,63.53,de172d43-2578-4f27-a571-6d871460d273,,,"Bít tết Teppanyaki là một món ăn kiểu Nhật, trong đó thịt bò được nấu trên vỉ sắt phẳng cùng với rau trong khung cảnh nhà hàng sân khấu. Món ăn này thường có các miếng thịt bò chất lượng cao nướng với gia vị làm từ đậu nành và ăn kèm với rau xào, mang đến một bữa ăn giàu protein có thể tùy chỉnh theo sở thích. Mặc dù có hàm lượng protein và sắt cao tự nhiên nhưng các món ăn được chế biến tại nhà hàng thường bao gồm thêm bơ và nước sốt làm tăng hàm lượng natri và chất béo trong món ăn cuối cùng.",75
b118cd30-5583-5992-b1ff-51536ecb2882,,,Gà rán Hàn Quốc (Korean Fried Chicken),DISH,150.0,8.75,6.25,15.0,0.5,3.0,425.0,de172d43-2578-4f27-a571-6d871460d273,,,"Gà rán Hàn Quốc là một kiểu gà rán đặc biệt được đặc trưng bởi lớp vỏ ngoài siêu giòn nhờ kỹ thuật chiên đôi đặc biệt. Cách chế biến tại nhà hàng này thường bao gồm các miếng thịt gà được phủ một lớp bột mỏng, giòn và phủ các loại nước sốt đặc trưng như vị cay làm từ gochujang, tỏi đậu nành hoặc tỏi mật ong. Phương pháp nấu độc đáo giúp thịt gà vẫn giòn ngay cả khi được xốt, ít béo hơn so với các chế phẩm gà rán truyền thống.",80
2306e94c-226d-513a-9741-f876156413c0,,,Tacos gà (Chicken Tacos),DISH,189.0,13.3,6.35,19.7,1.2,1.3,613.0,de172d43-2578-4f27-a571-6d871460d273,,,"Bánh taco gà là một món ăn lấy cảm hứng từ Mexico gồm có thịt gà tẩm gia vị, nướng hoặc xé nhỏ ăn kèm với bánh ngô hoặc bột mì gấp lại. Cơ sở protein nạc này thường đi kèm với các loại lớp phủ tươi như rau diếp, salsa và bơ, tạo nên thành phần dinh dưỡng có thể tùy chỉnh cao - bánh ngô cung cấp chất xơ không chứa gluten, trong khi lớp phủ trên có thể bổ sung chất béo lành mạnh hoặc lượng calo dư thừa. Món ăn cân bằng 20-30g protein mỗi khẩu phần với tỷ lệ carb và chất béo thích hợp tùy theo phong cách chế biến và đồ ăn kèm.",80
daf51a23-f0c4-5987-8207-1b8401030a08,,,Bánh mì kẹp gà tây và Thụy Sĩ (Turkey and Swiss Sub),INGREDIENT,160.0,11.2,4.92,16.0,1.8,2.4,400.0,de172d43-2578-4f27-a571-6d871460d273,,,"A Turkey and Swiss Sub là một loại bánh sandwich kiểu deli có ức gà tây cắt lát và pho mát Thụy Sĩ được phục vụ trên một cuộn tàu ngầm với rau tươi. Cách chế biến tiêu chuẩn bao gồm rau diếp và cà chua, thường được trộn với mayo hoặc mù tạt, mặc dù các thành phần có thể được tùy chỉnh theo khẩu vị. Bánh sandwich cân bằng này cung cấp khoảng 280-400 calo mỗi khẩu phần và đóng vai trò là nguồn cung cấp protein tốt, khiến nó trở thành lựa chọn phổ biến cho bữa trưa vừa phải.",80
ae12861e-4690-5945-8f41-b88f6d7bccb6,,,Thịt bò Ý với giardiniera cay (Italian Beef with Hot Giardiniera),INGREDIENT,132.65,13.85,8.12,17.65,1.32,1.47,102.94,de172d43-2578-4f27-a571-6d871460d273,,,"Bò Ý sốt Giardiniera nóng là món bánh mì sandwich đặc trưng của Chicago bao gồm thịt bò nướng tẩm gia vị thái lát mỏng được phục vụ trên một chiếc bánh mì Ý giòn và bên trên là rau muối chua cay (giardiniera). Thịt bò được nấu chín từ từ và nhúng vào nước sốt au jus dày dặn, tạo nên một chiếc bánh sandwich ướt đặc trưng, ​​vừa mềm vừa có hương vị đậm đà. Món ăn giàu protein này kết hợp vị đậm đà của thịt bò dày dạn với vị nóng của giardiniera, mang đến một bữa ăn thịnh soạn có hàm lượng protein đặc biệt cao đồng thời đặc biệt giàu natri.",80
a3138d47-1447-52aa-bada-202bb5ef5894,,,Stromboli bít tết phô mai (Cheesesteak Stromboli),DISH,328.57,17.14,11.43,39.29,2.14,3.57,657.14,de172d43-2578-4f27-a571-6d871460d273,,,"Cheesesteak Stromboli là một món ăn kết hợp thịnh soạn của người Mỹ gốc Ý kết hợp các nguyên liệu phô mai Philly truyền thống bên trong lớp bột bánh pizza cuộn bên ngoài. Món khai vị đáng kể này có thịt bò thái lát mỏng, phô mai tan chảy (thường là provolone hoặc mozzarella), hành tây và ớt xào tùy chọn, tất cả đều được bọc trong lớp vỏ màu nâu vàng. Kết quả là một bữa ăn giàu calo, giàu protein mang đến sự biến đổi độc đáo cho cả món stromboli cổ điển và món bít tết phô mai thông thường.",75
409ed2ff-a059-5981-997a-6e98108dc8e2,,,"Chả giò heo, trứng và phô mai trên bánh Kaiser (Pork Roll, Egg, and Cheese on a Kaiser Roll)",INGREDIENT,238.0,11.85,14.45,13.7,1.25,2.0,702.0,de172d43-2578-4f27-a571-6d871460d273,,,"Món bánh sandwich ăn sáng mang tính biểu tượng của New Jersey này có cuộn thịt lợn nướng (còn được gọi là Taylor Ham ở Bắc Jersey), trứng chiên và pho mát Mỹ tan chảy được phục vụ trên bánh mì Kaiser nướng. Sản phẩm thịt lợn chế biến thường được thái mỏng và nướng cho đến khi giòn ở các cạnh, sau đó xếp lớp với trứng và phô mai để tạo thành một chiếc bánh sandwich thịnh soạn. Mặc dù cung cấp lượng protein đáng kể ở mức gần 24g mỗi khẩu phần, món bánh mì kẹp nhân này cũng đặc biệt giàu calo, chất béo bão hòa và natri.",80
9cc5fbea-0f3e-5fce-92c1-43f76595bf04,,,Madghout với gà (Madghout with Chicken),INGREDIENT,180.0,12.08,5.83,20.0,1.46,1.67,145.83,de172d43-2578-4f27-a571-6d871460d273,,,"Madghout là món ăn truyền thống của Ả Rập Saudi, trong đó thịt gà và cơm basmati thơm được nấu chậm cùng nhau trong một nồi duy nhất với nhiều gia vị. Phương pháp nấu đặc biệt giúp cơm thấm nước gà đồng thời được ngấm bạch đậu khấu, quế và chanh khô, tạo nên một bữa ăn trọn vẹn thơm phức và đậm đà hương vị. Món ăn thịnh soạn này thường được phục vụ như một phần ăn hào phóng, trong đó những miếng thịt gà mềm nằm trên cơm đã được nấu chín hoàn hảo.",80
8b4eca6d-1dce-55e7-8439-66b9f16c6de5,,,Miếng đùi gà (Chicken Thigh Pieces),DISH,273.13,12.78,11.89,28.63,1.76,6.61,352.42,de172d43-2578-4f27-a571-6d871460d273,,,"Đây là những miếng đùi gà sống được thái mỏng, được chế biến đặc biệt để nấu lẩu. Thịt được cắt ngang thớ thành từng miếng vừa ăn, chín nhanh trong nước luộc sôi mà vẫn giữ được độ mềm. Miếng đùi gà có hàm lượng chất béo cao hơn thịt ức, mang lại hương vị đậm đà hơn và khoảng 25g protein cho mỗi phần ăn tiêu chuẩn của nhà hàng, mặc dù giá trị dinh dưỡng cuối cùng thay đổi tùy theo nước dùng và nước sốt nấu.",80
86cd7455-6f57-54ac-9209-e113e8cdc5d2,,,Bánh mì kẹp gà tây bơ (Avocado Turkey Sub),INGREDIENT,185.0,9.5,4.5,28.0,2.0,4.0,575.0,de172d43-2578-4f27-a571-6d871460d273,,,"An Avocado Turkey Sub là một loại bánh sandwich kiểu deli kết hợp ức gà tây thái lát với bơ tươi trên một cuộn tàu ngầm. Món bánh sandwich cân bằng này thường bao gồm các loại rau tươi như rau diếp và cà chua, tạo nên một bữa ăn cung cấp protein nạc cùng với chất béo lành mạnh từ quả bơ. Cách chế biến tiêu chuẩn bao gồm mayo và có thể được tùy chỉnh với nhiều loại gia vị và lớp phủ khác nhau, cung cấp khoảng 370 calo mỗi khẩu phần.",80
38a3e99d-0d92-55c9-88a8-240e97fbe22b,,,Bánh mì kẹp gà hun khói (Smoked Chicken Sandwich),DISH,208.0,18.4,5.6,19.2,1.2,3.2,356.0,de172d43-2578-4f27-a571-6d871460d273,,,"Bánh Sandwich gà hun khói từ một nhà hút thuốc ở Texas có ức gà mềm được hun khói chậm trên dăm gỗ để tạo ra hương vị thịt nướng đặc biệt. Món bánh sandwich thịnh soạn này thường kết hợp thịt gà hun khói với phô mai tan chảy và sốt BBQ thơm trên một chiếc bánh mì béo ngậy, thường được trang trí bằng rau tươi. Món bánh sandwich giàu protein đại diện cho món ăn truyền thống của nhà hun khói Texas, nơi kỹ thuật hun khói và lựa chọn nước sốt đóng vai trò quan trọng đối với hương vị đặc trưng của nó.",80
1b1c949d-bbc6-5430-95ed-2effc87d6267,,,Cánh gà Teriyaki không xương (Boneless Teriyaki Wings),DISH,246.67,16.0,11.0,21.0,0.67,6.0,333.33,de172d43-2578-4f27-a571-6d871460d273,,,"Cánh Teriyaki không xương là món ức gà tẩm bột mang đến sự thay thế kiểu nhà hàng cho cánh truyền thống. Những phần chiên giòn này được phủ một lớp sốt teriyaki ngọt và mặn làm từ nước tương, đường và gia vị lấy cảm hứng từ châu Á. Mặc dù có hàm lượng protein cao từ ức gà, nhưng bánh mì và nước sốt đóng góp đáng kể lượng carbohydrate và calo, với một phần ăn thông thường của nhà hàng dao động từ 500-750 calo tùy thuộc vào khẩu phần ăn.",75
a4ac6214-589c-56e4-bf0b-f80402e41a62,,,Bánh mì kẹp bít tết phô mai Hoagie (Cheesesteak Hoagie),DISH,253.33,16.67,12.0,16.67,2.0,2.0,746.67,de172d43-2578-4f27-a571-6d871460d273,,,"Cheesesteak Hoagie là một loại bánh sandwich kiểu Philadelphia thịnh soạn kết hợp bít tết sườn nướng thái lát mỏng với phô mai tan chảy trên một cuộn hoagie dài. Món bánh mì kẹp thịnh soạn này thường bao gồm rau diếp, cà chua và hành sống cùng với các thành phần phô mai bít tết truyền thống, giúp phân biệt với món bít tết phô mai tiêu chuẩn. Một con hoagie cỡ lớn thường chứa hơn 750 calo và cung cấp một nguồn protein đáng kể, mặc dù nó cũng chứa nhiều natri và chất béo bão hòa.",75
5a049821-8cc5-5bd8-8cfa-c4998b075e38,,,Burrito California với gà nướng (California Burrito with Grilled Chicken),DISH,207.02,9.87,11.23,15.89,1.4,1.49,234.04,de172d43-2578-4f27-a571-6d871460d273,,,"Bánh burrito California với gà nướng là một loại bánh burrito kiểu kết hợp đáng kể kết hợp các yếu tố ẩm thực Mexico và California. Món ăn nhà hàng này bao gồm gà nướng, cơm Mexico, đậu đen và các món bổ sung tươi như guacamole, pho mát và pico de gallo, tất cả được gói trong một chiếc bánh tortilla lớn. Là một bữa ăn hoàn chỉnh, nó cung cấp một hỗn hợp cân bằng các chất dinh dưỡng, thường chứa 28-46g protein và hàm lượng chất xơ vừa phải, mặc dù khẩu phần có thể khác nhau đáng kể giữa các cơ sở.",80
a733e28f-5032-5ad4-a729-10f7403b55f3,,,Sườn bò BBQ (BBQ Beef Ribs),INGREDIENT,209.79,11.89,16.08,4.9,0.7,3.5,244.76,de172d43-2578-4f27-a571-6d871460d273,,,"Sườn bò BBQ là một món nướng thịnh soạn của miền Nam với sườn bò được hun khói chậm trong vài giờ cho đến khi mềm và có hương vị đậm đà. Thịt thường được tẩm gia vị và phết với nước sốt thịt nướng có vị ngọt, tạo nên lớp vỏ bên ngoài đặc trưng trong khi bên trong vẫn mọng nước. Món ăn giàu protein, giàu calo này được phân biệt bởi kết cấu nguyên chất và hương vị khói phức tạp đạt được thông qua các phương pháp hun khói truyền thống.",80
b5496bf3-b2c8-5d0a-854e-61c3655c6679,,,Cánh gà nướng (Grilled Chicken Wings),DISH,266.0,23.1,18.3,0.0,0.0,0.0,403.0,de172d43-2578-4f27-a571-6d871460d273,,,"Cánh gà nướng là một loại thịt gia cầm giàu protein bao gồm phần cánh gà, thường bao gồm cả phần trống và phần dẹt. Khi nướng, những chiếc cánh này có lớp vỏ ngoài giòn đặc trưng trong khi vẫn giữ được phần thịt ngon ngọt bên trong, với hàm lượng chất béo thay đổi tùy theo việc có giữ lại lớp da hay không. Một khẩu phần ăn tiêu chuẩn thường chứa protein chất lượng cao cùng với hàm lượng chất béo vừa phải, khiến chúng trở thành lựa chọn phổ biến cho chế độ ăn kiêng tập trung vào protein khi chế biến không có nước sốt có đường.",80
c16e6a25-8e05-596e-bce5-c9830540a449,,,Bánh bít tết (Steak Pie),DISH,233.33,8.89,12.22,22.22,1.11,1.67,333.33,de172d43-2578-4f27-a571-6d871460d273,,,"Steak Pie là một món ăn thịnh soạn của Scotland bao gồm thịt bò mềm trong nước sốt béo ngậy được bọc trong bánh ngọt mềm. Món bánh thơm ngon này có lớp vỏ màu nâu vàng và nhân thịt dày, thường được phục vụ nóng như món chính trong các cửa hàng bán cá và khoai tây chiên. Các món ăn kèm truyền thống bao gồm khoai tây chiên (khoai tây chiên) và đậu mềm, khiến nó trở thành một bữa ăn no nê cung cấp nguồn protein và năng lượng đáng kể.",75
8eecdf56-eb41-5b00-83d3-434f2a0e5756,,,Bánh cuộn Shawarma bò (Beef Shawarma Wrap),INGREDIENT,200.0,12.73,9.09,14.55,0.73,1.45,172.73,de172d43-2578-4f27-a571-6d871460d273,,,"Bò Shawarma Wrap là một loại bánh sandwich Trung Đông có thịt bò ướp thái lát mỏng được nướng theo kiểu truyền thống trên xiên thẳng đứng. Thịt tẩm gia vị được bọc trong bánh mì pita cùng với các loại rau tươi như cà chua và hành tây, sau đó thường kết thúc với sốt tahini hoặc tỏi. Bữa ăn giàu protein này kết hợp thịt bò mềm, tẩm gia vị với rau tươi và nước sốt, tạo ra một món ăn no nê cung cấp sự kết hợp cân bằng giữa protein, carbohydrate và chất béo lành mạnh.",80
c08cc132-0d47-546b-9a3c-84c476c920ed,,,Bánh mì kẹp gà BBQ (BBQ Chicken Sub),INGREDIENT,159.66,13.45,2.52,23.95,1.68,3.36,399.16,de172d43-2578-4f27-a571-6d871460d273,,,"A BBQ Chicken Sub là một loại bánh sandwich có ức gà nướng hoặc nướng phủ nước sốt thịt nướng, thường được phục vụ trên một chiếc bánh cuộn kiểu tàu ngầm. Cách chế biến tiêu chuẩn bao gồm thịt gà và nước sốt làm thành phần chính, cùng với các thành phần bổ sung có thể tùy chỉnh như rau diếp, cà chua, hành tây hoặc phô mai thường có sẵn. Loại bánh sandwich giàu protein này cung cấp khoảng 32-42g protein cho mỗi khẩu phần, mặc dù nước sốt thịt nướng góp phần tạo ra hàm lượng natri cao hơn điển hình trong các chế phẩm của nhà hàng.",80
72185e62-b7db-5d32-9e4c-a582837ebf8f,,,Ogda với gà (Ogda with Chicken),INGREDIENT,187.5,7.5,10.0,17.5,1.0,2.0,175.0,de172d43-2578-4f27-a571-6d871460d273,,,"Ogda with Chicken là một món ăn truyền thống của Yemen bao gồm các miếng thịt gà rút xương được nấu chín chậm với hỗn hợp gia vị đặc biệt gọi là Hawaij, bao gồm thì là, rau mùi, nghệ và bạch đậu khấu. Món ăn này thường kết hợp các loại rau mềm như khoai tây, cà rốt và bí xanh, tất cả được nấu cùng nhau cho đến khi thịt gà đặc biệt mềm. Món chính thơm này thường được phục vụ với cơm hoặc bánh mì và thường được trang trí bằng hành tây chiên, hạnh nhân hoặc nho khô.",80
f03950fa-f642-5a1b-8bba-4cefcdf3a03d,,,Kofta gà (Chicken Kofta),INGREDIENT,170.0,19.33,9.0,4.33,1.56,0.83,666.67,de172d43-2578-4f27-a571-6d871460d273,,,"Chicken kofta là một món nướng Trung Đông được làm từ thịt gà xay dày dặn trộn với các loại thảo mộc và gia vị thơm như thì là, ớt bột và rau mùi tây tươi. Những hỗn hợp thịt được tẩm gia vị này được tạo thành những miếng chả hoặc hình thon dài và nướng cho đến khi cháy thành than bên ngoài trong khi bên trong vẫn ngon ngọt. Một món ăn giàu protein thường được phục vụ với cơm, bánh mì dẹt hoặc salad tươi, nó cung cấp một lựa chọn thay thế nạc hơn cho thịt cừu kofta truyền thống trong khi vẫn giữ được hương vị Trung Đông đích thực.",80
ca5d84a4-b5c2-59c8-8ffa-d49fb6c71334,,,Combo gà viên (Chicken Tender Combo),INGREDIENT,171.43,5.71,7.71,19.86,1.0,6.43,342.86,de172d43-2578-4f27-a571-6d871460d273,,,"A Chicken Tender Combo là một bữa ăn tại nhà hàng bao gồm các dải thịt gà trắng chiên giòn được tẩm bột bằng tay, ăn kèm với các món ăn kèm và nước chấm. Phần tiêu chuẩn thường bao gồm 4-6 miếng thịt tẩm bột kết hợp với khoai tây chiên hoặc một món ăn kèm khác, mang đến một bữa ăn giàu protein nhưng giàu calo chứa khoảng 1.000-1.500 calo. Món ăn cổ điển kiểu Mỹ này cung cấp hàm lượng protein đáng kể (25-35g) nhưng cũng chứa lượng natri đáng kể do phương pháp chế biến và tẩm bột.",80
593d6758-643e-513d-8282-205093d33c9f,,,Khinkali heo (Khinkali Pork),INGREDIENT,196.13,9.03,7.74,23.23,1.51,0.86,374.19,de172d43-2578-4f27-a571-6d871460d273,,,"Khinkali là một loại bánh bao truyền thống của Georgia nổi bật bởi lớp bột dày, xếp nếp và nhân thịt lợn ngon ngọt được tẩm ướp với các loại thảo mộc và gia vị. Những chiếc bánh bao lớn này được luộc cho đến khi mềm và chứa nước dùng đầy hương vị đọng lại bên trong trong quá trình nấu, khiến chúng có sự khác biệt rõ rệt so với các loại bánh bao kiểu châu Á khác. Mỗi khinkali có nút thắt bột nhão ở trên dùng làm tay cầm, trong khi nhân kết hợp thịt lợn xay với hành tây, rau thơm tươi và gia vị truyền thống của Georgia.",80
32489709-8515-577b-bbf2-8d766096a17e,,,Mansaf với thịt cừu (Mansaf with Lamb),INGREDIENT,183.67,11.43,8.16,15.51,1.22,1.63,367.35,de172d43-2578-4f27-a571-6d871460d273,,,"Mansaf là món ăn quốc gia của Jordan, bao gồm thịt cừu mềm ăn kèm cơm vàng thơm và bánh mì dẹt, tất cả đều được phủ một lớp nước sốt đậm đà làm từ sữa chua. Món ăn kỷ niệm này theo truyền thống được trình bày như một bữa ăn hoàn chỉnh, bao gồm các loại hạt nướng và rau thơm tươi được trang trí. Chế phẩm giàu protein cung cấp một lượng đáng kể các chất dinh dưỡng thiết yếu, bao gồm vitamin B12, sắt và kẽm, trong khi cách trình bày theo từng lớp và phong cách phục vụ chung phản ánh tầm quan trọng về mặt văn hóa của nó.",80
e9f45f45-4b4c-5c8d-8106-11fb1a215b72,,,Món hầm Ireland với thịt cừu (Irish Stew with Lamb),DISH,127.0,8.0,7.25,7.25,1.0,0.75,200.0,de172d43-2578-4f27-a571-6d871460d273,,,"Món hầm thịt cừu kiểu Ailen là một món ăn quán rượu truyền thống bao gồm những miếng thịt cừu mềm được nấu chậm với các loại rau củ trong nước dùng đậm đà, đậm đà. Cách chế biến tại nhà hàng này thường bao gồm khoai tây được nghiền nhỏ để tạo ra nước sốt đặc tự nhiên, cùng với cà rốt, hành tây và các loại rau củ theo mùa. Phiên bản kiểu quán rượu phong phú hơn đáng kể so với phiên bản tự làm, thường kết hợp thêm bơ hoặc roux để có trải nghiệm ăn uống thoải mái hơn.",80
c6400845-d218-548e-9c1b-937369479d51,,,Bít tết phô mai gà Buffalo (Buffalo Chicken Cheesesteak),INGREDIENT,228.57,14.86,11.43,18.57,1.43,2.29,714.29,de172d43-2578-4f27-a571-6d871460d273,,,"Buffalo Chicken Cheesesteak là một loại bánh sandwich kết hợp kết hợp vị cay của thịt gà kiểu trâu với hình thức của món bít tết phô mai truyền thống của Philadelphia. Món bánh sandwich thịnh soạn này có thịt gà nướng hoặc nướng vỉ nướng sốt trâu, thường được phục vụ trên bánh cuộn hoagie với phô mai tan chảy và các loại phủ tùy chọn như hành và ớt. Chế phẩm giàu protein thường bao gồm nhiều loại phô mai lựa chọn và có thể được tùy chỉnh với các lớp phủ bổ sung như sốt phô mai xanh hoặc thêm nước sốt trâu để tăng thêm sức nóng.",75
47e27ce3-2232-5e56-82d7-787ea8d02afc,,,"Bánh mì kẹp xúc xích, trứng và phô mai (Sausage, Egg, and Cheese Sandwich)",DISH,277.78,12.7,15.87,20.63,1.98,3.97,674.6,de172d43-2578-4f27-a571-6d871460d273,,,"Sandwich xúc xích, trứng và phô mai là một loại bánh sandwich ăn sáng nóng hổi có nhân xúc xích dày dặn, trứng tráng hoặc gấp lại và phô mai Mỹ tan chảy, thường được phục vụ trên bánh nướng xốp hoặc bánh quy kiểu Anh. Lựa chọn bữa sáng thịnh soạn này cung cấp hàm lượng protein đáng kể và phục vụ như một bữa ăn sáng no bụng, mặc dù nó có thể chứa nhiều natri và chất béo bão hòa. Bánh sandwich thường được chuẩn bị theo đơn đặt hàng và có thể được tùy chỉnh với các lựa chọn bánh mì khác nhau hoặc các nguyên liệu bổ sung.",80
f7eaab59-3560-5ecd-a2a5-0e32f11b6e52,,,Bít tết gà chiên (Chicken Fried Steak),DISH,278.26,7.39,20.43,16.09,0.87,1.3,721.74,de172d43-2578-4f27-a571-6d871460d273,,,"Bít tết gà rán là một món ăn cổ điển của Mỹ bao gồm bít tết bò làm mềm được tẩm bột và chiên theo phong cách tương tự như gà rán. Món ăn thịnh soạn này được phục vụ theo kiểu truyền thống với nước sốt kem và kèm theo khoai tây nghiền và rau. Mặc dù cách chế biến hấp dẫn dẫn đến hàm lượng calo và chất béo cao, nhưng nó vẫn cung cấp một lượng protein đáng kể đồng thời nổi tiếng với lớp vỏ giòn và phần bên trong mềm.",75
6c22f64c-2534-588d-92fc-50b6d648fd74,,,Bánh quy xoắn nhồi gà Buffalo (Buffalo Chicken Stuffed Pretzel),INGREDIENT,290.0,10.0,12.0,36.0,2.0,2.0,590.0,de172d43-2578-4f27-a571-6d871460d273,,,"Bánh quy xoắn gà nhồi thịt trâu là một mặt hàng cầm tay đặc biệt có thịt gà tẩm gia vị trâu và pho mát được bọc trong bánh mì bánh quy xoắn mềm. Món ăn nhẹ đáng kể này kết hợp kết cấu dai của bột bánh quy cây truyền thống với nhân gà cay, kem, thường bao gồm phô mai kem hoặc nước sốt trang trại để tạo vị đậm đà. Với khoảng 290 calo mỗi khẩu phần, nó cung cấp một lựa chọn thay thế no hơn cho bánh quy mềm truyền thống đồng thời mang đến hương vị gà trâu cổ điển ở dạng tiện lợi.",80
a0f108a1-3943-5b84-a18d-7a85e5cb13df,,,Đĩa xúc xích (Sausage Platter),DISH,299.56,15.86,25.55,0.44,0.0,0.44,546.26,de172d43-2578-4f27-a571-6d871460d273,,,"Đĩa xúc xích là một món ăn truyền thống của nhà hun khói Texas bao gồm tuyển chọn các loại xúc xích tự làm được hun khói chậm trên gỗ cứng. Thường được phục vụ dưới dạng 4-6 miếng trên mỗi đĩa, những chiếc xúc xích này được chế biến từ thịt lợn và thịt bò cao cấp, thường kết hợp các hỗn hợp gia vị của vùng và đôi khi có các loại phô mai. Quá trình hun khói tạo ra một món ăn giàu protein, có hương vị đậm đà, đặc biệt là ít carbohydrate trong khi vẫn cung cấp những phần đáng kể phù hợp để chia sẻ hoặc các bữa ăn thịnh soạn riêng lẻ.",80
b4cf0fc6-e0ef-573d-ab3d-b4c7f63f1748,,,Cánh gà Buffalo - cực cay (Buffalo Wings - Extra Hot),DISH,400.0,24.0,32.0,4.0,0.4,2.0,1000.0,de172d43-2578-4f27-a571-6d871460d273,,,"Buffalo Wings - Extra Hot là cánh gà được trộn với nước sốt nóng làm từ bơ cay nồng, đại diện cho biến thể cay nhất của món ăn nhà hàng Mỹ cổ điển này. Những chiếc cánh này thường được chiên giòn cho đến khi giòn, sau đó phủ một lớp nước sốt kết hợp sốt ớt cayenne với bơ tan chảy, tạo nên một món ăn giàu protein, nhiều chất béo. Theo truyền thống được phục vụ với các mặt làm mát của cần tây và sốt phô mai xanh, những chiếc cánh này mang lại sức nóng đáng kể có thể gây khó khăn cho khẩu vị nhạy cảm.",75
5ca6214a-3e89-53cc-817e-f50786294f3b,,,Sườn St. Louis (St. Louis Ribs),DISH,162.5,13.75,9.75,3.75,0.25,3.0,125.0,de172d43-2578-4f27-a571-6d871460d273,,,"Sườn St. Louis là những miếng sườn lợn được cắt tỉa đặc biệt để loại bỏ xương ức và sụn, tạo thành hình chữ nhật đồng nhất, đặc trưng của phong cách này. Những miếng sườn này thường được nấu chậm và hun khói trong các nhà hàng BBQ miền Nam, sau đó kết thúc với nước sốt BBQ có vị ngọt, thơm tạo nên hương vị thơm ngon. Một phần ăn đầy đủ tại nhà hàng là rất đáng kể, cung cấp một nguồn protein đáng kể nhưng cũng chứa nhiều calo và chất béo do thịt có nhiều vân cẩm thạch.",75
5ea21bb7-74f6-5351-9587-1aaa22a9b847,,,Tagine bò với atisô và đậu Hà Lan (Beef Tagine with Artichokes and Peas),INGREDIENT,166.67,11.25,8.75,9.17,1.25,2.5,333.33,de172d43-2578-4f27-a571-6d871460d273,,,"Thịt bò Tagine với atisô và đậu Hà Lan là món ăn truyền thống của Ma-rốc được nấu chậm trong một chiếc nồi đất sét đặc biệt gọi là tajine. Món hầm thơm này kết hợp thịt bò mềm với tim atisô và đậu xanh trong nước sốt đậm đà được nêm với nghệ, gừng, thì là và chanh bảo quản. Món ăn giàu protein cung cấp khoảng 25-30g protein mỗi khẩu phần đồng thời cung cấp sự kết hợp cân bằng giữa các loại rau và gia vị phức tạp đặc trưng của ẩm thực Bắc Phi.",80
e112069f-c295-5612-aec5-bb27976d5fe4,,,Bánh mì kẹp gà pesto nóng chảy (Pesto Chicken Melt),INGREDIENT,198.05,15.26,7.79,15.91,1.14,1.95,402.6,de172d43-2578-4f27-a571-6d871460d273,,,"Pesto Chicken Melt là một loại bánh sandwich nóng có ức gà nướng, sốt pesto húng quế và phô mai mozzarella tan chảy thường được phục vụ trên bánh mì dẹt nướng hoặc ciabatta. Món ăn giàu protein này chứa khoảng 600 calo và 47 gam protein trong mỗi khẩu phần, thường được trang trí bằng cà chua phơi nắng để tăng thêm hương vị. Trong khi cung cấp protein nạc từ thịt gà, sự kết hợp giữa phô mai và pesto làm cho món ăn này trở thành một lựa chọn hấp dẫn hơn với hàm lượng chất béo vừa phải và hàm lượng natri đáng kể.",80
d0b33137-a959-5be7-8bf5-9a686b8ed4c8,,,Bít tết phô mai cay (Spicy Cheesesteak),DISH,166.67,10.0,7.33,13.33,1.0,1.67,600.0,de172d43-2578-4f27-a571-6d871460d273,,,"Phô mai cay là một biến thể nóng hổi của bánh sandwich Philadelphia truyền thống với thịt bò thái lát mỏng và phô mai tan chảy trên bánh cuộn hoagie, được tăng cường với các thành phần cay như ớt cay hoặc nước sốt. Loại bánh sandwich thịnh soạn này thường chứa 25-37g protein và dao động từ 358-610 calo mỗi khẩu phần, tùy thuộc vào cách chế biến. Sự kết hợp giữa thịt bò xào, phô mai tan chảy và các thành phần cay tạo nên một bữa ăn thịnh soạn có hàm lượng protein và natri cao đặc biệt.",75
faad117a-5906-54e0-9bfb-e2abd1ed0849,,,Shashlik heo (Shashlik Pork),INGREDIENT,250.0,20.0,17.5,2.5,0.62,0.83,400.0,de172d43-2578-4f27-a571-6d871460d273,,,"Thịt lợn Shashlik là món thịt nướng truyền thống của Gruzia gồm các miếng thịt lợn ướp xiên và nấu trên ngọn lửa. Thịt thường được ướp trong 24 giờ hoặc hơn với sự pha trộn của các loại gia vị, rượu vang và chất thơm của vùng, tạo ra thịt mềm và có hương vị đặc biệt. Những xiên nướng này theo truyền thống được phục vụ với các loại rau củ nướng như hành tây và ớt chuông, khiến nó trở thành món chính giàu protein, đặc trưng của ẩm thực Georgia.",80
891a21e5-d2be-5c76-a012-0bca3b6bb510,,,"Xúc xích Chorizo gà, nấu chín (Chicken Chorizo Sausage, Cooked)",DISH,196.0,21.7,10.9,0.0,0.0,0.0,810.0,de172d43-2578-4f27-a571-6d871460d273,,,"Chorizo ​​gà là một loại xúc xích tẩm gia vị được làm từ thịt gà xay ướp với ớt bột hun khói, tỏi và ớt, cung cấp một món ăn thay thế nạc hơn cho chorizo ​​thịt lợn truyền thống. Phiên bản nấu chín có kết cấu chắc và hương vị đậm đà, cay như khói trong khi chứa ít chất béo bão hòa hơn so với phiên bản thịt lợn. Thường được nướng hoặc áp chảo, nó đóng vai trò như một thành phần giàu protein trong bánh tacos, bát ngũ cốc hoặc các món trứng, mặc dù hàm lượng natri của nó có thể cần phải điều độ trong chế độ ăn nhạy cảm với natri.",80
e951fbdf-4b2d-53e9-8a26-cef2ecaac573,,,Đùi gà chiên (Fried Chicken Drumsticks),DISH,266.67,21.07,16.93,7.6,0.67,0.67,590.67,de172d43-2578-4f27-a571-6d871460d273,,,"Đùi gà rán thức ăn nhanh là chân gà tẩm bột và chiên giòn có lớp phủ giòn, dày dặn và lớp thịt mềm bên dưới lớp da. Mỗi chiếc dùi trống cung cấp lượng protein đáng kể (khoảng 16g) đồng thời chứa một lượng chất béo và natri đáng kể do quá trình tẩm bột và chiên. Chế phẩm này thường bao gồm bánh mì làm từ bột mì và có thể chứa các chất gây dị ứng phổ biến bao gồm lúa mì, sữa và đậu nành.",80
f1158aed-8dde-56c4-84e7-4191f09e41ce,,,Ức gà tây nướng (Grilled Turkey Breast),DISH,155.0,35.0,1.7,0.0,0.0,0.0,70.0,de172d43-2578-4f27-a571-6d871460d273,,,"Ức gà tây nướng là nguồn protein nạc được chế biến bằng cách nấu thịt gà tây không da trên lửa khô trực tiếp, tạo ra các vết than rõ rệt và hương vị khói mà không cần thêm chất béo. Phương pháp chế biến này duy trì hàm lượng protein cao đồng thời giảm thiểu chất béo bão hòa, cung cấp khoảng 30g protein và dưới 150 calo cho mỗi khẩu phần 3 ounce. Hương vị nhẹ nhàng và kết cấu chắc nhưng vẫn ngon ngọt khiến nó trở thành món ăn trung tâm linh hoạt cho các bữa ăn cân bằng, đặc biệt có giá trị trong chế độ ăn kiêng tập trung vào thể dục và ít carbohydrate.",80
25d3b141-7370-5bef-8d6e-ddab94c9d487,,,Phô mai kem thịt xông khói si-rô phong (Maple Bacon Cream Cheese),DISH,388.1,9.52,35.71,7.14,0.0,7.14,535.71,de172d43-2578-4f27-a571-6d871460d273,,,"Phô mai kem thịt xông khói phong là một loại phết đặc biệt kết hợp phô mai kem mịn với những miếng thịt xông khói giòn và hương vị phong ngọt ngào. Món ăn hấp dẫn này mang đến hương vị ngọt và mặn đặc biệt trong khi vẫn duy trì kết cấu kem được điểm xuyết bởi những miếng thịt xông khói giòn. Phổ biến ở các cửa hàng bánh mì tròn, biến thể phô mai kem cao cấp này chứa nhiều calo và chất béo hơn phô mai kem truyền thống do hàm lượng thịt xông khói và chất làm ngọt được thêm vào.",80
babdeb75-89a5-5e93-863c-396791c09c4d,,,Đĩa sườn BBQ (BBQ Ribs Platter),DISH,300.0,15.0,16.0,21.67,1.33,16.67,1166.67,de172d43-2578-4f27-a571-6d871460d273,,,"BBQ Ribs Platter là một món ăn thịnh soạn của nhà hàng miền Nam với món sườn heo nấu chậm rưới nước sốt thịt nướng thơm và ngọt. Một đĩa điển hình bao gồm 4-6 miếng sườn được hun khói trên củi hoặc than cho đến khi mềm, thường được dùng kèm với các món ăn truyền thống như xà lách trộn, bánh ngô hoặc đậu nướng. Món ăn giàu protein này chứa khoảng 770-940 calo mỗi khẩu phần với lượng protein và chất béo đáng kể, trong khi nước sốt và phương pháp chế biến góp phần tạo nên hàm lượng natri cao đáng kể.",75
6c2c5ec7-e9ab-543e-aa21-6c0532745164,,,Bít tết phô mai chay (Veggie Cheesesteak),DISH,206.67,8.33,9.33,23.67,1.33,2.33,436.67,de172d43-2578-4f27-a571-6d871460d273,,,"Món bít tết chay là món ăn chay chuyển thể từ bánh sandwich Philadelphia cổ điển, bao gồm các loại rau xào như hành, ớt và nấm thay cho thịt bò. Bánh sandwich kiểu nhà hàng này được phục vụ trên bánh cuộn hoagie với phô mai tan chảy (thường là phô mai provolone hoặc Mỹ), duy trì trải nghiệm bít tết phô mai mang tính biểu tượng trong khi cung cấp tùy chọn không thịt. Mặc dù nhẹ hơn so với loại truyền thống, nhưng nó vẫn là một lựa chọn chứa nhiều calo nhờ có pho mát và cuộn, đồng thời mang đến sự kết hợp hài lòng giữa kết cấu và hương vị.",75
698d974a-9f28-5f38-b7f2-519922a3cdb8,,,Mandi với thịt cừu (Mandi with Lamb),INGREDIENT,125.11,3.02,2.51,22.55,1.02,0.21,200.26,de172d43-2578-4f27-a571-6d871460d273,,,"Mandi là một món ăn truyền thống của Yemen gồm cơm thơm phủ thịt cừu mềm, nấu chậm theo kiểu truyền thống được chế biến trong lò nướng chuyên dụng để có hương vị khói đặc biệt. Món ăn này kết hợp cơm basmati thơm với các loại gia vị ấm như nghệ, bạch đậu khấu và thì là, bên trên là những miếng thịt cừu mọng nước và thường được trang trí bằng hành tây chiên và các loại hạt. Khi được phục vụ trong các nhà hàng, món này thường được bày trên một đĩa chung lớn, với lớp cơm vàng óng tạo thành lớp nền cho phần thịt thơm lừng.",80
9b4abd02-ca48-560e-9ee3-741eb2d86e7a,,,Bát Tex-Mex bò (Beef Tex-Mex Bowl),INGREDIENT,182.0,5.74,9.82,21.24,2.0,1.6,300.0,de172d43-2578-4f27-a571-6d871460d273,,,"A Beef Tex-Mex Bowl là một món ăn nhà hàng thịnh soạn kết hợp thịt bò dày dạn với các nguyên liệu lấy cảm hứng từ Mexico được xếp trên cơm. Bữa ăn thịnh soạn này thường bao gồm đậu, pho mát, rau tươi và các loại đồ ăn kèm có thể tùy chỉnh như guacamole, kem chua và bánh tortilla. Là một bữa ăn hoàn chỉnh chứa trung bình 900 calo, nó cung cấp sự kết hợp cân bằng giữa protein, carbohydrate và chất béo, mặc dù khẩu phần ăn có thể khiến nó trở thành một lựa chọn có lượng calo cao hơn.",80
1f5eadee-0399-52ad-8f2c-c316af53ef5c,,,Bánh mì kẹp gà Caesar (Chicken Caesar Sub),INGREDIENT,180.0,8.8,10.4,12.8,1.2,1.6,320.0,de172d43-2578-4f27-a571-6d871460d273,,,"A Chicken Caesar Sub là một loại bánh sandwich kết hợp hương vị của món salad Caesar truyền thống với ức gà nướng trên một cuộn tàu ngầm. Bánh sandwich giàu protein này có rau diếp romaine, phô mai Parmesan bào và nước sốt Caesar kem, thường chứa 300-520 calo mỗi khẩu phần. Trong khi gà nướng cung cấp lượng protein đáng kể, nước sốt Caesar và Parmesan góp phần tạo ra hàm lượng natri cao đáng kể, khiến món này trở thành một lựa chọn hấp dẫn hơn trong số các loại bánh mì phụ.",80
c7396042-5f0d-566c-b840-618e7ad4988e,,,Gà Peri-Peri (Peri-Peri Chicken),INGREDIENT,155.43,23.48,6.7,0.24,0.0,0.24,326.09,de172d43-2578-4f27-a571-6d871460d273,,,"Gà Peri-Peri là một món ăn lấy cảm hứng từ Nam Phi gồm có gà nướng trên lửa được ướp trong nước sốt làm từ ớt đặc biệt được làm từ ớt mắt chim Châu Phi, cam quýt và gia vị thơm. Thịt gà thường được phục vụ với nhiều mức độ gia vị khác nhau từ nhẹ đến cực nóng, cho phép tùy chỉnh sở thích cá nhân về nhiệt độ. Món ăn giàu protein này được đặc trưng bởi hương vị khói và kết cấu mềm, với khẩu phần ăn điển hình của nhà hàng cung cấp một nguồn protein nạc đáng kể trong khi vẫn chứa lượng carbohydrate tương đối thấp.",80
6fd67c76-1b87-5255-a719-92e4449444e8,,,Jambalaya với gà và Andouille (Jambalaya with Chicken and Andouille),INGREDIENT,161.07,10.7,8.69,9.3,0.53,0.82,200.0,de172d43-2578-4f27-a571-6d871460d273,,,"Jambalaya là món cơm Cajun/Creole thịnh soạn gồm thịt gà mềm và xúc xích andouille cay nấu cùng với rau thơm và gia vị đậm đà. Cách chế biến tại nhà hàng này kết hợp gạo hạt dài, protein và 'bộ ba thần thánh' gồm hành, cần tây và ớt chuông trong một nồi duy nhất, giúp hương vị hòa quyện vào một bữa ăn đậm đà. Món ăn này cung cấp hàm lượng protein đáng kể đồng thời mang đến hương vị Louisiana đích thực thông qua sự pha trộn đặc trưng của các yếu tố khói, cay và mặn.",80
fc29418d-6ede-5de0-ab0d-dea829daabcd,,,Trứng tráng thịt xông khói ướp nhà (House Cured Bacon Omelette),DISH,342.86,12.86,21.43,15.71,1.71,2.0,428.57,de172d43-2578-4f27-a571-6d871460d273,,,"A House Cured Bacon Omelette là món ăn sáng cao cấp có trứng được cuộn quanh thịt xông khói thủ công được chế biến đặc biệt ngay tại chỗ. Cách chế biến từ trang trại đến bàn ăn này thường kết hợp trứng có nguồn gốc địa phương, rau theo mùa và pho mát thủ công, tạo ra một bữa ăn giàu protein về cơ bản phức tạp hơn so với món trứng tráng tiêu chuẩn. Món ăn này đại diện cho một phần ăn thịnh soạn, với thịt xông khói chế biến tại nhà mang lại hương vị đặc biệt khiến món ăn trở nên khác biệt so với các phiên bản sử dụng thịt xông khói thương mại.",80
1fd0dfab-1ac0-5e7b-99eb-8871816bb22d,,,Cà ri xanh với thịt bò (Green Curry with Beef),DISH,185.71,12.86,11.43,7.43,1.14,2.29,285.71,de172d43-2578-4f27-a571-6d871460d273,,,"Cà ri xanh với thịt bò là một món ăn cổ điển của nhà hàng Thái Lan với thịt bò thái lát mềm trong nước sốt nước cốt dừa thơm béo được làm từ bột cà ri xanh, rau thơm và rau trộn. Món cà ri thơm ngon này kết hợp vị cay của ớt Thái với vị ngọt của nước cốt dừa và vị tươi mát của sả, riềng, húng quế Thái. Mặc dù cung cấp lượng protein đáng kể từ thịt bò, món ăn này đặc biệt giàu calo do có nước cốt dừa, thường chứa 500-800 calo mỗi khẩu phần khi ăn kèm với cơm hoa nhài truyền thống.",80
810c36ca-dcd5-500c-8e49-2ee64d2dbf24,,,Bít tết Porterhouse (Porterhouse Steak),DISH,247.06,25.88,14.12,0.0,0.0,0.0,64.71,de172d43-2578-4f27-a571-6d871460d273,,,"Porterhouse là món bít tết cao cấp gồm cả bít tết dải và thăn thăn được ngăn cách bằng xương hình chữ T đặc biệt. Miếng cắt có kích thước rộng rãi này thường nặng 24 ounce và theo truyền thống được phục vụ cho hai người, thường được chế biến bằng cách nướng ở nhiệt độ cao hoặc nướng đến độ chín mong muốn. Món bít tết đặc biệt đáng chú ý vì hàm lượng protein cao, nguồn vitamin B và sắt phong phú, đồng thời mang đến hai trải nghiệm ăn uống riêng biệt: miếng có hương vị đậm đà và miếng phi lê đặc biệt mềm.",75
db180db4-de96-510b-a82f-9d3f2d5dc79e,,,Thịt bò với bông cải xanh (Beef with Broccoli),INGREDIENT,223.33,16.67,11.0,14.33,1.0,2.33,703.33,de172d43-2578-4f27-a571-6d871460d273,,,"Thịt bò với bông cải xanh là một món ăn nổi tiếng của nhà hàng Trung Quốc gồm thịt bò thái lát và bông cải xanh hấp trong nước sốt màu nâu thơm ngon làm từ nước tương, tỏi và gừng. Món khai vị giàu protein này thường chứa natri đáng kể do thành phần nước sốt của nó, với khẩu phần ăn tại nhà hàng thường cung cấp 600-700 calo. Món ăn này kết hợp những miếng thịt bò mềm và những bông bông cải xanh mềm giòn, thường được dùng kèm với cơm trắng, mặc dù cơm thường được tính riêng vì mục đích dinh dưỡng.",80
45e5f175-aba9-5a65-b0f1-88b74ea6bc8b,,,Taco gà Tinga (Chicken Tinga Taco),DISH,148.44,7.81,2.34,23.44,2.34,3.12,468.75,de172d43-2578-4f27-a571-6d871460d273,,,"Chicken Tinga Taco là một món ăn đường phố kiểu Mexico với thịt gà xé nhỏ được ninh trong nước sốt cà chua chipotle bốc khói. Thường được phục vụ trên bánh ngô ấm, những chiếc bánh taco này được trang trí bằng các lớp phủ truyền thống như hành tây thái hạt lựu, ngò tươi và thường là bơ hoặc chanh. Sự kết hợp này mang lại hương vị cân bằng của thịt gà cay, khói được bổ sung bởi các đồ trang trí tươi mát, đồng thời cung cấp nguồn protein tốt với khoảng 15-20g mỗi khẩu phần hai taco.",80
f5aef590-f348-5820-8c8f-8b7be0eb47b5,,,Thịt heo Char Siu (Char Siu Pork),INGREDIENT,375.54,24.03,27.04,9.01,0.0,8.58,851.07,de172d43-2578-4f27-a571-6d871460d273,,,"Thịt lợn Char Siu là một món nướng kiểu Quảng Đông cổ điển gồm thịt vai lợn ướp với nước sốt ngọt và mặn, sau đó nướng cho đến khi chín mềm. Thịt thường có bề ngoài màu nâu đỏ đặc trưng và được cắt lát, để lộ phần bên trong nhuốm màu hồng do nước xốt đặc biệt của nó. Mặc dù có hàm lượng protein cao nhưng món chế biến tại nhà hàng này cũng giàu natri và đường từ lớp phủ tráng men, với khẩu phần ăn điển hình cung cấp một nguồn đáng kể cả protein và calo.",80
1fccc203-7d2b-5a7c-89ef-166c5942dd7b,,,Bụng heo BBQ (BBQ Pork Belly),INGREDIENT,585.0,11.0,60.0,2.0,0.0,2.0,440.0,de172d43-2578-4f27-a571-6d871460d273,,,"Bụng thịt lợn nướng BBQ là một miếng thịt béo ngậy, được cắt từ mặt dưới của con lợn, thường được hun khói từ từ cho đến khi mềm tại các nhà hàng thịt nướng. Phần thịt cực kỳ béo này có các lớp thịt và mỡ xen kẽ nhau trong quá trình nấu để tạo ra những phần mọng nước, đầy hương vị với bên ngoài giòn và bên trong tan chảy trong miệng. Mặc dù có hàm lượng calo và chất béo bão hòa cao đáng kể, nhưng nó cung cấp đáng kể vitamin B và protein và thường được phục vụ thái lát với nước sốt thịt nướng như một món đặc sản trong thực đơn.",80
d3c06d79-cf25-5aab-9f47-55d69b518dc9,,,Xúc xích Coney bò (Beef Coney),INGREDIENT,330.0,9.0,15.5,37.5,1.5,4.0,450.0,de172d43-2578-4f27-a571-6d871460d273,,,"Bò Coney kiểu Detroit là một món ăn đặc biệt của vùng gồm xúc xích bò có vỏ tự nhiên phủ một loại ớt bò, mù tạt vàng và hành tây thái hạt lựu theo phong cách cụ thể. Loại ớt đặc trưng này đặc biệt dày và đậm đà, giúp phân biệt nó với các biến thể xúc xích khác trong khu vực, trong khi bản thân xúc xích được phục vụ trên một chiếc bánh bao hấp. Món ăn quan trọng này được đặc trưng bởi sự kết hợp nhiều lớp và phần sốt ớt đậm đà, khiến nó có lượng calo cao hơn đáng kể so với một chiếc xúc xích tiêu chuẩn.",80
aba23174-fb52-504a-933a-17ed7f44f2ce,,,Bánh quy gà rán cay (Spicy Fried Chicken Biscuit),DISH,225.0,9.5,11.0,22.0,1.0,2.5,650.0,de172d43-2578-4f27-a571-6d871460d273,,,"Bánh quy gà rán cay là một loại bánh mì ăn sáng kiểu miền Nam với thịt ức gà tẩm bột chiên áp lực được tẩm gia vị với hỗn hợp hạt tiêu cay, được phục vụ trên bánh quy bơ sữa mới nướng. Món bánh sandwich thịnh soạn này kết hợp kết cấu mềm mại, xốp của một loại bánh quy truyền thống miền Nam với thịt gà giòn, tẩm gia vị, cung cấp khoảng 450 calo mỗi khẩu phần. Quá trình chuẩn bị thường bao gồm việc chiên gà bằng áp suất để duy trì độ ngon ngọt đồng thời đạt được độ giòn bên ngoài, sau đó phục vụ gà trên một chiếc bánh quy làm sẵn nổi tiếng với kết cấu nhiều lớp bơ.",80
6b269617-1043-5ca9-94cf-1d2c1d4355eb,,,Lát pizza bít tết phô mai Philly (Philly Cheesesteak Pizza Slice),DISH,264.71,12.5,9.93,23.53,1.84,2.21,661.76,de172d43-2578-4f27-a571-6d871460d273,,,"Miếng Pizza Philly Cheesesteak Pizza là một món ăn kết hợp giữa pizza truyền thống với các nguyên liệu phô mai cổ điển của Philadelphia, thường có bít tết cắt nhỏ, hành tây xào và hỗn hợp phô mai trên vỏ bánh pizza. Miếng bánh thịnh soạn này thường chứa 260-420 calo và cung cấp hàm lượng protein cao hơn các loại pizza truyền thống, với khoảng 16-17g mỗi lát. Chứa nhiều chất gây dị ứng bao gồm lúa mì, sữa và đậu nành và thường được phục vụ với nước sốt kem hoặc nước sốt làm từ phô mai.",75
1776c44a-5c33-5707-bec5-bbaa5b3c60c5,,,Plov với gà (Plov with Chicken),INGREDIENT,181.82,10.91,7.27,16.36,1.27,1.09,218.18,de172d43-2578-4f27-a571-6d871460d273,,,"Plov với thịt gà là một món cơm thịnh soạn của Ukraine và Trung Á được chế biến thông qua phương pháp nấu nhiều lớp đặc biệt. Món ăn nhà hàng này bao gồm gạo hạt dài, miếng thịt gà mềm và rau thơm nấu cùng với các loại gia vị truyền thống như thì là và rau mùi. Món ăn này thường được chế biến phong phú hơn trong các nhà hàng, nơi nó được phục vụ như một phần ăn thịnh soạn với màu vàng đặc trưng của cà rốt và gia vị, thường phát triển lớp vỏ thơm ngon ở đáy nồi nấu.",80
02026e7b-8f08-526a-bc89-bfa392c37413,,,Tagine gà với chanh muối và ô liu (Chicken Tagine with Preserved Lemon and Olives),INGREDIENT,77.78,5.56,2.22,8.89,1.78,1.11,88.89,de172d43-2578-4f27-a571-6d871460d273,,,"Gà Tagine là một món ăn cổ điển của Ma-rốc được nấu chậm trong nồi đất truyền thống cùng tên. Chế phẩm thơm này có thịt gà mềm om với chanh và ô liu bảo quản trong nước sốt đậm đà được nêm với nghệ, thì là và các loại gia vị ấm khác. Quá trình nấu chậm giúp thịt đặc biệt mềm và hương vị phức hợp cân bằng giữa vị mặn, thơm và mặn, thường được dùng kèm với couscous để hấp thụ nước sốt đầy hương vị.",80
181c74bc-abe7-5253-b38e-ee1066563cbf,,,Vụn thịt xông khói (Bacon Bits),DISH,453.57,42.86,31.07,1.79,0.0,1.79,2155.36,de172d43-2578-4f27-a571-6d871460d273,,,"Miếng thịt xông khói là những miếng thịt xông khói đã qua chế biến thường được tìm thấy ở các quầy salad như một lớp phủ protein thơm ngon. Những miếng thịt xông khói được xử lý và bảo quản này có hàm lượng protein và natri cao đáng kể, thường cung cấp 12g protein và hơn 600mg natri mỗi ounce. Trong khi thêm hương vị mặn, đậm đà vào món salad, chúng nên được sử dụng một cách tiết kiệm như một loại gia vị do tính chất đậm đặc và hàm lượng natri cao.",80
fc6a2667-1423-5256-8717-daae88d156fd,,,Bánh mì kẹp Shawarma gà (Chicken Shawarma Sandwich),DISH,178.57,13.89,5.95,17.86,1.98,1.98,277.78,de172d43-2578-4f27-a571-6d871460d273,,,"Sandwich gà Shawarma là một món ăn Trung Đông phổ biến với thịt gà ướp được nấu trên một lò quay thẳng đứng và ăn kèm với bánh mì pita ấm. Thịt gà được tẩm gia vị thường đi kèm với rau tươi, dưa chua và nước sốt tỏi hoặc tahini, tạo nên sự kết hợp cân bằng giữa protein, rau và ngũ cốc. Bữa ăn cầm tay này cung cấp một nguồn protein và các chất dinh dưỡng thiết yếu đáng kể, với phương pháp chế biến truyền thống đảm bảo thịt mềm, thơm.",80
b80d2499-322e-5a23-89bd-87b7b5b87c4c,,,Tajadas (với gà) (Tajadas (with Chicken)),INGREDIENT,140.0,0.67,5.33,23.33,0.0,3.33,200.0,de172d43-2578-4f27-a571-6d871460d273,,,"Tajadas là những cây chuối cắt lát được chiên giòn cho đến khi vàng và hơi caramen, tạo nên một món ăn kèm mặn và ngọt phổ biến trong ẩm thực Mỹ Latinh. Những lát chuối cắt dày này có các cạnh giòn trong khi vẫn giữ được phần bên trong mềm, mang đến sự bổ sung tinh bột cho các món ăn chính. Do quá trình chiên, tajada chứa nhiều calo, cung cấp lượng carbohydrate và chất béo đáng kể trong một khẩu phần ăn thông thường.",80
601be122-a5cc-55f4-92c7-d7053ae651e4,,,Thịt bò Yakiniku (Beef Yakiniku),INGREDIENT,292.92,21.24,21.24,5.22,0.89,4.34,530.97,de172d43-2578-4f27-a571-6d871460d273,,,"Bò Yakiniku là món nướng Nhật Bản gồm thịt bò thái lát mỏng được ướp trong hỗn hợp thơm ngon gồm nước tương, tỏi và dầu mè. Thịt thường được nướng theo yêu cầu và ăn kèm với các loại rau nướng như hành tây, ớt chuông, thường đi kèm cơm trắng và nước chấm. Món ăn giàu protein này cung cấp một nguồn dinh dưỡng thiết yếu đồng thời phương pháp chế biến giúp loại bỏ chất béo dư thừa trong quá trình nấu, mang lại một bữa ăn đầy hương vị nhưng tương đối nạc.",80
6f4c874e-19ac-5117-b92d-cce101e17291,,,Cơm biryani cừu (Lamb Biryani),INGREDIENT,254.33,10.0,9.0,33.33,1.0,1.33,266.67,de172d43-2578-4f27-a571-6d871460d273,,,"Lamb Biryani là món cơm cổ điển của Ấn Độ gồm thịt cừu ướp và cơm basmati thơm với nghệ tây, bạch đậu khấu và các loại gia vị truyền thống khác. Món ăn nhà hàng này thường được nấu bằng phương pháp dum truyền thống, trong đó thịt và gạo được xếp thành từng lớp và nấu chín chậm để tạo ra một bữa ăn thơm ngon, thịnh soạn. Là một món ăn giàu calo, giàu protein và carbohydrate, nó thường cung cấp một phần đáng kể thích hợp để chia sẻ hoặc như một bữa ăn hoàn chỉnh.",80
7bbe9d89-0c1b-5baa-b95f-dac515b3c713,,,Xiên gà nướng (Grilled Chicken Skewers),DISH,223.0,19.0,15.0,3.0,0.75,1.25,500.0,de172d43-2578-4f27-a571-6d871460d273,,,"Thịt gà xiên nướng là những miếng thịt ức gà hoặc đùi gà được ướp và nướng, thường được nêm với các loại gia vị Trung Đông như thì là, ớt bột và tỏi. Những món xiên giàu protein này thường được phục vụ tại các quầy falafel cùng với các loại rau nướng như ớt và hành tây, mang đến lựa chọn protein nạc với khoảng 33-44 gam protein mỗi khẩu phần. Thịt được ướp theo kiểu truyền thống trong dầu ô liu và nước cốt chanh cùng với các loại thảo mộc thơm, tạo nên một món ăn đầy hương vị vừa bổ dưỡng vừa thỏa mãn.",80
e953539a-60ce-57f1-a030-a59f8e1cafa9,,,Gà nhồi (Stuffed Chicken),INGREDIENT,159.0,15.95,5.4,13.0,2.1,1.75,306.0,de172d43-2578-4f27-a571-6d871460d273,,,"Gà nhồi là một món ăn truyền thống của Syria gồm thịt gà được làm từ gạo hoặc freekeh thơm và được nêm các loại gia vị ấm áp của Trung Đông như thì là, quế và bạch đậu khấu. Thịt gà thường được nấu chậm cho đến khi mềm, để nhân thấm gia vị đậm đà và thường được dùng kèm với nước sốt mặn có thể bao gồm mật lựu hoặc cà chua. Món ăn thịnh soạn này cung cấp một phần đáng kể protein cùng với carbohydrate phức hợp từ nhân ngũ cốc.",80
3be57289-ced5-556d-8f13-705c0598d2c6,,,Thịt bò Ý với phô mai (Italian Beef with Cheese),INGREDIENT,184.59,14.86,7.3,14.86,0.95,1.62,405.41,de172d43-2578-4f27-a571-6d871460d273,,,"Thịt bò Ý với phô mai là một loại bánh sandwich kiểu Chicago thịnh soạn với thịt bò nướng tẩm gia vị thái lát mỏng được phục vụ trên một cuộn Ý với phô mai tan chảy, điển hình là provolone hoặc mozzarella. Thịt bò được nướng chậm và ăn kèm với nước sốt có hương vị riêng, có thể dùng để chấm hoặc làm ướt bánh sandwich. Món ăn giàu protein này cung cấp dinh dưỡng đáng kể với khoảng 50-60 gam protein cho mỗi chiếc bánh sandwich, mặc dù nó cũng có hàm lượng natri cao đáng kể do gia vị và nước sốt.",80
7943624d-74b6-5b8c-988c-53fd836d378c,,,Quesadilla bít tết (Steak Quesadilla),DISH,278.1,15.24,15.24,20.0,1.43,1.9,523.81,de172d43-2578-4f27-a571-6d871460d273,,,"Quesadilla bít tết là một món ăn nhà hàng Mexico bao gồm thịt bò nướng dày dặn và phô mai tan chảy được kẹp giữa những chiếc bánh bột mì lớn. Món khai vị thịnh soạn này thường có các dải bít tết ướp với hỗn hợp ba loại phô mai, thường được bổ sung bởi hành tây và ớt nướng, sau đó nướng cho đến khi giòn. Mặc dù cung cấp hàm lượng protein đáng kể từ bít tết, món ăn này đặc biệt giàu calo và nhiều chất béo bão hòa, thường được dùng kèm với các món ăn kèm như guacamole, kem chua hoặc pico de gallo.",75
9af144f5-ed28-5d17-897c-ad47019efafd,,,Bít tết New York Strip (New York Strip Steak),DISH,141.18,20.29,6.18,0.0,0.0,0.0,344.12,de172d43-2578-4f27-a571-6d871460d273,,,"New York Strip Steak là loại thịt bò cao cấp được cắt từ thăn ngắn, đặc trưng bởi vân mỡ đậm đà và kết cấu chắc chắn. Trong chế biến món bít tết, nó thường được nướng hoặc nướng đến độ chín mong muốn và thường được hoàn thiện bằng bơ, tạo ra lớp vỏ thơm ngon trong khi vẫn giữ được phần bên trong mềm. Nguồn protein chất lượng cao này cung cấp một lượng đáng kể sắt và vitamin B, đồng thời không chứa carbohydrate, khiến nó đặc biệt thích hợp cho chế độ ăn kiêng tập trung vào protein và ít carb.",75
64b046d8-18ff-5c67-b288-9076c7ce4d9e,,,Lát bụng heo (Pork Belly Slices),INGREDIENT,518.0,19.3,53.0,0.0,0.0,0.0,500.0,de172d43-2578-4f27-a571-6d871460d273,,,"Những lát thịt bụng lợn dùng cho món lẩu là những phần thịt bụng lợn chưa qua xử lý được cắt mỏng, được đánh giá cao nhờ kết cấu mềm và vân mỡ đậm đà. Những lát này được cắt đặc biệt để nấu nhanh trong nước dùng lẩu, có các lớp thịt và mỡ xen kẽ mang lại hương vị đậm đà và đặc biệt. Do hàm lượng chất béo cao, với khoảng 53g chất béo trên 100g khẩu phần, những lát này thường được thưởng thức ở mức độ vừa phải như một phần của bữa lẩu đa dạng cùng với các loại rau và protein nạc hơn.",80
26d8a3e9-66ba-5d66-8202-b2b4cb96c944,,,Cà ri đỏ với thịt heo (Red Curry with Pork),DISH,217.92,12.5,14.58,9.17,1.25,2.5,375.0,de172d43-2578-4f27-a571-6d871460d273,,,"Cà ri đỏ với thịt lợn là một món ăn cổ điển của Thái Lan gồm có thịt lợn mềm được ninh trong nước sốt đậm đà, thơm làm từ bột cà ri đỏ và nước cốt dừa. Món cà ri cay vừa phải này thường bao gồm các loại rau như măng và ớt chuông, tạo nên một bữa ăn cân bằng thường được phục vụ cùng cơm hấp. Trong khi cung cấp lượng protein đáng kể từ thịt lợn, nước sốt làm từ nước cốt dừa đóng góp đáng kể lượng calo và chất béo bão hòa, khiến món ăn này trở thành món ăn nhà hàng hấp dẫn hơn.",80
097ea9b0-9810-53d9-a28d-518d22ef47c8,,,Thịt bò và xúc xích với phô mai (Beef and Sausage with Cheese),INGREDIENT,273.33,13.33,15.33,19.67,0.0,2.67,693.33,de172d43-2578-4f27-a571-6d871460d273,,,"Đặc sản Chicago này kết hợp thịt bò Ý thái lát mỏng và xúc xích Ý nướng, bên trên là phô mai mozzarella tan chảy hoặc phô mai provolone trên một cuộn giòn. Bánh sandwich thường được phục vụ với nước sốt au jus dày dặn để chấm và có thể được tùy chỉnh với giardiniera nóng hoặc ớt ngọt. Sự kết hợp thịnh soạn này cung cấp một nguồn protein đáng kể đồng thời đặc biệt giàu cả calo và chất béo, với một khẩu phần duy nhất chứa khoảng 820 calo và 40 gam protein.",80
18633021-ed33-5d2e-9082-bdaf152d9347,,,Bánh mì kẹp gà Parmesan (Chicken Parmesan Sandwich),DISH,308.57,17.43,15.14,25.43,1.14,2.86,697.14,de172d43-2578-4f27-a571-6d871460d273,,,"Món Sandwich gà Parmesan từ các cửa hàng thịt bò Ý ở Chicago là một bữa ăn thịnh soạn bao gồm ức gà rán tẩm bột phủ sốt marinara và phô mai tan chảy, được phục vụ trên một chiếc bánh mì Ý. Món bánh sandwich thịnh soạn này được phân biệt bởi kích thước phần hào phóng và cấu trúc nhiều lớp, thường nặng hơn 1000 calo với hơn 60 gam protein. Sự kết hợp giữa thịt gà tẩm bột giòn, nước sốt đậm đà và phô mai tan chảy tạo nên một phiên bản hấp dẫn đáng chú ý của món ăn cổ điển người Mỹ gốc Ý này.",80
9cf09ef9-e7ee-55f5-bb73-a950b8eb02ac,,,Gà Katsu (Chicken Katsu),INGREDIENT,155.56,6.67,6.67,15.56,0.67,1.11,333.33,de172d43-2578-4f27-a571-6d871460d273,,,"Gà katsu là một món ăn Nhật Bản có ức gà được phủ trong vụn bánh mì panko giòn và chiên giòn cho đến khi có màu vàng nâu. Món khai vị giàu protein này có đặc điểm là bên ngoài giòn đặc trưng và bên trong mềm, theo truyền thống được phục vụ thái lát với nước sốt katsu ngọt và thơm. Trong các nhà hàng Nhật Bản, món này thường được phục vụ kèm theo cơm hấp và bắp cải thái nhỏ như một bữa ăn hoàn chỉnh.",80
3cb2f284-bb67-533e-80d8-bbe2fb4d9e9b,,,Satay gà (Satay Ayam (Chicken Satay)),INGREDIENT,174.3,17.65,8.67,8.05,0.62,2.48,414.86,de172d43-2578-4f27-a571-6d871460d273,,,"Satay Ayam là một món ăn cổ điển của Đông Nam Á bao gồm xiên gà ướp nướng cho đến khi chín vàng và mềm. Thịt gà được ướp với các loại gia vị thơm như nghệ và rau mùi, sau đó ăn kèm với nước sốt đậu phộng đậm đà sẽ tăng thêm hương vị và lượng calo cho món ăn giàu protein này. Trong khi bản thân gà nướng là nạc, nước sốt đậu phộng đi kèm làm tăng đáng kể tổng hàm lượng chất béo và calo của món ăn được yêu thích tại nhà hàng này.",80
e0e75b99-ab04-59aa-b170-51ee037cfee4,,,Bánh quy xúc xích (Sausage Biscuit),DISH,525.0,12.0,37.0,36.0,1.5,3.5,1100.0,de172d43-2578-4f27-a571-6d871460d273,,,"Bánh quy xúc xích là một loại bánh sandwich ăn sáng cổ điển của miền Nam bao gồm một miếng xúc xích thịt lợn dày dạn được phục vụ giữa hai nửa chiếc bánh quy bơ sữa mới nướng. Chiếc bánh quy bơ xốp mang đến sự tương phản tinh tế với miếng xúc xích thơm ngon, hơi giòn, tạo nên một món ăn sáng thịnh soạn thường chứa hơn 500 calo. Món ăn chủ yếu của nhà hàng này đại diện cho ẩm thực bữa sáng truyền thống của miền Nam và thường được phục vụ như một bữa ăn sáng mang đi.",80
bc83579c-803d-5906-8ae1-955ac13ae708,,,Ogda với thịt bò (Ogda with Beef),INGREDIENT,150.0,12.0,8.57,14.29,1.71,1.71,285.71,de172d43-2578-4f27-a571-6d871460d273,,,"Ogda là món thịt bò hầm truyền thống của người Yemen được đặc trưng bởi sự pha trộn thơm của các loại gia vị bao gồm thì là, rau mùi, nghệ và bạch đậu khấu. Món ăn thịnh soạn này kết hợp những miếng thịt bò có xương mềm với các loại rau như khoai tây, cà rốt và bí xanh, tất cả được ninh cùng nhau cho đến khi thịt mềm. Thường được phục vụ với cơm hoặc bánh mì, món ăn giàu protein này mang đến sự kết hợp cân bằng giữa thịt, rau và các loại gia vị ấm đặc trưng của ẩm thực Yemen.",80
42cc84ce-8bcf-52e6-8b15-13f0e284794d,,,Vareniki với thịt (Vareniki with Meat),DISH,235.44,8.86,10.97,24.47,1.27,1.69,1050.21,de172d43-2578-4f27-a571-6d871460d273,,,"Vareniki là món bánh bao truyền thống của Ukraine được làm từ bột mì mềm với nhân thịt xay dày dặn, thường là thịt bò hoặc thịt lợn. Những chiếc bánh bao thịnh soạn này thường được luộc cho đến khi mềm và dùng nóng với lớp phủ kem chua cổ điển, hành tây caramen hoặc những miếng thịt xông khói giòn. Mỗi khẩu phần cung cấp sự kết hợp hài lòng giữa nhân thịt giàu protein và bột mềm, xốp, khiến chúng trở thành món chính quan trọng trong ẩm thực Ukraina.",80
e2a64193-1ef3-5cee-942d-1e175411d746,,,Bánh quy thịt xông khói (Bacon Biscuit),DISH,390.91,10.91,26.36,23.64,1.36,2.73,636.36,de172d43-2578-4f27-a571-6d871460d273,,,"Bánh quy thịt xông khói là món ăn sáng cổ điển của miền Nam bao gồm bánh quy bơ sữa xốp mới nướng ăn kèm với các dải thịt xông khói giòn. Món ăn thịnh soạn này kết hợp bánh quy béo ngậy làm tại nhà với thịt xông khói thơm ngon, thường được phục vụ khi còn ấm và thường kèm theo bơ hoặc gia vị. Cách chế biến truyền thống tạo ra một món ăn sáng phong phú có hàm lượng calo và chất béo cao đặc biệt, với mỗi khẩu phần cung cấp hàm lượng protein và natri đáng kể.",80
8271dd62-2c7a-575a-a7ac-664ef7fa4167,,,Chả giò heo xào (Pork Roll Stir Fry),INGREDIENT,183.33,9.33,13.33,4.67,1.0,2.67,600.0,de172d43-2578-4f27-a571-6d871460d273,,,"Thịt lợn cuộn xào là món ăn kết hợp giữa món thịt lợn cuộn mang tính biểu tượng của New Jersey với kỹ thuật nấu ăn lấy cảm hứng từ châu Á. Món ăn thịnh soạn này bao gồm thịt lợn cuộn thái lát xào với các loại rau tươi như hành tây và ớt chuông, thường được nêm với nước tương và tỏi. Mặc dù cung cấp một nguồn protein dồi dào (12-15g mỗi khẩu phần), món ăn này đặc biệt chứa nhiều natri và chất béo bão hòa, đồng thời các loại rau bổ sung thêm chất dinh dưỡng có lợi và chất xơ để cân bằng lượng thịt đậm đà.",80
e72791c8-31c8-5512-a059-f1839d49aada,,,"Bánh quy thịt xông khói, trứng và phô mai (Bacon, Egg, and Cheese Biscuit)",DISH,328.12,11.72,17.97,29.69,1.17,3.12,1367.19,de172d43-2578-4f27-a571-6d871460d273,,,"Bánh quy thịt xông khói, trứng và phô mai là món bánh mì ăn sáng cổ điển của miền Nam được chế biến trên bánh quy bơ sữa mới nướng. Lựa chọn bữa sáng thịnh soạn này bao gồm thịt xông khói giòn, một quả trứng gấp và pho mát Mỹ tan chảy được xếp bên trong một chiếc bánh quy bơ xốp. Là một bữa ăn giàu calo thường chứa hơn 400 calo, nó cung cấp lượng protein đáng kể nhưng cũng chứa nhiều natri và chất béo bão hòa, đặc trưng của thức ăn thoải mái truyền thống của miền Nam.",80
3a8b5494-7275-586f-943a-10018217962d,,,Bánh mì kẹp gà cay (Spicy Chicken Sandwich),DISH,216.67,10.0,10.0,21.67,1.0,2.0,533.33,de172d43-2578-4f27-a571-6d871460d273,,,"Sandwich gà cay là một món ăn nhanh kiểu miền Nam gồm có ức gà tẩm bột tẩm gia vị cay và hỗn hợp ớt cay. Thịt gà thường được ướp bơ sữa, tẩm bột đôi để tăng thêm độ giòn và được phục vụ trên một chiếc bánh mì bơ với dưa chua và sốt mayo. Loại bánh sandwich thịnh soạn này thường cung cấp 450-700 calo và hàm lượng protein đáng kể, mặc dù nó cũng có hàm lượng natri cao đáng kể do có bánh mì và nước sốt dày dặn.",80
1d7c4d9a-4b2f-50dc-9ee2-881649242672,,,Thareed gà (Thareed Chicken),INGREDIENT,70.0,8.57,1.86,4.86,0.86,1.14,114.29,de172d43-2578-4f27-a571-6d871460d273,,,"Thareed Chicken là một món ăn tinh tế của người Dubai với các lớp bánh mì dẹt mỏng được ngâm trong món gà hầm thơm. Cách chế biến có ý nghĩa văn hóa này kết hợp thịt gà mềm, rau theo mùa và các loại gia vị có tính ấm như nghệ, thì là và chanh khô, tạo nên sự pha trộn hài hòa giữa kết cấu và hương vị. Món ăn này cung cấp thành phần dinh dưỡng cân bằng, cung cấp lượng protein đáng kể từ thịt gà trong khi bánh mì giúp hấp thụ nước dùng đậm đà, đầy hương vị.",80
846cbbdd-f395-56b6-ba9e-b7e9e08ca19c,,,Gà cam (Orange Chicken),INGREDIENT,261.9,14.44,12.7,22.43,1.06,13.6,552.91,de172d43-2578-4f27-a571-6d871460d273,,,"Gà cam là món ăn phổ biến của người Mỹ gốc Hoa bao gồm các miếng gà tẩm bột và chiên giòn phủ trong nước sốt có vị cam ngọt ngào. Những miếng bánh giòn, có màu nâu vàng thường được phủ một lớp nước sốt đặc làm từ cam quýt, nước tương và đường, tạo nên bề ngoài dẻo ngọt đặc trưng. Mặc dù cung cấp một nguồn protein tốt, món ăn này đặc biệt giàu calo do được chế biến chiên giòn và nước sốt ngọt, với khẩu phần ăn điển hình của nhà hàng có chứa một lượng đáng kể đường, natri và chất béo.",80
c163e5fa-d685-50bb-a7a1-187b255ac71a,,,Bánh cuộn gà tây bơ (Turkey Avocado Wrap),INGREDIENT,228.57,11.43,10.0,22.86,2.29,1.14,342.86,de172d43-2578-4f27-a571-6d871460d273,,,"Gói bơ Thổ Nhĩ Kỳ là một cửa hàng cung cấp bánh sandwich đáng kể kết hợp ức gà tây thái lát với bơ tươi trong một chiếc bánh tortilla lớn. Món gói thịnh soạn này thường bao gồm rau tươi, pho mát và gia vị, tạo nên một bữa ăn cung cấp sự cân bằng giữa protein nạc, chất béo lành mạnh và carbohydrate phức tạp. Chế phẩm tiêu chuẩn cung cấp khẩu phần no dao động từ 590-990 calo, khiến nó trở thành một lựa chọn bữa ăn quan trọng có thể được tùy chỉnh để phù hợp với nhiều sở thích ăn kiêng khác nhau.",80
d09bf44c-f690-545d-8f07-5d3326fcc52e,,,Sườn bò ăn cỏ (Grass-Fed Beef Ribeye),INGREDIENT,223.21,19.64,14.29,0.0,0.0,0.0,66.96,de172d43-2578-4f27-a571-6d871460d273,,,"Ribeye bò ăn cỏ là loại thịt bò cao cấp được phân biệt bởi vân mỡ đậm đà và thành phần dinh dưỡng vượt trội so với thịt bò thông thường. Loại thịt có nguồn gốc Tây Bắc Thái Bình Dương này được lấy từ gia súc được nuôi hoàn toàn trên đồng cỏ, dẫn đến hàm lượng axit béo omega-3 có lợi và các chất dinh dưỡng thiết yếu như vitamin B3 và E cao hơn đáng kể. Thịt sườn có sự pha trộn đặc trưng giữa thịt mềm và chất béo đầy hương vị tạo nên kết cấu béo ngậy như bơ khi được chế biến đúng cách.",80
659ac913-8515-5fd8-bd82-487381dc291b,,,Thịt bò Karahi (Karahi Beef),INGREDIENT,166.67,11.25,11.67,4.17,1.25,2.08,125.0,de172d43-2578-4f27-a571-6d871460d273,,,"Thịt bò Karahi là một món cà ri cổ điển của Pakistan được đặt tên theo chiếc chảo giống như chiếc chảo dùng để chế biến món này. Món ăn giàu protein này có thịt bò mềm được nấu chậm với cà chua tươi, gừng, tỏi và gia vị thơm cho đến khi tạo thành nước sốt đặc, có hương vị đậm đà. Kết quả là một món chính đậm đà được phục vụ nóng theo kiểu truyền thống với bánh mì naan hoặc cơm, nổi bật bởi nước xốt đậm đà làm từ cà chua và thành phần gia vị phức tạp.",80
7a0c718a-c0fe-5dd0-bd23-25addb5f5408,,,Cánh gà tỏi mật ong (Honey Garlic Chicken Wings),INGREDIENT,220.0,19.0,13.0,7.0,0.5,6.0,750.0,de172d43-2578-4f27-a571-6d871460d273,,,"Cánh gà tỏi mật ong là cánh gà chiên giòn được phủ một lớp nước sốt ngọt ngào kết hợp mật ong, tỏi và nước tương. Những món cánh kiểu nhà hàng này thường có lượng calo và natri cao hơn so với các chế phẩm khác, với một khẩu phần 8 miếng chứa khoảng 920 calo và hàm lượng protein đáng kể. Quá trình chiên ngập dầu tạo ra lớp vỏ ngoài giòn bên dưới lớp nước sốt dẻo, đồng thời góp phần tạo nên hàm lượng chất béo đáng kể cho món ăn.",80
5d7d8387-4cfe-5c1a-83f4-73ef8953b08d,,,Borscht gà (Chicken Borscht),INGREDIENT,85.71,4.57,2.86,8.57,2.29,1.71,142.86,de172d43-2578-4f27-a571-6d871460d273,,,"Borscht gà là một món súp thịnh soạn của Ukraina đặc trưng bởi màu đỏ ruby ​​​​đậm có nguồn gốc từ củ cải tươi. Món súp bổ dưỡng này kết hợp thịt gà mềm với hỗn hợp các loại rau bao gồm củ cải, bắp cải, khoai tây và cà rốt trong nước dùng đầy hương vị. Các món ăn truyền thống của nhà hàng thường được trang trí bằng thì là tươi và một ít kem chua, tạo nên một món ăn vừa ý, giàu vitamin, chất chống oxy hóa và protein nạc.",80
17c94ade-f424-5475-b124-caa89e0f2fd6,,,Bunny Chow với gà (Bunny Chow with Chicken),DISH,124.6,9.0,7.0,6.4,1.0,0.8,140.0,de172d43-2578-4f27-a571-6d871460d273,,,"Bunny Chow là món ăn đặc trưng của Nam Phi bao gồm một ổ bánh mì trắng rỗng chứa đầy cà ri gà thơm. Món ăn đường phố thịnh soạn được chuyển thành nhà hàng yêu thích này có thịt gà mềm, khoai tây và đậu xanh nấu trong nước sốt cà ri đậm đà, nhiều gia vị thấm vào bánh mì khi được phục vụ. Phần đáng kể thường cung cấp một bữa ăn hoàn chỉnh giàu protein và carbohydrate phức hợp, với hộp đựng bánh mì theo truyền thống được sử dụng để múc món cà ri đầy hương vị.",80
e56f60cf-52ae-5fc9-b003-6dd62c1a1605,,,Sườn non (Baby Back Ribs),DISH,606.18,16.99,15.83,0.77,0.0,0.77,965.25,de172d43-2578-4f27-a571-6d871460d273,,,"Sườn non non là sườn lợn mềm được cắt từ vùng thăn, thường được phục vụ tại các nhà hàng thịt nướng theo khẩu phần nửa giá (5-6 xương sườn). Những miếng sườn này thường được nấu chậm cho đến khi thịt gần rời khỏi xương và được hoàn thiện bằng một lớp gia vị khô hoặc phủ nước sốt thịt nướng ngọt. Mặc dù cung cấp lượng protein đáng kể (hơn 40g mỗi nửa giá), chúng có hàm lượng calo và chất béo cao đáng kể, với các chế phẩm làm từ nước sốt sẽ bổ sung hàm lượng đường đáng kể cho một món ăn ít carb.",75
6078b55b-2633-5208-9871-1b9bb72ab3d7,,,Bánh quy gà rán với mật ong (Fried Chicken Biscuit with Honey),DISH,333.33,16.67,19.33,26.67,1.67,5.33,800.0,de172d43-2578-4f27-a571-6d871460d273,,,"Bánh quy gà rán với mật ong là món bánh mì ăn sáng kiểu miền Nam với ức gà tẩm bột và chiên được phục vụ trên bánh quy bơ sữa tươi. Sự kết hợp thịnh soạn này kết hợp thịt gà giòn, dày dặn với bánh quy mềm, xốp, thường được kết thúc bằng một chút mật ong hoặc bơ mật ong để tạo nên vị ngọt-ngon đặc trưng. Mặc dù cung cấp hàm lượng protein đáng kể từ thịt gà, món ăn hấp dẫn này lại có hàm lượng calo, chất béo và natri cao đáng chú ý do phương pháp chế biến.",80
a5df244e-5e21-54fc-a64b-c1dd758f7a36,,,Kubba Hamuth (Kubba Hamuth),DISH,83.56,4.89,2.67,10.0,1.56,0.89,133.33,de172d43-2578-4f27-a571-6d871460d273,,,"Kubba Hamuth là món súp truyền thống của Iraq gồm bánh bao nhân thịt tẩm gia vị làm từ bột gạo hoặc lúa mì bulgur trong nước dùng thơm làm từ cà chua. Những chiếc bánh bao thịnh soạn có nhân thịt bò hoặc thịt cừu xay dày dặn và các loại gia vị thơm, trong khi nước súp đặc biệt kết hợp cà chua, bạc hà khô và axit xitric để tạo ra hương vị chua ngọt đặc trưng. Bữa ăn hoàn chỉnh này thường được phục vụ nóng với nhiều bánh bao trong mỗi phần, mang đến sự kết hợp hài lòng giữa protein và carbohydrate phức hợp.",80
3cae1367-e9cc-5806-904a-c6101dc1c1c0,,,Ghuzi với thịt cừu (Ghuzi with Lamb),INGREDIENT,150.0,10.0,8.0,14.0,0.8,1.2,300.0,de172d43-2578-4f27-a571-6d871460d273,,,"Ghuzi là một món ăn truyền thống của Trung Đông gồm thịt cừu nấu chậm ăn kèm với cơm vàng thơm. Thịt cừu mềm ướp gia vị thường được om cho đến khi rời xương và bày trên cơm basmati màu nghệ tây, trang trí với hành tây chiên, hạnh nhân và nho khô. Món ăn giàu protein này đáng chú ý vì khẩu phần ăn nhiều và thành phần dinh dưỡng phong phú, đặc biệt giàu protein, sắt và vitamin B từ thành phần thịt cừu.",80
1997beb3-c13a-57f4-b23b-2ecc6efdbbe5,,,Bít tết Portobello nướng (Grilled Portobello Steak),DISH,45.24,4.76,0.42,7.14,2.38,2.38,11.9,de172d43-2578-4f27-a571-6d871460d273,,,"Bít tết Portobello nướng là món chế biến từ nông trại đến bàn ăn gồm những mũ nấm portobello lớn, thường được ướp trong dầu ô liu, giấm balsamic và các loại thảo mộc tươi trước khi nướng để đạt được kết cấu giống thịt. Món ăn chay này có hương vị đậm đà, vị umami và độ mềm giống như bít tết trong khi vẫn có lượng calo và chất béo thấp đáng kể. Món ăn này mang lại những lợi ích dinh dưỡng đáng kể, bao gồm kali, vitamin B và chất chống oxy hóa, khiến nó trở thành lựa chọn phổ biến cho cả những thực khách ăn thực vật và quan tâm đến sức khỏe.",75
f14a85f1-854e-5270-90f0-71361b3a2653,,,Thịt bò Stroganoff (Beef Stroganoff),INGREDIENT,140.16,8.03,5.22,14.86,0.4,1.2,293.17,de172d43-2578-4f27-a571-6d871460d273,,,"Bò Stroganoff là một món ăn cổ điển của Nga bao gồm những miếng thịt bò và nấm mềm trong nước sốt béo ngậy làm từ kem chua. Cách chế biến món ăn tại nhà hàng này thường trình bày món ăn với mì trứng hoặc cơm, với nước sốt đặc biệt thơm ngon và đậm đà. Sự kết hợp giữa thịt bò mềm, nấm thơm và nước sốt sang trọng tạo nên một bữa ăn thịnh soạn, giàu protein, tiêu biểu cho món ăn truyền thống thoải mái của Nga.",80
507231b1-88db-56aa-b607-6fbdf8e2a13c,,,Bánh mì kẹp thịt viên (Meatball Sandwich),DISH,239.83,10.17,11.86,19.92,1.61,3.18,479.66,de172d43-2578-4f27-a571-6d871460d273,,,"Bánh mì kẹp thịt viên kiểu Philly là sự kết hợp thịnh soạn giữa thịt bò viên và thịt lợn viên tẩm gia vị ninh trong sốt marinara, được phục vụ trên một chiếc bánh mì Ý giòn rụm. Bánh sandwich thường được hoàn thiện với phô mai mozzarella tan chảy và có thể được trang trí bằng các loại thảo mộc tươi, tạo nên một bữa ăn thịnh soạn cung cấp lượng protein đáng kể cùng với lượng calo và natri đáng kể. Sự kết hợp giữa thịt viên mềm, nước sốt đậm đà và bánh mì giòn tạo nên một món ăn cổ điển của nhà hàng Ý-Mỹ vừa đủ no vừa đầy hương vị.",80
12fee3e7-89ff-5c37-ad1e-6c1f883c8bdf,,,Bánh cuộn gà xôi nếp (Sticky Rice Chicken Wrap),INGREDIENT,355.43,4.35,3.26,77.17,0.0,0.0,173.91,de172d43-2578-4f27-a571-6d871460d273,,,"Xôi bọc gà là món dim sum truyền thống gồm cơm nếp bọc quanh thịt gà đã tẩm gia vị và các loại rau chọn lọc. Cơm thường được hấp cho đến khi mềm và hơi trong, sau đó kết hợp với nước tương và các gia vị khác trước khi gói quanh nhân. Món ăn thịnh soạn, giàu carbohydrate này thường được dùng nóng như một phần của bữa ăn dim sum, thường đi kèm với nước chấm.",80
680f0e6b-9937-551f-900f-b6fa78f51c11,,,Panini gà tây và Brie (Turkey and Brie Panini),INGREDIENT,176.47,12.13,7.35,18.38,0.74,2.94,301.47,de172d43-2578-4f27-a571-6d871460d273,,,"Thổ Nhĩ Kỳ và Brie Panini là một loại bánh sandwich ép có ức gà tây cắt lát và phô mai brie kem, thường đi kèm với hành tây caramen và lát táo tươi trên bánh mì nhiều loại ngũ cốc. Nhà hàng yêu thích này được nướng cho đến khi giòn bên ngoài trong khi vẫn giữ được phần bên trong ấm áp, tan chảy kết hợp các yếu tố mặn, ngọt và kem. Bánh sandwich cung cấp một nguồn protein đáng kể đồng thời mang lại hương vị phức tạp hơn so với bánh mì sandwich truyền thống.",80
1a6505ce-8c7a-57f3-9f4c-89fe22f32a19,,,Thịt viên Thụy Điển (Köttbullar (Swedish Meatballs)),DISH,333.33,11.67,20.83,25.0,0.83,4.17,500.0,de172d43-2578-4f27-a571-6d871460d273,,,"Köttbullar là món thịt viên truyền thống của Thụy Điển được làm từ hỗn hợp thịt bò và thịt lợn xay, được tẩm gia vị và tạo thành những quả cầu nhỏ, vừa ăn. Những viên thịt mềm này được phục vụ đặc trưng với nước sốt kem đậm đà, khiến chúng khác biệt rõ rệt so với các món thịt Ý hoặc Mỹ. Món ăn này theo truyền thống đi kèm với mứt dâu linh chi và khoai tây nghiền, tạo nên sự kết hợp cổ điển giữa hương vị mặn, kem và chua.",80
17cd99cd-8124-5643-8c8c-5f94f8f7f75f,,,Giăm bông tẩm mật ong (Honey Glazed Ham),DISH,167.86,25.0,6.25,2.68,0.0,2.68,1160.71,de172d43-2578-4f27-a571-6d871460d273,,,"Giăm bông tráng men mật ong là một sản phẩm thịt lợn được nấu chín và xử lý có lớp phủ mật ong caramen ngọt ngào. Chế độ ăn theo kiểu tự chọn này thường được phục vụ khi còn ấm theo từng phần được cắt sẵn, cung cấp tùy chọn protein nạc với khoảng 11-16 gam protein cho mỗi khẩu phần 2 ounce. Trong khi men mật ong tạo thêm vị ngọt đặc trưng, ​​​​quá trình đóng rắn góp phần tạo ra hàm lượng natri cao đáng kể, khiến nó trở thành một món ăn cần được chia nhỏ cho những người theo dõi lượng muối ăn vào.",80
334a5bf0-ea27-5688-a63d-56a065a7bd21,,,Bít tết tiêu (Pepper Steak),DISH,137.81,13.43,3.89,12.37,1.06,2.83,473.5,de172d43-2578-4f27-a571-6d871460d273,,,"Pepper Steak là món ăn nổi tiếng của nhà hàng Mỹ gốc Hoa gồm các dải thịt bò xào với ớt chuông và hành tây trong nước sốt thơm ngon làm từ đậu nành. Món ăn giàu protein này thường chứa 25-35 gam protein trong mỗi khẩu phần và thường được dùng kèm với cơm, mặc dù bản thân món ăn này có hàm lượng carbohydrate tương đối vừa phải. Sự kết hợp giữa thịt bò, rau tươi và nước sốt thơm tạo nên một bữa ăn đầy hương vị, mặc dù gia vị làm từ đậu nành có thể khiến bữa ăn có hàm lượng natri cao đáng kể.",75
d56c0b39-4b4d-5aff-a574-004c5bf5baa7,,,Bánh quy xoắn nhồi giăm bông và Thụy Sĩ (Ham and Swiss Stuffed Pretzel),DISH,222.22,12.44,7.56,25.78,1.33,2.67,666.67,de172d43-2578-4f27-a571-6d871460d273,,,"A Ham and Swiss Stuffed Pretzel là một loại bánh quy xoắn đặc biệt mới nướng, nóng hổi, ​​​​bao bọc giăm bông thái lát và pho mát Thụy Sĩ tan chảy bên trong mềm mại và bên ngoài màu nâu bánh quy đặc trưng. Món ăn thịnh soạn này kết hợp kết cấu dai của bánh quy xoắn truyền thống với nhân mặn, thường được phục vụ ấm với mù tạt bên cạnh. Mặc dù cung cấp một nguồn protein đáng kể (26-29g mỗi khẩu phần), nhưng nó có hàm lượng natri cao hơn đáng kể so với bánh quy thông thường do có nhân giăm bông và phô mai đã qua xử lý.",80
80beee6b-4597-5ed4-b001-fbae9c53a23e,,,Bánh mì kẹp sáng thịt xông khói (Bacon Breakfast Sandwich),DISH,286.67,14.0,16.0,23.33,1.33,3.33,666.67,de172d43-2578-4f27-a571-6d871460d273,,,"Bánh mì kẹp thịt xông khói ăn sáng từ một cửa hàng bánh rán là một món ăn thịnh soạn vào buổi sáng, thường có trứng rán, thịt xông khói giòn và pho mát tan chảy được phục vụ trên các loại bánh mì như bánh sừng bò, bánh quy hoặc bánh nướng xốp kiểu Anh. Món ăn sáng quan trọng này thường chứa 400-600 calo mỗi khẩu phần, cung cấp lượng protein đáng kể từ các thành phần trứng và thịt xông khói đồng thời chứa nhiều chất béo và natri. Bánh sandwich thường được phục vụ nóng và có thể được tùy chỉnh với nhiều loại gia vị khác nhau, mặc dù cách chế biến cơ bản vẫn nhất quán ở hầu hết các cơ sở bán bánh rán.",80
ad922580-d975-5a4a-9c04-9e0bc0c6765d,,,Kaldereta với thịt bò (Kaldereta with Beef),INGREDIENT,163.7,10.0,11.11,5.93,1.48,2.96,259.26,de172d43-2578-4f27-a571-6d871460d273,,,"Kaldereta là món thịt bò hầm đậm đà của Philippines, đặc trưng bởi nước sốt thơm ngon làm từ cà chua được làm giàu với gan và phô mai tan chảy. Món ăn thịnh soạn này có những miếng thịt bò mềm nấu chậm với khoai tây, cà rốt và ớt chuông, tạo nên một bữa ăn giàu protein với hương vị phức hợp. Theo truyền thống, món ăn này được phục vụ cùng cơm trắng với khẩu phần hào phóng, đại diện cho món chính phong phú với sự kết hợp đặc biệt giữa thịt, rau và nước sốt kem.",80
9b362683-170b-5bf8-be94-25d643424dbe,,,Bánh cuộn gà Địa Trung Hải (Mediterranean Chicken Wrap),INGREDIENT,211.67,10.0,10.33,19.33,2.67,1.67,531.0,de172d43-2578-4f27-a571-6d871460d273,,,"Món Bọc gà Địa Trung Hải là một loại bánh sandwich kiểu nhà hàng có ức gà nướng dày dặn được bọc trong bánh tortilla bằng bột mì với các nguyên liệu lấy cảm hứng từ Địa Trung Hải. Phần bọc thường bao gồm sốt hummus hoặc sốt tzatziki, rau tươi, phô mai feta vụn và rau trộn, tạo nên một bữa ăn cân bằng cung cấp cả protein và rau. Món gói thịnh soạn này kết hợp hương vị Hy Lạp và Trung Đông đồng thời cung cấp khoảng 30 gam protein cho mỗi khẩu phần.",80
385c09c5-f1e5-5358-b5f9-d4e053c20d60,,,Cánh gà Buffalo - nhẹ (Buffalo Wings - Mild),DISH,231.52,25.45,13.33,2.42,0.0,1.21,1515.15,de172d43-2578-4f27-a571-6d871460d273,,,"Cánh trâu - nhẹ là cánh gà rút xương truyền thống được chiên giòn cho đến khi giòn và rưới nước sốt nóng có vị bơ, gia vị nhẹ. Những món cánh kiểu nhà hàng này thường được phục vụ với cần tây và phô mai xanh hoặc nước sốt trang trại để chấm, mang đến lựa chọn giàu protein với hàm lượng 25-53g protein cho mỗi khẩu phần sáu cánh. Mặc dù nước sốt dịu nhẹ mang lại hương vị cánh Buffalo cổ điển mà không bị cay nồng, nhưng những chiếc cánh này vẫn có hàm lượng chất béo và natri cao đáng kể.",75
78f5f44a-52c8-5e40-8e96-0fbb8f2cb702,,,Fondue gà Bourguignonne (Chicken Fondue Bourguignonne),INGREDIENT,146.04,11.88,7.43,7.18,1.24,0.99,284.65,de172d43-2578-4f27-a571-6d871460d273,,,"Chicken Fondue Bourguignonne là một món ăn nhà hàng lấy cảm hứng từ Thụy Sĩ, nơi những miếng gà vừa ăn được thực khách nấu trong dầu nóng ngay tại bàn. Trải nghiệm ăn uống tương tác này thường bao gồm một loạt các loại nước chấm như aioli tỏi và sốt cocktail, cùng với các loại rau theo mùa đi kèm. Món ăn này cung cấp một nguồn protein đáng kể trong khi phương pháp nấu bằng dầu và lựa chọn nước sốt có thể góp phần đáng kể vào hàm lượng chất béo và calo của món ăn.",80
401820d2-bec7-51ec-996b-b541e6397781,,,Efo Riro với thịt bò (Efo Riro with Beef),INGREDIENT,91.5,6.6,5.15,4.7,1.25,2.0,389.0,de172d43-2578-4f27-a571-6d871460d273,,,"Efo Riro là món hầm rau bina đậm đà của Nigeria với thịt bò mềm và sự pha trộn phức tạp của ớt, cà chua và gia vị truyền thống. Món ăn thịnh soạn này được chế biến với dầu cọ và đậu châu chấu, mang lại hương vị đậm đà đặc trưng, ​​​​trong khi sự kết hợp giữa rau bina và thịt bò mang lại hàm lượng protein, sắt và vitamin C đáng kể. Món hầm thường được tẩm gia vị vừa phải, đi kèm với các món ăn truyền thống như fufu hoặc cơm trong không gian nhà hàng.",80
69995580-0a66-5e03-9d88-8a85a4d5d94f,,,Gà Parmigiana (Chicken Parmigiana),INGREDIENT,136.69,13.91,4.32,9.59,0.84,2.4,520.38,de172d43-2578-4f27-a571-6d871460d273,,,"Chicken Parmigiana là một món ăn thịnh soạn của người Mỹ gốc Ý gồm có thịt gà cốt lết tẩm bột được chiên cho đến khi vàng, sau đó phủ sốt marinara và phô mai mozzarella tan chảy. Món khai vị giàu protein này thường được nướng cho đến khi phô mai sủi bọt và thường được dùng kèm với mì ống với thêm nước sốt marinara. Phần ăn tại nhà hàng cung cấp một lượng đáng kể protein và canxi, mặc dù nó có hàm lượng natri cao đáng kể do có bánh mì và pho mát.",80
7501928e-1602-5096-9b93-4544d8f41d1f,,,Kebab cừu (Lamb Kebab),INGREDIENT,366.67,26.0,28.0,2.67,0.33,0.67,250.0,de172d43-2578-4f27-a571-6d871460d273,,,"Lamb kebab là một món ăn truyền thống của Trung Đông gồm những miếng thịt cừu ướp nướng trên xiên cho đến khi chín và mềm. Thịt thường được ướp với hỗn hợp thơm của tỏi, rau thơm và các loại gia vị như thì là và cây thù du, sau đó ăn kèm với rau nướng và sốt sữa chua. Món ăn giàu protein này cung cấp một lượng đáng kể vitamin B12 và selen, trong khi vẫn có lượng carbohydrate thấp tự nhiên.",80
60a9f2d8-986d-5ecf-9057-2a0516eecc74,,,Moo Shu heo (Moo Shu Pork),INGREDIENT,331.13,11.92,29.8,3.97,0.66,2.65,819.21,de172d43-2578-4f27-a571-6d871460d273,,,"Thịt lợn Moo Shu là một món ăn cổ điển của nhà hàng Trung Quốc gồm thịt lợn xé xào với bắp cải, nấm và trứng bác trong nước sốt thơm ngon. Món ăn giàu protein này theo truyền thống được phục vụ với bánh kếp mỏng và nước sốt hoisin để gói, tương tự như cách làm bánh taco mềm. Việc chế biến tại nhà hàng thường có hàm lượng chất béo cao hơn do sử dụng nhiều dầu ăn, khiến nó trở thành một lựa chọn hấp dẫn hơn trong các món khai vị của nhà hàng Trung Quốc.",80
b6bcec5f-b61c-5a74-af76-efaa27fdef9d,,,Bánh mì kẹp thịt heo quay với ớt dài (Roast Pork Sandwich with Long Hots),DISH,302.11,7.75,19.01,19.01,2.11,3.52,598.59,de172d43-2578-4f27-a571-6d871460d273,,,"Bánh mì kẹp thịt lợn nướng với bánh mì nóng dài là món bánh mì kẹp đặc trưng của Philadelphia bao gồm thịt lợn om mềm, pho mát provolone sắc nét và rau xanh xào được phục vụ trên bánh cuộn hoagie. Món bánh sandwich thịnh soạn này được phân biệt bằng cách bao gồm những quả ớt cay dài của Ý, giúp tăng thêm sức nóng đáng kể cho hương vị đậm đà, thơm ngon. Thịt lợn thường được nấu chín chậm và ăn kèm với nước sốt riêng, tạo ra một loại bánh sandwich có hương vị thơm ngon và đặc biệt là cân bằng giữa thịt giàu protein với rau và sữa.",80
5148ae7c-f6ad-54b8-8c35-e4f02a6f9c93,,,Bánh cuộn bít tết và phô mai (Steak and Cheese Wrap),DISH,183.33,10.0,8.33,16.67,1.0,2.0,300.0,de172d43-2578-4f27-a571-6d871460d273,,,"A Steak and Cheese Wrap là một cửa hàng bánh sandwich chuyển thể từ món phô mai Philly cổ điển, được phục vụ dưới dạng bánh tortilla thay vì bánh cuộn. Bữa ăn thịnh soạn này thường có thịt bò tẩm gia vị thái lát mỏng, phô mai tan chảy và các loại rau nướng như hành tây và ớt được bọc trong bánh tortilla mềm. Mặc dù cung cấp hàm lượng protein đáng kể và sự kết hợp hài lòng của các hương vị, nhưng nó đặc biệt có hàm lượng calo và hàm lượng natri cao, thường chứa từ 350-975 calo tùy thuộc vào cách chế biến và khẩu phần ăn.",75
e2b4a093-e283-5a47-a931-30858e9647d9,,,Edikang Ikong với thịt dê (Edikang Ikong with Goat Meat),DISH,58.75,3.75,2.08,6.25,1.67,0.62,62.5,de172d43-2578-4f27-a571-6d871460d273,,,"Edikang Ikong là món súp giàu dinh dưỡng của Nigeria với thịt dê mềm và sự pha trộn phong phú của các loại rau lá xanh, chủ yếu là lá nước và lá bí ngô. Món ăn thịnh soạn này kết hợp nhiều nguồn protein, bao gồm thịt dê, cá khô và hải sản, ninh trong dầu cọ với gia vị truyền thống. Nổi bật bởi thành phần dinh dưỡng phong phú, nó cung cấp một lượng đáng kể protein, sắt và chất xơ, đồng thời mang đến hương vị phức tạp, thơm ngon đặc trưng của ẩm thực Tây Phi.",80
c991b17d-52d8-5d20-99b3-670131293354,,,Cánh gà hun khói (Smoked Wings),DISH,215.2,19.2,15.2,0.4,0.0,0.4,360.0,de172d43-2578-4f27-a571-6d871460d273,,,"Cánh hun khói là cánh gà được nấu chậm trên khói củi, tạo nên hương khói đặc trưng và bề ngoài giống vỏ cây đặc trưng. Những chiếc cánh này thường được tẩm ướp khô và hun khói cho đến khi thịt mềm và gần như rơi ra khỏi xương, đồng thời vẫn giữ được lớp da giòn. Là một lựa chọn giàu protein, ít carb, chúng thường được phục vụ với nhiều loại nước sốt khác nhau và chứa hàm lượng chất béo cao hơn do phương pháp nấu và da gà.",75
32669975-a319-5d32-b617-a3fe020c461f,,,Gà chanh (Lemon Chicken),INGREDIENT,252.01,11.88,13.55,20.61,1.0,5.62,252.01,de172d43-2578-4f27-a571-6d871460d273,,,"Lemon Chicken là một nhà hàng Trung Quốc được yêu thích với các miếng gà tẩm bột và chiên giòn phủ nước sốt chanh thơm ngọt. Món ăn đặc sắc này thường kết hợp cốt lết gà rán giòn với nước sốt cam quýt tươi sáng làm từ nước cốt chanh, đường và chất làm đặc. Mặc dù cung cấp một nguồn protein tốt với khoảng 74g mỗi đơn hàng, nhưng đây là một lựa chọn giàu calo với khoảng 1.570 calo mỗi khẩu phần đầy đủ, phần lớn là do bánh mì và nước sốt ngọt.",80
aa906649-73f1-5c0a-9117-f06521aeac06,,,Efo Riro với gà (Efo Riro with Chicken),INGREDIENT,76.0,5.6,4.2,3.0,0.8,1.2,316.0,de172d43-2578-4f27-a571-6d871460d273,,,"Efo Riro là món hầm rau bina truyền thống của Nigeria nổi bật bởi cách chế biến phong phú với dầu cọ, ớt và thịt gà dày dạn. Phiên bản nhà hàng này có những miếng thịt gà mềm và rau bina xắt nhỏ ninh trong nước sốt có hương vị đậm đà được tăng cường thêm gia vị thơm và nước dùng truyền thống. Món ăn thịnh soạn này có vị mặn đặc trưng và hơi cay, thường được phục vụ như một món chính phong phú có thể kết hợp với nhiều món ăn truyền thống khác nhau.",80
f4b0f5c6-0643-5e28-af56-51db13d989f3,,,Bát Tex-Mex gà (Chicken Tex-Mex Bowl),INGREDIENT,155.56,9.33,6.22,18.89,2.67,1.78,333.33,de172d43-2578-4f27-a571-6d871460d273,,,"A Chicken Tex-Mex Bowl là một món ăn nhà hàng thịnh soạn kết hợp gà nướng dày dạn với cơm chanh ngò, đậu và rau tươi theo định dạng có thể tùy chỉnh. Bữa ăn hoàn chỉnh này thường có các lớp phủ lấy cảm hứng từ miền Tây Nam như pho mát, salsa và guacamole, cung cấp sự kết hợp cân bằng giữa protein, carbohydrate phức hợp và chất béo lành mạnh. Khẩu phần ăn phong phú và hàm lượng protein (thường là 35-50g) khiến món này trở thành một lựa chọn làm no có thể được sửa đổi để phù hợp với nhiều sở thích ăn kiêng khác nhau.",80
c8391b4f-360b-58de-8f74-50d63c7d6be9,,,Pannenkoeken với thịt xông khói (Pannenkoeken with Bacon),DISH,200.0,7.33,9.0,24.67,1.0,1.67,233.33,de172d43-2578-4f27-a571-6d871460d273,,,"Pannenkoeken với thịt xông khói là một loại bánh kếp kiểu Hà Lan truyền thống có kích thước bằng một chiếc đĩa ăn tối và có kết cấu mỏng giống như bánh crepe. Phiên bản mặn này kết hợp trực tiếp thịt xông khói giòn vào bột làm từ lúa mì được nấu cho đến khi có màu nâu vàng, tạo ra một món ăn thịnh soạn và giàu protein hơn bánh kếp truyền thống. Thường được phục vụ như một bữa ăn hoàn chỉnh trong các tiệm bánh kếp ở Hà Lan, những chiếc bánh kếp khổ lớn này cung cấp sự kết hợp đáng kể giữa carbohydrate và protein, với mỗi khẩu phần chứa khoảng 540-700 calo.",80
b785ecf8-f1dc-53f4-b546-a4e80cecc81e,,,Món hầm cừu và bắp cải (Fårikål (Lamb and Cabbage Stew)),DISH,147.77,9.41,11.57,1.58,1.06,0.52,213.12,de172d43-2578-4f27-a571-6d871460d273,,,"Fårikål là món ăn quốc gia của Na Uy, bao gồm thịt cừu có xương và bắp cải được ninh từ từ với hạt tiêu đen cho đến khi mềm. Món hầm thịnh soạn này nổi bật nhờ phương pháp chế biến đơn giản giúp tỏa hương vị tự nhiên của các nguyên liệu, đồng thời cung cấp một lượng đáng kể protein, sắt và vitamin C. Theo truyền thống, món này được phục vụ cùng với khoai tây luộc và bánh mì dẹt, món này thể hiện tính chân thực nhất của món ăn thoải mái của Na Uy.",80
2ef290d2-fdc5-57fe-a532-21a947f243da,,,Macarona Béchamel (Macarona Béchamel),DISH,112.5,4.5,4.75,12.5,0.75,1.5,212.5,de172d43-2578-4f27-a571-6d871460d273,,,"Macarona Béchamel là một món mì Ý thịnh soạn của Ai Cập bao gồm các lớp mì ống hình ống, thịt bò xay tẩm gia vị và sốt kem béchamel. Món ăn đậm đà kiểu thịt hầm này nổi bật bởi nước sốt thịt thơm được nêm với quế và húng tây, phủ một lớp dày sốt béchamel bơ-bột-sữa truyền thống, sau đó nướng cho đến khi vàng. Sự kết hợp này tạo ra một bữa ăn thịnh soạn có hàm lượng calo và protein cao hơn đáng kể so với các món mì ống tiêu chuẩn, với nước sốt béchamel góp phần tạo nên sự phong phú đáng kể.",80
6d98ed3a-ad8c-57cb-abea-eb417a4f6669,,,Bánh mì kẹp thịt bò Ý nhúng (Dipped Italian Beef Sandwich),DISH,155.88,8.53,7.06,16.18,1.18,1.47,264.71,de172d43-2578-4f27-a571-6d871460d273,,,"Bánh mì kẹp thịt bò Ý nhúng là một biểu tượng ẩm thực của Chicago với thịt bò nướng tẩm gia vị thái lát mỏng được phục vụ trên một cuộn Ý được ngâm trong nước dùng thịt bò tẩm gia vị (au jus). Món bánh sandwich thịnh soạn này thường được phủ giardiniera cay hoặc ớt ngọt, và quá trình nhúng tạo ra trải nghiệm ăn ngon ngọt, lộn xộn đặc trưng. Trong khi cung cấp lượng protein đáng kể từ thịt bò, nước chấm au jus làm tăng đáng kể hàm lượng natri trong bánh sandwich.",80
beec39fe-455d-5b62-80d9-24ddf8ee43a4,,,Cánh gà Buffalo không xương (Boneless Buffalo Wings),DISH,305.0,24.0,15.5,17.0,0.5,3.0,1045.0,de172d43-2578-4f27-a571-6d871460d273,,,"Cánh trâu không xương là những miếng thịt gà trắng tẩm bột cung cấp một lựa chọn thay thế không xương cho cánh gà truyền thống. Những món ăn yêu thích của nhà hàng này thường được chiên giòn cho đến khi giòn, sau đó được rưới sốt nóng kiểu trâu, từ các loại cay nhẹ đến cay thêm. Mặc dù cung cấp một nguồn protein đáng kể, nhưng chúng có hàm lượng natri và chất béo cao đáng chú ý do làm bánh mì và nước sốt, đồng thời theo truyền thống được phục vụ với cần tây và phô mai xanh hoặc nước sốt trang trại để chấm.",75
f57416b9-9df8-5baf-b589-2231add426eb,,,Xúc xích hun khói (Smoked Sausage Links),DISH,312.5,14.29,26.79,3.57,0.0,2.68,892.86,de172d43-2578-4f27-a571-6d871460d273,,,"Liên kết xúc xích hun khói là các sản phẩm thịt tẩm gia vị, thường được làm từ thịt lợn hoặc hỗn hợp thịt lợn-bò, được hun khói chậm để tạo nên hương vị đậm đà, thơm ngon đặc trưng của món BBQ miền Nam. Những liên kết được nấu chín hoàn toàn này có vỏ bên ngoài chắc chắn và bên trong mềm, cung cấp nguồn protein đáng kể trong khi tương đối ít carbohydrate. Các chế phẩm BBQ truyền thống của miền Nam thường phục vụ nguyên con hoặc cắt lát, kèm theo các món ăn kèm cổ điển như xà lách trộn hoặc đậu nướng.",80
48cd3882-f2e5-5c8b-b63a-7dfaa9d47bd6,,,Đĩa Shawarma cừu (Lamb Shawarma Plate),INGREDIENT,283.33,10.0,19.17,17.5,1.33,1.0,375.0,de172d43-2578-4f27-a571-6d871460d273,,,"Đĩa thịt cừu Shawarma là một món ăn của nhà hàng Trung Đông có thịt cừu dày dạn được nấu chín chậm trên một lò quay dọc cho đến khi mềm và có hương vị. Bữa ăn thịnh soạn này thường bao gồm thịt cừu thái lát ăn kèm với bánh mì pita, rau tươi và các loại nước sốt truyền thống như sốt tahini hoặc sốt tỏi, thường đi kèm với cơm hoặc món hummus. Mặc dù cung cấp một nguồn protein phong phú và các chất dinh dưỡng thiết yếu, món ăn thịnh soạn này đặc biệt giàu calo do khẩu phần ăn phong phú và sự kết hợp nước sốt.",80
9be57431-aa78-56bd-b94e-07d4f7538504,,,Khinkali thịt hỗn hợp (Khinkali Mixed Meat),DISH,200.0,11.2,8.0,20.8,0.8,1.2,560.0,de172d43-2578-4f27-a571-6d871460d273,,,"Khinkali là một loại bánh bao truyền thống của Gruzia có đặc điểm là lớp bột bên ngoài dày, xếp nếp và nhân thịt hỗn hợp ngon ngọt. Những chiếc bánh bao to lớn này chứa đầy thịt xay đã được tẩm gia vị (thường là sự kết hợp giữa thịt bò và thịt lợn) và các loại thảo mộc thơm, tạo nên phần bên trong giống như món súp đặc biệt khi nấu chín. Mỗi chiếc bánh bao cung cấp một phần protein dồi dào và theo truyền thống được phục vụ mới luộc, thực khách thường ăn chúng bằng tay, sử dụng nút thắt bột nhão trên cùng làm tay cầm.",80
14ab0549-4c6f-5db0-b97a-28cd691d750b,,,Tinola với gà (Tinola with Chicken),INGREDIENT,120.0,12.08,5.83,3.75,0.83,0.83,312.5,de172d43-2578-4f27-a571-6d871460d273,,,"Tinola là món súp truyền thống của Philippines bao gồm những miếng thịt gà mềm trong nước dùng gừng trong. Món ăn dễ chịu này có đặc điểm là sự kết hợp giữa đu đủ xanh hoặc bí su su và các loại rau lá xanh tươi, điển hình là lá chùm ngây hoặc lá ớt. Cách chế biến nhẹ nhàng nhưng đầy hương vị làm nổi bật hương thơm của gừng và tỏi, khiến món này trở thành một lựa chọn bổ dưỡng được phục vụ cùng cơm trắng theo truyền thống.",80
1b70975c-cb53-5f1c-8274-433000bca2d8,,,Qormah Sabzi với thịt cừu (Qormah Sabzi with Lamb),INGREDIENT,199.43,25.71,6.29,10.0,7.14,1.43,200.0,de172d43-2578-4f27-a571-6d871460d273,,,"Qormah Sabzi là món hầm truyền thống của Afghanistan với thịt cừu mềm và hỗn hợp nhiều loại thảo mộc tươi và rau xanh. Món ăn thịnh soạn này kết hợp thịt cừu nấu chậm với nước sốt đậm đà làm từ rau mùi tây, ngò và các loại thảo mộc tươi khác, thường dùng kèm với đậu tây để tăng thêm kết cấu và dinh dưỡng. Việc chuẩn bị tại nhà hàng cung cấp một bữa ăn giàu protein, đồng thời cũng là nguồn cung cấp chất sắt và chất xơ tuyệt vời, với màu xanh đậm đặc trưng và hương vị thơm, đậm đà đặc trưng của ẩm thực Afghanistan.",80
f4acf01c-920c-58b6-bb49-804f477bb011,,,Đĩa Shawarma gà (Chicken Shawarma Plate),INGREDIENT,157.14,12.0,7.43,10.29,1.43,1.43,285.71,de172d43-2578-4f27-a571-6d871460d273,,,"Đĩa gà Shawarma là một món ăn của nhà hàng Trung Đông gồm có thịt gà ướp được nướng chậm trên xiên thẳng đứng và cắt lát theo yêu cầu. Bữa ăn hoàn chỉnh này thường bao gồm thịt gà tẩm gia vị ăn kèm với bánh mì pita, rau tươi và các loại nước sốt đặc trưng như sốt tahini hoặc sốt tỏi, thường đi kèm với cơm hoặc khoai tây chiên. Đĩa giàu protein cung cấp đáng kể 35-49g protein cho mỗi khẩu phần, mặc dù giá trị dinh dưỡng có thể thay đổi đáng kể tùy theo khẩu phần ăn và lựa chọn nước sốt.",80
7ccf5a8b-dc8e-5a2e-a856-e11bda7b3c61,,,Quesadilla gà Tandoori (Tandoori Chicken Quesadilla),DISH,100.2,7.6,4.2,8.0,0.6,0.4,160.0,de172d43-2578-4f27-a571-6d871460d273,,,"Tandoori Chicken Quesadilla là một món ăn kết hợp giữa gà tandoori tẩm gia vị Ấn Độ với hình thức quesadilla quen thuộc của Mexico. Đặc sản nhà hàng này có thịt gà ướp sữa chua và các loại gia vị truyền thống của Ấn Độ, phô mai tan chảy và rau xào, tất cả đều được gói trong bánh tortilla nướng. Món ăn này mang đến một lựa chọn bữa ăn giàu protein với khoảng 20g protein mỗi khẩu phần, đồng thời sự pha trộn của các loại gia vị thơm như nghệ và thì là mang lại cả hương vị và lợi ích chống viêm.",80
9c605ce1-ca8a-5365-be84-abfa1aca8fe1,,,Thịt bò xào (Beef Stir Fry),INGREDIENT,108.7,7.83,2.17,21.74,1.3,2.61,347.83,de172d43-2578-4f27-a571-6d871460d273,,,"Thịt bò xào là món ăn được chế biến sẵn bao gồm thịt bò thái lát và rau trộn nấu trong dầu với nước sốt kiểu châu Á. Là món thường được phục vụ trong các nhà hàng tự chọn, món ăn này thường kết hợp các dải thịt bò mềm với các loại rau như ớt chuông, bông cải xanh và cà rốt, thường đi kèm với cơm hoặc mì. Mặc dù cung cấp một nguồn protein tốt nhưng các món ăn tự chọn có xu hướng chứa nhiều natri hơn do nước sốt và gia vị kiểu nhà hàng.",80
57858172-d936-5e86-aa99-316f2c811bc8,,,Thịt bò thái lát (Sliced Beef),INGREDIENT,140.0,12.08,9.83,0.83,0.0,0.83,320.0,de172d43-2578-4f27-a571-6d871460d273,,,"Thịt bò thái lát dùng cho món lẩu bao gồm những miếng thịt cao cấp như sườn hoặc thăn, bào mỏng như giấy để nấu nhanh trong nước dùng sôi lăn tăn. Những lát thịt bò chất lượng cao này thường được phục vụ sống và không có gia vị, cung cấp nguồn protein tuyệt vời đồng thời cho phép hương vị thịt tự nhiên nổi lên trong khi nấu. Những lát siêu mỏng sẽ chín trong vòng vài giây khi được nhúng qua nước dùng nóng, tạo ra kết cấu mềm trong khi vẫn giữ được giá trị dinh dưỡng.",80
18b4bf5d-472b-5796-8826-18c8925cfd65,,,Pörkölt với thịt bò (Pörkölt with Beef),INGREDIENT,157.14,15.71,8.57,4.29,1.71,1.14,285.71,de172d43-2578-4f27-a571-6d871460d273,,,"Pörkölt là món thịt bò hầm truyền thống của Hungary nổi bật nhờ cách chế biến phong phú với ớt ngọt Hungary và thịt mềm nấu chậm. Món ăn thịnh soạn này có các miếng thịt bò om với hành và tỏi trong nước sốt đặc, có hương vị đậm đà, thường chứa các chất béo truyền thống như mỡ lợn để tạo độ chân thực. Trong các nhà hàng, món này thường được phục vụ với spätzle hoặc mì trứng và có thể được trang trí bằng kem chua, mang đến một bữa ăn giàu protein với lượng calo và hương vị đặc biệt cao.",80
0a65633f-3bad-5507-97d5-f9c8ae5880ab,,,Cà ri Panang với gà (Panang Curry with Chicken),DISH,404.8,27.2,27.2,12.8,2.0,6.4,628.8,de172d43-2578-4f27-a571-6d871460d273,,,"Cà ri Panang là một món ăn phong phú của Thái gồm thịt gà sốt nước cốt dừa đặc với các loại gia vị thơm đặc biệt bao gồm sả, riềng và chanh kaffir. Món chế biến tại nhà hàng này thường cung cấp một nguồn protein đáng kể đồng thời có hàm lượng calo và chất béo bão hòa cao đáng kể do hàm lượng nước cốt dừa dồi dào. Cà ri có xu hướng nhẹ hơn và béo hơn so với các loại cà ri Thái khác, có sự pha trộn phức tạp giữa các vị ngọt, mặn và cay tinh tế.",80
2af469b7-09a7-56fc-bd32-20f4012244ad,,,Quesadilla bò (Beef Quesadilla),DISH,550.0,37.0,30.0,36.0,2.0,3.0,1250.0,de172d43-2578-4f27-a571-6d871460d273,,,"Quesadilla thịt bò là một món ăn Tex-Mex bao gồm thịt bò xay dày dạn và phô mai tan chảy kẹp giữa bánh ngô nướng. Món khai vị thịnh soạn này thường cung cấp lượng protein và canxi đáng kể từ hàm lượng thịt bò và pho mát, đồng thời thường được dùng kèm với các món ăn kèm truyền thống như salsa, guacamole hoặc kem chua. Cách chế biến tại nhà hàng thường mang lại bề ngoài giòn với nhân mặn đậm đà, mặc dù nó chứa nhiều chất béo bão hòa và natri.",80
91cf3e54-50f0-5cf9-b671-56212959340f,,,Cà ri gà Cape Malay (Cape Malay Chicken Curry),DISH,81.99,9.14,3.46,3.6,0.55,1.39,166.21,de172d43-2578-4f27-a571-6d871460d273,,,"Cà ri gà Cape Malay là một món ăn đặc sắc của Nam Phi thể hiện sự kết hợp độc đáo giữa truyền thống ẩm thực châu Phi và Malaysia. Món cà ri thơm này có thịt gà mềm được ninh trong nước sốt nhẹ, đậm đà được pha với các loại gia vị như thì là, rau mùi và bạch đậu khấu, tạo nên hương vị đậm đà hơn hẳn so với cà ri truyền thống của Ấn Độ. Thường được phục vụ với cơm vàng, món ăn giàu protein này thể hiện di sản của ẩm thực Cape Malay đồng thời mang đến sự kết hợp cân bằng giữa protein nạc và gia vị thơm.",80
62e43a5c-7de7-5a17-b533-621a7ba014cc,,,Bánh mì dẹt gà BBQ (BBQ Chicken Flatbread),DISH,368.0,22.0,18.8,28.4,1.6,4.0,600.0,de172d43-2578-4f27-a571-6d871460d273,,,"Bánh mì dẹt gà nướng BBQ là một món ăn nhà hàng nổi tiếng gồm có gà nướng, sốt thịt nướng và phô mai tan chảy được phục vụ trên đế bánh mì dẹt giòn. Bữa ăn thịnh soạn này thường bao gồm các loại đồ ăn kèm như hành đỏ và ngò, tạo nên sự kết hợp giữa cách trình bày kiểu thịt nướng và pizza truyền thống. Mặc dù hàm lượng dinh dưỡng thay đổi tùy theo cách chế biến, nhưng nhìn chung nó cung cấp một nguồn protein đáng kể cùng với lượng calo và natri đáng kể do có thành phần nước sốt và phô mai.",80
31691bbf-2a16-53a1-a3b6-487c5e594a3e,,,Bít tết phô mai chả giò heo (Pork Roll Cheesesteak),INGREDIENT,206.67,10.0,13.33,11.67,0.67,1.33,500.0,de172d43-2578-4f27-a571-6d871460d273,,,"Phô mai cuộn thịt lợn là một loại bánh sandwich đặc sản của New Jersey bao gồm các lát thịt lợn cuộn nướng và pho mát tan chảy được phục vụ trên một cuộn hoagie. Món bánh sandwich thịnh soạn này thường bao gồm thịt lợn cuộn nướng (một sản phẩm thịt chế biến độc đáo trong vùng) phủ phô mai Mỹ hoặc provolone tan chảy và thường bao gồm hành tây và ớt xào tùy chọn. Mặc dù cung cấp hàm lượng protein đáng kể, nhưng loại bánh sandwich này lại có hàm lượng natri và chất béo bão hòa cao đáng kể, thường chứa 500-600 calo mỗi khẩu phần.",75
65152690-29de-5d70-9da9-a1744f343844,,,Bánh mì kẹp gà rán cay (Spicy Fried Chicken Sandwich),DISH,180.0,11.2,7.6,18.0,1.2,2.0,560.0,de172d43-2578-4f27-a571-6d871460d273,,,"Bánh mì gà rán cay là một món ăn nhanh chủ yếu gồm ức gà tẩm bột được tẩm gia vị cay và chiên giòn cho đến khi giòn. Loại bánh sandwich thịnh soạn này thường chứa 450-500 calo và cung cấp lượng protein đáng kể, mặc dù nó cũng chứa nhiều natri và chất béo do quá trình tẩm bột và chiên. Thịt gà thường được phục vụ trên một chiếc bánh mì nướng với dưa chua và mayo, mang đến sự kết hợp giữa kết cấu giòn, cay và kem.",80
1fb45b33-e3c4-58fa-8854-ce93c94dc7b9,,,Pannenkoeken với gà và sốt cà ri (Pannenkoeken with Chicken and Curry Sauce),DISH,206.73,8.08,10.0,21.73,0.77,1.92,263.85,de172d43-2578-4f27-a571-6d871460d273,,,"Pannenkoeken với nước sốt gà và cà ri là một quán cà phê đặc sản của Hà Lan với một chiếc bánh kếp lớn, mỏng phủ cà ri gà trong nước sốt dừa béo ngậy. Không giống như bánh kếp của Mỹ, phần đế pannenkoek có kích thước bằng đĩa ăn tối và có kết cấu giống bánh crepe, trong khi phần trên là cà ri gà tạo nên một bữa ăn mặn đậm đà. Món ăn kết hợp này kết hợp cách chế biến bánh kếp truyền thống của Hà Lan với hương vị cà ri lấy cảm hứng từ châu Á, thường được phục vụ như một phần món chính hoàn chỉnh.",80
b58dd3e1-b44e-5067-8e39-ddcf4c4e9437,,,Giăm bông và phô mai mini (Mini Ham and Cheese),DISH,333.33,20.0,15.0,30.0,2.5,3.33,1000.0,de172d43-2578-4f27-a571-6d871460d273,,,"Mini Ham and Cheese là một loại bánh sandwich thu nhỏ bao gồm giăm bông nguội cắt lát mỏng và pho mát được phục vụ trên bánh mì có khẩu phần nhỏ hơn. Tùy chọn phục vụ nhanh này thường bao gồm các loại gia vị cơ bản như sốt mayonnaise hoặc mù tạt, mang đến sự thay thế nhẹ nhàng hơn cho bánh mì kẹp cỡ lớn. Mặc dù cung cấp sự kết hợp cân bằng giữa protein và carbohydrate, nó được thiết kế như một lựa chọn khẩu phần ăn nhẹ hoặc bữa ăn nhẹ.",80
9db22cbe-9bf0-55e9-8b3a-561d4e993d2b,,,Sườn cừu nướng Braai (Braai Lamb Chops),INGREDIENT,332.0,28.0,24.0,1.0,0.0,0.0,70.0,de172d43-2578-4f27-a571-6d871460d273,,,"Sườn cừu Braai là một đặc sản của Nam Phi, trong đó sườn cừu nguyên xương được nướng trên ngọn lửa trần theo phong cách braai (thịt nướng) truyền thống. Những miếng sườn này thường được ướp với các loại thảo mộc như hương thảo và tỏi, sau đó nướng để đạt được hương vị đậm đà trong khi vẫn giữ được phần bên trong mềm, ngon ngọt. Thịt cừu ăn cỏ thường được sử dụng trong ẩm thực Nam Phi cung cấp protein chất lượng cao, vitamin B12 và các khoáng chất thiết yếu như sắt và kẽm, với khẩu phần ăn thông thường của nhà hàng bao gồm 4-6 miếng sườn mỗi khẩu phần.",80
a183f39a-c77f-5f99-b770-4b02a893e167,,,Bánh mì kẹp bít tết gà chiên (Chicken Fried Steak Sandwich),DISH,370.83,12.5,22.5,31.25,1.25,2.5,700.0,de172d43-2578-4f27-a571-6d871460d273,,,"Sandwich bít tết gà rán là một món ăn quen thuộc của miền Nam bao gồm bít tết bò được làm mềm, tẩm bột và chiên bằng kỹ thuật tương tự như chế biến gà rán. Miếng thịt bò cốt lết phủ giòn được phục vụ trên một chiếc bánh mì mềm và theo truyền thống phủ nước sốt kem trắng, tạo nên một chiếc bánh sandwich đậm đà, hấp dẫn. Món ăn có hàm lượng calo cao này thường chứa khoảng 840-940 calo mỗi khẩu phần, với lượng protein và chất béo đáng kể, khiến nó trở thành một lựa chọn bữa ăn đáng kể trong các nhà hàng ẩm thực tâm hồn miền Nam.",75
6bd6afbb-286b-5491-9689-5c044edda81c,,,Bánh mì kẹp heo Ý với sốt cà chua (Italian Pork Sandwich with Tomato Sauce),DISH,312.0,14.0,18.0,20.0,1.6,3.2,480.0,de172d43-2578-4f27-a571-6d871460d273,,,"Đặc sản Philadelphia thịnh soạn này có thịt vai lợn quay chậm được phục vụ trên bánh mì Ý giòn với phô mai provolone tan chảy và sốt cà chua. Thịt lợn thường được om cho đến khi mềm và mọng nước, tạo ra một loại bánh sandwich béo ngậy, vừa miệng, ngon hơn cả món bánh mì bít tết nổi tiếng của nó. Mặc dù có hàm lượng protein cao từ thịt lợn, nhưng món bánh mì kẹp giàu calo này cũng bao gồm hương vị bổ sung của phô mai provolone sắc nét và nước sốt cà chua thơm ngon, khiến nó trở thành một bữa ăn no nê đặc trưng của văn hóa bánh mì sandwich đậm đà của Philadelphia.",80
aeb0084e-75e0-5f38-ab00-38d1e0d9a559,,,Gà Kyiv (Chicken Kyiv),INGREDIENT,244.9,22.45,13.06,4.9,0.41,0.82,346.94,de172d43-2578-4f27-a571-6d871460d273,,,"Chicken Kyiv là một món ăn cổ điển của Ukraine bao gồm ức gà giã mỏng, cuộn quanh bơ tỏi tẩm gia vị thảo mộc và được bọc trong lớp bột mì giòn. Món chế biến tại nhà hàng này theo truyền thống được chiên ngập dầu cho đến khi có màu vàng nâu, tạo nên một cách trình bày ấn tượng với bơ nóng chảy chảy ra từ giữa khi cắt. Mặc dù có hàm lượng protein cao từ ức gà nhưng món ăn này đặc biệt đậm đà nhờ có nhân bơ và phương pháp chế biến chiên.",80
2b6468b8-0182-5321-820f-c657dbff27a7,,,Gà cay Hàn Quốc (Dak Galbi (Spicy Chicken)),INGREDIENT,116.67,9.33,3.33,12.0,1.33,2.67,233.33,de172d43-2578-4f27-a571-6d871460d273,,,"Dak Galbi là món gà cay nổi tiếng của Hàn Quốc với những miếng thịt gà mềm xào với rau củ trong nước sốt gochujang đậm đà. Món ăn giàu protein này kết hợp thịt gà ướp với bắp cải, khoai lang và bánh gạo, tất cả được nấu cùng nhau trong chảo lớn để tạo ra mức độ gia vị thơm ngon, có thể tùy chỉnh. Theo truyền thống, món ăn này được phục vụ như một món ăn chung trong các nhà hàng, mang đến sự cân bằng hài lòng giữa protein, rau và hương vị phức tạp đặc trưng của ẩm thực Hàn Quốc.",80
393a9e6b-7982-50f7-a17c-8119e63e770e,,,Cơm gà Hải Nam (Hainanese Chicken Rice),INGREDIENT,137.5,6.25,3.5,20.0,0.5,0.75,450.0,de172d43-2578-4f27-a571-6d871460d273,,,"Cơm gà Hải Nam là món ăn đặc trưng của Singapore bao gồm thịt gà luộc ăn kèm cơm hoa nhài thơm nấu trong nước luộc gà. Một phần ăn hoàn chỉnh thường bao gồm thịt gà mềm (có da hoặc không da), cơm thơm và bộ ba loại nước sốt bổ sung - gừng-tỏi, ớt và đậu nành. Món ăn giàu protein này cung cấp khoảng 480-620 calo mỗi khẩu phần, trong đó thành phần gạo đóng góp đáng kể lượng carbohydrate và thịt gà cung cấp protein nạc.",80
fd5ee16a-866f-5b93-8d91-ce7d88c96876,,,Bụng heo hầm rượu táo (Cider Braised Pork Belly),INGREDIENT,517.7,9.73,53.1,0.0,0.0,0.0,309.73,de172d43-2578-4f27-a571-6d871460d273,,,"Bụng thịt lợn om rượu táo là một món ăn sang trọng gồm bụng thịt lợn mềm được nấu chậm trong rượu táo Tây Bắc Thái Bình Dương cho đến khi mềm tan. Cách chế biến từ trang trại đến bàn ăn này thường sử dụng thịt lợn và chất thơm có nguồn gốc địa phương, với thịt có lớp vỏ bên ngoài đậm đà, caramen trong khi bên trong vẫn mọng nước. Mặc dù đặc biệt giàu calo và hàm lượng chất béo, nhưng món ăn hấp dẫn này lại cân bằng các vị ngọt, mặn và chua từ nước om rượu táo.",80
7598de86-cc42-5bc8-aca5-ec9a757de68c,,,"Bánh mì kẹp bagel thịt xông khói, trứng và phô mai (Bacon, Egg, and Cheese Bagel Sandwich)",DISH,224.67,11.01,8.81,24.23,1.1,2.2,330.4,de172d43-2578-4f27-a571-6d871460d273,,,"Bánh mì tròn thịt xông khói, trứng và phô mai là món bánh sandwich ăn sáng nóng hổi cổ điển có bánh mì tròn mới nướng chứa đầy trứng rán, dải thịt xông khói giòn và phô mai tan chảy. Loại bánh sandwich thịnh soạn này thường chứa 450-600 calo và cung cấp sự kết hợp đáng kể của protein từ nhiều nguồn, mặc dù nó cũng chứa nhiều carbohydrate và natri. Cách chế biến tiêu chuẩn bao gồm phô mai Mỹ hoặc phô mai cheddar, mặc dù các biến thể về loại bánh mì tròn và gia vị bổ sung là phổ biến ở các cửa hàng bánh mì tròn và cửa hàng bán đồ ăn nhanh.",80
d992184d-f739-5781-91b7-a49afee15be3,,,Bánh mì kẹp thịt bò quay Po' Boy (Roast Beef Po' Boy),INGREDIENT,197.71,10.86,11.43,12.86,0.86,1.71,157.14,de172d43-2578-4f27-a571-6d871460d273,,,"A Roast Beef Po' Boy là một loại bánh sandwich truyền thống của Louisiana có thịt bò nấu chín chậm và nước xốt đậm đà được phục vụ trên bánh mì Pháp giòn. Món bánh sandwich béo ngậy này được ăn kèm với rau diếp tươi, cà chua, dưa chua và sốt mayonnaise, cùng với thịt bò thường được om cho đến khi mềm và cắt nhỏ. Sự kết hợp giữa bánh mì giòn, thịt bò mặn với nước sốt và đồ trang trí mát lạnh đã tạo nên món bánh mì New Orleans mang tính biểu tượng, vừa lộn xộn vừa thơm ngon.",80
decd52ee-0d36-5270-8c0c-577a5bf29a3f,,,Gà rán bơ sữa (Buttermilk Fried Chicken),DISH,318.58,16.99,12.48,34.6,1.33,2.65,929.2,de172d43-2578-4f27-a571-6d871460d273,,,"Gà rán bơ sữa là một món ăn chủ yếu của ẩm thực miền Nam bao gồm các miếng thịt gà được ướp trong bơ sữa dày dặn trước khi phủ bột mì dày dặn và chiên giòn. Phương pháp chế biến này mang lại làn da giòn đặc biệt và thịt mềm, ngon ngọt, trong khi nước muối bơ sữa làm tăng hương vị và kết cấu. Các suất ăn tại nhà hàng thường cung cấp hàm lượng protein đáng kể nhưng cũng chứa nhiều calo và natri do quá trình tẩm bột và chiên.",75
5f57c2ed-70dc-5866-b255-23799475c9a5,,,Bánh thịt bò và bia (Beef and Guinness Pie),DISH,193.33,8.67,10.67,15.67,1.33,2.0,233.33,de172d43-2578-4f27-a571-6d871460d273,,,"Beef and Guinness Pie là một món ăn thịnh soạn trong quán rượu gồm thịt bò mềm được nấu chậm trong nước sốt Guinness đậm đà và đậm đà, bên trên là bánh phồng xốp. Món ăn tiện lợi truyền thống lấy cảm hứng từ Ailen này kết hợp các miếng thịt bò với rau trong nước sốt mạch nha đậm đà, trong đó Guinness bổ sung thêm hương vị nướng và caramel đặc biệt. Một món ăn lớn thường chứa 500-650 calo mỗi khẩu phần, nó cung cấp hàm lượng protein đáng kể đồng thời mang lại hương vị thơm ngon, đậm đà đặc trưng của ẩm thực quán rượu truyền thống.",80
29acfc32-eea9-575a-990f-38532eaf62f0,,,Makloubeh với thịt cừu (Makloubeh with Lamb),INGREDIENT,140.0,7.2,4.8,18.0,2.0,1.2,240.0,de172d43-2578-4f27-a571-6d871460d273,,,"Makloubeh là món cơm truyền thống của Jordan nổi bật nhờ phương pháp chuẩn bị lộn ngược độc đáo. Món khai vị thịnh soạn này có các lớp thịt cừu mềm, cơm basmati thơm và các loại rau như cà tím và súp lơ, tất cả được nấu cùng với các loại gia vị Trung Đông ấm áp. Khi phục vụ, chiếc nồi được úp ngược một cách đáng kinh ngạc vào một chiếc đĩa, để lộ một tòa tháp có hình dáng hoàn hảo với lớp vỏ gạo nâu vàng ở trên, thường đi kèm với nước sốt sữa chua.",80
563b575f-60fc-5ca3-a12e-2e99f144c119,,,Xúc xích gà tây hun khói (Smoked Turkey Sausage),DISH,170.0,22.0,11.0,2.0,0.0,1.0,650.0,de172d43-2578-4f27-a571-6d871460d273,,,"Xúc xích gà tây hun khói là một sản phẩm thịt tẩm gia vị nấu sẵn được làm từ thịt gà tây xay trộn với gia vị và được hun khói. Loại thay thế nạc hơn cho xúc xích thịt lợn này vẫn giữ được hương vị thơm ngon, khói và kết cấu chắc chắn đồng thời cung cấp hàm lượng chất béo bão hòa thấp hơn. Thường được cắt lát để sử dụng trong súp, món hầm hoặc các món ăn sáng, nó cung cấp protein đậm đặc nhưng có thể chứa hàm lượng natri vừa phải do quá trình xử lý.",80
c59fc401-1849-5a85-9769-d9936bf05006,,,Đĩa thịt nướng tổng hợp (BBQ Meat Sampler),DISH,166.4,9.6,12.0,5.0,0.6,2.0,400.0,de172d43-2578-4f27-a571-6d871460d273,,,"Dụng cụ lấy mẫu thịt BBQ là một lựa chọn có thể tùy chỉnh gồm các loại thịt hun khói kiểu miền Nam truyền thống, thường có sự kết hợp của thịt lợn kéo, ức bò, xúc xích hun khói và gà nướng. Những loại thịt này được nấu chậm trên củi để tăng hương vị và độ mềm, sau đó dùng kèm với nước sốt thịt nướng đặc trưng. Đĩa giàu protein thường bao gồm 2-4 loại thịt, với các khẩu phần từ vừa phải đến nhiều, khiến nó trở thành một lựa chọn tuyệt vời để nếm thử các món đặc sản thịt nướng của vùng.",80
71dc2f1e-eadb-5c3e-ac19-c8bb93ca2268,,,Pad See Ew với gà (Pad See Ew with Chicken),INGREDIENT,200.0,10.0,6.67,26.67,1.25,5.0,500.0,de172d43-2578-4f27-a571-6d871460d273,,,"Pad See Ew là món mì xào nổi tiếng của Thái Lan gồm có mì gạo, thịt gà và bông cải xanh Trung Quốc với nước sốt đậm đà làm từ đậu nành. Cách chế biến tại nhà hàng này thường cung cấp một phần đáng kể carbohydrate từ mì, lượng protein vừa phải từ thịt gà và trứng, đồng thời có xu hướng chứa nhiều natri hơn do hỗn hợp nước sốt thơm ngon. Món ăn được chế biến đặc trưng trên chảo nóng, tạo nên hương vị cháy khét đặc trưng mà vẫn giữ được độ dai đặc trưng của sợi mì.",80
afa1695a-b408-5e1d-8a47-5aeb18a6e13f,,,Bánh bít tết và bia (Steak and Ale Pie),DISH,200.0,7.92,12.08,15.83,0.83,1.67,320.0,de172d43-2578-4f27-a571-6d871460d273,,,"Steak and Ale Pie là món ăn quán rượu truyền thống của Anh bao gồm thịt bò mềm nấu chậm trong rượu bia đen với rau, bọc trong lớp vỏ bánh ngọt bơ. Món ăn thịnh soạn, tiện lợi này kết hợp nhân thịt thơm ngon, béo ngậy với vỏ bánh ngắn hoặc bánh phồng, thường dùng nóng với khoai tây chiên hoặc đậu Hà Lan. Quá trình nấu chậm trong rượu bia tạo ra hương vị đậm đà, thịt mềm, trong khi bánh ngọt màu nâu vàng mang lại sự tương phản hài lòng về kết cấu.",75
fa5f36e8-d30e-556e-b7c8-ea1af27b625f,,,Cơm Jollof với thịt bò (Jollof Rice with Beef),INGREDIENT,135.5,9.75,5.75,10.75,0.75,1.0,125.0,de172d43-2578-4f27-a571-6d871460d273,,,"Cơm thịt bò Jollof là một món ăn Tây Phi nổi tiếng gồm cơm được nấu trong nước sốt cà chua đậm đà cùng gia vị thơm và thịt bò mềm. Cách chế biến tại nhà hàng này đặc trưng bởi hương vị khói đặc trưng và màu đỏ đặc trưng, ​​đạt được thông qua quá trình nấu chậm thường tạo ra lớp đáy giòn như mong muốn. Món ăn thịnh soạn này thường kết hợp cơm đồ với thịt bò, tạo nên một bữa ăn thịnh soạn cung cấp cả carbohydrate và protein phức hợp.",80
27a12ae6-437e-55b7-9c24-2bdb4bb33a64,,,Trứng với xúc xích Frankfurter (Eggs with Frankfurter Sausages),DISH,250.0,10.5,12.5,17.5,1.25,1.75,375.0,de172d43-2578-4f27-a571-6d871460d273,,,"Trứng với xúc xích Frankfurter là một món ăn thịnh soạn ở quán cà phê Áo kết hợp trứng bác bông xốp với xúc xích thịt lợn truyền thống. Món ăn bổ dưỡng này thường bao gồm hai quả trứng và hai chiếc xúc xích ăn kèm với khoai tây luộc hoặc chiên và bánh mì cuộn tươi. Sự kết hợp giàu protein mang đến một bữa ăn no nê đặc trưng của ẩm thực quán cà phê Áo, mặc dù nó đặc biệt chứa nhiều calo và chất béo bão hòa.",80
3bd10c0d-e8f9-5024-84b9-40d9973602fe,,,Gà rán và bánh quế Bỉ (Fried Chicken and Belgian Waffle),DISH,303.48,12.19,15.17,29.6,0.75,4.98,771.14,de172d43-2578-4f27-a571-6d871460d273,,,"Món ăn thoải mái dễ chịu này kết hợp gà rán giòn với bánh quế dày, bông xốp kiểu Bỉ, thường được phục vụ như một món khai vị thịnh soạn cho một phần ăn. Đế bánh quế của Bỉ có đặc điểm lớn hơn và sâu hơn so với bánh quế tiêu chuẩn, trong khi gà rán có lớp phủ giòn, dày dặn. Các món ăn kèm truyền thống bao gồm bơ và xi-rô cây thích, góp phần tạo nên hàm lượng calo đáng kể cho món ăn này, thường là trên 1.000 calo mỗi khẩu phần.",80
91b65d29-0e5e-533a-bdcd-b52a67a2e0d8,,,Quesadilla bít tết phô mai (Cheesesteak Quesadilla),DISH,300.43,15.32,14.89,25.11,1.7,2.55,425.53,de172d43-2578-4f27-a571-6d871460d273,,,"Quesadilla phô mai là món ăn kết hợp của nhà hàng kết hợp các nguyên liệu bít tết phô mai truyền thống của Philly với dạng quesadilla kiểu Mexico. Món khai vị thịnh soạn này có thịt bò thái lát mỏng, phô mai tan chảy (thường là provolone), hành tây và ớt xào, tất cả đều được ép giữa bánh tortilla nướng. Kết quả là một bữa ăn giàu protein thường cung cấp 30-35 gram protein mỗi khẩu phần, mặc dù nó cũng có lượng calo và chất béo cao đáng kể do hàm lượng phô mai và thịt bò.",75
1d7d3a8a-cbdc-5fd1-acdb-96d5f2a7178a,,,Bít tết phô mai Ý (Italian Cheesesteak),DISH,433.33,23.33,10.67,23.33,1.33,2.0,666.67,de172d43-2578-4f27-a571-6d871460d273,,,"Phô mai Ý là một loại bánh sandwich nóng hổi thường được phục vụ trên một cuộn Amoroso 12 inch, với thành phần chính là thịt bò thái lát mỏng và phô mai provolone tan chảy. Biến thể giàu protein này của món phô mai Philly cổ điển thường bao gồm hành tây xào và ớt, với chiếc bánh sandwich đầy đủ cung cấp khoảng 1.100-1.500 calo. Sự kết hợp giữa thịt bò tẩm gia vị, phô mai tan chảy và rau nướng tạo nên một bữa ăn thịnh soạn có hàm lượng protein và natri cao đặc biệt.",75
fd674d39-cd94-5778-8184-7f4a70dcf23f,,,Satay gà (Chicken Satay),INGREDIENT,207.5,13.5,13.5,9.0,0.75,3.0,400.0,de172d43-2578-4f27-a571-6d871460d273,,,"Gà satay là một món ăn Đông Nam Á bao gồm các dải gà ướp nướng trên xiên và ăn kèm với nước chấm đậu phộng đậm đà. Thịt gà thường được ướp với nước cốt dừa và các gia vị thơm như sả, tỏi, cà ri trước khi nướng, tạo nên món ăn thơm ngon, giàu protein. Một phần ăn tại nhà hàng thường bao gồm 4-6 xiên kèm theo nước sốt đậu phộng, đóng góp đáng kể lượng protein và chất béo lành mạnh vào thành phần dinh dưỡng tổng thể.",80
2b5f6c60-9fc0-5878-a628-630e2ffaf87c,,,Gà Musakhan (Chicken Musakhan),INGREDIENT,382.0,23.33,20.0,29.0,3.33,3.33,200.0,de172d43-2578-4f27-a571-6d871460d273,,,"Gà Musakhan là món ăn truyền thống của người Palestine thường thấy trong các nhà hàng Levantine, gồm có gà nướng và hành tây caramen ăn kèm trên bánh mì dẹt. Món ăn này nổi bật nhờ việc sử dụng nhiều dầu ô liu và cây thù du, mang lại màu đỏ đậm đặc trưng và hương vị thơm. Cách chế biến thịnh soạn này thường bao gồm thịt gà được ướp gia vị thơm, sau đó nướng cho đến khi mềm và dùng trên bánh mì để hấp thụ nước ép nấu ăn đầy hương vị.",80
c38aad77-f3c4-55b0-9d6b-496e372763b5,,,Gyro cừu (Lamb Gyro),INGREDIENT,208.33,10.83,12.92,18.33,1.25,1.67,416.67,de172d43-2578-4f27-a571-6d871460d273,,,"Gyro thịt cừu là một loại bánh sandwich Địa Trung Hải có thịt cừu nấu chín chậm, dày dặn, được phục vụ trong bánh mì pita ấm áp với các món ăn kèm truyền thống. Thịt thường được ướp với các loại thảo mộc và gia vị như lá oregano và tỏi, sau đó phủ lên trên là rau tươi và sốt kem tzatziki. Món ăn giàu protein này cung cấp khoảng 24-28 gam protein mỗi khẩu phần, mặc dù nó cũng đáng chú ý vì hàm lượng carbohydrate vừa phải từ bánh mì pita và hàm lượng natri tương đối cao từ gia vị.",80
d8981450-10d6-5e7d-9c3a-c36dbe36f69b,,,Bánh mì kẹp thịt bò quay phô mai (Cheese Roast Beef Sandwich),DISH,281.01,21.08,13.42,17.72,1.9,2.53,351.9,de172d43-2578-4f27-a571-6d871460d273,,,"Bánh mì kẹp thịt bò nướng phô mai North Shore là một đặc sản đặc biệt của vùng New England với thịt bò nướng thái lát mỏng và phô mai trắng của Mỹ hoặc Thụy Sĩ trên một cuộn nướng nhẹ. Món bánh sandwich thịnh soạn này được phục vụ theo kiểu truyền thống 'ba chiều' với sự kết hợp giữa sốt BBQ James River và sốt mayonnaise, với pho mát được đặt một cách chiến lược bên dưới thịt bò để chống trượt. Bánh sandwich thể hiện phong cách chế biến món ăn được yêu thích của vùng có nguồn gốc từ khu vực North Shore của Massachusetts, thường được phục vụ khi còn ấm trên một cuộn hành tây hơi ngọt.",80
e698b735-91c4-5762-9929-3ef598ffddf2,,,Champurrado (Champurrado),DISH,47.71,0.76,1.07,8.78,0.38,5.34,47.71,de172d43-2578-4f27-a571-6d871460d273,,,"Champurrado là một loại đồ uống sôcôla nóng truyền thống của Mexico được làm đặc bằng masa harina (bột ngô), tạo ra một hỗn hợp đậm đà, đậm đà, khác biệt với sôcôla nóng thông thường. Thức uống làm ấm này kết hợp sô cô la, sữa và các loại gia vị như quế, thường được đánh thành bọt bằng dụng cụ gỗ truyền thống gọi là molinillo. Phổ biến tại các quán panaderías của Mexico, đặc biệt là cùng với bánh churros, nó cung cấp sự kết hợp hài lòng giữa carbohydrate và sữa, khiến nó trở thành đồ uống bổ sung cho bữa sáng hoặc bữa ăn nhẹ.",80
b3190115-b1eb-54a3-943a-cf5068bea08f,,,Gumbo gà và xúc xích (Chicken and Sausage Filé Gumbo),INGREDIENT,117.65,8.82,5.88,10.29,1.18,1.18,308.82,de172d43-2578-4f27-a571-6d871460d273,,,"Gà và xúc xích Filé Gumbo là món hầm Cajun/Creole thịnh soạn được chế biến theo kiểu truyền thống với phần đế roux sẫm màu, thịt gà và xúc xích Andouille tẩm gia vị. Món ăn đậm đà này có sự kết hợp phức tạp của các loại rau được gọi là 'bộ ba thần thánh' (hành, cần tây và ớt chuông) và thường được làm đặc bằng cả bột roux và bột filé, lá xá xị xay để tăng thêm hương vị đặc trưng của đất. Món ăn giàu protein thường được phục vụ cùng cơm và cung cấp một bữa ăn thịnh soạn với hàm lượng calo từ trung bình đến cao.",80
9a9046f8-d00e-55bf-bd5f-76dc14f324d3,,,Tibs với thịt cừu (Tibs with Lamb),INGREDIENT,227.61,25.84,12.57,2.65,0.89,1.33,265.49,de172d43-2578-4f27-a571-6d871460d273,,,"Tibs là một món ăn truyền thống của Ethiopia bao gồm thịt cừu thái miếng mềm xào với hỗn hợp gia vị berbere, hành tây và gia vị thơm. Món ăn giàu protein này được đặc trưng bởi hương vị cay, mặn và bề ngoài hơi caramen nhờ nấu ở nhiệt độ cao. Theo truyền thống được phục vụ cùng với bánh mì dẹt injera trong bữa ăn chung, nó cung cấp một lượng đáng kể protein, sắt và vitamin B12 đồng thời mang đến hương vị Ethiopia đích thực.",80
62b05b95-d3e7-5bd9-9b9e-731cc7d7d880,,,Gà quay kiểu Peru (Peruvian Rotisserie Chicken),INGREDIENT,163.6,28.0,3.84,3.28,0.0,0.8,320.0,de172d43-2578-4f27-a571-6d871460d273,,,"Gà quay Peru (Pollo a la Brasa) là một chế phẩm đặc biệt làm từ thịt gà nguyên con được ướp với hỗn hợp đặc trưng của ớt aji amarillo, tỏi, thì là và các loại gia vị khác trước khi nướng chậm cho đến khi da giòn. Món ăn giàu protein này thường được dùng kèm với sốt aji verde cay và có hương vị khói đặc trưng từ quá trình chế biến món bánh quay. Sự kết hợp giữa phương pháp nấu và ướp phức tạp đã tạo ra loại thịt đặc biệt ngon ngọt với lớp vỏ ngoài giòn, thơm.",80
47dfa043-306c-5bbc-91d3-9bc182b2642f,,,Gà Kung Pao (Kung Pao Chicken),INGREDIENT,128.97,9.77,6.99,6.87,0.5,1.32,248.34,de172d43-2578-4f27-a571-6d871460d273,,,"Gà Kung Pao là một món ăn cổ điển của nhà hàng Trung Quốc, đặc trưng bởi hương vị cay-mặn và sự kết hợp đặc trưng giữa gà xào, đậu phộng và rau. Món ăn giàu protein này bao gồm các miếng thịt gà và rau củ vừa ăn trong nước sốt phức hợp làm từ nước tương, ớt và giấm. Mặc dù đáng chú ý về mặt dinh dưỡng nhờ hàm lượng protein cao, nhưng các phiên bản nhà hàng thường chứa lượng natri đáng kể và thường được phục vụ cùng cơm.",80
bb01003c-06fe-5677-b8aa-513b644c2ebd,,,Đùi gà chiên (Fried Chicken Thighs),DISH,274.26,19.26,18.09,8.68,1.1,1.1,661.76,de172d43-2578-4f27-a571-6d871460d273,,,"Đùi gà rán thức ăn nhanh là những miếng thịt gà sẫm màu được tẩm bột và chiên giòn thường được chế biến với lớp da và lớp phủ dày dặn còn nguyên. Những món đùi được chế biến tại nhà hàng này có đặc điểm là bên ngoài giòn và bên trong mọng nước, chứa nhiều calo và natri hơn đáng kể so với các món đùi nấu tại nhà do phương pháp chế biến thương mại của chúng. Mặc dù cung cấp lượng protein đáng kể (15-26g mỗi miếng), nhưng chúng lại có hàm lượng chất béo và natri cao đáng kể, với một đùi thường chứa 230-373 calo.",80
1f70c764-8c37-5959-aa8a-1b3c7e6c4c18,,,Tacos bò Hàn Quốc (Korean Beef Tacos),DISH,168.0,8.0,8.0,16.0,1.6,2.0,280.0,de172d43-2578-4f27-a571-6d871460d273,,,"Tacos bò Hàn Quốc là một món ăn kết hợp phổ biến kết hợp thịt bò ướp kiểu Hàn Quốc (bulgogi) với cách trình bày taco của Mexico. Những chiếc bánh taco kiểu nhà hàng này thường có thịt bò mềm được nêm với nước tương, tỏi và gochujang (tương ớt Hàn Quốc), dùng kèm với bánh ngô hoặc bột mì. Các món trang trí truyền thống bao gồm xà lách trộn hoặc kim chi lấy cảm hứng từ châu Á, ngò và nước sốt cay, tạo nên một món ăn cân bằng mang lại hương vị ngọt, cay và umami.",80
13d67b16-f74c-5553-b960-69dd913d16c6,,,Thịt cừu nhồi quay (Roasted Stuffed Lamb),DISH,352.94,23.53,22.94,7.06,1.18,1.18,88.24,de172d43-2578-4f27-a571-6d871460d273,,,"Thịt cừu nhồi nướng là một món ăn truyền thống của Syria, trong đó thịt cừu được nhồi cẩn thận với hỗn hợp gạo, thịt xay và gia vị thơm Trung Đông. Thịt được nướng chậm trong vài giờ cho đến khi đặc biệt mềm, giúp hương vị của phần nhân hòa quyện hoàn toàn với thịt cừu. Món ăn giàu protein này đặc biệt đáng chú ý vì hàm lượng sắt cao và hương vị phức tạp được phát triển thông qua sự kết hợp của hỗn hợp bảy loại gia vị, thảo mộc tươi và phương pháp nấu chậm.",80
4033e2df-1976-517c-bc4b-2e98f79c9cf0,,,Cánh gà Buffalo súp lơ (Cauliflower Buffalo Wings),DISH,270.83,6.25,13.33,31.25,2.5,3.33,558.33,de172d43-2578-4f27-a571-6d871460d273,,,"Cánh trâu súp lơ là một cách thể hiện món chay của món cánh trâu truyền thống, với những bông súp lơ tẩm bột và chiên được rưới nước sốt trâu cay. Món khai vị kết hợp này thường được phục vụ kèm với phô mai xanh hoặc nước sốt trang trại để chấm, mang đến một lựa chọn thay thế làm từ thực vật phản ánh trải nghiệm món cánh cổ điển. Mặc dù làm từ rau củ nhưng món ăn này chứa nhiều calo do có bánh mì và nước sốt, đồng thời vẫn cung cấp các chất dinh dưỡng có lợi từ súp lơ.",75
4a5a08b7-dce2-5bb8-b132-1ac11146d3fa,,,Gà hun khói (Smoked Chicken),DISH,313.0,50.0,21.0,54.0,1.0,17.0,958.0,de172d43-2578-4f27-a571-6d871460d273,,,"Gà hun khói từ các quán BBQ Texas được chế biến theo cách truyền thống trên gỗ sồi, tạo ra thịt mềm và thấm hương vị khói đích thực. Thịt gà thường được tẩm gia vị khô và hun khói chậm cho đến khi da giòn trong khi vẫn giữ được phần thịt ngon ngọt bên dưới, mang đến một lựa chọn thay thế nạc hơn cho ức truyền thống trong khi vẫn cung cấp hàm lượng protein đáng kể. Phổ biến nhất được phục vụ dưới dạng nửa con gà hoặc miếng chia thành nhiều phần, nó có thể đi kèm với nước sốt BBQ làm từ cà chua ở bên cạnh, mặc dù cách chế biến dạng khói thường tự đứng vững.",80
7a048547-4e7d-5333-8df5-d06f894d5495,,,"Đùi gà tây với da, nấu chín (Turkey Drumstick with Skin, Cooked)",DISH,208.0,28.0,9.8,0.0,0.0,0.0,996.0,de172d43-2578-4f27-a571-6d871460d273,,,"Đùi gà tây có da là phần thịt sẫm màu được cắt từ phần dưới chân, được biết đến với hương vị đậm đà và kết cấu ẩm khi nấu chín. Da trở nên giòn trong quá trình rang hoặc nướng đồng thời bảo vệ độ ngon ngọt của thịt, mặc dù nó góp phần đáng kể vào tổng hàm lượng chất béo so với các chế phẩm không có da. Phần thịt giàu protein này cung cấp các khoáng chất thiết yếu như sắt và kẽm, đồng thời collagen trong các mô liên kết sẽ phân hủy thành gelatin trong quá trình nấu để mang lại kết quả mềm mại. Mặc dù phổ biến như một phần thịnh soạn trong các bữa ăn ngày lễ, nhưng chế phẩm có da sẽ bổ sung lượng calo nhiều hơn khoảng 50% so với các lựa chọn gà tây không da.",80
4f3ee3b0-aaa1-5e5a-b766-f738744c58f3,,,Gà Tứ Xuyên (Szechuan Chicken),INGREDIENT,145.37,15.42,5.29,13.22,0.88,3.52,484.58,de172d43-2578-4f27-a571-6d871460d273,,,"Gà Tứ Xuyên là một món ăn cay của nhà hàng Trung Quốc được đặc trưng bởi sự kết hợp đặc biệt giữa hạt tiêu Tứ Xuyên gây tê và ớt cay. Món ăn thường bao gồm các miếng thịt gà xào và rau trộn trong nước sốt cay mặn làm từ nước tương, tỏi và các loại gia vị khác nhau. Mặc dù cung cấp nguồn protein tốt nhưng các chế phẩm của nhà hàng thường chứa lượng natri đáng kể và có thể bao gồm các chất gây dị ứng phổ biến như đậu nành, lúa mì và vừng.",80
d288c89e-7083-503c-a20b-52a974442755,,,Bánh gà và nấm (Chicken and Mushroom Pie),DISH,172.0,5.6,8.0,17.2,1.6,1.2,204.0,de172d43-2578-4f27-a571-6d871460d273,,,"Món bánh mặn thịnh soạn này là một cửa hàng bán khoai tây chiên truyền thống của Scotland phục vụ món thịt gà mềm và nấm trong nước sốt kem béo ngậy, tất cả được bọc trong lớp bánh ngọt xốp. Phần đáng kể thường nặng từ 170-340g và thường được dùng nóng cùng với khoai tây chiên hoặc đậu Hà Lan mềm. Mặc dù cung cấp một nguồn protein dồi dào, món ăn thoải mái này đặc biệt giàu calo với hàm lượng chất béo đáng kể từ bánh ngọt bơ và nhân kem.",80
e61e2aed-c4db-5c63-8eb8-5909b4d25be5,,,Samosa với thịt (Samosa with Meat),DISH,544.0,11.0,36.0,44.0,2.0,2.0,750.0,de172d43-2578-4f27-a571-6d871460d273,,,"Món samosa của Yemen, còn được gọi là sambusa, là một loại bánh hình tam giác chiên giòn chứa đầy thịt xay dày dặn, thường là thịt bò hoặc thịt cừu. Lớp vỏ bên ngoài giòn bao bọc bên trong với phần nhân đậm đà, kết hợp thịt với các nguyên liệu thơm như hành, tỏi và các loại gia vị truyền thống của Yemen. Món khai vị giàu calo này đặc biệt có hàm lượng chất béo cao do được chế biến chiên giòn, đồng thời cung cấp protein từ nhân thịt.",80
9349d1a0-fcad-5ca6-817c-bde6785e6a3b,,,Potjiekos với thịt cừu (Potjiekos with Lamb),INGREDIENT,100.0,11.43,4.57,3.14,1.14,1.14,171.43,de172d43-2578-4f27-a571-6d871460d273,,,"Potjiekos là món hầm truyền thống của Nam Phi, trong đó thịt cừu và các loại rau xếp thành từng lớp được nấu chậm trong nồi gang trên ngọn lửa trần. Món ăn thịnh soạn này có những miếng thịt cừu mềm nấu với khoai tây, cà rốt và các loại rau khác trong nước dùng đậm đà, nhiều gia vị, với mỗi thành phần được xếp lớp cẩn thận để giữ được kết cấu và hương vị riêng biệt. Phương pháp nấu chậm mang lại một bữa ăn cân bằng dinh dưỡng, giàu protein, thường cung cấp một phần đáng kể protein nạc, chất xơ và các vitamin thiết yếu.",80
dd2366cf-bce2-5164-af5a-81b6c4c5e347,,,Bánh mì kẹp bít tết phô mai Philly (Philly Cheesesteak Sandwich),DISH,390.0,17.0,18.4,37.3,2.5,3.3,700.0,de172d43-2578-4f27-a571-6d871460d273,,,"Philly Cheesesteak Sandwich là một món ăn mang tính biểu tượng của Mỹ bao gồm bít tết sườn nướng thái mỏng, xếp lớp với phô mai tan chảy và được phục vụ trên một cuộn mềm, thuôn dài. Có nguồn gốc từ Philadelphia, cách chế biến đặc trưng của nó bao gồm nướng thịt bò trên vỉ nướng có mặt phẳng và kết hợp với pho mát — điển hình là Cheez Whiz, provolone hoặc American — cùng với hành tây hoặc ớt xào tùy chọn. Mặc dù giàu protein nhưng món bánh sandwich hấp dẫn này lại đặc biệt chứa nhiều chất béo bão hòa và natri, đặc biệt khi được làm bằng nước sốt phô mai đã qua chế biến.",75
97da7a6b-b729-5a82-a605-e45e5e4f8878,,,Bánh cuộn Shawarma cừu (Lamb Shawarma Wrap),INGREDIENT,239.83,11.86,11.86,19.92,1.99,2.12,360.17,de172d43-2578-4f27-a571-6d871460d273,,,"Thịt cừu shawarma bọc là một món ăn đường phố Trung Đông có thịt cừu dày dạn được nướng chậm trên xiên thẳng đứng cho đến khi mềm và hơi cháy. Thịt ướp, thường được nêm với thì là, rau mùi và các loại gia vị thơm khác, được thái lát mỏng và bọc trong bánh mì dẹt mềm cùng với rau tươi, dưa chua và sốt tahini hoặc tỏi. Bữa ăn hoàn chỉnh này cung cấp một nguồn protein đáng kể đồng thời cung cấp sự kết hợp cân bằng giữa carbohydrate và chất béo, thường cung cấp khoảng 566 calo mỗi khẩu phần.",80
bb991ddc-a10a-52b2-9649-45a1b63db02c,,,Cháo trứng trăm năm và heo (Century Egg and Pork Congee),INGREDIENT,112.5,6.25,5.0,12.5,0.38,0.5,175.0,de172d43-2578-4f27-a571-6d871460d273,,,"Cháo trứng và thịt lợn thế kỷ là một món cháo thịnh soạn của Trung Quốc với thịt lợn mềm và trứng vịt bảo quản, thường được phục vụ tại các nhà hàng dim sum. Cơ sở cháo gạo chín chậm có kem được làm giàu với thịt lợn thơm ngon và trứng thế kỷ đặc biệt, có lòng đỏ màu trắng sền sệt và kem từ quá trình bảo quản. Món ăn này cung cấp lượng protein và carbohydrate đáng kể, thường được trang trí bằng hành lá và dùng nóng như một bữa ăn thoải mái.",80
6dcd66e4-1578-59ac-9c23-4fae4347503c,,,Bánh cuộn Shawarma gà (Chicken Shawarma Wrap),INGREDIENT,216.0,9.6,10.4,19.6,0.8,1.6,444.0,de172d43-2578-4f27-a571-6d871460d273,,,"Chicken Shawarma Wrap là một món ăn đường phố Trung Đông bao gồm thịt gà ướp được nấu trên xiên xoay dọc và phục vụ trong bánh mì dẹt. Món gói giàu protein này thường bao gồm thịt gà tẩm gia vị, rau tươi và các loại nước sốt đặc trưng như sốt tahini hoặc sốt tỏi, tất cả đều được gói trong bánh mì pita ấm. Mặc dù cung cấp một nguồn protein đáng kể và hương vị phức tạp, nhưng đây là một lựa chọn tương đối giàu calo khi kết hợp thịt nạc, rau và gia vị kiểu Địa Trung Hải.",80
93d9304c-18a8-5ebc-abe9-7fe9a4e3e427,,,Tacos thịt heo xé BBQ (BBQ Pulled Pork Tacos),DISH,370.28,14.17,17.22,39.17,1.39,3.33,272.22,de172d43-2578-4f27-a571-6d871460d273,,,"BBQ Pulled Pork Tacos là một món ăn kết hợp giữa miền Nam-Mexico với vai heo xé nhỏ, nấu chín chậm phủ sốt thịt nướng và phục vụ trong vỏ taco. Món ăn thịnh soạn này thường được trang trí với rau diếp cắt nhỏ, cà chua thái hạt lựu và pho mát, tạo nên một bữa ăn thịnh soạn với hàm lượng protein đặc biệt cao. Sự kết hợp giữa thịt mềm, đầy nước sốt và lớp phủ taco truyền thống tạo nên một món ăn giàu calo thể hiện hương vị đậm đà, khói của món thịt nướng miền Nam ở dạng cầm tay.",80
ef3ab105-46ed-55b1-a9ab-fb0fb9957591,,,Chả giò heo và trứng trên bánh bagel (Pork Roll and Egg on a Bagel),DISH,211.29,10.65,11.29,16.77,0.97,1.94,516.13,de172d43-2578-4f27-a571-6d871460d273,,,"Món bánh sandwich ăn sáng cổ điển của New Jersey gồm có cuộn thịt lợn nướng Taylor (một đặc sản thịt chế biến trong vùng), trứng rán và phô mai Mỹ được phục vụ trên bánh mì tròn nướng. Món bánh sandwich thịnh soạn này kết hợp nhiều nguồn protein với sự kết hợp đặc trưng của thịt, trứng và phô mai, mặc dù nó có hàm lượng natri và chất béo bão hòa cao. Cuộn thịt lợn thường được nướng cho đến khi hơi giòn ở các cạnh, tạo nên món bánh sandwich ăn sáng đặc biệt đã trở thành biểu tượng của ẩm thực New Jersey.",80
da60fa3f-e494-566d-ba47-2d7241579a40,,,Bít tết sườn tẩm gia vị (Jumul-luk (Seasoned Ribeye Steak)),DISH,317.65,23.53,22.35,5.88,0.0,5.88,688.24,de172d43-2578-4f27-a571-6d871460d273,,,"Jumul-luk là món bít tết sườn ướp kiểu Hàn Quốc được phân biệt bởi nước xốt tỏi đậu nành đầy hương vị và cách chế biến món nướng trên bàn. Món ăn giàu protein này theo truyền thống được phục vụ với lá rau diếp tươi để gói, kèm theo nước chấm ssamjang và nhiều loại rau trang trí khác nhau. Món sườn tẩm ướp cung cấp lượng protein đáng kể và các chất dinh dưỡng thiết yếu như sắt và B12, trong khi phong cách phục vụ tương tác cho phép thực khách tùy chỉnh gói rau diếp của mình với các món kèm theo.",75
6d607fdc-83cf-5cab-8492-380d19e2827f,,,Ức gà tây hun khói (Smoked Turkey Breast),DISH,102.0,21.0,1.2,1.5,0.0,0.0,1080.0,de172d43-2578-4f27-a571-6d871460d273,,,"Ức gà tây hun khói là một loại thịt nạc, được nấu sẵn, được chế biến bằng cách hun khói chậm và hun khói ức gà tây trên dăm gỗ, mang lại hương vị thơm ngon đậm đà trong khi vẫn duy trì hàm lượng chất béo thấp hơn so với các loại thịt chế biến truyền thống như giăm bông. Giàu protein chất lượng cao, các giống thương mại thường chứa natri bổ sung từ quá trình ngâm nước muối, đòi hỏi phải có nhận thức về khẩu phần đối với chế độ ăn kiêng natri. Thịt mềm, thái lát mỏng thường được sử dụng trong bánh mì sandwich, salad và các món ăn từ thịt viên như một lựa chọn protein đầy hương vị.",80
81ee512f-5348-5d1d-b639-c65af5cbee3b,,,Đĩa Kofta cừu (Lamb Kofta Platter),INGREDIENT,188.89,7.56,10.67,15.56,1.11,1.33,177.78,de172d43-2578-4f27-a571-6d871460d273,,,"Đĩa thịt cừu Kofta là một bữa ăn truyền thống của Trung Đông bao gồm thịt cừu xiên nướng tẩm gia vị nướng với các loại gia vị thơm như thì là, rau mùi và quế. Món ăn hoàn chỉnh này thường bao gồm 2-3 xiên kofta ăn kèm với bánh mì pita tươi, rau giòn và nước sốt sữa chua mát, cung cấp sự kết hợp cân bằng giữa protein, carbohydrate và chất béo lành mạnh. Đĩa tượng trưng cho một bữa ăn thịnh soạn, cung cấp khoảng 850 calo với 30-38 gam protein.",80
317cb979-a2bd-5840-b263-dc1366c0a05e,,,Tajadas (với thịt bò) (Tajadas (with Beef)),INGREDIENT,142.33,9.0,6.67,11.67,1.0,1.67,100.0,de172d43-2578-4f27-a571-6d871460d273,,,"Tajadas với thịt bò là một món ăn Mỹ Latinh bao gồm những lát chuối chiên ngọt kết hợp với thịt bò dày dạn. Chuối được cắt theo chiều dọc và chiên cho đến khi vàng và có màu caramen, tạo nên lớp ngoài giòn trong khi vẫn giữ được phần bên trong mềm. Món ăn kết hợp thịnh soạn này cung cấp sự cân bằng giữa carbohydrate từ chuối và protein từ thịt bò, thường được dùng kèm với nước sốt hoặc đồ trang trí bổ sung.",80
6935a4b0-f0fe-5956-ad91-7e23bb5afb54,,,Đĩa xiên bò (Beef Skewer Platter),INGREDIENT,133.33,8.33,6.67,10.0,1.0,0.83,333.33,de172d43-2578-4f27-a571-6d871460d273,,,"Đĩa thịt bò xiên là một món ăn truyền thống của nhà hàng Li-băng với những miếng thịt bò ướp được nướng trên xiên cho đến khi mềm và có hương vị. Bữa ăn hoàn chỉnh này thường bao gồm 2-3 xiên thịt bò tẩm gia vị ăn kèm với bánh mì pita tươi, rau trộn và các món ăn kèm truyền thống như cơm thập cẩm hoặc rau nướng. Đĩa cung cấp một bữa ăn giàu protein với khoảng 35-50 gam protein, đồng thời cung cấp sự kết hợp cân bằng giữa thịt nạc, ngũ cốc nguyên hạt và rau tươi.",80
d24bf23d-64f9-565d-82a8-b6c56fb11f5a,,,Saltimbocca alla Romana (Saltimbocca alla Romana),INGREDIENT,290.91,24.55,16.36,4.55,0.45,0.91,300.0,de172d43-2578-4f27-a571-6d871460d273,,,"Saltimbocca alla Romana là một món ăn cổ điển của Ý bao gồm thịt bê cốt lết mỏng xếp lớp với thịt giăm bông và lá xô thơm tươi, sau đó áp chảo trong bơ. Món ăn được kết thúc với nước sốt rượu vang trắng nhạt, bổ sung hoàn hảo cho thịt mặn và rau thơm. Món ăn nhà hàng giàu protein này được đặc trưng bởi kết cấu mềm và hương vị phức tạp, với mỗi khẩu phần thường có nhiều huy chương của cách chế biến thịt nhiều lớp.",75
a83138e3-1370-5c37-888d-67bd305ee91d,,,Satay cừu (Satay Kambing (Lamb Satay)),INGREDIENT,144.17,8.5,7.19,11.19,0.97,2.81,55.0,de172d43-2578-4f27-a571-6d871460d273,,,"Satay Kambing là món thịt cừu nướng Đông Nam Á, trong đó thịt ướp được xiên và nấu trên than củi cho đến khi cháy thành than nhẹ. Thịt cừu lần đầu tiên được tẩm ướp với sự pha trộn phức tạp của các loại gia vị bao gồm nghệ, rau mùi và thì là, sau đó được phục vụ theo kiểu truyền thống với nước sốt đậu phộng đậm đà. Món ăn giàu protein này cung cấp khoảng 30 gam protein mỗi khẩu phần, với hương vị đặc biệt đến từ cả nước xốt và than khói của quá trình nướng.",80
0221bf6a-cedf-50fa-a48f-6cba693ba0d7,,,Lá nho nhồi thịt (Stuffed Vine Leaves with Meat),DISH,164.71,11.18,10.0,17.65,5.88,2.35,705.88,de172d43-2578-4f27-a571-6d871460d273,,,"Lá nho nhồi thịt, còn được gọi là dolmas hoặc dolmades, là một món ăn truyền thống của Địa Trung Hải bao gồm thịt xay đã được tẩm gia vị và cơm bọc trong lá nho mềm. Những món mặn này được ninh trong nước dùng làm từ cà chua cho đến khi mềm, tạo ra món khai vị hoặc món ăn kèm giàu protein, cung cấp khoảng 10-12g protein trên 100g khẩu phần. Món ăn thường được phục vụ khi còn ấm hoặc ở nhiệt độ phòng với chanh, kết hợp vị chua nhẹ của lá nho với nhân thịt đậm đà, đầy gia vị.",80
f4dfd244-acc8-5a1b-b555-0055f3ae9001,,,Qormah Sabzi với thịt bò (Qormah Sabzi with Beef),INGREDIENT,115.04,10.62,5.31,6.19,1.77,2.65,309.73,de172d43-2578-4f27-a571-6d871460d273,,,"Qormah Sabzi là món hầm truyền thống của Afghanistan nổi bật nhờ sử dụng nhiều loại thảo mộc tươi và thịt bò mềm. Món ăn nấu chậm này kết hợp rau mùi tây, ngò, rau bina và các loại rau xanh khác với thịt bò và đậu thận dày dạn, tạo nên một bữa ăn thơm ngon, đậm đà thường được phục vụ cùng cơm trong các nhà hàng Afghanistan. Sự kết hợp giữa protein nạc, các loại thảo mộc giàu dinh dưỡng và đậu làm cho món ăn trở thành một món ăn cân bằng dinh dưỡng, hài lòng với hương vị thơm-mặn đặc biệt.",80
dfa44b8b-c4f6-58b4-bb64-9b1f3e720496,,,Siu Mai gà (Chicken Siu Mai),INGREDIENT,155.0,12.0,3.5,19.0,1.0,1.0,750.0,de172d43-2578-4f27-a571-6d871460d273,,,"Gà Siu Mai là món bánh bao dim sum truyền thống của Quảng Đông, đặc trưng bởi thiết kế mở nắp đặc biệt và cách chế biến hấp. Những chiếc bánh bao này có nhân thịt gà xay thơm ngon và các chất thơm được bọc trong một lớp giấy gói lúa mì mỏng, thường được phục vụ theo bộ 6-8 miếng tại các nhà hàng dim sum. Mặc dù cung cấp nguồn protein tốt với lượng carbohydrate vừa phải, nhưng các phiên bản nhà hàng có thể có hàm lượng natri cao đáng kể do gia vị và nước sốt đi kèm.",80
549d9435-385f-5224-a31b-74ccb656f700,,,Adobo với gà (Adobo with Chicken),INGREDIENT,160.0,22.5,7.5,18.5,1.25,1.0,450.0,de172d43-2578-4f27-a571-6d871460d273,,,"Adobo with Chicken là món ăn cổ điển của Philippines, trong đó các miếng thịt gà được om với sự kết hợp đặc biệt giữa giấm và nước tương với tỏi và hạt tiêu đen. Cách chế biến giàu protein này tạo ra thịt mềm trong nước sốt thơm ngon đặc trưng của ẩm thực Philippines. Trong các nhà hàng, món này thường được phục vụ cùng cơm trắng để bổ sung cho nước sốt đậm đà và hoàn thiện cách trình bày truyền thống.",80
ce26b2ef-d65b-5fc5-8caa-2993131a290a,,,Cừu Vindaloo (Lamb Vindaloo),INGREDIENT,166.67,13.33,10.0,8.33,0.67,2.67,233.33,de172d43-2578-4f27-a571-6d871460d273,,,"Lamb Vindaloo là một món cà ri đậm đà của Ấn Độ, đặc trưng bởi nước sốt thơm, cay nồng được làm từ giấm, ớt và gia vị thơm. Món ăn giàu protein này có những miếng thịt cừu mềm được nấu chậm trong nước sốt cà chua, thường được dùng kèm với cơm hoặc bánh mì naan. Các món chế biến tại nhà hàng thường cung cấp nhiệt đáng kể, khiến món này trở thành món ăn được yêu thích của những người đam mê đồ ăn cay đồng thời cung cấp hàm lượng protein và sắt đáng kể.",80
c4ca6868-906a-56ad-8e5d-7e0042917093,,,Cánh gà Buffalo - cực nhẹ (Buffalo Wings - Extra Mild),DISH,236.36,18.64,16.36,3.64,0.0,1.82,1318.18,de172d43-2578-4f27-a571-6d871460d273,,,"Cánh trâu - Extra Mild là cánh gà chiên giòn được trộn trong nước sốt trâu có bơ, ít gia vị, mang đến hương vị thơm cổ điển mà không cần nhiều nhiệt. Những món cánh giàu protein này thường được ăn kèm với cần tây và phô mai xanh hoặc nước sốt trang trại như một món khai vị hoặc món chính. Mặc dù có hàm lượng carbohydrate thấp tự nhiên nhưng các món ăn tại nhà hàng thường chứa nhiều chất béo và natri do quá trình chiên và nước sốt dày dặn.",75
5890fabb-6ea9-5c03-8bd6-f59f7926ae01,,,Xúc xích phô mai Jalapeño (Jalapeño Cheese Sausage),DISH,281.94,14.1,24.23,1.32,0.0,0.44,665.2,de172d43-2578-4f27-a571-6d871460d273,,,"Xúc xích phô mai Jalapeño là một đặc sản BBQ thịnh soạn của Texas kết hợp thịt lợn hảo hạng với ớt jalapeño cay và phô mai tan chảy. Loại xúc xích đậm đà này được biết đến với hàm lượng protein và chất béo cao, thường chứa khoảng 300-600 calo mỗi khẩu phần tùy thuộc vào kích cỡ khẩu phần. Hương vị cay, khói có sự kết hợp đặc biệt giữa thịt lợn mặn, pho mát sắc nét và vị cay đặc trưng của ớt jalapeños, khiến món này trở thành món ăn chủ yếu của các cơ sở nướng thịt chính thống ở Texas.",80
1bfe7a11-2702-5d49-a0a3-a7d11dd5847b,,,Bánh mì kẹp thịt bò quay nguội (Cold Roast Beef Sandwich),DISH,200.0,15.0,9.0,13.5,1.0,2.0,350.0,de172d43-2578-4f27-a571-6d871460d273,,,"Một loại bánh sandwich đặc sản ở New England North Shore có thịt bò nướng tại nhà được cắt lát mỏng và dùng nguội trên một cuộn mềm. Loại bánh sandwich giàu protein này thường bao gồm nhiều phần thịt bò tái đến vừa hiếm, thường đi kèm với các loại phủ tùy chọn như phô mai, cải ngựa hoặc mù tạt và theo truyền thống được dùng kèm với au jus để chấm. Sự kết hợp giữa thịt bò nướng chất lượng và phương pháp chế biến theo vùng giúp phân biệt món bánh sandwich này với các món thịt bò nướng kiểu deli tiêu chuẩn.",80
693c9278-5ddd-51a5-8324-7248f3cb82d6,,,Bánh quy và giăm bông đồng quê (Biscuits and Country Ham),DISH,304.55,15.45,14.55,28.18,1.36,2.73,1236.36,de172d43-2578-4f27-a571-6d871460d273,,,"Bánh quy và Country Ham là một món ăn sáng tinh túy của miền Nam bao gồm bánh quy bơ sữa mới nướng ăn kèm với những lát giăm bông đồng quê muối muối mỏng. Bánh quy thường được làm từ đầu, tạo ra một loại bánh ngọt xốp, có vị bơ, mang đến sự bổ sung hoàn hảo cho món giăm bông mặn, đậm đà. Mặc dù món ăn thịnh soạn này có hàm lượng natri và calo cao đáng kể, nhưng nó mang lại sự kết hợp hài lòng giữa protein và carbohydrate phức hợp đặc trưng của món ăn truyền thống thoải mái của miền Nam.",80
f27d4acf-6b01-5d01-bfcf-e988c740b136,,,Sườn ngắn bò Hàn Quốc (Galbi (Beef Short Ribs)),INGREDIENT,160.19,14.65,8.6,6.05,0.16,4.46,388.54,de172d43-2578-4f27-a571-6d871460d273,,,"Galbi là một món thịt nướng Hàn Quốc gồm có sườn bò cắt lát mỏng trong nước xốt ngọt và mặn gồm nước tương, tỏi, gừng và lê châu Á. Những miếng sườn ướp này được nướng theo kiểu truyền thống tại các nhà hàng Hàn Quốc, tạo nên món thịt mềm, đầy hương vị với các cạnh được caramen. Là một món ăn giàu protein, galbi cung cấp lượng dinh dưỡng đáng kể với khoảng 46 gam protein mỗi khẩu phần, mặc dù nó cũng đáng chú ý vì hàm lượng chất béo cao hơn do có vân vân ở sườn ngắn.",80
a20c912e-aad3-5b09-8457-1d7b93fcc2e0,,,Filet Mignon với thịt xông khói (Filet Mignon com Bacon),DISH,264.32,23.79,18.5,0.88,0.0,0.0,308.37,de172d43-2578-4f27-a571-6d871460d273,,,"Filet Mignon com Bacon là món bít tết cao cấp của Brazil, trong đó thăn bò mềm được bọc trong thịt xông khói cắt dày trước khi nướng. Sự kết hợp sang trọng này giúp tăng cường miếng thịt nạc tự nhiên với hương vị đậm đà, thơm khói đồng thời giữ cho thịt đặc biệt ẩm trong khi nấu. Món ăn này đặc biệt giàu protein và ít carbohydrate, mặc dù lớp bọc thịt xông khói làm tăng đáng kể hàm lượng chất béo tổng thể và mật độ calo so với thịt bò thăn thông thường.",80
dcaf5a51-4698-541c-98d3-f322fae5775b,,,Bánh mì kẹp câu lạc bộ chả giò heo (Pork Roll Club Sandwich),DISH,334.0,14.0,22.0,20.0,1.2,2.0,880.0,de172d43-2578-4f27-a571-6d871460d273,,,"A Pork Roll Club Sandwich là một món đặc sản thịnh soạn của New Jersey kết hợp thịt lợn cuộn truyền thống (một loại thịt chế biến trong vùng) với thịt xông khói, rau diếp, cà chua và pho mát trên bánh cuộn Kaiser. Loại bánh sandwich đáng kể này khác biệt với bánh mì câu lạc bộ tiêu chuẩn ở chỗ có cả thịt lợn cuộn và thịt xông khói, tạo ra một bữa ăn đặc biệt giàu protein. Sự kết hợp giữa thịt chế biến sẵn, pho mát và sốt mayonnaise làm cho món này trở thành một lựa chọn giàu calo thường chứa hơn 700 calo với hàm lượng natri và chất béo đáng kể.",80
831ea049-85be-5970-bbc3-2bfc987fa87a,,,Bánh mì pita Shawarma bò (Beef Shawarma Pita Wrap),INGREDIENT,200.0,14.55,10.18,12.36,1.27,1.45,272.73,de172d43-2578-4f27-a571-6d871460d273,,,"Thịt bò Shawarma Pita Wrap là một loại bánh sandwich Trung Đông có thịt bò dày dạn được nấu chậm trên xiên xoay dọc cho đến khi mềm và thái lát mỏng. Thịt được phục vụ trong bánh mì pita ấm với rau tươi, thường bao gồm cà chua, hành tây và rau diếp, sau đó kết thúc với các loại nước sốt truyền thống như sốt tahini hoặc sốt tỏi. Bữa ăn hoàn chỉnh này cung cấp một nguồn protein đáng kể đồng thời cung cấp sự kết hợp cân bằng giữa thịt nạc, rau và ngũ cốc.",80
c08478dd-78bc-5f41-912f-d0851a421101,,,Súp tiêu với gà (Pepper Soup with Chicken),DISH,75.0,6.25,2.08,1.67,0.31,0.42,93.75,de172d43-2578-4f27-a571-6d871460d273,,,"Súp tiêu với thịt gà là món súp nước dùng truyền thống của Tây Phi được biết đến với hương vị đậm đà, đậm đà của gia vị, đặc trưng là ớt scotch và gia vị thơm. Món ăn giàu protein này kết hợp những miếng thịt gà mềm trong nước dùng thơm nhẹ được tăng cường với các gia vị truyền thống như tỏi, gừng và hỗn hợp gia vị châu Phi. Thường được phục vụ như một món chính làm ấm và theo truyền thống được cho là có đặc tính chữa bệnh, món súp cay vừa phải này thường được ăn kèm với fufu hoặc cơm.",75
1d0bb59e-e26b-5f43-9e17-3b8da66571ac,,,Pannenkoeken với xúc xích và mù tạt (Pannenkoeken with Sausage and Mustard),DISH,248.68,8.99,14.81,18.52,0.53,2.12,396.83,de172d43-2578-4f27-a571-6d871460d273,,,"Pannenkoeken với xúc xích và mù tạt là một món bánh xèo mặn truyền thống của Hà Lan gồm một chiếc bánh kếp lớn, mỏng, lớn hơn đáng kể so với bánh kếp kiểu Mỹ. Bánh kếp dùng làm lớp nền cho xúc xích nướng và thường đi kèm với mù tạt để tăng thêm hương vị. Món ăn thịnh soạn này đại diện cho một bữa ăn hoàn chỉnh, chứa khoảng 940 calo với hàm lượng protein đáng kể từ cả bánh pancake nhiều trứng và xúc xích.",80
c545adf7-4aab-5f12-b8f1-72c93c83c897,,,Sopes gà (Chicken Sopes),INGREDIENT,171.79,7.69,7.69,17.95,3.21,1.92,448.72,de172d43-2578-4f27-a571-6d871460d273,,,"Thịt gà là món ăn truyền thống của Mexico với phần đế masa ngô dày được làm bằng tay với các cạnh nổi lên được chiên cho đến khi giòn nhưng mềm. Phần đế chắc chắn thường được phủ một lớp đậu chiên, thịt gà xé nhỏ và trang trí bằng bắp cải thái nhỏ, hành tây thái hạt lựu, crema và phô mai cotija. Những món ăn thịnh soạn, có khuôn mặt cởi mở này được phân biệt với các món ăn làm từ ngô tương tự bởi phần đế dày hơn, giống như chiếc bát, giúp giữ lớp phủ bên trên một cách hiệu quả.",80
3dc85689-25c3-5af6-9640-b47ce81d69eb,,,Pörkölt với thịt heo (Pörkölt with Pork),INGREDIENT,137.5,8.5,9.0,3.0,1.25,0.75,250.0,de172d43-2578-4f27-a571-6d871460d273,,,"Pörkölt là món hầm đậm đà của Hungary nổi bật bởi nước sốt đặc, có hương vị đậm đà được làm từ hành tây caramen và một lượng lớn ớt bột. Món ăn này được chế biến tại nhà hàng với thành phần chính là thịt lợn mềm, được ninh từ từ với các loại gia vị truyền thống của Hungary bao gồm caraway và hạt tiêu đen. Món ăn này đặc trưng có hàm lượng protein và chất béo cao, phiên bản nhà hàng thường cung cấp cách chế biến dễ chịu hơn so với phiên bản nấu tại nhà.",80
bd67ddf7-0e56-5277-8efe-a6c57f58d487,,,Mofongo với thịt heo (Mofongo with Pork),INGREDIENT,229.79,4.26,11.06,36.17,2.55,5.11,468.09,de172d43-2578-4f27-a571-6d871460d273,,,"Mofongo là một món ăn truyền thống của Puerto Rico bao gồm chuối xanh chiên được nghiền với thịt lợn giòn (chicharrones), tỏi và nước dùng thành hình vòm đặc biệt. Món ăn thịnh soạn tại nhà hàng này đặc biệt giàu calo, kết hợp chuối giàu tinh bột với thịt lợn đậm đà để tạo nên một món ăn thường chứa 500-600 calo mỗi khẩu phần. Kết cấu thu được mang lại cảm giác ngon miệng độc đáo - chuối nghiền mềm, rắc những miếng thịt lợn giòn, thường dùng kèm với nước dùng hoặc nước sốt tỏi.",80
9b7678e1-30ab-5efa-b5d1-63c9c1772966,,,Bít tết khoai tây chiên (Steak Frites),DISH,354.29,17.86,20.0,25.71,3.57,1.79,714.29,de172d43-2578-4f27-a571-6d871460d273,,,"Steak Frites là một món bistro tinh túy của Pháp bao gồm bít tết nướng kết hợp với khoai tây chiên giòn. Món ăn này thường có thịt bò cắt miếng chất lượng cao như thịt thăn hoặc thịt sườn, ăn kèm với các món ăn kèm đậm đà như bơ tỏi hoặc sốt rượu vang đỏ và thường được trang trí bằng rau arugula tươi hoặc các loại rau xanh khác. Món khai vị thịnh soạn này cung cấp một nguồn protein đáng kể đồng thời chứa nhiều calo nhờ khẩu phần ăn phong phú và phương pháp chế biến truyền thống.",75
475a1c62-971d-5851-b843-9d2f5e51058e,,,Bít tết T-Bone (T-Bone Steak),DISH,288.99,24.67,19.96,0.0,0.0,0.0,62.25,de172d43-2578-4f27-a571-6d871460d273,,,"Bít tết T-Bone là miếng thịt bò cao cấp kết hợp độc đáo cả thăn và bít tết dải được ngăn cách bằng xương hình chữ T đặc biệt. Món bít tết yêu thích này thường được nướng hoặc nướng theo yêu cầu và phục vụ theo khẩu phần từ 8 đến 16 ounce, thường được nêm đơn giản với muối và hạt tiêu để thể hiện hương vị tự nhiên của nó. Vết cắt được đánh giá cao nhờ hàm lượng protein cao và nhiều vân cẩm thạch, cung cấp các chất dinh dưỡng thiết yếu như sắt và kẽm đồng thời mang lại hai trải nghiệm kết cấu khác biệt chỉ trong một vết cắt.",75
7f33047e-f35f-58b1-a292-da588bd824b4,,,Bánh cuộn bít tết phô mai Philly (Philly Cheesesteak Wrap),DISH,186.67,9.33,8.67,17.33,1.0,1.33,393.33,de172d43-2578-4f27-a571-6d871460d273,,,"Philly Cheesesteak Wrap là một biến thể làm từ bánh tortilla của bánh sandwich Philadelphia cổ điển, có thịt bò thái lát mỏng, phô mai tan chảy, hành tây và ớt xào. Món ăn nhà hàng quan trọng này thường cung cấp một nguồn protein đáng kể, với khoảng 30-40 gram mỗi khẩu phần, trong khi dạng gói cung cấp một giải pháp thay thế cầm tay cho món cuộn hoagie truyền thống. Sự kết hợp giữa thịt, phô mai và rau trong bánh tortilla nướng tạo ra một bữa ăn no thường dao động từ 500-600 calo mỗi khẩu phần.",75
35578e4c-af8f-558d-bb6b-f1fad2993689,,,Bánh crepe giăm bông và phô mai (Ham and Cheese Crepe),DISH,284.44,16.67,15.56,19.44,1.39,2.78,638.89,de172d43-2578-4f27-a571-6d871460d273,,,"Bánh crepe giăm bông và phô mai là một món ăn kiểu Pháp cổ điển bao gồm một chiếc bánh kếp mỏng, tinh tế được bọc quanh giăm bông thái lát và phô mai tan chảy, điển hình là gruyère hoặc hỗn hợp phô mai. Món chế biến tại nhà hàng này được nấu theo yêu cầu trên vỉ nướng bánh crepe chuyên dụng, tạo ra lớp vỏ ngoài giòn trong khi vẫn giữ được kết cấu mềm và đảm bảo phô mai tan chảy hoàn toàn. Mặc dù thành phần và khẩu phần thay đổi tùy theo cơ sở, nhưng những chiếc bánh crepe này thường cung cấp sự kết hợp phong phú giữa protein và chất béo, với các phiên bản nhà hàng thường chứa 400-600 calo mỗi khẩu phần.",80
576a1edf-1c35-5b2a-8503-b5dab5ac2bd7,,,Khinkali bò (Khinkali Beef),INGREDIENT,250.0,12.18,10.08,29.83,1.47,0.63,252.1,de172d43-2578-4f27-a571-6d871460d273,,,"Khinkali là món bánh bao súp truyền thống của Gruzia với nhân thịt bò xay tẩm gia vị và các loại thảo mộc thơm. Những chiếc bánh bao đặc biệt này có phần trên được xếp nếp tạo thành tay cầm bột nhão, trong khi bên trong chứa thịt dày dặn và nước dùng nóng hổi khi cắn vào. Thường được phục vụ luộc và trang trí với hạt tiêu đen, mỗi chiếc bánh bao kết hợp bột mềm với phần nhân ngon ngọt, đậm đà được tăng cường bởi các loại gia vị truyền thống của Georgia như rau mùi và cây hồ đào.",80
a76ef97f-5ad4-5c70-8acf-1c1c250a2c1c,,,Saltah với thịt cừu (Saltah with Lamb),INGREDIENT,137.5,9.5,7.5,10.0,1.38,1.25,125.0,de172d43-2578-4f27-a571-6d871460d273,,,"Saltah là món hầm thịnh soạn của người Yemen có nhân thịt cừu mềm, khoai tây và một loại sốt đặc biệt từ cỏ cà ri gọi là hulbah. Món ăn giàu protein này kết hợp thịt nấu chín chậm với trứng đánh được khuấy để tạo độ kem, đồng thời gia vị thơm và nghệ mang đến hương vị đậm đà phức hợp. Theo truyền thống, được phục vụ nóng và trang trí bằng zhug, một loại tương ớt cay, món nhân chính này cung cấp lượng protein và chất dinh dưỡng đáng kể từ thịt cừu.",75
48a17cd8-e530-524e-9edb-22da36b558fb,,,Đầu cháy bụng heo (Pork Belly Burnt Ends),INGREDIENT,380.0,16.67,25.33,15.33,0.67,13.33,500.0,de172d43-2578-4f27-a571-6d871460d273,,,"Thịt lợn bụng cháy là một món ngon BBQ đậm đà được tạo ra bằng cách hun khói bụng lợn thành khối cho đến khi mềm, sau đó rưới sốt thịt nướng thơm và ngọt. Những miếng cắn có hương vị đậm đà này có bề ngoài được tráng caramen bao quanh bên trong mềm như bơ, đạt được nhờ quá trình hun khói chậm và tráng men lần cuối. Do được chế biến từ thịt bụng lợn béo và bổ sung nước sốt ngọt, chúng có hàm lượng calo và chất béo cao đáng kể, thường được phục vụ như một món ăn cao cấp tại nhà hàng BBQ.",80
2cdef1de-8e0a-57d4-babd-124497a58e70,,,Kofta cừu (Lamb Kofta),INGREDIENT,250.0,15.13,20.17,5.04,0.42,0.42,37.82,de172d43-2578-4f27-a571-6d871460d273,,,"Lamb kofta là một món nướng Trung Đông được làm từ thịt cừu xay dày dặn được tạo hình thành những viên thịt hoặc miếng dài. Thịt được tẩm ướp đậm đà với các loại gia vị thơm như thì là, rau mùi và các loại thảo mộc tươi, sau đó nướng cho đến khi cháy xém bên ngoài nhưng vẫn ngon ngọt bên trong. Món ăn giàu protein này thường cung cấp một nguồn sắt và kẽm đáng kể, đồng thời hỗn hợp gia vị đặc trưng của nó mang lại cả hương vị đặc biệt lẫn những lợi ích tiềm năng cho tiêu hóa.",80
85aac500-eaf3-54b3-9fd6-1a80f605527c,,,Sườn non heo (Pork Spare Ribs),INGREDIENT,214.29,15.0,12.14,12.14,0.0,9.29,421.43,de172d43-2578-4f27-a571-6d871460d273,,,"Sườn lợn dự phòng là những miếng thịt cắt từ bụng lợn, theo truyền thống được hun khói chậm ở các cơ sở BBQ ở Texas trên gỗ cứng trong vài giờ. Những miếng sườn này thường được nêm với nước chà khô thơm ngon thay vì nước sốt, tạo ra lớp vỏ có hương vị trong khi thịt trở nên đủ mềm để rút ra khỏi xương. Một phần tiêu chuẩn cung cấp hàm lượng protein và chất béo đáng kể, đồng thời quá trình hun khói sẽ tạo ra nhiều chất béo và tạo ra hương vị đậm đà, có mùi khói đặc trưng.",80
100a1b10-4b2c-5c5c-8c7e-950d7dd2e657,,,Bánh bao heo BBQ (BBQ Pork Buns),DISH,314.29,12.86,9.29,40.0,1.43,5.71,357.14,de172d43-2578-4f27-a571-6d871460d273,,,"Bánh bao thịt lợn BBQ (Cha Siu Bao) là món dim sum truyền thống của Trung Quốc bao gồm bột mì hấp mềm chứa đầy thịt lợn nướng dày dạn. Chiếc bánh mì trắng mềm mại bao bọc bên trong là nhân ngọt mặn được làm từ thịt lợn xá xíu xắt nhỏ trộn với tương đen và nước tương. Những chiếc bánh mì đáng kể này cung cấp một nguồn carbohydrate đáng kể từ bột mì, cùng với lượng protein vừa phải từ nhân thịt lợn, khiến chúng trở thành một lựa chọn làm món dim sum no bụng.",80
76f63e48-cf19-57a6-b25c-96aab5685df2,,,Bánh quế Bỉ thịt xông khói và cheddar (Bacon and Cheddar Belgian Waffle),DISH,389.5,15.0,24.0,31.0,1.0,4.0,815.0,de172d43-2578-4f27-a571-6d871460d273,,,"Bánh quế Bỉ Bacon và Cheddar là một biến thể thơm ngon của bánh quế truyền thống của Bỉ, bao gồm các miếng thịt xông khói giòn và pho mát cheddar sắc nét tan chảy được nướng trong bột. Món ăn sáng thịnh soạn này kết hợp giữa bề ngoài giòn với lớp bên trong mềm mịn, được tăng cường nhờ vị đậm đà của mỡ thịt xông khói được kết hợp trong bột bánh quế. Thường được phục vụ như một phần ăn hoàn chỉnh, món ăn hấp dẫn này mang đến sự kết hợp hài lòng giữa phần đế bánh quế ngọt ngào với các yếu tố mặn, khói.",80
46450428-1e84-5dd5-b88a-63408e657e90,,,Bít tết phô mai ba phô mai (Triple Cheese Cheesesteak),DISH,282.86,16.86,15.71,18.86,0.57,1.14,737.14,de172d43-2578-4f27-a571-6d871460d273,,,"Ba phô mai phô mai là một biến thể hấp dẫn của bánh sandwich Philadelphia cổ điển có ba lớp phô mai tan chảy trên thịt bò thái lát mỏng. Bánh sandwich thịnh soạn này được phục vụ theo kiểu cuộn dài truyền thống và thường kết hợp phô mai Mỹ, provolone và Cheez Whiz để có độ đậm đà tối đa. Nổi tiếng với hàm lượng protein cao và giá trị calo đáng kể, đặc sản nhà hàng này cung cấp khoảng 59 gam protein cùng với hỗn hợp phô mai tan chảy, kem đặc trưng.",75
e8bff664-8769-5488-804b-953448d49263,,,Potjiekos với thịt bò (Potjiekos with Beef),INGREDIENT,85.71,3.71,4.29,8.86,1.57,1.43,128.57,de172d43-2578-4f27-a571-6d871460d273,,,"Potjiekos là món hầm truyền thống của Nam Phi, trong đó thịt bò và rau nhiều lớp được nấu chậm trong một chiếc nồi gang đặc biệt gọi là potjie. Món ăn thịnh soạn này có những miếng thịt bò mềm nấu với cà rốt, nấm và các loại rau khác trong nước dùng đậm đà, với từng thành phần được xếp lớp cẩn thận để giữ được kết cấu và hương vị. Quá trình nấu chậm, thường kéo dài vài giờ, mang lại một bữa ăn đầy đủ hương vị đậm đà mà theo truyền thống được phục vụ với bột ớt (cháo ngô) hoặc cơm.",80
7100885b-662b-5c7b-aaeb-1e6199b85b2e,,,Gà Karaage (Karaage Chicken),INGREDIENT,270.0,15.0,13.0,23.0,1.07,1.43,500.0,de172d43-2578-4f27-a571-6d871460d273,,,"Gà Karaage là món gà rán kiểu Nhật được làm từ thịt đùi ướp gia vị chiên hai lần cho độ giòn đặc biệt. Thịt gà thường được ướp với nước tương, gừng và tỏi trước khi được phủ một lớp tinh bột khoai tây hoặc lúa mì và chiên, tạo nên lớp vỏ ngoài giòn nhưng nhẹ đặc trưng. Mặc dù có hàm lượng protein cao từ thịt gà nhưng món ăn này cũng chứa nhiều calo do phương pháp nấu, với các phần ăn thông thường ở nhà hàng có chứa một lượng đáng kể chất béo từ quá trình chiên.",80
e3bbf3b9-18e6-5621-98e0-e54fb4949419,,,Gà Inasal (Chicken Inasal),INGREDIENT,150.21,12.34,10.21,2.13,0.0,2.13,400.43,de172d43-2578-4f27-a571-6d871460d273,,,"Chicken Inasal là một món gà nướng đặc trưng của Philippines được đặc trưng bởi màu đỏ cam rực rỡ nhờ phết dầu annatto. Thịt gà được ướp trong hỗn hợp thơm của giấm, calamansi, tỏi và sả trước khi nướng trên than củi, tạo nên hương vị độc đáo và mềm mại. Món ăn giàu protein này thường được dùng với cơm và đi kèm với nước chấm truyền thống, mang đến một lựa chọn protein nạc với hương cam quýt và hương khói tinh tế.",80
43a7f79b-568c-591c-b178-d010e9a434af,,,Cánh gà Teriyaki (Teriyaki Wings),DISH,240.34,14.71,16.81,7.56,0.42,4.2,420.17,de172d43-2578-4f27-a571-6d871460d273,,,"Cánh Teriyaki là cánh gà chiên giòn được phủ một lớp men ngọt mặn lấy cảm hứng từ châu Á được làm chủ yếu từ nước tương và đường. Những món cánh kiểu nhà hàng này có lớp vỏ ngoài giòn bên dưới lớp sốt teriyaki dính, giúp phân biệt chúng với các món chế biến kiểu trâu truyền thống. Mặc dù cung cấp lượng protein đáng kể nhưng chúng thường chứa nhiều natri và chất béo do quá trình chiên và thành phần nước sốt.",75
68d088a0-89ac-528e-8d79-d640c08273c0,,,Gà Teriyaki (Chicken Teriyaki),INGREDIENT,110.0,9.0,1.25,14.5,0.0,13.5,630.0,de172d43-2578-4f27-a571-6d871460d273,,,"Gà teriyaki là món ăn lấy cảm hứng từ Nhật Bản thường thấy ở các nhà hàng tự chọn, gồm có gà nướng hoặc xào rưới nước sốt đậu nành ngọt. Quá trình chuẩn bị tại nhà hàng thường bao gồm các miếng thịt gà phủ sốt teriyaki làm từ nước tương, đường và gia vị truyền thống của Nhật Bản, tạo nên hương vị ngọt và mặn đặc trưng. Mặc dù cung cấp một nguồn protein nạc dồi dào, nhưng các món ăn kiểu tự chọn thường chứa một lượng đáng kể natri và đường do sử dụng nhiều nước sốt.",80
b95df308-a6e3-58ce-9dba-98ca12546d49,,,Kebab Shami (Shami Kebab),DISH,269.74,26.32,6.58,26.32,2.63,2.63,197.37,de172d43-2578-4f27-a571-6d871460d273,,,"Shami kebab là món patty truyền thống của Pakistan được làm từ thịt xay mịn kết hợp với đậu Hà Lan (chana dal) và gia vị thơm. Những miếng chả chiên tinh tế này nổi bật bởi kết cấu mịn màng, tan chảy trong miệng độc đáo nhờ quá trình nghiền tỉ mỉ. Thường được phục vụ như món khai vị hoặc món ăn nhẹ trong các nhà hàng Pakistan, chúng cung cấp một lựa chọn giàu protein kết hợp cả thịt và các loại đậu, mặc dù các phiên bản nhà hàng có xu hướng đậm đà hơn do có thêm dầu khi chế biến.",80
2999dc80-0667-5606-888b-7224b9ba71dd,,,Chân gà sốt đậu đen (Chicken Feet in Black Bean Sauce),DISH,200.0,16.0,13.0,4.5,0.67,1.33,400.0,de172d43-2578-4f27-a571-6d871460d273,,,"Chân gà sốt đậu đen là món dim sum truyền thống của Trung Quốc, trong đó chân gà được om cho đến khi mềm trong nước sốt đậm đà, thơm ngon làm từ đậu nành đen lên men. Quá trình chuẩn bị tạo ra một kết cấu sền sệt đặc biệt khi phần chân giàu collagen trở nên mềm, trong khi nước sốt đậu đen giàu vị umami mang đến hương vị đậm đà. Món ăn giàu protein này thường được phục vụ như một phần của bữa ăn dim sum, với những bàn chân cần được ăn cẩn thận xung quanh các xương nhỏ.",80
d800e365-09a3-5984-9a51-c059239040cc,,,Bánh bao heo BBQ (BBQ Pork Bao Buns),DISH,208.33,10.0,6.67,33.33,1.67,6.67,266.67,de172d43-2578-4f27-a571-6d871460d273,,,"Bánh Bao Thịt Heo BBQ là những chiếc bánh bột mì hấp nhân thịt lợn nướng ướp, được mô phỏng lại với các yếu tố ẩm thực kết hợp đương đại. Chiếc bánh hấp mềm mại bao bọc bên trong là nhân thịt lợn mềm thơm ngọt thường được gia vị với sự pha trộn của nước sốt truyền thống châu Á và các hương vị bổ sung hiện đại. Mỗi chiếc bánh mì đáng kể cung cấp sự kết hợp cân bằng giữa protein và carbohydrate, khiến nó trở thành một khẩu phần ăn thỏa mãn từng cá nhân và có thể hoạt động như một món khai vị hoặc bữa ăn nhẹ.",80
dabaeda3-b916-5b65-a1d5-7661cb760950,,,Bánh mì kẹp gà nướng (Grilled Chicken Sandwich),DISH,185.0,17.5,4.0,20.0,2.0,3.0,350.0,de172d43-2578-4f27-a571-6d871460d273,,,"Bánh sandwich gà nướng là một món ăn trong thực đơn thức ăn nhanh bao gồm ức gà nướng dày dặn được phục vụ trên bánh mì nướng với rau diếp, cà chua và mayo. Món thay thế lành mạnh hơn cho bánh mì gà rán này thường cung cấp 30-37g protein trong khi vẫn duy trì lượng calo vừa phải trong khoảng 320-520 calo. Bánh sandwich có thể được tùy chỉnh với nhiều loại nước sốt khác nhau hoặc nâng cấp lên phiên bản câu lạc bộ với thịt xông khói và pho mát, mặc dù những bổ sung này sẽ làm tăng hàm lượng calo.",80
926c788d-e7e0-5314-abcc-507be3e16a96,,,Ức vịt với sốt huckleberry (Duck Breast with Huckleberry Sauce),DISH,270.0,21.0,17.5,6.0,1.0,5.0,150.0,de172d43-2578-4f27-a571-6d871460d273,,,"Ức vịt sốt Huckleberry là một món ăn tinh tế của vùng Tây Bắc Thái Bình Dương với ức vịt có da áp chảo được bổ sung bởi nước sốt chua ngọt làm từ quả huckleberry địa phương. Vịt thường được chế biến ở độ tái vừa phải với lớp da giòn, trong khi nước sốt kết hợp các loại quả dại trong vùng với rượu và giấm để tạo nên vị cân bằng cho dạ dày. Món ăn giàu protein này cung cấp thịt nạc với khoảng 48 gam protein mỗi khẩu phần, trong khi nước sốt làm từ trái cây sẽ tăng thêm độ phức tạp mà không có lượng calo đáng kể.",80
947b9135-73a5-5a5b-9d24-322be2d48336,,,Chả giò heo Benedict (Pork Roll Benedict),INGREDIENT,189.6,10.0,9.6,12.8,1.0,1.6,172.8,de172d43-2578-4f27-a571-6d871460d273,,,"Thịt lợn cuộn Benedict là một biến thể của món Trứng Benedict cổ điển ở New Jersey, giới thiệu món thịt lợn cuộn đặc trưng của vùng thay cho thịt xông khói hoặc giăm bông truyền thống của Canada. Món ăn sáng thịnh soạn này bao gồm thịt lợn cuộn nướng và trứng luộc ăn kèm với bánh nướng xốp kiểu Anh nướng, tất cả đều được phủ sốt hollandaise đậm đà. Sự kết hợp này tạo ra một lựa chọn bữa sáng muộn giàu protein thể hiện hương vị đặc biệt của ẩm thực quán ăn New Jersey.",80
7db2edb4-168c-5e99-bdd4-52122bce8e46,,,Chả giò heo nóng chảy (Pork Roll Melt),INGREDIENT,266.67,13.33,12.5,25.0,1.25,3.33,645.83,de172d43-2578-4f27-a571-6d871460d273,,,"A Pork Roll Melt là một món bánh sandwich đặc sản thịnh soạn của New Jersey gồm có món thịt lợn cuộn chế biến thái lát mỏng nướng, phủ phô mai tan chảy, thường được phục vụ trên bánh mì tròn hoặc bánh mì cuộn. Món bánh sandwich thơm ngon này kết hợp hương vị thơm ngon đặc biệt của món chả giò áp chảo với vị đậm đà của phô mai tan chảy, tạo nên một bữa ăn giàu protein cung cấp khoảng 30 gam protein mỗi khẩu phần. Mặc dù mang lại cảm giác thỏa mãn và hương vị thơm ngon nhưng nó đặc biệt có hàm lượng natri và chất béo bão hòa cao, đặc trưng của các thành phần thịt đã qua chế biến.",80
a38783f9-88e3-5dc6-a460-6a60577179f4,,,Pörkölt với gà (Pörkölt with Chicken),INGREDIENT,100.0,5.56,6.11,5.93,1.09,0.65,129.63,de172d43-2578-4f27-a571-6d871460d273,,,"Pörkölt là món hầm truyền thống của Hungary, đặc trưng bởi nước sốt đậm đà, đặc, có hương vị đậm đà của ớt bột và được nấu chậm với những miếng thịt gà mềm. Món ăn thịnh soạn này có nước sốt đậm đặc được làm từ hành xào, tỏi và gia vị, giúp phân biệt với các món ăn Hungary đậm đà hơn như món garu Hungary. Thường được phục vụ nóng như món chính với mì Hungary (nokedli) hoặc khoai tây, nó đại diện cho một bữa ăn giàu protein đáng kể với hương vị thơm ngon phức tạp.",80
376ce91b-3247-5760-b8ce-e8d839900d46,,,Mì xào bò (Beef Chow Fun),INGREDIENT,130.26,6.25,5.26,14.47,0.99,1.97,290.13,de172d43-2578-4f27-a571-6d871460d273,,,"Beef Chow Fun là món xào kiểu Quảng Đông cổ điển gồm có sợi mì dài (ho fun) kết hợp với thịt bò thái lát mềm và giá đỗ giòn. Món ăn này được đặc trưng bởi 'wok hei' đặc trưng - một hương vị khói đặc biệt có được khi nấu bằng chảo ở nhiệt độ cao. Nhà hàng yêu thích này thường cung cấp bữa ăn giàu carbohydrate với hàm lượng protein vừa phải, mặc dù nó có thể chứa nhiều natri và dầu do phương pháp chế biến truyền thống với nước tương và dầu hào.",80
51f3f471-18ae-5671-8647-f9aa648d205b,,,Bánh cuộn thịt bò quay (Roast Beef Wrap),INGREDIENT,208.0,12.0,8.0,22.0,1.6,2.4,800.0,de172d43-2578-4f27-a571-6d871460d273,,,"Món Bọc Bò Nướng North Shore là một đặc sản của vùng New England với thịt bò nướng thái lát mỏng theo truyền thống được phục vụ 'ba chiều' với phô mai trắng của Mỹ và sốt mayonnaise trong một chiếc bánh tortilla lớn. Loại bọc đáng kể này thường chứa hơn 25 gam protein và có thịt bò mềm, chất lượng cao, thường hơi ấm, tương phản với các loại gia vị kem mát lạnh. Khẩu phần ăn phong phú và việc sắp xếp các nguyên liệu cẩn thận sẽ tạo nên một bữa ăn thỏa mãn, minh họa cho truyền thống ẩm thực ven biển đặc biệt của Massachusetts này.",80
836033df-4b2a-5f8c-b7c6-5ddef6571192,,,Cánh gà BBQ mật ong không xương (Boneless Honey BBQ Wings),DISH,320.0,18.5,18.0,18.0,0.5,7.0,1050.0,de172d43-2578-4f27-a571-6d871460d273,,,"Cánh BBQ mật ong không xương là những miếng gà tẩm bột và chiên được làm từ thịt ức hoặc đùi, rưới nước sốt thịt nướng mật ong ngọt ngào và thơm. Không giống như các món cánh truyền thống, những phần ăn kiểu nhà hàng này bao gồm bánh mì, góp phần bổ sung carbohydrate vào thành phần giàu protein của chúng. Thường được phục vụ với số lượng 6-10 miếng cho mỗi đơn hàng, chúng kết hợp độ giòn thỏa mãn của bánh mì chiên với hương vị BBQ mật ong cổ điển phổ biến trong bữa ăn bình dân của người Mỹ.",75
9892f755-2a2b-57f7-80af-6dd1e226f678,,,Madghout với thịt cừu (Madghout with Lamb),INGREDIENT,171.43,10.0,7.14,20.0,1.14,1.43,142.86,de172d43-2578-4f27-a571-6d871460d273,,,"Madghout with Lamb là món ăn một nồi truyền thống của Ả Rập Saudi, trong đó thịt cừu mềm và cơm basmati thơm được xếp thành từng lớp và nấu chậm trong nước sốt đậm đà làm từ cà chua. Món chính thịnh soạn này có sự pha trộn đặc biệt của các loại gia vị Trung Đông bao gồm bạch đậu khấu, chanh khô và quế, tạo nên hương vị đậm đà. Món ăn này thường có cơm nấu chín hoàn hảo với nước thịt, bên trên là thịt cừu lọc xương và trang trí bằng các loại hạt nướng để tạo sự tương phản về kết cấu.",80
52c6c8dd-7184-5414-be55-cc3dad207e7c,,,Kabsa với gà (Kabsa with Chicken),INGREDIENT,204.17,20.83,5.0,17.92,1.04,2.08,333.33,de172d43-2578-4f27-a571-6d871460d273,,,"Kabsa with Chicken là món cơm truyền thống của vùng Vịnh Ả Rập, trong đó cơm basmati thơm được nấu với những miếng thịt gà mềm trong nước dùng đậm đà gia vị. Món ăn thịnh soạn này có sự pha trộn đặc biệt của các loại gia vị ấm bao gồm bạch đậu khấu, quế và chanh khô (loomi), thường được trang trí bằng các loại hạt nướng và phục vụ theo kiểu gia đình. Quá trình nấu chậm tạo ra một bữa ăn hoàn chỉnh với sự kết hợp cân bằng giữa protein nạc từ thịt gà, carbohydrate phức tạp từ gạo và chất béo lành mạnh từ dầu ăn và đồ trang trí.",80
7dd3e426-4605-5613-a39c-63f21285872a,,,Bánh mì kẹp pretzel giăm bông và phô mai (Ham and Cheese Pretzel Sandwich),DISH,250.0,13.18,9.55,29.09,0.91,3.64,536.36,de172d43-2578-4f27-a571-6d871460d273,,,"A Ham and Cheese Pretzel Sandwich là sự kết hợp thịnh soạn gồm giăm bông cắt lát và phô mai tan chảy được phục vụ trên một cuộn bánh quy xoắn mềm đặc biệt. Bánh sandwich này thường đi kèm với mù tạt vàng và cung cấp một nguồn protein đáng kể, cung cấp 26-29 gram mỗi khẩu phần. Món bánh quy xoắn đặc trưng có kết cấu dai với bề ngoài có vị mặn đặc trưng, ​​mặc dù hàm lượng natri tổng thể cao đáng kể, khiến nó trở thành một lựa chọn hấp dẫn hơn trong số các lựa chọn bánh sandwich.",80
afb97e9d-b92b-581d-bcb7-11250aad3355,,,Bánh mì kẹp xúc xích và ớt (Sausage and Peppers Sandwich),DISH,240.0,10.0,12.1,20.0,2.5,3.0,480.0,de172d43-2578-4f27-a571-6d871460d273,,,"Bánh mì kẹp xúc xích và ớt là món ăn chủ yếu của người Mỹ gốc Ý gồm có xúc xích Ý nướng hoặc xào, ớt chuông caramen và hành tây được phục vụ trên một cuộn giòn. Bữa ăn thịnh soạn này cân bằng giữa chất đạm thơm ngon, hơi cay của xúc xích với vị ngọt tự nhiên của rau nấu chậm, mặc dù món ăn này thường chứa nhiều natri và chất béo bão hòa do xúc xích đã qua chế biến. Theo truyền thống được phục vụ tại các hội chợ đường phố hoặc như một món ăn thoải mái, nó có thể được sửa đổi bằng bánh mì nguyên hạt hoặc thịt nạc để tối ưu hóa dinh dưỡng.",75
38076646-f2db-51d5-b2c8-d8f05466be83,,,Karahi Afghanistan với gà (Afghan Karahi with Chicken),INGREDIENT,144.0,8.57,9.14,6.86,1.14,1.43,200.0,de172d43-2578-4f27-a571-6d871460d273,,,"Karahi Afghanistan với thịt gà là một món ăn nhà hàng đầy hương vị được chế biến trong một chiếc chảo giống chảo truyền thống gọi là karahi, kết hợp ảnh hưởng ẩm thực Afghanistan và Nam Á. Món ăn bao gồm những miếng thịt gà mềm nấu với gia vị thơm, cà chua tươi, gừng và tỏi trong nước sốt đậm đà, đậm đặc. Món khai vị giàu protein này thường được phục vụ nóng hổi và kèm theo bánh mì naan hoặc cơm để bổ sung cho nước sốt có hương vị đậm đà.",80
28bc976f-d3be-52cf-84b3-37cd5d00a9f8,,,Karahi gà (Karahi Chicken),INGREDIENT,117.19,8.44,6.88,5.31,1.56,1.56,250.0,de172d43-2578-4f27-a571-6d871460d273,,,"Gà Karahi là một món ăn cổ điển của Pakistan được đặt tên theo nồi nấu sâu mà món này được chế biến theo truyền thống. Món cà ri giàu protein này có thịt gà nấu với cà chua tươi, hành tây và gia vị thơm, tạo nên loại nước sốt khô đặc trưng không có kem. Nổi bật nhờ sử dụng đậm đà gừng, tỏi và ớt tươi, món ăn này thường cung cấp hàm lượng protein đáng kể trong khi vẫn nhẹ hơn nhiều món cà ri Nam Á làm từ kem.",80
3a9ebb71-10c2-5605-bec7-52d2171efda1,,,Cơm chiên Thái với thịt heo (Thai Fried Rice with Pork),DISH,178.79,7.58,4.04,27.78,0.76,1.01,353.54,de172d43-2578-4f27-a571-6d871460d273,,,"Cơm chiên thịt lợn kiểu Thái là món chiên kiểu nhà hàng kết hợp cơm với thịt lợn mềm, trứng và rau trộn. Món ăn thịnh soạn này được phân biệt bởi gia vị Thái, thường bao gồm nước mắm và nước tương, tạo nên hương vị thơm ngon hơn cơm chiên kiểu Trung Quốc. Khi được chế biến trong nhà hàng, nó cung cấp một bữa ăn hoàn chỉnh với tỷ lệ cân bằng giữa protein và carbohydrate, mặc dù nó có xu hướng chứa nhiều calo hơn do dầu được sử dụng trong chảo chiên.",80
d0a27f54-d535-5946-a58c-a80c8508b755,,,Bulgogi (heo) (Bulgogi (Pork)),INGREDIENT,156.25,13.39,5.8,7.59,0.45,6.25,491.07,de172d43-2578-4f27-a571-6d871460d273,,,"Bulgogi là món nướng cổ điển của Hàn Quốc với thịt lợn thái lát mỏng ướp trong nước sốt ngọt và mặn gồm đậu nành, tỏi và lê châu Á. Thịt thường được nướng cho đến khi có màu caramen, tạo ra kết cấu mềm với sự cân bằng giữa hương vị ngọt, umami và hơi cay. Món ăn giàu protein này thường được phục vụ cùng cơm và nhiều loại banchan (món ăn kèm), cung cấp khoảng 15-16 gam protein cho mỗi khẩu phần 4 ounce.",80
eb89e719-702f-5d83-befd-cb3d9c68f9de,,,Samboosa với thịt (Samboosa with Meat),DISH,265.62,7.81,15.62,31.25,3.12,1.56,750.0,de172d43-2578-4f27-a571-6d871460d273,,,"Samboosa là một loại bánh ngọt hình tam giác chiên giòn phổ biến trong ẩm thực Ả Rập Saudi, nhân thịt xay, hành tây và gia vị thơm. Lớp vỏ ngoài giòn bao bọc nhân thịt bò hoặc thịt cừu thơm ngon trộn với các loại gia vị truyền thống của Trung Đông như thì là và rau mùi. Những chiếc bánh ngọt màu nâu vàng này thường được dùng làm món khai vị hoặc món ăn phụ, đặc biệt là trong lễ kỷ niệm Ramadan và thường đi kèm với nước chấm.",80
bfe1cdca-0b71-50fc-b6d7-b534307cf619,,,Mac và phô mai thịt xông khói (Bacon Mac and Cheese),DISH,395.71,15.77,13.91,52.29,0.86,3.43,363.43,de172d43-2578-4f27-a571-6d871460d273,,,"Món mì ống và pho mát kiểu nhà hàng này là một món ăn thoải mái dễ chịu với pho mát Wisconsin thủ công và miếng thịt xông khói giòn. Nước sốt béo ngậy, béo ngậy thường kết hợp nhiều loại phô mai cao cấp, bên trên là vụn bánh mì giòn để tăng thêm kết cấu. Món ăn thịnh soạn này đặc biệt có hàm lượng protein và calo cao, mang đến một bữa ăn thịnh soạn thể hiện chiều sâu hương vị đặc trưng của truyền thống làm pho mát Wisconsin chính thống.",80
5644eda3-f0e5-5f38-b441-d4a6e6374589,,,Fajitas bò (Beef Fajitas),INGREDIENT,250.0,24.0,15.2,4.8,0.8,1.2,500.0,de172d43-2578-4f27-a571-6d871460d273,,,"Fajitas thịt bò là một món ăn Tex-Mex nóng hổi bao gồm các dải bít tết nướng được ướp ăn kèm với hành tây xào và ớt chuông trên đĩa hâm nóng. Món khai vị giàu protein này theo truyền thống được đi kèm với bánh ngô làm từ bột mì ấm và các loại phủ trên có thể tùy chỉnh như guacamole, salsa và kem chua. Món ăn này kết hợp hàm lượng protein cao của thịt bò nạc với rau tươi, mặc dù giá trị dinh dưỡng có thể thay đổi đáng kể tùy theo khẩu phần ăn và các món đi kèm được chọn.",80
c05d9c7b-0a92-58b7-a1bd-c34a3705f622,,,Siu Mai bò (Beef Siu Mai),INGREDIENT,166.67,8.33,8.0,14.33,1.0,1.0,466.67,de172d43-2578-4f27-a571-6d871460d273,,,"Bò siu mai là món bánh bao dim sum Quảng Đông hấp với thịt bò xay dày dặn được bọc trong một lớp giấy gói lúa mì mỏng có nắp hở. Những chiếc bánh bao này theo truyền thống được phục vụ nóng trong xửng hấp bằng tre, với 3-4 miếng mỗi suất và thường được trang trí bằng nước tương hoặc dầu ớt. Nhân thịt bò giàu protein thường được tăng cường chất thơm và gia vị, tạo ra món bánh bao mềm, ngon ngọt, mang lại sự cân bằng tốt về protein và carbohydrate trong khi lại có hàm lượng natri cao đáng kể.",80
768c4826-fec4-5f58-b0cb-1245b973ce60,,,Cà ri xanh với gà (Green Curry with Chicken),DISH,165.71,10.0,7.57,14.29,1.71,2.29,257.14,de172d43-2578-4f27-a571-6d871460d273,,,"Cà ri xanh với thịt gà là một món ăn cổ điển của Thái Lan bao gồm những miếng thịt gà mềm trong nước sốt làm từ nước cốt dừa, nổi bật bởi màu xanh rực rỡ của các loại thảo mộc và ớt tươi. Món cà ri thơm này thường bao gồm hỗn hợp các loại rau như ớt chuông, măng và cà tím Thái, hòa cùng nước sốt đậm đà, cay ngọt. Trong khi cung cấp lượng protein đáng kể từ thịt gà, nước cốt dừa làm cho món ăn này trở thành một món ăn giàu calo, đặc biệt giàu chất béo lành mạnh và các vitamin thiết yếu.",80
a3f60287-8b9c-5547-b789-e6fca9470f03,,,Bánh mì kẹp thịt heo quay với ớt (Roast Pork Sandwich with Peppers),DISH,241.45,16.87,11.33,17.11,1.2,1.69,381.45,de172d43-2578-4f27-a571-6d871460d273,,,"Sandwich thịt lợn nướng là một món đặc sản của Philadelphia bao gồm thịt vai lợn om mềm được phục vụ trên một cuộn giòn với pho mát provolone sắc nét, rabe bông cải xanh xào và ớt nướng dài. Món bánh sandwich thịnh soạn này được phân biệt bởi thịt lợn tẩm gia vị thảo mộc và nước sốt om mặn, tạo nên hương vị phức tạp hơn so với người anh em họ nổi tiếng của nó, món bít tết phô mai. Sự kết hợp của protein nạc, rau đắng và ớt cay làm cho món ăn này trở thành một bữa ăn thịnh soạn thường cung cấp hơn 70 gam protein cho mỗi chiếc bánh sandwich.",75
25c55e3b-0f1b-5414-8654-cf00bcf54ea6,,,Xúc xích Bratwurst nhồi phô mai (Cheese Filled Bratwurst),DISH,306.0,12.7,25.9,2.1,0.0,0.1,820.0,de172d43-2578-4f27-a571-6d871460d273,,,"Bratwurst nhân phô mai là một loại xúc xích lấy cảm hứng từ Đức, có vỏ thịt lợn hoặc thịt bò tẩm gia vị nhồi phô mai nóng chảy, điển hình là cheddar hoặc gouda. Thực phẩm giàu protein này cung cấp hàm lượng chất béo cao từ cả thành phần thịt và phô mai, trong đó nướng hoặc chiên áp chảo là phương pháp nấu ăn được ưa thích để có được lớp ngoài giòn và lớp bên trong nóng chảy. Mặc dù phổ biến vì hương vị dễ chịu nhưng nó lại chứa đáng kể chất béo bão hòa và natri, khiến việc kiểm soát khẩu phần trở nên quan trọng đối với những người tiêu dùng quan tâm đến sức khỏe.",75
935ae592-2cde-5e68-b709-8d0f4af1871d,,,Gà General Tso's (General Tso's Chicken),INGREDIENT,161.76,11.76,6.06,14.12,0.59,8.82,382.35,de172d43-2578-4f27-a571-6d871460d273,,,"General Tso's Chicken là món ăn nổi tiếng của nhà hàng Mỹ gốc Hoa gồm các miếng gà chiên giòn phủ nước sốt cay ngọt đặc biệt làm từ nước tương, tỏi, gừng và ớt. Món ăn này thường được phục vụ cùng cơm trắng và trang trí bằng bông cải xanh, mặc dù khẩu phần và cách chế biến của nhà hàng có thể khác nhau đáng kể. Là một món chiên giòn với nước sốt nhiều đường, nó có hàm lượng calo, natri và carbohydrate cao đáng kể so với các món gà khác.",80
8850b66b-4062-5ef1-8cff-357435416a21,,,"Bánh mì kẹp bagel giăm bông, trứng và phô mai (Ham, Egg, and Cheese Bagel Sandwich)",DISH,230.0,12.86,8.57,24.76,1.43,2.38,600.0,de172d43-2578-4f27-a571-6d871460d273,,,"A Ham, Egg, and Cheese Bagel Sandwich là một loại bánh sandwich ăn sáng thịnh soạn có trứng bác, giăm bông cắt lát và phô mai tan chảy được phục vụ trên bánh mì tròn nướng. Lựa chọn bữa sáng thịnh soạn này thường cung cấp khoảng 500 calo và 28 gam protein cho mỗi khẩu phần, khiến nó trở thành một bữa ăn đầy đủ dinh dưỡng. Mặc dù cung cấp sự kết hợp cân bằng giữa protein, carbohydrate và chất béo, nhưng món bánh mì sandwich này lại có hàm lượng natri cao đáng chú ý, thường chứa hơn 1.200mg mỗi khẩu phần.",80
d3feed0c-d34c-5266-a8b3-928a11fbeed3,,,Machbous với gà (Machbous with Chicken),INGREDIENT,160.0,8.5,6.75,16.25,0.88,1.25,225.0,de172d43-2578-4f27-a571-6d871460d273,,,"Machbous là món cơm và gà truyền thống của Qatar, nổi bật bởi sự pha trộn gia vị thơm của baharat, chanh khô và nghệ tây. Món ăn này có thịt gà mềm được nấu chậm trong nước dùng thơm, sau đó được dùng để nấu cơm basmati, mang lại hương vị đậm đà. Cách chế biến tại nhà hàng này thường được trang trí bằng các loại hạt nướng, nho khô và thảo mộc tươi, tạo nên một bữa ăn hoàn chỉnh thể hiện chiều sâu của ẩm thực vùng Vịnh.",80
0d92714a-fda4-503e-9965-9dcfefd188cc,,,Sườn cừu (Lamb Chops),INGREDIENT,150.72,19.57,7.97,0.0,0.0,0.0,72.46,de172d43-2578-4f27-a571-6d871460d273,,,"Sườn cừu được chế biến theo phong cách Ả Rập Saudi là những miếng thịt cừu mềm được tẩm ướp với các loại gia vị thơm như baharat, bao gồm thì là, rau mùi và quế. Những miếng thịt giàu protein này thường được nấu chậm để tăng hương vị tự nhiên và thường được phục vụ với cơm thơm, rau và trang trí bằng các loại hạt. Món ăn này cung cấp một nguồn protein, sắt và vitamin B đáng kể, đồng thời phương pháp chế biến khiến thịt có mùi thơm và nhiều gia vị hơn đáng kể so với các chế phẩm của phương Tây.",80
907396bd-086e-543d-8bef-66dfd18b1c1c,,,Bulgogi (gà) (Bulgogi (Chicken)),INGREDIENT,150.21,14.89,5.53,10.21,1.06,5.11,510.64,de172d43-2578-4f27-a571-6d871460d273,,,"Gà bulgogi là món ăn lấy cảm hứng từ Hàn Quốc với đùi gà ướp trong nước sốt mặn ngọt làm từ nước tương, dầu mè và lê châu Á. Món ăn giàu protein này thường được nướng hoặc xào cho đến khi thịt mềm và nước xốt tạo nên lớp men thơm ngon. Mặc dù cung cấp hàm lượng protein đáng kể và hương vị umami phong phú, nhưng các món chế biến tại nhà hàng thường chứa hàm lượng natri đáng kể do các thành phần nước xốt.",80
8bd7a80f-1222-5138-9287-6ebc24abf9e0,,,Thịt heo xào tỏi (Stir-fried Pork with Garlic Sauce),DISH,89.33,7.11,4.0,6.22,0.78,1.33,266.67,de172d43-2578-4f27-a571-6d871460d273,,,"Thịt lợn xào sốt tỏi là một món ăn nhà hàng Trung Quốc gồm có thịt lợn mềm và rau trộn trong nước sốt tỏi thơm ngon. Món ăn này thường được chế biến bằng cách xào nhanh các nguyên liệu trong dầu với nước sốt có tỏi, nước tương và các loại gia vị khác nhau, thường dùng kèm với cơm trắng. Mặc dù cung cấp nguồn protein và rau tốt nhưng các món ăn tại nhà hàng thường có hàm lượng natri và dầu cao hơn so với các món ăn chế biến tại nhà.",80
d6403499-56db-5997-ab54-6582a750d0d8,,,Bít tết phô mai Philly cổ điển (Classic Philly Cheesesteak),DISH,132.23,7.44,5.95,8.26,0.66,0.99,363.64,de172d43-2578-4f27-a571-6d871460d273,,,"A Classic Philly Cheesesteak là một loại bánh sandwich mang tính biểu tượng bao gồm bít tết sườn thái lát mỏng nướng với hành tây và phục vụ trên bánh mì hoagie tươi với pho mát tan chảy, theo truyền thống của Mỹ, provolone hoặc Cheez Whiz. Món bánh sandwich thịnh soạn này được đặc trưng bởi phương pháp chuẩn bị nóng hổi sau khi nướng, trong đó thịt được cắt nhỏ và gấp lại trong khi nấu để đảm bảo độ mềm. Mặc dù cung cấp hàm lượng protein đáng kể nhưng đây là một bữa ăn giàu calo thường dao động từ 470 đến 1.100 calo tùy thuộc vào kích cỡ và lớp phủ bên trên.",75
a22de291-0d77-5810-87f3-aa8961019203,,,Chimichanga gà (Chicken Chimichanga),INGREDIENT,180.0,10.22,9.56,20.0,1.56,0.89,444.44,de172d43-2578-4f27-a571-6d871460d273,,,"Chimichanga là món burrito chiên giòn chứa đầy thịt gà xé nhỏ, phô mai và rau, đại diện cho món ăn chính thịnh soạn của nhà hàng Tex-Mex. Món ăn quan trọng này thường được phục vụ với cơm Mexico và đậu chiên, sau đó phủ lên trên là sự kết hợp của kem chua, guacamole và salsa. Do cách chế biến chiên giòn và khẩu phần ăn phong phú, chimichangas của nhà hàng có hàm lượng calo, chất béo và natri cao đáng kể, với một đơn hàng thường vượt quá 800 calo.",80
c02f5916-2128-5f4b-ac06-bbb294c6df60,,,Bánh mì kẹp thịt bò Ý cay (Spicy Italian Beef Sandwich),DISH,163.2,13.33,7.47,10.67,0.8,1.33,293.33,de172d43-2578-4f27-a571-6d871460d273,,,"Là một biểu tượng ẩm thực của Chicago, món bánh sandwich này có thịt bò nướng dày dạn thái lát mỏng được ninh trong nước sốt mặn và được phục vụ trên một chiếc bánh mì Ý chắc chắn. Vị cay đặc trưng đến từ giardiniera, một hỗn hợp thơm ngon của rau ngâm, trong khi bánh sandwich theo truyền thống được phục vụ 'ướt' với thêm au jus. Món bánh sandwich thịnh soạn này cung cấp lượng protein đáng kể nhưng đặc biệt có hàm lượng natri cao, với sự chuẩn bị đầy đủ thường bao gồm tới nửa pound thịt bò cho mỗi khẩu phần.",80
8a9c7e0f-e7ff-5146-8474-a5da822542d5,,,Xúc xích nướng Nürnberger (Nürnberger Rostbratwurst),DISH,349.4,14.46,32.53,4.82,0.0,4.82,843.37,de172d43-2578-4f27-a571-6d871460d273,,,"Nürnberger Rostbratwurst là một loại xúc xích Đức có nguồn gốc được bảo hộ từ Nuremberg, nổi bật bởi kích thước nhỏ và gia vị đặc biệt. Những chiếc xúc xích heo cỡ ngón tay này được nướng theo kiểu truyền thống cho đến khi có màu vàng nâu và được phục vụ theo bộ ba chiếc, thường đi kèm với dưa cải bắp và mù tạt cay trong các nhà hàng. Xúc xích có hình dáng đặc trưng từ vỏ cừu và được tẩm gia vị bằng sự pha trộn độc quyền của các loại gia vị truyền thống của Đức mang lại cho chúng hương vị đặc biệt.",75
07c057ef-62dd-583c-b75f-7e9b2ffa2a11,,,Thịt xông khói gà tây (Turkey Bacon),DISH,368.0,29.5,25.9,4.24,0.0,4.24,2020.0,de172d43-2578-4f27-a571-6d871460d273,,,"Thịt xông khói Thổ Nhĩ Kỳ là một loại thịt chế biến thay thế được làm từ thịt gà tây cắt nhỏ, xử lý và hun khói, mang đến lựa chọn nạc hơn so với thịt lợn xông khói truyền thống. Mặc dù ít chất béo bão hòa và calo hơn nhưng nó vẫn giữ được hương vị khói tương tự và trở nên giòn khi nấu chín đúng cách, mặc dù có kết cấu hơi khô hơn. Quá trình xử lý mang lại cho nó hàm lượng natri tương đương với thịt xông khói thông thường, khiến việc nhận thức về khẩu phần trở nên quan trọng đối với chế độ ăn kiêng natri.",80
b4082974-8fc8-5af5-a89d-abe9166adc45,,,Freekeh với thịt cừu (Freekeh with Lamb),INGREDIENT,108.29,10.2,3.86,7.14,2.69,0.86,85.71,de172d43-2578-4f27-a571-6d871460d273,,,"Freekeh with Lamb là món ăn chính truyền thống của Jordan kết hợp thịt cừu mềm nấu chậm với hạt lúa mì xanh rang (freekeh). Món freekeh mang đến hương vị hấp dẫn, khói đặc trưng phù hợp với thịt cừu om béo ngậy, trong khi các loại gia vị truyền thống của Trung Đông như hạt tiêu và thì là làm tăng thêm hương thơm của món ăn. Món ăn giàu protein này thường có thịt mềm phủ trên ngũ cốc, thường được trang trí bằng hạt thông và kèm theo nước sốt làm từ sữa chua.",80
c17e392b-1cc0-5709-a994-e61da711944a,,,Gà viên cay (Spicy Chicken Tenders),INGREDIENT,206.67,18.0,10.0,10.67,1.0,0.67,400.0,de172d43-2578-4f27-a571-6d871460d273,,,"Thịt gà tẩm gia vị là những miếng ức gà tẩm bột tẩm gia vị cay và chiên giòn cho đến khi giòn theo kiểu nhà hàng. Những món ăn giàu protein này thường chứa 200-550 calo mỗi lần mềm do phương pháp chế biến tẩm bột và chiên, với mức độ gia vị chính xác khác nhau tùy theo nhà hàng. Thường được dùng kèm với nước chấm trong các bữa ăn kết hợp, những miếng thịt mềm này có lớp vỏ bên ngoài giòn giúp tăng thêm độ nóng và độ giòn cho phần bên trong thịt gà mềm.",80
876a55c3-5889-53cf-8d59-2e9402a49006,,,Tagine cừu (Lamb Tagine),INGREDIENT,225.0,11.25,12.5,17.0,2.0,6.25,225.0,de172d43-2578-4f27-a571-6d871460d273,,,"Thịt cừu tagine là món hầm nấu chậm truyền thống của Bắc Phi được chế biến trong một chiếc nồi nấu hình nón đặc biệt cùng tên. Món ăn thơm này có thịt cừu mềm om với sự pha trộn phức tạp của các loại gia vị, thường bao gồm thì là, gừng và quế, cùng với trái cây và rau quả khô trong nước sốt đậm đà. Khi được phục vụ trong các nhà hàng, món ăn giàu protein này thường đi kèm với couscous hoặc bánh mì để hòa quyện với nước sốt đầy hương vị, kết hợp các yếu tố ngọt và mặn trong một bữa ăn thịnh soạn, trọn vẹn.",80
0ab11578-479f-5255-9952-8b8c83c3b11e,,,Bít tết phô mai nấm (Mushroom Cheesesteak),DISH,200.0,13.33,9.6,15.73,0.8,1.07,642.67,de172d43-2578-4f27-a571-6d871460d273,,,"A Mushroom Cheesesteak là một biến thể bánh sandwich thịnh soạn của món phô mai cổ điển Philadelphia, có thịt bò thái lát mỏng và nấm xào trên bánh cuộn hoagie. Loại bánh sandwich béo ngậy này thường bao gồm phô mai tan chảy (thường là phô mai Mỹ hoặc Cheez Whiz) và được nướng với các nguyên liệu được cắt nhỏ và trộn với nhau trên một mặt phẳng. Mặc dù cung cấp hàm lượng protein đáng kể ở mức 25-50g mỗi chiếc bánh sandwich, nhưng nó cũng chứa nhiều calo và thường có hàm lượng natri cao, khiến nó trở thành một lựa chọn thú vị hơn khi dùng bữa tại nhà hàng.",75
271e9274-d2d6-5d92-b60e-617298ba8521,,,Xúc xích và trứng (Sausage and Eggs),DISH,176.67,8.33,15.33,0.33,0.0,0.0,306.67,de172d43-2578-4f27-a571-6d871460d273,,,"Xúc xích và trứng là bữa sáng cổ điển của người Mỹ bao gồm xúc xích heo áp chảo hoặc miếng chả kết hợp với trứng nấu theo yêu cầu. Món ăn giàu protein này thường cung cấp khoảng 500-700 calo mỗi khẩu phần và được chế biến đặc biệt với khẩu phần phong phú của cả hai thành phần. Bữa ăn này được phục vụ theo truyền thống với các món ăn cổ điển như khoai tây chiên hoặc bánh mì nướng, khiến nó trở thành một lựa chọn bữa sáng thịnh soạn, giàu protein, đặc biệt có nhiều chất béo và cholesterol trong chế độ ăn.",80
5fdcbc5a-dc13-57a6-977b-9194336d6eb3,,,Cơm chiên húng quế với gà (Basil Fried Rice with Chicken),INGREDIENT,143.33,5.67,2.0,24.0,0.67,1.0,340.0,de172d43-2578-4f27-a571-6d871460d273,,,"Cơm chiên húng quế với thịt gà là món ăn chủ yếu của nhà hàng Thái kết hợp húng quế Thái thơm với cơm xào hoa nhài và những miếng thịt gà mềm. Bữa ăn hoàn chỉnh này có hương vị thảo mộc đặc biệt, được bổ sung bởi các loại rau trộn và nước sốt thơm ngon của châu Á. Một suất ăn điển hình của nhà hàng cung cấp cơ sở giàu carbohydrate với hàm lượng protein vừa phải, khiến nó trở thành một bữa ăn một món thỏa mãn thể hiện hương vị cay ngọt đặc trưng của húng quế Thái.",75
f31c8b2e-3bc2-5afb-8e57-74ff92e2fccf,,,Bánh cuộn gà tây và rau bina (Turkey and Spinach Wrap),INGREDIENT,181.82,12.73,4.55,22.73,1.82,1.82,318.18,de172d43-2578-4f27-a571-6d871460d273,,,"A Turkey and Spinach Wrap là một loại bánh sandwich cà phê tập trung vào sức khỏe với ức gà tây nạc và rau bina tươi cuộn trong bánh tortilla nguyên hạt. Bữa ăn giàu protein này thường bao gồm các chất bổ sung đậm đặc chất dinh dưỡng như rau nướng, món hummus hoặc bơ, đồng thời cung cấp sự kết hợp cân bằng giữa protein nạc, carbohydrate phức hợp và chất béo lành mạnh. Lớp bọc cung cấp dinh dưỡng đáng kể ở dạng di động, thường chứa 20-28 gam protein và các chất dinh dưỡng có lợi từ các thành phần rau tươi.",80
46ffa0de-e6f1-5368-8d69-b92034e9d261,,,Đĩa Shawarma bò (Beef Shawarma Plate),INGREDIENT,130.0,8.0,7.0,8.0,0.7,0.6,160.0,de172d43-2578-4f27-a571-6d871460d273,,,"Đĩa thịt bò Shawarma là một món ăn của nhà hàng Trung Đông với thịt bò ướp thái lát mỏng được nướng chậm trên xiên thẳng đứng. Bữa ăn hoàn chỉnh này thường bao gồm cơm dày dạn, rau tươi và nước sốt truyền thống như sốt tahini hoặc sốt tỏi, thường dùng kèm với bánh mì pita. Sự kết hợp này mang lại trải nghiệm ăn uống giàu protein, với khẩu phần tiêu chuẩn cung cấp khoảng 40 gam protein cùng với hỗn hợp carbohydrate cân bằng từ các món ăn kèm.",80
c8522cad-af83-599b-b4b8-9cd50f74d55d,,,Cánh gà Buffalo - cay (Buffalo Wings - Hot),DISH,317.86,18.29,26.43,0.14,0.0,0.14,785.71,de172d43-2578-4f27-a571-6d871460d273,,,"Cánh trâu là cánh gà chiên giòn được rưới nước sốt cay cổ điển làm từ sốt tiêu cay và bơ. Những món cánh kiểu nhà hàng này có đặc điểm bên ngoài giòn, thịt mềm và lớp phủ sốt nóng đặc trưng mang lại sức nóng đáng kể. Một khẩu phần ăn điển hình có chứa hàm lượng protein cao và hàm lượng chất béo từ trung bình đến cao, trong đó nước sốt đóng góp hàm lượng natri đáng chú ý trong khi vẫn chứa lượng carbohydrate tương đối thấp.",75
9c646968-bba6-57f5-ad8b-f3ce7c90227d,,,Bánh mì kẹp thịt bò Ý khô (Dry Italian Beef Sandwich),INGREDIENT,147.06,13.24,5.88,10.29,0.88,0.88,176.47,de172d43-2578-4f27-a571-6d871460d273,,,"Bánh mì kẹp thịt bò Ý khô là một biểu tượng ẩm thực của Chicago với thịt bò dày dạn thái lát mỏng, nấu chín chậm được phục vụ trên một chiếc bánh mì Ý giòn mà không có nước chấm au jus truyền thống. Loại bánh sandwich giàu protein này thường được trang trí với giardiniera cay (gia vị rau ngâm) và phô mai tan chảy tùy chọn, tạo nên sự kết hợp đặc biệt giữa thịt mềm và hương vị thơm ngon. Cách chế biến 'khô' duy trì độ giòn của cuộn trong khi vẫn giữ được nước và gia vị tự nhiên của thịt bò.",80
c9904ec2-adfd-5cfb-89d1-cac0e7fb8bee,,,Satay bò (Satay Daging (Beef Satay)),INGREDIENT,194.01,8.24,11.24,7.49,1.12,3.0,337.08,de172d43-2578-4f27-a571-6d871460d273,,,"Satay Daging là một món thịt bò nướng Đông Nam Á bao gồm các viên thịt ướp xiên que và nướng than để mềm hoàn hảo. Món ăn giàu protein này theo truyền thống được phục vụ với nước sốt đậu phộng đậm đà, kèm theo những lát dưa chuột và bánh gạo (ketupat). Thịt bò thường được ướp với sự pha trộn phức tạp của các loại gia vị bao gồm nghệ, rau mùi và tỏi, tạo nên một món ăn có mùi thơm và hương vị đặc trưng.",80
d1533d34-6c03-57ad-8dc5-b9c7a5967c7c,,,Kabuli Pulao với gà (Kabuli Pulao with Chicken),INGREDIENT,205.0,10.5,7.0,25.0,1.5,3.0,250.0,de172d43-2578-4f27-a571-6d871460d273,,,"Kabuli Pulao with Chicken là món cơm nổi tiếng của Afghanistan với cơm basmati thơm nấu trong nước dùng dày dặn và xếp lớp với những miếng thịt gà mềm. Cách chế biến món ăn tại nhà hàng này kết hợp các loại gia vị thơm ngon như bạch đậu khấu và nghệ tây với các yếu tố ngọt ngào từ cà rốt caramen và nho khô, trong khi hạnh nhân nướng tạo thêm độ tương phản về kết cấu. Món ăn này mang lại thành phần dinh dưỡng cân bằng với sự kết hợp của carbohydrate phức tạp từ gạo, protein nạc từ thịt gà và chất béo lành mạnh từ các loại hạt.",80
df5ddf74-84ef-50a2-b86c-d7eb1b9feea3,,,Bữa tối quay (Roast Dinner),DISH,230.0,14.0,10.4,20.0,2.4,1.6,360.0,de172d43-2578-4f27-a571-6d871460d273,,,"Bữa tối nướng là một bữa ăn quán rượu truyền thống của Anh xoay quanh thịt nướng (thường là thịt bò, thịt gà, thịt cừu hoặc thịt lợn) được phục vụ với các món ăn kèm đặc biệt. Món ăn thịnh soạn này bao gồm bánh pudding Yorkshire, khoai tây nướng giòn, rau theo mùa và nước sốt đậm đà, tạo nên một bữa ăn thịnh soạn thường vượt quá 1.000 calo mỗi khẩu phần. Sự kết hợp giữa thịt mềm, khoai tây giòn và các món mặn đi kèm khiến món ăn này trở thành món ăn giàu protein, tiện lợi có ý nghĩa văn hóa, thể hiện ẩm thực cổ điển của Anh.",75
06c5026c-a849-5fc3-bcc0-0aab49e90fcd,,,Bánh mì kẹp waffle gà tây và nam việt quất (Turkey and Cranberry Waffle Sandwich),DISH,183.33,9.0,7.33,18.33,1.0,5.33,316.67,de172d43-2578-4f27-a571-6d871460d273,,,"Món bánh sandwich đặc biệt này có gà tây thái lát và nước sốt nam việt quất được phục vụ giữa hai nửa chiếc bánh quế Bỉ mới làm. Cách chế biến của nhà hàng kết hợp bánh quế giòn, màu nâu vàng với ức gà tây mềm, nước sốt nam việt quất thơm và kem phết, tạo nên một hương vị ngọt ngào tinh tế. Món ăn trưa hoặc bữa trưa thịnh soạn này thể hiện ẩm thực sáng tạo của nhà hàng bánh quế bằng cách biến các yếu tố bữa sáng truyền thống thành trải nghiệm bánh sandwich cao cấp.",80
bc4c905d-c87c-5001-94ca-d0a58b309e63,,,Đĩa gà tây (Turkey Platter),INGREDIENT,125.0,10.5,6.25,5.0,1.5,2.5,350.0,de172d43-2578-4f27-a571-6d871460d273,,,"Đĩa gà tây từ một nhà hun khói ở Texas có ức gà tây hun khói chậm được chế biến theo kiểu thịt nướng truyền thống chính thống. Món ăn giàu protein này thường bao gồm nhiều phần gà tây hun khói mềm được phục vụ cùng với các món ăn kèm truyền thống như xà lách trộn, dưa chua và bánh mì cắt lát. Quá trình hun khói mang lại hương vị đặc biệt trong khi vẫn duy trì độ ẩm tự nhiên của gà tây, mặc dù nó góp phần tạo ra hàm lượng natri cao hơn điển hình của các chế phẩm ở nhà hun khói.",80
7145332c-7487-5fdf-aa54-bd80987028cd,,,Xúc xích heo nướng Nem Nuong (Nem Nuong Grilled Pork Sausages),DISH,215.33,15.33,14.67,5.2,0.47,2.33,400.0,de172d43-2578-4f27-a571-6d871460d273,,,"Nem nướng là món nem nướng kiểu Việt Nam nổi tiếng với độ dai đặc biệt và hương vị mặn ngọt. Những chiếc xúc xích này được làm từ thịt lợn xay đã được tẩm gia vị với tỏi và các chất thơm, sau đó nướng cho đến khi cháy khét. Theo truyền thống được phục vụ tại các nhà hàng Việt Nam được gói trong bánh tráng với các loại thảo mộc và rau tươi, chúng cung cấp một lựa chọn giàu protein với khoảng 23g protein mỗi khẩu phần, mặc dù chúng có hàm lượng chất béo tương đối cao do hàm lượng thịt lợn.",80
86de3e6d-4135-593b-bc44-f49a82f3aa19,,,Gumbo với gà và xúc xích (Gumbo with Chicken and Sausage),INGREDIENT,126.0,7.2,8.6,4.8,0.8,0.8,184.0,de172d43-2578-4f27-a571-6d871460d273,,,"Gumbo là món hầm Cajun thịnh soạn được chế biến trên nền roux sẫm màu với 'bộ ba thần thánh' gồm hành, cần tây và ớt chuông. Phiên bản cổ điển này có thịt gà mềm và xúc xích andouille khói trong nước dùng đậm đà, có hương vị đậm đà được làm đặc bằng bột đậu bắp hoặc bột filé. Theo truyền thống được phục vụ cùng cơm, món ăn quan trọng này thường cung cấp hàm lượng protein cao trong khi đặc biệt giàu calo do cách chế biến dựa trên roux và các thành phần thịt.",80
392fe01b-a510-575c-b0e3-325ab2d345ea,,,Tagine cừu với mận khô (Lamb Tagine with Prunes),INGREDIENT,171.6,12.4,10.2,8.6,0.8,5.4,164.6,de172d43-2578-4f27-a571-6d871460d273,,,"Lamb Tagine with Prunes là một món ăn truyền thống của Maroc, trong đó thịt cừu mềm được nấu chậm với mận khô trong một chiếc nồi đất sét hình nón đặc biệt gọi là tagine. Món ăn thịnh soạn này kết hợp thịt mọng nước với trái cây ngọt ngào và các loại gia vị thơm như thì là, gừng và quế, tạo nên một loại nước sốt đậm đà, phức hợp. Quá trình nấu chậm giúp thịt đặc biệt mềm đồng thời cô đặc hương vị, khiến đây trở thành món ăn giàu protein, giàu calo điển hình của ẩm thực Ma-rốc trong những dịp đặc biệt.",80
a7f01740-2584-5bc1-8a89-719ebfd74c5c,,,Bánh cuộn BBQ bò Hàn Quốc (Korean BBQ Beef Wrap),INGREDIENT,510.0,21.0,32.3,33.0,6.0,8.0,1590.0,de172d43-2578-4f27-a571-6d871460d273,,,"Món Bọc Bò BBQ Hàn Quốc là một món ăn kết hợp gồm thịt bò ướp được chế biến theo phong cách truyền thống của Hàn Quốc, được bọc trong một chiếc bánh tortilla bằng bột mì. Thịt bò thường được nêm với nước tương, tỏi và dầu mè, sau đó bổ sung thêm rau tươi và nước sốt lấy cảm hứng từ Hàn Quốc như sriracha mayo hoặc gochujang. Món gói thịnh soạn này cung cấp một bữa ăn thịnh soạn với lượng protein và carbohydrate cân bằng, mặc dù nó có thể chứa nhiều natri do nước xốt và nước sốt.",80
7be6b241-54af-5231-ab09-516d6604e04f,,,Mutabbaq với thịt (Mutabbaq with Meat),DISH,315.5,10.0,22.5,18.0,1.25,1.5,300.0,de172d43-2578-4f27-a571-6d871460d273,,,"Mutabbaq là một loại bánh mì dẹt nhồi truyền thống của Ả Rập Saudi bao gồm bột mỏng chứa đầy thịt băm, trứng và chất thơm. Bột nhân được gấp thành hình vuông hoặc hình chữ nhật một cách chuyên nghiệp và chiên cho đến khi vàng và giòn bên ngoài mà vẫn giữ được phần bên trong mềm. Món ăn đường phố thịnh soạn này thường được phục vụ nóng với chanh và ớt xanh, mang đến sự kết hợp hài lòng giữa các yếu tố giòn, mặn và gia vị.",80
2239eacc-4eb4-5ce9-b306-4724b0bbdd9a,,,Efo Riro với thịt hỗn hợp (Efo Riro with Assorted Meat),DISH,91.67,5.83,4.17,6.25,1.25,2.08,270.83,de172d43-2578-4f27-a571-6d871460d273,,,"Efo Riro là món hầm Yoruba truyền thống của Nigeria xoay quanh rau bina (efo) được nấu với nhiều loại thịt và hải sản trong nước sốt cay làm từ cà chua. Món ăn thịnh soạn này thường kết hợp thịt bò, thịt dê, cá khô và động vật có vỏ với rau bina tươi, ớt thơm và dầu cọ để tạo ra một bữa ăn đậm đà hương vị, giàu protein. Chế phẩm giàu chất dinh dưỡng này cung cấp một lượng đáng kể chất sắt và vitamin từ các loại rau lá xanh, đồng thời sự đa dạng về protein khiến nó trở thành món chính ngon miệng thường được phục vụ với cơm hoặc fufu truyền thống.",80
994a5d47-40ef-5a1a-911d-35ae50fa56a8,,,Chả giò heo Reuben (Pork Roll Reuben),INGREDIENT,258.0,10.0,10.0,32.4,1.6,3.2,520.0,de172d43-2578-4f27-a571-6d871460d273,,,"Thịt lợn cuộn Reuben là một loại bánh mì kẹp kết hợp ở New Jersey thay thế thịt bò bắp truyền thống bằng thịt lợn cuộn của vùng (còn được gọi là Taylor Ham). Món bánh sandwich thịnh soạn này kết hợp thịt lợn cuộn nướng với phô mai Thụy Sĩ, dưa cải bắp và nước sốt kiểu Nga, thường được phục vụ trên bánh mì lúa mạch đen hoặc bánh quy xoắn. Kết quả là một loại bánh sandwich giàu protein mang đến sự kết hợp độc đáo giữa thịt mặn, bắp cải lên men thơm và nước sốt kem, đồng thời cung cấp khoảng 20-25 gam protein cho mỗi khẩu phần.",80
59f7aa27-7d40-58da-b552-6c55f79b5cb7,,,Bánh mì kẹp thịt bò BBQ (BBQ Beef Sandwich),DISH,245.0,16.5,8.5,25.0,0.8,4.5,560.0,de172d43-2578-4f27-a571-6d871460d273,,,"Bánh mì kẹp thịt bò BBQ từ North Shore của New England là một đặc sản của vùng với thịt bò nướng thái lát mỏng được phục vụ trên một chiếc bánh cuộn mềm, hơi ngọt. Cách chế biến 'ba chiều' cổ điển bao gồm sốt BBQ James River, phô mai Mỹ và sốt mayonnaise, tạo nên sự kết hợp đặc biệt chỉ có ở vùng này. Loại bánh sandwich giàu protein này thường chứa khoảng 500 calo và khác biệt đáng kể so với bánh mì nướng truyền thống của miền Nam về cả cách chế biến và hương vị.",80
ff098975-98fc-5886-86d6-c63e2ce1f625,,,Bít tết phô mai tiêu (Pepper Cheesesteak),DISH,176.86,12.73,7.11,16.2,1.16,1.32,363.64,de172d43-2578-4f27-a571-6d871460d273,,,"Pepper Cheesesteak là một biến thể của món bánh sandwich Philadelphia cổ điển với bít tết sườn thái lát mỏng nướng với ớt chuông xào và hành tây. Món bánh sandwich thịnh soạn này được phục vụ trên một cuộn hoagie mềm với phô mai tan chảy, điển hình là phô mai Mỹ, provolone hoặc Cheez Whiz, tạo nên một bữa ăn giàu protein có thể vượt quá 1.000 calo. Việc bổ sung ớt chuông vừa bổ sung thêm giá trị dinh dưỡng vừa tạo vị ngọt, dịu tương phản với thịt mặn và pho mát.",75
e5923b3d-3af0-57fc-aeb8-52ee6f8943f2,,,Bít tết Gammon với dứa (Gammon Steak with Pineapple),INGREDIENT,140.0,10.0,6.0,10.83,1.33,2.67,166.67,de172d43-2578-4f27-a571-6d871460d273,,,"Bít tết Gammon với dứa là một món ăn kiểu quán rượu cổ điển của Anh bao gồm một lát thăn lợn ướp muối dày được nướng cho đến khi mềm và ăn kèm với dứa nướng. Bữa ăn thịnh soạn này theo truyền thống đi kèm với trứng rán, khoai tây chiên (khoai tây chiên) và đậu Hà Lan, tạo nên sự kết hợp đặc trưng giữa hương vị ngọt và mặn. Món ăn này đại diện cho nền tảng của ẩm thực quán rượu truyền thống của Anh, nơi vị ngọt của dứa được lựa chọn đặc biệt để bổ sung và cân bằng cho thịt lợn muối.",75
1bf60697-75cd-55d0-9a38-9eea7ce252e7,,,Sườn cừu nướng (Grilled Lamb Chops),DISH,337.89,23.68,26.32,1.58,0.26,0.53,263.16,de172d43-2578-4f27-a571-6d871460d273,,,"Sườn cừu nướng từ quầy falafel là những miếng thịt cừu kiểu Địa Trung Hải được chế biến với sự pha trộn đặc biệt của các loại thảo mộc và gia vị bao gồm bạc hà, thì là và tỏi. Những miếng sườn giàu protein này thường được nướng ở nhiệt độ cao để đạt được hương vị thơm ngon trong khi vẫn giữ được phần bên trong mềm và thường được phục vụ thành 2-3 miếng mỗi phần. Chế phẩm này có dầu ô liu đặc trưng và nước xốt làm từ chanh giúp tăng hương vị tự nhiên của thịt đồng thời góp phần cung cấp hàm lượng protein và chất béo lành mạnh đáng kể.",80
a4956ec8-2afc-5966-b40e-a8693de5b725,,,Cánh gà mù tạt mật ong (Honey Mustard Wings),DISH,263.33,17.0,27.67,18.0,0.33,12.67,786.67,de172d43-2578-4f27-a571-6d871460d273,,,"Cánh mù tạt mật ong là cánh gà chiên giòn được phủ một lớp nước sốt ngọt và thơm, kết hợp vị ngọt của mật ong với vị cay nồng của mù tạt. Những chiếc cánh kiểu nhà hàng này có lớp da giòn và thịt mềm bên dưới lớp men dính, caramen, đặc trưng của món ăn này. Mặc dù cung cấp lượng protein đáng kể nhưng những chiếc cánh này thường chứa nhiều calo, chất béo và đường do quá trình chiên và thành phần nước sốt ngọt.",75
a2ce5662-d84a-521a-bc94-161a9f9c0bf1,,,Bánh mì pita Shawarma gà (Chicken Shawarma Pita Wrap),INGREDIENT,190.0,14.0,8.33,15.0,1.67,1.33,333.33,de172d43-2578-4f27-a571-6d871460d273,,,"Chicken Shawarma Pita Wrap là một loại bánh sandwich Trung Đông có thịt gà ướp được tẩm gia vị thơm và nướng cho đến khi mềm. Thịt gà được bọc trong bánh mì pita mềm cùng với các loại rau tươi như cà chua, rau diếp và hành tây, sau đó thường kết thúc với sốt tahini hoặc tỏi. Bữa ăn giàu protein này cung cấp sự kết hợp cân bằng giữa protein nạc, carbohydrate phức tạp và rau quả tươi ở dạng cầm tay tiện lợi.",80
733c5a54-3425-581a-a5ff-d3905e383d74,,,Fondue heo (Pork Fondue),INGREDIENT,185.84,22.12,10.62,0.89,0.0,0.0,61.95,de172d43-2578-4f27-a571-6d871460d273,,,"Nước xốt thịt lợn là một trải nghiệm ăn uống mang tính tương tác của Thụy Sĩ, nơi thực khách nấu những miếng thịt lợn tẩm gia vị cao cấp trong nước dùng hoặc dầu nóng ngay tại bàn của mình. Những miếng thịt lợn mềm thường được phục vụ với nhiều loại nước chấm như aioli và mù tạt, bên cạnh các món ăn kèm truyền thống như bánh mì giòn và rau tươi. Món ăn giàu protein này thường được thưởng thức như một phần của bữa ăn nước xốt nhiều món, mang đến một món ăn thay thế mặn hơn cho nước xốt phô mai truyền thống.",80
10635860-c5a2-56f7-a074-b5d1207b44eb,,,Xúc xích nướng Thüringer (Thüringer Rostbratwurst),DISH,306.82,18.18,25.0,1.14,0.0,1.14,965.91,de172d43-2578-4f27-a571-6d871460d273,,,"Thüringer Rostbratwurst là một loại xúc xích Đức được bảo vệ có nguồn gốc từ vùng Thuringia, nổi bật bởi sự pha trộn đặc trưng của gia vị kinh giới và caraway. Món xúc xích heo truyền thống này được nướng đặc trưng trên than củi cho đến khi giòn bên ngoài nhưng vẫn giữ được độ ngọt bên trong. Trong bối cảnh Biergarten, nó thường được phục vụ dưới dạng cuộn với mù tạt của vùng, thể hiện hương vị đích thực của di sản ẩm thực Đức.",75
0f5b5b25-169a-532c-94bf-96edb9f9894b,,,Cánh gà Sriracha mật ong không xương (Boneless Sriracha Honey Wings),DISH,460.0,10.0,23.33,42.67,0.67,33.33,1013.33,de172d43-2578-4f27-a571-6d871460d273,,,"Cánh gà rút xương là những miếng ức gà tẩm bột được chế biến theo phong cách cánh gà truyền thống, được rưới một loại nước sốt đặc biệt kết hợp mật ong ngọt và tương ớt sriracha cay. Món khai vị của nhà hàng này có hương vị ngọt ngào cân bằng đặc trưng của ẩm thực kết hợp Châu Á. Mặc dù cung cấp nguồn protein thỏa mãn, nhưng những món cánh này thường có hàm lượng natri và đường cao do lớp phủ nước sốt cay ngọt và phương pháp chế biến tẩm bột.",75
6beb30ca-2649-5bf0-9a37-22e67b35969e,,,Gà Korma (Chicken Korma),INGREDIENT,135.71,12.86,7.14,5.0,1.07,2.86,285.71,de172d43-2578-4f27-a571-6d871460d273,,,"Chicken Korma là một món cà ri Pakistan gồm những miếng thịt gà mềm trong nước sốt đậm đà làm từ sữa chua. Món cà ri kem đặc trưng bởi sự pha trộn thơm của các loại gia vị bao gồm bạch đậu khấu, nhục đậu khấu và quả chùy, tạo nên một hương vị nhẹ nhàng nhưng đầy hương vị mà không bị cay gắt. Theo truyền thống được phục vụ cùng với cơm hoặc bánh mì naan trong các nhà hàng, món ăn giàu protein này mang đến một bữa ăn cân bằng với lượng carbohydrate vừa phải và chất béo lành mạnh từ nước sốt làm từ sữa chua.",80
2c6eef8b-185a-55e7-9243-0753fadc7bc1,,,Sườn kiểu St. Louis (St. Louis Style Ribs),DISH,221.43,14.29,17.86,4.29,0.0,4.29,428.57,de172d43-2578-4f27-a571-6d871460d273,,,"Sườn kiểu St. Louis là sườn lợn dự phòng được cắt thành hình chữ nhật đặc biệt, loại bỏ xương ức và sụn để tạo thành giá đỡ đồng nhất. Trong các nhà hàng thịt nướng, những miếng sườn này thường được hun khói chậm trên gỗ cứng trong vài giờ cho đến khi mềm, sau đó kết thúc với nước sốt thịt nướng thơm ngọt. Là một nguồn protein đáng kể với khoảng 20g protein trên mỗi khẩu phần 3 miếng sườn, những miếng sườn này đặc biệt có hương vị đậm đà nhờ cách chế biến và tạo vân đặc trưng của chúng.",75
00780429-8be5-569f-af67-89b7ac75b3bc,,,Korma thịt cừu (Mutton Korma),DISH,262.5,13.5,15.0,5.0,1.5,1.5,250.0,de172d43-2578-4f27-a571-6d871460d273,,,"Mutton Korma là một món cà ri đậm đà của Pakistan gồm thịt cừu hoặc thịt dê mềm được nấu chậm trong nước sốt làm từ sữa chua sang trọng. Món ăn này đặc trưng bởi sự pha trộn phức tạp của các loại gia vị thơm bao gồm bạch đậu khấu, thì là và rau mùi, tạo nên một loại nước sốt nhẹ nhàng nhưng có hương vị đậm đà. Mặc dù có hàm lượng protein và sắt cao từ thịt cừu, nhưng món ăn giàu calo này lại đặc biệt phong phú nhờ nước xốt kem làm từ sữa chua và thường kết thúc bằng các loại hạt.",75
0a8c3517-4d5b-5f21-86b8-9ac24828442c,,,Pannenkoeken với giăm bông và phô mai (Pannenkoeken with Ham and Cheese),DISH,211.69,10.27,9.48,19.91,1.9,0.79,436.02,de172d43-2578-4f27-a571-6d871460d273,,,"Pannenkoeken là một loại bánh kếp kiểu Hà Lan truyền thống, lớn hơn và mỏng hơn đáng kể so với bánh kếp của Mỹ, thường có kích thước bằng toàn bộ đường kính của đĩa ăn tối. Phiên bản mặn này có giăm bông và pho mát (thường là Gouda) được xếp lên bánh kếp trong khi nấu, sau đó cuộn thành hình trụ để phục vụ. Quá trình chuẩn bị của nhà hàng rất thịnh soạn và đầy đủ, với bề ngoài giòn nhường chỗ cho bên trong mềm mại, nơi phô mai và giăm bông tan chảy tạo nên một bữa ăn phong phú, thỏa mãn.",80
99ed1693-3c38-5094-ad4c-677fe325658d,,,Pieczeń Rzymska (Pieczeń Rzymska),DISH,353.0,26.0,23.0,9.0,1.0,2.0,507.0,de172d43-2578-4f27-a571-6d871460d273,,,"Pieczeń Rzymska là một loại bánh mì thịt truyền thống của Ba Lan được phân biệt bằng trứng luộc nguyên con nhúng trong thịt lợn xay đã tẩm gia vị và bọc trong thịt xông khói. Món ăn thịnh soạn này có hình cắt ngang nổi bật khi cắt lát, để lộ những quả trứng ở chính giữa hoàn hảo được bao quanh bởi thịt đã được tẩm gia vị. Thường được phục vụ tại các nhà hàng Ba Lan với món nóng như món chính kèm theo hoặc món nguội cho bánh mì sandwich, món này thường được nêm với kinh giới và tỏi để có hương vị thơm ngon đậm đà.",75
97feaede-1cd2-5436-8728-e56c63e50067,,,Gà Creole (Chicken Creole),INGREDIENT,125.0,10.5,5.0,7.5,1.5,2.0,125.0,de172d43-2578-4f27-a571-6d871460d273,,,"Chicken Creole là một món ăn cổ điển của Louisiana gồm những miếng thịt gà mềm được ninh trong nước sốt đậm đà làm từ cà chua với 'bộ ba thần thánh' của ẩm thực Cajun: ớt chuông, hành tây và cần tây. Chế phẩm thịnh soạn này được phân biệt bởi sự pha trộn đặc trưng của các loại gia vị Creole, tạo ra vị cay vừa phải với các hương thảo dược phức tạp. Phiên bản kiểu nhà hàng thường có nước sốt đậm đà hơn và theo truyền thống được phục vụ cùng cơm để bổ sung thêm hương vị cho nước sốt.",80
31081424-1038-5e2c-a643-1ebdd4b0d16d,,,Bánh mì kẹp thịt bò quay thường (Plain Roast Beef Sandwich),DISH,170.0,10.5,6.0,15.0,1.0,2.0,325.0,de172d43-2578-4f27-a571-6d871460d273,,,"Sandwich thịt bò nướng đơn giản là một đặc sản của New England North Shore với thịt bò nướng nạc thái lát mỏng được phục vụ trên một chiếc bánh mì mềm, hơi ngọt. Thịt bò thường được chế biến từ mắt hoặc hình tròn trên cùng, nướng chậm và cạo mỏng như tờ giấy, sau đó xếp thành từng miếng tròn nướng nhẹ. Loại bánh mì kẹp giàu protein này cung cấp khoảng 20-30 gam protein cho mỗi khẩu phần, với cách chế biến đơn giản sẽ giúp chất lượng của thịt bò nướng được tỏa sáng.",80
cd6a8073-5d38-5e33-afe4-bc9b7a11113b,,,Lomo Embuchado (Lomo Embuchado),DISH,201.75,38.07,8.07,0.88,0.0,0.88,1298.25,de172d43-2578-4f27-a571-6d871460d273,,,"Lomo Embuchado là loại thăn lợn được chữa khỏi cao cấp của Tây Ban Nha, được tẩm ướp cẩn thận với ớt bột, tỏi và gia vị trước khi được sấy khô trong tối đa hai tháng. Món bánh charcuterie có hàm lượng protein cao này có kết cấu chặt, vân cẩm thạch và hương vị thơm đậm đà. Theo truyền thống được phục vụ như món tapas, nó được cắt lát mỏng và thường được trình bày cùng với các loại rau tươi hoặc như một phần của bảng thịt nướng được tuyển chọn cẩn thận.",75
a1666fa0-5385-5d55-8e7c-aa0fbc689202,,,Cánh gà chanh tiêu (Lemon Pepper Wings),DISH,250.0,20.17,18.07,2.02,0.21,0.42,800.42,de172d43-2578-4f27-a571-6d871460d273,,,"Lemon Pepper Wings là cánh gà chiên giòn được phủ một lớp gia vị đặc biệt gồm chanh và tiêu đen, thường được phục vụ tại các nhà hàng có cánh. Những chiếc cánh này có bề ngoài giòn và thường được trộn với nước sốt làm từ bơ để khuếch đại hương vị cam quýt-tiêu của chúng. Một suất ăn điển hình của nhà hàng cung cấp hàm lượng protein đáng kể trong khi tương đối ít carbohydrate, mặc dù chế phẩm chiên giòn góp phần tạo ra hàm lượng chất béo vừa phải.",75
789130a1-b5ad-55d1-abb6-6df3b85f4592,,,Matambre de Cerdo (Matambre de Cerdo),DISH,213.22,22.91,12.33,1.76,0.44,1.32,196.92,de172d43-2578-4f27-a571-6d871460d273,,,"Matambre de Cerdo là một món ăn truyền thống của Argentina bao gồm bít tết sườn heo được phết bơ, nhồi, cuộn và nướng. Chế phẩm giàu protein này thường có nhân đầy màu sắc gồm trứng luộc chín, ớt chuông và rau thơm, tất cả đều được buộc bằng dây bện trước khi nấu để tạo ra hình xoắn ốc ấn tượng khi cắt lát. Thường được phục vụ tại các quán nướng của Argentina như một phần của asado (món nướng truyền thống), món ăn này mang đến sự kết hợp đầy hương vị giữa thịt mềm và nhân thơm ngon.",75
0d61dbd6-de6a-569f-9543-0b24a7e5edf0,,,Kukurec (Kukurec),DISH,135.19,11.11,9.26,1.85,0.0,0.0,148.15,de172d43-2578-4f27-a571-6d871460d273,,,"Kukurec là món ăn truyền thống của Albania được làm từ ruột cừu và nội tạng được chế biến cẩn thận, nướng chậm để có lớp vỏ ngoài giòn. Chế phẩm đậm đặc chất dinh dưỡng này bao gồm các lớp gan, thận và các cơ quan khác được tẩm ướp với các loại thảo mộc và gia vị, sau đó bọc trong ruột và nướng cho đến khi vàng. Giàu protein, sắt và vitamin B, món ăn thịnh soạn này thể hiện cách tiếp cận truyền thống để tận dụng toàn bộ giá trị dinh dưỡng của thịt cừu.",75
71a521b5-bc3d-50ed-8556-bed0b2c9daff,,,Thịt cừu ống chăn thả (Pastured Lamb Shank),INGREDIENT,214.12,27.06,11.76,0.0,0.0,0.0,70.59,de172d43-2578-4f27-a571-6d871460d273,,,"Thịt cừu được chăn thả là loại thịt cao cấp được cắt từ những con cừu ăn cỏ được nuôi ở đồng cỏ rộng mở của Tây Bắc Thái Bình Dương. Loại thịt mềm tự nhiên này thường được om hoặc nấu chậm cho đến khi chín mềm, tạo nên hương vị đậm đà, phức tạp trong khi vẫn giữ được thành phần dinh dưỡng vượt trội. So với thịt cừu thông thường, thịt cừu chăn thả cung cấp hàm lượng axit béo omega-3 và axit linoleic liên hợp (CLA) cao hơn, đồng thời cung cấp protein, sắt và vitamin B tuyệt vời.",80
969c438e-ace4-54fb-98e8-5f00c5623f60,,,Rendang bò (Rendang Sapi),DISH,210.97,9.28,13.08,4.22,0.63,1.27,379.75,de172d43-2578-4f27-a571-6d871460d273,,,"Rendang Sapi là món thịt bò đậm đà của Indonesia được chế biến thông qua phương pháp nấu chậm đặc biệt, trong đó thịt được om trong nước cốt dừa và gia vị thơm cho đến khi mềm và có màu caramen. Món ăn giàu protein này có sự pha trộn phức tạp của các loại gia vị bao gồm sả, riềng và nghệ, tạo nên một chế phẩm có hương vị đậm đà, hơi cay với nước sốt đậm đặc đặc trưng. Mặc dù chứa nhiều calo nhờ có nước cốt dừa nhưng món ăn này lại cung cấp hàm lượng protein đáng kể và các hợp chất có lợi từ nhiều loại gia vị truyền thống.",75
e2256551-9848-519a-b9a1-f99c64ae48b0,,,Đĩa thịt nguội hỗn hợp (Cold Cuts Mixed Platter),DISH,156.67,10.0,10.0,6.67,1.0,1.33,266.67,de172d43-2578-4f27-a571-6d871460d273,,,"Meza của Serbia là đĩa khai vị truyền thống gồm nhiều loại thịt đã qua xử lý, pho mát của vùng và các món ăn lan truyền đặc biệt như ajvar và kajmak. Món ăn chung này thường bao gồm nhiều loại thịt bò khô, thịt giăm bông và thịt hun khói cùng với rau muối và bánh mì tươi. Mặc dù giàu protein nhưng đĩa này lại có hàm lượng natri và chất béo bão hòa cao đáng kể do các thành phần thịt đã được xử lý, với khẩu phần truyền thống được dùng để chia sẻ giữa nhiều thực khách.",75
93d3b2d3-12f5-5716-b818-a5b51f77634c,,,Cơm biryani với thịt bò (Biryani with Beef),INGREDIENT,116.67,8.67,3.67,12.33,1.17,1.33,150.0,de172d43-2578-4f27-a571-6d871460d273,,,"Biryani là món cơm Nam Á nhiều lớp gồm thịt bò mềm, gạo basmati thơm và sự pha trộn phức tạp của các loại gia vị bao gồm bạch đậu khấu, đinh hương và quế. Món ăn này được chế biến tại nhà hàng Pakistan theo cách truyền thống bằng cách sử dụng phương pháp 'dum', trong đó thịt bò ướp và cơm nấu chín một phần được hấp cùng nhau để tạo ra các lớp hương vị riêng biệt. Món ăn này cung cấp sự cân bằng đáng kể về protein từ thịt bò và carbohydrate từ gạo, đồng thời việc bổ sung bơ sữa trâu hoặc dầu sẽ tạo ra một bữa ăn giàu calo và giàu calo.",80
de5d31e7-5a36-5aec-8aa4-1c9c23256385,,,Gà nướng Braai (Braai Chicken),INGREDIENT,184.67,31.2,6.0,1.33,0.0,0.67,233.33,de172d43-2578-4f27-a571-6d871460d273,,,"Gà Braai là một món nướng truyền thống của Nam Phi được chế biến trên ngọn lửa trần, được phân biệt bởi nước xốt gia vị thơm thường bao gồm tỏi, gừng, ớt bột và cam quýt. Các miếng thịt gà được nướng chậm để có được hương vị thơm ngon, bên ngoài hơi cháy trong khi vẫn giữ được phần thịt ngon ngọt bên trong. Trong các nhà hàng, món này thường được phục vụ cùng với các món ăn kèm truyền thống như pap (cháo ngô) hoặc chakalaka (rau cay), mang đến món chính giàu protein với hương vị đặc trưng của châu Phi.",80
c5b2e173-c70f-50af-86d3-16b971a18b68,,,Bánh mì kẹp gà rán cổ điển (Classic Fried Chicken Sandwich),DISH,220.0,12.4,10.0,20.0,0.4,2.4,400.0,de172d43-2578-4f27-a571-6d871460d273,,,"Sandwich gà rán cổ điển là một món ăn nhanh chủ yếu bao gồm phi lê ức gà tẩm bột và chiên giòn được phục vụ trên một chiếc bánh mì nướng với khoai tây chiên thì là. Lớp phủ bánh mì giòn và thịt gà ngon ngọt cung cấp khoảng 30 gam protein cho mỗi chiếc bánh sandwich, mặc dù phương pháp chế biến này cũng mang lại hàm lượng calo và natri đáng kể. Loại bánh sandwich này thường chứa từ 420-650 calo tùy thuộc vào chuỗi nhà hàng và khẩu phần ăn.",80
9559751f-3fcb-5b59-a87a-aa973c34d618,,,Rogan Josh với thịt cừu (Rogan Josh with Lamb),INGREDIENT,152.75,14.4,9.1,3.9,0.8,2.1,200.0,de172d43-2578-4f27-a571-6d871460d273,,,"Rogan Josh là một món cà ri đậm đà của Ấn Độ với thịt cừu mềm trong nước sốt làm từ cà chua đậm đà, được phân biệt bằng màu đỏ đặc trưng của ớt Kashmiri. Cách chế biến tại nhà hàng này thường bao gồm sữa chua hoặc kem để tạo vị đậm đà, cùng với sự pha trộn phức tạp của các loại gia vị thơm bao gồm bạch đậu khấu, quế và đinh hương. Được phục vụ trong các nhà hàng, đây là một món ăn giàu calo, tương đối ít carbohydrate trong khi cung cấp lượng protein đáng kể từ thịt cừu, mặc dù nó có xu hướng chứa nhiều chất béo hơn do các phương pháp chế biến truyền thống.",80
8a371cf3-4fe1-5992-89a6-8bd8b8dc1233,,,Bánh mì kẹp thịt bò quay nóng (Hot Roast Beef Sandwich),DISH,771.0,44.0,24.0,95.0,5.0,8.0,2897.0,de172d43-2578-4f27-a571-6d871460d273,,,"Bánh mì kẹp thịt bò nướng North Shore là một đặc sản của vùng New England với thịt bò nướng tái, thái lát mỏng được phục vụ trên một cuộn hành tây mềm đặc biệt. Món bánh sandwich thịnh soạn này được làm theo kiểu truyền thống với nước sốt thịt bò và thường bao gồm sốt BBQ James River, sốt mayonnaise và pho mát Mỹ, với các kích cỡ khác nhau từ thịt bò non đến thịt bò thượng hạng. Bánh sandwich nổi bật nhờ phương pháp chế biến cụ thể là cắt thịt bò mỏng như tờ giấy và sử dụng cuộn hành tây kiểu Piatedosi hơi ngọt, tạo nên hương vị và kết cấu đặc trưng khiến nó trở thành món ăn thoải mái được yêu thích trên khắp vùng North Shore của Massachusetts.",80
f070133f-f0c9-5b90-9127-650cd5a40ba4,,,"Bánh mì kẹp thịt xông khói, trứng và phô mai (Bacon, Egg, and Cheese Sandwich)",DISH,276.5,13.36,16.59,18.43,1.38,1.84,599.08,de172d43-2578-4f27-a571-6d871460d273,,,"Sandwich thịt xông khói, trứng và phô mai là món bánh sandwich ăn sáng kiểu cổ điển có trứng rán, thịt xông khói giòn và pho mát Mỹ tan chảy được phục vụ kèm theo các loại bánh mì, điển hình là bánh mì tròn, bánh nướng xốp kiểu Anh hoặc bánh sừng bò. Loại bánh sandwich thịnh soạn này cung cấp hàm lượng protein đáng kể, thường là 20-30 gram mỗi khẩu phần, khiến nó trở thành một lựa chọn ăn sáng no bụng. Mặc dù có sự khác biệt giữa các nhà hàng, nhưng món bánh sandwich này thường cung cấp lượng calo và natri đáng kể, đặc trưng của món ăn sáng tại nhà hàng.",80
5c40eb53-82cf-57d5-9de6-95cd5d1688aa,,,Gà Souvlaki (Chicken Souvlaki),INGREDIENT,149.43,9.14,6.57,13.43,0.86,1.14,228.57,de172d43-2578-4f27-a571-6d871460d273,,,"Chicken Souvlaki là một món ăn Địa Trung Hải cổ điển bao gồm các miếng ức gà ướp nướng trên xiên với các gia vị truyền thống của Hy Lạp bao gồm chanh, tỏi và lá oregano. Tại các nhà hàng, món này thường được phục vụ dưới dạng đĩa kèm theo các món ăn kèm như sốt tzatziki, cơm và rau tươi hoặc bọc trong bánh mì pita ấm. Tùy chọn protein nạc này cung cấp một bữa ăn bổ dưỡng giàu protein trong khi vẫn duy trì hàm lượng calo vừa phải, đặc biệt khi kết hợp với các lựa chọn phụ nhẹ hơn.",80
0f4a9252-3d2f-5e5e-b159-9bc0bf7e34a9,,,Kebab gà (Chicken Kebab),INGREDIENT,155.32,20.0,6.81,2.55,0.64,1.28,212.77,de172d43-2578-4f27-a571-6d871460d273,,,"Gà kebab là một món ăn Trung Đông bao gồm những miếng thịt gà mềm được ướp trong hỗn hợp sữa chua với chanh, tỏi và gia vị thơm. Thịt được xiên và nướng cho đến khi cháy nhẹ, tạo nên một món ăn giàu hương vị, giàu protein mà vẫn mềm đặc biệt nhờ nước xốt sữa chua. Theo truyền thống được phục vụ với bánh mì pita, cơm hoặc salad tươi, lựa chọn protein nạc này cung cấp sự cân bằng dinh dưỡng lành mạnh đồng thời mang lại hương vị Syria đích thực.",80
c14e1527-3d88-5a89-ae3f-2918bdb1fb9f,,,Tacu Tacu với Lomo Saltado (Tacu Tacu con Lomo Saltado),INGREDIENT,152.5,7.75,8.0,13.75,1.5,1.25,175.0,de172d43-2578-4f27-a571-6d871460d273,,,"Tacu Tacu con Lomo Saltado là món ăn kết hợp đặc trưng của Peru kết hợp giữa miếng cơm và đậu giòn với thăn bò xào. Món patty Tacu Tacu đại diện cho ẩm thực Afro-Peru, trong khi Lomo Saltado thể hiện những ảnh hưởng của Trung Quốc-Peru với thịt bò tẩm đậu nành, hành tây, cà chua và khoai tây chiên kiểu Pháp. Món ăn thịnh soạn này thường cung cấp hàm lượng protein đáng kể và mang đến sự tương phản đặc biệt về kết cấu, từ miếng chả giòn đến thịt bò áp chảo mềm.",75
a1832e19-344d-52f4-b83f-91fc8ea303dc,,,Bánh quy với nước thịt xúc xích (Biscuits with Sausage Gravy),DISH,211.43,6.57,11.71,19.43,0.71,1.43,625.71,de172d43-2578-4f27-a571-6d871460d273,,,"Bánh quy với nước sốt xúc xích là món ăn sáng cổ điển của miền Nam bao gồm bánh quy bơ sữa phủ nước sốt đậm đà làm từ xúc xích heo vụn, bột mì và sữa. Các phần ăn của nhà hàng thường bao gồm hai chiếc bánh quy lớn được phủ một lượng lớn nước sốt kem, khiến nó trở thành một món ăn đặc biệt thịnh soạn và thường vượt quá 700 calo mỗi khẩu phần. Món ăn tiện lợi này được phân biệt bởi nước sốt thơm ngon, có vị cay và bánh quy mềm, xốp, mặc dù nó đặc biệt chứa nhiều chất béo và natri.",80
1a244056-e874-51fd-830e-778a770fbfc5,,,Bánh mì kẹp gà tây Po' Boy (Turkey Po' Boy),INGREDIENT,240.0,10.0,16.0,14.0,1.2,1.6,320.0,de172d43-2578-4f27-a571-6d871460d273,,,"Thổ Nhĩ Kỳ Po' Boy là một loại bánh sandwich truyền thống của Louisiana có gà tây thái lát ăn kèm với bánh mì Pháp đặc biệt với lớp vỏ giòn và phần bên trong nhẹ. Bánh sandwich được 'trang trí' bằng rau diếp tươi, cà chua và sốt mayonnaise, thường kết hợp gia vị Cajun để tạo hương vị đích thực của vùng. Món bánh sandwich thịnh soạn này khác với các món ăn ngon tiêu chuẩn thông qua kiểu bánh mì cụ thể, khẩu phần ăn phong phú và phương pháp chế biến truyền thống của New Orleans.",80
22878d64-6d27-5f34-98df-a4f5bc0542b6,,,Thịt heo nấu hai lần (Twice Cooked Pork),DISH,105.73,8.37,3.96,9.69,0.88,4.41,475.77,de172d43-2578-4f27-a571-6d871460d273,,,"Thịt lợn nấu hai lần là một món ăn cổ điển của Trung Quốc Tứ Xuyên, trong đó bụng lợn được ninh nhừ trước rồi xào với tương đậu cay và hương liệu. Phương pháp chế biến này tạo ra thịt mềm với lớp vỏ ngoài caramen, đặc trưng bởi hương vị cay và tê đặc trưng từ hạt tiêu Tứ Xuyên. Phiên bản nhà hàng thường có nước sốt đậm đà, thơm ngon và cung cấp một nguồn protein đáng kể, mặc dù nó có thể chứa nhiều chất béo và natri.",80
ea24cce9-105c-5ff5-9c1c-015b8ac554b5,,,Thịt bò Bourguignon (Beef Bourguignon),INGREDIENT,102.86,10.0,4.86,4.86,0.86,1.43,271.43,de172d43-2578-4f27-a571-6d871460d273,,,"Bò Bourguignon là một món ăn kiểu quán rượu cổ điển của Pháp gồm thịt bò mềm nấu chậm trong rượu vang đỏ với hành tây trân châu, nấm và mỡ lợn xông khói. Món hầm giàu protein, giàu protein này được om trong vài giờ theo cách truyền thống, giúp thịt bò giàu collagen trở nên mềm mại trong khi vẫn phát huy được hương vị đậm đà từ nước sốt làm từ rượu vang. Nhà hàng thường phục vụ món ăn thịnh soạn này cùng với các món ăn kèm truyền thống như khoai tây phết bơ hoặc mì trứng để bổ sung cho nước sốt đậm đà.",80
26b50f97-d387-5a2b-8b66-445dd455c89b,,,Cơm chiên dứa với gà (Pineapple Fried Rice with Chicken),DISH,140.0,3.2,3.2,22.0,1.6,4.0,168.0,de172d43-2578-4f27-a571-6d871460d273,,,"Cơm chiên dứa là một món đặc sản của nhà hàng Thái Lan kết hợp cơm hoa nhài xào với thịt gà, những miếng dứa tươi và các loại rau nhiều màu sắc trong nước sốt cà ri. Bữa ăn hoàn chỉnh này có hương vị mặn ngọt đặc trưng được tạo ra bởi sự kết hợp giữa dứa tươi, nước tương và bột cà ri vàng. Theo truyền thống được phục vụ trong nửa quả dứa rỗng, món ăn có lượng calo vừa phải này thường bao gồm trứng, hạt điều và các loại thảo mộc thơm, cung cấp sự cân bằng về protein, carbohydrate và rau trong mỗi khẩu phần.",80
37229269-dea8-5bbd-95b0-d9b7fb992850,,,Fondue cừu (Lamb Fondue),INGREDIENT,66.62,3.09,4.41,3.97,0.44,1.62,129.71,de172d43-2578-4f27-a571-6d871460d273,,,"Lamb Fondue là món ăn cao cấp của nhà hàng Thụy Sĩ kết hợp những miếng thịt cừu mềm dày dạn với nước xốt phô mai truyền thống. Trải nghiệm ăn uống tương tác này có các miếng thịt cừu mà thực khách nấu trong dầu nóng hoặc nước dùng, đi kèm với nước xốt phô mai tan chảy đậm đà được làm từ phô mai và rượu vang truyền thống của Thụy Sĩ. Món ăn này đặc biệt có hàm lượng protein và canxi cao, đồng thời mang đến sự kết hợp sang trọng giữa các hương vị thông qua phương pháp chế biến nước xốt kép.",80
4de90cd8-2d4d-564e-8a32-ad8eb9ab1edb,,,Bánh cuộn xúc xích nướng (Grilled Sausage Wrap),DISH,198.4,6.8,11.2,17.6,2.0,1.6,360.0,de172d43-2578-4f27-a571-6d871460d273,,,"Gói xúc xích nướng là một loại bánh sandwich Trung Đông có xúc xích thịt cừu hoặc thịt bò dày dạn nướng và bọc trong bánh mì pita mỏng. Bữa ăn thịnh soạn này kết hợp thịt mặn với rau tươi, dưa chua và nước sốt truyền thống như sốt tỏi hoặc sốt tahini, tạo nên hương vị cân bằng. Lớp bọc thường cung cấp một phần đáng kể protein đồng thời cung cấp các tùy chọn tùy chỉnh thông qua các cách kết hợp lớp phủ và nước sốt khác nhau.",80
789318eb-bf36-5b5a-8e3d-23102d74483f,,,Thịt bò sốt đậu đen (Beef with Black Bean Sauce),DISH,116.67,8.0,4.67,11.67,1.0,2.67,500.0,de172d43-2578-4f27-a571-6d871460d273,,,"Thịt bò sốt đậu đen là một món ăn nhà hàng Trung Quốc bao gồm thịt bò thái lát mềm và rau củ giòn trong nước sốt đậm đà, thơm ngon làm từ đậu đen lên men. Món ăn này thường kết hợp các dải thịt bò xào với ớt chuông và hành tây trong nước sốt giàu vị umami bao gồm đậu đen lên men, nước tương và dầu hào. Mặc dù cung cấp nguồn protein dồi dào từ thịt bò, món ăn này đặc biệt có hàm lượng natri cao do có nhiều thành phần nước sốt khác nhau và thường được phục vụ cùng cơm trắng.",80
99e71126-5448-548e-b4f0-98dfcc420b47,,,Borscht với thịt heo (Borscht with Pork),INGREDIENT,118.64,10.59,3.81,13.56,3.39,2.54,228.81,de172d43-2578-4f27-a571-6d871460d273,,,"Borscht là món súp truyền thống của Ukraine có màu đỏ rực rỡ làm từ củ cải tươi. Phiên bản thịnh soạn này có thịt lợn mềm và hỗn hợp các loại rau bao gồm bắp cải, cà rốt và khoai tây trong nước dùng đậm đà, hơi chua. Thường được phục vụ nóng với một ít kem chua và thì là tươi, món súp đậm đặc chất dinh dưỡng này cung cấp sự kết hợp cân bằng giữa protein từ thịt lợn, chất xơ từ rau và các vitamin thiết yếu từ củ cải đường và các sản phẩm khác.",80
86555d3d-4479-57b1-b0ff-4d0af229af94,,,Bánh mì kẹp thịt heo quay và ớt nướng (Roast Pork and Roasted Peppers Sandwich),DISH,270.83,9.58,9.58,20.0,1.67,2.5,887.5,de172d43-2578-4f27-a571-6d871460d273,,,"Bánh sandwich đặc sản Philadelphia này có thịt vai lợn om mềm được phục vụ trên bánh mì Ý giòn với ớt nướng và phô mai provolone tan chảy. Thịt lợn thường được nêm với các loại thảo mộc và tỏi, sau đó nấu chậm cho đến khi chín mềm, đồng thời việc thêm ớt nướng sẽ tạo thêm vị ngọt và hơi khói cho bánh sandwich. Loại bánh sandwich thịnh soạn này cung cấp một nguồn protein đáng kể và được biết đến với hương vị thơm ngon, đậm đà, giúp phân biệt với các loại bánh mì Philadelphia khác.",75
93f007b9-3bcb-5049-9e55-9087acc4400f,,,Cà ri Massaman với gà (Massaman Curry with Chicken),DISH,152.5,6.5,6.25,17.5,1.25,3.25,200.0,de172d43-2578-4f27-a571-6d871460d273,,,"Cà ri Massaman là một món cà ri nhẹ của Thái Lan được phân biệt bởi nước cốt dừa đậm đà và các loại gia vị ấm áp như quế và bạch đậu khấu. Món ăn nhà hàng này có thịt gà và khoai tây mềm trong nước sốt kem được làm giàu với đậu phộng, mang lại hương vị mặn ngọt độc đáo nhẹ nhàng hơn so với cà ri Thái điển hình. Món ăn này theo truyền thống được phục vụ với cơm hoa nhài và thường cung cấp một phần đáng kể với hàm lượng protein vừa phải và nước sốt đậm đà, vừa miệng.",80
fef49cbc-dc88-59dd-a345-52ef4b50d9f1,,,Thịt bò Wellington (Beef Wellington),INGREDIENT,368.1,19.14,27.33,10.09,0.34,1.72,327.59,de172d43-2578-4f27-a571-6d871460d273,,,"Bò Wellington là món ăn cao cấp của Anh gồm thăn bò được bọc trong các lớp nấm duxelles, pa tê và bánh phồng vàng. Cách chế biến trang nhã này thường mang lại vị vừa vừa hiếm khi phục vụ, với lớp bánh ngọt mang lại vẻ ngoài giòn, béo ngậy bao bọc hỗn hợp nấm thơm ngon và thịt bò mềm. Món ăn này đặc biệt giàu protein và chất béo, theo truyền thống được phục vụ trong các nhà hàng như một món chính ấn tượng với nước sốt đi kèm và rau theo mùa.",80
c4893a35-bf00-5fdf-bdb6-33ca863b6e33,,,Bánh mì kẹp thịt bò quay (Roast Beef Sub),INGREDIENT,237.04,18.52,3.7,33.33,2.22,3.7,496.3,de172d43-2578-4f27-a571-6d871460d273,,,"A Roast Beef Sub là một loại bánh sandwich kiểu deli có thịt bò nướng cắt lát mỏng được phục vụ trên một cuộn dài với lớp phủ có thể tùy chỉnh. Việc chuẩn bị tiêu chuẩn bao gồm các loại rau tươi như rau diếp, cà chua và hành tây, thường được bổ sung bởi phô mai và gia vị như sốt mayonnaise hoặc sốt cải ngựa. Loại bánh sandwich giàu protein này thường chứa 25-28 gam protein trên mỗi khẩu phần 6 inch, với dinh dưỡng tổng thể thay đổi đáng kể dựa trên kích cỡ và lựa chọn lớp phủ.",80
0cd2e515-04bc-54d8-a973-d569a78926f4,,,Bánh crepe vịt confit (Duck Confit Crepe),INGREDIENT,183.33,10.0,11.67,11.67,0.5,1.0,233.33,de172d43-2578-4f27-a571-6d871460d273,,,"Duck Confit Crepe là một món ăn nhà hàng sang trọng của Pháp kết hợp món vịt hầm mềm, nấu chậm với một chiếc bánh kếp mỏng, tinh tế được gọi là bánh crepe. Theo truyền thống, vịt được chế biến bằng cách nấu trong mỡ của chính nó cho đến khi cực kỳ mềm, sau đó cắt nhỏ và dùng kèm với bánh crepe mềm cùng với các thành phần bổ sung. Món ăn mặn, đậm đà này thể hiện sự kết hợp giữa kỹ thuật nấu ăn cổ điển của Pháp, mang đến sự kết hợp hấp dẫn giữa protein và carbohydrate tinh tế.",80
8e268a7c-0285-5492-9125-26fa7520a42c,,,Gà tây quay với nhân (Roast Turkey with Stuffing),INGREDIENT,80.86,6.0,2.0,9.71,1.43,1.43,314.29,de172d43-2578-4f27-a571-6d871460d273,,,"Gà tây nướng nhân nhồi là một món ăn tiện lợi cổ điển có ức gà tây thái lát ăn kèm với nhân thảo mộc làm từ bánh mì, thường đi kèm với nước thịt trong các suất ăn tại nhà hàng. Món ăn giàu protein này kết hợp thịt nạc với nhân chứa nhiều carbohydrate, mang đến một bữa ăn cân bằng, đặc biệt giàu protein trong khi chứa hàm lượng chất béo vừa phải. Khi được phục vụ trong các nhà hàng kiểu gia đình, khẩu phần thường được kiểm soát nhiều hơn so với các món tự làm, mặc dù món ăn có xu hướng chứa nhiều natri hơn do phương pháp chế biến của nhà hàng.",80
f70cae54-2df3-57a8-bb06-4c1cadbdee09,,,Shawarma cừu (Lamb Shawarma),INGREDIENT,250.21,14.89,12.34,20.0,1.7,1.7,400.0,de172d43-2578-4f27-a571-6d871460d273,,,"Shawarma thịt cừu là một món ăn Trung Đông có thịt cừu dày dạn được nướng từ từ trên một lò quay dọc cho đến khi mềm và có hương vị. Thịt thường được ướp với các loại gia vị thơm như thì là, tỏi và ớt bột trước khi nấu, sau đó thái lát mỏng và dùng trong bánh mì pita ấm với rau tươi, tahini và các loại nước sốt truyền thống khác. Mặc dù cung cấp một nguồn protein đáng kể, món ăn có hương vị đậm đà này có thể chứa lượng calo và chất béo tương đối cao do phương pháp chế biến và nước sốt đi kèm.",80
621377c9-9ce9-5383-b326-ce0a070bd4e0,,,Carpaccio bò (Beef Carpaccio),INGREDIENT,159.29,22.12,7.08,0.0,0.0,0.0,57.52,de172d43-2578-4f27-a571-6d871460d273,,,"Thịt bò carpaccio là món khai vị của Ý bao gồm những lát thăn bò sống đặc biệt mỏng, thường được giã cho đến khi gần như trong suốt. Món ăn tinh tế này theo truyền thống được phục vụ lạnh với rau arugula, phô mai Parmesan bào, nụ bạch hoa và một ít dầu ô liu và nước chanh. Chế phẩm có hàm lượng protein cao, ít carb thể hiện hương vị nguyên chất và kết cấu mềm của thịt bò cao cấp đồng thời yêu cầu thịt hoàn toàn tươi, chất lượng cao.",80
7c58c51b-b6ed-52ba-b34e-2685ff80d8e9,,,Rendang bò (Rendang Daging (Beef Rendang)),INGREDIENT,190.0,16.67,10.0,8.33,2.33,1.33,166.67,de172d43-2578-4f27-a571-6d871460d273,,,"Rendang Daging là món thịt bò uy tín của Indonesia được chế biến thông qua quy trình nấu chậm đặc biệt trong nước cốt dừa và gia vị thơm. Thời gian nấu kéo dài sẽ biến thịt bò thành thịt mềm, caramen đồng thời tập trung hương vị phức tạp của riềng, sả và các loại gia vị khác nhau. Món ăn giàu protein này có nước sốt đậm đặc, đặc trưng và cung cấp lượng protein đáng kể cùng với chất béo lành mạnh từ nước cốt dừa, khiến nó trở thành món chính đặc biệt thỏa mãn.",80
1a1fb859-c035-5869-83f4-aa4ab7700c41,,,Manakish thịt (Meat Manakish),DISH,236.67,8.93,12.27,23.2,2.07,1.67,338.47,de172d43-2578-4f27-a571-6d871460d273,,,"Meat Manakish là một loại bánh mì dẹt truyền thống của Li-băng phủ thịt bò xay dày dặn và các loại gia vị thơm bao gồm za'atar, một hỗn hợp thảo mộc và hạt vừng của Trung Đông. Loại bánh mì dẹt mỏng, có viền giòn thường được phết một lớp dầu ô liu trước khi phủ hỗn hợp thịt đã tẩm gia vị lên trên và nướng cho đến khi vàng. Món ăn thịnh soạn này thường được phục vụ như một món ăn sáng hoặc bữa ăn bình thường trong ẩm thực Lebanon, thường đi kèm với labneh hoặc các loại thảo mộc tươi.",80
a235e2d6-c0b4-5e79-a312-cc5f1c24fc95,,,Gà sốt bơ (Butter Chicken),INGREDIENT,292.35,14.71,20.59,11.76,1.76,2.94,176.47,de172d43-2578-4f27-a571-6d871460d273,,,"Butter Chicken là món cà ri Bắc Ấn Độ/Pakistan được yêu thích với những miếng thịt gà mềm trong nước sốt kem cà chua béo ngậy. Nước sốt màu cam đặc trưng được làm bằng bơ, kem và các loại gia vị thơm như garam masala, tạo nên hương vị nhẹ nhàng nhưng ít cay hơn nhiều món cà ri Nam Á khác. Món ăn giàu protein này thường được phục vụ với bánh mì naan hoặc cơm và cung cấp một lượng đáng kể vitamin A và sắt từ cà chua và nước sốt giàu gia vị.",75
76abeae9-d432-50da-b7c2-2a23304db8a3,,,Đậu xanh với giăm bông (Green Beans with Ham),DISH,89.94,6.89,1.49,12.48,1.12,1.86,490.88,de172d43-2578-4f27-a571-6d871460d273,,,"Đậu xanh với giăm bông là món ăn Cajun/Creole truyền thống trong đó đậu xanh tươi được nấu chậm với giăm bông hun khói, thịt xông khói và gia vị thơm. Đậu trở nên mềm trong khi hấp thụ hương vị khói đậm đà từ các loại thịt được xử lý và các loại gia vị Cajun đặc biệt, thường được dùng kèm với nước sốt thơm ngon được tạo ra trong quá trình nấu. Mặc dù cung cấp nguồn rau và protein dồi dào, nhưng món ăn này của nhà hàng thường chứa hàm lượng natri cao do thịt đã qua xử lý và gia vị truyền thống.",80
aa63eb05-efaa-5eef-b370-58324a7b58a5,,,Sopes bò (Beef Sopes),INGREDIENT,210.94,10.16,9.38,21.09,2.34,1.56,375.0,de172d43-2578-4f27-a571-6d871460d273,,,"Sope là một món ăn truyền thống của Mexico được chế biến trên nền masa ngô dày được làm bằng tay với các cạnh nổi lên được chiên cho đến khi giòn nhưng mềm. Trong các quán taqueria, những món ăn thịnh soạn này thường được phủ thịt bò dày dạn (thường là carne asada), đậu chiên, bắp cải cắt nhỏ, phô mai cotija vụn và kem Mexico. Sự kết hợp này tạo ra một bữa ăn phong phú, không chứa gluten, cung cấp sự kết hợp cân bằng giữa protein, carbohydrate phức hợp và chất béo lành mạnh.",80
57864ff8-e8de-5b38-ae1d-b185dd026d2c,,,Tacos vịt Bắc Kinh (Peking Duck Tacos),DISH,320.0,14.2,22.4,12.6,1.8,1.4,620.0,de172d43-2578-4f27-a571-6d871460d273,,,"Tacos vịt quay Bắc Kinh là một món ăn kết hợp sáng tạo kết hợp vịt quay Bắc Kinh truyền thống của Trung Quốc với cách trình bày theo phong cách Mexico. Những món tacos đậm đà này có thịt vịt băm nhỏ hoặc xay được chế biến với các gia vị châu Á như tương đen và gừng, dùng kèm với bánh ngô với các lớp phủ đặc biệt như rau muối và ngò tươi. Món ăn này đặc biệt giàu calo do hàm lượng chất béo của vịt và phương pháp chế biến, đồng thời cung cấp hương vị phức tạp cân bằng các yếu tố ngọt, thơm và mặn.",80
b6b72358-b5eb-5830-96fc-cfacb2b87780,,,Freekeh với gà (Freekeh with Chicken),INGREDIENT,100.0,8.0,2.57,11.14,1.29,0.86,128.57,de172d43-2578-4f27-a571-6d871460d273,,,"Freekeh with Chicken là một món ăn truyền thống của Trung Đông được làm từ lúa mì xanh non được rang và bẻ đôi, ăn kèm với các miếng thịt gà tẩm gia vị. Món chính giàu chất dinh dưỡng này kết hợp các loại ngũ cốc freekeh có mùi khói, béo ngậy với thịt gà mềm, thường được chế biến với các loại gia vị thơm và thường được trang trí bằng hạnh nhân nướng và các loại thảo mộc tươi. Món ăn này cung cấp nguồn protein và chất xơ tuyệt vời, đồng thời mang lại hương vị đặc biệt so với phương pháp chế biến truyền thống thường bao gồm nấu trong nồi đất.",80
ce50e642-1d77-5e56-82d7-8d8a4079e82c,,,Tataki bò (Beef Tataki),INGREDIENT,247.06,23.53,14.71,5.88,0.0,3.53,1470.59,de172d43-2578-4f27-a571-6d871460d273,,,"Thịt bò Tataki là một món ăn Nhật Bản có thịt bò hảo hạng được nướng nhanh trên vỉ nướng teppanyaki, để lại phần giữa tái, sau đó cắt lát mỏng và dùng lạnh. Thịt bò thường được ướp với hỗn hợp thơm ngon gồm nước tương, rượu mirin và cam quýt, sau đó trang trí bằng hành lá và hạt vừng. Món ăn giàu protein này mang lại cảm giác nạc với khoảng 35-43g protein mỗi khẩu phần, mặc dù nước xốt làm từ đậu nành góp phần tạo ra hàm lượng natri đáng chú ý.",80
a31ad651-2362-56b0-a1e2-4afdcef0c993,,,Thịt heo nướng BBQ (Pork Barbecue),INGREDIENT,177.5,15.0,7.5,12.5,1.0,7.5,500.0,de172d43-2578-4f27-a571-6d871460d273,,,"Thịt lợn nướng Philippines là một món ăn truyền thống gồm những miếng thịt lợn ướp nướng trên xiên tre trên than củi. Thịt được đặc trưng bởi hương vị mặn ngọt, có nguồn gốc từ nước sốt đặc biệt gồm sốt cà chua chuối, nước tương và cam quýt, tạo nên một món ăn giàu protein cũng như giàu vitamin B. Mặc dù có hương vị thơm ngon và mềm mại nhưng món ăn này của nhà hàng thường có hàm lượng natri và chất béo cao, thường được dùng kèm với nước chấm giấm cay và đu đủ ngâm.",80
efd3c663-8352-5388-b6fe-db4df3a3fc8a,,,Gà viên cổ điển (Classic Chicken Tenders),INGREDIENT,513.27,17.7,30.97,39.82,0.89,2.65,1557.52,de172d43-2578-4f27-a571-6d871460d273,,,"Thịt gà mềm cổ điển là những dải thịt ức gà được tẩm bột mì dày dặn và chiên giòn cho đến khi có màu vàng nâu và giòn. Món ăn chủ yếu của nhà hàng này thường chứa một số chất gây dị ứng phổ biến bao gồm lúa mì, sữa và trứng trong bánh mì, trong khi quá trình chiên ngập dầu dẫn đến hàm lượng chất béo cao hơn so với các lựa chọn thay thế nướng. Mặc dù cung cấp một nguồn protein tốt, nhưng những món mềm này thường có hàm lượng natri và calo cao và thường được phục vụ với nhiều loại nước chấm khác nhau như món chính hoặc món khai vị.",80
0d4b09d3-507f-59bb-b63e-057181b015ef,,,Calzone giăm bông và phô mai (Ham and Cheese Calzone),DISH,212.5,13.33,8.75,18.75,1.25,1.25,458.33,de172d43-2578-4f27-a571-6d871460d273,,,"Bánh calzone giăm bông và phô mai là một món ăn có doanh thu đáng kể của người Mỹ gốc Ý được làm từ bột bánh pizza chứa đầy giăm bông deli và phô mai tan chảy, điển hình là sự pha trộn của phô mai mozzarella và provolone. Bột nhân được gấp thành hình bán nguyệt và nướng cho đến khi bên ngoài vàng và giòn mà vẫn giữ được lớp nhân nóng hổi, ​​phô mai bên trong. Những chiếc bánh calzone thịnh soạn này, món ăn chủ yếu của các tiệm bánh pizza kiểu New York, thường được phục vụ theo từng phần riêng lẻ và thường đi kèm với nước sốt marinara để chấm.",80
070fe4b2-fca0-57d8-88be-2890aa3e407b,,,Bánh cuộn câu lạc bộ gà tây (Turkey Club Wrap),INGREDIENT,191.67,14.33,7.67,17.67,1.83,1.33,466.67,de172d43-2578-4f27-a571-6d871460d273,,,"Turkey Club Wrap là một phiên bản chuyển thể dựa trên bánh tortilla của món bánh sandwich câu lạc bộ cổ điển thường được phục vụ trong các cửa hàng phụ và cửa hàng bán đồ ăn nhanh. Món bánh sandwich béo ngậy này có gà tây thái lát, thịt xông khói giòn, phô mai, rau diếp tươi và cà chua, thường được trộn với sốt mayonnaise và bọc trong bánh tortilla bằng bột mì. Mặc dù cung cấp nguồn protein tốt từ các thành phần thịt, nhưng lựa chọn bữa ăn thịnh soạn này có xu hướng chứa nhiều natri do các thành phần thịt đã qua chế biến và nước sốt.",80
44b032dd-0f7c-5b7e-b8a6-8a09d292ac12,,,Tibs với thịt bò (Tibs with Beef),INGREDIENT,85.71,7.71,4.57,3.14,0.57,1.43,114.29,de172d43-2578-4f27-a571-6d871460d273,,,"Tibs là một món ăn truyền thống của Ethiopia bao gồm thịt bò thái miếng được áp chảo và ninh với các loại gia vị thơm, nổi bật nhất là berbere, một hỗn hợp gia vị phức tạp làm từ ớt. Thịt thường được nấu với hành, tỏi và gừng cho đến khi mềm, tạo ra một món ăn có hương vị đậm đà, giàu protein và sắt. Trong các nhà hàng ở Ethiopia, tibs theo truyền thống được phục vụ trên bánh injera, một loại bánh mì dẹt lên men thấm nước sốt đầy hương vị.",80
03d6e00e-08de-5f9c-a1d8-fab31b65bb43,,,Calzone thịt viên (Meatball Calzone),DISH,323.33,14.0,12.67,25.0,1.67,2.33,666.67,de172d43-2578-4f27-a571-6d871460d273,,,"Calzone thịt viên là một món ăn đáng kể của người Mỹ gốc Ý được thực hiện bằng cách gấp bột bánh pizza lên trên nhân thịt viên cắt lát, phô mai mozzarella tan chảy và sốt marinara trước khi nướng cho đến khi có màu vàng nâu. Món bánh pizza thịnh soạn ở New York này thường phục vụ từ một đến hai người và có đặc điểm là bên ngoài giòn và bên trong nóng chảy. Sự kết hợp giữa thịt bò viên, hỗn hợp phô mai và nước sốt làm cho món này trở thành một lựa chọn đặc biệt giúp no bụng với hàm lượng protein đáng kể.",80
570bef95-9f4f-5eef-ae85-16dabb5f5471,,,Teppanyaki cừu (Teppanyaki Lamb),INGREDIENT,300.0,26.47,20.59,1.76,0.59,0.59,41.18,de172d43-2578-4f27-a571-6d871460d273,,,"Thịt cừu Teppanyaki là món thịt nướng kiểu Nhật được chế biến trên vỉ sắt phẳng trước mặt thực khách tại các nhà hàng chuyên biệt. Thịt cừu thường được cắt thành từng miếng vừa ăn và nấu ở nhiệt độ cao với lượng dầu tối thiểu, giúp thịt chín bên ngoài nhưng vẫn giữ được độ mềm bên trong. Món ăn giàu protein này thường được ăn kèm với rau xào và nêm với nước tương, tỏi và gừng, mang đến phương pháp chế biến dễ dàng hơn so với chiên áp chảo truyền thống.",80
02895989-1711-5fcb-b27b-8759ecb94802,,,Cánh gà phô mai xanh (Blue Cheese Wings),DISH,337.43,18.29,26.57,2.86,0.14,1.14,314.29,de172d43-2578-4f27-a571-6d871460d273,,,"Cánh phô mai xanh là cánh gà chiên giòn được rưới nước sốt bơ nóng và ăn kèm với nước sốt phô mai xanh đậm đà để chấm. Món ăn kiểu nhà hàng này thường bao gồm cần tây và cà rốt làm món ăn kèm, với nước sốt phô mai xanh mang đến sự tương phản mát mẻ với món cánh cay. Sự kết hợp giữa cánh chiên giòn và nước sốt kem khiến món ăn này trở thành một món ăn đặc biệt giàu calo, với khẩu phần 10 cánh thông thường chứa hơn 1.000 calo cùng một lượng đáng kể protein và chất béo.",75
d5234794-bd51-5ed8-964f-1faae80fa169,,,Bánh mì kẹp chả giò heo Hoagie (Pork Roll Hoagie),INGREDIENT,185.71,8.57,10.0,12.86,0.86,2.29,342.86,de172d43-2578-4f27-a571-6d871460d273,,,"Hoagie cuộn thịt lợn là một món đặc sản bánh sandwich thịnh soạn của New Jersey gồm có cuộn thịt lợn nướng Taylor, phô mai Mỹ tan chảy và trứng chiên được phục vụ trên bánh cuộn hoagie tươi. Loại bánh sandwich béo ngậy này thường được trang trí với sốt cà chua, muối và tiêu, tạo nên sự kết hợp phong phú đặc biệt phổ biến cho bữa sáng hoặc bữa trưa. Mặc dù cung cấp hàm lượng protein đáng kể, nhưng món bánh sandwich có hàm lượng calo cao này lại đặc biệt chứa nhiều chất béo bão hòa và natri.",80
2ead465d-b4e3-5fde-af6f-3f31d0b6306c,,,Vai heo BBQ (BBQ Pork Shoulder),INGREDIENT,240.0,20.0,17.6,0.0,0.0,0.0,720.0,de172d43-2578-4f27-a571-6d871460d273,,,"Thịt vai vai BBQ là món thịt nướng truyền thống của miền Nam được chế biến bằng thịt lợn tẩm gia vị hun khói chậm trên gỗ cứng cho đến khi mềm và có hương vị đậm đà. Quá trình nấu kéo dài sẽ phá vỡ lượng collagen và chất béo dồi dào của thịt, tạo ra kết cấu tách rời đặc trưng tạo nên món thịt nướng đích thực. Món ăn giàu protein này thường có vỏ ngoài tẩm gia vị và hương vị khói, thường được phục vụ kéo hoặc cắt nhỏ với nước sốt thịt nướng kiểu vùng.",80
7b84ca15-fb41-542d-a6a5-c81414c25ea5,,,Xúc xích Jalapeño Cheddar (Jalapeño Cheddar Sausage),DISH,318.18,9.09,22.73,3.03,0.0,1.52,848.48,de172d43-2578-4f27-a571-6d871460d273,,,"Xúc xích Jalapeño Cheddar là một loại xúc xích thịt lợn hun khói bằng gỗ cứng có nhân jalapeños thái hạt lựu và phô mai cheddar tan chảy trong suốt. Món đặc sản BBQ này kết hợp hương vị khói, cay và mặn, với ớt mang lại độ cay vừa phải được cân bằng bởi các túi phô mai béo ngậy, nhiều kem. Xúc xích nấu chín hoàn toàn thường được phục vụ khi còn nóng, vẫn giữ được phần bên trong ngon ngọt và bên ngoài hơi giòn.",80
69ab14bd-6540-5057-b00c-72cb2ca58e43,,,Bánh mì kẹp bagel gà tây và Thụy Sĩ (Turkey and Swiss Bagel Sandwich),DISH,171.43,11.43,4.86,20.0,1.43,2.29,442.86,de172d43-2578-4f27-a571-6d871460d273,,,"Sandwich Bagel Thổ Nhĩ Kỳ và Thụy Sĩ là một loại bánh sandwich kiểu deli thịnh soạn được phục vụ tại các cửa hàng bánh mì tròn và quán cà phê, có ức gà tây thái lát và pho mát Thụy Sĩ trên bánh mì tròn tươi. Món bánh sandwich thịnh soạn này thường bao gồm rau diếp tươi và cà chua, cung cấp một bữa ăn hoàn chỉnh với khoảng 500-700 calo tùy thuộc vào loại bánh mì tròn. Đáng chú ý là hàm lượng protein cao 30-45 gram mỗi bánh sandwich, nó đại diện cho một lựa chọn làm no kết hợp protein nạc với sữa và rau tươi.",80
275339c3-48da-5669-8d17-a6b571b10c09,,,Sò điệp bọc thịt xông khói (Scallops Wrapped in Bacon),DISH,256.67,21.11,16.67,5.56,0.56,2.22,777.78,de172d43-2578-4f27-a571-6d871460d273,,,"Sò điệp bọc thịt xông khói là món khai vị cổ điển của New England gồm có sò điệp biển tươi được bọc riêng trong thịt xông khói xông khói bằng phong, thường được phục vụ bốn miếng cho mỗi đơn hàng. Mỗi miếng được phủ một lớp vụn bánh mì và phô mai dày dặn trước khi nướng cho đến khi thịt xông khói giòn và sò điệp mềm. Món ăn giàu protein này cung cấp khoảng 16-21 gam protein mỗi khẩu phần, mặc dù nó cũng chứa một lượng natri đáng kể từ thịt xông khói và gia vị.",80
523440e9-1655-52c5-9ae3-91d3c9d5e787,,,Cà ri vàng với gà (Yellow Curry with Chicken),DISH,156.4,7.2,8.8,12.8,1.2,1.2,689.2,de172d43-2578-4f27-a571-6d871460d273,,,"Cà ri vàng với thịt gà là một món ăn nhà hàng Thái Lan đậm đà, đặc trưng bởi nước cốt dừa và màu vàng nghệ đặc trưng. Món cà ri có gia vị vừa phải này thường có các miếng thịt gà mềm và các loại rau như khoai tây, hành tây trong nước sốt thơm, đặc được làm từ các loại gia vị và thảo mộc truyền thống của Thái Lan. Món ăn này đặc biệt giàu calo do làm từ nước cốt dừa, cung cấp lượng protein đáng kể từ thịt gà trong khi đặc biệt chứa nhiều chất béo bão hòa và natri, như những chế phẩm đặc trưng của nhà hàng.",80
57ceb6d0-f482-5bb7-8081-492460459356,,,Tacos thịt heo xé (Pulled Pork Tacos),DISH,130.0,7.5,9.0,7.0,1.25,1.75,275.0,de172d43-2578-4f27-a571-6d871460d273,,,"Tacos thịt lợn kéo từ một nhà hun khói ở Texas là một món ăn kết hợp có thịt vai lợn băm nhỏ, hun khói chậm được phục vụ trong vỏ taco truyền thống. Thịt mềm, đầy khói thường đi kèm với phô mai cắt nhỏ, rau diếp tươi và sốt BBQ, kết hợp truyền thống thịt nướng của Texas với cách trình bày theo phong cách Mexico. Mỗi taco cung cấp một nguồn protein đáng kể đồng thời cung cấp sự kết hợp cân bằng giữa kết cấu và hương vị đặc trưng của cách chế biến món hun khói đích thực.",80
f84b05e0-6817-5523-832d-205dd6540a17,,,Satay heo (Pork Satay),INGREDIENT,280.8,18.48,15.6,16.6,1.0,4.0,705.2,de172d43-2578-4f27-a571-6d871460d273,,,"Thịt lợn sa tế là một món ăn truyền thống của Thái Lan gồm thịt thăn lợn ướp nướng trên xiên tre và ăn kèm với nước chấm đậu phộng đậm đà. Thịt thường được ướp với các loại gia vị thơm như nghệ, tỏi và rau mùi trước khi nướng than, tạo nên một món ăn giàu protein đầy hương vị. Trong khi khẩu phần ăn tại nhà hàng thường bao gồm nhiều xiên với phần nước sốt phong phú, món ăn này cung cấp lượng protein đáng kể nhưng có thể chứa nhiều chất béo bão hòa và natri do nước sốt đậu phộng.",80
0526590a-a36b-55c6-a4c6-7ee02f05e4ac,,,Gà Al Machboos (Al Machboos Chicken),INGREDIENT,156.0,9.6,5.4,17.2,0.5,0.75,204.0,de172d43-2578-4f27-a571-6d871460d273,,,"Gà Al Machboos là một món ăn tinh tế của người Dubai với cơm basmati thơm được xếp lớp với thịt gà mềm và nấu trong nước dùng có gia vị thơm. Cách chế biến cầu kỳ này kết hợp hỗn hợp gia vị baharat truyền thống, chanh khô (loomi) và nghệ tây, tạo nên hương vị phức tạp đặc trưng của ẩm thực vùng Vịnh. Món ăn được trình bày trang nhã với các loại gia vị trang trí cao cấp như hành tây chiên, các loại hạt nướng và các loại thảo mộc tươi, mang đến sự kết hợp cân bằng giữa protein và carbohydrate trong mỗi khẩu phần.",80
dfa430e9-def6-5a89-96a6-fa4ad6dd91c4,,,Shawarma bò (Beef Shawarma),INGREDIENT,253.2,27.6,8.4,16.8,1.6,2.0,172.4,de172d43-2578-4f27-a571-6d871460d273,,,"Shawarma thịt bò là một món ăn Trung Đông có thịt bò dày dặn được xếp trên một lò quay dọc và nướng chậm cho đến khi mềm. Thịt được ướp với các loại gia vị thơm như thì là, rau mùi và ớt bột, sau đó cạo thành từng lát mỏng khi nấu. Theo truyền thống được phục vụ trong bánh mì pita với rau tươi và nước sốt tahini, món ăn giàu protein này mang đến sự kết hợp hài lòng giữa thịt nạc, carbohydrate phức tạp và chất béo lành mạnh từ dầu ô liu và nước sốt làm từ mè.",80
56efe153-7fa5-5992-914d-a750bbc6b327,,,Sườn BBQ (BBQ Ribs),DISH,218.39,17.05,15.71,2.11,0.0,2.11,967.43,de172d43-2578-4f27-a571-6d871460d273,,,"Sườn nướng BBQ tại các bữa tiệc buffet thường là sườn lợn được nấu từ từ cho đến khi mềm và rưới nước sốt thịt nướng mặn ngọt. Món ăn giàu protein này đặc biệt giàu calo do hàm lượng chất béo và lớp phủ nước sốt, với các giá trị dinh dưỡng thay đổi đáng kể dựa trên khẩu phần và số lượng nước sốt. Thịt thường được phục vụ trên xương theo từng phần một nửa hoặc toàn bộ giá, với kết cấu mềm đặc trưng giúp thịt dễ dàng tách ra khỏi xương.",75
16656c56-8476-5727-b937-8040992b934e,,,Gà rán cay (Spicy Fried Chicken),DISH,213.33,20.0,12.0,12.0,1.0,0.67,600.0,de172d43-2578-4f27-a571-6d871460d273,,,"Gà rán cay là một món ăn kiểu miền Nam bao gồm các miếng thịt gà phủ bột mì dày dặn và tẩm bột cay, sau đó chiên ngập dầu cho đến khi có màu vàng nâu và giòn. Sức nóng đặc trưng đến từ sự pha trộn của ớt cayenne và các loại gia vị khác được đưa vào lớp phủ, có thể thay đổi cường độ từ nhẹ đến cực kỳ cay. Mặc dù có hàm lượng protein cao nhưng phương pháp chế biến này cũng mang lại hàm lượng chất béo đáng kể, với lớp vỏ giòn bên ngoài giúp bổ sung thêm calo và carbohydrate cho thịt gà.",80
294339f3-9109-57d5-bf58-0a00bc92c753,,,Kabuli Pulao với thịt cừu (Kabuli Pulao with Lamb),INGREDIENT,340.0,12.67,17.33,34.67,2.33,4.0,266.67,de172d43-2578-4f27-a571-6d871460d273,,,"Kabuli Pulao là món cơm quốc gia của Afghanistan, gồm có cơm basmati thơm nấu chậm với thịt cừu mềm và được trang trí theo kiểu truyền thống với cà rốt ngọt, nho khô căng mọng và các loại hạt. Bữa ăn hoàn chỉnh này được chế biến bằng phương pháp nấu 'dum' đặc biệt, trong đó các nguyên liệu được xếp thành từng lớp và nấu chín bằng hơi nước để hương vị phát huy hết. Món ăn đạt được sự cân bằng đặc trưng giữa hương vị mặn và ngọt, được tăng cường bởi các loại gia vị ấm áp như bạch đậu khấu và quế, khiến nó trở thành nền tảng của ẩm thực nhà hàng Afghanistan.",80
242d2134-c18c-5b9b-87fb-ba186676f580,,,Cừu Al Machboos (Al Machboos Lamb),INGREDIENT,173.0,7.0,4.8,25.5,1.2,0.5,462.5,de172d43-2578-4f27-a571-6d871460d273,,,"Thịt cừu Al Machboos là một món ăn nổi tiếng của Người Dubai với những miếng thịt cừu cao cấp được nấu chậm với hỗn hợp thơm của bạch đậu khấu, quế và chanh khô. Thịt được phục vụ trên cơm basmati tẩm nghệ tây đã được nấu trong nước dùng đậm đà của thịt cừu, tạo ra nhiều lớp hương vị phức tạp. Cách chế biến món ăn hảo hạng này được trang trí theo kiểu truyền thống với các loại hạt nướng và thảo mộc tươi, thể hiện sự tinh tế về di sản ẩm thực Bedouin.",80
d93ee31d-1f5a-56f6-a700-3283531b62bf,,,Cánh gà Cajun (Cajun Wings),DISH,250.0,16.67,20.83,0.0,0.0,0.0,541.67,de172d43-2578-4f27-a571-6d871460d273,,,"Cánh Cajun là cánh gà chiên giòn được phủ một lớp gia vị đặc biệt kiểu Louisiana bao gồm ớt bột, tỏi và các loại ớt khác nhau. Những chiếc cánh kiểu nhà hàng này cung cấp mức nhiệt vừa phải đến nóng và thường được phục vụ giòn bên ngoài trong khi bên trong vẫn ngon ngọt. Mặc dù cung cấp một nguồn protein tốt nhưng chúng lại có hàm lượng natri và chất béo cao đáng kể do cách pha trộn gia vị và phương pháp chế biến.",75
4e015e10-6108-57b5-9400-91921df38685,,,Bát Poke gà (Chicken Poke Bowl),INGREDIENT,104.0,6.4,2.0,15.0,1.4,1.0,300.0,de172d43-2578-4f27-a571-6d871460d273,,,"A Chicken Poke Bowl là một món ăn lấy cảm hứng từ Hawaii với thịt gà dày dạn được phục vụ cùng cơm sushi với rau tươi và lớp phủ trên bề mặt lấy cảm hứng từ châu Á. Phiên bản hiện đại của món poke truyền thống này thường bao gồm thịt gà ướp, dưa chuột, đậu nành Nhật Bản và cà rốt, thường được hoàn thiện với các chất bổ sung như bơ và hạt vừng. Bát cung cấp một bữa ăn cân bằng với hàm lượng protein đáng kể và rau tươi, đồng thời cung cấp các tùy chọn tùy chỉnh thông qua nhiều loại nước sốt và lớp phủ khác nhau.",80
aa4324f1-2247-5244-b84c-4af927b5386c,,,Cánh gà muối giấm (Salt and Vinegar Wings),INGREDIENT,286.67,35.33,16.0,0.0,0.0,0.0,106.67,de172d43-2578-4f27-a571-6d871460d273,,,"Cánh muối và giấm là món cánh gà kiểu nhà hàng được chế biến bằng nước sốt khô đặc biệt thay vì nước sốt ướt truyền thống. Những chiếc cánh này thường được chiên ngập dầu cho đến khi giòn, sau đó phủ một lớp hỗn hợp gia vị kết hợp vị giấm đậm đà với vị muối mặn. Mặc dù có hàm lượng protein cao và lượng chất béo vừa phải nhưng chúng vẫn chứa rất ít carbohydrate, khiến chúng phù hợp với nhiều sở thích ăn kiêng khác nhau bao gồm chế độ ăn keto và low-carb.",75
9d58721f-af28-52f9-9f02-a50b9c3fc410,,,Thịt bò muối và bắp cải (Corned Beef and Cabbage),INGREDIENT,155.0,7.5,7.0,8.75,1.5,2.0,350.0,de172d43-2578-4f27-a571-6d871460d273,,,"Thịt bò bắp và bắp cải là một món ăn quán rượu truyền thống của Ireland gồm ức thịt bò muối nấu chậm với bắp cải, khoai tây, cà rốt và gia vị thơm. Bữa ăn thịnh soạn này kết hợp thịt mềm, được tẩm ướp kỹ với các loại rau mềm trong nước dùng đầy hương vị, thường dùng kèm với mù tạt hoặc cải ngựa. Mặc dù giàu protein và các vitamin thiết yếu nhưng món ăn này lại có hàm lượng natri cao đáng kể do quá trình xử lý thịt bò.",80
21357f9e-fac2-5ab5-ae79-7a25863d83ab,,,Sườn heo (Pork Chops),INGREDIENT,231.11,9.78,14.22,14.22,1.56,1.78,640.0,de172d43-2578-4f27-a571-6d871460d273,,,"Sườn lợn được phục vụ trong các nhà hàng kiểu gia đình thường là những phần thịt thăn lợn nặng 6-8 oz, thường được chế biến thêm chất béo và gia vị để tăng hương vị. Các chế phẩm tại nhà hàng này thường có hàm lượng natri cao hơn so với các món nấu tại nhà do gia vị và nước sốt hoặc nước thịt đi kèm. Mặc dù cung cấp lượng protein đáng kể (khoảng 22g mỗi khẩu phần) và các vitamin B thiết yếu, các món chế biến tại nhà hàng có xu hướng chứa nhiều calo hơn do phương pháp nấu ăn và các món ăn kèm truyền thống như nước thịt hoặc nước sốt làm từ bơ.",80
e18c153d-e080-54c7-8ec6-bd6c40a9624c,,,Bánh mì kẹp giăm bông và phô mai (Ham and Cheese Sub),DISH,246.58,13.7,11.64,21.92,1.37,2.74,787.67,de172d43-2578-4f27-a571-6d871460d273,,,"A Ham and Cheese Sub là một loại bánh sandwich kiểu deli thường được phục vụ trên một cuộn dài kiểu Ý với giăm bông thái lát và pho mát làm thành phần chính. Loại bánh sandwich giàu protein này thường bao gồm các chất bổ sung có thể tùy chỉnh như rau diếp, cà chua và gia vị, với một phần tiêu chuẩn 6 inch cung cấp khoảng 350-370 calo. Mặc dù cung cấp hàm lượng protein đáng kể, nhưng món bánh mì sandwich này lại có hàm lượng natri cao đáng kể do hàm lượng thịt đã qua chế biến, khiến nó trở thành một lựa chọn bữa ăn no nhưng có ý thức về muối.",80
b15f9173-dff6-5bc3-ae4f-11b9f984afca,,,Pizza bít tết phô mai (Pizza Cheesesteak),DISH,250.0,12.5,13.24,21.32,1.84,1.47,588.24,de172d43-2578-4f27-a571-6d871460d273,,,"Pizza Cheesesteak là một món ăn kết hợp các yếu tố của món bít tết phô mai Philadelphia với cách chế biến pizza. Món ăn thịnh soạn này có vỏ bánh pizza phủ bít tết thái lát mỏng, phô mai tan chảy, hành tây và ớt xào, tạo nên một bữa ăn thịnh soạn có hàm lượng protein đặc biệt cao. Sự kết hợp này mang lại hương vị phong phú đồng thời chứa một lượng đáng kể protein và calo, khiến nó trở thành một lựa chọn làm no thường thấy ở các nhà hàng đặc sản bít tết phô mai.",75
6b19d98b-1739-500e-a7ab-c295760ed569,,,Ruz bil Hamoud (Ruz bil Hamoud),DISH,84.16,3.9,1.04,14.81,4.16,1.04,155.84,de172d43-2578-4f27-a571-6d871460d273,,,"Ruz bil Hamoud là món ăn truyền thống của Syria kết hợp cơm và đậu lăng với cách chế biến có vị chanh đặc trưng. Món chính thịnh soạn này có các loại gia vị thơm, tỏi và bạc hà khô, tạo nên sự pha trộn cân bằng giữa hương vị thơm và mặn. Sự kết hợp giữa gạo và đậu lăng cung cấp nguồn protein hoàn chỉnh, đồng thời món ăn cung cấp hàm lượng chất xơ đáng kể và các khoáng chất thiết yếu, khiến nó trở thành một lựa chọn ăn chay bổ dưỡng.",80
72661b26-a846-5792-aff5-f9e031c07e9b,,,Gà Alfredo (Chicken Alfredo),INGREDIENT,304.44,18.0,14.0,28.89,2.22,1.33,604.44,de172d43-2578-4f27-a571-6d871460d273,,,"Chicken Alfredo là một món mì ống đậm đà của người Mỹ gốc Ý gồm mì fettuccine được trộn trong nước sốt kem làm từ kem béo, bơ và phô mai Parmesan, phủ ức gà dày dạn lên trên. Các suất ăn của nhà hàng thường cung cấp một khẩu phần ăn phong phú vượt quá 1.300 calo, trong đó nước sốt đóng góp một lượng đáng kể chất béo bão hòa và natri. Mặc dù có hàm lượng protein cao từ thịt gà, nhưng món ăn hấp dẫn này lại có đặc điểm là nước sốt kem đặc, sang trọng và khẩu phần ăn lớn đặc trưng của các nhà hàng kiểu gia đình.",80
d1681fb1-a67b-50b6-b7d9-87d64aabd59c,,,Gà Suya (Chicken Suya),INGREDIENT,233.33,13.33,15.0,11.0,0.67,1.67,266.67,de172d43-2578-4f27-a571-6d871460d273,,,"Chicken Suya là món nướng Tây Phi có thịt gà ướp trong yaji, một hỗn hợp gia vị làm từ đậu phộng đặc biệt có gừng, tỏi và ớt. Thịt thường được nướng cho đến khi có khói và mềm, sau đó được thái lát mỏng với hành tươi và cà chua, thường được gói trong giấy. Món ăn giàu protein này được đặc trưng bởi hương vị phức tạp, cay và là món ăn phổ biến ở các nhà hàng Tây Phi.",80
ca06fa6a-b33d-5ee5-9d7d-2a670e4c861e,,,Ức gà nướng (Grilled Chicken Breast),DISH,164.71,31.18,4.12,0.59,0.0,0.59,294.12,de172d43-2578-4f27-a571-6d871460d273,,,"Ức gà nướng thức ăn nhanh là sản phẩm gia cầm đã qua chế biến thường được ướp và nướng trên ngọn lửa trong môi trường thương mại. Mặc dù cung cấp nguồn protein nạc với khoảng 150-190 calo mỗi khẩu phần, nhưng các chế phẩm này thường chứa nhiều natri hơn đáng kể và các chất phụ gia khác nhau như phốt phát và tinh bột so với các phiên bản nấu tại nhà. Gà thường được phục vụ không da và không xương, cung cấp khoảng 29-31 gam protein mỗi khẩu phần, mặc dù chất lượng protein có thể thấp hơn gà nướng truyền thống do phương pháp chế biến.",80
f8e46df3-4193-5e31-baa8-badadb598db3,,,Makloubeh với gà (Makloubeh with Chicken),INGREDIENT,109.5,6.5,1.5,17.5,1.0,0.75,125.0,de172d43-2578-4f27-a571-6d871460d273,,,"Makloubeh là món cơm truyền thống của Jordan, trong đó thịt gà, cơm thơm và rau chiên được xếp cẩn thận và nấu cùng với các loại gia vị thơm của Trung Đông. Tên của món ăn có nghĩa là 'lộn ngược' trong tiếng Ả Rập, vì nó được đảo ngược một cách đáng kinh ngạc trên đĩa phục vụ để lộ cách trình bày nhiều lớp đặc biệt. Món ăn thịnh soạn tại nhà hàng này thường bao gồm cà tím chiên và súp lơ trắng, thịt gà mềm và cơm nấu chín hoàn hảo, theo truyền thống được phục vụ với sữa chua và trang trí bằng hạnh nhân nướng.",80
4b2401be-4521-590b-b7ef-8a5f9d4c1763,,,Xúc xích tẩm bột và khoai tây chiên (Battered Sausage and Chips),DISH,299.58,10.13,19.83,19.83,1.69,1.27,379.75,de172d43-2578-4f27-a571-6d871460d273,,,"Xúc xích và khoai tây chiên giòn là một món ăn mang đi thịnh soạn của Scotland với xúc xích thịt lợn bọc trong bột bia giòn, ăn kèm với khoai tây chiên cắt dày. Sự kết hợp thực phẩm chiên giòn tiện lợi này thường cung cấp hàm lượng protein và năng lượng đáng kể, với một khẩu phần tiêu chuẩn chứa khoảng 710 calo. Bề ngoài giòn đặc trưng có được nhờ bột bánh chuyên dụng kết hợp chất lỏng có ga, trong khi khoai tây chiên được chiên hai lần theo cách truyền thống để có kết cấu tối ưu.",80
b5611987-17e4-5e20-99f9-a9edf6a99c03,,,Đĩa gà (Chicken Platter),INGREDIENT,211.64,32.16,7.81,3.17,0.0,3.17,391.18,de172d43-2578-4f27-a571-6d871460d273,,,"Đĩa gà hun khói kiểu Texas là một món ăn thịnh soạn gồm thịt gà hun khói chậm, thường có 8 ounce thịt mềm, kéo được tẩm gia vị thịt nướng truyền thống. Món ăn giàu protein này thường được dùng kèm với nước sốt thịt nướng tự làm và các món ăn cổ điển như xà lách trộn hoặc đậu nướng. Quá trình hun khói tạo ra một lựa chọn protein nạc, có hương vị, cung cấp hơn 70 gam protein cho mỗi khẩu phần, mặc dù giá trị dinh dưỡng có thể thay đổi đáng kể tùy theo lựa chọn nước sốt và phương pháp chuẩn bị.",80
c63aeed7-d792-522b-8d4c-0d876a0c131d,,,Gà Nashville Hot (Nashville Hot Chicken),INGREDIENT,206.67,14.0,11.33,11.33,0.67,1.33,500.0,de172d43-2578-4f27-a571-6d871460d273,,,"Nashville Hot Chicken là một món ăn đặc trưng của miền Nam bao gồm gà rán được phủ một lớp sốt cay đặc biệt làm từ ớt cayenne tạo nên màu đỏ đậm đặc trưng. Đặc sản Tennessee này được chế biến theo truyền thống bằng cách chiên gà tẩm bột cho đến khi giòn, sau đó phết với nước sốt làm từ dầu cayenne và các loại gia vị khác. Thịt gà thường được phục vụ trên bánh mì trắng với dưa chua, với mức độ cay từ nhẹ đến cực kỳ cay.",80
e508c88f-d5b0-56a6-957a-b9c03b55d136,,,Bánh crepe gà Pesto (Pesto Chicken Crepe),INGREDIENT,226.67,15.0,14.0,11.33,1.0,1.67,253.67,de172d43-2578-4f27-a571-6d871460d273,,,"Pesto Chicken Crepe là một loại bánh xèo mỏng kiểu Pháp với nhân gà nướng và sốt pesto húng quế, thường được phục vụ tại các tiệm bánh crepe đặc sản. Món ăn đặc sắc này kết hợp lớp vỏ bánh crepe tinh tế với ức gà dày dặn và nước sốt pesto đậm đà làm từ húng quế, dầu ô liu và pho mát Parmesan, thường được kết thúc với cà chua tươi và một chút kem chua. Là một bữa ăn hoàn chỉnh, nó cung cấp một nguồn protein đáng kể đồng thời mang đến sự kết hợp tinh tế giữa ảnh hưởng ẩm thực Pháp và Ý.",80
d5ed3c72-52c0-50a3-8611-20595ef9aad8,,,Gà và bánh quy (Chicken and Biscuit),INGREDIENT,312.5,11.88,14.38,28.12,1.25,3.12,625.0,de172d43-2578-4f27-a571-6d871460d273,,,"Gà và bánh quy kiểu miền Nam là một món ăn thịnh soạn, thoải mái với phi lê ức gà chiên tẩm bột được phục vụ trên bánh quy bơ sữa mới nướng. Món ăn sáng hoặc bữa trưa bổ dưỡng này kết hợp cốt lết gà tẩm gia vị giòn với bánh quy bơ xốp, tạo nên một bữa ăn giàu calo đặc trưng của ẩm thực truyền thống miền Nam. Mặc dù cung cấp hàm lượng protein đáng kể nhưng món ăn này lại có hàm lượng calo và natri cao đáng kể, thường chứa hơn 500 calo mỗi khẩu phần trong hầu hết các chế phẩm của nhà hàng.",80
a28d74ce-b8bb-5456-a9c3-d40a73cfcb97,,,Samboosa cừu (Samboosa Lamb),INGREDIENT,236.0,6.0,11.0,28.0,2.0,2.0,540.0,de172d43-2578-4f27-a571-6d871460d273,,,"Samboosa Lamb là một phiên bản nâng cao của món samosa truyền thống của Người Dubai, có lớp vỏ bánh giòn bên ngoài chứa đầy thịt cừu băm nhỏ được tẩm gia vị bezar, một hỗn hợp gia vị địa phương phức tạp kết hợp thì là, rau mùi và gia vị thơm ấm. Những chiếc bánh ngọt hình tam giác tinh tế được chiên cẩn thận để đạt được lớp vỏ ngoài xốp, không nhờn, bao bọc bên trong nhân thịt cừu mềm, đậm đà gia vị. Trong môi trường ăn uống cao cấp, những món khai vị cầu kỳ này thường được phục vụ như một món khai vị trang nhã, thường đi kèm với nước chấm bổ sung.",80
f4d7029d-12c9-53e1-9e1d-9f1b41ea2610,,,Kibbeh thịt (Meat Kibbeh),DISH,230.09,12.39,7.08,30.09,0.44,1.77,407.08,de172d43-2578-4f27-a571-6d871460d273,,,"Thịt kibbeh là một món ăn truyền thống của Trung Đông được làm từ thịt xay mịn (thường là thịt cừu hoặc thịt bò) trộn với lúa mì bulgur, hành tây và gia vị thơm. Những nguyên liệu này được tạo thành những chiếc bánh croquette hình quả bóng đá và thường được chiên ngập dầu cho đến khi có màu nâu vàng và giòn bên ngoài trong khi bên trong vẫn mềm. Món ăn giàu protein này cung cấp thành phần dinh dưỡng đáng kể, kết hợp protein hoàn chỉnh từ thịt với carbohydrate phức hợp từ lúa mì bulgur.",80
3007ee89-a0dd-523c-8745-19e7dba31a30,,,Chateaubriand (Chateaubriand),DISH,200.0,25.66,9.73,0.0,0.0,0.0,75.22,de172d43-2578-4f27-a571-6d871460d273,,,"Chateaubriand là món thịt thăn bò nướng cắt giữa cao cấp nổi tiếng với độ mềm đặc biệt và cách trình bày tinh tế trong các nhà hàng bít tết cao cấp. Phần cắt sang trọng này có hương vị đậm đà, giống thịt bò và kết cấu mượt mà do hàm lượng mô liên kết tối thiểu. Được chế biến theo kiểu truyền thống vừa-hiếm và được trình bày như một phần chia sẻ trang nhã dành cho hai người, món này thể hiện một trong những cách thể hiện tinh tế nhất của bữa ăn tại nhà hàng bít-tết.",75
7df108b0-1733-566c-84d5-e36a88b46831,,,Lapskaus với thịt cừu (Lapskaus with Lamb),INGREDIENT,100.0,6.29,5.71,5.14,1.0,1.14,171.43,de172d43-2578-4f27-a571-6d871460d273,,,"Lapskaus là món hầm truyền thống của Na Uy gồm thịt cừu mềm và nhiều loại rau củ như khoai tây, cà rốt và rutabaga. Món ăn thịnh soạn này được đun nhỏ lửa từ từ cho đến khi thịt trở nên mềm và rau có độ sệt đậm đà, dễ chịu. Trong chế biến tại nhà hàng, món hầm thường kết hợp các thành phần thơm như tỏi tây và cần tây, tạo ra một phiên bản tinh tế của món ăn tiện nghi cổ điển kiểu Bắc Âu này vốn đã từng phục vụ những người lao động ngoài trời ở vùng có khí hậu lạnh giá.",80
c7b6d0dc-0387-5fbe-8eee-f414d2583fbd,,,Waakye với thịt bò (Waakye with Beef),INGREDIENT,137.5,8.75,3.0,18.75,4.25,0.5,2000.0,de172d43-2578-4f27-a571-6d871460d273,,,"Waakye là món ăn truyền thống của Tây Phi, trong đó gạo và đậu được nấu cùng với lá lúa miến, mang lại màu nâu đỏ đặc trưng và hương vị độc đáo. Phiên bản thịnh soạn này bao gồm thịt bò mềm và thường được ăn kèm với các món ăn kèm như chuối chiên, mì spaghetti và sốt tiêu cay (shito). Sự kết hợp giữa gạo, đậu và thịt bò tạo ra một bữa ăn đầy đủ dinh dưỡng, giàu protein và chất xơ, đồng thời cung cấp năng lượng bền vững thông qua carbohydrate phức tạp.",80
052ee78b-27b7-5e00-804f-50246f57acb9,,,Chả giò bít tết và phô mai (Steak and Cheese Egg Rolls),DISH,305.88,12.94,7.06,27.06,2.35,3.53,658.82,de172d43-2578-4f27-a571-6d871460d273,,,"Bít tết và trứng cuộn phô mai là món khai vị kết hợp bao bọc các nguyên liệu bít tết phô mai truyền thống của Philly trong giấy gói trứng cuộn giòn. Những món cuộn chiên giòn này có thịt bò thái lát dày dặn và phô mai tan chảy được bọc bên ngoài giòn, thường dùng kèm với nước chấm. Mặc dù mang đến sự thay đổi sáng tạo cho cả món ăn cổ điển của châu Á và châu Mỹ, những món khai vị hấp dẫn này đặc biệt có hàm lượng calo và natri cao, thường chứa hơn 500mg natri mỗi miếng.",75
1a285adf-f742-5bcc-9f42-dc03918bb3c0,,,Thareed với thịt cừu (Thareed with Lamb),INGREDIENT,112.5,7.5,3.75,12.5,1.5,1.5,175.0,de172d43-2578-4f27-a571-6d871460d273,,,"Thareed là món ăn truyền thống của Qatar bao gồm thịt cừu mềm nấu chậm với rau trong nước dùng cà chua đậm đà, ăn kèm với những miếng bánh mì dẹt kiểu Ả Rập giòn. Bữa ăn hoàn chỉnh này kết hợp thịt cừu giàu protein với các loại rau như cà rốt, khoai tây và cà chua, trong khi đế bánh mì thấm nước dùng đầy hương vị. Món ăn này đặc biệt quan trọng trong ẩm thực Trung Đông và thường được giới thiệu trong tháng Ramadan vì hàm lượng dinh dưỡng dồi dào và khiến bạn hài lòng.",80
9586d37f-4d5b-5b26-ac9f-dad4b8226148,,,Combo thịt bò và xúc xích (Beef and Sausage Combo),INGREDIENT,336.0,15.6,18.8,24.4,1.2,4.0,868.0,de172d43-2578-4f27-a571-6d871460d273,,,"Combo Thịt bò và Xúc xích là món bánh sandwich đặc trưng của Chicago kết hợp thịt bò thái lát mỏng, nướng chậm với xúc xích Ý nướng trên một chiếc bánh cuộn kiểu Pháp chắc chắn. Thịt bò được ninh trong nước sốt au jus dày dặn, trong khi bánh sandwich có thể được phục vụ 'khô', 'nhúng' hoặc 'ướt' tùy theo sở thích. Sự kết hợp thịnh soạn này theo truyền thống được phủ lên trên với giardiniera cay hoặc ớt chuông ngọt, mang đến sự cân bằng có thể tùy chỉnh giữa hương vị và kết cấu đặc trưng của truyền thống thịt bò Ý của Chicago.",80
3b2abe2e-80db-58e6-9a28-0a7a1e1417f2,,,Cánh gà BBQ mật ong (Honey BBQ Wings),DISH,216.67,11.67,11.67,15.0,0.33,6.0,266.67,de172d43-2578-4f27-a571-6d871460d273,,,"Cánh BBQ mật ong là cánh gà được phủ một lớp nước sốt thịt nướng ngọt và khói được pha thêm mật ong để tăng thêm vị ngọt. Những chiếc cánh kiểu nhà hàng này thường được chiên ngập dầu cho đến khi giòn, sau đó rưới nước sốt, tạo nên lớp ngoài bóng và dính, giúp phân biệt chúng với những cánh kiểu trâu truyền thống. Mặc dù cung cấp lượng protein đáng kể nhưng những loại cánh này thường có lượng calo và đường cao hơn so với các loại cánh khác do có lớp sốt ngọt bên ngoài.",75
