id,created_at,updated_at,name,type,calories_per_100g,protein_per_100g,fat_per_100g,carbs_per_100g,fiber_per_100g,sugar_per_100g,sodium_mg_per_100g,category_id,default_serving_id,image_url,description,health_score
6ab29183-e345-5e7b-95cc-7e0880e0a150,,,Khoai tây (Potatoes),INGREDIENT,77.0,2.0,0.09,17.4,1.7,0.95,6.3,d955f552-54bb-4357-b9be-a0269615a707,,,"Khoai tây là loại rau củ có nhiều tinh bột, được dùng như một loại thực phẩm chủ yếu trong chế độ ăn uống toàn cầu do tính linh hoạt và carbohydrate cung cấp năng lượng của chúng. Hương vị trung tính và kết cấu đa dạng của chúng - từ khoai tây mềm mịn đến khoai tây đỏ sáp - thích hợp để nướng, luộc hoặc chiên, mặc dù phương pháp chế biến ảnh hưởng đáng kể đến thành phần dinh dưỡng của chúng. Khoai tây tươi còn vỏ cung cấp vitamin C, kali và chất xơ, đồng thời chỉ số no cao khiến chúng có giá trị trong chế độ ăn uống cân bằng khi được chế biến với lượng chất béo bổ sung tối thiểu.",95
284ede16-c09c-5b88-9ad7-07f3e14a5ce4,,,Hành tây vàng (Yellow Onion),INGREDIENT,40.0,0.83,0.05,8.61,1.9,5.82,1.0,d955f552-54bb-4357-b9be-a0269615a707,,,"Hành vàng là một loại rau allium đa năng có đặc điểm là vỏ màu nâu vàng như giấy và thịt trắng nhiều lớp với hương vị ngọt-cay nồng cân bằng. Khi nấu chín, đường tự nhiên của nó chuyển thành caramen tạo thành vị ngọt đậm đà, khiến nó trở thành nguyên liệu cơ bản trong các món súp, nước sốt và món xào. Loại này chứa các hợp chất lưu huỳnh cao hơn hành ngọt, góp phần tạo nên hương vị thô sắc nét hơn và hàm lượng chất chống oxy hóa đáng chú ý từ các flavonoid như quercetin.",95
2850ee93-e468-5de7-a128-053c2f58d89b,,,Khoai tây trắng (White Potatoes),INGREDIENT,69.0,1.68,0.1,15.71,2.4,1.15,16.0,d955f552-54bb-4357-b9be-a0269615a707,,,"Khoai tây trắng là một loại rau củ có nhiều tinh bột, đặc trưng bởi hương vị trung tính và kết cấu mịn khi nấu chín. Nguồn carbohydrate linh hoạt này cung cấp các chất dinh dưỡng thiết yếu bao gồm vitamin C, kali và chất xơ - đặc biệt khi được tiêu thụ với làn da đậm đặc chất dinh dưỡng của chúng. Mặc dù chúng thường được chế biến bằng cách nướng, luộc hoặc chiên, nhưng chỉ số đường huyết cao khi gọt vỏ khiến việc chia khẩu phần thích hợp trở nên quan trọng đối với việc quản lý lượng đường trong máu.",95
89e01552-3f29-531b-af7f-8dc477507e40,,,Hành tây (Onions),INGREDIENT,41.0,1.13,0.1,9.66,1.77,4.61,3.57,d955f552-54bb-4357-b9be-a0269615a707,,,"Hành tây là loại rau củ cơ bản thuộc họ Allium, được công nhận nhờ cấu trúc phân lớp và các hợp chất lưu huỳnh tạo ra mùi thơm hăng khi cắt. Hành tươi cung cấp vitamin C, chất chống oxy hóa như quercetin và chất xơ prebiotic trong khi vẫn chứa ít calo. Đặc điểm hương vị của chúng thay đổi đáng kể khi nấu - phát triển vị ngọt caramen khi xào - và các loại khác nhau đáng kể, với hành đỏ được ưa chuộng sống để tạo độ giòn, màu vàng để nấu và màu trắng để tạo độ sắc nét trong salsas.",95
d730bc16-6e2a-5ea5-bdfb-cade029fb166,,,"Hành tây nấu chín (Onions, Cooked)",DISH,44.0,1.36,0.19,10.15,1.7,4.73,3.0,d955f552-54bb-4357-b9be-a0269615a707,,,"Hành tây nấu chín là loại rau hành được làm mềm, caramen, tạo ra hương vị ngọt ngào, êm dịu khi đun nóng, tương phản rõ rệt với vị cay nồng sống của chúng. Quá trình nấu phá vỡ cấu trúc tế bào của chúng, tăng cường khả năng tiêu hóa đồng thời bảo tồn chất xơ hòa tan có lợi và các hợp chất prebiotic hỗ trợ sức khỏe đường ruột. Thành phần nền tảng đa năng này xuất hiện trong các món xào, quay hoặc nướng trong các nền ẩm thực toàn cầu, tăng thêm chiều sâu cho các món ăn từ súp đến món xào mà không tăng thêm lượng calo đáng kể khi chế biến không có dầu hoặc chất béo.",95
0ed2dbfb-1a0a-5bbd-a9d1-aabb5882e7f0,,,"Đậu pinto khô (Pinto Beans, Dry)",INGREDIENT,347.0,23.7,1.24,62.0,15.0,2.0,6.0,d955f552-54bb-4357-b9be-a0269615a707,,,"Đậu pinto khô là loại đậu phải được bù nước và nấu chín trước khi tiêu thụ. Những hạt đậu lốm đốm màu be này là thành phần chủ yếu trong nhiều nền ẩm thực, đặc biệt là trong các món ăn Mexico và Tây Nam, nơi chúng thường được nghiền hoặc dùng trong các món hầm và ớt. Đậu Pinto là nguồn cung cấp protein, chất xơ và các vi chất dinh dưỡng có nguồn gốc thực vật tuyệt vời, khiến chúng trở thành nguồn bổ sung dinh dưỡng và linh hoạt cho chế độ ăn uống cân bằng.",75
d2568cf5-05b3-5c48-932b-18b21a55e0bb,,,Đậu phộng rang mật ong (Honey Roasted Peanuts),DISH,560.0,23.0,43.0,27.0,8.0,12.0,190.0,d955f552-54bb-4357-b9be-a0269615a707,,,"Đậu phộng rang mật ong là một món ăn nhẹ có vị ngọt được làm bằng cách phủ đậu phộng đã bóc vỏ trong một lớp men làm từ mật ong trước khi nướng trong lò, tạo ra kết cấu giòn và hương vị mặn ngọt cân bằng. Trong khi vẫn giữ được protein tự nhiên và chất béo lành mạnh của đậu phộng sống, chế phẩm này làm tăng đáng kể lượng đường và carbohydrate bổ sung so với các loại không đường. Lớp phủ caramen bóng khiến chúng trở nên phổ biến trong các món ăn vặt và hỗn hợp đường mòn, mặc dù hàm lượng đường của chúng đòi hỏi phải kiểm soát khẩu phần ăn một cách cẩn thận trong việc theo dõi dinh dưỡng.",75
80e32933-423b-5571-98f1-4bdf5c896318,,,Nấm Cremini (Cremini Mushrooms),INGREDIENT,22.0,2.5,0.1,4.3,0.6,1.72,6.0,d955f552-54bb-4357-b9be-a0269615a707,,,"Nấm Cremini (Agaricus bisporus) là một loại nấm nút phổ biến trưởng thành, đại diện cho giai đoạn tăng trưởng trung gian giữa nấm nút trắng và nấm portobellos phát triển đầy đủ. Những loại nấm mũ nâu ​​này có hương vị đất đậm hơn so với các loại nấm non hơn do hợp chất umami đậm đặc, cùng với kết cấu thịt chắc, lý tưởng để xào hoặc rang. Chúng cung cấp một lượng đáng kể vitamin B, kali và selen trong khi vẫn chứa ít calo, khiến chúng trở thành nguồn bổ sung đậm đặc chất dinh dưỡng cho các món súp, món xào và các món ăn có nguồn gốc thực vật.",95
f9ac63b0-53d1-57ab-8e97-8d0e55b82356,,,Đậu lăng đỏ (Red Lentils),INGREDIENT,340.0,23.1,2.0,57.3,14.3,2.4,3.3,d955f552-54bb-4357-b9be-a0269615a707,,,"Đậu lăng đỏ được tách đôi, không có vỏ, được biết đến với thời gian nấu nhanh và khả năng chuyển thành dạng kem khi đun sôi. Những loại đậu màu cam đồng này cung cấp đáng kể protein từ thực vật và chất xơ trong khi ít chất béo tự nhiên, với hàm lượng sắt và folate đáng chú ý. Là món chủ yếu trong món dals của Ấn Độ và món hầm Trung Đông, chúng hấp thụ hương vị dễ dàng và không cần ngâm trước, khiến chúng trở nên lý tưởng cho những bữa ăn nhạy cảm về thời gian.",75
e40af116-ab35-5724-8acb-30d9a5b4b46f,,,"Đậu đỏ đóng hộp ráo nước (Red Beans, Canned and Drained)",DISH,105.4,6.6,0.6,14.0,6.5,2.4,320.0,d955f552-54bb-4357-b9be-a0269615a707,,,"Đậu đỏ đóng hộp là nguồn cung cấp protein và chất xơ thực vật tiện lợi và sẵn có. Quá trình đóng hộp làm mềm đậu, khiến chúng được chế biến nhanh hơn so với đậu khô, mặc dù nó có thể làm giảm một chút mức chất dinh dưỡng nhất định. Để ráo đậu trước khi sử dụng giúp giảm hàm lượng natri thường được thêm vào trong quá trình đóng hộp và loại bỏ tinh bột dư thừa, có thể cải thiện khả năng tiêu hóa và hương vị.",75
7135bbe7-97b0-5f59-ae46-3c73c664997f,,,Củ thì là (Fennel),INGREDIENT,31.0,1.24,0.2,7.3,3.1,3.93,52.0,d955f552-54bb-4357-b9be-a0269615a707,,,"Thì là là một loại rau Địa Trung Hải có đặc điểm là hương vị đặc trưng giống hoa hồi hoặc cam thảo và củ màu trắng nhiều lớp, giòn, bên trên có những chiếc lá xanh có lông. Toàn bộ cây có thể ăn được, với củ thường được dùng sống trong món salad hoặc om như một món ăn phụ, trong khi lá dùng như một loại thảo mộc thơm. Loại rau ít calo này cung cấp đáng kể vitamin C, chất xơ và kali, đồng thời cung cấp các hợp chất thực vật độc đáo hỗ trợ sức khỏe tiêu hóa.",75
d3a704e9-22ba-54b1-92e4-6e4e74a5f37f,,,Hạnh nhân rang mật ong (Honey Roasted Almonds),DISH,594.0,18.2,49.9,27.9,13.7,14.2,130.0,d955f552-54bb-4357-b9be-a0269615a707,,,"Hạnh nhân rang mật ong là một món ăn nhẹ có vị ngọt và mặn được làm bằng cách phủ toàn bộ quả hạnh nhân trong một lớp men mật ong và rang chúng để tạo ra lớp vỏ ngoài giòn, có màu caramen. Trong khi vẫn giữ lại protein, chất xơ và chất béo lành mạnh của hạt cơ bản, chế phẩm này bổ sung một lượng đường và natri đáng kể so với hạnh nhân thô. Sự kết hợp giữa kết cấu giòn và hương vị phong phú làm cho chúng đậm đặc năng lượng, lý tưởng để cung cấp năng lượng nhanh chóng nhưng yêu cầu kiểm soát khẩu phần ăn một cách chú ý đối với những người theo dõi lượng đường hoặc muối bổ sung.",75
5cd59652-2c0b-5bdc-b9f2-2a457d9c6548,,,Cà tím (Eggplant),INGREDIENT,25.0,1.0,0.18,5.9,3.0,3.5,2.0,d955f552-54bb-4357-b9be-a0269615a707,,,"Cà tím là một loại rau củ cà tím đa năng được biết đến với lớp vỏ màu tím bóng và thịt giống như bọt biển, mềm ra thành dạng kem khi nấu chín. Loại rau ít calo, ít carbohydrate này hấp thụ hương vị đặc biệt tốt trong các món ăn như ratatouille và baba ganoush, mặc dù cấu trúc xốp của nó đòi hỏi phải quản lý dầu cẩn thận trong khi nấu. Trong khi các giống cây trồng hiện đại đã giảm vị đắng, thì việc ướp muối trước khi nấu vẫn là một kỹ thuật phổ biến để tinh chỉnh kết cấu và hương vị trong nhiều món ăn Địa Trung Hải và Châu Á.",75
badeb2ad-c7a8-507f-afca-f6798b8f8824,,,Ớt ngọt mini (Mini Sweet Peppers),INGREDIENT,30.0,1.0,0.0,6.0,2.0,4.0,2.0,d955f552-54bb-4357-b9be-a0269615a707,,,"Ớt ngọt mini là một loại ớt nhỏ, nhẹ được trồng để có kết cấu giòn và hương vị ngọt tự nhiên mà không có vị cay của ớt. Những loại rau nhiều màu sắc này — thường có màu đỏ, cam và vàng — chứa vitamin C đậm đặc và chất chống oxy hóa, có thành mỏng hơn và khoang hạt nhỏ hơn so với ớt chuông tiêu chuẩn. Hình dạng có kích thước nhỏ như đồ ăn nhẹ khiến chúng trở nên lý tưởng để ăn sống, trong khi vị ngọt của chúng tăng lên khi rang hoặc nướng.",75
bcae1ea5-7bf6-5001-a9ba-4302ad6eac1e,,,Đậu Hà Lan ăn cả vỏ (Sugar Snap Peas),INGREDIENT,42.0,3.0,0.3,7.5,2.8,4.7,5.0,d955f552-54bb-4357-b9be-a0269615a707,,,"Đậu Hà Lan đường là một loại rau lai kết hợp đậu Hà Lan đầy đặn của đậu vườn với vỏ đậu Hà Lan ăn được. Những loại vỏ giòn, hơi ngọt này chứa ít carbohydrate hơn 15% trong mỗi khẩu phần so với đậu Hà Lan có vỏ trong khi cung cấp chất xơ và vitamin C. Thường được dùng sống trong món salad hoặc xào nhẹ, kết cấu giòn và cấu trúc kép có thể ăn được (quả và đậu Hà Lan) khiến chúng trở thành một lựa chọn linh hoạt, ít calo cho bữa ăn nhẹ cũng như bữa ăn.",75
535feb31-e2ea-511c-b0c2-73dda4f3f943,,,Rau củ hỗn hợp đóng hộp (Canned Mixed Vegetables),DISH,36.0,1.42,0.25,7.13,3.8,2.0,224.0,d955f552-54bb-4357-b9be-a0269615a707,,,"Rau hỗn hợp đóng hộp là hỗn hợp ổn định của các loại rau đã nấu sẵn như cà rốt, đậu Hà Lan, ngô và đậu xanh, được bảo quản trong nước có bổ sung natri. Trong khi việc để ráo nước làm giảm hàm lượng muối đáng kể, thì quá trình đóng hộp lại làm mềm kết cấu và làm giảm một số chất dinh dưỡng nhạy cảm với nhiệt như vitamin C so với các chất thay thế tươi hoặc đông lạnh. Mặt hàng chủ lực trong tủ đựng thức ăn này giúp tiếp cận nhanh chóng chất xơ và các khoáng chất thiết yếu, khiến nó trở thành cơ sở thiết thực cho các món súp, món hầm và món thịt hầm khi không có sản phẩm tươi sống.",95
e363bd9c-0785-5d5f-a275-e9edfd16b8fe,,,Hạt điều rang mật ong (Honey Roasted Cashews),DISH,568.0,15.2,40.7,35.3,4.5,13.2,290.0,d955f552-54bb-4357-b9be-a0269615a707,,,"Hạt điều rang mật ong là một món ăn nhẹ có vị ngọt được làm bằng cách phủ hạt điều thô trong men mật ong và rang chúng với dầu để đạt được độ giòn caramen. Trong khi vẫn giữ lại magie tự nhiên và chất béo không bão hòa có lợi cho tim của hạt, chế phẩm này bổ sung lượng đường và calo đáng kể so với các loại không muối. Sự kết hợp giữa vị đậm đà, vị ngọt tinh tế và kết cấu giòn khiến chúng trở thành món ăn nhẹ hoặc món trang trí độc lập phổ biến cho món salad và món tráng miệng.",75
4827f582-59e5-5321-9868-a9e35fae265b,,,Đậu lăng xanh (Green Lentils),INGREDIENT,350.0,25.0,1.8,60.0,15.0,1.8,7.0,d955f552-54bb-4357-b9be-a0269615a707,,,"Đậu lăng xanh là một loại đậu giàu chất dinh dưỡng được công nhận để duy trì kết cấu chắc chắn khi nấu chín, khiến chúng trở nên lý tưởng cho món salad và bát đựng ngũ cốc. Những hạt hình thấu kính này cung cấp lượng protein thực vật đáng kể (18g mỗi cốc nấu chín) và chất xơ, đồng thời cung cấp sắt và folate. Không giống như đậu lăng đỏ bị phân hủy trong khi nấu, đậu lăng xanh vẫn giữ được hình dạng, mang lại sự linh hoạt trong cả chế biến nóng và lạnh mà không cần ngâm trước.",75
410fbb10-696d-5250-b44c-177cab91db9e,,,Salad khoai tây đỏ (Red Potato Salad),DISH,206.0,2.2,13.2,19.1,2.5,1.5,300.0,d955f552-54bb-4357-b9be-a0269615a707,,,"Salad khoai tây đỏ là một món ăn nguội cổ điển có khoai tây đỏ sáp vẫn giữ được hình dạng khi nấu chín, thường được chế biến cả vỏ để tăng thêm kết cấu và chất dinh dưỡng. Độ đặc sệt nhưng mịn như kem của món salad đến từ hàm lượng tinh bột trong khoai tây thấp hơn so với các loại khoai tây nâu đỏ, trong khi các chế phẩm thông thường trộn chúng với sốt mayonnaise hoặc nước sốt làm từ giấm, cần tây và các loại thảo mộc tươi. Món ăn kèm phổ biến này mang lại sự cân bằng giữa hương vị đất và vị thơm, mặc dù hàm lượng calo thay đổi đáng kể tùy theo lựa chọn nước sốt.",95
6501a05e-3b0d-5617-995d-f8846a79f0c1,,,Súp thịt băm ớt cay kèm đậu (Chili Con Carne with Beans),DISH,107.0,5.8,3.47,13.1,3.3,1.87,449.0,d955f552-54bb-4357-b9be-a0269615a707,,,"Chili con carne with Beans là món hầm kiểu Tex-Mex thịnh soạn với thịt bò xay hoặc thịt bò thái hạt lựu, đậu tây, cà chua và ớt. Món ăn giàu protein và chất xơ này có nguồn gốc từ thì là, tỏi và ớt bột, trong khi capsaicin trong ớt có thể thúc đẩy quá trình trao đổi chất. Mặc dù ớt truyền thống thường bỏ qua đậu, nhưng việc đưa chúng vào đây sẽ bổ sung thêm kết cấu và làm cho món ăn đủ cân bằng dinh dưỡng để phục vụ như một bữa ăn riêng lẻ hoặc món ăn kèm đa năng.",75
66a61f9c-092d-527c-a9d2-66f7a84e1f24,,,Bánh Quesadilla nhân rau củ (Vegetable Quesadillas),DISH,243.0,10.0,12.0,28.0,3.0,3.0,520.0,d955f552-54bb-4357-b9be-a0269615a707,,,"Quesadillas rau củ là một món ăn lấy cảm hứng từ Mexico với bánh tortilla phủ đầy phô mai tan chảy và các loại rau xào như ớt chuông, hành tây và bí xanh, nấu cho đến khi giòn. Bữa ăn đa năng này cân bằng chất xơ và vitamin từ rau tươi với protein và canxi của phô mai tan chảy, mặc dù hàm lượng calo và natri có thể thay đổi tùy theo phương pháp chế biến. Thường được nướng hoặc áp chảo, chúng dễ dàng thích nghi với chế độ ăn chay và có thể được biến đổi bằng bánh ngô nguyên hạt hoặc pho mát ít béo để có các phiên bản nhẹ hơn.",95
f01cac4a-3e1e-5440-a8fe-e5c34f3eeede,,,Salad đậu xanh (Chickpea Salad),DISH,150.0,5.0,8.0,16.0,3.0,2.0,280.0,d955f552-54bb-4357-b9be-a0269615a707,,,"Salad đậu xanh là một món ăn làm từ thực vật với thành phần chính là đậu xanh nấu chín, thường được nghiền hoặc để nguyên và kết hợp với rau tươi, thảo mộc và nước sốt thơm như nước chanh hoặc dầu ô liu. Chế phẩm đậm đặc chất dinh dưỡng này cung cấp đáng kể protein thực vật và chất xơ trong khi vẫn không chứa gluten tự nhiên và thân thiện với người ăn chay. Đa năng trong ứng dụng, nó phục vụ như một loại nhân bánh sandwich thịnh soạn, lớp phủ lá xanh hoặc bữa ăn độc lập cung cấp một lựa chọn thay thế nhẹ nhàng hơn cho món salad làm từ sốt mayonnaise.",95
0fd7ad69-0c02-55a9-9178-fc1694297c04,,,Salad Hy Lạp (Greek Salad),DISH,126.0,3.33,11.35,3.93,1.0,2.14,283.0,d955f552-54bb-4357-b9be-a0269615a707,,,"Salad Hy Lạp là một món ăn Địa Trung Hải truyền thống với sự kết hợp sôi động của các loại rau tươi bao gồm cà chua, dưa chuột, hành đỏ và ớt xanh, phủ ô liu Kalamata và một miếng phô mai feta. Không giống như món salad làm từ rau diếp, món này dựa vào sản phẩm chín và được chế biến đơn giản với dầu ô liu, lá oregano và nước cốt chanh. Món ăn giàu chất dinh dưỡng này cung cấp chất béo lành mạnh từ dầu ô liu, chất xơ từ thực vật và canxi từ feta, đồng thời vẫn không chứa gluten tự nhiên và thân thiện với người ăn chay.",95
73571eca-add4-5937-9991-3b2ab0c615e2,,,Đậu phụ siêu cứng (Extra Firm Tofu),DISH,90.0,10.1,5.0,1.8,1.1,0.54,11.3,d955f552-54bb-4357-b9be-a0269615a707,,,"Đậu phụ cứng là loại đậu nành ép có đặc điểm là kết cấu đặc và độ ẩm thấp, đạt được nhờ quá trình ép kéo dài trong quá trình sản xuất. Loại này cung cấp protein hoàn chỉnh từ thực vật với lượng carbohydrate tối thiểu, khiến nó đặc biệt có giá trị trong chế độ ăn thuần chay và chế độ ăn ít carb. Cấu trúc chắc chắn của nó vẫn giữ được hình dạng trong các phương pháp nấu ở nhiệt độ cao như nướng và xào, đồng thời dễ dàng hấp thụ nước xốt và gia vị cho các ứng dụng ẩm thực đa năng.",75
7293dcf1-2013-5025-aaaf-196e9d1bf1e4,,,Trứng tráng rau bina (Spinach Omelette),DISH,145.0,10.5,10.5,1.5,0.5,1.0,200.0,d955f552-54bb-4357-b9be-a0269615a707,,,"Trứng tráng rau bina là một món ăn sáng giàu protein được làm bằng cách đánh trứng và gấp lá rau bina tươi trong khi nấu. Trứng cung cấp protein hoàn chỉnh chất lượng cao, trong khi rau bina bổ sung thêm sắt, vitamin K và folate, tạo nên một bữa ăn giàu dinh dưỡng. Thường được áp chảo với lượng dầu tối thiểu, chế phẩm linh hoạt này cân bằng kết cấu bông xốp của trứng với rau xanh mềm, khiến nó trở nên phổ biến trong chế độ ăn ít carb và ăn chay.",95
a1a8d821-bb22-5044-9093-8b9f5b00290d,,,Xà lách lá đỏ (Red Leaf Lettuce),INGREDIENT,16.0,1.33,0.22,2.26,0.9,0.48,25.0,d955f552-54bb-4357-b9be-a0269615a707,,,"Rau diếp lá đỏ là một loại lá có màu xanh lá cây mềm đặc trưng bởi những chiếc lá xù xì, xù xì với các cạnh màu đỏ đậm hoặc tím. Loại rau diếp này có hương vị nhẹ, hơi ngọt và kết cấu tinh tế, lý tưởng cho các món ăn tươi như salad và bánh mì sandwich. Mặc dù ít chất xơ hơn các loại rau xanh cứng hơn nhưng nó cung cấp lượng vitamin A và K đáng chú ý, với sắc tố màu đỏ cho thấy hàm lượng anthocyanin chống oxy hóa.",95
d834c342-17bd-54df-a189-5bc017942197,,,Tương cà chua cay (Spicy Tomato Ketchup),DISH,104.0,2.0,0.0,24.0,0.8,20.0,2300.0,d955f552-54bb-4357-b9be-a0269615a707,,,"Sốt cà chua cay là một loại gia vị có vị ngọt giúp tăng thêm hương vị cho món ăn với sự kết hợp cân bằng giữa hương vị cà chua thơm, độ đậm của giấm và vị cay của ớt. Không giống như sốt cà chua truyền thống, phiên bản này kết hợp thêm đường để tạo vị ngọt và các loại gia vị như ớt cayenne hoặc jalapeño để tạo nên hương vị đặc trưng. Mặc dù nó vẫn giữ được kết cấu mịn, đặc của sốt cà chua cổ điển, nhưng hàm lượng đường và natri cao khiến việc nhận biết khẩu phần trở nên quan trọng đối với việc theo dõi dinh dưỡng.",95
c73514d3-2319-59fc-8147-6c391f001f57,,,Tỏi nhuyễn (Garlic Paste),INGREDIENT,450.0,3.8,40.3,20.0,1.3,0.6,400.0,d955f552-54bb-4357-b9be-a0269615a707,,,"Bột tỏi là một chế phẩm đậm đặc được làm bằng cách nghiền hoặc trộn các tép tỏi đã bóc vỏ thành một hỗn hợp mịn, có thể phết được. Dạng chế biến này mang lại hương vị đậm đà hơn trên mỗi thìa cà phê so với tỏi tươi, mặc dù một số chất dinh dưỡng nhạy cảm với nhiệt như allicin có thể giảm đi trong quá trình sản xuất. Được sử dụng rộng rãi trong nước sốt, nước xốt và nước sốt vì sự tiện lợi của nó, các loại thương mại thường chứa chất bảo quản hoặc dầu, khiến việc kiểm tra nhãn là điều cần thiết đối với chế độ ăn kiêng có nhãn natri hoặc chế độ ăn sạch.",95
25d4f3f6-587e-598a-9902-b35725dfdbc6,,,Bí bơ / Bí hồ lô (Butternut Squash),INGREDIENT,42.0,1.0,0.15,10.2,1.8,4.1,1.0,d955f552-54bb-4357-b9be-a0269615a707,,,"Bí ngô là một loại bí mùa đông hình chuông có đặc điểm bên ngoài màu be mịn và thịt màu cam rực rỡ. Hương vị ngọt ngào, hấp dẫn tự nhiên của nó đậm đà hơn khi rang và kết cấu đậm đặc nhưng kem của nó khiến nó trở nên lý tưởng cho các món xay nhuyễn, súp hoặc các món nướng dạng khối. Giàu beta-carotene (tiền chất vitamin A) và chất xơ, loại rau đa năng này đóng vai trò là nguồn carbohydrate giàu dinh dưỡng, kết hợp tốt với các loại thảo mộc thơm hoặc gia vị mùa thu như quế và nhục đậu khấu.",75
d69e1ad0-23e0-5e25-999a-a90ac88db64b,,,Bánh mì cuộn khoai tây (Potato Roll),DISH,245.0,11.3,3.8,43.4,2.5,9.4,320.0,d955f552-54bb-4357-b9be-a0269615a707,,,"Bánh cuộn khoai tây là một sản phẩm bánh mì giàu dinh dưỡng được làm từ bột khoai tây hoặc khoai tây nghiền, tạo ra kết cấu mềm, hơi ngọt đặc biệt khác biệt so với bánh mì cuộn thông thường. Việc bổ sung khoai tây sẽ giữ được độ ẩm đồng thời góp phần tạo nên cấu trúc mảnh vụn mềm và quá trình làm giàu sẽ củng cố bột bằng sắt và vitamin B thường bị mất trong quá trình tinh chế bột. Những cuộn này đặc biệt phổ biến như bánh sandwich do cấu trúc dẻo nhưng chắc chắn của chúng, giúp giữ nhân mà không bị sũng nước.",95
c436228f-3d24-542e-bda0-1cc5a4236787,,,Cà rốt áo đường / Cà rốt glacé (Glazed Carrots),DISH,66.0,1.2,0.2,14.9,4.7,10.2,70.0,d955f552-54bb-4357-b9be-a0269615a707,,,"Cà rốt tráng men là một món rau nấu chín có cà rốt caramen trong nước sốt ngọt, thường được làm bằng bơ và đường hoặc mật ong. Cách chuẩn bị này làm mềm kết cấu của cà rốt đồng thời tạo ra lớp phủ bóng giúp cân bằng độ đất tự nhiên của chúng với vị ngọt đậm đà. Mặc dù cà rốt vẫn giữ được hàm lượng beta-carotene cao (tiền chất vitamin A), lượng đường bổ sung làm tăng đáng kể mật độ carbohydrate của món ăn so với chế phẩm sống hoặc hấp.",95
c921e0a3-d5fe-5428-9b9c-0c9a9a3b8e78,,,Đậu nành Nhật / Edamame (Edamame),DISH,294.12,16.47,10.59,15.29,5.29,2.35,352.94,d955f552-54bb-4357-b9be-a0269615a707,,,"Edamame tại các nhà hàng Nhật Bản theo truyền thống được phục vụ dưới dạng vỏ đậu nành hấp nguyên hạt, thường được muối nhẹ và dùng nóng như một món khai vị. Những hạt đậu nành non, mềm này được ăn bằng cách ép nhẹ đậu ra khỏi vỏ, mang lại trải nghiệm ăn uống tương tác đồng thời cung cấp sự kết hợp dinh dưỡng giữa protein và chất xơ có nguồn gốc thực vật. Cách chế biến hấp đơn giản duy trì lợi ích dinh dưỡng tự nhiên của đậu đồng thời làm nổi bật hương vị tươi ngon, tinh tế của chúng.",75
e0610a83-8270-5c02-9ce5-3f1ca62cf9d4,,,"Bí bơ nấu chín (Butternut Squash, Cooked)",DISH,40.0,0.9,0.09,10.5,3.2,1.97,4.0,d955f552-54bb-4357-b9be-a0269615a707,,,"Bí ngô là một loại bí mùa đông ngọt ngào, có hương vị hấp dẫn, trở nên mềm mượt khi nấu chín, lý tưởng để rang, nghiền hoặc trộn vào súp. Thịt màu cam rực rỡ của nó đặc biệt giàu beta-carotene, chất mà cơ thể chuyển đổi thành vitamin A và cung cấp chất xơ đáng kể với lượng calo tối thiểu. Quá trình nấu nướng tăng cường vị ngọt tự nhiên của nó, cho phép nó hoạt động tốt như nhau trong các món mặn như risottos hoặc làm nền cho các món tráng miệng đậm đặc chất dinh dưỡng.",75
a36230f0-5d31-5f77-948e-cb52601f0e8c,,,"Đậu đen khô (Black Beans, Dry)",INGREDIENT,341.0,21.6,1.42,62.4,15.5,2.12,5.0,d955f552-54bb-4357-b9be-a0269615a707,,,"Đậu đen khô là loại đậu cần phải ngâm và nấu chín trước khi ăn. Những hạt đậu nhỏ, hình bầu dục này là nguồn cung cấp protein, chất xơ và các vi chất dinh dưỡng có nguồn gốc thực vật tuyệt vời, khiến chúng trở thành nguồn bổ sung dinh dưỡng cho bất kỳ chế độ ăn kiêng nào. Do ở trạng thái khô, chúng có thời hạn sử dụng lâu khi được bảo quản đúng cách ở nơi khô ráo, thoáng mát và có thể được sử dụng trong nhiều món ăn, từ súp và món hầm đến salad và nước chấm.",75
c9c41a0d-c22d-59e5-b788-60e79b6aeec8,,,Khoai tây vảy / Bột khoai tây ăn liền (Potato Flakes),INGREDIENT,354.0,8.34,0.41,81.2,6.6,3.36,87.0,d955f552-54bb-4357-b9be-a0269615a707,,,"Khoai tây mảnh là một sản phẩm khử nước có thời hạn sử dụng ổn định được làm từ khoai tây nghiền đã nấu chín, sấy khô thành những mảnh mỏng, hoàn nguyên nhanh chóng. Dạng chế biến này vẫn giữ lại carbohydrate tinh bột của khoai tây đồng thời mang lại sự tiện lợi, mặc dù nó thường chứa ít chất xơ hơn khoai tây nguyên củ do đã loại bỏ vỏ trong quá trình sản xuất. Các mảnh này hòa tan nhanh chóng trong chất lỏng nóng, dùng làm lớp nền cho khoai tây nghiền ăn liền hoặc làm chất làm đặc trong súp và đồ nướng, với một số loại thương mại có chứa chất bảo quản hoặc natri bổ sung.",95
051a5d77-8847-5d77-a12f-9aca4bd36be1,,,"Đậu tây khô (Kidney Beans, Dry)",INGREDIENT,340.0,24.0,0.8,60.0,25.0,3.4,3.0,d955f552-54bb-4357-b9be-a0269615a707,,,"Đậu thận khô là một loại đậu có đặc điểm là hình dạng thận đặc biệt và màu đỏ đậm. Những loại đậu này cần được ngâm và nấu trước khi tiêu thụ để làm mềm kết cấu của chúng và loại bỏ độc tố có ở trạng thái thô. Sau khi nấu chín, chúng cung cấp một nguồn protein, chất xơ và sắt phong phú từ thực vật, khiến chúng trở thành nguồn bổ sung dinh dưỡng cho chế độ ăn chay và thuần chay. Chúng thường được sử dụng trong món ớt, món hầm và salad, mang lại cảm giác ngon miệng và thỏa mãn.",75
c9a35874-6688-5275-88a7-af911793a398,,,Salad vườn Caesar (Caesar Garden Salad),DISH,157.0,4.67,13.17,6.11,1.5,1.25,235.0,d955f552-54bb-4357-b9be-a0269615a707,,,"Caesar Garden Salad là phiên bản tăng cường rau củ của món salad Caesar cổ điển, kết hợp rau diếp romaine giòn với lớp phủ truyền thống như phô mai Parmesan và bánh mì nướng cùng với các món bổ sung tươi như cà chua bi, dưa chuột hoặc ớt chuông. Trong khi vẫn giữ lại nước sốt kem đặc trưng — thường được làm bằng cá cơm, chanh và dầu ô liu — biến thể này làm tăng hàm lượng chất xơ và vi chất dinh dưỡng thông qua việc bổ sung thêm rau. Món ăn này cân bằng sản phẩm tươi với nước sốt và pho mát giàu calo, đòi hỏi phải chia khẩu phần hợp lý cho những người theo dõi lượng natri hoặc chất béo bão hòa.",95
90e3271f-6915-538b-88fb-aada383d4684,,,"Đậu đỏ khô (Red Beans, Dry)",INGREDIENT,337.0,23.5,1.16,60.0,25.0,2.0,10.0,d955f552-54bb-4357-b9be-a0269615a707,,,"Đậu đỏ khô là loại đậu phải được ngâm và nấu chín trước khi ăn. Những loại đậu này là thành phần chủ yếu trong nhiều món ăn, đặc biệt là trong các món ăn như ớt, đậu đỏ và cơm, do kết cấu đậm đà và hương vị hơi ngọt của đất. Chúng là nguồn cung cấp protein, chất xơ và sắt tuyệt vời từ thực vật, khiến chúng trở thành nguồn bổ sung dinh dưỡng và linh hoạt cho chế độ ăn uống cân bằng.",75
944093ff-0c30-5059-83b3-15f77d853dc3,,,Sốt kem phô mai tỏi Alfredo (Garlic Alfredo Sauce),DISH,135.0,3.2,11.0,5.0,0.0,3.0,480.0,d955f552-54bb-4357-b9be-a0269615a707,,,"Sốt Alfredo tỏi là một biến thể nước sốt mì ống kem làm nổi bật món Alfredo cổ điển của người Mỹ gốc Ý với hương tỏi nướng hoặc xào nổi bật. Cơ sở của nó là kem béo, bơ và phô mai Parmesan tạo ra một lượng calo cao, giàu chất béo bão hòa, trong khi các phiên bản thương mại thường bao gồm chất làm đặc và chất bảo quản để ổn định thời hạn sử dụng. Mặc dù chủ yếu được sử dụng làm món fettuccine, loại nước sốt này cũng được dùng làm nền cho món thịt hầm và các món ăn giàu protein, nhưng không phù hợp với chế độ ăn thuần chay, ít chất béo hoặc hạn chế lactose.",95
b7adaa03-b152-5962-ba3d-b9b817d2b9f3,,,Salad hạt diêm mạch / Quinoa (Quinoa Salad),DISH,156.0,5.5,6.0,20.0,3.0,3.0,350.0,d955f552-54bb-4357-b9be-a0269615a707,,,"Salad quinoa là một món ăn giàu chất dinh dưỡng kết hợp quinoa nấu chín với rau tươi, thảo mộc và nước sốt dầu giấm nhẹ. Cách chế biến linh hoạt này biến loại ngũ cốc cổ xưa thành một bữa ăn hoàn chỉnh, cung cấp protein cân bằng từ thực vật, chất xơ từ cả hạt quinoa và rau hỗn hợp, cũng như chất béo có lợi cho tim từ dầu ô liu. Thường được phục vụ ướp lạnh, nó có thể được tùy chỉnh với các thành phần như hạt rang, phô mai feta hoặc protein nướng để đáp ứng các sở thích ăn kiêng và yêu cầu bữa ăn khác nhau.",95
3c51393a-1f40-5459-9b47-927b553b5657,,,Đậu lăng vàng (Yellow Lentils),INGREDIENT,353.0,26.0,1.0,62.0,11.0,2.0,6.0,d955f552-54bb-4357-b9be-a0269615a707,,,"Đậu lăng vàng là một loại đậu được tách vỏ và tách vỏ được biết đến với thời gian nấu nhanh và hương vị nhẹ, hơi ngọt. Những loại đậu lăng này dễ dàng phân hủy khi nấu chín, khiến chúng trở nên lý tưởng để làm đặc các món súp, cà ri và món das Ấn Độ, đồng thời cung cấp đáng kể lượng protein thực vật và chất xơ. Phương pháp chế biến của họ loại bỏ lớp vỏ bên ngoài, dẫn đến kết cấu mềm hơn so với đậu lăng nguyên hạt và tăng khả năng tiêu hóa. Là thực phẩm chủ yếu không chứa gluten, giàu sắt và folate, chúng đặc biệt có giá trị trong việc lập kế hoạch bữa ăn chay và thuần chay.",75
62555698-fbb1-53a7-aafa-c90766c90415,,,Xà lách Little Gem (Little Gem Lettuce),INGREDIENT,15.0,1.2,0.2,2.9,1.5,0.6,28.0,d955f552-54bb-4357-b9be-a0269615a707,,,"Xà lách Little Gem là loại rau xanh nhỏ gọn, có vị ngọt kết hợp giữa kết cấu giòn của romaine với vị mềm như bơ của rau diếp bơ. Loại thu nhỏ này có dạng đầu nhỏ, dày đặc với những chiếc lá chắc chắn giúp giữ nước xốt tốt, lý tưởng cho các món salad, cốc khai vị hoặc các chế phẩm nướng. Nó cung cấp nguồn vitamin A và K có hàm lượng calo thấp đồng thời mang lại cảm giác giòn sảng khoái mà duy trì tính toàn vẹn ngay cả khi kết hợp với các nguyên liệu thịnh soạn.",95
ff5ea41a-f579-5be5-afde-4e418c044a84,,,Salad khoai tây sốt Mayonnaise (Potato Salad with Mayonnaise),DISH,143.0,2.68,8.2,11.2,1.3,1.5,529.0,d955f552-54bb-4357-b9be-a0269615a707,,,"Salad khoai tây với sốt mayonnaise là một món ăn nguội cổ điển bao gồm khoai tây luộc phủ nước sốt kem sốt mayonnaise, thường được tăng cường thêm các chất bổ sung giòn như cần tây, hành tây hoặc dưa chua. Món ăn chủ yếu dành cho các chuyến dã ngoại và tiệc nướng này cung cấp nguồn carbohydrate cao từ khoai tây kết hợp với hàm lượng chất béo đáng kể từ sốt mayonnaise, trong khi các thành phần tùy chọn như trứng luộc chín hoặc mù tạt có thể làm thay đổi thành phần protein và hương vị của nó. Các phiên bản truyền thống có chứa trứng (từ mayo) và các chất phụ gia chứa gluten trong một số loại nước sốt, mặc dù các biến thể thuần chay sử dụng mayo làm từ thực vật ngày càng phổ biến.",95
3ebee566-c110-54a1-a68b-30fcf68e0765,,,"Đậu trắng Great Northern đóng hộp ráo nước (Great Northern Beans, Canned and Drained)",DISH,120.0,8.0,0.5,21.0,7.0,0.5,400.0,d955f552-54bb-4357-b9be-a0269615a707,,,"Đậu Great Northern là một loại đậu trắng được biết đến với hương vị nhẹ nhàng, tinh tế và kết cấu mịn như kem. Quá trình đóng hộp làm mềm đậu và giảm thời gian nấu, đồng thời để ráo nước sẽ loại bỏ lượng natri dư thừa thường được thêm vào trong quá trình bảo quản. Những loại đậu này là nguồn cung cấp protein và chất xơ có nguồn gốc thực vật dồi dào, khiến chúng trở thành món bổ sung linh hoạt cho các món súp, món hầm, salad và nước chấm.",75
aa000b2f-4d33-5e57-95b6-159b16c267a6,,,Cà chua sấy khô (Sun-Dried Tomatoes),INGREDIENT,258.0,14.1,2.97,55.8,12.3,37.6,107.0,d955f552-54bb-4357-b9be-a0269615a707,,,"Cà chua phơi nắng là những quả cà chua chín được sấy khô dưới ánh nắng mặt trời hoặc máy khử nước, tập trung hương vị của chúng thành vị ngọt và thơm đậm đà. Quá trình sấy khô này loại bỏ hầu hết hàm lượng nước, tạo ra kết cấu dai và thời hạn sử dụng kéo dài. Chúng thường được đóng gói trong dầu, làm tăng thêm hương vị và khiến chúng trở thành một thành phần linh hoạt trong ẩm thực Địa Trung Hải, tạo thêm chiều sâu cho nước sốt mì ống, salad và món khai vị.",95
f86db387-1d2d-52f0-864c-be1fb18a90e7,,,Óc chó rang mật ong (Honey Roasted Walnuts),DISH,603.0,12.6,55.8,23.6,5.7,14.2,25.0,d955f552-54bb-4357-b9be-a0269615a707,,,"Quả óc chó nướng mật ong là một món ăn nhẹ có vị ngọt được làm bằng cách phủ hạt óc chó trong men mật ong và nướng chúng trong lò để tạo ra lớp vỏ ngoài giòn, có màu caramen. Trong khi duy trì các axit béo omega-3 có lợi và protein từ thực vật của hạt cơ bản, chế phẩm này bổ sung thêm đường đậm đặc làm tăng hàm lượng carbohydrate. Quá trình này tạo ra sự tương phản về kết cấu giữa lớp phủ giòn và phần bên trong bơ tự nhiên của quả óc chó, khiến chúng trở nên phổ biến để làm đồ ăn nhẹ và trang trí cho món salad hoặc món tráng miệng.",75
126cec72-ce99-5a86-b4ea-5ee3333e1497,,,"Đậu nành Nhật nguyên vỏ (Edamame, In Pods)",INGREDIENT,42.0,3.71,1.92,3.32,1.26,0.6,4.2,d955f552-54bb-4357-b9be-a0269615a707,,,"Edamame trong vỏ bao gồm đậu nành tươi, chưa trưởng thành được bọc trong vỏ màu xanh lá cây tươi sáng, mờ được thu hoạch theo truyền thống trước khi cứng lại. Dạng này thường được hấp hoặc luộc nguyên hạt trong nước muối, với những hạt đậu mềm được ép trực tiếp từ những quả không ăn được để tiêu thụ. Vỏ quả tươi giữ được vị ngọt và giá trị dinh dưỡng tối đa, cung cấp nguồn protein thực vật hoàn chỉnh với tất cả các axit amin thiết yếu và hàm lượng chất xơ cao hơn so với các loại có vỏ.",75
adcecccf-f7dd-5f33-809c-d637da281429,,,Bột hạnh nhân (Almond Flour),INGREDIENT,622.0,26.2,50.2,16.2,9.27,3.9,0.89,d955f552-54bb-4357-b9be-a0269615a707,,,"Bột hạnh nhân là một loại nguyên liệu làm bánh không chứa gluten được làm từ hạnh nhân chần mịn, đặc trưng bởi kết cấu nhẹ và hương vị hạt nhẹ. Với ít carbohydrate hơn đáng kể và nhiều protein hơn bột mì, nó cung cấp chất béo không bão hòa đơn có lợi cho tim và vitamin E. Chất thay thế không chứa ngũ cốc này được ưa chuộng trong chế độ ăn nhạt và keto để tạo ra các món nướng có kết cấu ẩm, đồng thời đóng vai trò như một lớp phủ dày đặc dinh dưỡng cho protein.",75
004a4106-c842-5d13-b102-55f7b2775976,,,Bánh que rau củ giòn (Vegetable Straws),INGREDIENT,464.0,3.6,25.0,57.0,3.6,3.6,750.0,d955f552-54bb-4357-b9be-a0269615a707,,,"Ống hút rau củ là một món ăn nhẹ chế biến được làm chủ yếu từ tinh bột khoai tây kết hợp với các loại bột thực vật khử nước như rau bina, cà chua và củ cải đường, tạo nên vẻ ngoài đầy màu sắc đặc trưng. Những món ăn nhẹ giòn, thoáng mát này thường được nướng thay vì chiên, dẫn đến hàm lượng chất béo thấp hơn so với khoai tây chiên truyền thống, mặc dù chúng thường chứa hàm lượng natri tương tự. Mặc dù được tiếp thị dưới dạng thực phẩm thay thế từ thực vật, giá trị dinh dưỡng của chúng khác biệt đáng kể so với rau nguyên chất do chế biến, khiến chúng trở thành một lựa chọn ăn nhẹ có kết cấu nhẹ nhưng không thường xuyên.",95
4aeb71db-0c63-5953-8bb1-ffc67a5ceb7f,,,Khoai tây chiên giòn ngũ cốc (Multigrain Potato Chips),DISH,505.0,5.3,24.7,65.3,2.7,4.08,544.0,d955f552-54bb-4357-b9be-a0269615a707,,,"Khoai tây chiên nhiều hạt là một món ăn nhẹ được chế biến kết hợp khoai tây thái lát với các loại ngũ cốc như ngô, lúa mì hoặc yến mạch, sau đó chiên hoặc nướng cho đến khi giòn. Mặc dù chúng cung cấp nhiều chất xơ và protein hơn một chút so với khoai tây chiên tiêu chuẩn do hỗn hợp ngũ cốc, nhưng chúng vẫn chứa nhiều calo và nhiều chất béo do các phương pháp nấu ăn thông thường. Sự kết hợp của các thành phần tạo ra một kết cấu phức tạp với hương vị đất, nhưng thành phần dinh dưỡng của chúng vẫn yêu cầu kiểm soát khẩu phần một cách chú ý mặc dù có ghi nhãn 'nhiều loại ngũ cốc'.",95
391c44b3-03cd-518c-bf83-44481b7d3230,,,Khoai tây lát nướng giòn (Baked Potato Chips),DISH,470.0,5.0,18.2,71.4,4.8,5.01,545.0,d955f552-54bb-4357-b9be-a0269615a707,,,"Khoai tây chiên nướng là một món ăn nhẹ giòn, nướng trong lò được làm từ khoai tây thái lát mỏng được nướng thay vì chiên ngập dầu, làm giảm đáng kể hàm lượng chất béo của chúng. Trong khi vẫn duy trì hương vị đất của khoai tây, những miếng khoai tây chiên này đạt được kết cấu nhẹ hơn thông qua quá trình khử nước và nhiệt độ được kiểm soát, mặc dù một số loại thương mại có thêm tinh bột hoặc dầu để tăng độ giòn. Mặc dù được tiếp thị như một sản phẩm thay thế lành mạnh hơn cho khoai tây chiên nhưng chúng vẫn chứa nhiều calo và thường chứa thêm muối hoặc gia vị.",95
4873f974-994c-5d72-940a-0847870e9e1f,,,Hành tây sấy khô (Dehydrated Onion),INGREDIENT,349.0,8.95,0.46,83.3,9.2,37.41,21.0,d955f552-54bb-4357-b9be-a0269615a707,,,"Hành tây khử nước là một dạng hành tươi có thể bảo quản ổn định trong thời hạn bảo quản, được tạo ra bằng cách loại bỏ độ ẩm thông qua sấy khô trong không khí hoặc đông khô, giúp tăng cường hương vị thơm-ngọt của nó. Các mảnh hoặc hạt khô giữ lại hầu hết các chất dinh dưỡng của hành tây ở dạng cô đặc và thường được bù nước trong nước hoặc thêm trực tiếp vào súp, hỗn hợp gia vị và nước xốt để tăng hương vị thuận tiện. Thành phần ít calo này cung cấp một giải pháp thay thế thiết thực cho hành tươi đồng thời mang lại khả năng bảo quản lâu dài.",95
d3585714-2ea8-5a3a-9bc1-bbd08b7f8dfe,,,Khoai tây ngón tay / Fingerling (Fingerling Potatoes),INGREDIENT,85.0,2.3,0.1,19.0,2.5,1.0,7.0,d955f552-54bb-4357-b9be-a0269615a707,,,"Khoai tây giống là loại khoai tây gia truyền nhỏ, mảnh, dài trung bình từ 2-4 inch, được đánh giá cao nhờ kết cấu chắc, như sáp và hương vị béo ngậy của bơ. Lớp vỏ mỏng, ăn được của chúng sẽ giòn đẹp mắt khi rang hoặc nướng, trong khi phần thịt đặc vẫn giữ được hình dạng trong khi nấu, khiến chúng trở nên lý tưởng cho món salad và các món ăn phụ. Những loại củ giàu dinh dưỡng này cung cấp nhiều kali trong mỗi khẩu phần hơn chuối và duy trì chỉ số đường huyết thấp hơn nhiều loại khoai tây giàu tinh bột.",95
e5deefe0-84da-59d1-9a8e-7d81942424ee,,,"Rau bina xào nấm chín (Spinach with Mushrooms, Cooked)",DISH,50.0,3.0,2.5,4.0,2.0,1.5,60.0,d955f552-54bb-4357-b9be-a0269615a707,,,"Rau bina với nấm là một món rau nấu chín giàu dinh dưỡng kết hợp rau bina héo mềm và nấm xào, thường được chế biến với tỏi hoặc dầu ô liu. Sự kết hợp này mang lại kết cấu và hương vị bổ sung, trong đó rau bina cung cấp sắt và vitamin A/C, trong khi nấm cung cấp vitamin B và chất lượng vị umami của thịt. Sự kết hợp ít calo, nhiều chất xơ này đóng vai trò là nền tảng linh hoạt cho các bữa ăn, dễ dàng thích nghi với các chế độ ăn thuần chay, không chứa gluten hoặc ít carb tùy thuộc vào phương pháp chuẩn bị.",95
2ab2bf7c-ca1d-557e-b65f-f77108af34e8,,,Salad đầu bếp / Chef Salad (Chef Salad),DISH,75.0,6.5,3.0,4.0,1.5,2.0,210.0,d955f552-54bb-4357-b9be-a0269615a707,,,"Salad đầu bếp là món salad truyền thống của Mỹ với phần đế là rau diếp giòn phủ lên trên sự kết hợp cân bằng của các loại protein như giăm bông thái hạt lựu, gà tây nướng, trứng luộc chín và pho mát. Món salad thịnh soạn này thường bao gồm các loại rau tươi như cà chua, dưa chuột và hành tây, với thành phần dinh dưỡng thay đổi đáng kể tùy theo lựa chọn nước sốt như trang trại hoặc dầu giấm. Ban đầu được thiết kế như một bữa ăn hoàn chỉnh, nó cung cấp hàm lượng protein đáng kể đồng thời cho phép tùy chỉnh để phù hợp với sở thích ăn kiêng hoặc mục tiêu về lượng calo.",95
44af5dda-d79c-5196-b47d-529e768f2bf6,,,Súp thịt băm ớt cay không đậu (Chili Con Carne (No Beans)),DISH,110.0,8.2,6.3,5.5,1.2,4.3,552.0,d955f552-54bb-4357-b9be-a0269615a707,,,"Chili con carne (không đậu) là món hầm Tex-Mex thịnh soạn gồm thịt bò hoặc thịt lợn nấu chín chậm với ớt, cà chua, tỏi và thì là. Phiên bản này loại bỏ đậu để nhấn mạnh thịt mềm và nước dùng đậm đà, cay, dẫn đến tỷ lệ protein trên chất xơ cao hơn so với ớt có đậu. Theo truyền thống, nó được phục vụ như một món ăn riêng hoặc dùng kèm với cơm, nó cung cấp một lựa chọn không chứa gluten phù hợp với sở thích ăn kiêng low-carb khi được chế biến không có chất làm đặc.",75
a4f132a1-1c63-5711-a628-3b66950c586f,,,Hành tây xào caramel (Caramelized Onions),DISH,120.0,1.0,3.0,22.0,3.0,16.0,300.0,d955f552-54bb-4357-b9be-a0269615a707,,,"Hành tây caramen là hành tây được nấu chín từ từ, được biến đổi nhờ phản ứng Maillard, tạo thành màu nâu vàng đậm và hương vị đậm đà, ngọt ngào. Quá trình này phá vỡ lượng đường tự nhiên của hành trong 30-45 phút nấu ở nhiệt độ thấp trong dầu hoặc bơ, tạo ra kết cấu mềm, giống như mứt, tương phản với độ sắc của hành sống. Vị umami đậm đặc của họ giúp tăng cường các món ăn từ súp đến bánh mì sandwich đồng thời bổ sung hàm lượng chất béo vừa phải trong quá trình nấu nướng.",95
7cd6290b-3cb2-5047-b2a7-cd66fafc5560,,,Salad trứng (Egg Salad),DISH,295.0,11.0,27.0,2.0,0.5,0.5,350.0,d955f552-54bb-4357-b9be-a0269615a707,,,"Salad trứng là một món ăn giàu protein được chế biến bằng cách kết hợp trứng luộc cắt nhỏ với sốt mayonnaise và các gia vị tùy chọn như mù tạt hoặc rau thơm. Trong khi trứng cung cấp protein hoàn chỉnh chất lượng cao và các chất dinh dưỡng thiết yếu như choline, thì các phiên bản truyền thống lại lấy được hàm lượng chất béo đáng kể từ sốt mayonnaise - mặc dù việc thay thế bằng sữa chua Hy Lạp hoặc bơ có thể làm giảm lượng calo. Hỗn hợp dạng kem, dai này thường được dùng làm nhân bánh sandwich hoặc phủ lên trên các loại rau lá xanh, với kết cấu và hương vị khác nhau tùy theo tỷ lệ thành phần.",75
c2df1411-6ef9-5203-83d3-4ce770cbc049,,,Nấm Portobello (Portobello Mushroom),INGREDIENT,22.0,2.11,0.35,3.87,1.3,2.5,9.0,d955f552-54bb-4357-b9be-a0269615a707,,,"Nấm Portobello là dạng trưởng thành của loài cremini thông thường (Agaricus bisporus), được nhận biết bởi phần mũ rộng, nhiều thịt, rộng tới 6 inch. Khi còn sống, nó có kết cấu đặc, dai và hương vị đất đậm đà đậm đà khi nấu chín, cùng với các đặc tính umami đáng chú ý được đánh giá cao khi nấu ăn từ thực vật. Những loại nấm này cung cấp selen, vitamin B và chất chống oxy hóa trong khi vẫn chứa ít calo và carbohydrate, khiến chúng trở thành món thay thế thịt phổ biến trong các món ăn chay và là sự bổ sung mạnh mẽ cho món salad sống hoặc món khai vị.",95
4ad4173b-d3e6-5c70-96c7-0ec909e68c3c,,,Salad thịt xông khói (Bacon Salad),DISH,160.0,5.0,12.0,7.0,1.5,3.0,390.0,d955f552-54bb-4357-b9be-a0269615a707,,,"Salad thịt xông khói là một món ăn tập trung vào protein với thành phần chính là thịt xông khói áp chảo giòn, thường được kết hợp với các loại rau lá xanh và các món ăn kèm như trứng luộc hoặc bơ. Món salad có hương vị thơm ngon, khói từ thịt bụng lợn đã qua xử lý, cung cấp lượng vitamin B đáng kể nhưng cũng chứa hàm lượng natri và chất béo bão hòa cao. Thường được trộn với nước sốt kem hoặc giấm, nó phù hợp với chế độ ăn kiêng low-carb nhưng yêu cầu điều chỉnh khẩu phần đối với những người theo dõi nguy cơ sức khỏe tim mạch.",80
e211fac7-d2c6-58b6-80f3-2438a2e79579,,,Salad Caprese (Caprese Salad),DISH,160.0,6.7,12.0,4.0,1.0,3.0,250.0,d955f552-54bb-4357-b9be-a0269615a707,,,"Salad Caprese là một món ăn cổ điển của Ý bao gồm phô mai mozzarella tươi, cà chua chín và lá húng quế, được xếp lớp theo kiểu truyền thống và ăn kèm với dầu ô liu chưa nấu chín. Có nguồn gốc từ đảo Capri, món salad này phản chiếu màu sắc của lá cờ Ý và cung cấp các chất dinh dưỡng đa lượng cân bằng thông qua protein sữa, chất béo có lợi cho tim và cà chua giàu vitamin. Mặc dù không chứa gluten tự nhiên và thân thiện với người ăn chay, hàm lượng calo của nó chủ yếu đến từ phô mai và dầu, khiến nhận thức về khẩu phần ăn trở thành chìa khóa để theo dõi chế độ ăn kiêng.",95
5a6db1f5-c382-523b-87dd-6b7d8c6c6601,,,Salad khoai tây thịt xông khói và hành hẹ (Bacon and Chive Potato Salad),DISH,200.0,5.0,12.0,18.0,2.5,1.5,300.0,d955f552-54bb-4357-b9be-a0269615a707,,,"Salad khoai tây thịt xông khói và chive là một món ăn kèm ướp lạnh kết hợp khoai tây luộc mềm với những miếng thịt xông khói giòn và hẹ tươi trong nước sốt kem, sốt mayonnaise. Biến thể của món salad khoai tây truyền thống này đáng chú ý vì hương vị thơm ngon, khói và hàm lượng protein cao hơn từ thịt xông khói, tương phản với vị tươi sáng của lá hẹ. Nó thường được phục vụ trong các bữa tiệc nướng và dã ngoại nhưng có thể chứa đáng kể chất béo bão hòa và natri tùy thuộc vào phương pháp chế biến.",80
a764f130-185a-5304-8f00-82525344970a,,,Súp kem khoai tây / Potato Chowder (Potato Chowder),INGREDIENT,46.0,1.4,0.99,7.86,1.0,1.01,167.0,d955f552-54bb-4357-b9be-a0269615a707,,,"Súp khoai tây là một món súp béo ngậy, nhiều kem gồm có khoai tây thái hạt lựu ninh trong nước dùng làm từ sữa, thường được làm giàu với thịt xông khói, hành tây và cần tây. Loại thực phẩm tiện lợi này cung cấp lượng carbohydrate đáng kể từ khoai tây và lượng protein vừa phải từ sữa, mặc dù các loại thực phẩm truyền thống có thể chứa nhiều chất béo bão hòa. Các sản phẩm thích ứng hiện đại thường sử dụng sữa có nguồn gốc từ thực vật hoặc các chất làm đặc thay thế như bột bắp để phù hợp với sở thích ăn kiêng trong khi vẫn duy trì kết cấu mịn mượt đặc trưng của nó.",95
1b4fc696-2383-59bb-8349-1144e6a29028,,,Bánh khoai tây chiên giòn / Fritters (Potato Fritters),DISH,269.0,6.08,14.8,27.8,3.3,1.79,764.0,d955f552-54bb-4357-b9be-a0269615a707,,,"Khoai tây chiên là một món mặn chiên được làm từ khoai tây nghiền hoặc nghiền kết hợp với các nguyên liệu như bột mì và trứng, sau đó áp chảo hoặc chiên ngập dầu cho đến khi giòn. Bên ngoài có lớp vỏ vàng trong khi vẫn giữ được phần bên trong mềm, nhiều tinh bột, với các biến thể hương vị thường kết hợp với các loại thảo mộc, hành tây hoặc gia vị. Mặc dù cung cấp carbohydrate đậm đặc năng lượng từ khoai tây, thành phần dinh dưỡng của chúng thay đổi đáng kể tùy theo phương pháp nấu, thường chứa hàm lượng chất béo từ trung bình đến cao do hấp thụ dầu trong quá trình chiên.",95
001bc10c-fb60-5cba-9555-4e375442d0fc,,,Bột đậu phộng (Peanut Flour),INGREDIENT,428.0,33.8,21.9,31.3,15.8,4.0,1.0,d955f552-54bb-4357-b9be-a0269615a707,,,"Bột đậu phộng là một loại bột giàu protein được làm từ đậu phộng rang đã được ép để loại bỏ hầu hết dầu, sau đó nghiền mịn. Loại bột không chứa gluten này chứa ít chất béo hơn đáng kể so với đậu phộng nguyên hạt trong khi vẫn giữ được hương vị hấp dẫn riêng biệt, khiến nó trở nên phổ biến để tăng hàm lượng protein trong các món nướng, sinh tố và nước sốt mặn. Hương vị đậm đặc và thành phần dinh dưỡng đậm đặc của nó - đặc biệt giàu protein và chất xơ có nguồn gốc thực vật - giúp phân biệt nó với bột hạnh nhân hoặc bột mì có vị nhẹ hơn.",75
bf79eae9-e862-5aba-89a7-404658fbeb05,,,Đậu que non (Baby Green Beans),INGREDIENT,31.0,1.8,0.22,7.0,2.7,3.3,6.0,d955f552-54bb-4357-b9be-a0269615a707,,,"Đậu xanh non là những quả non, mềm của loại đậu xanh thông thường (Phaseolus Vulgaris) được thu hoạch trước khi chín hoàn toàn để bảo quản kết cấu tinh tế và hương vị ngọt nhẹ. Những hạt đậu mảnh, giòn này giữ được màu xanh tươi khi nấu chín trong thời gian ngắn và cung cấp nguồn chất xơ, vitamin C và vitamin K. có hàm lượng calo thấp. Kích thước và độ mềm của chúng khiến chúng trở nên lý tưởng để xào, hấp nhanh hoặc sử dụng sống trong món salad so với đậu xanh trưởng thành có nhiều xơ hơn.",75
080bd99d-54c5-5d95-8a97-8e3180be54de,,,Bắp cải Savoy (Savoy Cabbage),INGREDIENT,27.0,2.0,0.1,6.1,3.1,2.3,28.0,d955f552-54bb-4357-b9be-a0269615a707,,,"Bắp cải Savoy là một loại rau lá xanh có đặc điểm là lá có nhiều nếp nhăn, có ren và kết cấu mềm, mang lại hương vị nhẹ nhàng, ngọt ngào hơn so với bắp cải xanh tiêu chuẩn. Có nguồn gốc từ vùng Savoy của Châu Âu, loại rau họ cải này giữ được nhiều độ ẩm hơn khi nấu chín, lý tưởng để om, nhồi hoặc thêm vào súp đồng thời cung cấp một lượng đáng kể vitamin C, vitamin K và chất xơ. Lá mềm và cấu trúc tinh tế của nó đòi hỏi thời gian nấu ngắn hơn so với các giống bắp cải đặc hơn.",95
68d56dcd-ac67-5413-b6b0-3c2826ed3d5d,,,"Nấm Cremini đóng hộp ráo nước (Canned Cremini Mushrooms, Drained)",DISH,44.0,5.0,0.3,9.0,1.0,3.0,250.0,d955f552-54bb-4357-b9be-a0269615a707,,,"Nấm cremini đóng hộp (thường được dán nhãn là 'baby bella') là loại nấm đã được nấu sẵn, bảo quản ổn định và vẫn giữ được kết cấu chắc nhưng mềm sau khi để ráo nước. Trưởng thành hơn nấm nút trắng nhưng non hơn nấm portobellos, chúng mang lại hương vị đất đậm hơn nấm đóng hộp tiêu chuẩn, mặc dù nhẹ hơn so với các loại nấm tươi. Mặc dù có hàm lượng natri thấp hơn so với các phiên bản không thoát nước, quá trình ráo nước vẫn giữ được hàm lượng kali và selen đáng chú ý trong khi khiến chúng sẵn sàng kết hợp trực tiếp vào nước sốt, súp hoặc món xào.",95
060f00d4-c954-5cf7-ba4f-670963bbeb51,,,Rau cải rổ / Collard Greens (Collard Greens),INGREDIENT,32.0,3.02,0.61,5.42,4.0,0.46,17.0,d955f552-54bb-4357-b9be-a0269615a707,,,"Rau xanh Collard là một loại rau lá đậm đặc chất dinh dưỡng thuộc họ Brassica, có liên quan chặt chẽ với cải xoăn và bắp cải. Những chiếc lá rộng, màu xanh đậm của chúng có kết cấu chắc chắn, mềm mại khi nấu chậm bằng các phương pháp như om hoặc hầm, thường được chế biến với thịt hun khói trong ẩm thực truyền thống miền Nam Hoa Kỳ. Giàu vitamin A, C và K, chúng cung cấp canxi và chất xơ đáng kể trong khi vẫn ít calo, khiến chúng trở nên lý tưởng cho chế độ ăn kiêng có lợi cho tim và giảm cân.",75
fccdd7cc-889e-56d3-9a6b-528be3bdde36,,,Snack rau củ chiên giòn (Vegetable Chips),DISH,487.5,4.92,25.49,59.6,6.77,5.94,338.0,d955f552-54bb-4357-b9be-a0269615a707,,,"Khoai tây chiên là loại rau củ được thái lát mỏng được chiên, nướng hoặc khử nước để tạo ra một món ăn nhẹ giòn thay thế cho khoai tây chiên truyền thống. Mặc dù chúng vẫn giữ lại một số chất xơ và vi chất dinh dưỡng từ nguồn thực vật, nhưng nhiều loại thương mại có chứa dầu và muối bổ sung tương đương với khoai tây chiên thông thường. Các thành phần cơ bản phổ biến như củ cải đường, khoai lang và rau mùi tây mang lại hương vị và màu sắc riêng biệt, nhưng mật độ calo của chúng đòi hỏi phải kiểm soát khẩu phần ăn một cách có ý thức mặc dù nhận thấy có lợi cho sức khỏe.",95
db771a4c-ced5-53c2-b39a-124422441885,,,"Cà rốt áo đường nấu chín (Glazed Carrots, Cooked)",DISH,91.0,1.0,3.6,14.0,3.3,8.2,110.0,d955f552-54bb-4357-b9be-a0269615a707,,,"Cà rốt tráng men là một món rau nấu chín có đường, trong đó cà rốt được ninh trong hỗn hợp bơ, đường hoặc mật ong cho đến khi mềm và phủ một lớp nước sốt bóng. Trong khi cà rốt cung cấp beta-carotene và chất xơ một cách tự nhiên, men sẽ bổ sung thêm vị ngọt đậm đặc, làm tăng hàm lượng calo và đường của món ăn so với cà rốt nấu chín thông thường. Cách chế biến này làm mềm kết cấu của cà rốt đồng thời tạo ra sự cân bằng giữa hương vị đất và caramel, thường được dùng như món ăn phụ trong các món ăn phương Tây.",95
8fc771ab-29bb-54a3-9870-ec4d365cb028,,,Bánh mì kẹp salad trứng (Egg Salad Sandwich),DISH,305.0,8.65,22.05,17.42,0.8,2.0,441.0,d955f552-54bb-4357-b9be-a0269615a707,,,"Món bánh sandwich salad trứng kết hợp trứng luộc xắt nhỏ với sốt mayonnaise và các gia vị tùy chọn, được phục vụ ướp lạnh giữa các lát bánh mì. Bữa ăn giàu protein này cung cấp năng lượng bền vững từ thành phần axit amin hoàn chỉnh của trứng, mặc dù hàm lượng mayonnaise thường làm tăng mức chất béo bão hòa. Các biến thể phổ biến bao gồm mù tạt, cần tây hoặc thảo mộc để tạo độ tương phản về kết cấu, trong khi các lựa chọn thay thế bánh mì nguyên hạt có thể tăng hàm lượng chất xơ so với các chế phẩm bánh mì trắng truyền thống.",75
7b34c550-0846-5f76-bd5d-3733d3c8ec85,,,Đậu phụ hun khói (Smoked Tofu),DISH,172.0,20.0,8.0,5.0,1.0,0.5,300.0,d955f552-54bb-4357-b9be-a0269615a707,,,"Đậu phụ hun khói là một loại protein có nguồn gốc thực vật được tạo ra bằng cách ép và đông tụ sữa đậu nành, sau đó tạo hương vị cho nó thông qua phương pháp hun khói gỗ hoặc truyền khói lỏng truyền thống. Quá trình này tạo ra kết cấu chắc, đặc và hương vị umami phong phú khác biệt với đậu phụ thông thường, đồng thời vẫn giữ được hàm lượng protein cao và hàm lượng chất béo bão hòa thấp. Thường được bán nấu chín trước, nó được sử dụng như một loại thịt thay thế tiện lợi trong bánh mì sandwich, salad và món xào, cung cấp đáng kể chất sắt và canxi trong các chế phẩm thân thiện với người ăn chay.",75
8842f6c7-6562-5404-88c7-9e635c8ff774,,,Bắp cải tím (Red Cabbage),INGREDIENT,31.0,1.43,0.16,7.37,2.1,3.83,18.0,d955f552-54bb-4357-b9be-a0269615a707,,,"Bắp cải đỏ là một loại rau thuộc họ cải giàu dinh dưỡng nhờ lá màu đỏ tím rực rỡ, là kết quả của hàm lượng chất chống oxy hóa anthocyanin cao. Phần đầu chắc, bó chặt của nó cung cấp nhiều chất xơ và vitamin C hơn bắp cải xanh, với hương vị cay dịu khi nấu chín. Thường được ăn sống trong món salad và món salad để có kết cấu giòn, nó cũng có vị ngọt hơn khi om hoặc ngâm, mặc dù các phương pháp nấu ăn bằng kiềm có thể khiến nó có màu xám xanh.",95
cd65178e-bcb9-5fc4-a7f5-c6f97f4a5630,,,Bột hạnh nhân chần bóc vỏ (Blanched Almond Flour),INGREDIENT,610.0,26.2,50.2,13.4,6.5,2.5,0.89,d955f552-54bb-4357-b9be-a0269615a707,,,"Bột hạnh nhân chần là nguyên liệu làm bánh được nghiền mịn làm từ hạnh nhân đã được đun sôi trong thời gian ngắn để loại bỏ vỏ trước khi chế biến. Điều này tạo ra kết cấu mịn hơn và màu sắc nhạt hơn so với bột hạnh nhân không chần, đồng thời duy trì hàm lượng cao chất béo không bão hòa đơn có lợi cho tim và protein từ thực vật. Là một chất thay thế ít carb, không chứa gluten cho bột mì, nó đặc biệt có giá trị trong quá trình nướng bánh nhạt và keto để sản xuất các món nướng mềm như bánh macaron và bánh mì không chứa ngũ cốc.",75
444fff85-c989-58b0-bf2b-1d7e3ab4c0e8,,,Nấm hương / Nấm Shiitake (Shiitake Mushrooms),INGREDIENT,34.0,2.24,0.49,6.79,2.5,2.38,9.0,d955f552-54bb-4357-b9be-a0269615a707,,,"Nấm Shiitake là một loại nấm ăn được có nguồn gốc từ Đông Á, được đánh giá cao nhờ hương vị umami đậm đà và kết cấu thịt khi nấu chín. Những loại nấm này chứa các hợp chất có lợi như lentinan và là nguồn cung cấp vitamin B tự nhiên, đồng thời chứa ít calo và không chứa chất béo. Mũ nấm hương tươi có kết cấu mềm nhưng chắc khi xào hoặc rang, khiến chúng trở thành món thay thế thịt phổ biến trong các món ăn chay và là hương vị bổ sung thêm hương vị cho các món xào và súp.",95
203e4764-1911-566f-bf2a-6222e6469f56,,,Kim chi (Kimchi),DISH,15.33,1.33,0.33,2.67,1.33,0.67,498.0,d955f552-54bb-4357-b9be-a0269615a707,,,"Kimchi là món ăn lên men truyền thống của Hàn Quốc được làm chủ yếu từ bắp cải napa, tỏi, gừng và ớt. Món ăn kèm có vị cay, thơm này trải qua quá trình lên men tự nhiên, tạo ra các chế phẩm sinh học có lợi đồng thời phát triển hương vị phức hợp đặc trưng của nó. Thường được phục vụ như món banchan (món ăn kèm) tại các nhà hàng Hàn Quốc, kim chi có lượng calo thấp nhưng giàu vitamin, khoáng chất và các hợp chất có lợi cho đường ruột, mặc dù nó có thể chứa nhiều natri.",75
ede54eef-7db1-5129-9142-caeddf2711fe,,,Salad 3 loại đậu (Three-Bean Salad),DISH,71.0,1.5,0.5,15.0,3.0,9.0,350.0,d955f552-54bb-4357-b9be-a0269615a707,,,"Salad ba đậu là một món ăn làm từ cây họ đậu ướp lạnh kết hợp đậu xanh, đậu thận và đậu garbanzo trong nước xốt thơm làm từ giấm. Đậu - thường được chần tươi hoặc đóng hộp để thuận tiện - làm mềm nhẹ trong nước sốt có tính axit, giúp cân bằng hương vị ngọt ngào và thảo dược với độ sắc nét đặc trưng của nó. Chế phẩm giàu chất xơ này cung cấp protein thực vật cân bằng từ bộ ba đậu cùng với carbohydrate phức hợp, khiến nó trở thành món ăn dã ngoại bổ dưỡng. Hương vị của món salad sẽ đậm đà hơn khi để trong tủ lạnh qua đêm, giúp các nguyên liệu ngấm hoàn toàn nước xốt.",95
64b4f703-382c-5864-8710-450221a38d83,,,Đậu lăng đen (Black Lentils),INGREDIENT,310.23,22.5,2.0,62.4,24.3,1.55,1.6,d955f552-54bb-4357-b9be-a0269615a707,,,"Đậu lăng đen (thường được gọi là đậu lăng Beluga vì bề ngoài giống trứng cá muối) là một loại đậu giàu protein và chất xơ, được phân biệt bởi màu đen đậm do chất chống oxy hóa anthocyanin. Những loại đậu nhỏ, bóng này nấu nhanh hơn nhiều loại đậu trong khi vẫn giữ được kết cấu chắc, khiến chúng trở nên lý tưởng cho món salad, bát ngũ cốc và các món súp thịnh soạn. Hương vị đất và khả năng giữ nguyên hình dạng trong quá trình nấu giúp chúng trở thành nguồn protein đa năng có nguồn gốc thực vật phù hợp với chế độ ăn không có gluten và thuần chay.",75
e2529e4c-3c56-5cec-8085-bb9825a51f4b,,,"Rau cải rổ nấu chín (Collard Greens, Cooked)",DISH,33.0,2.71,0.72,5.65,4.0,0.4,15.0,d955f552-54bb-4357-b9be-a0269615a707,,,"Rau xanh Collard là một loại rau lá đậm đặc chất dinh dưỡng thuộc họ Brassica, được nấu chín chậm theo truyền thống để biến những chiếc lá màu xanh đậm, cứng cáp của chúng thành những loại rau xanh mềm, có hương vị. Khi ninh với nước dùng, giấm hoặc thịt hun khói – thường thấy trong ẩm thực miền Nam Hoa Kỳ – chúng có hương vị êm dịu, hơi đắng trong khi vẫn giữ được một lượng đáng kể vitamin A, C và K. Phương pháp nấu này làm mềm kết cấu dạng sợi của chúng và tăng cường sinh khả dụng khoáng chất, khiến chúng vừa là một món ăn có ý nghĩa văn hóa vừa là nguồn cung cấp chất xơ và canxi ít calo.",75
4ccec787-c7c1-53c2-a575-b6876367ee36,,,"Nấm đóng hộp (Mushrooms, Canned)",DISH,25.0,1.87,0.29,5.09,2.4,2.34,425.0,d955f552-54bb-4357-b9be-a0269615a707,,,"Nấm đóng hộp là loại nấm nút được bảo quản được nấu chín và khử trùng trong nước muối, cung cấp giải pháp thay thế ổn định cho các loại nấm tươi. Mặc dù chúng vẫn giữ được một số vitamin B và khoáng chất như kali, nhưng quá trình đóng hộp sẽ làm mềm kết cấu và làm dịu hương vị đất của chúng, với nồng độ natri tăng lên đáng kể trừ khi để ráo nước và rửa sạch. Những loại nấm đã nấu sẵn này rất lý tưởng để kết hợp nhanh chóng vào các món súp, nước sốt và các món ăn mà sự thuận tiện hơn là yêu cầu độ giòn.",95
e4d74b4f-f7fb-51b8-ae5d-c3294607812c,,,Hẹ tỏi (Garlic Chives),INGREDIENT,30.0,3.27,0.73,4.35,2.5,1.85,15.0,d955f552-54bb-4357-b9be-a0269615a707,,,"Hẹ tỏi là một loại thảo mộc có lá dẹt với hương vị tỏi đặc trưng, ​​​​khác biệt với mùi vị giống hành nhẹ hơn của hẹ thông thường. Được sử dụng rộng rãi trong ẩm thực Đông Á, những loại rau xanh tươi này cung cấp vitamin A và C trong khi vẫn chứa ít calo và những bông hoa màu trắng ăn được của chúng tạo thêm sự hấp dẫn thị giác cho các món ăn. Lá rất linh hoạt trong cả ứng dụng thô như trang trí và chế biến nấu chín như món xào, nơi chúng vẫn giữ được kết cấu giòn.",95
a0934494-22eb-5725-80f4-72b277791d6a,,,Bánh quy xoắn nhân bơ đậu phộng (Peanut Butter Filled Pretzels),INGREDIENT,500.0,17.5,24.4,52.5,4.0,6.0,1285.0,d955f552-54bb-4357-b9be-a0269615a707,,,"Bánh quy nhân bơ đậu phộng là một món ăn nhẹ kết hợp vỏ bánh quy giòn, mặn với nhân bơ đậu phộng mịn, giàu protein. Loại thực phẩm lai này cân bằng lượng carbohydrate từ bánh quy cây làm từ lúa mì với chất béo có lợi cho tim và protein từ thực vật từ nhân, mặc dù các loại thương mại thường chứa đường bổ sung và hàm lượng natri cao. Mặc dù tiện lợi nhưng bản chất đã qua chế biến và hàm lượng calo dày đặc của chúng đòi hỏi phải kiểm soát khẩu phần ăn một cách thận trọng và chúng thường chứa các chất gây dị ứng bao gồm lúa mì, đậu phộng và đậu nành.",75
966a4000-8fd7-587b-9646-deef29f558dd,,,Bánh quy cứng nhân bơ đậu phộng (Peanut Butter Filled Hard Pretzels),INGREDIENT,473.0,16.3,22.4,49.0,3.5,7.0,740.0,d955f552-54bb-4357-b9be-a0269615a707,,,"Bánh quy cứng nhân bơ đậu phộng là một món ăn nhẹ ổn định khi bảo quản, kết hợp giữa vỏ bánh quy giòn, mặn với phần bên trong bơ đậu phộng mịn. Sản phẩm được sản xuất này cung cấp hỗn hợp carbohydrate từ bột bánh quy xoắn và protein có nguồn gốc thực vật từ nhân bánh, mặc dù thường chứa thêm đường và chất bảo quản. Kết cấu tương phản và đặc điểm mặn-ngọt khiến chúng trở nên phổ biến để tiêu dùng khi đang di chuyển, nhưng người dùng nên lưu ý hàm lượng natri cao và nguy cơ gây dị ứng tiềm ẩn từ cả lúa mì và đậu phộng.",75
5b2741b0-f3ed-5697-afb4-ffd747484246,,,"Rau bina sốt phô mai nấu chín (Spinach with Cheese Sauce, Cooked)",DISH,85.0,4.7,5.5,5.2,1.6,2.2,250.0,d955f552-54bb-4357-b9be-a0269615a707,,,"Rau bina sốt phô mai là một món rau nấu chín kết hợp lá rau bina mềm, héo với nước sốt kem sữa. Rau bina cung cấp đáng kể chất sắt, vitamin A và C cũng như chất xơ, trong khi nước sốt phô mai bổ sung protein và canxi cùng với chất béo bão hòa và natri từ các nguyên liệu như sữa, phô mai và bơ. Thường được chế biến bằng cách hấp hoặc chần rau bina trước khi phủ nó trong hỗn hợp phô mai đặc, món ăn này cân bằng mật độ dinh dưỡng với hương vị hấp dẫn nhưng cần có sự điều độ để theo dõi lượng calo hoặc natri nạp vào.",75
99e6e0ad-2c80-5655-a707-b27fcc1965c5,,,Khoai tây tím (Purple Potatoes),INGREDIENT,80.0,2.0,0.1,17.0,2.3,1.0,10.0,d955f552-54bb-4357-b9be-a0269615a707,,,"Khoai tây tím là một loại Solanum tuberosum có sắc tố tự nhiên, được công nhận vì thịt và vỏ có màu tím đậm do chất chống oxy hóa anthocyanin gây ra. Mặc dù về mặt dinh dưỡng tương tự như khoai tây trắng về lượng calo và carbohydrate, nhưng chúng cung cấp lượng kali và vitamin C cao hơn một chút, cùng với các lợi ích tiềm năng trong việc điều chỉnh lượng đường trong máu do tác động lên đường huyết thấp hơn. Những củ gia truyền này vẫn giữ được màu sắc nổi bật khi nấu chín và có thể rang, nghiền hoặc chiên như khoai tây thông thường, mặc dù phương pháp nấu ẩm có thể gây chảy máu nhẹ.",95
95ed3117-12f4-5357-837a-14819977a1aa,,,Cải xoăn đỏ Nga (Red Russian Kale),INGREDIENT,42.0,3.3,1.2,7.0,3.8,1.0,40.0,d955f552-54bb-4357-b9be-a0269615a707,,,"Cải xoăn đỏ của Nga là một giống gia truyền giàu dinh dưỡng, được phân biệt bởi những chiếc lá phẳng, có diềm xếp nếp và thân màu tím nổi bật. Giống cây chịu lạnh này có độ mềm cao hơn cải xoăn xoăn thông thường, khiến nó phù hợp cho cả ứng dụng sống như salad và các chế phẩm nấu nhanh như áp chảo. Những chiếc lá rực rỡ của nó cung cấp vitamin A, C và K đậm đặc cùng với các chất chống oxy hóa như anthocyanin, với sắc tố màu tím đậm hơn khi trồng ở nhiệt độ mát hơn.",95
d20f1fb8-31a6-5921-95f1-3a6752a86ab5,,,Đậu phụ lụa / Đậu phụ non (Silken Tofu),DISH,50.0,4.8,2.6,2.0,0.2,0.8,4.0,d955f552-54bb-4357-b9be-a0269615a707,,,"Đậu phụ lụa là một sản phẩm đậu nành giống sữa trứng được chế biến tối thiểu, nổi bật bởi kết cấu siêu mịn và khả năng hòa quyện hoàn hảo vào cả các món ngọt và mặn. Không giống như các loại đậu phụ cứng hơn, nó được đông tụ mà không làm sữa đậu nành bị vón cục, giữ được độ ẩm cao hơn khiến nó trở nên lý tưởng để làm nước xốt, món tráng miệng và các sản phẩm thay thế không có sữa. Với hàm lượng protein thấp hơn một chút so với các loại đậu phụ đặc nhưng vẫn giàu chất sắt và canxi, nó đóng vai trò là nền tảng linh hoạt cho các công thức nấu ăn thuần chay giàu chất dinh dưỡng.",75
8de51b27-ad18-5066-a355-09117b5e1ebd,,,Cà ri rau củ (Vegetable Curry),DISH,67.0,2.2,2.8,9.1,2.4,3.0,150.0,d955f552-54bb-4357-b9be-a0269615a707,,,"Cà ri rau là món hầm gia vị có sự pha trộn của các loại rau theo mùa được ninh trong nước sốt thơm thường được làm từ nghệ, thì là, rau mùi và ớt. Món ăn làm từ thực vật này cung cấp đáng kể chất xơ và vi chất dinh dưỡng đồng thời thích ứng với các biến thể vùng miền có thể bao gồm nước cốt dừa để tạo độ béo ngậy hoặc cà chua để tạo độ chua. Thành phần gia vị của nó mang lại cả lợi ích chống oxy hóa và mức nhiệt có thể tùy chỉnh, làm cho nó tương thích với các sở thích ăn chay, không chứa gluten và ít calo khi được chế biến phù hợp.",95
cce9669c-5c5c-5cf5-946e-0e38ba32cf37,,,Snack bắp rang vị hành kem chua (Sour Cream and Onion Popcorn Chips),INGREDIENT,540.0,7.1,35.7,50.0,4.0,2.0,1286.0,d955f552-54bb-4357-b9be-a0269615a707,,,"Kem chua và bỏng ngô hành tây là một món ăn nhẹ dày dạn được làm từ bỏng ngô nguyên hạt được chế biến thành những miếng khoai tây chiên giòn, thoáng mát. Chúng kết hợp vị thơm của sữa được nuôi cấy với hương vị thơm ngon của hành tây, mang lại kết cấu nhẹ hơn so với khoai tây chiên truyền thống trong khi vẫn duy trì lượng chất béo vừa phải và hàm lượng natri cao hơn đặc trưng của đồ ăn nhẹ mặn. Những loại khoai tây chiên này cung cấp một số chất xơ từ cơ sở bỏng ngô và thường chứa gia vị có nguồn gốc từ sữa, mặc dù chúng thường được pha chế không chứa gluten.",95
70e93391-0d4f-5ab6-b2e5-a637150081f0,,,Súp bí bơ (Butternut Squash Soup),DISH,35.0,0.7,0.73,6.32,1.0,2.78,237.0,d955f552-54bb-4357-b9be-a0269615a707,,,"Súp bí đỏ là một món ăn xay nhuyễn mịn được làm chủ yếu từ bí đỏ rang hoặc ninh nhừ được trộn thành một hỗn hợp mịn. Loại rau thu hoạch vào mùa thu này cung cấp hàm lượng vitamin A và C cao, cùng với chất xơ, đồng thời duy trì lượng calo thấp tự nhiên khi chế biến mà không cần thêm kem. Các phiên bản truyền thống thường kết hợp các loại gia vị ấm như nhục đậu khấu và quế, mặc dù các biến thể hiện đại có thể bao gồm các thành phần như nước cốt dừa để thích ứng với người ăn chay hoặc táo để tăng thêm vị ngọt.",75
3078e439-a3f6-5aab-9652-4a7e50af858f,,,Sốt chấm hành tây / Onion Dip (Onion Dip),DISH,200.0,3.33,16.67,6.67,0.0,6.67,500.0,d955f552-54bb-4357-b9be-a0269615a707,,,"Nhúng hành tây là một loại gia vị kem truyền thống được làm bằng cách trộn kem chua hoặc sốt mayonnaise với hành tây caramen, bột hành tây và gia vị mặn. Món ăn nhẹ giàu chất béo này có hương vị ngọt ngào đặc trưng nhờ hành tây nấu chín chậm, trong khi các phiên bản thương mại thường nhấn mạnh sự tiện lợi của hành tây khô. Mặc dù thường được phục vụ với khoai tây chiên hoặc bánh crudités, các biến thể hiện đại có thể thay thế sữa chua Hy Lạp để giảm hàm lượng chất béo trong khi vẫn duy trì đặc tính đậm đà, vị umami của món ăn được nhiều bữa tiệc yêu thích này.",95
2b38d1c6-abc1-5d7d-b9d7-97954317124e,,,Rau bina sốt kem (Creamed Spinach),INGREDIENT,124.0,3.5,8.0,10.6,2.0,4.0,274.0,d955f552-54bb-4357-b9be-a0269615a707,,,"Rau bina sốt kem là một món ăn kèm cổ điển của Mỹ bao gồm rau bina nấu chín mềm trộn với nước sốt kem hoặc sốt béchamel đậm đà. Món ăn này kết hợp lượng vitamin A, C và sắt dồi dào tự nhiên của lá xanh với các thành phần từ sữa đóng góp đáng kể canxi và chất béo bão hòa. Thường được nêm với hạt nhục đậu khấu và tỏi, món này thường được dùng như món ăn kèm trong nhà hàng bít tết nhưng lại thích hợp với các chế phẩm ít chất béo sử dụng các sản phẩm thay thế sữa.",95
e4993d7b-e8e8-5802-90bc-207cff6f89a9,,,Đậu phộng tẩm ớt cay (Spicy Chili Peanuts),DISH,600.0,26.0,49.0,16.0,8.5,4.7,340.0,d955f552-54bb-4357-b9be-a0269615a707,,,"Đậu phộng ớt cay là đậu phộng rang được phủ một hỗn hợp gia vị đậm đà gồm bột ớt, tỏi và gia vị, mang đến một món ăn nhẹ giòn với độ cay rõ rệt. Trong khi vẫn giữ lại protein tự nhiên và chất béo lành mạnh của đậu phộng nguyên hạt, loại đậu phộng dày dạn này thường chứa thêm natri để tăng hương vị. Sự kết hợp giữa các mùi thơm, khói và cay khiến chúng trở thành một món ăn nhẹ hoặc lớp phủ độc lập phổ biến cho món salad và các món ăn lấy cảm hứng từ châu Á, mặc dù mật độ calo và hàm lượng muối của chúng đảm bảo việc tiêu thụ một cách thận trọng.",75
87444809-8647-5a07-af2c-f7179f5e5d57,,,Tỏi nướng (Roasted Garlic),DISH,186.0,6.0,3.3,33.0,2.0,4.0,17.0,d955f552-54bb-4357-b9be-a0269615a707,,,"Tỏi nướng là một dạng caramen gồm cả củ tỏi được nấu chậm với dầu cho đến khi các tép có hương vị êm dịu, ngọt ngào và kết cấu mềm, dễ phết. Quá trình nấu này làm giảm các hợp chất lưu huỳnh cay có trong tỏi sống trong khi vẫn giữ được các chất chống oxy hóa có lợi, giúp quá trình tiêu hóa nhẹ nhàng hơn. Những tép màu nâu vàng được sử dụng rộng rãi để tăng thêm độ đậm đà cho các loại nước sốt, món phết và các món nướng mà không cần tỏi sống.",95
30fe44a3-3e99-59fa-8dff-3633d1d4a1a5,,,Khoai tây nguyên củ đóng hộp (Canned Whole Potatoes),DISH,60.0,1.41,0.21,13.6,2.3,0.59,219.0,d955f552-54bb-4357-b9be-a0269615a707,,,"Khoai tây nguyên củ đóng hộp là khoai tây nấu sẵn được bảo quản trong nước muối hoặc nước, giúp bảo quản lâu hơn và thuận tiện cho việc chuẩn bị nhanh chóng. Trong khi duy trì hàm lượng tinh bột và kali cơ bản của khoai tây tươi, quá trình đóng hộp làm mềm kết cấu của chúng và làm tăng đáng kể nồng độ natri so với các loại khoai tây sống. Những củ khoai tây chế biến sẵn này hoạt động tốt trong các món nấu nhanh như salad và các món dùng chảo, mặc dù việc rửa sạch trước khi sử dụng có thể làm giảm hàm lượng natri của chúng tới 30%.",95
4bcd9666-aab9-5e7e-a15d-61a316439161,,,Salad khoai tây kiểu Địa Trung Hải (Mediterranean Potato Salad),DISH,332.0,9.4,19.7,30.9,3.4,3.4,405.0,d955f552-54bb-4357-b9be-a0269615a707,,,"Salad khoai tây Địa Trung Hải là một món mới của món salad khoai tây cổ điển, bao gồm khoai tây nướng hoặc luộc trộn với các loại rau giòn như dưa chuột và cà chua bi, ô liu ngâm nước muối và các loại thảo mộc thơm như rau mùi tây và lá oregano. Không giống như các phiên bản làm từ sốt mayonnaise, nó thường sử dụng dầu ô liu và nước sốt chanh để có thành phần chất béo nhẹ hơn, giàu chất béo không bão hòa đơn. Món ăn đậm đặc chất dinh dưỡng này thường kết hợp với phô mai feta để tạo vị thơm ngon trong khi vẫn ăn chay tự nhiên và không chứa gluten, với các chế độ ăn chay không dùng sữa.",95
00d8571a-25f2-5f4a-b404-efdc4719d6fd,,,Đậu sáp vàng (Yellow Wax Beans),INGREDIENT,31.0,1.82,0.12,7.13,3.4,3.27,6.0,d955f552-54bb-4357-b9be-a0269615a707,,,"Đậu sáp vàng là một loại đậu snap được phân biệt bởi vỏ màu vàng rực rỡ và hương vị nhẹ, hơi ngọt. Những loại đậu tươi này có kết cấu mềm, giòn giống như đậu xanh khi nấu chín nhưng chứa vitamin A cao hơn một chút và giữ được màu sáng sau khi hấp hoặc luộc. Ít calo nhưng giàu chất xơ, chúng cung cấp một lựa chọn rau đa năng cho món salad, món xào hoặc các món ăn kèm hấp đơn giản.",75
05998ec4-b100-5c41-bdee-16d294f3002a,,,"Đậu lima đóng hộp ráo nước (Lima Beans, Canned Drained)",DISH,80.0,4.7,0.5,14.5,4.6,1.5,300.0,d955f552-54bb-4357-b9be-a0269615a707,,,"Đậu lima, đóng hộp và để ráo nước, là loại đậu nấu sẵn được bảo quản trong nước muối, mang lại kết cấu mềm và hương vị bơ nhẹ, khác biệt so với đậu tươi hoặc khô. Trong khi vẫn giữ được hàm lượng chất xơ và protein từ thực vật cao, quá trình đóng hộp làm tăng nồng độ natri, cần phải rửa sạch để giảm lượng muối ăn vào. Những hạt đậu ổn định trong thời hạn sử dụng này giúp bạn dễ dàng tiếp cận các khoáng chất thiết yếu như sắt và kali, lý tưởng để bổ sung nhanh chóng vào các món súp, món hầm hoặc salad.",75
4d0c2381-38c0-5bc5-8c88-776b837b34ac,,,Bánh mì Paratha nhân rau củ hỗn hợp (Mixed Vegetable Paratha),DISH,250.0,6.0,10.0,35.0,4.5,2.0,300.0,d955f552-54bb-4357-b9be-a0269615a707,,,"Paratha rau hỗn hợp là một loại bánh mì dẹt của Bắc Ấn Độ được làm bằng cách nhào các loại rau củ nghiền hoặc thái nhỏ như cà rốt, đậu Hà Lan và rau bina thành bột mì nguyên hạt, sau đó chiên trên chảo với bơ sữa trâu hoặc dầu. Món ăn thịnh soạn này cung cấp sự cân bằng giữa carbohydrate phức hợp, chất xơ từ cả ngũ cốc nguyên hạt và rau quả, đồng thời vừa phải chất béo từ quá trình nấu nướng. Thường được phục vụ như một bữa ăn riêng với sữa chua hoặc dưa chua, nó cung cấp nhiều chất dinh dưỡng đa dạng hơn so với bánh mì thông thường trong khi vẫn duy trì được kết cấu dạng xốp, nhiều lớp đặc trưng của parathas truyền thống.",95
a39a8dd9-97fa-5152-8582-83dc863c5129,,,"Cà rốt đóng hộp ráo nước (Carrots, Canned Drained)",DISH,25.0,0.64,0.19,5.54,1.5,2.48,242.0,d955f552-54bb-4357-b9be-a0269615a707,,,"Cà rốt ráo nước đóng hộp là những miếng cà rốt nấu sẵn được bảo quản trong nước hoặc nước muối, mang lại kết cấu mềm hơn và hương vị nhẹ hơn so với các loại tươi. Quá trình đóng hộp vẫn giữ lại beta-carotene (tiền chất vitamin A) nhưng thường bổ sung thêm natri đáng kể trừ khi được dán nhãn ít muối. Những loại rau chế biến sẵn này giúp kết hợp thuận tiện vào các món ăn đã nấu chín đồng thời yêu cầu cân nhắc việc giảm độ giòn và hàm lượng natri của chúng.",95
f1cd569c-4ff0-505a-9723-7d533500717d,,,Nấm mỡ nâu / Nấm Beech (Beech Mushrooms),INGREDIENT,39.8,2.18,0.45,6.76,3.14,1.5,0.89,d955f552-54bb-4357-b9be-a0269615a707,,,"Nấm sồi là một loại nấm ăn được trồng trọt được nhận biết bởi sự phát triển thành từng cụm và thân mảnh mai với những chiếc mũ tròn, nhỏ nhắn. Những loại nấm này vẫn giữ được kết cấu chắc, hơi giòn ngay cả khi nấu chín, mang lại hương vị ngọt ngào nhẹ nhàng phù hợp với các món xào, súp và mì trong ẩm thực châu Á. Ít calo nhưng giàu vitamin B và chất xơ, chúng cung cấp chất bổ sung đậm đặc chất dinh dưỡng cho bữa ăn trong khi là món thuần chay tự nhiên và không chứa gluten.",95
0610a0b9-ac05-5588-a7d1-080d1b662b02,,,Cá mòi đóng hộp sốt cà chua (Canned Sardines in Tomato Sauce),DISH,155.83,16.4,8.8,2.8,0.0,0.0,461.0,d955f552-54bb-4357-b9be-a0269615a707,,,"Cá mòi đóng hộp sốt cà chua là loại cá giàu dầu đã được nấu sẵn, được bảo quản trong chất lỏng làm từ cà chua đã được tẩm gia vị, cung cấp nguồn axit béo omega-3 biển và canxi thuận tiện từ xương ăn được đã được làm mềm của chúng. Nước sốt cà chua đóng góp chất chống oxy hóa lycopene đồng thời tăng hương vị, mặc dù một số nhãn hiệu có thể chứa đường bổ sung hoặc hàm lượng natri cao. Sẵn sàng để ăn ngay từ hộp thiếc, những con cá mòi này đóng vai trò như một lựa chọn protein di động (15-20g mỗi khẩu phần) phổ biến trong chế độ ăn Địa Trung Hải và các lựa chọn hải sản bền vững do chúng có vị trí thấp trong chuỗi thức ăn.",95
16d0172f-cad8-5be8-90bb-e2b2ec97bbc5,,,Salad đậu Hà Lan (Pea Salad),DISH,225.0,5.5,16.0,15.0,4.0,4.0,350.0,d955f552-54bb-4357-b9be-a0269615a707,,,"Salad đậu là một món ăn ướp lạnh có đậu xanh mềm làm nguyên liệu cơ bản, thường được kết hợp với nước sốt kem như sốt mayonnaise hoặc sữa chua và các chất bổ sung giòn như hành tây, thịt xông khói hoặc phô mai. Món ăn kèm đa năng này làm nổi bật vị ngọt tự nhiên và kết cấu chắc của đậu Hà Lan đồng thời cung cấp protein từ thực vật và chất xơ. Mặc dù thường được phục vụ như một món ăn dã ngoại hoặc món ăn chủ yếu trong bữa tiệc potluck, các biến thể hiện đại thích ứng với sở thích ăn kiêng bằng cách sử dụng nước xốt thuần chay hoặc bỏ qua các sản phẩm động vật.",95
c858194b-6b42-5979-b896-3b8dc4eab3aa,,,"Rau bina đóng hộp ráo nước (Spinach, Canned and Drained)",DISH,23.0,2.81,0.5,3.4,2.4,0.4,322.0,d955f552-54bb-4357-b9be-a0269615a707,,,"Rau bina đóng hộp và để ráo nước là một dạng rau lá xanh được bảo quản qua quá trình nấu và khử trùng trong quá trình đóng hộp, dẫn đến kết cấu mềm hơn và hương vị dịu hơn so với rau bina tươi. Mặc dù quá trình đóng hộp làm giảm các chất dinh dưỡng nhạy cảm với nhiệt như vitamin C nhưng nó vẫn giữ được hàm lượng canxi và sắt đáng kể, mặc dù nồng độ natri thường tăng cao do bổ sung chất bảo quản. Tùy chọn ổn định thời hạn sử dụng này thường được sử dụng trong các món ăn đã nấu chín có độ đặc mềm hòa quyện tốt, chẳng hạn như súp hoặc món thịt hầm và có thể được rửa sạch để giảm lượng natri trước khi tiêu thụ.",95
06953daf-0456-5dcc-a99d-2a5a32215636,,,Cà chua sấy khô (Dried Tomatoes),INGREDIENT,267.0,14.1,3.0,55.8,12.3,37.6,177.0,d955f552-54bb-4357-b9be-a0269615a707,,,"Cà chua khô là cà chua chín trải qua quá trình khử nước để loại bỏ khoảng 90% độ ẩm, tạo ra hương vị chua ngọt đậm đà và kết cấu dai. Phương pháp bảo quản này tập trung đặc tính vị umami tự nhiên và chất dinh dưỡng của cà chua, mang lại mật độ chất xơ, vitamin C và kali trên mỗi gram cao hơn so với cà chua tươi. Thường được bán dưới dạng đóng gói khô hoặc bảo quản trong dầu, chúng được sử dụng như một nguyên liệu linh hoạt trong các món ăn Địa Trung Hải, salad và bát đựng ngũ cốc, đồng thời tăng thêm hương vị đậm đà cho nước sốt và nước chấm mà không dư thừa chất lỏng.",95
869ec0be-ee17-51fc-98e8-758102947ef2,,,Salad gà tây (Turkey Salad),DISH,230.0,16.1,17.5,1.3,0.5,0.8,160.0,d955f552-54bb-4357-b9be-a0269615a707,,,"Salad Thổ Nhĩ Kỳ là một món ăn giàu protein kết hợp gà tây cắt nhỏ, nấu chín với các loại rau giòn như cần tây và hành tây, thường được kết hợp với nước sốt làm từ sốt mayonnaise. Chế phẩm đa năng này cân bằng protein nạc của thịt gia cầm với chất béo bổ sung từ nước xốt, khiến nó trở nên phổ biến trong món bánh mì sandwich, món cuốn hoặc cốc rau diếp. Mặc dù thường được nêm với các loại thảo mộc để tạo độ tươi, nhưng mật độ calo của nó thay đổi đáng kể dựa trên tỷ lệ nước sốt và các chất bổ sung tùy chọn như các loại hạt hoặc trái cây sấy khô.",80
ed8ad655-2e0c-5781-8b8b-0bf1c17399d0,,,Cải làn / Bông cải xanh Trung Quốc (Chinese Broccoli),INGREDIENT,26.0,1.2,0.76,4.7,2.6,1.5,15.0,d955f552-54bb-4357-b9be-a0269615a707,,,"Bông cải xanh Trung Quốc (Brassica oleracea var. Alboglabra) là một loại rau lá xanh đặc trưng bởi lá màu xanh đậm, thân dày và hoa nhỏ. Loại rau họ cải này có vị đất, đắng hơn bông cải xanh thông thường và chứa hàm lượng vitamin A, C và K cao hơn cùng với canxi và chất xơ đáng chú ý. Là món ăn chủ yếu trong ẩm thực Quảng Đông, nó thường được xào hoặc hấp và thường ăn kèm với tỏi hoặc dầu hào, giữ được kết cấu giòn khi nấu đúng cách.",95
487de620-1a4a-5791-b261-fe8fcdd4c1d2,,,Sốt rau củ (Vegetable Sauce),DISH,50.0,2.0,1.0,10.0,2.0,5.0,300.0,d955f552-54bb-4357-b9be-a0269615a707,,,"Nước sốt rau là một loại gia vị có nguồn gốc thực vật thường được làm bằng cách trộn hoặc ninh các loại rau tươi hoặc nấu chín như cà chua, ớt, hành tây hoặc rau lá xanh. Mặc dù giá trị dinh dưỡng khác nhau, nhưng hầu hết các phiên bản đều cung cấp một loại thay thế ít calo, giàu vitamin cho nước sốt làm từ kem, mặc dù các loại thương mại có thể chứa thêm natri. Loại nước sốt đa năng này thích ứng với nhiều nền ẩm thực, đóng vai trò như một lớp phủ giàu chất dinh dưỡng cho mì ống, ngũ cốc hoặc protein và có thể được điều chỉnh cho phù hợp với nhu cầu ăn chay, không chứa gluten hoặc ít chất béo.",95
eab5aaca-c44e-5f12-a60f-bcfee5c51e23,,,"Khoai tây đỏ đóng hộp ráo nước (Red Potatoes, Canned and Drained)",DISH,60.0,1.41,0.21,13.61,2.3,0.59,219.0,d955f552-54bb-4357-b9be-a0269615a707,,,"Khoai tây đỏ, khi đóng hộp và để ráo nước, là khoai tây đã nấu chín trước, được bảo quản trong chất lỏng sau đó để ráo nước để sử dụng ngay. Quá trình đóng hộp làm mềm kết cấu sáp tự nhiên của chúng trong khi vẫn giữ được lớp vỏ mỏng màu đỏ, góp phần cung cấp chất xơ và kali. Mặc dù tiện lợi nhưng chúng thường chứa hàm lượng natri cao hơn khoai tây tươi, mặc dù việc rửa sạch có thể làm giảm hàm lượng natri tới 30%. Những củ khoai tây này phù hợp khi chế biến nhanh như món salad hoặc món thịt hầm mà độ cứng không quá quan trọng.",95
f93e4111-01fd-5826-8c4b-e5f8f3365e35,,,"Đậu tây trắng khô (White Kidney Beans, Dry)",INGREDIENT,333.0,23.7,0.8,60.0,25.0,2.0,10.0,d955f552-54bb-4357-b9be-a0269615a707,,,"Đậu thận trắng khô là loại đậu phải được ngâm và nấu chín trước khi ăn. Những loại đậu này là nguồn cung cấp protein và chất xơ có nguồn gốc thực vật tốt, góp phần mang lại cảm giác no và hỗ trợ sức khỏe tiêu hóa. Sau khi nấu chín, chúng có hương vị nhẹ, hơi hạt và kết cấu dạng kem, khiến chúng trở nên linh hoạt để sử dụng trong các món súp, món hầm, salad và ớt.",75
531cab36-9935-5535-9da7-a77997685762,,,Salad khoai tây sốt Ranch (Potato Salad with Ranch Dressing),DISH,194.0,1.3,14.1,14.1,1.5,2.0,350.0,d955f552-54bb-4357-b9be-a0269615a707,,,"Salad khoai tây với nước sốt trang trại là một món ăn kèm ướp lạnh thay thế sốt mayonnaise hoặc mù tạt truyền thống bằng nước sốt kem trang trại để có hương vị thơm, đậm đà từ thảo mộc. Phiên bản này thường kết hợp khoai tây luộc với hỗn hợp đặc trưng của trang trại gồm bơ sữa, thì là, tỏi và bột hành, dẫn đến hàm lượng chất béo phong phú hơn so với các công thức nấu ăn cổ điển. Món ăn này thường bao gồm các chất bổ sung giòn như cần tây hoặc hành đỏ, và nước sốt làm từ sữa có thể yêu cầu thay thế cho các sở thích ăn chay hoặc ít chất béo.",95
71393b1b-057e-5b71-bd5d-ad1c006f581f,,,Salad sữa chua (Yogurt Salad),DISH,62.75,3.14,2.16,7.84,1.18,5.88,78.43,d955f552-54bb-4357-b9be-a0269615a707,,,"Salad sữa chua là một món ăn Trung Đông sảng khoái kết hợp sữa chua béo béo với dưa chuột tươi, rau thơm và tỏi. Món ăn truyền thống của người Syria này có lớp nền mịn, thơm được điểm nhấn bằng những miếng dưa chuột giòn và các loại thảo mộc tươi như bạc hà hoặc rau mùi tây, thường được phục vụ ướp lạnh như một món ăn phụ hoặc món khai vị. Món ăn này mang lại lợi ích probiotic từ sữa chua đồng thời cung cấp nguồn protein và hydrat hóa tốt, với hương vị đặc trưng của tỏi và thảo mộc.",75
4f7727d5-520a-53c4-a945-65a41e74ff57,,,Salad Cobb (Cobb Salad),DISH,200.0,10.0,14.5,7.5,2.5,3.0,350.0,d955f552-54bb-4357-b9be-a0269615a707,,,"Salad Cobb là món salad món chính giàu protein của Mỹ với sự sắp xếp đặc biệt gồm rau xanh xắt nhỏ, gà nướng, thịt xông khói, trứng luộc chín, bơ, cà chua, phô mai xanh và dầu giấm. Có nguồn gốc từ Hollywood những năm 1930, các nguyên liệu của món này theo truyền thống được trình bày thành hàng gọn gàng để thu hút thị giác. Sự kết hợp này cung cấp các chất dinh dưỡng đa lượng cân bằng từ thịt gia cầm nạc, chất béo lành mạnh và rau giàu chất xơ, mặc dù mật độ calo của nó đảm bảo cân nhắc khẩu phần cho người dùng quan tâm đến cân nặng.",95
5e95148f-a836-5f6c-b2b3-bac834efee5b,,,Bột hạnh nhân nguyên vỏ (Unblanched Almond Flour),INGREDIENT,622.0,26.2,50.2,16.2,9.27,3.9,0.89,d955f552-54bb-4357-b9be-a0269615a707,,,"Bột hạnh nhân không chần là nguyên liệu làm bánh không chứa gluten được làm bằng cách nghiền cả quả hạnh nhân còn nguyên lớp vỏ giàu dinh dưỡng. Việc giữ lại vỏ cung cấp hàm lượng chất xơ và chất chống oxy hóa cao hơn so với các loại chần, đồng thời tạo ra kết cấu thô hơn một chút và hương vị đất đậm hơn. Loại bột không chứa ngũ cốc này hoạt động tốt trong các loại bánh nướng và vỏ bánh dày đặc, mặc dù hàm lượng chất béo cao hơn từ vỏ quả hạnh nhân cần được bảo quản lạnh để tránh bị ôi thiu.",75
c75a3771-3a32-5a05-ab8f-5799f902383b,,,Rau củ xào kiểu Á (Asian Vegetable Stir-Fry),DISH,78.0,2.5,3.5,9.0,2.0,4.0,300.0,d955f552-54bb-4357-b9be-a0269615a707,,,"Món xào rau củ kiểu Á là một món nấu chín có sự kết hợp sôi động của các loại rau thái lát mỏng như cải chíp, ớt chuông và đậu Hà Lan, được xào nhanh trong chảo trên lửa lớn. Phương pháp chế biến này bảo quản kết cấu mềm giòn của rau đồng thời tập trung hương vị, thường được tăng cường với tỏi, gừng và nước sốt nhẹ như nước tương hoặc dầu hào. Món ăn này cung cấp một bữa ăn ít calo, nhiều chất xơ, giàu vitamin A và C, với các biến thể thường đáp ứng nhu cầu ăn chay, không chứa gluten hoặc ít natri.",95
b5e33a8a-1ee6-5417-b73c-6824c488c36a,,,Sốt Pesto cà chua sấy khô (Sun-Dried Tomato Pesto Sauce),INGREDIENT,412.0,5.7,32.6,20.0,3.0,6.0,900.0,d955f552-54bb-4357-b9be-a0269615a707,,,"Sốt Pesto cà chua khô là một loại gia vị đậm đặc lấy cảm hứng từ Ý, thay thế húng quế truyền thống bằng thành phần chính là cà chua phơi nắng có hương vị đậm đà. Hỗn hợp đặc, gốc dầu này thường kết hợp cà chua với dầu ô liu, phô mai Parmesan, tỏi và hạt thông, cung cấp nguồn lycopene phong phú và chất béo không bão hòa đơn tốt cho tim. Hương vị umami đậm đà của nó làm tăng thêm hương vị cho các món mì ống, bánh mì sandwich và món khai vị, mặc dù hàm lượng phô mai khiến hầu hết các loại không phù hợp với chế độ ăn thuần chay.",95
b22d117d-3aa7-5c09-9f2d-ddff26e37e3a,,,Đậu xanh cà vỏ (Yellow Split Mung Beans),INGREDIENT,330.0,24.0,1.0,63.0,16.0,7.0,15.0,d955f552-54bb-4357-b9be-a0269615a707,,,"Đậu xanh tách vỏ vàng là loại đậu xanh tách vỏ và tách vỏ được đánh giá cao vì thời gian nấu nhanh và khả năng tiêu hóa cao. Những loại đậu này không cần ngâm trước và mềm thành dạng kem khi nấu chín, khiến chúng trở nên lý tưởng cho các món ăn Ấn Độ, súp và món hầm. Chúng cung cấp nguồn protein thực vật và chất xơ dồi dào trong khi ít chất béo và không chứa gluten tự nhiên, hấp dẫn cả chế độ ăn thuần chay và những người có hệ tiêu hóa nhạy cảm.",75
2860561d-35c0-5955-876e-1134992cbf68,,,Salad mì / bún kiểu Á (Asian Noodle Salad),DISH,224.0,11.2,10.3,20.7,2.5,4.0,86.0,d955f552-54bb-4357-b9be-a0269615a707,,,"Salad mì châu Á là một món ăn ướp lạnh bao gồm mì mỏng hoặc mì lúa mì trộn với các loại rau giòn như bắp cải, cà rốt và ớt chuông với nước sốt chanh hoặc mè ớt thơm. Cách chế biến linh hoạt này cân bằng kết cấu giòn và hương vị tươi sáng, giàu vị umami, thường được tăng cường bằng các loại thảo mộc tươi như ngò và bạc hà. Thường được phục vụ lạnh, nó cung cấp carbohydrate phức tạp và chất xơ, với các biến thể thuần chay kết hợp đậu phụ hoặc edamame để tạo ra protein từ thực vật. Món salad có thể được điều chỉnh phù hợp với chế độ ăn không chứa gluten bằng cách sử dụng mì gạo và điều chỉnh độ nhạy natri thông qua các lựa chọn nước sốt giảm natri.",95
202650c3-fd74-57ae-8053-df2d6d91c4ca,,,Rau bina đút lò phủ phô mai / Spinach au Gratin (Spinach au Gratin),DISH,143.0,4.3,10.7,7.4,1.8,2.0,654.0,d955f552-54bb-4357-b9be-a0269615a707,,,"Rau bina au gratin là món thịt hầm cổ điển của Pháp có rau bina nấu chín mềm được bọc trong nước sốt phô mai béo ngậy, bên trên là lớp vỏ vàng của vụn bánh mì hoặc phô mai nướng. Món nướng này cân bằng lượng sắt tự nhiên của rau và vitamin A/C với lượng canxi đáng kể từ sữa, mặc dù phần đế kem và phô mai của nó góp phần làm tăng hàm lượng chất béo bão hòa và calo. Phương pháp chế biến này tạo ra sự tương phản về kết cấu giữa hỗn hợp kem rau bina và phần trên phủ caramen giòn, khiến nó trở thành một món ăn kèm hấp dẫn trong ẩm thực Âu Mỹ.",95
421c234f-0ff4-5ed7-a83a-eb1440a026bd,,,Bánh sừng bò nhân rau bina và phô mai Feta (Spinach and Feta Croissant),INGREDIENT,350.0,11.0,18.0,36.0,2.5,6.0,550.0,d955f552-54bb-4357-b9be-a0269615a707,,,"Bánh sừng bò rau bina và feta là một loại bánh ngọt nướng thơm ngon kết hợp bột nhiều lớp với nhân rau bina nấu chín và phô mai feta vụn. Món ăn lấy cảm hứng từ Địa Trung Hải này cung cấp sự cân bằng giữa các lớp bánh ngọt bơ và nhân mặn thơm, cung cấp lượng protein và canxi vừa phải từ feta cùng với sắt và vitamin A/C từ rau bina. Trong khi phần đế bánh sừng bò đóng góp đáng kể lượng carbohydrate và chất béo bão hòa, thì phần nhân lại bổ sung chất xơ và chất dinh dưỡng không phổ biến trong các loại bánh ngọt truyền thống.",95
972b7d97-bc83-595d-85e2-97d9457f3808,,,Đậu Charro hầm kiểu Mễ (Charro Beans),DISH,125.0,7.5,3.5,15.0,3.0,2.0,400.0,d955f552-54bb-4357-b9be-a0269615a707,,,"Đậu Charro là một món ăn truyền thống của Mexico bao gồm đậu pinto ninh với thịt xông khói, ớt và các loại gia vị thơm như thì là và tỏi. Không giống như đậu chiên, chúng vẫn giữ được kết cấu nguyên hạt trong khi hấp thụ hương vị khói, thơm ngon từ các nguyên liệu như cà chua và ngò trong khi nấu chậm. Chế phẩm giàu protein và chất xơ này thường đi kèm với thịt nướng, mang đến một lựa chọn thay thế đậm đặc chất dinh dưỡng cho các món đậu đơn giản hơn với 8-10 gam protein thực vật cho mỗi cốc nấu chín.",75
cbea62c0-009b-5633-b50c-8bb9d4e696fc,,,Bánh mì cuộn tỏi (Garlic Roll),DISH,309.0,10.8,6.4,52.0,2.0,5.5,465.0,d955f552-54bb-4357-b9be-a0269615a707,,,"Bánh cuộn tỏi là một loại bánh mì nướng thơm ngon tẩm bơ tỏi và rau thơm, thường được phục vụ khi còn nóng. Bên ngoài có lớp vỏ vàng, hơi giòn trong quá trình nướng, trong khi bên trong vẫn mềm và thoáng, với tỏi băm và mùi tây băm tạo nên những túi thơm thơm. Trong khi cung cấp năng lượng nhanh chóng từ carbohydrate, lớp phủ bơ của nó góp phần tạo ra hàm lượng chất béo đáng chú ý, khiến nó trở thành món ăn kèm thú vị cho các món mì ống, súp hoặc salad trong các bữa ăn bình dân.",95
af5108d1-52ff-55e2-acbc-8758a5661f44,,,Cà tím Ý (Italian Eggplant),INGREDIENT,25.0,1.0,0.18,5.88,3.0,2.5,2.0,d955f552-54bb-4357-b9be-a0269615a707,,,"Cà tím Ý là một loại cà tím mảnh, thuôn dài, đặc trưng bởi vỏ màu tím đậm và hương vị nhẹ, hơi ngọt. Nhỏ hơn và mềm hơn so với cà tím hình cầu tiêu chuẩn, nó chứa ít hạt hơn và ít vị đắng hơn, khiến nó trở nên lý tưởng cho các món ăn Địa Trung Hải như ratatouille hoặc parmigiana mà không cần muối trước. Loại rau ít calo này cung cấp chất xơ và chất chống oxy hóa như nasunin trong vỏ ăn được, trong khi phần thịt đặc của nó trở nên kem khi rang, nướng hoặc xào.",75
6838132a-10f3-58fa-9ac4-fac7b07d683a,,,Cà tím Nhật Bản (Japanese Eggplant),INGREDIENT,25.0,1.2,0.18,5.88,3.0,2.0,2.0,d955f552-54bb-4357-b9be-a0269615a707,,,"Cà tím Nhật Bản là loại cà tím thon dài, có vỏ mỏng màu tím và có vị ngọt nhẹ. Không giống như cà tím, nó chứa ít hạt hơn và có thịt mềm hơn, ít đắng hơn, hấp thụ tốt hương vị trong quá trình nấu. Loại rau này nấu nhanh hơn cà tím tiêu chuẩn và đặc biệt được đánh giá cao trong ẩm thực châu Á để xào, nướng và om, đồng thời cung cấp chất xơ, chất chống oxy hóa và kali trong một gói ít calo.",75
c8d35104-8abb-5eb8-8a30-6c7e5a10ea85,,,Salad lúa mạch (Barley Salad),DISH,284.0,5.3,9.8,38.2,7.1,2.5,150.0,d955f552-54bb-4357-b9be-a0269615a707,,,"Salad lúa mạch là một món ăn ngũ cốc nguyên hạt thịnh soạn có nền là lúa mạch nấu chín, nổi tiếng với kết cấu dai và hương vị hấp dẫn. Món salad đa năng này thường kết hợp lúa mạch ướp lạnh với các loại rau tươi như dưa chuột và cà chua, các loại thảo mộc như mùi tây và thường bao gồm các thành phần thơm như nước sốt chanh hoặc phô mai feta. Là một lựa chọn cân bằng dinh dưỡng, nó cung cấp năng lượng bền vững từ carbohydrate phức hợp và chất xơ trong khi vẫn có ít chất béo tự nhiên. Thành phần ngũ cốc chứa gluten của món ăn này khiến nó không phù hợp với chế độ ăn kiêng dành cho bệnh nhân celiac, nhưng sự tiện lợi trước mắt của nó lại thu hút những người đam mê chuẩn bị bữa ăn.",95
42252f59-c82c-54c1-8b38-76ceb9894086,,,Bánh mì thắt nút vị tỏi (Garlic Knots),DISH,316.0,7.9,9.2,47.4,3.0,4.0,450.0,d955f552-54bb-4357-b9be-a0269615a707,,,"Nút thắt tỏi là một món khai vị bánh mì thơm ngon được làm bằng cách xoắn bột bánh pizza thành các hình thắt nút trước khi nướng và phủ một lớp bơ tỏi. Những chiếc bánh cuộn màu nâu vàng này có phần bên trong mềm mại với bên ngoài hơi giòn, thường được hoàn thiện với mùi tây và đôi khi là phô mai bào. Mặc dù phổ biến ở các tiệm bánh pizza của người Mỹ gốc Ý như một món ăn phụ, nhưng sự kết hợp giữa carbohydrate tinh chế và chất béo bão hòa khiến chúng chứa nhiều calo mặc dù kích thước nhỏ.",95
74690228-0b11-598c-925c-4da650ba6f2c,,,Cà tím Trung Quốc (Chinese Eggplant),INGREDIENT,25.0,1.0,0.2,6.0,3.0,3.0,2.0,d955f552-54bb-4357-b9be-a0269615a707,,,"Cà tím Trung Quốc là loại cà tím thon dài, có vỏ màu tím rực rỡ và thịt mềm, gần như không hạt. Không giống như cà tím, nó có hương vị nhẹ hơn, ít đắng hơn và kết cấu kem mịn hơn khi nấu chín, lý tưởng cho các món xào, hấp hoặc om nhanh trong các món ăn Đông Á. Loại rau ít calo này cung cấp chất xơ và chất chống oxy hóa như nasunin, đồng thời tính chất hấp thụ của nó cho phép nó dễ dàng sử dụng các loại nước sốt và gia vị đậm đà.",75
6d5966b1-1391-5583-9c7c-8eeeff6956b0,,,Bánh Quiche rau bina (Spinach Quiche),DISH,222.0,7.4,15.2,14.2,1.5,2.5,450.0,d955f552-54bb-4357-b9be-a0269615a707,,,"Quiche rau bina là một loại bánh tart thơm ngon của Pháp có lớp vỏ bánh xốp chứa đầy sữa trứng, kem và rau bina tươi, thường được làm giàu với các loại pho mát như Gruyère hoặc feta. Món ăn giàu protein này có kết cấu dạng kem từ sữa đồng thời bổ sung chất xơ, sắt và vitamin A/C từ các loại rau lá xanh. Mặc dù giàu chất dinh dưỡng nhưng cách chế biến truyền thống của nó có chứa chất béo bão hòa đáng chú ý từ lớp vỏ và kem, khiến nhận thức về khẩu phần trở thành chìa khóa để cân bằng dinh dưỡng. Nó thường được dùng như món ăn chính cho bữa nửa buổi hoặc bữa ăn nhẹ cùng với món salad.",95
adc1f980-1f71-5270-b4c6-b2ebd7141897,,,Ớt chuông đỏ ngâm giấm (Pickled Red Bell Peppers),DISH,30.0,1.0,0.2,6.0,1.0,4.0,220.0,d955f552-54bb-4357-b9be-a0269615a707,,,"Ớt chuông đỏ ngâm được bảo quản bằng cách ngâm trong giấm, muối và gia vị, biến vị ngọt tự nhiên của chúng thành hương vị thơm, hơi chua. Trong khi vẫn giữ được màu sắc rực rỡ và đặc tính giàu chất chống oxy hóa của rau, quá trình ngâm chua làm mềm kết cấu giòn của chúng và làm tăng đáng kể hàm lượng natri so với ớt tươi. Những loại gia vị đa năng này bổ sung thêm độ axit sáng cho bánh mì sandwich, salad và các món nướng đồng thời cung cấp một cách kết hợp ít calo để kết hợp các khẩu phần rau.",75
45015666-c55b-55ee-83db-7bf87228cba5,,,"Vỏ khoai tây nướng chín (Potato Skins, Cooked)",DISH,132.0,4.39,0.1,29.6,5.5,0.5,16.0,d955f552-54bb-4357-b9be-a0269615a707,,,"Vỏ khoai tây là lớp vỏ ngoài giòn, dày dặn của khoai tây, thường được nướng hoặc chiên sau khi loại bỏ phần thịt bên trong. Mặc dù bản thân da cung cấp chất xơ và chất dinh dưỡng như kali, nhưng món ăn này thường bao gồm các loại đồ ăn kèm có hàm lượng calo cao như phô mai tan chảy, thịt xông khói hoặc kem chua, khiến nó trở thành món khai vị phổ biến nhưng hấp dẫn. Các phiên bản được chế biến đúng cách sẽ cân bằng hương vị đất tự nhiên của vỏ khoai tây với kết cấu giòn đặc trưng.",95
aef941ce-cdfc-5da7-854e-c8f014b8859b,,,Hành tây ngâm giấm (Pickled Onions),INGREDIENT,71.0,0.8,0.1,18.0,1.0,14.5,787.0,d955f552-54bb-4357-b9be-a0269615a707,,,"Hành tây ngâm là hành tây đỏ hoặc ngọc trai thái lát mỏng được bảo quản trong nước muối pha giấm, thường có thêm muối, đường và gia vị. Quá trình ngâm chua làm mềm vị cay nồng của chúng trong khi vẫn giữ được kết cấu giòn, tạo ra một loại gia vị có vị ngọt ngào, tăng thêm độ chua tươi cho món ăn. Mặc dù ít calo nhưng chúng thường chứa natri đáng kể từ nước muối, khiến việc nhận thức về khẩu phần ăn trở nên quan trọng đối với chế độ ăn hạn chế natri. Những món trang trí rực rỡ này đặc biệt phổ biến trong ẩm thực Mexico, bánh mì sandwich và salad vì chất lượng tăng hương vị của chúng.",95
18d560b5-1146-5580-a166-4694f1db67c3,,,Nấm Portobello tươi (Portobello Mushrooms),INGREDIENT,22.0,2.11,0.35,3.87,1.3,2.5,9.0,d955f552-54bb-4357-b9be-a0269615a707,,,"Nấm Portobello là dạng nấm cremini trưởng thành, được biết đến với những chiếc mũ lớn, giống như chiếc ô và kết cấu thịt dày đặc. Những loại nấm này phát triển vị umami đậm đà khi nấu chín, khiến chúng trở thành loại thực vật phổ biến thay thế cho thịt trong các món ăn như 'bánh mì kẹp thịt nấm' nướng hoặc món khai vị nhồi. Portobello tươi cung cấp nguồn selen và vitamin B có hàm lượng calo thấp, với nắp có lót mang mang lại cấu trúc chắc chắn lý tưởng để giữ nhân hoặc hấp thụ nước xốt.",95
39a8533f-a567-5915-9738-48efe05a3d15,,,Cá mòi đóng hộp vị tỏi (Canned Sardines with Garlic),DISH,208.0,24.6,11.45,0.0,0.0,0.0,317.0,d955f552-54bb-4357-b9be-a0269615a707,,,"Cá mòi đóng hộp với tỏi là một sản phẩm hải sản có thời hạn sử dụng ổn định bao gồm các loại cá nhỏ, nhiều dầu được bảo quản trong dầu hoặc nước sốt tẩm tỏi. Những con cá mòi nấu sẵn này vẫn giữ được xương ăn được, cung cấp lượng canxi đáng kể cùng với protein chất lượng cao và axit béo omega-3 có lợi cho tim. Tỏi làm tăng hương vị thơm ngon của chúng, khiến chúng trở thành nguồn protein thuận tiện cho món salad, bánh quy giòn hoặc bữa ăn nhanh, mặc dù hàm lượng natri của chúng cần được lưu ý đối với chế độ ăn hạn chế natri.",95
c5bd881f-0c44-5a5f-add2-f0886770c3b6,,,Ớt chuông nhồi nhân nướng (Stuffed Bell Peppers),DISH,240.0,13.0,7.0,31.0,3.0,4.0,600.0,d955f552-54bb-4357-b9be-a0269615a707,,,"Ớt chuông nhồi là một món ăn đa năng có ớt chuông rỗng chứa đầy hỗn hợp thơm ngon của các nguyên liệu như ngũ cốc, thịt xay, rau và gia vị, sau đó nướng cho đến khi mềm. Vị ngọt tự nhiên của hạt tiêu tăng lên trong quá trình nấu, bổ sung cho các loại nhân thường bao gồm các thành phần giàu protein và giàu chất xơ như gạo, đậu hoặc đậu lăng. Mặc dù hạt tiêu cơ bản cung cấp vitamin C và lượng calo tối thiểu, nhưng thành phần dinh dưỡng thay đổi đáng kể dựa trên các lựa chọn nhồi, khiến món ăn này có thể thích ứng với chế độ ăn ít carb, ăn chay hoặc không chứa gluten trong các nền ẩm thực toàn cầu.",75
4f482ed5-d98a-5b65-9eb9-b99a6df4cade,,,"Lúa mì Bulgur nấu chín kèm rau củ (Bulgur with Vegetables, Cooked)",DISH,69.0,2.2,0.3,14.0,4.0,2.0,15.0,d955f552-54bb-4357-b9be-a0269615a707,,,"Bulgur với rau là một món ăn giàu chất dinh dưỡng bao gồm các hạt lúa mì nấu sẵn, nứt vỡ kết hợp với các sản phẩm theo mùa xào hoặc hấp như cà chua, hành tây và rau lá xanh. Chế phẩm lấy cảm hứng từ Địa Trung Hải này vẫn giữ được hàm lượng chất xơ cao và tác động lên đường huyết thấp của bulgur đồng thời kết hợp các vitamin và chất chống oxy hóa từ rau. Kết cấu dai và hương vị hấp dẫn của ngũ cốc nấu chín làm cho nó trở thành một loại nền linh hoạt cho món salad, rau nhồi hoặc một món ăn phụ độc lập, giúp chế biến nhanh hơn hầu hết các loại ngũ cốc nguyên hạt do được chế biến bằng đồ luộc.",95
2e017a99-61ba-59e6-b6dc-627526a2c14d,,,Sốt Gravy hành tây (Onion Gravy),DISH,53.7,1.5,0.5,11.32,1.0,0.33,699.28,d955f552-54bb-4357-b9be-a0269615a707,,,"Nước sốt hành tây là một loại nước sốt thơm ngon được làm bằng cách caramen từ từ hành tây và kết hợp chúng với nước kho, tạo ra hương vị umami đậm đà với vị ngọt tinh tế. Loại gia vị đa năng này thường chứa nước luộc thịt hoặc rau đặc, tạo ra kết cấu mịn mượt lý tưởng để kết hợp với thịt nướng, khoai tây nghiền hoặc bánh pudding Yorkshire. Mặc dù cung cấp lượng protein hoặc chất xơ tối thiểu, các phiên bản thương mại có thể chứa nhiều natri, mặc dù các biến thể ăn chay và giảm natri ngày càng phổ biến.",95
e90cb8b8-2759-5a01-8325-da9aae7b1258,,,Salad khoai tây sốt mù tạt (Potato Salad with Mustard Dressing),DISH,160.0,2.0,6.3,24.0,2.5,1.5,250.0,d955f552-54bb-4357-b9be-a0269615a707,,,"Salad khoai tây với sốt mù tạt là một món ăn kèm ướp lạnh gồm khoai tây luộc phủ nước sốt thơm kiểu dầu giấm. Nước sốt thường kết hợp mù tạt với dầu ô liu hoặc giấm, tạo ra một món thay thế nhẹ hơn, không chứa sữa cho món salad khoai tây làm từ sốt mayonnaise đồng thời cung cấp chất béo không bão hòa đơn có lợi cho tim. Phiên bản này thường bao gồm các loại thảo mộc tươi, cần tây hoặc dưa chua để tăng thêm kết cấu và vi chất dinh dưỡng, với khoai tây chưa gọt vỏ sẽ tăng cường hàm lượng chất xơ của món ăn để cải thiện giá trị dinh dưỡng.",95
d35b967d-c6cc-5100-ab77-a1f508752d3e,,,Bánh quy xoắn phủ bơ đậu phộng (Peanut Butter Coated Pretzels),INGREDIENT,478.0,16.8,19.7,56.0,4.7,8.0,790.0,d955f552-54bb-4357-b9be-a0269615a707,,,"Bánh quy phủ bơ đậu phộng là món ăn nhẹ kết hợp bánh quy nướng giòn với một lớp bơ đậu phộng béo ngậy. Loại bánh lai này cung cấp nhiều protein hơn bánh quy truyền thống do có lớp phủ bơ hạt, mặc dù nhiều loại thương mại thêm đường và muối để tăng hương vị. Sự tương phản giữa phần đế bánh quy giòn và lớp phủ đậm đà, hơi ngọt tạo nên một món ăn nhẹ có vị ngọt và mặn phổ biến thường có trong hộp cơm trưa hoặc món trộn đường, nhưng mật độ calo của nó đảm bảo việc chia khẩu phần hợp lý.",75
7a924110-4128-5c7b-927d-e9fcf3d7fb88,,,Khoai tây đút lò sốt kem / Scalloped Potatoes (Scalloped Potatoes),DISH,88.0,2.87,3.68,10.78,1.9,0.8,335.0,d955f552-54bb-4357-b9be-a0269615a707,,,"Khoai tây vỏ sò là món thịt hầm nướng truyền thống bao gồm khoai tây thái lát mỏng xếp lớp với kem hoặc sữa và thường được làm giàu với phô mai. Món ăn có kết cấu béo ngậy, béo ngậy vì khoai tây mềm trong quá trình nướng, với bề mặt màu nâu vàng hình thành từ lượng sữa ít hơn và phô mai tan chảy. Mặc dù cung cấp canxi từ các thành phần từ sữa, loại thực phẩm tiện lợi này thường có lượng calo và chất béo bão hòa cao hơn so với các chế phẩm từ khoai tây đơn giản. Có nguồn gốc từ ẩm thực Bắc Mỹ, khoai tây vỏ sò thường được phục vụ như một món ăn bổ dưỡng cho các món thịt nướng và bữa ăn ngày lễ.",95
1c5a8231-8f6a-5f75-83b8-15146a0d9b2a,,,Sốt Gravy nấm (Mushroom Gravy),DISH,50.0,1.26,2.71,5.47,0.4,1.5,570.0,d955f552-54bb-4357-b9be-a0269615a707,,,"Nước sốt nấm là một loại nước sốt chay thơm ngon được làm bằng cách đun sôi nấm trong nước dùng và làm đặc hỗn hợp với bột mì hoặc bột ngô. Hương vị umami đậm đà của nó đến từ glutamate tự nhiên trong nấm, mang đến một lựa chọn thay thế ít chất béo hơn cho nước xốt làm từ thịt đồng thời cung cấp chất xơ và vitamin B. Loại nước sốt đa năng này kết hợp tốt với rau nướng, khoai tây nghiền và protein từ thực vật, đồng thời có thể dễ dàng thích nghi với chế độ ăn thuần chay bằng cách sử dụng dầu thay vì bơ.",95
45c78b7d-4627-569b-a30c-9a748fde16f1,,,"Đậu trắng Great Northern khô (Great Northern Beans, Dry)",INGREDIENT,379.0,24.5,1.28,69.8,22.6,2.53,15.7,d955f552-54bb-4357-b9be-a0269615a707,,,"Đậu Great Northern là loại đậu trắng khô, cỡ vừa được biết đến với hương vị nhẹ nhàng, tinh tế và kết cấu kem mịn khi nấu chín. Là một loại đậu khô, chúng cần được ngâm và nấu trước khi tiêu thụ, thường là đun sôi trong nước hoặc nước dùng cho đến khi mềm. Những loại đậu này là nguồn cung cấp protein, chất xơ và các vi chất dinh dưỡng có nguồn gốc thực vật tốt, khiến chúng trở thành nguồn bổ sung dinh dưỡng cho các món súp, món hầm, salad và món thịt hầm.",75
4b8d408f-4d30-513e-babd-c6d85874a59c,,,Rau cải rổ đóng hộp (Canned Collard Greens),INGREDIENT,33.0,2.5,0.8,6.0,3.0,2.0,350.0,d955f552-54bb-4357-b9be-a0269615a707,,,"Rau cải rổ đóng hộp là loại rau lá mềm được nấu chín trước, được bảo quản trong chất lỏng, thường để ráo nước trước khi tiêu thụ. Dạng tiện lợi này giữ lại phần lớn chất xơ và vitamin A, C và K của rau, mặc dù nồng độ natri thường tăng cao trong quá trình đóng hộp. Quá trình nấu chậm làm mềm kết cấu chắc chắn tự nhiên của chúng, khiến chúng trở thành một lựa chọn tiết kiệm thời gian cho các món ăn kiểu miền Nam trong khi vẫn giữ được hương vị hơi đất, đắng đặc trưng của rau cải.",75
d286cb51-1b92-5c12-be51-4d95bceadc7a,,,"Đậu hải quân khô / Navy Beans (Navy Beans, Dry)",INGREDIENT,337.0,22.3,1.5,60.8,16.0,3.88,5.0,d955f552-54bb-4357-b9be-a0269615a707,,,"Đậu hải quân khô là loại đậu nhỏ, hình bầu dục, là món ăn chủ yếu trong nhiều món ăn. Là một loại đậu khô, chúng cần được ngâm và nấu trước khi tiêu thụ để làm mềm kết cấu và cải thiện khả năng tiêu hóa. Đậu hải quân là nguồn cung cấp protein thực vật và chất xơ tốt, góp phần mang lại cảm giác no và hỗ trợ sức khỏe tiêu hóa. Chúng thường được sử dụng trong các món súp, món hầm và các món đậu nướng và có thể bảo quản trong thời gian dài ở nơi khô ráo, thoáng mát.",75
5a02723f-ba4a-5754-bd3a-ecc45f1f9dc1,,,"Salad khoai tây sốt kiểu Ý (Potato Salad, with Italian Dressing)",DISH,122.0,2.0,6.0,15.0,2.5,2.5,400.0,d955f552-54bb-4357-b9be-a0269615a707,,,"Salad khoai tây với nước sốt kiểu Ý là một món ăn ướp lạnh gồm có khoai tây luộc trộn với dầu ô liu, giấm và các loại thảo mộc Địa Trung Hải như lá oregano và húng quế. Không giống như các phiên bản làm từ kem mayonnaise, chế phẩm này có kết cấu nhẹ hơn và chất béo không bão hòa có lợi cho tim từ dầu ô liu. Nó thường bao gồm các chất bổ sung như hành tím, ớt chuông hoặc nụ bạch hoa để tạo độ sáng, khiến nó trở thành lựa chọn phổ biến cho các bữa ăn thời tiết ấm áp và chế độ ăn kiêng không có sữa.",95
5f07aea5-d2c4-51e6-bbf4-c0bbc32faa59,,,Bí Buttercup (Buttercup Squash),INGREDIENT,35.0,1.0,0.13,8.5,1.5,3.0,2.0,d955f552-54bb-4357-b9be-a0269615a707,,,"Bí ngô là một giống bí mùa đông được biết đến bởi hình dạng nhỏ gọn giống như khăn xếp và vỏ màu xanh đậm với những vệt nhạt nhạt. Thịt màu cam dày đặc của nó có vị ngọt tự nhiên, hương vị hấp dẫn và chứa nhiều beta-carotene hơn đáng kể so với bí đỏ. Loại rau giàu tinh bột này thường được rang hoặc nướng, tạo nên kết cấu dạng kem lý tưởng cho các món súp, món xay nhuyễn hoặc như một món ăn phụ giàu chất dinh dưỡng, giàu chất xơ và vitamin C.",75
2fb30735-cd56-5591-bd07-0e2dc673e008,,,Bánh sừng bò nhân hạnh nhân (Almond Croissant),DISH,412.0,8.0,24.0,41.0,2.0,12.0,350.0,d955f552-54bb-4357-b9be-a0269615a707,,,"Bánh sừng bò hạnh nhân là một loại bánh ngọt của Pháp có bột nhiều lớp mịn như bơ, phủ đầy kem hạnh nhân ngọt và hạnh nhân thái lát. Phiên bản phong phú của bánh sừng bò cổ điển này có hương vị hấp dẫn riêng biệt từ nhân bánh hạnh nhân hoặc frangipane, trong khi kết cấu của nó tương phản với lớp bên ngoài sắc nét với lớp bên trong dày đặc, ẩm ướt. Mặc dù được đánh giá cao vì hương vị hấp dẫn nhưng nó thường chứa lượng calo đáng kể, đường tinh luyện và chất béo bão hòa do bột giàu bơ và hỗn hợp đường hạnh nhân.",75
0b581580-6880-59c5-9198-e4ab9039f7db,,,Cà chua gia truyền / Heirloom (Heirloom Tomatoes),INGREDIENT,18.0,0.9,0.2,3.9,1.2,2.6,5.0,d955f552-54bb-4357-b9be-a0269615a707,,,"Cà chua gia truyền là giống không lai, thụ phấn tự do, được đánh giá cao về tính đa dạng di truyền và hương vị phức tạp, ngọt đậm so với cà chua tiêu chuẩn. Những quả cà chua này có hình dạng không đều và màu sắc rực rỡ, từ màu tím đậm đến màu vàng sọc, với thịt có sắc tố thường cho thấy hàm lượng chất chống oxy hóa cao hơn. Thường được trồng từ hạt được bảo quản qua nhiều thế hệ, chúng phát triển mạnh trong các chế phẩm tươi như salad và caprese do kết cấu mềm và độ axit thấp.",95
67b12945-6f41-59b9-8b64-09eb03f21b10,,,Salad đậu đen (Black Bean Salad),DISH,100.0,3.7,2.8,15.5,4.0,2.5,500.0,d955f552-54bb-4357-b9be-a0269615a707,,,"Salad đậu đen là một món ăn sống động làm từ thực vật, kết hợp đậu đen nấu chín với các loại rau tươi như ngô, ớt chuông và ngò trong nước sốt chanh. Món salad đậm đặc chất dinh dưỡng này cung cấp một lượng đáng kể chất xơ và protein trong khi vẫn có ít chất béo tự nhiên, khiến nó trở nên phổ biến trong các bữa ăn chay và không chứa gluten. Sự kết hợp giữa các loại đậu và rau sống tạo ra sự tương phản về kết cấu giữa đậu kem và các sản phẩm giòn, với các hương vị từ nhẹ đến cay tùy thuộc vào gia vị được thêm vào.",95
b829cf4d-1f55-5095-8a8e-8044d83034b7,,,Bông cải xanh Ý / Broccoli Rabe (Broccoli Rabe),INGREDIENT,22.0,3.17,0.49,2.85,2.7,0.38,33.0,d955f552-54bb-4357-b9be-a0269615a707,,,"Bông cải xanh rabe (còn gọi là rapini) là một loại rau họ cải có lá đặc trưng bởi vị đắng, thân mảnh và hoa nhỏ giống bông cải xanh. Là một loại rau xanh giàu chất dinh dưỡng, nó cung cấp các vitamin A, C và K đáng kể, cùng với sắt và canxi, trong khi vẫn chứa ít calo. Theo truyền thống được sử dụng trong ẩm thực Ý, nó thường được chần để giảm bớt vị đắng trước khi xào với tỏi hoặc kết hợp với các món mì ống và súp.",95
4a2fad2a-24ec-5041-a5f0-5a1d19ada698,,,Bắp cải thảo (Napa Cabbage),INGREDIENT,14.0,1.2,0.1,3.0,0.6,1.42,15.0,d955f552-54bb-4357-b9be-a0269615a707,,,"Bắp cải Napa là một giống bắp cải Trung Quốc có đặc điểm là hình dạng thuôn dài, lá nhăn nheo xếp chặt và có màu từ xanh nhạt đến trắng. Mềm hơn và có vị ngọt nhẹ hơn bắp cải xanh thông thường, nó cung cấp một lượng đáng kể vitamin C, vitamin K và chất xơ trong khi vẫn chứa ít calo. Là một loại thực phẩm chủ yếu trong ẩm thực Đông Á, những chiếc lá cứng cáp nhưng mỏng manh của nó được dùng rất tốt trong các món ăn lên men như kim chi, món xào và salad tươi, mang lại cả độ giòn và mật độ dinh dưỡng.",95
99c6373b-3c99-5aa3-a10f-e6d975a3492b,,,Sốt chấm rau củ ăn kiêng / Light Dip (Light Vegetable Dip),DISH,145.0,3.2,11.3,9.7,1.5,2.5,613.0,d955f552-54bb-4357-b9be-a0269615a707,,,"Nước chấm rau củ nhẹ là một loại gia vị ít calo thường được làm từ sữa chua Hy Lạp hoặc kem chua ít béo thay vì sốt mayonnaise hoặc sữa đầy đủ chất béo. Phiên bản này vẫn giữ được kết cấu dạng kem và hương vị thảo mộc của các loại nước chấm truyền thống đồng thời giảm đáng kể hàm lượng chất béo bão hòa, khiến nó trở thành lựa chọn phổ biến cho những người dùng quan tâm đến cân nặng. Các biến thể phổ biến kết hợp thì là tươi, tỏi hoặc vỏ chanh, mang lại hương vị đậm đà mà không dư thừa calo và kết hợp tốt với rau sống hoặc bánh quy giòn nguyên hạt.",95
0dea3f8d-6cc0-57a7-9b05-e4a99a96ac81,,,Nước tương vị nấm (Mushroom Soy Sauce),DISH,116.0,1.1,0.0,28.0,0.0,22.0,4950.0,d955f552-54bb-4357-b9be-a0269615a707,,,"Nước tương nấm là một loại gia vị được làm bằng cách trộn nước tương lên men truyền thống với nấm hương khô trong quá trình sản xuất. Quá trình này tạo ra hương vị umami đậm đà hơn so với nước tương thông thường, đặc trưng bởi mùi nấm đất và vị ngọt tinh tế giúp tăng cường các món xào, món om và nước xốt. Mặc dù hàm lượng natri thấp hơn một chút so với nước tương tiêu chuẩn, nhưng nó vẫn giữ được độ phức tạp axit amin của quá trình lên men đậu nành và cung cấp một loại nước thay thế thân thiện với người ăn chay cho nước mắm trong nhiều món ăn châu Á.",95
e2b602e9-5406-5739-943a-6bb5d26d12de,,,Đạm thực vật dạng đùn / TVP (Textured Vegetable Protein),INGREDIENT,357.0,52.0,1.2,35.0,18.0,2.0,15.0,d955f552-54bb-4357-b9be-a0269615a707,,,"Protein thực vật có kết cấu (TVP) là một sản phẩm đậu nành chế biến được sử dụng làm chất thay thế thịt, đặc biệt trong các món ăn chay và thuần chay. Nó được làm bằng cách ép bột đậu nành thành nhiều hình dạng và kích cỡ khác nhau, sau đó sấy khô để tạo ra sản phẩm có thể bảo quản được. TVP thường được bù nước trước khi sử dụng, hấp thụ hương vị từ nước sốt và gia vị, đồng thời cung cấp nguồn protein và chất xơ tốt từ thực vật trong khi vẫn ít chất béo.",95
7041caa8-aa1b-5dfc-934f-7e0c573ec70f,,,"Đậu Cannellini khô (Cannellini Beans, Dry)",INGREDIENT,345.0,21.6,2.2,59.8,17.0,2.0,0.0,d955f552-54bb-4357-b9be-a0269615a707,,,"Đậu cannellini khô là một loại đậu trắng được đánh giá cao nhờ kết cấu mịn và hương vị nhẹ, hơi hạt. Những loại đậu này là nguồn cung cấp protein và chất xơ có nguồn gốc thực vật tuyệt vời, góp phần mang lại cảm giác no và sức khỏe tiêu hóa. Trước khi tiêu thụ, đậu cannellini khô cần được ngâm và nấu để làm mềm kết cấu của chúng, sau đó chúng có thể được sử dụng trong súp, món hầm, salad và các món ăn Địa Trung Hải khác nhau.",75
be621dd7-a781-54b3-b56e-108ff1adab8c,,,Đậu nành Nhật sấy giòn (Edamame Crisps),INGREDIENT,435.0,44.0,15.0,31.0,22.0,2.0,500.0,d955f552-54bb-4357-b9be-a0269615a707,,,"Khoai tây chiên giòn Edamame là một món ăn nhẹ được làm từ đậu nành khô, trưởng thành đã qua chế biến để đạt được kết cấu giòn. Mặc dù vẫn cung cấp protein và chất xơ từ thực vật, quá trình sấy khô có thể tập trung hàm lượng calo so với đậu nành tươi hoặc hấp. Những miếng khoai tây chiên giòn này thường được nêm muối hoặc các hương liệu khác và được tiêu thụ như một món ăn nhẹ tiện lợi, ổn định.",75
a80d0f19-de1c-58c1-8009-f1b6be8cd2a6,,,"Đậu lima khô (Lima Beans, Dry)",INGREDIENT,335.0,20.6,0.93,62.8,20.6,8.32,13.0,d955f552-54bb-4357-b9be-a0269615a707,,,"Đậu lima khô là loại đậu cần ngâm và nấu trước khi tiêu thụ để làm mềm kết cấu và cải thiện khả năng tiêu hóa. Những loại đậu này là nguồn cung cấp protein, chất xơ và các vi chất dinh dưỡng có nguồn gốc thực vật tuyệt vời, khiến chúng trở thành nguồn bổ sung dinh dưỡng cho các món súp, món hầm và salad. Có nhiều kích cỡ và màu sắc khác nhau, bao gồm cả 'đậu bơ' lớn và các loại nhỏ hơn, đậu lima khô nên được bảo quản ở nơi khô ráo, thoáng mát để duy trì chất lượng.",75
1eb5b960-e478-5dc5-894d-27af2cf8465c,,,"Đậu đỏ Adzuki đóng hộp ráo nước (Adzuki Beans, Canned and Drained)",DISH,189.0,9.0,0.5,23.0,8.0,0.5,250.0,d955f552-54bb-4357-b9be-a0269615a707,,,"Đậu adzuki đóng hộp và để ráo nước là loại đậu nhỏ, màu nâu đỏ, có hương vị hơi ngọt và bùi. Quá trình đóng hộp làm cho chúng trở thành nguồn protein và chất xơ thực vật tiện lợi và sẵn có. Việc rút nước sẽ loại bỏ lượng natri dư thừa khỏi chất lỏng đóng hộp, khiến chúng trở thành một lựa chọn lành mạnh hơn cho những người theo dõi lượng natri nạp vào; chúng thường được sử dụng trong cả món ngọt và món mặn, đặc biệt là trong ẩm thực Đông Á.",75
f2e56270-50bb-5152-adb6-bd7396b9ac8e,,,Bắp cải tím ngâm giấm (Pickled Red Cabbage),INGREDIENT,54.0,1.5,0.0,11.5,3.0,8.5,508.0,d955f552-54bb-4357-b9be-a0269615a707,,,"Bắp cải đỏ ngâm là một loại rau bảo quản được làm bằng cách ướp bắp cải thái nhỏ trong nước muối giấm có tẩm các loại gia vị như đinh hương hoặc hạt mù tạt. Quá trình này làm mềm kết cấu của nó một chút đồng thời tăng cường độ giòn tự nhiên và mang lại hương vị thơm, tươi sáng tương phản với bắp cải tươi. Giữ lại màu đỏ tím rực rỡ từ chất chống oxy hóa anthocyanin, loại gia vị ít calo này cung cấp chất xơ và có thể chứa men vi sinh khi lên men tự nhiên, thường được sử dụng để thêm axit và màu sắc cho bánh taco, salad và bánh mì sandwich.",95
367bb266-4019-5c45-9985-78d60bdc34fa,,,Salad khoai tây kiểu Đức (German Potato Salad),DISH,96.0,1.6,2.4,17.6,2.0,2.5,400.0,d955f552-54bb-4357-b9be-a0269615a707,,,"Salad khoai tây kiểu Đức là một món ăn kèm truyền thống của vùng Bavaria, đặc trưng bởi nhiệt độ phục vụ ấm áp và nước sốt làm từ giấm thơm hơn là sốt mayonnaise. Chế phẩm thịnh soạn này kết hợp khoai tây luộc với thịt xông khói, hành tây và hỗn hợp nước dùng dày dặn, tạo nên hương vị mặn-ngọt xen lẫn chút khói. Không giống như món salad khoai tây lạnh kiểu Mỹ, phiên bản này cung cấp hàm lượng natri cao hơn từ nước dùng và thịt xông khói trong khi vẫn duy trì lượng carbohydrate và kali vốn có của khoai tây.",95
6ccef5df-1c43-5b19-9770-3718bd36735a,,,"Đậu xanh nguyên hạt khô (Mung Beans, Dry)",INGREDIENT,347.0,23.9,1.15,62.6,16.3,6.6,15.0,d955f552-54bb-4357-b9be-a0269615a707,,,"Đậu xanh khô là loại đậu nhỏ, màu xanh ô liu cần phải ngâm và nấu chín trước khi tiêu thụ. Những loại đậu này là thành phần chủ yếu trong nhiều món ăn châu Á, thường được sử dụng trong các món súp, món hầm và món xào, hoặc được làm mầm cho món salad và các món ăn khác. Đậu xanh là nguồn cung cấp protein, chất xơ và các vi chất dinh dưỡng có nguồn gốc thực vật tốt, khiến chúng trở thành nguồn bổ sung dinh dưỡng cho chế độ ăn uống cân bằng. Sau khi nấu chín, chúng có hương vị hơi ngọt và đất với kết cấu mềm.",75
438d6c4a-d777-5356-870d-6b3899bcc393,,,Mỡ thực vật làm bánh / Shortening (Vegetable Shortening),DISH,884.0,0.0,100.0,0.0,0.0,0.0,4.0,d955f552-54bb-4357-b9be-a0269615a707,,,"Chất béo thực vật là chất béo rắn có nguồn gốc từ thực vật được tạo ra thông qua quá trình hydro hóa dầu thực vật như đậu nành hoặc dầu cọ. Quá trình này mang lại cho nó một kết cấu chắc chắn, lý tưởng cho các loại bánh ngọt xốp và chiên ở nhiệt độ cao, đồng thời làm cho nó có thời hạn sử dụng ổn định và không có sữa để nướng thuần chay. Mặc dù một số phiên bản hiện đại sử dụng dầu không hydro hóa, nhưng chất béo rút ngắn truyền thống vẫn chứa nhiều chất béo bão hòa và chất béo chuyển hóa trước đây, đòi hỏi phải tiêu thụ một cách thận trọng mặc dù đặc tính nấu ăn chức năng của nó.",95
1cdef7ba-b764-5571-ad68-9b1956917bf2,,,Salad trái cây gà (Fruit Chicken Salad),DISH,168.0,14.0,8.0,10.0,2.5,6.0,250.0,d955f552-54bb-4357-b9be-a0269615a707,,,"Salad gà trái cây là một biến thể mới mẻ của salad gà truyền thống kết hợp thịt gà nấu chín thái hạt lựu với trái cây tươi hoặc khô, điển hình là nho, táo hoặc quả nam việt quất khô. Thịt gà giàu protein thường được trộn với sốt mayonnaise hoặc nước sốt làm từ sữa chua và thường bao gồm các thành phần giòn như cần tây và các loại hạt để tạo độ tương phản về kết cấu. Món ăn đa năng này cung cấp sự kết hợp cân bằng giữa protein nạc và vị ngọt tự nhiên, khiến nó trở nên phổ biến trong món bánh mì sandwich, món cuốn hoặc như một món salad độc lập dùng kèm rau xanh.",80
249f4d09-3dd4-5239-832d-c6a351fc2348,,,Hạnh nhân vị Wasabi (Wasabi Almonds),DISH,607.0,21.4,53.6,21.4,10.7,3.6,411.0,d955f552-54bb-4357-b9be-a0269615a707,,,"Hạnh nhân Wasabi là loại hạnh nhân nguyên hạt được phủ một hỗn hợp gia vị mô phỏng vị cay nồng của wasabi Nhật Bản. Những loại hạt được tẩm gia vị này vẫn giữ được hàm lượng chất béo và protein lành mạnh của hạnh nhân thông thường đồng thời mang lại vị cay đậm đà kết hợp giữa vị bùi bùi tự nhiên với độ nóng giống như củ cải ngựa. Món ăn nhẹ giòn thường bao gồm lớp vỏ gia vị khô có thể chứa hương vị wasabi tự nhiên và nhân tạo, khiến chúng trở thành một loại thay thế có hương vị đậm đà hơn cho hạnh nhân thông thường.",75
7af2e7a1-b317-56e5-ba40-df68b5e1c90e,,,Kẹo dẻo thạch Jelly Beans (Jelly Beans),DISH,375.0,0.0,0.05,93.6,0.2,70.0,50.0,d955f552-54bb-4357-b9be-a0269615a707,,,"Đậu thạch là những loại kẹo nhỏ, hình hạt đậu, bao gồm một lớp vỏ đường chắc chắn bao quanh phần nhân dai, làm từ gelatin. Những loại bánh kẹo này chủ yếu được làm từ đường, xi-rô ngô và tinh bột, với nhiều hương vị và màu sắc nhân tạo hoặc tự nhiên khác nhau quyết định mùi vị đa dạng của chúng. Mặc dù theo truyền thống gắn liền với lễ Phục sinh, nhưng đậu thạch có sẵn quanh năm và thường không chứa chất béo mà là nguồn cung cấp đường đơn giản đậm đặc.",75
631f1a1f-a66c-57d3-bcfc-fcb196a79453,,,Sốt chấm rau củ gốc kem (Cream-Based Vegetable Dip),DISH,240.0,3.0,22.0,8.0,1.5,3.0,550.0,d955f552-54bb-4357-b9be-a0269615a707,,,"Rau nhúng làm từ kem là món khai vị ướp lạnh thường được làm bằng kem chua, phô mai kem hoặc sốt mayonnaise làm lớp nền chính. Món nước chấm đậm đà, mịn màng này thường được nêm với các loại thảo mộc, gia vị và chất thơm như tỏi hoặc hành, khiến nó trở thành món ăn kèm lý tưởng cho rau sống. Mặc dù cung cấp kết cấu dạng kem và hương vị thơm ngon, nhưng nó có xu hướng chứa nhiều calo do hàm lượng chất béo từ sữa, khiến việc nhận thức về khẩu phần ăn trở nên quan trọng.",95
e5636731-5003-5bab-b709-d643f8f0898e,,,"Đậu tằm / Fava đóng hộp (Fava Beans, Canned)",DISH,71.0,5.47,0.22,12.41,3.7,1.5,453.0,d955f552-54bb-4357-b9be-a0269615a707,,,"Đậu fava hay còn gọi là đậu tằm là loại đậu lớn đã được chế biến và bảo quản thông qua đóng hộp để tiện sử dụng. Những hạt đậu xanh nhạt, mềm này cung cấp nguồn protein và chất xơ thực vật tuyệt vời, đồng thời cung cấp một lượng đáng kể folate và sắt. Loại đóng hộp giúp loại bỏ thời gian chuẩn bị lâu dài cần thiết cho đậu fava tươi, cung cấp sản phẩm dùng ngay với kết cấu kem lý tưởng cho các món ăn Địa Trung Hải và Trung Đông.",75
4a4bb5b6-d831-5a2e-813f-b6ec69a55b2b,,,Salad gà vị cà ri (Curried Chicken Salad),DISH,293.0,20.7,19.3,10.0,3.6,2.9,222.0,d955f552-54bb-4357-b9be-a0269615a707,,,"Salad gà cà ri là một món ăn kết hợp giữa thịt gà nấu chín với gia vị cà ri thơm, sốt mayonnaise kem và các gia vị ngọt hoặc giòn như nho khô, nho hoặc hạnh nhân. Chế phẩm giàu protein này thường sử dụng bánh quay cắt nhỏ hoặc thịt gà luộc và cân bằng hương vị gia vị ấm áp với độ axit sáng từ nước chanh hoặc tương ớt. Trong khi các phiên bản truyền thống chứa nhiều calo do mayo, nhiều biến thể hiện đại thay thế sữa chua Hy Lạp bằng một lựa chọn nhẹ nhàng hơn, duy trì hương vị thơm ngon đặc trưng của món salad.",80
0490867e-7b37-5530-8f12-00ebbb0983ba,,,Tinh bột khoai tây (Potato Starch),INGREDIENT,303.0,0.0,0.54,81.02,6.42,0.0,9.8,d955f552-54bb-4357-b9be-a0269615a707,,,"Tinh bột khoai tây là loại bột không chứa gluten được chiết xuất hoàn toàn từ thành phần tinh bột của khoai tây thông qua quá trình nghiền, rửa và sấy khô. Tinh bột tinh chế này tạo thành một loại gel trong, nhớt khi đun nóng, làm cho nó trở thành chất làm đặc hiệu quả cho nước sốt và súp, tốt hơn bột ngô trong các ứng dụng ở nhiệt độ cao. Với một trong những chỉ số đường huyết cao nhất trong số các loại tinh bột thông thường, nó cung cấp năng lượng carbohydrate nhanh chóng nhưng cần tiêu thụ một cách thận trọng để quản lý lượng đường trong máu.",95
4539d6da-b0c2-5d4e-94e0-7b4a7d4b1057,,,Đậu que ngâm giấm (Pickled Green Beans),DISH,53.0,3.3,0.0,10.0,3.3,3.3,950.0,d955f552-54bb-4357-b9be-a0269615a707,,,"Đậu xanh ngâm là đậu xanh tươi được bảo quản trong nước muối pha giấm với muối và gia vị, tạo nên một món ăn nhẹ hoặc gia vị thơm, giòn. Trong khi vẫn giữ được chất xơ tự nhiên và lượng calo thấp của rau, quá trình ngâm muối làm tăng đáng kể hàm lượng natri so với đậu sống. Những hạt cà phê này duy trì kết cấu chắc chắn của chúng thông qua quá trình bảo quản và thường được sử dụng trong món salad, món nướng hoặc làm đồ trang trí hấp dẫn.",75
270c16aa-8160-5516-9e20-b1681b8ec668,,,Cá thu đóng hộp sốt cà chua (Canned Mackerel in Tomato Sauce),DISH,152.96,11.7,10.2,3.7,0.0,0.0,345.5,d955f552-54bb-4357-b9be-a0269615a707,,,"Cá thu đóng hộp sốt cà chua là một sản phẩm cá có thời hạn sử dụng ổn định bao gồm phi lê cá thu được bảo quản trong chất lỏng làm từ cà chua đã được tẩm gia vị. Chế phẩm này duy trì hàm lượng axit béo omega-3 cao tự nhiên của cá đồng thời cung cấp nguồn protein thuận tiện, với xương giàu canxi ăn được được làm mềm trong quá trình đóng hộp. Nước sốt cà chua bổ sung chất chống oxy hóa lycopene và tăng hương vị, mặc dù nó thường chứa nhiều natri hơn các loại nước sốt đóng gói trong nước. Ăn liền mà không cần chuẩn bị, nó thường được sử dụng trong các bữa ăn nhanh như bánh taco cá hoặc trộn vào các món mì ống.",95
b8823977-af1a-5d3a-95a6-c7370326e985,,,Hạt thì là (Fennel Seeds),INGREDIENT,345.0,15.8,14.9,52.3,39.8,12.5,88.0,d955f552-54bb-4357-b9be-a0269615a707,,,"Hạt thì là là hạt gia vị thơm được thu hoạch từ cây thì là đang nở hoa, đặc trưng bởi hương vị giống cam thảo đặc biệt và màu xanh nhạt đến nâu. Những hạt nhỏ, cong này rất giàu chất chống oxy hóa và được đánh giá cao về đặc tính tiêu hóa, đặc biệt là trong các món ăn Ấn Độ và Địa Trung Hải. Phổ biến trong cả món ngọt và món mặn, hạt thì là có thể được sử dụng nguyên hạt hoặc nghiền nhỏ, mang lại hương vị đậm đặc trong khi yêu cầu lượng tối thiểu trong công thức nấu ăn.",75
8f0dadd2-964e-5908-a58f-51ef910dd206,,,Salad khai vị Antipasto kiểu Ý (Antipasto Salad),DISH,154.0,7.7,11.7,5.8,1.5,2.2,403.0,d955f552-54bb-4357-b9be-a0269615a707,,,"Salad Antipasto là một món ăn thịnh soạn lấy cảm hứng từ Ý kết hợp các loại thịt đã qua xử lý như prosciutto và xúc xích Ý với rau ướp, ô liu, pho mát và đôi khi là rau diếp hoặc atisô. Được thiết kế như món khai vị chuyển thành món chính, nó cân bằng các thành phần giàu protein với các thành phần có tính axit, mặn nhưng có xu hướng chứa nhiều natri và chất béo bão hòa hơn. Món salad không cần nấu nướng—việc chế biến món này tập trung vào việc sắp xếp khéo léo các thành phần đậm đà, thơm ngon, tương phản với kết cấu và hương vị.",95
12f2292f-cff7-5e28-8e04-c627c6374d85,,,Sốt cà tím nghiền / Baba Ganoush (Eggplant Dip),DISH,80.0,1.9,5.0,6.8,4.0,3.0,1080.0,d955f552-54bb-4357-b9be-a0269615a707,,,"Cà tím nhúng là một loại kem phết truyền thống được làm từ cà tím nướng hoặc nướng trộn với tahini, tỏi và nước cốt chanh. Được biết đến trong ẩm thực Trung Đông với cái tên baba ganoush, món này mang đến hương vị khói và kết cấu mịn, thường được tăng cường với dầu ô liu và gia vị. Món nhúng làm từ thực vật này cung cấp chất xơ và chất béo lành mạnh đồng thời là món thuần chay tự nhiên và không chứa gluten, thường được dùng làm món khai vị với bánh mì dẹt hoặc rau sống.",75
6a8de25b-752e-5ca4-b830-359062b1e94e,,,Sốt chấm hành tây ăn kiêng (Light Onion Dip),DISH,167.0,2.0,12.7,12.0,0.5,2.0,400.0,d955f552-54bb-4357-b9be-a0269615a707,,,"Nhúng hành tây nhẹ là một phiên bản có hàm lượng calo thấp hơn của loại gia vị mặn cổ điển, thường được làm bằng các chất nền ít chất béo như sữa chua Hy Lạp hoặc kem chua nhẹ trộn với hành tây caramen. Biến thể này duy trì hương vị umami đậm đà của món hành tây nhúng truyền thống đồng thời cắt giảm đáng kể hàm lượng chất béo bão hòa, khiến nó trở thành lựa chọn phổ biến cho những người ăn vặt quan tâm đến sức khỏe. Nó thường được sử dụng làm món rau nhúng hoặc khoai tây chiên đi kèm và thường tránh các chất làm đặc nhân tạo có trong một số phiên bản thương mại đầy đủ chất béo.",95
51e7a2c7-fea5-52a7-a471-f09566e7251f,,,"Nấm Portobello nhồi nhân chín (Stuffed Portobello Mushrooms, Cooked)",DISH,196.0,10.8,7.2,22.0,3.0,4.0,350.0,d955f552-54bb-4357-b9be-a0269615a707,,,"Nấm Portobello nhồi là một món ăn mặn có mũ nấm trưởng thành, lớn chứa đầy các nguyên liệu như pho mát, ngũ cốc, rau hoặc protein từ thực vật, sau đó thường được nướng hoặc nướng. Kết cấu đậm đặc, nhiều thịt và hương vị giàu vị umami của Portobello cung cấp lượng calo thấp, giàu kali và selen, trong khi thành phần nhân quyết định hàm lượng protein và carbohydrate của món ăn. Chế phẩm đa năng này hoạt động như một món ăn chay hoặc món khai vị, với các đặc điểm chế độ ăn uống khác nhau tùy theo lựa chọn làm đầy.",95
ebbe8d47-fa70-5cec-a220-ba4db7f01e2a,,,Bánh Pie rau bina (Spinach Pie),DISH,154.0,7.0,10.0,9.0,1.3,1.5,275.0,d955f552-54bb-4357-b9be-a0269615a707,,,"Bánh rau bina là một loại bánh ngọt nướng thơm ngon có các lớp bột phyllo mịn bọc nhân rau bina nấu chín, thường được trộn với các loại pho mát như feta hoặc ricotta. Món ăn chủ yếu của Địa Trung Hải này — được gọi là spanakopita trong ẩm thực Hy Lạp — cân bằng chất sắt và vitamin của rau xanh với sự phong phú của các lớp bánh ngọt phủ sữa và bơ. Món nướng đạt được sự tương phản đặc trưng giữa bên ngoài sắc nét, vàng óng và bên trong ẩm ướt, thấm đẫm thảo mộc, thường được phục vụ theo từng phần hình tam giác hoặc hình chữ nhật.",95
3963a63d-dac7-56be-8d88-a1d13f36977f,,,Salad gà sốt cay Buffalo (Buffalo Chicken Salad),DISH,125.0,10.0,7.5,5.0,1.5,2.0,400.0,d955f552-54bb-4357-b9be-a0269615a707,,,"Salad gà trâu là một món ăn giàu protein kết hợp thịt gà xé nhỏ hoặc nướng phủ nước sốt Buffalo thơm, cay với các loại rau giòn như xà lách romaine, cần tây và cà rốt. Món salad này cân bằng sức nóng bốc lửa từ nước sốt làm từ ớt cayenne với các yếu tố làm mát như phô mai xanh hoặc nước sốt trang trại, thường bao gồm cả phô mai vụn để tạo vị đậm đà. Mặc dù theo truyền thống được làm bằng gà rán, các phiên bản nướng mang đến một lựa chọn nhẹ nhàng hơn nhưng vẫn mang lại hương vị đậm đà bên cạnh hàm lượng natri cao tiềm ẩn từ nước sốt và nước sốt.",80
93ee972a-d0cf-5cc5-94ab-a11cda417672,,,Sốt chấm rau bina (Spinach Dip),DISH,250.0,3.48,23.91,6.91,1.4,1.29,283.0,d955f552-54bb-4357-b9be-a0269615a707,,,"Món nhúng rau bina là một loại kem phết lạnh, kết hợp rau bina cắt nhỏ với kem chua, sốt mayonnaise và các gia vị như bột tỏi hoặc hành tây. Mặc dù giàu canxi và vitamin A từ các thành phần rau và sữa, nhưng nó thường có hàm lượng chất béo bão hòa cao do có dạng kem. Món ăn chủ yếu của bữa tiệc này thường được phục vụ trong bát bánh mì hoặc với bánh quy giòn và rau sống, mang đến sự cân bằng giữa hương vị rau bina tươi và kết cấu hấp dẫn.",95
18e43eeb-02bb-5d3c-9584-b8ea9abb7de3,,,Bánh mì giòn Melba vị tỏi (Garlic Melba Toast),INGREDIENT,400.0,13.0,10.0,65.0,2.5,2.0,600.0,d955f552-54bb-4357-b9be-a0269615a707,,,"Bánh mì nướng tỏi Melba là một sản phẩm bánh mì nướng hai lần có đặc điểm là kết cấu siêu mỏng, giòn và gia vị tỏi thơm ngon. Những lát bánh mì nhẹ, giòn này được tạo ra bằng cách nướng bánh mì cắt lát sẵn cho đến khi khô và giòn hoàn toàn, sau đó nêm tỏi và thường là thêm các loại thảo mộc. Kết quả là bánh quy giòn có thời hạn sử dụng ổn định và thường được dùng làm lớp nền cho món canapé, kết hợp với súp hoặc được thưởng thức như một món ăn nhẹ có độ ẩm thấp thay thế cho bánh mì thông thường.",95
4b4b6150-7c38-5efc-82bc-ff2ed07cf36c,,,Rau củ ngâm chua (Pickled Vegetables),DISH,33.61,1.05,0.42,6.3,1.26,5.04,966.39,d955f552-54bb-4357-b9be-a0269615a707,,,"Rau ngâm Ukraina là một món ăn lên men truyền thống bao gồm hỗn hợp các sản phẩm theo mùa như dưa chuột, cà rốt và củ cải đường được bảo quản trong nước muối đặc biệt. Các loại rau được nêm với các loại gia vị đặc trưng của Ukraine bao gồm thì là, tỏi và hạt tiêu đen, tạo nên hương vị thơm ngon đi kèm cho bữa ăn. Mặc dù có hàm lượng calo thấp tự nhiên và giàu men vi sinh từ quá trình lên men, nhưng những loại rau được bảo quản này lại có hàm lượng natri cao đáng kể do quá trình ngâm nước muối truyền thống.",95
8cfaf282-0dd7-57c8-b1da-d076d005879d,,,Cải xoăn sấy giòn / Kale Chips (Kale Chips),INGREDIENT,550.0,10.0,38.0,42.0,7.0,3.0,300.0,d955f552-54bb-4357-b9be-a0269615a707,,,"Cải xoăn chip là một món ăn nhẹ giòn được làm bằng cách nướng hoặc khử nước lá cải xoăn phủ dầu và gia vị. Món thay thế đậm đặc chất dinh dưỡng này cho khoai tây chiên truyền thống vẫn giữ được hàm lượng vitamin A, C và K cao trong cải xoăn đồng thời mang lại cảm giác giòn ngon với ít calo hơn. Hầu hết các phiên bản đều là thuần chay và không chứa gluten, thường có hương vị bổ sung như men dinh dưỡng, muối biển hoặc ớt bột xông khói để tăng sức hấp dẫn thơm ngon của chúng.",95
87b71745-18eb-5a6d-a9a6-c3375b34bd6b,,,Canh kim chi / Kimchi Jjigae (Kimchi Jjigae),DISH,95.0,6.7,6.3,2.9,0.8,1.5,351.0,d955f552-54bb-4357-b9be-a0269615a707,,,"Kimchi Jjigae là món hầm thịnh soạn của Hàn Quốc xoay quanh kim chi lên men, thường được làm bằng kim chi ủ lâu năm để phát triển hương vị tối ưu. Món ăn cay, ấm này thường kết hợp đậu phụ, thịt lợn hoặc hải sản trong nước dùng đậm đà, tạo ra một bữa ăn bổ dưỡng được hưởng lợi từ cả men vi sinh của bắp cải lên men và protein của các thành phần bổ sung. Màu đỏ đậm đặc trưng và hương vị đậm đà của món hầm đến từ tương ớt đỏ Hàn Quốc (gochugaru), tỏi và vị umami phức tạp của các nguyên liệu lên men.",75
b5d3b6f7-6951-53ff-9b0a-d56dc203cfd7,,,"Đậu xanh đóng hộp (Mung Beans, Canned)",DISH,12.0,1.44,0.06,2.16,0.8,0.5,42.0,d955f552-54bb-4357-b9be-a0269615a707,,,"Đậu xanh đóng hộp là loại đậu được nấu chín sẵn, tiện lợi, sẵn sàng sử dụng thay thế cho đậu xanh khô. Những hạt đậu nhỏ, màu xanh ô liu này đặc biệt giàu protein và chất xơ có nguồn gốc thực vật, đồng thời ít chất béo tự nhiên và dễ tiêu hóa. Loại đóng hộp duy trì kết cấu mềm nhưng nguyên vẹn và có thể thêm ngay vào súp, salad và các món cà ri mà không cần thời gian ngâm và nấu như đậu xanh khô.",75
b002689b-e570-5722-bf36-fdac8c4b5f25,,,Bánh Quiche rau bina và nấm (Spinach and Mushroom Quiche),DISH,243.0,7.1,15.7,17.9,1.4,1.5,314.0,d955f552-54bb-4357-b9be-a0269615a707,,,"Quiche rau bina và nấm là một loại bánh nướng thơm ngon có lớp vỏ bánh xốp chứa đầy sữa trứng, kem và rau tươi. Sự kết hợp giữa rau bina giàu chất dinh dưỡng (có nhiều chất sắt và vitamin A/C) và nấm đất cung cấp chất xơ và vị umami đậm đà, trong khi sữa trứng làm từ trứng cung cấp lượng protein đáng kể. Mặc dù thường phù hợp với người ăn chay, hàm lượng chất béo bão hòa của món ăn thay đổi tùy thuộc vào cách chế biến vỏ bánh và lựa chọn sữa, khiến món ăn có thể thích ứng với các biến thể nhẹ nhàng hoặc hấp dẫn hơn. Nó thường được phục vụ khi còn ấm hoặc ở nhiệt độ phòng cho bữa sáng muộn hoặc bữa ăn nhẹ.",95
928dd9d6-7d6a-56f7-bab5-1b4e6c5ed121,,,Tỏi ngâm giấm (Pickled Garlic),INGREDIENT,170.0,2.0,4.0,34.0,2.0,31.0,330.0,d955f552-54bb-4357-b9be-a0269615a707,,,"Tỏi ngâm bao gồm cả những tép tỏi được bảo quản thông qua quá trình lên men trong dung dịch giấm hoặc nước muối, biến đổi hương vị cay nồng, sắc nét của chúng thành vị dịu hơn, thơm hơn. Phương pháp bảo quản này duy trì nhiều hợp chất có lợi của tỏi đồng thời tạo ra kết cấu mềm hơn, mềm hơn để dễ tiêu thụ hơn. Đinh hương ngâm thường được sử dụng trong ẩm thực châu Á, đĩa khai vị và như một loại gia vị, mang đến một cách thuận tiện để kết hợp các lợi ích sức khỏe của tỏi với giảm vị cay.",95
f97903b1-665e-5afe-b4b8-44edbd615668,,,Bánh khoai tây nướng Kugel (Potato Kugel),INGREDIENT,185.0,4.4,5.3,32.0,2.7,3.0,456.0,d955f552-54bb-4357-b9be-a0269615a707,,,"Khoai tây kugel là món thịt hầm truyền thống của người Do Thái được làm chủ yếu từ khoai tây và hành tây cắt nhỏ, kết hợp với trứng và nướng cho đến khi giòn bên ngoài nhưng vẫn mềm bên trong. Món ăn thịnh soạn này, thường được phục vụ vào ngày Shabbat và các ngày lễ, được phân biệt với các món khoai tây hầm khác bởi kết cấu đặc nhưng nhẹ và lớp vỏ màu nâu vàng. Mặc dù giàu carbohydrate nhưng nó mang lại sự kết hợp hài lòng giữa kết cấu giòn và kem, khiến nó trở thành món ăn chủ yếu được yêu thích trong ẩm thực Do Thái Ashkenazi.",95
ce379d91-7321-58e9-ad7f-7808bc754350,,,"Đậu tủy khô / Marrow Beans (Marrow Beans, Dry)",INGREDIENT,343.0,22.9,0.0,62.9,25.7,2.0,5.0,d955f552-54bb-4357-b9be-a0269615a707,,,"Đậu tủy khô là một loại đậu có đặc điểm là kích thước lớn, hình bầu dục, màu trắng kem. Những loại đậu này cần phải ngâm và nấu trước khi tiêu thụ, thường là luộc hoặc ninh cho đến khi mềm. Đậu tủy là nguồn cung cấp protein và chất xơ có nguồn gốc thực vật dồi dào, khiến chúng trở thành nguồn bổ sung dinh dưỡng cho các món súp, món hầm và các món đậu nướng. Hương vị nhẹ nhàng của chúng cho phép chúng hấp thụ hương vị của các thành phần đi kèm.",75
8bbc701d-2c34-5470-b515-0c3effd2d395,,,Bánh Quiche nấm (Mushroom Quiche),DISH,250.0,7.0,18.6,15.0,2.0,2.0,350.0,d955f552-54bb-4357-b9be-a0269615a707,,,"Quiche nấm là một loại bánh sữa trứng thơm ngon kiểu Pháp được làm từ trứng, kem và nấm xào nướng trong lớp vỏ bánh ngọt bơ. Món ăn giàu protein này kết hợp hương vị đất của nấm với nhân sữa trứng mềm mượt, thích hợp cho chế độ ăn chay. Mặc dù theo truyền thống được phục vụ khi còn ấm nhưng nó cũng có thể được thưởng thức ở nhiệt độ phòng, khiến nó trở thành một lựa chọn linh hoạt cho các bữa ăn suốt cả ngày.",95
97ce5089-f675-541f-8f08-c30e7436d5c0,,,Bánh Quiche rau củ (Vegetable Quiche),DISH,226.0,4.7,14.0,20.3,1.2,3.9,250.0,d955f552-54bb-4357-b9be-a0269615a707,,,"Quiche rau củ là một món nướng thơm ngon bao gồm sữa trứng giàu protein và các loại rau được bọc trong lớp vỏ bánh ngọt xốp. Phần đế sữa trứng nấu chín, thường được làm bằng trứng và sữa hoặc kem, cung cấp protein chất lượng cao trong khi hỗn hợp rau củ cung cấp vitamin, khoáng chất và chất xơ. Mặc dù là món ăn chay tự nhiên, nhưng các biến thể thường bao gồm phô mai và có thể thu được lượng calo đáng kể từ lớp vỏ bơ, khiến việc nhận biết khẩu phần trở nên quan trọng đối với việc theo dõi dinh dưỡng.",95
e52b8431-1d3d-500d-93b5-598eb35d0df4,,,Hạt dưa hấu (Watermelon Seeds),INGREDIENT,565.0,28.6,48.2,15.4,4.0,1.0,2.0,d955f552-54bb-4357-b9be-a0269615a707,,,"Hạt dưa hấu là hạt của quả dưa hấu, thường bị bỏ đi nhưng ngày càng được công nhận về giá trị dinh dưỡng. Những hạt này có thể được tiêu thụ sống, rang hoặc nảy mầm, rang sẽ làm tăng hương vị và khả năng tiêu hóa của chúng. Chúng là nguồn cung cấp protein, chất béo lành mạnh và các khoáng chất như magiê và sắt, khiến chúng trở thành một món ăn nhẹ bổ dưỡng hoặc bổ sung cho món salad và hỗn hợp đường mòn. Hạt dưa hấu đen đã trưởng thành và màu mỡ, trong khi hạt trắng thường chưa trưởng thành hoặc thuộc loại không hạt.",75
3af74cd9-5480-5ad4-bbe2-3d776044daa6,,,Rau muống (Water Spinach),INGREDIENT,26.29,2.9,0.5,1.0,2.8,0.5,25.0,d955f552-54bb-4357-b9be-a0269615a707,,,"Rau muống, còn được gọi là ong cải hoặc kangkong, là một loại rau lá xanh thường được sử dụng trong ẩm thực châu Á. Loại cây bán thủy sinh này có đặc điểm là thân dài, rỗng và lá hình mũi tên, có vị dịu, hơi ngọt. Nó là nguồn cung cấp vitamin A và C cũng như sắt và thường được xào, hấp hoặc thêm vào súp và món hầm.",75
4d3ef542-3aed-5cbd-8162-8a1e85d9d339,,,Chiết xuất hạnh nhân / Tinh dầu hạnh nhân (Almond Extract),INGREDIENT,238.0,0.0,0.0,0.0,0.0,0.0,0.0,d955f552-54bb-4357-b9be-a0269615a707,,,"Chiết xuất hạnh nhân là một hương liệu chứa cồn đậm đặc được tạo ra bằng cách ngâm dầu hạnh nhân đắng hoặc hạt quả hạch (thường là quả mơ hoặc đào) trong ethanol. Chất lỏng mạnh mẽ này mang lại hương thơm và hương vị hạnh nhân đậm đà, chỉ cần một lượng nhỏ để tăng hương vị cho các món nướng, món tráng miệng và bánh kẹo. Mặc dù hương vị của nó giống với hạnh nhân tự nhiên nhưng quá trình chiết xuất tạo ra sản phẩm đạt tiêu chuẩn hơn và ổn định hơn so với các chế phẩm từ hạt tươi.",75
e73050a7-979c-54d8-9e2e-2aa42ee970c0,,,Cà rốt ngâm giấm (Pickled Carrots),INGREDIENT,40.0,0.93,0.1,8.0,2.5,5.5,900.0,d955f552-54bb-4357-b9be-a0269615a707,,,"Cà rốt ngâm là loại rau được bảo quản bằng cách lên men hoặc ngâm cà rốt tươi trong dung dịch giấm, muối và gia vị. Quá trình này mang lại cho chúng hương vị thơm, hơi ngọt trong khi vẫn giữ được độ giòn đặc trưng, ​​mặc dù một số hàm lượng vitamin giảm đi so với cà rốt sống. Thường được sử dụng như một món ăn nhẹ hoặc đồ gia vị ít calo, chúng cung cấp lượng chất xơ khiêm tốn và có thể chứa men vi sinh nếu được lên men tự nhiên, nhưng hàm lượng natri của chúng có thể đáng kể tùy thuộc vào cách chế biến.",95
15eeb19e-c7dc-5783-9a84-5f0e522fe9b0,,,"Đậu tằm / Fava khô (Fava Beans, Dry)",INGREDIENT,341.0,26.12,1.53,58.29,14.9,5.7,13.0,d955f552-54bb-4357-b9be-a0269615a707,,,"Đậu fava khô là loại đậu cần ngâm và nấu chín trước khi tiêu thụ để làm mềm lớp vỏ cứng bên ngoài và phát huy hương vị đặc trưng của chúng. Những loại đậu này là nguồn cung cấp protein, chất xơ và sắt có nguồn gốc thực vật dồi dào, khiến chúng trở thành nguồn bổ sung dinh dưỡng cho các món súp, món hầm và món xay nhuyễn. Sau khi nấu chín, đậu fava có vị hơi ngọt và bùi, thường được sử dụng trong các món ăn Địa Trung Hải và Trung Đông.",75
2bc84e51-1729-5ef4-bf92-be7db98d60a7,,,"Đậu tằm khô (Broad Beans, Dry)",INGREDIENT,341.0,26.1,1.53,58.3,20.0,5.7,16.0,d955f552-54bb-4357-b9be-a0269615a707,,,"Đậu tằm khô, còn được gọi là đậu fava, là loại đậu cần ngâm và nấu chín trước khi tiêu thụ. Những hạt đậu này thường được bán ở dạng khô và cần được bù nước trong vài giờ hoặc qua đêm để làm mềm chúng. Sau khi nấu chín, chúng cung cấp một nguồn protein, chất xơ và các vi chất dinh dưỡng khác nhau từ thực vật. Bảo quản đúng cách ở nơi khô ráo, thoáng mát sẽ đảm bảo chất lượng và kéo dài thời hạn sử dụng.",75
8f2f0c67-09be-5c7e-8ad6-c1d7fc60660c,,,Salad Niçoise (Nicoise Salad),DISH,125.0,11.42,7.28,3.54,1.5,1.5,705.88,d955f552-54bb-4357-b9be-a0269615a707,,,"Salad Niçoise là món ăn truyền thống của Pháp có nguồn gốc từ Nice, với sự kết hợp cân bằng giữa cá ngừ giàu protein, trứng luộc chín, ô liu Niçoise, cà chua tươi và đậu xanh giòn. Được phục vụ trên nền rau diếp với dầu ô liu đơn giản, món này thể hiện ẩm thực Địa Trung Hải thông qua việc nhấn mạnh vào nguyên liệu tươi ngon và điểm nhấn là cá cơm mặn. Món salad xứng đáng với bữa ăn này cung cấp protein hoàn chỉnh, chất béo có lợi cho tim từ ô liu và dầu ô liu, cũng như chất xơ từ các loại rau theo mùa, cung cấp nguồn dinh dưỡng cân bằng dinh dưỡng bắt nguồn từ truyền thống ẩm thực của vùng Provençal.",95
a7118a5a-d6f0-58d6-bcf7-07e85bdcbf70,,,Kim chi củ cải / Kkakdugi (Radish Kimchi),DISH,30.0,1.0,0.1,6.5,1.7,3.0,750.0,d955f552-54bb-4357-b9be-a0269615a707,,,"Kim chi củ cải (kkakdugi) là một món ăn kèm lên men của Hàn Quốc gồm có củ cải daikon cắt khối được bảo quản trong hỗn hợp cay của ớt bột, tỏi và gừng. Không giống như kim chi làm từ bắp cải napa, loại kim chi này vẫn giữ được kết cấu giòn thông qua quá trình lên men đồng thời phát triển các lợi ích về lợi khuẩn và cung cấp vitamin C đáng kể với lượng calo tối thiểu. Quá trình lên men lacto tạo ra hương vị umami thơm và các công thức nấu ăn truyền thống có thể bao gồm hải sản muối, mặc dù các phiên bản thuần chay thay thế nước tương hoặc miso.",75
72c861ba-83f2-5664-aea5-713b14e77d9c,,,Salad mì Ramen (Ramen Noodle Salad),DISH,110.0,2.0,5.0,13.0,2.0,3.0,230.0,d955f552-54bb-4357-b9be-a0269615a707,,,"Salad mì Ramen là một món ăn ướp lạnh kết hợp mì ramen ăn liền nấu chín với các loại rau sống như bắp cải, cà rốt và hành lá, thường được rưới nước sốt thơm làm từ gói gia vị mì, dầu và giấm. Mặc dù gia vị góp phần tạo nên hương vị umami đậm đà nhưng nó cũng bổ sung thêm lượng natri đáng kể, tương phản với chất xơ và vitamin của sản phẩm tươi. Thường được tăng cường với hạnh nhân nướng hoặc hạt vừng để tạo độ giòn và protein, công thức thích hợp này có thể được sửa đổi bằng mì không chứa gluten hoặc gia vị ít natri để phù hợp với sở thích ăn kiêng.",75
3646b9f7-6c0b-5362-b746-fea9a39a87d1,,,Đậu muồng đen / Urad Dal (Urad Dal (Black Gram Beans)),INGREDIENT,341.0,25.0,1.6,59.0,16.0,3.0,10.0,d955f552-54bb-4357-b9be-a0269615a707,,,"Urad dal, còn được gọi là đậu gram đen, là một loại đậu giàu protein, là món ăn chủ yếu của ẩm thực Nam Á, đặc biệt là trong các món ăn như dal makhani và bột nhào idli/dosa lên men. Những hạt đậu nhỏ, có vỏ màu đen với phần bên trong màu trắng kem này cung cấp đáng kể chất xơ, sắt và kali cùng với các loại carbohydrate phức hợp tiêu hóa chậm. Khi ngâm và nấu chín, chúng có kết cấu mịn như nhung và có hương vị đất, đồng thời việc sử dụng thường xuyên chúng trong các chế phẩm lên men giúp tăng cường khả năng hấp thụ và tiêu hóa chất dinh dưỡng.",75
17e2a6f2-c57a-595e-bccd-4bf2b01cd43a,,,Kẹo bơ cứng đậu phộng (Peanut Brittle),DISH,486.0,7.57,19.0,71.2,2.5,51.3,445.0,d955f552-54bb-4357-b9be-a0269615a707,,,"Đậu phộng giòn là một loại kẹo cứng được làm bằng cách nấu đường và xi-rô ngô đến giai đoạn nứt cứng trước khi kết hợp đậu phộng rang. Loại kẹo truyền thống này có màu hổ phách vàng đặc trưng và tạo ra kết cấu vỡ vụn đặc trưng khi bẻ ra. Mặc dù có hàm lượng đường cao nhưng nó cung cấp một số protein và chất béo lành mạnh từ đậu phộng, mặc dù nó nên được coi là một món tráng miệng và tiêu thụ ở mức độ vừa phải.",75
d1747435-f352-5eb8-aae7-6c784e4155e3,,,Cà tím sọc Fairy Tale (Fairy Tale Eggplants),INGREDIENT,25.0,1.0,0.18,5.9,3.0,2.9,2.0,d955f552-54bb-4357-b9be-a0269615a707,,,"Cà tím trong truyện cổ tích là một loại rau củ nhỏ nhắn, có sọc, được biết đến với lớp vỏ lốm đốm màu trắng hoa oải hương và thịt mềm, không hạt. Những quả cà tím thu nhỏ này có hương vị ngọt ngào tự nhiên và kết cấu kem mịn hơn so với các loại cà tím tiêu chuẩn khi nấu chín, với vỏ mỏng ăn được nên không cần phải gọt vỏ. Kích thước nhỏ của chúng khiến chúng trở nên lý tưởng để rang, nướng hoặc áp chảo nhanh chóng trong khi vẫn mang lại lợi ích ít calo, giàu chất xơ giống như tất cả các loại cà tím.",75
eff7df98-66da-5488-a865-bdfcb9ad046c,,,Đậu hầm bia Borracho (Borracho Beans),DISH,89.0,3.9,1.5,15.0,3.1,0.8,340.0,d955f552-54bb-4357-b9be-a0269615a707,,,"Đậu Borracho là một món ăn truyền thống của Mexico bao gồm đậu pinto ninh chậm nấu trong nước dùng pha bia với cà chua, hành tây, tỏi và ớt. Chế phẩm thịnh soạn này lấy tên của nó (""đậu say"") từ bia, giúp tăng thêm chiều sâu cho hương vị trong khi đậu vẫn giàu protein từ thực vật và chất xơ. Thường được tăng cường với thịt xông khói hoặc thịt lợn, các phiên bản chay có thể được thực hiện bằng cách bỏ thịt và sử dụng bia không chứa gluten để đáp ứng các hạn chế về chế độ ăn uống.",75
e57013fa-94b9-5fed-94f1-3ae1c45c6fd9,,,Bột ăn dặm rau bina (Spinach Baby Food),DISH,37.0,2.5,1.3,5.7,1.8,2.33,49.0,d955f552-54bb-4357-b9be-a0269615a707,,,"Thức ăn trẻ em rau bina là một chế phẩm rau củ nấu chín, xay nhuyễn dành cho trẻ sơ sinh, thường được chế biến bằng cách hấp hoặc luộc rau bina tươi thành hỗn hợp mịn. Loại nhuyễn đậm đặc chất dinh dưỡng này vẫn giữ được hàm lượng sắt cao và vitamin A và C của rau bina, rất quan trọng để hỗ trợ miễn dịch sớm và phát triển thị lực, đồng thời chất xơ hỗ trợ tiêu hóa. Mặc dù tự nhiên không chứa gluten và ít nguy cơ gây dị ứng, nhưng hàm lượng oxalate của nó có thể ức chế nhẹ sự hấp thu sắt - một cân nhắc được cân bằng bằng cách kết hợp với thực phẩm giàu vitamin C.",95
4ea1f7e4-7c82-5ec0-b15f-80cc42fb108a,,,Cà tím Thái Lan (Thai Eggplant),INGREDIENT,25.0,1.0,0.18,5.88,3.0,3.53,2.0,d955f552-54bb-4357-b9be-a0269615a707,,,"Cà tím Thái Lan dùng để chỉ một số loại cà tím nhỏ, tròn thường được sử dụng trong ẩm thực Đông Nam Á. Những quả cà tím này thường có màu xanh hoặc trắng với các sọc xanh, có vị hơi đắng và kết cấu giòn khi nấu chín. Chúng thường xuất hiện trong các món cà ri, món xào và súp kiểu Thái, nơi chúng hấp thụ hương vị của món ăn trong khi vẫn giữ được kết cấu chắc chắn.",75
ece954fe-ff5d-5b00-bd30-a4f74803ac2a,,,Củ cải dưa hấu (Watermelon Radishes),INGREDIENT,15.0,0.5,0.0,3.0,2.0,1.0,40.0,d955f552-54bb-4357-b9be-a0269615a707,,,"Củ cải dưa hấu là một loại rau củ thuộc họ Brassica, được nhận biết bởi vẻ ngoài nổi bật với bề ngoài màu xanh nhạt và bên trong có màu hồng đến đỏ rực rỡ giống như thịt dưa hấu. Loại daikon gia truyền này có kết cấu giòn với hương vị hơi ngọt, hơi cay và chứa chất xơ, vitamin C và chất chống oxy hóa đáng chú ý như glucosinolates. Thường được phục vụ sống trong món salad hoặc ngâm, nó cung cấp một lựa chọn ít calo, giàu chất dinh dưỡng cho chế độ ăn không có gluten, thuần chay và ít carb.",75
02bf1492-c52a-5e67-9714-1705f39b2664,,,Kim chi dưa chuột (Cucumber Kimchi),INGREDIENT,33.0,1.6,0.3,7.4,2.8,4.6,670.0,d955f552-54bb-4357-b9be-a0269615a707,,,"Kim chi dưa chuột là một món ăn kèm lên men của Hàn Quốc với thành phần chính là dưa chuột giòn thay vì bắp cải napa truyền thống. Dưa chuột thường được nhồi hoặc ướp trong hỗn hợp cay gồm ớt, tỏi, gừng và thường là các nguyên liệu có nguồn gốc từ hải sản như nước mắm, sau đó trải qua quá trình lên men lacto để giữ được độ giòn đồng thời tạo ra hương vị thơm. Loại gia vị ít calo này cung cấp men vi sinh cho sức khỏe đường ruột cùng với vitamin A và C, mặc dù phiên bản thuần chay thay thế các thành phần hải sản. Thường được phục vụ như một banchan (món ăn kèm), món này mang đến sự tương phản mới mẻ với các món thịt nướng đậm đà của Hàn Quốc và các bữa ăn làm từ cơm.",95
c1465694-bc2b-5851-97a1-0e7550bd50f2,,,Salad đậu Hà Lan trộn phô mai (Cheesy Pea Salad),DISH,187.0,6.5,13.0,11.0,3.5,7.0,432.0,d955f552-54bb-4357-b9be-a0269615a707,,,"Salad đậu xanh phô mai là một món ăn kèm ướp lạnh kết hợp giữa đậu xanh ngọt và phô mai cheddar cắt khối trong nước sốt kem mayonnaise. Chế phẩm giàu protein này cân bằng chất xơ tự nhiên và protein từ thực vật của đậu Hà Lan với canxi và chất béo bão hòa của phô mai, thường được tạo điểm nhấn bằng các chất bổ sung như thịt xông khói giòn hoặc rau thơm tươi. Mặc dù giàu chất dinh dưỡng nhưng hàm lượng phô mai và nước sốt giàu calo của nó là chìa khóa kiểm soát khẩu phần cho những người tiêu dùng quan tâm đến sức khỏe.",95
0a1ad685-a21d-5ebf-9c4f-52b076787577,,,Bánh Pie cà rốt (Carrot Pie),DISH,178.0,3.6,7.5,24.0,1.5,12.2,250.0,d955f552-54bb-4357-b9be-a0269615a707,,,"Bánh cà rốt là một món tráng miệng ngọt ngào bao gồm cà rốt nghiền nướng trong nhân sữa trứng tẩm gia vị, mang đến một món ăn thay thế làm từ rau củ cho bánh bí ngô. Cà rốt nấu chín mang lại vị ngọt tự nhiên và beta-carotene - tiền chất của vitamin A - trong khi món ăn thường kết hợp các loại gia vị có tính ấm như quế và nhục đậu khấu. Mặc dù giàu chất xơ về mặt dinh dưỡng hơn nhiều loại bánh làm từ trái cây, nhưng việc chế biến ngọt bằng đường hoặc xi-rô bổ sung sẽ ảnh hưởng đáng kể đến hàm lượng carbohydrate của nó.",95
60232771-e59a-57e4-ba37-42f341418e49,,,Salad dưa chuột (Cucumber Salad),DISH,25.27,0.43,0.18,3.25,0.72,1.81,108.3,d955f552-54bb-4357-b9be-a0269615a707,,,"Salad dưa chuột kiểu Bắc Âu là một món ăn nhẹ nhàng, tươi mát gồm dưa chuột thái lát mỏng ướp với nước sốt giấm chua ngọt đặc biệt. Thì là tươi và các loại thảo mộc khác là những thành phần thiết yếu, mang lại hương vị đặc trưng của Bắc Âu cho chế phẩm truyền thống này. Món ăn kèm có hàm lượng calo thấp này duy trì kết cấu giòn thông qua quá trình ướp cẩn thận, đồng thời cung cấp các vitamin và khoáng chất có lợi với lượng chất béo bổ sung tối thiểu.",95
2741cacb-2214-502f-baab-59e874f5d808,,,Tỏi đen (Black Garlic),DISH,184.0,8.0,0.0,38.0,3.0,12.0,30.0,d955f552-54bb-4357-b9be-a0269615a707,,,"Tỏi đen là một dạng tỏi nguyên củ lên men được sản xuất thông qua nhiệt độ và độ ẩm được kiểm soát trong vài tuần, làm thay đổi màu sắc, kết cấu và hương vị của tỏi. Quá trình caramen hóa chậm tạo ra những tép mềm, dai với vị ngọt, đậm đà vị umami gợi nhớ đến men balsamic, đồng thời làm giảm đáng kể vị cay nồng của tỏi sống. Thành phần giàu chất chống oxy hóa này chứa các hợp chất như S-allyl-cysteine, có thể nâng cao khả dụng sinh học so với tỏi tươi và đóng vai trò như một chất tăng hương vị linh hoạt trong các món ăn ngon, nước sốt và công thức nấu ăn có lợi cho sức khỏe.",95
6b553b15-973a-530a-9847-8dda17a42467,,,Bánh bao Pierogi nhân dưa cải bắp và nấm (Sauerkraut and Mushroom Pierogi),DISH,170.0,4.5,3.0,28.0,3.0,2.0,290.0,d955f552-54bb-4357-b9be-a0269615a707,,,"Sauerkraut và nấm pierogi là món bánh bao truyền thống của Đông Âu có lớp bột mềm không men bao quanh nhân bắp cải lên men và nấm đất thơm ngon. Dưa bắp cải thơm cung cấp men vi sinh và chất xơ, trong khi nấm bổ sung thêm vị umami, tạo ra một lựa chọn ăn chay cân bằng khi được chế biến không có mỡ động vật. Những chiếc bánh bao nhồi này thường được luộc sau đó áp chảo để có bề ngoài giòn, thường dùng kèm với kem chua hoặc hành caramen.",95
92281c06-6249-57ea-b607-23e322042438,,,Bánh quy hạnh nhân Biscotti (Almond Biscotti),DISH,500.0,12.0,19.0,65.0,2.0,35.0,192.0,d955f552-54bb-4357-b9be-a0269615a707,,,"Bánh quy hạnh nhân là một loại bánh quy nướng hai lần truyền thống của Ý, đặc trưng bởi kết cấu giòn và những miếng hạnh nhân nổi bật. Có nguồn gốc từ Tuscany, những chiếc bánh quy hình thuôn dài này lần đầu tiên được nướng dưới dạng ổ bánh mì, cắt lát, sau đó nướng lại để đạt được độ khô đặc trưng, ​​khiến chúng trở nên lý tưởng để chấm với cà phê hoặc rượu tráng miệng. Mặc dù có hàm lượng carbohydrate và đường cao hơn từ bột ngọt nhưng chúng lại cung cấp lượng protein vừa phải và chất béo lành mạnh từ hạnh nhân nguyên hạt. Quá trình nướng kéo dài của họ tạo ra món ăn có độ ẩm thấp với thời hạn sử dụng kéo dài nhưng chứa các chất gây dị ứng phổ biến bao gồm lúa mì, các loại hạt và thường là trứng.",75
34aae72d-c197-52d6-bdff-b88bb220eba1,,,"Đậu Anasazi khô (Anasazi Beans, Dry)",INGREDIENT,343.0,22.9,0.0,60.0,14.3,2.1,5.0,d955f552-54bb-4357-b9be-a0269615a707,,,"Đậu Anasazi là một loại đậu khô, có nguồn gốc từ Tây Nam Hoa Kỳ và được biết đến với màu đỏ và trắng lốm đốm đặc biệt. Những loại đậu này được đánh giá cao vì hương vị nhẹ, hơi ngọt và thường được coi là dễ tiêu hóa hơn các loại đậu khác. Trước khi tiêu thụ, đậu Anasazi khô cần được ngâm và nấu cho đến khi mềm, sau đó chúng có thể được sử dụng trong súp, món hầm và salad.",75
0fb66789-e519-5278-a026-31dfa7ffc96d,,,Salad đậu Hà Lan thịt xông khói (Bacon Pea Salad),DISH,235.0,4.9,19.8,10.1,3.2,5.0,210.0,d955f552-54bb-4357-b9be-a0269615a707,,,"Salad đậu Hà Lan là một món ăn nguội kết hợp đậu xanh ngọt với những miếng thịt xông khói giòn trong nước sốt kem mayonnaise. Chế phẩm giàu protein này cân bằng vị mặn khói từ thịt lợn đã qua xử lý với vị ngọt tự nhiên của đậu Hà Lan, thường được tạo điểm nhấn bằng các chất bổ sung như phô mai cheddar hoặc hành đỏ. Mặc dù cung cấp chất xơ từ thực vật và các chất dinh dưỡng thiết yếu từ đậu Hà Lan, món ăn này có xu hướng chứa nhiều chất béo bão hòa và natri, nên việc kiểm soát khẩu phần được khuyến khích đối với những người tiêu dùng quan tâm đến sức khỏe. Nó vẫn là một món ăn dã ngoại và nướng thịt được đánh giá cao vì sự tiện lợi và độ tương phản hương vị đậm đà.",80
20d628be-16fc-58b9-9078-9243c251f535,,,Cà tím sọc Graffiti (Graffiti Eggplant),INGREDIENT,25.0,1.0,0.18,5.88,3.0,2.2,2.0,d955f552-54bb-4357-b9be-a0269615a707,,,"Cà tím graffiti là một loại cây trồng nổi bật về mặt thị giác, đặc trưng bởi hình dạng thuôn dài và vỏ màu tím rực rỡ với sọc trắng. Loại cà tím nhỏ hơn này mang lại hương vị ngọt hơn, ít đắng hơn so với cà tím truyền thống, với vỏ mềm không cần gọt vỏ trước khi nấu. Là một loại rau có hàm lượng calo thấp, nó cung cấp chất xơ và chất chống oxy hóa anthocyanin tập trung ở lớp vỏ đầy màu sắc của nó. Kích thước nhỏ gọn và khả năng nấu nhanh khiến nó trở nên lý tưởng để nướng, quay hoặc áp chảo nguyên con mà vẫn giữ được vẻ ngoài trang trí.",75
3ede9e5f-22c1-5a19-bf47-e81d9a3e2b54,,,Sốt tỏi cải ngựa (Garlic Horseradish),INGREDIENT,48.0,1.18,0.69,11.29,3.3,3.5,420.0,d955f552-54bb-4357-b9be-a0269615a707,,,"Tỏi cải ngựa là một loại gia vị cay nồng kết hợp giữa củ cải ngựa mới xay và tỏi, đặc trưng bởi vị cay nồng, làm sạch xoang và hương vị ngọt ngào phức hợp của hạt tiêu. Chế phẩm thô bảo quản glucosinolates từ cải ngựa và allicin từ tỏi, những hợp chất được nghiên cứu về đặc tính chống oxy hóa và chống viêm. Mặc dù có hàm lượng calo và carbohydrate thấp tự nhiên nhưng nhiều hỗn hợp thương mại kết hợp sốt mayonnaise hoặc kem chua, làm tăng đáng kể hàm lượng chất béo cho nước sốt béo ngậy hơn.",95
9cfe46a5-46a2-52fe-af3c-18993d472ec3,,,Bắp cải cuộn thịt hầm (Stuffed Cabbage),DISH,73.0,4.03,2.28,9.07,1.5,2.17,264.0,d955f552-54bb-4357-b9be-a0269615a707,,,"Bắp cải nhồi là một món ăn truyền thống có lá bắp cải chần bao quanh nhân thịt xay, gạo và hương liệu thơm ngon, sau đó ninh trong nước sốt hoặc nước dùng làm từ cà chua. Quá trình nấu chậm làm mềm bắp cải đồng thời hòa quyện hương vị, tạo nên một bữa ăn cân bằng với protein từ thịt, chất xơ từ bắp cải và carbohydrate từ gạo. Các phiên bản khác nhau trên toàn cầu, với các phiên bản Trung Âu và Trung Đông khác nhau về gia vị và nước sốt, mặc dù tất cả đều nhấn mạnh đến việc chuẩn bị thịnh soạn, đậm đặc chất dinh dưỡng.",95
b6375cb5-4172-5230-82fd-213435caab7b,,,Sốt Gravy chay / Rau củ (Vegetable Gravy),DISH,27.0,0.67,1.3,4.0,0.5,1.0,360.0,d955f552-54bb-4357-b9be-a0269615a707,,,"Nước xốt rau củ là một loại nước sốt làm từ thực vật theo truyền thống được làm bằng cách đun sôi rau củ nướng, nấm hoặc các loại đậu với nước dùng và gia vị. Không giống như nước thịt làm từ thịt, nó cung cấp một loại nước xốt thay thế ít chất béo hơn, giàu hương vị umami từ các thành phần như men dinh dưỡng hoặc tamari, trong khi vẫn là món thuần chay và thường không chứa gluten tùy thuộc vào chất làm đặc được sử dụng. Loại gia vị đa năng này giúp tăng cường các món ăn như khoai tây nghiền, bát ngũ cốc và rau nướng đồng thời đáp ứng nhu cầu ăn kiêng đa dạng.",95
efe84de7-e106-5931-8b22-9a139223e308,,,Cà chua xanh (Green Tomatoes),INGREDIENT,23.0,1.2,0.2,5.1,1.1,4.0,13.0,d955f552-54bb-4357-b9be-a0269615a707,,,"Cà chua xanh là cà chua chưa chín có đặc điểm là kết cấu chắc và vị chua, hơi thơm của thảo mộc. Mặc dù có lượng đường thấp hơn cà chua chín đỏ nhưng chúng cung cấp vitamin C và chất xơ đáng chú ý, đồng thời chứa solanine - một hợp chất tự nhiên cần tiêu thụ vừa phải nhưng vẫn an toàn khi nấu chín. Chủ yếu gắn liền với ẩm thực miền Nam Hoa Kỳ, nơi chúng được chiên nổi tiếng, những loại trái cây chưa trưởng thành này cũng mang lại độ axit sáng cho dưa chua, tương ớt và các món mặn.",95
5500a358-c391-5443-bbb5-a3f0019976a9,,,Súp lơ Romanesco (Romanesco Cauliflower),INGREDIENT,25.0,1.92,0.28,4.97,2.0,1.91,30.0,d955f552-54bb-4357-b9be-a0269615a707,,,"Súp lơ Romanesco là một loại rau họ cải nổi bật về mặt thị giác, được công nhận bởi màu xanh lá chanh sống động và các mô hình xoắn ốc fractal tự nhiên. Giống gia truyền của Ý này mang lại hương vị hạt nhẹ và kết cấu chắc hơn so với súp lơ tiêu chuẩn, với các lợi ích dinh dưỡng tương đương với bông cải xanh — bao gồm nhiều vitamin C, chất xơ và chất phytochemical chống oxy hóa. Những bông hoa dày đặc của nó giữ được hình dạng tốt khi rang hoặc hấp, khiến nó phù hợp như nhau cho các đĩa thô và các món nấu chín.",75
5d757f3d-693f-5b29-a4eb-f15d3a9a1663,,,Salad Waldorf (Waldorf Salad),DISH,176.0,1.5,14.0,11.0,2.5,7.0,150.0,d955f552-54bb-4357-b9be-a0269615a707,,,"Waldorf Salad là món ăn cổ điển của Mỹ được chế biến lần đầu tiên tại khách sạn Waldorf-Astoria ở New York vào những năm 1890. Cách chế biến truyền thống kết hợp những miếng táo giòn, cần tây và quả óc chó trong nước sốt làm từ sốt mayonnaise, thường được dùng kèm với rau diếp. Mặc dù các biến thể hiện đại có thể bao gồm các thành phần bổ sung như nho hoặc nước sốt làm từ sữa chua, nhưng sự kết hợp đặc trưng giữa các thành phần ngọt, giòn và kem mang lại sự kết hợp cân bằng giữa chất béo lành mạnh từ các loại hạt và chất dinh dưỡng tươi từ trái cây và rau quả.",95
26508f38-7b75-5bcb-b3bc-bc51e66ac127,,,Đậu nành hạt già (Mature Soybeans),INGREDIENT,446.0,36.5,19.9,30.2,15.1,7.33,2.0,d955f552-54bb-4357-b9be-a0269615a707,,,"Đậu nành trưởng thành là loại đậu giàu protein được thu hoạch ở độ chín hoàn toàn và sấy khô để bảo quản lâu dài. Những hạt đậu màu be cứng này cung cấp tất cả chín axit amin thiết yếu, khiến chúng trở thành một trong số ít protein thực vật hoàn chỉnh, có hàm lượng protein và chất xơ cao hơn đáng kể so với hầu hết các loại đậu khác. Mặc dù cần ngâm và nấu lâu để mềm, nhưng chúng vẫn tạo thành nền tảng cho các sản phẩm đậu nành như đậu phụ và tempeh, mặc dù hàm lượng axit phytic của chúng cần được chuẩn bị thích hợp để tối đa hóa khả năng hấp thụ chất dinh dưỡng.",75
94afe788-3bf6-5b0f-8f60-94f30e95d3b4,,,Bánh Pie nấm (Mushroom Pie),DISH,230.0,5.7,12.0,26.3,2.0,4.0,350.0,d955f552-54bb-4357-b9be-a0269615a707,,,"Bánh nấm là một món nướng thơm ngon có lớp vỏ bánh xốp chứa đầy nấm dày dặn, thường được tăng cường với hành, rau thơm hoặc kem. Các loại nấm (thường là cremini, nấm nút hoặc các loại nấm hoang dã) cung cấp hương vị umami đất và kết cấu thịt, đồng thời cung cấp chất xơ và vi chất dinh dưỡng như selen. Mặc dù được cân bằng về mặt dinh dưỡng nhờ mật độ calo thấp của nấm, lớp vỏ bơ bổ sung đáng kể carbohydrate và chất béo, khiến nhận thức về khẩu phần ăn trở thành chìa khóa để theo dõi chế độ ăn uống.",95
c7152f63-2d45-5b0a-83ca-51d9131a7032,,,Salad thịt nguội (Ham Salad),DISH,216.0,8.68,15.5,10.6,0.0,0.0,1080.0,d955f552-54bb-4357-b9be-a0269615a707,,,"Salad giăm bông là một món ăn được chế biến ướp lạnh kết hợp giăm bông nấu chín thái nhỏ với sốt mayonnaise hoặc nước sốt salad, thường được tạo điểm nhấn bằng cần tây, dưa chua hoặc hành tây. Mặc dù cung cấp lượng protein đáng kể từ thịt giăm bông, nhưng nó thường chứa hàm lượng natri cao do thành phần thịt đã qua chế biến và gia vị bổ sung. Món phết thơm ngon này khác biệt với món salad gà hoặc cá ngừ thông qua hương vị thịt lợn khói và thường được dùng làm nhân bánh sandwich, phủ bánh quy giòn hoặc món ăn kèm khi đi dã ngoại.",80
d167d6c4-4a90-51db-b758-639b88e850e1,,,Vỏ bánh Gordita vị cà chua (Tomato Gordita Shell),DISH,299.0,4.1,16.0,36.2,2.7,4.0,326.0,d955f552-54bb-4357-b9be-a0269615a707,,,"Vỏ gordita cà chua là một loại bánh mì dẹt dày kiểu Mexico được làm từ bột mì và cà chua, tạo nên màu đỏ cam đặc trưng. Lớp vỏ thịnh soạn này dày hơn và chắc chắn hơn đáng kể so với bánh tortilla tiêu chuẩn, với kết cấu mềm nhưng chắc chắn được thiết kế để chứa nhiều nhân. Việc bổ sung cà chua mang lại cả màu sắc và hương vị thơm ngon tinh tế bổ sung cho các loại nhân truyền thống của Mexico.",95
ae1af0e3-c400-514f-aedd-d4cf0f268741,,,"Đậu nành đen đóng hộp ráo nước (Black Soybeans, Canned and Drained)",DISH,92.0,8.5,4.6,6.2,5.4,0.8,23.0,d955f552-54bb-4357-b9be-a0269615a707,,,"Đậu nành đen là loại đậu có hàm lượng carb thấp được đánh giá cao nhờ hàm lượng protein và chất xơ cao so với đậu truyền thống. Khi đóng hộp và để ráo nước, những hạt đậu nành trưởng thành này vẫn giữ được kết cấu chắc chắn và hương vị nhẹ nhàng, hấp dẫn đồng thời giảm mức natri từ chất lỏng đóng hộp. Thành phần dinh dưỡng đa lượng đặc biệt của chúng - thường dưới 1g tinh bột mỗi khẩu phần - khiến chúng trở thành món ăn chủ yếu trong chế độ ăn ketogen, hoạt động như một chất thay thế linh hoạt cho các loại đậu chứa nhiều tinh bột trong súp, salad và ớt.",75
45c422b8-a1a6-5b25-a0c6-8ae6461dd28b,,,Súp lơ tím (Purple Cauliflower),INGREDIENT,25.0,1.92,0.28,4.97,2.0,2.0,30.0,d955f552-54bb-4357-b9be-a0269615a707,,,"Súp lơ tím là một loại rau thuộc họ cải có màu tím rực rỡ, có nguồn gốc từ anthocyanin giàu chất chống oxy hóa có tự nhiên trong hoa của nó. Giống như đối tác màu trắng của nó, nó cung cấp hương vị nhẹ, hơi hạt và vẫn ít calo trong khi cung cấp chất xơ, vitamin C và glucosinolates có liên quan đến lợi ích chống viêm. Màu sắc nổi bật càng đậm khi nấu với các nguyên liệu có tính axit, khiến nó trở thành lựa chọn giàu chất dinh dưỡng, tăng thêm sức hấp dẫn thị giác cho các đĩa sống, món nướng hoặc các món hấp.",75
6a7d27e0-f9b0-5f30-a93b-5bb90cbbf3b2,,,Bánh Pie tỏi tây và khoai tây (Leek and Potato Pie),DISH,268.0,6.1,18.8,25.0,2.5,1.5,350.0,d955f552-54bb-4357-b9be-a0269615a707,,,"Bánh tỏi tây và khoai tây là một món nướng thơm ngon gồm những lát tỏi tây và khoai tây mềm được xếp trong lớp vỏ bánh ngọt bơ, thường được kết hợp với kem hoặc phô mai. Bữa ăn chay thịnh soạn này cung cấp carbohydrate phức tạp từ khoai tây và chất xơ từ tỏi tây, cũng đóng góp vitamin A và K. Nhân bánh có kết cấu kem trong khi nướng, tương phản với lớp vỏ xốp, trong khi các biến thể có thể kết hợp các loại thảo mộc như húng tây hoặc nhục đậu khấu để tăng thêm hương vị.",95
0efd8d4c-365a-57ef-bcac-97f15fa737a9,,,Hành củ nhỏ Cipollini (Cipollini Onions),INGREDIENT,44.0,1.0,0.0,10.0,1.0,4.5,4.0,d955f552-54bb-4357-b9be-a0269615a707,,,"Hành Cipollini (có nghĩa là 'củ hành nhỏ' trong tiếng Ý) là loại hành nhỏ, hình dẹt, nổi tiếng với hương vị đặc biệt ngọt ngào. Những loại hành đặc biệt này chứa hàm lượng đường tự nhiên cao hơn hành thông thường, khiến chúng đặc biệt thích hợp để làm caramen, rang nguyên củ hoặc tráng men. Hình dạng giống như chiếc đĩa đặc biệt của chúng, đường kính thường từ 1-2 inch và kết cấu mềm khi nấu chín đã khiến chúng trở thành một thành phần được đánh giá cao trong cả ẩm thực truyền thống của Ý và ẩm thực hiện đại.",95
50438606-552f-5b34-b49c-a80afbf89766,,,Cà tím sấy khô (Dried Eggplant),INGREDIENT,248.0,10.9,0.51,24.5,7.0,12.4,710.0,d955f552-54bb-4357-b9be-a0269615a707,,,"Cà tím khô là một loại rau được bảo quản ổn định khi bảo quản bằng cách khử nước cà tím thái lát hoặc cắt khối, tập trung hương vị đất nhẹ và kết cấu thịt. Khi được bù nước, những miếng da sẽ lấy lại độ mềm, hơi dai, lý tưởng để hấp thụ hương vị trong các món hầm, súp và các món ăn Địa Trung Hải như món caponata của Ý. Dạng nhẹ này giữ lại hầu hết chất xơ và chất chống oxy hóa của rau tươi đồng thời mang lại khả năng bảo quản lâu dài.",75
27b22896-7523-54ed-8016-8f929c15f3df,,,Súp lơ ngâm giấm (Pickled Cauliflower),DISH,100.0,0.4,2.0,1.0,1.0,0.0,310.0,d955f552-54bb-4357-b9be-a0269615a707,,,"Súp lơ ngâm là một sản phẩm rau bảo quản được làm bằng cách lên men hoặc ngâm những bông súp lơ tươi trong dung dịch giấm với gia vị. Quá trình ngâm chua làm biến đổi kết cấu của rau sống trở nên giòn dễ chịu trong khi vẫn duy trì được các lợi ích dinh dưỡng, đặc biệt là hàm lượng vitamin C cao. Loại gia vị ít calo này thường có tỏi, thì là và hạt tiêu trong nước muối, mang đến sự bổ sung thơm ngon, linh hoạt cho đĩa antipasto, salad và khay thưởng thức.",75
1b5c04e5-ddca-5b4e-98dc-8988a64f7eee,,,Bánh Tart hạnh nhân (Almond Tart),DISH,445.0,7.5,26.0,48.0,2.5,21.0,250.0,d955f552-54bb-4357-b9be-a0269615a707,,,"Bánh tart hạnh nhân là một loại bánh ngọt truyền thống của Pháp có lớp vỏ giòn giòn chứa đầy frangipane hạnh nhân ngọt. Món tráng miệng này kết hợp phần đế bánh ngọt bơ với kem hạnh nhân đậm đặc, ẩm làm từ hạnh nhân xay, đường và trứng, cung cấp nguồn chất béo không bão hòa đơn phong phú và protein từ thực vật. Mặc dù giàu dinh dưỡng nhờ hàm lượng hạnh nhân, nhưng nó vẫn là một lựa chọn có hàm lượng calo cao do chứa nhiều đường và thành phần bơ, thường được phục vụ trong các tiệm bánh ngọt hoặc dùng kèm trong trà chiều.",75
1d76d119-77d1-58b5-811a-5f62950e7de9,,,"Nấm Porcini sấy khô (Porcini Mushrooms, Dried)",INGREDIENT,350.0,32.0,0.0,55.0,18.0,2.0,10.0,d955f552-54bb-4357-b9be-a0269615a707,,,"Nấm porcini khô là một dạng mất nước của nấm Boletus edulis được đánh giá cao, nổi tiếng với hương vị đất đậm đặc và kết cấu thịt. Quá trình sấy khô giúp tăng cường vị ngon đậm đà của chúng, khiến chúng trở thành món ăn chủ yếu trong ẩm thực Châu Âu để làm phong phú thêm các món súp, risottos và nước sốt. Những loại nấm này lấy lại độ dai khi được bù nước và cung cấp chất xơ cùng với các khoáng chất như kali và selen, trong khi vẫn có lượng calo và chất béo thấp tự nhiên.",95
30a22ec7-0e59-5ecf-abd9-265857a46868,,,Salad hạt Farro (Farro Salad),DISH,280.0,9.0,7.0,45.0,5.0,3.0,330.0,d955f552-54bb-4357-b9be-a0269615a707,,,"Salad Farro là một món ăn giàu chất dinh dưỡng được làm từ farro nấu chín, một loại hạt lúa mì cổ xưa được biết đến với kết cấu dai và hương vị hấp dẫn. Món salad thịnh soạn này thường kết hợp ngũ cốc nguyên hạt với rau tươi, thảo mộc và thường là các loại hạt hoặc đậu, tạo ra một bữa ăn cân bằng giàu chất xơ, protein từ thực vật và carbohydrate phức tạp. Mặc dù không chứa gluten nhưng nó cung cấp thành phần dinh dưỡng phong phú hơn so với các món salad ngũ cốc tinh chế và thích hợp tốt với cả chế phẩm nguội và ấm như món ăn chính hoặc món ăn phụ.",95
5c835693-5a9b-583e-8317-499d23a5a32e,,,Nấm kim针 / Nấm Enoki (Enoki Mushrooms),INGREDIENT,44.0,2.55,0.29,7.88,2.7,0.22,3.0,d955f552-54bb-4357-b9be-a0269615a707,,,"Nấm Enoki là loại nấm mỏng manh, màu nhạt được nhận biết bởi thân dài, thon và những chiếc mũ nhỏ màu trắng mọc thành từng chùm. Là một món ăn chủ yếu trong ẩm thực Đông Á, những loại nấm này có hương vị nhẹ, hơi trái cây và kết cấu giòn khi còn sống, mềm khi cắn trong thời gian ngắn trong súp, món xào hoặc lẩu. Ít calo nhưng giàu chất xơ và chất chống oxy hóa như ergothioneine, chúng có giá trị trong chế độ ăn dựa trên thực vật và có liên quan đến các đặc tính hỗ trợ miễn dịch.",95
97715885-94eb-54e6-aaad-59344b0b33b8,,,"Nấm Maitake sấy khô (Maitake Mushrooms, Dried)",INGREDIENT,393.0,28.0,5.09,58.8,37.3,5.0,17.1,d955f552-54bb-4357-b9be-a0269615a707,,,"Nấm maitake khô, còn được gọi là nấm gà mái, là những cụm nấm mất nước có viền diềm được tìm thấy tự nhiên trên cây sồi. Quá trình sấy khô làm tăng hương vị đất, giàu vị umami của chúng trong khi vẫn bảo quản được beta-glucans hỗ trợ miễn dịch và các vitamin B thiết yếu. Khi được bù nước, chúng lấy lại kết cấu thịt lý tưởng cho các món nước dùng, món xào và các món ăn có nguồn gốc thực vật, cung cấp nguồn chất xơ đậm đặc với lượng calo tối thiểu. Hương vị mạnh mẽ và mật độ dinh dưỡng của chúng khiến chúng trở thành một thành phần được đánh giá cao trong cả ẩm thực truyền thống Nhật Bản và cách nấu chay hiện đại.",95
97b6a21c-d86b-5fcb-8722-f6cb6e5056d0,,,Ngồng tỏi / Ngọn tỏi (Garlic Scapes),INGREDIENT,150.0,6.6,0.7,29.3,2.5,4.0,16.0,d955f552-54bb-4357-b9be-a0269615a707,,,"Vảy tỏi là những cuống hoa xoăn mọc từ những cây tỏi cổ cứng, thường nở vào cuối mùa xuân và đầu mùa hè. Những chồi xanh rực rỡ này mang lại hương vị tỏi nhẹ hơn, ngọt hơn so với củ tỏi, khiến chúng trở nên linh hoạt trong các ứng dụng ẩm thực. Chúng có thể được nướng, xào, ngâm hoặc trộn vào pesto, cung cấp nguồn vitamin và chất chống oxy hóa.",95
0f6dcd8f-0347-5649-bf46-9a679fdbf385,,,"Vỏ bánh Gordita vị rau bina (Gordita Shell, Spinach)",INGREDIENT,287.0,5.5,11.5,40.3,2.5,1.5,400.0,d955f552-54bb-4357-b9be-a0269615a707,,,"Vỏ gordita với rau bina là một đĩa masa ngô dày kiểu Mexico, kết hợp rau bina thái nhỏ vào bột trước khi nấu. Biến thể này trên vỏ gordita truyền thống có màu xanh lá cây tinh tế và hương vị rau nhẹ trong khi vẫn duy trì kết cấu chắc chắn nhưng mềm đặc trưng lý tưởng để nhồi. Việc bổ sung rau bina mang lại những lợi ích dinh dưỡng nhỏ trong khi chủ yếu đóng vai trò tăng cường hương vị và hình ảnh cho vỏ làm từ ngô.",95
b2746800-171f-5988-bf27-4343a6422aaf,,,Cà rốt xay nhuyễn (Carrot Paste),DISH,35.0,0.8,0.1,8.2,2.5,4.5,69.0,d955f552-54bb-4357-b9be-a0269615a707,,,"Bột cà rốt là dạng mịn, cô đặc của cà rốt nấu chín đã được xay nhuyễn đến độ sệt có thể phết được. Sản phẩm rau chế biến này giữ lại phần lớn beta-carotene và các chất dinh dưỡng khác có trong cà rốt nguyên quả, đồng thời mang lại tính linh hoạt và khả năng tiêu hóa nâng cao. Bột nhão thường được sử dụng làm chất làm ngọt tự nhiên trong làm bánh, chất bổ sung đậm đặc chất dinh dưỡng cho thức ăn trẻ em hoặc làm nguyên liệu nấu ăn tiện lợi cho các món súp và nước sốt.",95
ec557056-ebb0-5e2c-b2a9-73de806c8899,,,"Đậu đỏ Adzuki khô (Adzuki Beans, Dry)",INGREDIENT,333.0,20.8,0.5,64.6,12.5,2.0,5.0,d955f552-54bb-4357-b9be-a0269615a707,,,"Đậu Adzuki là loại đậu nhỏ, màu nâu đỏ thường được sử dụng trong ẩm thực Đông Á. Những loại đậu này được đánh giá cao vì hương vị hơi ngọt, bùi và kết cấu mịn khi nấu chín. Chúng là nguồn cung cấp protein, chất xơ và các khoáng chất khác nhau từ thực vật, khiến chúng trở thành nguồn bổ sung dinh dưỡng cho các món súp, món hầm và món tráng miệng. Trước khi nấu, đậu adzuki khô cần được ngâm để giảm thời gian nấu và cải thiện khả năng tiêu hóa.",75
22f282bb-259d-53a7-8218-fe865bf98b67,,,Nấm nhồi phô mai nướng (Stuffed Mushrooms),DISH,275.72,12.35,22.63,5.35,0.62,0.82,559.67,d955f552-54bb-4357-b9be-a0269615a707,,,"Nấm nhồi là món khai vị đậm đà của nhà hàng bít tết với mũ nấm chứa đầy hỗn hợp phô mai cheddar trắng, vụn bánh mì và gia vị. Những loại nấm này thường được nướng cho đến khi có màu nâu vàng, tạo ra lớp nhân kem béo ngậy, phô mai và bên ngoài nấm mềm. Mặc dù cung cấp một nguồn protein tốt, món ăn hấp dẫn này lại có lượng calo, chất béo bão hòa và natri cao đáng kể do được chế biến từ phô mai.",95
a6b30f5b-9772-5011-bcb6-d9e51761a2d4,,,Bánh Pie hạnh nhân (Almond Pie),DISH,445.0,7.0,25.0,51.0,3.0,24.0,250.0,d955f552-54bb-4357-b9be-a0269615a707,,,"Bánh hạnh nhân là một món tráng miệng đậm đà có nhân ngọt được làm chủ yếu từ hạnh nhân xay, trứng, bơ và đường, thường được nướng trong vỏ bánh ngọt. Nhân bánh có kết cấu đặc, ẩm tương tự như frangipane, với hương vị hạt dẻ đặc biệt và hơi dai. Mặc dù có hàm lượng calo cao do có các loại hạt và đường, nhưng chiếc bánh này vẫn cung cấp protein có lợi, chất béo lành mạnh và vitamin E từ hạt hạnh nhân.",75
59d08126-6f23-52e1-8299-39b143bd1d0d,,,Bột ăn dặm rau củ hỗn hợp (Mixed Vegetable Baby Food),DISH,41.0,1.4,0.15,9.0,1.2,2.7,29.0,d955f552-54bb-4357-b9be-a0269615a707,,,"Thức ăn hỗn hợp rau củ dành cho bé là hỗn hợp mịn, xay nhuyễn của các loại rau nấu chín được chế biến đặc biệt dành cho trẻ sơ sinh bắt đầu ăn dặm. Chế phẩm thương mại này thường kết hợp một số loại rau như cà rốt, đậu Hà Lan và đậu xanh đã được nấu chín kỹ và lọc để loại bỏ các khối và đảm bảo tiêu dùng an toàn. Sản phẩm được thiết kế để cung cấp các chất dinh dưỡng thiết yếu trong khi vẫn duy trì độ đặc thích hợp cho giai đoạn ăn đầu tiên, với lượng muối hoặc gia vị tối thiểu hoặc không thêm vào.",95
f22c221c-e5f9-580c-b220-d2ae67ef9293,,,Bột ăn dặm cà rốt (Carrot Baby Food),DISH,26.0,0.8,0.18,6.0,1.8,3.1,48.0,d955f552-54bb-4357-b9be-a0269615a707,,,"Thức ăn trẻ em cà rốt là thức ăn xay nhuyễn mịn được làm từ cà rốt nấu chín được chế biến đặc biệt dành cho trẻ sơ sinh. Thực phẩm giới thiệu này cung cấp nguồn beta-carotene phong phú, chuyển hóa thành vitamin A cần thiết để phát triển thị lực và chức năng miễn dịch. Chế phẩm hấp hoặc luộc nhẹ nhàng sẽ giữ được vị ngọt tự nhiên đồng thời tạo ra kết cấu dễ tiêu hóa, lý tưởng để chuyển sang thức ăn đặc, thường không chứa thêm đường, muối hoặc chất bảo quản.",95
2ff8f6e2-01ad-5ffc-aadc-9252a6cf19af,,,"Đậu Lupini đóng hộp ráo nước (Lupini Beans, Canned and Drained)",DISH,120.0,16.0,3.5,10.0,8.0,2.0,1200.0,d955f552-54bb-4357-b9be-a0269615a707,,,"Đậu lupini đóng hộp và để ráo nước là những loại đậu đã được ngâm nước muối và bảo quản, mang đến một cách thuận tiện để thưởng thức món ăn Địa Trung Hải này. Chúng có kết cấu chắc và hương vị hơi đắng, bùi thường được làm dịu đi trong quá trình đóng hộp. Đậu Lupini là một nguồn cung cấp protein và chất xơ có nguồn gốc thực vật dồi dào, khiến chúng trở thành nguồn bổ sung dinh dưỡng cho món salad, đồ ăn nhẹ hoặc đĩa khai vị; tuy nhiên, những người bị dị ứng với đậu phộng nên thận trọng vì có thể xảy ra phản ứng chéo.",75
94f7336f-30cb-5ada-8f97-abecdb182abc,,,"Nấm Cremini sấy khô (Cremini Mushrooms, Dried)",INGREDIENT,350.0,23.0,1.5,65.0,11.0,2.0,15.0,d955f552-54bb-4357-b9be-a0269615a707,,,"Nấm cremini khô là dạng mất nước của một loại nấm nâu trưởng thành, mang lại hương vị umami thơm ngon đậm đà so với nấm tươi. Những loại nấm này — phát triển hơn nấm nút trắng nhưng trẻ hơn nấm portobellos — giữ được protein và chất xơ đậm đặc khi sấy khô, đồng thời kết cấu dai của chúng sẽ phục hồi khi ngâm trong nước ấm. Tinh chất đất đậm đà của chúng giúp tăng cường nước hầm, các món ngũ cốc và các công thức nấu ăn từ thực vật, mang lại độ đậm đà cho thịt mà không cần thêm chất béo hoặc natri.",95
a1aec19e-1137-5d60-b4ee-64cd661063c9,,,"Đậu Lupini khô (Lupini Beans, Dry)",INGREDIENT,371.0,36.0,9.7,40.0,19.0,1.0,10.0,d955f552-54bb-4357-b9be-a0269615a707,,,"Đậu lupini khô là loại đậu cần ngâm và nấu để loại bỏ các alkaloid đắng trước khi tiêu thụ. Những loại đậu này là nguồn cung cấp protein và chất xơ có nguồn gốc thực vật dồi dào và thường được thưởng thức như một món ăn nhẹ hoặc món khai vị ở các nước Địa Trung Hải. Do hàm lượng protein cao, đậu lupini có thể là một thực phẩm bổ sung có giá trị cho chế độ ăn chay và thuần chay, nhưng những người bị dị ứng với đậu phộng nên thận trọng vì có thể xảy ra phản ứng chéo.",75
94b1e74e-a2d7-52c8-8b93-1779d212445c,,,Bột ăn dặm bí bơ (Butternut Squash Baby Food),DISH,26.0,0.81,0.08,5.7,1.0,3.34,4.0,d955f552-54bb-4357-b9be-a0269615a707,,,"Thức ăn trẻ em bí ngô là một loại thức ăn nghiền mịn, nấu chín được làm từ bí mùa đông hấp hoặc rang, được chế biến đặc biệt dành cho trẻ sơ sinh. Chế phẩm có vị ngọt tự nhiên này cung cấp hàm lượng vitamin A và vitamin C cao, cần thiết cho sự phát triển ban đầu, đồng thời kết cấu kem và hương vị nhẹ khiến nó trở thành thực phẩm đầu tiên phổ biến để làm quen với chất rắn. Khả năng gây dị ứng thấp và khả năng tiêu hóa dễ dàng của bí đao phục vụ cho hệ tiêu hóa đang phát triển nhạy cảm.",75
71ac7374-776f-5d11-9560-957d51f2c59c,,,Nấm xơ đốm / Chanterelle (Chanterelle Mushrooms),INGREDIENT,35.0,1.49,0.53,6.86,3.8,1.16,9.0,d955f552-54bb-4357-b9be-a0269615a707,,,"Chanterelles là loại nấm hoang dã được đánh giá cao nhờ màu vàng vàng đặc biệt và hình dạng giống như phễu với những đường gờ giống như mang chạy dọc thân. Những loại nấm mỏng manh này rất giàu vitamin D, kali và chất chống oxy hóa trong khi lại có lượng calo thấp tự nhiên. Nấm mồng tơi tươi có mùi thơm trái cây gợi nhớ đến quả mơ và vị cay tinh tế, khiến chúng trở thành nguyên liệu được ưa chuộng trong các món ăn châu Âu và ẩm thực cao cấp, nơi chúng thường được áp chảo để giữ được kết cấu và hương vị độc đáo.",95
87b5b34a-a4da-5b45-92e5-ade01736575d,,,Rau bina Okinawa (Okinawan Spinach),INGREDIENT,19.0,1.8,0.3,3.4,2.2,1.2,24.0,d955f552-54bb-4357-b9be-a0269615a707,,,"Rau bina Okinawa, còn được gọi là Handama hoặc Crassocephalum crepidioides, là một loại rau lá xanh có nguồn gốc từ Đông Á, bao gồm Okinawa, Nhật Bản. Giống rau bina này được biết đến với những chiếc lá màu xanh lá cây rực rỡ với mặt dưới màu tím và hương vị nhẹ, hơi ngọt. Nó thường được sử dụng trong các món xào, súp và salad, cung cấp nguồn vitamin, khoáng chất và chất chống oxy hóa dồi dào, đồng thời nó cũng được đánh giá cao vì khả năng phát triển mạnh ở vùng khí hậu ấm áp.",95
8eba9e79-8a2b-54db-a705-eb9000b33a4a,,,Quả vani / Đậu vani (Vanilla Beans),INGREDIENT,288.0,0.06,0.06,71.81,59.16,12.65,5.0,d955f552-54bb-4357-b9be-a0269615a707,,,"Đậu vani là vỏ hạt khô, được xử lý của một loài lan nhiệt đới, được đánh giá cao vì độ thơm phức tạp và hàm lượng vanillin tự nhiên. Quá trình xử lý tốn nhiều công sức chuyển đổi glucovanillin của chúng thành hương vị vani đặc trưng, ​​​​tạo ra vỏ quả đậm đặc vượt xa chiết xuất nhân tạo về độ sâu và sắc thái. Khi tách ra, những hạt nhỏ và bên trong vỏ thơm sẽ ngấm kem, đường và chất lỏng với hương vị đậm đà, khiến chúng trở thành tiêu chuẩn vàng cho các món tráng miệng thủ công và làm bánh chuyên nghiệp.",75
59263959-959d-53b8-9c49-2a6bf5d497bf,,,Nấm đầu khỉ / Nấm bờm sư tử (Lion's Mane Mushrooms),INGREDIENT,42.7,2.5,0.26,7.59,4.38,1.0,0.34,d955f552-54bb-4357-b9be-a0269615a707,,,"Nấm bờm sư tử là một loại nấm dược liệu được nhận biết bởi các gai màu trắng xếp tầng đặc biệt giống như bờm sư tử hoặc quả pom-pom. Các mẫu tươi có kết cấu mềm, giống hải sản thường được so sánh với cua hoặc tôm hùm, khiến chúng trở nên phổ biến trong các món ăn chay. Chúng chứa các hợp chất độc đáo gọi là hericenones và erinacines, được nghiên cứu về lợi ích nhận thức tiềm năng, đồng thời cung cấp nhiều protein hơn các loại nấm thông thường và có lượng calo thấp tự nhiên.",95
94d6a2f7-0446-5161-b579-b6eff0952611,,,Bột ăn dặm cà rốt và đậu Hà Lan (Carrot and Pea Baby Food),DISH,38.0,2.89,0.26,8.17,2.6,3.51,6.0,d955f552-54bb-4357-b9be-a0269615a707,,,"Thức ăn trẻ em cà rốt và đậu là hỗn hợp nấu chín, xay nhuyễn của hai loại rau giàu dinh dưỡng được thiết kế cho trẻ sơ sinh ăn. Sự kết hợp kết hợp cà rốt giàu beta-carotene với đậu Hà Lan, cung cấp protein và chất xơ có nguồn gốc thực vật, tạo ra sự giới thiệu cân bằng về thực phẩm rắn. Được hấp để bảo quản vitamin và trộn thành hỗn hợp mịn, dễ tiêu hóa, hỗn hợp không gây dị ứng này thường không thêm đường, muối và các thành phần nhân tạo để đáp ứng nhu cầu ăn kiêng của trẻ sơ sinh.",95
27064035-4294-5a97-8e45-a0bef9811cde,,,Bánh Pie bí bơ (Butternut Squash Pie),DISH,320.0,5.0,14.0,42.0,2.0,22.0,180.0,d955f552-54bb-4357-b9be-a0269615a707,,,"Bánh bí ngô là một món tráng miệng có vị ngọt với thành phần chính là bí đỏ rang xay nhuyễn, trộn với các loại gia vị như quế, nhục đậu khấu và gừng. Trong khi phần đế bí đao cung cấp beta-carotene, vitamin A và chất xơ, thì món ăn này lại lấy phần lớn lượng calo từ đường bổ sung và vỏ bánh ngọt truyền thống. Chiếc bánh lấy cảm hứng từ mùa thu này có kết cấu đặc hơn một chút và vị ngọt của đất hơn so với bánh bí ngô, với vị bùi bùi tự nhiên của bí được tăng cường nhờ quá trình caramen hóa trong quá trình rang.",75
1900d634-215e-59b8-ae6f-f4b8a4f175cf,,,Màu thực phẩm xanh tự nhiên từ chiết xuất rau bina (Natural Green Food Coloring (Spinach Extract)),INGREDIENT,256.0,5.2,0.2,58.3,10.0,3.0,189.0,d955f552-54bb-4357-b9be-a0269615a707,,,"Màu thực phẩm xanh tự nhiên có nguồn gốc từ chiết xuất rau bina là một chất thay thế có nguồn gốc thực vật cho thuốc nhuộm nhân tạo, được tạo ra bằng cách cô đặc các sắc tố giàu chất diệp lục từ lá rau bina thông qua quá trình xử lý bằng nước. Màu này mang lại màu xanh lá cây rực rỡ mà không cần chất phụ gia tổng hợp, mặc dù nó có thể phai màu một chút khi tiếp xúc với nhiệt độ cao. Đặc điểm hương vị trung tính và khả năng tương thích với chế độ ăn thuần chay, không chứa gluten và không có chất gây dị ứng khiến nó trở nên lý tưởng để pha màu cho các món nướng, sinh tố và kem phủ bánh trong khi vẫn duy trì các tiêu chuẩn nhãn sạch.",95
697f9934-eb7b-57b7-a0be-cf9243c2a099,,,"Nấm bụng dê / Morel sấy khô (Morel Mushrooms, Dried)",INGREDIENT,305.0,30.0,1.0,45.0,15.0,5.0,15.0,d955f552-54bb-4357-b9be-a0269615a707,,,"Nấm morel khô là loại nấm hoang dã cao cấp được đánh giá cao nhờ kết cấu giống như tổ ong đặc biệt và hương vị đậm đà của đất. Những loại nấm này phải được bù nước trước khi sử dụng, thường bằng cách ngâm trong nước ấm trong 20-30 phút, điều này sẽ tạo ra nước dùng có hương vị như một thành phần bổ sung. Morels rất giàu chất chống oxy hóa, vitamin D và khoáng chất một cách tự nhiên, mang lại lợi ích dinh dưỡng đậm đặc ở dạng khô đồng thời mang lại hương vị morel được yêu thích ngoài mùa trồng trọt mùa xuân ngắn ngủi của chúng.",95
85ce4a1f-24dd-5f89-959f-72975bbfe2ec,,,Salad chả đậu Falafel (Falafel Salad),DISH,114.29,4.29,5.14,12.86,2.29,1.71,228.57,d955f552-54bb-4357-b9be-a0269615a707,,,"Salad Falafel là một món ăn lấy cảm hứng từ Địa Trung Hải với những miếng đậu xanh chiên giòn, ăn kèm với các loại rau và rau xanh tươi trộn. Cách chế biến theo phong cách nhà hàng này thường bao gồm dưa chuột, cà chua và hành tím, sốt tahini hoặc tzatziki và thường đi kèm với bánh mì pita. Trong khi món falafel chiên bổ sung thêm calo, món ăn này cung cấp protein, chất xơ tuyệt vời từ thực vật và các chất dinh dưỡng thiết yếu như sắt và vitamin B, khiến nó trở thành một lựa chọn bữa ăn chay thỏa mãn.",95
c89e8134-18d2-5166-b824-d1d1cb039b26,,,Salad nhà làm kèm bánh quy Biscuit (Biscuit House Salad),DISH,158.54,5.61,15.37,10.73,1.22,1.46,407.32,d955f552-54bb-4357-b9be-a0269615a707,,,"Salad Biscuit House là món salad nhà hàng phong cách miền Nam thịnh soạn với sự kết hợp phong phú giữa gà nướng, giăm bông và pho mát trộn trên rau xanh tươi. Món salad thịnh soạn này thường bao gồm trứng luộc chín và cà chua tươi, ăn kèm với nước sốt kem trang trại. Với khoảng 650 calo mỗi khẩu phần, nó cung cấp một lựa chọn ăn uống giàu protein, tiêu biểu cho món ăn truyền thống của nhà hàng miền Nam.",95
8fb1f0b2-137a-53cf-80ca-30455070b277,,,Salad cải xoăn và hạt diêm mạch (Kale and Quinoa Salad),DISH,200.0,6.67,6.67,28.67,4.0,3.33,166.67,d955f552-54bb-4357-b9be-a0269615a707,,,"Món salad kết hợp California này kết hợp cải xoăn giàu dinh dưỡng và hạt quinoa giàu protein trong cách chế biến nhà hàng hiện đại. Món ăn này thường có rau tươi, các loại hạt và sản phẩm theo mùa được trộn với dầu giấm làm từ cam quýt, thường kết hợp ảnh hưởng của Địa Trung Hải và Mexico. Sự kết hợp tốt cho sức khỏe này cung cấp một nguồn protein, chất xơ và vitamin có nguồn gốc thực vật tuyệt vời, đồng thời thể hiện sự chú trọng của ẩm thực California vào các nguyên liệu tươi ngon có nguồn gốc địa phương.",95
ec87564d-62da-5b84-be3b-9146014bf3c3,,,Salad Cobb gà rán (Fried Chicken Cobb Salad),DISH,172.0,9.8,10.6,10.6,2.8,1.4,378.0,d955f552-54bb-4357-b9be-a0269615a707,,,"Salad Cobb gà rán là một biến thể theo phong cách miền Nam của món salad Cobb cổ điển, có thịt gà tẩm bột giòn bên trên một lớp rau trộn. Bữa ăn thịnh soạn này kết hợp các yếu tố truyền thống của Cobb như trứng luộc chín, thịt xông khói, phô mai xanh và bơ với gà rán kiểu miền Nam, thường được phục vụ kèm với nước sốt kem. Là một món salad món chính quan trọng, nó cung cấp hàm lượng protein đáng kể nhưng cũng cung cấp hàm lượng calo và natri cao nhờ các thành phần chiên và lớp phủ phong phú.",80
1f9572ec-2916-5407-b078-90489b5177be,,,Salad xà lách tảng / Wedge Salad (Wedge Salad),DISH,200.0,5.33,17.78,4.44,1.33,1.56,400.0,d955f552-54bb-4357-b9be-a0269615a707,,,"Món salad nêm là một món trình bày theo phong cách nhà hàng bít tết với một phần tư đầu rau xà lách giòn ăn kèm với sốt phô mai xanh kem và lớp phủ truyền thống. Món ăn chủ yếu của nhà hàng này thường bao gồm các miếng thịt xông khói giòn, cà chua thái hạt lựu và hành đỏ, tạo nên một món ăn phong phú có thể chứa 320-650 calo tùy thuộc vào khẩu phần và lớp phủ. Mặc dù đế tảng băng trôi có lượng calo thấp nhưng lượng nước sốt và thịt xông khói dồi dào khiến món này trở thành một lựa chọn salad hấp dẫn hơn.",95
3a9cd372-33f7-599e-a00d-494b57272f1f,,,Bánh Soufflé rau bina (Spinach Soufflé),DISH,172.0,7.89,13.0,5.9,1.0,1.85,566.0,d955f552-54bb-4357-b9be-a0269615a707,,,"Soufflé rau bina là một món nướng cổ điển của Pháp kết hợp rau bina xay nhuyễn với phần đế trứng nhẹ, thoáng. Món ăn này có độ nổi đặc trưng từ lòng trắng trứng đánh bông cứng, tạo ra kết cấu tinh tế tương phản với hương vị đất, thực vật của rau bina. Mặc dù giàu protein từ trứng và các chất dinh dưỡng như sắt và folate từ rau xanh, các công thức nấu ăn truyền thống thường bao gồm phô mai hoặc bơ, góp phần tạo nên đặc tính hấp dẫn của món ăn. Những chiếc bánh soufflé được chế biến đúng cách sẽ cân bằng độ đậm đà của vị mặn với độ đặc như đám mây, đòi hỏi phải nướng cẩn thận để duy trì tính nguyên vẹn của cấu trúc.",95
2191d9a8-c4d8-5f87-a255-d16d0c2a6d04,,,Salad hỗn hợp kiểu Argentina / Ensalada Mixta (Ensalada Mixta),DISH,17.62,0.88,0.88,2.2,1.32,0.88,44.05,d955f552-54bb-4357-b9be-a0269615a707,,,"Ensalada Mixta là món salad truyền thống của Argentina được đặc trưng bởi sự đơn giản trang nhã và nguyên liệu tươi ngon. Món ăn nhẹ này thường kết hợp rau xanh trộn giòn và cà chua chín, trộn đơn giản với dầu ô liu và giấm rượu vang đỏ. Thường được phục vụ cùng với các loại thịt nướng trong các nhà hàng Argentina, món salad sảng khoái này mang đến sự tương phản sạch sẽ, làm sạch vòm miệng với các món asado đậm đà.",95
632cf25c-9814-5c7f-b574-28425d29c54a,,,Khoai tây nướng phủ phô mai thịt xông khói (Loaded Baked Potato),DISH,208.57,7.43,12.29,17.14,2.0,1.43,391.43,d955f552-54bb-4357-b9be-a0269615a707,,,"Khoai tây nướng nạp từ nhà hàng BBQ là một món ăn kèm thịnh soạn bao gồm một củ khoai tây nướng lớn phủ thịt nướng (thường là thịt ức hoặc thịt lợn kéo), phô mai cheddar tan chảy, kem chua và hành lá. Chế phẩm thịnh soạn này thường chứa 600-900 calo mỗi khẩu phần và cung cấp lượng protein đáng kể từ lớp phủ thịt, mặc dù nó cũng có hàm lượng natri và chất béo cao đáng kể do các thành phần phô mai, kem chua và nước sốt BBQ.",95
0fd5b4cb-9be2-52e7-9fd4-29eb783f29f2,,,Salad Taco kèm đậu đen (Taco Salad with Black Beans),DISH,128.57,5.14,5.14,14.29,2.29,1.43,228.57,d955f552-54bb-4357-b9be-a0269615a707,,,"Salad Taco là một món ăn lấy cảm hứng từ Mexico kết hợp rau diếp tươi với đậu đen dày dạn, cà chua thái hạt lựu và phô mai cắt nhỏ, thường dùng kèm với các dải bánh tortilla giòn. Thanh salad yêu thích có thể tùy chỉnh này cung cấp lượng protein đáng kể từ đậu đen đồng thời mang đến sự kết hợp hài lòng giữa kết cấu và hương vị. Thành phần dinh dưỡng thay đổi đáng kể dựa trên lớp phủ được chọn, với các lựa chọn từ nhẹ và tươi đến các phiên bản hấp dẫn hơn với các chất bổ sung như kem chua và guacamole.",95
0c467e02-3223-52b3-a737-c3fec13f3d7a,,,Salad Taco kèm thịt bò băm (Taco Salad with Ground Beef),DISH,245.9,14.75,9.84,24.59,6.56,3.28,409.84,d955f552-54bb-4357-b9be-a0269615a707,,,"Salad Taco là một món ăn lấy cảm hứng từ Mexico với thịt bò xay dày dặn được phục vụ trên rau diếp giòn với lớp phủ taco truyền thống. Món salad thịnh soạn này thường bao gồm phô mai cắt nhỏ, cà chua thái hạt lựu và bánh tortilla nghiền nát, thường đi kèm với đậu đen hoặc đậu pinto để bổ sung protein và chất xơ. Khi phục vụ tại quầy salad, các phần và lớp phủ bên trên có thể được tùy chỉnh, với hàm lượng calo thường dao động từ 190-480 calo mỗi khẩu phần tùy thuộc vào nguyên liệu đã chọn.",80
c99dc938-7b21-5077-9924-da2fc08a0a19,,,Salad Antipasto kiểu Ý (Italian Antipasto Salad),DISH,112.8,7.2,7.2,4.8,1.2,1.6,420.0,d955f552-54bb-4357-b9be-a0269615a707,,,"Salad Antipasto Ý là món salad khai vị thịnh soạn bao gồm nhiều loại thịt Ý, pho mát và rau tươi ăn kèm với nước sốt Ý. Món ăn giàu protein này thường kết hợp xúc xích Ý, pepperoni và provolone với rau diếp giòn, cà chua, ô liu và ớt pepperoncini. Mặc dù cung cấp lượng protein đáng kể và các chất dinh dưỡng thiết yếu từ rau củ, nhưng chế phẩm kiểu nhà hàng này đặc biệt có hàm lượng natri và chất béo bão hòa cao do có thành phần thịt và pho mát đã được xử lý.",95
84ca94e7-0e57-5773-b618-75b0677c4366,,,Bánh mì kẹp cà tím đút lò phô mai (Eggplant Parmesan Sandwich),DISH,266.67,6.67,16.67,16.67,1.67,2.67,333.33,d955f552-54bb-4357-b9be-a0269615a707,,,"Bánh sandwich Parmesan cà tím kiểu Chicago là một loại bánh sandwich nóng hổi thịnh soạn với các lát cà tím tẩm bột và chiên được xếp lớp với nước sốt marinara và phô mai mozzarella tan chảy trên một chiếc bánh mì Ý giòn. Cách chuẩn bị nhà hàng này thường bao gồm nhiều lớp cà tím và một lớp phô mai Parmesan phủ rộng rãi, khiến nó trở thành một bữa ăn thịnh soạn. Sự kết hợp giữa bánh mì béo ngậy, phô mai tan chảy và sốt marinara thơm ngon tạo ra một chiếc bánh mì kẹp nhân có thể vượt quá 1.000 calo trong các phần ăn thông thường của nhà hàng.",75
8b46f74d-c32c-58f0-8cb3-f134a37917aa,,,Đậu hầm ngọt BBQ (Baked Beans),DISH,147.06,4.41,0.96,30.15,5.15,19.12,419.12,d955f552-54bb-4357-b9be-a0269615a707,,,"Đậu nướng BBQ là một món ăn kèm thịnh soạn gồm đậu hải quân được nấu chậm trong nước sốt đậm đà, ngọt và mặn đặc trưng của các nhà hàng thịt nướng ở Texas. Cách chế biến này thường bao gồm nước sốt làm từ cà chua được làm giàu với đường nâu, gia vị và thường có thêm thịt hun khói như miếng thịt ức hoặc thịt xông khói. Mặc dù chứa nhiều carbohydrate phức tạp và protein từ đậu, món ăn này đặc biệt ngọt ngào với lượng đường bổ sung đáng kể, khiến nó trở thành món ăn kèm với món nướng giàu calo.",75
814186d9-23b0-5525-a8bb-4c035cbe8753,,,Xíu mại nhân rau củ chay (Vegetable Siu Mai),DISH,126.67,9.33,8.0,5.33,1.33,0.67,266.67,d955f552-54bb-4357-b9be-a0269615a707,,,"Rau siu mai là một loại bánh bao hấp thường được phục vụ trong các nhà hàng dim sum như một món ăn chay thay thế cho món siu mai truyền thống làm từ thịt lợn. Những chiếc bánh bao này có lớp vỏ lúa mì mềm chứa đầy hỗn hợp thơm ngon của các nguyên liệu như nấm, đậu phụ và rau thái nhỏ, tất cả đều được tẩm ướp các hương liệu cổ điển của châu Á. Mặc dù cung cấp ít calo hơn so với các loại bánh bao có thịt nhưng những chiếc bánh bao này vẫn cung cấp hàm lượng protein đáng kể và thường được phục vụ theo khẩu phần 3-6 miếng với nước chấm tùy chọn.",95
62f2f636-9a83-5416-995a-56ce1824e021,,,Cánh gà chiên sốt bơ tỏi phô mai Parmesan (Garlic Parmesan Wings),INGREDIENT,440.0,24.0,34.0,8.0,0.4,1.2,480.0,d955f552-54bb-4357-b9be-a0269615a707,,,"Cánh Parmesan tỏi là cánh gà chiên giòn được phủ một lớp nước sốt đậm đà kết hợp bơ tỏi và phô mai parmesan bào. Cách chế biến theo phong cách nhà hàng này thường cung cấp một món ăn có hàm lượng calo cao với hàm lượng protein đáng kể, mặc dù giá trị dinh dưỡng chính xác khác nhau tùy theo cơ sở. Một nhà hàng tiêu chuẩn phục vụ, thường có 8-10 cánh, có hương vị mặn, không cay, giúp phân biệt với các loại cánh nóng truyền thống.",95
8c5b6f22-f720-5cd8-8f21-9dd09040baa0,,,Cháo kiều mạch Kasha nấu nấm (Kasha with Mushrooms),DISH,110.0,3.24,3.2,16.8,4.0,1.6,80.0,d955f552-54bb-4357-b9be-a0269615a707,,,"Kasha with Mushrooms là món ăn truyền thống của Ukraine bao gồm các loại kiều mạch nướng nấu với nấm xào và hành tây. Kiều mạch thường được chế biến để đạt được hương vị hấp dẫn và kết cấu mềm, sau đó kết hợp với nấm màu nâu vàng và thường kết thúc bằng các loại thảo mộc tươi. Món ăn thịnh soạn này cung cấp protein hoàn chỉnh và hàm lượng chất xơ đáng kể đồng thời không chứa gluten tự nhiên, khiến nó vừa bổ dưỡng vừa thỏa mãn khi dùng làm món chính hoặc món ăn phụ.",95
8d10beb9-8f05-5645-bd5d-4b77c73dab7c,,,Khoai tây nướng (Baked Potatoes),DISH,93.06,2.31,0.12,21.39,2.31,0.87,9.83,d955f552-54bb-4357-b9be-a0269615a707,,,"Khoai tây nướng theo kiểu tự chọn là khoai tây cỡ vừa được nấu với lớp vỏ giàu chất dinh dưỡng còn nguyên và thường được nêm nhẹ với muối. Những củ khoai tây đa năng này cung cấp một lượng đáng kể kali và vitamin C, với khoảng 160 calo và 37g carbohydrate mỗi khẩu phần trước khi phủ lên trên. Chúng thường được phục vụ nóng và sẵn sàng để tùy biến với nhiều lớp phủ khác nhau như bơ, kem chua hoặc pho mát có sẵn tại quầy buffet.",95
a9e03c66-6952-59d6-944c-c4f7d53d6413,,,Súp lơ nướng sốt phô mai (Cauliflower Cheese),DISH,223.7,7.41,19.26,7.04,1.11,2.22,222.22,d955f552-54bb-4357-b9be-a0269615a707,,,"Phô mai súp lơ là một món ăn cổ điển của Anh với những bông súp lơ nướng nướng trong nước sốt phô mai béo ngậy làm từ phô mai cheddar trưởng thành. Cách chế biến kiểu quán rượu này thường bao gồm nước sốt làm từ béchamel đậm đà và lớp phủ phô mai tan chảy bổ sung, tạo ra lớp vỏ màu nâu vàng khi nướng. Theo truyền thống được phục vụ như một món ăn phụ thịnh soạn hoặc món chính chay, chế phẩm hấp dẫn này có lượng calo và chất béo cao hơn đáng kể so với súp lơ chế biến đơn giản.",75
ff6cddbe-340d-5b2c-9cfb-3d111e323bd4,,,Bánh Crepe nhân cà ri rau củ (Vegetable Curry Crepe),DISH,240.0,10.0,12.4,22.0,2.8,2.4,200.0,d955f552-54bb-4357-b9be-a0269615a707,,,"Bánh crepe cà ri rau củ là một món ăn kết hợp bao gồm các loại rau cà ri thơm ngon kiểu Ấn Độ trong một lớp bánh crepe mỏng kiểu Pháp. Món ăn chay phong phú này thường có hỗn hợp các loại rau có gia vị cà ri như súp lơ, cà chua và hành tây trong nước sốt nước cốt dừa, tất cả được bọc trong một chiếc bánh crepe tinh tế. Sự kết hợp này mang lại một bữa ăn cân bằng, giàu protein và chất xơ, đặc biệt khi được làm bằng bột bánh crepe làm từ đậu lăng.",95
adb233fc-0e79-5a2d-854f-2970b6effeff,,,Cà ri vàng đậu phụ (Yellow Curry with Tofu),DISH,101.82,3.27,6.36,8.18,0.91,1.27,327.27,d955f552-54bb-4357-b9be-a0269615a707,,,"Cà ri vàng với đậu phụ là một món ăn nhà hàng Thái Lan có nước sốt đậm đà làm từ nước cốt dừa hòa với bột cà ri thơm, nghệ và các loại gia vị khác. Món cà ri chay này thường bao gồm các khối đậu phụ áp chảo và nhiều loại rau khác nhau như khoai tây, ớt chuông và cà rốt, theo truyền thống được phục vụ cùng cơm hoa nhài. Trong khi cung cấp lượng protein đáng kể từ đậu phụ và các loại gia vị có lợi, nước cốt dừa làm cho món ăn này trở thành một món ăn giàu calo với hàm lượng chất béo bão hòa đáng kể.",75
6e6fb9d7-3056-58fa-84e6-3bf55e7ded2a,,,Vỏ khoai tây nướng thập cẩm (Loaded Potato Skins),INGREDIENT,230.77,9.89,15.38,13.19,2.75,3.3,505.49,d955f552-54bb-4357-b9be-a0269615a707,,,"Vỏ khoai tây được nạp trong các tiệm ớt Cincinnati là một món khai vị cổ điển đặc biệt của khu vực, bao gồm các nửa khoai tây màu nâu đỏ rỗng và nướng chứa đầy ớt kiểu Cincinnati đặc trưng. Những món khai vị thịnh soạn này được phủ đầy phô mai cheddar cắt nhỏ và kết thúc bằng kem chua và hẹ, kết hợp hương vị cay ngọt của ớt Cincinnati với sự pha trộn độc đáo của các loại gia vị bao gồm quế và hạt tiêu. Kết quả là một món ăn quan trọng kết hợp sự thoải mái của vỏ khoai tây truyền thống với hương vị đặc biệt của di sản ẩm thực Cincinnati.",95
34813711-f661-54cc-9b94-c3650837d801,,,Bát cải xoăn và hạt gai dầu / Hemp Seed (Kale and Hemp Seed Bowl),INGREDIENT,100.0,1.67,4.67,12.83,2.17,5.0,20.0,d955f552-54bb-4357-b9be-a0269615a707,,,"Bát hạt cải xoăn và hạt gai dầu là một món ăn được chế biến giàu chất dinh dưỡng thường thấy ở các quán nước trái cây và nhà hàng tập trung vào sức khỏe. Chiếc bát bổ dưỡng này kết hợp cải xoăn tươi với hạt cây gai dầu giàu protein, thường đi kèm với trái cây tươi, siêu thực phẩm bổ sung và sữa thực vật hoặc nước dừa. Sự kết hợp này cung cấp chất xơ đáng kể, protein từ thực vật và axit béo omega lành mạnh, trong khi các lớp phủ trên như granola, dừa vụn hoặc ngòi cacao sẽ bổ sung thêm kết cấu và các lợi ích dinh dưỡng bổ sung.",95
47c93248-19c1-5347-9f0a-c49ed64919b4,,,Đậu phụ chiên phồng (Fried Tofu Puffs),DISH,220.0,15.4,19.2,3.8,1.0,1.0,500.0,d955f552-54bb-4357-b9be-a0269615a707,,,"Đậu phụ chiên là những miếng đậu nành chiên giòn có đặc điểm bên ngoài màu nâu vàng và bên trong xốp đặc biệt. Những miếng bánh giàu protein này có cấu trúc rỗng, giống như tổ ong độc đáo, có khả năng hấp thụ nước dùng và nước sốt rất tốt. Thường được phục vụ trong các nhà hàng lẩu, những chiếc bánh phồng này duy trì kết cấu của chúng trong khi vẫn hấp thụ hương vị từ nước súp xung quanh, khiến chúng trở thành lựa chọn phổ biến cho cả bữa ăn lẩu chay và không chay.",75
2b50b1d6-6ec5-5b1a-a3a5-fd74b73c303c,,,Salad gà phong cách châu Á (Asian Chicken Salad),DISH,168.57,8.0,6.0,22.29,1.14,3.43,668.57,d955f552-54bb-4357-b9be-a0269615a707,,,"Salad gà châu Á là một món salad khai vị kiểu kết hợp có ức gà nướng bên trên là sự pha trộn của các loại rau trộn và bắp cải thái nhỏ, thường được trang trí bằng các nguyên liệu giòn như hạnh nhân hoặc mì chow mein. Món ăn giàu protein này được kết hợp với nước sốt dầu giấm lấy cảm hứng từ châu Á ngọt ngào kết hợp với nước tương, gừng và dầu mè, tạo nên hương vị đặc biệt đồng thời góp phần tạo nên hàm lượng natri cao đáng chú ý. Sự kết hợp của rau củ giòn, thịt gà mềm và lớp phủ giòn mang lại kết cấu đa dạng và khiến món ăn này trở thành một lựa chọn ăn uống phong phú.",80
18993e8c-0c75-5191-afce-7e67380693db,,,Salad gà chiên giòn (Crispy Chicken Salad),DISH,150.0,10.0,7.5,10.0,1.5,1.75,300.0,d955f552-54bb-4357-b9be-a0269615a707,,,"Salad gà giòn là một món ăn thịnh soạn bao gồm các dải thịt gà tẩm bột và chiên giòn được phục vụ trên các loại rau và rau trộn tươi, thường thấy trong các nhà hàng cá và khoai tây chiên ở Scotland. Món salad phong phú này thường bao gồm rau diếp giòn, cà chua và dưa chuột, thường đi kèm với khoai tây chiên (khoai tây chiên), khiến nó trở thành món chính kết hợp các yếu tố nóng và lạnh. Thịt gà được chế biến theo kiểu chiên miền Nam, tạo nên lớp ngoài giòn mà vẫn giữ được độ ngọt của thịt bên trong.",80
c876fae5-53c7-58db-b28c-f99655c36f8a,,,Sushi dưa chuột cuộn / Cucumber Roll (Cucumber Roll),INGREDIENT,144.44,3.89,1.11,26.67,1.11,2.22,222.22,d955f552-54bb-4357-b9be-a0269615a707,,,"Dưa chuột cuộn là một món sushi chay cơ bản bao gồm dưa chuột tươi bọc trong cơm sushi dày dạn và rong biển nori. Món maki cuộn đơn giản này thường chứa 120-140 calo cho mỗi khẩu phần tiêu chuẩn gồm 6-8 miếng, khiến nó trở thành một trong những lựa chọn sushi nhẹ nhàng hơn. Hương vị trong lành, sảng khoái và hàm lượng ít chất béo khiến nó trở thành lựa chọn phổ biến cho những người đang tìm kiếm một bữa ăn nhẹ hơn hoặc theo chế độ ăn kiêng dựa trên thực vật.",95
ca891849-486b-506f-a5d0-515bd65252ee,,,Salad đầu bếp đặc biệt (Chef's Salad),DISH,110.0,7.5,7.0,2.5,0.75,1.0,312.5,d955f552-54bb-4357-b9be-a0269615a707,,,"A Chef's Salad là một món ăn cổ điển thịnh soạn của Mỹ với các loại rau trộn trộn với giăm bông, gà tây và pho mát thái sợi, cùng với trứng luộc chín và rau tươi. Món salad giàu protein này thường chứa 370-480 calo mỗi khẩu phần đầy đủ, mặc dù con số này có thể thay đổi đáng kể tùy theo lựa chọn nước sốt và khẩu phần ăn. Sự kết hợp của nhiều nguồn protein và rau tươi làm cho nó trở thành một lựa chọn món chính giúp no bụng, theo truyền thống được phục vụ với lựa chọn nước sốt kèm theo.",95
3347801b-1dde-5aed-b547-629558776e88,,,Pad Thái đậu phụ (Pad Thai with Tofu),DISH,167.5,5.0,6.25,15.0,1.0,3.0,250.0,d955f552-54bb-4357-b9be-a0269615a707,,,"Pad Thái với đậu phụ là một món ăn cổ điển của nhà hàng Thái Lan gồm có bún xào trong nước sốt chua ngọt phức hợp làm từ me và nước mắm. Món khai vị đáng kể này kết hợp đậu phụ mềm, giá đỗ tươi và đậu phộng nghiền, thường được phục vụ trong các suất ăn hào phóng tại nhà hàng có thể vượt quá 600 calo. Món ăn này cung cấp hàm lượng protein vừa phải từ đậu phụ, mặc dù nó có hàm lượng natri cao đáng kể do các thành phần nước sốt truyền thống.",75
a19f2f4c-56f8-5a7f-be24-727cfd58b5b6,,,Salad bơ và đậu đen (Avocado and Black Bean Salad),DISH,124.44,4.44,5.78,13.33,5.33,1.78,66.67,d955f552-54bb-4357-b9be-a0269615a707,,,"Salad bơ và đậu đen là một món ăn thịnh soạn làm từ thực vật, kết hợp bơ kem với đậu đen giàu protein, thường được tăng cường với ngô, cam quýt tươi và gia vị thơm. Món salad đậm đặc chất dinh dưỡng này cung cấp đáng kể chất xơ và chất béo không bão hòa đơn có lợi cho tim, đồng thời cung cấp các khoáng chất và vitamin thiết yếu. Thường được phục vụ ướp lạnh tại các nhà hàng chay, nó mang đến sự kết hợp hài lòng giữa kết cấu với hương vị tươi sáng, được tăng cường bởi nước cốt chanh và ngò.",95
6cdad10f-2b2a-5a9f-ae11-a74f4b320a23,,,Salad củ cải đường (Beetroot Salad),DISH,55.51,0.88,4.41,3.52,0.88,2.64,66.08,d955f552-54bb-4357-b9be-a0269615a707,,,"Salad củ cải đường Armenia là một món ăn truyền thống bao gồm củ cải nấu chín mềm phủ nước sốt kem tỏi và thường được trang trí bằng quả óc chó nghiền nát. Món ăn sôi động này cân bằng vị ngọt đất từ ​​củ cải với vị bùi bùi đậm đà và hương tỏi tinh tế, tạo nên sự hòa quyện hài hòa giữa kết cấu mịn và giòn. Món salad này rất giàu chất chống oxy hóa và các hợp chất có lợi cho tim, đồng thời cung cấp sự kết hợp hài lòng của các chất dinh dưỡng thiết yếu.",95
ba158008-213f-5d24-99cb-25406955beb5,,,Canh hầm Egusi rau bina (Egusi with Spinach),INGREDIENT,240.0,7.92,20.0,7.92,2.08,1.25,250.0,d955f552-54bb-4357-b9be-a0269615a707,,,"Egusi với rau bina là món hầm đậm đà của Tây Phi được làm từ hạt dưa xay, rau bina lá và thường được chế biến bằng dầu cọ và các loại protein khác nhau. Hạt egusi xay tạo ra một kết cấu kem dày đặc biệt đồng thời cung cấp lượng protein đáng kể và chất béo lành mạnh, được bổ sung bởi các loại rau xanh bổ dưỡng. Món ăn thịnh soạn này theo truyền thống được phục vụ cùng với các món ăn kèm nhiều tinh bột như fufu hoặc cơm, mang đến sự kết hợp hài lòng giữa hương vị và kết cấu đặc trưng của ẩm thực Tây Phi.",95
6a292615-a1c5-5ad6-a56f-6b3796726c98,,,Salad khoai tây cá ngừ kiểu Tây Ban Nha (Ensaladilla Rusa),DISH,170.67,8.0,8.0,16.67,3.33,2.67,333.33,d955f552-54bb-4357-b9be-a0269615a707,,,"Ensaladilla Rusa là món tapas cổ điển của Tây Ban Nha bao gồm salad khoai tây kem làm giàu với cá ngừ, đậu Hà Lan và cà rốt. Chế phẩm ướp lạnh này bao gồm khoai tây thái hạt lựu phủ sốt mayonnaise và thường được trang trí bằng ô liu, tạo nên món khai vị phong phú nhưng cân bằng. Món ăn này theo truyền thống được phục vụ theo từng phần tapas nhỏ, mang đến sự kết hợp hài lòng giữa protein, rau và các thành phần tinh bột trong một cách trình bày đậm đà, béo ngậy.",95
94f0ec8c-6cc0-5845-bbec-a9193428c451,,,Salad Hy Lạp kèm thịt cừu (Greek Salad with Lamb),DISH,110.0,12.0,5.33,2.67,0.83,1.33,133.33,d955f552-54bb-4357-b9be-a0269615a707,,,"Salad Hy Lạp với thịt cừu là một món ăn Địa Trung Hải giàu protein kết hợp thịt cừu nấu chín dày dặn với các thành phần salad truyền thống của Hy Lạp. Cách chế biến theo phong cách nhà hàng này bao gồm các loại rau tươi, bao gồm cà chua, dưa chuột và hành đỏ, phủ phô mai feta và thường được trộn với nước sốt tzatziki hoặc dầu ô liu. Sự kết hợp này cung cấp một lượng đáng kể 35-37g protein cho mỗi khẩu phần trong khi vẫn duy trì lượng carbohydrate tương đối thấp, khiến nó trở thành một lựa chọn thỏa mãn cho những thực khách quan tâm đến sức khỏe.",80
bf723304-8c61-5a42-8d47-4544bdae73cf,,,Salad mì châu Á sốt đậu phộng (Asian Noodle Salad with Peanut Dressing),DISH,153.0,2.5,7.0,21.0,1.65,3.0,220.0,d955f552-54bb-4357-b9be-a0269615a707,,,"Salad mì châu Á với nước sốt đậu phộng là một món ăn kết hợp của California kết hợp mì ướp lạnh với rau tươi và nước sốt kem đậu phộng. Món khai vị sảng khoái này có sự kết hợp đầy màu sắc của các loại rau giòn, bao gồm bắp cải cắt nhỏ, cà rốt và ớt chuông, trộn với mì và nước sốt cân bằng pha trộn hương vị ngọt, mặn và hơi cay. Món ăn này có nhiều chất xơ tự nhiên và có thể dễ dàng thích nghi với chế độ ăn thuần chay và không chứa gluten đồng thời cung cấp sự kết hợp hài lòng giữa protein và carbohydrate phức hợp.",95
438f3c59-b36d-5663-8727-1dc6a9e859a5,,,Gỏi đu đủ Việt Nam (Goi Du Du Papaya Salad),DISH,87.5,1.88,0.94,22.5,3.12,11.25,143.75,d955f552-54bb-4357-b9be-a0269615a707,,,"Gỏi Du Du là một món gỏi Việt Nam với nền là đu đủ xanh thái nhỏ, tạo nên kết cấu giòn, tươi mát khác biệt với các món đu đủ chín. Món ăn nhẹ nhàng nhưng đầy hương vị này kết hợp các loại thảo mộc tươi, cà rốt và ớt với nước sốt cân bằng gồm nước mắm, chanh và đường, thường được trang trí bằng đậu phộng nghiền và hẹ tây chiên. Món salad này có lượng calo thấp tự nhiên trong khi cung cấp đáng kể chất xơ, vitamin A và C cũng như chất chống oxy hóa từ các nguyên liệu tươi.",95
db87829f-be7d-5e42-a597-d76bc39da22a,,,Salad gà kiểu miền Nam (Southern Chicken Salad),DISH,185.71,14.29,8.86,12.86,1.43,4.29,408.57,d955f552-54bb-4357-b9be-a0269615a707,,,"Salad gà miền Nam là một món ăn thịnh soạn của nhà hàng với gà rán giòn được phục vụ trên một lớp rau xanh tươi trộn với cách trang trí truyền thống. Món salad cỡ bữa ăn thịnh soạn này thường bao gồm thịt xông khói, pho mát và trứng, được trộn với nước sốt kem tại nhà, khiến nó có lượng calo cao hơn đáng kể so với món salad tiêu chuẩn trong vườn. Mặc dù có hàm lượng protein cao nhưng chế phẩm hấp dẫn này có thể chứa hơn 1.000 calo mỗi khẩu phần, với một lượng đáng kể chất béo và natri từ các thành phần chiên và nước sốt đậm đà.",80
33f573b5-1124-5287-9b0e-e139753f5acf,,,Rau củ xắt nhỏ ngâm chanh kiểu Salvador (Ensalada),DISH,65.79,1.97,3.29,6.58,1.64,2.63,164.47,d955f552-54bb-4357-b9be-a0269615a707,,,"Ensalada là món salad giống đồ uống truyền thống của người Salvador bao gồm các loại rau tươi thái nhỏ như cà chua, hành tím và ngò. Món ăn giải khát này thường được pha với nước cốt chanh và dùng lạnh, thường dùng kèm với các món ăn nặng hơn của Salvador hoặc như một loại đồ uống giải khát giống như đồ uống giải khát. Chế phẩm này nhấn mạnh vào các nguyên liệu tươi, giòn và chất lượng nhẹ, dưỡng ẩm giúp phân biệt với các món salad lá tiêu chuẩn.",95
0d33245d-a71c-558a-8578-bbf640a85d38,,,Bánh mì đậu phụ chay (Tofu Banh Mi),DISH,190.38,7.31,8.46,21.15,2.31,2.5,326.92,d955f552-54bb-4357-b9be-a0269615a707,,,"Bánh mì đậu phụ là một món ăn chay chuyển thể từ món bánh mì cổ điển của Việt Nam với đậu phụ ướp, áp chảo được phục vụ trên bánh mì baguette giòn. Bữa ăn cân bằng này kết hợp đậu phụ giòn với các loại rau ngâm truyền thống như củ cải và cà rốt, dưa chuột tươi và ngò, tạo nên sự hòa quyện hài hòa giữa kết cấu và hương vị. Bánh sandwich cung cấp một nguồn protein và chất xơ có nguồn gốc thực vật tuyệt vời, thường cung cấp khoảng 17-21 gam protein và 6 gam chất xơ trong mỗi khẩu phần.",75
c4b19631-7fae-581a-82bb-82d9960aebb0,,,Bánh bao Vareniki nhân bắp cải (Vareniki with Cabbage),INGREDIENT,189.2,5.2,6.0,28.0,1.6,1.2,340.0,d955f552-54bb-4357-b9be-a0269615a707,,,"Vareniki là món bánh bao hình lưỡi liềm truyền thống của Ukraine được làm từ bột mì mềm và nhân dưa cải bắp và hành tây dày dặn. Những chiếc bánh bao này đầu tiên được luộc cho đến khi mềm, sau đó thường được áp chảo nhẹ để tăng thêm kết cấu và theo truyền thống được phục vụ với các lớp phủ phong phú như kem chua, bơ tan chảy hoặc hành tây caramen. Một phần ăn điển hình của nhà hàng bao gồm 6-8 chiếc bánh bao to thể hiện hương vị thơm-mặn đặc trưng của nhân bắp cải lên men.",95
07dbb7ef-0ff3-542e-b500-75e6af333c39,,,Cơm đậu đỏ kiểu Cajun (Red Rice and Beans),INGREDIENT,232.56,10.47,8.14,29.07,5.81,1.74,348.84,d955f552-54bb-4357-b9be-a0269615a707,,,"Cơm và Đậu đỏ là một món ăn Cajun/Creole tinh túy gồm có đậu đỏ mềm được ninh nhừ với xúc xích Andouille khói và rau thơm, dùng kèm với cơm. Món ăn thịnh soạn này đạt được kết cấu kem đặc trưng khi nấu lâu, đồng thời sự kết hợp giữa đậu, gạo và thịt tạo nên một bữa ăn đầy đủ dinh dưỡng, giàu protein và chất xơ. Các loại gia vị và gia vị Cajun truyền thống mang lại cho món ăn hương vị thơm ngon, đậm đà đặc trưng.",75
e9185f7c-255c-594a-b578-d4e29a29c037,,,Cơm súp lơ (Cauliflower Rice),INGREDIENT,32.71,2.34,0.47,5.14,2.34,1.87,794.39,d955f552-54bb-4357-b9be-a0269615a707,,,"Cơm súp lơ là một loại gạo thay thế ít carb được làm từ súp lơ tươi thái nhỏ, thường được nêm với hương vị lấy cảm hứng từ châu Á để phục vụ món poke bowl. Loại đế đa năng này chỉ chứa 25-50 calo mỗi cốc trong khi cung cấp một lượng đáng kể vitamin C và K, khiến nó trở thành một lựa chọn giàu chất dinh dưỡng cho những thực khách quan tâm đến sức khỏe. Khi được phục vụ tại các quán poke, nó thường được nêm nhẹ với nước tương và dầu mè, tạo nên lớp nền nhẹ nhàng, bổ sung cho cá tươi và các món ăn kèm khác.",75
b60e3187-6171-5dd9-9a22-b251018b5004,,,Mì Couscous hầm 7 loại rau củ (Couscous with Seven Vegetables),DISH,154.29,5.71,5.71,20.0,2.86,1.43,142.86,d955f552-54bb-4357-b9be-a0269615a707,,,"Couscous với bảy loại rau là một món ăn truyền thống của Ma-rốc, trong đó hạt semolina hấp được phục vụ với hỗn hợp các loại rau theo mùa thường bao gồm cà rốt, bí ngô, bí xanh, củ cải, bắp cải và đậu xanh. Bữa ăn hoàn chỉnh này được nêm với các loại gia vị thơm như nghệ, gừng và nghệ tây, và được nấu chín theo cách truyền thống trên nước dùng thơm. Món ăn này cung cấp thành phần dinh dưỡng cân bằng với carbohydrate phức hợp từ couscous, chất xơ từ rau và protein từ đậu xanh, khiến món ăn trở thành một lựa chọn ăn chay thỏa mãn khi chế biến không có thịt.",95
b4edf3dc-da52-584a-a16d-5826553fbb66,,,Salad Cobb gà nướng (Cobb Salad with Grilled Chicken),DISH,161.25,10.5,11.25,4.5,1.5,1.0,392.5,d955f552-54bb-4357-b9be-a0269615a707,,,"Salad Cobb với gà nướng là một món salad thịnh soạn bao gồm ức gà nướng, trứng luộc chín, thịt xông khói, phô mai xanh và bơ được xếp trên rau diếp giòn với cà chua. Món ăn nhà hàng giàu protein này thường chứa 450-700 calo mỗi khẩu phần, tùy thuộc vào khẩu phần và lựa chọn nước sốt. Sự kết hợp giữa protein nạc, chất béo lành mạnh và rau tươi làm cho nó trở thành một lựa chọn bữa ăn hoàn chỉnh thỏa mãn, mặc dù nước sốt phục vụ kèm theo cho phép kiểm soát lượng calo tùy chỉnh.",80
31b40cb4-7fa7-5e67-be9d-7b05c7f751a4,,,Chả giò rau củ (Vegetable Spring Rolls),DISH,278.75,6.25,13.75,32.5,3.75,3.75,500.0,d955f552-54bb-4357-b9be-a0269615a707,,,"Chả giò rau củ là món khai vị chiên giòn thường được phục vụ theo cặp tại các quán trà sữa trân châu và nhà hàng châu Á. Những cuộn bánh mì này chứa đầy các loại rau cắt nhỏ như bắp cải và cà rốt, thường bao gồm đậu phụ hoặc mì sợi đậu, và theo truyền thống được ăn nóng với ớt ngọt hoặc nước chấm làm từ đậu nành. Mặc dù thân thiện với người ăn chay nhưng chúng có chứa chất gây dị ứng lúa mì và đậu nành, với mỗi khẩu phần hai cuộn cung cấp khoảng 180-290 calo tùy thuộc vào kích cỡ và cách chế biến.",95
fe0fd5ca-8e3c-521b-b5aa-f18617c69b51,,,Salad Fajita (Fajita Salad),DISH,106.67,8.44,4.89,4.44,1.33,0.89,344.44,d955f552-54bb-4357-b9be-a0269615a707,,,"Salad Fajita là một món ăn của nhà hàng Tex-Mex gồm có thịt nướng (thường là thịt gà hoặc bít tết) ăn kèm với rau diếp tươi với ớt chuông xào và hành tây. Món salad thịnh soạn này được trang trí theo truyền thống với phô mai cắt nhỏ, dải bánh tortilla và ăn kèm với kem chua và salsa, kết hợp hương vị của món fajitas cổ điển với các thành phần salad tươi ngon. Món ăn giàu protein thường bao gồm các thành phần fajita ấm áp được bày trên rau xanh giòn mát, tạo nên một món salad vừa đủ cho một bữa ăn.",95
2c75dfed-c64d-5d08-b314-2ac0dd23ce64,,,Bánh Calzone nhân rau bina và phô mai Ricotta (Spinach and Ricotta Calzone),INGREDIENT,228.2,8.53,6.64,17.54,0.95,0.95,331.75,d955f552-54bb-4357-b9be-a0269615a707,,,"Rau bina và ricotta calzone là một món ăn đáng kể của người Mỹ gốc Ý được làm từ bột bánh pizza được gấp thành hình nửa vầng trăng và chứa đầy phô mai ricotta, rau bina và mozzarella. Món ăn thịnh soạn dùng một lần này thường được nướng cho đến khi có màu vàng nâu, tạo nên lớp vỏ ngoài giòn rụm bao quanh phần nhân béo ngậy, béo ngậy được tẩm tỏi và rau thơm. Các phiên bản bánh pizza truyền thống ở New York có kích thước rộng rãi và thường được dùng kèm với nước sốt marinara để chấm.",95
97c775f1-e982-5c2c-8f59-47636a9c7fb4,,,Khoai tây nghiền sốt Gravy (Mashed Potatoes with Gravy),DISH,120.0,2.4,2.8,18.0,1.2,1.2,380.0,d955f552-54bb-4357-b9be-a0269615a707,,,"Khoai tây nghiền với nước sốt từ các nhà hàng thức ăn nhanh là phiên bản chế biến của món ăn kèm cổ điển, thường được làm từ nguyên liệu khoai tây hoàn nguyên có thêm sữa và chất bảo quản. Nước xốt đi kèm thường là nước sốt đặc làm từ bột mì có hương vị chiết xuất từ ​​thịt và gia vị, góp phần đáng kể vào hàm lượng natri cao của món ăn. Loại thực phẩm tiện lợi này có chứa các chất gây dị ứng phổ biến bao gồm sữa, đậu nành và gluten từ nước thịt, trong khi khẩu phần ăn có thể thay đổi đáng kể từ 130 đến gần 600 calo mỗi khẩu phần.",95
954a99a7-04bf-531a-b4a2-11483dc8a49c,,,Nấm ngâm chua (Pickled Mushrooms),DISH,59.0,4.0,0.5,12.0,1.5,7.0,500.0,d955f552-54bb-4357-b9be-a0269615a707,,,"Nấm ngâm là món zakuska (món khai vị) truyền thống của Nga được chế biến bằng cách ướp nấm trong nước muối giấm dày dặn. Những loại nấm thơm, hơi ngọt được bảo quản này thường được phục vụ ướp lạnh như một phần của món khai vị hoặc dùng kèm với rượu vodka trong các nhà hàng Nga. Quá trình ngâm chua tạo ra kết cấu giòn đặc biệt trong khi vẫn giữ được hương vị umami tự nhiên của nấm, mang đến một món ăn tươi mát, ít calo.",95
e793a8bc-4fd9-5582-9e4d-e77dc43aed2d,,,Lá nho nhồi nhân rau củ / Dolma (Vegetable Dolma),DISH,200.0,5.04,7.52,30.0,4.0,2.0,300.0,d955f552-54bb-4357-b9be-a0269615a707,,,"Dolma rau là một món ăn Địa Trung Hải bao gồm lá nho nhồi cơm và rau dày dạn, thường được phục vụ tại các quầy falafel và nhà hàng Trung Đông. Những cuộn bánh mì vừa ăn này được hấp hoặc luộc trong dầu ô liu và nước chanh, tạo ra món khai vị mềm, có hương vị thuần chay tự nhiên và không chứa gluten. Sự kết hợp giữa gạo nguyên hạt, thảo mộc tươi và lá nho cung cấp nguồn chất xơ và chất chống oxy hóa tốt trong khi vẫn chứa lượng calo vừa phải.",95
5d8e5c91-45aa-5e30-9852-6e425c0938c4,,,Rau củ ngâm chua kiểu Nhật / Tsukemono (Japanese Pickled Vegetables),DISH,21.0,0.8,0.25,4.3,1.2,1.8,233.0,d955f552-54bb-4357-b9be-a0269615a707,,,"Rau ngâm Nhật Bản, được gọi là tsukemono, là loại rau lên men hoặc bảo quản bằng giấm truyền thống, dùng làm món ăn kèm thiết yếu trong ẩm thực Nhật Bản. Những món dưa chua này được làm bằng nhiều phương pháp khác nhau bao gồm muối, cám gạo (nukadoko), bã rượu sake (kasuzuke) hoặc bảo quản bằng giấm, tạo ra các hương vị riêng biệt từ giòn và mặn đến thơm và giàu vị umami. Mặc dù cung cấp men vi sinh và chất xơ, những loại rau được bảo quản này thường có hàm lượng natri cao và thường được phục vụ theo khẩu phần nhỏ như chất tẩy rửa vòm miệng hoặc món ăn phụ.",95
0eb03d04-bfab-5279-a2c0-65d73fac1618,,,Kim chi bắp cải thảo (Napa Cabbage Kimchi),INGREDIENT,15.0,1.1,0.5,2.4,1.6,1.06,498.0,d955f552-54bb-4357-b9be-a0269615a707,,,"Kim chi bắp cải Napa là một món rau lên men truyền thống của Hàn Quốc được làm bằng cách muối và nêm bắp cải napa với ớt, tỏi, gừng và nước mắm hoặc các món thay thế thuần chay. Loại gia vị giàu men vi sinh này trải qua quá trình lên men lacto, tạo ra hương vị thơm, vị umami và bảo quản vitamin A và C đồng thời tăng cường khả năng tiêu hóa. Kết cấu giòn và vị chua cay khiến nó trở thành một nguyên liệu linh hoạt trong các món súp, món cơm hoặc như một món banchan (món ăn kèm) độc lập trong ẩm thực Hàn Quốc.",95
4a138d90-2904-5fc6-b87f-3ef2480ef3bd,,,Cà tím nướng đút lò phô mai / Eggplant Parmesan (Eggplant Parmesan),DISH,242.86,14.86,10.0,23.43,1.71,2.86,342.86,d955f552-54bb-4357-b9be-a0269615a707,,,"Cà tím Parmesan là một món ăn thịnh soạn của người Mỹ gốc Ý bao gồm các lát cà tím tẩm bột và chiên với nước sốt cà chua, phô mai mozzarella và phô mai Parmesan. Cách chế biến tại nhà hàng này thường tạo ra một món ăn kiểu thịt hầm đậm đà, hấp dẫn với bề ngoài giòn và bên trong mềm. Các suất ăn tại nhà hàng có xu hướng nhiều và nhiều calo do quá trình chiên và nhiều lớp phô mai, khiến nó trở thành một phiên bản hấp dẫn hơn so với các biến thể chế biến tại nhà.",75
3f32fc42-aa1c-5b59-b5bd-7d3b26ad9e28,,,Bát cơm Tofu Poke (Tofu Poke Bowl),DISH,123.4,6.81,4.89,12.77,1.91,1.06,255.32,d955f552-54bb-4357-b9be-a0269615a707,,,"A Tofu Poke Bowl là một món ăn hiện đại lấy cảm hứng từ Hawaii bao gồm đậu phụ ướp ăn kèm cơm với rau tươi và gia vị lấy cảm hứng từ châu Á. Chiếc bát có thể tùy chỉnh này thường kết hợp đậu phụ giàu protein, các nguyên liệu tươi như dưa chuột, đậu nành Nhật Bản và bơ, cùng với các loại đồ phủ giàu vị umami như salad rong biển và hạt vừng. Bữa ăn hoàn chỉnh cung cấp thành phần dinh dưỡng cân bằng với protein từ thực vật, chất béo lành mạnh và chất xơ, trong khi các lựa chọn nước sốt khác nhau như teriyaki hoặc mayo cay cho phép cá nhân hóa hương vị.",75
ae091b14-197b-5743-8831-a46c883c753c,,,Salad rau xà lách Rocket / Arugula (Rocca Salad),DISH,221.74,3.91,18.7,9.57,1.74,2.17,326.96,d955f552-54bb-4357-b9be-a0269615a707,,,"Salad Rocca là một món ăn sôi động của Liban có nhân là lá rocket cay (arugula) được phủ một lớp sốt dầu giấm chanh đặc biệt. Món ăn Địa Trung Hải này có sự pha trộn hài hòa giữa kết cấu và hương vị, thường được trang trí bằng quả óc chó nướng, hạt lựu và hành tây thơm ngon. Nước sốt làm từ dầu ô liu và các thành phần giàu chất dinh dưỡng làm cho nó trở thành một lựa chọn tốt cho tim mạch nhờ cung cấp chất chống oxy hóa có lợi và chất béo lành mạnh.",95
b37cd945-29f3-5f47-84db-67abdd759910,,,Bắp ngô nghiền nấu đậu / Samp and Beans (Samp and Beans),DISH,221.7,6.6,1.89,44.34,5.66,2.83,1458.49,d955f552-54bb-4357-b9be-a0269615a707,,,"Samp and Beans là một món ăn truyền thống của Nam Phi kết hợp hạt ngô trắng nghiền (samp) với đậu đường, thường được nấu chậm cho đến khi mềm. Loại thực phẩm bổ dưỡng có nguồn gốc từ thực vật này cung cấp nguồn chất xơ và protein hoàn chỉnh tuyệt vời thông qua sự kết hợp bổ sung giữa ngũ cốc và cây họ đậu. Món ăn này có kết cấu kem đặc trưng khi được chế biến đúng cách, thường được nêm thêm chất thơm và được dùng như món chính ngon miệng trong ẩm thực Nam Phi.",75
e53d350b-befe-5d62-8bdd-7739ba59d2a1,,,Bánh nhân bắp cải Pyrizhky (Pyrizhky with Cabbage),INGREDIENT,312.5,8.33,13.75,20.83,2.5,2.08,416.67,d955f552-54bb-4357-b9be-a0269615a707,,,"Pyrizhky là loại bánh nhân truyền thống của Ukraina, trong phiên bản này có nhân bắp cải thơm ngon. Những chiếc bánh ngọt thịnh soạn này bao gồm một loại bột men đậm đà được bọc xung quanh nhân bắp cải dày dạn, thường được tăng cường với hành tây và đôi khi là thịt xông khói để tăng thêm hương vị. Thường được phục vụ khi còn nóng như một món ăn kèm hoặc bữa ăn nhẹ ngon miệng trong các nhà hàng Ucraina, những chiếc bánh này được phết bơ sau khi nướng để có bề mặt bóng và tăng độ đậm đà.",95
1c3f0551-3a2d-56bf-994b-ae6b420fb597,,,Sữa chua gạn nước Labneh vị tỏi (Labneh with Garlic),INGREDIENT,106.67,5.33,8.67,4.0,0.0,4.0,466.67,d955f552-54bb-4357-b9be-a0269615a707,,,"Labneh với tỏi là một món sữa chua Trung Đông có độ sánh đậm đà giống như phô mai kem và hương vị tỏi nướng tinh tế. Món phết giàu men vi sinh này được làm bằng cách lọc sữa chua cho đến khi đặc và mịn như kem, sau đó trộn với tỏi nướng để tạo ra hương vị thơm ngon, êm dịu. Trong các nhà hàng ở Iraq, món này thường được phục vụ với dầu ô liu và kèm theo bánh mì pita ấm hoặc rau tươi để chấm.",95
25e749e0-879f-5ef0-8077-51a191d72bfb,,,Cà tím nướng đút lò phô mai Parmigiana (Eggplant Parmigiana),DISH,154.19,6.17,11.01,9.25,1.32,2.2,321.59,d955f552-54bb-4357-b9be-a0269615a707,,,"Cà tím Parmigiana là một món ăn cổ điển của nhà hàng Ý bao gồm các lát cà tím tẩm bột và chiên với nước sốt cà chua, phô mai mozzarella và phô mai Parmesan. Món ăn kiểu thịt hầm thịnh soạn này thường được nướng cho đến khi phô mai tan chảy và tạo ra lớp vỏ vàng bên trên. Các suất ăn tại nhà hàng có xu hướng phong phú và giàu calo, với phương pháp chế biến truyền thống là tẩm bột và chiên cà tím đã góp phần tạo nên kết cấu đặc trưng và hàm lượng chất béo cao hơn.",75
bfe09c8e-7e2c-515e-97b7-551b5e87b622,,,Salad gà hun khói (Smoked Chicken Salad),DISH,200.0,14.29,12.86,8.57,1.14,1.43,457.14,d955f552-54bb-4357-b9be-a0269615a707,,,"Salad gà hun khói là một món ăn giàu protein gồm thịt gà xé được hun khói chậm để phát triển hương vị đậm đà, khói đặc trưng của món BBQ miền Nam. Món salad thịnh soạn này thường kết hợp thịt gà hun khói mềm với rau trộn tươi, cà chua và hành tây, kết thúc bằng các loại nước sốt kem như nước sốt trang trại hoặc sốt BBQ. Mặc dù cung cấp một giải pháp thay thế nhẹ nhàng hơn cho các đĩa BBQ truyền thống, nhưng nó vẫn là một món ăn quan trọng với hàm lượng protein đáng kể và hương vị phong phú từ quá trình hun khói.",80
98a477e1-f9b4-53ee-9bb8-8205598c3df8,,,Salad cà rốt kiểu Phần Lan (Finnish Carrot Salad),DISH,152.0,1.0,11.0,14.0,3.0,7.0,75.0,d955f552-54bb-4357-b9be-a0269615a707,,,"Salad cà rốt Phần Lan là một món ăn Bắc Âu tinh tế bao gồm cà rốt tươi, thái sợi với cam quýt tươi và thì là tươi. Chế phẩm nhẹ nhàng, sảng khoái này cân bằng hương vị ngọt ngào và thơm trong khi vẫn duy trì độ giòn tự nhiên của cà rốt và hàm lượng vitamin A cao. Theo truyền thống được phục vụ như một món ăn trang nhã bên cạnh các món đặc sản Bắc Âu, nó thể hiện hương vị tươi ngon, sạch sẽ đặc trưng của ẩm thực Phần Lan.",95
8d59d14b-1f10-524a-8055-daf6a8d8992f,,,Cà rốt nướng sốt ớt Harissa (Harissa Carrots),INGREDIENT,256.0,7.5,14.0,25.0,3.0,6.0,125.0,d955f552-54bb-4357-b9be-a0269615a707,,,"Cà rốt Harissa là một món ăn Trung Đông bao gồm cà rốt nướng phủ harissa, một loại tương ớt Bắc Phi mang lại độ cay phức hợp và hương vị đậm đà. Cà rốt thường được phục vụ trên lớp kem sữa chua và trang trí bằng các loại thảo mộc tươi, các loại hạt và đôi khi là đậu xanh giòn, tạo nên sự kết hợp cân bằng giữa hương vị ngọt, cay và thơm. Món ăn giàu dinh dưỡng này đặc biệt giàu vitamin A và chất xơ, đồng thời sữa chua bổ sung thêm protein và men vi sinh.",95
d8a23dd5-ff73-555e-a16a-39e615611a4e,,,Cà ri rau củ Cape Malay kiểu Nam Phi (Cape Malay Vegetable Curry),DISH,150.0,5.0,3.25,21.0,1.5,2.5,200.0,d955f552-54bb-4357-b9be-a0269615a707,,,"Cà ri rau Cape Malay là một món ăn truyền thống của Nam Phi với sự pha trộn phong phú của các loại gia vị thơm, rau mềm và các loại đậu thịnh soạn. Món cà ri chay này kết hợp nghệ, thì là, rau mùi và quế với súp lơ, đậu xanh và đậu xanh, tạo nên hương vị mặn ngọt cân bằng. Thường được phục vụ với cơm hoặc bánh mì dẹt, nó cung cấp một nguồn protein, sắt và chất xơ từ thực vật tuyệt vời đồng thời mang lại trải nghiệm ăn uống thỏa mãn, đích thực về mặt văn hóa.",95
75a43a08-aedc-515f-8647-b17b6b4098ac,,,Vỏ khoai tây nướng kiểu Ireland (Irish Potato Skins),INGREDIENT,225.17,7.28,15.89,13.24,3.31,1.32,211.92,d955f552-54bb-4357-b9be-a0269615a707,,,"Vỏ khoai tây Ailen là món khai vị thịnh soạn kiểu quán rượu được làm từ những nửa củ khoai tây rỗng được chiên giòn cho đến khi giòn và có màu vàng nâu. Những lớp da này thường được phủ phô mai cheddar tan chảy, thịt xông khói giòn và hẹ tươi, sau đó dùng kèm với kem chua để chấm. Một phần ăn tiêu chuẩn của nhà hàng thường bao gồm 4-6 miếng da nhồi, mang đến sự kết hợp phong phú giữa các yếu tố giòn, kem và mặn đặc trưng của món ăn quán rượu kiểu Mỹ gốc Ireland.",95
e7f72654-bdd0-5637-a814-885a28131025,,,Salad siêu thực phẩm (Superfood Salad),DISH,107.6,2.4,5.2,12.8,3.2,2.0,92.0,d955f552-54bb-4357-b9be-a0269615a707,,,"Salad siêu thực phẩm là một món ăn đậm đặc chất dinh dưỡng kết hợp nhiều nguyên liệu tăng cường sức khỏe thường thấy trong các quán cà phê và nhà hàng hữu cơ. Phần nền thường có các loại rau lá xanh đậm, các loại ngũ cốc cổ như quinoa và các loại hạt giàu protein, được bổ sung bằng các loại trái cây giàu chất chống oxy hóa như quả việt quất hoặc hạt lựu. Món salad có thể tùy chỉnh này thường bao gồm các nguồn protein từ thực vật như edamame hoặc đậu xanh, được hoàn thiện bằng nước sốt nhẹ, bảo quản chất dinh dưỡng giúp tăng cường độ tươi ngon, bổ dưỡng của nó.",95
57e67386-2369-56c6-954b-751f8e28b80d,,,Salad Caprese cà chua gia truyền (Heirloom Tomato Caprese),DISH,103.23,5.16,7.74,3.23,0.97,2.58,174.19,d955f552-54bb-4357-b9be-a0269615a707,,,"Cà chua gia truyền Caprese là một cách giải thích từ trang trại đến bàn ăn của món salad cổ điển của Ý với cà chua giống di sản, có nguồn gốc địa phương và phô mai mozzarella tươi. Món ăn theo mùa này giới thiệu cà chua gia truyền Tây Bắc Thái Bình Dương vào mùa cao điểm kết hợp với phô mai mozzarella tươi được sản xuất tại địa phương, húng quế trong vườn, dầu ô liu cao cấp và men balsamic. Chế phẩm này nhấn mạnh hương vị tự nhiên của các thành phần chất lượng cao đồng thời cung cấp nguồn vitamin K và C dồi dào.",95
560d16e6-629a-54de-a063-44f11f5268e3,,,Bánh Samosa nhân rau củ (Samosa with Vegetable),DISH,240.0,4.8,12.0,28.0,2.4,1.6,320.0,d955f552-54bb-4357-b9be-a0269615a707,,,"Samosa là một loại bánh chiên hình tam giác phổ biến trong ẩm thực Yemen, chứa đầy hỗn hợp gia vị gồm rau, khoai tây và các loại đậu. Những món khai vị giòn này được phân biệt bởi sự pha trộn thơm của các loại gia vị Trung Đông và thường được dùng kèm với sốt zahawiq cay hoặc tahini để chấm. Phần nhân rau cung cấp một nguồn protein vừa phải từ các loại đậu trong khi lớp vỏ chiên bên ngoài góp phần mang lại hàm lượng chất béo cao hơn.",95
1f58d485-7e5e-54d4-ad20-f9cf49d377c9,,,Salad trứng kiểu Ghana (Ghanaian Egg Salad),DISH,160.0,7.2,10.0,12.0,2.4,2.4,260.0,d955f552-54bb-4357-b9be-a0269615a707,,,"Salad trứng Ghanaian là một món ăn Tây Phi thịnh soạn kết hợp trứng luộc chín với hỗn hợp đặc biệt của các loại protein như cá ngừ hoặc cá mòi, rau tươi và sốt mayonnaise kem. Món salad thịnh soạn này thường có cà chua thái hạt lựu, hành tây, cà rốt và rau diếp, tạo nên một bữa ăn thịnh soạn hơn món salad trứng truyền thống của phương Tây. Sự kết hợp của nhiều nguồn protein với rau tươi làm cho nó trở thành một món ăn cân bằng dinh dưỡng, phục vụ như một bữa ăn hoàn chỉnh hơn là một món ăn phụ.",75
28c7d662-3792-5c37-869a-a15a462b29e5,,,Salad Caesar gà nướng (Grilled Chicken Caesar Salad),DISH,264.71,23.53,14.71,11.76,3.53,2.35,352.94,d955f552-54bb-4357-b9be-a0269615a707,,,"Phiên bản có lợi cho sức khỏe của món salad Caesar cổ điển này có rau diếp romaine hữu cơ phủ trên ức gà nướng nạc và nước sốt Caesar nhẹ hơn thường được làm bằng dầu ô liu hoặc sữa chua Hy Lạp. Món ăn này thường cung cấp 35-45g protein trong khi vẫn duy trì lượng calo vừa phải 400-500 calo, được bổ sung bằng các chất bổ sung giàu chất dinh dưỡng như bánh mì ngũ cốc nguyên hạt và phô mai Parmesan được chia khẩu phần cẩn thận. Chế phẩm này nhấn mạnh vào các thành phần sạch và dinh dưỡng cân bằng trong khi vẫn giữ được hương vị đặc trưng của Caesar.",80
82aade8f-e813-5046-a1d2-1f794566dd3a,,,Salad Taco gà nướng (Taco Salad with Grilled Chicken),DISH,159.0,11.8,7.8,10.8,1.6,1.4,152.0,d955f552-54bb-4357-b9be-a0269615a707,,,"Salad Taco với gà nướng là món salad khai vị lấy cảm hứng từ Mexico với ức gà nướng dày dạn được phục vụ trên rau trộn tươi với lớp phủ taco truyền thống. Món ăn có thể tùy chỉnh này thường bao gồm cà chua thái hạt lựu, phô mai cắt nhỏ và dải bánh tortilla, thường đi kèm với salsa hoặc nước sốt trang trại. Mặc dù cung cấp lượng protein đáng kể từ gà nướng, nhưng hàm lượng dinh dưỡng thay đổi đáng kể tùy theo lựa chọn lớp phủ, với một khẩu phần thông thường chứa 400-800 calo tùy thuộc vào kích cỡ phần ăn và nguyên liệu được chọn.",80
99a01882-f6e0-5bcf-8d82-7ff3cfa6ace3,,,Salad gà kiểu Tây Nam (Southwest Chicken Salad),DISH,157.14,8.29,10.0,9.14,2.0,2.0,485.71,d955f552-54bb-4357-b9be-a0269615a707,,,"Salad gà Tây Nam là món salad khai vị lấy cảm hứng từ Mexico với ức gà dày dạn ăn kèm với rau trộn với đậu đen, ngô, cà chua và phô mai. Món ăn giàu protein này thường bao gồm các dải bánh tortilla giòn và nước sốt kem kiểu Tây Nam, với các loại phủ tùy chọn như guacamole hoặc bơ. Mặc dù cung cấp lượng protein và chất xơ đáng kể, hàm lượng dinh dưỡng thay đổi đáng kể tùy theo phương pháp chế biến và lớp phủ bên trên, với lượng calo thường dao động từ 350-680 mỗi khẩu phần.",80
067cab95-50ca-5762-ad07-84dbe3028efa,,,Salad rau xanh kèm thịt lợn cuộn (Pork Roll and Green Salad),DISH,150.0,8.89,10.56,4.44,1.67,2.22,416.67,d955f552-54bb-4357-b9be-a0269615a707,,,"Sự kết hợp ăn tối cổ điển ở New Jersey này có thịt lợn cuộn thái lát, một sản phẩm thịt chế biến trong vùng nổi tiếng với hương vị thơm ngon và hàm lượng protein phong phú, kết hợp với món salad xanh tươi. Món chả giò thường được nướng và có thể dùng kèm với phô mai hoặc trứng, trong khi món salad đi kèm mang lại sự tương phản rõ nét với rau trộn, rau tươi và nước sốt nhẹ. Sự kết hợp này mang lại sự cân bằng giữa món chả giò giàu natri, thịnh soạn (14-18g chất béo mỗi khẩu phần) và các thành phần salad đậm đặc chất dinh dưỡng, ít calo.",80
3a920952-4725-5844-9f43-ed5146736865,,,Salad Caesar gà rán (Fried Chicken Caesar Salad),DISH,284.19,14.84,17.74,16.45,1.29,1.29,387.1,d955f552-54bb-4357-b9be-a0269615a707,,,"Salad Caesar gà rán là một biến thể thịnh soạn của món salad Caesar cổ điển với ức gà rán và tẩm bột kiểu miền Nam đặt trên rau diếp romaine giòn. Bữa ăn thịnh soạn này kết hợp các yếu tố Caesar truyền thống bao gồm phô mai Parmesan, bánh mì nướng và nước sốt Caesar tỏi kem với gà rán giòn, tạo ra một món ăn có lượng calo cao hơn đáng kể so với món ăn truyền thống. Mặc dù cung cấp hàm lượng protein dồi dào từ cả thịt gà và phô mai, món salad hấp dẫn này thường chứa hàm lượng chất béo và natri cao do các thành phần chiên và nước sốt kem.",80
d3e63e08-899b-519c-9694-788250710264,,,Salad Niçoise Pháp (Salade Niçoise),DISH,110.0,8.75,5.0,7.5,1.5,1.0,200.0,d955f552-54bb-4357-b9be-a0269615a707,,,"Salade Niçoise là món salad cổ điển của Pháp có nguồn gốc từ thành phố Nice ở Địa Trung Hải. Món ăn giàu protein này có cá ngừ ngâm dầu, trứng luộc chín và cá cơm được sắp xếp với các loại rau tươi bao gồm cà chua, ô liu và đậu xanh, thường được trộn với dầu ô liu. Trong các bài thuyết trình của nhà hàng, các nguyên liệu được sắp xếp một cách nghệ thuật trên lớp rau diếp, tạo ra món chính phong phú minh họa cho chế độ ăn Địa Trung Hải lành mạnh đồng thời cung cấp sự kết hợp cân bằng giữa protein và chất béo lành mạnh.",95
b4d525cf-942a-52ea-a5be-cca2abda4d63,,,Súp lơ tẩm sốt cay Buffalo nướng giòn (Buffalo Cauliflower Bites),DISH,68.0,2.0,4.0,6.0,1.5,1.5,300.0,d955f552-54bb-4357-b9be-a0269615a707,,,"Buffalo Cauliflower Bites là một món thay thế làm từ thực vật cho món cánh trâu truyền thống, có bông súp lơ phủ nước sốt trâu cay và thường được nướng hoặc chiên trong không khí cho đến khi giòn. Món khai vị chay này mang lại kết cấu hài lòng và hương vị đậm đà, thơm của cánh trâu đồng thời mang lại lợi ích dinh dưỡng của các loại rau họ cải, bao gồm vitamin C và kali. Mặc dù có lượng calo thấp hơn so với các món cánh truyền thống, nhưng việc chuẩn bị tại nhà hàng thường bao gồm lớp phủ tẩm bột và rưới nhiều nước sốt, góp phần làm tăng hàm lượng natri.",75
8e7fb3c8-ee4d-5efc-b9ca-426da31f2ca8,,,Salad khoai tây vị Cajun (Cajun Potato Salad),DISH,278.18,3.64,15.45,31.36,1.82,1.36,272.73,d955f552-54bb-4357-b9be-a0269615a707,,,"Salad khoai tây Cajun là một biến thể béo ngậy, nhiều kem của miền Nam, được phân biệt bởi cách nêm gia vị đậm đà và phương pháp chế biến truyền thống. Món ăn kèm thịnh soạn này có khoai tây và trứng trộn với sốt mayonnaise và gia vị Cajun đặc trưng, ​​​​thường kết hợp 'Chúa Ba Ngôi' gồm hành, cần tây và ớt chuông. Không giống như salad khoai tây truyền thống, phiên bản giàu calo này thường được phục vụ khi còn ấm hoặc ở nhiệt độ phòng, với kết cấu đặc biệt có thể từ mịn đến dai.",95
70895119-e8d5-57dd-9bae-fe57011ddc78,,,Rau củ nướng đút lò phủ phô mai / Root Vegetable Gratin (Root Vegetable Gratin),DISH,120.0,3.6,7.6,12.0,1.8,2.0,152.0,d955f552-54bb-4357-b9be-a0269615a707,,,"Root Rau Gratin là một cách giải thích Bắc Âu sang trọng của món ăn cổ điển của Pháp, bao gồm các lớp rau củ theo mùa thái lát mỏng như rutabaga, củ cải vàng và cà rốt. Món chế biến tại nhà hàng này kết hợp các loại rau đất với kem đậm đà và pho mát kiểu Bắc Âu, tất cả đều được nướng cho đến khi mềm bên dưới lớp vỏ màu nâu vàng. Món ăn này thể hiện cách xử lý trang nhã của ẩm thực Bắc Âu đối với các loại rau củ khiêm tốn, tạo ra một món ăn kèm thịnh soạn, cân bằng giữa nguyên liệu mộc mạc với kỹ thuật tinh tế.",95
ee8e9d1e-cf4c-5aa7-892d-258fd4d1a7bb,,,Rau củ chiên giòn Tempura (Vegetable Tempura),DISH,206.35,3.81,13.49,17.46,2.38,1.59,396.83,d955f552-54bb-4357-b9be-a0269615a707,,,"Tempura rau củ là một món ăn Nhật Bản gồm nhiều loại rau được phủ một lớp bột giòn, nhẹ đặc biệt và được chiên ngập dầu ở nhiệt độ chính xác. Các loại rau phổ biến bao gồm khoai lang, bí xanh và ớt chuông, mỗi loại được nhúng vào hỗn hợp tinh tế gồm bột mì, trứng và nước đá lạnh trước khi chiên. Trong khi quá trình chiên ngập dầu làm tăng hàm lượng chất béo, phương pháp chế biến này tạo ra lớp phủ giòn, thoáng đặc trưng trong khi vẫn giữ được các lợi ích dinh dưỡng và bên trong mềm của rau.",95
6fb77239-9b1d-5261-996c-ef09b8e65d1d,,,Bánh kếp Pannenkoeken nhân nấm và hành tây (Pannenkoeken with Mushrooms and Onion),INGREDIENT,168.0,8.8,4.8,24.0,4.8,2.4,200.0,d955f552-54bb-4357-b9be-a0269615a707,,,"Pannenkoeken là một loại bánh pancake kiểu Hà Lan truyền thống, to hơn và mỏng hơn so với bánh kếp của Mỹ, thường được phục vụ như món ăn chính trong các quán cà phê chuyên biệt. Phiên bản mặn này có nấm xào và hành tây làm lớp phủ trên, tạo nên một bữa ăn thịnh soạn kết hợp giữa phần đế bánh kếp giống bánh crepe với các loại rau đất. Món ăn này cung cấp sự kết hợp cân bằng giữa protein và carbohydrate, với các loại rau củ phủ trên giúp tăng thêm giá trị dinh dưỡng và hương vị umami đậm đà.",95
1cf77010-7669-5cd0-83fd-41a1f9a308cb,,,Salad Caesar cải xoăn (Kale Caesar Salad),DISH,108.57,4.86,5.43,10.29,2.86,1.43,100.0,d955f552-54bb-4357-b9be-a0269615a707,,,"Một sự tái hiện dựa trên thực vật của món salad Caesar cổ điển có lá cải xoăn được xoa bóp thay cho rau diếp romaine truyền thống. Món ăn đậm đặc chất dinh dưỡng này thường kết hợp cải xoăn giòn với nước sốt Caesar không có kem sữa, các nguồn protein từ thực vật như đậu xanh hoặc tempeh giòn và các thành phần giòn như bánh mì chua hoặc hạnh nhân cắt lát. Món salad mang lại giá trị dinh dưỡng đặc biệt, đặc biệt giàu vitamin A, C và K, đồng thời cung cấp hàm lượng protein và chất xơ đáng kể.",95
b9196f70-e12d-53a8-9257-673c088d5731,,,Salad bơ kiểu Cuba / Ensalada de Aguacate (Ensalada de Aguacate),DISH,150.0,1.67,12.0,8.67,4.67,1.33,133.33,d955f552-54bb-4357-b9be-a0269615a707,,,"Ensalada de Aguacate là món salad bơ truyền thống của Cuba nổi bật bởi sự đơn giản trang nhã và việc sử dụng bơ Florida, loại bơ nhẹ hơn và ít kem hơn so với các loại bơ Hass. Món ăn tối giản này có bơ cắt lát mỏng và hành tím trộn với dầu ô liu và giấm rượu vang đỏ, tạo nên một món ăn nhẹ nhưng vẫn thỏa mãn. Chế phẩm này có hàm lượng carb thấp tự nhiên và giàu chất béo, chất xơ và kali lành mạnh, đồng thời vẫn đúng với truyền thống ẩm thực Cuba đích thực.",95
746aeab0-bc11-59cf-8e9e-993eb1e42a97,,,Bát hạt diêm mạch và rau củ (Vegetable Quinoa Bowl),DISH,100.0,3.71,2.57,15.71,2.29,1.71,57.14,d955f552-54bb-4357-b9be-a0269615a707,,,"A Rau Quinoa Bowl là một món khai vị đậm đặc chất dinh dưỡng với các nguyên liệu có nguồn gốc địa phương điển hình của ẩm thực từ trang trại đến bàn ăn của vùng Tây Bắc Thái Bình Dương. Món ăn này tập trung vào thành phần quinoa giàu protein bên trên là các loại rau nướng luân phiên theo mùa, có thể bao gồm bí mùa đông, rau củ hoặc rau xanh tươi mùa hè tùy thuộc vào thời điểm thu hoạch. Món bát được chế biến cẩn thận này thường bao gồm sốt tahini tự làm hoặc nước sốt tẩm thảo mộc, đồng thời thường có các đặc sản của vùng như nấm được trồng ở địa phương hoặc các loại đậu được trồng tại địa phương để có thêm protein và kết cấu.",95
ea2ac710-10bb-5db8-ae79-8ba69d47130a,,,Salad xương rồng Nopales (Nopales Salad),DISH,126.67,7.33,4.67,15.33,5.33,3.33,266.67,d955f552-54bb-4357-b9be-a0269615a707,,,"Salad Nopales là một món ăn truyền thống của Mexico bao gồm các miếng xương rồng nướng mềm (nopales) kết hợp với cà chua tươi, hành tây và ngò. Món salad nhẹ nhàng, sảng khoái này thường được trang trí bằng queso fresco vụn và thường được trộn với nước cốt chanh, tạo ra một món ăn bổ dưỡng ít calo nhưng giàu chất xơ và vitamin. Nopales nấu chín mang lại kết cấu mềm-giòn độc đáo và hương vị hơi chua, bổ sung cho các loại rau tươi.",95
24c9e45a-0eb2-5246-b53c-01c8d66791ed,,,Hành tây chiên xù / Hành tây khoanh (Onion Rings),INGREDIENT,521.37,6.84,29.91,56.41,2.99,4.27,512.82,d955f552-54bb-4357-b9be-a0269615a707,,,"Hành tây chiên khoanh kiểu nhà hàng là những lát hành tây cắt dày phủ bột mì hoặc bột mì dày dặn rồi chiên giòn cho đến khi có màu vàng nâu. Món khai vị và món ăn kèm phổ biến này có vỏ ngoài giòn bao quanh hành tây mềm, ngọt, thường dùng nóng với nước chấm. Là một món ăn chiên giòn, các suất ăn tại nhà hàng có hàm lượng calo và chất béo cao đáng kể, với một khẩu phần thông thường chứa 400-600 calo và cung cấp một phần đáng kể lượng natri hàng ngày.",95
ba8c3b01-afd4-53ff-973e-5cc9f5a514d5,,,Bánh galette nhân rau bina và phô mai Feta (Spinach and Feta Galette),INGREDIENT,258.67,9.33,16.67,17.33,1.67,2.67,466.67,d955f552-54bb-4357-b9be-a0269615a707,,,"A Spinach and Feta Galette là một loại bánh crepe thơm ngon kiểu Pháp chứa đầy rau bina héo, phô mai feta vụn và gia vị thơm. Món ăn ấm áp, được chế biến theo yêu cầu này có lớp bánh crepe màu nâu vàng tinh tế bao quanh phần nhân kem, tạo nên một bữa ăn hoàn chỉnh cân bằng carbohydrate với phô mai giàu protein và rau bina đậm đặc chất dinh dưỡng. Sự kết hợp giữa rau bina mềm và feta thơm tạo nên một hương vị cổ điển vừa hài lòng vừa bổ dưỡng.",95
1ec186bf-0666-5a7f-8d2a-c04352f6b074,,,Khoai tây nướng sốt BBQ (BBQ Baked Potatoes),DISH,189.0,8.0,5.25,13.0,2.5,2.0,265.0,d955f552-54bb-4357-b9be-a0269615a707,,,"Khoai tây nướng BBQ là loại khoai tây màu nâu đỏ cỡ lớn được chế biến tại các nhà hàng thịt nướng miền Nam như một món ăn chính thịnh soạn. Những củ khoai tây khổng lồ này thường được làm từ sự kết hợp phong phú của các loại thịt hun khói như thịt lợn kéo hoặc thịt ức, sau đó phủ phô mai cắt nhỏ, bơ, kem chua và sốt BBQ. Kích thước khẩu phần đáng kể và lớp phủ phong phú khiến đây trở thành một bữa ăn giàu calo có thể vượt quá 750 calo trong khi cung cấp một lượng đáng kể protein từ lớp phủ thịt.",95
09d260a5-d4ec-5a76-8275-1ea9acf728d8,,,Rau củ nướng thập cẩm (Roasted Root Vegetables),DISH,77.65,2.24,2.94,13.41,2.24,5.88,117.65,d955f552-54bb-4357-b9be-a0269615a707,,,"Các loại rau củ nướng là món ăn kèm tại quán rượu truyền thống của Ailen với sự kết hợp của các loại củ theo mùa như cà rốt, rau mùi tây, củ cải và củ cải đường. Những loại rau này thường được rang với nhiều bơ hoặc dầu và nêm với các loại thảo mộc như húng tây và hương thảo cho đến khi có màu caramen và mềm. Mặc dù các suất ăn tại nhà hàng có xu hướng ngon miệng và phong phú hơn so với các món ăn được chế biến tại nhà, nhưng món ăn này vẫn là nguồn cung cấp chất xơ, kali và các vitamin thiết yếu.",95
4e513010-585b-5242-8147-a5d5e4ffd305,,,Bánh Crepe nhân rau bina và nấm (Spinach and Mushroom Crepe),INGREDIENT,250.0,13.33,15.0,16.33,1.33,2.33,266.67,d955f552-54bb-4357-b9be-a0269615a707,,,"Bánh crepe rau bina và nấm là một món ăn mặn kiểu Pháp gồm một chiếc bánh kếp mỏng, tinh tế chứa đầy nấm xào và rau bina héo. Cách chế biến nhà hàng này thường bao gồm các nguyên liệu phong phú như pho mát gruyère và sốt kem, tạo nên một món khai vị thịnh soạn kết hợp nấm đất với rau bina mềm. Bản thân bánh crepe được làm từ bột mì, được nấu chín trên chảo cho đến khi vàng, sau đó gấp lại xung quanh phần nhân để tạo nên một cách trình bày trang nhã.",95
a170e940-7a6d-553f-8c3b-bbfdf0045201,,,Salad sốt bơ mè Tahini (Tahini Salad),DISH,123.53,3.53,7.06,10.59,2.94,2.35,88.24,d955f552-54bb-4357-b9be-a0269615a707,,,"Salad Tahini là một món ăn Trung Đông bao gồm các loại rau tươi trộn với nước sốt kem tahini, thường được phục vụ trong các nhà hàng ở Iraq. Chế phẩm bổ dưỡng này kết hợp dưa chuột giòn, cà chua và các loại thảo mộc với nước sốt đậm đà làm từ bột mè (tahini), nước chanh và tỏi. Món salad cung cấp một lượng đáng kể chất béo, sắt và chất xơ có lợi cho tim, trong khi các loại gia vị truyền thống như cây thù du hoặc thì là làm tăng hương vị đích thực của nó.",95
2a437981-08ca-5e8a-b6f4-d2c3587736d0,,,Canh kim chi hầm (Kimchi Stew),DISH,100.0,6.86,3.43,10.0,1.0,1.71,228.57,d955f552-54bb-4357-b9be-a0269615a707,,,"Kimchi Stew (Kimchi Jjigae) là món Lẩu truyền thống của Hàn Quốc với thành phần chủ yếu là kim chi lên men, protein mềm và rau củ trong nước dùng đậm đà vị umami. Món hầm thịnh soạn này kết hợp các lợi ích lợi khuẩn của bắp cải lên men với các yếu tố tạo cảm giác thỏa mãn của đậu phụ hoặc thịt, thường được phục vụ khi còn nóng trong bát đá. Món ăn này mang đến một bữa ăn giàu dinh dưỡng với men vi sinh, protein và vitamin, đồng thời mang đến hương vị cay nồng đặc trưng của ẩm thực Hàn Quốc.",75
20d5f6cb-f75b-5c18-a403-dfe702872529,,,Xúc xích hun khói Kielbasa vị tỏi (Garlic Kielbasa),DISH,335.0,12.4,29.6,4.91,0.0,2.39,1055.0,d955f552-54bb-4357-b9be-a0269615a707,,,"Tỏi Kielbasa là một loại xúc xích hun khói Ba Lan dày dặn, đặc trưng bởi hương vị tỏi nổi bật và mùi khói chắc chắn. Thường được bán nấu chín trước, loại xúc xích làm từ thịt lợn này thường được chiên, nướng hoặc ninh để tăng hương vị thơm ngon và lớp vỏ giòn. Mặc dù giàu protein nhưng nó lại chứa đáng kể chất béo bão hòa và natri, khiến việc kiểm soát khẩu phần ăn trở nên quan trọng đối với chế độ ăn uống cân bằng. Hương vị mạnh mẽ của nó kết hợp tốt với các món ăn thịnh soạn như món hầm hoặc dưa cải bắp.",95
774d6111-5048-5c51-945d-ba9de16d88aa,,,Rau củ nướng vỉ (Grilled Vegetables),DISH,93.98,2.26,5.26,10.15,3.01,3.76,150.38,d955f552-54bb-4357-b9be-a0269615a707,,,"Rau nướng trong ẩm thực Lebanon là sự kết hợp sôi động của các sản phẩm tươi theo mùa, thường bao gồm cà tím, bí xanh, ớt chuông, cà chua và hành tây. Những loại rau này được phết bằng dầu ô liu tốt cho tim và nêm với các loại thảo mộc và gia vị đặc trưng của Liban như tỏi, bạc hà và cây thù du. Quá trình nướng giúp tăng cường vị ngọt tự nhiên của chúng trong khi vẫn duy trì giá trị dinh dưỡng, tạo ra một món ăn ít calo, giàu chất xơ thường được phục vụ như một phần của đĩa mezze hoặc như một món ăn kèm đầy hương vị.",95
d29725fa-c4b4-5a6f-a414-3825cd61e8d9,,,Salad gà nướng (Grilled Chicken Salad),DISH,342.0,18.0,11.0,44.0,4.0,5.0,114.0,d955f552-54bb-4357-b9be-a0269615a707,,,"Salad gà nướng là một bữa ăn giàu protein kết hợp ức gà nạc, cháy với các loại rau lá xanh tươi và các loại rau củ đa dạng phủ trên. Món ăn này lấy thành phần dinh dưỡng từ protein động vật chất lượng cao và rau giàu chất xơ, đồng thời vẫn có thể thích ứng với nhu cầu ăn kiêng thông qua lựa chọn nước sốt và bổ sung như các loại hạt hoặc bơ. Nướng làm giảm hàm lượng chất béo so với các chế phẩm từ gà rán, khiến món salad này trở thành một lựa chọn cân bằng cho chế độ ăn kiêng ít carb hoặc ít calo khi kết hợp với nước sốt nhẹ.",80
d2e2af44-7c2f-5fb2-86e5-aabab9330aec,,,Đậu phụ xào rau củ (Stir-Fried Tofu and Vegetables),DISH,70.0,4.4,4.0,5.0,2.2,1.2,120.0,d955f552-54bb-4357-b9be-a0269615a707,,,"Đậu phụ xào và rau là một món ăn thuần chay cân bằng thường được phục vụ tại các nhà hàng thực vật, bao gồm các khối đậu phụ giàu protein và nhiều loại rau tươi như bông cải xanh, cà rốt và ớt chuông. Món ăn này thường được chế biến trong chảo với dầu nhẹ và nước sốt thơm ngon lấy cảm hứng từ châu Á, tạo ra một bữa ăn đậm đặc chất dinh dưỡng cung cấp khoảng 20-30 gam protein mỗi khẩu phần. Phương pháp nấu nhanh giúp bảo quản chất dinh dưỡng của rau mà vẫn giữ được kết cấu giòn.",95
6d92ce57-7e78-538d-9aa9-4aaccb322c4a,,,Đậu phụ ướp gia vị Jerk (Jerk Tofu),DISH,118.89,5.33,2.69,19.56,1.33,4.44,333.33,d955f552-54bb-4357-b9be-a0269615a707,,,"Đậu hũ giật là một món ăn chay lấy cảm hứng từ vùng Caribe với đậu phụ cứng được ướp với gia vị truyền thống của Jamaica. Đậu phụ thường được nướng hoặc áp chảo cho đến khi giòn, hấp thụ hương vị phức tạp của hạt tiêu, húng tây, ớt scotch và gia vị thơm. Món ăn giàu protein này cung cấp một loại gia vị, thơm thay thế cho các chế phẩm khô truyền thống đồng thời cung cấp nguồn protein thực vật đáng kể với lượng calo vừa phải.",75
22aa3f64-604d-5c6e-ab5d-54fc8fc7f929,,,Đậu phụ xào Cung Bảo / Kung Pao (Kung Pao Tofu),DISH,133.33,4.0,5.0,17.33,1.83,3.0,408.33,d955f552-54bb-4357-b9be-a0269615a707,,,"Kung Pao Tofu là món ăn chay chuyển thể từ món ăn cổ điển của nhà hàng Trung Quốc với đậu phụ thái hạt lựu xào với rau, đậu phộng và ớt khô trong nước sốt cay mặn. Món ăn giàu protein này thường cung cấp 22-48g protein cho mỗi khẩu phần, mặc dù khẩu phần ăn tại nhà hàng có xu hướng nhiều và có hàm lượng natri cao hơn so với các món ăn chế biến tại nhà. Món ăn truyền thống này được phục vụ nóng trên cơm trắng, kết hợp đậu phụ mềm, đậu phộng giòn và nước sốt đậm đà, phức hợp cân bằng hương vị ngọt, cay và umami.",75
f150923f-3489-566d-9a62-d6322ddb3abf,,,Cơm chiên kim chi (Kimchi Fried Rice),DISH,92.8,2.6,4.6,10.6,0.6,1.0,213.8,d955f552-54bb-4357-b9be-a0269615a707,,,"Cơm chiên kim chi là món ăn đặc trưng của Hàn Quốc được chế biến từ cơm để ngày với kim chi lên men, tạo nên một bữa ăn cay, thơm và đậm đà. Món ăn chủ yếu của nhà hàng này thường có cơm chiên giòn với kim chi, tỏi và gia vị, thường phủ thêm trứng chiên và hành lá. Sự kết hợp giữa kim chi lên men và gạo tạo nên hương vị đậm đà vị umami đặc biệt, trong khi những món bổ sung thông thường như thư rác hoặc thịt xông khói có thể làm tăng hàm lượng protein trong món ăn truyền thống lấy carb làm trung tâm này.",75
e74bc807-57aa-556f-87b2-9d400d595ae7,,,Salad cà rốt kiểu Ma-rốc (Carrot Salad),DISH,112.0,1.33,6.67,12.0,2.33,6.0,100.0,d955f552-54bb-4357-b9be-a0269615a707,,,"Salad cà rốt Ma-rốc là một món ăn sống động bao gồm cà rốt cắt nhỏ được ướp với hỗn hợp thơm của gia vị Bắc Phi, dầu ô liu và nước cốt chanh. Món salad tươi mát này thường kết hợp cà rốt giòn với nho khô ngọt, thảo mộc tươi và các loại hạt nướng, tạo ra sự cân bằng đặc trưng của hương vị ngọt, thơm và mặn. Giàu vitamin A và chất béo lành mạnh, món này thường được dùng ướp lạnh như món khai vị hoặc món ăn phụ trong ẩm thực Ma-rốc.",95
eb08c49d-82ea-5729-8d8c-111d3f62e7c5,,,Salad khoai tây và trứng kiểu Argentina (Ensalada de Papa y Huevo),DISH,140.0,4.4,6.8,16.0,2.0,1.2,200.0,d955f552-54bb-4357-b9be-a0269615a707,,,"Ensalada de Papa y Huevo là món salad khoai tây và trứng truyền thống của Argentina thường được phục vụ tại các nhà hàng nướng và asados. Món ăn kèm thịnh soạn này kết hợp khoai tây luộc mềm và trứng luộc cắt nhỏ, thường được trộn với dầu ô liu và giấm hoặc nước sốt làm từ sốt mayonnaise nhẹ. Món salad thường được trang trí với rau mùi tây tươi và hành tây thái nhỏ, tạo nên sự kết hợp cân bằng giữa kết cấu kem và hương vị thơm ngon.",95
5a22c46e-e8d9-51f8-b7c3-aeb241e6fa3e,,,Salad bắp cải băm / Coleslaw (Coleslaw Salad),DISH,170.0,1.0,13.0,10.0,2.0,5.0,200.0,d955f552-54bb-4357-b9be-a0269615a707,,,"Xà lách trộn kiểu Deli là một món salad chế biến dạng kem được làm chủ yếu từ bắp cải thái nhỏ và cà rốt trộn với nước sốt làm từ sốt mayonnaise. Món ăn kèm cổ điển này thường chứa 150-250 calo mỗi khẩu phần, với phần lớn hàm lượng chất béo đến từ nước sốt mayonnaise, trong khi phần rau củ cung cấp các vitamin A và C có lợi. Nước sốt kem, có vị ngọt và rau củ giòn tạo nên kết cấu và hương vị đặc trưng bổ sung cho bánh mì sandwich và các món ăn ngon khác.",95
f2392196-a47b-5fa2-9161-56321ddb6c26,,,Mì Spaghetti sốt ớt thịt băm Cincinnati 4-Way kèm hành tây (Classic Cincinnati Chili 4-Way with Onions),INGREDIENT,212.5,12.0,11.0,15.0,1.25,2.0,542.5,d955f552-54bb-4357-b9be-a0269615a707,,,"Cincinnati Chili 4-Way là một món ăn đặc biệt của vùng gồm có ớt thịt mỏng, tẩm gia vị dùng kèm với mì spaghetti và phủ phô mai cheddar thái nhỏ và hành tây thái hạt lựu. Cách chế biến độc đáo này được phân biệt bởi hỗn hợp gia vị ngọt-ngọt có chứa quế, sô cô la và hạt tiêu, tạo nên hương vị khác biệt rõ rệt so với ớt truyền thống. Món ăn này cung cấp lượng protein đáng kể và thường được phục vụ theo cách trình bày theo từng lớp cụ thể, mang tính biểu tượng cho các tiệm bán ớt kiểu Cincinnati.",95
ddc51996-31ef-5c96-918c-64a8c8f96e4c,,,Salad khoai tây Olivier (Olivier Salad),DISH,116.0,6.0,6.8,10.8,4.0,1.2,228.0,d955f552-54bb-4357-b9be-a0269615a707,,,"Olivier Salad là một món ăn Đông Âu thịnh soạn kết hợp khoai tây thái hạt lựu, cà rốt, đậu Hà Lan, trứng và thịt trong nước sốt kem mayonnaise. Món salad đáng kể này, thường được phục vụ như món chính trong các nhà hàng Ucraina, có sự kết hợp đặc biệt giữa các loại rau mềm, nguyên liệu giàu protein và dưa chua thơm, tất cả đều được cắt thành khối nhỏ đồng đều. Khẩu phần ăn phong phú và sự kết hợp cân bằng giữa protein, tinh bột và rau quả khiến nó trở thành một bữa ăn no thường cung cấp khoảng 290 calo mỗi khẩu phần ăn.",95
df80156c-9b55-5d44-9b0d-be17146ae1ed,,,Bánh mì dẹt tỏi Naan (Garlic Naan),DISH,300.0,8.0,6.0,48.0,2.5,3.0,600.0,d955f552-54bb-4357-b9be-a0269615a707,,,"Tỏi naan là một loại bánh mì dẹt có men của Ấn Độ, đặc trưng bởi kết cấu mềm, dai và hương thơm của tỏi băm và các loại thảo mộc tươi như ngò. Theo truyền thống được nướng trong lò tandoor, loại bánh mì làm từ lúa mì này được làm giàu với sữa chua trong bột và thường được phết bơ hoặc bơ sữa trâu sau khi nấu, góp phần tạo nên hương vị đậm đà và bề ngoài hơi cháy. Mặc dù có ít chất xơ hơn do bột mì tinh chế, nhưng nó vẫn là món ăn kèm phổ biến cho các món cà ri và nước chấm, mặc dù nó có chứa gluten và thường là sữa.",95
e07849fa-c2e0-5a03-ad19-28bcd719272c,,,Salad phô mai Pimento (Pimento Cheese Salad),DISH,99.0,3.0,7.0,7.0,1.0,2.0,300.0,d955f552-54bb-4357-b9be-a0269615a707,,,"Salad phô mai Pimento là một món ăn đặc sản miền Nam phong phú kết hợp phô mai cheddar sắc nét, sốt mayonnaise và ớt ngọt tạo thành món salad phết kem. Chế độ ăn giàu calo này thường có khẩu phần hào phóng được phục vụ tại các nhà hàng miền Nam, thường đi kèm với bánh quy hoặc như một phần của đĩa lớn hơn. Món ăn này đặc biệt có hàm lượng chất béo và protein cao, với hương vị ngọt ngào đặc trưng và kết cấu kem nổi bật bởi những miếng pimento màu đỏ đặc trưng.",75
c9ac0b21-5afd-5c61-bf9e-68865d13f8c2,,,Bánh mì Sub kẹp cà tím đút lò phô mai (Eggplant Parmesan Sub),DISH,150.0,5.0,6.67,15.0,1.67,2.0,266.67,d955f552-54bb-4357-b9be-a0269615a707,,,"Cà tím Parmesan Sub là một loại bánh sandwich thịnh soạn bao gồm các lát cà tím chiên tẩm bột, xếp lớp với nước sốt marinara và phô mai mozzarella tan chảy và parmesan trên một chiếc bánh cuộn kiểu Ý. Nhà hàng chuyển thể từ món ăn cổ điển của Ý này có hàm lượng calo đặc biệt cao do các thành phần tẩm bột và chiên, thường chứa 400-500 calo mỗi khẩu phần. Sự kết hợp giữa cà tím giòn, nước sốt thơm và phô mai tan chảy tạo nên một lựa chọn ăn chay ngon miệng, đặc biệt phổ biến ở các cửa hàng phụ và nhà hàng bánh sandwich.",75
a45d67f9-7004-53af-80f7-d99ac260313f,,,Rau củ hầm nồi đất Tagine (Vegetable Tagine),DISH,116.85,3.26,3.53,17.66,2.45,4.08,122.28,d955f552-54bb-4357-b9be-a0269615a707,,,"Tagine rau củ là một món ăn truyền thống của Bắc Phi được nấu chậm trong một chiếc nồi hình nón đặc biệt để tập trung hương vị và độ ẩm. Món hầm thơm này kết hợp các loại rau theo mùa, đậu xanh và trái cây sấy khô với các loại gia vị ấm áp như thì là, rau mùi và quế, tạo nên một hương vị phức tạp. Món ăn thịnh soạn có nguồn gốc thực vật này thường được phục vụ cùng với couscous hoặc với bánh mì, mang đến một bữa ăn giàu chất dinh dưỡng với nhiều chất xơ và chất chống oxy hóa tự nhiên.",95
d915b593-74a0-5261-9b7f-f516830d3f66,,,Phô mai Provoleta nướng cà chua và ô liu (Provoleta with Tomatoes and Olives),DISH,441.18,22.35,30.59,7.06,2.35,3.53,588.24,d955f552-54bb-4357-b9be-a0269615a707,,,"Provoleta là món khai vị truyền thống của Argentina gồm phô mai provolone cắt dày nướng cho đến khi vàng và sủi bọt, dùng kèm với cà chua tươi và ô liu. Món ăn thơm ngon, ấm áp này kết hợp phô mai tan chảy đậm đà với vị chua tươi của cà chua và ô liu mặn, tạo nên sự pha trộn hài hòa giữa hương vị và kết cấu. Phổ biến trong các món nướng của Argentina, món khai vị giàu protein này thường được thưởng thức cùng với bánh mì giòn và dùng làm món mở đầu cho các món thịt nướng.",95
2c5ecb45-111b-5d04-9a3d-13c30036f595,,,Salad Cobb kiểu California (California Cobb Salad),DISH,211.11,11.11,15.56,6.67,2.22,1.78,377.78,d955f552-54bb-4357-b9be-a0269615a707,,,"California Cobb Salad là món salad khai vị cao cấp với thành phần được sắp xếp cẩn thận bao gồm gà nướng, thịt xông khói giòn, bơ, phô mai xanh, trứng luộc chín và cà chua tươi trên rau trộn. Món ăn quan trọng này được các nhà hàng kết hợp ở California phổ biến, cung cấp hàm lượng protein đáng kể và chất béo lành mạnh từ các nguyên liệu cao cấp. Mặc dù được phục vụ theo kiểu truyền thống với nước sốt trang trại, món salad thịnh soạn này thường cung cấp một bữa ăn hoàn chỉnh với lượng calo từ 900-1000 trong phần đầy đủ.",95
39b45973-f306-5916-8ba7-91b662eab6c8,,,Mì Spaghetti sốt ớt thịt băm Cincinnati 4-Way kèm đậu (Classic Cincinnati Chili 4-Way with Beans),DISH,254.29,14.29,12.57,18.86,0.86,2.86,620.0,d955f552-54bb-4357-b9be-a0269615a707,,,"Cincinnati Chili 4-Way with Beans là một món ăn đặc biệt của vùng bao gồm ớt bò xay tẩm gia vị ăn kèm với mì spaghetti với đậu thận, hành tây thái hạt lựu và một lớp phô mai cheddar cắt nhỏ phủ trên cùng. Ớt được đặc trưng bởi hỗn hợp gia vị ngọt-ngọt độc đáo có chứa quế, hạt tiêu và đinh hương, tạo nên sự khác biệt so với các chế phẩm ớt truyền thống. Món ăn nhà hàng thịnh soạn này cung cấp một bữa ăn thịnh soạn với khoảng 45-50 gam protein cho mỗi khẩu phần ăn thông thường, mặc dù nó cũng có hàm lượng natri cao.",75
790866bf-f0e6-5950-9b17-e6d66b7d1d36,,,Salad Couscous kiểu Địa Trung Hải (Mediterranean Couscous Salad),DISH,140.0,5.2,6.0,16.0,2.8,1.6,180.0,d955f552-54bb-4357-b9be-a0269615a707,,,"Salad Couscous Địa Trung Hải là một món ăn sôi động gồm có couscous semolina mềm được trộn với rau tươi, thảo mộc và các món ăn chủ yếu của Địa Trung Hải như ô liu và đậu xanh. Món chế biến tại nhà hàng này thường được trộn với dầu ô liu và nước chanh, tạo nên một bữa ăn nhẹ nhàng nhưng thỏa mãn, giàu chất xơ và chất béo lành mạnh. Sự kết hợp cân bằng giữa ngũ cốc nguyên hạt, rau và protein làm cho nó trở thành một lựa chọn bổ dưỡng mang lại cả hương vị Địa Trung Hải đích thực và lợi ích dinh dưỡng đáng kể.",95
4da0697d-8416-525c-b534-ee3d2e8510ad,,,Đậu đen hầm rau củ Feijoada (Vegetable Feijoada),DISH,97.22,5.0,2.22,14.44,3.33,2.22,533.33,d955f552-54bb-4357-b9be-a0269615a707,,,"Rau Feijoada là một món ăn chuyển thể từ thực vật của món ăn quốc gia của Brazil, thường được phục vụ tại các nhà hàng bít tết của Brazil. Món hầm thịnh soạn này xoay quanh đậu đen được nấu chậm với các loại rau củ, tỏi và gia vị thơm, tạo nên hương vị đậm đà, đậm đà mà không cần các thành phần thịt truyền thống. Món ăn này cung cấp hàm lượng protein và chất xơ đáng kể thông qua các loại đậu, trong khi khoai lang hoặc bí giúp tăng thêm vị ngọt tự nhiên và bổ sung giá trị dinh dưỡng.",95
52843f45-8a80-5a84-9ba4-efff8f4bdfc4,,,Salad phô mai dê (Goat Cheese Salad),DISH,152.0,7.2,10.8,6.4,1.8,2.0,140.0,d955f552-54bb-4357-b9be-a0269615a707,,,"Salad phô mai dê là một món ăn gồm có phô mai chèvre vụn, thơm được phục vụ trên các loại rau tươi trộn với các thành phần bổ sung như củ cải nướng, kẹo quả óc chó và trái cây theo mùa. Món salad kiểu nhà hàng này thường được trộn với dầu giấm nhẹ và cung cấp sự cân bằng tuyệt vời về protein, chất béo lành mạnh và chất xơ đồng thời giàu canxi và vitamin. Sự kết hợp giữa phô mai dê dạng kem, dễ tiêu hóa một cách tự nhiên hơn phô mai sữa bò, với rau xanh giòn và các loại hạt giòn tạo nên sự kết hợp hài lòng giữa kết cấu và hương vị.",75
b1ba180e-b0c1-58d6-8350-2f6b9820aa65,,,Khoai tây luộc trộn thì là (Potatoes with Dill),INGREDIENT,130.5,1.5,7.0,13.0,1.0,0.5,90.0,d955f552-54bb-4357-b9be-a0269615a707,,,"Khoai tây với thì là là một món ăn kèm cổ điển của Bắc Âu gồm có khoai tây non mềm trộn với thì là tươi và bơ hoặc kem. Cách chế biến đơn giản nhưng trang nhã này giúp tỏa sáng vị ngọt tự nhiên của khoai tây đồng thời được tăng cường nhờ hương thơm tươi sáng của thì là. Các món ăn truyền thống của nhà hàng thường có khoai tây được hấp nhẹ hoặc luộc cho đến khi mềm, sau đó kết thúc với một lượng lớn thì là tươi và bơ béo ngậy để có hương vị béo ngậy, thơm.",95
e01653e6-4d70-5181-8753-1689ba0744a8,,,Bánh quy kẹp cà chua xanh chiên (Fried Green Tomato Biscuit),DISH,166.24,3.38,10.55,14.77,1.27,2.53,379.75,d955f552-54bb-4357-b9be-a0269615a707,,,"Bánh quy cà chua xanh chiên là món đặc sản của nhà hàng miền Nam kết hợp bánh quy bơ sữa tự làm với những lát cà chua xanh tẩm bột ngô giòn. Món bánh sandwich hấp dẫn này thường được phục vụ với kem phô mai dê và thạch ớt cay, tạo nên sự tương phản đặc biệt về kết cấu và hương vị. Món ăn giàu calo, giàu calo này thể hiện kỹ thuật nấu ăn truyền thống của miền Nam thông qua sự kết hợp giữa bánh quy xốp và cà chua chua chiên hoàn hảo.",95
0ae54481-4bbe-5449-803f-76ea07c7eab3,,,Salad sốt ớt thịt băm Chili (Chili Salad),DISH,100.0,6.57,5.14,6.86,1.71,2.29,300.0,d955f552-54bb-4357-b9be-a0269615a707,,,"Salad ớt là một đặc sản đặc biệt của nhà hàng Cincinnati kết hợp ớt cay đặc trưng của thành phố với rau trộn tươi. Món ăn thịnh soạn này có phong cách ớt độc đáo của vùng, nổi tiếng với sự pha trộn đặc biệt của các loại gia vị bao gồm quế và sô cô la, dùng nóng trên rau diếp giòn và thường phủ hành tây thái hạt lựu, phô mai cheddar cắt nhỏ và bánh hàu tùy chọn. Nó cung cấp một loại thay thế nhẹ hơn cho ớt Cincinnati truyền thống trong khi vẫn duy trì hương vị đích thực của ẩm thực vùng này.",95
93c268c4-f13b-5e45-9891-fcb8d3ee9d5b,,,Nấm hầm sốt ớt bột Paprikash (Mushroom Paprikash),DISH,112.5,6.25,7.5,5.0,0.75,2.0,150.0,d955f552-54bb-4357-b9be-a0269615a707,,,"Mushroom Paprikash là một cách giải thích của người Balkan về món hầm cổ điển của Hungary, với nấm mềm trong nước sốt kem béo ngậy có hương vị đậm đà của ớt bột. Món ăn nhà hàng này kết hợp nấm xào với nước sốt sang trọng làm từ kem đặc hoặc kem chua, rau thơm và một lượng lớn ớt bột ngọt hoặc hun khói. Kết quả là một món chay chính thịnh soạn cung cấp cả protein đất của nấm và vị đậm đà dễ chịu của nước sốt đặc trưng của nó.",95
994b2c3f-c709-591b-bb16-e7c3e3d0541d,,,Vỏ khoai tây nướng (Potato Skins),INGREDIENT,247.06,10.59,15.29,21.18,2.94,1.18,352.94,d955f552-54bb-4357-b9be-a0269615a707,,,"Vỏ khoai tây là một món khai vị thịnh soạn được làm từ những nửa củ khoai tây rỗng được chiên giòn và phủ phô mai cheddar tan chảy, thịt xông khói vụn và thường phủ kem chua và hành lá lên trên. Những món khai vị hấp dẫn này thường được chiên ngập dầu hoặc nướng cho đến khi giòn, tạo ra sự tương phản giữa lớp vỏ giòn và lớp kem phủ bên trên. Là món khai vị của nhà hàng, chúng đặc biệt có lượng calo, chất béo và natri cao do lớp phủ bên trên phong phú và phương pháp chế biến.",95
be978409-21f5-5c90-9f5b-02b64de70cc1,,,Cà tím nướng vỉ (Grilled Eggplant),DISH,106.67,1.33,9.33,6.67,2.0,3.33,166.67,d955f552-54bb-4357-b9be-a0269615a707,,,"Cà tím nướng từ quầy falafel là một món ăn kiểu Địa Trung Hải, trong đó những lát cà tím dày được ướp trong dầu ô liu và các loại thảo mộc thơm, sau đó nướng cho đến khi mềm và cháy nhẹ. Cách chế biến này biến loại rau nhẹ thành một món ăn nhiều khói, đậm đà thường được phục vụ như một thành phần bánh sandwich hoặc món ăn phụ với tahini hoặc hummus. Mặc dù có lượng calo thấp tự nhiên nhưng xu hướng hấp thụ dầu của cà tím trong quá trình chế biến có thể làm tăng đáng kể hàm lượng calo của nó, mặc dù nó vẫn là nguồn cung cấp chất xơ và chất chống oxy hóa tốt.",75
34517113-8dbc-541d-8074-6f97c7ba7478,,,Salad Cobb bơ (Avocado Cobb Salad),DISH,190.7,11.4,12.33,8.6,1.86,1.4,406.98,d955f552-54bb-4357-b9be-a0269615a707,,,"Salad Cobb bơ là một món salad nhà hàng thịnh soạn được chế biến theo kiểu Cobb cổ điển với thành phần đặc trưng là bơ bổ sung. Bữa ăn thịnh soạn này kết hợp các loại rau xanh trộn với gà nướng, thịt xông khói, trứng luộc, phô mai xanh và cà chua, thường được dùng kèm với các loại nước sốt. Mặc dù có hàm lượng protein và chất béo lành mạnh cao tự nhiên, nhưng thành phần dinh dưỡng của nó thay đổi đáng kể dựa trên khẩu phần ăn và cách lựa chọn nước sốt, với lượng calo thường dao động từ 570-1040 mỗi khẩu phần đầy đủ.",95
23dba062-8a3b-5899-9611-34feff957b5e,,,Salad giòn kiểu Á (Asian Crunch Salad),DISH,333.33,17.33,17.33,30.67,4.0,6.67,662.0,d955f552-54bb-4357-b9be-a0269615a707,,,"Asian Crunch Salad là món khai vị tập trung vào sức khỏe kết hợp các loại rau xanh tươi trộn, bắp cải cắt nhỏ và rau củ giòn với các thành phần giòn đặc trưng như hạnh nhân nướng và hạt vừng. Món ăn giàu protein này thường có thịt gà hoặc đậu phụ nướng nạc, được trộn với dầu giấm mè-gừng nhạt mang đến hương vị lấy cảm hứng từ châu Á mà không chứa quá nhiều calo. Sự kết hợp cân bằng cẩn thận giữa rau, protein nạc và chất béo lành mạnh sẽ tạo ra một bữa ăn đậm đặc chất dinh dưỡng vừa thỏa mãn vừa bổ dưỡng.",95
f0953940-1b88-5684-be14-d079d88c0f98,,,Nấm nướng gia vị Tandoori (Tandoori Mushrooms),DISH,88.18,3.64,5.64,6.45,1.82,3.64,272.73,d955f552-54bb-4357-b9be-a0269615a707,,,"Nấm Tandoori là một món ăn của nhà hàng Ấn Độ, nơi nấm tươi được ướp trong hỗn hợp sữa chua có gia vị gồm gừng, tỏi và gia vị tandoori truyền thống. Sau đó, nấm được nướng trong lò tandoor, tạo ra hương vị khói trong khi vẫn giữ được kết cấu mềm. Món ăn chay này cung cấp một sự thay thế nhẹ nhàng hơn cho các món tandoori làm từ thịt truyền thống, cung cấp protein từ cả nấm và nước xốt sữa chua trong khi vẫn giữ lượng calo khiêm tốn ở mức khoảng 97 mỗi khẩu phần.",95
3c63dde2-3ede-546a-a5ee-f5fe0989f9fd,,,Canh kim chi hầm / Kimchi Jjigae (Kimchi Jjigae (Kimchi Stew)),DISH,92.05,6.75,6.27,2.89,0.72,0.96,351.08,d955f552-54bb-4357-b9be-a0269615a707,,,"Kimchi Jjigae là món hầm thịnh soạn của Hàn Quốc với thành phần chính là kim chi lên men, thịt lợn mềm và đậu phụ mềm trong nước dùng đậm đà, cay nồng. Món ăn hâm nóng này kết hợp hương vị phức hợp của kim chi ủ lâu năm với protein thơm ngon và chất thơm, tạo nên một bữa ăn vô cùng thỏa mãn, đặc biệt được ưa chuộng trong thời tiết lạnh. Món hầm mang lại những lợi ích dinh dưỡng đáng kể, bao gồm men vi sinh từ các nguyên liệu lên men, protein chất lượng cao và vô số vitamin và khoáng chất.",75
6ab4d70d-5220-568d-a215-6af83c1b7dfd,,,Cà ri đỏ đậu phụ (Red Curry with Tofu),DISH,194.37,11.62,12.68,8.45,2.11,2.82,352.11,d955f552-54bb-4357-b9be-a0269615a707,,,"Cà ri đỏ với đậu phụ là một món ăn cổ điển của nhà hàng Thái Lan gồm những miếng đậu phụ giàu protein trong nước sốt làm từ nước cốt dừa thơm, cay. Nước sốt cà ri đỏ rực rỡ mang đến sự kết hợp phức tạp giữa hương vị ớt, sả và riềng, trong khi lớp nền nước cốt dừa béo ngậy mang lại vị đậm đà và giúp điều hòa độ nóng. Món ăn này thường được phục vụ kèm rau trộn và cơm trắng, mang đến một bữa ăn chay cân bằng, đặc biệt giàu protein và chất béo lành mạnh.",75
44e15e60-64f4-54d0-8c0e-e98700cd541e,,,Hành tây lăn bột bia chiên giòn (Beer-Battered Onion Rings),INGREDIENT,373.0,2.5,22.5,35.0,2.0,4.0,400.0,d955f552-54bb-4357-b9be-a0269615a707,,,"Hành tây tẩm bột chiên giòn là món khai vị kiểu quán rượu với những khoanh hành tây cắt dày phủ một lớp bột làm từ bia đặc biệt và chiên giòn cho đến khi có màu vàng nâu. Bia trong bột tạo nên lớp vỏ giòn nhẹ đặc trưng trong khi hành tây bên trong trở nên mềm và ngọt. Món ăn có hàm lượng calo cao này thường chứa một lượng đáng kể chất béo và natri do quá trình chiên ngập dầu, với các chất gây dị ứng phổ biến bao gồm gluten và lúa mì từ bột bia.",75
31c8c613-66bd-5d29-ba62-2cdebdea9655,,,Rau củ nướng bàn sắt Teppanyaki (Teppanyaki Vegetables),DISH,74.89,2.0,3.49,10.21,2.0,2.55,300.0,d955f552-54bb-4357-b9be-a0269615a707,,,"Rau Teppanyaki là món bít tết Nhật Bản được chế biến trên vỉ sắt phẳng với các gia vị đặc trưng bao gồm nước tương, dầu mè và bơ. Món ăn này thường có hỗn hợp các loại rau tươi như bí xanh, hành tây, nấm và ớt chuông, được nướng đến độ giòn mềm hoàn hảo. Mặc dù giàu vitamin và chất xơ nhưng cách chế biến tại nhà hàng có thể chứa nhiều natri do sử dụng gia vị truyền thống, mặc dù phương pháp nấu ăn yêu cầu tối thiểu dầu so với các kiểu chế biến khác.",95
1694e231-4933-5304-83e7-bf978a0e096e,,,Salad cà tím nướng (Roasted Eggplant Salad),DISH,140.0,3.33,6.67,16.67,3.33,5.0,166.67,d955f552-54bb-4357-b9be-a0269615a707,,,"Salad cà tím nướng là món ăn truyền thống của người Armenia với cà tím mềm, khói kết hợp với cà chua tươi, ớt và hành tây. Món khai vị nhẹ này được trộn với dầu ô liu và nước cốt chanh, sau đó nêm với các loại gia vị đặc trưng của Armenia bao gồm ớt bột và các loại thảo mộc tươi. Quá trình rang tạo ra hương vị phong phú, phức tạp trong khi vẫn duy trì được đặc tính tốt cho sức khỏe tim mạch và hàm lượng chất xơ cao của món ăn.",75
3a9ba966-e7f7-5728-9c0c-e2c939f6c3da,,,Khoai tây bổ cau nướng thập cẩm (Loaded Potato Wedges),INGREDIENT,266.39,6.97,16.39,23.36,1.64,1.23,553.28,d955f552-54bb-4357-b9be-a0269615a707,,,"Khoai tây nêm là món khai vị thịnh soạn của nhà hàng bao gồm khoai tây cắt miếng dày, dày dạn, phủ phô mai tan chảy, thịt xông khói vụn, kem chua và hẹ hoặc hành lá xắt nhỏ. Món ăn có thể chia sẻ này thường cung cấp một phần hào phóng từ 8-12 ounce và được đặc trưng bởi lớp phủ bên trên phong phú, hấp dẫn. Mặc dù cung cấp một số protein từ pho mát và thịt xông khói, nhưng những miếng nêm này lại có hàm lượng calo, chất béo và natri cao đáng kể do được chế biến tại nhà hàng và có nhiều lớp phủ bên trên.",95
3e976f50-77c0-54f9-a101-871927937ec4,,,Đậu phụ Ma Bà / Ma Po Tofu (Ma Po Tofu),DISH,150.0,7.6,10.0,4.8,0.8,1.6,450.0,d955f552-54bb-4357-b9be-a0269615a707,,,"Đậu phụ Ma Po là một món ăn Tứ Xuyên cổ điển bao gồm những khối đậu phụ mềm và thịt lợn xay trong nước sốt cay đậm. Món chế biến tại nhà hàng này thường kết hợp bột đậu lên men, hạt tiêu Tứ Xuyên và dầu ớt để tạo ra hương vị cay tê đặc trưng, ​​đồng thời sử dụng nhiều dầu hơn so với các món nấu truyền thống tại nhà. Món ăn này đặc biệt giàu calo và nhiều natri, mặc dù nó cung cấp lượng protein đáng kể từ cả đậu phụ và thịt lợn.",75
dead49a6-86d0-539e-add4-b493c449e69e,,,Khoai tây ngón tay nướng thảo mộc (Roasted Fingerling Potatoes),DISH,157.14,3.57,9.29,15.71,1.43,0.71,178.57,d955f552-54bb-4357-b9be-a0269615a707,,,"Khoai tây giống là giống khoai tây di sản nhỏ, thon dài được biết đến với kết cấu bơ và hương vị đậm đặc khi rang. Khi chế biến từ trang trại đến bàn ăn, những củ khoai tây hữu cơ này thường được rang với dầu ô liu, các loại thảo mộc tươi như hương thảo và húng tây, cùng với lượng gia vị tối thiểu để thể hiện phẩm chất tự nhiên của chúng. Phương pháp chế biến này mang lại một món ăn giàu dinh dưỡng, cung cấp lượng kali và chất xơ đáng kể trong khi vẫn duy trì hàm lượng natri tương đối thấp so với các chế phẩm khoai tây thông thường.",95
5e3bcab3-d239-55fb-8593-73ecd8bb8564,,,Sốt ớt tỏi cay (Garlic Hot Sauce),DISH,100.0,0.0,0.0,20.0,0.0,20.0,1700.0,d955f552-54bb-4357-b9be-a0269615a707,,,"Nước sốt nóng tỏi là một loại gia vị cay đặc trưng bởi sự kết hợp đậm đà của ớt và hương vị tỏi rõ rệt. Nước sốt này thường chứa lượng calo và carbohydrate tối thiểu nhưng cung cấp hàm lượng natri đáng chú ý do có chứa giấm và muối. Thường được lên men hoặc pha trộn tươi, nó đóng vai trò như một chất tăng hương vị linh hoạt cho protein, ngũ cốc và rau quả trong khi vẫn thân thiện với người ăn chay và không chứa gluten.",95
faef9c0f-85b0-5604-be77-41f12d2346bd,,,Salad Hy Lạp kèm chả đậu Falafel (Greek Salad with Falafel),DISH,171.43,4.0,9.71,17.14,3.71,1.71,400.0,d955f552-54bb-4357-b9be-a0269615a707,,,"Salad Hy Lạp với Falafel là món ăn nhà hàng lấy cảm hứng từ Địa Trung Hải kết hợp miếng đậu xanh giòn với các thành phần salad truyền thống của Hy Lạp. Món salad cỡ bữa ăn này có rau tươi, phô mai feta vụn và ô liu Kalamata, thường được trộn với nước sốt dấm hoặc sốt tzatziki. Mặc dù cung cấp lượng protein và chất xơ đáng kể từ món falafel, món ăn này có xu hướng chứa lượng natri và chất béo cao vừa phải do phong cách chế biến của nhà hàng.",95
046715ef-a3cb-5719-93e0-e3d13888608a,,,Đậu nghiền chay / Refried Beans (Vegetarian Refried Beans),DISH,83.0,5.28,0.87,13.5,4.7,0.59,430.0,d955f552-54bb-4357-b9be-a0269615a707,,,"Đậu chiên chay là một phiên bản làm từ thực vật của món ăn truyền thống Mexico, được chế biến bằng cách nấu và nghiền đậu pinto hoặc đậu đen không có mỡ động vật. Không giống như các chế phẩm thông thường sử dụng mỡ lợn, biến thể này dựa vào dầu thực vật hoặc nước dùng, tạo ra kết cấu dạng kem trong khi vẫn duy trì hàm lượng chất xơ và protein thực vật cao. Đậu nấu chín đóng vai trò là nguyên liệu linh hoạt cho món tacos và burritos, cung cấp năng lượng bền vững từ carbohydrate phức tạp và lợi ích tiêu hóa từ chất xơ hòa tan đáng kể của chúng.",75
113e31c0-a6dc-532b-81e4-b21f30cb4623,,,Xiên rau củ nướng vỉ (Grilled Vegetable Skewers),DISH,160.0,4.0,5.33,26.0,3.33,5.33,100.0,d955f552-54bb-4357-b9be-a0269615a707,,,"Xiên rau nướng là một hỗn hợp đầy màu sắc của các loại rau tươi được xiên vào xiên và nướng cho đến khi mềm, giòn với những vết than nhẹ. Thông thường có sự kết hợp của ớt chuông, bí xanh, nấm và hành tây, những xiên này thường được ướp trong nước sốt làm từ thảo mộc hoặc nước tương làm từ đậu nành trước khi nướng. Món ăn đậm đặc chất dinh dưỡng này cung cấp một nguồn vitamin C và K, chất xơ và chất chống oxy hóa tuyệt vời trong khi vẫn có lượng calo thấp tự nhiên và thích hợp cho chế độ ăn thuần chay và ăn chay.",95
df77e469-64c7-59e4-aff9-15520bf138c7,,,Salad Hy Lạp thuần chay (Vegan Greek Salad),DISH,80.0,2.0,4.8,8.0,1.6,1.2,128.0,d955f552-54bb-4357-b9be-a0269615a707,,,"Salad Hy Lạp thuần chay là một biến thể dựa trên thực vật của món cổ điển Địa Trung Hải, bao gồm dưa chuột giòn, cà chua, ớt chuông, hành đỏ và ô liu Kalamata với các lựa chọn thay thế feta không chứa sữa. Cách chuẩn bị nhà hàng này thường bao gồm dầu ô liu truyền thống và nước sốt thảo mộc, đồng thời thay thế phô mai feta thông thường bằng các lựa chọn thay thế có nguồn gốc thực vật làm từ đậu phụ hoặc các loại hạt. Món salad cung cấp đáng kể chất xơ, chất chống oxy hóa và chất béo lành mạnh đồng thời cung cấp ít calo hơn so với món salad truyền thống.",95
11328d18-7a57-540c-add8-080181862100,,,Đậu đũa hầm chuối ngào dầu cọ (Beans and Plantains),DISH,168.75,5.0,8.75,17.5,2.5,2.0,150.0,d955f552-54bb-4357-b9be-a0269615a707,,,"Đậu và chuối là một món ăn Tây Phi thịnh soạn kết hợp các loại đậu giàu protein (thường là đậu mắt đen hoặc đậu đũa) với chuối ngọt, nấu trong dầu cọ truyền thống. Bữa ăn đầy đủ này thường được chế biến như một món hầm với hành, tỏi và gia vị châu Phi, tạo ra sự kết hợp cân bằng giữa carbohydrate phức tạp và protein từ thực vật. Màu đỏ cam đặc biệt của món ăn được làm từ dầu cọ, góp phần tạo nên lượng calo và chất béo bão hòa đáng kể cho món ăn bổ dưỡng này.",75
cf34752b-859e-551a-aba7-04d98896cd90,,,Nước dùng lẩu nấm (Mushroom Broth),DISH,77.78,9.17,3.06,3.33,0.83,1.11,305.56,d955f552-54bb-4357-b9be-a0269615a707,,,"Nước dùng nấm phục vụ tại các nhà hàng lẩu là một loại nước nấu mặn thường được làm từ sự kết hợp của nấm, nước tương và các nguyên liệu giàu vị umami khác. Nước dùng kiểu nhà hàng này có xu hướng đậm đặc hơn so với các loại nước dùng tự làm, thường chứa thêm gia vị và bột ngọt để tăng hương vị. Mặc dù cung cấp nền tảng phong phú để nấu thịt và rau, nhưng nó lại có lượng natri cao đáng kể, thường vượt quá 1.000mg mỗi khẩu phần, mặc dù nó vẫn có lượng calo tương đối thấp.",95
e9074a2b-91c1-5217-b83a-b3483497468b,,,Salad Niçoise (Salad Niçoise),DISH,128.8,8.0,7.2,8.0,2.4,1.6,160.0,d955f552-54bb-4357-b9be-a0269615a707,,,"Salad Niçoise là món salad cổ điển của Pháp bao gồm cá ngừ nướng hoặc đóng hộp, trứng luộc chín và nhiều loại rau tươi bao gồm đậu xanh, khoai tây và cà chua. Món ăn Địa Trung Hải này được trộn với dầu giấm làm từ dầu ô liu và trang trí bằng ô liu Niçoise, tạo nên một bữa ăn cân bằng giàu protein, chất béo lành mạnh và carbohydrate phức hợp. Khi được phục vụ trong bánh crepe, nó thường xuất hiện dưới dạng đĩa được sắp xếp trang nhã, trưng bày từng thành phần riêng biệt, cho phép thực khách đánh giá cao hương vị và kết cấu riêng biệt.",95
5bec3aad-8161-55ff-befe-428ca15e5a26,,,Salad bánh lúa mạch Dakos (Dakos Salad),DISH,216.15,3.85,14.1,18.46,2.05,1.54,153.85,d955f552-54bb-4357-b9be-a0269615a707,,,"Salad Dakos là một món ăn truyền thống của người Cretan được chế biến trên nền bánh lúa mạch khô được làm mềm bằng dầu ô liu và phủ cà chua chín, phô mai feta vụn và ô liu. Món meze Địa Trung Hải này thể hiện các nguyên tắc ăn uống lành mạnh, kết hợp ngũ cốc nguyên hạt, rau tươi và chất béo có lợi từ dầu ô liu. Bánh quy hấp thụ nước ép cà chua và dầu ô liu, tạo ra kết cấu vừa ý đồng thời cung cấp chất xơ và chất chống oxy hóa từ các thành phần giàu dinh dưỡng.",95
9c8aa50f-0874-55a6-86d4-14e2d582dd82,,,Cà ri đậu lăng và rau củ thuần chay (Vegan Lentil and Vegetable Curry),DISH,173.33,5.67,9.67,16.33,3.67,2.67,333.33,d955f552-54bb-4357-b9be-a0269615a707,,,"Món cà ri từ trang trại đến bàn ăn này là sự kết hợp thịnh soạn của đậu lăng giàu protein và các loại rau theo mùa của vùng Tây Bắc Thái Bình Dương trong nước sốt làm từ dừa thơm. Món ăn này sử dụng các nguyên liệu có nguồn gốc địa phương thay đổi theo mùa, trong khi vẫn duy trì nền tảng là gia vị cà ri ấm và kết cấu kem. Mỗi khẩu phần ăn phong phú cung cấp đáng kể chất đạm và chất xơ có nguồn gốc thực vật, khiến nó trở thành món chính thuần chay hoàn chỉnh về mặt dinh dưỡng, kết hợp các kỹ thuật cà ri truyền thống của Ấn Độ với tiền thưởng nông nghiệp Tây Bắc Thái Bình Dương.",95
672706b5-6c3a-516a-8c80-451979cd40a6,,,Bát rau củ cầu vồng Buddha Bowl (Rainbow Buddha Bowl),DISH,100.0,2.0,6.25,8.5,2.0,1.5,75.0,d955f552-54bb-4357-b9be-a0269615a707,,,"Bát Phật Cầu Vồng là một bữa ăn giàu dinh dưỡng, tổng hợp với sự sắp xếp khéo léo của các nguyên liệu thực vật đầy màu sắc trên nền ngũ cốc nguyên hạt. Món ăn tập trung vào sức khỏe này thường kết hợp rau nướng, các loại đậu, rau xanh tươi và hạt, tạo ra một bữa ăn cân bằng giàu chất xơ, vitamin và protein từ thực vật. Các thành phần sống động được sắp xếp một cách chu đáo để thể hiện sự đa dạng của các nguyên liệu, thường được hoàn thiện bằng nước sốt tự làm để gắn kết các yếu tố lại với nhau.",75
873edac7-e02a-56f7-903c-49190182e24e,,,Cà ri xanh đậu phụ (Green Curry with Tofu),DISH,137.5,6.75,7.0,11.25,1.75,2.5,187.5,d955f552-54bb-4357-b9be-a0269615a707,,,"Cà ri xanh với đậu phụ là một món ăn cổ điển của nhà hàng Thái Lan gồm những miếng đậu phụ cứng và rau trộn trong nước sốt làm từ nước cốt dừa có hương vị cà ri xanh thơm. Món ăn quan trọng này thường chứa 400-700 calo mỗi khẩu phần do có nước cốt dừa đậm đà, đồng thời cung cấp lượng protein thực vật đáng kể từ đậu phụ và chất xơ từ rau. Nước sốt cà ri sôi động cân bằng hương vị ngọt, cay và mặn, được chế biến theo kiểu truyền thống với các nguyên liệu như sả, ớt và húng quế Thái.",75
c471b6eb-f16f-5cb1-b3e0-f0b484a0735a,,,Salad rong biển Wakame (Seaweed Salad),DISH,90.0,2.0,3.0,14.0,6.0,3.0,820.0,d955f552-54bb-4357-b9be-a0269615a707,,,"Salad rong biển là một món ăn kèm lấy cảm hứng từ Nhật Bản thường được phục vụ tại các nhà hàng hải sản, với nền là những dải rong biển wakame mỏng. Chế phẩm tươi mát này kết hợp rong biển mềm với nước sốt làm từ vừng, tạo nên hương vị ngọt-mặn với kết cấu mềm giòn đặc biệt. Món ăn này đặc biệt giàu iốt và khoáng chất trong khi lại ít calo, thường được trang trí bằng hạt vừng nướng và đôi khi bao gồm cả cà rốt hoặc dưa chuột cắt nhỏ để tăng thêm độ giòn.",95
5ebe250d-4fe0-53c8-9776-82c4d37540f3,,,Salad hạt diêm mạch Địa Trung Hải (Mediterranean Quinoa Salad),DISH,133.33,4.67,6.67,13.67,1.67,1.33,166.67,d955f552-54bb-4357-b9be-a0269615a707,,,"Salad Quinoa Địa Trung Hải là một món ăn kết hợp kết hợp quinoa giàu protein với các nguyên liệu truyền thống của Địa Trung Hải như dưa chuột, cà chua và ô liu trong một suất ăn phong phú tại nhà hàng. Món salad thịnh soạn này thường được trộn với chanh và dầu ô liu, sau đó được tăng cường với các nguồn protein như phô mai feta, gà nướng hoặc đậu xanh. Sự kết hợp này mang đến một bữa ăn đậm đặc chất dinh dưỡng với protein hoàn chỉnh, chất béo có lợi cho tim và rau tươi, tất cả được thống nhất bởi hương vị Địa Trung Hải cổ điển và ảnh hưởng ẩm thực hiện đại.",95
71c8534f-6466-5121-99be-f1107bdefac3,,,Cà chua xanh chiên giòn (Fried Green Tomatoes),DISH,322.67,6.0,17.33,36.67,2.67,5.33,466.67,d955f552-54bb-4357-b9be-a0269615a707,,,"Cà chua xanh chiên là một món ăn cổ điển của miền Nam với những quả cà chua chưa chín, cứng được bọc trong bột ngô dày dạn và chiên giòn cho đến khi có màu vàng nâu. Cách chế biến tại nhà hàng này thường tạo ra những lát dày với lớp vỏ bên ngoài giòn đặc trưng và lớp bên trong chắc, thơm, thường được dùng kèm với món remoulade hoặc nước sốt trang trại. Là một món chiên giòn, nó chứa lượng calo và chất béo đáng kể, với các suất ăn tại nhà hàng thường cung cấp một phiên bản hấp dẫn hơn so với các món chế biến tại nhà.",95
5daad03d-8ecd-5442-b9e5-252581d43fa1,,,Cà tím nhồi rau củ hầm dầu ô liu / Imam Bayildi (Eggplant Imam Bayildi),DISH,81.57,0.85,5.92,7.56,1.98,1.48,65.47,d955f552-54bb-4357-b9be-a0269615a707,,,"Imam Bayildi là một món ăn truyền thống của Trung Đông gồm cà tím được nhồi cẩn thận với hỗn hợp xào gồm cà chua, hành tây và rau thơm. Món ăn chay giàu dầu ô liu này thường được phục vụ như món chính hoặc món meze, mang đến một bữa ăn giàu chất xơ thân thiện với người ăn chay một cách tự nhiên. Cà tím được nấu chậm cho đến khi mềm, giúp cà tím hấp thụ hương vị dầu ô liu và gia vị thơm trong khi vẫn duy trì được tính toàn vẹn về cấu trúc.",75
98ffae40-07b4-536b-8c5d-f308615b79ae,,,Bánh mì cuộn sốt tỏi Pampushky (Pampushky with Garlic),INGREDIENT,575.0,10.0,35.0,55.0,2.5,8.33,833.33,d955f552-54bb-4357-b9be-a0269615a707,,,"Pampushky là món bánh mì cuộn men truyền thống của Ukraine được phân biệt bởi lớp phủ dầu tỏi thì là đậm đà. Những chiếc bánh cuộn mềm mại này có lớp vỏ màu nâu vàng và thường được phục vụ khi còn ấm như một món ăn kèm với borscht trong các nhà hàng Ukraina. Loại bánh mì thơm, béo ngậy kết hợp bột hơi ngọt với vị đậm đà của tỏi, khiến nó trở thành món ăn được yêu thích trong ẩm thực Ukraina.",95
50391e9e-e3e2-5ee0-b8f5-ff8deb93d67a,,,Thịt lợn cuộn kèm salad khoai tây (Pork Roll and Potato Salad),DISH,242.94,6.78,19.21,10.73,1.13,1.69,553.67,d955f552-54bb-4357-b9be-a0269615a707,,,"Sự kết hợp ăn tối cổ điển ở New Jersey này có món thịt lợn cuộn Taylor nướng, một sản phẩm thịt chế biến trong vùng nổi tiếng với hương vị mặn-khói đặc biệt, kết hợp với salad khoai tây sốt kem mayonnaise. Món chả giò thường được nướng cho đến khi giòn, trong khi món salad khoai tây kết hợp khoai tây mềm với sốt mayonnaise, mù tạt và gia vị. Sự kết hợp thịnh soạn này có hàm lượng protein và chất béo cao đáng kể, trong đó chả giò cung cấp hàm lượng protein đáng kể trong khi cả hai thành phần đều góp phần tạo nên mật độ calo đáng kể.",80
f188fa11-ad04-52cd-b1f5-42c3a0e379f5,,,Cánh gà rút xương sốt bơ tỏi phô mai Parmesan (Boneless Garlic Parmesan Wings),INGREDIENT,325.0,20.0,22.5,10.5,0.5,0.5,600.0,d955f552-54bb-4357-b9be-a0269615a707,,,"Cánh Parmesan tỏi không xương là miếng ức gà tẩm bột và chiên được trộn trong nước sốt bơ béo ngậy có tỏi tươi và phô mai Parmesan. Không giống như cánh có xương truyền thống, những món này có vỏ ngoài tẩm bột giòn giúp bổ sung carbohydrate vào thành phần dinh dưỡng giàu protein. Nước sốt thơm ngon, giàu vị umami kết hợp vị đậm đà của Parmesan lâu năm với tỏi thơm, tạo ra món khai vị nhà hàng nổi tiếng có lượng calo và natri cao hơn đáng kể so với các món thay thế không bánh mì.",95
92c56a59-25de-5335-aba9-6a40aea9d345,,,Salad khoai tây kiểu Nga (Ensalada Rusa),DISH,117.83,9.45,4.65,9.17,1.07,1.43,158.72,d955f552-54bb-4357-b9be-a0269615a707,,,"Ensalada Rusa là món salad khoai tây truyền thống của Argentina kết hợp khoai tây thái hạt lựu, cà rốt và đậu Hà Lan với sốt kem mayonnaise. Món ăn kèm cổ điển này là món ăn chủ yếu tại các quán nướng ở Argentina, nơi nó thường được phục vụ cùng với thịt nướng hoặc asado. Các loại rau được nấu cho đến khi mềm và được làm lạnh hoàn toàn, tạo ra kết cấu mịn, đậm đà, giúp phân biệt với các loại salad khoai tây khác.",95
5dddf6ab-a612-5a04-a4c7-256a5ba4f2f7,,,Đĩa rau củ nướng vỉ thập cẩm (Grilled Vegetable Platter),DISH,83.83,1.8,5.39,8.38,1.8,4.19,119.76,d955f552-54bb-4357-b9be-a0269615a707,,,"Đĩa rau nướng là một hỗn hợp đầy màu sắc của các loại rau theo mùa, thường bao gồm bí xanh, ớt chuông, hành tây và bí, nướng than để tăng hương vị tự nhiên của chúng. Món ăn kiểu Địa Trung Hải này được nêm với dầu ô liu và các loại thảo mộc, mang đến một lựa chọn giàu chất dinh dưỡng, giàu vitamin C và K trong khi vẫn ít calo. Thường được phục vụ tại quầy falafel như một món ăn nhẹ chính hoặc như một món ăn kèm cho món falafel và hummus, nó mang đến một lựa chọn ăn chay thỏa mãn, vừa tốt cho sức khỏe vừa có hương vị.",95
5448a0c5-f1f6-5288-af9a-ad062f05a45a,,,Salad cà tím nướng kiểu Philippines (Ensaladang Talong),DISH,79.17,0.83,4.17,5.0,1.67,1.67,83.33,d955f552-54bb-4357-b9be-a0269615a707,,,"Ensaladang Talong là món salad cà tím truyền thống của Philippines với cà tím nướng hoặc cà tím nướng làm nền. Cà tím thường được nướng trên ngọn lửa cho đến khi mềm và bốc khói, sau đó kết hợp với cà chua tươi và hành tây trong nước sốt cam quýt hoặc giấm tươi. Món ăn nhẹ nhàng, bổ dưỡng này thường bao gồm bagoong (mắm tôm) để thêm vị umami, tạo nên sự cân bằng hài hòa giữa hương vị khói, thơm và mặn.",95
83e2c0e8-61e8-5738-adc2-1cb734aadc50,,,Bánh mì Bruschetta cà chua và bơ (Bruschetta with Tomato and Avocado),DISH,162.88,4.51,7.3,21.24,4.08,2.15,187.55,d955f552-54bb-4357-b9be-a0269615a707,,,"Bruschetta with Tomato and Avocado là một món ăn lấy cảm hứng từ California từ món khai vị cổ điển của Ý, bao gồm bánh mì nướng thủ công phủ cà chua tươi, bơ chín và các loại thảo mộc thơm. Phiên bản kết hợp này kết hợp các nguyên liệu truyền thống của Địa Trung Hải với quả bơ đặc trưng của California, được trộn với dầu ô liu nguyên chất và giấm balsamic. Món ăn này cung cấp chất béo có lợi cho tim từ cả dầu ô liu và bơ, đồng thời cung cấp nguồn chất xơ và chất dinh dưỡng tươi từ các thành phần rau sống.",95
b1e9bcf4-074f-5199-adc0-a649c2785b9a,,,Ớt chuông xào Fajitas rau củ (Vegetable Fajitas),DISH,154.0,5.4,8.8,17.2,4.8,1.6,416.0,d955f552-54bb-4357-b9be-a0269615a707,,,"Fajitas rau là một món ăn nhà hàng Mexico bao gồm một đĩa ớt chuông nướng, hành tây và các loại rau theo mùa khác được nêm với các loại gia vị đặc biệt. Món ăn này thường được phục vụ với bánh ngô nóng và kèm theo cơm, đậu và các loại đồ ăn kèm tùy chọn như guacamole, pho mát và kem chua. Mặc dù giàu chất xơ và vitamin C từ rau, nhưng khẩu phần ăn tại nhà hàng có thể rất nhiều và có hàm lượng natri cao đặc biệt do cách nêm gia vị và nấu ăn.",95
1f8bae4b-b830-5dd0-adc0-128e39cad41b,,,Đậu pinto hầm thịt hun khói kiểu Texas (Texas-Style Pinto Beans),DISH,107.69,5.38,1.15,19.23,5.77,1.54,269.23,d955f552-54bb-4357-b9be-a0269615a707,,,"Đậu pinto kiểu Texas là một món chế biến thịnh soạn trong nhà hun khói bao gồm đậu pinto nấu chín chậm thấm với thịt hun khói và gia vị đậm đà của miền Tây Nam. Đặc sản vùng này thường kết hợp đậu mềm với các loại protein có mùi khói như thịt ức hoặc giăm bông, nêm với thì là, bột ớt và thường là ớt jalapeños để dùng nóng. Quá trình nấu chậm và lâu sẽ tạo ra những hạt kem có hương vị đậm đặc, mang đến món ăn kèm giàu protein đặc trưng của món thịt nướng Texas chính thống.",75
0f37c620-0ada-5c84-9fce-733df912a56a,,,Salad bơ đậu xanh (Chickpea Avocado Salad),DISH,75.0,3.0,2.5,10.5,3.75,1.5,62.5,d955f552-54bb-4357-b9be-a0269615a707,,,"Salad bơ đậu xanh là một món ăn thuần chay đậm đặc chất dinh dưỡng kết hợp đậu xanh giàu protein với bơ kem và rau tươi. Cách chuẩn bị nhà hàng này thường bao gồm các loại rau trộn giòn, gia vị đậm đà và nước sốt cam quýt nhẹ, tạo ra sự kết hợp hài lòng giữa kết cấu và hương vị. Sự kết hợp này cung cấp hàm lượng protein và chất xơ đáng kể đồng thời cung cấp chất béo không bão hòa đơn lành mạnh từ quả bơ, khiến nó trở thành một lựa chọn bữa ăn giàu dinh dưỡng và có nguồn gốc thực vật.",95
48b5be63-70fc-52b9-b203-afffb2b6ffa8,,,Bánh Crepe nhân nấm và dầu Truffle (Mushroom and Truffle Crepe),DISH,151.5,6.0,7.5,15.0,2.0,2.0,275.0,d955f552-54bb-4357-b9be-a0269615a707,,,"A Mushroom and Truffle Crepe là một phiên bản thơm ngon dành cho người sành ăn của món bánh kếp mỏng cổ điển của Pháp, thường được phục vụ trong các loại bánh crepe cao cấp. Món ăn tinh tế này có lớp bánh crepe tinh tế chứa đầy nấm xào, phô mai tan chảy và dầu truffle hoặc nấm truffle bào, tạo nên hương vị umami đậm đà. Sự kết hợp giữa lớp vỏ bánh crepe nhẹ, thoáng mát với nhân nấm đất và tinh chất nấm truffle sang trọng tạo nên một món khai vị trang nhã thể hiện phong cách ẩm thực cao cấp lấy cảm hứng từ Pháp.",95
64b2888f-173b-501e-a683-58f0cd6b00ce,,,Sốt bơ mè Hummus ăn kèm rau củ tươi (Hummus and Veggies),DISH,72.0,2.0,3.6,8.0,2.4,1.2,4.0,d955f552-54bb-4357-b9be-a0269615a707,,,"Hummus and Veggies là một món ăn tươi làm từ thực vật thường thấy ở các quán salad, có món hummus kem làm từ đậu xanh kết hợp với nhiều loại rau sống giòn. Sự kết hợp lấy cảm hứng từ Địa Trung Hải này thường bao gồm dưa chuột, cà rốt, ớt chuông và cà chua cùng với món hummus truyền thống làm từ đậu xanh, tahini, dầu ô liu và gia vị. Món ăn này cung cấp nguồn cân bằng protein thực vật, chất béo lành mạnh và chất xơ trong khi vẫn không chứa gluten và sữa tự nhiên.",75
3d4344f4-eb9b-5510-8207-6509d0b0eaff,,,Bánh mì ổ nhồi cà ri đậu Bunny Chow (Bunny Chow with Beans),DISH,139.71,5.14,3.71,21.43,2.29,1.71,228.57,d955f552-54bb-4357-b9be-a0269615a707,,,"Bunny Chow là một món ăn đường phố đặc biệt của Nam Phi bao gồm một ổ bánh mì trắng rỗng chứa đầy cà ri đậu gia vị. Món ăn thịnh soạn này kết hợp đậu mềm nấu với gia vị cà ri thơm, cà chua và khoai tây, tạo nên lớp nhân thấm ngon vào thành bánh mì. Sự kết hợp này mang lại sự cân bằng hài lòng về protein từ đậu, carbohydrate phức tạp từ bánh mì và chất xơ, thường được phục vụ tương phản với salad cà rốt tươi hoặc sambal.",75
a7af023b-e1fc-5aff-b244-9acca7bc7c1e,,,Gỏi gà xé phay (Goi Ga Chicken Salad),DISH,116.67,14.0,5.0,6.0,1.83,1.33,233.33,d955f552-54bb-4357-b9be-a0269615a707,,,"Gỏi Gà là món gỏi gà Việt Nam kết hợp thịt gà luộc xé nhỏ với bắp cải giòn, cà rốt và rau thơm trong nước sốt đặc trưng gọi là nước mắm. Món ăn nhẹ nhàng nhưng ngon miệng này nổi bật bởi kết cấu tươi, giòn và hương vị chua ngọt-mặn cân bằng. Có hàm lượng protein cao và tương đối ít carbohydrate, đây là một lựa chọn bổ dưỡng thể hiện nét đặc trưng tươi sáng, thiên về thảo dược của ẩm thực Việt Nam.",80
f5372060-d791-5693-be19-d2af44e9ea04,,,Salad củ cải đường nướng và óc chó (Roasted Beet and Walnut Salad),DISH,222.0,4.0,14.0,20.0,4.0,10.0,240.0,d955f552-54bb-4357-b9be-a0269615a707,,,"Salad củ cải nướng và quả óc chó là một món ăn chay giàu chất dinh dưỡng kết hợp củ cải nướng mềm, nướng với quả óc chó giòn bên trên các loại rau trộn tươi. Món salad kiểu nhà hàng này kết hợp hương vị đất và ngọt với các kết cấu khác nhau, đồng thời cung cấp chất chống oxy hóa đáng kể từ củ cải đường và chất béo omega-3 lành mạnh từ quả óc chó. Thường được trộn với dầu giấm nhẹ, món salad này cung cấp sự kết hợp cân bằng giữa các chất dinh dưỡng từ thực vật trong khi vẫn không chứa gluten tự nhiên và thân thiện với người ăn chay.",95
826e3f3c-2b7b-5bd2-aa73-98f6c1f412a7,,,Salad đậu xanh kiểu Cuba (Ensalada de Garbanzos),DISH,71.64,2.55,1.82,12.0,2.55,1.45,131.64,d955f552-54bb-4357-b9be-a0269615a707,,,"Ensalada de Garbanzos là món salad đậu xanh Cuba tươi mát kết hợp đậu garbanzo mềm với rau tươi, giòn trong nước sốt dầu ô liu cam quýt nhẹ. Món ăn giàu protein này có ớt thái hạt lựu, hành tây, cà chua và dưa chuột, tạo nên sự pha trộn cân bằng giữa kết cấu và hương vị. Có nhiều chất xơ và protein từ thực vật, nó được dùng như một món ăn phụ hoặc bữa ăn nhẹ trong ẩm thực Cuba.",95
94b61542-d6d9-501c-b6c2-b15c2878e13c,,,Salad củ cải đường nướng và rau Arugula (Roasted Beet and Arugula Salad),DISH,104.17,2.5,5.83,10.0,1.67,4.17,104.17,d955f552-54bb-4357-b9be-a0269615a707,,,"Món salad từ trang trại đến bàn ăn này kết hợp củ cải nướng mềm với rau arugula tươi, có vị cay trong một món ăn được chế biến chu đáo. Vị ngọt đất của củ cải tương phản với các loại rau xanh giòn, thường được tăng cường với pho mát dê thơm, các loại hạt nướng và dầu giấm balsamic. Giàu chất chống oxy hóa và vitamin, món salad theo mùa này thể hiện giá trị nông nghiệp của vùng Tây Bắc Thái Bình Dương đồng thời mang lại sự cân bằng dinh dưỡng về hương vị và kết cấu.",95
1c19ea8b-9a6f-5ab9-ad4c-ed56796ad96d,,,Sốt Hummus đậu nành Nhật ăn kèm bánh mì Pita (Edamame Hummus with Pita),DISH,138.89,5.56,6.67,16.11,3.33,1.67,194.44,d955f552-54bb-4357-b9be-a0269615a707,,,"Edamame hummus với pita là một món ăn kết hợp phỏng theo món hummus truyền thống của Trung Đông, thay thế đậu nành xanh bằng đậu xanh trong khi vẫn giữ lại các nguyên liệu cổ điển như tahini, dầu ô liu và tỏi. Món ăn hiện đại này kết hợp đặc tính giàu protein của đậu edamame với chất béo lành mạnh của món hummus truyền thống, thường được phục vụ trong các nhà hàng với bánh mì pita ấm để chấm. Phần phết màu xanh lá cây tươi sáng mang lại kết cấu mịn hơn, nhẹ hơn so với món hummus truyền thống, thường được trang trí với các lớp phủ lấy cảm hứng từ sự kết hợp như hạt vừng hoặc các loại gia vị chịu ảnh hưởng của châu Á.",75
91da0539-f46f-5798-ba1b-617ed54e5aa8,,,Salad sốt Hummus (Hummus Salad),DISH,153.85,7.69,6.15,16.92,6.15,1.54,512.82,d955f552-54bb-4357-b9be-a0269615a707,,,"Salad hummus là một món ăn Trung Đông kết hợp món hummus truyền thống với rau tươi trong một cách trình bày có tổ chức. Chế phẩm giàu protein này có nền là đậu xanh và sốt tahini hummus được trang trí bằng dưa chuột giòn, cà chua chín và các loại rau theo mùa khác, tất cả đều được hoàn thiện bằng dầu ô liu chất lượng cao. Món ăn này cung cấp thành phần dinh dưỡng hoàn chỉnh với một lượng đáng kể protein, chất xơ và chất béo có lợi cho tim, đồng thời phục vụ như một món salad sảng khoái và một thành phần đáng kể trên đĩa mezze.",95
8225cd3c-5d98-5eff-88af-9df542568dce,,,Cần tây và cà rốt tươi (Celery and Carrots),INGREDIENT,35.0,1.0,0.0,8.0,2.0,4.0,90.0,d955f552-54bb-4357-b9be-a0269615a707,,,"Cần tây và cà rốt là món ăn kèm cổ điển được phục vụ tươi và giòn, thường kèm theo nước sốt trang trại. Những loại rau sống này mang lại cảm giác mát mẻ tương phản với món cánh cay đồng thời mang lại cảm giác giòn ngon thỏa mãn, trong đó các loại rau đơn giản là một lựa chọn ít calo với khoảng 35 calo mỗi khẩu phần. Khi kết hợp với nước sốt trang trại, vốn là tiêu chuẩn tại các cơ sở ăn uống, hàm lượng calo tăng lên đáng kể, mặc dù nhiều thực khách đánh giá cao rau như một phương tiện để thưởng thức món kem nhúng.",95
d0504e11-632f-5df9-9ae6-d895b7ea5451,,,Salad váng đậu / Yuba (Tofu Skin Salad),DISH,110.0,6.0,5.5,10.0,1.25,1.5,600.0,d955f552-54bb-4357-b9be-a0269615a707,,,"Salad da đậu phụ là một món khai vị lạnh của Trung Quốc được làm từ những miếng đậu phụ khô thái lát mỏng đã được hoàn nguyên và rưới nước sốt thơm ngon. Món ăn giàu protein này thường kết hợp các loại rau thái sợi với hỗn hợp hương vị của nước tương, giấm đen và dầu mè, thường được trang trí bằng ngò và hạt vừng. Mặc dù có lượng calo tương đối thấp nhưng các phiên bản nhà hàng có thể chứa nhiều natri do nước sốt gia vị.",95
ec94234e-878a-5e45-a024-9c353b16fbfc,,,Bánh Enchiladas nhân rau bina (Spinach Enchiladas),DISH,115.0,5.67,3.33,13.33,1.33,1.0,233.33,d955f552-54bb-4357-b9be-a0269615a707,,,"Enchiladas rau bina là một món ăn chay Tex-Mex bao gồm bánh ngô chứa đầy rau bina xào và pho mát, sau đó cuộn và nướng với nước sốt enchilada đỏ truyền thống hoặc làm từ kem. Những món enchiladas kiểu nhà hàng này thường được phục vụ nóng với pho mát tan chảy ở trên và kèm theo cơm và đậu chiên. Trong khi cung cấp món ăn thay thế món enchiladas làm từ rau củ, các suất ăn của nhà hàng có thể thay đổi đáng kể về lượng calo, dao động từ 230 đến hơn 1.000 calo tùy thuộc vào phương pháp chế biến và các món đi kèm.",95
1501d2db-7831-59fa-8751-d88447bcf10b,,,Salad xắt nhỏ thập cẩm / Chopped Salad (Chopped Salad),DISH,120.0,10.0,4.0,10.75,1.0,2.5,250.0,d955f552-54bb-4357-b9be-a0269615a707,,,"Salad cắt nhỏ là cách chế biến theo phong cách nhà hàng, trong đó tất cả các nguyên liệu được cắt thành những miếng đồng nhất, vừa ăn và kết hợp kỹ lưỡng. Món ăn thịnh soạn này thường có sự kết hợp của protein, rau, pho mát, các loại hạt hoặc trái cây khô, tạo nên một bữa ăn thịnh soạn hơn các món salad trộn truyền thống. Việc cắt nhỏ giúp hương vị hòa quyện đồng thời làm cho món salad dễ ăn hơn, mặc dù việc bổ sung protein, các loại hạt và nước sốt có thể khiến món salad trở thành một lựa chọn tương đối giàu calo.",95
d1e6ce2f-157e-5b7d-b76b-334edfaa9411,,,Salad Caesar cải xoăn trộn kim chi (Kimchi Kale Caesar),INGREDIENT,183.33,6.0,9.33,18.67,4.0,5.33,400.0,d955f552-54bb-4357-b9be-a0269615a707,,,"Kimchi Kale Caesar là một món ăn kết hợp hiện đại tái hiện lại món salad Caesar cổ điển mang ảnh hưởng của Hàn Quốc. Món salad sáng tạo này kết hợp lá cải xoăn nồng nàn với kim chi cay nồng và nước sốt Caesar truyền thống, tạo ra sự pha trộn độc đáo giữa vị umami, vị nóng và vị kem. Cơ sở cải xoăn giàu chất dinh dưỡng cung cấp hàm lượng chất xơ và vitamin tăng cường so với romaine truyền thống, trong khi kim chi lên men bổ sung cả men vi sinh và sự tinh tế đặc biệt của Hàn Quốc cho nhà hàng yêu thích này.",95
10bb0fe3-5466-548e-9f0b-69fad7dce603,,,Bát cơm đậu phụ sốt Teriyaki (Teriyaki Tofu Bowl),DISH,132.0,4.6,4.0,20.2,1.6,3.0,120.0,d955f552-54bb-4357-b9be-a0269615a707,,,"Bát đậu phụ Teriyaki là một món ăn lấy cảm hứng từ châu Á có lợi cho sức khỏe với đậu phụ ướp ăn kèm với cơm nguyên hạt và rau hấp. Bữa ăn cân bằng này thường cung cấp một nguồn đáng kể protein và chất xơ có nguồn gốc thực vật, trong khi nước sốt teriyaki bổ sung thêm hương vị mặn ngọt mà không có quá nhiều natri. Phổ biến ở các quán cà phê tập trung vào sức khỏe, những chiếc bát này thường kết hợp các thành phần hữu cơ và có thể được tùy chỉnh để phù hợp với chế độ ăn không chứa gluten bằng cách thay thế nước tương truyền thống bằng tamari.",75
99118fa4-5dff-5e5e-ae51-ecc6b0047fc1,,,Thạch hạnh nhân (Almond Jelly),DISH,85.0,1.21,0.21,20.83,0.1,20.0,5.0,d955f552-54bb-4357-b9be-a0269615a707,,,"Thạch hạnh nhân là một món tráng miệng truyền thống của Trung Quốc có chất làm từ gelatin mềm mượt, mịn màng có hương vị chiết xuất hạnh nhân. Món tráng miệng nhẹ này có kết cấu tinh tế tương tự như panna cotta và thường được phục vụ ướp lạnh. Nó thường được dùng kèm với cocktail trái cây hoặc cam quýt, khiến nó trở thành một món ăn kết thúc sảng khoái cho các bữa ăn Trung Quốc trong khi chứa ít calo hơn đáng kể so với nhiều món tráng miệng khác.",75
3901e00b-c0ac-562e-b35e-1f3ec2b0bc67,,,Salad rau bina sốt thịt xông khói ấm (Spinach Salad with Warm Bacon Dressing),DISH,150.0,9.0,12.5,5.0,1.0,2.0,175.0,d955f552-54bb-4357-b9be-a0269615a707,,,"Món salad cổ điển này có rau bina non tươi phủ thịt xông khói giòn, trứng luộc chín và nấm thái lát, tất cả đều được phủ một lớp dầu giấm ấm đặc biệt được làm từ mỡ thịt xông khói chế biến. Sự kết hợp giữa thịt xông khói và trứng làm cho món salad này đặc biệt giàu protein, đồng thời hàm lượng carbohydrate tối thiểu khiến nó phù hợp với chế độ ăn kiêng low-carb. Nước sốt ấm sẽ làm héo lá rau bina một chút, tạo ra một kết cấu độc đáo và hương vị thơm ngon đậm đà.",80
cadc32d1-c82f-5eb3-801d-9f699d96ddd4,,,Salad khoai tây kiểu Brazil (Salada de Maionese),DISH,299.0,3.5,24.5,16.5,1.5,2.0,256.5,d955f552-54bb-4357-b9be-a0269615a707,,,"Salada de Maionese là món salad khoai tây truyền thống của Brazil với hỗn hợp kem gồm khoai tây thái hạt lựu, cà rốt và đậu xanh trộn với sốt mayonnaise. Món ăn kèm ướp lạnh này, thường được tìm thấy tại các nhà hàng bít tết ở Brazil, nổi bật nhờ có trứng luộc chín và đậu xanh, tạo nên một món ăn kèm đậm đà và thỏa mãn. Sự kết hợp của các loại rau mang lại hương vị hơi ngọt để cân bằng nước sốt kem, khiến nó trở thành một sự kết hợp cổ điển cho các món thịt nướng.",95
af3aca0d-2f23-5930-aa94-2d05b3356cc5,,,Đậu phụ chiên sốt Dashi / Agedashi Tofu (Agedashi Tofu),DISH,60.0,3.6,2.8,4.8,0.6,0.6,109.6,d955f552-54bb-4357-b9be-a0269615a707,,,"Đậu phụ Agedashi là món khai vị của Nhật Bản bao gồm các khối đậu phụ cứng phủ tinh bột khoai tây và chiên giòn cho đến khi có màu vàng nâu giòn. Đậu phụ chiên được phục vụ trong nước dùng dashi thơm ngon và thường được trang trí với gừng bào sợi, hành lá và cá ngừ bào, tạo nên sự tương phản đặc biệt giữa bên ngoài giòn và bên trong mượt mà. Món ăn giàu protein này kết hợp lợi ích dinh dưỡng của đậu phụ với hương vị umami đậm đà của ẩm thực truyền thống Nhật Bản.",75
4b3ca16b-91d1-5ae5-9953-3f2cac854868,,,Salad hoa quả trộn sữa chua (Fruit Salad with Yogurt),DISH,100.0,5.0,3.0,15.0,1.5,11.0,40.0,d955f552-54bb-4357-b9be-a0269615a707,,,"Salad trái cây sữa chua là món ăn giàu dinh dưỡng kết hợp trái cây tươi theo mùa với sữa chua kem tạo nên sự cân bằng giữa vị ngọt và vị bùi tự nhiên. Cơ sở sữa chua bổ sung men vi sinh và protein, bổ sung vitamin, chất xơ và chất chống oxy hóa từ các loại trái cây như quả mọng, dưa hoặc cam quýt. Thường được phục vụ ướp lạnh, chế phẩm đa năng này cung cấp một lựa chọn thay thế nhẹ nhàng hơn cho món salad trái cây làm từ kem, với các thành phần có thể tùy chỉnh để phù hợp với sở thích ăn kiêng hoặc tình trạng sẵn có theo mùa.",75
ffec9388-a4db-564e-8344-a4e55908041d,,,Bánh Samboosa nhân rau củ (Samboosa with Vegetables),DISH,262.5,5.42,13.75,31.25,2.5,2.08,125.0,d955f552-54bb-4357-b9be-a0269615a707,,,"Samboosa là một loại bánh ngọt hình tam giác giòn phổ biến trong ẩm thực Ả Rập Saudi, nhân rau củ tẩm gia vị và chiên giòn cho đến khi có màu vàng nâu. Lớp bột mì xốp bên ngoài bao bọc một hỗn hợp thơm ngon gồm khoai tây, đậu Hà Lan và các loại rau khác, thường được nêm với các loại gia vị thơm như thì là và rau mùi. Món khai vị này theo truyền thống được phục vụ nóng với tương ớt đi kèm và có thể chứa lượng calo tương đối cao do quá trình chiên.",95
ea7cb23c-55de-5faf-b5dc-ae38c65f9c9b,,,Cà tím xào sốt tỏi (Eggplant with Garlic Sauce),DISH,115.38,2.56,4.49,16.03,1.92,5.13,442.31,d955f552-54bb-4357-b9be-a0269615a707,,,"Cà tím sốt tỏi là một món ăn nhà hàng Trung Quốc bao gồm những miếng cà tím mềm trong nước sốt thơm, thơm làm từ tỏi, nước tương và chất thơm. Cà tím thường được xào cho đến khi mềm và bóng, hấp thụ nước sốt thơm ngon đồng thời có kết cấu đậm đà, mượt mà. Cách chế biến tại nhà hàng này có xu hướng chứa hàm lượng natri và dầu cao hơn so với các món tự làm, với nước sốt thường đặc lại để tạo lớp phủ bóng trên rau.",75
9b9446fe-8405-50aa-a549-ac13af493393,,,Sushi dưa chuột cuộn / Vegetable Hand Roll (Vegetable Hand Roll),DISH,100.0,2.86,2.86,17.14,2.86,2.86,50.0,d955f552-54bb-4357-b9be-a0269615a707,,,"Cuốn rau cầm tay là một món sushi hình nón có rau tươi được bọc trong rong biển nori hoặc giấy đậu nành. Tùy chọn nhẹ nhàng, dựa trên thực vật này thường bao gồm sự kết hợp của dưa chuột, bơ, rau diếp và cà rốt, được phục vụ ngay sau khi chuẩn bị để duy trì kết cấu tối ưu. Là một lựa chọn có hàm lượng calo thấp tự nhiên, cung cấp chất xơ và chất dinh dưỡng, nó mang đến sự thay thế lành mạnh cho món sushi cuộn truyền thống trong khi không cần dụng cụ đặc biệt để tiêu thụ.",95
c7754741-6ff8-57c8-a3ba-6e612f7c3792,,,Salad rau củ xắt nhỏ kiểu Israel (Israeli Salad),DISH,80.0,1.33,6.0,6.67,1.0,2.67,100.0,d955f552-54bb-4357-b9be-a0269615a707,,,"Salad Israel là một món ăn Trung Đông sảng khoái đặc trưng bởi các loại rau tươi thái hạt lựu, chủ yếu là dưa chuột, cà chua, hành tây và ớt chuông, trộn với dầu ô liu và nước cốt chanh. Món salad nhẹ, giòn này được trang trí theo kiểu truyền thống với rau mùi tây tươi và cung cấp nguồn vitamin C và K tuyệt vời trong khi vẫn chứa ít calo. Tính chất linh hoạt của nó làm cho nó trở thành món ăn chủ yếu trong nhiều bữa ăn khác nhau, từ bữa sáng đến bữa tối, đồng thời phù hợp một cách tự nhiên với sở thích ăn chay và không chứa gluten.",95
82356b08-520d-569b-ad04-def801476239,,,Bánh bao Vareniki nhân khoai tây (Vareniki with Potato),INGREDIENT,235.44,8.86,10.97,24.47,1.69,1.27,253.16,d955f552-54bb-4357-b9be-a0269615a707,,,"Vareniki là món bánh bao truyền thống của Ukraine bao gồm bột mì mềm bọc quanh nhân khoai tây nghiền thơm ngon. Những chiếc bánh bao hình lưỡi liềm này thường được luộc cho đến khi mềm và ăn kèm với các loại đồ ăn kèm đậm đà như kem chua, hành tây caramen hoặc thịt xông khói giòn. Là một món ăn quan trọng trong ẩm thực Ukraina, suất ăn tại nhà hàng thường cung cấp một bữa ăn thịnh soạn với trung bình 400-550 calo mỗi khẩu phần, với nhiều loại đồ ăn kèm góp phần đáng kể vào cả hương vị và hàm lượng calo.",95
442ac112-48d2-5d8b-9379-b01736e3d13c,,,Súp kem cà chua Bisque (Tomato Bisque),DISH,83.33,1.67,4.0,10.0,1.0,4.0,250.0,d955f552-54bb-4357-b9be-a0269615a707,,,"Bánh quy cà chua là một biến thể tinh tế, béo ngậy của súp cà chua, đặc trưng bởi kết cấu mịn, mượt và hương vị đậm đà. Cách chế biến theo phong cách nhà hàng này thường kết hợp cà chua xay nhuyễn với kem béo, các loại thảo mộc và gia vị, tạo ra một món ăn hấp dẫn hơn súp cà chua truyền thống. Mặc dù cung cấp một lượng calo vừa phải chủ yếu từ chất béo và carbohydrate, nhưng nó thường được phục vụ như một món khai vị hoặc bữa ăn nhẹ kèm theo bánh quy giòn hoặc bánh mì.",95
8c4431db-7908-534a-a074-daa7a2fc704d,,,Salad rau củ nướng và hạt Farro (Roasted Vegetable and Farro Salad),DISH,120.0,3.6,4.0,17.2,2.8,2.4,80.0,d955f552-54bb-4357-b9be-a0269615a707,,,"Rau nướng và Salad Farro là một món ăn đậm đặc chất dinh dưỡng có hạt farro cổ xưa kết hợp với các loại rau củ nướng theo mùa và rau xanh tươi. Món ăn được yêu thích từ trang trại đến bàn ăn ở vùng Tây Bắc Thái Bình Dương này có thể được phục vụ ấm hoặc ướp lạnh, cung cấp hàm lượng protein và chất xơ đáng kể từ ngũ cốc nguyên hạt và hỗn hợp rau đậm đà. Món ăn này thường trưng bày các sản phẩm theo mùa của địa phương như cải Brussels, bí đỏ hoặc củ cải đường, được tăng cường với dầu ô liu và các loại thảo mộc tươi.",95
618c26f4-fc93-5c7d-bc9a-7d2da41de1d5,,,Salad gà kiểu Tây Nam cay (Spicy Southwest Chicken Salad),DISH,194.29,9.43,14.0,7.71,2.57,1.71,400.0,d955f552-54bb-4357-b9be-a0269615a707,,,"Món salad nhà hàng thức ăn nhanh này có ức gà nướng cay được phục vụ trên các loại rau trộn với các nguyên liệu Tây Nam đặc biệt bao gồm ngô rang, đậu đen và ớt poblano. Món salad thường được trang trí bằng sự pha trộn của Monterey Jack và phô mai cheddar, dải bánh tortilla và pepitas chanh ớt, cung cấp khoảng 440 calo và 34g protein trước khi trộn. Món ăn hoàn chỉnh có thể được tùy chỉnh với nhiều lựa chọn nước sốt khác nhau, phổ biến nhất là salsa kem hoặc chanh bơ, những điều này ảnh hưởng đáng kể đến hàm lượng dinh dưỡng cuối cùng.",80
b9e81f3d-e528-5595-b1bc-e27fb62d8c0a,,,Salad Caesar gà nướng áp chảo gia vị (Blackened Chicken Caesar Salad),DISH,142.86,12.86,7.14,7.14,1.0,0.86,228.57,d955f552-54bb-4357-b9be-a0269615a707,,,"Salad Caesar gà đen là một biến thể chịu ảnh hưởng của Cajun của món salad Caesar cổ điển với ức gà phủ gia vị đen cay và nướng than. Món salad đáng kể này kết hợp rau diếp romaine giòn, phô mai Parmesan bào và bánh mì giòn phủ sốt Caesar kem, thường cung cấp 400-600 calo cho mỗi suất ăn tại nhà hàng. Món ăn này mang đến sự kết hợp đặc biệt giữa hương vị Caesar truyền thống với vị cay đậm đà của gia vị Cajun, đồng thời cung cấp một nguồn protein đáng kể.",80
87a4fcda-ca41-500a-b78f-2e232830fd59,,,Tàu hũ hạnh nhân (Almond Tofu),DISH,82.67,4.0,2.67,10.67,0.67,6.67,33.33,d955f552-54bb-4357-b9be-a0269615a707,,,"Đậu phụ hạnh nhân là một món tráng miệng ướp lạnh của châu Á, mặc dù có tên như vậy nhưng không chứa đậu phụ thực sự mà là một loại bánh pudding mềm mượt được làm từ sữa hạt hạnh nhân hoặc hạt mơ trộn với thạch agar. Món tráng miệng nhẹ nhàng, sảng khoái này có kết cấu tinh tế tan chảy trong miệng tương tự như panna cotta và thường được dùng kèm với cocktail trái cây hoặc xi-rô vải thiều. Món tráng miệng làm từ thực vật mang đến một sự thay thế nhẹ nhàng hơn cho bánh pudding làm từ kem đồng thời mang lại hương vị hấp dẫn tinh tế.",75
1f156fb7-1950-5b17-92af-5c06d9bf0d75,,,Salad sốt dầu giấm (Vinaigrette Salad),DISH,60.08,1.01,5.04,3.99,1.01,1.68,63.03,d955f552-54bb-4357-b9be-a0269615a707,,,"Salad dầu giấm là một món ăn nhẹ, tươi ngon được phục vụ truyền thống tại các nhà hàng bít-tết Brazil như một món đối trọng với các loại thịt nướng đậm đà. Món salad tổng hợp này có các loại rau xanh trộn giòn, cà chua, dưa chuột và hành đỏ, trộn với dầu giấm cân bằng làm từ dầu ô liu giúp tăng cường các loại rau mà không khiến chúng bị choáng ngợp. Hàm lượng calo vừa phải và nguyên liệu tươi cung cấp các chất dinh dưỡng thiết yếu đồng thời mang lại sự tương phản sảng khoái trong dịch vụ bữa ăn giàu protein.",95
c5a8f461-9e5d-55a3-85dd-78656748711c,,,Salad củ quả phủ phô mai kiểu Balkan / Šopska Salad (Šopska Salad),DISH,70.78,2.27,5.34,3.99,1.01,1.44,86.21,d955f552-54bb-4357-b9be-a0269615a707,,,"Šopska Salad là một món ăn truyền thống của vùng Balkan bao gồm cà chua tươi cắt miếng nhỏ, dưa chuột, hành tây và ớt chuông phủ phô mai trắng vụn. Món salad sảng khoái này được phân biệt bởi phần trên cùng là phô mai feta hoặc phô mai trắng ngâm nước muối tương tự, cung cấp cả độ tương phản hình ảnh và hàm lượng protein. Thường được phục vụ như món khai vị hoặc món ăn phụ trong các nhà hàng Serbia, món này cung cấp sự kết hợp cân bằng giữa rau tươi và protein từ sữa với hàm lượng calo vừa phải.",95
bdd4f5af-296e-52b4-a481-9504d6c6e7f4,,,Salad cá đóng hộp xếp lớp Mimosa (Mimosa Salad),DISH,182.5,10.0,12.5,7.5,1.5,1.5,225.0,d955f552-54bb-4357-b9be-a0269615a707,,,"Salad Mimosa là một món ăn nhiều lớp truyền thống của Ukraine bao gồm các tầng cá đóng hộp, rau luộc, trứng và phô mai xen kẽ với sốt mayonnaise. Món salad đậm đà này được đặt tên theo phần trang trí trên cùng là lòng đỏ trứng nghiền, trông giống như hoa mimosa màu vàng. Chế phẩm ướp lạnh, giàu protein kết hợp khoai tây mềm và cà rốt với cá vảy, tạo ra một món ăn béo ngậy, béo ngậy thường được phục vụ trong các lễ kỷ niệm và các dịp đặc biệt.",95
49069078-63f9-5027-b47d-4e404ad0851e,,,Bánh Sambusa nhân đậu lăng (Sambusa with Lentils),DISH,275.0,9.17,5.67,45.0,4.17,3.33,500.0,d955f552-54bb-4357-b9be-a0269615a707,,,"Sambusa là một loại bánh ngọt giòn của Ethiopia bao gồm một lớp vỏ mỏng làm từ bột mì chứa đầy đậu lăng dày dặn và gia vị thơm. Món khai vị hình tam giác này thường được chiên giòn để có lớp vỏ ngoài màu nâu vàng, trong khi bên trong có hỗn hợp thơm ngon của đậu lăng, hành tây và các loại gia vị truyền thống của Ethiopia. Là một loại thức ăn cầm tay giàu protein, mỗi miếng đều cung cấp một nguồn protein thực vật và chất xơ dồi dào, mặc dù phương pháp chế biến tại nhà hàng thường bao gồm chiên trong dầu.",75
16bc2705-3b0a-539a-82bd-730e0f583a3c,,,Cải xoăn xào tỏi kiểu Brazil / Couves Refogadas (Couves Refogadas),DISH,49.0,4.3,0.9,9.0,3.6,1.4,38.0,d955f552-54bb-4357-b9be-a0269615a707,,,"Couves Refogadas là món ăn kèm truyền thống của Brazil gồm cải xoăn xào với tỏi và hành cho đến khi mềm. Chế phẩm đậm đặc chất dinh dưỡng này, thường được phục vụ tại các nhà hàng bít tết ở Brazil, duy trì hàm lượng vitamin phong phú của cải xoăn đồng thời biến nó thành một món ăn kèm đầy hương vị cho các món thịt nướng. Việc chuẩn bị đơn giản giúp tỏa sáng chất đất tự nhiên của cải xoăn đồng thời cung cấp đáng kể chất xơ, protein và vitamin A, C và K.",75
a60dc83d-eb84-581b-bbeb-0182fe4ce499,,,Súp lơ tẩm sốt cay Buffalo (Buffalo Cauliflower),DISH,92.44,2.1,5.04,8.4,1.68,2.1,357.14,d955f552-54bb-4357-b9be-a0269615a707,,,"Súp lơ trâu là một món ăn chay chuyển thể từ món cánh trâu với những bông súp lơ tẩm bột được rưới nước sốt trâu cay. Món khai vị của nhà hàng này thường được phục vụ với cần tây và phô mai xanh hoặc nước sốt trang trại, cung cấp một món ăn thay thế ít calo hơn cho cánh gà truyền thống. Mặc dù chế phẩm tẩm bột và phủ nước sốt bổ sung thêm natri và chất béo đáng kể, nhưng nó vẫn là một lựa chọn làm từ thực vật phổ biến mang lại trải nghiệm cánh trâu cổ điển.",75
1d625e88-f9bd-5ff2-8131-78703a23cbb7,,,Nước dùng lẩu cà chua (Tomato Broth),DISH,235.0,6.5,14.0,20.0,1.0,18.0,2680.0,d955f552-54bb-4357-b9be-a0269615a707,,,"Nước dùng cà chua là một loại nước lẩu thơm ngon được làm từ bột cà chua đậm đặc, dầu và gia vị thường thấy trong các nhà hàng châu Á. Nước dùng đậm đà, màu đỏ này mang lại hương vị nhẹ nhàng, dễ tiếp cận, bổ sung nhiều loại nguyên liệu đồng thời chứa một lượng đáng kể lycopene từ cà chua. Mặc dù thường có hàm lượng natri cao hơn so với các phiên bản tự làm, nhưng nước dùng kiểu nhà hàng này là một lựa chọn làm hài lòng đám đông để nấu thịt, hải sản, rau và mì trong trải nghiệm ăn lẩu.",95
ca2c04dd-b02d-5624-aa39-3df85dff9228,,,Bát Phật thuần chay / Vegan Buddha Bowl (Vegan Buddha Bowl),DISH,170.93,5.51,5.29,25.33,3.08,1.76,110.13,d955f552-54bb-4357-b9be-a0269615a707,,,"Bát Phật thuần chay là một món ăn giàu chất dinh dưỡng với sự sắp xếp khéo léo của các nguyên liệu thực vật trong một chiếc bát tròn, lớn. Những chiếc bát kiểu nhà hàng này thường kết hợp ngũ cốc ấm, các loại đậu và rau nướng với rau xanh tươi và các loại nước sốt làm từ thực vật sáng tạo như sốt tahini hoặc sốt pepita. Sự kết hợp cân bằng giữa các loại đậu giàu protein, ngũ cốc nguyên hạt và các loại rau đa dạng mang đến một bữa ăn hoàn chỉnh cung cấp đáng kể chất xơ, protein thực vật và các chất dinh dưỡng thiết yếu.",75
0122590c-828d-5d42-9f17-1e71223fc31b,,,Salad bắp cải khoai tây tẩm nghệ Atakilt (Atakilt Salad),DISH,75.76,2.02,3.03,10.1,2.53,1.52,75.76,d955f552-54bb-4357-b9be-a0269615a707,,,"Atakilt Salad là một món rau truyền thống của Ethiopia bao gồm bắp cải, khoai tây và cà rốt tẩm gia vị ấm nấu với nghệ thơm và thì là. Chế độ ăn thuần chay tự nhiên này cung cấp sự kết hợp đậm đặc chất dinh dưỡng của các loại rau thường được phục vụ cùng với bánh mì dẹt injera trong các nhà hàng Ethiopia. Món ăn này đặc trưng bởi các loại gia vị có tính ấm nhẹ nhàng và rau nấu chín mềm, mang đến một món ăn kèm giàu chất xơ vừa có hương vị vừa bổ dưỡng.",95
96774ec0-f76a-52fe-b9a1-2bf9b8f9c737,,,Cà ri Massaman đậu phụ (Massaman Curry with Tofu),DISH,161.79,2.5,7.5,21.43,1.43,2.86,367.86,d955f552-54bb-4357-b9be-a0269615a707,,,"Cà ri Massaman với đậu phụ là một món ăn Thái đậm đà với nước sốt làm từ nước cốt dừa trộn với gia vị thơm, đậu phộng và khoai tây. Biến thể cà ri nhẹ hơn này kết hợp các hương vị ngọt, mặn và cay tinh tế thông qua sự pha trộn đặc biệt của các loại gia vị truyền thống chịu ảnh hưởng của Thái Lan và Ấn Độ. Cách chế biến tại nhà hàng thường tạo ra một món ăn béo ngậy, thỏa mãn, trong đó đậu phụ cung cấp nguồn protein thay thế, mặc dù thành phần nước cốt dừa khiến món này đặc biệt giàu calo và chất béo lành mạnh.",75
f0e91dbb-71e1-5087-b63a-9e6ae408c877,,,Gan xào hành tây (Liver and Onions),INGREDIENT,140.0,11.2,5.6,7.2,0.8,2.0,200.0,d955f552-54bb-4357-b9be-a0269615a707,,,"Gan và hành tây là một món ăn quán rượu truyền thống của Anh bao gồm gan bò hoặc gan cừu thái lát chiên với hành tây caramen và nước sốt đậm đà. Món ăn giàu protein này đặc biệt chứa nhiều chất sắt và các chất dinh dưỡng thiết yếu, thường được dùng kèm với khoai tây nghiền hoặc rau để bổ sung cho nước sốt thơm ngon. Gan thường được nấu cho đến khi bên trong có màu hồng để duy trì độ mềm đồng thời tạo nên lớp vỏ bên ngoài đầy hương vị.",95
056bc0d1-0e7b-5770-afce-d05a9a430cd4,,,Khoai tây nghiền vị tỏi (Garlic Mashed Potatoes),INGREDIENT,133.33,2.86,7.14,14.29,1.43,0.95,461.9,d955f552-54bb-4357-b9be-a0269615a707,,,"Khoai tây nghiền tỏi là một món ăn kèm kiểu nhà hàng bao gồm khoai tây được đánh với một lượng đáng kể bơ và kem để tạo ra kết cấu mịn sang trọng. Chế phẩm phong phú này thường kết hợp tỏi rang hoặc tỏi tươi để tạo hương vị đậm đà, thơm ngon, đồng thời thường chứa nhiều chất béo và calo hơn so với các phiên bản chế biến tại nhà do sử dụng nhiều các sản phẩm từ sữa. Món ăn thường có thêm gia vị và có thể bao gồm phô mai, dẫn đến hương vị hấp dẫn hơn với hàm lượng natri cao hơn so với khoai tây nghiền thông thường.",95
ce0d6d8e-4f68-5c50-8bb7-9bd005f3aa8c,,,Nước tương tỏi chấm lẩu (Garlic Soy Sauce),DISH,73.33,6.67,0.0,13.33,0.0,13.33,4333.33,d955f552-54bb-4357-b9be-a0269615a707,,,"Nước tương tỏi là một loại gia vị thơm ngon thường được phục vụ tại các nhà hàng lẩu, kết hợp nước tương truyền thống với tỏi tươi và thường là dầu mè. Nước chấm thơm này mang đến sự cân bằng hoàn hảo giữa hương vị umami và tỏi được chế biến đặc biệt cho bữa ăn lẩu. Tuy làm tăng hương vị của thịt và rau nấu chín nhưng nên sử dụng vừa phải do hàm lượng natri cao.",95
3c3672a3-6937-560c-a741-5d3a30e222b8,,,Đậu phụ chiên giòn (Crispy Tofu),DISH,129.03,6.05,7.26,11.29,1.21,1.21,161.29,d955f552-54bb-4357-b9be-a0269615a707,,,"Đậu phụ giòn là một món ăn của nhà hàng Thái Lan, trong đó đậu phụ cứng được phủ một lớp bột ngô hoặc bột gạo và chiên giòn cho đến khi có màu vàng nâu. Quá trình nấu nướng tạo ra lớp vỏ ngoài giòn đặc trưng trong khi vẫn giữ được phần bên trong mềm, mềm, khiến món này trở thành một lựa chọn protein từ thực vật phổ biến trong ẩm thực Thái Lan. Cách chế biến này thường đóng vai trò là thành phần chính của món ăn và thường đi kèm với nước sốt Thái đầy hương vị và rau tươi.",75
44e3f0c7-5f9d-5133-b136-63db3a3646ed,,,Khoai tây bổ cau nướng giòn (Baked Potato Wedges),DISH,130.0,2.5,4.0,21.0,3.0,1.0,150.0,d955f552-54bb-4357-b9be-a0269615a707,,,"Miếng khoai tây nướng là những miếng khoai tây dày, còn nguyên vỏ được nướng cho đến khi vàng, mang lại lớp vỏ bên ngoài giòn và bên trong mềm. Phương pháp chế biến này giữ lại chất xơ và kali tự nhiên của khoai tây đồng thời sử dụng ít chất béo hơn so với các phương pháp chiên ngập dầu. Thường được nêm với ớt bột, tỏi hoặc thảo mộc, chúng được dùng như một món ăn phụ hoặc món ăn nhẹ đa năng phù hợp với chế độ ăn thuần chay và không chứa gluten khi được chế biến mà không có lớp trên cùng làm từ sữa.",95
284484aa-5b4c-5f44-857e-c0f437170565,,,Salad Taco (Taco Salad),DISH,211.67,8.0,17.33,7.0,1.5,1.33,353.33,d955f552-54bb-4357-b9be-a0269615a707,,,"Salad Taco là một món ăn Tex-Mex thịnh soạn với thịt bò xay được tẩm gia vị ăn kèm với rau diếp thái nhỏ trong bát bánh tortilla chiên giòn. Cách chế biến theo phong cách nhà hàng này thường bao gồm phô mai cắt nhỏ, cà chua thái hạt lựu và nhiều loại đồ phủ khác nhau như kem chua và guacamole, thường được trộn với nước sốt kem hoặc salsa. Mặc dù cung cấp lượng protein đáng kể, món ăn này đặc biệt giàu calo theo khẩu phần của nhà hàng, thường chứa hơn 1.000 calo với một lượng đáng kể chất béo và natri từ vỏ chiên và lớp phủ bên trên phong phú.",95
b01e5f3f-16d8-5c2a-8fd7-e793b23ed9b6,,,Cơm đậu đỏ ăn kèm bánh quy Biscuit (Red Beans and Rice with Biscuit),INGREDIENT,178.46,5.85,8.92,21.54,1.85,1.23,361.54,d955f552-54bb-4357-b9be-a0269615a707,,,"Đậu đỏ và cơm với bánh quy là một món ăn thịnh soạn của nhà hàng miền Nam với đậu thận nấu chậm ninh với xúc xích khói và gia vị Cajun, dùng kèm với cơm trắng. Những hạt đậu thơm ngon được nấu theo cách truyền thống cho đến khi mềm với các chất thơm bao gồm hành tây, cần tây và ớt chuông, tạo nên một loại nước sốt đậm đà, thơm ngon. Bữa ăn thịnh soạn này đi kèm với bánh quy kiểu miền Nam mới nướng, tạo nên sự kết hợp đầy đủ của protein, tinh bột và hương vị thơm ngon.",75
c7c7ae6b-9daf-5460-b26a-48d9165337c6,,,Bánh mì Sandwich cà tím đút lò phô mai (Eggplant Parmigiana Sandwich),DISH,191.18,6.47,10.59,18.53,1.47,2.06,391.18,d955f552-54bb-4357-b9be-a0269615a707,,,"Bánh Sandwich cà tím Parmigiana là một món ăn ngon thịnh soạn của người Mỹ gốc Ý bao gồm cà tím cốt lết chiên tẩm bột, xếp lớp với nước sốt marinara và phô mai tan chảy trên một cuộn cứng. Món bánh sandwich nóng hổi đáng kể này thường chứa nhiều dạng phô mai, bao gồm mozzarella và parmesan, đồng thời đại diện cho một lựa chọn bữa ăn giàu calo chứa một lượng đáng kể protein, carbohydrate và natri. Các chất gây dị ứng phổ biến bao gồm lúa mì, sữa và đậu nành từ bánh mì, phô mai và dầu ăn.",75
365e0e8c-54ea-567e-9c46-a69ad4159b6e,,,Salad dưa chuột kiểu Armenia (Armenian Cucumber Salad),DISH,85.71,1.14,4.57,6.86,1.14,2.86,262.86,d955f552-54bb-4357-b9be-a0269615a707,,,"Salad dưa chuột Armenia là một món ăn Địa Trung Hải truyền thống bao gồm dưa chuột thái lát mỏng với sự kết hợp tươi sáng của dầu ô liu, nước cốt chanh và các loại thảo mộc tươi. Món salad nhẹ nhàng, sảng khoái này thường được trang trí bằng bạc hà tươi hoặc rau mùi tây và có thể thêm một chút tỏi và hành đỏ để tăng thêm hương vị. Món salad cung cấp một lựa chọn cung cấp nước, ít calo, thường được dùng làm món ăn kèm làm mát cho thịt nướng và các món chính Địa Trung Hải khác.",95
2b91b2d7-eaea-53b1-a128-03f44eb95c7b,,,Salad dưa hấu và phô mai Feta (Watermelon Feta Salad),DISH,56.33,1.67,3.0,5.67,0.67,4.0,83.33,d955f552-54bb-4357-b9be-a0269615a707,,,"Salad Feta dưa hấu là một món ăn được chế biến theo phong cách hiện đại, thể hiện sự nhấn mạnh của ẩm thực kết hợp California vào hương vị tươi ngon, tương phản. Món salad tươi mát này kết hợp những miếng dưa hấu ngọt, giòn với phô mai feta mặn, kem, thường được trang trí bằng bạc hà hoặc húng quế tươi, hành tây đỏ và một ít dầu ô liu hoặc men balsamic. Món ăn này cung cấp thành phần dinh dưỡng cân bằng đồng thời mang lại sự tương tác tinh tế giữa kết cấu và nhiệt độ, lý tưởng cho bữa ăn trong thời tiết ấm áp.",75
01adb9cc-086e-5dd1-8aba-5e1752d122b7,,,Salad gà kèm bơ (Salad with Avocado),DISH,140.0,11.2,8.8,3.6,3.2,0.4,200.0,d955f552-54bb-4357-b9be-a0269615a707,,,"Món salad kiểu Peru này là một món ăn giàu protein bao gồm bơ tươi, gà nướng dày dạn và rau xanh trộn giòn. Việc chuẩn bị thường bao gồm các yếu tố đặc trưng của Peru như nước sốt làm từ hạt tiêu rocoto và gia vị truyền thống, tạo nên hương vị đặc biệt. Rau tươi và bơ kem cung cấp chất béo và chất xơ lành mạnh, trong khi gà nướng cung cấp lượng protein đáng kể, khiến nó trở thành một bữa ăn cân bằng dinh dưỡng.",95
e2fffbb5-bd18-5ace-9b4d-d457c810657b,,,Sốt chấm rau bina và atisô (Spinach and Artichoke Dip),DISH,275.0,5.0,22.5,7.5,0.83,0.83,541.67,d955f552-54bb-4357-b9be-a0269615a707,,,"Món nhúng rau bina và atisô là món khai vị béo ngậy, nhiều kem thường được phục vụ khi còn nóng tại các nhà hàng ăn uống bình dân. Món ăn hấp dẫn này kết hợp phô mai kem, sốt mayonnaise và nhiều loại phô mai tan chảy khác nhau với rau bina cắt nhỏ và trái atisô, thường chứa hơn 600 calo mỗi khẩu phần ăn. Món nhúng thường được ăn kèm với bánh tortilla, bánh mì hoặc rau, đồng thời hàm lượng chất béo và natri cao khiến món ăn này phù hợp nhất để thỉnh thoảng chia sẻ hơn là tiêu thụ thường xuyên.",95
c1373a0a-20cf-529a-97c1-5c9c53cef842,,,Salad Hy Lạp kèm gà nướng (Greek Salad with Grilled Chicken),DISH,92.0,8.0,5.14,3.43,1.43,1.43,342.86,d955f552-54bb-4357-b9be-a0269615a707,,,"Salad Hy Lạp với gà nướng là món salad nhà hàng giàu protein kết hợp ức gà nướng với các nguyên liệu salad truyền thống của Hy Lạp. Phần đế bao gồm xà lách romaine giòn, cà chua, dưa chuột, hành đỏ, ô liu Kalamata và pho mát feta vụn, thường được trộn với dầu giấm Hy Lạp. Bữa ăn cân bằng này cung cấp lượng protein đáng kể (16-34g mỗi khẩu phần) và chất xơ, mặc dù phiên bản nhà hàng có thể có lượng natri cao hơn do thành phần nước sốt và pho mát.",80
0388649c-a2ad-5d65-a6aa-5ab7d7b52c6b,,,Salad xà lách trộn thập cẩm (Mixed Green Salad),DISH,82.35,2.35,5.88,4.71,1.18,2.35,411.76,d955f552-54bb-4357-b9be-a0269615a707,,,"Salad xanh hỗn hợp là món khai vị của nhà hàng có sự kết hợp của các loại rau diếp tươi thường bao gồm romaine, rau bina và rau arugula làm nền. Các chế phẩm tiêu chuẩn cho tiệm bánh pizza bao gồm các loại rau thông thường như cà chua bi, dưa chuột và hành tím, mặc dù các thành phần cụ thể có thể khác nhau tùy theo cơ sở. Mặc dù các loại rau xanh cơ bản cung cấp lượng calo tối thiểu, nhưng hàm lượng dinh dưỡng cuối cùng phụ thuộc đáng kể vào các loại nước sốt đã chọn và các lớp phủ bổ sung như phô mai, bánh mì nướng hoặc protein.",95
e8cd833c-4982-57f2-a7b3-49605e532263,,,Cải xoăn xào tỏi (Sautéed Kale with Garlic),DISH,88.5,3.1,6.19,7.96,1.77,1.77,132.74,d955f552-54bb-4357-b9be-a0269615a707,,,"Cải xoăn xào tỏi là một món ăn được chế biến từ trang trại đến bàn ăn với cải xoăn tươi địa phương được nấu chín nhanh chóng để duy trì hàm lượng dinh dưỡng dồi dào đồng thời đạt được kết cấu mềm-giòn lý tưởng. Món ăn kiểu nhà hàng này kết hợp cải xoăn Tây Bắc Thái Bình Dương theo mùa với tỏi thơm trong món xào nhẹ với dầu ô liu, tạo ra một món ăn kèm đậm đặc chất dinh dưỡng, đặc biệt giàu vitamin A, C và K. Phương pháp chế biến chuyên nghiệp đảm bảo cải xoăn vẫn giữ được màu sắc rực rỡ và vị cắn nhẹ đồng thời làm dịu vị đắng tự nhiên.",95
bde80dd0-887d-56bd-a61f-42fa3da03065,,,Salad đọt dừa / Lòng bàn tay (Palm Hearts Salad),DISH,11.36,1.52,0.0,2.27,1.52,0.76,272.73,d955f552-54bb-4357-b9be-a0269615a707,,,"Salad Palm Hearts là món khai vị lạnh đặc trưng được phục vụ tại các nhà hàng bít tết của Brazil, với thành phần chính là lòng bàn tay mềm mại. Món salad thường kết hợp lòng bàn tay thái lát giòn với rau tươi trong nước sốt dầu giấm nhẹ, tạo nên món khai vị sảng khoái. Món ăn có hàm lượng calo thấp tự nhiên này cung cấp hàm lượng chất xơ đáng kể và các chất dinh dưỡng thiết yếu đồng thời mang lại kết cấu tinh tế, giống như atisô và hương vị bơ tinh tế.",95
1fbbfa0d-b9f8-5d06-94d2-069ba788b139,,,Salad Cobb gà tây (Cobb Salad with Turkey),DISH,192.5,9.5,13.75,7.5,2.75,1.75,500.0,d955f552-54bb-4357-b9be-a0269615a707,,,"Salad Cobb với Thổ Nhĩ Kỳ là món salad khai vị giàu protein bao gồm ức gà tây cắt lát được sắp xếp với các thành phần Cobb truyền thống bao gồm trứng luộc chín, thịt xông khói, bơ, cà chua và phô mai trên các loại rau trộn. Món salad đáng kể này thường cung cấp 30-40 gam protein cho mỗi suất ăn tại nhà hàng, với lượng calo dao động từ 600-800 tùy thuộc vào khẩu phần ăn và lựa chọn nước sốt. Sự kết hợp giữa thịt gà tây nạc, chất béo lành mạnh từ quả bơ và các loại protein khác nhau làm cho nó trở thành một lựa chọn bữa ăn thỏa mãn có thể được tùy chỉnh theo sở thích ăn kiêng thông qua lựa chọn nước sốt và sửa đổi thành phần.",80
a25b0aaf-3ea9-588c-8166-21ba3926e5bc,,,Bánh xếp nhân cà tím Sambousek kiểu Iraq (Iraqi Eggplant Sambousek),DISH,333.33,8.89,17.78,34.44,3.89,3.33,333.33,d955f552-54bb-4357-b9be-a0269615a707,,,"Cà tím Iraq Sambousek là một loại bánh ngọt truyền thống của Trung Đông có vỏ ngoài chiên giòn với nhân cà tím, hành tây và gia vị thơm. Những món khai vị nhỏ, hình lưỡi liềm này thường được phục vụ như một phần của đĩa mezze, mang đến lựa chọn thân thiện với người ăn chay trong ẩm thực Iraq. Nhân bánh kết hợp cà tím mềm với tỏi, rau thơm và các loại gia vị ấm như thì là, tất cả được bọc trong một lớp bột mịn, nhẹ, chuyển sang màu vàng và giòn khi chiên.",75
c8e3f551-cfc8-5a8a-a21c-6360b1da840c,,,Salad nhà làm (House Salad),DISH,145.0,5.0,8.5,12.0,1.75,2.5,95.0,d955f552-54bb-4357-b9be-a0269615a707,,,"Salad tại nhà là một nhà hàng tiêu chuẩn cung cấp các loại rau trộn trộn với các loại rau thông thường như cà chua, dưa chuột và hành tây. Món salad cơ bản này thường có các phần ăn kèm hoặc món khai vị và thường được phục vụ với lựa chọn nước sốt ăn kèm. Mặc dù thành phần và khẩu phần thay đổi tùy theo cơ sở, nhưng phần ăn kèm thường chứa 170-290 calo trước khi trộn, với các thành phần bổ sung phổ biến bao gồm phô mai cắt nhỏ, bánh mì nướng và protein tùy chọn như gà nướng.",95
ec6ad443-bacb-55ed-bc66-8ff13e5008ee,,,Salad cà chua kiểu Ethiopia / Timatim (Timatim Salad),DISH,64.71,1.05,4.92,4.05,1.54,2.44,4.01,d955f552-54bb-4357-b9be-a0269615a707,,,"Salad Timatim là một món salad cà chua tươi mát của Ethiopia, được dùng như một món ăn kèm làm sạch khẩu vị cho các món ăn cay. Món ăn sôi động này kết hợp cà chua thái hạt lựu và hành đỏ với nước sốt đặc biệt gồm dầu ô liu, cam quýt và hỗn hợp gia vị berbere, tạo nên hương vị tươi sáng, thơm. Theo truyền thống được phục vụ cùng với bánh mì injera và các món hầm khác nhau của Ethiopia, nó mang lại sự tương phản tươi mát, nhẹ nhàng đồng thời cung cấp vitamin C có giá trị thông qua các thành phần rau sống.",95
682b5ed4-5aff-59ae-b91a-a84382f5ba51,,,Canh đậu phụ non hầm cay / Sundubu Jjigae (Sundubu Jjigae (Spicy Soft Tofu Stew)),DISH,108.0,8.0,4.8,8.0,2.0,2.0,360.0,d955f552-54bb-4357-b9be-a0269615a707,,,"Sundubu Jjigae là món đậu phụ mềm hầm cay Hàn Quốc được phục vụ nóng hổi trong tô đá với đậu phụ mềm trong nước dùng màu đỏ rực. Món ăn thịnh soạn này thường có trứng sống nấu trong nước dùng đang bốc khói và thường bao gồm hải sản hoặc thịt cùng với nấm và rau. Giàu protein và chất dinh dưỡng, món hầm nóng này mang đến sự kết hợp hài lòng giữa đậu phụ mịn, nước dùng cay và các nguyên liệu mềm tạo nên một bữa ăn hoàn chỉnh.",75
6fd4de20-1886-5d22-860d-486173747b40,,,Salad gà nướng sốt mè Á Đông (Asian Sesame Salad with Grilled Chicken),DISH,127.27,9.7,6.67,8.18,1.52,2.42,212.12,d955f552-54bb-4357-b9be-a0269615a707,,,"Salad mè châu Á với gà nướng là một món salad giàu protein bao gồm ức gà nướng tẩm mè ăn kèm với rau trộn và các loại rau lấy cảm hứng từ châu Á. Món salad thường bao gồm đậu tuyết, cam quýt và các loại đồ ăn kèm giòn như hạnh nhân nướng và mì giòn, kết thúc bằng nước sốt mè-gừng đặc biệt. Bữa ăn cân bằng này cung cấp khoảng 30 gam protein mỗi khẩu phần đồng thời cung cấp nhiều kết cấu khác nhau và sự kết hợp hài hòa giữa hương vị ngọt, mặn và hấp dẫn.",80
bdac9ad2-78ca-58c0-977c-c9856b05a5ab,,,Bánh mì Sub kẹp salad trứng (Egg Salad Sub),DISH,340.0,10.0,20.0,30.0,3.33,4.0,1000.0,d955f552-54bb-4357-b9be-a0269615a707,,,"Món phụ salad trứng là một loại bánh sandwich có trứng luộc cắt nhỏ trộn với sốt mayonnaise, mù tạt và gia vị, được phục vụ trên một chiếc bánh cuộn tàu ngầm. Cách chế biến tại nhà hàng này thường bao gồm hành tây và cần tây thái hạt lựu để giòn, với khẩu phần thường lớn hơn và có lượng calo cao hơn so với các món tự chế biến. Mặc dù cung cấp lượng protein đáng kể từ trứng, nhưng món bánh mì sandwich này lại có hàm lượng natri và chất béo bão hòa cao đáng kể do sử dụng nhiều sốt mayonnaise và gia vị trong các chế phẩm thương mại.",75
4ecabf1c-0968-582e-b607-4c39fea18132,,,Salad dưa hấu và phô mai Halloumi nướng (Grilled Halloumi and Watermelon Salad),DISH,127.67,3.33,9.67,8.33,1.0,6.67,219.67,d955f552-54bb-4357-b9be-a0269615a707,,,"Món salad lấy cảm hứng từ Địa Trung Hải này là sự kết hợp tinh tế giữa phô mai halloumi nướng và dưa hấu tươi, tạo ra sự tương phản có chủ ý giữa phô mai ấm, giòn và trái cây ngọt, mát. Món ăn này thường có halloumi nướng màu nâu vàng, nổi tiếng với hàm lượng protein cao và đặc tính không tan chảy độc đáo, kết hợp với những miếng dưa hấu ngon ngọt và bạc hà tươi, thường được hoàn thiện với dầu ô liu chất lượng và dầu giấm nhẹ. Sự kết hợp mới mẻ này thể hiện cách tiếp cận Địa Trung Hải hiện đại trong việc cân bằng nhiệt độ, kết cấu và hương vị trong một món ăn.",75
