id,created_at,updated_at,name,type,calories_per_100g,protein_per_100g,fat_per_100g,carbs_per_100g,fiber_per_100g,sugar_per_100g,sodium_mg_per_100g,category_id,default_serving_id,image_url,description,health_score
d32ee943-b069-5616-bd05-c0c58d3dda90,,,"Cà phê, với sữa (Coffee, With Milk)",INGREDIENT,9.0,0.41,0.41,0.6,0.0,0.6,11.0,85ac50db-ec45-4d0f-b644-c46a43621f31,,,"Cà phê sữa là đồ uống phổ biến trên toàn cầu kết hợp cà phê pha với sữa để cân bằng độ chua, vị đắng đồng thời tăng thêm vị kem. Thành phần dinh dưỡng thay đổi đáng kể tùy theo loại sữa, với các phiên bản sữa cung cấp protein và canxi, trong khi các sản phẩm thay thế từ thực vật như sữa yến mạch hoặc sữa hạnh nhân cung cấp các lựa chọn không chứa lactose. Việc pha chế này tạo cơ sở cho các loại đồ uống từ café au lait thông thường đến latte làm từ espresso, với hàm lượng calo bị ảnh hưởng trực tiếp bởi tỷ lệ chất béo sữa và chất làm ngọt được thêm vào.",75
d27f4dc6-1ce9-55ac-a618-b99952b6a82e,,,Cà phê hòa tan (Instant Coffee),INGREDIENT,2.0,0.1,0.0,0.34,0.0,0.0,4.0,85ac50db-ec45-4d0f-b644-c46a43621f31,,,"Cà phê hòa tan là một dạng cà phê pha đã khử nước được tạo ra thông qua quá trình đông khô hoặc sấy phun, được thiết kế để hòa tan nhanh chóng trong nước. Trong khi vẫn giữ mức caffeine tương đương với cà phê mới pha, quá trình xử lý của nó làm giảm các hợp chất thơm dễ bay hơi, dẫn đến vị đắng đậm đặc hơn và hương vị ít sắc thái hơn. Định dạng ổn định trên kệ này cung cấp nguồn caffeine có hàm lượng calo thấp (khi tiêu thụ mà không có chất phụ gia) và được ưa chuộng vì sự tiện lợi của nó trong đồ uống, làm bánh và cung cấp thực phẩm khẩn cấp.",75
8be74f8d-8d44-5ee5-bf3a-9a03986611d2,,,Cà phê (Coffee),DISH,0.84,0.13,0.0,0.0,0.0,0.0,2.11,85ac50db-ec45-4d0f-b644-c46a43621f31,,,"Cà phê ở cửa hàng bánh rán là đồ uống nóng mới pha thường được phục vụ với kích thước nhỏ, vừa hoặc lớn với các tùy chọn tùy chỉnh. Cà phê đen đơn giản hầu như không chứa calo và cung cấp khoảng 100-200mg caffeine mỗi khẩu phần, mặc dù các chất bổ sung như kem, đường hoặc xi-rô có hương vị làm thay đổi đáng kể thành phần dinh dưỡng của nó. Loại cà phê kiểu nhà hàng này thường được pha từ hạt Arabica và phục vụ suốt cả ngày, với các lựa chọn cho cả chế biến nóng và lạnh.",75
530df82b-9bde-5271-9b72-9ed956222f0f,,,Bia (Beer),DISH,40.0,0.41,0.0,3.0,0.0,0.0,4.5,85ac50db-ec45-4d0f-b644-c46a43621f31,,,"Bia là một loại đồ uống có cồn được sản xuất bằng cách lên men các loại ngũ cốc mạch nha—thường là lúa mạch—với nước, hoa bia và men. Đồ uống có ga này có phạm vi từ bia nhẹ đến bia đen mạnh, với nồng độ cồn thường từ 4-10% ABV và lượng calo chủ yếu có nguồn gốc từ carbohydrate và ethanol. Trong khi các loại bia truyền thống có chứa gluten từ lúa mạch hoặc lúa mì, các loại bia không chứa gluten hiện đang sử dụng các loại ngũ cốc thay thế như lúa miến hoặc gạo.",75
7961c5e9-f007-5819-abcb-feacd6ef12dc,,,Dưa hấu (Watermelon),INGREDIENT,31.3,0.66,0.1,7.73,0.43,6.73,2.93,85ac50db-ec45-4d0f-b644-c46a43621f31,,,"Dưa hấu là loại trái cây mùa hè có đặc tính dưỡng ẩm nhờ thịt đỏ giòn, mọng nước và vỏ dày màu xanh. Bao gồm hơn 90% nước, nó cung cấp chất điện giải tự nhiên và đặc biệt ít calo đồng thời cung cấp đáng kể vitamin C và lycopene – một chất chống oxy hóa cũng có trong cà chua. Thường được thưởng thức sống ở dạng lát hoặc khối, loại dưa ngọt này chứa cả loại có hạt và không hạt, đồng thời vừa là một món ăn nhẹ sảng khoái vừa là chất hỗ trợ hydrat hóa tự nhiên.",75
3b8e232e-443b-5bd8-a604-bec196424971,,,Cà phê đá có đường (Sweetened Iced Coffee Drink),DISH,71.0,1.98,1.38,12.6,0.0,10.7,26.0,85ac50db-ec45-4d0f-b644-c46a43621f31,,,"Đồ uống cà phê đá ngọt là đồ uống pha sẵn kết hợp cà phê pha với đường bổ sung, thường được tăng cường với sữa hoặc kem để có kết cấu mịn. Những đồ uống được pha chế thương mại này thường chứa nhiều đường và calo hơn đáng kể so với cà phê pha không đường, đồng thời cung cấp lượng caffeine tương đương với khẩu phần cà phê nóng tiêu chuẩn. Được thiết kế để thuận tiện, chúng cân bằng vị đắng của cà phê với vị ngọt rõ rệt nhưng thiếu khả năng tùy chỉnh và kiểm soát dinh dưỡng như các phiên bản tự làm.",75
01ff2965-1753-57bf-8dd0-53fa85e60585,,,"Soda cam thường (Orange Soda, Regular)",INGREDIENT,48.0,0.0,0.0,12.3,0.0,12.3,12.0,85ac50db-ec45-4d0f-b644-c46a43621f31,,,"Soda cam là một loại nước ngọt có ga có hương vị tinh chất cam nhân tạo và được làm ngọt bằng xi-rô ngô hoặc đường có hàm lượng fructose cao. Không giống như nước cam tươi, nó không cung cấp vitamin hoặc chất xơ, lấy gần như toàn bộ lượng calo từ đường bổ sung. Hương vị cam quýt tươi sáng đến từ các hợp chất hương vị tổng hợp chứ không phải trái cây thật và hầu hết các loại thương mại đều không chứa caffeine nhưng có thể chứa chất bảo quản hoặc màu thực phẩm.",75
d74ff99c-3df3-5a0d-bc30-ec50621893d0,,,Trà Earl Grey (Earl Grey Tea),DISH,0.0,0.0,0.0,0.0,0.0,0.0,1.0,85ac50db-ec45-4d0f-b644-c46a43621f31,,,"Earl Grey là một loại trà đen có hương vị được phân biệt bằng cách truyền dầu cam bergamot đặc trưng của nó, mang lại hương thơm cam quýt tươi sáng và hương vị hoa cam quýt. Đồ uống chứa caffein này chứa khoảng một nửa lượng caffeine của cà phê mỗi cốc khi ngâm trong nước nóng trong 3-5 phút và nó vẫn không chứa calo một cách tự nhiên trừ khi thêm chất làm ngọt. Đặc tính đặc biệt của trà đến từ dầu vỏ cam bergamot ép lạnh, giúp tăng cường đặc tính chống oxy hóa có nguồn gốc từ trà đen.",75
4f4206b2-18dc-5d07-84e0-189a7f20bcaf,,,Trà đen đã khử caffeine (Decaffeinated Black Tea),DISH,0.0,0.0,0.0,0.0,0.0,0.0,0.0,85ac50db-ec45-4d0f-b644-c46a43621f31,,,"Trà đen đã khử caffein là một biến thể chế biến của trà đen truyền thống, loại bỏ 97-99% caffeine trong khi vẫn giữ được chất chống oxy hóa đặc trưng và hương vị mạch nha. Được làm từ lá của cây Camellia sinensis, nó trải qua các phương pháp như CO2 hoặc khử caffein bằng nước để bảo toàn hàm lượng polyphenol và hương vị đậm đà. Tùy chọn giảm lượng caffeine này cung cấp sự lựa chọn đồ uống làm ấm cho người tiêu dùng vào buổi tối hoặc những người nhạy cảm với caffeine, duy trì các lợi ích về tim mạch liên quan đến hợp chất trà đen.",75
7198e4dc-89b0-5a2f-9e96-90ecd4eff7ed,,,Sinh tố sữa có đường (Sweetened Dairy Smoothie),DISH,120.0,3.0,3.5,18.0,1.5,16.0,60.0,85ac50db-ec45-4d0f-b644-c46a43621f31,,,"Sinh tố sữa có đường là một loại đồ uống pha trộn kết hợp sữa hoặc sữa chua với trái cây, hương liệu và đường bổ sung như mật ong, xi-rô hoặc nước trái cây có đường. Trong khi cung cấp canxi và protein từ nguồn sữa, hàm lượng carbohydrate của nó được tăng lên đáng kể nhờ các chất làm ngọt có chủ ý, giúp phân biệt nó với các loại sinh tố không đường. Những đồ uống này thường dùng để thay thế bữa ăn hoặc đồ ăn nhẹ, có kết cấu dạng kem, đặc nhưng cần tiêu thụ cẩn thận đối với những người đang theo dõi lượng đường bổ sung.",75
5b4bd659-dc11-50b5-9eb8-6adbf43b1628,,,Rượu vang trắng (White Wine),DISH,82.0,0.07,0.0,2.6,0.0,2.6,7.0,85ac50db-ec45-4d0f-b644-c46a43621f31,,,"Rượu vang trắng là một loại đồ uống có cồn được sản xuất bằng cách lên men nước ép nho xanh hoặc vàng mà không có vỏ, tạo ra màu vàng nhạt đến vàng nhạt và hương vị giòn. Các loại rượu phổ biến như Chardonnay và Sauvignon Blanc thường chứa 11-14% cồn theo thể tích và kết hợp tốt với các món ăn nhẹ hơn như hải sản hoặc thịt gia cầm. Mặc dù hàm lượng tannin thấp hơn rượu vang đỏ nhưng nó vẫn giữ được lượng calo vừa phải từ rượu và carbohydrate, đồng thời thường chứa sulfit có thể ảnh hưởng đến những người nhạy cảm.",75
76bb2d05-45d2-5d11-8683-98b6fdaaa6f9,,,Soda bia gốc ăn kiêng (Diet Root Beer),DISH,0.0,0.11,0.0,0.0,0.0,0.0,6.0,85ac50db-ec45-4d0f-b644-c46a43621f31,,,"Bia rễ dành cho người ăn kiêng là một loại nước ngọt có ga không đường ở Bắc Mỹ, mô phỏng hương vị cay và thảo dược phức tạp của bia gốc truyền thống mà không có hàm lượng calo. Nó đạt được vị ngọt thông qua các chất làm ngọt nhân tạo như aspartame hoặc sucralose, khiến nó hầu như không chứa calo và phù hợp với chế độ ăn kiêng low-carb hoặc bệnh tiểu đường. Đồ uống này duy trì các hương vị đặc trưng của cây xá xị, cây lộc đề và vani trong khi thường không chứa caffeine, mang đến sự thay thế cho các loại nước ngọt dành cho người ăn kiêng khác.",75
feb32ef2-ad62-5216-b1e2-6d0eba727c15,,,Đồ uống thể thao (Sports Drink),DISH,29.0,0.0,0.03,7.14,0.0,5.68,40.5,85ac50db-ec45-4d0f-b644-c46a43621f31,,,"Đồ uống thể thao có đường là đồ uống chức năng được thiết kế để bổ sung chất lỏng, chất điện giải và carbohydrate trong quá trình hoạt động thể chất từ ​​trung bình đến cường độ cao. Những đồ uống này thường chứa natri và kali để hỗ trợ cân bằng hydrat hóa, cùng với nồng độ đường 6-8% để cung cấp năng lượng nhanh chóng mà không gây tiêu hóa quá mức. Mặc dù có hiệu quả đối với các vận động viên khi tập luyện kéo dài, nhưng hàm lượng calo và đường bổ sung của chúng khiến nước trở nên thích hợp hơn cho nhu cầu hydrat hóa thông thường.",75
ddf50980-4a24-5a34-a035-9a4ae5f05c0e,,,Kem cà phê (Coffee Ice Cream),DISH,246.0,4.0,14.0,26.0,0.0,20.0,90.0,85ac50db-ec45-4d0f-b644-c46a43621f31,,,"Kem cà phê là một món tráng miệng từ sữa đông lạnh được pha với cà phê thật hoặc chiết xuất cà phê, mang lại hương vị rang đặc biệt và hàm lượng caffeine nhẹ. Loại kem cao cấp này thường kết hợp các thành phần kem, đường và cà phê để tạo ra kết cấu mịn, đậm đà với màu nâu đặc trưng. Mặc dù mang lại cảm giác dễ chịu tương tự như kem truyền thống, nhưng nó chứa khoảng 30-45mg caffeine mỗi cốc, khiến nó trở thành lựa chọn phù hợp cho những người nhạy cảm với caffeine.",75
37bbaabb-c294-54fa-984c-e19b5288390b,,,Đồ uống mạch nha (Malt Beverage),DISH,42.0,0.35,0.0,3.2,0.0,3.2,3.0,85ac50db-ec45-4d0f-b644-c46a43621f31,,,"Đồ uống mạch nha là đồ uống có cồn được ủ từ ngũ cốc mạch nha lên men, chủ yếu là lúa mạch, thông qua một quy trình tương tự như sản xuất bia. Những đồ uống này thường chứa 4-6% cồn theo thể tích và được đặc trưng bởi vị ngọt có nguồn gốc từ ngũ cốc và hàm lượng carbohydrate cao hơn so với rượu vang hoặc rượu mạnh. Trong khi đồ uống mạch nha cổ điển như bia có chứa gluten, các loại mới hơn có thể sử dụng ngũ cốc hoặc enzyme không chứa gluten để giảm mức gluten và một số được bổ sung vitamin để tăng cường thành phần dinh dưỡng.",75
37b0574a-32c3-5b39-a074-62d101fcbeff,,,Nước cam nhạt (Light Orange Juice),INGREDIENT,20.0,0.4,0.0,5.2,0.0,4.4,8.0,85ac50db-ec45-4d0f-b644-c46a43621f31,,,"Nước cam nhạt là một loại đồ uống ít calo thường được làm bằng cách pha loãng nước cam thông thường với nước và thường kết hợp chất làm ngọt không dinh dưỡng để bù đắp cho độ ngọt tự nhiên bị giảm. Mặc dù chứa lượng calo và đường ít hơn khoảng 50% so với nước cam truyền thống, hầu hết các phiên bản thương mại đều được bổ sung vitamin C và đôi khi là canxi hoặc vitamin D để duy trì giá trị dinh dưỡng. Giải pháp thay thế này vẫn giữ được hương vị cam quýt đặc trưng nhưng với cường độ nhẹ hơn, mang đến một lựa chọn thiết thực cho những người tiêu dùng quan tâm đến lượng calo hoặc những người đang theo dõi lượng đường trong máu trong khi vẫn đảm bảo sự tiện lợi của món ăn sáng chủ yếu.",75
d7fc7f10-7f37-5415-88f6-fc36127d4aae,,,Soda cam ăn kiêng (Diet Orange Soda),INGREDIENT,0.0,0.0,0.0,0.0,0.0,0.0,14.0,85ac50db-ec45-4d0f-b644-c46a43621f31,,,"Soda cam dành cho người ăn kiêng là một loại đồ uống có ga không đường, tái tạo hương vị cam quýt của soda cam truyền thống bằng cách sử dụng chất làm ngọt nhân tạo như aspartame hoặc sucralose. Thức uống không chứa calo này mang lại hương vị ngọt ngào, thơm nhưng thiếu hàm lượng nước trái cây tự nhiên như các loại đồ uống không dành cho người ăn kiêng, thường kết hợp chất bảo quản và màu nhân tạo. Mặc dù phổ biến như một loại nước thay thế ít calo cho nước ngọt có đường, nhưng giá trị dinh dưỡng của nó rất ít ngoài vai trò là chất làm dịu cơn khát không chứa caffeine (trong hầu hết các loại) cho những người đang quản lý lượng đường.",75
b58b7843-edf0-5fef-8243-e80159c9ce5e,,,Hỗn hợp trà đá có đường (Sweetened Iced Tea Mix),INGREDIENT,401.0,0.12,0.73,98.55,0.7,95.29,5.0,85ac50db-ec45-4d0f-b644-c46a43621f31,,,"Hỗn hợp trà đá có đường là một sản phẩm nước giải khát dạng bột được thiết kế để pha chế ngay lập tức bằng cách trộn với nước. Nó kết hợp chiết xuất trà đậm đặc với một lượng đường bổ sung đáng kể, thường chứa hàm lượng caffeine tương đương với trà đen mới pha. Mặc dù mang lại khả năng tiếp cận thuận tiện với hương vị đặc trưng của trà, hỗn hợp này lấy phần lớn lượng calo từ chất làm ngọt tinh chế thay vì các thành phần trà tự nhiên.",75
52c30496-2886-5342-b871-d383bcfccdf8,,,Đồ uống có hương vị trái cây (Fruit Flavored Beverage),DISH,30.5,0.0,0.0,7.7,0.0,6.9,25.0,85ac50db-ec45-4d0f-b644-c46a43621f31,,,"Đồ uống có hương vị trái cây là đồ uống không cồn có hương vị từ hương liệu trái cây tự nhiên hoặc nhân tạo chứ không phải từ trái cây hoặc nước trái cây nguyên chất. Những sản phẩm này thường chứa thêm đường, chất làm ngọt nhân tạo hoặc chất cô đặc, dẫn đến hàm lượng calo cao hơn và giá trị dinh dưỡng thấp hơn so với nước ép trái cây tươi. Có sẵn ở dạng đóng chai, đóng hộp hoặc dạng bột, chúng thường thiếu chất xơ, vitamin và chất chống oxy hóa có trong trái cây nguyên quả, đồng thời đôi khi kết hợp màu nhân tạo hoặc chất bảo quản.",75
9df50d16-1c22-59aa-9493-9ca658462b25,,,"Đồ uống thể thao phục hồi (Recovery Sports Drink, Sweetened)",DISH,30.0,0.0,0.05,7.5,0.0,6.1,42.0,85ac50db-ec45-4d0f-b644-c46a43621f31,,,"Nước uống thể thao phục hồi là một loại đồ uống có đường được pha chế để bổ sung chất lỏng, chất điện giải và carbohydrate sau khi hoạt động thể chất cường độ cao. Nó thường chứa natri và kali để khôi phục lại sự cân bằng hydrat hóa, cùng với đường bổ sung hoặc chất làm ngọt để nhanh chóng thay thế lượng glycogen dự trữ. Mặc dù có hiệu quả phục hồi sau tập luyện, nhưng công thức có đường của nó có thể cung cấp lượng calo dư thừa cho người dùng thông thường so với các chất thay thế điện giải không đường.",75
a352a82f-7417-5444-874c-4a5474534ddf,,,Bia Stout (Stout Beer),DISH,36.0,0.3,0.0,3.0,0.0,3.0,10.0,85ac50db-ec45-4d0f-b644-c46a43621f31,,,"Stout là một loại bia đen đặc trưng bởi việc sử dụng mạch nha rang hoặc lúa mạch, tạo ra màu sắc đậm đặc biệt và kết cấu kem béo ngậy. Loại bia đậm đặc này thường chứa 4-8% cồn theo thể tích và có hương vị phức tạp của cà phê, sô cô la và caramel, với hàm lượng calo cao hơn các loại bia nhẹ hơn do có thành phần hạt chắc chắn. Các loại bia đen truyền thống, đặc biệt là bia đen khô của Ailen, thường có lượng calo thấp đáng ngạc nhiên mặc dù bề ngoài dày của chúng, trong khi các loại bia đen đế quốc chứa cả hàm lượng cồn và calo cao hơn.",75
6cc23b8e-62fd-5ffa-82d2-5005f8c6781e,,,Cà phê hòa tan ít caffeine (Low Caffeine Instant Coffee),INGREDIENT,352.0,14.42,0.5,73.18,0.0,0.0,37.0,85ac50db-ec45-4d0f-b644-c46a43621f31,,,"Cà phê hòa tan ít caffeine là sản phẩm cà phê khử nước được chế biến để giảm hàm lượng caffeine tới 70% so với cà phê pha thông thường, điển hình là thông qua các phương pháp chiết xuất bằng nước hoặc hóa học. Loại bột hòa tan này vẫn giữ được vị đắng, rang đặc trưng của cà phê đồng thời mang lại tác dụng kích thích nhẹ hơn, phù hợp với những người muốn lượng caffeine vừa phải mà không loại bỏ hoàn toàn cà phê. Nó được chế biến ngay lập tức trong nước nóng và chứa lượng calo không đáng kể trừ khi thêm chất làm ngọt hoặc kem.",75
a09b1d6b-e8a5-58f2-bb7d-ac293d52ba61,,,Trà hoa cúc (Chamomile Tea),DISH,1.0,0.0,0.0,0.2,0.0,0.0,1.0,85ac50db-ec45-4d0f-b644-c46a43621f31,,,"Trà hoa cúc là một loại thảo dược truyền không chứa caffeine được làm từ đầu hoa cúc khô, không phải từ cây trà truyền thống. Loại đồ uống nhẹ nhàng này nổi tiếng với đặc tính làm dịu và hương thơm tinh tế giống như táo, chứa các hợp chất tự nhiên có thể hỗ trợ thư giãn và sức khỏe tiêu hóa. Khi pha, nó tạo ra một chất lỏng nhẹ, màu vàng, hầu như không chứa calo, khiến nó trở thành đồ uống lý tưởng vào buổi tối hoặc giải khát êm dịu suốt cả ngày.",75
084b8921-861a-5b11-93c2-39fbd01e569a,,,Nước club soda (Club Soda),DISH,0.0,0.0,0.0,0.0,0.0,0.0,21.0,85ac50db-ec45-4d0f-b644-c46a43621f31,,,"Club soda là nước có ga đã được tăng cường muối khoáng, thường bao gồm natri bicarbonate, natri citrat và kali sunfat. Không giống như nước có ga thông thường, những khoáng chất bổ sung này mang lại cho club soda một hương vị hơi khoáng và vị mặn nhẹ, khiến nó trở thành lựa chọn phổ biến cho các loại cocktail và đồ uống hỗn hợp. Đồ uống không calo này được tạo ga nhân tạo trong quá trình sản xuất, giúp phân biệt với nước khoáng có ga tự nhiên.",75
936424a2-17e4-5fb1-97b2-48e87f414719,,,Sinh tố rau củ (Vegetable Smoothie),DISH,53.0,1.7,0.7,10.0,2.5,5.0,60.0,85ac50db-ec45-4d0f-b644-c46a43621f31,,,"Sinh tố rau củ là một loại đồ uống pha trộn kết hợp các loại rau sống như lá xanh, dưa chuột và cần tây với chất lỏng như nước hoặc sữa thực vật. Không giống như nước trái cây, những loại sinh tố này giữ lại tất cả chất xơ từ toàn bộ rau củ đồng thời cung cấp các vitamin, khoáng chất và chất dinh dưỡng thực vật đậm đặc ở dạng có thể uống được. Thường được tăng cường với trái cây để có vị ngọt tự nhiên hoặc bơ hạt để tạo protein, chúng cung cấp một lựa chọn giàu chất dinh dưỡng linh hoạt phù hợp để thay thế bữa ăn, kiểm soát cân nặng và hỗ trợ sức khỏe tiêu hóa.",95
41b3abfa-4a66-5c36-acf8-3b58e1340f8a,,,Soda bia gốc thường (Regular Root Beer),DISH,41.0,0.0,0.0,10.6,0.0,10.6,13.0,85ac50db-ec45-4d0f-b644-c46a43621f31,,,"Bia gốc thông thường là một loại nước ngọt có ga có vị ngọt được chiết xuất từ ​​​​rễ, thảo mộc và gia vị như xá xị, lộc đề và vani. Trong khi các công thức nấu ăn truyền thống sử dụng nguyên liệu tự nhiên từ thực vật thì các công thức nấu ăn hiện đại thường lấy vị ngọt từ xi-rô ngô có hàm lượng fructose cao hoặc đường mía, góp phần tạo nên hàm lượng carbohydrate cao. Loại đồ uống không chứa caffeine này được biết đến nhờ bọt kem và hương thảo dược phức tạp, thường được phục vụ như một thức uống độc lập hoặc kết hợp với kem vani trong bia nổi gốc.",75
11341248-0c3b-5663-9bd0-4de7a6932e9d,,,Trà xanh đã khử caffeine (Decaffeinated Green Tea),DISH,0.0,0.0,0.0,0.0,0.0,0.0,0.0,85ac50db-ec45-4d0f-b644-c46a43621f31,,,"Trà xanh đã khử caffein là phiên bản chế biến của trà xanh truyền thống, trong đó 97-99% caffeine được loại bỏ bằng cách lọc nước hoặc phương pháp CO2 để bảo quản các hợp chất chống oxy hóa. Nó giữ lại hàm lượng cao epigallocatechin gallate (EGCG), một loại polyphenol có liên quan đến lợi ích trao đổi chất, trong khi chỉ chứa 2-10 mg caffeine mỗi cốc so với 20-30 mg của trà xanh thông thường. Điều này khiến nó trở nên lý tưởng cho những người đang tìm kiếm đặc tính chống oxy hóa của trà xanh mà không có tác dụng kích thích, đặc biệt là khi uống vào buổi tối hoặc những người nhạy cảm với caffeine.",75
791027e3-a97b-536b-8904-65ead796c5d9,,,Hỗn hợp đồ uống có hương vị trái cây có đường (Sweetened Fruit Flavored Drink Mix),INGREDIENT,382.0,0.0,0.1,97.7,0.0,95.2,120.0,85ac50db-ec45-4d0f-b644-c46a43621f31,,,"Hỗn hợp đồ uống có hương vị trái cây ngọt là một loại phụ gia đồ uống dạng bột được thiết kế để tăng cường nước với hương vị trái cây ngọt ngào và màu sắc rực rỡ. Những sản phẩm có thời hạn sử dụng ổn định này chủ yếu bao gồm đường hoặc chất làm ngọt nhân tạo kết hợp với hương liệu và chất tạo màu nhân tạo, thường chứa rất ít thành phần thực tế có nguồn gốc từ trái cây. Mặc dù một số loại được bổ sung vitamin nhưng chúng thường cung cấp lượng calo rỗng từ đường bổ sung mà không có chất xơ hoặc chất dinh dưỡng thực vật có trong trái cây nguyên quả. Hỗn hợp hòa tan nhanh chóng trong nước, tạo ra đồ uống có màu sắc rực rỡ phổ biến trong các hộp cơm trưa và các cơ sở phục vụ nhanh nhưng khác biệt về mặt dinh dưỡng so với nước ép trái cây 100%.",75
3e2d7700-5db3-5456-9113-9b486acf1a51,,,Hỗn hợp đồ uống sô cô la có đường (Sweetened Chocolate Drink Mix),INGREDIENT,398.0,6.67,4.0,83.7,3.7,65.6,504.0,85ac50db-ec45-4d0f-b644-c46a43621f31,,,"Hỗn hợp đồ uống sô cô la ngọt là hỗn hợp bột đã qua chế biến được thiết kế để tạo ra đồ uống có hương vị sô cô la ngay lập tức khi kết hợp với chất lỏng. Sản phẩm có thời hạn sử dụng ổn định này kết hợp bột ca cao với một lượng đường bổ sung đáng kể, thường được bổ sung canxi và vitamin để bù đắp hàm lượng carbohydrate tinh chế cao. Mặc dù mang lại sự thuận tiện cho việc chuẩn bị nhanh chóng, nhưng nó chứa nhiều đường hơn đáng kể trên mỗi khẩu phần so với các sản phẩm ca cao không đường, khiến việc nhận biết khẩu phần trở nên quan trọng trong việc theo dõi dinh dưỡng.",75
c51cac1c-2616-56c1-94c0-b4ceffeac5de,,,Bia nhẹ (Light Beer),DISH,29.0,0.24,0.0,1.64,0.0,0.09,4.0,85ac50db-ec45-4d0f-b644-c46a43621f31,,,"Bia nhẹ là loại đồ uống có cồn có hàm lượng calo thấp hơn được ủ để giảm cả hàm lượng carbohydrate và lượng calo tổng thể trong khi vẫn duy trì các đặc tính của bia truyền thống. Phương pháp sản xuất bia hiện đại này thường đạt được đặc tính nhẹ hơn thông qua quá trình lên men kéo dài nhằm chuyển hóa nhiều đường hơn thành rượu, sau đó là pha loãng để giảm lượng cồn cuối cùng theo thể tích (ABV). Kết quả là tạo ra một thức uống giòn, sảng khoái với lượng calo ít hơn 20-30% so với bia thông thường, khiến nó trở thành lựa chọn phổ biến cho những người tiêu dùng quan tâm đến lượng calo muốn giảm lượng rượu uống vào. Mặc dù có thân hình nhẹ hơn nhưng nó vẫn giữ được vị đắng hoa bia quen thuộc thường có trong các loại bia như pilsners và lager.",75
1cd9ab7a-884b-5e86-9989-540dec5b9078,,,Sinh tố không sữa (Dairy-Free Smoothie),DISH,70.0,2.3,1.8,11.3,2.5,8.0,30.0,85ac50db-ec45-4d0f-b644-c46a43621f31,,,"Sinh tố không chứa sữa là một loại đồ uống pha trộn thay thế các nguyên liệu sữa truyền thống bằng các nguyên liệu thay thế có nguồn gốc thực vật như sữa hạnh nhân, nước dừa hoặc sữa yến mạch. Những đồ uống giàu chất dinh dưỡng này thường kết hợp trái cây, rau lá xanh, bơ hạt hoặc bột protein để tạo ra các lựa chọn tùy chỉnh giàu vitamin, chất xơ và chất béo lành mạnh. Kết cấu dạng kem đặc và khả năng thích ứng của chúng khiến chúng trở nên phổ biến để thay thế bữa sáng, phục hồi sau tập luyện hoặc như một món ăn nhẹ giải khát cho những người tránh đường lactose hoặc theo chế độ ăn thuần chay.",75
909f594b-2818-5450-8c6f-9e3df851f275,,,Rượu vang Chardonnay (Chardonnay Wine),DISH,81.0,0.1,0.0,2.16,0.0,0.96,5.0,85ac50db-ec45-4d0f-b644-c46a43621f31,,,"Chardonnay là loại rượu vang trắng phổ biến trên toàn cầu được làm từ nho Chardonnay vỏ xanh, đặc trưng bởi tính linh hoạt trong phong cách từ các phiên bản sắc nét, không nướng cho đến rượu vang đậm đà được ủ trong thùng gỗ sồi. Hương vị đặc trưng bao gồm từ cam quýt và táo xanh ở vùng khí hậu mát mẻ đến trái cây nhiệt đới và vani được ủ trong thùng gỗ sồi, với nồng độ cồn thường từ 13-15%. Mặc dù có lượng calo vừa phải so với các loại rượu nhẹ hơn, nhưng hàm lượng đường dư thấp hơn khiến nó trở thành lựa chọn thường xuyên cho chế độ ăn kiêng low-carb khi tiêu thụ ở mức độ vừa phải.",75
4a8c9489-9899-5355-ad05-3e826a793f7c,,,Trà gừng (Ginger Tea),DISH,1.0,0.05,0.0,0.4,0.0,0.4,9.6,85ac50db-ec45-4d0f-b644-c46a43621f31,,,"Trà gừng là một loại trà không chứa caffeine được làm bằng cách ngâm củ gừng tươi hoặc khô trong nước nóng. Đồ uống không chứa calo này mang đến hương vị cay, ấm tự nhiên với hương vị ngọt ngào tinh tế và chứa các hợp chất hoạt động như gingerol góp phần tạo ra đặc tính chống viêm của nó. Chế phẩm không đường duy trì đặc tính nguyên chất, thơm ngon của gừng đồng thời mang lại các lợi ích hỗ trợ miễn dịch và tiêu hóa truyền thống.",75
8b9e171b-e9fa-503d-8f16-1fb9363febd0,,,Rượu vang Zinfandel (Zinfandel Wine),DISH,88.0,0.07,0.0,2.86,0.0,2.86,7.0,85ac50db-ec45-4d0f-b644-c46a43621f31,,,"Zinfandel là một loại rượu vang đỏ đậm có nguồn gốc từ Croatia nhưng hiện nay chủ yếu được sản xuất ở California, được công nhận vì hàm lượng cồn cao có nguồn gốc từ nho chín đặc biệt. Nó có hương vị trái cây nồng nàn của quả mâm xôi và quả mâm xôi, thường đi kèm với hương gia vị hạt tiêu đen và hương vani tinh tế từ quá trình ủ trong thùng gỗ sồi. Loại rượu đa năng này kết hợp tốt với các loại thịt nướng và nước sốt đậm đà, với nồng độ cồn thường vượt quá 15% ABV - cao hơn đáng kể so với hầu hết các loại rượu vang đỏ khác.",75
69f84b44-ba4a-5db5-b1dc-97ba38cd6de8,,,Nước ép cà chua (Tomato Juice),DISH,17.0,0.85,0.29,3.53,0.4,2.58,253.0,85ac50db-ec45-4d0f-b644-c46a43621f31,,,"Nước ép cà chua là một loại đồ uống thơm ngon được làm bằng cách ép và lọc cà chua chín, giữ được hương vị thơm đặc trưng và màu đỏ đậm. Nước ép rau này cung cấp một lượng lycopene đậm đặc - một chất chống oxy hóa mạnh có liên quan đến sức khỏe tim mạch - cùng với vitamin A và C. Mặc dù có lượng calo thấp tự nhiên nhưng các loại rau thương mại thường chứa thêm natri, khiến các phiên bản ít natri thích hợp hơn cho chế độ ăn kiêng natri. Nước ép này vừa là đồ uống độc lập, vừa là nền cho các loại cocktail như Bloody Marys hoặc nước sốt nấu ăn.",75
473c1ecf-942c-5707-bca5-af05097f6211,,,Nước ép bưởi (Grapefruit Juice),INGREDIENT,39.0,0.5,0.1,9.2,0.1,9.1,1.0,85ac50db-ec45-4d0f-b644-c46a43621f31,,,"Nước ép bưởi là một loại đồ uống có múi được chiết xuất từ ​​​​quả bưởi, có đặc điểm là vị chua đậm và hương vị đắng ngọt đặc trưng. Giàu vitamin C và chất chống oxy hóa như lycopene — đặc biệt là ở các loại màu hồng và đỏ — nó cung cấp một giải pháp thay thế ít đường hơn cho các loại nước ép trái cây ngọt hơn. Tuy nhiên, nó có chứa các hợp chất cản trở quá trình chuyển hóa của một số loại thuốc và có sẵn ở cả dạng tươi ép và dạng thương mại tiệt trùng.",75
838bc238-ba94-57d0-a1f6-a081bfe9153d,,,Hỗn hợp cà phê mocha có đường (Sweetened Mocha Coffee Mix),INGREDIENT,460.0,5.29,15.87,74.04,1.9,58.2,317.0,85ac50db-ec45-4d0f-b644-c46a43621f31,,,"Hỗn hợp cà phê mocha có đường là một loại đồ uống dạng bột kết hợp cà phê hòa tan, ca cao và đường bổ sung để tạo thành đồ uống sô-cô-la-cà phê pha sẵn. Được thiết kế để thuận tiện, nó hòa tan ngay lập tức trong nước nóng và cung cấp hàm lượng caffeine tương đương với cà phê pha tiêu chuẩn, bên cạnh lượng carbohydrate bổ sung đáng kể từ chất làm ngọt. Mặc dù chủ yếu được sử dụng cho đồ uống nóng nhanh, hỗn hợp này cũng đóng vai trò như một thành phần tạo hương vị trong món tráng miệng và đồ nướng, với giá trị dinh dưỡng bị ảnh hưởng nặng nề bởi công thức làm ngọt trước.",75
9529d976-ea2a-552e-906b-4da45b036060,,,Cà phê hòa tan có đường (Sweetened Instant Coffee),INGREDIENT,450.0,4.3,14.69,75.22,1.03,56.37,351.33,85ac50db-ec45-4d0f-b644-c46a43621f31,,,"Cà phê hòa tan có đường là sản phẩm cà phê chế biến kết hợp hạt cà phê đông khô hoặc sấy phun có bổ sung chất làm ngọt để pha chế nhanh chóng. Định dạng ổn định khi bảo quản này hòa tan ngay lập tức trong chất lỏng nóng, mang đến đồ uống có vị ngọt ổn định với hàm lượng carbohydrate cao hơn đáng kể so với cà phê thông thường. Trong khi vẫn giữ lại chất caffeine tự nhiên của cà phê, nó ưu tiên sự tiện lợi và vị ngọt hơn là hương vị sắc thái của các loại cà phê mới pha, khiến nó trở nên phổ biến để tăng cường năng lượng nhanh chóng và sử dụng khi đi du lịch.",75
52b1ab1d-a9b5-55a8-ba96-2244fd792d57,,,Nước tăng lực thảo dược (Herbal Energy Drink),INGREDIENT,45.0,0.5,0.0,11.0,0.0,11.0,32.0,85ac50db-ec45-4d0f-b644-c46a43621f31,,,"Nước tăng lực thảo dược là đồ uống kích thích kết hợp caffeine từ các nguồn tự nhiên như guarana hoặc trà xanh với chất làm ngọt và chiết xuất thực vật như nhân sâm hoặc yerba mate. Những đồ uống này thường cung cấp năng lượng nhanh chóng thông qua hỗn hợp đường hoặc chất làm ngọt nhân tạo và chất kích thích thảo dược, mặc dù tác dụng của chúng có thể dẫn đến sụt giảm năng lượng do hàm lượng đường huyết hoặc caffeine cao. Nhiều loại được bổ sung vitamin B và axit amin như taurine, được bán trên thị trường để hỗ trợ sức bền thể chất hoặc tập trung tinh thần, nhưng thường chứa nhiều đường hơn đáng kể so với các loại cà phê hoặc trà không đường thay thế.",75
80288aad-7c38-5abf-944e-26a3b7a79ae9,,,Rượu vang Merlot (Merlot Red Wine),DISH,81.0,0.19,0.0,1.46,0.0,0.51,4.5,85ac50db-ec45-4d0f-b644-c46a43621f31,,,"Merlot là loại rượu vang đỏ nổi tiếng toàn cầu có nguồn gốc từ vùng Bordeaux của Pháp, được làm từ nho Merlot có màu xanh đậm. Loại rượu có độ đậm vừa phải này có tannin mềm và hương vị nổi bật của mận, anh đào đen và hương thảo dược, thường được tăng cường nhờ quá trình lão hóa trong gỗ sồi. Với hàm lượng cồn thường từ 13-15% ABV, nó cung cấp các hợp chất chống oxy hóa như resveratrol trong khi có vị đắng tannic thấp hơn so với Cabernet Sauvignon.",75
66937989-4bc2-5b21-899f-3fb5d63f91d2,,,Cà phê mocha không caffeine (Decaf Mocha Coffee Drink),DISH,73.0,3.0,2.0,11.0,1.0,9.0,50.0,85ac50db-ec45-4d0f-b644-c46a43621f31,,,"Thức uống cà phê Decaf Mocha là đồ uống có vị ngọt kết hợp giữa cà phê espresso, hương vị sô cô la và sữa, với hàm lượng caffeine giảm thông qua quá trình khử caffein. Thức uống kiểu quán cà phê phổ biến này cân bằng vị đắng của cà phê với vị ngọt của sô cô la nhưng thường chứa lượng đường bổ sung tương đương với các món ăn giống như món tráng miệng. Mặc dù cung cấp một loại đồ uống thay thế có hàm lượng caffeine thấp hơn cho đồ uống cà phê thông thường, nhưng hàm lượng calo và đường của nó có thể cần phải điều độ đối với những người dùng quan tâm đến sức khỏe.",75
cd44bba8-078b-5bf4-b3de-00ca1ab8f9bb,,,Soda cola không caffeine (Caffeine-Free Cola Soda),DISH,41.0,0.0,0.0,10.6,0.0,10.6,4.0,85ac50db-ec45-4d0f-b644-c46a43621f31,,,"Cola Soda không chứa caffeine là một loại nước ngọt có ga được thiết kế để tái tạo hương vị đặc trưng của caramel, vani và cam quýt của cola truyền thống mà không có chất kích thích. Nó sử dụng đường hoặc chất làm ngọt nhân tạo, với các phiên bản ăn kiêng cung cấp giải pháp thay thế không calo và vẫn giữ được vị sủi bọt và hương vị đậm đà như đồ uống cola. Biến thể này đặc biệt được ưa chuộng bởi trẻ em, những người nhạy cảm với caffeine và những người muốn uống vào buổi tối mà không bị gián đoạn giấc ngủ.",75
3eaa259d-f062-58cb-bce4-0bf32ee6d745,,,Đồ uống dinh dưỡng giàu protein (High Protein Light Nutritional Drink),DISH,61.0,6.59,3.38,0.85,0.4,0.6,72.0,85ac50db-ec45-4d0f-b644-c46a43621f31,,,"Thức uống dinh dưỡng nhẹ giàu protein là đồ uống tăng cường được thiết kế để cung cấp protein đậm đặc với lượng calo giảm, thường được sử dụng để kiểm soát cân nặng hoặc phục hồi cơ bắp. Những đồ uống này thường kết hợp whey, casein hoặc protein từ thực vật với các vitamin và khoáng chất bổ sung, đồng thời sử dụng chất làm ngọt nhân tạo hoặc chất xơ để duy trì hàm lượng đường thấp. Công thức ổn định trong thời hạn sử dụng khiến chúng trở thành một lựa chọn thuận tiện để bổ sung sau tập luyện hoặc thay thế bữa ăn trong chế độ ăn kiêng kiểm soát lượng calo.",75
4f50d12d-8039-542a-9de4-d1e6f6dbf581,,,Đồ uống thể thao ít calo (Low-Calorie Sports Drink),DISH,11.0,0.0,0.0,3.0,0.0,0.0,35.0,85ac50db-ec45-4d0f-b644-c46a43621f31,,,"Đồ uống thể thao ít calo là đồ uống hydrat hóa được pha chế để bổ sung chất điện giải như natri và kali với lượng đường ít hơn ít nhất 50% so với đồ uống thể thao truyền thống. Những đồ uống này sử dụng chất làm ngọt nhân tạo hoặc tự nhiên không chứa dinh dưỡng để duy trì vị ngọt đồng thời giảm thiểu lượng calo, phục vụ cho các vận động viên và người dùng quan tâm đến sức khỏe trong việc quản lý lượng đường tiêu thụ. Mặc dù có hiệu quả để phục hồi sau khi tập luyện vừa phải, nhưng chúng thiếu mật độ carbohydrate cần thiết để cung cấp năng lượng cho các hoạt động sức bền kéo dài so với các lựa chọn thay thế đầy đủ calo.",75
6cb3dc0f-02eb-5e3b-88cc-62b4c8b1a1a2,,,Rượu vang Merlot (Merlot Wine),DISH,80.0,0.1,0.0,2.51,0.0,0.62,5.0,85ac50db-ec45-4d0f-b644-c46a43621f31,,,"Merlot là giống nho làm rượu vang đỏ có nguồn gốc từ vùng Bordeaux của Pháp, sản xuất rượu vang có độ mịn vừa phải với hương mận và anh đào chủ đạo. So với đối tác Bordeaux của nó là Cabernet Sauvignon, Merlot có vị tannin nhẹ hơn và khả năng uống sớm hơn trong khi vẫn duy trì nồng độ cồn tương tự (thường là 13-15% ABV). Mặc dù chứa polyphenol chống oxy hóa có liên quan đến rượu vang đỏ, nhưng hàm lượng cồn của nó đòi hỏi phải tiêu thụ một cách thận trọng trong quá trình theo dõi chế độ ăn uống.",75
5e87d793-1ae0-543d-a3b5-da983a3c7113,,,Rượu vang Rosé (Rosé Wine),DISH,74.0,0.25,0.0,2.0,0.0,2.0,5.0,85ac50db-ec45-4d0f-b644-c46a43621f31,,,"Rượu vang Rosé là một loại đồ uống có cồn màu hồng được sản xuất nhờ sự tiếp xúc hạn chế giữa nước nho và vỏ nho đỏ trong quá trình lên men, thường kéo dài 2–24 giờ. Phương pháp này tạo ra phổ màu đặc trưng từ cá hồi nhạt đến màu đỏ tươi sống động trong khi vẫn duy trì được độ nhạt hơn và độ chua giòn so với rượu vang đỏ. Hầu hết các loại đều chứa 12–13,5% cồn theo thể tích và kết hợp tốt với các món ăn nhẹ như hải sản hoặc salad, với các hương vị khác nhau, từ vị khoáng khô theo phong cách Provençal đến vị ngọt như trái cây trong hỗn hợp New World.",75
357f8028-d6a7-5f6c-94b9-85c0f9765213,,,Đồ uống thể thao điện giải (Electrolyte Sports Drink),DISH,29.0,0.0,0.03,7.14,0.0,5.68,40.5,85ac50db-ec45-4d0f-b644-c46a43621f31,,,"Nước uống thể thao điện giải là một loại đồ uống có hương vị được pha chế để nhanh chóng bù nước và bổ sung natri, kali và các khoáng chất khác bị mất qua mồ hôi khi tập luyện cường độ cao. Không giống như nước thường, nó thường chứa carbohydrate để cung cấp năng lượng nhanh chóng và chất điện giải để hỗ trợ chức năng thần kinh và cơ bắp, khiến nó đặc biệt hiệu quả đối với các hoạt động sức bền kéo dài hơn một giờ. Các phiên bản thương mại cân bằng vị ngọt với độ axit để tạo cảm giác ngon miệng, mặc dù các lựa chọn thay thế không đường vẫn tồn tại cho những người dùng quan tâm đến lượng calo.",75
7be3709a-c21d-5758-aaed-3fec8e74a3bb,,,Nước dừa (Coconut Water),INGREDIENT,19.0,0.72,0.2,3.71,1.1,2.61,105.0,85ac50db-ec45-4d0f-b644-c46a43621f31,,,"Nước dừa là chất lỏng trong, có vị ngọt nhẹ được tìm thấy bên trong những quả dừa xanh non, được đánh giá là một loại đồ uống hydrat hóa tự nhiên giàu chất điện giải như kali và magie. Không giống như đồ uống thể thao đã qua chế biến, nó cung cấp khả năng bù nước nhanh chóng với lượng calo tối thiểu và không thêm đường, trong khi vẫn không chứa chất béo và cholesterol tự nhiên. Thành phần dinh dưỡng của nước đạt đỉnh điểm khi được thu hoạch từ dừa non, vì dừa trưởng thành sẽ chuyển hướng chất dinh dưỡng để phát triển thịt và sữa.",75
b4b00a39-b5f9-54cf-9b5b-7896a54eaed3,,,Hỗn hợp đồ uống có hương vị trái cây ăn kiêng (Diet Fruit Flavored Drink Mix),INGREDIENT,218.0,0.45,0.04,87.38,0.1,0.0,17.0,85ac50db-ec45-4d0f-b644-c46a43621f31,,,"Hỗn hợp đồ uống có hương vị trái cây dành cho người ăn kiêng là một loại đồ uống dạng bột không đường được thiết kế để tạo ra nước có hương vị ít calo khi hòa tan. Những hỗn hợp này thường sử dụng chất làm ngọt nhân tạo như aspartame hoặc stevia để tái tạo vị ngọt mà không cần thêm đường, khiến chúng trở nên phổ biến trong việc hydrat hóa có hàm lượng calo thấp. Mặc dù tiện lợi và dễ mang theo nhưng chúng thường thiếu chất dinh dưỡng đáng kể trừ khi được tăng cường và hương vị trái cây của chúng bắt nguồn từ các hợp chất tổng hợp hơn là hàm lượng trái cây thực tế.",75
e6b922e6-935d-5d80-ac6c-752715dd842b,,,Soda kem (Cream Soda),DISH,51.0,0.0,0.0,13.3,0.0,13.3,12.0,85ac50db-ec45-4d0f-b644-c46a43621f31,,,"Soda kem là một loại nước ngọt có ga có vị ngọt đặc trưng bởi hương vị vani nổi bật và cảm giác mịn màng trong miệng. Loại đồ uống không chứa caffeine này thường chứa hàm lượng đường cao và thường có màu vàng hổ phách, bắt nguồn từ truyền thống đài phun nước ngọt ở Bắc Mỹ. Mặc dù thường được thưởng thức ướp lạnh như một thức uống độc lập, nhưng đặc tính vani đặc biệt của nó cũng khiến nó trở thành một thành phần phổ biến trong công thức món tráng miệng và pha chế cocktail.",75
bb763752-7d29-5d61-907b-a51a6b902df8,,,Hỗn hợp nước ép rau củ (Vegetable Juice Blend),DISH,23.0,0.6,0.1,4.9,0.7,3.6,258.0,85ac50db-ec45-4d0f-b644-c46a43621f31,,,"Hỗn hợp nước ép rau quả là một loại đồ uống giàu dinh dưỡng kết hợp chiết xuất ép từ nhiều loại rau như cà chua, cà rốt và rau lá xanh. Phương pháp pha trộn này cung cấp nhiều loại vitamin và chất chống oxy hóa hơn so với nước ép một loại rau, mặc dù việc loại bỏ bã trong quá trình chế biến sẽ làm giảm hàm lượng chất xơ. Mặc dù lượng đường tự nhiên thường thấp hơn so với nước ép trái cây, nhưng các loại thương mại thường chứa natri bổ sung, đòi hỏi phải xem xét kỹ lưỡng trên nhãn đối với những người tiêu dùng quan tâm đến natri.",75
f72915eb-9013-556e-9382-0dbb810c7644,,,Đồ uống thể thao protein và BCAA (Protein and BCAA Sports Drink),DISH,360.0,2.5,0.0,90.0,0.0,45.0,750.0,85ac50db-ec45-4d0f-b644-c46a43621f31,,,"Nước uống thể thao Protein và BCAA là đồ uống chức năng được pha chế để hỗ trợ phục hồi cơ bắp và sức bền trong quá trình luyện tập cường độ cao. Không giống như đồ uống thể thao tập trung vào chất điện giải truyền thống, nó kết hợp whey hoặc protein từ thực vật với các axit amin chuỗi nhánh (BCAA)—leucine, isoleucine và valine—để thúc đẩy tổng hợp protein cơ bắp và giảm mệt mỏi. Những đồ uống này thường ít đường và có sẵn ở dạng uống liền hoặc dạng bột, khiến chúng trở thành lựa chọn thuận tiện sau khi tập luyện hoặc trong khi tập luyện cho các vận động viên ưu tiên duy trì cơ nạc.",75
d801aca0-8ed7-5e50-a1cf-55b1142fb624,,,Rượu vang Bordeaux (Bordeaux Red Blend Wine),DISH,83.0,0.1,0.0,2.6,0.0,0.6,6.0,85ac50db-ec45-4d0f-b644-c46a43621f31,,,"Bordeaux Red Blend là một loại rượu vang cổ điển của Pháp kết hợp Cabernet Sauvignon, Merlot và tỷ lệ nho Cabernet Franc hoặc Petit Verdot nhỏ hơn, nổi tiếng với cấu trúc tannin và hương vị trái cây đen phức tạp. Được sản xuất tại vùng Bordeaux của Pháp bằng phương pháp ủ gỗ sồi truyền thống, loại rượu này chứa khoảng 120-130 calo mỗi khẩu phần 5 oz và cung cấp chất chống oxy hóa polyphenol như resveratrol. Độ axit cân bằng và tông màu đất khiến nó đặc biệt thân thiện với thực phẩm, thường được kết hợp với các loại thịt đỏ và các món ăn thịnh soạn.",75
7d14f745-d1fd-58c2-9f32-ac4748bb12ab,,,Rượu vang Rosé Pinot Noir (Pinot Noir Rosé Wine),DISH,82.0,0.07,0.0,2.3,0.0,2.3,7.0,85ac50db-ec45-4d0f-b644-c46a43621f31,,,"Pinot Noir Rosé là một loại rượu vang khô, có màu hồng nhạt được làm độc quyền từ nho Pinot Noir thông qua tiếp xúc ngắn với vỏ trong quá trình lên men. Phương pháp này tạo ra vị sắc nét, nhẹ nhàng với hương vị trái cây màu đỏ tinh tế như dâu tây và cam quýt, đồng thời duy trì mức tannin thấp hơn so với rượu vang đỏ. Với nồng độ cồn 12-13% theo thể tích, nó kết hợp tốt với các món ăn nhẹ và cung cấp một lựa chọn thay thế ít calo hơn cho các loại rượu vang đậm đà hơn, mặc dù vẫn áp dụng các cân nhắc về chế độ ăn uống tiêu chuẩn liên quan đến rượu.",75
5cdca13e-005e-598d-b102-94bf328ef134,,,Nước ép nam việt quất (Cranberry Juice),DISH,46.0,0.39,0.13,12.2,0.1,12.1,2.0,85ac50db-ec45-4d0f-b644-c46a43621f31,,,"Nước ép nam việt quất là một loại đồ uống có vị chua, màu đỏ ruby ​​được làm từ quả nam việt quất ép ở Bắc Mỹ, thường được làm ngọt để cân bằng độ axit tự nhiên của trái cây. Nước ép này đặc biệt được chú ý vì có chứa proanthocyanidin - hợp chất có thể giúp ngăn ngừa nhiễm trùng đường tiết niệu bằng cách ức chế sự bám dính của vi khuẩn. Trong khi nước ép nam việt quất nguyên chất cung cấp vitamin C và chất chống oxy hóa, nhiều loại thương mại trộn nó với đường bổ sung hoặc các loại nước ép trái cây khác để giảm vị chua đậm.",75
2e03c8e2-7e11-59b5-b232-0056a06e53a9,,,Nước tonic (Tonic Water),DISH,34.0,0.0,0.0,8.8,0.0,8.8,12.0,85ac50db-ec45-4d0f-b644-c46a43621f31,,,"Nước tăng lực là một loại nước ngọt có ga đặc trưng bởi hương vị hơi đắng, xuất phát từ việc bổ sung quinine. Hầu hết nước tăng lực có bán trên thị trường đều được làm ngọt, thường bằng đường hoặc xi-rô ngô có hàm lượng fructose cao, góp phần làm tăng hàm lượng calo và carbohydrate. Nó thường được sử dụng như một chất pha trộn trong cocktail, đặc biệt là rượu gin và thuốc bổ.",75
f28d7164-bf65-5226-8e11-36a5cb554611,,,Rượu vang Shiraz (Shiraz Wine),DISH,81.74,0.2,0.0,0.2,0.0,0.2,7.0,85ac50db-ec45-4d0f-b644-c46a43621f31,,,"Shiraz (còn gọi là Syrah) là một loại rượu vang đỏ đậm đà được làm từ nho có vỏ sẫm màu được trồng ban đầu ở Thung lũng Rhône của Pháp. Loại rượu đậm đà này có hương vị đậm đà của dâu đen, mận và hạt tiêu đen, với tannin chắc và hàm lượng cồn cao hơn (thường là 13-15% ABV) góp phần tạo nên hương vị mạnh mẽ của nó. Mặc dù mức tiêu thụ vừa phải có thể mang lại lợi ích chống oxy hóa từ polyphenol, nhưng nó cung cấp khoảng 120-130 calo mỗi 5oz phục vụ chủ yếu từ rượu và carbohydrate dư thừa.",75
73d66788-dd50-56da-a2bf-3073a0c146a9,,,Bia lúa mì (Wheat Beer),INGREDIENT,44.0,0.44,0.0,3.6,0.0,3.6,4.0,85ac50db-ec45-4d0f-b644-c46a43621f31,,,"Bia lúa mì là một loại bia đặc biệt được ủ với một tỷ lệ đáng kể lúa mì bên cạnh lúa mạch mạch nha. Thành phần sản xuất bia này thường tạo ra một loại bia nhẹ hơn với vẻ ngoài đục đặc trưng và hương thơm tinh tế của chuối và đinh hương, chứa khoảng 4-5,5% cồn theo thể tích. So với các loại bia tiêu chuẩn, bia lúa mì thường có hàm lượng protein cao hơn và thành phần carbohydrate phức tạp hơn do hàm lượng lúa mì, mặc dù chúng vẫn là một loại đồ uống có cồn chứa nhiều calo.",75
e55acedd-44f8-5352-ac1f-5192b16595d8,,,Rượu vang Sangiovese (Sangiovese Wine),DISH,86.0,0.07,0.0,2.62,0.0,2.62,7.0,85ac50db-ec45-4d0f-b644-c46a43621f31,,,"Sangaguese là một loại rượu vang đỏ được dùng làm loại nho chính trong nhiều loại rượu vang nổi tiếng của Ý, bao gồm Chianti và Brunello di Montalcino. Loại rượu có nồng độ trung bình này thường chứa 13-14% cồn theo thể tích và có hương đặc trưng của anh đào, mận và thảo mộc với hàm lượng tannin vừa phải và độ axit cao. Cấu hình cân bằng và tính chất thân thiện với thực phẩm khiến nó đặc biệt thích hợp để kết hợp với ẩm thực Địa Trung Hải truyền thống và các món ăn làm từ cà chua.",75
d100d4cf-144e-57fb-8f2b-256804ce9d8d,,,Đồ uống không sữa dâu tây (Strawberry Non-Dairy Beverage),INGREDIENT,63.0,1.0,2.0,10.0,0.5,9.0,70.0,85ac50db-ec45-4d0f-b644-c46a43621f31,,,"Đồ uống không chứa sữa dâu là một loại sữa thay thế có nguồn gốc thực vật thường được làm từ các thành phần như hạnh nhân, đậu nành hoặc yến mạch, có hương vị dâu tây và chất làm ngọt bổ sung. Loại đồ uống không chứa sữa này cung cấp một loại nước giải khát có màu hồng, thay thế cho sữa có hương vị truyền thống, mặc dù nó thường chứa ít protein hơn so với loại sữa tương ứng. Mặc dù cung cấp một lựa chọn thuận tiện cho những người tránh sữa, nhưng điều quan trọng cần lưu ý là những đồ uống này thường chứa đường bổ sung và có thể bao gồm chất ổn định để đảm bảo kết cấu và độ ổn định khi bảo quản.",75
43aed153-ab77-5bec-ad44-f07e65b0331a,,,Kem cà phê sữa dừa có đường (Sweetened Coconut Milk Coffee Creamer),INGREDIENT,196.0,0.0,6.5,26.1,0.0,26.1,98.0,85ac50db-ec45-4d0f-b644-c46a43621f31,,,"Kem cà phê sữa dừa có đường là một sản phẩm thay thế sữa có nguồn gốc thực vật được làm bằng cách trộn nước cốt dừa với chất làm ngọt như đường mía hoặc xi-rô. Loại kem này mang lại kết cấu phong phú và hương vị nhiệt đới cho đồ uống đồng thời chứa chất béo bão hòa và đường bổ sung cao hơn so với các loại không đường. Phổ biến trong chế độ ăn thuần chay và không có lactose, nó hòa quyện dễ dàng vào cà phê nóng nhưng có thể tách ra trong các ứng dụng có tính axit hoặc nhiệt độ cao do hàm lượng dầu dừa.",75
8c8a0d8d-3322-5fb9-98b0-5ef9ad49bb37,,,Rượu vang Tempranillo (Tempranillo Wine),DISH,86.0,0.0,0.0,2.7,0.0,2.7,7.0,85ac50db-ec45-4d0f-b644-c46a43621f31,,,"Tempranillo là giống nho làm rượu vang đỏ cao cấp có nguồn gốc từ Tây Ban Nha, nổi tiếng với việc sản xuất các loại rượu vang có độ đậm vừa phải đến đậm đà với hương vị của quả mọng đỏ, da thuộc và thuốc lá. Rượu vang của hãng thường được ủ trong thùng gỗ sồi, mang lại hương vani hoặc gia vị tinh tế và làm mềm tannin. Với hàm lượng cồn vừa phải (13–14,5% ABV) và các hợp chất giàu chất chống oxy hóa như resveratrol, Tempranillo kết hợp tốt với các loại thịt nướng và bánh charcuterie đồng thời phù hợp với chế độ ăn Địa Trung Hải.",75
44c78302-f347-582e-ba22-5dfaa8f4e813,,,Trà ô long (Oolong Tea),DISH,1.0,0.0,0.0,0.15,0.0,0.0,3.0,85ac50db-ec45-4d0f-b644-c46a43621f31,,,"Trà ô long là một loại trà truyền thống của Trung Quốc bị oxy hóa một phần, chiếm vị trí trung gian giữa trà xanh và đen về cả hương vị và hàm lượng caffeine. Lá của nó trải qua quá trình oxy hóa có kiểm soát (10-85%), tạo ra phổ hương vị đa dạng, từ hương hoa và trái cây đến hương rang và hương đất, tùy thuộc vào phương pháp chế biến. Loại trà này chứa hàm lượng caffeine vừa phải và giàu theaflavin và thearubigins - chất chống oxy hóa có liên quan đến lợi ích trao đổi chất - trong khi vẫn không chứa calo tự nhiên khi tiêu thụ mà không có chất phụ gia.",75
750ac5b4-4ef7-5aed-b810-b809dfdd3d34,,,Rượu vang Rosé Provence (Provence Rosé Wine),DISH,70.0,0.2,0.0,1.0,0.0,1.0,5.0,85ac50db-ec45-4d0f-b644-c46a43621f31,,,"Provence Rosé là một loại rượu vang màu hồng nhạt đến từ miền nam nước Pháp, nổi tiếng với hương vị khô, sắc nét và hương hoa cam quýt tinh tế đạt được khi tiếp xúc với da trong thời gian ngắn với các giống nho đỏ như Grenache và Cinsault. Với nồng độ cồn vừa phải (thường là 12-13% ABV) và mật độ calo thấp hơn so với các loại rượu nặng hơn, nó đặc biệt phù hợp với ẩm thực Địa Trung Hải, salad và hải sản. Loại rượu vang hồng này thường thân thiện với người ăn chay, vì nhiều nhà sản xuất tránh các chất làm mịn có nguồn gốc động vật trong quá trình làm rõ.",75
00e5ba3d-b537-510b-a52e-63125917f73a,,,"Hỗn hợp đồ uống thể thao có đường (Sports Drink Mix, Sweetened)",INGREDIENT,388.0,0.0,1.23,94.11,0.0,80.5,63.0,85ac50db-ec45-4d0f-b644-c46a43621f31,,,"Sports Drink Mix, Sweetened là một loại đồ uống dạng bột được thiết kế để tăng cường hydrat hóa và bổ sung chất điện giải trong quá trình hoạt động thể chất cường độ cao. Công thức khô này thường chứa natri và kali để hỗ trợ cân bằng chất lỏng, cùng với carbohydrate từ đường bổ sung để bổ sung năng lượng nhanh chóng khi trộn với nước. Mặc dù thuận tiện cho các vận động viên nhưng hàm lượng đường cao khiến việc kiểm soát khẩu phần ăn trở nên quan trọng đối với những người theo dõi lượng calo nạp vào.",75
6c586a26-b4e8-5e30-867f-850c6ebc9a4b,,,Rượu vang Cabernet Franc (Cabernet Franc Wine),DISH,83.0,0.07,0.0,2.45,0.0,2.45,7.0,85ac50db-ec45-4d0f-b644-c46a43621f31,,,"Cabernet Franc là giống nho làm rượu vang đỏ được biết đến nhiều nhất là cha mẹ di truyền của Cabernet Sauvignon và Merlot. Loại rượu vang có độ đậm vừa phải này có hương vị thảo mộc và hạt tiêu đặc biệt được xếp lớp với hương vị trái cây màu đỏ, cung cấp hàm lượng tannin và cồn thấp hơn so với các giống rượu sau này. Mặc dù là nền tảng cho sự pha trộn của Bordeaux, nhưng nó vẫn tỏa sáng như một loại rượu vang đơn chủng ở các khu vực Thung lũng Loire và Thế giới mới của Pháp, thường đưa ra một giải pháp thay thế dễ tiếp cận hơn cho các loại rượu vang đỏ nặng hơn.",75
429cf93f-031f-57e6-a04e-b130aa434750,,,Rượu vang Pinot Grigio đóng hộp (Canned Pinot Grigio Wine),DISH,83.0,0.07,0.0,2.06,0.0,2.06,7.0,85ac50db-ec45-4d0f-b644-c46a43621f31,,,"Rượu vang Pinot Grigio đóng hộp là dạng rượu vang trắng cổ điển của Ý, phục vụ một lần, được làm từ nho Pinot Grigio màu xanh xám. Phiên bản đóng lon nhôm này giữ được độ chua giòn đặc trưng của rượu và hương cam quýt nhẹ đồng thời mang lại sự thuận tiện cho các hoạt động ngoài trời, với nồng độ cồn thông thường là 12-13% ABV trên mỗi lon 250ml. Không giống như các loại đóng chai, định dạng này ưu tiên độ tươi và khả năng tái chế, mặc dù nó vẫn giữ nguyên cấu hình khô, sảng khoái lý tưởng để kết hợp với hải sản hoặc món khai vị nhẹ.",75
4aef4c44-b39d-5795-9b09-c7d93ba291c0,,,Rượu vang Malbec (Malbec Wine),DISH,86.0,0.08,0.0,2.6,0.0,0.61,11.3,85ac50db-ec45-4d0f-b644-c46a43621f31,,,"Malbec là một loại rượu vang đỏ đậm đà có nguồn gốc từ Pháp nhưng hiện được sản xuất nổi bật nhất ở Argentina, nơi nó phát triển hương vị trái cây đậm đà và tông màu khói. Đặc trưng bởi hàm lượng tannin và cồn từ trung bình đến cao (thường là 13-15% ABV), loại rượu này thường trải qua quá trình lão hóa bằng gỗ sồi, bổ sung thêm hương vani và mocha vào hồ sơ của nó. Mặc dù thường được đóng chai như một loại rượu vang đơn, Malbec cũng đóng vai trò là loại nho pha trộn chính trong các loại rượu vang phong cách Bordeaux, mang lại cấu trúc và độ sâu.",75
2ca01d48-4573-58ae-96bc-b2a2ebba7c01,,,Rượu táo gia vị (Spiced Cider),INGREDIENT,47.0,0.0,0.0,12.0,0.0,12.0,6.0,85ac50db-ec45-4d0f-b644-c46a43621f31,,,"Rượu táo tẩm gia vị là một loại đồ uống ấm, không cồn được làm bằng cách đun sôi rượu táo với quế, đinh hương, nhục đậu khấu và các loại gia vị thơm khác. Thức uống theo mùa này giữ lại vitamin C tự nhiên từ táo ép nhưng thường chứa lượng đường tự nhiên đáng kể do vị ngọt của trái cây. Theo truyền thống được thưởng thức vào mùa thu và mùa đông, phương pháp chế biến ngâm rượu này giúp tăng cường cả độ phức tạp của hương vị và mùi thơm, giúp phân biệt nó với nước ép táo thông thường hoặc rượu ngâm có cồn.",75
7746e85d-5ae4-5d94-8bc1-a55b7bc53f3b,,,Bia không cồn (Non-Alcoholic Beer),DISH,37.0,0.21,0.12,8.05,0.0,8.05,13.0,85ac50db-ec45-4d0f-b644-c46a43621f31,,,"Bia không cồn là loại đồ uống mạch nha được ủ tương tự như bia truyền thống nhưng được loại bỏ hoặc giới hạn nồng độ cồn ở mức dưới 0,5% ABV thông qua các phương pháp chế biến chuyên dụng. Đồ uống này thường chứa ít calo hơn bia thông thường trong khi vẫn duy trì hương vị và mức độ cacbonat tương đương. Nó phục vụ như một giải pháp thay thế phổ biến cho những người tránh uống rượu do lựa chọn lối sống, yêu cầu y tế hoặc trách nhiệm lái xe được chỉ định, đồng thời cung cấp nhiều chất chống oxy hóa tương tự có trong bia truyền thống.",75
b5a499ff-f025-53c9-81e7-be9542dee907,,,"Rượu vang Rosé Sangiovese (Rosé Wine, Sangiovese)",DISH,70.0,0.2,0.0,1.0,0.0,1.0,5.0,85ac50db-ec45-4d0f-b644-c46a43621f31,,,"Sangiovese rosé là một loại rượu vang có màu hồng được sản xuất bằng cách hạn chế tiếp xúc với vỏ nho trong quá trình lên men của giống nho Sangiovese, loại nho làm rượu vang đỏ được trồng rộng rãi nhất ở Ý. Loại rượu có nồng độ trung bình này thường chứa 12-13% cồn theo thể tích và mang lại hương vị anh đào và dâu tây tươi sáng với độ axit giòn đặc trưng. Giống như hầu hết các loại rượu vang hồng, nó chứa lượng calo vừa phải chủ yếu từ hàm lượng cồn, với lượng đường dư khác nhau tùy thuộc vào phong cách sản xuất.",75
ea2cc301-3318-5bcb-a5da-4c2efa2c1c90,,,Bia Saison (Saison Beer),DISH,57.5,0.3,0.0,5.1,0.0,0.5,5.0,85ac50db-ec45-4d0f-b644-c46a43621f31,,,"Saison là loại bia truyền thống của trang trại Bỉ, đặc trưng bởi hương vị phức hợp, hương trái cây và nồng độ cồn vừa phải thường dao động từ 5-7% ABV. Phong cách bia đặc biệt này có hương vị khô, có nhiều cacbonat với hương cam quýt, hạt tiêu và thảo mộc, ban đầu được ủ để giúp người nông dân sảng khoái trong mùa thu hoạch. Saisons hiện đại vẫn giữ được đặc tính sảng khoái trong khi cung cấp các mức độ đắng khác nhau và các đặc tính men hoang dã tinh tế.",75
16a25aa9-cff3-5a38-b85f-d344f929a08a,,,Soda bưởi (Grapefruit Soda),INGREDIENT,42.0,0.0,0.0,11.0,0.0,11.0,10.0,85ac50db-ec45-4d0f-b644-c46a43621f31,,,Soda bưởi là một loại nước ngọt có ga có hương vị bưởi tự nhiên hoặc nhân tạo và được làm ngọt bằng đường hoặc chất làm ngọt nhân tạo. Loại đồ uống làm từ cam quýt này thường không chứa caffeine và mang lại hương vị ngọt đắng đặc trưng của bưởi. Mặc dù nó mang lại chất lượng sảng khoái của đồ uống có ga nhưng nhìn chung nó chứa một lượng đường bổ sung đáng kể và giá trị dinh dưỡng tối thiểu từ trái cây thực tế.,75
0be3f72a-d4b8-53dd-8bc8-f9a2df206d97,,,Bia không chứa gluten (Gluten-Free Beer),DISH,47.0,0.3,0.0,3.7,0.0,3.7,2.7,85ac50db-ec45-4d0f-b644-c46a43621f31,,,"Bia không chứa gluten là một loại bia đặc biệt được sản xuất bằng cách sử dụng các chất thay thế cho lúa mạch và lúa mì truyền thống, chẳng hạn như lúa miến, gạo hoặc ngô. Loại đồ uống này duy trì nồng độ cồn tương tự như bia thông thường (thường là 4-6% ABV) đồng thời an toàn cho những người mắc bệnh celiac hoặc nhạy cảm với gluten. Các kỹ thuật sản xuất bia hiện đại đã phát triển để tạo ra các loại bia gần giống với hương vị của bia truyền thống, mặc dù chúng có thể có hàm lượng carbohydrate hơi khác nhau tùy thuộc vào thành phần cơ bản được sử dụng.",75
222e846f-641e-5681-bea6-e10d825b603d,,,Trà dâm bụt (Hibiscus Tea),DISH,0.0,0.0,0.0,0.0,0.0,0.0,4.0,85ac50db-ec45-4d0f-b644-c46a43621f31,,,"Trà dâm bụt là một loại trà thảo mộc có màu đỏ ruby ​​rực rỡ được làm từ những cánh hoa dâm bụt khô. Đồ uống tự nhiên không chứa caffeine này mang lại hương vị chua chua, giống quả nam việt quất và rất giàu chất chống oxy hóa, đặc biệt là anthocyanin. Khi được phục vụ không đường, nó cung cấp một loại đồ uống hầu như không chứa calo, theo truyền thống được uống cả nóng và lạnh vì những lợi ích sức khỏe tim mạch tiềm tàng của nó.",75
95fde41d-d22d-56eb-bf92-447691d1fdae,,,Piña colada không cồn (Non-Alcoholic Pina Colada),DISH,103.0,0.4,1.4,22.3,0.5,21.8,10.0,85ac50db-ec45-4d0f-b644-c46a43621f31,,,"Piña colada không cồn là một loại đồ uống nhiệt đới có vị ngọt được làm chủ yếu từ nước ép dứa và kem dừa hoặc sữa. Phiên bản mocktail của loại cocktail cổ điển này vẫn duy trì kết cấu kem đặc trưng và hương vị nhiệt đới không có rượu rum, mặc dù nó thường chứa thêm đường để tạo vị ngọt. Đồ uống này thường được pha với đá để tạo thành hỗn hợp mịn, đông lạnh, khiến nó có lượng calo cao hơn đáng kể so với nước ép trái cây không đường.",75
7c39da07-599d-54fa-9f75-ece9434c962b,,,Trà bạc hà (Peppermint Tea),DISH,1.0,0.0,0.01,0.2,0.0,0.0,1.0,85ac50db-ec45-4d0f-b644-c46a43621f31,,,"Trà bạc hà là một loại thảo dược tự nhiên không chứa caffeine được làm từ lá của cây bạc hà (Mentha × piperita). Đồ uống thơm này được đặc trưng bởi hương vị bạc hà tươi mát, mát lạnh và nổi tiếng vì lợi ích tiêu hóa nhờ hợp chất hoạt tính tinh dầu bạc hà. Trà có thể được thưởng thức nóng hoặc lạnh và đặc biệt có giá trị vì tác dụng làm dịu hệ tiêu hóa trong khi hầu như không chứa calo.",75
9af9d37b-5daf-5101-99f7-8aa9dd32d49e,,,Rượu vang Rosé Syrah (Syrah Rosé Wine),DISH,71.0,0.2,0.0,1.1,0.0,1.1,5.0,85ac50db-ec45-4d0f-b644-c46a43621f31,,,"Syrah Rosé là một loại rượu vang hồng khô được làm từ nho Syrah, một giống nho đỏ có nguồn gốc từ Thung lũng Rhône của Pháp. Màu hồng nhạt đặc trưng của nó xuất phát từ sự tiếp xúc ngắn ngủi với da trong quá trình lên men, mang lại hương vị trái cây màu đỏ tinh tế như dâu tây và anh đào trong khi vẫn duy trì hàm lượng tannin thấp hơn so với Syrah đỏ. Loại rượu có nồng độ trung bình này thường có nồng độ cồn vừa phải (12-14%) và kết hợp tốt với các loại thịt nướng hoặc các món ăn Địa Trung Hải, mặc dù nó có chứa sulfite phổ biến ở hầu hết các loại rượu.",75
f62993c3-5a0e-5257-afad-4277bc180586,,,Rượu vang Gamay (Gamay Wine),DISH,78.0,0.07,0.0,2.38,0.0,2.38,7.0,85ac50db-ec45-4d0f-b644-c46a43621f31,,,"Gamay là loại rượu vang đỏ có nồng độ nhẹ đến trung bình theo truyền thống gắn liền với vùng Beaujolais của Pháp, thường chứa 12-13% cồn theo thể tích. Loại rượu này được đặc trưng bởi vị trái cây tươi sáng với hương anh đào và quả mâm xôi đặc biệt, hàm lượng tannin thấp hơn hầu hết các loại rượu vang đỏ và vị chua nhẹ, sảng khoái đặc trưng. Rượu vang Gamay thường được phục vụ ướp lạnh một chút và được biết đến là loại rượu dễ uống hơn khi còn non so với các loại rượu vang đỏ khác.",75
7453a080-6a8b-5038-9fbb-051d1ba9310e,,,Rượu nấu Thiệu Hưng (Shaoxing Cooking Wine),DISH,50.0,0.5,0.0,6.3,0.0,1.55,626.0,85ac50db-ec45-4d0f-b644-c46a43621f31,,,"Rượu nấu Thiệu Hưng là một loại rượu gạo của Trung Quốc có nguồn gốc từ vùng Thiệu Hưng. Loại rượu có màu hổ phách này là thành phần chính trong ẩm thực Trung Quốc, mang lại hương vị thơm ngon, phức tạp cho các món xào, nước xốt và món om. Mặc dù làm tăng hương vị nhưng nó thường chứa thêm muối, điều này cần được cân nhắc khi theo dõi lượng natri tiêu thụ.",75
43df8d1f-5577-55c9-a1ca-7dde1ae1687a,,,Trà trắng (White Tea),DISH,0.0,0.0,0.0,0.0,0.0,0.0,1.0,85ac50db-ec45-4d0f-b644-c46a43621f31,,,"Trà trắng là loại trà được chế biến tối thiểu được làm từ lá non và chồi chưa nở của cây Camellia sinensis. Nó chỉ trải qua quá trình héo và khô trong thời gian ngắn, bảo quản nồng độ chất chống oxy hóa polyphenol cao trong khi vẫn duy trì mức caffeine thấp hơn so với trà xanh hoặc đen. Quá trình xử lý tinh tế tạo ra hương hoa nhẹ nhàng với vị ngọt tinh tế và mức độ oxy hóa thấp nhất trong số các loại trà thực sự, hấp dẫn những người tìm kiếm lượng caffeine nhẹ hơn mà không làm mất đi lợi ích chống oxy hóa.",75
c4ebb0a0-ae76-5890-9791-ae275f44a0ae,,,Trà xanh hòa tan (Instant Green Tea),INGREDIENT,310.0,20.0,3.0,50.0,40.0,1.0,10.0,85ac50db-ec45-4d0f-b644-c46a43621f31,,,"Trà xanh hòa tan là một loại bột khử nước được làm từ lá trà xanh đã ủ và sấy khô (Camellia sinensis), được thiết kế để hòa tan nhanh trong nước nóng hoặc lạnh. Dạng chế biến này cung cấp hàm lượng caffeine tiêu chuẩn trên mỗi khẩu phần và giữ lại một số hợp chất chống oxy hóa như catechin, mặc dù thường ở nồng độ thấp hơn so với trà mới pha. Phổ biến vì sự tiện lợi, nó giúp loại bỏ thời gian ngâm truyền thống đồng thời mang lại khả năng sử dụng linh hoạt trong đồ uống, sinh tố hoặc các ứng dụng ẩm thực.",75
5b72ea3c-0a02-536d-b88e-e5c77ffc035d,,,Trà đen hòa tan (Instant Black Tea),INGREDIENT,350.0,20.0,2.0,63.0,55.0,2.0,10.0,85ac50db-ec45-4d0f-b644-c46a43621f31,,,"Trà đen hòa tan là dạng bột hoặc hạt đã khử nước được làm từ lá trà đã ủ đậm đặc, được thiết kế để hòa tan nhanh trong nước nóng hoặc lạnh. Trong khi vẫn giữ được hàm lượng caffeine đặc trưng của trà đen truyền thống, phiên bản hòa tan thường chứa ít chất chống oxy hóa hơn do phương pháp xử lý ở nhiệt độ cao. Định dạng ổn định trên kệ này mang lại sự thuận tiện cho việc chuẩn bị trà đá và đồ uống mang đi nhưng lại thiếu sự phức hợp đầy đủ về hương vị và chất dinh dưỡng có trong các loại mới pha.",75
fc2a6dc7-925f-55c7-86b4-26809ec88e52,,,Bia ít carb (Low-Carb Beer),DISH,27.0,0.17,0.0,0.73,0.0,0.0,3.0,85ac50db-ec45-4d0f-b644-c46a43621f31,,,"Bia low-carb là một loại đồ uống có cồn được ủ để giảm thiểu hàm lượng carbohydrate thông qua quá trình lên men kéo dài hoặc xử lý bằng enzyme nhằm phá vỡ lượng đường dư thừa. Mặc dù nó chứa ít carbs hơn (thường là 2-5g mỗi khẩu phần) so với bia thông thường, nhưng nó vẫn duy trì nồng độ cồn tương đương và có thể không giảm lượng calo đáng kể. Phong cách này hấp dẫn những người ăn kiêng low-carb nhưng vẫn giữ được tác động trao đổi chất của rượu, điều này có thể cản trở quá trình ketosis mặc dù lượng carbohydrate giảm.",75
ffecec04-1c4a-5497-a076-ce79ae8c6cdc,,,Rượu vang Barbera (Barbera Wine),DISH,85.0,0.07,0.0,2.79,0.0,2.79,7.0,85ac50db-ec45-4d0f-b644-c46a43621f31,,,"Barbera là giống nho làm rượu vang đỏ có nguồn gốc từ vùng Piedmont của Ý, sản xuất rượu vang có độ axit mạnh và lượng tannin thấp đặc biệt. Rượu vang đỏ nồng độ trung bình thường thể hiện hương vị của anh đào đen, mận và hương thảo mộc tinh tế, với phong cách hiện đại thường được ủ trong thép không gỉ để bảo quản độ tươi hoặc thùng gỗ sồi để tăng thêm độ phức tạp. Đặc tính thân thiện với thực phẩm khiến nó đặc biệt thích hợp để kết hợp với các món ăn làm từ cà chua và các loại thịt đậm đà, đồng thời duy trì nồng độ cồn vừa phải trong khoảng 12,5-14% ABV.",75
69f44f89-37a2-5fc6-9417-ca97aa94ed37,,,Rượu vang Montepulciano (Montepulciano Wine),DISH,90.0,0.2,0.0,0.3,0.0,0.3,5.0,85ac50db-ec45-4d0f-b644-c46a43621f31,,,"Montepulciano là một loại rượu vang đỏ khô của Ý được làm chủ yếu từ nho Montepulciano, đặc biệt được sản xuất ở vùng Abruzzo. Loại rượu có độ đậm vừa phải này có tannin vừa phải và độ axit sáng, với hương vị đặc trưng của anh đào đen, mận và các loại thảo mộc đất, khiến nó trở nên linh hoạt khi kết hợp với các loại thịt nướng hoặc các món ăn làm từ cà chua. Mặc dù thường bị nhầm lẫn với Vino Nobile di Montepulciano (một loại rượu Tuscan làm từ nho Sangiovese), nó khác biệt ở đặc tính mượt mà hơn và nồng độ cồn thường thấp hơn so với các loại rượu vang đỏ đậm khác.",75
827a4450-39e4-5813-8b79-186fa8a8366e,,,Cà phê Ailen (Irish Coffee),DISH,88.0,0.27,2.41,2.03,0.0,2.03,5.0,85ac50db-ec45-4d0f-b644-c46a43621f31,,,"Cà phê Ailen là một loại đồ uống có cồn nóng kết hợp cà phê pha với rượu whisky Ailen, đường nâu và phủ một lớp kem nhẹ lên trên. Loại cocktail cổ điển này thường chứa cả rượu và caffeine, với hỗn hợp ngọt cung cấp hàm lượng calo đáng kể. Phương pháp pha chế truyền thống tạo ra các lớp riêng biệt với kem nổi trên hỗn hợp cà phê-rượu whisky, tạo ra một thức uống vừa kích thích vừa làm ấm.",75
263ebe0d-7d32-5572-babb-4412ae7dd64d,,,Rượu vang Grenache (Grenache Wine),DISH,90.0,0.07,0.0,3.7,0.0,3.7,5.0,85ac50db-ec45-4d0f-b644-c46a43621f31,,,"Rượu vang Grenache là một loại rượu vang đỏ có nguồn gốc từ Thung lũng Rhône của Pháp và Tây Ban Nha, sản xuất các loại rượu vang có độ đậm vừa phải đến đậm đà với hương vị trái cây màu đỏ nổi bật như dâu tây và quả mâm xôi, thường đi kèm với hương gia vị tinh tế. Hàm lượng cồn cao của nó bắt nguồn từ những loại nho ưa nắng phát triển lượng đường cao, trong khi vỏ mỏng tạo ra chất tannin dễ tiếp cận, lý tưởng cho cả loại rượu vang đơn giống và rượu pha trộn như GSM (Grenache-Syrah-Mourvèdre). Loại nho đa năng này cũng là nền tảng của nhiều loại hoa hồng khô và chứa chất chống oxy hóa như resveratrol, mặc dù nồng độ cồn của nó vẫn là yếu tố dinh dưỡng chính.",75
9ade6541-5aa0-5006-b09b-bffba1f06509,,,Rượu vang Moscato (Moscato Wine),DISH,82.0,0.07,0.0,5.23,0.0,5.23,7.0,85ac50db-ec45-4d0f-b644-c46a43621f31,,,"Moscato là một loại rượu vang Ý thơm, ngọt được làm từ nho Muscat, có đặc điểm là nồng độ cồn thấp (thường là 5-7% ABV) và hương thơm rực rỡ của đào, hoa cam và cam quýt chín. Có nguồn gốc từ Piedmont, loại rượu vang kiểu sủi bọt (frizzante) này thường được phục vụ ướp lạnh như một món tráng miệng hoặc rượu khai vị, với vị ngọt tự nhiên cân bằng hương hoa rõ rệt của nho. Mặc dù chứa nhiều calo do lượng đường dư thừa, nhưng nó vẫn được ưa chuộng nhờ hương vị dễ tiếp cận so với các loại rượu khô hơn.",75
80cb4352-b065-5b1c-89a5-ba6aebcf9cc1,,,Trà rooibos (Rooibos Tea),DISH,1.0,0.0,0.0,0.3,0.0,0.3,1.0,85ac50db-ec45-4d0f-b644-c46a43621f31,,,"Trà rooibos là một loại trà thảo dược không chứa caffeine được làm từ lá lên men của cây Aspalathus Linearis, có nguồn gốc từ vùng Cederberg của Nam Phi. Thường được gọi là 'trà bụi đỏ', nó có hương vị đất ngọt tự nhiên với hương hạt dẻ tinh tế và chứa các chất chống oxy hóa độc đáo như aspalathin không có trong các loại trà khác. Quá trình oxy hóa trong quá trình sản xuất mang lại cho bia màu đỏ đặc trưng, ​​​​trong khi việc thiếu tannin tạo ra một loại đồ uống mịn, không đắng khi thưởng thức nóng hoặc đá.",75
69609c6a-8a95-56bb-8efe-58c4df53bbb4,,,Rượu vang Petite Sirah (Petite Sirah Wine),DISH,85.0,0.07,0.0,2.68,0.0,2.68,7.0,85ac50db-ec45-4d0f-b644-c46a43621f31,,,"Petite Sirah là một loại rượu vang đỏ đậm đà được làm từ giống nho Durif, nổi bật bởi màu mực và cấu trúc tannin đậm. Đặc sản California này mang đến hương vị đậm đặc của dâu đen, mận đen và hạt tiêu đen, với nồng độ cồn thường dao động từ 13,5% đến 15% ABV. Mặc dù chứa ít carbohydrate nhưng mật độ calo của nó chủ yếu bắt nguồn từ hàm lượng cồn, khiến việc kiểm soát khẩu phần phù hợp để theo dõi dinh dưỡng mặc dù không chứa chất béo hoặc protein.",75
d7e21ec5-1aa3-54cb-9c27-7f14a727019d,,,Đồ uống thể thao giàu carbohydrate (High-Carbohydrate Sports Drink),DISH,29.0,0.0,0.03,7.1,0.0,5.68,40.5,85ac50db-ec45-4d0f-b644-c46a43621f31,,,"Đồ uống thể thao có hàm lượng carbohydrate cao là đồ uống có đường được pha chế để nhanh chóng bổ sung năng lượng dự trữ trong các hoạt động sức bền. Nó chứa nồng độ carbohydrate 6-8% từ các loại đường hấp thụ nhanh như glucose và sucrose, kết hợp với chất điện giải để hỗ trợ quá trình hydrat hóa. Được thiết kế dành cho các vận động viên tham gia hoạt động gắng sức kéo dài, tỷ lệ đường-nước được tối ưu hóa ưu tiên cung cấp năng lượng nhanh chóng hơn nhu cầu hydrat hóa nói chung, giúp phân biệt với đồ uống điện giải có hàm lượng carb thấp hơn.",75
cb3c0b25-2704-56eb-858f-b86021003f0c,,,Rượu vang đỏ sủi (Sparkling Red Wine),DISH,80.78,0.2,0.0,2.0,0.0,2.0,7.0,85ac50db-ec45-4d0f-b644-c46a43621f31,,,"Rượu vang đỏ sủi bọt là một loại đồ uống có cồn có ga được sản xuất thông qua quá trình lên men thứ cấp của nho làm rượu vang đỏ, thường chứa 11-14% cồn theo thể tích. Phong cách rượu vang sủi bọt này kết hợp các đặc tính đậm đà, hương trái cây của rượu vang đỏ với những bong bóng sống động thường gắn liền với rượu sâm panh hoặc prosecco. Không giống như rượu vang đỏ tĩnh, rượu vang đỏ sủi bọt thường được phục vụ ướp lạnh và duy trì lượng cacbonat thông qua các chai kín áp suất chuyên dụng.",75
d6e9187c-4ce2-5035-b16e-5b15d5eebfaa,,,Rượu vang Semillon (Semillon Wine),DISH,83.0,0.07,0.0,3.12,0.0,3.12,6.0,85ac50db-ec45-4d0f-b644-c46a43621f31,,,"Semillon là giống nho làm rượu vang có vỏ vàng, sản xuất rượu vang trắng đậm đà với đặc tính sáp đặc biệt và nồng độ cồn vừa phải thường dao động từ 11-14%. Có nguồn gốc từ vùng Bordeaux của Pháp, loại rượu này có thể được làm theo cả phong cách khô và ngọt, với các phiên bản khô mang lại hương vị cam quýt và trái cây bằng đá, trong khi các phiên bản ngọt thường bị ảnh hưởng bởi mùi thối để tạo ra rượu vang tráng miệng đậm đặc. Khi già đi, Semillon phát triển các đặc tính phức tạp của mật ong và hạt nướng.",75
04a57c61-6a9c-50e9-b72d-343ea80f4758,,,Rượu vang Viognier (Viognier Wine),DISH,82.0,0.0,0.0,2.6,0.0,2.6,7.0,85ac50db-ec45-4d0f-b644-c46a43621f31,,,"Viognier là một loại rượu vang trắng đậm đà có nguồn gốc từ Thung lũng Rhône của Pháp, được công nhận nhờ hương thơm của trái cây đá, hoa nhiệt đới và thỉnh thoảng có chút hương mật ong. Loại rượu đơn loại này thường chứa 13-15% cồn, góp phần tăng cả mật độ calo và khả năng kết hợp với các hương vị đậm đà như ẩm thực châu Á cay hoặc nước sốt kem đậm đà. Trong khi một số phiên bản trải qua quá trình lão hóa bằng gỗ sồi, nhiều phiên bản hiện đại vẫn giữ được độ axit sống động và độ tinh khiết của trái cây thông qua quá trình lên men bằng thép không gỉ.",75
7dc0fa00-12e4-559f-9348-d94ca7b43a3b,,,Dưa hấu vàng (Yellow Watermelon),INGREDIENT,30.0,0.6,0.15,8.0,0.4,6.0,1.0,85ac50db-ec45-4d0f-b644-c46a43621f31,,,"Dưa hấu vàng là một loại dưa hấu đặc biệt có thịt màu vàng vàng thay vì bên trong màu đỏ hồng truyền thống. Mặc dù cùng loài với dưa hấu đỏ, nhưng loại dưa này mang lại hương vị ngọt ngào hơn, giống như mật ong hơn trong khi vẫn giữ được kết cấu giòn, tươi mát đặc trưng. Giống như dưa hấu màu đỏ, dưa hấu vàng rất giàu vitamin A và C, đồng thời chứa các chất chống oxy hóa có lợi bao gồm beta-carotene và lutein.",75
5319f5f2-f645-5f66-bf76-bf63bfcc355a,,,Rượu vang Rosé đóng hộp (Canned Rosé Wine),DISH,83.0,0.4,0.0,3.8,0.0,3.8,10.0,85ac50db-ec45-4d0f-b644-c46a43621f31,,,"Rượu vang hồng đóng hộp là một dạng rượu hồng cổ điển hiện đại, dùng một lần, mang lại độ axit tươi sáng và hương vị trái cây giống như rượu đóng chai. Hộp kín có thể bảo quản độ tươi trong khi mang lại khả năng di động cho các hoạt động ngoài trời hoặc những dịp bình thường, với nồng độ cồn thường phù hợp với rượu vang hồng truyền thống (11-13% ABV). Định dạng này giúp loại bỏ nhu cầu sử dụng đồ thủy tinh và cung cấp khả năng kiểm soát khẩu phần chính xác, thu hút người tiêu dùng đang tìm kiếm sự tiện lợi mà không ảnh hưởng đến đặc tính khô ráo nhưng dễ tiếp cận đặc trưng của rượu.",75
3d871079-93d6-512d-897a-63a2b1977f37,,,Rượu vang không cồn (Non-Alcoholic Wine),DISH,6.0,0.5,0.0,1.1,0.0,1.1,7.0,85ac50db-ec45-4d0f-b644-c46a43621f31,,,"Rượu vang không cồn là đồ uống được sản xuất bằng cách loại bỏ cồn khỏi rượu vang truyền thống mà vẫn giữ được hương vị và mùi thơm thiết yếu của nó. Sản phẩm không chứa cồn này thường chứa ít hơn 0,5% cồn theo thể tích và ít calo hơn đáng kể so với rượu vang truyền thống, khiến nó phù hợp với những người tránh uống rượu vì lý do sức khỏe, tôn giáo hoặc lối sống. Quá trình chiết xuất cẩn thận duy trì nhiều hợp chất có lợi có trong rượu vang, chẳng hạn như polyphenol, đồng thời mang đến sự thay thế tinh tế cho đồ uống có cồn thông thường.",75
28e70395-9c11-5d9d-942a-391918b6f8fe,,,Rượu vang Nebbiolo (Nebbiolo Wine),DISH,78.0,0.1,0.0,2.6,0.0,2.6,7.0,85ac50db-ec45-4d0f-b644-c46a43621f31,,,"Nebbiolo là loại rượu vang đỏ uy tín của Ý được sản xuất chủ yếu ở vùng Piedmont, được biết đến với hương vị phức tạp và nồng độ cồn cao. Loại rượu vang đậm đà này thường chứa 13,5-15% cồn theo thể tích và được đặc trưng bởi tannin mạnh mẽ, hương thơm đặc biệt của nhựa đường và hoa hồng, cùng màu đỏ gạch nhạt phát triển theo độ tuổi. Là loại nho tạo ra các loại rượu vang nổi tiếng như Barolo và Barbaresco, Nebbiolo sản xuất các loại rượu vang truyền thống có hàm lượng chất chống oxy hóa cao, đặc biệt là resveratrol.",75
1e29f515-43cf-56b8-a76d-0190e09db6cc,,,Rượu vang Verdicchio (Verdicchio Wine),DISH,79.0,0.1,0.0,2.6,0.0,0.7,7.0,85ac50db-ec45-4d0f-b644-c46a43621f31,,,"Verdicchio là một loại rượu vang trắng khô của Ý được làm từ nho Verdicchio, được trồng chủ yếu ở vùng Marche dọc theo bờ biển Adriatic. Được biết đến với độ axit giòn và tông khoáng tinh tế, loại rượu nhẹ này có hương cam quýt và hạnh nhân, với nhiều loại rượu có chất lượng được ủ lâu để phát triển độ phức tạp như mật ong. Hàm lượng cồn vừa phải (thường là 12-13,5%) và đặc tính tươi sáng khiến nó trở thành sự kết hợp cổ điển cho hải sản, trong khi các phương pháp sản xuất thân thiện với người ăn chay thu hút chế độ ăn dựa trên thực vật.",75
a7abf659-e5f5-52ab-ab1e-11d14dd97531,,,Bia chua (Sour Beer),DISH,42.0,0.55,0.0,3.67,0.0,3.67,2.8,85ac50db-ec45-4d0f-b644-c46a43621f31,,,"Bia chua là một loại bia riêng biệt được đặc trưng bởi hương vị chua, có tính axit có chủ ý đạt được thông qua các quá trình lên men chuyên biệt. Không giống như các loại bia thông thường, bia chua được sản xuất bằng cách sử dụng các chủng nấm men hoang dã và các vi khuẩn có lợi như Lactobacillus và Pediococcus, tạo ra các axit phức tạp trong quá trình lên men. Những đồ uống thủ công này thường chứa 4-7% cồn theo thể tích và cung cấp nhiều hương vị từ chua nhẹ đến chua đậm, thường được bổ sung bởi hương trái cây hoặc hương vị sôi nổi.",75
15eb88fa-6aa1-51e3-a9f0-8345b96e48ad,,,Trứngnog (Eggnog),DISH,88.0,4.55,4.19,8.05,0.0,8.05,54.0,85ac50db-ec45-4d0f-b644-c46a43621f31,,,"Eggnog là một loại đồ uống ngày lễ đậm đà, ngọt ngào, truyền thống được làm từ sữa, kem, trứng đánh bông và đường, thường được thêm gia vị với hạt nhục đậu khấu hoặc quế. Thức uống dễ chịu này có kết cấu mượt mà nhờ hàm lượng sữa cao và thường được phục vụ ướp lạnh với các tùy chọn bổ sung rượu rum, rượu mạnh hoặc rượu bourbon. Trong khi các phiên bản mua ở cửa hàng thường được tiệt trùng, các phiên bản tự làm có thể cần cân nhắc về an toàn thực phẩm do trứng sống.",75
b500dfa2-a01b-5534-9fe4-3c07d614c1f3,,,Cà phê Ailen (Irish Coffee),DISH,88.0,0.27,2.41,2.03,0.0,2.03,20.0,85ac50db-ec45-4d0f-b644-c46a43621f31,,,"Cà phê Ailen là một loại cocktail cổ điển kết hợp cà phê pha nóng, rượu whisky Ailen, đường và một lớp kem nhẹ. Có nguồn gốc từ Ireland những năm 1940, đồ uống này kết hợp độc đáo tác dụng kích thích của caffeine với đặc tính ức chế của rượu, tạo ra tác động sinh lý phức tạp. Phần trình bày đặc trưng của đồ uống này có lớp phủ kem mịn mượt nổi trên nền cà phê-rượu whisky ngọt ngào, đóng góp lượng calo đáng kể từ cả rượu và chất béo từ sữa.",75
a14acb37-598f-5a85-9b3d-ad5a7dc50057,,,Cà phê chiết xuất (Coffee Extract),INGREDIENT,10.0,0.4,0.1,2.0,0.0,0.0,5.0,85ac50db-ec45-4d0f-b644-c46a43621f31,,,"Chiết xuất cà phê là một sản phẩm chứa caffeine đậm đặc có nguồn gốc từ hạt cà phê thông qua quá trình chiết xuất hoặc chưng cất dựa trên dung môi. Dạng tinh khiết này cung cấp caffeine với liều lượng chính xác mà không cần thêm các hợp chất có trong cà phê pha, khiến nó trở thành thành phần phổ biến trong các chất bổ sung năng lượng, công thức trước khi tập luyện và chế phẩm dược phẩm. Không giống như cà phê nguyên chất, chiết xuất chứa rất ít chất chống oxy hóa hoặc các yếu tố hương vị, chỉ tập trung vào đặc tính kích thích của nó.",75
be8677c1-9a66-5119-8739-16e614b2281c,,,Rượu vang hồng sủi (Sparkling Rosé Wine),DISH,72.0,0.3,0.0,2.5,0.0,2.5,7.0,85ac50db-ec45-4d0f-b644-c46a43621f31,,,"Sparkling Rosé Wine là một loại đồ uống có cồn sủi bọt, có màu hồng, được làm bằng cách pha trộn rượu vang đỏ và trắng hoặc hạn chế tiếp xúc với da với các giống nho đỏ trong quá trình lên men. Bong bóng đặc trưng của nó được tạo ra thông qua các phương pháp cacbonat hóa truyền thống như quy trình trong bể Charmat hoặc lên men thứ cấp. Thường khô đến hơi ngọt, nó có độ axit giòn với hương vị của quả mọng đỏ và cam quýt, chứa khoảng 12-14% cồn và 2-5 gam carbs trên mỗi khẩu phần 5 ounce. Vị nhẹ và hương vị sảng khoái của rượu vang khiến nó trở nên phổ biến trong các dịp kỷ niệm và kết hợp trong thời tiết ấm áp.",75
4d82611c-a545-51d7-9c23-556f615713f4,,,Rượu vang Carmenere (Carmenere Wine),DISH,82.0,0.1,0.0,2.5,0.0,0.5,10.0,85ac50db-ec45-4d0f-b644-c46a43621f31,,,"Carmenere là một loại rượu vang đỏ đậm đà có nguồn gốc từ Bordeaux nhưng hiện được coi là giống nho đặc trưng của Chile. Loại rượu vang đỏ tím đậm này thường chứa 13-14% cồn theo thể tích và được đặc trưng bởi hương vị quả mọng sẫm màu đặc biệt với hạt tiêu xanh và gia vị đáng chú ý. Ban đầu được cho là đã thất lạc trong lịch sử, Carmenere được phát hiện lại ở Chile vào năm 1994, nơi nó đã bị trồng nhầm thành Merlot trong hơn một thế kỷ.",75
5a5edf42-7228-5ae4-b2a0-0aef16ef2631,,,Bia nồng độ cồn cao (High-Alcohol Beer),DISH,55.0,0.5,0.0,4.0,0.0,3.5,5.0,85ac50db-ec45-4d0f-b644-c46a43621f31,,,"Bia có độ cồn cao là đồ uống lên men được xác định bằng hàm lượng cồn theo thể tích (ABV) vượt quá 7%, mạnh hơn đáng kể so với các loại bia tiêu chuẩn. Những loại bia này đạt được hiệu quả thông qua quá trình lên men kéo dài hoặc các chủng nấm men chuyên dụng, thường tạo ra hương vị phức tạp của caramel, trái cây sấy khô hoặc gia vị cùng với cảm giác ngon miệng hơn. Mặc dù mang đến hương vị đậm đà, lượng cồn và lượng đường dư cao của chúng góp phần tạo nên một loại đồ uống giàu calo, đòi hỏi những người dùng quan tâm đến dinh dưỡng phải tiêu thụ một cách thận trọng. Các phong cách phổ biến bao gồm rượu lúa mạch, bia đen hoàng gia và ba IPA.",75
495c75a7-82f5-5d46-9a6c-05040bf3c211,,,Rượu vang Montepulciano d'Abruzzo (Montepulciano d'Abruzzo Wine),DISH,85.0,0.1,0.0,2.7,0.0,2.7,7.0,85ac50db-ec45-4d0f-b644-c46a43621f31,,,"Montepulciano d'Abruzzo là một loại rượu vang đỏ nồng độ trung bình từ vùng Abruzzo của Ý, được làm độc quyền từ nho Montepulciano (khác biệt với Vino Nobile di Montepulciano có trụ sở tại Tuscany's Sangiovese). Đặc trưng bởi tannin mềm và hương vị của mận chín, anh đào đen và gia vị đất, màu đỏ dễ tiếp cận này thường chứa 13-14% cồn và cung cấp mức độ chống oxy hóa vừa phải từ polyphenol. Độ axit cân bằng của nó làm cho nó đặc biệt thân thiện với thực phẩm, thường được kết hợp với các món ăn làm từ cà chua và thịt nướng.",75
68530e22-0bc8-5f1c-b16a-020d11ec7746,,,Chất thay thế cà phê lỏng (Liquid Coffee Substitute),DISH,6.0,0.1,0.04,1.3,0.4,0.08,5.0,85ac50db-ec45-4d0f-b644-c46a43621f31,,,"Chất thay thế cà phê lỏng là một loại đồ uống có nguồn gốc từ thực vật được chế tạo để tái tạo hương vị đậm đà của cà phê bằng cách sử dụng các nguyên liệu rang như rau diếp xoăn, lúa mạch hoặc rễ bồ công anh. Chất thay thế không chứa caffeine này mang lại hương đất, hơi đắng giống như cà phê, đồng thời cung cấp chất chống oxy hóa và chất xơ từ các nguồn thực vật. Thường được pha bằng cách ngâm hoặc hòa tan ngay lập tức, nó đóng vai trò như một chất nền linh hoạt cho đồ uống nóng hoặc lạnh phù hợp với chế độ ăn thuần chay, nhạy cảm với caffeine và ít axit.",75
ff965647-46e4-5d45-b128-b4629cdd1690,,,Rượu trứngnog (Rum Eggnog),DISH,163.0,3.7,5.0,8.0,0.0,8.0,70.0,85ac50db-ec45-4d0f-b644-c46a43621f31,,,"Rượu rum trứng là một loại đồ uống có cồn đậm đà kết hợp rượu trứng truyền thống với rượu rum, thường được phục vụ trong kỳ nghỉ lễ mùa đông. Thức uống hấp dẫn này bao gồm sữa, kem, trứng và các loại gia vị như hạt nhục đậu khấu, với rượu rum có thêm nồng độ cồn khoảng 5-10%. Do được làm từ sữa và trứng, rượu rum đánh trứng có hàm lượng calo, chất béo và protein cao đáng kể, khiến nó trở thành một loại cocktail đặc biệt dành cho ngày lễ.",75
a6a08c29-088a-5018-9ac7-6ba8ebd7096d,,,Cà phê rum tẩm gia vị (Spiced Rum Coffee),INGREDIENT,50.0,0.56,0.0,5.0,0.0,5.0,5.0,85ac50db-ec45-4d0f-b644-c46a43621f31,,,"Cà phê rum tẩm gia vị là loại đồ uống kết hợp cà phê pha với rượu rum tẩm gia vị, tạo ra thức uống có chứa cả cồn và caffeine. Sự kết hợp này thường có cà phê ấm có hương vị rượu rum tẩm gia vị kiểu Caribe, bổ sung thêm hương vani, quế và các loại gia vị ấm khác. Do hàm lượng chất kích thích và trầm cảm kép, đồ uống này nên được tiêu thụ một cách thận trọng vì caffeine có thể che giấu một số tác dụng của rượu.",75
e5b0561b-366d-5d50-9dbf-40620b9a6fa6,,,Rượu vang Mourvèdre (Mourvèdre Wine),DISH,88.0,0.07,0.0,2.64,0.0,2.64,7.0,85ac50db-ec45-4d0f-b644-c46a43621f31,,,"Mourvèdre (còn được gọi là Monastrell) là một loại rượu vang đỏ đậm đà đặc trưng bởi hương vị trái cây đậm đà và cấu trúc tannin nổi bật. Loại rượu này thường chứa 14-15% cồn theo thể tích và có hương thơm đậm đà của quả mâm xôi, hạt tiêu đen và tông màu đất. Có nguồn gốc từ Tây Ban Nha và Pháp, Mourvèdre sản xuất các loại rượu vang có màu đậm thường được sử dụng trong hỗn hợp rượu vang đỏ đậm và kết hợp đặc biệt tốt với các món thịt thịnh soạn.",75
1c61e7b0-77b6-5ea2-ba60-c2e082880ef2,,,Cà phê mochi (Coffee Mochi),DISH,225.0,0.0,7.0,42.5,1.0,22.5,38.0,85ac50db-ec45-4d0f-b644-c46a43621f31,,,"Cà phê mochi là một biến thể hiện đại của bánh gạo truyền thống Nhật Bản được làm từ bột gạo nếp ngọt (mochiko) hòa với hương vị cà phê. Loại bánh kẹo mềm, dai này kết hợp kết cấu đàn hồi đặc biệt của mochi với hương vị cà phê ngọt ngào và chứa caffeine từ thành phần cà phê. Các món ăn vừa miệng thường được phủ một lớp tinh bột khoai tây hoặc ngô để chống dính và mang đến sự kết hợp độc đáo giữa truyền thống mochi Nhật Bản với hương vị cà phê hiện đại.",75
00f7e222-4d73-5662-b6d3-ebd08ce3d512,,,"Hỗn hợp Mojito không cồn có đường (Mojito Mix, Non-Alcoholic Sweetened)",DISH,28.0,0.0,0.0,7.2,0.0,7.2,5.0,85ac50db-ec45-4d0f-b644-c46a43621f31,,,"Mojito Mix, Non-Alcoholic Sweetened là một loại xi-rô lấy cảm hứng từ cocktail được thiết kế để tái tạo hương vị chanh bạc hà cổ điển của mojito không chứa cồn. Loại cô đặc trộn sẵn này thường kết hợp chất làm ngọt (thường là đường hoặc xi-rô ngô có hàm lượng fructose cao) với hương vị bạc hà tự nhiên hoặc nhân tạo và các dẫn xuất của vôi, tạo ra một loại nước có hàm lượng carbohydrate cao chỉ cần nước soda để hoàn thành mocktail. Mặc dù thuận tiện cho việc chuẩn bị nhanh chóng nhưng thành phần dinh dưỡng của nó chủ yếu là đường bổ sung, khiến việc kiểm soát khẩu phần trở nên cần thiết đối với những người dùng quan tâm đến lượng calo.",75
6f0baede-bb5a-5de8-a9c7-0f5f9dbd7888,,,Rượu trứngnog Bourbon (Bourbon Eggnog),DISH,221.0,3.0,13.8,14.0,0.0,14.0,60.0,85ac50db-ec45-4d0f-b644-c46a43621f31,,,"Bourbon eggnog là một loại cocktail ngày lễ truyền thống kết hợp trứng tươi, kem, sữa, đường và rượu whisky bourbon. Đồ uống ướp lạnh, đậm đà này có kết cấu mượt mà và hương gia vị ấm áp như hạt nhục đậu khấu, nhưng mang lại lượng calo đáng kể do hàm lượng chất béo và đường cao. Trong khi các phiên bản thương mại thường sử dụng trứng tiệt trùng để đảm bảo an toàn, thì các chế phẩm tự chế biến có thể liên quan đến trứng sống cần được xử lý thận trọng. Việc truyền rượu bourbon giúp phân biệt nó với các biến thể rượu trứng không cồn, bổ sung thêm cả sự phức tạp về hương vị và các cân nhắc về chế độ ăn uống liên quan đến rượu.",75
b79a0473-66ef-5fc4-b306-e0c7fed9d143,,,Rượu vang Müller-Thurgau (Müller-Thurgau Wine),DISH,76.0,0.07,0.0,3.48,0.0,3.48,9.0,85ac50db-ec45-4d0f-b644-c46a43621f31,,,"Müller-Thurgau là một loại rượu vang trắng được tạo ra từ việc lai giữa nho Riesling và Madeleine Royale ở Thụy Sĩ. Loại rượu có nồng độ trung bình này thường có nồng độ cồn vừa phải (11-12,5%) và mang lại hương vị trái cây nhẹ nhàng với hương hoa tinh tế và độ axit thấp. Được sản xuất phổ biến nhất ở Đức, Áo và miền bắc nước Ý, loại rượu này thường có vị hơi ngọt khiến người tiêu dùng rượu thông thường dễ tiếp cận.",75
2760549f-ffc8-5b81-9071-3fe14eef7bb5,,,Nước có ga hương vị (Flavored Carbonated Water),DISH,0.0,0.0,0.0,0.0,0.0,0.0,8.0,85ac50db-ec45-4d0f-b644-c46a43621f31,,,"Nước có ga có hương vị là loại đồ uống không calo kết hợp nước có ga với tinh chất hoặc chiết xuất trái cây tự nhiên. Không giống như soda, nó không chứa thêm đường, chất làm ngọt nhân tạo hoặc calo, khiến nó trở thành một lựa chọn thay thế phổ biến cho những người tìm kiếm đồ uống giải khát có ga mà không có chất làm ngọt. Đồ uống sủi bọt có nhiều hương vị lấy cảm hứng từ trái cây trong khi vẫn duy trì đặc tính dưỡng ẩm của nước, mặc dù một số loại có thể bao gồm một lượng nhỏ natri hoặc khoáng chất để tăng hương vị.",75
f546ba8f-7236-5031-87ba-bead664f7b74,,,Nước ép củ dền (Beet Juice),DISH,27.43,1.58,0.0,6.75,1.05,5.06,31.65,85ac50db-ec45-4d0f-b644-c46a43621f31,,,"Nước ép củ cải đường là một loại đồ uống có màu đỏ rực rỡ được làm từ củ cải sống ép hoặc xay, thường được phục vụ tại các quán nước trái cây nguyên chất hoặc kết hợp với các loại trái cây và rau quả khác. Thức uống ngọt tự nhiên này rất giàu nitrat và betalain trong chế độ ăn uống, các hợp chất được biết là hỗ trợ hoạt động thể thao và sức khỏe tim mạch. Khi đặt hàng tại các quán nước ép trái cây, nó thường được pha trộn với các nguyên liệu như táo, cà rốt hoặc dứa để cân bằng hương vị đất trong khi vẫn duy trì được lợi ích dinh dưỡng.",75
e3a5a12c-6d1a-5b1f-979a-6684696ce5e2,,,Baking soda (Baking Soda),DISH,0.0,0.0,0.0,0.0,0.0,0.0,27400.0,85ac50db-ec45-4d0f-b644-c46a43621f31,,,"Baking soda (natri bicarbonate) là một chất tạo men hóa học phản ứng với các thành phần có tính axit để tạo ra bong bóng carbon dioxide, khiến đồ nướng nổi lên mà không cần men. Loại bột kiềm này cũng trung hòa tính axit trong các công thức nấu ăn và có chức năng như một chất khử mùi tự nhiên trong các ứng dụng phi ẩm thực. Mặc dù vô cùng hữu ích trong việc tạo ra kết cấu nhẹ trong bánh quy và bánh ngọt, nhưng nó chứa 1.259 mg natri trong mỗi thìa cà phê, đòi hỏi phải sử dụng thận trọng trong chế độ ăn hạn chế natri.",75
36117f98-4ca5-53df-ada1-e2cb888029bf,,,Hỗn hợp Daiquiri không cồn (Non-Alcoholic Daiquiri Mix),DISH,146.0,0.0,0.0,36.4,0.0,36.4,17.0,85ac50db-ec45-4d0f-b644-c46a43621f31,,,"Hỗn hợp daiquiri không cồn là một loại cocktail có vị ngọt được thiết kế để tái tạo hương vị chanh chua và nhiệt đới của daiquiri truyền thống không chứa cồn. Xi-rô đậm đặc này thường kết hợp nước ép cam quýt với đường bổ sung hoặc chất làm ngọt nhân tạo, tạo ra một hỗn hợp có hàm lượng carbohydrate cao cho mocktail hoặc đồ uống đông lạnh. Mặc dù thuận tiện cho đồ uống không chứa cồn, nhưng thành phần dinh dưỡng của nó chủ yếu là đường đơn, đòi hỏi người dùng có ý thức về vĩ mô cần phải nhận thức được khẩu phần ăn.",75
5c5b873b-3afd-52d0-b4cd-2604a758d1db,,,Đồ uống Sorrel (Sorrel Drink),DISH,35.42,0.0,0.0,9.17,0.0,9.17,2.08,85ac50db-ec45-4d0f-b644-c46a43621f31,,,"Đồ uống Sorrel là một loại đồ uống truyền thống của vùng Caribe được làm từ hoa dâm bụt ngâm (được gọi là cây me chua ở vùng Caribe) và thêm gia vị gừng và quế. Thức uống màu đỏ đậm này mang đến hương vị chua ngọt độc đáo và giàu chất chống oxy hóa, thường được phục vụ trên đá trong các nhà hàng và cũng được dùng nóng trong những tháng mùa đông. Đồ uống này đặc biệt phổ biến trong các lễ kỷ niệm ngày lễ trên khắp vùng Caribe, nơi nó thường được trang trí bằng cam quýt và có thể dùng kèm hoặc không kèm rượu.",75
e2903a98-a3eb-5bed-947a-b9f596ef0a20,,,Nước ép xanh (Green Juice),DISH,35.0,1.25,0.21,7.08,2.08,5.0,20.83,85ac50db-ec45-4d0f-b644-c46a43621f31,,,"Nước ép xanh là một loại đồ uống ép tươi được làm chủ yếu từ các loại rau lá xanh, rau và trái cây thường được phục vụ tại các quán nước trái cây và cửa hàng sinh tố. Thức uống đậm đặc chất dinh dưỡng này thường có các thành phần như rau bina, cải xoăn, dưa chuột và cần tây, thường được cân bằng với táo hoặc dứa để tạo vị ngọt. Mặc dù công thức nấu ăn khác nhau tùy theo cơ sở, nhưng nước ép xanh thường có lượng calo thấp nhưng giàu vitamin A, C và K, với nhiều địa điểm cung cấp các chất bổ sung có thể tùy chỉnh như gừng, men vi sinh hoặc chất tăng cường protein.",75
853fcc2e-9ce6-5054-a909-506f39e81d4b,,,Trà hoa nhài (Jasmine Tea),DISH,0.0,0.0,0.0,0.0,0.0,0.0,0.42,85ac50db-ec45-4d0f-b644-c46a43621f31,,,"Trà hoa nhài là một loại đồ uống truyền thống của Trung Quốc được làm bằng cách ướp lá trà xanh với hoa nhài, tạo ra hương hoa tinh tế và hương vị ngọt ngào phảng phất. Thức uống không chứa calo tự nhiên này thường được phục vụ nóng trong các nhà hàng Trung Quốc và chứa chất chống oxy hóa có lợi cùng với một lượng caffeine vừa phải. Loại bia màu vàng nhạt, trong suốt được phục vụ theo truyền thống mà không có sữa hoặc chất làm ngọt, giúp tỏa hương thơm đặc biệt và hương vị nhẹ nhàng.",75
37347034-28bb-57ad-8144-dee557ab8fff,,,Peppermint Mocha (Peppermint Mocha),DISH,93.62,2.77,3.4,12.55,0.0,11.49,38.3,85ac50db-ec45-4d0f-b644-c46a43621f31,,,"Peppermint Mocha là một loại đồ uống cà phê đặc biệt kết hợp espresso với sữa hấp, sốt sô cô la và xi-rô bạc hà, thường được phủ kem tươi và sô cô la cuộn. Thức uống lấy cảm hứng từ ngày lễ này cung cấp cả caffeine và protein từ các thành phần sữa, mặc dù nó chứa lượng đường và calo đáng kể, với khẩu phần 16 ounce thông thường cung cấp khoảng 440 calo. Đồ uống có thể được tùy chỉnh bằng các loại sữa thay thế hoặc giảm chất ngọt trong khi vẫn duy trì hương vị cà phê sô cô la bạc hà đặc trưng.",75
06aefd5c-ef82-51ae-b0ce-58e0417f025d,,,Sữa vàng (Golden Milk),INGREDIENT,50.0,0.83,2.92,5.0,0.83,3.33,62.5,85ac50db-ec45-4d0f-b644-c46a43621f31,,,"Golden Milk là một loại đồ uống có tính ấm làm từ thực vật, đặc trưng bởi màu vàng rực rỡ của nghệ, loại gia vị chính của nó. Thức uống chăm sóc sức khỏe truyền thống này kết hợp sữa không sữa với sự pha trộn cân bằng cẩn thận của các loại gia vị chống viêm, bao gồm gừng, quế và hạt tiêu đen, giúp tăng cường hấp thu các hợp chất có lợi của nghệ. Thường được phục vụ nóng và có vị ngọt nhẹ, nó mang lại hương vị kem, gia vị khiến nó ngày càng trở nên phổ biến trong các cơ sở ăn chay và thuần chay hiện đại.",75
954c3a5c-632a-55aa-afe2-2d50e2489a4e,,,Sinh tố bơ sô cô la (Chocolate Avocado Smoothie),DISH,103.43,2.86,5.14,11.43,2.29,4.29,42.86,85ac50db-ec45-4d0f-b644-c46a43621f31,,,"Sinh tố bơ sô cô la là một loại đồ uống giàu chất dinh dưỡng kết hợp kem bơ với bột ca cao và sữa thực vật để tạo nên một món sinh tố sô cô la bổ dưỡng. Bơ tạo ra một kết cấu mịn, đặc biệt đồng thời cung cấp chất béo và chất xơ lành mạnh, thường được tăng cường bằng chất làm ngọt tự nhiên và bột protein tùy chọn. Hỗn hợp không chứa sữa này mang lại sự cân bằng thỏa mãn giữa cảm giác thích thú và dinh dưỡng, thường được tùy chỉnh bằng các chất bổ sung như hạt chia hoặc chuối để tăng thêm lợi ích.",75
6d4779c1-0dba-52a5-bfc7-4851bb85fe9d,,,Cà phê với Gevalia (Coffee with Gevalia),DISH,41.67,1.25,1.67,5.42,0.12,5.0,33.33,85ac50db-ec45-4d0f-b644-c46a43621f31,,,"Gevalia là thương hiệu cà phê cao cấp của Thụy Điển được phục vụ truyền thống trong các nhà hàng Bắc Âu, nổi tiếng với hương vị mịn màng, cân bằng. Loại cà phê này thường được pha chế thông qua các phương pháp pha chế cẩn thận làm nổi bật hạt cà phê Arabica đậm đà, tạo nên một tách cà phê sạch, đậm đà đặc trưng của văn hóa cà phê Scandinavia. Khi được phục vụ trong các nhà hàng Bắc Âu, nó thể hiện sự thể hiện đích thực của dịch vụ cà phê truyền thống của Thụy Điển.",75
670e3b8a-81f0-5c4b-8e44-8f04eb46cff5,,,Cherry Coke (Cherry Coke),DISH,40.0,0.0,0.0,11.0,0.0,11.0,11.0,85ac50db-ec45-4d0f-b644-c46a43621f31,,,"Cherry Coke là một loại đồ uống có ga thường được phục vụ tại các tiệm ớt Cincinnati, kết hợp cola cổ điển với hương vị anh đào ngọt ngào. Loại nước ngọt phục vụ tại nhà hàng này thường có khẩu phần 16-20 ounce chất lỏng với đá, chứa khoảng 100-120 calo mỗi 12 ounce. Đây là sự kết hợp đồ uống truyền thống cho các món ớt kiểu Cincinnati, mang đến sự bổ sung có chứa caffein và vị ngọt cho các món thịt tẩm gia vị và bánh pho mát hình nón.",75
b009dd4f-e0af-5024-936a-67835c767507,,,Bát sinh tố Acai (Acai Smoothie Bowl),DISH,110.13,3.52,3.52,16.3,4.41,6.61,22.03,85ac50db-ec45-4d0f-b644-c46a43621f31,,,"Bát sinh tố acai là một món ăn sáng ướp lạnh có phần đế dày được pha trộn từ quả acai đông lạnh thường kết hợp với các loại trái cây và sữa thực vật khác. Món cà phê này được phục vụ trong bát và phủ lên trên một loạt nguyên liệu giàu chất dinh dưỡng như trái cây tươi, các loại hạt, quả hạch và granola, cung cấp chất chống oxy hóa và chất xơ đáng kể. Phiên bản quán cà phê tập trung vào sức khỏe nhấn mạnh các thành phần lành mạnh và thường chứa 200-400 calo, mặc dù hàm lượng dinh dưỡng thay đổi đáng kể tùy theo loại lớp phủ được chọn.",75
07a0523c-0899-5a9d-a8c9-c8e1db5ebf80,,,Nước chanh hoa hồng (Rose Water Lemonade),DISH,37.5,0.0,0.0,9.38,0.0,9.38,70.83,85ac50db-ec45-4d0f-b644-c46a43621f31,,,"Nước chanh hoa hồng là một loại đồ uống giải khát Trung Đông kết hợp nước chanh truyền thống với tinh chất nước hoa hồng thơm. Thức uống trang nhã này cân bằng độ axit tươi sáng của chanh với hương hoa tinh tế, thường được phục vụ như đồ uống chào mừng hoặc giải khát trong các nhà hàng Qatari. Đồ uống có đường thường chứa nước, nước cốt chanh, đường và nước hoa hồng, tạo nên hương vị đặc biệt vừa quen thuộc vừa lạ miệng.",75
63ef2553-0bbc-51ff-b806-763202ca410c,,,Cà phê Hà Lan (Dutch Coffee),DISH,0.56,0.03,0.03,0.0,0.0,0.0,1.41,85ac50db-ec45-4d0f-b644-c46a43621f31,,,"Cà phê Hà Lan là một loại cà phê pha chế theo phong cách châu Âu thường được phục vụ trong các quán cà phê và quán bánh kếp truyền thống của Hà Lan. Loại cà phê đậm đà, đậm đà này thường được phục vụ trong những chiếc cốc nhỏ, thường đi kèm với một chiếc bánh quy nhỏ hoặc món ăn kèm. Phương pháp pha cà phê tạo ra một loại cà phê mịn, đậm đà, đặc biệt phù hợp với các món ăn sáng ngọt ngào và cung cấp hàm lượng caffeine mạnh đặc trưng của dịch vụ cà phê Châu Âu.",75
cfa64d8a-b172-5125-b3ce-1f69a000cee2,,,Cà phê miền Nam (Southern Coffee),DISH,48.33,0.42,4.17,2.08,0.0,2.08,12.5,85ac50db-ec45-4d0f-b644-c46a43621f31,,,"Cà phê miền Nam là một loại cà phê pha chế theo phong cách nhà hàng được phục vụ theo kiểu truyền thống với đường và kem tại các cơ sở ăn sáng miền Nam. Loại đồ uống hấp dẫn này thường được pha chế phong phú hơn cà phê tiêu chuẩn, thường có nền cà phê đậm đà được bổ sung bởi nhiều kem và đường. Nó được thiết kế để kết hợp hài hòa với các món ăn sáng thịnh soạn của miền Nam như bánh quy và nước thịt.",75
23d1ec8e-0a44-5dd4-8ddf-d84bcd8b57c6,,,Trà ô long ủ lạnh (Cold Brewed Oolong Tea),DISH,98.59,1.69,5.35,11.27,0.28,9.86,16.9,85ac50db-ec45-4d0f-b644-c46a43621f31,,,"Trà ô long ủ lạnh từ các cửa hàng boba là đồ uống có thể tùy chỉnh kết hợp trà ô long ngâm chậm với nhiều chất bổ sung khác nhau như sữa, kem và chất làm ngọt. Mặc dù trà cơ bản không chứa calo nhưng các chế phẩm điển hình tại cửa hàng bao gồm kem và chất làm ngọt từ sữa hoặc không phải sữa làm thay đổi đáng kể thành phần dinh dưỡng, thường tạo ra 290-640 calo mỗi khẩu phần. Quá trình ủ lạnh mịn màng, ít đắng hơn tạo ra nền trà êm dịu hơn thường có thể tùy chỉnh theo mức độ ngọt và lựa chọn sữa hoặc kem.",75
9a310eed-27c9-5fa8-b21a-23a4bff4c575,,,Trà xanh Matcha (Matcha Tea),DISH,2.08,0.12,0.04,0.42,0.33,0.08,0.42,85ac50db-ec45-4d0f-b644-c46a43621f31,,,"Matcha là một loại trà xanh truyền thống của Nhật Bản được làm từ lá trà nghiền mịn bằng đá, tạo ra loại bột màu xanh lá cây rực rỡ được đánh với nước nóng thành đồ uống sủi bọt. Dạng trà xanh đậm đặc này cung cấp hàm lượng chất chống oxy hóa cao hơn đáng kể so với trà pha thông thường, đồng thời sự kết hợp độc đáo giữa caffeine và L-theanine giúp tăng cường sự tỉnh táo và bình tĩnh. Loại trà nghi lễ được phục vụ trong các nhà hàng Nhật Bản thường được pha chế nguyên chất, không thêm bất kỳ chất phụ gia nào, để thể hiện hương vị đất đặc trưng và vị umami đậm đà.",75
d044ee12-b4d8-5c2f-879f-f23167b4cb27,,,Cà phê Thổ Nhĩ Kỳ (Turkish Coffee),DISH,27.33,0.13,0.07,6.47,0.0,6.47,3.33,85ac50db-ec45-4d0f-b644-c46a43621f31,,,"Cà phê Thổ Nhĩ Kỳ là một loại đồ uống truyền thống của Trung Đông được pha chế bằng cách đun sôi bã cà phê siêu mịn với nước và đường tùy chọn trong một chiếc nồi đặc biệt gọi là cezve. Phương pháp pha chế không qua lọc này tạo ra một loại cà phê đậm đặc, có hương vị đậm đà với một lớp bọt đặc trưng ở trên và bã lắng ở phía dưới. Thường được phục vụ trong những chiếc cốc trang trí nhỏ như một thức uống đậm đà, đậm đà sau bữa ăn, nó đậm đặc hơn đáng kể so với cà phê pha tiêu chuẩn.",75
50895c45-cfaf-5f2f-8703-d4bb4940cb68,,,Nước ép táo dưa chuột (Apple Cucumber Juice),INGREDIENT,29.54,0.42,0.08,5.91,0.42,5.49,12.66,85ac50db-ec45-4d0f-b644-c46a43621f31,,,"Nước ép dưa chuột táo là một loại đồ uống giải khát được làm bằng cách ép tươi táo và dưa chuột với nhau, kết hợp vị ngọt tự nhiên của táo với đặc tính nhẹ, giòn của dưa chuột. Hỗn hợp nước trái cây có hàm lượng calo thấp này thường chứa 50-90 calo mỗi khẩu phần và mang lại lợi ích hydrat hóa tuyệt vời. Sự kết hợp cân bằng mang lại sự thay thế nhẹ nhàng hơn cho các loại nước ép trái cây truyền thống trong khi vẫn duy trì hương vị ngọt ngào dễ chịu.",75
4f825c5a-dabf-5809-9f5e-5fcf2f719398,,,Sinh tố cải xoăn dừa (Coconut Kale Smoothie),DISH,95.95,2.09,0.74,22.3,3.92,12.16,40.54,85ac50db-ec45-4d0f-b644-c46a43621f31,,,"Sinh tố cải xoăn dừa là một loại đồ uống giàu chất dinh dưỡng pha trộn cải xoăn tươi với nước dừa dưỡng ẩm, thường được phục vụ tại các quán cà phê chú trọng đến sức khỏe. Thức uống giải khát này cung cấp một lượng đáng kể vitamin A và C, đồng thời cung cấp các lựa chọn tùy chỉnh như chuối, hạt chia hoặc bột protein từ thực vật. Sinh tố này tự nhiên không có sữa và thân thiện với người ăn chay, khiến nó trở thành sự lựa chọn tuyệt vời cho những ai đang tìm kiếm một loại đồ uống nhẹ nhàng nhưng bổ dưỡng.",95
43d6208a-ccf2-59c0-9979-b397b021eda3,,,Trà đá dâm bụt (Hibiscus Iced Tea),DISH,12.94,0.15,0.0,3.24,0.0,3.24,1.47,85ac50db-ec45-4d0f-b644-c46a43621f31,,,"Trà đá dâm bụt là một loại đồ uống có màu hồng ngọc rực rỡ được làm từ hoa dâm bụt ngâm, thường được dùng trong các nhà hàng ẩm thực kết hợp. Loại trà thảo dược không chứa caffeine này thường được phục vụ ướp lạnh và có thể được tăng cường bằng cách kết hợp hương vị sáng tạo như trái cây nhiệt đới, cam quýt hoặc gia vị thơm. Đồ uống có vị chua và sảng khoái tự nhiên thường được làm ngọt nhẹ trong khi vẫn chứa ít calo, mang lại đặc tính chống oxy hóa và là một sự thay thế tinh tế cho trà đá truyền thống.",75
5ce158e2-926e-54b8-bc6e-39787c96d60f,,,Đồ uống Dibs Rumman (Dibs Rumman Drink),DISH,93.75,0.21,0.0,22.92,0.0,20.83,3.33,85ac50db-ec45-4d0f-b644-c46a43621f31,,,Dibs Rumman là một loại đồ uống truyền thống của Trung Đông được làm từ mật lựu pha loãng với nước. Thức uống giải khát này có hương vị chua ngọt đặc biệt có nguồn gốc từ nước ép lựu cô đặc và thường được phục vụ ướp lạnh trong các nhà hàng ở Iraq như một món ăn kèm cho các bữa ăn. Mặc dù giàu hợp chất lựu tự nhiên nhưng nó lại chứa lượng đường tự nhiên đáng kể nhờ thành phần cô đặc từ trái cây.,75
2c14965c-d8fe-5db1-89ec-2f9a80e03c05,,,Nước ép dứa (Pineapple Juice),INGREDIENT,52.8,0.36,0.08,13.2,0.0,10.0,2.0,85ac50db-ec45-4d0f-b644-c46a43621f31,,,"Nước ép dứa được phục vụ tại các quán sinh tố và nước ép trái cây là một loại đồ uống giải khát thường được làm từ dứa tươi hoặc cô đặc chất lượng cao, thường có sẵn với khẩu phần lớn hơn so với các loại bán lẻ. Loại nước ép ngọt tự nhiên này rất giàu vitamin C và chứa bromelain, một loại enzyme có đặc tính chống viêm. Mặc dù thường được phục vụ nguyên chất nhưng nó thường được cung cấp các chất bổ sung tùy chọn như bột protein hoặc các chất tăng cường dinh dưỡng khác để mang lại lợi ích sức khỏe tùy chỉnh.",75
5c7e873c-2547-515b-aefb-d31fe006a6c5,,,Trà sữa Creme Brulee (Creme Brulee Milk Tea with Brown Sugar Boba),INGREDIENT,133.2,2.66,4.92,18.85,0.2,8.2,51.23,85ac50db-ec45-4d0f-b644-c46a43621f31,,,"Trà sữa Creme Brulee là một loại đồ uống trà sữa trân châu kết hợp trà sữa có đường với đường caramen và hương vị giống sữa trứng. Thức uống lấy cảm hứng từ món tráng miệng này có những viên trân châu khoai mì dai (boba) được nấu trong xi-rô đường nâu, tạo ra tông màu caramel đậm đà. Đồ uống dễ chịu này thường chứa hơn 500 calo mỗi khẩu phần và có đặc điểm là kết cấu dạng kem và nhiều thành phần ngọt, khiến nó giống một món tráng miệng dạng lỏng hơn là đồ uống trà truyền thống.",75
bfeba475-6350-5339-a089-0c63c8ac32b0,,,Sinh tố Matcha năng lượng (Matcha Energy Smoothie),DISH,56.04,2.42,1.93,7.25,0.97,4.35,36.23,85ac50db-ec45-4d0f-b644-c46a43621f31,,,"Matcha Energy Smoothie là một loại đồ uống đậm đặc chất dinh dưỡng kết hợp bột trà xanh matcha cấp nghi lễ với sữa thực vật và nguyên liệu thực phẩm. Thức uống tập trung vào sức khỏe này cung cấp năng lượng bền vững thông qua hàm lượng caffeine và L-theanine tự nhiên của matcha, đồng thời cung cấp chất chống oxy hóa và các chất dinh dưỡng thiết yếu. Thường được pha trộn với trái cây đông lạnh và các chất bổ sung có thể tùy chỉnh như bột protein hoặc bơ hạt, nó cung cấp sự kết hợp cân bằng giữa carbohydrate, protein và chất béo lành mạnh ở dạng sảng khoái.",75
286b93e1-ac42-5e58-9b8d-7c9b1b2c72d0,,,Tinh chất nghệ (Turmeric Immunity Shot),DISH,66.67,0.83,0.0,15.0,0.83,7.5,16.67,85ac50db-ec45-4d0f-b644-c46a43621f31,,,"Turmeric Immunity Shot là một loại đồ uống chăm sóc sức khỏe đậm đặc thường được phục vụ theo khẩu phần 2 ounce. Hỗn hợp ép lạnh này có thành phần chính là nghệ, kết hợp với gừng, cam quýt và hạt tiêu đen để nâng cao khả dụng sinh học của các hợp chất hoạt tính của nó. Thuốc tiêm được bào chế đặc biệt để mang lại lợi ích chống viêm và hỗ trợ hệ thống miễn dịch, đồng thời cung cấp một lượng lớn các hợp chất tự nhiên ở dạng dễ tiêu thụ.",75
27ec4662-0754-519b-a1b1-3a284df29a05,,,Trà đá Mate Leão (Mate Leão Iced Tea),DISH,0.0,0.0,0.0,0.0,0.0,0.0,0.0,85ac50db-ec45-4d0f-b644-c46a43621f31,,,"Trà đá Mate Leão là một loại đồ uống của nhà hàng Brazil được làm từ lá yerba mate rang, theo truyền thống được phục vụ ướp lạnh như một món bổ sung sảng khoái cho thịt nướng. Thức uống chứa caffein này chứa lượng caffeine tương đương với cà phê và rất giàu chất chống oxy hóa, mặc dù các chế phẩm tại nhà hàng có thể bao gồm thêm chất làm ngọt. Loại trà mịn màng, sảng khoái mang đến một sự thay thế đặc biệt cho trà đá thông thường, với hương vị rang đặc trưng có nguồn gốc từ cây Yerba Mate Nam Mỹ.",75
35c521db-7c94-5634-895d-acb615bdb1cf,,,Cà phê Ả Rập (Arabic Coffee),DISH,4.17,0.17,0.0,0.0,0.0,0.0,4.17,85ac50db-ec45-4d0f-b644-c46a43621f31,,,"Cà phê Ả Rập là một loại đồ uống truyền thống của Trung Đông được chế biến từ hạt Arabica nghiền mịn và có hương vị đặc trưng của vỏ quả bạch đậu khấu. Loại cà phê đậm đà, có hương vị đậm đà này được pha theo truyền thống trong một chiếc bình đặc biệt gọi là dallah và được phục vụ trong những chiếc cốc nhỏ như một biểu tượng của lòng hiếu khách. Chế phẩm không đường chứa lượng calo tối thiểu đồng thời mang lại lợi ích chống oxy hóa, mặc dù phiên bản nhà hàng đôi khi có thể thêm đường để tạo hương vị.",75
a983fce5-7064-5daa-83fc-48a948bc4e5a,,,Tinh chất cỏ lúa mì (Wheatgrass Shot),INGREDIENT,35.71,3.57,0.36,7.14,0.0,3.57,17.86,85ac50db-ec45-4d0f-b644-c46a43621f31,,,"Nước ép cỏ lúa mì là một loại nước ép cô đặc được làm từ cỏ lúa mì non mới ép, thường được phục vụ với khẩu phần 1-2 ounce tại các quầy nước trái cây. Loại đồ uống xanh đậm này nổi tiếng với mật độ dinh dưỡng đặc biệt, cung cấp lượng vitamin, khoáng chất và chất diệp lục đậm đặc chỉ trong một khẩu phần nhỏ. Mặc dù được biết đến với hương vị đặc biệt giống cỏ, nhưng những miếng cỏ lúa mì thường được tiêu thụ nhanh chóng vì lợi ích dinh dưỡng của chúng hơn là nhấm nháp từ từ để giải trí.",75
f3141163-4689-5b64-b52b-3918e0342589,,,Nước ép xanh nhiệt đới (Tropical Green Juice),DISH,31.71,0.63,0.21,6.77,1.27,5.07,4.23,85ac50db-ec45-4d0f-b644-c46a43621f31,,,"Nước ép xanh nhiệt đới là đồ uống ép lạnh kết hợp các loại rau lá xanh với trái cây nhiệt đới ngọt, thường được phục vụ tại các quán nước ép trái cây và các cơ sở tập trung vào sức khỏe. Thức uống giải khát này thường có các thành phần như rau bina hoặc cải xoăn hòa quyện với các loại trái cây như dứa, xoài hoặc chanh dây, tạo nên sự cân bằng giữa mật độ dinh dưỡng và vị ngọt tự nhiên. Mặc dù hàm lượng dinh dưỡng thay đổi theo công thức nhưng những loại nước ép này thường cung cấp vitamin, khoáng chất và chất chống oxy hóa, mặc dù hàm lượng đường có thể đáng kể do các thành phần trái cây.",75
ff0391f4-62ed-5b08-b40f-30a56641f76b,,,Nước chanh (Lemon Infused Water),DISH,2.08,0.04,0.0,0.42,0.0,0.42,0.83,85ac50db-ec45-4d0f-b644-c46a43621f31,,,"Nước pha chanh là một loại đồ uống không chứa calo được làm bằng cách kết hợp nước chanh tươi với nước lọc. Thức uống giải khát này cung cấp nguồn vitamin C tự nhiên, chứa khoảng 20-30% giá trị khuyến nghị hàng ngày cho mỗi khẩu phần 8 ounce. Là một chất thay thế không đường cho đồ uống có đường, nó cung cấp khả năng hydrat hóa tăng cường đồng thời mang lại hương vị cam quýt tinh tế và chất chống oxy hóa có lợi.",75
7f3814e1-803c-582b-9e4a-21e6c0b57156,,,Nước ép cà rốt gừng (Carrot Ginger Juice),INGREDIENT,18.82,0.42,0.04,4.44,1.27,3.17,19.03,85ac50db-ec45-4d0f-b644-c46a43621f31,,,"Nước ép gừng cà rốt là một loại đồ uống ép tươi kết hợp nước ép cà rốt ngọt với củ gừng cay, phổ biến tại các quán nước ép trái cây và các cơ sở chăm sóc sức khỏe. Thức uống màu cam sáng này cung cấp lượng vitamin A đáng kể từ cà rốt và các hợp chất có lợi từ gừng, đồng thời cung cấp nguồn kali tự nhiên mà không cần thêm đường. Sự kết hợp này tạo nên một hỗn hợp sảng khoái cân bằng giữa vị ngọt tự nhiên của cà rốt với vị ấm của gừng.",75
985905eb-c091-56ea-bd6d-9ae8da4713c4,,,Trà sữa trân châu cổ điển (Classic Milk Tea with Tapioca Pearls),INGREDIENT,84.57,1.69,2.11,14.8,0.21,12.69,42.28,85ac50db-ec45-4d0f-b644-c46a43621f31,,,"Trà sữa trân châu cổ điển là thức uống có vị ngọt kết hợp giữa trà đen và sữa với trân châu dai (boba) được phục vụ ở phía dưới. Thức uống đáng kể này thường chứa 300-500 calo mỗi khẩu phần 16oz, với những viên trân châu bột sắn hình cầu, sẫm màu đặc trưng đóng góp lượng carbohydrate đáng kể và kết cấu dai độc đáo. Đồ uống thường được phục vụ lạnh với ống hút rộng để đựng trân châu, đồng thời có thể điều chỉnh độ ngọt và loại sữa tùy theo sở thích.",75
46f20b4f-cafc-5474-9ab1-be081cfedcf0,,,Trà bạc hà (Mint Tea),DISH,48.75,0.0,0.0,12.29,0.0,10.42,4.17,85ac50db-ec45-4d0f-b644-c46a43621f31,,,"Trà bạc hà ở các nhà hàng Trung Đông là đồ uống truyền thống kết hợp lá trà xanh với bạc hà tươi và lượng đường thường rất nhiều. Thức uống thơm này được pha chế bằng cách ngâm trà xanh thuốc súng với lá bạc hà tươi, tạo ra một hỗn hợp sảng khoái thường được phục vụ nóng và ngọt như một loại đồ uống xã hội và hỗ trợ tiêu hóa. Sự kết hợp giữa các chất chống oxy hóa của trà xanh và các hợp chất tự nhiên của bạc hà mang lại lợi ích về tiêu hóa, mặc dù chế phẩm tạo ngọt truyền thống có thể chứa lượng đường bổ sung đáng kể.",75
d16a0cc4-f152-513b-840b-8647a8ebf663,,,Soda Almdudler Áo (Austrian Almdudler Soda),DISH,33.94,0.0,0.0,8.0,0.0,8.0,3.03,85ac50db-ec45-4d0f-b644-c46a43621f31,,,"Almdudler là loại soda thảo dược truyền thống của Áo, được chế tạo từ sự pha trộn độc quyền của 32 loại thảo mộc vùng núi cao bao gồm cây khổ sâm và cây xô thơm. Loại đồ uống có ga này có hương vị ngọt ngào đặc biệt với hương thảo dược tinh tế, khiến nó trở thành một loại đồ uống thay thế không cồn phổ biến trong ẩm thực Áo kể từ năm 1957. Loại soda có hương vị tự nhiên thường được phục vụ ướp lạnh theo từng phần 330ml và chứa khoảng 8g đường trên 100ml.",75
6f4634e1-fb6a-598c-97b8-96ef59c37e8b,,,Trà sữa caramel muối thạch hạnh nhân (Salted Caramel Milk Tea with Almond Jelly),INGREDIENT,105.71,0.63,2.54,14.8,0.21,10.57,61.31,85ac50db-ec45-4d0f-b644-c46a43621f31,,,"Trà Sữa Caramel Muối Với Thạch Hạnh Nhân là một loại đồ uống trà trân châu đặc biệt kết hợp giữa trà đen, sữa và si-rô caramel muối, được trang trí bằng những viên thạch có hương vị hạnh nhân trong suốt. Thức uống hấp dẫn này thường chứa 450-550 calo mỗi khẩu phần 16oz, với hàm lượng đường đáng kể từ xi-rô caramel và có sẵn các điều chỉnh độ ngọt tùy chọn. Sự kết hợp giữa vị ngọt và mặn từ si-rô caramel, kem trà sữa nền và thạch hạnh nhân dai tạo nên một trải nghiệm đồ uống phức tạp giống như món tráng miệng.",75
54a9b7cc-62ef-5b96-80c7-cddedb02701f,,,Soda Moxie (Moxie Soda),DISH,40.85,0.0,0.0,10.42,0.0,10.42,19.72,85ac50db-ec45-4d0f-b644-c46a43621f31,,,"Moxie Soda là đồ uống có ga mang tính biểu tượng của Maine, nổi bật bởi hương vị rễ cây khổ sâm độc đáo tạo nên hương vị dược liệu, đắng ngọt đặc trưng. Loại nước ngọt lịch sử này, ban đầu được phát triển vào thế kỷ 19 như một loại thuốc bổ thần kinh, vẫn là một đặc sản được yêu thích của vùng, đặc biệt gắn liền với ẩm thực truyền thống của Maine. Thường được phục vụ tại các quán ăn tôm hùm và quán ăn địa phương, Moxie mang đến món ăn kèm đặc trưng cho các món hải sản cổ điển của New England.",75
37159337-dc41-5178-981e-2075696635b9,,,Rượu vang lựu (Pomegranate Wine),DISH,44.0,0.0,0.0,2.0,0.0,1.6,2.0,85ac50db-ec45-4d0f-b644-c46a43621f31,,,"Rượu lựu là đồ uống truyền thống của người Armenia pha trộn nước ép quả lựu lên men với rượu nho đỏ, thường theo tỷ lệ 70:30. Loại rượu nửa ngọt này mang đến hương vị đặc biệt kết hợp hương vị chua của quả lựu với tannin nhẹ, thường chứa khoảng 12% cồn theo thể tích. Theo truyền thống được phục vụ cùng với các món tráng miệng hoặc các món cay trong các nhà hàng Armenia, nó thể hiện một cách tiếp cận văn hóa độc đáo trong sản xuất rượu vang thể hiện các đặc tính tự nhiên của quả lựu.",75
86338751-10bb-5520-a2ab-6e26d258b495,,,Nước dừa tươi (Fresh Coconut Water),INGREDIENT,20.83,0.38,0.08,5.0,0.42,2.92,25.0,85ac50db-ec45-4d0f-b644-c46a43621f31,,,"Nước dừa tươi là chất lỏng trong suốt được chiết xuất trực tiếp từ những quả dừa non, xanh và được phục vụ ở trạng thái nguyên chất, chưa qua chế biến. Loại đồ uống giải khát tự nhiên này được đánh giá cao nhờ thành phần điện giải cân bằng, đặc biệt là hàm lượng kali cao, trong khi vẫn chứa ít calo và chỉ chứa đường tự nhiên. Thường được phục vụ ướp lạnh và đôi khi được dùng kèm với dừa tại các nhà hàng, nó mang lại lợi ích hydrat hóa vượt trội so với các sản phẩm thay thế đã qua chế biến.",75
a5528fb0-6ccd-5375-be64-c8b9fffa4064,,,Nước ép cần tây (Celery Juice),DISH,15.83,0.83,0.07,3.33,1.67,1.67,79.17,85ac50db-ec45-4d0f-b644-c46a43621f31,,,"Nước ép cần tây là một loại đồ uống ép được làm từ thân cây cần tây tươi, thường được phục vụ theo khẩu phần 16 ounce tại các quán nước trái cây. Thức uống có hàm lượng calo thấp tự nhiên này rất giàu chất điện giải, đặc biệt là kali và natri tự nhiên, đồng thời cung cấp một lượng đáng kể vitamin K và C. Nước ép thường được chế biến bằng cách ép lạnh cần tây sống và có thể bao gồm các chất bổ sung tối thiểu như nước chanh để tạo cảm giác tươi mát, tạo ra một loại đồ uống sạch, giàu khoáng chất, đặc biệt có giá trị vì đặc tính dưỡng ẩm của nó.",75
cdda80c0-0606-50a4-b1ad-65cfc2acc10d,,,Cà phê rau diếp xoăn (Chicory Coffee),DISH,0.84,0.12,0.02,0.04,0.04,0.0,4.22,85ac50db-ec45-4d0f-b644-c46a43621f31,,,"Cà phê rau diếp xoăn là một loại đồ uống Cajun/Creole truyền thống được làm từ rễ rau diếp xoăn rang, thường được pha với cà phê thông thường. Loại bia đặc biệt này mang đến hương vị đất đậm đà với những nốt sô cô la tinh tế và không chứa caffeine tự nhiên khi được phục vụ dưới dạng rau diếp xoăn nguyên chất. Đồ uống này có chứa chất xơ prebiotic từ rễ rau diếp xoăn, có thể hỗ trợ sức khỏe tiêu hóa và thường được phục vụ dưới dạng 'Café Noir' trong các nhà hàng Cajun/Creole.",75
6a827e88-ed67-58b3-bd81-d24256de323f,,,Sinh tố protein (Protein Smoothie),DISH,144.0,12.0,4.0,15.0,3.0,10.0,50.0,85ac50db-ec45-4d0f-b644-c46a43621f31,,,"Sinh tố protein là một loại đồ uống pha trộn được pha chế đặc biệt để cung cấp protein đậm đặc cùng với các chất dinh dưỡng cần thiết khác. Thường kết hợp cơ sở protein như bột whey, sữa chua Hy Lạp hoặc các chất thay thế có nguồn gốc thực vật với trái cây, rau và chất lỏng, những loại sữa lắc này hỗ trợ phục hồi cơ bắp và dùng để thay thế bữa ăn thuận tiện. Thành phần dinh dưỡng của chúng có thể được điều chỉnh chính xác cho phù hợp với mục tiêu ăn kiêng thông qua việc lựa chọn thành phần, từ các lựa chọn ít carb với bơ hạt đến hỗn hợp giàu chất chống oxy hóa với quả mọng và rau bina.",75
9bf8e3ee-56ac-5c10-957b-f8c5f2c7b40d,,,Tinh chất Echinacea (Echinacea Wellness Shot),DISH,25.0,0.83,0.17,5.0,0.0,4.17,8.33,85ac50db-ec45-4d0f-b644-c46a43621f31,,,"Echinacea Wellness Shot là đồ uống đậm đặc nặng 2 ounce được thiết kế để hỗ trợ chức năng hệ thống miễn dịch. Chế phẩm ép lạnh này kết hợp chiết xuất echinacea với các thành phần có lợi khác như nghệ, gừng và vitamin C, thường được dùng như một chất bổ sung chăm sóc sức khỏe nhanh chóng. Dạng bắn cung cấp các hợp chất hỗ trợ miễn dịch ở dạng thuận tiện, ít calo, có thể tiêu thụ trong một khẩu phần.",75
6593fec4-e459-57af-9a14-425761c24192,,,Nước dưa hấu bạc hà (Watermelon Mint Refresher),INGREDIENT,54.97,0.21,0.11,14.59,0.21,13.53,9.51,85ac50db-ec45-4d0f-b644-c46a43621f31,,,"Dưa hấu Mint Refresher là thức uống đặc sản thường thấy ở các quán trà boba, kết hợp nước ép dưa hấu tươi với bạc hà mát lạnh và hương trà matcha tinh tế. Thức uống giải khát này có thể được tùy chỉnh bằng các chất bổ sung như trân châu bột sắn (boba) hoặc thạch, mặc dù những thứ này sẽ làm tăng hàm lượng calo của nó. Mặc dù có vị ngọt tự nhiên từ dưa hấu nhưng đồ uống này có chứa lượng đường bổ sung khác nhau và cung cấp lượng caffeine nhẹ từ thành phần trà matcha.",75
d02f106c-f538-5d1e-9cf7-396cbc53d184,,,Trà sữa than hoạt tính dừa (Charcoal Coconut Pearl Milk Tea),INGREDIENT,119.72,0.85,4.79,18.31,0.28,12.68,19.72,85ac50db-ec45-4d0f-b644-c46a43621f31,,,"Trà sữa trân châu dừa than củi là loại trà trân châu đặc biệt được làm từ bột than hoạt tính tạo nên màu đen nổi bật. Đồ uống hấp dẫn này kết hợp nước cốt dừa béo ngậy với trà và trân châu khoai mì dai (boba), tạo nên hương vị nhiệt đới đậm đà trên trà sữa truyền thống. Do làm từ nước cốt dừa và chế phẩm có vị ngọt, nó thường chứa lượng calo và chất béo bão hòa đáng kể, trong khi than hoạt tính bổ sung thêm yếu tố giải độc hợp thời trang.",75
1c0f6197-0432-5b16-93df-eb3b2dec99c0,,,Trà đá chanh (Iced Lemon Tea),DISH,41.67,0.0,0.0,10.42,0.0,10.0,4.17,85ac50db-ec45-4d0f-b644-c46a43621f31,,,"Trà chanh đá trong nhà hàng là một loại đồ uống có đường được làm từ trà đen pha, hương chanh và thường là xi-rô ngô hoặc đường có hàm lượng fructose cao. Đồ uống phục vụ lạnh này chứa nhiều đường hơn đáng kể so với các loại đồ uống tự làm, thường cung cấp khoảng 90-100 calo mỗi khẩu phần chủ yếu từ chất làm ngọt bổ sung. Mặc dù nó cung cấp hydrat hóa và caffeine từ gốc trà, nhưng chế phẩm thương mại thường chứa 24-25 gam đường trong mỗi khẩu phần.",75
90ce6a31-4e21-5569-985d-9746d702d322,,,Trà đào (Peach Tea),INGREDIENT,26.15,0.0,0.0,6.92,0.0,6.92,7.08,85ac50db-ec45-4d0f-b644-c46a43621f31,,,"Trà đào phục vụ tại các nhà hàng thức ăn nhanh là một loại đồ uống có vị ngọt kết hợp trà đen pha với hương đào và thêm đường. Đồ uống lạnh này thường chứa lượng calo đáng kể, dao động từ 170-240 calo cho mỗi khẩu phần lớn, chủ yếu là do hàm lượng đường cao. Trong khi làm mới, chế phẩm thương mại này khác với các phiên bản tự làm hoặc không đường do mức độ ngọt và công thức hương vị được tiêu chuẩn hóa.",75
5393d5a9-2af2-55d3-9b3c-99fc32813f5a,,,Sinh tố bơ rau bina (Spinach Avocado Smoothie),DISH,88.45,3.38,3.94,9.86,2.25,5.63,22.54,85ac50db-ec45-4d0f-b644-c46a43621f31,,,"Sinh tố bơ rau bina là một loại đồ uống pha trộn đậm đặc chất dinh dưỡng kết hợp lá rau bina tươi và bơ kem với nền lỏng, thường được phục vụ tại các quán sinh tố. Thức uống xanh sống động này cung cấp một lượng đáng kể chất béo lành mạnh từ quả bơ, cùng với sắt và vitamin từ rau bina, đồng thời thường kết hợp trái cây hoặc chất làm ngọt tự nhiên để cân bằng. Kết cấu mịn, dạng kem khiến nó trở thành một lựa chọn làm đầy thường được tùy chỉnh bằng bột protein hoặc các siêu thực phẩm bổ sung.",95
1e1a7e03-ddbd-5b49-925a-eaab994409fd,,,Nước giải khát Nhật Bản (Japanese Soft Drinks),DISH,35.9,0.0,0.0,9.74,0.0,9.74,0.0,85ac50db-ec45-4d0f-b644-c46a43621f31,,,"Nước giải khát Nhật Bản tại nhà hàng teppanyaki thường bao gồm cả đồ uống truyền thống của Nhật Bản và các lựa chọn phương Tây. Các lựa chọn truyền thống bao gồm Ramune, một loại đồ uống có ga đặc biệt với chai kín bằng đá cẩm thạch, cùng với nhiều chế phẩm trà xanh khác nhau, trong khi các sản phẩm phương Tây bao gồm nước ngọt thông thường và đồ uống có đường. Những đồ uống này thường bao gồm từ các lựa chọn không calo như trà xanh không đường đến nước ngọt nhiều đường chứa 40-50g đường mỗi khẩu phần, hầu hết được phục vụ ướp lạnh như một món ăn kèm sảng khoái cho các món nướng.",75
7662a404-345b-51b9-95a1-323891bdc1b7,,,Trà Genmaicha (Genmaicha Tea),DISH,9.29,0.92,0.12,1.09,0.0,0.0,2.08,85ac50db-ec45-4d0f-b644-c46a43621f31,,,"Genmaicha là một loại trà truyền thống của Nhật Bản kết hợp độc đáo lá trà xanh với hạt gạo lứt nướng, một số hạt sẽ nổ khi rang. Sự pha trộn đặc biệt này tạo ra một loại trà nhẹ nhàng, sảng khoái với hương vị hạt dẻ rang và hàm lượng caffeine chỉ bằng một nửa so với trà xanh thông thường. Phổ biến trong các nhà hàng sushi, nó được phục vụ nóng và cung cấp chất chống oxy hóa từ cả lá trà và gạo nướng trong khi hầu như không chứa calo.",75
bbd9eb45-b546-5435-b6f5-34c09995e0f9,,,Trà bạc hà Ma-rốc (Moroccan Mint Tea),DISH,33.33,0.0,0.0,8.33,0.0,8.33,2.08,85ac50db-ec45-4d0f-b644-c46a43621f31,,,"Trà bạc hà Ma-rốc là một loại đồ uống truyền thống của Bắc Phi kết hợp trà xanh thuốc súng với lá bạc hà tươi, thường được phục vụ ngọt trong các nhà hàng. Thức uống nghi lễ này được pha chế bằng cách ngâm trà và bạc hà với nhau, sau đó thêm đường trong quá trình pha, tạo ra một loại đồ uống giải khát vừa có đặc tính kích thích vừa tiêu hóa. Trà được phục vụ đặc trưng trong những chiếc ly trang trí nhỏ và thường được rót từ trên cao xuống để tạo bọt nhẹ bên trên.",75
9bff1e2f-9e3f-549c-a2de-4f461407b63d,,,Trà Scotland Blend (Scottish Blend Tea),DISH,0.83,0.0,0.0,0.21,0.0,0.0,2.08,85ac50db-ec45-4d0f-b644-c46a43621f31,,,"Trà Scotland Blend là một hỗn hợp trà đen mạnh mẽ được chế tạo đặc biệt để bổ sung cho nước mềm của Scotland, tạo ra hương vị đậm đà và mạch nha đặc trưng. Loại trà truyền thống này thường được phục vụ nóng với sữa trong các nhà hàng Scotland, tạo ra một loại đồ uống đậm đà, mịn màng. Mặc dù bản thân trà chứa lượng calo tối thiểu và cung cấp lượng caffeine vừa phải, nhưng việc bổ sung sữa sẽ góp phần cung cấp protein và canxi cho chế phẩm cuối cùng.",75
d6c4d165-1de6-520f-a9ac-0fd8a42302f4,,,Nước cam tươi (Fresh Orange Juice),INGREDIENT,46.51,0.74,0.11,10.57,0.21,8.46,2.11,85ac50db-ec45-4d0f-b644-c46a43621f31,,,"Nước cam tươi được phục vụ trong các quán trà boba thường là đồ uống có đường làm từ cam tươi ép hoặc cô đặc, thường được phục vụ theo khẩu phần 16-24 oz. Chế phẩm này thường chứa nhiều calo và đường hơn nước cam truyền thống, mặc dù nó vẫn là nguồn cung cấp vitamin C tuyệt vời và thường có thể được tùy chỉnh để phù hợp với mức độ ngọt. Nước trái cây có thể được phục vụ có hoặc không có bã và đôi khi bao gồm các chất tăng hương vị tùy chọn hoặc xi-rô phổ biến ở các cơ sở trà sữa trân châu.",75
cbc36290-15e2-5dfe-b9e2-a2ee67d1153b,,,Cà phê Melange (Melange Coffee),DISH,60.0,1.11,3.33,4.44,0.0,3.33,38.89,85ac50db-ec45-4d0f-b644-c46a43621f31,,,"Cà phê Melange là một loại đồ uống cà phê truyền thống của Áo kết hợp espresso với sữa hấp và bọt sữa thành từng lớp riêng biệt. Thức uống cà phê phức tạp này thường được phục vụ trong cốc thủy tinh, phủ kem tươi và một lớp bột ca cao hoặc quế nhẹ lên trên. Tương tự như cà phê cappuccino nhưng được phân biệt bởi cách trình bày nhiều lớp và kết cấu kem mịn hơn, nó đại diện cho một yếu tố tinh túy của văn hóa cà phê Vienna.",75
0aaefe04-b2e6-5a46-a523-bdcd95246b2d,,,Soda kem Ý (Italian Cream Soda),DISH,65.73,0.47,1.41,11.74,0.0,11.74,23.47,85ac50db-ec45-4d0f-b644-c46a43621f31,,,"Italian Cream Soda là một loại đồ uống có ga cao cấp kết hợp xi-rô có hương vị với kem và vani để tạo ra một thức uống nhiều bọt, đậm đà. Loại soda đặc biệt không chứa caffeine này nổi bật bởi kết cấu dạng kem và hương vị ngọt ngào, khiến nó trở thành lựa chọn phổ biến tại các tiệm bánh pizza, nơi nó mang đến sự tương phản sang trọng với các món mặn. Đồ uống này thường được phục vụ trong ly cao, thường được trang trí bằng kem đánh bông và quả anh đào maraschino để trình bày trang nhã.",75
2df767f9-f897-5235-9aaa-6bc6591f7851,,,Trà sữa (Milk Tea),INGREDIENT,100.21,1.69,3.81,14.8,0.0,9.51,31.71,85ac50db-ec45-4d0f-b644-c46a43621f31,,,"Trà sữa là một loại đồ uống có vị ngọt kết hợp trà pha (thường là trà đen) với sữa hoặc sữa không đường và xi-rô đường. Thức uống phổ biến ở châu Á này được phục vụ lạnh theo truyền thống và có thể chứa từ 450-470 calo và 45-46 gram đường trong một khẩu phần tiêu chuẩn, mặc dù hàm lượng dinh dưỡng thay đổi tùy theo phương pháp chuẩn bị và bổ sung. Đồ uống này thường có thể được tùy chỉnh theo mức độ ngọt và có thể được phục vụ với các chất bổ sung tùy chọn như trân châu khoai mì (boba), giúp làm tăng đáng kể hàm lượng calo và carbohydrate.",75
d7e203f1-06e7-5aba-98a9-4290765afa85,,,Rượu cọ (Palm Wine),DISH,50.0,1.0,0.04,5.8,0.5,5.32,10.0,85ac50db-ec45-4d0f-b644-c46a43621f31,,,"Rượu cọ là đồ uống truyền thống của Tây Phi được làm từ nhựa cây cọ lên men tự nhiên. Thức uống màu trắng sữa này có hương vị ngọt ngào, sủi bọt nhẹ và dần dần trở nên thơm hơn khi quá trình lên men tiếp tục, thường chứa hàm lượng cồn thấp trong môi trường nhà hàng. Giàu vitamin B và men vi sinh có lợi, rượu cọ mang lại cả ý nghĩa văn hóa và giá trị dinh dưỡng, với mỗi mẻ có những biến thể tinh tế dựa trên thời gian lên men.",75
dbe59131-ca16-5827-a6b6-e9831cf9e00f,,,Trà sữa bí ngô (Pumpkin Spice Milk Tea with Tapioca Pearls),INGREDIENT,83.33,1.67,3.0,12.5,0.17,9.17,50.0,85ac50db-ec45-4d0f-b644-c46a43621f31,,,"Trà Sữa Gia Vị Bí Ngô là loại trà sữa trân châu theo mùa kết hợp trà sữa có đường với các loại gia vị mùa thu và trân châu dai dai. Thức uống quan trọng này thường chứa trà đen, sữa hoặc sữa không sữa, hương liệu gia vị bí ngô và trân châu khoai mì đen, thường được phục vụ theo khẩu phần 16-20 ounce. Là một loại đồ uống giàu calo chứa 400-600 calo mỗi khẩu phần, nó có nhiều yếu tố làm ngọt và có thể được tùy chỉnh với các lớp phủ bổ sung như kem tươi hoặc sốt caramel.",75
32e4ce7a-5f06-524b-9626-69133024eeb5,,,Sinh tố đặc biệt (Specialty Smoothies),DISH,88.83,2.03,0.85,18.1,1.35,15.23,16.92,85ac50db-ec45-4d0f-b644-c46a43621f31,,,"Sinh tố đặc biệt là đồ uống pha trộn có thể tùy chỉnh, thường bao gồm trái cây tươi, sữa chua hoặc bột protein và các chất bổ sung dinh dưỡng khác nhau. Những món sinh tố nhà hàng này có kích thước đáng kể (12-24 oz) và hàm lượng dinh dưỡng, với lượng calo thay đổi từ 120 đến 770 mỗi khẩu phần tùy thuộc vào thành phần và kích cỡ được chọn. Mặc dù chúng có thể cung cấp đáng kể các vitamin, khoáng chất và protein, nhưng nhiều loại có chứa đường bổ sung và nên được coi là thực phẩm thay thế bữa ăn tiềm năng hơn là đồ uống đơn giản.",75
760f88bd-baa7-5088-8430-81ef5797388e,,,Sinh tố nhiệt đới (Tropical Smoothie),DISH,179.17,16.67,1.67,24.17,4.17,12.5,41.67,85ac50db-ec45-4d0f-b644-c46a43621f31,,,"Sinh tố nhiệt đới là một loại đồ uống pha trộn thường có sự kết hợp của các loại trái cây nhiệt đới tươi như xoài, dứa và chuối, thường được trộn với sữa chua hoặc nước ép trái cây. Những món sinh tố này có thể tùy chỉnh với nhiều chất bổ sung dinh dưỡng khác nhau như bột protein, vitamin hoặc chất bổ sung, với hàm lượng calo thường dao động từ 190 đến 770 calo mỗi khẩu phần. Đồ uống này cung cấp một lượng đáng kể vitamin C và kali, trong khi hàm lượng protein có thể thay đổi đáng kể tùy theo thành phần và chất bổ sung được chọn.",75
4cbe7930-74aa-5612-a883-ef75fdf6d1cc,,,Trà thảo mộc (Herbal Tea),INGREDIENT,0.84,0.0,0.0,0.42,0.0,0.42,0.0,85ac50db-ec45-4d0f-b644-c46a43621f31,,,"Trà thảo dược là một loại đồ uống không chứa caffeine được làm bằng cách ngâm các loại thảo mộc, hoa hoặc gia vị khô trong nước nóng. Khi được phục vụ đơn giản, nó hầu như không chứa calo và có nhiều loại như hoa cúc, bạc hà hoặc hoa dâm bụt. Mặc dù theo truyền thống được phục vụ nóng, các chế phẩm trong quán cà phê có thể bao gồm các chất bổ sung tùy chọn như mật ong, đường hoặc sữa, những thứ này có thể ảnh hưởng đáng kể đến hàm lượng calo.",75
9afd1211-8ef4-5f5c-b925-1ab7f78a2010,,,Trà xanh đào hoa nhài (Passion Fruit Green Tea with Lychee Jelly),DISH,88.79,0.21,0.42,21.14,0.21,7.4,16.91,85ac50db-ec45-4d0f-b644-c46a43621f31,,,"Đồ uống ở cửa hàng trà sữa này kết hợp trà xanh với hương vị chanh dây nhiệt đới và những miếng thạch vải dai dai để mang lại trải nghiệm đồ uống sảng khoái, kết cấu. Đồ uống này thường chứa một lượng đường bổ sung đáng kể từ cả thành phần hương liệu trái cây và thạch, với lượng calo dao động từ 295-590 tùy thuộc vào kích cỡ và các tùy chọn tùy chỉnh. Trong khi nền trà xanh mang lại hương đất tinh tế, thì hương vị chủ đạo là ngọt ngào và nhiệt đới, được bổ sung bởi kết cấu đặc biệt của những miếng thạch vải trong mờ.",75
ecf1c720-899f-59ce-9a68-b84727eed259,,,Nước dưa chuột bạc hà (Cucumber Mint Water),INGREDIENT,4.17,0.12,0.0,1.0,0.5,0.5,8.33,85ac50db-ec45-4d0f-b644-c46a43621f31,,,"Nước dưa chuột bạc hà là một loại đồ uống giải khát được làm bằng cách pha nước lọc với những lát dưa chuột tươi và lá bạc hà. Thức uống có hương vị tự nhiên này hầu như không chứa calo và không thêm đường, khiến nó trở thành lựa chọn lý tưởng để bổ sung nước tại các quán salad và nhà hàng tập trung vào sức khỏe. Sự kết hợp tinh tế giữa dưa leo mát lạnh và thơm bạc hà tạo nên hương vị thanh khiết, sảng khoái phù hợp cho bữa ăn nhẹ.",75
012f924e-e81b-58fa-9f2f-6026ce474ff8,,,Nước ép mận (Plum Juice),DISH,47.0,0.0,0.0,11.5,0.0,3.0,4.4,85ac50db-ec45-4d0f-b644-c46a43621f31,,,"Nước mận phục vụ trong các nhà hàng lẩu là một loại đồ uống có đường có chiết xuất mận hun khói được tăng cường với các nguyên liệu truyền thống của châu Á như cam thảo, vỏ cam và táo gai. Thức uống đã qua chế biến này mang đến hương vị chua ngọt phức hợp khác biệt với nước mận nguyên chất, khiến nó trở thành món ăn kèm phổ biến cho các bữa ăn lẩu cay. Đồ uống này thường chứa thêm đường và chất bảo quản, dẫn đến hương vị đậm đà hơn nước ép mận truyền thống.",75
b1944369-e747-56e1-b3ef-260af10931f2,,,Sữa vàng Latte (Golden Milk Latte),INGREDIENT,42.25,0.28,1.97,5.07,0.28,2.54,14.08,85ac50db-ec45-4d0f-b644-c46a43621f31,,,"Golden Milk Latte là một loại đồ uống tập trung vào sức khỏe với thành phần đặc trưng là nghệ, thường được pha chế với sữa có nguồn gốc thực vật và hỗn hợp gia vị ấm áp. Thức uống mịn màng, có màu vàng óng này kết hợp nghệ chống viêm với các loại gia vị bổ sung như gừng, quế và hạt tiêu đen, giúp tăng cường cả hương vị và khả năng hấp thụ chất dinh dưỡng. Hầu hết các phiên bản quầy nước trái cây đều không có sữa và có vị ngọt nhẹ, mang đến sự thay thế thoải mái cho đồ uống làm từ cà phê truyền thống.",75
554f6ec4-1cde-59c7-9f55-e8ad4266d07b,,,Sinh tố protein bơ đậu phộng (Protein Peanut Butter Smoothie),DISH,70.21,8.51,2.13,4.26,0.85,0.64,31.91,85ac50db-ec45-4d0f-b644-c46a43621f31,,,"Sinh tố bơ đậu phộng Protein là một loại đồ uống giàu chất dinh dưỡng được pha chế với sự kết hợp của bột protein, bơ đậu phộng tự nhiên và thường là sữa hạnh nhân hoặc yến mạch làm nền. Món sinh tố tập trung vào sức khỏe này cung cấp khoảng 30-35 gam protein mỗi khẩu phần trong khi vẫn duy trì hàm lượng đường thấp hơn thông qua việc sử dụng chất làm ngọt tự nhiên. Hỗn hợp kem tạo cảm giác dễ chịu thường bao gồm các thành phần dinh dưỡng bổ sung như chuối hoặc hạt chia, khiến nó thích hợp làm đồ uống sau tập luyện hoặc lựa chọn thay thế bữa ăn.",75
3ac70fba-15e3-52ef-b26a-23f81db449d0,,,Soda kem (Ice Cream Soda),DISH,108.46,1.12,4.38,16.05,0.0,14.8,31.71,85ac50db-ec45-4d0f-b644-c46a43621f31,,,"Soda kem là một thức uống cổ điển kết hợp soda có ga với những viên kem, thường được phục vụ trong ly cao ở các tiệm kem. Quá trình chuẩn bị đặc trưng bao gồm kem vani nổi hoặc kem có hương vị trong soda có ga, tạo ra một loại đồ uống có bọt, kem có thể được tùy chỉnh với nhiều hương vị soda và xi-rô khác nhau. Món ăn hấp dẫn này đặc biệt có hàm lượng calo và đường cao, với khẩu phần 16 ounce thông thường chứa hơn 500 calo.",75
2d16fa04-44e8-53f4-9f17-5237dff2a4fc,,,Sinh tố nhiệt đới Paradise (Tropical Paradise Smoothie),DISH,49.3,1.69,0.0,10.56,0.99,9.58,7.04,85ac50db-ec45-4d0f-b644-c46a43621f31,,,"Tropical Paradise Smoothie là loại đồ uống giải khát thường thấy tại các quán cà phê chú trọng đến sức khỏe, có sự pha trộn của các loại trái cây nhiệt đới như dứa, xoài và chuối. Món sinh tố có thể tùy chỉnh này thường có khẩu phần 24 ounce và có thể được tăng cường bằng chất tăng cường protein, chất bổ sung siêu thực phẩm hoặc chất bổ sung chất dinh dưỡng để phù hợp với các mục tiêu ăn kiêng khác nhau. Mặc dù phiên bản cơ bản cung cấp đường và vitamin trái cây tự nhiên, hàm lượng dinh dưỡng thay đổi đáng kể dựa trên các lựa chọn tùy chỉnh, với lượng calo thường dao động từ 350-690 mỗi khẩu phần.",75
90672495-8cd8-5a64-9346-a64069d0969b,,,Bia gừng (Ginger Beer),DISH,63.64,0.1,0.03,15.76,0.0,15.76,7.58,85ac50db-ec45-4d0f-b644-c46a43621f31,,,"Bia gừng Caribe là một loại đồ uống có ga không cồn đặc trưng bởi hương vị gừng cay nồng và vị ngọt đậm đà. Thức uống truyền thống vùng Caribe này đặc biệt mạnh và phức tạp hơn rượu gừng tiêu chuẩn, có vị gừng tự nhiên đậm đà cân bằng với vị ngọt đáng kể. Mặc dù phổ biến như một loại đồ uống giải khát độc lập, hương vị đậm đà của nó cũng khiến nó trở thành một thành phần chính trong các loại cocktail nhiệt đới và đồ uống hỗn hợp.",75
58426e7c-8937-5352-acea-83ac5f33342d,,,Đồ uống thạch cỏ (Grass Jelly Drink),DISH,11.63,0.0,0.02,2.9,0.21,2.22,4.23,85ac50db-ec45-4d0f-b644-c46a43621f31,,,"Grass Jelly Drink là một loại đồ uống giải khát châu Á được làm từ loại thảo mộc Mesona chinensis, tạo ra những miếng thạch có màu sẫm đặc biệt lơ lửng trong chất lỏng ngọt. Quán cà phê yêu thích này thường được phục vụ lạnh với hương vị thảo dược tinh tế và kết cấu mượt mà, thường được tùy chỉnh với các chất bổ sung như sữa, mật ong hoặc trân châu trân châu. Mặc dù thức uống cơ bản có lượng calo tương đối thấp nhưng hàm lượng dinh dưỡng có thể thay đổi đáng kể tùy thuộc vào chất làm ngọt và lớp phủ được thêm vào.",75
c9471964-f3b1-5e29-b4c5-01edbd06aa8c,,,Trà sữa Earl Grey (Earl Grey Milk Tea with Tapioca Pearls),INGREDIENT,89.85,0.85,2.54,10.57,0.21,7.4,19.03,85ac50db-ec45-4d0f-b644-c46a43621f31,,,"Trà sữa Earl Grey với trân châu khoai mì là một loại đồ uống trà trân châu phổ biến kết hợp trà đen hương cam bergamot với sữa kem và trân châu dai dai. Đồ uống lạnh, ngọt này thường được phục vụ theo khẩu phần 16-23 oz và có sự pha trộn đặc biệt của hương hoa Earl Grey với sữa béo hoặc sữa không sữa. Mặc dù có khả năng tùy chỉnh cao về các lựa chọn vị ngọt và sữa, một khẩu phần tiêu chuẩn chứa lượng calo đáng kể (270-350) chủ yếu từ trân châu khoai mì và chất làm ngọt.",75
8360eaed-2968-548b-a921-9174bae12892,,,Trà sữa nóng trân châu (Hot Milk Tea with Tapioca Pearls),INGREDIENT,58.16,1.22,1.84,9.18,0.1,8.16,34.69,85ac50db-ec45-4d0f-b644-c46a43621f31,,,"Trà sữa nóng trân châu khoai mì là một loại đồ uống ấm áp kết hợp giữa trà đen có đường và sữa cùng trân châu khoai mì dai (boba) được phục vụ dưới đáy cốc. Thức uống đáng kể này thường chứa lượng calo đáng kể từ chất làm ngọt và trân châu bột sắn giàu tinh bột, đồng thời cung cấp lượng protein vừa phải từ thành phần sữa. Đồ uống thường có thể được tùy chỉnh để phù hợp với mức độ ngọt và loại sữa, mặc dù trân châu khoai mì luôn đóng góp vào kết cấu dai đặc trưng và lượng carbohydrate bổ sung.",75
217fb655-3c29-5464-a7f4-2bbfcc9302f6,,,Trà sữa trân châu (Bubble Tea),DISH,63.42,1.27,2.11,9.51,0.0,8.46,44.4,85ac50db-ec45-4d0f-b644-c46a43621f31,,,"Trà sữa trân châu là một loại đồ uống có vị ngọt kết hợp giữa trà, sữa và trân châu khoai mì dai (boba) được phục vụ trên đá. Đồ uống Đài Loan này thường chứa 270-350 calo mỗi khẩu phần, với hàm lượng đường đáng kể từ cả trà ngọt và trân châu bột sắn. Mặc dù theo truyền thống được làm bằng trà đen và sữa sữa, các biến thể hiện đại cung cấp nhiều tùy chọn tùy chỉnh bao gồm các loại trà khác nhau, các lựa chọn thay thế sữa và các loại phủ bổ sung như thạch trái cây hoặc bánh pudding.",75
aa72ac53-ee5a-566c-89e8-ff65173b6230,,,Cà phê Lebanon (Lebanese Coffee),DISH,4.17,0.0,0.0,0.0,0.0,0.0,2.5,85ac50db-ec45-4d0f-b644-c46a43621f31,,,"Cà phê Lebanon là một loại đồ uống cà phê đậm đặc được pha chế theo truyền thống với đậu rang đen nghiền mịn và bạch đậu khấu, được phục vụ trong những tách nhỏ tương tự như cà phê espresso. Món ăn chủ yếu của Đảo Detroit Coney này có loại bia thơm, đậm đà, thường được dùng nóng và có thể tùy chỉnh với đường cho vừa khẩu vị. Phương pháp pha chế đặc biệt và gia vị bạch đậu khấu tạo ra một thức uống thơm đậm đà, khác hẳn với cà phê phin của Mỹ.",75
f801fdb9-fe65-51ac-bc1c-049e597a5361,,,Soda dưa (Melon Soda),DISH,45.83,0.0,0.0,11.5,0.0,9.79,29.17,85ac50db-ec45-4d0f-b644-c46a43621f31,,,"Melon soda là một loại đồ uống có ga màu xanh lá cây rực rỡ, là đồ uống đặc trưng trong các nhà hàng Nhật Bản. Loại nước giải khát ngọt ngào này có hương vị dưa nhân tạo riêng biệt gợi nhớ đến dưa xạ hương của Nhật Bản và thường được phục vụ như một chiếc phao với một muỗng kem vani để trình bày cổ điển. Mặc dù rất sảng khoái nhưng màu sắc tươi sáng và vị ngọt rõ rệt khiến nó giống như một món tráng miệng hơn là một loại đồ uống tiêu chuẩn.",75
805633fa-ae5e-53db-a46e-4fa6a3807b55,,,Trà ô long dứa thạch agar (Pineapple Oolong Tea with Crystal Agar),INGREDIENT,70.0,1.2,1.4,12.0,0.6,10.0,30.0,85ac50db-ec45-4d0f-b644-c46a43621f31,,,"Trà ô long dứa với Crystal Agar là một loại đồ uống trà bong bóng có vị ngọt kết hợp trà ô long thơm với hương vị dứa nhiệt đới. Thức uống hấp dẫn này có thạch agar pha lê trong suốt, mang lại kết cấu dai độc đáo tương phản với nền trà. Mặc dù cung cấp chất chống oxy hóa từ trà ô long, loại đồ uống này có lượng đường và calo cao đáng kể, thường chứa 300-400 calo mỗi khẩu phần với mức độ ngọt có thể tùy chỉnh có sẵn ở hầu hết các cửa hàng.",75
ad60729c-dd9f-59e0-84e8-ac927bdbb387,,,Sinh tố chuối bơ đậu phộng (Peanut Butter Banana Smoothie),DISH,69.37,1.69,3.05,8.8,0.85,5.58,25.38,85ac50db-ec45-4d0f-b644-c46a43621f31,,,"Sinh tố chuối bơ đậu phộng là một loại đồ uống pha trộn nhiều thường được phục vụ theo khẩu phần 16-24 oz tại các quán sinh tố và cửa hàng nước trái cây. Thức uống dạng kem này kết hợp chuối tươi và bơ đậu phộng với sữa hoặc các sản phẩm thay thế sữa, thường được tăng cường với các chất phụ gia tăng cường protein như protein gai dầu hoặc tảo xoắn. Trong khi cung cấp năng lượng đáng kể ở mức 350-430 calo mỗi khẩu phần, nó còn cung cấp sự kết hợp cân bằng giữa đường tự nhiên, protein và chất xơ, khiến nó phù hợp để thay thế bữa ăn hoặc giải khát sau khi tập luyện.",75
90c15498-798c-5f13-912e-14335b8ad707,,,Trà đen vải thiều thạch xoài (Lychee Black Tea with Mango Jelly),INGREDIENT,77.89,0.21,0.11,18.95,0.21,14.74,16.84,85ac50db-ec45-4d0f-b644-c46a43621f31,,,"Trà đen vải thiều thạch xoài là một loại đồ uống có vị ngọt kết hợp trà đen pha với hương vị vải thiều nhiệt đới và những miếng thạch xoài dai. Thức uống có chứa caffeine này thường được phục vụ lạnh với đá với khẩu phần 16 ounce, với mức độ ngọt có thể tùy chỉnh. Mặc dù mang đến hương vị trái cây tươi mát và lợi ích chống oxy hóa của trà đen, nhưng nó lại có lượng đường cao đáng kể do thành phần trà ngọt và thạch.",75
4e4366b8-ed03-51d1-934c-009604261707,,,Sữa lắc vani (Vanilla Milkshake),INGREDIENT,208.44,2.64,8.44,18.47,0.0,15.83,65.96,85ac50db-ec45-4d0f-b644-c46a43621f31,,,"Sữa lắc vani là một loại đồ uống tráng miệng cổ điển được làm bằng cách trộn kem vani với sữa cho đến khi mịn và như kem. Thức uống hấp dẫn này thường được phủ kem tươi và anh đào maraschino trong các tiệm kem, với một khẩu phần vừa chứa khoảng 580-650 calo. Mặc dù cung cấp một số canxi và protein từ nguồn sữa, nhưng nó lại có hàm lượng chất béo bão hòa và đường bổ sung cao đáng chú ý, khiến nó trở thành lựa chọn món tráng miệng hơn là đồ uống dinh dưỡng.",75
d3724430-aaf3-5b53-a1ce-690035ba2e5e,,,Trà ô long bọt sữa gelatin (Oolong Milk Foam Gelatin),INGREDIENT,41.35,0.94,2.07,4.7,0.0,4.7,56.39,85ac50db-ec45-4d0f-b644-c46a43621f31,,,"Oolong Milk Foam Gelatin là loại nước giải khát đặc biệt thường thấy ở các quán trà sữa trân châu, kết hợp trà ô long, sữa và gelatin để tạo ra kết cấu dai, giống bọt đặc trưng. Loại kem phủ này thường chứa 170-240 calo mỗi khẩu phần và có mức độ ngọt có thể tùy chỉnh, đồng thời cung cấp hàm lượng caffeine vừa phải từ nền trà ô long. Sự kết hợp gelatin độc đáo tạo ra cảm giác ngon miệng hơn so với bọt sữa truyền thống, khiến nó trở thành lựa chọn phổ biến cho các biến thể trà trân châu hiện đại.",75
055c807a-888d-5b1b-a533-0e94dfbf7f06,,,Trà đá phong (Maple Iced Tea),DISH,29.6,0.0,0.0,7.4,0.0,7.4,4.23,85ac50db-ec45-4d0f-b644-c46a43621f31,,,"Trà đá phong là một loại đồ uống đặc sản của New England kết hợp trà đen mới pha với xi-rô phong nguyên chất như một chất làm ngọt tự nhiên. Món giải khát thủ công này mang lại vị ngọt nhiều sắc thái hơn so với các loại trà ngọt thông thường, nổi bật với hương caramel tinh tế từ xi-rô cây phong thật. Theo truyền thống được phục vụ ướp lạnh tại các quán hải sản ở Maine, món này mang đến sự bổ sung tinh tế cho món tôm hùm cuộn tươi và các món ăn ven biển khác.",75
db1d185c-e0e9-584b-bb44-4285e1ca59a8,,,Soda bia bạch dương New Jersey (New Jersey Birch Beer),DISH,30.99,0.0,0.0,7.89,0.0,7.89,9.86,85ac50db-ec45-4d0f-b644-c46a43621f31,,,"Bia Birch New Jersey là một loại đồ uống có ga trong khu vực, giữ vị trí biểu tượng trong các thực khách và cửa hàng bánh mì kẹp thịt lợn ở Garden State. Loại soda có màu sẫm này có hương vị đất và ngọt đặc biệt có nguồn gốc từ chiết xuất vỏ cây bạch dương, mang đến hương vị phức tạp hơn so với bia gốc truyền thống. Nó đặc biệt được tôn vinh như một món ăn kèm truyền thống cho bánh mì kẹp thịt lợn ở New Jersey, với vị cacbonat giòn và hương vị độc đáo bổ sung cho món ăn sáng thơm ngon.",75
18212e17-8ee1-5cb7-b219-7f775b25e753,,,Sinh tố protein sô cô la (Chocolate Protein Smoothie),DISH,95.14,6.34,1.48,14.59,0.85,12.05,38.05,85ac50db-ec45-4d0f-b644-c46a43621f31,,,"Sinh tố sô cô la protein là một loại đồ uống pha trộn thường được phục vụ tại các quán sinh tố, kết hợp whey hoặc protein từ thực vật với ca cao và sữa chua đông lạnh hoặc sữa nền. Thức uống quan trọng này thường cung cấp khoảng 30 gam protein và 450 calo cho mỗi khẩu phần vừa, khiến nó trở nên phổ biến như một thức uống phục hồi sau tập luyện hoặc thay thế bữa ăn. Mặc dù cung cấp hàm lượng protein và canxi đáng kể, các phiên bản nhà hàng có xu hướng chứa nhiều đường tự nhiên và đường bổ sung hơn so với các sản phẩm thay thế làm sẵn.",75
4f3d3657-b673-5b66-a478-5d4d5590a2b1,,,Sinh tố xanh (Green Smoothie),DISH,67.65,1.69,1.48,11.63,2.11,8.46,31.71,85ac50db-ec45-4d0f-b644-c46a43621f31,,,"Sinh tố xanh là một loại đồ uống pha trộn kết hợp các loại rau lá xanh như rau bina hoặc cải xoăn với trái cây và nước cốt lỏng, thường được phục vụ tại các quán nước trái cây và cửa hàng sinh tố. Thức uống đậm đặc chất dinh dưỡng này thường cung cấp một lượng đáng kể vitamin A, C và K, cùng với chất xơ, trong khi đường trái cây tự nhiên mang lại vị ngọt. Hầu hết các phiên bản thương mại đều cung cấp các tùy chọn tùy chỉnh bao gồm tăng cường protein, hạt hoặc sữa thay thế, với kích cỡ khẩu phần thường từ 12 đến 24 ounce.",75
08eb395e-42d1-5956-a566-c4f3537ff01b,,,Trà ô long đào thạch dừa (Peach Oolong Tea with Coconut Jelly),INGREDIENT,85.11,1.49,2.13,14.89,0.21,10.64,21.28,85ac50db-ec45-4d0f-b644-c46a43621f31,,,Trà Ô Long Đào Thạch Dừa là thức uống trà sữa đặc biệt kết hợp giữa trà ô long pha với hương đào và những miếng thạch dừa dai dai. Thức uống có thể tùy chỉnh này thường chứa 300-500 calo khi được pha chế với độ ngọt tiêu chuẩn và bổ sung sữa tùy chọn. Lớp phủ thạch dừa đặc biệt mang lại yếu tố kết cấu độc đáo đồng thời bổ sung thêm calo và carbohydrate cho đồ uống giải khát này.,75
a07f7831-ecff-5e11-b4f4-c580f3c13290,,,Sinh tố xanh giải độc (Green Detox Smoothie),DISH,42.25,0.42,0.0,8.45,0.7,7.75,8.45,85ac50db-ec45-4d0f-b644-c46a43621f31,,,"Sinh tố Green Detox là một loại đồ uống giàu chất dinh dưỡng kết hợp các loại rau lá xanh như rau bina và cải xoăn với các loại trái cây nhiệt đới như xoài và dứa. Thức uống có vị ngọt tự nhiên này cung cấp lượng vitamin A và C đặc biệt, cùng với chất xơ có lợi và chất chống oxy hóa, đồng thời không chứa đường bổ sung. Thường được phục vụ tại các quán cà phê chú trọng đến sức khỏe, nó được thiết kế để hỗ trợ quá trình giải độc tự nhiên và được ưa chuộng như một loại thức uống bổ sung năng lượng buổi sáng hoặc giải khát sau khi tập luyện.",75
ab785dae-a013-564c-a0db-f7caa133776b,,,Trà linh sam Douglas (Douglas Fir Tea),DISH,0.83,0.0,0.0,0.0,0.0,0.0,2.08,85ac50db-ec45-4d0f-b644-c46a43621f31,,,"Trà linh sam Douglas là một loại đồ uống đặc biệt của vùng Tây Bắc Thái Bình Dương được chế biến từ những ngọn xuân mềm mại của cây linh sam Douglas, mang đến hương cam quýt tươi sáng và hương kim ngân tinh tế. Loại dịch truyền không chứa caffeine này, bắt nguồn từ truyền thống của người bản địa, chứa nhiều vitamin C hơn nước cam đồng thời cung cấp chất chống oxy hóa và chất điện giải có lợi. Loại trà thơm, tinh tế thể hiện bản chất tinh khiết của rừng Tây Bắc Thái Bình Dương đồng thời mang lại lợi ích dinh dưỡng ấn tượng.",75
602cf3d5-c674-5b2b-baa4-935fd77d5e68,,,Trà xanh bưởi hạt húng quế (Grapefruit Green Tea with Basil Seeds),INGREDIENT,54.97,0.42,0.42,13.53,1.69,12.05,4.23,85ac50db-ec45-4d0f-b644-c46a43621f31,,,"Loại đồ uống đặc biệt này kết hợp trà xanh hoa nhài và bưởi với hạt húng quế giàu dinh dưỡng, tạo nên một thức uống tổng hợp sảng khoái được ưa chuộng ở các quán trà sữa trân châu. Hạt húng quế, tương tự như hạt chia, nở ra để tạo ra kết cấu giống như gel độc đáo đồng thời cung cấp chất xơ, omega-3 và khoáng chất đáng kể. Sự kết hợp mang đến sự pha trộn cân bằng giữa vị chua của cam quýt và hương trà nhẹ nhàng, được bổ sung bởi thành phần kết cấu thú vị của hạt húng quế lơ lửng.",75
740b911b-241f-5e9d-9bd5-ba0d9c280319,,,Rượu mận Nhật Bản (Japanese Plum Wine),DISH,135.83,0.0,0.0,17.5,0.0,17.5,0.0,85ac50db-ec45-4d0f-b644-c46a43621f31,,,"Rượu mận Nhật Bản (umeshu) là một loại rượu mùi ngọt truyền thống được làm bằng cách ngâm mận xanh với đường và rượu chưng cất. Loại đồ uống có màu hổ phách này thường chứa 10-23% cồn và được đặc trưng bởi hương vị chua ngọt đặc trưng. Thường được phục vụ ướp lạnh trên đá trong các nhà hàng, nó cung cấp lượng calo đáng kể chủ yếu từ đường, với khẩu phần thông thường 4-6 oz chứa 160-370 calo.",75
d0cb4183-9219-52ef-a867-52e28d4025d8,,,Trà ngọt (Sweet Tea),DISH,40.93,0.0,0.0,10.55,0.0,10.55,12.24,85ac50db-ec45-4d0f-b644-c46a43621f31,,,"Trà ngọt là đồ uống đặc trưng của miền Nam được làm bằng cách hòa tan một lượng đường đáng kể vào trà đen pha nóng trước khi để nguội. Phương pháp pha chế truyền thống này, thường bao gồm một nhúm baking soda để làm dịu vị đắng, tạo ra một loại đồ uống có vị ngọt đặc biệt chứa khoảng 25 gam đường cho mỗi khẩu phần 8 ounce. Trà luôn được phục vụ ở trạng thái ướp lạnh, thường là trên đá và có màu hổ phách trong suốt với hương vị mịn, ngọt đậm, giúp phân biệt với trà đá không đường hoặc đóng chai.",75
380a443e-827e-5938-b1c0-63bc386cae3b,,,Trà xanh xoài nha đam (Mango Green Tea with Aloe Vera),INGREDIENT,87.87,0.21,0.21,21.28,0.43,19.57,2.13,85ac50db-ec45-4d0f-b644-c46a43621f31,,,"Trà xanh xoài với nha đam là một loại đồ uống trà bong bóng có vị ngọt kết hợp trà xanh với hương vị xoài và các yếu tố kết cấu đặc biệt. Thức uống đặc biệt này thường chứa caffeine từ trà xanh và có những miếng thạch nha đam dai cùng với trân châu khoai mì truyền thống (boba), đồng thời cung cấp khoảng 400 calo mỗi khẩu phần 16 ounce. Đồ uống này thường có thể được tùy chỉnh theo mức độ ngọt và hàm lượng đá, mặc dù nó vẫn là đồ uống đặc biệt giàu đường ngay cả khi cài đặt độ ngọt giảm.",75
8a9d297a-ebc0-5e4d-bdc9-2c22c9be855e,,,Sinh tố thuần chay (Vegan Smoothie),DISH,57.14,3.57,1.0,8.57,1.14,5.0,21.43,85ac50db-ec45-4d0f-b644-c46a43621f31,,,"Sinh tố thuần chay là một loại đồ uống pha trộn được chế biến từ các nguyên liệu có nguồn gốc thực vật, thường kết hợp trái cây tươi, rau xanh và sữa hoặc nước không có sữa. Những món sinh tố được chế biến tại nhà hàng này thường bao gồm các chất bổ sung giàu protein như bột protein đậu hoặc bơ hạt, cung cấp từ 12-37 gam protein cho mỗi khẩu phần. Được phục vụ theo khẩu phần 16-24 ounce, những đồ uống có thể tùy chỉnh này cung cấp chất xơ và chất dinh dưỡng đáng kể trong khi hoàn toàn không có sản phẩm động vật.",75
53e13757-57e6-50e8-bfff-f1daa16cb583,,,Trà sữa rang viên khoai môn (Roasted Milk Tea with Taro Balls),DISH,117.02,0.43,1.49,8.51,0.21,5.96,31.91,85ac50db-ec45-4d0f-b644-c46a43621f31,,,"Trà sữa rang viên khoai môn là một loại đồ uống trà sữa đặc biệt có sự pha trộn kem của trà sữa và củ khoai môn tím, được trang trí bằng những viên trân châu dai dai. Thức uống hấp dẫn này kết hợp hương vị hấp dẫn, giống như vani của khoai môn với trà và sữa hoặc sữa thực vật, thường chứa 450-600 calo mỗi khẩu phần 16oz. Đồ uống này thường có thể được tùy chỉnh theo mức độ ngọt và loại sữa, mặc dù nó vẫn là đồ uống có lượng đường tương đối cao ngay cả khi có sửa đổi.",75
ff846308-c2a8-5880-8e0a-2656fada0fff,,,Màu thực phẩm nước ép củ dền (Beet Juice Food Coloring),DISH,50.0,0.0,0.0,10.7,0.0,10.7,32.0,85ac50db-ec45-4d0f-b644-c46a43621f31,,,"Màu thực phẩm nước ép củ cải đường là một chất màu đỏ tím tự nhiên có nguồn gốc từ chiết xuất củ cải đường đậm đặc. Chất tạo màu có nguồn gốc thực vật này mang lại màu sắc từ hồng rực rỡ đến đỏ đậm cho các sản phẩm thực phẩm đồng thời đáp ứng các yêu cầu về nhãn sạch đối với các thành phần tự nhiên. Mặc dù chủ yếu được sử dụng để tạo màu, nhưng nó có thể nhạy cảm với nhiệt độ và độ pH, đồng thời có thể tạo ra mùi đất tinh tế cho thực phẩm không giống như thuốc nhuộm màu đỏ tổng hợp.",75
dbc8917d-5dcd-54e5-952c-8129c46cd216,,,Sữa lắc Oreo (Oreo Milkshake),INGREDIENT,192.39,2.96,10.36,21.56,0.42,18.6,116.28,85ac50db-ec45-4d0f-b644-c46a43621f31,,,"Sữa lắc Oreo là một loại đồ uống tráng miệng đậm đà được làm bằng cách trộn kem vani với bánh quy Oreo nghiền và sữa cho đến khi mịn. Món ăn hấp dẫn này thường được phủ kem tươi và các miếng Oreo bổ sung, tạo ra sự kết hợp đặc biệt giữa kết cấu kem và giòn. Là một lựa chọn tráng miệng có hàm lượng calo cao, nó thường chứa từ 700-900 calo mỗi khẩu phần, với một lượng đáng kể chất béo bão hòa và đường.",75
b3a3f199-a9b4-5e1a-a658-a5fcb6dcc19f,,,Sữa lắc cà phê (Coffee Milkshake),INGREDIENT,116.28,2.54,7.4,14.38,0.0,12.69,52.85,85ac50db-ec45-4d0f-b644-c46a43621f31,,,"Sữa lắc cà phê là một loại đồ uống tráng miệng cổ điển dành cho quán ăn Mỹ kết hợp kem vani, sữa và cà phê hoặc cà phê espresso thành một hỗn hợp kem đặc. Món ăn hấp dẫn này thường được phủ kem tươi và phục vụ trong ly cao, mang đến sự kết hợp phong phú giữa hương vị sữa và cà phê. Là một loại đồ uống tráng miệng có hàm lượng calo cao chứa khoảng 475-640 calo mỗi khẩu phần, nó cung cấp một lượng đường và chất béo đáng kể đồng thời mang đến hương vị chứa caffein theo dạng sữa lắc truyền thống.",75
bfd07552-c0f0-565d-b1ee-537239e18300,,,Trà đá Thái (Thai Iced Tea),DISH,74.0,0.85,3.38,10.78,0.0,9.3,21.14,85ac50db-ec45-4d0f-b644-c46a43621f31,,,"Trà đá Thái là một loại đồ uống có vị ngọt được làm từ trà đen được pha đặc, thêm gia vị thơm và phủ sữa hoặc kem dừa. Thức uống màu nâu cam đặc biệt này được đặc trưng bởi kết cấu kem đậm đà và hương vị phức tạp kết hợp hương trà đậm đà với gia vị ấm áp. Mặc dù phổ biến trong các quán cà phê tráng miệng và nhà hàng Thái Lan, nhưng nó đặc biệt có hàm lượng calo và đường cao do chế biến có vị ngọt và các thành phần kem.",75
112bf72a-d97a-5eb5-a317-16bbf654882a,,,Sinh tố trà xanh Matcha (Matcha Green Tea Smoothie),DISH,74.0,1.48,0.36,15.86,0.85,8.46,38.05,85ac50db-ec45-4d0f-b644-c46a43621f31,,,"Sinh tố trà xanh Matcha là một loại đồ uống pha trộn kết hợp bột trà xanh nghi lễ với sữa hoặc các sản phẩm thay thế sữa, thường được phục vụ tại các quán sinh tố. Thức uống sôi động này có chất chống oxy hóa tự nhiên của matcha và hàm lượng caffeine vừa phải, đồng thời kết hợp với sữa chua hoặc kem đông lạnh để có kết cấu dạng kem. Chế phẩm tiêu chuẩn thường bao gồm chất làm ngọt và có thể được tùy chỉnh bằng bột protein, trái cây hoặc các chất bổ sung dinh dưỡng khác, mặc dù phiên bản cơ bản có xu hướng chứa nhiều đường.",75
d671de59-14ab-5594-9662-faf6facf812f,,,Trà Yuja (Yuja Tea),DISH,29.17,0.0,0.0,6.67,0.21,6.25,4.17,85ac50db-ec45-4d0f-b644-c46a43621f31,,,"Trà Yuja là một loại đồ uống truyền thống của Hàn Quốc được làm bằng cách hòa tan mứt cam quýt trong nước nóng. Loại trà ngọt này có chiết xuất từ ​​chanh châu Á (yuja) được bảo quản, tạo ra một loại đồ uống có mùi thơm cân bằng giữa hương vị chua và ngọt, đồng thời cung cấp vitamin C và chất chống oxy hóa. Thường được phục vụ nóng trong các quán cà phê, nó được ưa chuộng vừa là đồ uống mùa đông dễ chịu vừa có đặc tính tăng cường miễn dịch.",75
fd5f3249-3e26-55f1-80b3-0013acd5bfe2,,,Trà sữa hạnh nhân thạch cỏ (Almond Milk Tea with Grass Jelly),INGREDIENT,91.53,0.68,3.05,15.25,0.34,8.81,33.9,85ac50db-ec45-4d0f-b644-c46a43621f31,,,"Trà sữa hạnh nhân với thạch cỏ là một loại đồ uống trà bong bóng có vị ngọt kết hợp trà đen, sữa hạnh nhân và các viên thạch thảo dược đen làm từ cây Mesona chinensis. Đồ uống kiểu tráng miệng này, thường được phục vụ lạnh với đá, có hương vị kem hạnh nhân được bổ sung bởi hương thảo dược nhẹ nhàng của thạch cỏ. Là một loại đồ uống đặc biệt, nó có thể chứa khá nhiều calo, chứa một lượng đường bổ sung đáng kể từ cả nền trà ngọt và lớp phủ bên trên, thường dao động từ 400-700 calo mỗi khẩu phần.",75
ee1cbcc9-f0c4-505b-9f3e-a3e907199466,,,Trà ngọt đá (Iced Sweet Tea),DISH,21.14,0.0,0.0,5.5,0.0,5.5,3.17,85ac50db-ec45-4d0f-b644-c46a43621f31,,,"Trà ngọt đá được phục vụ tại các tiệm ớt Cincinnati là một loại đồ uống có vị ngọt cao được làm từ trà đen pha và đường mía hoặc xi-rô ngô. Chế phẩm khu vực này thường được phục vụ ướp lạnh theo từng phần 16-20 ounce, thường được trang trí bằng chanh tươi và chứa khoảng 100 calo mỗi khẩu phần do hàm lượng đường đáng kể. Đồ uống này được pha tươi hàng ngày và dùng như một món ăn kèm truyền thống cho các món ớt kiểu Cincinnati.",75
74ac0f71-7929-5cda-abac-fa7b1e50057c,,,Cà phê latte hương vị (Flavored Coffee Latte),DISH,59.0,2.11,2.16,8.38,0.0,8.38,31.0,85ac50db-ec45-4d0f-b644-c46a43621f31,,,"Flavored Coffee Latte là một loại đồ uống có đường làm từ espresso kết hợp sữa hấp với xi-rô hoặc hương liệu như vani, caramel hoặc mocha. Mặc dù cung cấp mức caffeine tương đương với cà phê thông thường (thay đổi tùy theo kích cỡ và liều cà phê espresso), thành phần dinh dưỡng của nó khác biệt đáng kể do có thêm đường, thường làm cho nó có lượng calo và carbohydrate cao hơn cà phê đen. Đồ uống có thể được tùy chỉnh bằng các loại sữa thay thế hoặc các lựa chọn ít chất ngọt hơn, nhưng các phiên bản café tiêu chuẩn thường chứa 15-25g đường trên mỗi khẩu phần 12oz.",75
38a24ffd-ec3c-55cc-af41-c04187831eda,,,Sinh tố bơ thạch dừa (Avocado Smoothie with Coconut Jelly),DISH,144.82,3.17,5.29,21.14,1.9,18.18,38.05,85ac50db-ec45-4d0f-b644-c46a43621f31,,,"Đồ uống đặc sản này là một loại sinh tố đậm đà, giống như món tráng miệng thường thấy ở các quán trà boba, kết hợp kem bơ với những miếng thạch dừa dai. Đồ uống này có lớp nền dày, mịn được làm từ hỗn hợp bơ và sữa, thường được làm ngọt bằng đường bổ sung và trang trí bằng những miếng thạch dừa mềm, trong suốt. Mặc dù cung cấp chất béo và chất dinh dưỡng có lợi từ bơ tươi, nhưng loại đồ uống hấp dẫn này lại có lượng calo và đường cao đáng kể, thường chứa 550-690 calo mỗi khẩu phần.",75
0c66b4a2-8893-57cf-8e63-0b9a6244f830,,,Sinh tố cà phê (Coffee Smoothie),DISH,67.69,3.85,1.85,9.23,1.23,6.15,23.08,85ac50db-ec45-4d0f-b644-c46a43621f31,,,"Sinh tố cà phê là một loại đồ uống pha trộn kết hợp cà phê ủ lạnh với các thành phần giàu protein như whey hoặc protein thực vật, thường được phục vụ với khẩu phần 20-24 oz tại các quán sinh tố. Thức uống tăng lực này thường có thành phần là chuối, sữa hoặc sữa thực vật và các chất bổ sung tùy chọn như ca cao hoặc bơ hạt, cung cấp cả năng lượng caffeine bền vững và dinh dưỡng đáng kể. Khẩu phần trung bình cung cấp 390-490 calo và 8-59 gram protein, khiến nó trở nên phổ biến như một loại đồ uống thay thế bữa sáng và phục hồi sau tập luyện.",75
cb078f61-26b6-50ec-b57b-a3b9bf255d8e,,,Nước chanh dưa chuột (Cucumber Lemon Juice),INGREDIENT,55.81,0.21,0.0,13.74,0.21,13.53,52.85,85ac50db-ec45-4d0f-b644-c46a43621f31,,,"Nước chanh dưa chuột là thức uống giải khát thường được phục vụ tại các quán trà boba, kết hợp dưa leo tươi, nước cốt chanh và siro có đường. Thức uống này thường chứa lượng đường bổ sung đáng kể và có thể được tùy chỉnh bằng trân châu trân châu tùy chọn hoặc mức độ ngọt được điều chỉnh. Mặc dù cung cấp một số vitamin C từ chanh, thành phần dinh dưỡng của nó thay đổi đáng kể tùy theo lựa chọn chế biến, với một khẩu phần thông thường chứa 200-300 calo khi chế biến với trân châu boba.",75
b12574a9-12d8-5dec-94ad-9fbe639cbe9b,,,Trà sữa Matcha trân châu mật ong (Matcha Milk Tea with Honey Boba),INGREDIENT,99.28,0.72,2.71,18.05,0.36,7.58,36.1,85ac50db-ec45-4d0f-b644-c46a43621f31,,,"Trà sữa Matcha trân châu mật ong là đồ uống có vị ngọt kết hợp giữa bột trà xanh cấp nghi lễ với sữa và trân châu dai dai bọc mật ong. Thức uống đáng kể này thường chứa 400-700 calo mỗi khẩu phần 16 ounce, với hàm lượng đường đáng kể từ cả trà ngọt và trân châu mật ong. Đồ uống này cung cấp lượng caffeine vừa phải từ hàm lượng matcha và có thể được tùy chỉnh với nhiều lựa chọn sữa và mức độ ngọt khác nhau để phù hợp với sở thích ăn kiêng.",75
d14c1d2e-6837-5d17-a134-f931565d7c7e,,,Nước chanh lúa mạch (Lemon Barley Water),INGREDIENT,19.2,0.08,0.04,4.4,0.0,4.0,1.2,85ac50db-ec45-4d0f-b644-c46a43621f31,,,"Nước chanh lúa mạch là đồ uống truyền thống của Anh được làm từ sự kết hợp của lúa mạch, nước chanh và chất làm ngọt. Thức uống giải khát này, nổi tiếng là đồ uống truyền thống của giải quần vợt Wimbledon, thường được phục vụ pha loãng với nước để có hương vị cam quýt nhẹ. Việc bổ sung lúa mạch mang lại hương vị tinh tế cho thức uống ít calo này, đồng thời hàm lượng vitamin C và tính chất sảng khoái khiến nó trở thành lựa chọn phổ biến để bổ sung nước.",75
7ed773ee-9cd4-5609-a90d-47dea0f3d839,,,Trà đá miền Nam (Southern Iced Tea),DISH,36.62,0.0,0.0,8.73,0.0,8.73,4.23,85ac50db-ec45-4d0f-b644-c46a43621f31,,,"Trà đá miền Nam là một loại đồ uống có đường được làm từ trà đen ủ mạnh có thêm đường trong quá trình pha. Chế phẩm kiểu nhà hàng này thường chứa nhiều đường hơn đáng kể so với các phiên bản nấu tại nhà, với một khẩu phần ăn duy nhất thường cung cấp 190-270 calo chủ yếu từ đường bổ sung. Đồ uống tạo ra có vị ngọt đặc trưng và sảng khoái, được phục vụ ướp lạnh với đá như một món ăn kèm truyền thống cho ẩm thực miền Nam.",75
671539a0-cdc9-5688-845c-5a88e9585035,,,Nước ép me (Tamarind Juice),DISH,67.5,0.21,0.0,16.67,1.25,15.0,4.17,85ac50db-ec45-4d0f-b644-c46a43621f31,,,"Nước ép me là một loại đồ uống truyền thống của Trung Đông được làm từ cùi của quả me trộn với nước và thường được làm ngọt bằng đường. Thức uống giải khát này mang đến hương vị chua ngọt độc đáo và chứa chất chống oxy hóa tự nhiên, kali và vitamin B. Được phục vụ trong các nhà hàng Trung Đông, nó thường được chế biến từ me cô đặc và cân bằng với chất làm ngọt để tạo ra một loại đồ uống mịn, ngon miệng, bổ sung cho các món ăn cay.",75
72d8a067-dbb3-5664-b5ff-b77a1a04edab,,,Cà phê đá Taylor Ham (Taylor Ham Iced Coffee),DISH,37.96,1.85,3.33,0.0,0.0,0.0,120.37,85ac50db-ec45-4d0f-b644-c46a43621f31,,,"Cà phê đá Taylor Ham là thức uống đặc sản độc đáo của vùng kết hợp cà phê ủ lạnh với hương vị của món Taylor Ham mang tính biểu tượng của New Jersey (còn được gọi là bánh cuộn thịt lợn). Loại đồ uống mới lạ này mang hương vị mịn màng, đậm đà của cà phê đá với hương vị thơm ngon đặc trưng của Taylor Ham, một sản phẩm thịt lợn chế biến được yêu thích trong ẩm thực New Jersey. Đồ uống này đại diện cho sự kết hợp sáng tạo của các món ăn sáng chủ yếu được mô phỏng lại như một loại đồ uống cà phê đặc biệt.",75
8303235c-a01a-5b7a-bee0-f6572d93ae56,,,Trà gia vị (Spiced Tea),INGREDIENT,5.0,0.12,0.12,1.12,0.0,0.08,4.17,85ac50db-ec45-4d0f-b644-c46a43621f31,,,"Trà gia vị của Ethiopia là một loại đồ uống có mùi thơm được chế biến theo truyền thống bằng cách đun sôi trà đen với sự pha trộn đặc biệt của các loại gia vị có tính ấm bao gồm bạch đậu khấu, quế, đinh hương và gừng. Trong các nhà hàng, nó thường được phục vụ nóng và có thể bao gồm sữa và đường, tạo ra một thức uống đậm đà, thơm tương tự như chai. Hỗn hợp gia vị phức tạp mang lại vị ngọt tự nhiên và mang lại lợi ích sức khỏe truyền thống từ các thành phần giàu chất chống oxy hóa.",75
1a459d98-a524-55c0-9b9b-d1fe59cb897d,,,Trà sữa nóng gừng (Hot Ginger Milk Tea),INGREDIENT,69.37,1.35,2.2,12.01,0.0,8.63,25.38,85ac50db-ec45-4d0f-b644-c46a43621f31,,,"Trà sữa gừng nóng là đồ uống có vị ngọt kết hợp giữa trà đen, gừng tươi hoặc bột và sữa hoặc kem, thường được phục vụ tại các quán trà sữa. Thức uống làm ấm này thường chứa một lượng đáng kể đường bổ sung và sữa, với khoảng 400-700 calo mỗi khẩu phần khi được pha chế theo cách truyền thống. Mặc dù thường có sẵn các tùy chọn tùy chỉnh về độ ngọt và loại sữa, nhưng hương vị gừng cay đặc trưng và kết cấu kem vẫn là những đặc điểm nhất quán của loại đồ uống có chứa caffein này.",75
568af63a-2aef-547b-bbe2-7b502f1118a4,,,Trà thảo mộc (Herbal Infusion Tea),INGREDIENT,0.56,0.0,0.0,0.28,0.0,0.0,1.41,85ac50db-ec45-4d0f-b644-c46a43621f31,,,"Trà truyền thảo dược là một loại đồ uống tự nhiên không chứa caffeine được làm từ các loại thảo mộc, hoa, trái cây và gia vị khô thay vì lá trà truyền thống. Thức uống không calo này thường được chế biến từ các nguyên liệu như hoa cúc, bạc hà, gừng hoặc nghệ, thường được pha trộn cẩn thận. Phổ biến trong các quán cà phê tập trung vào sức khỏe, những dịch truyền này được đánh giá cao nhờ hàm lượng chất chống oxy hóa và các lợi ích sức khỏe tiềm năng, từ giảm căng thẳng đến hỗ trợ tiêu hóa.",75
b63d8edb-91df-5579-810e-8589f7071de6,,,Nước ép củ dền tăng lực (Beetroot Energizer Juice),DISH,48.0,1.0,0.4,10.0,1.0,9.2,36.0,85ac50db-ec45-4d0f-b644-c46a43621f31,,,"Nước ép củ cải đường Energizer là một loại đồ uống ép tươi có thành phần chính là củ cải đường, thường được kết hợp với các loại trái cây và rau quả bổ sung để tăng hương vị và dinh dưỡng. Loại nước ép màu đỏ rực rỡ này rất giàu nitrat tự nhiên hỗ trợ hiệu suất thể thao và lưu lượng máu, đồng thời cung cấp chất chống oxy hóa và các khoáng chất thiết yếu. Thường được tìm thấy ở các quán nước trái cây, nó có thể được tùy chỉnh với nhiều chất tăng cường khác nhau như vitamin, protein hoặc chất bổ sung tăng cường miễn dịch.",75
b265faf0-7b72-56b3-95a9-d1fd735a8c29,,,Pumpkin Spice Latte (Pumpkin Spice Latte),INGREDIENT,80.34,2.96,2.96,10.57,0.21,10.57,31.71,85ac50db-ec45-4d0f-b644-c46a43621f31,,,"Pumpkin Spice Latte là đồ uống cà phê theo mùa kết hợp espresso với sữa hấp, xi-rô có hương vị bí ngô và các loại gia vị làm ấm như quế, nhục đậu khấu và đinh hương. Thức uống cà phê phổ biến này thường chứa một lượng đường và calo bổ sung đáng kể, với khẩu phần tiêu chuẩn 16 ounce cung cấp khoảng 380 calo và 50 gam đường. Đồ uống này thường được phủ kem đánh bông lên trên và có thể được sửa đổi bằng các loại sữa thay thế hoặc các lựa chọn không đường cho phiên bản nhẹ hơn.",75
35ae636c-fec9-540c-80a6-a349e1c1e28b,,,Sinh tố giải độc (Detox Smoothie),DISH,25.35,0.56,0.0,6.06,0.7,4.08,4.93,85ac50db-ec45-4d0f-b644-c46a43621f31,,,"Sinh tố giải độc là một loại đồ uống pha trộn thường được phục vụ tại các nhà hàng chú trọng đến sức khỏe, thường kết hợp các loại rau lá xanh tươi, trái cây nhiệt đới và các loại rau như dưa chuột hoặc cần tây. Thức uống giàu chất dinh dưỡng này đặc biệt chứa nhiều vitamin A và C đồng thời cung cấp chất xơ đáng kể, thường được phục vụ với khẩu phần 24 ounce. Sinh tố mang đến một lựa chọn sảng khoái, làm từ sản phẩm, thường không chứa đường bổ sung hoặc các thành phần nhân tạo.",75
d1b8274d-5836-514b-a536-63810759a99e,,,Sữa đường nâu nóng trân châu (Hot Brown Sugar Milk with Boba),INGREDIENT,82.88,1.06,1.69,15.86,0.21,7.4,46.51,85ac50db-ec45-4d0f-b644-c46a43621f31,,,"Sữa đường nâu nóng với trân châu là một loại đồ uống ấm áp kết hợp giữa sữa hấp, trân châu khoai mì dai (boba) và si-rô đường nâu caramen. Thức uống dễ chịu này, phổ biến ở các cửa hàng trà sữa, có vị ngọt đậm đà từ xi-rô đường nâu và trải nghiệm kết cấu độc đáo từ những viên trân châu mềm, dai. Mặc dù có thể tùy chỉnh các lựa chọn về vị ngọt và sữa, nhưng một khẩu phần vừa thông thường có chứa lượng calo đáng kể (270-430) và đường bổ sung, khiến nó giống một loại đồ uống tráng miệng hơn là đồ uống thông thường.",75
a555b023-6937-5e4d-9ea5-240e6348e959,,,Nước ép cam quýt (Citrus Boost Juice),DISH,75.0,0.85,0.42,17.0,0.2,16.75,2.0,85ac50db-ec45-4d0f-b644-c46a43621f31,,,"Nước ép Citrus Boost là đồ uống mới pha chế có sự pha trộn của nước cam và các loại trái cây tươi khác, thường được làm theo yêu cầu tại các quán nước trái cây. Thức uống có thể tùy chỉnh này có thể được tăng cường bằng nhiều chất tăng cường dinh dưỡng khác nhau để bổ sung vitamin, khoáng chất hoặc các hợp chất hỗ trợ năng lượng. Nước ép cơ bản cung cấp hàm lượng vitamin C đáng kể và đường trái cây tự nhiên, đồng thời không chứa chất làm ngọt nhân tạo hoặc chất bảo quản.",75
0a7cc832-59a4-5264-862f-d6934d2ff486,,,Cà phê Pháp (French Press Coffee),DISH,0.83,0.08,0.0,0.0,0.0,0.0,2.08,85ac50db-ec45-4d0f-b644-c46a43621f31,,,"Cà phê French Press là một loại đồ uống cà phê đậm đà được pha chế thông qua phương pháp ngâm truyền thống sử dụng đậu xay thô và nước nóng. Phương pháp pha chế này, phổ biến ở các tiệm bánh crepe và quán cà phê, tạo ra một loại cà phê đặc biệt đậm đà và đậm đà với nhiều dầu tự nhiên hơn so với phương pháp lọc. Cà phê đen cơ bản hầu như không chứa calo và hàm lượng caffeine vừa phải, mặc dù nó thường được tùy chỉnh với việc bổ sung tùy chọn sữa, kem hoặc chất làm ngọt.",75
e7e0ef73-7ad6-5fb9-b4b9-9650bd57e2e4,,,Dưa hấu Ý (Watermelon Italian Ice),DISH,79.41,0.59,0.12,18.82,0.59,16.47,5.88,85ac50db-ec45-4d0f-b644-c46a43621f31,,,"Dưa hấu Ý Ice là một món tráng miệng đông lạnh sảng khoái thường thấy ở các cửa hàng thịt bò Ý ở Chicago, được làm từ hỗn hợp dưa hấu xay nhuyễn, nước và đường. Món ăn không chứa sữa này có kết cấu mịn, tinh thể giúp phân biệt với các món tráng miệng đông lạnh nhiều kem hơn như kem hoặc gelato. Thành phần dinh dưỡng nhẹ hơn và hương vị trái cây đích thực khiến nó trở thành món giải khát phổ biến trong thời tiết ấm áp, mang lại vị ngọt của món tráng miệng với ít calo hơn kem truyền thống.",75
2077dc03-9208-5314-9365-a764806c8a97,,,Cà phê nóng (Hot Coffee),DISH,1.41,0.14,0.0,0.0,0.0,0.0,1.41,85ac50db-ec45-4d0f-b644-c46a43621f31,,,"Cà phê nóng là đồ uống pha thường được phục vụ theo khẩu phần 12-20 oz tại các cửa hàng bánh sandwich và nhà hàng. Cà phê đen đơn giản hầu như không chứa calo và khoảng 95-200mg caffeine trên mỗi khẩu phần 12 oz. Mặc dù được phục vụ theo kiểu truyền thống với màu đen, nhưng đồ uống này thường được tùy chỉnh với nhiều chất bổ sung khác nhau như kem, sữa hoặc chất làm ngọt, có thể làm tăng đáng kể hàm lượng calo của nó.",75
f21e0bf2-b61d-59b5-a62c-4bbfc0ff96d7,,,Trà Chai Latte (Chai Spice Latte),INGREDIENT,64.79,1.13,1.13,13.66,1.69,7.46,29.58,85ac50db-ec45-4d0f-b644-c46a43621f31,,,"Chai gia vị latte từ quầy nước trái cây là đồ uống có lợi cho sức khỏe, kết hợp gia vị chai truyền thống với các nguyên liệu có nguồn gốc thực vật và chất béo lành mạnh. Phiên bản này thường có sự pha trộn của gừng, bạch đậu khấu, quế và các loại gia vị ấm khác trộn với sữa thực vật và tăng cường bơ dừa hoặc dầu MCT để tăng thêm lợi ích dinh dưỡng. Không giống như các phiên bản quán cà phê thông thường, chế phẩm này nhấn mạnh vào các thành phần chống viêm và hỗ trợ tiêu hóa đồng thời cung cấp một loại kem thay thế có vị ngọt tự nhiên.",75
9abb8399-7f3c-5701-8016-569bb24cb12c,,,Trà Adani (Adani Tea),DISH,28.54,0.85,1.06,4.02,0.0,4.02,16.91,85ac50db-ec45-4d0f-b644-c46a43621f31,,,"Trà Adani là một loại trà sữa gia vị truyền thống của Yemen, đặc trưng bởi sự pha trộn phong phú của bạch đậu khấu, đinh hương và quế. Đồ uống làm ấm này kết hợp trà đen với sữa cô đặc và đường, đun sôi với nhau để tạo ra một thức uống thơm, béo ngậy. Thường được phục vụ trong các nhà hàng Yemen như một biểu tượng của lòng hiếu khách, món này thường được phục vụ nóng hổi trong những chiếc ly được trang trí công phu và thường đi kèm với các món tráng miệng truyền thống.",75
d42c0bc6-a737-52e3-8aed-25d00cd36a4f,,,Trà xanh ủ lạnh (Cold Brewed Green Tea),DISH,42.28,0.42,0.21,9.73,0.0,8.46,2.11,85ac50db-ec45-4d0f-b644-c46a43621f31,,,"Trà xanh ủ lạnh là một loại đồ uống mịn, sảng khoái được chế biến bằng cách ngâm lá trà trong nước lạnh, nên ít đắng hơn so với trà pha nóng. Trong các cửa hàng trà boba, loại trà cơ bản này thường được tùy chỉnh với các mức độ chất làm ngọt khác nhau và các lớp phủ tùy chọn như trân châu khoai mì hoặc thạch. Mặc dù trà cơ bản không đường chứa lượng calo tối thiểu và lượng caffeine vừa phải, nhưng những bổ sung thông thường có thể làm tăng đáng kể lượng đường và hàm lượng calo, với một khẩu phần 16 ounce có đường thông thường chứa 150-200 calo.",75
600095e5-6a29-5d3d-8157-29f7dbbbc857,,,Trà đen ủ lạnh (Cold Brewed Black Tea),DISH,0.0,0.0,0.0,0.0,0.0,0.0,2.11,85ac50db-ec45-4d0f-b644-c46a43621f31,,,"Trà đen ủ lạnh là một loại đồ uống mịn, sảng khoái được chế biến bằng cách ngâm lá trà trong nước lạnh trong 8-12 giờ, tạo ra hương vị ít chua hơn so với trà pha nóng. Trong các cửa hàng trân châu, nó đóng vai trò như một loại đế có thể tùy chỉnh để có thể thưởng thức đơn giản (không chứa calo) hoặc được biến đổi bằng chất làm ngọt, sữa và lớp phủ bên trên như trân châu khoai mì. Hàm lượng dinh dưỡng cuối cùng thay đổi đáng kể tùy theo lượng bổ sung, với các phiên bản trà sữa có đường thường chứa 140-300 calo mỗi khẩu phần 16 ounce.",75
d58be2a7-ec3f-525b-9f6a-d04bce49965d,,,Nước ép dưa hấu (Watermelon Juice),DISH,30.02,0.63,0.15,7.61,0.11,6.13,1.06,85ac50db-ec45-4d0f-b644-c46a43621f31,,,"Nước ép dưa hấu từ các cửa hàng trà boba là một loại đồ uống có đường thường được làm từ dưa hấu xay nhuyễn pha với nước và các chất làm ngọt bổ sung. Thức uống giải khát này thường được phục vụ theo khẩu phần 16 hoặc 24 ounce và chứa nhiều đường hơn nước ép dưa hấu nguyên chất, đồng thời vẫn cung cấp các chất điện giải tự nhiên và lợi ích hydrat hóa. Phương pháp chuẩn bị và các thành phần bổ sung mang lại kết cấu mịn hơn, đồng nhất hơn so với các phiên bản tự làm, mặc dù hàm lượng dinh dưỡng thay đổi tùy theo cửa hàng.",75
ab2b217f-6e44-536d-a778-0ab5ca30d726,,,Sinh tố bơ (Avocado Smoothie),DISH,89.36,0.85,3.83,12.77,1.91,4.68,31.91,85ac50db-ec45-4d0f-b644-c46a43621f31,,,"Sinh tố bơ là một loại đồ uống pha trộn có thành phần chính là bơ tươi, thường được kết hợp với chất lỏng như sữa hạnh nhân hoặc nước dừa. Chất béo tự nhiên từ bơ tạo ra kết cấu dạng kem đặc biệt đồng thời cung cấp chất béo và chất xơ không bão hòa đơn lành mạnh. Những món sinh tố này thường có thể tùy chỉnh với các loại trái cây, chất làm ngọt hoặc chất bổ sung protein bổ sung, dẫn đến hàm lượng calo và đường khác nhau tùy thuộc vào nguyên liệu đã chọn.",75
a1f3d22b-c2df-5ab7-9b8a-737b4d62f2d1,,,Nước giải độc chanh gừng (Lemon Ginger Detox Water),DISH,2.82,0.0,0.0,0.85,0.0,0.0,1.41,85ac50db-ec45-4d0f-b644-c46a43621f31,,,"Nước giải độc chanh gừng là một loại đồ uống giải khát được làm bằng cách pha nước lọc với nước cốt chanh tươi và củ gừng. Thức uống không chứa calo tự nhiên này thường được phục vụ ướp lạnh và không đường tại các quầy nước trái cây, cung cấp khả năng hydrat hóa được tăng cường với vitamin C từ chanh và các hợp chất có lợi từ gừng. Mặc dù được tiếp thị với đặc tính giải độc, nhưng nó chủ yếu đóng vai trò như một chất thay thế có hương vị cho nước thường với các lợi ích tiềm năng về tiêu hóa và chống viêm.",75
8a3f0c08-45cf-57f1-aa22-a5fde8bc3141,,,Trà sữa Hojicha trân châu mè đen (Hojicha Milk Tea with Black Sesame Boba),INGREDIENT,88.83,0.85,0.85,15.23,0.17,10.15,25.38,85ac50db-ec45-4d0f-b644-c46a43621f31,,,"Trà sữa Hojicha trân châu mè đen là thức uống trà sữa đặc biệt kết hợp giữa trà xanh rang (hojicha) với sữa kem và trân châu trân châu mè đen đặc trưng. Thức uống hấp dẫn này có hương vị phức tạp của hương trà rang, đất được bổ sung bởi vừng đen hấp dẫn và xi-rô đường nâu ngọt ngào. Là một đồ uống tráng miệng, nó thường chứa 400-600 calo mỗi khẩu phần, với lượng carbohydrate đáng kể từ trân châu khoai mì và chất làm ngọt.",75
d53245e3-a3f1-5710-b989-21ee765149d8,,,Nước ép dứa cà rốt (Carrot Pineapple Juice),INGREDIENT,25.53,0.43,0.0,5.53,0.21,5.11,10.64,85ac50db-ec45-4d0f-b644-c46a43621f31,,,"Nước ép dứa cà rốt là đồ uống đặc sản thường được phục vụ tại các quán trà boba, kết hợp nước ép cà rốt và dứa mới vắt với chất làm ngọt tùy chọn. Thức uống sôi động này thường được phục vụ với khẩu phần lớn (16-32 oz) và có thể được tùy chỉnh với nhiều mức độ ngọt khác nhau và các chất bổ sung như trân châu hoặc thạch dừa. Mặc dù giàu vitamin A và C từ nguyên liệu tươi, đồ uống này có xu hướng chứa lượng calo và đường cao hơn so với các chế phẩm nước trái cây truyền thống, đặc biệt là ở kích cỡ lớn hơn có thêm chất làm ngọt.",75
a16883c0-4361-5d8c-9a8e-ebcfcbd26096,,,Nước ép Qamar Al-Din (Qamar Al-Din Juice),DISH,56.67,0.67,0.0,14.0,0.0,12.0,6.67,85ac50db-ec45-4d0f-b644-c46a43621f31,,,"Qamar Al-Din là một loại đồ uống truyền thống của Trung Đông được làm từ bột mơ khô hoàn nguyên, đặc biệt phổ biến trong tháng Ramadan. Thức uống ngọt ngào, đậm đặc này có hương vị mơ đặc biệt thường được tăng cường với hương hoa tinh tế từ hoa cam hoặc nước hoa hồng. Giàu đường tự nhiên và kali, nó vừa là đồ uống giải khát vừa là nguồn cung cấp năng lượng nhanh chóng, theo truyền thống được tiêu thụ để ăn chay trong tháng Ramadan.",75
4385f6cf-87fb-5087-99d7-4c72d2a1d985,,,Nước ép dưa (Melon Juice),DISH,83.33,0.42,0.04,20.42,0.42,19.17,8.33,85ac50db-ec45-4d0f-b644-c46a43621f31,,,"Nước ép dưa trong các nhà hàng Philippines là một loại đồ uống có vị ngọt được làm từ dưa đỏ tươi pha với nước và xi-rô đơn giản. Thức uống giải khát này thường chứa một lượng đường bổ sung đáng kể, giúp phân biệt với nước ép trái cây nguyên chất và đôi khi có thể bao gồm sữa để tăng thêm độ kem. Mặc dù nó cung cấp một số chất dinh dưỡng tự nhiên cho dưa, nhưng hàm lượng đường của nó có thể dao động rộng rãi, thường làm cho nó có lượng calo cao hơn nước ép trái cây không đường.",75
c66681bb-e5de-53af-b3f8-ec186d3ebed3,,,Nước ép lô hội (Aloe Vera Juice),DISH,15.0,0.0,0.0,3.75,0.0,3.75,8.0,85ac50db-ec45-4d0f-b644-c46a43621f31,,,"Nước ép lô hội là một loại đồ uống có nguồn gốc từ cây lô hội, được biết đến với những chiếc lá mọng nước. Nước ép được chiết xuất từ ​​gel bên trong lá và thường được xử lý để loại bỏ aloin, một hợp chất có tác dụng nhuận tràng mạnh. Nó được tiêu thụ vì đặc tính làm dịu tiềm năng của nó và thường được thêm vào sinh tố hoặc uống riêng, mặc dù hương vị của nó thường được mô tả là hơi đắng hoặc có tính axit.",75
da530a41-b291-512e-8759-cfa9ee93de9e,,,Trà hoa anh đào (Sakura Tea),DISH,1.0,0.0,0.0,0.0,0.0,0.0,5.0,85ac50db-ec45-4d0f-b644-c46a43621f31,,,"Trà hoa anh đào là một loại đồ uống truyền thống của Nhật Bản kết hợp trà xanh với các yếu tố hoa anh đào, tạo nên một thức uống tinh tế và thơm mát. Đặc sản theo mùa này có hương hoa tinh tế từ hoa anh đào, bổ sung thêm đặc tính nhẹ nhàng, sảng khoái của nền trà xanh. Theo truyền thống gắn liền với mùa xuân và ngắm hoa anh đào (hanami), món này thường được phục vụ nóng trong các nhà hàng Nhật Bản, mang đến trải nghiệm không chứa caffeine với lượng calo tối thiểu.",75
4421b488-361f-53ee-b52f-22495a965d38,,,Đồ uống cacao (Cacao Drink),DISH,145.83,2.5,3.75,18.75,2.5,10.42,50.0,85ac50db-ec45-4d0f-b644-c46a43621f31,,,"Đồ uống truyền thống của Nicaragua này được làm từ hạt cacao rang trộn với gạo ngâm, sữa và các loại gia vị ấm như quế. Việc bổ sung gạo độc đáo tạo ra kết cấu kem béo ngậy đồng thời bổ sung chất xơ vào thức uống hấp dẫn này. Thường được phục vụ ướp lạnh, đồ uống có đường này mang lại lợi ích chống oxy hóa của cacao thô đồng thời mang lại hương vị phức tạp và chân thực hơn so với sữa sô cô la tiêu chuẩn.",75
71311b99-8a02-5b77-b090-f1952fd7d45b,,,Trà Karak (Karak Tea),DISH,48.0,1.6,1.2,5.6,0.0,4.0,26.4,85ac50db-ec45-4d0f-b644-c46a43621f31,,,"Trà Karak là một loại đồ uống sang trọng của Người Dubai được chế biến từ trà đen đậm đặc đun với bạch đậu khấu và sữa cô đặc đậm đà. Thức uống thơm này được phân biệt bởi kết cấu mượt mà và hương vị đậm đà, theo truyền thống được tăng cường bằng các loại gia vị cao cấp như nghệ tây trong các món ăn hảo hạng. Việc chuẩn bị cân bằng cẩn thận mang lại một loại trà có vị kem, ngọt vừa phải, vừa là tiêu chuẩn văn hóa vừa là sự lựa chọn đồ uống tinh tế.",75
0b4177a5-3aac-5534-baf7-24edc394102b,,,Cà phê Dalgona (Dalgona Coffee),DISH,49.58,1.69,1.69,7.04,0.0,6.48,25.35,85ac50db-ec45-4d0f-b644-c46a43621f31,,,"Cà phê Dalgona là một loại đồ uống của Hàn Quốc có bọt cà phê đặc biệt được phục vụ trên sữa lạnh. Lớp phủ giống như đám mây được tạo ra bằng cách đánh mạnh cà phê hòa tan, đường và nước nóng cho đến khi nó trở nên đặc và mịn như kem. Thức uống mê hoặc này nổi bật bởi vị ngọt đậm đà và cách trình bày hai lớp nổi bật, với bọt cà phê màu nâu vàng nổi trên nền sữa trắng.",75
949ecb7c-6024-56b4-88c4-3e27b40a1bc1,,,Nước ép lựu (Pomegranate Juice),DISH,56.25,0.42,0.0,14.17,0.42,12.5,2.08,85ac50db-ec45-4d0f-b644-c46a43621f31,,,"Nước ép lựu là một loại đồ uống có màu đỏ ruby ​​rực rỡ, mang ý nghĩa văn hóa trong ẩm thực Israel. Thức uống giàu chất chống oxy hóa này chứa nồng độ chất chống oxy hóa gấp ba lần so với rượu vang đỏ hoặc trà xanh, có hàm lượng vitamin C và kali đáng chú ý. Trong các nhà hàng Israel, nó thường được phục vụ tươi và nguyên chất, thường được phục vụ trong từng ly hoặc bình nhỏ, mang đến hương vị chua ngọt đặc trưng của món giải khát truyền thống Trung Đông này.",75
6c262845-f79a-5fba-97a5-62cc14c310e2,,,Sinh tố Acai (Acai Smoothie),DISH,57.08,0.42,0.95,12.69,1.06,11.21,7.4,85ac50db-ec45-4d0f-b644-c46a43621f31,,,"Acai Smoothie là một loại đồ uống pha trộn có quả acai xay nhuyễn của Brazil kết hợp với nước ép trái cây và quả mọng tươi. Món sinh tố này thường chứa 160-270 calo mỗi khẩu phần và rất giàu chất chống oxy hóa, mặc dù nó có thể chứa nhiều đường tự nhiên. Các biến thể phổ biến bao gồm chất tăng cường protein bổ sung, chất bổ sung vitamin hoặc chất bổ sung siêu thực phẩm, trong khi công thức cơ bản không có sữa tự nhiên và thường thân thiện với người ăn chay.",75
dffd8db8-e009-5ff1-8387-cab899f92360,,,Trà xanh hoa nhài mật ong (Hot Jasmine Green Tea with Honey),DISH,61.73,0.21,1.9,10.99,0.0,7.61,9.09,85ac50db-ec45-4d0f-b644-c46a43621f31,,,"Trà xanh hoa nhài nóng mật ong là thức uống có vị ngọt thường được phục vụ tại các quán trà boba, kết hợp trà xanh hương hoa nhài với mật ong và sữa. Việc chuẩn bị tại nhà hàng này thường bao gồm sữa từ sữa hoặc sữa không sữa và cho phép tùy chỉnh mức độ ngọt. Mặc dù mang lại lợi ích chống oxy hóa của trà xanh, loại đồ uống này có chứa lượng đường và calo bổ sung đáng kể, với khẩu phần 16 ounce thông thường cung cấp khoảng 290 calo và 36 gam đường.",75
90c50563-5074-5811-b6d0-79f1735ed721,,,Trà sữa Thái (Thai Milk Tea with Tapioca Pearls),INGREDIENT,95.14,0.85,2.54,16.91,0.11,12.69,31.71,85ac50db-ec45-4d0f-b644-c46a43621f31,,,"Trà sữa Thái trân châu trân châu là một loại đồ uống có vị ngọt kết hợp trà đen Thái đậm đà với sữa đặc có kem và bổ sung trân châu dai (boba). Thức uống hấp dẫn này có màu nâu cam đặc biệt và kết cấu kem đậm đà, thường được phục vụ lạnh với đá với những viên trân châu bột sắn màu sẫm, cỡ đá cẩm thạch ở phía dưới. Do hàm lượng đường và sữa đặc, đây là loại đồ uống có hàm lượng calo cao, có thể chứa 270-750 calo mỗi khẩu phần, mặc dù mức độ ngọt thường có thể được tùy chỉnh.",75
fb845480-d365-5942-b6f6-6b13e977d4d7,,,Bát sinh tố ăn sáng (Smoothie Breakfast Bowl),DISH,111.43,2.86,2.86,18.57,1.71,8.57,14.29,85ac50db-ec45-4d0f-b644-c46a43621f31,,,"Bát sinh tố ăn sáng là sự pha trộn đặc của các loại trái cây đông lạnh được phục vụ trong bát và trang trí với nhiều loại đồ ăn kèm khác nhau. Lớp nền thường bao gồm các loại trái cây đông lạnh hỗn hợp như quả mọng, chuối hoặc xoài, thường được tăng cường bằng sữa chua hoặc sữa thực vật để tạo độ kem. Những chiếc bát đậm đặc chất dinh dưỡng này thường được phủ các thành phần như granola, trái cây tươi, hạt hoặc quả hạch, mang đến sự kết hợp hài lòng giữa các kết cấu đồng thời cung cấp các vitamin, chất xơ và chất chống oxy hóa thiết yếu.",75
a06d203f-6f90-5a3a-812a-cf876dff499a,,,Trà lúa mạch (Bori Cha - Barley Tea),INGREDIENT,2.0,0.05,0.0,0.25,0.0,0.0,5.5,85ac50db-ec45-4d0f-b644-c46a43621f31,,,"Bori Cha là một loại trà lúa mạch truyền thống của Hàn Quốc được làm bằng cách ngâm lúa mạch rang trong nước, thường được dùng làm đồ uống hàng ngày trong các nhà hàng Hàn Quốc. Thức uống không chứa caffeine này mang lại hương vị đặc biệt, hơi đắng trong khi hầu như không chứa calo hoặc chất dinh dưỡng đa lượng. Thường được phục vụ lạnh hoặc ở nhiệt độ phòng, theo truyền thống, nó được thưởng thức không đường như một sự thay thế sảng khoái cho nước lọc trong suốt bữa ăn.",75
b47b2338-aeaf-59c6-8f54-af2704d5c29c,,,Trà Chai (Chai Tea),DISH,2.0,0.1,0.1,1.0,0.3,0.0,3.0,85ac50db-ec45-4d0f-b644-c46a43621f31,,,"Trà Chai là một loại đồ uống truyền thống của Ấn Độ được làm bằng cách pha trà đen với hỗn hợp gia vị ấm áp thường có chứa quế, bạch đậu khấu, đinh hương, gừng và hạt tiêu đen. Nó chứa hàm lượng caffeine vừa phải - ít hơn cà phê nhưng nhiều hơn trà xanh - và được pha chế theo truyền thống với sữa hấp và chất làm ngọt. Các loại gia vị này đóng góp chất chống oxy hóa đồng thời tạo ra hương thơm đặc trưng của nó, với các biến thể hiện đại thường sử dụng sữa có nguồn gốc thực vật để thích ứng không có sữa.",75
fdbcaaa4-2fcf-5a5f-bf35-c31c0969f754,,,Cà phê ủ lạnh (Cold Brew Coffee),DISH,5.63,0.16,0.0,0.85,0.0,0.85,2.82,85ac50db-ec45-4d0f-b644-c46a43621f31,,,"Cà phê ủ lạnh là một loại cà phê mịn, ít axit được làm bằng cách ngâm hạt cà phê hữu cơ trong nước lạnh trong thời gian dài. Phương pháp chiết xuất nhẹ nhàng này tạo ra một loại đồ uống có vị ngọt tự nhiên, đậm đà mà không có vị đắng thường thấy trong cà phê pha nóng truyền thống. Thường được phục vụ với đá hoặc pha loãng theo khẩu vị, bia lạnh cung cấp nguồn caffeine sạch với lượng calo tối thiểu và không thêm đường, khiến nó trở thành lựa chọn phổ biến cho những người tiêu dùng quan tâm đến sức khỏe.",75
51153270-b56d-5174-89ce-104d4634f3ac,,,Rượu mận (Plum Wine),DISH,181.82,13.64,0.0,43.18,0.0,18.18,500.0,85ac50db-ec45-4d0f-b644-c46a43621f31,,,"Rượu mận là một loại đồ uống có cồn ngọt của Nhật Bản được làm theo truyền thống từ ume (mận Nhật Bản) thông qua quá trình lên men với đường và rượu mạnh. Loại rượu vang kiểu tráng miệng này mang đến sự cân bằng đặc biệt giữa hương vị ngọt và chua với hương hạnh nhân tinh tế từ đá mận. Tại các nhà hàng Nhật Bản, nó thường được phục vụ ướp lạnh theo từng phần nhỏ như rượu khai vị hoặc rượu tráng miệng, mang đến sự bổ sung truyền thống cho sushi và các món ăn Nhật Bản khác.",75
99542681-e374-539c-a4d9-be61d5a4b1f3,,,Soda chanh gừng sả (Ginger Lemongrass Soda),DISH,16.9,0.0,0.0,4.23,0.0,4.23,5.63,85ac50db-ec45-4d0f-b644-c46a43621f31,,,"Soda Sả Gừng là một loại đồ uống thủ công thường thấy trong các nhà hàng kết hợp, có củ gừng tươi và sả thơm ngâm trong nước có ga. Loại nước ngọt thay thế mới mẻ này cho nước ngọt truyền thống thường chứa chất làm ngọt tự nhiên và cam quýt tươi, mang đến sự cân bằng tinh tế giữa vị cay, hương cam quýt và hương hoa. Cách pha chế tại nhà thường có vị nhẹ hơn, ít ngọt hơn so với nước ngọt bán sẵn, đồng thời mang lại lợi ích tiêu hóa của gừng tươi.",75
3eca61a3-f48f-5f59-9b6a-17ac7648f43b,,,Cà phê Armenia (Armenian Coffee),DISH,38.89,0.33,0.11,8.89,0.44,4.44,5.56,85ac50db-ec45-4d0f-b644-c46a43621f31,,,"Cà phê Armenia là một loại đồ uống cà phê đậm đặc truyền thống được pha chế bằng cách đun nóng từ từ cà phê xay siêu mịn với nước trong một chiếc bình đặc biệt gọi là jazzve. Thức uống có hương vị đậm đà này được đặc trưng bởi lớp bọt dày và lớp bọt đặc biệt, thường được tăng thêm bạch đậu khấu và đường để tạo hương vị. Theo truyền thống được phục vụ trong những chiếc cốc nhỏ (2-3 oz), món ăn đặc trưng của văn hóa này mang đến trải nghiệm cà phê đậm đà và mang tính nghi lễ hơn so với cà phê pha thông thường.",75
e7a27257-72c6-5146-8174-18386eee2b4a,,,Nước ép giải độc xanh (Green Detox Juice),DISH,34.41,0.81,0.2,6.28,0.2,6.07,23.28,85ac50db-ec45-4d0f-b644-c46a43621f31,,,"Nước ép giải độc xanh là một loại đồ uống giàu chất dinh dưỡng được làm chủ yếu từ các loại rau lá xanh tươi, rau họ cải và trái cây xanh như táo và chanh. Hỗn hợp nước trái cây tươi mát này đặc biệt giàu vitamin A và C, cung cấp hơn 100% nhu cầu vitamin C hàng ngày trong một khẩu phần thông thường. Thường có các thành phần như cải xoăn, dưa chuột và cần tây, nó cung cấp một nguồn dinh dưỡng tập trung từ thực vật trong khi vẫn có lượng calo tương đối thấp.",75
1ceb056f-2fbe-5d83-b0aa-5e9fb277e3ed,,,Tinh chất gừng (Ginger Shot),DISH,83.33,1.67,0.17,20.0,0.0,13.33,25.0,85ac50db-ec45-4d0f-b644-c46a43621f31,,,"Một cốc gừng là một loại đồ uống chăm sóc sức khỏe đậm đặc thường được phục vụ với khẩu phần 1-2 ounce tại các quán nước trái cây. Thức uống đậm đặc này chủ yếu bao gồm nước gừng nguyên chất thường được kết hợp với nước chanh và các thành phần bổ sung tối thiểu, mang lại một lượng gừng mạnh ở dạng ít calo. Những mũi tiêm này được thiết kế để tiêu thụ nhanh chóng và thường không chứa đường bổ sung, mang lại sự tăng cường tự nhiên với khoảng 15-40 calo mỗi khẩu phần.",75
d516bbb1-2903-5afd-a80c-56ff78a28d40,,,Bọt phô mai trà xanh hoa nhài (Cheese Foam Jasmine Green Tea),DISH,66.92,0.54,3.23,8.92,0.0,7.69,153.85,85ac50db-ec45-4d0f-b644-c46a43621f31,,,"Trà xanh hoa nhài bọt phô mai là một loại đồ uống châu Á hiện đại kết hợp trà xanh hoa nhài với lớp phủ bọt phô mai muối đặc biệt. Lớp bọt kem hơi mặn tạo nên sự tương phản sang trọng với vị trà thơm ngọt bên dưới, mang đến trải nghiệm uống độc đáo phổ biến ở các cửa hàng trân châu đương đại. Đồ uống giải khát này có hàm lượng calo và đường cao đáng kể, thường chứa hơn 400 calo mỗi khẩu phần do lớp trên cùng có nhiều bọt sữa và nền trà ngọt.",75
1a9e76f4-4fbb-58b4-82c2-0c34ad0dcd4e,,,Nước ép táo gừng (Apple Ginger Juice),INGREDIENT,41.44,1.06,0.21,9.94,3.17,6.77,3.17,85ac50db-ec45-4d0f-b644-c46a43621f31,,,"Nước ép gừng táo là một loại đồ uống giải khát thường thấy ở các quán trà boba, được làm bằng cách trộn táo tươi với củ gừng thơm ngon. Thức uống ngọt tự nhiên này thường được phục vụ ướp lạnh và có thể được tùy chỉnh với nhiều mức độ ngọt khác nhau để nếm thử. Sự kết hợp này cung cấp hàm lượng vitamin C đáng kể và lợi ích tiêu hóa từ gừng, trong khi chế phẩm ép tươi duy trì lợi ích dinh dưỡng của cả hai thành phần chính.",75
112d960f-0854-51ec-a948-315a254ab779,,,Trà hoa cúc (Chrysanthemum Tea),DISH,4.17,0.21,0.0,0.83,0.0,0.0,0.0,85ac50db-ec45-4d0f-b644-c46a43621f31,,,"Trà hoa cúc là một loại đồ uống truyền thống của Trung Quốc được làm bằng cách ngâm hoa cúc khô trong nước nóng, thay vì sử dụng lá trà. Loại trà có màu vàng này mang lại vị ngọt hoa tinh tế và thường được phục vụ với vị ngọt nhẹ trong các nhà hàng. Phổ biến trong y học cổ truyền Trung Quốc vì đặc tính chống viêm, thức uống không chứa caffeine này cung cấp nhiều chất chống oxy hóa và khoáng chất khác nhau trong khi hầu như không chứa calo khi không đường.",75
a6197e65-c27c-5f33-8158-cd2f69f4c17f,,,Sinh tố khoai môn thạch vải (Taro Smoothie with Lychee Jelly),DISH,109.09,1.69,3.38,19.03,0.63,14.69,33.83,85ac50db-ec45-4d0f-b644-c46a43621f31,,,"Sinh tố khoai môn với thạch vải là một loại đồ uống phổ biến ở quán trà sữa châu Á kết hợp giữa sinh tố khoai môn màu tím, kem với những miếng thạch dai có vị vải. Thức uống hấp dẫn này có hương vị khoai môn ngọt ngào giống như vani hòa quyện với sữa và đá, được bổ sung bởi những miếng thạch trong mờ tạo thêm độ tương phản về kết cấu. Mặc dù mang lại trải nghiệm hương vị độc đáo, đồ uống này có lượng đường và calo cao đáng kể, thường chứa khoảng 380 calo và 70g đường trong một khẩu phần ăn thông thường.",75
2176770f-9963-50ad-b57e-467a3e504cee,,,Nước ép cà rốt (Carrot Juice),INGREDIENT,40.25,0.85,0.17,9.32,0.85,8.47,58.05,85ac50db-ec45-4d0f-b644-c46a43621f31,,,"Nước ép cà rốt là đồ uống có màu cam sáng thường được làm bằng cách ép lạnh cà rốt tươi để bảo toàn hàm lượng chất dinh dưỡng tối đa. Thức uống ngọt tự nhiên này đặc biệt giàu beta-carotene, chất chuyển hóa thành vitamin A trong cơ thể, cung cấp hơn 250% giá trị hàng ngày cho mỗi khẩu phần 8 ounce. Tại các quán nước trái cây, nó thường được phục vụ nguyên chất hoặc có thể được tăng cường với các thành phần bổ sung như gừng hoặc táo để tăng thêm hương vị phức tạp.",75
a3dcd76b-f460-5c91-942c-c1e1b12c368a,,,Trà sữa đường nâu (Brown Sugar Milk Tea with Tapioca Pearls),INGREDIENT,54.12,1.27,1.69,8.46,0.0,7.4,38.05,85ac50db-ec45-4d0f-b644-c46a43621f31,,,"Trà sữa trân châu đường đen là thức uống có vị ngọt kết hợp giữa trà đen, sữa và trân châu dai trong siro đường nâu. Đặc sản cửa hàng trà boba này thường chứa 230-270 calo mỗi khẩu phần 16 ounce, với xi-rô có hương vị caramel sẫm màu tạo ra những vệt đặc biệt dọc theo thành cốc. Thức uống này có kết cấu béo ngậy, béo ngậy từ nền trà sữa, được bổ sung bởi độ dai đặc trưng của trân châu khoai mì, mặc dù hàm lượng đường có thể được tùy chỉnh theo yêu cầu.",75
33c6e077-41f1-5a9e-ae4f-0740bdd2273d,,,Trà đen (Black Tea),DISH,41.0,0.0,0.01,10.3,0.0,10.0,2.7,85ac50db-ec45-4d0f-b644-c46a43621f31,,,"Trà đen là một loại đồ uống Camellia sinensis được oxy hóa hoàn toàn có chứa hàm lượng caffeine vừa phải — khoảng một nửa lượng tìm thấy trong cà phê mỗi cốc — với các phiên bản có đường bổ sung hàm lượng đường đáng kể. Hương vị mạnh mẽ đặc trưng của nó bắt nguồn từ theaflavin được hình thành trong quá trình oxy hóa, chất chống oxy hóa có liên quan đến lợi ích tim mạch. Thường được phục vụ với đá ở dạng ngọt (đặc biệt là trong ẩm thực miền Nam Hoa Kỳ) hoặc nóng với chất làm ngọt, chế phẩm này cung cấp năng lượng nhanh chóng nhưng yêu cầu tiêu thụ thận trọng đối với những người theo dõi lượng đường bổ sung.",75
c3e012d7-a558-5029-9eb3-1996b2af0e36,,,Nước giải độc (Detox Water),DISH,21.67,0.83,0.67,3.33,1.83,1.33,0.83,85ac50db-ec45-4d0f-b644-c46a43621f31,,,"Nước giải độc là một loại đồ uống có hương vị tự nhiên được tạo ra bằng cách ngâm trái cây tươi, thảo mộc và rau củ vào nước lọc. Thường được phục vụ tại các quán cà phê chú trọng đến sức khỏe, món này thường có các thành phần như dưa chuột, trái cây họ cam quýt, bạc hà hoặc gừng, mang lại hương vị tinh tế và một lượng nhỏ vitamin và khoáng chất. Mặc dù thuật ngữ 'giải độc' phần lớn chỉ nhằm mục đích tiếp thị, nhưng thức uống giải khát này cung cấp một giải pháp thay thế lành mạnh, ít calo cho đồ uống có đường, đồng thời hỗ trợ quá trình hydrat hóa.",75
b9a03fc2-b7e6-56e6-9a63-9fa8e77d0e2d,,,Nước đóng chai (Bottled Water),DISH,0.0,0.0,0.0,0.0,0.0,0.0,0.0,85ac50db-ec45-4d0f-b644-c46a43621f31,,,"Nước đóng chai là nước tinh khiết được phục vụ trong chai nhựa kín tại các nhà hàng, thường có dung tích 16,9 oz (500ml). Đồ uống không calo này không chứa chất dinh dưỡng, chất phụ gia hoặc chất tạo hương vị, chỉ phục vụ thuần túy như hydrat hóa. Mặc dù về mặt dinh dưỡng giống với nước máy, nhưng nước đóng chai tại nhà hàng thường được tăng giá đáng kể so với giá bán lẻ.",75
16764035-5331-5919-a8cb-09c1e8235751,,,Nước ép táo Breton (Breton Apple Juice),INGREDIENT,47.92,0.21,0.0,11.67,0.42,10.42,6.25,85ac50db-ec45-4d0f-b644-c46a43621f31,,,"Nước ép táo Breton là đồ uống truyền thống của Pháp có nguồn gốc từ vùng Brittany, được chế biến từ táo trồng tại địa phương bằng các phương pháp lâu đời. Loại nước ép ngọt tự nhiên này có hương vị trái cây nhưng sắc nét đặc trưng của giống táo Breton và thường được phục vụ tươi và không lọc tại các loại bánh crepe chính thống của Pháp. Giàu chất chống oxy hóa tự nhiên và vitamin C, nó cung cấp một sự thay thế phức tạp và tinh tế hơn cho nước ép táo tiêu chuẩn.",75
7232ee54-9753-5fed-b9b6-12babc6a9511,,,Nước ép Calamansi (Calamansi Juice),DISH,44.0,0.0,0.0,10.8,0.2,10.6,4.0,85ac50db-ec45-4d0f-b644-c46a43621f31,,,"Nước ép Calamansi là đồ uống truyền thống của Philippines được làm từ một loại trái cây họ cam quýt đặc biệt là giống lai giữa quất và cam quýt. Thức uống giải khát này thường kết hợp hương vị cam quýt tươi sáng, phức hợp của trái cây với chất làm ngọt bổ sung để cân bằng vị chua tự nhiên, tạo nên hương vị nhiệt đới độc đáo. Giàu vitamin C và chất chống oxy hóa, loại nước ép đa năng này vừa được phục vụ như một loại đồ uống giải khát vừa được sử dụng như một thành phần hương liệu trong các món ăn khác nhau của Philippines.",75
693215cb-b842-51ca-a770-d11258be5f75,,,Bia gốc float (Root Beer Float),DISH,134.0,1.6,4.8,23.0,0.0,18.4,48.0,85ac50db-ec45-4d0f-b644-c46a43621f31,,,"Root beer float là một loại đồ uống tráng miệng cổ điển của Mỹ được làm bằng cách kết hợp kem vani với soda bia có ga. Trong bối cảnh nhà hàng thịt nướng, món ăn hấp dẫn này thường có nhiều muỗng kem vani hảo hạng tạo ra bọt kem khi rưới bia lạnh lên trên. Phiên bản nhà hàng này có xu hướng đặc biệt phong phú, chứa một lượng đường và calo đáng kể, đồng thời mang đến sự kết hợp hoài cổ giữa kết cấu kem và sủi bọt.",75
814902a4-dbe5-5451-b920-17ac7236010a,,,Soda việt quất (Blueberry Soda),INGREDIENT,47.89,0.0,0.0,11.83,0.0,10.7,4.23,85ac50db-ec45-4d0f-b644-c46a43621f31,,,"Soda việt quất được phục vụ tại các quán hải sản ở New England là đồ uống thủ công truyền thống được làm từ nước ép việt quất tự nhiên, đường mía nguyên chất và nước có ga. Đặc sản vùng này thường có quả việt quất Maine, tạo ra hương vị trái cây chân thực hơn so với các loại nước ngọt được sản xuất hàng loạt. Là món ăn kèm truyền thống cho món tôm hùm cuộn và các món hải sản khác, loại nước giải khát cao cấp này mang đến hương vị ngọt ngào, sảng khoái với màu xanh tím đậm đặc trưng của trái cây thật.",75
4506eefb-4d94-53d9-a430-92ada0100f37,,,Nước ép chanh gừng nghệ (Lemon Ginger Turmeric Juice),DISH,27.78,1.11,0.0,5.56,0.0,3.33,4.44,85ac50db-ec45-4d0f-b644-c46a43621f31,,,"Nước ép chanh gừng nghệ là một loại đồ uống tập trung vào sức khỏe, kết hợp nước chanh tươi với chiết xuất từ ​​​​gừng và củ nghệ. Thức uống tươi sáng, thơm ngon này thường được pha chế tươi tại các quầy nước trái cây, thường được tăng cường chất làm ngọt tự nhiên hoặc nước ép trái cây để cân bằng hương vị đậm đà của nó. Đồ uống này đặc biệt có lượng calo thấp đồng thời cung cấp các đặc tính chống viêm của các thành phần chính, khiến nó trở thành lựa chọn phổ biến cho những người tiêu dùng quan tâm đến sức khỏe đang tìm kiếm sự tăng cường tự nhiên.",75
0699a731-21f9-531d-970f-11a51813b1e2,,,Nước có ga cam quýt (Sparkling Water with Citrus),DISH,0.0,0.0,0.0,0.0,0.0,0.0,3.17,85ac50db-ec45-4d0f-b644-c46a43621f31,,,"Nước có ga với cam quýt là một loại đồ uống giải khát kết hợp nước có ga với các loại cam quýt tươi trang trí, điển hình là chanh hoặc chanh. Đồ uống không calo này được phục vụ ướp lạnh, thường trong đồ thủy tinh có cuống và cung cấp một giải pháp thay thế tinh tế cho nước lọc hoặc đồ uống có đường. Các loại dầu cam quýt tự nhiên và cacbonat tạo ra cảm giác tươi sáng, sạch sẽ, đặc biệt bổ sung cho các món hải sản.",75
b22cd163-ceb1-57df-aef2-b6b49e4d7c1a,,,Nước ép chanh dây (Maracuya Juice),DISH,45.83,0.42,0.0,7.92,0.21,7.08,2.08,85ac50db-ec45-4d0f-b644-c46a43621f31,,,"Nước ép Maracuya là đồ uống truyền thống của Peru được làm từ chanh dây, thường được phục vụ tại các nhà hàng gà Peru. Thức uống được pha chế tự nhiên này có hương vị chua ngọt đặc trưng của trái cây nhiệt đới và thường được phục vụ ướp lạnh như một món ăn kèm sảng khoái cho bữa ăn. Giàu vitamin C, đồ uống này thường được làm từ chanh dây tươi hoặc nguyên chất xay nhuyễn với lượng chất ngọt tối thiểu bổ sung, duy trì hương vị nguyên chất và lợi ích dinh dưỡng.",75
30573793-a7ab-5e19-ab15-0028a2ea5a14,,,Sữa lắc Speculoos (Speculoos Milkshake),INGREDIENT,190.27,3.81,9.09,24.52,0.42,19.03,84.57,85ac50db-ec45-4d0f-b644-c46a43621f31,,,"Sữa lắc Speculoos là một loại đồ uống lấy cảm hứng từ Bỉ, pha trộn kem với bơ bánh quy speculoos, một loại phết làm từ bánh quy bơ có gia vị. Thức uống tráng miệng đậm đà này có hương vị đặc biệt của đường caramen và các loại gia vị ấm áp như quế, gừng và nhục đậu khấu. Món sữa lắc đặc, dạng kem đặc biệt chứa nhiều calo, thường chứa khoảng 900 calo mỗi khẩu phần, khiến nó trở thành một món ăn đặc biệt hấp dẫn.",75
133c3a2d-f4e9-5fb9-b538-8b9d4c749985,,,Đồ uống mận chua (Sour Plum Drink),DISH,80.0,0.16,0.04,20.0,0.2,16.0,12.0,85ac50db-ec45-4d0f-b644-c46a43621f31,,,"Đồ uống mận chua là đồ uống truyền thống của Trung Quốc được làm từ mận bảo quản, quả táo gai và các thành phần thơm như rễ cam thảo và vỏ cam. Thức uống giải khát này có hương vị chua ngọt đặc biệt cân bằng với hương thảo dược tinh tế. Theo truyền thống được đánh giá cao trong văn hóa Trung Quốc vì đặc tính làm mát, nó thường được phục vụ ướp lạnh như một loại đồ uống làm dịu cơn khát trong các nhà hàng Trung Quốc.",75
301d086d-8456-5da1-bb77-e61c873528c9,,,Sữa lắc dâu tây (Strawberry Milkshake),INGREDIENT,126.85,2.11,5.29,18.18,0.21,15.86,42.28,85ac50db-ec45-4d0f-b644-c46a43621f31,,,"Sữa lắc dâu tây là một loại đồ uống kem pha trộn được làm từ kem vani, sữa và hương dâu, thường được phục vụ trong các tiệm kem và nhà hàng. Thức uống hấp dẫn này thường được phủ kem tươi lên trên và thường bao gồm các đồ trang trí bổ sung như quả anh đào maraschino hoặc miếng dâu tây. Là một loại đồ uống tráng miệng phong phú, nó chứa một lượng đường và calo đáng kể, thường cung cấp 500-600 calo mỗi khẩu phần do có kem và lớp phủ ngọt trên bề mặt.",75
a79aeaff-7676-5a1a-8f00-6884c9b50698,,,Trà xanh Matcha Latte (Green Tea Matcha Latte),DISH,53.52,2.96,1.41,7.04,0.0,7.04,28.17,85ac50db-ec45-4d0f-b644-c46a43621f31,,,"Trà xanh Matcha Latte là đồ uống được làm bằng cách kết hợp bột trà xanh (matcha) cấp nghi lễ với sữa hấp và thường bao gồm chất làm ngọt trong các chế phẩm của nhà hàng. Thức uống dạng kem này mang lại lợi ích chống oxy hóa của trà xanh đậm đặc đồng thời cung cấp khoảng 190 calo mỗi khẩu phần 12 ounce khi pha với 2% sữa. Đồ uống này có thể được tùy chỉnh với nhiều loại sữa thay thế và mức độ ngọt khác nhau, đồng thời thường được phục vụ nóng hoặc thêm đá.",75
d2dde1c8-635c-5907-ac38-f908b3175266,,,Sữa lắc (Milkshakes),INGREDIENT,263.39,5.36,9.82,40.18,0.22,31.25,98.21,85ac50db-ec45-4d0f-b644-c46a43621f31,,,"Sữa lắc là một loại đồ uống tráng miệng cổ điển của Mỹ được làm bằng cách trộn kem cao cấp với sữa cho đến khi đặc và mịn như kem. Các chế phẩm cho bữa tối truyền thống có khẩu phần phong phú phủ kem tươi và anh đào maraschino, thường được phục vụ trong ly cao với các hương vị tùy chọn như sô cô la, vani hoặc dâu tây. Những món ăn hấp dẫn này đặc biệt giàu calo, thường chứa 500-1000 calo mỗi khẩu phần, với các tùy chọn tùy chỉnh bao gồm các món trộn như miếng bánh quy hoặc trái cây.",75
9252d759-92cc-5019-99d8-67232bf8732d,,,Nước giải độc dưa chuột bạc hà (Cucumber Mint Detox Water),INGREDIENT,1.67,0.04,0.0,0.42,0.04,0.42,0.83,85ac50db-ec45-4d0f-b644-c46a43621f31,,,"Nước giải độc dưa chuột bạc hà là một loại đồ uống được pha chế tự nhiên bao gồm các lát dưa chuột tươi và lá bạc hà trong nước tinh khiết. Thức uống sảng khoái, hầu như không chứa calo này được thiết kế để tăng cường hydrat hóa đồng thời mang lại hương vị tự nhiên tinh tế và các lợi ích tiêu hóa tiềm năng. Phổ biến tại các quán nước trái cây và cơ sở chăm sóc sức khỏe, loại nước pha này mang đến một giải pháp thay thế sảng khoái cho nước thường đồng thời hỗ trợ các quá trình giải độc tự nhiên.",75
09e2ee9b-dc9a-564b-a639-2f86a1e2ada8,,,Soda Ý (Italian Soda),DISH,36.62,0.0,0.0,8.73,0.0,8.73,9.86,85ac50db-ec45-4d0f-b644-c46a43621f31,,,"Soda Ý là một loại đồ uống có ga sảng khoái được làm bằng cách kết hợp xi-rô có hương vị với nước có ga, thường được phục vụ trong các tiệm bánh pizza và nhà hàng Ý. Thức uống không chứa caffeine này thường có hương vị từ trái cây như cam đỏ, quả mâm xôi hoặc chanh, tạo ra vị ngọt và sủi bọt khác biệt với nước ngọt truyền thống. Mặc dù công thức nấu ăn khác nhau tùy theo cơ sở, nhưng soda Ý có đặc điểm là hương vị tươi sáng và vẻ ngoài trong trẻo, đôi khi được trang trí bằng một lát cam quýt hoặc anh đào.",75
d4954c83-8f67-5b51-a831-6f8218f0af98,,,Trà bí đao thạch cỏ (Wintermelon Tea with Grass Jelly),DISH,59.22,0.17,0.08,14.38,0.08,11.84,3.38,85ac50db-ec45-4d0f-b644-c46a43621f31,,,"Trà bí đao với thạch cỏ là một loại đồ uống có đường phổ biến ở các cửa hàng trà sữa châu Á, kết hợp trà ngâm bí đao với những viên thạch cỏ thảo mộc. Đồ uống này có vị ngọt caramel-mật ong đặc biệt từ mứt bí đao, được bổ sung bởi hương thảo mộc dịu nhẹ và kết cấu dai của những miếng thạch cỏ sẫm màu. Đồ uống này thường chứa lượng đường bổ sung cao, mặc dù nhiều cửa hàng cung cấp mức độ ngọt có thể tùy chỉnh.",75
a1768bd1-58af-51ea-8268-4fbb6c7ce5ff,,,Trà đá chanh gừng (Ginger-Lime Iced Tea),DISH,2.08,0.0,0.0,0.42,0.0,0.42,2.08,85ac50db-ec45-4d0f-b644-c46a43621f31,,,"Trà đá chanh gừng là một loại đồ uống kết hợp sảng khoái kết hợp gia vị ấm của gừng tươi với hương cam quýt tươi sáng trong đồ uống có nguồn gốc từ trà. Loại đồ uống có hàm lượng calo thấp tự nhiên này thường có trà pha tại nhà được pha với củ gừng tươi và nước cốt chanh, mang lại cả lợi ích về tiêu hóa và đặc tính hỗ trợ miễn dịch. Sự pha trộn tinh tế mang đến sự kết hợp cân bằng giữa vị cay, vị chua và ngọt tinh tế, đặc trưng của ẩm thực kết hợp California.",75
a733e2c7-c774-5767-a85b-cd22988efc56,,,Nước cam ép tươi (Freshly Squeezed Orange Juice),INGREDIENT,46.67,0.83,0.21,10.42,0.21,8.75,0.83,85ac50db-ec45-4d0f-b644-c46a43621f31,,,"Nước cam ép tươi là loại đồ uống nguyên chất được sản xuất bằng cách chiết xuất cơ học nước ép trực tiếp từ cả quả cam tại thời điểm phục vụ. Loại nước ép chưa qua chế biến này vẫn giữ được lợi ích dinh dưỡng tối đa, cung cấp hơn 100% nhu cầu Vitamin C hàng ngày cho mỗi khẩu phần 8 ounce, cùng với các chất chống oxy hóa và khoáng chất tự nhiên. Không giống như các loại chế biến thương mại, chế phẩm tươi này không chứa thêm đường, chất bảo quản hoặc thành phần nhân tạo, mặc dù nó có chứa đường trái cây tự nhiên và khoảng 110 calo mỗi khẩu phần.",75
96db89ca-2d9f-5a64-b8fb-845ceaedaa2a,,,Kem trứng New York (New York Egg Cream),DISH,108.33,1.14,3.79,17.8,0.0,12.12,45.45,85ac50db-ec45-4d0f-b644-c46a43621f31,,,"Kem trứng New York là một loại đồ uống cổ điển, mặc dù có tên như vậy nhưng không chứa trứng và kem. Thức uống mang tính biểu tượng này bao gồm xi-rô sô cô la, sữa lạnh và nước lọc được kết hợp cẩn thận để tạo ra lớp bọt đặc trưng và kết cấu kem. Cách chế biến truyền thống trong các cửa hàng bánh mì tròn và đồ nguội mang lại một loại đồ uống sảng khoái nhẹ hơn sữa lắc trong khi vẫn giữ được hương vị sô cô la đậm đà và sủi bọt đặc biệt.",75
ff7a8b5e-e576-5961-af47-c8665857d5b5,,,Rượu vang Feteasca Neagră (Feteasca Neagră Wine),DISH,29.33,0.0,0.0,8.33,0.0,4.6,2.0,85ac50db-ec45-4d0f-b644-c46a43621f31,,,"Feteasca Neagră là một loại rượu vang đỏ đặc biệt của Romania được làm từ giống nho bản địa cùng tên. Loại rượu vang có độ đậm vừa phải này có hương vị đậm đà của dâu đen và mận khô, được bổ sung bởi hương vị tinh tế của hạt tiêu đen và cà phê. Thường được phục vụ ở nồng độ cồn 12,5-14%, nó kết hợp đặc biệt tốt với các loại thịt đỏ và pho mát lâu năm, đại diện cho một trong những loại rượu vang nổi tiếng nhất của Romania.",75
b20ddb7a-25ed-5492-946a-2fbb186c53fe,,,Trà Trung Quốc (Chinese Tea),DISH,0.83,0.0,0.0,0.21,0.0,0.0,2.08,85ac50db-ec45-4d0f-b644-c46a43621f31,,,"Trà Trung Quốc được phục vụ tại các nhà hàng Lẩu thường là trà ô long nhẹ hoặc trà hoa nhài được cung cấp suốt bữa ăn và được bổ sung miễn phí. Đồ uống không chứa calo này vừa có tác dụng làm sạch vòm miệng vừa hỗ trợ tiêu hóa, theo truyền thống, nó được kết hợp với việc ăn lẩu để cân bằng hương vị cay và các món ăn phong phú. Trà thường được phục vụ nóng và không đường, mang lại hương hoa tinh tế hoặc mùi nướng tùy thuộc vào loại trà.",75
5f7d3b40-3a7d-5882-801f-5a77d0824dbb,,,Nước ép Buko (Buko Juice),DISH,59.17,0.79,2.0,12.08,0.79,8.0,25.0,85ac50db-ec45-4d0f-b644-c46a43621f31,,,"Nước ép Buko là đồ uống truyền thống của Philippines được làm từ nước dừa non tươi ăn kèm với những miếng cùi dừa mềm. Thức uống dưỡng ẩm tự nhiên này rất giàu chất điện giải bao gồm kali, magiê và canxi, khiến nó trở thành một lựa chọn giải khát tuyệt vời. Việc bao gồm các dải cùi dừa tươi sẽ tạo thêm vị ngọt tinh tế và kết cấu độc đáo cho đồ uống, mặc dù một số chế phẩm có thể bao gồm thêm chất làm ngọt như đường hoặc sữa đặc.",75
da01d56e-cedc-5186-b540-b4adf815b03e,,,Nước ép Lingonberry (Lingonberry Juice),DISH,55.0,0.7,0.5,11.0,3.0,8.0,5.0,85ac50db-ec45-4d0f-b644-c46a43621f31,,,"Nước ép Lingonberry là một loại đồ uống truyền thống của Bắc Âu được làm từ quả nam việt quất hoang dã, được biết đến với màu hồng ngọc tươi sáng và hương vị chua ngọt đặc biệt. Loại nước ép đậm đặc chất dinh dưỡng này rất giàu chất chống oxy hóa, vitamin C và khoáng chất một cách tự nhiên, trong khi vẫn chứa lượng calo tương đối thấp. Thường được phục vụ trong các nhà hàng Bắc Âu, nó cung cấp một lựa chọn thay thế mới mẻ cho các loại nước ép trái cây thông thường và vừa là sự lựa chọn đồ uống có lợi cho sức khỏe vừa là món ăn văn hóa.",75
5e065585-8bdc-5b69-a513-d98ccd0b1154,,,Cà phê mocha có đường (Sweetened Mocha Coffee Drink),DISH,60.0,1.48,0.98,11.4,0.0,9.23,31.0,85ac50db-ec45-4d0f-b644-c46a43621f31,,,"Đồ uống cà phê mocha có đường kết hợp espresso với hương vị sô cô la và thêm chất làm ngọt, tạo ra đồ uống có chứa caffein giống như món tráng miệng. Thường được pha chế với sữa hấp hoặc kem, thức uống này chứa nhiều đường và calo hơn đáng kể so với cà phê đen đồng thời cung cấp hàm lượng caffeine mạnh tương đương với các loại cà phê tiêu chuẩn. Các tùy chỉnh thường bao gồm lớp phủ kem đánh bông, các biến thể xi-rô hoặc các sản phẩm thay thế sữa để điều chỉnh độ ngọt và hàm lượng chất béo.",75
c2b7380a-c5ef-54a5-8df6-e0b6543ae5c7,,,Cà phê đá (Iced Coffee),DISH,200.0,4.0,4.0,38.0,0.0,35.0,70.0,85ac50db-ec45-4d0f-b644-c46a43621f31,,,"Cà phê đá là một loại đồ uống cà phê ướp lạnh thường được phục vụ trên đá, có chứa hàm lượng caffeine tương đương với cà phê nóng tùy thuộc vào phương pháp pha cà phê. Nó có thể được pha chế bằng cách làm nguội nhanh cà phê pha nóng hoặc kỹ thuật pha lạnh giúp chiết xuất hương vị chậm hơn, thường mang lại hương vị mượt mà hơn. Trong khi các phiên bản đơn giản có lượng calo thấp tự nhiên, các chất bổ sung phổ biến như chất làm ngọt, xi-rô có hương vị và các sản phẩm từ sữa làm tăng đáng kể hàm lượng đường và chất béo, cần phải cân nhắc để theo dõi chế độ ăn uống.",75
c64598f6-61e5-5c66-bde1-d3a90eeab264,,,Nước chanh bạc hà (Lemon Mint Drink),DISH,16.0,0.05,0.0,5.0,0.2,2.0,2.5,85ac50db-ec45-4d0f-b644-c46a43621f31,,,"Nước chanh bạc hà là một loại đồ uống giải khát của Trung Đông kết hợp nước chanh tươi, lá bạc hà nghiền nát và nước ngọt. Thức uống truyền thống của Jordan này thường được phục vụ ướp lạnh với đá, mang đến sự cân bằng hoàn hảo giữa vị chua của cam quýt và hương bạc hà mát lạnh. Mặc dù cung cấp vitamin C tự nhiên từ chanh tươi, nhưng mức độ ngọt có thể thay đổi tùy theo cách chế biến, với các phiên bản nhà hàng thường có một lượng đường bổ sung vừa phải để cân bằng vị cam quýt.",75
a3116dfb-8e16-59eb-87b1-7093bf36a641,,,Trà sữa khoai môn (Taro Bubble Tea),DISH,68.36,1.02,2.03,11.51,0.17,6.09,25.38,85ac50db-ec45-4d0f-b644-c46a43621f31,,,"Trà bong bóng khoai môn là một loại đồ uống có vị ngọt, kem đặc trưng bởi màu hoa oải hương đặc biệt và những viên trân châu đen dai (boba) được phục vụ ở phía dưới. Trà sữa lạnh này kết hợp hương vị củ khoai môn với sữa hoặc sữa thực vật và trà đen, thường được phục vụ theo khẩu phần 16-20 oz. Mặc dù phổ biến như một món ăn giải khát nhưng nó lại có lượng đường và calo cao đáng kể, với một khẩu phần tiêu chuẩn chứa khoảng 270-500 calo tùy thuộc vào các lựa chọn chuẩn bị và tùy chỉnh.",75
019cd24c-d948-55be-8b3a-65cc62b20fb3,,,Trà dâm bụt ủ lạnh (Cold Brewed Hibiscus Tea),DISH,2.82,0.0,0.0,0.85,0.0,0.85,1.41,85ac50db-ec45-4d0f-b644-c46a43621f31,,,"Trà dâm bụt ủ lạnh là một loại đồ uống tự nhiên không chứa caffeine, được làm bằng cách ngâm hoa dâm bụt khô trong nước mát, tạo ra thứ trà có màu đỏ ruby ​​rực rỡ với hương vị chua chua giống như quả mọng. Thức uống giàu chất chống oxy hóa này thường được phục vụ trên đá trong các quán trà sữa trân châu, nơi nó có thể được tùy chỉnh với nhiều chất làm ngọt và lớp phủ khác nhau. Quá trình ủ lạnh tạo ra hương vị mịn màng, sảng khoái đồng thời vẫn giữ được các hợp chất có lợi của trà, bao gồm vitamin C và chất chống oxy hóa thực vật tự nhiên.",75
bc3e957b-6e71-513e-9e59-f41e582ae450,,,Cà phê Bỉ (Belgian Coffee),DISH,29.17,0.0,0.83,5.0,0.0,5.0,20.83,85ac50db-ec45-4d0f-b644-c46a43621f31,,,"Cà phê Bỉ là một loại đồ uống cà phê nóng được phục vụ theo truyền thống tại các cơ sở bánh quế của Bỉ. Loại cà phê pha chế tại nhà hàng này thường được pha để bổ sung cho các món bánh quế phong phú và có thể được phục vụ với kem, đường hoặc xi-rô có hương vị để tùy chỉnh. Mặc dù tương tự như cà phê pha tiêu chuẩn, nó thường được pha chế chú ý đến chất lượng và cách trình bày để phù hợp với trải nghiệm ăn uống.",75
43c3daf4-c338-5dbd-b080-bd52d8a11c34,,,Đồ uống Zobo (Zobo Drink),DISH,37.13,0.84,0.04,8.44,0.21,8.23,2.11,85ac50db-ec45-4d0f-b644-c46a43621f31,,,"Zobo là đồ uống truyền thống của Nigeria được làm từ hoa dâm bụt khô (Hibiscus sabdariffa), thường được phục vụ ướp lạnh. Thức uống có màu đỏ đậm, rực rỡ này thường được tăng cường với dứa, gừng hoặc các loại trái cây và gia vị khác trong chế biến tại nhà hàng, tạo ra sự pha trộn sảng khoái giữa hương vị ngọt và chua. Giàu chất chống oxy hóa và vitamin C, Zobo cung cấp lượng calo thấp tự nhiên có thể được tùy chỉnh bằng nhiều chất làm ngọt và bổ sung trái cây.",75
5dcceed2-6203-59d7-a73e-8c09069cc974,,,Trà sữa khoai môn (Taro Milk Tea with Tapioca Pearls),INGREDIENT,38.69,1.27,1.27,6.77,0.32,4.02,26.43,85ac50db-ec45-4d0f-b644-c46a43621f31,,,"Trà sữa khoai môn là một loại đồ uống ngọt kết hợp giữa trà đen, sữa và bột củ khoai môn tạo nên màu hoa oải hương đặc trưng và hương vị hạt dẻ phảng phất. Loại trà trân châu phổ biến này thường được phục vụ lạnh với trân châu khoai mì dai (boba) ở dưới cùng và có thể tùy chỉnh theo mức độ ngọt. Mặc dù mang lại trải nghiệm uống rượu thú vị nhưng nó đặc biệt chứa nhiều carbohydrate và đường, với khẩu phần 16 ounce thông thường chứa khoảng 270 calo và 47 gam carbohydrate.",75
80099374-956f-5cce-9160-4a2c2f04501b,,,Trà sữa ô long trân châu (Oolong Milk Tea with Tapioca Pearls),INGREDIENT,89.43,0.63,4.23,15.01,0.11,10.78,31.71,85ac50db-ec45-4d0f-b644-c46a43621f31,,,"Trà sữa ô long trân châu là một thức uống có vị ngọt kết hợp giữa trà ô long pha, sữa và trân châu đen dai uống lạnh. Loại trà trân châu phổ biến này có nền trà béo ngậy, béo ngậy được bổ sung bởi kết cấu đặc biệt của những viên bột sắn cỡ đá cẩm thạch được phục vụ ở đáy đồ uống. Một khẩu phần 16 ounce thông thường chứa lượng calo đáng kể (350-500) do chất làm ngọt, hàm lượng sữa và trân châu bột sắn giàu tinh bột, mặc dù cường độ ngọt và lựa chọn sữa có thể được tùy chỉnh.",75
