id,created_at,updated_at,name,type,calories_per_100g,protein_per_100g,fat_per_100g,carbs_per_100g,fiber_per_100g,sugar_per_100g,sodium_mg_per_100g,category_id,default_serving_id,image_url,description,health_score
a4739617-5b89-5089-b32c-bab0523bc202,,,Súp nước dùng gà ăn liền (Instant Chicken Broth Soup),INGREDIENT,267.0,16.7,13.9,18.0,0.0,17.4,23900.0,858156f4-0c43-40f6-b7d6-9d2f1d491e33,,,"Súp nước dùng gà ăn liền là sản phẩm gia vị khử nước được thiết kế để tạo ra nước dùng thơm ngon nhanh chóng bằng cách hòa tan trong nước nóng. Mặc dù tiện lợi nhưng nó thường chứa hàm lượng natri cao và có thể bao gồm các chất phụ gia như bột ngọt (MSG) hoặc chất tăng cường hương vị nhân tạo để bắt chước nước luộc chậm. Loại thực phẩm chủ yếu này dùng làm cơ sở cho các món súp, nước sốt và các món ngũ cốc nhưng những người theo dõi lượng muối nên sử dụng một cách thận trọng.",75
a51b79f8-1ba5-5c95-9768-06cca4945da7,,,"Súp mì gà ăn liền có hương vị (Instant Chicken Noodle Soup, Flavored)",INGREDIENT,377.0,15.42,6.51,62.32,3.2,1.9,3643.0,858156f4-0c43-40f6-b7d6-9d2f1d491e33,,,"Phở gà ăn liền (khô) là thực phẩm tiện lợi có giá bán ổn định, kết hợp mì khô với bột hương gà chứa gia vị, rau khô và nước dùng đậm đặc. Được thiết kế để chuẩn bị nhanh chóng, nó được pha chế thành súp làm từ nước dùng với nước nóng nhưng thường chứa hàm lượng natri cao—thường vượt quá 800mg mỗi khẩu phần—cùng với các chất phụ gia như bột ngọt (MSG) để tăng hương vị. Mặc dù cung cấp lượng carbohydrate vừa phải từ mì và lượng protein tối thiểu, nhưng nó đóng vai trò như một món ăn chủ yếu trong tủ đựng thức ăn di động hơn là một bữa ăn cân bằng dinh dưỡng.",75
13a80ed0-0e63-5d2d-a72c-6c29258c54b6,,,Súp mì chay ăn liền (Instant Vegetarian Noodle Soup),DISH,440.0,10.2,17.6,60.3,2.9,1.98,1860.0,858156f4-0c43-40f6-b7d6-9d2f1d491e33,,,"Bún chay ăn liền là một bữa ăn tiện lợi có sẵn trong kho bao gồm rau củ đã khử nước, gia vị và mì nấu sẵn được thiết kế để chuẩn bị nhanh chóng. Mặc dù được tiếp thị là có nguồn gốc từ thực vật, nhiều loại phụ thuộc nhiều vào các chất tăng hương vị giàu natri như bột ngọt và thiếu lượng protein hoặc chất xơ đáng kể so với các phiên bản mới làm. Mì thường được chiên nhanh trong quá trình chế biến, góp phần tạo ra hàm lượng chất béo cao hơn so với các loại mì thay thế được sấy khô trong không khí, mặc dù sản phẩm này vẫn được ưa chuộng vì thời gian nấu tối thiểu và khả năng tiếp cận người ăn chay.",75
aac0bfd8-8a77-5a9e-9963-1406d10f2c12,,,Súp đậu lăng (Lentil Soup),DISH,64.0,3.93,1.19,9.63,1.95,0.8,202.0,858156f4-0c43-40f6-b7d6-9d2f1d491e33,,,"Súp đậu lăng là một món ăn giàu chất dinh dưỡng gồm đậu lăng nấu chín ninh với các loại rau như cà rốt, hành tây và cà chua trong nước dùng có gia vị. Bữa ăn giàu protein và chất xơ này cung cấp lượng sắt và folate đáng kể, với nhiều biến thể từ các món ăn toàn cầu, từ các phiên bản tẩm gia vị của Ma-rốc đến các chế phẩm tẩm thảo mộc của Ý. Kết cấu của nó từ dai đến nhuyễn tùy thuộc vào loại đậu lăng và nó dễ dàng thích ứng với nhu cầu ăn chay, không chứa gluten hoặc ít chất béo trong khi vẫn duy trì được cảm giác hài lòng.",75
e40d0217-0ac9-5231-92b9-70478438f67e,,,Súp mì gà ăn liền (Instant Chicken Noodle Soup),INGREDIENT,377.0,15.4,6.51,62.3,3.2,1.9,3402.0,858156f4-0c43-40f6-b7d6-9d2f1d491e33,,,"Súp phở gà ăn liền là một bữa ăn khử nước có sẵn trong thời gian bảo quản bao gồm mì khô, rau và gia vị được pha chế bằng nước nóng. Mặc dù tiện lợi nhưng nó thường chứa lượng natri cao hơn đáng kể so với các phiên bản tự làm và cung cấp ít protein hơn do hàm lượng thịt gà thực tế rất ít. Nước cốt thường có hương vị từ bột gia vị và chất bảo quản, khiến nó trở thành một lựa chọn nhanh chóng nhưng hạn chế về mặt dinh dưỡng so với các chế phẩm tươi.",75
2837e525-df71-57c8-ba5a-3bf5c3f05b02,,,Súp mì ăn liền vị cay (Spicy Instant Noodle Soup),DISH,433.0,9.6,15.6,58.5,3.0,3.0,1807.0,858156f4-0c43-40f6-b7d6-9d2f1d491e33,,,"Mì ăn liền cay là một loại thực phẩm tiện lợi đóng gói sẵn bao gồm mì đã khử nước kết hợp với hỗn hợp bột gia vị thường chứa ớt, tỏi và chất tăng hương vị nhân tạo. Mặc dù được đánh giá cao nhờ chế biến nhanh chóng và hương vị đậm đà, bữa ăn ổn định này thường chứa hàm lượng natri cực cao—thường vượt quá 1500mg mỗi khẩu phần—cùng với chất bảo quản và bột ngọt (MSG). Quá trình nấu chỉ đơn giản yêu cầu luộc mì trong nước trước khi cho gói gia vị vào, nhưng nhược điểm về dinh dưỡng bao gồm lượng protein tối thiểu, chất xơ không đáng kể và chất béo chuyển hóa tiềm ẩn từ dầu cọ ở một số nhãn hiệu.",75
656aecd9-a460-5113-96a0-95df70692bc3,,,Súp cà chua (Tomato Soup),DISH,64.8,1.24,1.46,11.7,0.6,6.5,467.0,858156f4-0c43-40f6-b7d6-9d2f1d491e33,,,"Súp cà chua là một món ăn ấm, dạng lỏng, chủ yếu bao gồm cà chua nấu chín trộn với các chất thơm như hành, tỏi và rau thơm. Món súp này cung cấp đáng kể lycopene — một chất chống oxy hóa có liên quan đến sức khỏe tim mạch — và vitamin C, mặc dù hàm lượng natri khác nhau giữa các phiên bản tự làm và thương mại. Các chế phẩm làm từ kem mang lại kết cấu đậm đà hơn với hàm lượng chất béo cao hơn, trong khi các loại làm từ nước dùng duy trì cấu hình nhẹ hơn, thường được dùng kèm với bánh mì kẹp phô mai nướng để tạo nên một món ăn cổ điển kết hợp thoải mái.",75
d0f00e6b-b7f8-549a-bffa-1393fa89585a,,,Súp rau củ thịt bò (Beef Vegetable Soup),DISH,50.0,3.14,1.11,6.89,1.3,1.18,307.0,858156f4-0c43-40f6-b7d6-9d2f1d491e33,,,"Súp rau bò là món hầm thịnh soạn, nấu chậm kết hợp những miếng thịt bò mềm với các loại rau giàu dinh dưỡng như cà rốt, cần tây và khoai tây trong nước dùng thơm ngon. Bữa ăn cân bằng này cung cấp lượng protein đáng kể từ thịt bò cùng với chất xơ và các vitamin thiết yếu từ rau, mặc dù hàm lượng natri thay đổi đáng kể giữa phiên bản tự làm và phiên bản đóng hộp. Quá trình ninh nhừ kéo dài tạo ra hương vị phong phú đồng thời làm cho những miếng thịt dai hơn dễ tiêu hóa hơn và công thức này thích ứng tốt với việc thay thế rau theo mùa.",75
14946773-11d5-53e9-b44d-3bf024cbecb2,,,Súp mì tôm ăn liền (Shrimp Instant Noodle Soup),DISH,78.0,4.83,2.15,9.48,0.5,1.0,350.0,858156f4-0c43-40f6-b7d6-9d2f1d491e33,,,"Bún tôm ăn liền là món ăn khô đóng gói sẵn kết hợp giữa mì lúa mì và gia vị có hương vị tôm. Sản phẩm thường chứa hàm lượng natri cao từ chất tăng cường hương vị và chất bảo quản, cùng với carbohydrate tinh chế từ mì chế biến, đồng thời cung cấp lượng protein tối thiểu từ chiết xuất tôm hoặc động vật có vỏ đã khử nước. Được chế biến bằng cách bù nước trong nước sôi để tiêu thụ nhanh, nó mang lại vị umami thơm ngon nhưng cần xem xét đến các chất gây dị ứng động vật có vỏ và hàm lượng gluten.",75
f99a736b-3486-5267-b7b3-aaa392e45340,,,Súp nước dùng rau củ ăn liền (Instant Vegetable Broth Soup),INGREDIENT,200.0,2.4,0.7,9.5,0.0,1.8,2400.0,858156f4-0c43-40f6-b7d6-9d2f1d491e33,,,"Súp nước luộc rau ăn liền là hỗn hợp khử nước của rau khô, gia vị và muối được thiết kế để chuẩn bị nhanh chóng bằng cách thêm nước nóng. Mặc dù mang lại sự tiện lợi của một loại đế ổn định cho các món súp và công thức nấu ăn, nhưng nó thường chứa hàm lượng natri đậm đặc so với nước dùng tươi, mặc dù một số phiên bản có thêm vitamin hoặc các tùy chọn giảm natri. Món ăn chủ yếu này cung cấp nền tảng thực vật cho bữa ăn nhưng cần chú ý đến danh sách thành phần các chất phụ gia như bột ngọt hoặc chất bảo quản.",75
0ab98476-fa8e-5f1e-89b0-9540530ac109,,,Súp khoai tây rau củ (Vegetable Potato Soup),DISH,73.0,2.0,1.9,12.0,2.0,2.0,500.0,858156f4-0c43-40f6-b7d6-9d2f1d491e33,,,"Súp khoai tây rau củ là một món súp nước dùng làm từ thực vật với thành phần chính là khoai tây cùng với cà rốt, cần tây và hành tây. Món ăn thịnh soạn này cung cấp carbohydrate phức hợp từ khoai tây và chất xơ từ rau trộn, trong khi vẫn có lượng calo thấp hơn so với súp làm từ kem. Kết cấu dai và hương vị thơm ngon làm cho nó trở thành một lựa chọn bữa ăn thỏa mãn, với các biến thể thường kết hợp các loại rau lá xanh hoặc các loại đậu để bổ sung dinh dưỡng. Hầu hết các công thức nấu ăn đều là đồ chay tự nhiên và có thể thích nghi với chế độ ăn thuần chay bằng cách sử dụng dầu thay vì bơ.",75
c9df3997-4dac-50e5-8935-5d6b83f4c33e,,,Súp rau củ ít natri (Low Sodium Vegetable Soup),DISH,33.0,1.1,0.45,6.06,1.1,2.15,194.0,858156f4-0c43-40f6-b7d6-9d2f1d491e33,,,"Súp rau ít natri là một món ăn làm từ nước dùng được chế biến từ rau tươi hoặc đông lạnh và nêm các loại thảo mộc và gia vị thay vì thêm muối. Chế phẩm tốt cho tim mạch này cung cấp chất xơ đáng kể và các vi chất dinh dưỡng thiết yếu từ các thành phần như cà rốt, cần tây và rau xanh đồng thời hỗ trợ kiểm soát huyết áp. Thường được ninh nhừ để bảo toàn chất dinh dưỡng, nó đóng vai trò như một món chủ yếu trong chế độ ăn giảm natri và có thể dễ dàng đáp ứng sở thích ăn chay hoặc không chứa gluten thông qua các biến thể thành phần.",75
9602e898-40cc-517e-9d1f-9200fbdcd188,,,Súp đậu lăng đỏ (Red Lentil Soup),DISH,65.0,3.93,1.19,9.63,2.0,0.8,202.0,858156f4-0c43-40f6-b7d6-9d2f1d491e33,,,"Súp đậu lăng đỏ là một món ăn làm từ cây họ đậu giàu protein với đậu lăng đỏ tách đôi nấu nhanh thành dạng kem mà không cần sữa. Món ăn chủ yếu lấy cảm hứng từ toàn cầu này—phổ biến trong ẩm thực Trung Đông, Ấn Độ và Địa Trung Hải—kết hợp các loại gia vị thơm với các loại rau như cà rốt và hành tây để cân bằng dinh dưỡng. Súp cung cấp một nguồn protein thực vật, chất xơ, sắt và folate tuyệt vời, khiến nó trở thành một lựa chọn giàu dinh dưỡng cho chế độ ăn thuần chay và không chứa gluten.",75
37d76afd-d666-5428-8235-4cc588bdb145,,,"Súp cà chua ăn liền sấy khô (Instant Tomato Soup, Dried)",INGREDIENT,360.0,8.63,8.35,68.3,1.9,0.0,3319.0,858156f4-0c43-40f6-b7d6-9d2f1d491e33,,,"Súp cà chua ăn liền, sấy khô là hỗn hợp ổn định khi bảo quản được làm từ cà chua khử nước, tinh bột và gia vị, được thiết kế để chuẩn bị nhanh chóng bằng cách thêm nước nóng. Mặc dù mang đến sự tiện lợi của bữa ăn sẵn sàng để bù nước, nhiều loại thương mại có chứa lượng natri đáng kể và có thể bao gồm chất bảo quản hoặc hương vị nhân tạo. Súp giữ lại một số chất chống oxy hóa như lycopene từ cà chua, mặc dù mức độ dinh dưỡng thay đổi tùy theo phương pháp chế biến và tăng cường bổ sung.",75
0f77c550-c90d-5c27-8371-906f1fc19cf8,,,Súp các loại đậu (Bean Soup),DISH,99.0,5.15,3.04,13.0,4.8,0.9,356.0,858156f4-0c43-40f6-b7d6-9d2f1d491e33,,,"Súp đậu là một món ăn giàu chất dinh dưỡng bao gồm các loại đậu nấu chín ninh trong nước dùng hoặc nước kho, thường được bổ sung thêm rau, rau thơm và đôi khi là thịt hun khói. Phương pháp chế biến linh hoạt này cho phép biến đổi bằng cách sử dụng các loại đậu khác nhau như đậu xanh, đậu đen hoặc đậu tây, tất cả đều cung cấp lượng protein và chất xơ thực vật đáng kể. Nấu chậm truyền thống phát triển kết cấu dày đặc trưng của nó, trong khi các phiên bản hiện đại có thể sử dụng đậu đóng hộp để chuẩn bị nhanh hơn, mặc dù điều này có thể làm tăng đáng kể hàm lượng natri.",75
9080514d-fbc7-5cc6-8608-bde1f3176a7a,,,Súp cải xoăn (Kale Soup),DISH,50.0,3.5,0.9,7.0,2.5,2.0,300.0,858156f4-0c43-40f6-b7d6-9d2f1d491e33,,,"Súp cải xoăn là một món ăn giàu dinh dưỡng làm từ rau củ với thành phần chính là cải xoăn, thường được chế biến với nước dùng, khoai tây và các loại đậu như đậu trắng. Nó cung cấp đáng kể các vitamin A, C và K cùng với các khoáng chất như sắt và canxi, với hàm lượng chất xơ được tăng cường nhờ các loại rau lá xanh và bổ sung rau. Các phiên bản truyền thống của Bồ Đào Nha (caldo verde) bao gồm chorizo ​​hun khói, trong khi các phiên bản hiện đại có thể sử dụng protein từ thực vật hoặc nước cốt dừa cho chế độ ăn thuần chay. Mật độ calo dao động từ các chế phẩm làm từ nước dùng nhẹ đến các phiên bản phong phú hơn với kem hoặc thịt mỡ.",75
0f6daa13-7b66-52d6-af9f-12a6636c1b45,,,Súp đậu Hà Lan tách đôi (Split Pea Soup),DISH,67.0,3.21,1.77,9.61,3.1,0.42,259.0,858156f4-0c43-40f6-b7d6-9d2f1d491e33,,,"Súp đậu tách đôi là một món ăn đậm đà, bổ dưỡng được làm từ đậu Hà Lan khô tách vỏ - hạt đậu xanh hoặc vàng đã tách vỏ và cắt đôi. Món súp giàu protein và chất xơ này phát triển kết cấu mềm mượt đặc trưng thông qua quá trình nấu chậm, giúp nghiền đậu Hà Lan thành dạng kem đặc mà không cần thêm chất béo. Các phiên bản truyền thống thường kết hợp các loại rau thơm như cà rốt và hành tây, trong khi một số công thức nấu ăn bao gồm giăm bông để tạo độ khói, mặc dù việc thích nghi với món chay cũng phổ biến không kém. Là một món ăn chủ yếu trong truyền thống ẩm thực thoải mái của Châu Âu và Bắc Mỹ, nó cung cấp năng lượng bền vững từ carbohydrate phức hợp trong khi vẫn không chứa gluten tự nhiên.",75
ed884892-23d6-54ce-ab94-ec4eeb85ec7b,,,Súp kem gà ăn liền (Instant Cream of Chicken Soup),INGREDIENT,436.0,7.25,21.68,54.34,1.8,16.9,4820.0,858156f4-0c43-40f6-b7d6-9d2f1d491e33,,,"Súp gà kem ăn liền là hỗn hợp khử nước được thiết kế làm lớp nền nhanh chóng cho nước sốt, món thịt hầm và súp. Món ăn chủ yếu này kết hợp bột nước luộc gà với các chất làm đặc như bột mì hoặc bột bắp, cần pha lại với nước hoặc sữa để đạt được kết cấu kem đặc trưng. Mặc dù tiện lợi nhưng hỗn hợp khô thường chứa nhiều natri hơn đáng kể và ít protein hơn trong mỗi khẩu phần so với phiên bản tự làm, thường bao gồm chất bảo quản để ổn định thời hạn sử dụng.",75
8e03613a-becb-5a6f-95ab-0f03a5fe5b50,,,Súp nước dùng bò ăn liền (Instant Beef Broth Soup),INGREDIENT,213.0,16.0,8.89,17.4,0.0,16.7,26000.0,858156f4-0c43-40f6-b7d6-9d2f1d491e33,,,"Súp nước dùng thịt bò ăn liền là một sản phẩm gia vị khử nước được làm bằng cách làm bay hơi nước luộc thịt bò cô đặc thành dạng bột hoặc dạng khối. Mặc dù cung cấp hương vị umami thơm ngon của nước dùng truyền thống, phiên bản ổn định này thường chứa natri và các chất phụ gia cao hơn đáng kể so với các chế phẩm tươi. Được thiết kế để pha chế nhanh chóng với nước nóng, nó đóng vai trò như một lớp nền thuận tiện cho các món súp, nước thịt và nước sốt trong khi cần chú ý đến việc kiểm soát khẩu phần ăn đối với chế độ ăn kiêng natri.",75
3aa33cef-2389-562a-921a-41ef8fcc620e,,,Súp bánh ngô Tortilla (Tortilla Soup),DISH,75.0,3.0,2.5,10.0,2.0,2.0,250.0,858156f4-0c43-40f6-b7d6-9d2f1d491e33,,,"Súp Tortilla là một món ăn truyền thống của Mexico với nước dùng thơm ngon — thường là cà chua hoặc thịt gà — được tẩm với các loại gia vị như thì là và ớt. Yếu tố đặc trưng của món súp là những dải bánh tortilla chiên hoặc nướng giòn được thêm vào làm lớp phủ trên, tạo nên sự tương phản với các nguyên liệu mềm của súp như thịt gà xé nhỏ, đậu hoặc rau. Giàu protein và chất xơ, món ăn đa năng này có thể được tùy chỉnh với bơ, chanh và phô mai, mang lại sự cân bằng về kết cấu và chất dinh dưỡng, đồng thời đáp ứng sở thích không chứa gluten hoặc ăn chay khi chế biến với bánh ngô và nước dùng làm từ thực vật.",75
237c6959-a05b-52f6-b145-4897b3005837,,,Súp đậu thận (Kidney Bean Soup),DISH,83.0,6.1,0.9,14.4,4.6,2.0,136.0,858156f4-0c43-40f6-b7d6-9d2f1d491e33,,,"Súp đậu thận là một món ăn thịnh soạn làm từ cây họ đậu với những hạt đậu mềm được ninh trong nước dùng dày dặn, thường đi kèm với cà chua, hành tây và các loại gia vị như thì là hoặc ớt bột. Món súp giàu protein và chất xơ này cung cấp một lượng đáng kể chất sắt và folate, khiến nó đậm đặc dinh dưỡng trong khi vẫn ít chất béo tự nhiên. Cơ sở thân thiện với người ăn chay có thể được điều chỉnh bằng các chất bổ sung như xúc xích hun khói hoặc thịt xông khói, mặc dù các phiên bản đóng hộp có thể chứa hàm lượng natri cao hơn cần được xem xét để theo dõi chế độ ăn uống.",75
c610c7b1-049e-5eae-aa5e-5db188200270,,,Súp đậu gà (Chickpea Soup),DISH,51.0,2.0,1.06,9.7,3.1,4.2,148.0,858156f4-0c43-40f6-b7d6-9d2f1d491e33,,,"Súp đậu xanh là một món ăn làm từ cây họ đậu có đậu xanh mềm (đậu garbanzo) ninh trong nước dùng có gia vị, thường được trộn để tạo độ kem hoặc dùng kèm với rau củ. Món súp đậm đặc chất dinh dưỡng này cung cấp đáng kể protein từ thực vật và chất xơ, cùng với lượng sắt và folate đáng chú ý từ thành phần chính của nó. Các biến thể phổ biến kết hợp hương vị Địa Trung Hải như tỏi, thì là và chanh, trong khi vẫn không chứa gluten tự nhiên và thích ứng với các chế phẩm thuần chay khi sử dụng nước luộc rau.",75
c469108d-5ef9-55be-b67a-1be3f6f8c475,,,Súp tỏi tây và khoai tây (Leek and Potato Soup),DISH,60.0,3.0,2.0,8.0,1.5,1.5,200.0,858156f4-0c43-40f6-b7d6-9d2f1d491e33,,,"Súp tỏi tây và khoai tây là một món kem làm từ rau có nguồn gốc từ ẩm thực Pháp, kết hợp tỏi tây mềm và khoai tây giàu tinh bột ninh trong nước dùng cho đến khi hòa quyện thành một kết cấu mịn như nhung. Món súp dễ chịu này có vị ngọt tự nhiên từ allium nấu chín chậm và đậm đà từ khoai tây, cung cấp chất xơ, vitamin K và kali đáng chú ý. Các phiên bản truyền thống là món chay tự nhiên khi được làm không có kem, trong khi các phiên bản thuần chay sử dụng nước dùng làm từ thực vật và bỏ qua lớp phủ sữa.",75
a538e525-7d43-500e-b212-453e5aa1fe60,,,Súp kem khoai tây (Creamy Potato Soup),DISH,46.0,1.4,0.99,7.86,1.0,1.01,167.0,858156f4-0c43-40f6-b7d6-9d2f1d491e33,,,"Súp khoai tây kem là một món súp xay nhuyễn mịn được làm bằng cách trộn khoai tây nấu chín với nước dùng và sữa như kem hoặc sữa, tạo ra kết cấu đậm đà được cân bằng bởi độ tinh bột tự nhiên của rau. Loại thực phẩm tiện lợi này cung cấp năng lượng bền vững từ carbohydrate phức tạp trong khoai tây, trong khi lớp kem nền của nó cung cấp chất béo bão hòa có thể được kiểm duyệt bằng các lựa chọn thay thế ít chất béo. Các công thức nấu ăn đa năng thường kết hợp các chất thơm như hành và tỏi, đồng thời nó dễ dàng thích nghi với chế độ ăn chay hoặc không chứa gluten bằng cách điều chỉnh nước dùng và chất làm đặc.",75
851d67cf-a4ed-5b57-8b58-a05d876925cf,,,Súp tương Miso (Miso Soup),DISH,33.0,2.5,1.6,2.3,1.0,0.5,625.0,858156f4-0c43-40f6-b7d6-9d2f1d491e33,,,"Súp miso là một loại nước dùng truyền thống của Nhật Bản được làm bằng cách hòa tan tương đậu nành lên men (miso) trong nước dùng dashi, thường chứa các thành phần như đậu phụ, rong biển và hành lá. Món súp mặn này cung cấp men vi sinh từ miso lên men cùng với protein từ thực vật, mặc dù hàm lượng natri của nó có thể đáng kể tùy thuộc vào cách chế biến. Được biết đến với hương vị giàu vị umami, nó thường được phục vụ như một món ăn sáng hoặc món ăn nhẹ trong các bữa ăn trong ẩm thực Nhật Bản.",75
9e705992-8631-5967-b8e5-9d641d85ce99,,,Súp đậu đen (Black Bean Soup),DISH,103.0,5.1,2.57,14.79,4.9,0.89,311.0,858156f4-0c43-40f6-b7d6-9d2f1d491e33,,,"Súp đậu đen là một món ăn đặc, giàu protein được làm chủ yếu từ đậu đen ninh nhừ trộn với các chất thơm như hành, tỏi và các loại gia vị như thì là, ớt bột. Có nguồn gốc từ ẩm thực Mỹ Latinh, món súp thịnh soạn này cung cấp đáng kể chất xơ và protein từ thực vật, trong khi lớp vỏ sẫm màu của đậu đóng góp chất anthocyanin chống oxy hóa. Nhiều phiên bản là món chay hoặc thuần chay tự nhiên, thường được hoàn thiện với kết cấu mịn như nhung từ việc xay nhuyễn một phần đậu nấu chín.",75
6dab97fd-6267-59be-8445-4b2e5d68cc5a,,,Súp bánh ngô gà Tortilla (Chicken Tortilla Soup),DISH,53.0,2.86,0.82,8.2,1.2,3.5,347.0,858156f4-0c43-40f6-b7d6-9d2f1d491e33,,,"Súp bánh tortilla gà là một món ăn lấy cảm hứng từ nước dùng của Mexico kết hợp với thịt gia cầm cắt nhỏ, cà chua, hành tây và các loại gia vị như thì là và bột ớt. Món súp thịnh soạn này thường được trang trí với các dải bánh tortilla chiên giòn, bơ và chanh, cung cấp sự cân bằng giữa protein nạc từ thịt gà, chất xơ từ rau và hương vị phức tạp từ nước dùng đun sôi chậm. Trong khi theo truyền thống có chứa bánh ngô, các biến thể hiện đại thường điều chỉnh công thức thành không chứa gluten hoặc ít carb hơn bằng cách điều chỉnh lớp phủ bên trên và phương pháp chế biến.",75
a58993e2-c936-5a18-9f02-0b96f96ab716,,,Súp mì gà ít natri (Low Sodium Chicken Noodle Soup),DISH,34.0,2.14,0.6,4.99,0.8,0.38,138.0,858156f4-0c43-40f6-b7d6-9d2f1d491e33,,,"Súp phở gà ít natri là phiên bản sửa đổi của món ăn thoải mái cổ điển, được chế biến đặc biệt với lượng muối ít hơn 50% so với công thức nấu ăn truyền thống. Món súp làm từ nước dùng này kết hợp thịt gà xé nhỏ, các loại rau như cà rốt, cần tây và mì, đồng thời dựa vào các loại thảo mộc, gia vị hoặc chất thay thế muối để duy trì độ sâu của hương vị. Nó thường được lựa chọn bởi những người đang quản lý các vấn đề về tăng huyết áp hoặc sức khỏe tim mạch, cung cấp hydrat hóa và protein nạc mà không ảnh hưởng đến sự hấp dẫn của món ăn.",75
8b3b8703-189e-5a22-b666-a060abd58caf,,,Súp lúa mạch thịt bò (Beef Barley Soup),DISH,52.0,2.56,0.87,8.38,1.1,1.21,287.0,858156f4-0c43-40f6-b7d6-9d2f1d491e33,,,"Súp lúa mạch thịt bò là món hầm thịnh soạn kết hợp những miếng thịt bò mềm, lúa mạch nguyên hạt dai và các loại rau như cà rốt và cần tây trong nước dùng thơm ngon. Chế phẩm nấu chín chậm cho phép lúa mạch giải phóng chất xơ hòa tan hỗ trợ sức khỏe tiêu hóa đồng thời cung cấp năng lượng bền vững từ carbohydrate phức hợp. Bữa ăn giàu chất dinh dưỡng này cân bằng lượng protein nạc với các loại ngũ cốc và rau quả giàu chất xơ, khiến nó trở thành lựa chọn phổ biến để làm món ăn thoải mái trong thời tiết lạnh.",75
3c0e37c7-ffe7-5615-8de2-5e09040d5b73,,,Súp đậu Hà Lan chay (Vegetarian Pea Soup),DISH,62.0,3.2,1.09,9.88,1.9,3.19,10.0,858156f4-0c43-40f6-b7d6-9d2f1d491e33,,,"Súp đậu chay là một món ăn thịnh soạn làm từ thực vật, tập trung vào đậu Hà Lan khô tách đôi, cung cấp đáng kể chất xơ và protein thực vật. Không giống như các phiên bản truyền thống sử dụng giăm bông, cách chế biến này có được vị ngon đậm đà từ các loại rau như cà rốt, hành tây và cần tây được ninh với các loại thảo mộc cho đến khi đậu Hà Lan chuyển thành dạng kem. Món súp này có hàm lượng chất béo thấp tự nhiên và phù hợp với chế độ ăn thuần chay, đồng thời cung cấp sắt và vitamin B từ cây họ đậu.",75
4fd0546b-c6a5-5feb-9002-f8014f34fa04,,,Phở (Pho),DISH,90.0,6.3,2.3,10.6,1.2,2.0,510.0,858156f4-0c43-40f6-b7d6-9d2f1d491e33,,,"Phở là món phở Việt Nam đặc trưng bởi nước dùng thơm được ninh trong nhiều giờ với các loại gia vị như hồi, quế, gừng, ăn kèm bánh phở và rau thơm tươi. Món ăn thường có thịt bò (phở bò) hoặc thịt gà (phở gà) thái lát mỏng, cung cấp protein nạc, trong khi giá đỗ, chanh và ớt cho phép điều chỉnh hương vị tùy chỉnh. Mặc dù không chứa gluten tự nhiên khi làm bằng nước mắm truyền thống, hàm lượng natri trong nước dùng thay đổi đáng kể tùy thuộc vào phương pháp chuẩn bị.",75
a2590fb3-8b3a-508b-9ed1-16c288b921e9,,,Súp hoành thánh (Wonton Soup),DISH,32.0,2.08,0.26,5.25,0.2,0.34,406.0,858156f4-0c43-40f6-b7d6-9d2f1d491e33,,,"Súp hoành thánh là một món ăn truyền thống làm từ nước dùng của Trung Quốc gồm có bánh bao tinh tế chứa đầy thịt xay dày dặn (thường là thịt lợn) và được bọc trong giấy gói bột mì mỏng. Nước dùng trong, mặn thường được làm từ nước luộc gà hoặc thịt lợn và thường được trang trí bằng hành lá, trong khi hoành thánh nổi cung cấp nguồn protein vừa ý. Món súp nhẹ nhưng no này kết hợp protein nạc, lượng carbohydrate vừa phải từ lớp bọc và nước dùng dưỡng ẩm, khiến nó trở thành lựa chọn phổ biến cho cả món khai vị và món chính.",75
0e49dfce-a5e4-55dd-9305-3e5ed1ebf314,,,Súp đậu Hà Lan vàng tách đôi (Yellow Split Pea Soup),DISH,67.0,3.21,1.77,9.61,3.1,0.42,259.0,858156f4-0c43-40f6-b7d6-9d2f1d491e33,,,"Súp đậu tách vàng là một món ăn thịnh soạn làm từ đậu Hà Lan tách vàng ninh nhừ, sẽ chuyển thành dạng kem một cách tự nhiên mà không cần dùng sữa. Món súp bổ dưỡng này thường được nêm với hành tây, cà rốt và các loại thảo mộc thơm, cung cấp nguồn protein thực vật và chất xơ dồi dào hỗ trợ năng lượng bền vững và sức khỏe tiêu hóa. Thành phần ít chất béo và không chứa gluten khiến nó trở thành một món ăn chủ yếu trong chế độ ăn thuần chay, ăn chay và có ý thức về chất gây dị ứng.",75
59bdca86-0d4f-5d85-8452-d068b4440480,,,Súp đậu hỗn hợp (Mixed Bean Soup),DISH,80.0,6.0,1.0,13.0,4.0,2.0,250.0,858156f4-0c43-40f6-b7d6-9d2f1d491e33,,,"Súp đậu hỗn hợp là một chế phẩm đậm đặc chất dinh dưỡng kết hợp các loại đậu như đậu tây, đậu đen và đậu pinto ninh với rau trong nước dùng dày dặn. Món ăn làm từ thực vật này cung cấp hàm lượng chất xơ và protein cao từ thành phần đậu đa dạng, cùng với carbohydrate phức hợp để duy trì năng lượng. Thường có hương vị từ các loại thảo mộc thơm và cà chua, nó được dùng như một món ăn chay chủ yếu thích hợp, có thể chế biến thuần chay với nước dùng làm từ thực vật, mặc dù các phiên bản đóng hộp thường chứa natri cao hơn so với tự làm.",75
a21bae2e-cdbe-5705-ad32-76fa05967c52,,,Súp khoai tây nướng (Baked Potato Soup),DISH,68.0,1.5,1.7,10.5,1.2,1.2,220.0,858156f4-0c43-40f6-b7d6-9d2f1d491e33,,,"Súp khoai tây nướng là một loại súp mịn như kem được làm chủ yếu bằng khoai tây nướng trong lò, tạo nên hương vị đậm đà hơn nhờ quá trình caramen hóa trong quá trình nướng. Món ăn tiện lợi này thường bao gồm các lớp phủ bên trên như phô mai cắt nhỏ, thịt xông khói và hẹ, cung cấp lượng protein và chất béo bão hòa đáng kể. Trong khi được chế biến theo cách truyền thống với sữa và nước dùng làm từ roux, các phiên bản dành cho người ăn chay có thể thay thế các nguyên liệu từ thực vật, mặc dù hàm lượng gluten và lactose thay đổi tùy theo công thức.",75
1a208254-9f1c-5077-9f8a-8c847b96ea20,,,Súp kem nấm ăn liền (Instant Cream of Mushroom Soup),INGREDIENT,400.0,6.5,14.0,62.0,3.0,10.0,3856.0,858156f4-0c43-40f6-b7d6-9d2f1d491e33,,,"Súp nấm kem ăn liền là hỗn hợp khử nước được thiết kế để tạo ra món súp có vị kem, vị đất khi pha với nước hoặc sữa. Sản phẩm có thời hạn sử dụng ổn định này thường chứa nấm khô, chất làm đặc từ tinh bột và bột kem từ sữa hoặc không chứa sữa, cung cấp một giải pháp thay thế nhanh chóng cho các phiên bản tự làm. Mặc dù được đánh giá là nguyên liệu tiết kiệm thời gian cho món thịt hầm và nước sốt, nhưng nó thường chứa lượng natri và chất bảo quản cao hơn đáng kể so với các chế phẩm tươi.",75
3485e5e2-5def-582e-b579-f3eb7080a862,,,Súp đậu trắng Navy (Navy Bean Soup),DISH,58.0,4.3,0.5,9.0,5.5,1.5,220.0,858156f4-0c43-40f6-b7d6-9d2f1d491e33,,,"Súp đậu hải quân là một món ăn thịnh soạn làm từ cây họ đậu gồm những hạt đậu xanh nhỏ, màu trắng được nấu chậm với các loại rau thơm như hành tây, cà rốt và cần tây. Được biết đến với hàm lượng chất xơ cao và protein từ thực vật, những loại đậu này có kết cấu dạng kem khi đun sôi, thường được tăng cường khi kết hợp với thịt hun khói hoặc các loại thảo mộc như húng tây. Món súp đậm đặc chất dinh dưỡng này đóng vai trò là món ăn chính trong truyền thống ẩm thực thoải mái của người Mỹ, với các biến thể hiện đại cung cấp các phiên bản chay sử dụng nước luộc rau và ớt bột hun khói.",75
4f2bd106-126c-5882-8416-b50e8012bf88,,,Súp tương Miso ăn kèm mì/bún (Miso Soup with Noodles),DISH,49.0,2.94,1.63,6.09,1.0,1.0,350.0,858156f4-0c43-40f6-b7d6-9d2f1d491e33,,,"Súp miso với mì là món ăn truyền thống của Nhật Bản có nước dùng thơm ngon làm từ tương đậu nành lên men (miso), kết hợp với mì nấu chín như udon hoặc soba. Món súp thường bao gồm đậu phụ, rong biển và hành lá, cung cấp sự cân bằng giữa protein thực vật, carbohydrate và men vi sinh thân thiện với đường ruột từ quá trình lên men của miso. Mặc dù giàu hương vị umami một cách tự nhiên nhưng hàm lượng natri của nó có thể thay đổi đáng kể tùy thuộc vào cách chế biến nước dùng, điều này khiến việc nhận biết khẩu phần trở nên quan trọng đối với chế độ ăn nhạy cảm với natri.",75
55b2efc3-c8eb-5deb-9d30-4f270b751b82,,,Bột hỗn hợp súp đậu lăng (Lentil Soup Mix),INGREDIENT,330.0,20.5,2.0,62.5,14.5,2.5,1030.0,858156f4-0c43-40f6-b7d6-9d2f1d491e33,,,"Hỗn hợp súp đậu lăng là hỗn hợp khô kết hợp đậu lăng với các thành phần bổ sung như đậu Hà Lan, lúa mạch và rau củ khử nước, được thiết kế để chuẩn bị bữa ăn thuận tiện. Loại thực phẩm chủ yếu có nguồn gốc thực vật này cung cấp lượng protein và chất xơ đáng kể từ cây họ đậu, đồng thời bổ sung thêm gia vị và ngũ cốc giúp tăng cường cả hương vị phức tạp và sự đa dạng dinh dưỡng. Hỗn hợp này thường yêu cầu đun sôi trong nước dùng hoặc nước, cho phép tùy chỉnh các loại gia vị trong khi vẫn duy trì được lợi ích của nền tảng bữa ăn được chế biến tối thiểu, ổn định khi bảo quản.",75
41b5de46-bce0-51b0-a6cc-d069044e2d00,,,Súp đậu Hà Lan cay (Spicy Pea Soup),DISH,61.0,3.2,1.5,8.7,1.9,2.0,340.0,858156f4-0c43-40f6-b7d6-9d2f1d491e33,,,"Súp đậu cay là một món ăn làm từ cây họ đậu theo truyền thống được làm từ đậu Hà Lan tách đôi đun sôi cho đến khi có dạng kem và ngấm với các loại gia vị ấm như thì là, ớt hoặc ớt bột. Món súp thịnh soạn này có kết cấu đặc từ tinh bột tự nhiên của đậu Hà Lan tách hạt, đồng thời cung cấp lượng protein và chất xơ thực vật đáng kể. Thành phần gia vị đậm đà không chỉ bổ sung nhiệt mà còn tăng cường các hợp chất hỗ trợ trao đổi chất, khiến nó trở thành một lựa chọn đậm đặc chất dinh dưỡng cho chế độ ăn thuần chay và ăn chay.",75
ddd74bd7-9d72-5024-b6a4-1010119e4955,,,Súp đậu Hà Lan xanh tách đôi nấu giăm bông (Green Split Pea and Ham Soup),DISH,67.0,4.33,1.26,9.9,2.4,1.34,244.0,858156f4-0c43-40f6-b7d6-9d2f1d491e33,,,"Súp đậu xanh và giăm bông là một món ăn truyền thống giàu protein kết hợp đậu Hà Lan tách vỏ khô, tách vỏ với giăm bông mặn trong lớp nền đặc, hòa quyện. Đậu Hà Lan phân hủy trong quá trình nấu chậm để tạo ra kết cấu kem tự nhiên không có sữa, trong khi giăm bông tăng thêm hương vị và protein động vật. Món súp thịnh soạn này cung cấp chất xơ đáng kể từ các loại đậu và thường được tăng cường bằng các loại rau thơm như hành tây và cà rốt, mặc dù các phiên bản thương mại có thể chứa hàm lượng natri cao cần phải cân nhắc về chế độ ăn uống.",75
a3648ed0-ba45-5a58-89b3-288ec49c0613,,,Súp khoai tây sốt cà ri (Curried Potato Soup),DISH,138.0,3.0,6.0,18.0,3.5,2.5,300.0,858156f4-0c43-40f6-b7d6-9d2f1d491e33,,,"Súp khoai tây cà ri là một món ăn xay nhuyễn có gia vị bao gồm khoai tây được ninh với sự pha trộn của nghệ, thì là và rau mùi tạo nên màu vàng và hương thơm ấm áp. Món súp thân thiện với người ăn chay này thường đạt được vị kem nhờ các loại rau trộn hơn là sữa, mặc dù các biến thể của nước cốt dừa sẽ bổ sung thêm chất béo lành mạnh. Phần nền là khoai tây giàu tinh bột cung cấp năng lượng và chất xơ bền vững, trong khi gia vị cà ri góp phần chống oxy hóa và hợp chất chống viêm.",75
7c79bb85-ed53-5be8-a5b6-0aa27c004c35,,,Súp bí bơ ướp gia vị (Spiced Butternut Squash Soup),INGREDIENT,35.0,0.7,0.73,6.32,1.0,2.78,237.0,858156f4-0c43-40f6-b7d6-9d2f1d491e33,,,"Súp bí đao có gia vị là một loại bí đao nghiền nhuyễn mịn được trộn với các loại gia vị có tính ấm như quế, nhục đậu khấu và gừng. Món ăn mùa thu này cung cấp hàm lượng vitamin A cao từ bí đao giàu beta-carotene và chất xơ từ các loại rau hỗ trợ như cà rốt, hành tây. Kết cấu kem của nó thường đến từ rau xay nhuyễn chứ không phải từ sữa, khiến nó trở nên thân thiện với người ăn chay một cách tự nhiên khi được chế biến với nước luộc rau, trong khi thành phần gia vị giúp tăng thêm độ đậm đà mà không bổ sung thêm lượng calo đáng kể.",75
005ad93a-2506-5087-8018-ed8df127b5ed,,,Súp cơm (Rice Soup),DISH,34.0,1.68,0.74,5.0,0.7,0.33,214.0,858156f4-0c43-40f6-b7d6-9d2f1d491e33,,,"Súp gạo là một món ăn làm từ nước dùng gồm có cơm được đun sôi cho đến khi mềm trong nước luộc thịt gà, rau hoặc nước luộc xương. Cách chế biến linh hoạt này cho phép tạo ra nhiều biến thể theo vùng, từ cháo châu Á đến arroz caldoso của Tây Ban Nha, thường kết hợp protein hoặc rau. Quá trình nấu kéo dài sẽ phá vỡ tinh bột, tạo ra một bữa ăn dễ tiêu hóa, thường được sử dụng làm dinh dưỡng trị liệu trong thời gian bị bệnh hoặc phục hồi.",75
29629287-39e8-50fa-9d08-468f10fca5a2,,,Súp cưới kiểu Ý / Italian Wedding Soup (Italian Wedding Soup),DISH,46.0,2.87,1.21,5.96,0.8,0.36,242.0,858156f4-0c43-40f6-b7d6-9d2f1d491e33,,,"Súp cưới kiểu Ý là một món ăn thịnh soạn của người Mỹ gốc Ý bao gồm thịt viên nhỏ, rau đắng và mì ống trong nước luộc gà trong. Bất chấp tên gọi của nó, món súp đề cập đến 'sự kết hợp' hương vị giữa thịt mặn và rau xanh hơn là lễ kỷ niệm hôn nhân. Nó cung cấp dinh dưỡng cân bằng với protein nạc từ thịt viên (thường là thịt bò/thịt lợn), vitamin A và K từ rau xanh như escarole, và carbohydrate phức hợp từ mì ống hoặc ngũ cốc, trong khi các phiên bản nước luộc xương truyền thống bổ sung thêm collagen và khoáng chất.",75
fae8260a-da05-59bf-a65d-24c62846679f,,,Súp rau bina (Spinach Soup),DISH,30.0,2.9,1.0,2.9,0.8,1.2,184.0,858156f4-0c43-40f6-b7d6-9d2f1d491e33,,,"Súp rau bina là một món ăn hỗn hợp giàu chất dinh dưỡng với thành phần chính là rau bina tươi hoặc nấu chín, thường được kết hợp với kem sữa, nước cốt dừa hoặc nước dùng. Món súp xanh rực rỡ này vẫn giữ được hàm lượng sắt, vitamin A và folate cao của rau bina trong khi mang lại kết cấu mịn và có thể thích nghi với chế độ ăn thuần chay hoặc ăn chay bằng cách chọn chất lỏng có nguồn gốc thực vật. Các phiên bản truyền thống thường kết hợp các chất thơm như tỏi và hành tây, có thể thêm khoai tây hoặc thảo mộc để tăng hương vị phức tạp.",75
3b43bcb4-3daa-5e89-b5bc-7fe67c7f626e,,,Phở (Pho),DISH,86.0,6.14,2.24,10.39,1.0,2.5,300.0,858156f4-0c43-40f6-b7d6-9d2f1d491e33,,,"Phở (phát âm là 'fuh') là một món phở truyền thống của Việt Nam được chế biến từ nước dùng trong, thơm bằng cách ninh xương bò từ từ với các loại gia vị như hoa hồi, quế và gừng. Món súp có mì gạo và thường được phục vụ với những lát thịt bò hoặc thịt gà mỏng, trong khi các loại thảo mộc tươi, giá đỗ và chanh được cung cấp dưới dạng trang trí tùy thích. Món ăn giàu chất dinh dưỡng này cung cấp sự kết hợp cân bằng giữa protein, carbohydrate phức hợp và khoáng chất từ ​​nước hầm xương.",75
720f412e-b9b0-5c3a-809d-d2bc3712baa3,,,Súp cà chua húng quế (Tomato Basil Soup),INGREDIENT,61.22,2.45,1.63,9.8,1.02,4.9,102.04,858156f4-0c43-40f6-b7d6-9d2f1d491e33,,,"Phiên bản súp húng quế cà chua có lợi cho sức khỏe này được chế biến từ cà chua hữu cơ và húng quế tươi, mang đến hương vị thơm và ngọt tự nhiên. Thường được chế biến với lượng natri tối thiểu và có sẵn các lựa chọn kem làm từ sữa hoặc thực vật, nó cung cấp một lượng đáng kể chất chống oxy hóa bao gồm lycopene và vitamin C. Món súp mang lại kết cấu đậm đà, mịn màng trong khi vẫn duy trì thành phần dinh dưỡng nhẹ hơn so với các phiên bản làm từ kem truyền thống.",75
a9edb39a-3a4e-5e60-afca-6c7efe5030b4,,,Súp trứng thả / Súp mây (Egg Drop Soup),DISH,27.0,1.16,0.61,4.29,0.4,0.09,370.0,858156f4-0c43-40f6-b7d6-9d2f1d491e33,,,"Súp trứng thả là một món ăn cổ điển của Trung Quốc với những sợi trứng nấu chín mềm mượt lơ lửng trong nước dùng trong, thơm ngon. Trứng được nhúng vào nước luộc gà hoặc rau đang sôi, tạo ra những sợi mỏng manh cung cấp protein chất lượng cao trong khi vẫn giữ lượng calo thấp. Món súp nhẹ nhàng nhưng ngon miệng này thường bao gồm hành lá hoặc đậu phụ để tạo kết cấu và thường được nêm đơn giản với gừng, nước tương hoặc dầu mè, mặc dù một số phiên bản sử dụng bột bắp để làm đặc nhẹ.",75
00be2c2e-a116-5c81-974e-0f244862dab4,,,Súp khoai tây thập cẩm phô mai / Loaded (Loaded Potato Soup),DISH,360.0,15.0,21.0,28.0,3.0,2.0,1200.0,858156f4-0c43-40f6-b7d6-9d2f1d491e33,,,"Súp khoai tây Loaded là một món ăn thịnh soạn kiểu Mỹ với phần đế là khoai tây kem được làm giàu với phô mai, thịt xông khói và kem chua. Món súp giàu calo này có hương vị đặc trưng từ những miếng thịt xông khói giòn và phô mai cheddar tan chảy, trong khi hẹ hoặc hành lá tạo thêm sự tương phản tươi mới. Mặc dù giàu protein và canxi nhưng nó thường chứa hàm lượng chất béo bão hòa và natri cao, với các biến thể thường kết hợp bông cải xanh hoặc sử dụng sữa chua Hy Lạp để làm sáng tỏ thành phần dinh dưỡng.",75
831a6d29-7312-59a6-a6e5-ea71feed6a4e,,,Súp kem đậu Hà Lan (Creamy Pea Soup),DISH,61.0,3.2,1.1,9.9,2.0,3.5,336.0,858156f4-0c43-40f6-b7d6-9d2f1d491e33,,,"Súp kem đậu là một món súp xanh mịn, sống động được làm bằng cách xay nhuyễn đậu Hà Lan tươi hoặc đông lạnh, thường được trộn với các chất thơm như hành, tỏi và các loại thảo mộc như bạc hà. Không giống như súp đậu tách đôi sử dụng các loại đậu khô, phiên bản này làm nổi bật hương vị cỏ ngọt ngào của đậu non trong khi vẫn giữ được hàm lượng chất xơ, protein thực vật và vitamin A và C cao. Nhiều công thức nấu ăn kết hợp các loại kem từ sữa hoặc thực vật để tạo độ đậm đà, mặc dù các phiên bản nhẹ hơn vẫn duy trì kết cấu mượt mà chỉ bằng cách pha trộn cẩn thận.",75
da6f2965-abd5-5843-8a64-4ff9f214c665,,,Súp Minestrone kiểu Ý (Minestrone Soup),DISH,166.67,7.5,2.92,27.5,5.83,2.5,239.58,858156f4-0c43-40f6-b7d6-9d2f1d491e33,,,"Minestrone là một món súp rau thịnh soạn của người Mỹ gốc Ý với nước dùng đậm đà làm từ cà chua với rau trộn, đậu và mì ống. Phiên bản kiểu quán ăn này thường cung cấp một phần đáng kể với rau nấu chín mềm, đậu thận hoặc đậu trắng và các hình dạng mì ống nhỏ như vỏ sò hoặc cùi chỏ. Mặc dù các công thức nấu ăn khác nhau tùy theo cơ sở, nhưng món súp làm đầy này cung cấp một nguồn chất xơ và protein từ thực vật dồi dào, mặc dù các món ăn ở nhà hàng thường chứa hàm lượng natri cao hơn so với các món tự chế biến tại nhà.",75
79be9a29-9663-5bda-a378-b258d5c45c04,,,Phở ăn liền (Instant Pho),DISH,357.0,5.7,10.0,60.0,2.0,1.0,2529.0,858156f4-0c43-40f6-b7d6-9d2f1d491e33,,,"Phở ăn liền là món ăn tiện lợi lấy cảm hứng từ người Việt, bao gồm bún khô, nước dùng bột và gia vị được thiết kế để chế biến nhanh chóng. Trong khi phản ánh hương vị thơm ngon của món phở truyền thống—một loại phở bò hoặc phở gà ninh chậm—nó thường chứa hàm lượng natri cao hơn đáng kể và ít nguyên liệu tươi hơn. Món ăn được pha bằng nước sôi, mang đến sự thay thế nhanh chóng cho hương vị phức tạp của phở đích thực, mặc dù có ít protein hơn và nhiều thành phần chế biến hơn.",75
2709fb68-872d-58c9-8f12-7890d557307c,,,Súp tương Miso ăn liền (Instant Miso Soup),INGREDIENT,333.0,22.0,7.0,45.5,4.0,3.0,5500.0,858156f4-0c43-40f6-b7d6-9d2f1d491e33,,,"Súp miso ăn liền là dạng mất nước của súp đậu nành lên men truyền thống của Nhật Bản, được đóng gói để chuẩn bị nhanh chóng. Sản phẩm tiện lợi này thường kết hợp bột miso với rong biển khô, đậu phụ và hành lá, chỉ cần nước nóng để pha. Mặc dù cung cấp hương vị giàu vị umami đặc trưng của súp miso truyền thống, phiên bản ăn liền thường chứa hàm lượng natri cao hơn và ít men vi sinh sống hơn do các phương pháp chế biến được sử dụng trong sản xuất.",75
934fb24f-55ef-5d11-8537-2513a13ea15b,,,Mì Udon (Udon Soup),DISH,115.0,4.5,1.0,22.0,1.5,1.5,300.0,858156f4-0c43-40f6-b7d6-9d2f1d491e33,,,"Súp udon là một món mì truyền thống của Nhật Bản với sợi mì dày, dai được phục vụ trong nước dùng làm từ dashi nóng. Món súp thường có sự kết hợp thơm ngon của nước tương, mirin và nhiều loại đồ ăn kèm khác nhau như hành lá, tempura hoặc bánh cá, trong khi mì udon đặc trưng thường dày và chắc hơn các loại mì châu Á khác. Món ăn nóng này cung cấp một nguồn carbohydrate phức hợp dồi dào trong khi lại tương đối ít chất béo, khiến nó trở thành một lựa chọn bữa ăn nhẹ nhàng nhưng thỏa mãn.",75
e82ee967-72dc-5bb7-8d30-703c76986f0d,,,Mì Udon (Udon Soup),DISH,118.0,5.0,2.0,20.0,1.5,1.0,350.0,858156f4-0c43-40f6-b7d6-9d2f1d491e33,,,"Súp udon là một món mì truyền thống của Nhật Bản với sợi mì dày, dai được phục vụ trong nước dùng dashi trong, thơm ngon được làm từ rong biển kombu và cá ngừ bào khô. Món súp thường bao gồm nhiều loại đồ ăn kèm khác nhau như hành lá, tempura, chả cá và rau theo mùa, với các biến thể vùng miền trên khắp Nhật Bản mang đến những cách kết hợp khác nhau. Sợi mì giàu dinh dưỡng cung cấp carbohydrate phức hợp trong khi nước dùng nhẹ, giàu vị umami mang lại cảm giác ấm áp với lượng calo tối thiểu.",75
3821f022-c1eb-5ea2-b930-cdbd0d41057c,,,Súp hành tây kiểu Pháp (French Onion Soup),DISH,145.23,6.64,7.47,14.52,1.45,3.32,539.42,858156f4-0c43-40f6-b7d6-9d2f1d491e33,,,"Súp hành tây kiểu Pháp là món khai vị thịnh soạn gồm có hành tây caramen ninh trong nước luộc thịt bò đậm đà, thường được phục vụ trong nồi sành an toàn cho lò nướng. Phiên bản nhà hàng này được phủ lên trên những lát bánh mì nướng và một lớp phô mai tan chảy dày đặc, thường là Gruyère hoặc Parmesan, tạo nên sự kết hợp hài lòng giữa nước dùng thơm ngon và lớp phủ phô mai béo ngậy. Mặc dù cung cấp lượng protein đáng kể từ nước luộc thịt bò và pho mát, món súp này đặc biệt có hàm lượng natri và calo cao, với các suất ăn tại nhà hàng thường chứa hơn 900mg natri mỗi khẩu phần.",75
a651d784-a4ce-5b1f-ad30-5f64ac9ae14a,,,Súp chua cay (Hot and Sour Soup),DISH,39.0,2.58,1.21,4.35,0.5,0.42,376.0,858156f4-0c43-40f6-b7d6-9d2f1d491e33,,,"Súp chua nóng là một món súp cổ điển của Trung Quốc được đặc trưng bởi sự cân bằng phức tạp giữa vị cay và vị chua. Món súp thịnh soạn này thường có nấm, đậu phụ, măng và thịt lợn trong nước dùng đặc được làm từ nước tương đen, giấm và hạt tiêu trắng. Món súp giàu protein có kết cấu đặc biệt từ trứng đánh được khuấy vào nước dùng nóng và bột ngô đặc lại, đồng thời cung cấp một lựa chọn bữa ăn tương đối ít calo.",75
f6a21ad8-e745-5746-9441-584940a5c4aa,,,Mì Udon ăn liền (Instant Udon Soup),INGREDIENT,117.0,3.0,0.5,25.0,1.5,1.0,130.0,858156f4-0c43-40f6-b7d6-9d2f1d491e33,,,"Súp udon ăn liền là phiên bản chế biến nhanh của món mì lúa mì truyền thống của Nhật Bản, bao gồm mì sợi khô dày và nước súp dạng bột. Mì hút chân không được chế biến đặc biệt để duy trì kết cấu dai đặc trưng khi được bù nước, mặc dù chúng thường cứng hơn udon tươi. Mặc dù tiện lợi nhưng các phiên bản ăn liền này thường chứa hàm lượng natri cao hơn so với các chế phẩm udon truyền thống và thường bao gồm rau khô và gia vị để tạo nên một bữa ăn hoàn chỉnh.",75
127c4c1d-543c-57b9-92b8-ca05523d28f4,,,Súp Tom Yum (Tom Yum Soup),DISH,40.0,2.0,1.5,4.5,0.8,1.0,250.0,858156f4-0c43-40f6-b7d6-9d2f1d491e33,,,"Súp Tom Yum là món súp chua nóng truyền thống của Thái Lan, đặc trưng bởi nước dùng thơm đậm đà hòa với sả, lá chanh kaffir, riềng và ớt. Thường được chế biến với tôm (tom yum goong) hoặc thịt gà, món súp nhẹ nhàng nhưng đầy hương vị này có được sự phức tạp từ các loại thảo mộc tươi thay vì chất béo, khiến món súp này có lượng calo thấp một cách tự nhiên nhưng thường có hàm lượng natri cao. Một biến thể dạng kem (tom yum nam khon) kết hợp với nước cốt dừa để tạo vị đậm đà, trong khi tất cả các phiên bản đều cung cấp chất chống oxy hóa từ hỗn hợp gia vị đặc trưng của nó.",75
d468f5e4-0359-5ad5-b635-265a110bab2b,,,Mì Soba (Soba Noodle Soup),DISH,45.0,2.3,0.77,7.9,1.28,2.0,314.0,858156f4-0c43-40f6-b7d6-9d2f1d491e33,,,"Súp mì soba là một món ăn truyền thống của Nhật Bản gồm có sợi mì kiều mạch mỏng được phục vụ trong nước dùng dashi trong, thơm ngon. Mì kiều mạch mang lại hương vị hấp dẫn và đặc biệt giàu protein và chất xơ, với các phiên bản kiều mạch nguyên chất không chứa gluten tự nhiên. Món súp đa năng này có thể được phục vụ nóng hoặc ướp lạnh, thường được trang trí bằng hành lá, tempura và rau theo mùa, khiến nó trở thành một lựa chọn bữa ăn bổ dưỡng và thỏa mãn.",75
0c6754c5-5368-56a1-a0e0-38dbe98daef1,,,Súp bông cải xanh phô mai Cheddar (Broccoli Cheddar Soup),DISH,97.11,3.72,5.79,7.02,0.83,2.48,409.09,858156f4-0c43-40f6-b7d6-9d2f1d491e33,,,"Súp phô mai cheddar bông cải xanh là một món súp kem làm từ sữa có bông cải xanh mềm trong nước sốt phô mai béo ngậy được làm từ phô mai cheddar, sữa và kem béo. Chế phẩm kiểu nhà hàng này thường chứa một lượng đáng kể natri và chất béo bão hòa, đồng thời cung cấp nguồn canxi và protein tốt. Phổ biến như một món ăn trưa riêng biệt hoặc món ăn phụ, kích thước khẩu phần có thể thay đổi đáng kể, với khẩu phần lớn hơn sẽ làm tăng đáng kể hàm lượng calo.",75
9e3423bf-0369-55ec-9218-db20645d371f,,,Súp Tom Yum (Tom Yum Soup),DISH,49.0,4.7,1.78,3.51,0.5,1.5,600.0,858156f4-0c43-40f6-b7d6-9d2f1d491e33,,,"Súp Tom Yum là món súp chua nóng truyền thống của Thái Lan, đặc trưng bởi nước dùng thơm đậm đà hòa với sả, lá chanh kaffir và riềng. Thường được chế biến với tôm (*tom yum goong*) hoặc thịt gà, món súp làm từ nước dùng này có hương vị đặc trưng từ nước cốt chanh và vị nóng từ ớt tươi, trong khi nước mắm mang lại vị umami đậm đà. Mặc dù có lượng calo thấp tự nhiên do nước dùng trong, hàm lượng natri có thể thay đổi đáng kể tùy thuộc vào phương pháp chế biến và các phiên bản dành cho người ăn chay thường thay thế nấm hoặc đậu phụ bằng protein động vật.",75
91dd76c1-974b-5266-a34f-f21a9c65c9cc,,,Hỗn hợp súp rau củ sấy khô (Dried Mixed Vegetables Soup Mix),INGREDIENT,280.0,6.7,2.1,58.3,3.3,10.3,7.0,858156f4-0c43-40f6-b7d6-9d2f1d491e33,,,"Hỗn hợp súp rau trộn khô là hỗn hợp ổn định lâu dài của các loại rau đã khử nước như cà rốt, hành tây, đậu Hà Lan và cần tây, được thiết kế để tạo thành nền tảng cho các bữa ăn nhanh, giàu chất dinh dưỡng. Quá trình đông khô bảo quản hầu hết các vitamin và chất xơ đồng thời loại bỏ độ ẩm, cho phép rau lấy lại kết cấu và hương vị khi được bù nước trong nước dùng hoặc nước. Hỗn hợp không chứa chất phụ gia này đóng vai trò như một nền tảng linh hoạt cho các món súp, món hầm và món thịt hầm, cung cấp nguồn dinh dưỡng thiết yếu có nguồn gốc từ thực vật với thời gian chuẩn bị tối thiểu.",75
6467bd72-0e6f-560f-b722-b50f4e197d92,,,Súp Tom Yum ăn liền (Instant Tom Yum Soup),INGREDIENT,344.0,8.0,8.0,60.0,6.0,3.0,3000.0,858156f4-0c43-40f6-b7d6-9d2f1d491e33,,,"Súp Tom Yum ăn liền là phiên bản khử nước của món súp chua nóng cổ điển của Thái Lan, thường được đóng gói dưới dạng bột hoặc bột nhão với các nguyên liệu khô. Sản phẩm tiện lợi này kết hợp các hương vị đặc trưng của sả, chanh kaffir, ớt và các loại gia vị khác của Thái Lan ở dạng ổn định khi bảo quản, thường chứa chất bảo quản gốc natri và chất điều vị. Mặc dù mang đến hương vị cay-mùi đặc trưng của Tom Yum, phiên bản ăn liền này thường có hàm lượng natri cao hơn và ít nguyên liệu tươi hơn so với phiên bản truyền thống.",75
12bf72a3-00d5-5933-aa60-ab4deceff883,,,Súp cà ri xanh (Green Curry Soup),DISH,152.0,6.0,8.9,12.0,1.0,1.0,300.0,858156f4-0c43-40f6-b7d6-9d2f1d491e33,,,"Súp cà ri xanh là một món ăn làm từ dừa của Thái Lan, đặc trưng bởi màu xanh rực rỡ và hương vị cay mặn. Món cà ri xanh đặc trưng kết hợp ớt xanh tươi, sả, riềng và lá chanh kaffir, ninh trong nước cốt dừa với các loại rau và điển hình là thịt gà hoặc đậu phụ. Mặc dù giàu chất béo trung tính chuỗi trung bình từ nước cốt dừa, nó cung cấp chất chống oxy hóa từ các loại thảo mộc tươi và có thể thích nghi với chế độ ăn thuần chay hoặc không chứa gluten bằng cách điều chỉnh nguồn protein và thành phần bột nhão.",75
308f04a8-e7ad-5067-bb16-2177c0d36b2c,,,Súp cua (Crab Soup),DISH,105.0,7.5,5.93,4.43,0.8,3.63,750.0,858156f4-0c43-40f6-b7d6-9d2f1d491e33,,,"Súp cua là một món ăn làm từ hải sản có thịt cua mềm được ninh trong nước dùng hoặc kem, thường được làm giàu với các loại rau như cần tây, hành tây và cà chua. Các biến thể theo vùng bao gồm các phiên bản kiểu Maryland với gia vị Old Bay và bánh quy được làm đặc bằng kem hoặc rượu sherry. Mặc dù giàu protein nạc, kẽm và selen từ cua nhưng các loại cua thương mại hoặc nhà hàng có thể chứa hàm lượng natri cao. Các chế phẩm tươi thường nhấn mạnh vị ngọt, mặn của cua đồng thời cân bằng vị đậm đà với các loại thảo mộc thơm.",75
fb629c86-a063-5c4c-aa43-5abf2f85454b,,,Mì Tom Yum (Tom Yum Noodle Soup),DISH,182.0,6.5,1.64,35.3,1.76,3.0,581.0,858156f4-0c43-40f6-b7d6-9d2f1d491e33,,,"Mì Tom Yum là món ăn đường phố đặc trưng của Thái Lan với nước dùng đậm đà, thơm cân bằng với ớt cay, chanh chua và hương thảo dược từ sả và lá chanh kaffir. Theo truyền thống được làm từ tôm hoặc thịt gà và mì gạo, món ăn này mang đến một lựa chọn bữa ăn nhẹ nhàng hơn với capsaicin tăng cường trao đổi chất từ ​​ớt và chất chống oxy hóa từ các loại thảo mộc tươi. Trong khi các phiên bản làm từ nước dùng có lượng calo thấp hơn thì các biến thể nước cốt dừa (Tom Yum Nam Khon) lại bổ sung thêm vị đậm đà và chất béo bão hòa.",75
e3f096c4-7b73-5bf4-84b8-9a03a4d530c2,,,Hỗn hợp bột súp Minestrone (Minestrone Soup Mix),INGREDIENT,358.0,20.0,7.8,53.6,3.6,2.5,4620.0,858156f4-0c43-40f6-b7d6-9d2f1d491e33,,,"Hỗn hợp súp Minestrone là hỗn hợp khử nước của mì ống, các loại đậu (thường là đậu và đậu lăng), rau khô và các loại thảo mộc Ý được thiết kế để tạo lại món súp rau thịnh soạn cổ điển. Đế ổn định trong thời hạn sử dụng này cung cấp protein và chất xơ có nguồn gốc thực vật từ hàm lượng cây họ đậu, đồng thời cho phép tùy chỉnh với các nguyên liệu tươi như cà chua hoặc rau xanh. Khi đun sôi với nước hoặc nước dùng, hỗn hợp sẽ bù nước thành một món súp có kết cấu thơm ngon, duy trì mức natri thấp hơn so với nhiều phiên bản đóng hộp.",75
9272f11f-760b-5f00-ac79-c0a39f9b905c,,,Súp bánh bao Matzo Ball (Matzo Ball Soup),DISH,145.0,6.3,4.9,18.7,1.2,2.5,831.0,858156f4-0c43-40f6-b7d6-9d2f1d491e33,,,"Súp viên Matzo là món ăn truyền thống của người Do Thái gồm có nước dùng và bánh bao làm từ bột matzo, trứng và mỡ. Súp thường được chế biến bằng nước luộc gà, cung cấp protein nạc và khoáng chất, trong khi những viên matzo có kết cấu khác nhau từ nhẹ, mịn đến đặc tùy thuộc vào cách chế biến. Món ăn dễ chịu này mang ý nghĩa văn hóa trong ẩm thực Ashkenazi, mặc dù hàm lượng natri cao và bữa ăn matzo chứa gluten có thể cần được xem xét đối với một số chế độ ăn kiêng.",75
5130e2c7-f68a-54b7-a572-59d66bb83ebf,,,Súp Muligatawny vị cà ri (Mulligatawny Soup),DISH,63.0,0.9,3.3,7.9,0.8,2.0,300.0,858156f4-0c43-40f6-b7d6-9d2f1d491e33,,,"Mulligatawny là món súp Anh-Ấn có nhiều gia vị kết hợp bột cà ri, đậu lăng và gạo trong nước dùng đậm đà. Món ăn ấm áp này theo truyền thống có sự kết hợp của các loại rau và thường bao gồm thịt gà hoặc thịt cừu, mặc dù các phiên bản dành cho người ăn chay cũng phổ biến. Màu vàng cam đặc biệt của món súp đến từ đặc tính cà ri của nó, trong khi độ đặc của kem thường đạt được thông qua việc bổ sung nước cốt dừa hoặc kem, tạo ra một bữa ăn bổ dưỡng cung cấp cả protein và carbohydrate phức hợp.",75
0255c870-83ed-52f5-aa16-cb0f9b990d8d,,,Phở tái bò (Pho Tai Rare Beef),INGREDIENT,100.0,4.89,1.06,15.96,1.17,0.64,319.15,858156f4-0c43-40f6-b7d6-9d2f1d491e33,,,"Phở tái Bò Tài Tài là món phở cổ điển của Việt Nam với thịt bò sống thái mỏng nấu ngay trong nước luộc xương thơm. Món ăn này kết hợp sợi bún mềm và thịt bò giàu protein trong nước dùng phức hợp được ninh nhừ theo kiểu truyền thống với các loại gia vị như hoa hồi và quế. Mỗi bát thường được phục vụ kèm với các loại thảo mộc tươi, giá đỗ và chanh để thực khách điều chỉnh hương vị cho vừa miệng, tạo nên một bữa ăn thỏa mãn thường cung cấp 22-23 gam protein.",75
cf61931e-f5c9-53e4-83ac-50a6f8bf8a0d,,,Súp bánh bao Matzoh Ball (Matzoh Ball Soup),DISH,59.47,2.86,2.2,7.05,0.44,0.88,396.48,858156f4-0c43-40f6-b7d6-9d2f1d491e33,,,"Súp bóng Matzoh là một món ăn cổ điển của người Do Thái, gồm có bánh bao nhẹ, mềm làm từ bột matzoh và trứng, ăn kèm với nước dùng gà trong. Món ăn chủ yếu của nhà hàng này thường bao gồm cà rốt mềm và cần tây trong nước dùng, tạo nên một bữa ăn nhẹ nhàng nhưng ngon miệng, đặc biệt phổ biến trong thời tiết lạnh. Súp có lượng calo vừa phải cung cấp sự kết hợp cân bằng giữa protein từ nước dùng và carbohydrate từ viên matzoh.",75
729e0103-ab43-5374-b65d-f9831b9c4b2f,,,Súp tiêu cay Pepperpot (Pepperpot Soup),DISH,115.71,5.14,3.71,16.0,1.43,2.29,156.29,858156f4-0c43-40f6-b7d6-9d2f1d491e33,,,"Súp Pepperpot là một món ăn thịnh soạn của vùng Caribe kết hợp các loại thịt mềm, rau củ và rau xanh trong nước dùng đậm đà làm từ nước cốt dừa. Món súp truyền thống này được đặc trưng bởi hương vị cay-mặn đặc biệt, được tăng cường bởi ớt Scotch và gia vị thơm. Một bữa ăn giàu chất dinh dưỡng, nó cung cấp lượng protein đáng kể từ nhiều loại thịt khác nhau, trong khi các loại rau củ và nước cốt dừa góp phần tạo nên độ đặc sệt, vừa miệng.",75
bfb10fb6-f9b6-557a-8e99-55a939feca56,,,Cuốn Phượng Hoàng / Phoenix Roll (Phoenix Roll),DISH,229.07,15.42,8.37,22.47,1.76,3.52,546.26,858156f4-0c43-40f6-b7d6-9d2f1d491e33,,,"Phoenix Roll là món sushi cuộn cao cấp có tôm tempura giòn và thịt giả cua, thường được trang trí bằng kem bơ và sốt unagi ngọt. Món cuộn đáng kể này kết hợp cả yếu tố nấu chín và tươi, làm cho nó có nhiều calo hơn so với cuộn sushi truyền thống đồng thời mang đến sự kết hợp hài lòng giữa kết cấu giòn, kem và ngọt. Thành phần giàu protein và khẩu phần ăn hào phóng thường khiến nó thích hợp làm món ăn chính hơn là chỉ là món khai vị.",75
ba3b540b-4571-5730-a491-e07e18a9a5af,,,Súp rau củ đậu lăng (Lentil Vegetable Soup),DISH,75.0,5.0,1.25,11.67,2.92,1.67,208.33,858156f4-0c43-40f6-b7d6-9d2f1d491e33,,,"Súp rau đậu lăng là một món ăn giàu dinh dưỡng, có nguồn gốc từ thực vật, bao gồm đậu lăng hữu cơ được ninh với các loại rau tươi như cà rốt, cần tây và rau bina trong nước dùng dày dặn. Món súp thịnh soạn này cung cấp hàm lượng protein và chất xơ đáng kể, thường cung cấp 11-18 gam protein và 8-10 gam chất xơ mỗi khẩu phần. Được chế biến bằng dầu ô liu tốt cho tim mạch và gia vị thơm, món súp kiểu quán cà phê này thể hiện cách nấu ăn lành mạnh, có lợi cho sức khỏe đồng thời mang lại hương vị phong phú và nguồn dinh dưỡng thỏa mãn.",75
417cd158-14e6-5e1a-b1f6-06331c057263,,,Súp hải sản đậu phụ (Seafood Tofu Soup),DISH,85.71,8.57,3.43,5.71,0.57,0.86,285.71,858156f4-0c43-40f6-b7d6-9d2f1d491e33,,,"Súp đậu phụ hải sản là một món ăn nhà hàng Trung Quốc giàu protein với nước dùng trong suốt, tinh tế với những miếng đậu phụ mềm và nhiều loại hải sản như tôm, sò điệp và cá. Nước súp nhẹ nhưng đầy hương vị thường được tăng cường với gừng, tỏi và hành lá, trong khi bột ngô mang lại kết cấu mượt mà. Món súp bổ dưỡng này kết hợp những lợi ích của protein nạc hải sản với protein có nguồn gốc thực vật của đậu phụ, thường được phục vụ khi còn nóng như món khai vị hoặc món chính.",75
5b04d22c-090b-5135-a48e-e2b9b8c66729,,,Mì cay Kimchi Ramen thịt heo (Kimchi Ramen with Pork),INGREDIENT,109.09,2.55,4.55,14.55,0.73,1.45,454.55,858156f4-0c43-40f6-b7d6-9d2f1d491e33,,,"Kimchi Ramen with Pork là một món ăn kết hợp thịnh soạn giữa mì ramen kiểu Nhật với kim chi Hàn Quốc trong nước dùng đậm đà làm từ thịt lợn. Bát lớn này thường chứa mì lúa mì, lát thịt lợn mềm và kim chi lên men, tạo nên một bữa ăn cay, giàu vị umami với trung bình 500-600 calo mỗi khẩu phần. Sự kết hợp giữa protein thịt lợn, rau lên men và mì lúa mì làm cho món ăn này trở thành một món ăn no nhưng giàu natri, thường được trang trí bằng hành lá và trứng luộc mềm.",75
9448d646-19b5-54ec-88a9-27d8c72850ba,,,Súp Afang thịt bò (Afang Soup with Beef),DISH,140.0,5.83,10.0,7.92,3.21,0.83,333.33,858156f4-0c43-40f6-b7d6-9d2f1d491e33,,,"Afang Soup là một món ăn giàu chất dinh dưỡng của Nigeria được làm từ lá Afang và lá nước thái nhỏ, ninh với thịt bò mềm trong nước dùng làm từ dầu cọ. Món súp đậm đà, bổ dưỡng này kết hợp các loại rau xanh với thịt giàu protein và hải sản khô, tạo nên một món ăn đặc biệt giàu vitamin A và C, sắt và chất xơ. Theo truyền thống được phục vụ với các món có nhiều tinh bột như khoai lang giã nhỏ hoặc fufu, nó tượng trưng cho một bữa ăn hoàn chỉnh trong ẩm thực Nigeria.",75
69305818-a34f-5961-a4c3-31ef0a1341a4,,,Súp hoành thánh kiểu Quảng Đông (Cantonese Wonton Soup),DISH,50.35,2.22,0.41,7.26,0.29,0.35,293.91,858156f4-0c43-40f6-b7d6-9d2f1d491e33,,,"Súp hoành thánh Quảng Đông là một món súp truyền thống của Trung Quốc gồm có bánh bao tinh tế chứa đầy thịt lợn và tôm dày dạn trong nước dùng thơm nhẹ. Trong các cửa hàng bán boba, món này thường được phục vụ như một khẩu phần vừa phải với hoành thánh mềm, rau tươi và mì mỏng tùy chọn, khiến món ăn trở thành một bữa ăn nhẹ thỏa mãn. Món súp cung cấp một nguồn protein dồi dào trong khi vẫn có lượng calo tương đối thấp, mặc dù các phiên bản dùng mì sẽ có hàm lượng carbohydrate cao hơn.",75
17883e57-50de-5dc1-b198-19b78b03d194,,,Mì Shoyu Ramen thịt heo (Shoyu Ramen with Pork),INGREDIENT,266.67,9.0,5.0,17.33,1.0,1.67,666.67,858156f4-0c43-40f6-b7d6-9d2f1d491e33,,,"Shoyu ramen là một món mì cổ điển của Nhật Bản có nước dùng trong, làm từ nước tương, giúp phân biệt nó với các loại mì ramen béo ngậy hơn. Món ăn nhà hàng này kết hợp mì lúa mì và thịt lợn om mềm (chashu) với các loại đồ ăn kèm truyền thống như trứng luộc mềm, hành lá và măng. Mặc dù cung cấp hàm lượng protein đáng kể và hương vị umami vừa miệng, món ăn thịnh soạn này thường chứa 700-900 calo và lượng natri đáng kể, khiến nó trở thành một lựa chọn ăn uống thú vị hơn.",75
50672a38-d0f8-52d8-8bf7-0e6663a4ad8f,,,Mì Miso Ramen thịt bò (Miso Ramen with Beef),INGREDIENT,166.67,10.0,5.83,16.67,1.17,1.33,500.0,858156f4-0c43-40f6-b7d6-9d2f1d491e33,,,"Miso Ramen with Beef là món mì Nhật thịnh soạn có nước dùng béo ngậy, béo ngậy được làm từ tương đậu nành lên men (miso) và thịt bò thái lát mềm. Món ăn đặc sắc này kết hợp sợi mì dai, thịt bò mặn và nhiều loại đồ ăn kèm khác nhau như trứng luộc mềm, giá đỗ và rau trong nước dùng phức hợp, giàu vị umami. Là một bữa ăn hoàn chỉnh, nó cung cấp hàm lượng protein đáng kể và chất dinh dưỡng thỏa mãn, mặc dù nó thường có hàm lượng natri cao do nước dùng làm từ miso.",75
b54cfd63-08ad-57a8-bb6c-fd253a1c8260,,,Súp Afang ốc sên (Afang Soup with Snail),DISH,140.0,5.83,10.0,7.92,3.21,1.25,250.0,858156f4-0c43-40f6-b7d6-9d2f1d491e33,,,"Súp ốc Afang là một món ăn giàu dinh dưỡng của Nigeria với sự kết hợp phong phú của lá Afang, lá nước và thịt ốc mềm nấu trong dầu cọ. Món súp truyền thống này nổi bật bởi hàm lượng chất xơ cao và hàm lượng protein dồi dào, kết hợp cả protein hải sản và thịt với các loại rau bản địa giàu vitamin. Món súp thịnh soạn thường được phục vụ nóng cùng với các loại tinh bột truyền thống như khoai lang giã nhỏ hoặc garri, tạo nên một bữa ăn no nê đặc biệt phổ biến ở các bang Cross River và Akwa Ibom của Nigeria.",75
d294d611-8963-5d24-afaa-093bc472956d,,,Mì Vegan Ramen chả lúa mì Seitan (Vegan Ramen with Seitan),DISH,142.86,4.86,5.14,18.57,1.71,1.43,485.71,858156f4-0c43-40f6-b7d6-9d2f1d491e33,,,"Ramen thuần chay với mì căn là một biến thể dựa trên thực vật của ramen truyền thống Nhật Bản với mì làm từ lúa mì trong nước dùng vị umami đậm đà được làm từ miso, nước tương và gia vị thơm. Món ăn này nổi bật với seitan, một sản phẩm gluten lúa mì giàu protein, bên cạnh các loại mì ramen đặc trưng như cải chíp, nấm và hành lá. Bát mì thịnh soạn này cung cấp đáng kể lượng protein và chất xơ có nguồn gốc thực vật, đồng thời mang lại trải nghiệm ấm áp, thỏa mãn của món mì ramen truyền thống mà không cần bất kỳ sản phẩm động vật nào.",75
acc15e4b-7812-5439-ab76-37ddad8a5696,,,Phở đặc biệt kết hợp / Phở Đặc Biệt (Pho Dac Biet Special Combination),DISH,94.0,4.3,1.6,15.8,1.0,0.4,180.0,858156f4-0c43-40f6-b7d6-9d2f1d491e33,,,"Phở Đắc Biệt là món phở Việt Nam cao cấp với nước dùng đậm đà từ thịt bò và bún cùng với tuyển chọn các loại thịt phong phú nhất, điển hình bao gồm thịt bò tái, thịt ức, gân, lòng bò và bò viên. Nước dùng thơm được ninh theo kiểu truyền thống với xương, gừng và gia vị, trong khi các loại thảo mộc tươi, giá đỗ và chanh được phục vụ kèm theo để tùy chỉnh. Món súp thịnh soạn này đại diện cho phiên bản phở hoàn chỉnh nhất, mang đến một bữa ăn thịnh soạn, giàu protein và hương vị phức tạp.",75
c275403e-e964-5300-bf6b-ef6ccb261f45,,,Mì hải sản Udon (Seafood Udon),DISH,228.31,13.7,1.14,40.64,1.37,1.83,1369.86,858156f4-0c43-40f6-b7d6-9d2f1d491e33,,,"Udon hải sản là món mì truyền thống của Nhật Bản với sợi mì dày, dai trong nước dùng làm từ dashi thơm ngon. Món ăn thường kết hợp nhiều loại hải sản khác nhau như tôm, mực và cá với mì udon mềm và rau tươi. Mặc dù cung cấp một nguồn carbohydrate phức tạp và protein nạc từ hải sản, món súp thịnh soạn này lại có hàm lượng natri cao đáng chú ý do nước dùng được nêm gia vị.",75
4e842faf-ec13-5654-acd3-5364343e74dd,,,Súp bánh Kubba sữa chua (Kibbeh in Yogurt Soup),DISH,180.0,11.0,6.0,16.0,2.2,1.6,160.0,858156f4-0c43-40f6-b7d6-9d2f1d491e33,,,"Kibbeh trong Súp sữa chua là một món ăn truyền thống của Syria bao gồm thịt tẩm gia vị và bánh bao lúa mì bulgur ăn kèm với nước sốt kem sữa chua. Những quả bóng kibbeh thường được nhồi với thịt xay tẩm gia vị và hạt thông, sau đó ninh trong nước sốt đậm đà làm từ sữa chua nguyên chất đặc với gạo và tăng cường tỏi và bạc hà. Món ăn thịnh soạn này thể hiện sự kết hợp tinh tế giữa protein, carbohydrate phức tạp và sữa, khiến nó trở thành món chính quan trọng trong ẩm thực Trung Đông.",75
7653f688-ddb5-5a80-a7ff-1660d25efdf0,,,Súp quả việt quất (Blueberry Soup),DISH,46.0,0.64,0.2,10.4,0.8,7.6,10.0,858156f4-0c43-40f6-b7d6-9d2f1d491e33,,,"Súp việt quất là một món ăn truyền thống của Bắc Âu được phục vụ nóng hoặc lạnh như món khai vị hoặc món tráng miệng. Món súp dễ chịu này được làm chủ yếu từ quả việt quất nấu với nước và thường được tăng cường với bạch đậu khấu hoặc quế, sau đó được làm đặc bằng tinh bột để có độ sệt mịn. Món súp màu tím đậm mang lại vị ngọt tự nhiên của quả việt quất trong khi vẫn duy trì các đặc tính chống oxy hóa có lợi của trái cây.",75
e64c3032-ee72-5445-abdf-e6e285791535,,,Súp Minestrone ăn liền (Instant Minestrone Soup),INGREDIENT,358.0,20.0,7.8,53.6,3.6,3.0,4620.0,858156f4-0c43-40f6-b7d6-9d2f1d491e33,,,"Súp minestrone ăn liền là hỗn hợp khử nước tái tạo món súp rau cổ điển của Ý thông qua sự pha trộn của mì ống khô, đậu, cà chua và thảo mộc. Được thiết kế để chuẩn bị nhanh chóng, nó chỉ cần nước nóng để pha, mặc dù hàm lượng natri của nó thường cao so với các phiên bản tự chế. Hỗn hợp này thường cung cấp protein từ thực vật và chất xơ từ đậu và rau, khiến nó trở thành một lựa chọn thuận tiện cho người ăn chay khi không có chất phụ gia làm từ thịt.",75
654394a9-482e-54e3-afc3-c7b0336b5c65,,,Súp thịt hầm Goulash (Goulash Soup),DISH,84.51,7.61,3.38,5.63,0.85,1.13,326.76,858156f4-0c43-40f6-b7d6-9d2f1d491e33,,,"Súp Goulash là một món ăn thịnh soạn của Áo gồm thịt bò mềm được nấu chậm trong nước dùng đậm đà có hương vị đậm đà của ớt bột Hungary và hạt caraway. Món súp giàu protein này kết hợp thịt bò, hành tây và cà chua thành một món súp kiểu bữa ăn thịnh soạn, khác biệt rõ rệt với món súp goulash đặc hơn của Hungary. Các món ăn truyền thống trong quán cà phê thường cung cấp một lượng lớn món súp thơm này được trang trí bằng bánh mì tươi để có một bữa ăn ấm áp và thỏa mãn.",75
50c9461e-6daa-5f1e-b084-7576018664d9,,,Mì Tonkotsu Ramen (Tonkotsu Ramen),DISH,66.11,3.89,2.67,6.67,0.44,0.33,333.33,858156f4-0c43-40f6-b7d6-9d2f1d491e33,,,"Tonkotsu ramen là một loại mì đậm đà của Nhật Bản nổi bật bởi nước dùng màu trắng sữa như kem được làm từ xương heo được ninh trong nhiều giờ. Món ăn thịnh soạn này thường có mì lúa mì dai, thịt lợn thái lát mềm (chashu), trứng luộc mềm và trang trí tươi như hành lá trong nước súp có hương vị đậm đà. Nước dùng được ninh lâu đặc biệt đáng chú ý vì hàm lượng protein cao và kết cấu giàu collagen, mặc dù nó cũng có hàm lượng natri cao đặc trưng.",75
a8bbde25-3ee5-5b24-993a-f849d82bf828,,,Súp kem cà rốt gừng (Carrot Ginger Soup),DISH,50.0,0.83,1.67,6.25,1.67,2.92,208.33,858156f4-0c43-40f6-b7d6-9d2f1d491e33,,,"Súp gừng cà rốt là sự pha trộn có lợi cho sức khỏe giữa cà rốt hữu cơ và gừng tươi, thường được xay nhuyễn để có độ mịn như kem. Món súp ấm này giàu Vitamin A và chất xơ một cách tự nhiên, đồng thời có hương vị cân bằng kết hợp vị ngọt tự nhiên của cà rốt với vị cay nhẹ của gừng. Thường được chế biến bằng kem sữa hoặc các sản phẩm thay thế có nguồn gốc thực vật như nước cốt dừa, món súp đa năng này mang đến một lựa chọn đậm đặc chất dinh dưỡng đáp ứng các sở thích ăn kiêng khác nhau.",75
8bec4226-b0a6-54e5-b1a6-07ac33e592cb,,,Mì Kake Udon (Kake Udon),DISH,79.01,2.41,0.23,16.01,0.62,0.49,172.84,858156f4-0c43-40f6-b7d6-9d2f1d491e33,,,"Kake Udon là món súp nóng truyền thống của Nhật Bản với sợi mì dày được phục vụ trong nước dùng dashi trong làm từ tảo bẹ và cá ngừ khô. Món ăn đơn giản nhưng thỏa mãn này thường được trang trí bằng hành lá thái lát mỏng và các miếng tempura tùy chọn, mang đến một bữa ăn giàu carbohydrate nhưng ít chất béo. Sợi mì udon dai, dai và nước dùng đậm đà vị umami khiến món này trở thành nền tảng của món ăn tiện lợi của Nhật Bản.",75
a759ddcc-fe91-5fb3-b1da-c15833f03d50,,,Súp tương Miso đậu phụ (Miso Soup with Tofu),DISH,50.0,3.33,2.08,5.0,1.04,0.83,208.33,858156f4-0c43-40f6-b7d6-9d2f1d491e33,,,"Súp miso với đậu phụ là một món súp lấy cảm hứng từ Nhật Bản gồm có tương đậu nành lên men hữu cơ (miso) và đậu phụ cắt khối trong nước dùng làm từ kombu được chuẩn bị kỹ lưỡng. Phiên bản quán cà phê có lợi cho sức khỏe này thường kết hợp thêm các loại rau như rong biển, nấm và hành lá, đồng thời sử dụng miso ít natri và dashi chỉ kombu để giảm hàm lượng natri. Món súp cung cấp men vi sinh có lợi từ miso lên men, protein hoàn chỉnh từ đậu phụ hữu cơ và các khoáng chất thiết yếu từ rau biển, khiến món súp trở thành một lựa chọn bổ dưỡng, tốt cho đường ruột với khoảng 100-150 calo mỗi khẩu phần.",75
e02ab764-a549-5081-aa6d-d0a4cabc1bf9,,,Mì Tonkotsu Ramen thịt heo xá xíu Chashu (Tonkotsu Ramen with Chashu Pork),INGREDIENT,185.71,8.0,7.14,22.86,0.86,1.14,714.29,858156f4-0c43-40f6-b7d6-9d2f1d491e33,,,"Tonkotsu ramen là một món mì thịnh soạn của Nhật Bản nổi bật bởi nước dùng béo ngậy, béo ngậy được làm từ xương heo được ninh trong nhiều giờ. Món chế biến tại nhà hàng này bao gồm mì lúa mì mềm trong nước dùng màu trắng sữa đặc trưng, ​​bên trên là thịt lợn chashu thái lát mỏng - bụng lợn ướp và om đặc trưng mềm và có hương vị. Món ăn này thường được hoàn thiện với trứng luộc mềm, hành lá và măng, tạo nên một bữa ăn thịnh soạn có hàm lượng protein cao và giàu collagen.",75
60bdfbba-aa30-5d38-8a69-1b83e9204cec,,,Mì cay Miso Ramen tôm (Spicy Miso Ramen with Shrimp),INGREDIENT,85.14,5.14,1.43,12.86,0.43,0.57,285.71,858156f4-0c43-40f6-b7d6-9d2f1d491e33,,,"Ramen Miso cay với tôm là một món mì Nhật Bản thịnh soạn có mì lúa mì trong nước dùng miso đậm đà, cay cay được trang trí bằng tôm mọng nước. Món ăn kiểu nhà hàng này thường bao gồm mì lúa mì mềm, tương đậu nành lên men (miso), dầu ớt và nhiều loại đồ ăn kèm khác nhau như hành lá và rau. Là một bữa ăn quan trọng, nó cung cấp lượng protein đáng kể từ tôm trong khi có hàm lượng natri và carbohydrate cao đáng kể, với hầu hết các suất ăn tại nhà hàng chứa từ 500-1000 calo.",75
5156acdf-155d-5863-9870-d098fe58e5f7,,,Súp hành tây kiểu Pháp ăn liền (Instant French Onion Soup),INGREDIENT,286.0,14.3,0.0,57.1,3.0,5.0,8714.0,858156f4-0c43-40f6-b7d6-9d2f1d491e33,,,"Súp hành tây kiểu Pháp ăn liền là hỗn hợp khử nước được thiết kế để tái tạo hương vị của súp hành tây caramen truyền thống thông qua việc chuẩn bị nhanh chóng. Được làm chủ yếu từ hành khô, muối và gia vị, món này thường chỉ cần nước nóng để pha thành nước dùng thơm ngon. Mặc dù tiện lợi nhưng sản phẩm ổn định khi bảo quản này thường chứa hàm lượng natri cao và có thể bao gồm các chất phụ gia như bột ngọt (MSG) để tăng hương vị. Hỗn hợp này cũng thường được sử dụng làm gia vị cho các món thịt hầm hoặc nước chấm thay vì dùng như một món súp riêng lẻ.",75
803f9d8b-de74-5b1d-91ef-559182b65256,,,Súp cá kiểu Tứ Xuyên (Szechuan Fish Soup),DISH,100.0,9.43,2.86,7.14,0.86,1.14,242.86,858156f4-0c43-40f6-b7d6-9d2f1d491e33,,,"Súp cá Tứ Xuyên là một món súp cay của Trung Quốc bao gồm phi lê cá mềm trong nước dùng đậm đà, phức hợp, được làm giàu với rau và gia vị thơm. Sự kết hợp đặc trưng giữa hạt tiêu Tứ Xuyên và ớt tạo ra cảm giác cay tê đặc trưng, ​​trong khi món súp giàu protein thường được trang trí bằng hành lá và nấm. Món súp thịnh soạn này cung cấp một lượng đáng kể protein nạc và rau trong nước dùng có hương vị đậm đà, đặc trưng của ẩm thực Tứ Xuyên.",75
65d9aa8e-903d-584a-90d6-87bc61d646c7,,,Mì xào Yaki Udon (Yaki Udon),DISH,200.0,11.43,6.29,16.57,1.71,1.43,400.0,858156f4-0c43-40f6-b7d6-9d2f1d491e33,,,"Yaki Udon là món mì xào lấy cảm hứng từ Nhật Bản được chế biến theo thực đơn của các nhà hàng Trung Quốc. Món ăn thịnh soạn này có mì udon làm từ lúa mì dày được xào với protein (thường là thịt gà, thịt bò hoặc tôm), rau trộn và nước sốt thơm ngon làm từ đậu nành. Là món chính quan trọng, nó cung cấp hàm lượng protein và carbohydrate đáng kể, thường cung cấp 600-750 calo cho mỗi phần ăn hào phóng tại nhà hàng.",75
2f652307-83b1-5fb5-bba9-cb95771bf772,,,Súp lúa mì xanh Freekeh (Freekeh Soup),DISH,145.83,8.33,5.0,9.72,2.5,1.67,222.22,858156f4-0c43-40f6-b7d6-9d2f1d491e33,,,"Súp Freekeh là món ăn truyền thống của Syria làm từ hạt lúa mì xanh rang mang lại hương vị hấp dẫn đặc biệt. Món súp thịnh soạn này thường kết hợp thịt mềm, rau thơm và gia vị Trung Đông ấm áp trong nước dùng đậm đà. Món ăn này đặc biệt đáng chú ý vì hàm lượng protein và chất xơ cao, đồng thời cung cấp sự kết hợp độc đáo của các chất dinh dưỡng từ ngũ cốc nguyên hạt và các thành phần đa dạng.",75
3442e5d6-e5c7-573b-9bdc-f57fbaa8e04f,,,Mì Miso Ramen thịt gà (Miso Ramen with Chicken),INGREDIENT,100.0,5.71,2.0,13.57,1.0,0.57,257.14,858156f4-0c43-40f6-b7d6-9d2f1d491e33,,,"Miso Ramen with Chicken là món mì Nhật thịnh soạn có nước dùng đậm đà, vị umami được làm từ tương đậu nành lên men và nước luộc gà. Bữa ăn hoàn chỉnh này kết hợp mì lúa mì mềm và gà nướng với các món trang trí truyền thống như trứng luộc mềm, hành lá, giá đỗ và ngô. Mặc dù cung cấp lượng protein đáng kể và sự kết hợp hài lòng giữa các kết cấu, món ăn nhà hàng này đặc biệt có hàm lượng natri cao do nước dùng có hương vị làm từ miso.",75
ac05bb22-71ce-5020-b8cf-49e27bb7a604,,,Súp jambalaya gà và xúc xích Andouille (Chicken and Andouille Sausage Jambalaya Soup),DISH,145.83,8.75,6.04,14.58,1.25,1.46,312.5,858156f4-0c43-40f6-b7d6-9d2f1d491e33,,,"Súp Jambalaya gà và xúc xích Andouille là một món ăn thịnh soạn lấy cảm hứng từ Cajun, biến món jambalaya truyền thống thành một bữa ăn đậm đà làm từ nước dùng. Món súp giàu protein này kết hợp thịt gà mềm và xúc xích andouille cay với 'bộ ba thần thánh' Cajun cổ điển gồm ớt chuông, hành tây và cần tây, tất cả đều dùng kèm cơm trong nước dùng dày dặn. Món ăn này duy trì hương vị đích thực của jambalaya trong khi mang lại độ đặc giống súp hơn, khiến bạn đặc biệt hài lòng khi dùng làm món chính.",75
8a034f51-b1fa-5693-a998-adc45940f70d,,,Mì Shoyu Ramen (Shoyu Ramen),DISH,116.67,5.83,3.67,13.33,0.5,0.67,583.33,858156f4-0c43-40f6-b7d6-9d2f1d491e33,,,"Shoyu ramen là món mì cổ điển của Nhật Bản được phân biệt bởi nước dùng trong, làm từ nước tương và mì lúa mì. Món ăn chính của nhà hàng này thường có thịt lợn thái lát mềm (chashu), trứng luộc mềm, hành lá và măng ăn kèm với mì lúa mì dai trong nước dùng thơm ngon, giàu vị umami. Mặc dù có hương vị đậm đà nhưng nước dùng làm từ nước tương lại góp phần tạo ra hàm lượng natri cao đáng kể, khiến món ăn này trở thành một bữa ăn đặc biệt thịnh soạn và thỏa mãn, mặc dù có nhiều muối.",75
03528afc-a88e-5864-adf8-29c25a234ec3,,,Phở bò (Pho Bo Beef),INGREDIENT,94.0,4.3,1.6,15.8,1.0,1.2,180.0,858156f4-0c43-40f6-b7d6-9d2f1d491e33,,,"Phở Bò là món súp truyền thống của Việt Nam gồm có bún và thịt bò thái mỏng trong nước dùng đậm đà được ninh với xương và gia vị thơm trong hơn 24 giờ. Món ăn quan trọng này được phục vụ với các đồ trang trí tươi bao gồm giá đỗ, rau thơm và chanh, cho phép thực khách tùy chỉnh hương vị và kết cấu bát của mình. Sự kết hợp cân bằng giữa thịt bò giàu protein, carbohydrate phức hợp từ mì gạo và nước dùng đậm đặc chất dinh dưỡng tạo nên một bữa ăn hoàn chỉnh, mặc dù các suất ăn tại nhà hàng thường chứa hàm lượng natri cao.",75
66390b08-fa4b-5d7c-ab81-20bd193e7fb0,,,Súp nấm rừng hoang dã (Wild Foraged Mushroom Soup),DISH,54.17,1.25,3.33,5.0,1.04,1.25,166.67,858156f4-0c43-40f6-b7d6-9d2f1d491e33,,,"Súp nấm hoang dã là một đặc sản Tây Bắc Thái Bình Dương bao gồm các loại nấm dại được thu hoạch tại địa phương như morels, chanterelles và porcini. Món súp theo mùa này thường được chế biến với sự pha trộn đậm đà của nấm rừng đun sôi trong nước dùng thơm ngon, thường được kết thúc bằng kem và các loại thảo mộc thơm. Ngoài hương vị đất phức tạp, nó còn mang lại những lợi ích dinh dưỡng độc đáo bao gồm vitamin D tự nhiên và chất chống oxy hóa từ nấm dại, đồng thời độ đậm đà có thể thay đổi tùy theo phương pháp chế biến.",75
1340646d-5399-5f2a-b6dc-1acbb2871692,,,Mì Tonkotsu Ramen thịt gà (Tonkotsu Ramen with Chicken),INGREDIENT,100.0,5.0,2.57,11.43,0.5,0.71,500.0,858156f4-0c43-40f6-b7d6-9d2f1d491e33,,,"Tonkotsu Ramen với thịt gà là món mì Nhật Bản có nước dùng béo ngậy, béo ngậy được làm từ xương lợn ninh lâu, ăn kèm với thịt gà mềm thay vì thịt lợn truyền thống. Món ăn đặc sắc này kết hợp sợi mì dai, thịt gà ướp, trứng luộc mềm và rau tươi trong nước dùng màu trắng sữa đặc trưng. Mặc dù cung cấp nguồn protein dồi dào nhưng món ăn nhà hàng này thường chứa nhiều natri và calo, thường chứa hơn 2.000mg natri và 600-900 calo mỗi bát.",75
0508049d-5871-51d8-ab39-ba23c1508400,,,Súp Nsala nấu cá kiểu Nigeria (Nsala Soup with Fish),DISH,585.0,30.85,50.01,2.85,1.71,1.14,266.67,858156f4-0c43-40f6-b7d6-9d2f1d491e33,,,"Súp Nsala là món súp trắng truyền thống của Nigeria được phân biệt bởi kết cấu kem đạt được thông qua phương pháp làm đặc độc đáo dựa trên khoai mỡ. Món súp giàu protein này có cá mềm là protein chính, được tăng cường với các loại gia vị thơm như hạt uziza và tôm càng để tạo ra hương vị umami đặc trưng của đất. Nổi tiếng với hàm lượng protein và sắt cao, món súp bổ dưỡng này đặc biệt có giá trị trong ẩm thực Nigeria vì đặc tính chữa bệnh của nó.",75
5f2f06d2-a42b-59ff-a728-1db46b270c64,,,Súp chanh trứng Hy Lạp / Avgolemono (Avgolemono Soup),DISH,66.67,4.17,2.08,6.25,0.42,0.83,250.0,858156f4-0c43-40f6-b7d6-9d2f1d491e33,,,"Súp Avgolemono là món súp gà truyền thống của Hy Lạp được phân biệt bởi kết cấu kem mượt, đạt được nhờ nước sốt trứng-chanh độc đáo chứ không phải sữa. Món súp thịnh soạn này kết hợp thịt gà và cơm mềm trong nước dùng đậm đà, với nước sốt đặc trưng mang đến hương vị vừa sang trọng vừa có hương cam quýt tươi sáng. Sự kết hợp của protein nạc từ thịt gà, carbohydrate phức hợp từ gạo và vitamin C từ chanh làm cho nó trở thành một lựa chọn bổ dưỡng đặc biệt.",75
a12d31b4-ecc9-513a-946f-2a570601b8ee,,,Súp sữa chua (Yogurt Soup),DISH,65.6,3.2,3.2,6.0,0.6,3.6,140.0,858156f4-0c43-40f6-b7d6-9d2f1d491e33,,,"Súp sữa chua là món ăn truyền thống của Trung Đông kết hợp sữa chua kem với các loại thảo mộc thơm và rau củ mềm trong nước dùng sánh mịn, dễ chịu. Món súp bổ dưỡng này có thể được phục vụ khi còn ấm hoặc ướp lạnh, có sự cân bằng tinh tế giữa vị sữa chua thơm và gia vị thơm ngon. Giàu protein và canxi từ nền tảng sữa chua, món này thường bao gồm các nguyên liệu như dưa chuột, bạc hà và tỏi, tạo nên một món ăn sảng khoái nhưng vẫn ngon miệng.",75
70a69095-6cf3-515c-a41a-081201d4cdd8,,,Mì bò Đài Loan (Taiwanese Beef Noodle Soup),DISH,100.0,7.37,2.95,10.57,0.74,0.74,442.26,858156f4-0c43-40f6-b7d6-9d2f1d491e33,,,"Bún bò Đài Loan là một món ăn thịnh soạn bao gồm thịt bò om mềm và sợi mì dai trong nước dùng đậm đà, thơm mùi hoa hồi, gừng và hạt tiêu Tứ Xuyên. Món súp giàu protein này thường bao gồm các loại rau trang trí tươi như rau bina và hành lá, mang đến một bữa ăn thịnh soạn đặc biệt giàu chất sắt và protein. Mặc dù mang lại những lợi ích dinh dưỡng tuyệt vời, món chế biến tại nhà hàng này có xu hướng chứa nhiều natri và lượng calo từ trung bình đến cao, với một khẩu phần thông thường cung cấp khoảng 400-550 calo.",75
fd606839-e4d5-52e8-9414-8dfc8518dc4d,,,Súp gà hạt diêm mạch Quinoa (Chicken and Quinoa Soup),DISH,66.08,5.73,0.66,9.25,1.32,1.32,88.11,858156f4-0c43-40f6-b7d6-9d2f1d491e33,,,"Súp Gà và Quinoa là một món ăn được chế biến tại quán cà phê có lợi cho sức khỏe, kết hợp giữa ức gà nạc với hạt quinoa giàu protein và rau tươi trong nước dùng nhạt. Món súp đậm đặc chất dinh dưỡng này cung cấp nguồn protein kép trong khi vẫn ít chất béo, có các thành phần lành mạnh như cà rốt, cải xoăn và các loại thảo mộc thơm. Việc bổ sung quinoa cung cấp protein và chất xơ hoàn chỉnh, khiến đây trở thành một lựa chọn bữa ăn đặc biệt thỏa mãn và cân bằng dinh dưỡng.",75
aba92d12-d847-5d78-87fd-cf0e5935f05b,,,Canh gà hầm sâm / Samgyetang (Samgyetang (Ginseng Chicken Soup)),DISH,55.78,3.89,2.0,5.56,0.67,0.56,88.89,858156f4-0c43-40f6-b7d6-9d2f1d491e33,,,"Samgyetang là món súp truyền thống của Hàn Quốc gồm có một con gà non nguyên con nhồi gạo nếp và ninh trong nước dùng nhân sâm trong. Món ăn bổ dưỡng này kết hợp thịt gà mềm với các nguyên liệu làm thuốc bao gồm rễ nhân sâm, táo tàu và tỏi, tạo nên một bữa ăn đầy đủ dinh dưỡng. Đặc biệt phổ biến trong những tháng mùa hè, món súp giàu protein này được đánh giá cao trong ẩm thực Hàn Quốc vì đặc tính tăng cường năng lượng và tăng cường sức khỏe.",75
716a2ece-ab59-56df-9bbf-0c51075cbe9d,,,Súp sườn bò ngắn / Galbitang (Galbitang (Beef Short Rib Soup)),DISH,145.83,12.5,8.33,5.0,0.83,1.67,333.33,858156f4-0c43-40f6-b7d6-9d2f1d491e33,,,"Galbitang là món súp sườn bò ngắn truyền thống của Hàn Quốc với thịt mềm được ninh từ từ trong nước dùng trong, thơm ngon với củ cải Hàn Quốc và các loại gia vị thơm. Món súp giàu chất dinh dưỡng này nổi bật với hàm lượng protein cao và nước dùng giàu collagen, được tạo ra thông qua việc ninh cẩn thận sườn bò chất lượng. Thường được phục vụ nóng với cơm và banchan (món ăn kèm Hàn Quốc), món này mang đến sự kết hợp hài lòng giữa thịt mềm, dễ tách khỏi xương và nước dùng có hương vị trong lành, bổ dưỡng.",75
d9d355e6-8ed0-566c-8db4-0ee588e5c34a,,,Súp đậu lăng Trung Đông / Adas (Adas Soup),DISH,60.0,5.0,0.83,8.33,1.67,1.25,208.33,858156f4-0c43-40f6-b7d6-9d2f1d491e33,,,"Súp Adas là món súp đậu lăng truyền thống của Iraq được làm chủ yếu từ đậu lăng đỏ, gia vị thơm và nước cốt chanh tươi. Món súp đậm đặc chất dinh dưỡng này kết hợp đậu lăng đất với các loại gia vị ấm áp như thì là và nghệ, tạo ra một món ăn nhẹ nhàng nhưng thỏa mãn với hàm lượng protein và chất xơ cao tự nhiên. Thường được phục vụ với các loại thảo mộc tươi và bánh mì, nó mang đến một lựa chọn lành mạnh, có nguồn gốc từ thực vật, vừa có hương vị vừa bổ dưỡng.",75
7b922f59-a5d4-5239-9d8c-9d83de23b2c6,,,Mì Shoyu Ramen thịt gà (Shoyu Ramen with Chicken),INGREDIENT,144.88,7.77,2.83,22.26,1.06,1.77,600.71,858156f4-0c43-40f6-b7d6-9d2f1d491e33,,,"Shoyu ramen là món mì cổ điển của Nhật Bản với nước dùng làm từ nước tương và mì lúa mì, được phục vụ kèm với thịt gà mềm. Món ăn thịnh soạn này kết hợp nước dùng xương gà thơm ngon đậm đà với mì ramen dai, thường được trang trí bằng các loại rau tươi như cải chíp, nấm và hành lá. Mặc dù cung cấp một nguồn protein tốt (15-22g mỗi bát), món chế biến tại nhà hàng này đặc biệt có hàm lượng natri cao và cung cấp một bữa ăn đáng kể với trung bình 300-400 calo mỗi khẩu phần.",75
caf02629-17c2-5f6c-82cf-bffd84fdddb3,,,Súp hạt dưa Egusi nấu cá trê (Banga Soup with Catfish),DISH,97.14,7.14,7.14,5.14,1.71,1.43,157.14,858156f4-0c43-40f6-b7d6-9d2f1d491e33,,,"Súp Banga là một món ăn truyền thống, đậm đà của Tây Phi được làm từ chiết xuất hạt cọ và cá da trơn tươi, nổi bật bởi kết cấu kem và sự pha trộn gia vị phức tạp. Món súp có ý nghĩa văn hóa này có sự kết hợp đặc biệt của các loại gia vị truyền thống bao gồm hỗn hợp gia vị banga, tạo nên một bữa ăn giàu dinh dưỡng với nhiều protein và chất béo lành mạnh. Thường được phục vụ nóng với các loại tinh bột truyền thống như khoai lang giã nhỏ hoặc eba, món súp thịnh soạn này cung cấp một nguồn đáng kể vitamin, khoáng chất và protein hoàn chỉnh.",75
7710ebaf-f1eb-5bcf-8a2b-d1a06bba0a24,,,Súp cá kiểu Pháp / Soupe de Poissons (Soupe de Poissons),DISH,217.14,22.0,11.74,5.71,0.86,1.43,228.57,858156f4-0c43-40f6-b7d6-9d2f1d491e33,,,"Soupe de Poissons là món súp cá truyền thống của Pháp nổi tiếng với kết cấu đậm đà, mượt mà và hương vị hải sản đậm đà. Món ăn cầu kỳ này được chế biến bằng cách ninh từ từ xương cá và các chất thơm với các loại thảo mộc và nghệ tây Địa Trung Hải, sau đó lọc cẩn thận để đạt được độ mịn đặc trưng. Món súp theo truyền thống được phục vụ với rouille (một loại sốt mayonnaise tỏi cay) và bánh mì nướng, mang đến một bữa ăn giàu protein, đặc biệt chứa nhiều axit béo omega-3 và vitamin D.",75
f737004b-56e3-5b74-9397-390829067d90,,,Phở Bắc phong cách Hà Nội (Pho Bac Hanoi Style),DISH,120.0,5.2,3.4,17.0,0.6,0.8,300.0,858156f4-0c43-40f6-b7d6-9d2f1d491e33,,,"Phở Bắc là món bún bò truyền thống miền Bắc đặc trưng bởi nước dùng trong, tinh tế được làm từ xương bò ninh lâu, gia vị thơm và mùi thơm cháy. Món ăn nhà hàng này có mì gạo phủ thịt bò thái mỏng và ăn kèm với các loại thảo mộc tươi, cung cấp một bữa ăn cân bằng với khoảng 500-700 calo mỗi bát. Nước dùng nhẹ hơn, tinh tế hơn giúp phân biệt món phở này với các biến thể phở khác trong vùng, đồng thời vẫn mang lại hàm lượng protein đáng kể và hương vị phức tạp từ các loại gia vị truyền thống như hoa hồi và quế.",75
b7bd5d6d-daf5-5209-80b9-e5846b5fafa1,,,Súp phô mai bia (Beer Cheese Soup),DISH,107.04,6.34,5.49,8.03,0.56,1.27,422.54,858156f4-0c43-40f6-b7d6-9d2f1d491e33,,,"Súp phô mai bia là một món đặc sản nhiều kem, béo ngậy của Wisconsin, kết hợp phô mai cheddar sắc nét, bia mạch nha và kem béo thành một món súp thịnh soạn. Nhà hàng yêu thích này có kết cấu mịn mượt đạt được nhờ sự pha trộn cẩn thận của rau xào, pho mát ủ và bia thủ công, được trang trí theo kiểu truyền thống bằng bỏng ngô theo phong cách Wisconsin đích thực. Món súp hấp dẫn đặc biệt có hàm lượng protein và canxi cao, mặc dù cũng giàu calo và natri.",75
c5fb05fd-e300-5763-b632-1f4ff5dda777,,,Súp rau củ (Root Vegetable Soup),DISH,17.5,0.42,0.42,2.92,0.62,0.83,33.75,858156f4-0c43-40f6-b7d6-9d2f1d491e33,,,"Súp rau củ là một món ăn truyền thống của nhà hàng Bắc Âu kết hợp các loại rau củ theo mùa như củ cần tây, củ cải vàng và cà rốt với lúa mạch nghiền trong nước dùng nhẹ, có hương vị. Chế phẩm có lợi cho sức khỏe này thường có lượng chất béo bổ sung tối thiểu đồng thời cung cấp hàm lượng chất xơ đáng kể và các vitamin thiết yếu từ nhiều loại rau mùa đông. Việc bao gồm ngũ cốc nguyên hạt và các nguyên liệu theo mùa được lựa chọn cẩn thận phản ánh các nguyên tắc ẩm thực Bắc Âu đích thực về sự đơn giản và cân bằng dinh dưỡng.",75
b6cc0da0-a4c2-594b-a1ca-66876bf760c4,,,Súp mơ tây (Apricot Soup),DISH,112.0,6.4,1.6,18.0,7.2,4.8,240.0,858156f4-0c43-40f6-b7d6-9d2f1d491e33,,,"Súp mơ là một món ăn truyền thống của Armenia kết hợp độc đáo đậu lăng đỏ và mơ khô thành một món súp kem ấm áp. Cách chế biến đặc biệt này đạt được sự cân bằng ngọt-mặn hài hòa thông qua các loại gia vị thơm như thì là và nghệ, đồng thời được pha trộn để tạo thành một hỗn hợp mịn. Sự kết hợp giữa đậu lăng và quả mơ tạo ra một món ăn giàu dinh dưỡng, chứa nhiều protein và chất xơ từ thực vật, đồng thời cung cấp một lượng đáng kể vitamin A và C.",75
08df7730-e95b-5f10-97b5-f665b9f53b34,,,Súp phô mai Cheddar Wisconsin (Wisconsin Cheddar Soup),DISH,196.43,7.14,13.39,16.07,1.34,3.57,803.57,858156f4-0c43-40f6-b7d6-9d2f1d491e33,,,"Súp Wisconsin Cheddar là một đặc sản nhà hàng nhiều kem, béo ngậy với thành phần chính là pho mát cheddar Wisconsin chính thống. Món súp thịnh soạn này kết hợp phô mai cheddar sắc nét với kem, thịt xông khói khói và các loại rau thơm trong lớp nền dày và mịn như nhung. Là một món ăn có hàm lượng calo đặc biệt cao, nó cung cấp lượng protein và canxi đáng kể đồng thời mang lại hương vị đặc biệt đã làm cho pho mát Wisconsin trở nên nổi tiếng.",75
d314b2d7-f968-58d1-862c-c6c9792d9bbf,,,Súp hạt dưa Egusi nấu ốc (Banga Soup with Snails),DISH,510.0,3.12,52.6,0.5,0.25,0.12,196.25,858156f4-0c43-40f6-b7d6-9d2f1d491e33,,,"Súp Banga với Ốc là một món súp truyền thống, đậm đà của Nigeria được làm từ chiết xuất từ ​​​​quả cọ và có những con ốc mềm làm protein chính. Món ăn có ý nghĩa văn hóa đến từ vùng đồng bằng Niger này có hương vị bằng các loại gia vị đặc trưng của châu Phi bao gồm ataiko và thanh oburunbebe, tạo nên một hương vị thơm ngon, phức tạp. Mặc dù chứa nhiều calo đáng kể nhờ làm từ trái cây cọ, món súp này cung cấp chất chống oxy hóa có lợi, chất béo lành mạnh và protein, thường được dùng nóng như món chính trong ẩm thực Tây Phi.",75
ed8a643c-e93a-5480-9917-90485e5f9929,,,Bánh Fufu ăn kèm súp loãng (Fufu with Light Soup),DISH,167.56,6.02,7.0,20.42,1.11,0.89,200.0,858156f4-0c43-40f6-b7d6-9d2f1d491e33,,,"Fufu với súp nhẹ là một bữa ăn truyền thống của Tây Phi bao gồm bột nhào mịn được làm từ các loại củ giàu tinh bột ăn kèm với nước dùng cay, giàu protein. Thành phần fufu cung cấp lượng carbohydrate đáng kể và thường được tạo hình thành một quả bóng mềm, đặc, trong khi món súp nhẹ đi kèm có thịt hoặc cá, rau và các loại gia vị thơm bao gồm cả ớt scotch. Món ăn có ý nghĩa văn hóa này kết hợp carbohydrate giàu năng lượng với protein và chất dinh dưỡng để có một bữa ăn trọn vẹn, thỏa mãn.",75
9c524bff-ad19-5487-9ec5-36c1fc9bddc8,,,Súp hạt dưa Egusi nấu gà (Banga Soup with Chicken),DISH,510.0,1.5,52.6,7.62,0.75,0.0,196.25,858156f4-0c43-40f6-b7d6-9d2f1d491e33,,,"Súp Banga là một món ngon đậm đà của Nigeria được làm từ chiết xuất hạt cọ và nêm với các loại gia vị truyền thống bao gồm hạt tiêu Cameroon và hỗn hợp gia vị Banga đặc biệt. Món súp thịnh soạn này có những miếng thịt gà mềm trong nước dùng đậm đặc kem, giàu calo, thường được tăng cường với lá đắng và cá khô để có hương vị đậm đà. Món ăn này đặc biệt chứa nhiều chất béo lành mạnh và chất chống oxy hóa từ hạt cọ, đồng thời cung cấp lượng protein đáng kể từ thành phần thịt gà.",75
70d8fef3-ae4d-54c0-ac76-0de13c7ae81d,,,Súp đậu lăng Harira Ma-rốc (Harira Soup),DISH,94.29,4.0,2.86,8.57,1.43,1.71,285.71,858156f4-0c43-40f6-b7d6-9d2f1d491e33,,,"Harira là món súp truyền thống của Ma-rốc được đặc trưng bởi độ đậm đà, đậm đà và thành phần gia vị phức tạp. Món ăn bổ dưỡng này kết hợp đậu xanh, đậu lăng và thịt mềm trong nước dùng đậm đặc làm từ cà chua, được tăng cường với các loại gia vị thơm như gừng, thì là và quế. Món súp cung cấp hàm lượng protein và chất xơ đáng kể từ các loại đậu, trong khi kết cấu đặc đặc biệt của nó đến từ hỗn hợp làm từ bột mì truyền thống có tên là tedouira.",75
191b6713-b461-57de-b3ab-bf02efeef8bf,,,Súp rau đay Ewedu nấu thịt thập cẩm (Ewedu Soup with Assorted Meat),DISH,148.0,14.4,2.8,16.0,2.0,1.6,320.0,858156f4-0c43-40f6-b7d6-9d2f1d491e33,,,"Súp Ewedu là một món ăn truyền thống của Tây Phi được làm từ lá đay và có nhiều loại thịt mềm nấu với gia vị thơm. Món súp có đặc điểm là kết cấu sền sệt đặc biệt, tương tự như đậu bắp, giàu protein, chất xơ và các khoáng chất thiết yếu bao gồm sắt và canxi. Món ăn bổ dưỡng này thường được dùng nóng cùng với các loại tinh bột truyền thống như khoai lang giã nhỏ hoặc fufu, tạo nên một bữa ăn trọn vẹn và thỏa mãn.",75
5f3f4205-5eac-5e85-9398-8abc95cb6b2f,,,Mì Miso Ramen (Miso Ramen),DISH,133.33,5.11,4.67,16.0,1.11,0.89,444.44,858156f4-0c43-40f6-b7d6-9d2f1d491e33,,,"Miso ramen là một món mì thịnh soạn của Nhật Bản nổi bật bởi nước dùng đậm đà, thơm ngon được làm từ tương đậu nành lên men. Bữa ăn hoàn chỉnh này thường bao gồm mì lúa mì trong súp nóng làm từ miso, trang trí với thịt lợn thái lát, trứng luộc mềm, giá đỗ và hành lá. Mặc dù cung cấp sự cân bằng hài lòng về protein và carbohydrate, các suất ăn tại nhà hàng có xu hướng chứa nhiều calo và natri, thường cung cấp 500-650 calo mỗi bát với lớp phủ bên trên có thể tùy chỉnh ảnh hưởng đến hàm lượng dinh dưỡng cuối cùng.",75
51d8d93b-bf4a-509e-9a1e-91da72368c63,,,Bánh Fufu ăn kèm súp đậu phộng (Fufu with Peanut Soup),DISH,135.05,5.84,5.14,16.36,1.4,1.17,233.64,858156f4-0c43-40f6-b7d6-9d2f1d491e33,,,"Fufu với súp đậu phộng là một món ăn truyền thống của Tây Phi kết hợp bột giàu tinh bột làm từ sắn hoặc khoai mỡ giã nhuyễn với súp làm từ đậu phộng đậm đà, giàu protein. Fufu mịn, đậm đặc dùng làm món ăn kèm với món súp mặn, thường chứa thịt, rau và gia vị thơm trong nước dùng đậm đặc của lạc. Sự kết hợp thịnh soạn này cung cấp một bữa ăn cân bằng giàu protein, carbohydrate phức hợp và chất béo lành mạnh, thường được dùng như một món chính quan trọng trong ẩm thực Tây Phi.",75
cd5daf5f-d5b2-5b7a-ad99-99cedfad51b6,,,Mì Miso Ramen thịt heo (Miso Ramen with Pork),INGREDIENT,140.0,6.0,5.0,16.0,0.8,1.0,500.0,858156f4-0c43-40f6-b7d6-9d2f1d491e33,,,"Miso ramen là một món mì thịnh soạn của Nhật Bản có nước dùng đậm đà, thơm ngon được làm từ xương heo và tương đậu nành lên men (miso). Món ăn nhà hàng thịnh soạn này thường bao gồm mì lúa mì lượn sóng, thịt lợn thái lát mềm (chashu) và các loại đồ ăn kèm truyền thống như giá đỗ, hành lá và trứng luộc mềm. Một bát duy nhất cung cấp một bữa ăn hoàn chỉnh với hàm lượng protein đáng kể, mặc dù nó có hàm lượng natri và calo cao đáng kể, thường chứa 550-800 calo mỗi khẩu phần.",75
1b045d24-040a-59e5-bd0c-004a10e8f2bc,,,Phở gà (Pho Ga Chicken),INGREDIENT,66.67,4.17,1.17,8.33,0.83,0.67,166.67,858156f4-0c43-40f6-b7d6-9d2f1d491e33,,,"Phở Gà là món súp truyền thống của Việt Nam gồm có thịt gà mềm và bún trong nước dùng thơm được ninh với gừng, hành và gia vị ấm. Món ăn cân bằng này thường đi kèm với các đồ trang trí tươi bao gồm giá đỗ, rau thơm và chanh, cho phép tùy chỉnh hương vị và kết cấu. Bữa ăn có lượng calo vừa phải mang đến sự kết hợp hài lòng giữa protein nạc và carbohydrate phức tạp, mặc dù nước dùng mặn có thể chứa nhiều natri.",75
10d614d8-149d-5b0f-a3b0-cb83985d62a7,,,Súp đậu phộng Groundnut nấu gà (Groundnut Soup with Chicken),DISH,78.57,7.14,5.43,6.29,0.57,1.43,171.43,858156f4-0c43-40f6-b7d6-9d2f1d491e33,,,"Súp lạc với thịt gà là món hầm Tây Phi béo ngậy, béo ngậy được làm từ đậu phộng xay hoặc bơ đậu phộng làm nền, kết hợp với thịt gà mềm và gia vị thơm. Món ăn thịnh soạn này có sự kết hợp phức tạp giữa hương vị hấp dẫn, cay và hơi ngọt, được tăng cường bởi cà chua, hành tây và gia vị truyền thống của Châu Phi. Thường được phục vụ cùng cơm hoặc với fufu, món này mang đến sự cân bằng hài lòng giữa protein và chất béo lành mạnh, đồng thời thể hiện hương vị tinh tế của ẩm thực Tây Phi.",75
f443b9b6-5a2a-5004-8489-bcdea4e6dc10,,,Súp lá đắng Ogbono nấu bò (Ogbono Soup with Beef),DISH,504.0,26.67,40.0,9.33,5.73,1.33,800.0,858156f4-0c43-40f6-b7d6-9d2f1d491e33,,,"Súp Ogbono là một món ăn truyền thống của Nigeria được làm từ hạt xoài bụi châu Phi (Irvingia gabonensis) xay và được làm giàu với thịt bò, cá hun khói và cá kho. Món súp được đặc trưng bởi độ đặc đặc biệt, hơi nhớt và hương vị thơm ngon đậm đà được tăng cường bởi dầu cọ và gia vị truyền thống. Món ăn giàu protein này theo truyền thống được phục vụ cùng với các món ăn kèm giàu tinh bột như khoai lang nghiền hoặc fufu, tạo nên một bữa ăn đầy đủ dinh dưỡng với nhiều chất xơ và canxi.",75
43c44c69-abb2-5ef3-9efd-1eadd0b2417b,,,Súp mì gà (Chicken Noodle Soup),DISH,43.0,2.91,1.16,5.08,0.9,0.41,279.5,858156f4-0c43-40f6-b7d6-9d2f1d491e33,,,"Súp phở gà là một món ăn làm từ nước dùng kết hợp thịt gà mềm, mì nấu chín và các loại rau như cà rốt và cần tây trong nước dùng dày dặn. Loại thực phẩm tiện lợi này cung cấp các chất dinh dưỡng đa lượng cân bằng, trong đó thịt gà cung cấp protein nạc, mì cung cấp carbohydrate và rau bổ sung chất xơ và vi chất dinh dưỡng. Trong khi các phiên bản thương mại thường chứa hàm lượng natri cao, các chế phẩm tự chế biến cho phép kiểm soát hàm lượng muối và chất lượng thành phần.",75
379e6e52-dad0-5f6c-abf0-c1ae741510a3,,,Súp đậu phộng Groundnut nấu bò (Groundnut Soup with Beef),DISH,113.89,10.56,6.39,4.17,1.67,1.11,277.78,858156f4-0c43-40f6-b7d6-9d2f1d491e33,,,"Súp lạc với thịt bò là món hầm Tây Phi thịnh soạn với thịt bò mềm trong nước dùng đậm đà làm từ đậu phộng, được làm giàu với cà chua và gia vị thơm. Món ăn giàu dinh dưỡng này kết hợp nguồn protein kép từ thịt bò và đậu phộng xay, đồng thời cung cấp chất béo lành mạnh và các khoáng chất thiết yếu. Theo truyền thống được phục vụ với cơm, fufu hoặc khoai mỡ giã nhỏ, món súp ấm này mang đến sự kết hợp hài lòng giữa hương vị thơm ngon, hấp dẫn với vị cay nhẹ.",75
89a6098e-1c6e-532d-863e-985cf1d65b6a,,,Súp lá đắng nấu cá (Bitterleaf Soup with Fish),DISH,79.2,3.76,3.76,7.6,1.2,1.2,160.0,858156f4-0c43-40f6-b7d6-9d2f1d491e33,,,"Súp lá đắng với cá là một món ăn Tây Phi giàu chất dinh dưỡng với lá đắng (Vernonia amygdalina) được chế biến cẩn thận ninh với cá tươi hoặc cá hun khói trong nước dùng đặc. Món súp kết hợp hương vị đất, hơi đắng với vị cá khói, thường được làm giàu với hạt dưa xay và dầu cọ để tạo nên hương vị đậm đà. Theo truyền thống được phục vụ với các món ăn kèm giàu tinh bột như fufu hoặc khoai mỡ giã nhỏ, món súp giàu protein này cung cấp các vitamin và khoáng chất thiết yếu đồng thời mang lại hương vị Tây Phi đích thực.",75
0e664fdf-da46-5a5f-a325-0740d8942041,,,Mì lạnh Ramen sốt mè (Cold Ramen with Sesame Sauce),DISH,180.0,6.55,9.27,17.45,0.91,2.0,421.82,858156f4-0c43-40f6-b7d6-9d2f1d491e33,,,"Ramen lạnh với sốt mè là một biến thể ướp lạnh của ramen truyền thống với mì lúa mì phủ nước sốt mè đậm đà. Món ăn thịnh soạn này thường bao gồm các loại đồ ăn kèm như hành lá, giá đỗ, trứng luộc thái lát và thường là gà nướng, tạo nên một bữa ăn thịnh soạn và đặc biệt sảng khoái trong thời tiết ấm áp. Món ăn này đặc biệt giàu calo với hàm lượng protein đáng kể, trong khi nước sốt mè mang lại hương vị phong phú và chất béo lành mạnh, mặc dù những người bị dị ứng với mè, lúa mì hoặc đậu nành nên lưu ý đây là những thành phần chính.",75
63be8ea0-73bf-5ce2-8ded-da81626fca1c,,,Bột hỗn hợp súp bông cải xanh phô mai (Broccoli Cheddar Soup Mix),INGREDIENT,425.0,7.5,17.5,60.0,2.5,15.0,2400.0,858156f4-0c43-40f6-b7d6-9d2f1d491e33,,,"Hỗn hợp súp bông cải xanh Cheddar là hỗn hợp khử nước kết hợp bông cải xanh đông khô, bột phô mai và gia vị được thiết kế để chuẩn bị nhanh chóng. Hỗn hợp ổn định khi bảo quản này thường chỉ cần nước hoặc sữa để pha thành súp kem, mặc dù nó thường chứa thêm chất làm đặc và chất bảo quản để duy trì kết cấu và thời hạn sử dụng. Mặc dù tiện lợi nhưng nó có xu hướng chứa nhiều natri và có thể bao gồm các thành phần có nguồn gốc từ sữa, khiến nó không phù hợp với chế độ ăn ít natri hoặc không có lactose nếu không sửa đổi.",75
a567647e-4d38-59d4-afdb-37aaa4092ed8,,,Mì Shoyu Ramen thịt gà (Shio Ramen with Chicken),INGREDIENT,96.36,1.82,3.64,11.09,0.73,0.55,272.73,858156f4-0c43-40f6-b7d6-9d2f1d491e33,,,"Shio ramen là món mì Nhật Bản có nước dùng trong, nhạt được làm chủ yếu từ nước luộc gà và muối biển. Món ăn nhà hàng này kết hợp sợi mì dai với thịt gà chashu mềm, thường được trang trí bằng trứng ướp, hành lá và măng. Mặc dù cung cấp sự kết hợp cân bằng giữa protein và carbohydrate, bữa ăn quan trọng này có hàm lượng natri cao đáng kể, với một khẩu phần duy nhất chứa khoảng 460-600 calo tùy thuộc vào khẩu phần và lớp phủ bên trên.",75
495b2d4e-6a45-5dae-baec-c9954033f79e,,,Mì cay Tantanmen Ramen (Spicy Tantanmen Ramen),DISH,110.0,4.0,3.2,16.0,0.6,1.0,560.0,858156f4-0c43-40f6-b7d6-9d2f1d491e33,,,"Tantanmen Ramen cay là một món mì đậm đà của Nhật Bản với nước dùng cay, kem đặc biệt được làm từ dầu mè và ớt. Món ăn thịnh soạn tại nhà hàng này thường bao gồm mì lúa mì, thịt lợn xay dày dặn và nhiều loại đồ ăn kèm khác nhau như hành lá và trứng luộc mềm. Phần đáng kể mang đến một bữa ăn no nê có hàm lượng calo và natri cao đặc biệt, cùng với nước dùng phức hợp mang lại hương vị umami đậm đà đặc trưng của phong cách ramen đặc biệt này.",75
57c8c942-9696-5874-846b-53065722e2dc,,,Mì Yasai Ramen chay (Yasai Ramen),DISH,130.0,5.4,5.6,14.2,0.6,1.6,114.0,858156f4-0c43-40f6-b7d6-9d2f1d491e33,,,"Yasai Ramen là phiên bản chay của món súp ramen Nhật Bản có mì lúa mì nấu trong nước dùng làm từ đậu nành hoặc miso. Món ăn nhà hàng này kết hợp nhiều loại rau tươi, nấm và đậu phụ với gia vị ramen truyền thống, tạo nên một bữa ăn thịnh soạn cung cấp khoảng 27 gam protein mỗi bát. Mặc dù tự nhiên không có sản phẩm động vật, món ăn này vẫn chứa các chất gây dị ứng phổ biến bao gồm lúa mì, đậu nành và thường là vừng, đồng thời cung cấp sự kết hợp cân bằng giữa carbohydrate và protein ở dạng súp hâm nóng.",75
b9e19322-22a0-5487-ab9a-ac7a48719182,,,Súp ớt thịt băm Chili (Chili Soup),DISH,142.86,10.0,5.71,12.86,2.29,2.86,257.14,858156f4-0c43-40f6-b7d6-9d2f1d491e33,,,"Cincinnati Chili là một món ăn đặc biệt của vùng được đặc trưng bởi phương pháp chế biến và thành phần gia vị độc đáo, có sự pha trộn thơm của quế, hạt tiêu và bột ca cao. Món súp giàu protein này được chế biến theo cách truyền thống bằng cách ninh thịt bò xay nhuyễn trong nền cà chua tẩm gia vị mà không bị chuyển sang màu nâu, tạo nên kết cấu mịn đặc trưng của món súp. Trong dịch vụ phòng khách đích thực, nó được phục vụ theo phong cách cổ điển cùng với spaghetti và phủ phô mai cheddar cắt nhỏ, được gọi là 'ba chiều', với các lớp phủ bổ sung như hành tây hoặc đậu có sẵn cho các biến thể 'bốn chiều' và 'năm chiều'.",75
55d2d7cd-b2c9-5aee-a09e-1088b64e20ff,,,Súp bí đỏ (Pumpkin Soup),DISH,32.64,0.76,1.9,3.42,0.19,1.14,94.88,858156f4-0c43-40f6-b7d6-9d2f1d491e33,,,"Món Kürbiscremesuppe truyền thống của Đức này là một món súp đậm đà, nhiều kem được làm từ bí ngô nướng trộn với kem đặc và các loại gia vị thơm như nhục đậu khấu và ớt bột. Thường được phục vụ như món khai vị trong các quán bia và nhà hàng ở Đức, món súp thịnh soạn này có kết cấu mềm mượt và hương vị bí ngô caramen đậm đà. Nó đặc biệt đáng chú ý vì hàm lượng vitamin A cao và thường được trang trí bằng hạt bí ngô rang hoặc các loại thảo mộc tươi.",75
aecf5329-518a-513b-b90a-063a037663f0,,,Súp lá đắng Ogbono nấu dê (Ogbono Soup with Goat Meat),DISH,630.25,15.55,63.03,11.76,7.77,1.26,336.13,858156f4-0c43-40f6-b7d6-9d2f1d491e33,,,"Súp Ogbono là một món ăn truyền thống của Nigeria được làm từ hạt xoài hoang dã châu Phi xay, thịt dê mềm và cá hun khói trên nền dầu cọ đậm đà. Món súp đặc trưng bởi kết cấu sệt, trơn đặc biệt và hương vị thơm ngon phức hợp được tăng cường bởi các loại gia vị truyền thống và hải sản khô. Món ăn giàu chất dinh dưỡng này theo truyền thống được phục vụ với fufu hoặc khoai mỡ giã nhỏ và cung cấp lượng protein đáng kể, chất béo lành mạnh và chất xơ, đồng thời mang lại trải nghiệm ăn uống thỏa mãn, đích thực về mặt văn hóa.",75
0cfea03e-e10d-53db-ba69-aa55f890e361,,,Súp hoành thánh gan (Liver Dumpling Soup),DISH,286.0,23.04,15.44,12.8,1.2,2.0,718.0,858156f4-0c43-40f6-b7d6-9d2f1d491e33,,,"Súp bánh bao gan (Leberknödelsuppe) là một món ăn truyền thống của Đức bao gồm bánh bao dày dạn làm từ gan xay, vụn bánh mì và rau thơm dùng trong nước dùng thịt bò trong. Bánh bao thịnh soạn cung cấp nguồn protein, sắt và vitamin B12 đặc biệt phong phú, trong khi nước dùng mặn thường được trang trí bằng các loại thảo mộc tươi. Món ăn chủ yếu của nhà hàng Đức này được phục vụ đặc trưng như món khai vị ấm áp đầu tiên ở Biergartens và các cơ sở truyền thống.",75
3e0a5df9-8b6f-51a6-bf3c-8b8701bf2c08,,,Mì Shio Ramen thịt heo (Shio Ramen with Pork),INGREDIENT,90.0,4.0,3.0,12.08,0.62,0.83,400.0,858156f4-0c43-40f6-b7d6-9d2f1d491e33,,,"Shio ramen là món mì cổ điển của Nhật Bản nổi bật bởi nước dùng trong, nhạt được nêm chủ yếu bằng muối biển ('shio' có nghĩa là muối trong tiếng Nhật). Món chế biến tại nhà hàng này bao gồm mì lúa mì mỏng, dai trong nước luộc gà hoặc hải sản tinh tế, thường được trang trí với thịt lợn chashu mềm, trứng luộc mềm và hành lá tươi. Là một trong những loại ramen nhẹ hơn, nó cung cấp thành phần dinh dưỡng vừa phải đồng thời mang đến sự kết hợp hài lòng giữa protein, carbohydrate và hương vị thơm ngon đặc trưng của các món ramen truyền thống.",75
d203b7f0-9e1b-543e-b57e-d4a3f1968a5b,,,Súp tiêu cay nấu thịt dê (Pepper Soup with Goat),DISH,82.5,9.58,4.17,1.67,0.42,0.42,250.0,858156f4-0c43-40f6-b7d6-9d2f1d491e33,,,"Súp tiêu với dê là món súp truyền thống của Nigeria có thịt dê mềm trong nước dùng trong vắt có gia vị. Món ăn thơm này được đặc trưng bởi sự pha trộn đặc biệt của các loại gia vị châu Phi bao gồm hạt nhục đậu khấu, hạt thiên đường và hạt tiêu cá sấu, tạo nên một hương vị phức tạp, ấm áp. Súp giàu protein thường được phục vụ nóng như một món ăn độc lập hoặc với các món có nhiều tinh bột tùy chọn, mang lại một bữa ăn bổ dưỡng, ít carbohydrate khi được phục vụ mà không có đồ ăn kèm.",75
7b595e33-5f50-55a2-af12-170e7a9e21a1,,,Mì chay Ramen đậu phụ (Vegetarian Ramen with Tofu),DISH,128.52,5.63,3.17,19.37,2.46,1.41,352.11,858156f4-0c43-40f6-b7d6-9d2f1d491e33,,,"Ramen chay với đậu phụ là một món mì lấy cảm hứng từ Nhật Bản với nước dùng đậm đà từ rau hoặc miso và mì lúa mì. Món ăn thịnh soạn này thường bao gồm đậu phụ giòn hoặc mềm làm nguồn protein, kèm theo nhiều loại rau tươi như nấm, cải chíp và hành lá. Mặc dù cung cấp một lượng đáng kể protein và carbohydrate phức tạp, các phiên bản nhà hàng có xu hướng chứa nhiều natri do nước dùng được nêm gia vị và thêm gia vị.",75
f088c7bc-3ec6-5681-bd7e-f1012f9e1157,,,Súp thịt rùa (Turtle Soup),DISH,100.0,8.33,5.0,5.0,1.0,1.33,166.67,858156f4-0c43-40f6-b7d6-9d2f1d491e33,,,"Súp Rùa là một món ngon Cajun/Creole cổ điển với thịt rùa mềm được ninh trong nước dùng đậm đà, đậm đà. Món súp tinh tế này kết hợp các loại rau thơm, cà chua và rau thơm, kết thúc bằng rượu sherry và chanh tươi để tạo độ sáng. Một dấu ấn của ẩm thực truyền thống New Orleans, nó nổi bật bởi hương vị phức tạp và kết cấu mịn như nhung, thường được trang trí bằng trứng cắt nhỏ và các loại thảo mộc tươi.",75
f8a9b639-5625-5ea4-b5fd-6c7dc41d4a81,,,Súp hạt dưa Egusi nấu cá (Egusi Soup with Fish),DISH,150.0,6.75,11.25,4.0,0.75,1.0,225.0,858156f4-0c43-40f6-b7d6-9d2f1d491e33,,,"Súp Egusi là một món ăn đậm đà của Tây Phi được làm từ hạt dưa xay ninh với cá, gia vị thơm và rau lá xanh trên nền dầu cọ thơm ngon. Hạt egusi xay tạo ra kết cấu đặc biệt như kem, giống sữa đông đồng thời cung cấp lượng protein đáng kể và chất béo lành mạnh. Món súp đậm đặc chất dinh dưỡng này theo truyền thống được phục vụ nóng cùng với các món ăn kèm giàu tinh bột như khoai lang giã nhỏ hoặc eba, với những miếng cá mềm sẽ bổ sung thêm protein và hương vị.",75
37a797eb-9d4b-5fef-9da6-9385888526cb,,,Súp hạt dưa Egusi nấu gà (Egusi Soup with Chicken),DISH,240.0,7.92,20.0,7.92,1.25,1.67,250.0,858156f4-0c43-40f6-b7d6-9d2f1d491e33,,,"Súp Egusi với thịt gà là một món ăn phong phú của Nigeria được làm từ hạt dưa xay (egusi), thịt gà và sự kết hợp phức tạp của các loại protein bao gồm cá khô và tôm càng xanh. Món súp thịnh soạn này có lớp nền dày, béo ngậy được làm giàu với dầu cọ và rau, tạo nên một bữa ăn giàu protein, lượng carb vừa phải, có vị cay và mặn đặc trưng. Theo truyền thống được phục vụ trong các nhà hàng Nigeria cùng với fufu, món súp giàu calo này kết hợp nhiều nguồn protein với gia vị thơm và rau theo mùa.",75
cc65ce43-e6b4-590a-8c98-7aff08065c03,,,Mì Hakata Ramen thịt ba chỉ heo (Hakata Ramen with Pork Belly),INGREDIENT,142.67,6.67,6.4,14.67,0.4,0.53,466.67,858156f4-0c43-40f6-b7d6-9d2f1d491e33,,,"Hakata ramen là một món mì đậm đà của Nhật Bản với nước dùng làm từ xương heo (tonkotsu) béo ngậy và sợi mì mỏng, thẳng. Món ăn nhà hàng thịnh soạn này được phủ với thịt ba chỉ om mềm (chashu) và các đồ trang trí truyền thống như hành lá và giá đỗ. Là một bữa ăn hoàn chỉnh, nó cung cấp lượng protein đáng kể nhưng cũng có hàm lượng calo cao (800-1200) và natri, đặc trưng của chế phẩm ramen tonkotsu đích thực.",75
a3c56cdf-51ef-55b1-9980-f8377d951c15,,,Mì Niku Udon thịt bò (Niku Udon),DISH,93.04,3.81,1.87,14.35,0.43,1.09,202.17,858156f4-0c43-40f6-b7d6-9d2f1d491e33,,,"Niku Udon là món mì Nhật Bản gồm sợi mì udon dày, dai và thịt bò thái lát mềm trong nước dùng làm từ dashi thơm ngon. Món ăn thịnh soạn này kết hợp nước tương giàu vị umami và gia vị mirin với các loại đồ phủ truyền thống như hành lá và chả cá, mang đến một bữa ăn cân bằng giữa protein và carbohydrate phức hợp. Một suất ăn điển hình của nhà hàng cung cấp khoảng 430 calo với hàm lượng protein vừa phải và sự kết hợp hài hòa giữa các kết cấu.",75
d9039e9e-5949-57d4-a671-2da5ee50ad22,,,Mì Ramen bò sả / Lemongrass Beef (Lemongrass Beef Ramen),INGREDIENT,114.29,8.57,2.86,12.86,0.57,0.86,185.71,858156f4-0c43-40f6-b7d6-9d2f1d491e33,,,"Ramen Bò Sả là món ăn kết hợp giữa hương vị Việt Nam và truyền thống ramen Nhật Bản. Món mì thơm ngon này có thịt bò mềm ướp sả thơm, được phục vụ trong nước dùng vị umami đậm đà, cân bằng hương cam quýt với độ đậm đà của vị mặn. Món ăn này thường bao gồm mì ramen lúa mì, các loại thảo mộc tươi và rau giòn, tạo nên sự pha trộn hài hòa giữa kết cấu và hương vị, tiêu biểu cho ẩm thực kết hợp châu Á hiện đại.",75
0bfd2395-4deb-5d40-9944-bdaeea1bc648,,,Súp mì bò ăn liền (Instant Beef Noodle Soup),INGREDIENT,441.0,10.1,17.7,60.3,3.0,1.99,1730.0,858156f4-0c43-40f6-b7d6-9d2f1d491e33,,,"Bún bò ăn liền là món ăn mất nước bao gồm mì lúa mì khô và gói gia vị dạng bột được thiết kế để chế biến nhanh chóng bằng nước nóng. Mặc dù được đánh giá cao vì sự tiện lợi và thời hạn sử dụng lâu dài, nhưng sản phẩm ổn định khi bảo quản này thường chứa hàm lượng natri cao và lượng protein tối thiểu so với súp làm từ thịt bò tự làm. Hỗn hợp hương liệu thường bao gồm các chất bảo quản nhân tạo và chất tăng cường như bột ngọt (MSG) để tái tạo hương vị thơm ngon của nước dùng nấu chậm.",75
e22fe7bd-34c9-540d-bd5f-1424a01e7af6,,,Súp trong ngày / Soup of the Day (Soup of the Day),DISH,52.92,2.92,1.25,7.5,0.62,1.04,308.33,858156f4-0c43-40f6-b7d6-9d2f1d491e33,,,"Súp trong ngày là một món trong thực đơn luân phiên thường được phục vụ theo khẩu phần một cốc (240ml) tại các quán cà phê và quán cà phê. Những món súp mới chế biến này có thể từ nước dùng nhạt đến các loại kem, với hàm lượng calo thường dao động trong khoảng 100-200 calo mỗi cốc. Mặc dù dinh dưỡng cụ thể thay đổi tùy theo công thức, nhưng súp cà phê thường cung cấp nguồn protein vừa phải và có xu hướng chứa nhiều natri hơn, khiến chúng trở nên phù hợp nhất với các món trong thực đơn có hàm lượng natri thấp hơn.",75
dec1bcd0-9895-58f8-86d4-d24ab658180b,,,Súp lá đay Molokhia (Molokhia Soup),DISH,62.5,2.5,2.92,5.83,1.25,0.83,208.33,858156f4-0c43-40f6-b7d6-9d2f1d491e33,,,"Molokhia là món súp truyền thống của người Ai Cập được làm từ lá cây đay đun trong nước dùng thơm ngon với tỏi và rau mùi. Món súp có kết cấu mịn mượt đặc biệt và thường được phục vụ với cơm hoặc bánh mì dẹt trong các nhà hàng Ai Cập. Giàu vitamin A, C, E và K, cũng như sắt và chất xơ, loại thực phẩm bổ dưỡng thoải mái này mang lại cả hương vị đậm đà và những lợi ích dinh dưỡng đáng kể.",75
a3fca2c3-1a8b-58fc-93bf-471f0c44cd43,,,Phở chay (Pho Chay Vegetarian),DISH,66.67,0.89,0.44,11.11,0.67,0.89,333.33,858156f4-0c43-40f6-b7d6-9d2f1d491e33,,,"Phở Chay là phiên bản chay của món phở truyền thống của Việt Nam với nước dùng rau củ và bún được tẩm gia vị phức hợp. Nước súp thường được trang trí với đậu phụ, nấm và các loại rau, đồng thời vẫn giữ được hương vị đặc trưng của hoa hồi, quế và đinh hương thường thấy trong món phở cổ điển. Món ăn giàu carbohydrate này cung cấp hàm lượng protein vừa phải từ các nguồn thực vật, với nước dùng được đun sôi cẩn thận để tạo ra hương vị đậm đà, đa sắc thái mặc dù được chế biến không có thịt.",75
bbe25917-fef5-5c2a-bbe7-5bc73c45b290,,,Mì Kitsune Udon (Kitsune Udon),DISH,106.0,3.0,3.2,16.0,0.8,1.0,431.4,858156f4-0c43-40f6-b7d6-9d2f1d491e33,,,"Kitsune Udon là món mì truyền thống của Nhật Bản có mì udon làm từ lúa mì dày trong nước dùng dashi nhạt, nổi bật bởi lớp phủ đặc trưng là túi đậu phụ chiên ngọt (tuổi inari). Món ăn kết hợp sợi mì dai với vị mặn ngọt cân bằng của nước dùng và đậu phụ, thường được trang trí với hành lá và chả cá. Món súp thịnh soạn này mang đến một bữa ăn thịnh soạn với sự kết hợp của carbohydrate và protein, mặc dù nó có thể chứa nhiều natri do nước dùng được nêm gia vị.",75
680d8425-be6e-52ec-b862-ff945bd9187c,,,Súp mè đen (Black Sesame Soup),DISH,93.18,2.27,5.45,10.45,1.14,7.27,9.09,858156f4-0c43-40f6-b7d6-9d2f1d491e33,,,"Súp mè đen là món súp tráng miệng truyền thống của Trung Quốc, đặc trưng bởi màu đậm, đậm đà và kết cấu mịn như nhung. Món tráng miệng kem này được làm bằng cách trộn hạt vừng đen nướng với gạo và chất làm ngọt, tạo ra hương vị ấm áp, hấp dẫn, vừa thoải mái vừa tinh tế. Thường được phục vụ ở dạng ấm hoặc ướp lạnh trong các quán cà phê tráng miệng châu Á, món súp có độ ngọt vừa phải này cung cấp chất béo lành mạnh và chất chống oxy hóa từ mè.",75
15596763-b408-50ac-9d78-a1c81cd160f3,,,Súp hạt dưa Egusi nấu cá (Banga Soup with Fish),DISH,141.67,10.42,10.42,1.67,0.42,0.83,291.67,858156f4-0c43-40f6-b7d6-9d2f1d491e33,,,"Banga Soup là món ăn truyền thống của Nigeria được làm từ chiết xuất hạt cọ, tạo ra nước dùng béo ngậy, béo ngậy cùng gia vị thơm và cá tươi. Món súp đậm đặc chất dinh dưỡng này có hương vị hấp dẫn đặc biệt với vị cay tinh tế, thường được dùng nóng cùng với các loại tinh bột truyền thống như fufu hoặc khoai mỡ giã nhỏ. Sự kết hợp giữa hạt cọ và cá cung cấp hàm lượng protein đáng kể và chất béo lành mạnh, trong khi các loại gia vị banga đặc biệt mang lại cho món súp hương vị và mùi thơm đặc trưng.",75
c10f44f6-be29-554f-baa9-6da4c171b3ce,,,Súp hạt dưa Egusi nấu thịt dê (Egusi Soup with Goat Meat),DISH,240.0,7.92,20.0,7.92,2.0,1.25,320.0,858156f4-0c43-40f6-b7d6-9d2f1d491e33,,,"Súp Egusi là một món ăn phong phú của Tây Phi được làm từ hạt dưa xay tạo nên lớp nền đặc biệt, kem, được làm giàu với thịt dê mềm và rau lá xanh. Món đặc sản thịnh soạn của Nigeria này có hương vị phức tạp kết hợp giữa vị hạt, khói và hơi đắng từ sự pha trộn của hạt dưa, thịt và rau truyền thống. Thường được phục vụ với các món ăn kèm giàu tinh bột như khoai lang nghiền hoặc bột sắn, món súp giàu protein này cung cấp một bữa ăn thịnh soạn với chất béo và chất dinh dưỡng lành mạnh.",75
9757c7b1-8ae3-53c8-a6d1-b867f2bc0a9c,,,Phở hải sản (Pho Seafood),DISH,90.0,3.33,2.0,13.33,0.5,0.83,333.33,858156f4-0c43-40f6-b7d6-9d2f1d491e33,,,"Phở hải sản là món phở Việt Nam có nước dùng thơm được làm từ gừng, tỏi và các loại gia vị thơm, ăn kèm với bún và nhiều loại hải sản như tôm, chả cá. Bữa ăn hoàn chỉnh này thường bao gồm các đồ trang trí tươi như giá đỗ, rau thơm và chanh, cho phép tùy chỉnh hương vị và kết cấu. Phần ăn của nhà hàng cung cấp một lượng đáng kể protein và carbohydrate, mặc dù nó có thể chứa nhiều natri do nước dùng được nêm gia vị.",75
dc287b00-413d-55a0-a0d5-88ee95373195,,,Súp đậu đỏ (Sweet Red Bean Soup),DISH,84.0,4.0,0.2,16.0,4.0,4.8,40.0,858156f4-0c43-40f6-b7d6-9d2f1d491e33,,,"Súp đậu đỏ là món tráng miệng truyền thống của châu Á được làm từ đậu adzuki ninh nhừ và làm ngọt bằng đường. Món súp tráng miệng ấm áp, dễ chịu này có độ đặc dạng hạt đặc biệt và thường được phục vụ với nhiều loại đồ ăn kèm khác nhau như viên khoai môn, trân châu hoặc cơm nắm mè trong các quán cà phê tráng miệng. Mặc dù có vị ngọt nhưng nó mang lại những lợi ích dinh dưỡng đáng kể, bao gồm hàm lượng chất xơ cao và lượng protein vừa phải, khiến nó trở thành một lựa chọn tráng miệng bổ dưỡng hơn.",75
336afef8-2862-57f7-beaf-321efea23536,,,Mì Tempura Udon (Tempura Udon),DISH,50.82,1.13,1.51,8.18,0.31,0.63,162.26,858156f4-0c43-40f6-b7d6-9d2f1d491e33,,,"Tempura Udon là một món mì Nhật Bản có sợi mì dày được phục vụ trong nước dùng làm từ dashi nóng. Món ăn được phủ tempura giòn, điển hình là tôm chiên bột, tạo nên sự tương phản hài lòng về kết cấu giữa sợi mì mềm và tempura giòn. Các món trang trí truyền thống bao gồm hành lá thái lát, bánh cá và rong biển wakame, tất cả đều góp phần tạo nên vị thế món ăn tiện lợi cổ điển trong ẩm thực Nhật Bản.",75
571cb674-2485-55f9-87ed-9bcdf97ca676,,,Mì Shio Ramen (Shio Ramen),DISH,140.0,5.0,5.0,18.75,0.75,1.0,375.0,858156f4-0c43-40f6-b7d6-9d2f1d491e33,,,"Shio Ramen là món mì cổ điển của Nhật Bản nổi bật bởi nước dùng trong, nhạt được nêm chủ yếu với muối biển ('shio'). Món ăn kiểu nhà hàng này có mì sợi mỏng trong thịt gà tinh tế và nước dùng làm từ dashi, thường được trang trí với chashu (thịt om), trứng luộc mềm, măng và hành lá. Mặc dù nhẹ hơn các loại mì ramen kem, nhưng nó vẫn là một món ăn quan trọng với hàm lượng natri đáng kể, thường cung cấp 500-600 calo cho mỗi suất ăn tại nhà hàng.",75
9d8eef5f-b030-5b67-8ceb-f409fa223962,,,Mì cà ri Ramen thịt gà (Curry Ramen with Chicken),DISH,135.0,8.33,5.0,14.17,0.67,0.83,466.67,858156f4-0c43-40f6-b7d6-9d2f1d491e33,,,"Curry Ramen with Chicken là món mì kết hợp thịnh soạn của Nhật Bản kết hợp các yếu tố ramen truyền thống với hương vị cà ri đậm đà. Món ăn nhà hàng đặc sắc này bao gồm mì lúa mì và thịt gà mềm trong nước dùng phức hợp có gia vị cà ri, thường được trang trí bằng rau tươi và chất thơm. Mặc dù cung cấp hàm lượng protein đáng kể và trải nghiệm bữa ăn thỏa mãn, món ăn này có xu hướng chứa nhiều calo và nhiều natri, với các suất ăn tại nhà hàng thường cung cấp từ 700-850 calo mỗi bát.",75
e21cf909-5b24-594d-b0f6-b5742b63f5b9,,,Súp lá đắng nấu thịt cừu (Bitterleaf Soup with Goat Meat),DISH,133.33,8.33,7.5,6.67,2.0,1.67,125.0,858156f4-0c43-40f6-b7d6-9d2f1d491e33,,,"Súp lá đắng là món súp truyền thống của Tây Phi gồm thịt dê mềm và rau lá đắng được chế biến cẩn thận trong nước dùng đậm đà, thơm ngon. Lá đắng đặc trưng được chế biến đặc biệt để đạt được sự cân bằng lý tưởng giữa hương vị đặc trưng của đất, trong khi hạt dưa xay (egusi) và dầu cọ tạo nên kết cấu sang trọng. Món súp giàu protein này được phục vụ theo truyền thống với các món ăn kèm giàu tinh bột như fufu hoặc khoai mỡ giã nhỏ, tạo nên một bữa ăn đầy đủ dinh dưỡng thể hiện hương vị cổ điển của Tây Phi.",75
d3f6da95-cd31-54dd-a0fe-5016b9dfc98b,,,Súp đậu Hà Lan vàng kiểu Thụy Điển (Swedish Yellow Pea Soup),DISH,299.5,16.42,6.97,44.28,17.41,4.98,497.51,858156f4-0c43-40f6-b7d6-9d2f1d491e33,,,"Súp đậu vàng Thụy Điển (Ärtsoppa) là một món ăn truyền thống của Bắc Âu được làm từ đậu Hà Lan tách đôi khô màu vàng ninh nhừ với các loại rau thơm và thường là giăm bông hoặc thịt xông khói. Món súp thịnh soạn này đạt được độ sệt sệt như kem do đậu Hà Lan phân hủy trong quá trình nấu, tạo nên một bữa ăn giàu protein và chất xơ. Theo truyền thống được phục vụ vào các ngày Thứ Năm tại các nhà hàng Bắc Âu, món này thường đi kèm với bánh kếp Thụy Điển và rượu punsch, một loại rượu mùi làm từ rượu rum có gia vị.",75
