id,created_at,updated_at,name,type,calories_per_100g,protein_per_100g,fat_per_100g,carbs_per_100g,fiber_per_100g,sugar_per_100g,sodium_mg_per_100g,category_id,default_serving_id,image_url,description,health_score
4bc7d59e-5acc-568e-941f-b5b4bfa09b5c,,,"Cơm, nấu chín (Rice, Cooked)",DISH,130.0,2.69,0.28,28.2,0.4,0.05,1.0,7aa75582-4482-4305-80f6-aa6cfccec44c,,,"Cơm nấu chín là loại ngũ cốc chủ yếu đóng vai trò là nguồn năng lượng chính do hàm lượng carbohydrate cao, được tiêu thụ trên toàn cầu trong các truyền thống ẩm thực khác nhau. Kết cấu từ dẻo đến mềm tùy thuộc vào giống và phương pháp chế biến, gạo lứt vẫn giữ lại lớp cám để cung cấp nhiều chất xơ và chất dinh dưỡng hơn gạo trắng đánh bóng. Loại ngũ cốc không chứa gluten này có khối lượng tăng gấp ba lần khi nấu chín và yêu cầu nhận thức về khẩu phần do mật độ calo của nó ở dạng chế biến sẵn.",75
5834f785-5a93-58d2-9dc0-e00003f22edf,,,Gạo trắng (White Rice),INGREDIENT,81.48,1.72,0.19,18.25,0.26,0.03,3.97,7aa75582-4482-4305-80f6-aa6cfccec44c,,,"Cơm trắng phục vụ tại quán poke thường là loại gạo sushi được trộn với giấm gạo, đường và muối để tạo hương vị ngọt ngào thoang thoảng. Loại gạo được chế biến đặc biệt này đóng vai trò là lớp nền truyền thống cho các bát poke, mang đến kết cấu dẻo nhưng mịn, kết hợp hoàn hảo với cá tươi và lớp phủ bên trên. Một khẩu phần tiêu chuẩn gồm 1,5 cốc cung cấp khoảng 51 gam carbohydrate và đóng vai trò là nguồn năng lượng chính trong bát chọc.",75
6bd56093-4d94-5182-87fa-538b13949e53,,,Gạo trắng tăng cường (Enriched White Rice),INGREDIENT,374.0,7.51,1.03,80.9,1.8,0.33,2.0,7aa75582-4482-4305-80f6-aa6cfccec44c,,,"Gạo trắng giàu dinh dưỡng là loại ngũ cốc xay đã được đánh bóng để loại bỏ cám và mầm, sau đó được bổ sung sắt, thiamine và axit folic để phục hồi các chất dinh dưỡng bị mất trong quá trình chế biến. Mặc dù ít chất xơ hơn gạo lứt nhưng loại ngũ cốc tinh chế này nấu thành những hạt mềm, mịn với hương vị trung tính, dễ hấp thụ gia vị và nước sốt. Quá trình làm giàu làm cho nó trở thành nguồn cung cấp sắt và vitamin B đáng kể so với gạo trắng không được tăng cường, mặc dù nó vẫn có hàm lượng chất dinh dưỡng tự nhiên thấp hơn so với các loại ngũ cốc nguyên hạt.",75
d0ee056e-6159-5381-abae-b77264bdff8f,,,Gạo trắng hạt dài (Long Grain White Rice),INGREDIENT,365.0,7.13,0.66,80.0,1.3,0.12,5.0,7aa75582-4482-4305-80f6-aa6cfccec44c,,,"Gạo trắng hạt dài là loại ngũ cốc được xay xát có đặc điểm là hạt thon dài, tách rời và bông xốp khi nấu chín. Quá trình đánh bóng loại bỏ cám và mầm, dẫn đến hàm lượng chất xơ thấp hơn so với gạo lứt, mặc dù nhiều loại gạo thương mại được bổ sung sắt và vitamin B. Là một món ăn chủ yếu đa năng trong ẩm thực toàn cầu, nó đóng vai trò là nguồn carbohydrate chính và không chứa gluten tự nhiên, khiến nó phù hợp với nhiều nhu cầu ăn kiêng khác nhau.",75
efc0fbbd-9275-5bb2-b34d-c228534dd92d,,,Gạo trắng hạt vừa (Medium Grain White Rice),INGREDIENT,360.0,6.61,0.58,79.3,1.4,0.12,1.0,7aa75582-4482-4305-80f6-aa6cfccec44c,,,"Gạo trắng hạt vừa là loại gạo được đánh bóng có đặc điểm là hạt ngắn hơn, căng hơn, mềm và hơi dính khi nấu chín. Phiên bản giàu dinh dưỡng này đã được bổ sung sắt và vitamin B để thay thế các chất dinh dưỡng bị mất trong quá trình xay xát, loại bỏ cám và mầm. Hàm lượng tinh bột cân bằng khiến nó trở nên lý tưởng cho các món ăn yêu cầu kết cấu kết dính như risotto, sushi hoặc bánh pudding gạo, đồng thời cung cấp nguồn carbohydrate tiêu hóa nhanh cho nhu cầu năng lượng ngay lập tức.",75
833217ea-292f-5a23-85bf-075f2d910234,,,Bột yến mạch (Oatmeal),INGREDIENT,382.0,13.5,5.9,68.7,10.0,1.03,2.0,7aa75582-4482-4305-80f6-aa6cfccec44c,,,"Bột yến mạch là một loại ngũ cốc nguyên hạt được làm từ những tấm yến mạch khô, được chế biến tối thiểu, thường được bán dưới dạng yến mạch cán hoặc cắt thép. Nó nổi tiếng với hàm lượng chất xơ hòa tan cao - đặc biệt là beta-glucan, hỗ trợ sức khỏe tim mạch - và cung cấp năng lượng bền vững thông qua carbohydrate phức tạp. Mặc dù không chứa gluten tự nhiên, nhưng nguy cơ lây nhiễm chéo cần được xác minh đối với những người nhạy cảm và đặc tính hương vị trung tính của nó cho phép sử dụng linh hoạt trong cả các chế phẩm ngọt và mặn khi nấu với chất lỏng.",75
1e7ff27e-b4ff-58ae-bd35-40e43d6be539,,,Yến mạch nấu nhanh (Quick Oats),INGREDIENT,371.0,14.0,7.0,68.0,9.0,1.0,3.0,7aa75582-4482-4305-80f6-aa6cfccec44c,,,"Yến mạch nhanh là loại yến mạch nguyên hạt được chế biến tối thiểu, được hấp trước, cán mỏng và sấy khô để giảm đáng kể thời gian nấu. Mặc dù cung cấp chất xơ hòa tan có lợi cho tim (beta-glucan) giống như yến mạch cắt thép hoặc cán mỏng, cấu trúc dẹt của chúng cho phép chúng mềm nhanh trong nước nóng hoặc sữa, khiến chúng trở nên lý tưởng để nấu cháo hoặc nướng nhanh. Những loại yến mạch này giữ lại hầu hết các chất dinh dưỡng từ yến mạch nhưng có kết cấu mềm hơn so với các loại yến mạch ít được chế biến hơn.",75
aaa1a598-f2d9-51de-ad6c-ea04a9a41661,,,"Bột yến mạch, nấu chín (Oatmeal, Cooked)",DISH,89.39,3.0,2.9,11.4,2.9,0.3,1.0,7aa75582-4482-4305-80f6-aa6cfccec44c,,,"Bột yến mạch, nấu chín, là một loại cháo nguyên hạt được làm bằng cách đun sôi yến mạch cán hoặc cắt thép trong nước hoặc sữa cho đến khi mềm. Món ăn sáng thịnh soạn này cung cấp đáng kể chất xơ hòa tan, đặc biệt là beta-glucan, hỗ trợ sức khỏe tim mạch bằng cách giúp giảm sự hấp thụ cholesterol. Các loại ngũ cốc đã nấu chín có kết cấu dạng kem, dùng làm lớp nền trung tính cho cả lớp phủ ngọt như trái cây và các loại hạt hoặc các món bổ sung mặn như trứng và gia vị. Mặc dù không chứa gluten tự nhiên nhưng có thể xảy ra hiện tượng nhiễm chéo trong quá trình chế biến và tác động đến đường huyết khác nhau tùy thuộc vào việc sử dụng yến mạch ăn liền, yến mạch cán hay yến mạch cắt thép.",75
c4262c93-fe3a-5edf-8938-4fa484f22758,,,Gạo lài (Jasmine Rice),INGREDIENT,383.0,7.2,0.66,86.0,1.2,0.1,1.0,7aa75582-4482-4305-80f6-aa6cfccec44c,,,"Gạo Jasmine là loại gạo hạt dài có mùi thơm được trồng truyền thống ở Thái Lan, được biết đến với mùi hương hoa tinh tế gợi nhớ đến lá dứa hoặc bỏng ngô nướng. Khi nấu chín, các hạt trở nên hơi dính nhưng vẫn giữ được sự tách biệt rõ rệt, mang lại kết cấu mềm hơn gạo basmati trong khi vẫn giữ được hương vị trung tính lý tưởng để chấm nước sốt. Loại lương thực không chứa gluten này có chỉ số đường huyết cao hơn các loại gạo lứt và là nền tảng của ẩm thực Đông Nam Á, đặc biệt kết hợp với cà ri, món xào và thịt nướng.",75
3c053952-194a-5cee-a709-9b7daef5135f,,,Bột mì trắng tăng cường (Enriched White Flour),INGREDIENT,360.0,10.0,1.0,76.0,2.7,0.3,2.0,7aa75582-4482-4305-80f6-aa6cfccec44c,,,"Bột mì trắng giàu dinh dưỡng là một sản phẩm lúa mì tinh chế, trong đó cám và mầm được loại bỏ trong quá trình xay xát, sau đó được bổ sung sắt và vitamin B để thay thế một số chất dinh dưỡng bị mất. Mặc dù quá trình này tạo ra loại bột có kết cấu mịn lý tưởng cho các món nướng nhẹ như bánh ngọt và bánh nướng, nhưng nó chứa ít chất xơ và chất dinh dưỡng tự nhiên hơn đáng kể so với bột mì nguyên hạt. Quá trình làm giàu sẽ phục hồi các vitamin cơ bản nhưng không bù đắp hoàn toàn lượng dinh dưỡng bị mất đi do loại bỏ các thành phần ban đầu của lúa mì.",75
ae8e711e-ac06-5db7-bce3-d6e7929eb9cf,,,Ngũ cốc yến mạch (Oat Cereal),DISH,382.0,10.95,5.09,75.33,9.2,3.02,503.0,7aa75582-4482-4305-80f6-aa6cfccec44c,,,"Ngũ cốc yến mạch là một món ăn sáng chủ yếu làm từ ngũ cốc nguyên hạt được làm từ yến mạch đã qua chế biến, thường được cán hoặc cắt thép để tạo ra các kết cấu khác nhau từ dạng kem đến dạng dai. Nó đặc biệt có giá trị nhờ hàm lượng chất xơ hòa tan cao, chủ yếu là beta-glucan, chất mà các nghiên cứu lâm sàng liên quan đến việc cải thiện mức cholesterol và điều chỉnh lượng đường trong máu. Không giống như nhiều loại ngũ cốc tinh chế, các loại yến mạch đơn giản không chứa đường bổ sung và duy trì chỉ số đường huyết thấp, trong khi các lựa chọn không chứa gluten đã được chứng nhận phù hợp với các hạn chế về chế độ ăn uống. Món ăn đa năng này có thể được chế biến nóng như cháo hoặc dùng lạnh trong muesli, thường kết hợp với trái cây, các loại hạt hoặc sữa chua để cân bằng dinh dưỡng.",75
2f27eb9c-3fa8-5f5f-a2b1-2134cdadd8f6,,,Gạo trắng Calrose (Calrose White Rice),INGREDIENT,362.0,6.7,0.0,80.0,1.0,0.0,0.0,7aa75582-4482-4305-80f6-aa6cfccec44c,,,"Gạo trắng Calrose là loại gạo hạt vừa được phát triển ở California, có đặc điểm là có khả năng mềm và hơi dính khi nấu bằng phương pháp hấp thụ. Loại gạo giàu dinh dưỡng này đã được bổ sung sắt và vitamin B để thay thế các chất dinh dưỡng bị mất trong quá trình xay xát, đóng vai trò là nguồn carbohydrate chính trong các món ăn như sushi, bát chọc và món xào. Các hạt đầy đặn của nó duy trì kết cấu gắn kết lý tưởng cho các món ăn đúc sẵn trong khi vẫn không chứa gluten tự nhiên.",75
9f9ddc5a-b14f-57c5-9c3b-a8003d3078ef,,,Ngũ cốc Cheerios nguyên bản (Original Cheerios),DISH,397.0,12.88,6.35,72.73,10.9,4.85,690.0,7aa75582-4482-4305-80f6-aa6cfccec44c,,,"Original Cheerios là một loại ngũ cốc ăn sáng có đường làm từ yến mạch, được làm giàu với các vitamin và khoáng chất thiết yếu bao gồm sắt và vitamin B. Mặc dù có vị ngọt nhẹ nhưng nó chứa ít đường hơn 50% so với ngũ cốc có hương vị trung bình và cung cấp 3 gam chất xơ hòa tan trong mỗi khẩu phần từ yến mạch nguyên hạt, hỗ trợ sức khỏe tim mạch. Các miếng hình chữ O mang tính biểu tượng duy trì kết cấu giòn trong sữa và được chứng nhận không chứa gluten, khiến chúng trở thành lựa chọn linh hoạt cho cả bữa sáng và bữa ăn nhẹ.",75
5587baab-a796-54a3-96bd-f2b53c61e767,,,Bột mì đa dụng (All-Purpose Flour),INGREDIENT,364.0,10.0,1.0,76.0,3.0,0.3,2.0,7aa75582-4482-4305-80f6-aa6cfccec44c,,,"Bột mì đa dụng là bột mì tinh chế được làm giàu với sắt và vitamin B để thay thế các chất dinh dưỡng bị mất trong quá trình xay xát. Với hàm lượng protein vừa phải (10-12%), nó tạo ra sự cân bằng giữa sự phát triển gluten để tạo cấu trúc và độ mềm, khiến nó phù hợp với mọi thứ từ bánh ngọt đến bánh mì. Loại thực phẩm chủ yếu trong tủ đựng thức ăn đa năng này là thành phần cơ bản của hầu hết các món nướng nhưng có chứa gluten và thiếu chất xơ như các chất thay thế lúa mì nguyên hạt.",75
8608f003-ef9b-5ee8-a459-5de5daaae155,,,"Yến mạch ăn liền, nấu chín (Instant Oats, Cooked)",DISH,70.0,2.5,1.5,12.0,1.7,0.5,50.0,7aa75582-4482-4305-80f6-aa6cfccec44c,,,"Yến mạch ăn liền, nấu chín, là loại yến mạch được hấp trước và cán mỏng, sẽ mềm thành dạng kem mịn khi được bù nước bằng nước nóng hoặc sữa. Mặc dù chúng giữ lại chất xơ hòa tan của ngũ cốc nguyên hạt (đặc biệt là beta-glucan tốt cho sức khỏe tim mạch), quá trình xử lý của chúng sẽ đẩy nhanh quá trình tiêu hóa, dẫn đến chỉ số đường huyết cao hơn so với yến mạch cắt thép hoặc cán mỏng. Món ăn chủ yếu chuẩn bị nhanh này đóng vai trò như một nguyên liệu linh hoạt cho bát ăn sáng và món nướng, mặc dù các loại đơn giản tránh được đường hoặc natri bổ sung có trong các sản phẩm ăn liền có hương vị.",75
2b081a5d-5938-55a0-ba93-b4b05ab6d797,,,Bánh mì trắng (White Bread),DISH,261.0,9.14,2.66,49.21,3.3,7.62,513.0,7aa75582-4482-4305-80f6-aa6cfccec44c,,,"Bánh mì trắng là một loại bánh nướng chủ yếu được làm từ bột mì tinh chế đã được loại bỏ cám và mầm, sau đó được bổ sung thêm các chất dinh dưỡng như sắt và vitamin B. Mặc dù kết cấu mềm và hương vị nhẹ khiến nó trở thành lựa chọn phổ biến cho bánh mì sandwich và bánh mì nướng, nhưng quá trình tinh chế sẽ loại bỏ hầu hết chất xơ tự nhiên, dẫn đến chỉ số đường huyết cao hơn so với các loại ngũ cốc nguyên hạt. Các phương pháp làm giàu hiện đại sẽ khôi phục lại một số vitamin và khoáng chất bị mất, mặc dù về mặt dinh dưỡng, nó vẫn ít phức tạp hơn so với bánh mì được chế biến tối thiểu.",75
a6db5f3b-8e35-5a9c-96e1-1cf8dec212aa,,,Gạo trắng lài (Jasmine White Rice),INGREDIENT,365.0,7.0,0.66,80.4,1.0,0.1,1.0,7aa75582-4482-4305-80f6-aa6cfccec44c,,,"Gạo trắng Jasmine là một loại gạo thơm hạt dài có nguồn gốc được trồng ở Thái Lan, được biết đến với hương thơm hoa đặc trưng gợi nhớ đến lá dứa. Phiên bản giàu dinh dưỡng này đã được bổ sung sắt và vitamin B để phục hồi các chất dinh dưỡng bị mất trong quá trình xay xát, một phương pháp phổ biến đối với gạo trắng đánh bóng. Khi nấu chín, các hạt trở nên mềm và hơi dính vào nhau trong khi vẫn giữ được hình dạng riêng, mang lại kết cấu mềm hơn so với gạo basmati. Vị ngọt tinh tế của nó khiến nó trở thành sự kết hợp chủ yếu cho các món cà ri và món xào Đông Nam Á.",75
89f3f10d-6eaf-5738-b1e5-95f9327441a9,,,Yến mạch kiểu cũ (Old-Fashioned Oats),INGREDIENT,382.0,13.5,5.89,68.7,10.4,1.0,0.67,7aa75582-4482-4305-80f6-aa6cfccec44c,,,"Yến mạch kiểu cũ là yến mạch nguyên hạt được hấp và cán phẳng để tạo kết cấu nấu nhanh hơn yến mạch cắt thép trong khi vẫn giữ được nhiều cấu trúc hơn so với các loại yến mạch ăn liền. Là một dạng yến mạch được chế biến tối thiểu, chúng cung cấp nguồn chất xơ hòa tan phong phú, đặc biệt là beta-glucan, hỗ trợ sức khỏe tim mạch và giải phóng năng lượng bền vững. Khi nấu chín, những loại yến mạch này có độ mềm nhưng dai lý tưởng cho món bột yến mạch truyền thống, các món nướng hoặc món granola tự làm.",75
3057a4d6-1810-5da4-86b3-b77cf0188cf9,,,Bánh mì trắng tăng cường (Enriched White Bread),DISH,270.0,9.2,3.0,49.2,3.1,4.1,463.0,7aa75582-4482-4305-80f6-aa6cfccec44c,,,"Bánh mì trắng giàu dinh dưỡng là một sản phẩm lúa mì đã qua chế biến, trong đó các chất dinh dưỡng quan trọng được bổ sung trở lại sau khi xay xát để loại bỏ cám và mầm. Mặc dù được bổ sung vitamin B và sắt để khôi phục giá trị dinh dưỡng nhưng nó lại chứa ít chất xơ hơn các loại ngũ cốc nguyên hạt do không có các thành phần ngũ cốc ban đầu. Bột tinh chế tạo ra kết cấu mềm, thoáng, lý tưởng cho bánh mì sandwich và bánh mì nướng, mặc dù nó có chỉ số đường huyết cao hơn so với các loại bánh mì được chế biến tối thiểu.",75
59fe23ce-dac1-597d-b749-9d70eb5e6dea,,,Cơm Basmati (Basmati Rice),INGREDIENT,350.0,7.0,0.6,80.0,1.2,0.1,1.0,7aa75582-4482-4305-80f6-aa6cfccec44c,,,"Gạo Basmati là loại gạo hạt dài cao cấp có nguồn gốc từ tiểu lục địa Ấn Độ, nổi tiếng với hương thơm hoa tinh tế và các hạt thon dài, vẫn tách biệt khi nấu chín. Loại gạo thơm này có chỉ số đường huyết thấp hơn nhiều loại gạo trắng khác nên trở thành lựa chọn ưu tiên để quản lý lượng đường trong máu. Theo truyền thống được ủ để tăng hương vị và kết cấu, hạt basmati khô có chiều dài gần gấp đôi trong khi nấu, tạo nên độ đặc nhẹ, mịn lý tưởng cho món cơm thập cẩm và biryanis.",75
464934d8-c69e-5aa5-8228-a54c7379147d,,,Gạo trắng ăn liền (Instant White Rice),INGREDIENT,372.0,6.5,1.5,80.4,1.8,0.0,12.0,7aa75582-4482-4305-80f6-aa6cfccec44c,,,"Gạo trắng ăn liền là sản phẩm gạo đã khử nước, nấu sẵn được thiết kế để chuẩn bị nhanh chóng, thường sẵn sàng trong 5 phút với nước sôi. Phiên bản giàu dinh dưỡng này có thêm sắt và vitamin B để thay thế các chất dinh dưỡng bị mất trong quá trình chế biến, mặc dù nó giữ lại ít chất xơ hơn so với các sản phẩm thay thế ngũ cốc nguyên hạt. Các loại ngũ cốc được bù nước thành một kết cấu mềm, hơi mịn lý tưởng cho các bữa ăn nhanh, mặc dù kém cứng hơn so với gạo hạt dài nấu theo cách truyền thống.",75
82d23d25-d5b4-5091-b60c-4c7c71b950e0,,,Ngũ cốc Cheerios đa hạt (Multi-Grain Cheerios),DISH,398.0,8.51,4.18,81.01,9.0,19.32,485.0,7aa75582-4482-4305-80f6-aa6cfccec44c,,,"Multi-Grain Cheerios là loại ngũ cốc ăn sáng phong phú được làm từ hỗn hợp ngũ cốc nguyên hạt, bao gồm yến mạch, ngô và gạo, được chế biến thành những miếng hình chữ O đặc trưng. Loại ngũ cốc tăng cường này cung cấp một nguồn đáng kể chất xơ và các chất dinh dưỡng thiết yếu như sắt và vitamin B, đồng thời duy trì hàm lượng đường và chất béo thấp hơn so với nhiều loại ngũ cốc có đường. Được thiết kế để hỗ trợ sức khỏe tim mạch, nó thường được dùng cùng với sữa hoặc sữa chua và được bán trên thị trường như một phần của chế độ ăn uống cân bằng do có công thức làm từ ngũ cốc nguyên hạt và không chứa cholesterol.",75
b9a2a5a6-ae63-514f-b8b1-de1b3e665966,,,Bánh tortilla bột mì tăng cường (Enriched Flour Tortilla),INGREDIENT,302.0,8.1,7.8,49.4,3.3,3.2,740.0,7aa75582-4482-4305-80f6-aa6cfccec44c,,,"Bánh tortilla giàu dinh dưỡng là loại bánh mì dẹt mềm, dẻo được làm từ bột mì được tăng cường sắt và vitamin B (niacin, thiamine, riboflavin, axit folic) để thay thế các chất dinh dưỡng bị mất trong quá trình xay xát. Bột được ép mỏng và nướng trên vỉ, tạo bề mặt hơi cháy thành than mà vẫn giữ được độ dẻo để gói nguyên liệu. Mặc dù có ít chất xơ hơn so với các phiên bản ngũ cốc nguyên hạt, món ăn chủ yếu này của ẩm thực Mexico này cung cấp nền tảng linh hoạt cho món burritos, quesadillas và tacos mềm, đồng thời mang lại giá trị dinh dưỡng nâng cao so với các sản phẩm bột mì trắng không được làm giàu.",75
26ac7105-50f4-55c2-ad6c-436bdae51463,,,Ngũ cốc nguyên hạt (Whole Grain Cereal),INGREDIENT,371.0,11.4,2.86,81.5,11.4,5.71,371.0,7aa75582-4482-4305-80f6-aa6cfccec44c,,,"Ngũ cốc nguyên hạt là thực phẩm ăn sáng được làm từ các loại ngũ cốc được chế biến tối thiểu, giữ lại cả ba phần giàu dinh dưỡng của hạt: cám, mầm và nội nhũ. Những loại ngũ cốc này cung cấp hàm lượng chất xơ cao hơn đáng kể so với các loại ngũ cốc tinh chế thay thế, cùng với carbohydrate phức hợp giải phóng bền vững và các chất dinh dưỡng thiết yếu như vitamin B và sắt. Mặc dù thường được dùng cùng với sữa hoặc sữa chua như bữa ăn sáng, nhưng nhiều loại cũng được coi là đồ ăn nhẹ tiện lợi, mặc dù một số sản phẩm có thể chứa đường bổ sung cần được kiểm tra kỹ lưỡng trên nhãn.",75
08729ed5-1095-55a7-a7c5-783f43b6e9ef,,,Bánh mì nguyên hạt (Whole Grain Bread),INGREDIENT,263.5,12.18,3.76,44.86,6.85,5.19,460.5,7aa75582-4482-4305-80f6-aa6cfccec44c,,,"Bánh mì nguyên hạt là một loại bánh nướng giàu chất dinh dưỡng được làm bằng cách xay ngũ cốc nguyên hạt để giữ lại cám, mầm và nội nhũ. Việc bảo quản các thành phần ngũ cốc này cung cấp hàm lượng chất xơ cao hơn đáng kể và nhiều vitamin, khoáng chất và chất chống oxy hóa hơn so với bánh mì trắng tinh chế. Kết cấu đậm đặc và hương vị hấp dẫn khiến nó trở thành sự lựa chọn thỏa mãn cho bánh mì sandwich và bánh mì nướng, trong khi carbohydrate phức tạp của nó giúp giải phóng năng lượng bền vững.",75
1ddcd37d-55a4-5fa7-9d82-a367160986fd,,,Mì sợi (Noodles),DISH,166.67,8.0,4.0,23.33,1.17,1.67,333.33,7aa75582-4482-4305-80f6-aa6cfccec44c,,,"Mì Lẩu là loại mì thô, chưa nấu chín được chia thành từng phần riêng để nấu trong nước dùng lẩu. Những loại mì này thường có nhiều loại bao gồm mì làm từ lúa mì, gạo hoặc thủy tinh (làm từ tinh bột khoai lang hoặc đậu xanh), mỗi loại có kết cấu và thời gian nấu khác nhau. Khi nấu trong nước dùng sôi lăn tăn, chúng sẽ hấp thụ hương vị của súp đồng thời cung cấp lượng carbohydrate đáng kể thường đóng góp 50-80g carbohydrate mỗi khẩu phần.",75
9b82e6ba-bbd2-57fd-b5ce-6092196c075d,,,Bánh mì trắng cuộn tăng cường (Enriched White Roll),DISH,280.0,9.3,2.9,44.6,3.0,3.4,380.0,7aa75582-4482-4305-80f6-aa6cfccec44c,,,"Bánh cuộn trắng tăng cường là một sản phẩm bánh mì được sản xuất thương mại làm từ bột mì tinh chế được bổ sung thêm các chất dinh dưỡng như sắt và vitamin B để thay thế những chất bị mất trong quá trình chế biến. Những cuộn này có kết cấu mềm, thoáng và hương vị nhẹ, khiến chúng trở thành lựa chọn phổ biến cho bánh mì sandwich và dịch vụ ăn tối, mặc dù chúng chứa ít chất xơ hơn so với các loại thay thế ngũ cốc nguyên hạt. Trong khi việc làm giàu giúp cải thiện hàm lượng vi chất dinh dưỡng, thì cơ sở bột mì tinh chế lại dẫn đến chỉ số đường huyết cao hơn so với bánh mì nguyên hạt.",75
346bfba5-40f6-5d9a-a29f-42b219258933,,,Bánh mì vòng hạt anh túc (Poppy Seed Bagel),DISH,264.0,10.6,1.32,52.4,2.3,8.43,422.0,7aa75582-4482-4305-80f6-aa6cfccec44c,,,"Bánh mì tròn hạt anh túc là một loại bánh mì cuộn dày đặc, hình vòng được làm từ bột mì đã được làm giàu và bên trên là những hạt anh túc nhỏ màu đen. Loại bánh mì ăn sáng truyền thống này nổi bật nhờ lớp vỏ dai bên trong và lớp vỏ bóng loáng có đầy hạt đạt được nhờ đun sôi trong thời gian ngắn trước khi nướng. Bột mì được làm giàu cung cấp các vitamin B và sắt thiết yếu, trong khi hạt anh túc tạo thêm hương vị hạt dẻ tinh tế và độ giòn nhẹ, mặc dù chúng chỉ đóng góp giá trị dinh dưỡng tối thiểu cho sản phẩm bánh mì thịnh soạn này.",75
461df4c6-c69a-5648-b462-5ee66ead3a67,,,Bánh mì khoai tây (Potato Bun),DISH,351.0,8.1,8.1,59.5,2.0,6.0,420.0,7aa75582-4482-4305-80f6-aa6cfccec44c,,,"Bánh khoai tây là một loại bánh mì cuộn mềm được làm từ bột khoai tây hoặc khoai tây nghiền trộn vào bột, tạo ra hương vị hơi ngọt và kết cấu ẩm, đặc. Tinh bột khoai tây được bổ sung giúp tăng cường khả năng giữ ẩm và tạo lớp vỏ vàng trong quá trình nướng, đồng thời làm giảm sự phát triển gluten để tạo ra lớp vỏ bánh mềm so với bánh mì truyền thống. Thường được sử dụng cho bánh mì kẹp thịt và bánh mì sandwich, nó cung cấp hàm lượng carbohydrate cao hơn từ cả nguồn lúa mì và khoai tây, mang lại sự cân bằng giữa độ dai và độ mềm êm ái.",95
543be45c-5425-553e-96bd-a862155f4471,,,Bánh mì trắng ít natri (Low Sodium White Bread),DISH,264.0,8.7,3.13,49.4,2.8,6.0,342.0,7aa75582-4482-4305-80f6-aa6cfccec44c,,,"Bánh mì trắng có hàm lượng natri thấp là loại bánh mì làm từ lúa mì chế biến được thiết kế đặc biệt để chứa lượng natri ít hơn ít nhất 50% so với các loại tiêu chuẩn, phù hợp với chế độ ăn có lợi cho tim mạch hoặc huyết áp. Được làm bằng bột mì giàu dinh dưỡng, nó giữ lại lượng sắt và vitamin B bị mất trong quá trình tinh chế trong khi vẫn duy trì kết cấu mềm và hương vị nhẹ đặc trưng của bánh mì trắng truyền thống. Biến thể này đáp ứng nhu cầu ăn kiêng hạn chế natri mà không làm mất đi cấu trúc quen thuộc được sử dụng cho bánh mì sandwich và bánh mì nướng.",75
e8ec5e9e-404a-5da8-a008-9a3db163a009,,,Bánh mì cuộn mini đa hạt (Multigrain Mini Roll),DISH,260.0,9.0,4.0,47.0,5.5,4.0,400.0,7aa75582-4482-4305-80f6-aa6cfccec44c,,,"Bánh mì cuộn mini nhiều loại ngũ cốc là một sản phẩm bánh mì nhỏ, có khẩu phần được kiểm soát, được làm bằng hỗn hợp các loại ngũ cốc nguyên hạt như yến mạch, hạt lanh hoặc hạt hướng dương. Loại bánh cuộn dày đặc nhưng mềm này cung cấp nhiều chất xơ, vitamin và khoáng chất hơn bánh mì trắng tinh chế, đồng thời kích thước nhỏ gọn của nó hỗ trợ lập kế hoạch bữa ăn có ý thức về calo. Sự kết hợp của các loại ngũ cốc tạo ra một kết cấu đậm đà với hương vị hạt dẻ tinh tế, khiến nó trở nên lý tưởng cho bánh mì sandwich, bánh trượt hoặc như một món ăn đậm đặc chất dinh dưỡng.",75
3ad481d9-365b-5822-b327-f1eb0db08fe2,,,Bánh mì vòng cám yến mạch (Oat Bran Bagel),DISH,255.0,10.7,1.2,53.3,3.6,1.63,590.0,7aa75582-4482-4305-80f6-aa6cfccec44c,,,"Bánh mì tròn cám yến mạch là một sản phẩm bánh mì dai, đặc được làm bằng cám yến mạch - lớp ngoài giàu chất xơ của tấm yến mạch - được thêm vào bột bánh mì tròn truyền thống. Biến thể này cung cấp nhiều chất xơ hòa tan hơn đáng kể (bao gồm cả beta-glucans có lợi cho tim) so với bánh mì tròn tiêu chuẩn, đồng thời mang lại hương vị hạt dẻ tinh tế và kết cấu thô hơn. Thường được nướng với màu nâu vàng, nó được dùng như một lựa chọn cho bữa sáng giàu chất dinh dưỡng khi kết hợp với các lớp trên bề mặt giàu protein, mặc dù hàm lượng carbohydrate của nó vẫn cần phải chia khẩu phần một cách chú ý.",75
e827e024-ec31-5092-960c-e6858ed947a6,,,Bánh mì vòng lúa mì nho khô (Wheat Raisin Bagel),DISH,274.0,9.43,1.9,55.0,5.3,10.0,420.0,7aa75582-4482-4305-80f6-aa6cfccec44c,,,"Bánh mì tròn nho khô làm từ lúa mì là một loại bánh nướng đặc, dai được làm từ bột mì nguyên hạt và phủ đầy nho khô ngọt ngào. Cơ sở ngũ cốc nguyên hạt cung cấp nhiều chất xơ hơn bánh mì tròn làm từ bột mì trắng truyền thống, trong khi nho khô mang lại vị ngọt tự nhiên và bổ sung chất xơ mà không cần thêm đường. Được luộc chín đặc trưng trước khi nướng để có lớp vỏ bóng loáng, loại bánh này cân bằng hương vị đậm đà của ngũ cốc nguyên hạt với hương trái cây, thường được dùng nướng cho bữa sáng hoặc đồ ăn nhẹ.",75
02f88ff1-f31f-5a86-a1fe-897e6eea3d04,,,Bánh mì vòng nho khô (Raisin Bagel),DISH,274.0,9.8,1.7,55.2,2.3,5.98,407.0,7aa75582-4482-4305-80f6-aa6cfccec44c,,,"Bánh mì tròn nho khô là một sản phẩm bánh mì làm từ lúa mì được làm từ bột lên men và rắc nho khô dai, ngọt. Theo truyền thống, bột được đun sôi trước khi nướng, tạo ra kết cấu đặc nhưng dai đặc trưng, ​​​​trong khi nho khô tạo thêm vị ngọt tự nhiên và độ ẩm tinh tế cho từng miếng ăn. Được làm giàu với vitamin B và sắt, biến thể này cung cấp nhiều carbohydrate và đường tự nhiên hơn so với bánh mì tròn thông thường, khiến nó trở thành một lựa chọn giàu năng lượng thường được nướng với phô mai kem hoặc bơ.",75
a1206659-d377-5088-996e-848c47958cc3,,,Bánh sừng bò phô mai (Cheese Croissant),DISH,414.0,9.2,20.9,47.0,2.6,11.35,361.0,7aa75582-4482-4305-80f6-aa6cfccec44c,,,"Bánh sừng bò phô mai là một loại bánh ngọt viennoiserie lấy cảm hứng từ Pháp kết hợp bột bơ nhiều lớp với nhân phô mai thơm ngon. Lớp vỏ bên ngoài màu nâu vàng, bong tróc bao bọc phô mai tan chảy — điển hình là Gruyère hoặc cheddar — tạo ra sự tương phản giữa các lớp nhiều lớp sắc nét và phần nhân mềm, đậm đà. Mặc dù được tôn vinh nhờ kết cấu dễ chịu, nhưng món ăn sáng chủ yếu này lại chứa nhiều calo do hàm lượng bơ và pho mát cao, đồng thời chứa gluten và lactose.",75
3b90ab80-2ae7-5808-a619-d77c41084bf2,,,Gạo lứt lài (Brown Jasmine Rice),INGREDIENT,365.0,7.0,2.7,77.0,3.0,0.0,5.0,7aa75582-4482-4305-80f6-aa6cfccec44c,,,"Gạo lứt hương lài là loại gạo thơm nguyên hạt có nguồn gốc từ Thái Lan, được biết đến với hương thơm hoa nhẹ và hương vị hạt dẻ. Không giống như gạo trắng lài, nó vẫn giữ được lớp cám giàu dinh dưỡng, cung cấp lượng chất xơ nhiều hơn gấp 3-4 lần và chỉ số đường huyết thấp hơn trong khi vẫn giữ được kết cấu hơi dính, dai đặc trưng của hạt khi nấu chín. Loại gạo được chế biến tối thiểu này yêu cầu thời gian nấu lâu hơn so với các loại gạo được đánh bóng nhưng mang lại giá trị dinh dưỡng nâng cao để lập kế hoạch bữa ăn cân bằng.",75
c3f416cb-2b67-5f10-bf3e-30762486d06d,,,Bánh mì ngô (Cornbread),DISH,266.0,6.7,7.1,43.5,2.0,10.0,658.0,7aa75582-4482-4305-80f6-aa6cfccec44c,,,"Bánh ngô là một loại bánh mì nhanh cổ điển của miền Nam Hoa Kỳ được làm chủ yếu từ bột ngô và bột mì, với các phiên bản ngọt có thêm đường hoặc mật ong để tạo hương vị giống bánh ngọt. Món nướng có phần bên trong giòn nhưng ẩm với lớp vỏ giòn nhẹ, thường được phục vụ cùng với các món mặn như ớt hoặc thịt nướng để cân bằng bữa ăn. Trong khi cung cấp carbohydrate để tạo năng lượng, các loại bánh ngọt chứa nhiều đường hơn đáng kể so với bánh ngô mặn truyền thống, một yếu tố quan trọng cần cân nhắc để theo dõi chất dinh dưỡng đa lượng.",75
fdb8d184-b711-51bb-a568-f914fb943db6,,,Bánh mì Naan (Naan),DISH,291.11,10.0,5.56,50.0,2.22,2.22,444.44,7aa75582-4482-4305-80f6-aa6cfccec44c,,,"Naan là một loại bánh mì dẹt có men truyền thống của Ấn Độ thường được phục vụ nóng và phết bơ hoặc bơ sữa trâu trong các bữa ăn tự chọn. Loại bánh mì mềm, xốp này được làm từ bột mì tinh chế và được nướng theo kiểu truyền thống trong lò tandoor, tạo nên bề ngoài hơi cháy đặc trưng và bên trong bông xốp. Các phiên bản nhà hàng có xu hướng phong phú hơn các loại tự làm, với hàm lượng chất béo cao hơn từ bơ bổ sung và khẩu phần thông thường khoảng 90 gam chứa khoảng 260 calo.",75
fb04e4f9-3fd2-5268-9225-b795420211db,,,Bánh quế (Waffles),DISH,172.27,3.36,7.56,23.11,0.84,4.2,365.55,7aa75582-4482-4305-80f6-aa6cfccec44c,,,"Bánh quế kiểu bữa tối là loại bánh ngọt ăn sáng mới ra lò, đặc trưng bởi hoa văn dạng lưới đặc biệt, bên ngoài vàng giòn và bên trong bông xốp. Những chiếc bánh quế nhà hàng này thường được phục vụ theo từng phần lớn, theo truyền thống đi kèm với bơ và xi-rô cây phong, mặc dù chúng cũng có thể có lớp phủ trái cây hoặc kem đánh bông. Một chiếc bánh quế tiêu chuẩn dành cho quán ăn chứa khoảng 410 calo trước khi phủ lớp phủ và cung cấp một nguồn carbohydrate đáng kể với hàm lượng protein vừa phải.",75
a5bc4823-ab62-5702-9ca9-0b480d4ac6c5,,,"Bột ngô, nấu chín (Grits, Cooked)",DISH,55.6,1.34,0.18,12.15,0.28,0.4,1.9,7aa75582-4482-4305-80f6-aa6cfccec44c,,,"Grits là một món ăn truyền thống của miền Nam Hoa Kỳ được làm từ ngô xay thô (ngô ngô) được đun sôi thành dạng kem đặc như cháo. Loại thực phẩm không chứa gluten này cung cấp năng lượng bền vững thông qua carbohydrate phức tạp nhưng vẫn giữ lại chất xơ tối thiểu trừ khi được chế biến từ các loại ngũ cốc nguyên hạt. Thường được phục vụ món mặn với bơ, pho mát hoặc tôm, bột kiều mạch nấu chín có nền trung tính giúp dễ dàng hấp thụ hương vị trong khi vẫn duy trì kết cấu dạng hạt đặc biệt giúp phân biệt chúng với polenta có kết cấu mịn hơn.",75
66ef0ce3-7caf-525c-90ee-515fafd82bf4,,,Hạt diêm mạch trắng (White Quinoa),INGREDIENT,366.2,12.9,6.34,66.13,7.6,3.05,3.1,7aa75582-4482-4305-80f6-aa6cfccec44c,,,"Quinoa trắng là loại phổ biến nhất của loại hạt không chứa gluten cổ xưa này, có đặc điểm là màu nhạt và hương vị nhẹ, hơi bùi. Mặc dù tương tự về mặt dinh dưỡng với quinoa đỏ và đen, nhưng nó nấu nhanh hơn và có kết cấu nhẹ hơn, mềm hơn, khiến nó trở nên lý tưởng cho các món ngũ cốc hoặc thay thế gạo. Giống như tất cả các loại quinoa, nó cần được rửa kỹ trước khi nấu để loại bỏ saponin đắng và cung cấp protein hoàn chỉnh từ thực vật với tất cả chín axit amin thiết yếu.",75
bba6a87b-ed76-5207-ad91-8e2b25367fe2,,,Bột ngô nấu nhanh (Quick Grits),INGREDIENT,360.0,7.0,2.0,80.0,4.5,1.0,5.0,7aa75582-4482-4305-80f6-aa6cfccec44c,,,"Bột xay nhanh là một sản phẩm ngô đã tách mầm được nghiền thành hạt thô, đóng vai trò là một biến thể nấu nhanh hơn của bột xay bằng đá truyền thống ở miền Nam Hoa Kỳ. Việc loại bỏ mầm bệnh trong quá trình chế biến cho phép chúng nấu trong 5-10 phút trong khi vẫn giữ được kết cấu dạng kem khi luộc, mặc dù chúng thiếu hương vị ngô đậm hơn so với các loại ít chế biến hơn. Thường được bổ sung thêm sắt và vitamin B, những loại ngũ cốc không chứa gluten này hoạt động chủ yếu như một nguồn carbohydrate cho các món ăn sáng mặn hoặc như một món ăn kèm với phô mai, tôm hoặc bơ.",75
f050adca-dc4e-5d36-a470-45231bda3506,,,Bánh quy giòn bột mì dẹt phô mai (Cheese Flatbread Crackers),DISH,489.0,10.9,22.7,59.4,2.3,4.53,973.0,7aa75582-4482-4305-80f6-aa6cfccec44c,,,"Bánh quy giòn phô mai là một món ăn nhẹ nướng được làm từ bột mì giàu dinh dưỡng, được bổ sung vitamin B và sắt để bổ sung các chất dinh dưỡng bị mất trong quá trình chế biến. Kết cấu mỏng, giòn và thiết kế bánh mì dẹt đục lỗ giúp phân biệt chúng với bánh quy phô mai đặc hơn, trong khi bột phô mai hoặc gia vị mang lại hương vị thơm ngon mà không có hàm lượng chất béo cao như bột trộn phô mai. Những loại bánh quy giòn này thường cung cấp một lựa chọn thuận tiện để ổn định trong thời gian bảo quản nhưng có thể chứa hàm lượng natri và gluten vừa phải từ lúa mì.",75
fa68b30c-b846-5339-a46b-5a62f300e8e2,,,Bánh quế bơ sữa có đường (Sweetened Buttermilk Waffle),DISH,289.0,7.2,9.3,44.0,1.5,10.0,480.0,7aa75582-4482-4305-80f6-aa6cfccec44c,,,"Bánh quế bơ sữa ngọt là một loại bánh ngọt dành cho bữa sáng được đặc trưng bởi việc sử dụng sữa bơ được nuôi cấy và đường bổ sung, giúp tăng cường cả hương vị và kết cấu. Sữa bơ có tính axit phản ứng với các chất tạo men để tạo ra phần bên trong nhẹ nhàng, thoáng mát với các cạnh sắc nét, đồng thời vị ngọt bổ sung giúp phân biệt nó với các loại bánh quế mặn truyền thống. Phiên bản này thường chứa carbohydrate và đường cao hơn so với các phiên bản đơn giản, khiến việc nhận biết khẩu phần ăn trở thành chìa khóa cho chế độ ăn kiêng đường và thường được phục vụ với các loại phủ trên như xi-rô hoặc trái cây để bổ sung cho vị cân bằng và đậm đà của nó.",75
002a17f9-2a56-5753-b9bc-c26b8552b98a,,,Bánh quy giòn gạo (Rice Crackers),INGREDIENT,416.0,10.0,5.0,82.6,0.0,0.0,233.0,7aa75582-4482-4305-80f6-aa6cfccec44c,,,"Bánh gạo là một món ăn nhẹ không chứa gluten được làm từ hạt gạo căng phồng hoặc nén, thường được nướng để có kết cấu nhẹ, giòn. Mặc dù ít chất béo tự nhiên nhưng nhiều loại thương mại có thêm gia vị như nước tương, rong biển hoặc wasabi góp phần làm tăng hàm lượng natri. Những chiếc bánh quy giòn đa năng này đóng vai trò như một sự thay thế phổ biến cho khoai tây chiên truyền thống và kết hợp tốt với nước chấm, mang lại cảm giác giòn ngon thỏa mãn với ít calo hơn trong mỗi khẩu phần.",75
9500efc2-ba55-5f96-b641-efddba6c5557,,,Bột ngô (Grits),INGREDIENT,337.0,8.1,1.3,73.3,2.7,0.0,0.0,7aa75582-4482-4305-80f6-aa6cfccec44c,,,"Grits là một loại bột ngô xay thô được làm từ ngô lõm, món ăn truyền thống trọng tâm của ẩm thực miền Nam Hoa Kỳ. Ở dạng khô, những hạt nhạt này cần được đun sôi trong chất lỏng để phát triển kết cấu dạng kem nhưng dạng hạt đặc trưng của chúng. Mặc dù không chứa gluten tự nhiên và giàu carbohydrate phức hợp, nhưng quá trình chế biến chúng sẽ loại bỏ vỏ hạt ngô, dẫn đến hàm lượng chất xơ thấp hơn so với các sản phẩm thay thế ngũ cốc nguyên hạt. Loại đế đa năng này hấp thụ hương vị tốt, thường xuất hiện trong cả các món ăn sáng mặn và các công thức nấu ăn mang tính biểu tượng của miền Nam như tôm và bột kiều mạch.",75
7bd63420-9720-54ac-accc-c85fad1576e2,,,Hạt diêm mạch (Quinoa),INGREDIENT,368.0,14.12,6.07,64.16,7.0,0.9,5.0,7aa75582-4482-4305-80f6-aa6cfccec44c,,,"Quinoa (phát âm là 'keen-wah') là một loại giả ngũ cốc không chứa gluten có nguồn gốc từ dãy Andes, bao gồm các hạt màu ngà chưa nấu chín với lớp phủ saponin đắng tự nhiên cần phải rửa sạch trước khi chuẩn bị. Loại cây cổ xưa này cung cấp protein thực vật hoàn chỉnh ở trạng thái khô, chứa tất cả chín axit amin thiết yếu cùng với lượng chất xơ, magiê và sắt đáng chú ý. Khi nấu chín, hạt có thể tích tăng gấp ba lần và phát triển kết cấu mịn, nhẹ, khiến chúng trở thành vật liệu thay thế linh hoạt cho gạo hoặc couscous trong các món ăn làm từ ngũ cốc.",75
e5b30af8-d83d-5c87-bdd4-42820327c318,,,Bánh cuộn đa hạt và hạt (Multigrain and Seed Roll),INGREDIENT,250.0,10.0,4.0,45.0,5.0,4.0,350.0,7aa75582-4482-4305-80f6-aa6cfccec44c,,,"Bánh cuộn nhiều loại ngũ cốc và hạt là một sản phẩm bánh mì thịnh soạn được làm từ sự kết hợp của các loại ngũ cốc nguyên hạt như yến mạch, lúa mạch đen hoặc lúa mạch đen và phủ các loại hạt giàu dinh dưỡng như hạt lanh, hướng dương hoặc vừng. Kết cấu đậm đặc, dai và hương vị hấp dẫn của nó giúp phân biệt nó với bánh cuộn trắng tinh chế, trong khi sự kết hợp giữa ngũ cốc và hạt cung cấp nhiều chất xơ, chất béo không bão hòa và protein từ thực vật. Thường được nướng với chế biến tối thiểu, món cuộn này đóng vai trò như một lớp nền giàu chất dinh dưỡng cho bánh mì sandwich hoặc một món ăn nhẹ độc lập với lợi ích năng lượng bền vững.",75
f429c4c6-618a-5a32-bcbc-78b3253f32f3,,,Bánh cuộn Hoagie mini (Mini Hoagie Roll),DISH,277.0,8.6,4.3,50.2,3.2,0.31,574.0,7aa75582-4482-4305-80f6-aa6cfccec44c,,,"Bánh mì cuộn hoagie mini là một loại bánh mì cuộn làm từ lúa mì nhỏ, giàu dinh dưỡng được thiết kế dành cho bánh mì sandwich hoặc bánh trượt dùng một lần. Được làm bằng bột mì được tăng cường vitamin B và sắt, nó có phần bên trong mềm và lớp vỏ hơi dai được tối ưu hóa để giữ nhân mà không bị nhão. Mặc dù có lượng calo thấp hơn so với cuộn hoagie cỡ lớn, nhưng kích thước nhỏ gọn của nó vẫn cung cấp carbohydrate đậm đặc, giúp nhận biết khẩu phần ăn trở thành chìa khóa để theo dõi dinh dưỡng.",75
45f899e3-9512-5c84-8aab-1c1d73f88fff,,,Gạo lứt hạt ngắn (Short Grain Brown Rice),INGREDIENT,349.0,6.9,2.8,74.0,4.9,0.4,7.0,7aa75582-4482-4305-80f6-aa6cfccec44c,,,"Gạo lứt hạt ngắn là loại ngũ cốc nguyên hạt được chế biến tối thiểu, đặc trưng bởi kết cấu dai, hương vị hấp dẫn và khả năng kết dính với nhau khi nấu chín. Không giống như gạo trắng, nó vẫn giữ được các lớp cám và mầm giàu dinh dưỡng, cung cấp nhiều chất xơ, magiê và vitamin B hơn đáng kể trong mỗi khẩu phần. Loại gạo này nấu chậm hơn gạo đánh bóng do cám nguyên vẹn, cần nhiều nước và thời gian hơn nhưng lại có chỉ số đường huyết thấp hơn, lý tưởng để giải phóng năng lượng bền vững. Nó đặc biệt được ưa chuộng trong các món ăn yêu cầu ngũ cốc kết dính, chẳng hạn như bát sushi hoặc salad làm từ ngũ cốc.",75
44435a91-63b5-56a9-b91c-b8a2653e07ac,,,Bột mì ngô (Corn Flour),INGREDIENT,365.2,8.0,2.8,77.5,3.2,1.26,1.0,7aa75582-4482-4305-80f6-aa6cfccec44c,,,"Bột ngô là một loại bột nghiền mịn được làm từ hạt ngô nguyên hạt khô, khác với bột ngô thô hơn và bột ngô chiết xuất từ ​​tinh bột. Loại ngũ cốc thay thế không chứa gluten tự nhiên này cung cấp carbohydrate đậm đặc với hàm lượng chất xơ vừa phải, mặc dù nó chứa ít protein hơn bột mì. Màu vàng tươi và hương vị ngọt ngào nhẹ nhàng khiến nó trở nên cần thiết cho bánh ngô truyền thống của Mỹ Latinh, đồng thời đóng vai trò là chất làm đặc linh hoạt cho nước sốt và lớp nền cho các món nướng.",75
ed3296da-d362-54ea-8f6a-7ec396ffe6c6,,,"Ngũ cốc lúa mì nguyên cám, nấu chín (Whole Wheat Cereal, Cooked)",DISH,62.0,2.0,0.4,13.7,1.6,0.08,233.0,7aa75582-4482-4305-80f6-aa6cfccec44c,,,"Ngũ cốc nguyên hạt là một chế phẩm ngũ cốc nguyên hạt được nấu chín bằng cách đun sôi các hạt lúa mì đã nứt hoặc cán mỏng trong nước hoặc sữa cho đến khi mềm. Loại ngũ cốc được chế biến tối thiểu này vẫn giữ lại cám và mầm, cung cấp nhiều chất xơ và chất dinh dưỡng hơn đáng kể so với các sản phẩm lúa mì tinh chế. Ngũ cốc nấu chín có kết cấu dai, giống như cháo với hương vị hạt dẻ nhẹ, đóng vai trò là nguyên liệu linh hoạt cho cả lớp phủ ngọt và mặn, đồng thời cung cấp năng lượng bền vững từ carbohydrate phức hợp.",75
84dbbe72-4990-5a78-9134-b52a0d53a2ae,,,Bánh mì yến mạch lanh (Flax Oatmeal Bread),DISH,235.0,6.5,5.0,44.0,3.5,4.0,660.0,7aa75582-4482-4305-80f6-aa6cfccec44c,,,"Bánh mì bột yến mạch lanh là một loại bánh nướng giàu chất dinh dưỡng kết hợp yến mạch cán và hạt lanh xay, tạo ra một ổ bánh mì thịnh soạn với kết cấu dai và hương vị hấp dẫn. Loại bánh mì này đặc biệt chứa nhiều chất xơ và axit béo omega-3 có nguồn gốc thực vật từ hạt lanh, hỗ trợ sức khỏe tim mạch và tiêu hóa. Yến mạch góp phần tạo độ dai mềm trong khi hạt lanh bổ sung độ ẩm, thường được cân bằng với các chất làm ngọt tự nhiên như mật ong hoặc mật đường ở cả loại tự làm và thương mại.",75
e16ca099-8e8d-527b-bb7d-545bd7d6d9ed,,,Bánh mì pita không túi (Pocketless Pita Bread),DISH,275.0,9.1,1.2,55.7,2.2,1.5,530.0,7aa75582-4482-4305-80f6-aa6cfccec44c,,,"Bánh mì pita không túi là một loại bánh mì dẹt Trung Đông được làm bằng bột mì đã được làm giàu, được phân biệt bởi việc không có túi khí như bánh mì pita truyền thống. Bột được nướng ở nhiệt độ thấp hơn để ngăn chặn sự giãn nở của hơi nước, tạo ra kết cấu mềm, hơi dai, lý tưởng để làm món bọc, bánh mì sandwich hoặc nhúng. Được làm giàu với chất sắt và vitamin B, loại bánh mì ngũ cốc tinh chế này cung cấp mật độ dinh dưỡng được cải thiện so với các loại không được tăng cường nhưng chứa ít chất xơ hơn so với các loại ngũ cốc nguyên hạt thay thế.",75
44ef12be-67b8-5137-b411-c04ef6075867,,,Bánh mì lúa mạch đen cẩm thạch (Marble Rye Bread),DISH,245.0,8.0,2.0,45.0,3.0,4.0,500.0,7aa75582-4482-4305-80f6-aa6cfccec44c,,,"Bánh mì lúa mạch đen cẩm thạch là một loại bánh mỳ béo ngậy được đặc trưng bởi những vòng xoáy nổi bật của bột lúa mạch đen sáng và tối, tạo ra một kiểu dáng khác biệt về mặt thị giác. Bột màu sẫm hơn thường kết hợp các thành phần như màu caramel hoặc mật đường, trong khi cả hai lớp đều có hương vị đất nhẹ, thơm từ bột lúa mạch đen, cung cấp nhiều chất xơ hơn bánh mì lúa mì tiêu chuẩn. Thường được kết hợp với bánh mì kẹp kiểu deli, loại bánh mì này được bổ sung thêm các chất dinh dưỡng như sắt và vitamin B trong quá trình làm giàu, mặc dù nó vẫn là một sản phẩm ngũ cốc có chứa gluten.",75
57881141-47a3-5cff-adc4-9554286b5e50,,,Bánh quy pita đa hạt (Multigrain Pita Chips),DISH,474.0,9.9,18.2,67.8,6.3,6.0,640.0,7aa75582-4482-4305-80f6-aa6cfccec44c,,,"Bánh pita nhiều hạt là món ăn nhẹ nướng, giòn làm từ bánh mì dẹt kết hợp nhiều loại ngũ cốc như lúa mì nguyên hạt, yến mạch, hạt lanh hoặc quinoa. Phương pháp chế biến của họ tạo ra kết cấu chắc chắn, giòn hơn so với bánh pita truyền thống trong khi vẫn giữ được hương vị hạt dẻ nhẹ, đồng thời hỗn hợp nhiều loại ngũ cốc giúp tăng hàm lượng chất xơ và protein so với khoai tây chiên tiêu chuẩn. Những miếng khoai tây chiên này thường được nêm với các loại thảo mộc hoặc gia vị và dùng làm nguyên liệu phổ biến cho các món chấm hoặc một món ăn nhẹ độc lập với hàm lượng chất béo giảm do nướng thay vì chiên.",75
791cec12-d099-5457-89cc-f2f679fc03ff,,,Bánh mì Naan tăng cường (Enriched Naan),DISH,290.0,9.0,6.4,49.1,2.4,4.78,548.0,7aa75582-4482-4305-80f6-aa6cfccec44c,,,"Naan đậm đà là một loại bánh mì dẹt mềm, có men, có nguồn gốc từ ẩm thực Nam Á, được nướng theo kiểu truyền thống trong lò tandoor. Ký hiệu 'làm giàu' phản ánh các thành phần bổ sung như sữa chua, sữa hoặc trứng, giúp tăng cường hàm lượng protein và canxi trong khi tạo ra kết cấu mềm, hơi dai với bong bóng cháy đặc trưng. Mặc dù được tăng cường dinh dưỡng so với các loại bánh mì cơ bản, nhưng nó vẫn chứa nhiều carbohydrate và chứa gluten, với các thành phần từ sữa thường hạn chế sự phù hợp với chế độ ăn kiêng hạn chế.",75
778c94be-cb62-5cae-aff6-6d9077be2cef,,,Bánh cuộn đa hạt với các loại hạt (Multigrain Roll with Nuts),DISH,288.0,15.0,4.6,47.0,8.1,5.0,414.0,7aa75582-4482-4305-80f6-aa6cfccec44c,,,"Bánh cuộn nhiều loại hạt với các loại hạt là một sản phẩm bánh mì thịnh soạn kết hợp các loại ngũ cốc nguyên hạt như yến mạch, hạt lanh hoặc hạt hướng dương với hạnh nhân cắt nhỏ, quả óc chó hoặc quả hồ đào để tăng thêm kết cấu và dinh dưỡng. Lớp vỏ ngoài giòn và lớp vỏ dày đặc mang lại cảm giác nhai thỏa mãn, trong khi các loại hạt cung cấp chất béo lành mạnh, protein từ thực vật và vị ngọt nhẹ của đất. Món cuộn này cung cấp nhiều chất xơ và năng lượng bền vững hơn so với bánh mì trắng tinh chế, khiến nó trở thành lựa chọn phổ biến cho bánh mì sandwich hoặc như một món ăn nhẹ độc lập kết hợp với phết hoặc súp.",75
5c085204-187a-51c5-a3ef-e150f8081f15,,,Bánh mì Naan nguyên cám (Whole Wheat Naan),INGREDIENT,286.0,10.2,6.7,46.2,4.8,3.4,467.0,7aa75582-4482-4305-80f6-aa6cfccec44c,,,"Naan lúa mì nguyên cám là loại bánh mì dẹt truyền thống của Ấn Độ được làm từ 100% bột mì nguyên hạt, cung cấp nhiều chất xơ và chất dinh dưỡng hơn so với các phiên bản bột mì tinh chế. Loại bánh mì có men này thường được nướng trong lò tandoor, tạo nên những vết cháy đặc trưng và kết cấu dai với hương vị đậm đà hơn so với bánh naan tiêu chuẩn. Trong khi duy trì tính linh hoạt khi kết hợp với cà ri hoặc nước chấm, thành phần ngũ cốc nguyên hạt của nó cung cấp carbohydrate tiêu hóa chậm hơn và khiến nó trở thành lựa chọn ưu tiên để quản lý lượng đường trong máu.",75
5736e3fe-d05c-5bb2-a57b-065fe292beaf,,,Bánh cuộn Hoagie nguyên cám (Whole Wheat Hoagie Roll),INGREDIENT,240.0,9.0,3.0,47.0,5.5,5.0,450.0,7aa75582-4482-4305-80f6-aa6cfccec44c,,,"Bánh mì cuộn hoagie nguyên hạt là một loại bánh mì kiểu bánh sandwich được làm bằng bột mì nguyên hạt, mang lại kết cấu đậm đặc hơn và hương vị hấp dẫn hơn so với bánh mì cuộn trắng truyền thống. Loại này cung cấp chất xơ cao hơn đáng kể và giữ lại nhiều chất dinh dưỡng hơn từ mầm lúa mì và cám. Cấu trúc chắc chắn của nó phù hợp với các loại nhân bánh sandwich thịnh soạn đồng thời cung cấp một lựa chọn thay thế bổ dưỡng hơn cho các bữa ăn kiểu đồ nguội.",75
55f19829-0b31-5732-90c7-572eb018d497,,,Bột mì yến mạch (Oat Flour),INGREDIENT,391.0,14.0,7.42,67.9,9.9,1.2,10.0,7aa75582-4482-4305-80f6-aa6cfccec44c,,,"Bột yến mạch là loại bột nguyên hạt được làm bằng cách nghiền mịn yến mạch cán mỏng hoặc cắt thép, giữ lại cám và mầm để nâng cao giá trị dinh dưỡng. Tự nhiên không chứa gluten (mặc dù nguy cơ lây nhiễm chéo cần được xác minh), nó cung cấp nhiều chất xơ và protein hơn đáng kể so với bột mì tinh chế, bao gồm cả beta-glucans có lợi cho tim. Với hương vị nhẹ, hơi ngọt, nó bổ sung độ ẩm cho các món nướng như bánh kếp và bánh nướng xốp nhưng thường cần các chất kết dính như trứng hoặc kẹo cao su xanthan do không có độ đàn hồi của gluten.",75
0664cf7b-7385-562f-8b40-2f3406e41c3b,,,Couscous nguyên cám (Whole Wheat Couscous),INGREDIENT,350.0,12.0,2.0,70.0,9.9,1.0,5.0,7aa75582-4482-4305-80f6-aa6cfccec44c,,,"Couscous lúa mì nguyên hạt là một loại mì ống giàu chất dinh dưỡng được làm từ lúa mì cứng đã nứt, vẫn giữ được cám và mầm, giúp phân biệt với các loại couscous tinh chế. Loại ngũ cốc nấu nhanh này chỉ cần nước sôi để bù nước, mang lại hương vị hơi hấp dẫn và kết cấu dai hơn so với couscous truyền thống. Là một loại ngũ cốc nguyên hạt, nó cung cấp nhiều chất xơ và vi chất dinh dưỡng hơn đáng kể trên mỗi khẩu phần trong khi vẫn duy trì sự tiện lợi của việc chế biến couscous tiêu chuẩn.",75
1c07125f-9b68-5cfa-9669-b250196b5a6b,,,"Bánh quy giòn nước, tiêu xay (Water Crackers, Cracked Pepper)",DISH,384.0,10.4,7.2,69.4,3.7,2.0,560.0,7aa75582-4482-4305-80f6-aa6cfccec44c,,,"Bánh Cracker Nước, Cracked Pepper là những món nướng mỏng, giòn được làm từ bột mì đã được làm giàu, nổi bật bởi kết cấu nhẹ và những hạt tiêu đen đậm. Quá trình làm giàu bổ sung lại sắt và vitamin B bị mất trong quá trình xay xát, trong khi hạt tiêu nứt mang lại hương thơm tương phản rõ nét với nền trung tính của chúng. Những loại bánh quy giòn ít béo này thường được kết hợp với pho mát hoặc nước chấm, mang đến lựa chọn ngũ cốc tinh chế với hàm lượng chất dinh dưỡng nâng cao so với bánh quy giòn thông thường.",75
0f8fb1ee-41a4-512b-835f-37f26bb3d2c0,,,Bánh cuộn Kaiser (Kaiser Rolls),DISH,293.0,9.9,4.3,52.7,2.3,1.77,544.0,7aa75582-4482-4305-80f6-aa6cfccec44c,,,"Bánh cuộn Kaiser là loại bánh mì cuộn giòn kiểu Châu Âu có đặc điểm là hình vương miện năm cánh đặc trưng, ​​​​được tạo ra thông qua một kỹ thuật gấp cụ thể. Được làm bằng bột giàu dinh dưỡng có chứa trứng, sữa hoặc bơ, chúng cung cấp hàm lượng protein cao hơn và vụn bánh mềm hơn so với bánh mì cuộn tiêu chuẩn trong khi vẫn giữ được lớp vỏ ngoài giòn, màu nâu vàng. Những cuộn bánh mì đa năng này thường được sử dụng cho bánh mì sandwich và bánh mì kẹp thịt, mang lại sự toàn vẹn về cấu trúc để phù hợp với các món nhân thịnh soạn.",75
b3dd9d4e-d689-5e4b-8a75-b3c01c2a78b0,,,Bánh cuộn lúa mạch đen (Rye Roll),DISH,286.0,10.3,3.4,53.1,4.9,1.17,650.0,7aa75582-4482-4305-80f6-aa6cfccec44c,,,"Bánh cuộn lúa mạch đen là một loại bánh mì giòn, đặc được làm chủ yếu bằng bột lúa mạch đen, thường được trộn với bột mì để tạo ra kết cấu dai và hương vị đất, hơi thơm. Loại bánh mì kiểu châu Âu truyền thống này cung cấp nhiều chất xơ hơn đáng kể so với bánh mì cuộn tiêu chuẩn và có hàm lượng gluten vừa phải, giúp một số người nhạy cảm dễ tiêu hóa hơn. Hương mạch nha đặc trưng và cấu trúc vụn chắc chắn là kết quả của quá trình lên men kéo dài, trong khi hàm lượng chất xơ cao góp phần tạo ra phản ứng đường huyết thấp hơn so với bánh mì ngũ cốc tinh chế.",75
008bce5f-b58d-579c-98b1-af9b17210653,,,Bánh quy giòn gạo nguyên hạt (Whole Grain Rice Crackers),INGREDIENT,433.0,6.0,18.0,76.0,2.2,1.8,1800.0,7aa75582-4482-4305-80f6-aa6cfccec44c,,,"Bánh gạo nguyên hạt là một món ăn nhẹ nướng được làm từ gạo nguyên hạt đã được nén chặt, mang lại kết cấu giòn và hương vị hạt dẻ tinh tế. Không giống như bánh gạo trắng truyền thống, chúng giữ lại cám và mầm giàu dinh dưỡng, cung cấp nhiều chất xơ và khoáng chất hơn như magiê và phốt pho. Những loại bánh quy giòn không chứa gluten này có ít chất béo tự nhiên và đóng vai trò như một loại nguyên liệu linh hoạt cho cả lớp phủ ngọt và mặn trong chế độ ăn uống cân bằng.",75
f6ffffb1-ac98-5bd0-ad19-03f36faf9d63,,,Bột mì gạo (Rice Flour),INGREDIENT,365.0,7.3,1.3,80.1,0.8,0.0,2.0,7aa75582-4482-4305-80f6-aa6cfccec44c,,,"Bột gạo là một loại bột không chứa gluten được xay từ hạt gạo trắng hoặc gạo lứt, dùng làm chất thay thế bột mì phổ biến trong làm bánh và nấu ăn. Kết cấu mịn, hơi sần sùi của nó rất phù hợp để làm đặc nước sốt, tạo lớp phủ giòn cho món chiên và sản xuất các món nướng tinh tế, mặc dù nó cần điều chỉnh công thức do hàm lượng protein thấp hơn và khả năng hấp thụ tinh bột cao hơn. Loại gạo lứt giữ lại nhiều chất xơ và chất dinh dưỡng hơn từ ngũ cốc nguyên hạt, trong khi cả hai phiên bản đều là những món ăn chủ yếu trong ẩm thực châu Á như mì gạo và mochi.",75
160eaa31-26d9-5046-b192-aa02d63e927e,,,Bánh cuộn đa hạt ít natri (Low-Sodium Multigrain Roll),DISH,263.0,8.8,3.5,51.0,3.5,4.0,184.0,7aa75582-4482-4305-80f6-aa6cfccec44c,,,"Bánh cuộn nhiều loại ngũ cốc có hàm lượng natri thấp là sản phẩm bánh mì nướng kết hợp ngũ cốc nguyên hạt như yến mạch, lúa mạch đen và lúa mì với các loại hạt giàu dinh dưỡng như hạt lanh hoặc hướng dương. Được thiết kế cho chế độ ăn có lợi cho tim, nó chứa ít natri hơn ít nhất 30% so với cuộn tiêu chuẩn đồng thời cung cấp nhiều chất xơ và protein thực vật hơn từ các loại ngũ cốc hỗn hợp. Bề ngoài giòn và kết cấu dai khiến nó trở thành sự lựa chọn linh hoạt cho bánh mì sandwich hoặc làm món ăn kèm giàu chất xơ cho các bữa ăn.",75
c16b23fe-616d-5bab-889d-efb8383156b9,,,Cơm Basmati lứt (Brown Basmati Rice),INGREDIENT,367.0,9.0,2.0,78.0,3.5,0.4,5.0,7aa75582-4482-4305-80f6-aa6cfccec44c,,,"Gạo basmati nâu là một loại gạo hạt dài thơm nguyên hạt được trồng truyền thống ở Ấn Độ và Pakistan. Không giống như gạo basmati trắng đánh bóng, nó vẫn giữ được lớp cám giàu dinh dưỡng, cung cấp nhiều chất xơ hơn đáng kể và chỉ số đường huyết thấp hơn trong khi vẫn giữ được mùi thơm hoa đặc trưng của gạo và các hạt mảnh, tách rời khi nấu chín. Loại gạo này yêu cầu thời gian nấu lâu hơn so với loại gạo đã tinh chế, mang lại kết cấu dai hơn và hương vị hấp dẫn hơn, lý tưởng cho các món cơm thập cẩm, bát ngũ cốc và các món ăn được hưởng lợi từ hương thơm đặc trưng của nó.",75
b9d69b26-bf98-5e44-a484-e2d902827405,,,Bột mì làm bánh mì (Bread Flour),INGREDIENT,363.0,14.3,1.65,72.8,2.7,0.3,3.0,7aa75582-4482-4305-80f6-aa6cfccec44c,,,"Bột bánh mì là loại bột mì có hàm lượng protein cao được xay đặc biệt từ các loại lúa mì cứng để tăng cường sự phát triển gluten trong các món nướng. Với hàm lượng protein 12-14% – cao hơn đáng kể so với bột mì đa dụng – nó tạo ra cấu trúc bột đàn hồi cần thiết cho bánh mì dai và vỏ bánh pizza thủ công. Loại bột tinh chế này không chứa gluten và đặc biệt hiệu quả trong các công thức nấu ăn làm từ men, nơi cần có độ nổi mạnh và kết cấu vụn thoáng mát.",75
ee83ef72-7abf-57e2-9fe0-8e9ffd3c22c5,,,Couscous Ma-rốc (Moroccan Couscous),INGREDIENT,376.0,12.8,0.64,77.5,5.0,0.1,10.0,7aa75582-4482-4305-80f6-aa6cfccec44c,,,"Couscous Ma-rốc là một loại mì ống khô, hấp trước làm từ lúa mì bột báng, nổi tiếng vì chế biến nhanh chóng và sử dụng linh hoạt trong ẩm thực Bắc Phi. Mặc dù thường bị nhầm lẫn với một loại ngũ cốc, sản phẩm lúa mì tinh chế này sẽ nấu trong vài phút để có kết cấu mịn, nhẹ, lý tưởng để hấp thụ nước sốt trong món tagines hoặc dùng làm lớp nền cho món salad và các món rau. Mặc dù ít chất xơ hơn ngũ cốc nguyên hạt nhưng nó cung cấp nguồn carbohydrate vừa phải và chứa hàm lượng selen đáng chú ý.",75
6bd9f3ff-4838-5517-9043-9188ef1864c7,,,Cơm kiểu Tây Ban Nha (Spanish Rice),DISH,185.0,3.28,5.29,31.2,1.2,1.3,528.0,7aa75582-4482-4305-80f6-aa6cfccec44c,,,"Cơm Tây Ban Nha là một món ăn dày dặn được làm bằng cách xào gạo trắng với cà chua, hành tây và tỏi trước khi ninh trong nước dùng, tạo cho cơm có màu đỏ đặc trưng và hương vị thơm. Các loại ngũ cốc nấu chín sẽ hấp thụ các loại gia vị như thì là và ớt bột, tạo nên một món ăn kèm thơm ngon đặc trưng trong các bữa ăn của người Tex-Mex và Mỹ Latinh. Mặc dù có hàm lượng carbohydrate đậm đặc từ gạo nhưng nó cung cấp chất xơ vừa phải và vitamin C từ hàm lượng cà chua, mặc dù nồng độ natri thay đổi đáng kể tùy thuộc vào phương pháp chế biến.",75
dc636dc6-5ec2-5a72-80cc-407203112cea,,,Bánh mì hành tây (Onion Bread),DISH,230.0,7.5,2.3,50.0,2.5,4.0,150.0,7aa75582-4482-4305-80f6-aa6cfccec44c,,,"Bánh mì hành tây là một loại bánh nướng thơm ngon đặc trưng bởi hành tây tươi hoặc caramen được gấp vào bột, mang lại vị ngọt thơm rõ rệt và vị umami đậm đà. Nó thường sử dụng bột ngũ cốc nguyên hạt hoặc các chất thay thế ít carb như bột hạnh nhân, cung cấp hàm lượng chất xơ và protein cao hơn so với bánh mì trắng truyền thống trong khi vẫn duy trì cấu trúc vụn ẩm, đặc. Được sử dụng linh hoạt, nó kết hợp tốt với các món súp thịnh soạn và món thịt nướng, với nhiều công thức nấu ăn phù hợp với chế độ ăn không chứa gluten hoặc ketogenic thông qua các thành phần như vỏ mã đề hoặc hỗn hợp hạt.",95
fd37a018-e55b-5e72-919d-9f4ae9283d01,,,Bánh quy giòn bột mì dẹt tỏi (Garlic Flatbread Crackers),DISH,407.0,11.1,9.3,74.0,3.7,4.0,1037.0,7aa75582-4482-4305-80f6-aa6cfccec44c,,,"Bánh quy giòn tỏi là món ăn nhẹ nướng mỏng, giòn được làm từ bột mì làm từ bột mì với tỏi, rau thơm và thường là dầu ô liu. Độ ẩm thấp khi nướng ở nhiệt độ cao tạo ra kết cấu chắc, giòn lý tưởng để kết hợp với nước chấm hoặc pho mát. Mặc dù giàu dinh dưỡng với hàm lượng carbohydrate và chất béo trong mỗi khẩu phần ăn, nhưng chúng mang lại hương vị thơm ngon thay thế cho bánh quy giòn thông thường, với nhiều công thức không dùng sữa để phù hợp với người ăn chay.",95
e6ab0e44-2b11-57d2-8c3c-927b73d54014,,,"Bánh quy pita, muối biển (Pita Chips, Sea Salt)",INGREDIENT,457.0,11.8,15.2,68.3,3.8,4.76,854.0,7aa75582-4482-4305-80f6-aa6cfccec44c,,,"Pita chips là một món ăn nhẹ giòn được làm từ bánh mì pita nướng hoặc chiên với muối biển. Những miếng hình tam giác này giữ lại cấu trúc dạng túi của bánh pita truyền thống, tạo ra kết cấu chắc chắn, lý tưởng để nhúng vào món hummus hoặc phết. Mặc dù thường có hàm lượng chất xơ cao hơn khoai tây chiên do thành phần làm từ lúa mì, nhưng chúng có chứa gluten và các loại khoai tây chiên thương mại thường có lượng natri đáng kể từ gia vị. Độ giòn và hương vị nhẹ nhàng khiến chúng trở thành một lựa chọn thay thế phổ biến cho bánh quy giòn trong đĩa ăn nhẹ lấy cảm hứng từ Địa Trung Hải.",75
567e0dad-f1ba-5122-800e-1d26465dcd57,,,Bánh quy giòn nước mè (Sesame Water Crackers),DISH,467.0,6.7,10.0,80.0,1.0,0.0,607.0,7aa75582-4482-4305-80f6-aa6cfccec44c,,,"Bánh quy giòn nước mè là loại bánh quy mỏng, giòn được làm chủ yếu từ bột mì và hạt vừng, với các thành phần bổ sung tối thiểu. Những chiếc bánh quy giòn có hương vị trung tính này được phân biệt bởi độ giòn tinh tế và hương vị hạt dẻ tinh tế từ hạt vừng nướng, khiến chúng trở thành nền tảng lý tưởng cho pho mát, phết hoặc nước chấm. Thành phần đơn giản và kết cấu chắc chắn khiến chúng trở thành lựa chọn phổ biến để làm các miếng pho mát và đĩa khai vị, trong khi độ ẩm tương đối thấp góp phần tạo nên độ giòn đặc trưng của chúng.",75
4e4f521a-b2f9-5c4e-a93a-61178aec105e,,,Bánh cuộn Hoagie trắng (White Hoagie Roll),DISH,280.0,9.0,2.5,56.0,3.1,1.9,450.0,7aa75582-4482-4305-80f6-aa6cfccec44c,,,"White Hoagie Roll là một loại bánh mì cuộn làm từ lúa mì giàu dinh dưỡng, đặc trưng bởi phần bên trong mềm, thoáng và lớp vỏ hơi giòn. Được làm bằng bột mì được tăng cường sắt và vitamin B, cuộn dài này được thiết kế đặc biệt để đựng nhân bánh sandwich thịnh soạn giống như nhân trong món bít tết phô mai Philadelphia cổ điển. Trong khi cung cấp năng lượng nhanh chóng từ carbohydrate, nó cung cấp chất xơ tối thiểu so với các lựa chọn thay thế ngũ cốc nguyên hạt.",75
ecd5274a-e3f6-596a-9e72-9917d2da47ef,,,Bánh cuộn Ciabatta (Ciabatta Roll),DISH,304.0,10.6,14.9,31.9,1.0,3.0,290.0,7aa75582-4482-4305-80f6-aa6cfccec44c,,,"Ciabatta là một loại bánh mì cuộn thủ công của Ý có đặc điểm là lớp vỏ giòn, phủ bột mì và bên trong xốp, dai với các túi khí lớn không đều. Phiên bản tăng cường kết hợp dầu ô liu vào bột mì có hàm lượng gluten cao, tạo ra kết cấu mềm hơn một chút so với ciabatta truyền thống trong khi vẫn duy trì cấu trúc vụn mở đặc trưng của nó. Những cuộn bánh thuôn dài này đóng vai trò là nguồn cung cấp carbohydrate linh hoạt cho bánh mì sandwich và bánh panini, với lớp vỏ chắc chắn của chúng có thể chịu được các nhân ẩm và dầu nhúng.",75
5553497f-99fa-5556-93e3-54a3776886c4,,,Bánh mì lúa mạch đen có hạt (Seeded Rye Bread),INGREDIENT,248.0,7.8,7.5,40.9,7.35,0.0,508.9,7aa75582-4482-4305-80f6-aa6cfccec44c,,,"Bánh mì lúa mạch đen có hạt là một loại bánh mì nguyên hạt, đặc, kết hợp bột lúa mạch đen với các loại hạt giàu dinh dưỡng như hướng dương, bí ngô hoặc hạt lanh. Loại bánh mì truyền thống châu Âu này cung cấp chất xơ và protein cao hơn bánh mì lúa mì tiêu chuẩn, được tăng cường nhờ chất béo và khoáng chất lành mạnh của hạt. Miếng bánh ẩm, dai và lớp vỏ giòn mang hương vị mạch nha đất được cân bằng bởi độ giòn của hạt nướng. Mặc dù có hàm lượng gluten thấp hơn bánh mì làm từ lúa mì nhưng nó không chứa gluten và thường được lên men để cải thiện khả năng tiêu hóa.",75
59460400-9040-5d9e-bda9-5416ac8225ca,,,Bánh phồng gạo lứt (Brown Rice Puffs),INGREDIENT,382.0,6.0,1.0,87.0,3.0,0.0,0.0,7aa75582-4482-4305-80f6-aa6cfccec44c,,,"Bánh phồng gạo lứt là sản phẩm ngũ cốc nguyên hạt được làm bằng hạt gạo lứt hấp nở vì nhiệt, giữ lại lớp cám và mầm giàu dinh dưỡng. Loại thực phẩm không chứa gluten, được chế biến tối thiểu này cung cấp nhiều chất xơ và khoáng chất hơn so với các loại ngũ cốc căng phồng làm từ ngũ cốc tinh chế. Kết cấu nhẹ, thoáng khiến chúng trở nên phổ biến trong các thanh granola tự làm và ngũ cốc ăn sáng, mang lại lớp nền giòn giúp dễ dàng hấp thụ hương vị trong khi vẫn ít chất béo và không có đường tự nhiên trừ khi được làm ngọt.",75
3ed9b91f-35bb-5ca7-ab52-61bfca0e9a72,,,Bánh mì lúa mạch đen Do Thái (Jewish Rye Bread),DISH,254.0,8.2,2.7,49.3,4.53,2.9,516.0,7aa75582-4482-4305-80f6-aa6cfccec44c,,,"Bánh mì lúa mạch đen của người Do Thái là một loại bánh mì Ashkenazi truyền thống được đặc trưng bởi sự kết hợp giữa lúa mạch đen và bột mì, hạt caraway và bột chua ban đầu. Quá trình lên men tạo ra hương vị thơm nhẹ và lớp vỏ đặc nhưng mềm, trong khi caraway thêm hương thơm của đất. Cấu trúc chắc chắn và lớp vỏ đặc biệt của loại bánh mì này khiến nó trở nên lý tưởng cho các món bánh mì kẹp kiểu deli như pastrami trên lúa mạch đen và hàm lượng lúa mạch đen cao hơn cung cấp nhiều chất xơ hơn và ít gluten hơn so với bánh mì lúa mì tiêu chuẩn.",75
021d32e5-2e37-50cf-b400-cbb2415a1b1b,,,Ngũ cốc cám yến mạch (Oat Bran Cereal),INGREDIENT,364.0,17.0,7.97,62.9,14.3,1.43,5.0,7aa75582-4482-4305-80f6-aa6cfccec44c,,,"Ngũ cốc cám yến mạch là thực phẩm ăn sáng có nguồn gốc từ lớp ngoài của hạt yến mạch, khiến nó có hàm lượng chất xơ đặc biệt cao. Quá trình xay xát tách cám ra khỏi phần còn lại của hạt yến mạch, tập trung hàm lượng chất xơ hòa tan và không hòa tan. Khi nấu với chất lỏng, ngũ cốc cám yến mạch sẽ có hương vị kem, hơi hạt dẻ và kết cấu mịn, mang đến một khởi đầu ngày mới thịnh soạn và lành mạnh.",75
5383f65b-1310-5db7-b756-0f6c6f5339a1,,,Hạt diêm mạch ba màu (Tri-Color Quinoa),INGREDIENT,357.95,12.17,6.7,67.5,11.5,3.1,1.0,7aa75582-4482-4305-80f6-aa6cfccec44c,,,"Quinoa ba màu là sự pha trộn đậm đặc chất dinh dưỡng của các loại quinoa trắng, đỏ và đen, mang đến sự thay thế trực quan nổi bật cho quinoa đơn màu. Giống như tất cả các loại quinoa, nó không chứa gluten và cung cấp tất cả chín axit amin thiết yếu dưới dạng protein hoàn chỉnh có nguồn gốc thực vật, với các loại ngũ cốc sẫm màu hơn đóng góp thêm chất chống oxy hóa như anthocyanin. Khi nấu chín, hỗn hợp vẫn giữ được kết cấu hơi cứng hơn so với quinoa trắng, lý tưởng cho các món ngũ cốc, salad và các món ăn quan trọng cả dinh dưỡng và cách trình bày.",75
87922a3f-4dc0-54bd-8b51-6899c04a78f5,,,Bulgur (Bulgur),INGREDIENT,332.0,12.3,0.96,74.4,18.0,0.4,20.0,7aa75582-4482-4305-80f6-aa6cfccec44c,,,"Bulgur là một loại ngũ cốc nguyên hạt được làm từ hạt lúa mì cứng đồ, sấy khô và nứt, được đánh giá cao nhờ chế biến nhanh và hàm lượng chất xơ cao. Giữ lại cám và mầm, nó mang lại hương vị hấp dẫn và kết cấu dai khi được bù nước bằng cách ngâm hoặc đun sôi trong thời gian ngắn. Là một món chủ yếu trong các món ăn Trung Đông như tabbouleh, nó cung cấp nhiều protein hơn hầu hết các loại ngũ cốc trong khi vẫn ít chất béo, mặc dù nó có chứa gluten và không phù hợp với những hạn chế về chế độ ăn uống liên quan đến lúa mì.",75
b4ef0299-a13a-51aa-bd1e-d8f586117ffc,,,Bánh quy giòn phô mai ớt Jack (Pepper Jack Cheese Crackers),DISH,483.0,7.0,23.0,62.0,3.0,0.0,862.0,7aa75582-4482-4305-80f6-aa6cfccec44c,,,"Bánh quy phô mai Pepper Jack là một món ăn nhẹ nướng được làm từ bột mì giàu dinh dưỡng và được nêm thêm hương vị phô mai Pepper Jack cay, bao gồm ớt jalapeño và gia vị ớt. Những chiếc bánh quy giòn, vàng óng này có được vị thơm nhẹ và vị sữa từ nước sốt phô mai, trong khi phần đế bột được làm giàu cung cấp thêm sắt và vitamin B. Mặc dù tiện lợi và ổn định khi bảo quản, nhưng chúng thường chứa hàm lượng natri cao hơn so với bánh quy giòn thông thường, khiến việc nhận thức về khẩu phần trở nên quan trọng đối với chế độ ăn kiêng có ý thức về natri.",75
4304d4d5-35ad-5bb4-b9f0-0b8f4680aa84,,,Bánh quy giòn muối giảm natri (Reduced Sodium Saltine Crackers),INGREDIENT,393.0,11.0,1.6,82.0,2.7,2.0,400.0,7aa75582-4482-4305-80f6-aa6cfccec44c,,,"Bánh quy mặn giảm natri là phiên bản sửa đổi của bánh quy muối truyền thống, cung cấp lượng natri ít hơn khoảng 50% trong khi vẫn giữ được kết cấu giòn đặc trưng và cấu trúc lớp bong tróc. Được làm bằng bột mì giàu dinh dưỡng, chúng cung cấp thêm sắt và vitamin B nhưng vẫn ít chất xơ do chế biến ngũ cốc tinh chế. Những chiếc bánh quy giòn này thường được sử dụng trong chế độ ăn ít natri hoặc làm món nền nhạt nhẽo cho súp và đồ ăn nhẹ, mặc dù chúng vẫn chứa nhiều natri hơn các loại thực phẩm thay thế toàn phần như bánh gạo.",75
e24844c0-8741-5f52-b3b0-29fc2a7cc41b,,,Bánh mì giòn nguyên hạt (Whole Grain Crispbread),INGREDIENT,230.0,7.7,0.0,76.9,23.0,3.9,430.0,7aa75582-4482-4305-80f6-aa6cfccec44c,,,"Whole Grain Crispbread là một loại bánh mì dẹt kiểu Scandinavia được đặc trưng bởi kết cấu khô, giòn và thành phần gồm các loại ngũ cốc nguyên hạt như lúa mạch đen, yến mạch hoặc lúa mì. Loại bánh mì được chế biến tối thiểu này trải qua một quy trình nướng chuyên dụng để loại bỏ độ ẩm, tạo ra lớp đế ổn định khi bảo quản, ít chất béo và đường một cách tự nhiên. Hàm lượng chất xơ cao và carbohydrate phức hợp giúp giải phóng năng lượng bền vững, trong khi các loại ngũ cốc nguyên hạt và hạt có thể nhìn thấy được cung cấp một lựa chọn thay thế đậm đặc chất dinh dưỡng cho bánh quy giòn truyền thống.",75
61506196-9abe-546a-b853-b840ad0d8bfe,,,Bột mì gạo trắng (White Rice Flour),INGREDIENT,366.0,5.95,1.42,80.1,2.4,0.12,0.0,7aa75582-4482-4305-80f6-aa6cfccec44c,,,"Bột gạo trắng là loại bột không chứa gluten được làm bằng cách nghiền mịn các hạt gạo trắng đã được đánh bóng sau khi loại bỏ cám và mầm. Quá trình xử lý này tạo ra loại bột có hương vị trung tính với kết cấu nhẹ, mượt lý tưởng để nướng các loại bánh ngọt tinh tế hoặc nước sốt đặc, mặc dù nó chứa ít chất xơ và protein hơn bột gạo nguyên hạt. Là một món ăn chủ yếu trong ẩm thực châu Á, nó đặc biệt được đánh giá cao trong nấu ăn không chứa gluten vì khả năng bắt chước cấu trúc của bột mì trong công thức nấu ăn khi kết hợp với các chất liên kết.",75
0e84c17c-1806-5660-b5e0-786d73048469,,,Bánh mì rau củ hỗn hợp (Mixed Vegetable Bread),DISH,259.0,8.2,3.2,48.7,2.0,8.2,523.0,7aa75582-4482-4305-80f6-aa6cfccec44c,,,"Bánh mì rau trộn là một loại bánh nướng kết hợp các loại rau thái nhỏ hoặc xay nhuyễn như cà rốt, bí xanh và rau bina vào bột. Loại này cung cấp hàm lượng chất xơ và vi chất dinh dưỡng tăng lên so với bánh mì trắng tiêu chuẩn trong khi vẫn duy trì mật độ calo tương tự. Các loại rau này tạo ra cấu trúc vụn ẩm, đặc và vị ngọt nhẹ của đất, khiến nó trở nên phổ biến để làm bánh mì sandwich và bánh mì nướng trong kế hoạch bữa ăn có ý thức về sức khỏe.",95
930abf9a-621a-5d09-a4cd-dd541da73618,,,Bánh mì cám yến mạch (Oat Bran Bread),DISH,236.0,10.4,4.4,39.8,4.5,7.7,353.0,7aa75582-4482-4305-80f6-aa6cfccec44c,,,"Bánh mì cám yến mạch là một loại bánh mì thịnh soạn được làm bằng cám yến mạch, bao gồm các lớp bên ngoài của hạt yến mạch. Loại bánh mì bổ dưỡng này nổi bật bởi hàm lượng chất xơ cao hơn so với bánh mì lúa mì thông thường, đặc biệt là chất xơ beta-glucan được biết đến với tác dụng hỗ trợ sức khỏe tim mạch. Việc bổ sung cám yến mạch tạo ra kết cấu đặc hơn đồng thời mang lại hương vị nhẹ nhàng, hấp dẫn và giúp điều hòa phản ứng lượng đường trong máu so với bánh mì trắng thông thường.",75
daac33f9-1a87-5610-ad79-3a33b1f9f933,,,Cơm sushi (Sushi Rice),DISH,150.0,2.7,0.3,34.0,0.4,3.0,250.0,7aa75582-4482-4305-80f6-aa6cfccec44c,,,"Cơm sushi là loại gạo hạt ngắn của Nhật Bản được nấu chín và nêm với giấm gạo, đường và muối theo phương pháp truyền thống. Loại gạo được chế biến đặc biệt này có kết cấu dính đặc trưng và bề ngoài bóng trong khi vẫn giữ được các hạt rõ ràng, rất cần thiết cho việc chế biến món sushi. Gia vị giấm không chỉ tạo thêm hương vị mà còn giúp bảo quản cơm và mang lại hương vị tinh tế đặc trưng, ​​giúp phân biệt với gạo hạt ngắn hấp thông thường.",75
e5c65cc9-bb6c-53c2-ab20-7ac74f58bb1b,,,Bánh quy giòn bánh mì giòn có hương vị (Flavored Crispbread Crackers),DISH,406.0,7.0,7.4,77.4,0.8,1.8,1120.0,7aa75582-4482-4305-80f6-aa6cfccec44c,,,"Bánh quy giòn có hương vị là món ăn nhẹ làm từ ngũ cốc nguyên hạt nướng mỏng, được tăng cường với các gia vị như thảo mộc, hạt hoặc gia vị. Chúng vẫn giữ được kết cấu giòn đặc trưng của bánh mì giòn Scandinavia truyền thống trong khi cung cấp hương vị thơm hoặc mặn, thường có mật độ calo thấp hơn so với bánh quy giòn tiêu chuẩn — mặc dù hàm lượng natri thay đổi tùy theo gia vị. Những chiếc bánh quy giòn đa năng này dùng làm nền cho các món ăn phết hoặc đồ ăn nhẹ độc lập, thường cung cấp chất xơ vừa phải và có sẵn ở dạng công thức thân thiện với người ăn chay hoặc không chứa gluten tùy thuộc vào loại ngũ cốc.",75
8f2b3d83-97e9-514b-8fa7-32ad674d19e1,,,Bột mì không chứa gluten (Gluten-Free Flour),INGREDIENT,346.0,3.4,1.1,80.5,1.7,0.3,21.0,7aa75582-4482-4305-80f6-aa6cfccec44c,,,"Bột không chứa gluten là hỗn hợp được pha chế cẩn thận nhằm thay thế bột mì trong nướng và nấu ăn đồng thời loại bỏ protein gluten. Bao gồm các loại ngũ cốc thay thế như gạo hoặc lúa miến kết hợp với tinh bột như bột sắn và khoai tây, những hỗn hợp này thường kết hợp các chất kết dính như kẹo cao su xanthan để mô phỏng đặc tính cấu trúc của gluten. Nhiều hỗn hợp thương mại được bổ sung thêm chất dinh dưỡng và đóng vai trò là thực phẩm chủ yếu trong tủ đựng thức ăn cho những người đang quản lý bệnh celiac hoặc nhạy cảm với gluten.",75
a0e3db02-40cc-5199-91fc-acab1663c7bf,,,Bánh mì bột ngô (Cornmeal Bread),DISH,330.0,6.6,9.6,54.0,2.3,7.0,599.0,7aa75582-4482-4305-80f6-aa6cfccec44c,,,"Bánh mì bột ngô là một loại bánh nướng có thành phần chính là bột ngô, tạo ra màu vàng đặc biệt và hương vị đất hơi ngọt. Kết cấu thô của bột ngô tạo ra độ đặc sệt hơn, giòn hơn so với bánh mì lúa mì truyền thống, thường được tăng cường bởi các thành phần như bơ sữa hoặc mật ong. Trong khi tồn tại một số phiên bản không chứa gluten, hầu hết các công thức nấu ăn đều kết hợp bột ngô với bột mì để cải thiện cấu trúc, cung cấp chất xơ và carbohydrate phức hợp. Là một món ăn chủ yếu trong ẩm thực miền Nam Hoa Kỳ và Mỹ Latinh, nó thường được phục vụ như một món ăn phụ trong các bữa ăn mặn hoặc kết hợp với các món nhồi và món thịt hầm.",75
8e78185f-3171-5211-a21b-e6f814eb0dde,,,Bánh mì kẹp falafel (Falafel Sandwich),DISH,231.36,6.1,10.5,30.1,3.7,2.95,389.7,7aa75582-4482-4305-80f6-aa6cfccec44c,,,"Bánh mì kẹp falafel là món ăn đường phố chủ yếu ở Trung Đông với đậu xanh tẩm gia vị rán ăn kèm với bánh mì pita với rau tươi và sốt tahini. Món falafel giòn, tẩm thảo mộc cung cấp lượng protein và chất xơ đáng kể từ thực vật, trong khi phần bánh sandwich thường bao gồm các chất bổ sung đậm đặc chất dinh dưỡng như rau diếp cắt nhỏ, cà chua và rau muối. Mặc dù các phiên bản chiên giòn truyền thống, nhưng các phiên bản nướng cung cấp một lựa chọn thay thế ít chất béo hơn trong khi vẫn duy trì sự pha trộn đặc trưng của các loại gia vị và kết cấu đất.",75
e18257d5-3763-50a6-8f4b-cb6eb24d483a,,,Bánh mì vòng lúa mạch đen đen (Pumpernickel Bagel),DISH,300.0,9.8,1.5,60.0,3.0,5.0,400.0,7aa75582-4482-4305-80f6-aa6cfccec44c,,,"Bánh mì tròn Pumpernickel là một sản phẩm bánh mì dai, đặc được làm từ hỗn hợp bột lúa mạch đen và bột mì, thường được bổ sung thêm vitamin B và sắt. Màu nâu sẫm đặc trưng và hương vị hơi ngọt của đất đến từ các thành phần như mật đường hoặc bột ca cao, trong khi bột lúa mạch đen cung cấp nhiều chất xơ hơn bánh mì tròn tiêu chuẩn. Được luộc rồi nướng theo kiểu truyền thống, loại bánh này mang lại kết cấu chắc chắn và khả năng bổ sung dinh dưỡng hiếm thấy ở các loại bánh mì tròn có màu sáng hơn.",75
97ca3069-13d4-5d02-bacf-f5df75846f94,,,"Bulgur, nấu chín (Bulgur, Cooked)",DISH,83.0,3.08,0.24,18.6,4.5,0.1,5.0,7aa75582-4482-4305-80f6-aa6cfccec44c,,,"Bulgur là một loại ngũ cốc nguyên hạt được nấu chín trước bằng cách luộc chín, sấy khô và bẻ hạt lúa mì, tạo thành một món ăn nấu nhanh trong ẩm thực Trung Đông. Loại ngũ cốc có hương vị hấp dẫn này cung cấp nhiều chất xơ hơn hầu hết các loại ngũ cốc tinh chế đồng thời cung cấp một lượng đáng kể mangan và protein từ thực vật. Các loại ngũ cốc nấu chín duy trì kết cấu nhẹ, dai lý tưởng cho các món salad như tabbouleh, cơm thập cẩm và rau nhồi, giữ lại nhiều chất dinh dưỡng hơn so với các loại thay thế lúa mì đã qua chế biến do được chế biến từ ngũ cốc nguyên hạt.",75
a8023391-46dd-5e39-8459-34392a081b0f,,,Bánh mì giòn lúa mạch đen (Rye Crispbread),DISH,366.0,7.9,1.3,82.2,16.5,1.07,410.0,7aa75582-4482-4305-80f6-aa6cfccec44c,,,"Bánh mì giòn lúa mạch đen là loại bánh mì dẹt truyền thống của Scandinavia được làm chủ yếu từ bột lúa mạch đen nguyên hạt và nướng cho đến khi giòn và khô. Sản phẩm bánh mì ổn định khi bảo quản này có đặc điểm là kết cấu giòn đặc biệt và thành phần dinh dưỡng đậm đặc, cung cấp hàm lượng chất xơ cao hơn và tác động lên đường huyết thấp hơn so với các sản phẩm thay thế làm từ lúa mì. Bản chất chắc chắn, giòn của nó làm cho nó trở thành một lớp nền tuyệt vời cho bánh mì kẹp và bánh mì mặt mở, trong khi thành phần ngũ cốc nguyên hạt của nó mang lại cảm giác no lâu dài.",75
f02dfa30-030f-51d2-828d-60570c2b899d,,,Bánh quy giòn gạo không chứa gluten (Gluten-Free Rice Crackers),DISH,420.0,7.0,7.0,82.0,2.5,0.5,420.0,7aa75582-4482-4305-80f6-aa6cfccec44c,,,"Bánh gạo không chứa gluten là món ăn nhẹ giòn, được làm chủ yếu từ bột gạo và thường được nêm muối. Những chiếc bánh quy giòn này tự nhiên không chứa lúa mì và gluten, khiến chúng trở thành lựa chọn phổ biến cho những người mắc bệnh celiac hoặc nhạy cảm với gluten. Mặc dù thường có lượng calo thấp hơn so với bánh quy giòn làm từ lúa mì thông thường, nhưng chúng mang lại độ giòn vừa ý và dùng làm lớp nền tuyệt vời cho cả lớp phủ ngọt và mặn.",75
2d294982-bad0-5174-8dac-840a997f090a,,,Bột ngô xay đá (Stone-Ground Grits),INGREDIENT,360.0,9.0,2.0,77.0,7.0,1.0,7.0,7aa75582-4482-4305-80f6-aa6cfccec44c,,,"Bột nghiền bằng đá là một loại lương thực truyền thống của miền Nam Hoa Kỳ được làm từ ngô khô được nghiền thô giữa các cối xay, để bảo quản các lớp cám và mầm của hạt. Chế phẩm ngũ cốc nguyên hạt này mang lại kết cấu đậm đà và hương vị ngô đậm đà so với các loại ngô ăn liền, đồng thời cung cấp nhiều chất xơ và chất dinh dưỡng hơn. Bột kiều mạch yêu cầu thời gian nấu lâu hơn (thường là 30-45 phút) để đạt được độ đặc dạng kem nhưng dạng hạt đặc trưng, ​​khiến chúng trở thành nguyên liệu phổ biến cho các món ăn sáng mặn và món khai vị tôm và bột kiều mạch.",75
0f0cb100-7c36-50d6-adbe-6ac73e8e53c6,,,Bánh mì kẹp câu lạc bộ (Club Sandwich),DISH,239.0,16.3,9.92,21.25,1.2,4.2,617.5,7aa75582-4482-4305-80f6-aa6cfccec44c,,,"Club sandwich là một loại bánh sandwich ba tầng cổ điển của Mỹ gồm có bánh mì nướng nhiều lớp, gà tây hoặc gà cắt lát, thịt xông khói giòn, rau diếp, cà chua và sốt mayonnaise. Bữa ăn thịnh soạn này nổi bật bởi độ chính xác về cấu trúc - các nguyên liệu thường được sắp xếp thành hai lớp xếp chồng lên nhau, cách nhau bằng các lát bánh mì, thường được cố định bằng tăm trang trí. Mặc dù cung cấp lượng protein đáng kể từ thịt gia cầm và thịt xông khói, mật độ calo của nó bắt nguồn từ sự kết hợp giữa thịt rán, mayo và bánh mì tinh chế, khiến việc nhận thức về khẩu phần trở nên quan trọng đối với việc theo dõi dinh dưỡng.",75
2cbd93bb-0a8f-5d6b-93ea-b50714d1d7f3,,,Hỗn hợp bánh kếp bơ sữa (Buttermilk Pancake Mix),INGREDIENT,342.0,7.7,2.6,72.0,3.0,10.0,1390.0,7aa75582-4482-4305-80f6-aa6cfccec44c,,,"Hỗn hợp bánh kếp bơ sữa là sự kết hợp nguyên liệu khô được trộn sẵn được thiết kế để chuẩn bị nhanh chóng những chiếc bánh kếp ăn sáng mịn màng. Hỗn hợp này chứa sữa bột tạo hương vị thơm đặc trưng và phản ứng với baking soda để tạo ra kết cấu nhẹ, mềm, đồng thời bổ sung sắt và vitamin B vào nền bột mì. Sản phẩm ổn định khi bảo quản này giúp đơn giản hóa việc nấu nướng bằng cách chỉ cần thêm nước hoặc sữa, trở thành sản phẩm chủ yếu cho các bữa ăn sáng tiện lợi.",75
5cf7aa7c-7015-5e6a-8b7b-a2372f0402eb,,,Bánh quy giòn bột mì dẹt có hạt (Seeded Flatbread Crackers),INGREDIENT,441.0,10.0,12.6,72.0,5.0,2.0,800.0,7aa75582-4482-4305-80f6-aa6cfccec44c,,,"Bánh quy giòn có hạt là món ăn nhẹ nướng mỏng, giòn kết hợp ngũ cốc nguyên hạt như lúa mạch đen hoặc đánh vần với các loại hạt đậm đặc chất dinh dưỡng như hạt lanh, vừng và chia. Những chiếc bánh quy giòn này cung cấp nguồn protein có nguồn gốc thực vật, giàu chất xơ, được làm giàu với chất béo không bão hòa có lợi cho tim và omega-3 từ hỗn hợp hạt của chúng. Hương vị giòn và hấp dẫn mạnh mẽ của chúng phù hợp với cả món ăn vặt độc lập và kết hợp với nước chấm hoặc pho mát, trong khi công thức không chứa gluten hoặc thuần chay phù hợp với các sở thích ăn kiêng đa dạng.",75
8223c42b-0ba4-5969-9229-31dbc40c9f25,,,Bánh mì kẹp Caprese (Caprese Sandwich),DISH,277.0,9.0,14.0,28.0,2.5,7.0,350.0,7aa75582-4482-4305-80f6-aa6cfccec44c,,,"Bánh sandwich Caprese là một món ăn cổ điển của Ý bao gồm phô mai mozzarella tươi, cà chua chín và lá húng quế xếp trên bánh mì giòn, điển hình là ciabatta. Món ăn chay này nhấn mạnh vào các nguyên liệu chất lượng cao ở dạng đơn giản nhất, cung cấp các chất dinh dưỡng đa lượng cân bằng từ protein của phô mai, carbohydrate của bánh mì và chất béo có lợi cho tim từ mưa phùn dầu ô liu. Sự kết hợp này tạo ra kết cấu và hương vị tương phản đồng thời cung cấp chất chống oxy hóa từ húng quế và lycopene từ cà chua.",75
d5e77acd-8715-5126-900a-66b86f036449,,,Bột mì ngô trắng (White Corn Flour),INGREDIENT,361.0,6.93,3.86,76.8,7.3,0.64,5.0,7aa75582-4482-4305-80f6-aa6cfccec44c,,,"Bột ngô trắng là loại bột không chứa gluten được làm bằng cách nghiền mịn hạt ngô trắng khô, được phân biệt với bột ngô vàng ở hương vị nhẹ hơn và màu nhạt hơn. Loại bột làm từ ngũ cốc này đóng vai trò như một loại bột chủ yếu trong ẩm thực Mỹ Latinh để làm bánh ngô và bánh tamales, đồng thời hoạt động như một chất làm đặc hoặc lớp phủ đa năng cho các món chiên. Mặc dù giàu carbohydrate nhưng nó chứa ít protein hơn bột mì và cung cấp một lượng nhỏ sắt và vitamin B từ toàn bộ hạt ngô.",75
425c792b-f2f7-54d5-b63f-198023bb1294,,,Bánh mì vòng bột chua (Sourdough Bagel),DISH,288.0,11.14,1.72,57.11,2.6,5.8,465.0,7aa75582-4482-4305-80f6-aa6cfccec44c,,,"Bánh mì tròn bột chua là một sản phẩm bánh mì được làm giàu chất dinh dưỡng, được phân biệt bằng quy trình lên men truyền thống bằng cách sử dụng bột chua sống. Quá trình lên men kéo dài sẽ phá vỡ axit phytic, tăng cường hấp thụ khoáng chất đồng thời tạo ra hương vị thơm đặc trưng của chúng. Những chiếc bánh mì tròn này duy trì phần bên trong dai cổ điển và lớp vỏ bóng đạt được nhờ đun sôi trước khi nướng, nhưng có khả năng tiêu hóa được cải thiện so với các loại bánh mì lên men thông thường. Quá trình làm giàu bổ sung thêm vitamin B và sắt, mặc dù chúng vẫn là thực phẩm có chứa gluten mặc dù gluten bị phân hủy một phần trong quá trình lên men.",75
1b8bfaa0-8294-53ee-b757-071adc092d22,,,Bánh cuộn Hoagie có hạt (Seeded Hoagie Roll),INGREDIENT,289.0,9.2,5.3,50.0,1.3,5.0,500.0,7aa75582-4482-4305-80f6-aa6cfccec44c,,,"Bánh cuộn hoagie có hạt là một loại bánh mì cuộn trắng đậm đà có đặc điểm là lớp vỏ giòn phủ hạt và phần bên trong dai, mềm. Thường được phủ thêm hạt vừng hoặc hạt anh túc, món cuộn này có thêm kết cấu và giá trị dinh dưỡng từ lớp phủ của nó, trong khi phần đế bột được làm giàu cung cấp chất sắt và vitamin B tăng cường. Cấu trúc chắc chắn của nó khiến nó trở nên lý tưởng để đựng các loại thịt nguội thịnh soạn và nhân bánh sandwich mà không bị sũng nước.",75
08bec558-fa34-5407-8141-d6f1c2d84440,,,Bột ngô ăn liền (Instant Grits),INGREDIENT,363.0,8.6,5.0,71.1,6.0,1.0,1200.0,7aa75582-4482-4305-80f6-aa6cfccec44c,,,"Bột ăn liền là một dạng hominy đã được nấu sẵn, khử nước - ngô được xử lý bằng kiềm để làm mềm vỏ - được thiết kế để chuẩn bị nhanh chóng. Món ăn chủ yếu ở miền Nam Hoa Kỳ này nấu trong vài phút so với các loại bột xay bằng đá truyền thống, nhưng quá trình chế biến làm giảm hàm lượng chất xơ và tạo ra độ sệt mịn hơn, ít kết cấu hơn. Thường được bổ sung sắt và vitamin B, bột kiều mạch ăn liền đóng vai trò là món cơ bản linh hoạt cho các món ăn sáng hoặc bữa ăn mặn, mặc dù chúng thường chứa ít protein và chất xơ hơn so với các sản phẩm thay thế ngô nguyên hạt.",75
26b7bd85-d97c-5794-a72a-23c1c68c489e,,,"Bánh mì Pháp quế có đường (Cinnamon French Toast, Sweetened)",DISH,335.0,8.0,15.0,42.0,1.5,12.0,340.0,7aa75582-4482-4305-80f6-aa6cfccec44c,,,"Bánh mì nướng quế kiểu Pháp là một món ăn sáng có vị ngọt được làm bằng bánh mì áp chảo ngâm trong hỗn hợp trứng tẩm gia vị, thường có quế làm hương vị đặc trưng. Các lát nấu chín có lớp vỏ bên ngoài caramen với lớp bên trong giống như sữa trứng, thường dùng kèm với xi-rô hoặc đường bột để tăng thêm vị ngọt. Mặc dù cung cấp protein từ trứng, chế phẩm này chứa nhiều carbohydrate do có thành phần là bánh mì và đường bổ sung, khiến nhận thức về khẩu phần ăn trở thành chìa khóa để theo dõi dinh dưỡng.",75
f237b91b-a729-5b54-bb87-f5c7788a5216,,,Bột mì Atta (Atta Flour),INGREDIENT,340.0,11.0,2.5,73.0,11.0,0.5,2.0,7aa75582-4482-4305-80f6-aa6cfccec44c,,,"Bột Atta là một loại bột mì nguyên hạt được nghiền bằng đá thường được sử dụng trong ẩm thực Nam Á để làm các loại bánh mì dẹt dẻo như chapati và roti. Quy trình xay xát độc đáo của nó bảo toàn tất cả các phần của hạt lúa mì, mang lại hàm lượng chất xơ cao hơn và chỉ số đường huyết thấp hơn so với các loại bột tinh chế. Kết cấu mịn nhưng thô tạo ra một loại bột đàn hồi lý tưởng để nấu ở nhiệt độ cao trên vỉ nướng hoặc chảo tawa trong khi vẫn duy trì tính toàn vẹn dinh dưỡng.",75
608102a2-3d5b-5873-b626-7e4047bdd8b2,,,Bánh tortilla không chứa gluten (Gluten-Free Tortilla),DISH,268.0,1.9,2.2,58.0,3.8,0.3,300.0,7aa75582-4482-4305-80f6-aa6cfccec44c,,,"Bánh tortilla không chứa gluten là một loại bánh mì dẹt không chứa lúa mì thay thế theo truyền thống được làm từ ngô, gạo hoặc bột hạnh nhân để đáp ứng những hạn chế về chế độ ăn uống. Những vòng mềm dẻo này duy trì tính toàn vẹn về cấu trúc khi nấu chín, mang lại lớp nền trung tính cho món bọc và bánh tét đồng thời rất cần thiết cho những người mắc bệnh celiac hoặc nhạy cảm với gluten. Nhiều loại bánh thương mại được bổ sung thêm chất xơ và canxi để bù đắp cho sự khác biệt về mặt dinh dưỡng so với bánh bột mì truyền thống.",75
2c358bcd-f000-5698-9394-fe85ccccf82b,,,"Gạo hoang dã, nấu chín (Wild Rice, Cooked)",DISH,101.0,4.0,0.33,21.3,1.8,0.73,3.0,7aa75582-4482-4305-80f6-aa6cfccec44c,,,"Gạo hoang là loại ngũ cốc giàu dinh dưỡng, không chứa gluten được thu hoạch từ các loại cỏ thủy sinh có nguồn gốc từ Bắc Mỹ, không phải là gạo thật. Khi nấu chín, những hạt dài, sẫm màu sẽ tách ra để lộ phần bên trong dai với hương vị đậm đà và mùi thơm của đất. Nó chứa gần gấp đôi lượng protein và chất xơ so với gạo trắng hoặc gạo lứt, đồng thời cung cấp các khoáng chất thiết yếu như mangan và phốt pho. Loại ngũ cốc nguyên hạt này cần thời gian nấu lâu hơn so với gạo thông thường và thường được dùng làm món nhồi, salad và như một món ăn phụ dành cho người sành ăn.",75
e3255d1d-383d-52d0-af7c-af8359732e83,,,Bánh cuộn bánh quy xoắn (Pretzel Roll),DISH,300.0,9.0,5.0,55.0,2.5,4.0,400.0,7aa75582-4482-4305-80f6-aa6cfccec44c,,,"Pretzel cuộn là một sản phẩm bánh mì giàu dinh dưỡng được phân biệt bởi lớp vỏ sẫm màu, bóng và bên trong dai, đạt được thông qua việc ngâm trong dung dịch kiềm hoặc baking soda truyền thống trước khi nướng. Bột được làm giàu kết hợp với sữa, bơ hoặc đường để tạo ra lớp vỏ mềm, trong khi lớp vỏ đặc trưng mang lại độ tương phản mặn tinh tế. Mặc dù ít chất béo hơn brioche nhưng nó thường chứa natri cao hơn bánh mì cuộn tiêu chuẩn, điều này khiến nhận thức về khẩu phần ăn trở nên quan trọng đối với chế độ ăn hạn chế natri. Món bánh cuộn lấy cảm hứng từ Đức này thường được sử dụng cho bánh mì sandwich thịnh soạn hoặc dùng kèm với các món mặn.",75
af1a62bb-256b-58b2-a418-378cff469bba,,,Bánh mì cám yến mạch nướng (Toasted Oat Bran Bread),DISH,259.0,11.4,4.8,43.7,4.9,8.46,387.0,7aa75582-4482-4305-80f6-aa6cfccec44c,,,"Bánh mì cám yến mạch nướng là một loại bánh mì nguyên hạt giàu chất dinh dưỡng, được làm giàu với sắt và vitamin B, có cám yến mạch là nguồn chất xơ chính. Việc bổ sung cám yến mạch cung cấp beta-glucan hòa tan có liên quan đến việc quản lý cholesterol, trong khi quá trình nướng giúp tăng cường hương vị hấp dẫn tự nhiên của nó và tạo ra bề ngoài giòn. Loại bánh mì này có kết cấu đậm đà hơn và hàm lượng chất xơ cao hơn so với các loại bánh mì làm từ lúa mì tiêu chuẩn, khiến nó trở thành sự lựa chọn hữu ích cho bữa sáng hoặc bánh mì sandwich cân bằng.",75
1a1543b4-4835-5e80-a63c-26a0ec74ebc6,,,Cơm thập cẩm (Rice Pilaf),INGREDIENT,359.0,10.0,1.4,76.0,1.2,0.5,1303.0,7aa75582-4482-4305-80f6-aa6cfccec44c,,,"Cơm thập cẩm là một món ăn lấy cảm hứng từ toàn cầu, trong đó gạo đầu tiên được nướng trong mỡ sau đó ninh trong nước dùng dày dặn, tạo ra những hạt mịn, riêng biệt rõ rệt với hương vị đậm đà hơn. Phương pháp nấu ăn này — phổ biến trong các món ăn Trung Đông, Địa Trung Hải và Nam Á — thường kết hợp các chất thơm như hành và tỏi, cùng với các loại gia vị như thì là hoặc nghệ tây. Mặc dù tương tự về mặt dinh dưỡng như gạo tẻ, cơm thập cẩm thường chứa thêm natri từ nước dùng và chất béo từ bước xào ban đầu.",75
bc1c5542-5c6e-5462-b358-f03f781de486,,,Bánh cuộn tối có hạt (Seeded Dinner Roll),INGREDIENT,275.0,10.0,10.0,35.0,7.5,2.5,425.0,7aa75582-4482-4305-80f6-aa6cfccec44c,,,"Món cuộn ăn tối có hạt là một loại bánh mì cuộn mềm, có men, được phân biệt bằng lớp vỏ phủ đầy các hạt giàu dinh dưỡng như vừng, anh túc và hướng dương. Mặc dù thường được làm bằng bột mì tinh chế, lớp phủ hạt bổ sung chất béo, chất xơ và vi chất dinh dưỡng lành mạnh cho loại bánh mì ăn kèm cổ điển này. Sự kết hợp giữa phần bên trong mềm và lớp vỏ hạt hơi giòn khiến món này trở thành món ăn kèm phổ biến cho các món súp và sa-lát, mang lại nhiều giá trị dinh dưỡng hơn so với bánh mì cuộn trắng trơn trong khi vẫn duy trì mật độ calo tương tự.",75
3a6ed5e0-f2a5-598d-8eef-257cc30fb660,,,Bánh quế không chứa gluten (Gluten-Free Waffle),DISH,256.0,2.86,8.53,41.75,1.4,1.73,507.0,7aa75582-4482-4305-80f6-aa6cfccec44c,,,"Bánh quế không chứa gluten là một loại bánh thay thế bữa sáng được làm không có lúa mì, lúa mạch hoặc lúa mạch đen, sử dụng các loại bột như gạo, hạnh nhân hoặc yến mạch để phù hợp với chế độ ăn nhạy cảm với gluten. Những chiếc bánh quế này thường bao gồm các chất liên kết như kẹo cao su xanthan để đạt được kết cấu tương tự như các phiên bản truyền thống, mặc dù kết quả có thể thay đổi từ giòn đến đặc tùy thuộc vào hỗn hợp bột. Mặc dù hàm lượng carbohydrate của chúng tương tự như bánh quế thông thường, nhưng một số loại cung cấp nhiều chất xơ hoặc protein hơn, đặc biệt khi sử dụng bột ngũ cốc nguyên hạt hoặc bột làm từ cây họ đậu, mặc dù các lựa chọn thương mại có thể chứa thêm đường để tạo cảm giác ngon miệng.",75
4f6c7106-af13-5015-8733-82c71d030cea,,,Bột mì gạo lứt (Brown Rice Flour),INGREDIENT,363.0,7.23,2.78,76.5,4.6,0.66,8.0,7aa75582-4482-4305-80f6-aa6cfccec44c,,,"Bột gạo lứt là loại bột nguyên hạt được xay từ gạo lứt chưa đánh bóng, giữ lại lớp cám và mầm giàu dinh dưỡng. Nó chứa chất xơ, vitamin B và khoáng chất cao hơn đáng kể so với bột gạo trắng, đồng thời đóng vai trò là chất thay thế tự nhiên không chứa gluten để nướng và làm đặc. Kết cấu hơi sạn của bột mì đòi hỏi phải trộn với các loại bột khác trong nhiều công thức nấu ăn, nhưng nó góp phần tạo ra hương vị nhẹ nhàng, hấp dẫn cho bánh mì, bánh kếp và vỏ bánh không chứa gluten.",75
d75a2791-3abc-5886-b70a-0c05eeba215d,,,Bánh mì Pháp (French Toast),DISH,305.88,9.53,13.76,35.76,1.18,10.35,390.59,7aa75582-4482-4305-80f6-aa6cfccec44c,,,"Bánh mì nướng kiểu Pháp là món ăn sáng được làm từ những lát bánh mì ngâm trong sữa trứng ngọt và nướng cho đến khi có màu vàng nâu. Trong các nhà hàng ăn nhanh bình dân, món này thường được phục vụ thành 2-3 lát cắt dày phủ đường bột, bơ và xi-rô phong, thường được trang trí bằng kem đánh bông hoặc trái cây tươi. Chế phẩm hấp dẫn này cung cấp lượng calo đáng kể từ cả carbohydrate và chất béo, đồng thời cung cấp hàm lượng protein vừa phải từ hỗn hợp trứng.",75
3fcf21a3-9f4f-536f-a8a1-ff2347513200,,,Bánh tortilla giảm natri (Reduced Sodium Tortilla Chips),DISH,472.0,7.0,21.0,68.0,5.0,1.0,250.0,7aa75582-4482-4305-80f6-aa6cfccec44c,,,"Bánh tortilla giảm natri là một món ăn nhẹ thay thế có hàm lượng natri thấp hơn được làm từ bánh ngô hoặc bột mì cắt thành hình tam giác và nướng hoặc chiên. Chúng chứa ít natri hơn ít nhất 25% so với phiên bản tiêu chuẩn, thường sử dụng gia vị, chanh hoặc thảo mộc thay vì muối để tạo hương vị. Mặc dù hàm lượng calo và chất béo vẫn tương đương với các loại bánh tortilla thông thường, nhưng loại bánh này hỗ trợ chế độ ăn kiêng có hàm lượng natri mà không làm mất đi kết cấu giòn như các phiên bản truyền thống.",75
6878a528-02c3-5161-b3b1-ff7433732bcf,,,"Cơm trắng và đậu Hà Lan, nấu chín (White Rice and Peas, Cooked)",DISH,125.0,3.5,0.5,26.0,1.3,1.0,190.0,7aa75582-4482-4305-80f6-aa6cfccec44c,,,"Cơm trắng và đậu Hà Lan là một món ăn lấy cảm hứng từ vùng Caribe kết hợp gạo trắng mịn với các loại đậu mềm—đậu tây truyền thống hoặc đậu bồ câu—nấu trong nước đã nêm gia vị. Sự kết hợp chủ yếu này tạo ra một cấu trúc protein hoàn chỉnh thông qua các axit amin bổ sung, cung cấp năng lượng bền vững từ carbohydrate phức hợp cùng với protein và chất xơ có nguồn gốc thực vật. Thường được chế biến với nước cốt dừa, húng tây và hạt tiêu, nó cung cấp một loại nền không chứa gluten linh hoạt, thích ứng tốt với cả chế độ ăn chay và thuần chay.",75
1aa44654-b47b-5881-9858-389e82f9e331,,,Bột ngô hominy (Hominy Grits),INGREDIENT,361.0,8.8,1.6,79.2,1.6,0.64,1.0,7aa75582-4482-4305-80f6-aa6cfccec44c,,,"Bột ngũ cốc Hominy là một sản phẩm ngô xay thô được làm từ hạt ngô khô được xử lý bằng dung dịch kiềm để cải thiện khả năng hấp thụ chất dinh dưỡng và tạo ra kết cấu dai. Là món ăn chủ yếu trong ẩm thực miền Nam Hoa Kỳ, chúng nấu thành cháo kem khi ninh với chất lỏng và thường được dùng kèm với bơ hoặc pho mát. Loại ngũ cốc không chứa gluten này cung cấp carbohydrate phức tạp và chất xơ, đồng thời tăng cường khả dụng sinh học niacin từ quá trình nixtamalization.",75
7f610413-7b72-5d1d-b1fd-3ec1e98774b6,,,Bánh mì yến mạch có hạt (Seeded Oatmeal Bread),INGREDIENT,275.0,13.0,7.0,40.0,7.0,4.0,360.0,7aa75582-4482-4305-80f6-aa6cfccec44c,,,"Bánh mì bột yến mạch có hạt là loại bánh mì nguyên hạt kết hợp yến mạch cán với hỗn hợp giàu dinh dưỡng của các loại hạt như hạt lanh, hướng dương và hạt chia. Ổ bánh mì có kết cấu dai, béo từ yến mạch và thêm độ giòn từ hạt nguyên hạt, cung cấp nhiều chất xơ và chất béo không bão hòa hơn so với bánh mì lúa mì thông thường. Hàm lượng yến mạch của nó cung cấp beta-glucans được biết đến để hỗ trợ sức khỏe tim mạch, trong khi hỗn hợp hạt cung cấp protein có nguồn gốc thực vật và axit béo omega-3 để giải phóng năng lượng bền vững.",75
5d13d551-74ae-5df2-84a7-6aed096864a6,,,Bánh quy giòn lúa mạch đen thảo mộc (Herb Rye Crackers),INGREDIENT,369.0,8.0,1.0,82.0,5.0,1.0,380.0,7aa75582-4482-4305-80f6-aa6cfccec44c,,,"Bánh quy lúa mạch đen thảo mộc là một món ăn nhẹ nướng được làm chủ yếu bằng bột lúa mạch đen và nêm với các loại thảo mộc thơm như caraway, thì là hoặc húng tây. Những chiếc bánh quy giòn, đặc này cung cấp hàm lượng chất xơ cao hơn các loại làm từ lúa mì truyền thống do thành phần ngũ cốc nguyên hạt của lúa mạch đen, cùng với hương vị đất đặc trưng và vị thơm tinh tế. Kết cấu đậm đà và hương thảo mộc thơm ngon khiến chúng trở thành sự kết hợp phổ biến với pho mát, cá hun khói hoặc nước chấm, mặc dù chúng có chứa gluten và không phù hợp với chế độ ăn kiêng dành cho người bệnh celiac.",75
898c6593-aaf0-567c-9b5b-aca526f47b47,,,Bánh cuộn bánh mì trứng (Egg Bread Roll),DISH,307.0,9.5,6.4,52.0,3.7,4.3,566.0,7aa75582-4482-4305-80f6-aa6cfccec44c,,,"Bánh mì cuộn trứng là một sản phẩm bánh làm từ men được phân biệt bởi bột làm từ trứng tạo ra lớp vỏ vàng ruộm và hương vị mềm, hơi ngọt. Việc bổ sung trứng và thường là bơ sẽ mang lại thành phần dinh dưỡng phong phú hơn so với bánh mì tiêu chuẩn, với hàm lượng protein và chất béo cao hơn trên mỗi khẩu phần. Những cuộn bánh mì mềm, hơi đặc này có lớp vỏ màu nâu vàng bóng và thường được dùng làm bánh mì ăn sáng hoặc như một món ăn nhẹ độc lập.",75
1f755e23-005c-5e0f-a8ff-b7b69451b83f,,,Bánh mì không chứa gluten (Gluten-Free Bread),DISH,212.24,5.5,3.9,36.6,3.9,2.6,526.0,7aa75582-4482-4305-80f6-aa6cfccec44c,,,"Bánh mì không chứa gluten là một loại bánh nướng được chế biến không có lúa mì, lúa mạch hoặc lúa mạch đen, thường sử dụng các loại bột thay thế như gạo, hạnh nhân hoặc bột sắn để đáp ứng các hạn chế về chế độ ăn uống. Mặc dù về mặt dinh dưỡng có thể so sánh về lượng calo với bánh mì truyền thống, nhưng nó thường có kết cấu đặc hơn, vụn hơn do không có gluten, mặc dù các công thức nấu ăn hiện đại thường sử dụng chất kết dính như kẹo cao su xanthan để cải thiện cấu trúc. Nhiều loại thương mại được bổ sung thêm chất xơ và chất dinh dưỡng để bù đắp cho sự thiếu hụt vốn có của ngũ cốc không chứa gluten và việc nướng thường được khuyến khích để nâng cao chất lượng ăn uống.",75
bbe454c8-d8b3-52fa-8bb6-bd9d94cbb577,,,Lúa mạch nấu nhanh (Quick Cooking Barley),INGREDIENT,352.0,12.0,2.3,73.0,17.0,0.8,12.0,7aa75582-4482-4305-80f6-aa6cfccec44c,,,"Lúa mạch nấu nhanh là loại ngũ cốc nguyên hạt được hấp trước vẫn giữ được lớp cám, mang lại kết cấu dai và hương vị hấp dẫn đồng thời giảm thời gian nấu thông thường xuống còn 10-15 phút. Dạng lúa mạch được chế biến tối thiểu này cung cấp một nguồn chất xơ hòa tan đáng kể, đặc biệt là beta-glucan được biết đến để hỗ trợ sức khỏe tim mạch và đóng vai trò như một chất thay thế có chứa gluten cho các loại ngũ cốc như quinoa hoặc gạo. Tính linh hoạt của nó khiến nó trở nên lý tưởng để thêm kết cấu đậm đà vào súp, bát ngũ cốc và salad mà không cần chuẩn bị nhiều.",75
bae933e5-db83-5be4-8e8e-916c7897b35f,,,Mì sợi thủy tinh (Glass Noodles),INGREDIENT,345.0,0.16,0.1,86.0,0.5,1.0,5.0,7aa75582-4482-4305-80f6-aa6cfccec44c,,,"Mì thủy tinh là loại mì trong suốt, làm từ tinh bột, theo truyền thống được làm từ tinh bột đậu xanh, khoai tây hoặc khoai lang, thường được sử dụng trong các món ăn Đông và Đông Nam Á. Khi được bù nước trong nước nóng, những sợi mì không chứa gluten này sẽ có kết cấu dẻo, dai lý tưởng để hấp thụ hương vị trong các món xào, súp và chả giò. Không giống như mì lúa mì, chúng vẫn trong khi nấu chín và cung cấp lượng protein thấp, giàu carbohydrate, phù hợp với cả món ăn nóng và lạnh.",75
18cc81f0-76d9-5e6d-a20a-9fa1028a5acf,,,Bánh cuộn lúa mì nguyên cám nảy mầm (Sprouted Whole Wheat Roll),DISH,260.0,9.1,4.1,47.2,6.0,5.0,420.0,7aa75582-4482-4305-80f6-aa6cfccec44c,,,"Bánh mì cuộn nguyên hạt nảy mầm là một sản phẩm bánh mì đậm đặc chất dinh dưỡng được làm từ hạt lúa mì đã trải qua quá trình nảy mầm để tăng cường khả năng tiêu hóa và khả năng cung cấp chất dinh dưỡng. Quá trình nảy mầm phân hủy tinh bột thành các loại đường đơn giản hơn đồng thời tăng hàm lượng chất xơ, vitamin B và khoáng chất sinh khả dụng so với các sản phẩm lúa mì nguyên hạt tiêu chuẩn. Những cuộn này có kết cấu đặc nhưng ẩm đặc trưng với hương vị hạt dẻ, ngọt nhẹ và giữ lại hàm lượng gluten không phù hợp với chế độ ăn kiêng dành cho người celiac mặc dù khả năng tiêu hóa được cải thiện.",75
637ce47d-e3e6-5a49-8ffb-b59e665eeffb,,,Hỗn hợp gạo hoang dã (Wild Rice Blend),INGREDIENT,353.0,8.9,2.2,75.6,6.7,0.5,5.0,7aa75582-4482-4305-80f6-aa6cfccec44c,,,"Hỗn hợp gạo hoang là hỗn hợp đậm đặc chất dinh dưỡng kết hợp gạo hoang với các loại ngũ cốc nguyên hạt khác như gạo lứt hoặc gạo đỏ. Hỗn hợp này cung cấp hàm lượng protein và chất xơ cao hơn so với gạo trắng, trong đó gạo hoang góp phần tạo nên kết cấu dai đặc trưng và hương vị đậm đà của đất. Các loại ngũ cốc cần phải đun sôi kéo dài để đạt được độ mềm nhưng chắc đặc trưng của chúng và hỗn hợp vẫn không chứa gluten tự nhiên khi chỉ bao gồm các giống gạo.",75
8f7afcc0-0ce9-5f27-8d94-3475de112499,,,Bánh mì trắng không chứa gluten (Gluten-Free White Bread),DISH,269.0,4.61,6.25,48.65,5.3,7.3,478.0,7aa75582-4482-4305-80f6-aa6cfccec44c,,,"Bánh mì trắng không chứa gluten là sản phẩm nướng không chứa lúa mì được thiết kế dành cho những người nhạy cảm với gluten hoặc bệnh celiac. Được làm từ các loại bột thay thế như gạo, bột sắn hoặc tinh bột khoai tây, nó thường kết hợp các chất liên kết như kẹo cao su xanthan để bắt chước kết cấu của bánh mì truyền thống. Mặc dù thường có hàm lượng chất xơ và protein thấp hơn so với các loại ngũ cốc nguyên hạt, nhưng nhiều phiên bản thương mại được bổ sung vitamin B và sắt. Được thưởng thức tốt nhất bằng cách nướng để cải thiện cấu trúc, loại bánh mì thay thế này cho phép tiêu thụ an toàn các bữa ăn kiểu bánh sandwich trong khi vẫn tuân thủ các nhu cầu ăn kiêng không chứa gluten.",75
0f88e3f3-62e5-55af-b05d-56e5d53b262d,,,Hạt kiều mạch (Buckwheat Groats),INGREDIENT,346.0,11.73,2.71,75.0,10.3,0.3,11.0,7aa75582-4482-4305-80f6-aa6cfccec44c,,,"Hạt kiều mạch là loại giả ngũ cốc không chứa gluten được thu hoạch từ cây kiều mạch, không liên quan đến lúa mì mặc dù tên của chúng là như vậy. Những hạt hình tam giác này cung cấp thành phần dinh dưỡng dồi dào với nhiều chất xơ và protein từ thực vật, cùng với chỉ số đường huyết thấp lý tưởng cho việc quản lý lượng đường trong máu. Khi nấu chín, chúng có kết cấu mềm nhưng dai và hương vị hấp dẫn, dùng làm nguyên liệu linh hoạt cho các món cháo, salad hoặc bát ngũ cốc và có thể nướng (như kasha) để có hương đất đậm đà hơn.",75
c177394b-8b9a-5cf8-9aec-6682ec2f594d,,,Bánh mì bí xanh (Zucchini Bread),DISH,282.0,5.3,5.3,52.6,1.0,16.0,19.0,7aa75582-4482-4305-80f6-aa6cfccec44c,,,"Bánh mì bí ngòi là một loại bánh mì nhanh ẩm, có vị ngọt kết hợp bí xanh nghiền vào bột, cung cấp các chất dinh dưỡng thực vật tinh tế và độ ẩm tự nhiên. Mặc dù thường được coi là tốt cho sức khỏe hơn các món tráng miệng tiêu chuẩn do có hàm lượng rau củ, nhưng các công thức nấu ăn điển hình có chứa lượng đường bổ sung đáng kể và carbohydrate tinh chế tương tự như bánh ngọt. Hương vị gia vị bao gồm quế hoặc hạt nhục đậu khấu, cùng với các chất bổ sung phổ biến như quả óc chó hoặc sô cô la chip, khiến món ăn này trở thành món ăn nướng tại nhà phổ biến trong các danh mục bữa sáng và món tráng miệng.",75
e7eb1268-265e-5831-bbf3-53b849a1f808,,,Lúa mì Bulgur hạt vừa (Medium Bulgur Wheat),INGREDIENT,342.0,12.2,1.33,75.9,12.5,0.41,17.0,7aa75582-4482-4305-80f6-aa6cfccec44c,,,"Lúa mì bulgur vừa là một loại ngũ cốc nguyên hạt được làm từ quả lúa mì nứt, được đánh giá cao nhờ hương vị hấp dẫn và chế biến nấu nhanh. Quá trình đun sôi sơ bộ và làm khô lúa mì, bảo quản cám và mầm để giữ lại chất xơ, protein và các khoáng chất như sắt và magie. Với kết cấu giữa couscous và gạo lứt, loại ngũ cốc đa năng này chỉ cần ngâm hoặc đun sôi trong thời gian ngắn, khiến nó trở nên lý tưởng cho các món salad như tabbouleh hoặc làm lớp nền cho bát ngũ cốc. Là một sản phẩm lúa mì, nó có chứa gluten nhưng cung cấp một loại thay thế đậm đặc chất dinh dưỡng hơn cho ngũ cốc tinh chế.",75
7a7e44f6-8567-5b64-8de7-8458f33b157a,,,Bánh mì đa hạt không chứa gluten (Gluten-Free Multigrain Bread),DISH,278.0,5.6,5.6,52.1,5.0,4.0,400.0,7aa75582-4482-4305-80f6-aa6cfccec44c,,,"Bánh mì nhiều loại ngũ cốc không chứa gluten là một loại bánh nướng đặc sản được chế biến từ hỗn hợp các loại ngũ cốc không phải lúa mì như gạo lứt, quinoa, lúa miến và kê để tái tạo kết cấu và sự đa dạng dinh dưỡng của bánh mì nhiều loại ngũ cốc truyền thống. Không giống như các loại làm từ lúa mì, nó sử dụng chất kết dính như kẹo cao su xanthan hoặc vỏ psyllium để bù đắp cho sự thiếu hụt gluten, thường dẫn đến kết quả là vụn bánh đặc hơn. Loại bánh mì này thường cung cấp mật độ chất xơ và chất dinh dưỡng cao hơn so với các loại bánh mì đơn không chứa gluten, đóng vai trò như một món ăn chủ yếu cho chế độ ăn nhạy cảm với gluten đồng thời cung cấp năng lượng bền vững từ carbohydrate phức hợp.",75
6c2231dc-cf04-50d6-bcd3-f7c593053abd,,,Cháo gạo (Cream of Rice),INGREDIENT,370.0,6.3,0.5,82.4,0.7,0.3,6.0,7aa75582-4482-4305-80f6-aa6cfccec44c,,,"Cream of Rice là loại ngũ cốc gạo được xay mịn, bổ dưỡng để nấu thành món cháo nóng mịn, dễ tiêu hóa. Được làm bằng cách nghiền gạo trắng thành bột, nó được bổ sung sắt và vitamin B để nâng cao giá trị dinh dưỡng. Hương vị trung tính và thời gian nấu nhanh khiến nó trở thành một lựa chọn thực tế không chứa gluten cho những chế độ ăn kiêng nhạy cảm, phục hồi sau bệnh tật hoặc làm nền cho các món ngọt và mặn.",75
cecf2678-f8a0-51eb-8f23-0095b15de110,,,Bánh quy giòn gạo ít natri (Low Sodium Rice Crackers),INGREDIENT,410.0,8.7,7.0,75.6,3.5,0.5,97.4,7aa75582-4482-4305-80f6-aa6cfccec44c,,,"Bánh gạo ít natri là một món ăn nhẹ nướng hoặc phồng được làm chủ yếu từ bột gạo, mang lại kết cấu giòn và hương vị trung tính với lượng muối ít hơn ít nhất 25% so với các loại bánh tiêu chuẩn. Những chiếc bánh quy giòn không chứa gluten này vẫn giữ được độ giòn nhẹ, thoáng mát của bánh gạo truyền thống đồng thời đáp ứng các chế độ ăn có lợi cho tim và kế hoạch bữa ăn hạn chế natri. Tính linh hoạt của chúng cho phép kết hợp với lớp phủ ngọt hoặc mặn và chúng thường dùng làm lớp nền cho món canapé trong các ứng dụng ẩm thực giảm natri.",75
7ea7bf04-0ecd-5b72-8831-fa67ed1b0284,,,Mảnh hạt diêm mạch (Quinoa Flakes),INGREDIENT,385.0,11.8,5.9,67.6,5.9,2.0,7.0,7aa75582-4482-4305-80f6-aa6cfccec44c,,,"Mảnh quinoa là dạng hạt quinoa nguyên hạt được nấu chín trước, cuộn lại, cung cấp cùng thành phần protein hoàn chỉnh và lợi ích không chứa gluten như hạt nguyên hạt, nhưng tốc độ chuẩn bị nhanh hơn đáng kể. Dạng nhẹ, nấu nhanh này vẫn giữ được hàm lượng chất xơ và khoáng chất cao của quinoa đồng thời tạo ra kết cấu mềm, giống như cháo khi ngậm nước. Lý tưởng cho các ứng dụng làm bánh hoặc ngũ cốc nóng ăn liền, chúng đóng vai trò như một chất thay thế đậm đặc chất dinh dưỡng cho yến mạch cán với hương vị hạt dẻ, nhẹ đặc trưng.",75
21af350d-882c-5910-a5de-cf4dff4a18f9,,,"Polenta, nấu chín (Polenta, Cooked)",DISH,108.03,2.7,0.5,22.3,1.0,0.2,2.0,7aa75582-4482-4305-80f6-aa6cfccec44c,,,"Polenta là một món ăn truyền thống của Ý được chế biến bằng cách đun sôi bột ngô xay thô thành một món ăn chủ yếu giống như cháo. Khi mới nấu chín, nó có kết cấu mịn như kem, tạo thành những chiếc bánh có thể cắt lát khi để nguội, cung cấp nguồn carbohydrate không chứa gluten với ít calo hơn gạo hoặc quinoa. Hương vị nhẹ nhàng, hấp dẫn của nó đóng vai trò là cơ sở thích hợp cho các loại nước sốt mặn, rau nướng hoặc pho mát, trong khi việc pha chế với nước hoặc nước dùng cho phép tùy chỉnh hàm lượng natri.",75
ac76af10-ad5b-57f1-aabf-f65f73c50a13,,,Bột mì tự nở (Self-Rising Flour),INGREDIENT,354.0,9.89,0.97,74.22,2.7,0.22,1193.0,7aa75582-4482-4305-80f6-aa6cfccec44c,,,"Bột tự nổi là bột mì được làm giàu được trộn sẵn với bột nở và muối, được thiết kế để đơn giản hóa các công thức nấu ăn yêu cầu men ổn định. Thành phần khô này giúp loại bỏ sự cần thiết phải thêm các chất nở riêng biệt, khiến nó trở nên lý tưởng cho các loại bánh mì, bánh quy và bánh kếp nhanh. Công thức của nó bao gồm bổ sung sắt và vitamin B từ việc làm giàu, nhưng hàm lượng natri từ muối tích hợp của nó đòi hỏi phải điều chỉnh công thức khi thay thế cho bột mì đa dụng.",75
6f5d35bb-34e1-5c65-95e0-a18ec87fc1f2,,,Bánh quy giòn bột mì dẹt không chứa gluten (Gluten-Free Flatbread Crackers),DISH,350.0,9.0,8.0,60.0,7.0,1.0,400.0,7aa75582-4482-4305-80f6-aa6cfccec44c,,,"Bánh quy giòn không chứa gluten là một món ăn nhẹ nướng được làm từ các loại bột thay thế như gạo, đậu xanh hoặc hạnh nhân, được thiết kế để mô phỏng kết cấu giòn của bánh mì dẹt truyền thống không có ngũ cốc chứa gluten. Những chiếc bánh quy giòn này thường kết hợp các loại hạt hoặc hỗn hợp ngũ cốc nguyên hạt để tăng hàm lượng chất xơ, đồng thời duy trì cấu trúc nhẹ, giòn lý tưởng để kết hợp với nước chấm, pho mát hoặc phết. Hương vị trung tính và thành phần chắc chắn khiến chúng trở thành một lựa chọn linh hoạt cho chế độ ăn kiêng nhạy cảm với gluten hoặc kế hoạch bữa ăn ít carb.",75
903b0256-653c-5e5c-bfa1-2f9787d5fe43,,,Bánh cuộn không chứa gluten (Gluten-Free Roll),DISH,269.0,5.66,5.75,48.6,3.9,6.46,615.0,7aa75582-4482-4305-80f6-aa6cfccec44c,,,"Bánh cuộn không chứa gluten là một loại bánh mì nướng thay thế được thiết kế dành cho những người tránh gluten do bệnh celiac hoặc sở thích ăn kiêng. Thường được làm bằng hỗn hợp bột mì như gạo, bột sắn hoặc hạnh nhân, những cuộn này thường có kết cấu đặc hơn một chút so với các phiên bản làm từ lúa mì trong khi vẫn duy trì tính linh hoạt cho bánh mì sandwich hoặc món ăn phụ. Nhiều loại thương mại sử dụng chất kết dính như kẹo cao su xanthan để bắt chước độ đàn hồi của gluten và có thể được tăng cường thêm chất xơ hoặc protein để bù đắp cho sự thiếu hụt dinh dưỡng trong chế độ ăn không có gluten.",75
a7a08c13-eef3-5d80-907f-6e441f8e9801,,,Lúa mạch (Barley),INGREDIENT,352.0,9.91,1.16,77.7,15.6,0.8,9.0,7aa75582-4482-4305-80f6-aa6cfccec44c,,,"Lúa mạch là một loại ngũ cốc nguyên hạt cổ xưa được đặc trưng bởi kết cấu dai và hương vị hấp dẫn, có sẵn ở dạng vỏ (ngũ cốc nguyên hạt) và dạng trân châu (đánh bóng). Loại ngũ cốc giàu chất xơ này chứa beta-glucans, một chất xơ hòa tan được chứng minh là hỗ trợ sức khỏe tim mạch bằng cách giúp kiểm soát mức cholesterol. Trong khi lúa mạch tách vỏ giữ lại nhiều chất dinh dưỡng hơn từ cám và mầm, thì lúa mạch trân châu nấu nhanh hơn và thường được sử dụng trong súp, món hầm và bát ngũ cốc, mặc dù cả hai loại đều cần đun sôi lâu để làm mềm các hạt đặc.",75
982d5ee9-7dd6-5733-86b1-63245f673ccc,,,Bánh khoai tây chiên gạo (Rice Croquette),DISH,171.0,3.9,11.32,13.49,1.5,0.5,219.0,7aa75582-4482-4305-80f6-aa6cfccec44c,,,"Bánh gạo là một món chiên, nấu chín có lớp vỏ ngoài giòn bao bọc cơm dày dặn, thường được kết hợp với các nguyên liệu như trứng hoặc khoai tây nghiền. Phương pháp chế biến phổ biến toàn cầu này biến cơm đã nấu thành những phần cơm vàng, di động với sự tương phản về kết cấu giữa lớp vỏ giòn và lớp bên trong mềm. Mặc dù có nhiều carb từ lớp phủ gạo và vụn bánh mì, nhưng thành phần dinh dưỡng của nó thay đổi đáng kể tùy theo phương pháp chiên và các chất bổ sung như phô mai, thịt hoặc rau.",75
af3cfe0a-e217-535d-8b51-1eba352b26d5,,,Bánh khoai tây chiên gạo (Rice Chips),INGREDIENT,380.0,8.0,3.0,82.0,4.0,1.0,325.0,7aa75582-4482-4305-80f6-aa6cfccec44c,,,"Khoai tây chiên là một món ăn nhẹ không chứa gluten được làm chủ yếu từ bột gạo, mang đến sự thay thế nhẹ nhàng hơn cho khoai tây chiên hoặc ngô chiên truyền thống. Những miếng khoai tây chiên giòn, thoáng mát này thường được nướng hoặc phồng lên, dẫn đến hàm lượng chất béo thấp hơn trong khi vẫn giữ được độ giòn vừa ý. Đặc điểm hương vị trung tính của chúng khiến chúng trở nên linh hoạt cho cả món mặn và món ngọt, đồng thời chúng thường được nêm với các thành phần như muối biển, thảo mộc hoặc gia vị để tăng hương vị mà không cần bổ sung thêm lượng calo đáng kể.",75
186de2b4-c0a2-5511-92f6-6a2b447f952f,,,Bánh mì Ciabatta phô mai (Cheese Ciabatta),DISH,265.0,8.8,9.8,38.1,2.0,3.0,540.0,7aa75582-4482-4305-80f6-aa6cfccec44c,,,"Phô mai ciabatta là một loại bánh mì thủ công của Ý có đặc điểm là lớp vỏ giòn, phủ bột mì và lớp vỏ thoáng, thoáng xen kẽ với phô mai tan chảy. Thường được nướng với các loại pho mát cứng cắt nhỏ như Parmesan hoặc mozzarella lâu năm, ổ bánh mặn này cung cấp hàm lượng protein và chất béo cao hơn so với ciabatta thông thường trong khi vẫn giữ được kết cấu dai đặc trưng của bánh mì. Cấu trúc chắc chắn và hương vị đậm đà khiến nó trở nên lý tưởng cho món bánh mì sandwich dành cho người sành ăn hoặc dùng làm món ăn kèm với súp và salad.",75
864072b2-4646-5bad-ad86-3439965f949b,,,"Bột ngô với bơ, nấu chín (Buttered Grits, Cooked)",DISH,127.0,2.0,6.0,15.0,0.75,0.5,150.0,7aa75582-4482-4305-80f6-aa6cfccec44c,,,"Buttered Grits, Cooked là một món ăn truyền thống của miền Nam Hoa Kỳ được làm từ ngô xay thô (ngô đã được xử lý bằng kiềm), tạo ra kết cấu dạng kem, giống như cháo khi đun sôi. Việc bổ sung bơ làm tăng độ đậm đà đồng thời đóng góp đáng kể chất béo bão hòa, làm cho chế phẩm này có lượng calo cao hơn so với các loại bột xay thông thường. Là một món ăn ngũ cốc không chứa gluten tự nhiên, nó đóng vai trò như một nguồn năng lượng giàu carbohydrate, mặc dù những người nhạy cảm với sữa nên lưu ý đến hàm lượng bơ.",75
7baf215d-93e4-5b4a-86a3-f81abb0a21ed,,,Hạt diêm mạch đen (Black Quinoa),INGREDIENT,349.19,12.0,6.5,67.2,13.9,3.2,1.2,7aa75582-4482-4305-80f6-aa6cfccec44c,,,"Quinoa đen là một loại quinoa gia truyền được phân biệt bởi màu gỗ mun đậm và hương vị hơi đất hơn so với quinoa trắng hoặc đỏ. Giống như tất cả các loại quinoa, nó không chứa gluten, giàu protein hoàn chỉnh từ thực vật và có nguồn gốc từ truyền thống trồng trọt của người Andean. Sắc tố sẫm màu của nó báo hiệu hàm lượng chất chống oxy hóa cao hơn, đặc biệt là anthocyanin, trong khi vẫn duy trì hương vị hấp dẫn đặc trưng của hạt và kết cấu mịn nhưng vẫn dai khi nấu chín.",75
339cb575-73d4-5794-a92e-6b2cd695a773,,,Bánh quy giòn bột mì dẹt ít natri (Low-Sodium Flatbread Crackers),DISH,443.0,8.8,17.2,68.6,10.5,0.37,5.0,7aa75582-4482-4305-80f6-aa6cfccec44c,,,"Bánh quy giòn ít natri là một biến thể đồ ăn nhẹ nướng được chế biến đặc biệt mà không thêm muối, mang lại kết cấu giòn tương tự như bánh quy giòn truyền thống. Được làm chủ yếu từ ngũ cốc nguyên hạt hoặc hạt, chúng cung cấp hàm lượng chất xơ cao hơn đồng thời hỗ trợ chế độ ăn uống lành mạnh cho tim và hạn chế tăng huyết áp. Đặc điểm hương vị trung tính của chúng khiến chúng trở nên linh hoạt khi kết hợp với các món chấm mặn hoặc lớp trên bề mặt giàu protein mà không vượt quá mục tiêu lượng natri.",75
44011b23-81fa-54eb-b27f-420f582cd1b7,,,Bánh mì vòng đa hạt nho khô (Multigrain Raisin Bagel),DISH,265.0,9.5,1.2,55.0,3.0,9.0,280.0,7aa75582-4482-4305-80f6-aa6cfccec44c,,,"Bánh mì tròn nho khô nhiều loại ngũ cốc là một sản phẩm bánh mì dai, đặc kết hợp các loại ngũ cốc nguyên hạt như yến mạch, lúa mạch và hạt lanh với nho khô đầy đặn, ngọt ngào. Loại này cung cấp nhiều chất xơ và chất dinh dưỡng hơn bánh mì tròn tinh chế, trong khi nho khô mang lại vị ngọt tự nhiên và hương vị trái cây mà không cần thêm đường. Thường được thưởng thức bằng cách nướng, nó cung cấp năng lượng bền vững từ carbohydrate phức hợp nhưng vẫn chứa nhiều calo do cấu trúc nướng và hàm lượng trái cây.",75
1be2cb6e-e129-50a6-84c5-539b6514e030,,,Bánh quy pita đường quế (Cinnamon Sugar Pita Chips),DISH,500.0,10.7,17.9,71.4,3.6,21.4,408.0,7aa75582-4482-4305-80f6-aa6cfccec44c,,,"Bánh pita đường quế là một món ăn nhẹ có vị ngọt được làm bằng cách phủ bánh mì pita nướng hoặc chiên với hỗn hợp quế và đường cát. Gia vị tạo ra lớp vỏ caramen cân bằng hương gia vị ấm áp với kết cấu sắc nét, trong khi phần đế cung cấp lượng chất xơ khiêm tốn - mặc dù chúng thường chứa nhiều đường bổ sung và carbohydrate tinh chế hơn so với khoai tây chiên ngũ cốc nguyên hạt không đường. Khả năng tương thích của người ăn chay thay đổi tùy theo nhãn hiệu tùy thuộc vào thành phần ban đầu của bánh pita và các chất phụ gia gia vị.",75
47d9af41-d8f9-5334-ad84-af8d1f3a8e13,,,Mì kiều mạch (Buckwheat Noodles),INGREDIENT,336.0,14.4,0.71,74.6,5.3,0.0,792.0,7aa75582-4482-4305-80f6-aa6cfccec44c,,,"Mì kiều mạch, thường được gọi là soba trong ẩm thực Nhật Bản, là loại mì ống không chứa gluten được làm chủ yếu từ bột kiều mạch xay. Chúng cung cấp một hồ sơ dinh dưỡng lành mạnh, giàu chất xơ, protein từ thực vật và các khoáng chất thiết yếu như mangan và magiê. Đặc trưng bởi hương vị đất và kết cấu hơi dai, những sợi mì này thường được phục vụ ướp lạnh với nước chấm hoặc nước dùng nóng. Trong khi các loại kiều mạch nguyên chất phục vụ cho chế độ ăn nhạy cảm với gluten, một số hỗn hợp có thể chứa bột mì, cần phải xác minh trên nhãn.",75
d5d74321-b64d-5381-a24e-6bb6c72293f2,,,Cá tuyết tẩm bột chiên (Breaded Hake),DISH,176.5,9.41,7.06,17.65,1.0,1.0,377.0,7aa75582-4482-4305-80f6-aa6cfccec44c,,,"Cá tuyết tẩm bột là một món hải sản được chế biến sẵn với phi lê cá trắng có hương vị nhẹ thuộc họ cá tuyết, được phủ trong vụn bánh mì hoặc bột chiên dày dặn. Bề ngoài vàng giòn tương phản với lớp thịt ít béo, bong tróc tự nhiên của cá, mặc dù việc chiên sẽ bổ sung lượng carbohydrate và chất béo vừa phải so với các món nướng. Mặc dù bản thân cá tuyết cung cấp protein nạc và vitamin B, nhưng loại bánh mì thường chứa lúa mì, khiến phiên bản này không phù hợp với chế độ ăn không có gluten trừ khi được chỉ định.",75
b32b4f44-6185-5f57-b544-ba17c63fea40,,,"Hỗn hợp gạo trắng và gạo hoang dã, nấu chín (White and Wild Rice Mix, Cooked)",DISH,115.0,3.0,0.37,24.5,1.1,0.1,1.0,7aa75582-4482-4305-80f6-aa6cfccec44c,,,"Hỗn hợp gạo trắng và gạo hoang là hỗn hợp ngũ cốc được chuẩn bị sẵn kết hợp gạo trắng tinh luyện với gạo hoang – một loại hạt giống cỏ thủy sinh giàu dinh dưỡng có nguồn gốc từ Bắc Mỹ. Hỗn hợp nấu chín cân bằng giữa kết cấu mềm, mịn của gạo trắng với vị dai và vị đất của gạo hoang, đồng thời cung cấp nhiều chất xơ và protein hơn so với gạo trắng đơn thuần. Món ăn chủ yếu không chứa gluten này đóng vai trò như một món ăn kèm đa năng, trong đó gạo hoang góp phần chống oxy hóa và vitamin B bù đắp các chất dinh dưỡng bị mất trong quá trình xay xát gạo trắng.",75
feac0aaf-7b97-5632-88da-841ed3751369,,,Bánh mì dẹt Methi (Methi Paratha),DISH,310.0,8.0,12.3,42.0,5.0,2.0,600.0,7aa75582-4482-4305-80f6-aa6cfccec44c,,,"Methi Paratha là một loại bánh mì dẹt của Ấn Độ được làm bằng cách nhào lá cỏ cà ri tươi (methi) thành bột mì nguyên hạt đã tẩm gia vị, sau đó chiên trên vỉ nướng với bơ sữa trâu hoặc dầu. Lá cỏ cà ri mang lại hương vị thảo dược đắng đặc biệt và tăng hàm lượng chất xơ và sắt của món ăn so với bánh mì thông thường. Loại bánh mì dẹt nhiều lớp, thịnh soạn này thường được ăn như một món ăn sáng hoặc món ăn kèm trong bữa ăn, thường dùng kèm với sữa chua, dưa chua hoặc cà ri.",75
693659b6-2476-5fa7-8560-b9271ac4ebf2,,,Bánh quy pita Parmesan (Parmesan Pita Chips),DISH,464.0,10.4,18.0,65.0,3.0,2.0,500.0,7aa75582-4482-4305-80f6-aa6cfccec44c,,,"Bánh Pita Parmesan là một món ăn nhẹ dày dạn được làm bằng cách nướng hoặc chiên bánh mì pita thành hình tam giác giòn, phủ một lớp phô mai Parmesan bào và thường là tỏi hoặc rau thơm. Hương vị umami thơm ngon và độ giòn thoáng mát giúp phân biệt chúng với khoai tây chiên đặc hơn, trong khi phô mai bổ sung thêm lượng protein và canxi khiêm tốn. Những loại khoai tây chiên làm từ lúa mì này thường chứa natri và carbohydrate cao hơn so với bánh pita thông thường, đòi hỏi phải chia khẩu phần một cách thận trọng để theo dõi lượng muối hoặc gluten ăn vào.",75
883cb834-d10e-5454-913d-fd5c70382123,,,Mì đậu nành (Soy Noodles),DISH,331.0,0.1,0.1,82.3,3.9,17.4,4.0,7aa75582-4482-4305-80f6-aa6cfccec44c,,,"Mì đậu nành là một loại mì thay thế không chứa gluten được làm từ tinh bột đậu nành hoặc bột mì, cung cấp lựa chọn giàu protein, ít carbohydrate phù hợp với chế độ ăn thuần chay và ít carb. Những sợi mì trong suốt này có kết cấu chắc, dai giúp duy trì tính nguyên vẹn trong các món xào và súp, thường cần ngâm hoặc đun sôi trong thời gian ngắn trước khi sử dụng. Là nguồn protein hoàn chỉnh từ thực vật, chúng cung cấp tất cả các axit amin thiết yếu trong khi vẫn không chứa cholesterol và ít chất béo.",75
4a418f54-498a-52a0-bfa2-77690848e01b,,,Bột mì lúa mạch (Barley Flour),INGREDIENT,345.0,10.5,1.6,74.5,10.1,0.8,4.0,7aa75582-4482-4305-80f6-aa6cfccec44c,,,"Bột lúa mạch là loại bột nguyên hạt được xay từ lúa mạch đã tách vỏ, một loại ngũ cốc cổ xưa được đánh giá cao nhờ hàm lượng chất xơ hòa tan cao. Với hương vị nhẹ, hấp dẫn và hàm lượng gluten thấp hơn bột mì, nó tạo ra các món nướng đặc hơn và thường được trộn với các loại bột có hàm lượng gluten cao hơn để cải thiện cấu trúc. Loại bột này đặc biệt giàu beta-glucans, một loại chất xơ được chứng minh là hỗ trợ sức khỏe tim mạch và duy trì nhiều chất dinh dưỡng hơn các loại bột tinh chế do được chế biến từ ngũ cốc nguyên hạt.",75
894f9f40-7b2c-5f2e-ac7e-e563ed817fc9,,,"Cá mòi tẩm bột chiên, nấu chín (Breaded Sardines, Cooked)",DISH,246.0,18.0,14.0,12.0,1.5,1.5,350.0,7aa75582-4482-4305-80f6-aa6cfccec44c,,,"Cá mòi tẩm bột, nấu chín là loại cá nhỏ có dầu được bọc trong vụn bánh mì hoặc bột mì dày dặn và thường được áp chảo hoặc nướng cho đến khi giòn. Chế phẩm này làm tăng hương vị phong phú tự nhiên của chúng đồng thời bổ sung carbohydrate và chất béo không có trong cá mòi thông thường. Bề ngoài giòn tương phản với phần thịt mềm, giàu dinh dưỡng nhưng vẫn chứa nhiều protein và axit béo omega-3. Tùy thuộc vào phương pháp nấu, cá mòi tẩm bột có thể chứa gluten và có mật độ calo cao hơn so với các chế phẩm nướng hoặc đóng hộp.",75
6cf8aede-ff42-5f4a-8272-d3cd1a5d46e0,,,Bánh mì kẹp Gyro (Gyro Sandwich),DISH,171.0,12.76,4.4,19.06,1.0,1.76,183.0,7aa75582-4482-4305-80f6-aa6cfccec44c,,,"Gyro là một loại bánh sandwich truyền thống của Hy Lạp có thịt thái lát mỏng, dày dặn — thường là hỗn hợp thịt cừu và thịt bò — được phục vụ trong bánh mì pita với rau tươi và nước sốt tzatziki. Thịt được nướng theo chiều dọc trên lò quay, tạo ra sự tương phản giữa bên ngoài giòn và bên trong mềm trong khi vẫn tập trung hương vị. Món ăn giàu protein này lấy được chất béo bão hòa đáng kể từ cả thịt và nước sốt kem sữa chua, với hàm lượng natri tăng cao khi gia vị và nước sốt. Con quay truyền thống sử dụng bánh pita làm từ lúa mì và tzatziki có chứa sữa, đòi hỏi phải điều chỉnh chế độ ăn không chứa gluten hoặc không dung nạp lactose.",75
a07129aa-7f7f-5493-b0fd-9d3712701a8f,,,Hỗn hợp bánh mì ngô mặn (Savory Cornbread Mix),INGREDIENT,370.0,10.3,3.7,74.1,2.3,3.0,800.0,7aa75582-4482-4305-80f6-aa6cfccec44c,,,"Hỗn hợp bánh ngô mặn là một chế phẩm khô được trộn sẵn kết hợp bột ngô, bột mì và chất tạo men với các gia vị thơm ngon như húng tây, tiêu đen và đôi khi là phô mai. Được thiết kế để chuẩn bị nhanh chóng, nó tạo ra một loại bánh mì đặc, hơi vụn với lớp vỏ vàng khi trộn với sữa, trứng và dầu – lý tưởng để kết hợp với ớt hoặc các món nướng. Mặc dù giàu carbohydrate từ ngô nhưng hỗn hợp thương mại thường chứa thêm natri và có thể bao gồm các chất gây dị ứng như lúa mì và sữa tùy thuộc vào sự thay đổi hương vị.",75
e8263519-e531-5f31-8686-ef3ead512b27,,,Gạo hoang dã nấu nhanh (Quick Cook Wild Rice),INGREDIENT,387.0,15.3,1.4,80.5,6.9,0.5,5.0,7aa75582-4482-4305-80f6-aa6cfccec44c,,,"Gạo hoang nấu nhanh là phiên bản luộc sơ, hấp sẵn của hạt giống cỏ thủy sinh được thu hoạch theo truyền thống ở các vùng hồ Bắc Mỹ. Trong khi vẫn giữ được hương vị hấp dẫn đặc trưng và kết cấu dai của gạo hoang truyền thống, dạng chế biến này nấu trong khoảng 15-20 phút so với cách chuẩn bị tiêu chuẩn là 45 phút. Các loại ngũ cốc màu nâu sẫm vẫn giữ được hàm lượng chất xơ và protein cao - chứa gần gấp đôi lượng protein so với gạo trắng - trong khi vẫn không chứa gluten tự nhiên và ít chất béo.",75
43320177-4aee-5b34-b2d2-ead451d32307,,,Cá tuyết haddock tẩm bột chiên (Breaded Haddock),DISH,197.66,25.0,10.0,2.0,0.2,1.0,530.0,7aa75582-4482-4305-80f6-aa6cfccec44c,,,"Cá tuyết chấm bột là một loại cá trắng Bắc Đại Tây Dương được phủ bột mì hoặc vụn bánh mì dày dặn, thường được áp chảo hoặc chiên giòn để tạo nên lớp vỏ giòn bên ngoài. Trong khi cá nạc, bong tróc cung cấp protein chất lượng cao và ít chất béo tự nhiên, thì việc tẩm bột sẽ bổ sung carbohydrate và hấp thụ dầu trong khi nấu, làm tăng mật độ calo. Cách chế biến này tạo nên sự tương phản giữa hương vị nhẹ, hơi ngọt của cá với lớp vỏ vàng, giòn, mặc dù các biến thể không chứa gluten có thể sử dụng lớp phủ thay thế như bột ngô.",75
dd5b5e1d-10fe-564c-a75b-b9fb5bedd3bf,,,Lúa mạch nguyên vỏ (Hulled Barley),INGREDIENT,354.0,12.5,2.3,73.5,17.3,0.8,12.0,7aa75582-4482-4305-80f6-aa6cfccec44c,,,"Lúa mạch vỏ là loại ngũ cốc nguyên hạt được chế biến tối thiểu, chỉ loại bỏ lớp vỏ trấu bên ngoài không ăn được, giữ lại các lớp cám và mầm giàu dinh dưỡng. Loại ngũ cốc dai, có hương vị hấp dẫn này chứa nhiều chất xơ (đặc biệt là beta-glucans) và protein hơn đáng kể so với ngũ cốc tinh chế, mặc dù nó cần thời gian nấu lâu hơn so với lúa mạch trân châu. Là một loại ngũ cốc có chứa gluten, nó cung cấp khả năng giải phóng năng lượng bền vững đồng thời hỗ trợ sức khỏe tim mạch và tiêu hóa thông qua hàm lượng chất xơ hòa tan.",75
ad77ece0-28c1-509e-a4f7-a323166f381c,,,Bột mì ngô vàng (Yellow Corn Flour),INGREDIENT,375.0,5.59,1.39,82.8,1.9,0.64,1.0,7aa75582-4482-4305-80f6-aa6cfccec44c,,,"Bột ngô vàng là một loại bột không chứa gluten được làm bằng cách nghiền mịn các hạt ngô nguyên hạt khô, được phân biệt bằng màu vàng rực rỡ với các chất chống oxy hóa caroten tự nhiên như lutein và zeaxanthin. Món ăn chủ yếu này trong cách nấu ăn của người Mỹ Latinh tạo ra hương vị đất, hơi ngọt và kết cấu mềm nhưng vẫn có sạn trong các món nướng như bánh ngô và bánh ngô, đồng thời dùng làm chất thay thế cho bột mì. Mặc dù có hàm lượng protein thấp hơn bột mì nhưng nó cung cấp năng lượng nhanh chóng như một nguồn carbohydrate nhưng có tác động lên đường huyết cao hơn so với các sản phẩm thay thế ngũ cốc nguyên hạt.",75
59d1d915-42d5-50d0-8748-2a0e73120a7d,,,Bột mì đậu đen (Black Bean Flour),INGREDIENT,363.0,22.99,1.51,66.38,14.7,2.39,5.0,7aa75582-4482-4305-80f6-aa6cfccec44c,,,"Bột đậu đen là một loại bột thay thế không chứa gluten cho các loại bột ngũ cốc truyền thống, được làm bằng cách nghiền mịn đậu đen khô thành bột đậm đặc chất dinh dưỡng. Loại bột làm từ cây họ đậu này vẫn giữ được hàm lượng protein và chất xơ cao của đậu nguyên bản đồng thời cung cấp lượng sắt và folate đáng kể, mang đến lựa chọn giàu dinh dưỡng để nướng hoặc làm đặc nước sốt. Hương vị đất và kết cấu đậm đặc của nó đặc biệt hiệu quả trong bánh ngô không chứa gluten, bánh kếp mặn và làm chất tăng cường protein trong các loại bột trộn.",75
6a997384-adde-54fd-855e-06412a45aeed,,,Bánh mì táo quế (Apple Cinnamon Bread),DISH,264.0,4.0,8.0,45.0,2.0,20.0,300.0,7aa75582-4482-4305-80f6-aa6cfccec44c,,,"Bánh mì quế táo là một món nướng ngọt ngào bao gồm những miếng táo mềm và gia vị quế ấm áp bên trong lớp vỏ bánh ẩm và đặc. Táo cắt nhỏ hoặc thái hạt lựu mang lại vị ngọt tự nhiên và chất xơ, trong khi độ ẩm đặc trưng thường đến từ các chất béo bổ sung như bơ hoặc dầu. Mặc dù thường được tiếp thị như một món ăn sáng, nhưng nhiều phiên bản thương mại có chứa lượng đường bổ sung đáng kể, trái ngược với lợi ích dinh dưỡng của việc bổ sung cả trái cây. Các công thức nấu ăn truyền thống có thể kết hợp các loại gia vị bổ sung như hạt nhục đậu khấu và thường bao gồm các chất bổ sung về kết cấu như quả óc chó hoặc nho khô.",75
accac3b6-299a-5880-b123-a24936395e4b,,,Bánh cuộn Hoagie không chứa gluten (Gluten-Free Hoagie Roll),DISH,246.0,11.6,4.3,46.4,5.8,4.3,435.0,7aa75582-4482-4305-80f6-aa6cfccec44c,,,"Bánh cuộn hoagie không chứa gluten là một loại bánh mì đặc biệt được thiết kế để tái tạo kết cấu mềm nhưng chắc chắn của bánh mì cuộn truyền thống đồng thời loại bỏ các loại ngũ cốc có chứa gluten. Được làm bằng các loại bột thay thế như gạo, bột sắn hoặc tinh bột khoai tây kết hợp với kẹo cao su xanthan, nó duy trì cấu trúc vụn dai thích hợp cho các món nhân thịnh soạn. Những cuộn này thường kết hợp thêm chất xơ hoặc protein để bù đắp sự thiếu hụt dinh dưỡng trong chế độ ăn không có gluten, khiến chúng trở thành lựa chọn thiết thực cho bánh mì sandwich trong kế hoạch bữa ăn thân thiện với gluten hoặc nhạy cảm với gluten.",75
4bf8fe99-1e29-58d5-95a3-1047140ebaef,,,Bánh phồng hạt diêm mạch (Quinoa Puffs),DISH,378.0,12.0,4.7,71.6,7.0,1.4,150.0,7aa75582-4482-4305-80f6-aa6cfccec44c,,,"Bánh quinoa là một món ăn nhẹ làm từ ngũ cốc nguyên hạt đã qua chế biến bằng cách đun nóng hạt quinoa dưới áp suất cho đến khi chúng nở thành từng chùm nhẹ, thoáng mát. Trong khi vẫn giữ được trạng thái không chứa gluten và hương vị hạt nhẹ của quinoa, quá trình làm phồng làm giảm hàm lượng protein và chất xơ so với quinoa nấu chín nguyên hạt. Những chiếc bánh phồng giòn, ăn sẵn này đóng vai trò như một loại bánh có hàm lượng calo thấp cho ngũ cốc hoặc đồ ăn nhẹ, mang đến sự linh hoạt trong việc chuẩn bị nhanh chóng nhưng mật độ dinh dưỡng ít hơn so với quinoa chưa qua chế biến.",75
8a147c10-90b2-5208-9cff-296030895b8a,,,Bánh mì khoai tây bột chua (Sourdough Potato Bread),DISH,370.0,13.0,2.8,73.0,2.3,5.0,3.5,7aa75582-4482-4305-80f6-aa6cfccec44c,,,"Bánh mì khoai tây chua là một loại bánh thủ công lai kết hợp quá trình lên men bột chua truyền thống với khoai tây nghiền trong bột. Việc bổ sung khoai tây sẽ tạo ra lớp vỏ ẩm, đặc và vị ngọt tinh tế, tương phản với vị đặc trưng của bột chua, đồng thời bổ sung thêm carbohydrate phức hợp. Loại bánh mì này thường có tác động lên đường huyết thấp hơn so với bánh mì trắng tiêu chuẩn do quá trình lên men kéo dài, mặc dù nó vẫn chứa gluten từ bột mì.",95
18eee1b2-4320-5bf9-9a19-392dafc30424,,,Bột mì đậu xanh (Chickpea Flour),INGREDIENT,387.0,22.4,6.69,57.8,10.8,10.8,64.0,7aa75582-4482-4305-80f6-aa6cfccec44c,,,"Bột đậu xanh là một loại bột giàu protein, không chứa gluten, được làm bằng cách nghiền mịn đậu xanh khô, còn được gọi là bột gram hoặc bột besan trong ẩm thực Ấn Độ và Trung Đông. Với hàm lượng protein gần gấp đôi và chất xơ gấp năm lần so với bột mì đa dụng, nó cung cấp một giải pháp thay thế đậm đặc chất dinh dưỡng để nướng và chiên đồng thời mang lại hương vị đậm đà, hấp dẫn đặc biệt. Bột tạo thành kết cấu đậm đặc, kết dính khi nấu chín, lý tưởng cho các loại bánh mì dẹt như socca, các món làm từ bột như pakoras và làm chất làm đặc trong súp và món hầm.",75
151a6a33-b098-55ac-a7d2-4b2a30301d95,,,Couscous không chứa gluten (Gluten-Free Couscous),INGREDIENT,360.0,8.9,2.0,80.0,3.0,1.0,5.0,7aa75582-4482-4305-80f6-aa6cfccec44c,,,"Couscous không chứa gluten là một loại mì ống nhỏ, giống như hạt, được làm truyền thống từ bột ngô hoặc gạo như một loại thay thế không chứa lúa mì cho couscous làm từ bột báng. Trong khi bắt chước kết cấu nhẹ, mịn và đặc tính nấu nhanh của couscous truyền thống, nó mang lại hương vị trung tính cho các món mặn hoặc ngọt. Loại thay thế này chứa ít protein và chất xơ hơn so với các loại couscous nguyên hạt nhưng đóng vai trò là thực phẩm thiết thực cho chế độ ăn nhạy cảm với gluten.",75
b00127eb-b393-54af-8f88-e32d47590345,,,Gạo lứt nảy mầm (Sprouted Brown Rice),INGREDIENT,348.0,8.7,3.26,71.0,4.35,0.5,5.0,7aa75582-4482-4305-80f6-aa6cfccec44c,,,"Gạo lứt nảy mầm là loại gạo nguyên hạt trải qua quá trình nảy mầm có kiểm soát để nâng cao giá trị dinh dưỡng và khả năng tiêu hóa. Quá trình này kích hoạt các enzyme làm tăng nồng độ axit gamma-aminobutyric (GABA) và giảm axit phytic, cải thiện sự hấp thụ khoáng chất trong khi vẫn giữ lại lớp cám và mầm để có hàm lượng chất xơ và protein cao. Quá trình nảy mầm làm mềm kết cấu của hạt, dẫn đến hương vị ngọt hơn một chút và thời gian nấu ngắn hơn so với gạo lứt thông thường, khiến nó trở thành lựa chọn giàu chất dinh dưỡng cho các món ăn kèm và bát ngũ cốc.",75
d5cd97a9-6380-543e-a6c4-6a665a6cf773,,,Mảnh lúa mạch (Barley Flakes),INGREDIENT,354.0,12.0,2.3,73.5,17.0,1.0,12.0,7aa75582-4482-4305-80f6-aa6cfccec44c,,,"Lúa mạch mảnh là những mảnh ngũ cốc nguyên hạt được tạo ra bằng cách hấp, cán và sấy khô hạt lúa mạch đã tách vỏ, cung cấp giải pháp thay thế nấu nhanh hơn cho lúa mạch nguyên hạt. Tương tự như yến mạch cán về kết cấu và thời gian chế biến, chúng mang lại độ dai dai với hương vị nhẹ nhàng, hấp dẫn khi nấu chín. Những mảnh này giữ lại hàm lượng chất xơ cao của lúa mạch, đặc biệt là beta-glucans được biết đến với tác dụng hỗ trợ sức khỏe tim mạch và là nguồn cung cấp các khoáng chất thiết yếu như selen và mangan. Mặc dù có thể chế biến thành các món cháo, súp và đồ nướng nhưng chúng có chứa gluten và không phù hợp với chế độ ăn kiêng dành cho người bệnh celiac.",75
b77a1236-7ec4-5bf1-8f7f-b4ebea0b11b9,,,Bánh cuộn đa hạt không chứa gluten (Gluten-Free Multigrain Roll),DISH,329.0,11.8,11.6,44.3,11.2,4.2,507.0,7aa75582-4482-4305-80f6-aa6cfccec44c,,,"Bánh cuộn nhiều loại không chứa gluten là một sản phẩm bánh mì nướng được làm bằng hỗn hợp các loại bột thay thế như gạo, lúa miến hoặc bột hạnh nhân, kết hợp với các loại hạt giàu dinh dưỡng như quinoa, lanh hoặc chia. Không giống như các loại bánh cuộn làm từ lúa mì truyền thống, nó mang lại kết cấu đậm đà và hương vị hấp dẫn trong khi không chứa gluten, khiến nó phù hợp với chế độ ăn kiêng dành cho người celiac hoặc nhạy cảm với gluten. Việc bao gồm ngũ cốc nguyên hạt và hạt giúp tăng hàm lượng chất xơ và protein từ thực vật, mặc dù mật độ và khả năng giữ ẩm của nó hơi khác so với bánh mì thông thường.",75
391aa801-ae37-5e97-bdc1-6e03891efbd7,,,Bánh mì dẹt Gobhi (Gobhi Paratha),DISH,240.0,7.0,9.0,34.0,4.0,3.0,520.0,7aa75582-4482-4305-80f6-aa6cfccec44c,,,"Gobhi paratha là một loại bánh mì dẹt nhồi của Bắc Ấn Độ được làm bằng cách bọc nhân súp lơ tẩm gia vị (gobhi) bên trong bột mì nguyên hạt, sau đó nướng trên vỉ để tạo ra các lớp vàng, bong tróc. Món ăn thịnh soạn này cung cấp chất xơ từ cả vỏ ngũ cốc nguyên hạt và nhân rau, mặc dù mật độ calo của nó tăng lên khi dùng bơ sữa trâu hoặc dầu truyền thống được sử dụng trong quá trình nấu nướng. Thường được phục vụ với sữa chua hoặc dưa chua, bản thân nó có chức năng như một bữa ăn cân bằng và đặc biệt phổ biến như một món ăn sáng hoặc bữa trưa trong ẩm thực Punjabi.",75
7c499d50-7b26-5a51-a235-52ba45ab753d,,,Bánh mì cám yến mạch không đường (Sugar-Free Oat Bran Bread),DISH,236.0,10.4,4.4,40.0,4.5,7.7,353.0,7aa75582-4482-4305-80f6-aa6cfccec44c,,,"Bánh mì cám yến mạch không đường là một loại bánh nướng nguyên hạt được làm chủ yếu từ cám yến mạch, lớp ngoài giàu chất xơ của hạt yến mạch. Loại bánh mì không đường này cung cấp một nguồn chất xơ hòa tan đáng kể, hỗ trợ sức khỏe tiêu hóa và giúp ổn định lượng đường trong máu. Kết cấu đậm đặc, hơi dai và hương vị hạt nhẹ khiến nó trở nên lý tưởng cho bánh mì nướng hoặc bánh mì sandwich, đồng thời việc không thêm đường phục vụ cho chế độ ăn ít carb và thân thiện với bệnh nhân tiểu đường.",75
a5032c63-3a68-5fd1-b9c2-66cb12bff017,,,Gạo hoang dã đen (Black Wild Rice),INGREDIENT,361.0,14.7,1.3,75.2,5.6,2.5,5.0,7aa75582-4482-4305-80f6-aa6cfccec44c,,,"Lúa đen hoang dã là một loại hạt giống cỏ thủy sinh giàu dinh dưỡng có nguồn gốc từ các hồ ở Bắc Mỹ, được thu hoạch theo truyền thống bởi các cộng đồng bản địa. Bất chấp tên gọi của nó, loại ngũ cốc thay thế không chứa gluten này chứa nhiều protein hơn 30% và gấp đôi chất xơ so với gạo lứt, với chất chống oxy hóa anthocyanin đáng chú ý giúp hạt của nó có màu tím đen đậm. Những hạt dài, mảnh cần nấu 45-60 phút để đạt được kết cấu dai đặc trưng và hương vị đất, hơi khói, khiến chúng trở thành một sự bổ sung đậm đà cho các món nhồi, salad và bát ngũ cốc.",75
d9cdbe51-7bfe-5a2e-b21d-581e66596d4c,,,Cá minh thái tẩm bột chiên (Breaded Pollock),DISH,224.0,14.1,9.4,20.0,2.4,2.4,435.0,7aa75582-4482-4305-80f6-aa6cfccec44c,,,"Cá minh thái tẩm bột là một sản phẩm hải sản được chế biến sẵn có phi lê cá minh thái trắng bong mịn được phủ trong vụn bánh mì hoặc bột chiên dày dặn. Loại cá có hương vị nhẹ này cung cấp protein nạc, trong khi lớp ngoài giòn bổ sung thêm carbohydrate và chất béo tùy theo phương pháp nấu — thường áp chảo hoặc chiên giòn đối với các sản phẩm thương mại. Thường được bán đông lạnh dưới dạng cá que hoặc phi lê, nó cung cấp nguồn omega-3 phù hợp túi tiền, mặc dù giá trị dinh dưỡng khác nhau đáng kể giữa các món nướng và chiên.",75
68d1cf83-50f7-5a18-bbc1-9ded483471c7,,,Lúa mì Bulgur hạt thô (Coarse Bulgur Wheat),INGREDIENT,352.0,10.6,2.0,77.8,4.5,0.5,10.0,7aa75582-4482-4305-80f6-aa6cfccec44c,,,"Lúa mì bulgur thô là loại ngũ cốc nguyên hạt được chế biến tối thiểu bằng cách luộc chín, sấy khô và bẻ hạt lúa mì nguyên hạt thành những miếng lớn, dai. Phương pháp chế biến này bảo quản cám và mầm, cung cấp nhiều chất xơ hơn và chỉ số đường huyết thấp hơn so với ngũ cốc tinh chế trong khi chỉ cần thời gian nấu 10-15 phút. Kết cấu chắc chắn của nó phù hợp với các món salad như tabbouleh và bát đựng ngũ cốc, giúp phân biệt nó với các loại bulgur xay mịn hơn thường được sử dụng trong các món ăn yêu cầu kết cấu mềm hơn.",75
4d3c6418-0cc3-539f-b09f-35c6e52538e8,,,Bánh mì kẹp Pastrami (Pastrami Sandwich),DISH,196.0,15.0,4.1,23.4,2.3,3.5,850.0,7aa75582-4482-4305-80f6-aa6cfccec44c,,,"Pastrami Sandwich là một món ăn ngon cổ điển tập trung vào món pastrami thái lát mỏng - món ức bò ngâm nước muối, hun khói và hấp theo truyền thống gắn liền với ẩm thực người Mỹ gốc Do Thái. Thịt tẩm gia vị thường được xếp cao trên bánh mì lúa mạch đen và ăn kèm với mù tạt cay, tạo nên sự kết hợp đặc trưng giữa kết cấu mềm và hương vị đậm đà, cay. Mặc dù giàu protein nhưng loại bánh sandwich này có xu hướng chứa nhiều natri và chất béo bão hòa do cách chế biến thịt đã qua xử lý và thường xuyên sử dụng các miếng mỡ.",75
f77dd3fd-579f-5963-a4a1-24a19ee27c20,,,Bột mì hạt diêm mạch (Quinoa Flour),INGREDIENT,385.0,11.9,6.6,69.5,6.3,0.5,6.32,7aa75582-4482-4305-80f6-aa6cfccec44c,,,"Bột quinoa là một loại bột thay thế nướng không chứa gluten được làm bằng cách nghiền mịn hạt quinoa nguyên hạt, giữ lại thành phần protein hoàn chỉnh và chất dinh dưỡng của hạt giống cổ xưa. Loại bột màu vàng nhạt này chứa tất cả chín axit amin thiết yếu và mang lại hàm lượng chất xơ và khoáng chất cao hơn bột mì truyền thống, mặc dù kết cấu đậm đặc của nó thường cần phải trộn với các loại bột nhẹ hơn để có kết quả nướng tối ưu. Hương vị đặc trưng của đất, hấp dẫn của quinoa vẫn còn hiện diện, khiến nó đặc biệt phổ biến trong các loại bánh mì, bánh kếp không chứa gluten và các thanh đồ ăn nhẹ giàu chất dinh dưỡng.",75
59051489-2240-5703-8f44-c88ad570650a,,,Bánh mì giòn có hạt (Seeded Crispbread),INGREDIENT,470.0,20.0,25.0,42.0,13.0,2.0,500.0,7aa75582-4482-4305-80f6-aa6cfccec44c,,,"Bánh mì giòn có hạt là một loại bánh quy giòn nguyên hạt kiểu Scandinavia, đặc trưng bởi hỗn hợp đậm đặc của ngũ cốc nguyên hạt và nhiều loại hạt như hạt lanh, vừng và hướng dương. Loại bánh mì thay thế được chế biến tối thiểu này cung cấp đáng kể chất xơ và chất béo không bão hòa lành mạnh từ hàm lượng hạt của nó, với nhiều loại không chứa gluten tự nhiên. Những chiếc bánh quy khô, mỏng duy trì độ giòn vừa ý và dùng làm lớp nền linh hoạt cho cả lớp phủ ngọt và mặn trong khi cung cấp mật độ calo thấp hơn so với bánh mì truyền thống.",75
e72554e1-c3bc-52d3-82a8-05c67678e609,,,Bánh tráng gạo (Rice Paper),INGREDIENT,345.9,7.67,1.77,74.83,2.32,0.46,1779.18,7aa75582-4482-4305-80f6-aa6cfccec44c,,,"Bánh tráng bao gồm những tấm mỏng, mờ được làm chủ yếu từ bột gạo và nước, theo truyền thống được sử dụng trong ẩm thực Việt Nam và Đông Nam Á. Những viên tròn mỏng manh này biến đổi từ những chiếc đĩa giòn thành những lớp giấy gói dẻo khi được ngâm trong nước ấm một thời gian ngắn, khiến chúng trở nên lý tưởng cho món chả giò tươi và các món ăn gói khác. Là một sản phẩm không chứa gluten tự nhiên, bánh tráng cung cấp một giải pháp thay thế linh hoạt cho các loại giấy gói làm từ lúa mì đồng thời bổ sung lượng calo tối thiểu cho các món ăn.",75
f27652a1-1942-5dca-8569-83404e5cfb7c,,,Cơm biryani (Biryani),DISH,142.5,8.0,4.75,16.5,2.15,1.25,120.0,7aa75582-4482-4305-80f6-aa6cfccec44c,,,"Biryani là món cơm nhiều lớp gồm gạo basmati thơm, thịt mềm (thường là thịt gà hoặc thịt cừu) và sự pha trộn phức tạp của các loại gia vị Trung Đông bao gồm nghệ tây, bạch đậu khấu và nghệ. Bữa ăn hoàn chỉnh này được chế biến theo kiểu truyền thống bằng cách xen kẽ các lớp cơm dày dạn với thịt và rau đã ướp, để hương vị hòa quyện trong khi nấu. Món ăn thu được cung cấp sự kết hợp cân bằng giữa protein, carbohydrate phức tạp và rau, với mỗi khẩu phần cung cấp khoảng 270-300 calo.",75
7b7dfda0-b8ab-5bfa-acc8-305df1a273f2,,,Bánh quy pita tỏi và thảo mộc (Garlic and Herb Pita Chips),INGREDIENT,450.0,10.0,16.7,63.3,3.33,3.33,850.0,7aa75582-4482-4305-80f6-aa6cfccec44c,,,"Bánh pita tỏi và thảo mộc là loại bánh quy giòn ăn nhẹ được làm từ bánh mì pita cắt lát và nướng. Những miếng khoai tây chiên giòn này thường được nướng thay vì chiên, cung cấp một lựa chọn thay thế nhẹ nhàng hơn cho khoai tây chiên truyền thống đồng thời có gia vị tỏi, thảo mộc và dầu ô liu lấy cảm hứng từ Địa Trung Hải. Kết cấu chắc chắn khiến chúng trở nên lý tưởng để chấm với món hummus hoặc các loại phết khác, trong khi bột mì làm từ bột mì cung cấp nhiều protein và chất xơ hơn so với khoai tây chiên thông thường.",75
31a0f1c3-af89-5254-8e0c-4b602efdf9f5,,,Gạo lứt với rau củ (Brown Rice with Vegetables),DISH,100.0,2.54,1.4,19.14,3.0,1.5,50.0,7aa75582-4482-4305-80f6-aa6cfccec44c,,,"Cơm gạo lứt rau củ là món ăn giàu dinh dưỡng kết hợp gạo lứt nguyên hạt dai với các loại rau hấp hoặc xào như bông cải xanh, cà rốt, đậu Hà Lan. Lớp cám nguyên vẹn của gạo lứt cung cấp nhiều chất xơ và khoáng chất hơn đáng kể so với gạo trắng, trong khi hỗn hợp rau củ bổ sung vitamin A, C và chất chống oxy hóa. Chế phẩm cân bằng này giữ lại tối đa chất dinh dưỡng thông qua các phương pháp nấu ăn nhẹ nhàng và đóng vai trò là nền tảng linh hoạt cho protein hoặc một bữa ăn chay độc lập.",95
f2ba8aec-3738-5568-a284-eadef90ce2c0,,,"Bột yến mạch, mặn (Oatmeal, Savory)",DISH,300.0,11.0,6.0,56.0,9.0,1.0,1100.0,7aa75582-4482-4305-80f6-aa6cfccec44c,,,"Bột yến mạch mặn là chế phẩm từ yến mạch nấu chín được trộn với các loại thảo mộc, rau và các nguyên liệu giàu vị umami thay vì lớp phủ ngọt truyền thống. Món ăn đa năng này vẫn giữ được hàm lượng chất xơ hòa tan cao trong yến mạch, bao gồm cả beta-glucan có lợi cho tim, đồng thời cung cấp một loại thay thế ít đường hơn cho ngũ cốc ăn sáng. Thường được tăng cường với các chất bổ sung như trứng luộc, bơ hoặc rau nướng, bột yến mạch thơm ngon đóng vai trò là nền tảng giàu dinh dưỡng cho các bữa ăn cân bằng suốt cả ngày. Yến mạch không chứa gluten đã được chứng nhận giúp sản phẩm này có thể thích ứng với các nhu cầu ăn kiêng khác nhau.",75
160dc09e-8d33-5eb1-bd43-2b422e7e9c4f,,,Aish Baladi (bánh mì Ai Cập) (Aish Baladi (Egyptian Bread)),DISH,270.0,9.0,1.5,56.0,4.0,1.5,400.0,7aa75582-4482-4305-80f6-aa6cfccec44c,,,"Aish Baladi là loại bánh mì dẹt truyền thống của Ai Cập được làm từ bột mì nguyên hạt và nướng ở nhiệt độ cao trong lò nướng chuyên dụng. Đặc trưng bởi những vết cháy đen đặc biệt và phần bên trong dai với túi khí lớn, loại bánh mì chủ yếu này cung cấp nhiều chất xơ hơn so với bánh mì dẹt làm từ bột mì tinh chế trong khi vẫn thân thiện với người ăn chay thông qua danh sách thành phần đơn giản gồm bột mì, nước, muối và chất tạo men tự nhiên. Nó đóng vai trò là nền tảng trong các bữa ăn của người Ai Cập, thường được sử dụng để múc các món hầm hoặc gói thịt và rau nướng.",75
4c181572-7867-520c-92af-8dd5e1c5728d,,,Bánh mì hành tây bột chua (Sourdough Onion Bread),DISH,300.0,10.5,5.0,55.0,3.5,3.0,400.0,7aa75582-4482-4305-80f6-aa6cfccec44c,,,"Bánh mì hành tây chua là một loại bánh mì làm từ lúa mì lên men có hành tây caramen nướng trong lớp vỏ thơm, thoáng mát. Cách chế biến truyền thống sử dụng nấm men hoang dã để phân hủy một phần gluten và axit phytic trong quá trình lên men chậm, có khả năng tăng cường khả năng tiêu hóa và hấp thu khoáng chất so với bánh mì thông thường. Những miếng hành tây ngọt, mặn tương phản với lớp vỏ dai của bánh mì và hương vị có tính axit nhẹ, tạo nên một ổ bánh mì thủ công cân bằng lý tưởng cho các loại bánh mì sandwich hoặc các lựa chọn bánh mì nướng có ý thức về chất dinh dưỡng.",95
fd094ee9-8ff1-50ad-8477-671fc5863eb9,,,Bánh quy giòn yến mạch không chứa gluten (Gluten-Free Oatmeal Crackers),DISH,455.0,9.0,18.0,64.0,9.1,1.0,727.0,7aa75582-4482-4305-80f6-aa6cfccec44c,,,"Bánh quy yến mạch không chứa gluten là món ăn nhẹ nướng kết hợp yến mạch nguyên hạt với các loại bột thay thế như gạo hoặc hạnh nhân để duy trì thành phần không chứa lúa mì. Những chiếc bánh quy giòn, hơi ngọt này cung cấp nguồn chất xơ hòa tan tốt từ beta-glucan, được biết là hỗ trợ sức khỏe tim mạch, trong khi yến mạch được chứng nhận không chứa gluten đảm bảo an toàn cho chế độ ăn kiêng dành cho người bệnh celiac. Kết cấu chắc chắn của chúng khiến chúng trở nên lý tưởng để kết hợp với pho mát, bơ hạt hoặc món hummus như một lựa chọn ăn nhẹ bổ dưỡng.",75
22d21cb8-3abe-5982-aa99-88f4173f8d97,,,Hạt diêm mạch đỏ (Red Quinoa),INGREDIENT,360.18,12.8,7.0,67.2,12.3,3.05,0.6,7aa75582-4482-4305-80f6-aa6cfccec44c,,,"Quinoa đỏ là một loại hạt giàu dinh dưỡng của hạt Andean cổ đại, được phân biệt bởi màu nâu đỏ đậm và hương vị hơi đất so với quinoa trắng. Loại ngũ cốc nguyên hạt này chứa tất cả chín axit amin thiết yếu như một nguồn protein hoàn chỉnh, với mức độ chống oxy hóa cao hơn nhờ sắc tố tự nhiên của nó. Khi nấu chín, quinoa đỏ duy trì kết cấu chắc hơn và hương vị hấp dẫn hơn, yêu cầu cách chế biến tương tự thông qua đun sôi nhưng mang lại sự hấp dẫn thị giác hơn cho các món ăn. Hàm lượng chất xơ cao và thành phần khoáng chất phong phú, bao gồm sắt và magiê, khiến nó đặc biệt có giá trị đối với chế độ ăn không có gluten và thực vật.",75
b5bea1ba-e50f-5234-a942-616f328cb2c2,,,Bánh mì dẹt Paratha (Paratha),DISH,250.0,6.43,7.14,40.0,5.0,1.43,357.14,7aa75582-4482-4305-80f6-aa6cfccec44c,,,"Paratha là một loại bánh mì dẹt Nam Á nhiều lớp, đặc biệt nổi bật trong ẩm thực Pakistan. Loại bánh mì làm từ lúa mì này nổi bật nhờ lớp ngoài xốp, giòn và phần bên trong mềm, đạt được nhờ một phương pháp chuẩn bị đặc biệt trong đó bột được gấp lại nhiều lần và chiên trong bơ sữa trâu hoặc dầu. Khi được phục vụ trong nhà hàng, parathas thường được phết thêm bơ hoặc bơ sữa trâu, khiến chúng có nhiều calo hơn các loại bánh mì dẹt khác và có thể thưởng thức đơn giản hoặc nhồi với khoai tây, thịt hoặc rau gia vị.",75
f26e3bd7-dc5e-5bb0-b6bc-151ccda3e440,,,Bánh quy giòn bột mì dẹt lúa mạch đen (Rye Flatbread Crackers),DISH,366.0,7.9,1.3,82.2,16.5,1.07,410.0,7aa75582-4482-4305-80f6-aa6cfccec44c,,,"Bánh quy giòn lúa mạch đen là loại bánh nướng mỏng, giòn kiểu Scandinavia được làm truyền thống bằng bột lúa mạch đen, mang đến sự thay thế thịnh soạn cho bánh quy giòn làm từ lúa mì. Kết cấu đậm đặc và hương vị đất, hơi thơm của chúng bắt nguồn từ đặc tính tự nhiên của lúa mạch đen, trong khi quá trình nướng tạo ra độ giòn chắc lý tưởng cho các món phủ trên như cá hun khói hoặc phô mai. Những chiếc bánh quy giòn này đặc biệt có hàm lượng chất xơ và carbohydrate phức hợp cao, cung cấp năng lượng bền vững, mặc dù chúng chứa gluten với lượng nhỏ hơn so với các sản phẩm lúa mì.",75
fa2c2fa0-be71-5100-ae97-e6dd8da32d62,,,Bánh mì lúa mạch đen đen (Pumpernickel Bread),DISH,233.0,7.1,2.32,48.22,7.6,1.83,509.0,7aa75582-4482-4305-80f6-aa6cfccec44c,,,"Bánh mì Pumpernickel là một loại bánh mì lúa mạch đen truyền thống của Đức được làm từ bột lúa mạch đen nguyên hạt được nghiền thô và lên men với bột chua ban đầu. Màu nâu sẫm đặc trưng của nó, kết cấu đậm đặc và hương vị đất ngọt nhẹ phát triển thông qua quá trình nướng chậm kéo dài ở nhiệt độ thấp. Loại bánh mì giàu dinh dưỡng này cung cấp lượng chất xơ đáng kể và có chỉ số đường huyết thấp hơn so với bánh mì làm từ lúa mì, khiến nó trở thành nguồn năng lượng bền vững. Phiên bản đích thực không chứa màu nhân tạo, không giống như một số loại thương mại sử dụng chất phụ gia như mật đường.",75
9aee2793-b3b0-5a43-a2d5-924de1284f0e,,,Bánh quy giòn bột mì dẹt thảo mộc (Herb Flatbread Crackers),INGREDIENT,430.0,9.0,17.0,65.0,2.5,3.0,550.0,7aa75582-4482-4305-80f6-aa6cfccec44c,,,"Bánh quy giòn thảo mộc là loại bánh nướng giòn mỏng được làm từ bột mì đã được làm giàu và được nêm với hỗn hợp các loại thảo mộc khô như hương thảo, húng tây hoặc lá oregano. Quá trình làm giàu bổ sung thêm các chất dinh dưỡng thiết yếu như sắt và vitamin B, trong khi dịch truyền thảo mộc mang lại hương vị đậm đà mà không bổ sung thêm chất béo đáng kể. Những chiếc bánh quy giòn này duy trì kết cấu nhẹ, giòn lý tưởng để kết hợp với nước chấm, pho mát hoặc bánh charcuterie, cung cấp một lựa chọn thay thế ít chất béo hơn cho nhiều loại bánh quy bơ truyền thống.",75
27698396-027c-5ff7-b6ef-f9e5774e51f1,,,Bánh mì bột chua không chứa gluten (Gluten-Free Sourdough Bread),DISH,250.0,4.2,4.2,50.0,8.3,2.5,604.0,7aa75582-4482-4305-80f6-aa6cfccec44c,,,"Bánh mì bột chua không chứa gluten là một sản phẩm bánh lên men tái tạo hương vị thơm của bột chua truyền thống bằng cách sử dụng các loại bột thay thế như gạo, kiều mạch hoặc hạnh nhân thay vì lúa mì. Quá trình lên men kéo dài với vi khuẩn tự nhiên sẽ phá vỡ tinh bột, có khả năng cải thiện khả năng tiêu hóa và tạo ra kết cấu nhẹ hơn so với bánh mì không chứa gluten thông thường. Mặc dù đặc hơn bột chua làm từ lúa mì, nhưng nó mang lại một lựa chọn đầy hương vị cho những người mắc bệnh celiac hoặc nhạy cảm với gluten, thường có hàm lượng axit phytic giảm để hấp thụ chất dinh dưỡng tốt hơn.",75
d5104599-d711-5526-a399-dc0037bff88f,,,Mì đậu xanh (Mung Bean Noodles),INGREDIENT,352.0,0.16,0.06,86.1,0.5,0.0,10.0,7aa75582-4482-4305-80f6-aa6cfccec44c,,,"Mì đậu xanh (thường được gọi là mì thủy tinh) là loại sợi trong suốt, không chứa gluten được làm từ tinh bột đậu xanh, trở nên dai và hơi đàn hồi khi nấu chín. Những sợi mì có hương vị trung tính này hấp thụ nước sốt một cách hiệu quả và là nguyên liệu chính trong các món ăn châu Á như món xào và chả giò, chỉ cần đun sôi hoặc ngâm trong thời gian ngắn để chuẩn bị. Mặc dù có hàm lượng protein và chất xơ thấp hơn đậu xanh nguyên hạt nhưng chúng cung cấp nguồn carbohydrate phức tạp với chỉ số đường huyết thấp hơn so với nhiều loại mì hoặc mì gạo.",75
33f97a3d-04bd-5129-aaee-0632180fb15d,,,Bánh cuộn Parker House (Parker House Rolls),DISH,304.0,10.6,7.1,49.5,1.8,4.0,336.0,7aa75582-4482-4305-80f6-aa6cfccec44c,,,"Bánh cuộn Parker House là một loại bánh mì cuộn cổ điển của Mỹ có nguồn gốc từ Khách sạn Parker House lịch sử ở Boston, được nhận biết bởi hình dạng gấp đặc trưng và lớp vỏ bơ mềm mại. Những cuộn bột giàu dinh dưỡng này được phết bơ trước khi nướng, tạo nên phần bên trong mềm mại với nếp gấp bên ngoài hơi giòn. Mặc dù có hàm lượng chất béo cao hơn so với bánh cuộn tiêu chuẩn do hàm lượng bơ, nhưng chúng vẫn là món ăn chủ yếu trong các bữa ăn ngày lễ và những dịp đặc biệt nơi có bánh mì béo ngậy, dễ chịu.",75
2ee2f4ac-809f-5b24-aedc-a221197983bc,,,Bánh mì hành tây nguyên cám (Whole Wheat Onion Bread),DISH,302.0,11.0,5.0,53.0,6.0,4.0,540.0,7aa75582-4482-4305-80f6-aa6cfccec44c,,,"Bánh mì hành tây nguyên hạt là một loại bánh nướng giàu chất dinh dưỡng được làm từ bột ngũ cốc nguyên hạt và tẩm với hành tươi hoặc caramen. Loại bánh mì này giữ lại cám và mầm của hạt lúa mì, cung cấp nhiều chất xơ và khoáng chất hơn bánh mì trắng, đồng thời hành tây đóng góp chất chống oxy hóa và mang lại hương vị mặn ngọt. Kết cấu đậm đà, hơi đặc của nó rất phù hợp với nhân bánh sandwich hoặc súp đậm đà, mặc dù hàm lượng natri có thể thay đổi tùy theo việc bổ sung gia vị.",95
bb7d5c26-2b76-5340-99e8-032dd1f4a693,,,Bánh cuộn phô mai cheddar (Cheddar Roll),DISH,276.0,12.0,5.2,43.0,1.7,3.4,535.0,7aa75582-4482-4305-80f6-aa6cfccec44c,,,"Cheddar Roll là một món nướng mặn có bột bánh mì mềm chứa đầy hoặc nhiều lớp phô mai cheddar sắc nét. Phô mai tan chảy trong quá trình nướng, tạo ra những túi có hương vị đậm đà, thơm và sự tương phản giữa lớp vỏ màu nâu vàng và phần bên trong mềm. Món ăn nhẹ hoặc món ăn kèm giàu protein này lấy khoảng 20-30% lượng calo từ chất béo bão hòa tùy thuộc vào hàm lượng phô mai, khiến nhận thức về khẩu phần có giá trị đối với các chế độ ăn kiêng cụ thể. Thường được phục vụ khi còn nóng cùng với súp hoặc salad, nó khác với bánh mì cuộn thông thường ở chỗ có vị sến rõ rệt.",75
0e2993ea-7fc9-55ad-9861-71fa160fd070,,,Bột mì 00 (00 Flour),INGREDIENT,357.0,11.4,1.52,74.4,2.66,0.3,0.0,7aa75582-4482-4305-80f6-aa6cfccec44c,,,"00 Flour (phát âm là 'doppio zero') là một loại bột mì được phân loại của Ý biểu thị kết cấu siêu mịn đạt được thông qua quá trình xay xát chuyên dụng. Bột mì trắng tinh chế này tạo thành nền tảng của bột bánh pizza Neapolitan đích thực và mì ống tươi, tạo ra bột nhào đặc biệt mịn, đàn hồi với khả năng co giãn vượt trội. Mặc dù hàm lượng protein thay đổi tùy theo nhãn hiệu, hầu hết các loại bột 00 đều chứa 11-13% protein tạo gluten, mang lại sự cân bằng giữa độ mềm và tính toàn vẹn cấu trúc, lý tưởng cho các ứng dụng có lớp vỏ mỏng.",75
8d77c7ab-657e-5cb1-904b-b28e2c4f516c,,,Bánh mì pita không chứa gluten (Gluten-Free Pita Bread),DISH,267.0,3.36,6.0,49.0,3.3,1.0,400.0,7aa75582-4482-4305-80f6-aa6cfccec44c,,,"Bánh mì pita không chứa gluten là một loại bánh mì dẹt thay thế không chứa lúa mì được thiết kế để tái tạo cấu trúc túi của bánh pita truyền thống đồng thời đáp ứng các hạn chế về chế độ ăn uống. Được làm bằng hỗn hợp các loại bột như gạo, đậu xanh hoặc bột sắn, nó đạt được kết cấu đặc hơn nhưng dẻo hơn một chút khi nấu chín, thường có thêm các lợi ích dinh dưỡng như tăng chất xơ hoặc protein từ thực vật. Loại bánh mì đa năng này lý tưởng để làm món bọc, bánh mì sandwich hoặc món nhúng, mang đến lựa chọn an toàn cho những người mắc bệnh celiac hoặc nhạy cảm với gluten.",75
9f6f81c6-88b6-553e-bd06-db527663be57,,,Bột mì kiều mạch (Buckwheat Flour),INGREDIENT,353.0,10.44,2.64,72.5,7.55,1.35,0.2,7aa75582-4482-4305-80f6-aa6cfccec44c,,,"Bột kiều mạch là một loại bột giàu dinh dưỡng, không chứa gluten, được xay từ hạt hình tam giác của cây kiều mạch, một loại giả ngũ cốc không liên quan đến lúa mì. Với hương vị đất đậm đà và màu sẫm, loại bột nguyên hạt này giữ lại tất cả các phần của hạt, cung cấp chất xơ đáng chú ý và protein hoàn chỉnh chứa tất cả chín axit amin thiết yếu. Nó được sử dụng như một chất thay thế lúa mì phổ biến trong bánh kếp, mì soba và các món nướng đặc, mặc dù thường được trộn với các loại bột nhẹ hơn để cân bằng hương vị và kết cấu đậm đà của nó.",75
e1e44196-56e1-5956-bc9a-bf0c115b54d5,,,Bột mì lúa mì cứng (Durum Wheat Flour),INGREDIENT,351.58,12.4,1.6,74.0,6.3,1.7,1.6,7aa75582-4482-4305-80f6-aa6cfccec44c,,,"Bột mì cứng là sản phẩm xay xát có hàm lượng protein cao được làm độc quyền từ lúa mì cứng, loại lúa mì cứng nhất thông thường. Cấu trúc gluten dày đặc của nó mang lại độ đàn hồi đặc biệt, khiến nó trở thành loại bột được ưa thích để sản xuất mì ống và bánh mì Địa Trung Hải. Màu vàng đặc biệt của bột mì đến từ các sắc tố caroten tự nhiên trong hạt, trong khi kết cấu thô và tỷ lệ hấp thụ độ ẩm thấp đảm bảo mang lại kết quả lý tưởng cho các loại mì ống có hình dạng.",75
b833435e-6522-5d1e-b5e9-1e3bb1b5f2eb,,,Mì bí xanh (Zucchini Noodles),INGREDIENT,17.0,1.25,0.3,3.1,1.0,2.2,8.0,7aa75582-4482-4305-80f6-aa6cfccec44c,,,"Mì bí ngòi, thường được gọi là mì, là những sợi rau tươi xoắn ốc được làm từ bí mùa hè, dùng để thay thế ít carbohydrate cho mì ống truyền thống. Chế phẩm không chứa gluten này giữ lại hàm lượng nước cao của bí xanh và cung cấp chất xơ trong khi lượng calo thấp hơn đáng kể so với mì làm từ ngũ cốc. Hương vị nhẹ nhàng của chúng thích hợp với nước sốt, mặc dù chúng cần thời gian nấu ngắn để duy trì kết cấu mềm-sắc bắt chước mì ống al dente mà không bị nhão.",75
6b955960-fe41-5a29-a725-6b7f96887317,,,Bánh mì ngô kiểu Mexico (Mexican Cornbread),DISH,229.0,9.0,14.0,18.0,2.0,7.0,91.0,7aa75582-4482-4305-80f6-aa6cfccec44c,,,"Bánh ngô Mexico là một biến thể mặn của bánh ngô truyền thống ở Tây Nam Hoa Kỳ, được đặc trưng bởi các thành phần bổ sung như ớt thái hạt lựu, phô mai cắt nhỏ và hạt ngô nguyên hạt. Phiên bản này thường sử dụng ít đường hơn so với phiên bản cổ điển của nó, thay vào đó tập trung vào vị cay, vị umami từ ớt jalapeños hoặc ớt poblano trộn vào nền bột ngô. Kết quả là một chiếc bánh mì đặc, ẩm với các túi phô mai tan chảy và thỉnh thoảng tỏa nhiệt, thường được phục vụ cùng với ớt hoặc như một món ăn thịnh soạn trong các bữa ăn Tex-Mex.",75
cbe3b14a-eaac-5aa8-ae24-41ee2fb0f25f,,,Lúa mì Bulgur hạt mịn (Fine Bulgur Wheat),INGREDIENT,342.0,12.3,1.33,75.9,12.5,0.41,17.0,7aa75582-4482-4305-80f6-aa6cfccec44c,,,"Lúa mì bulgur hảo hạng là một loại ngũ cốc nguyên hạt được luộc sơ, nứt làm từ lúa mì cứng, được biết đến nhờ chế biến nhanh và hương vị hấp dẫn. Kết cấu dạng hạt nhỏ của nó cho phép nó bù nước nhanh chóng trong nước nóng hoặc nước dùng, khiến nó trở nên lý tưởng cho các món salad như tabbouleh hoặc làm lớp nền cho các bát ngũ cốc. Là một loại ngũ cốc nguyên hạt được chế biến tối thiểu, nó vẫn giữ được chất xơ và chất dinh dưỡng đáng kể như mangan và sắt, mặc dù có chứa gluten và không phù hợp với chế độ ăn không có gluten.",75
5c2556a6-fe0c-5ff3-a76d-8fd513a60fa8,,,Bánh mì Pháp không chứa gluten (Gluten-Free French Toast),DISH,260.0,7.8,12.0,31.0,2.5,8.0,350.0,7aa75582-4482-4305-80f6-aa6cfccec44c,,,"Bánh mì nướng kiểu Pháp không chứa gluten là một món ăn sáng được làm bằng cách phủ bánh mì không chứa gluten (thường sử dụng bột gạo, hạnh nhân hoặc bột yến mạch) vào hỗn hợp sữa trứng làm từ trứng trước khi chiên trên chảo. Sự thích ứng này duy trì hương vị ngọt ngào cổ điển, thấm quế trong khi vẫn phù hợp với độ nhạy cảm với gluten, mặc dù nó thường chứa ít protein hơn một chút so với các phiên bản truyền thống do hỗn hợp ngũ cốc thay thế. Món ăn nấu chín có bề ngoài giòn với bên trong mềm, thường được dùng kèm với xi-rô cây thích hoặc trái cây tươi để tăng vị ngọt tự nhiên.",75
0dcb637c-3d74-5140-bffb-7387ff06a8c5,,,Bánh quy giòn muối không chứa gluten (Gluten-Free Saltine Crackers),INGREDIENT,405.0,7.0,4.0,85.0,5.9,5.9,676.0,7aa75582-4482-4305-80f6-aa6cfccec44c,,,"Bánh quy mặn không chứa gluten là phiên bản không chứa lúa mì của bánh quy soda truyền thống, thường được làm bằng các loại bột thay thế như gạo hoặc bột hạnh nhân kết hợp với tinh bột để tái tạo kết cấu giòn của chúng. Những chiếc bánh quy giòn này duy trì hương vị muối nhẹ cổ điển và thiết kế đục lỗ của các loại bánh quy mặn thông thường nhưng có độ đặc dễ vụn hơn một chút do không có gluten. Các phiên bản không chứa gluten được chứng nhận cung cấp một lựa chọn an toàn cho những người mắc bệnh celiac hoặc nhạy cảm với gluten, mặc dù chúng thường chứa hàm lượng natri tương đương và ít protein hơn một chút so với các loại làm từ lúa mì.",75
747c3db5-d569-5934-8d5b-f73ac07df185,,,Bánh mì kẹp Reuben (Reuben Sandwich),DISH,270.0,13.0,16.0,18.4,2.8,2.5,700.0,7aa75582-4482-4305-80f6-aa6cfccec44c,,,"Reuben Sandwich là một món ăn ngon cổ điển của Mỹ bao gồm thịt bò bắp, phô mai Thụy Sĩ, dưa cải bắp và nước sốt Nga nướng giữa các lát bánh mì lúa mạch đen. Món bánh sandwich thịnh soạn này kết hợp hương vị mặn, thơm và kem với bề ngoài giòn do ép chảo, trong khi thịt đã qua xử lý và dưa cải bắp lên men góp phần tạo ra hàm lượng natri cao đáng kể. Mặc dù giàu protein từ hai lớp thịt và pho mát, nhưng nó thường vượt quá mức chất béo bão hòa được khuyến nghị cho một bữa ăn.",75
54654b0c-beff-50f5-bf8d-56cc9f248b56,,,Bột mì sắn (Cassava Flour),INGREDIENT,353.0,1.94,0.55,85.2,4.37,3.71,22.0,7aa75582-4482-4305-80f6-aa6cfccec44c,,,"Bột sắn là một loại nguyên liệu làm bánh không chứa gluten được làm bằng cách sấy khô và nghiền mịn toàn bộ củ đã bóc vỏ của cây sắn (Manihot esculenta). Không giống như bột sắn chỉ sử dụng tinh bột chiết xuất, loại bột thân thiện với nhạt này giữ lại nhiều chất xơ tự nhiên của củ hơn trong khi vẫn không có hạt và không có hạt. Với hương vị trung tính và kết cấu mịn, nó đóng vai trò là chất thay thế linh hoạt theo tỷ lệ 1: 1 cho bột mì trong nhiều công thức nấu ăn, mặc dù nó có hàm lượng carbohydrate cao hơn và ít protein hơn so với bột hạnh nhân hoặc bột dừa.",75
b50fe5eb-07c5-51d5-af15-4e1de2cf3293,,,Bánh mì giòn không chứa gluten (Gluten-Free Crispbread),DISH,392.0,2.0,2.0,92.0,8.0,1.0,80.0,7aa75582-4482-4305-80f6-aa6cfccec44c,,,"Bánh mì giòn không chứa gluten là một loại bánh quy giòn nướng được chế biến như một loại bánh quy giòn truyền thống không chứa lúa mì, sử dụng hỗn hợp các loại ngũ cốc nguyên hạt như gạo lứt hoặc kiều mạch và các loại hạt giàu dinh dưỡng. Nó thường cung cấp hàm lượng chất xơ cao hơn so với bánh mì không chứa gluten tiêu chuẩn trong khi vẫn duy trì lượng đường thấp, với nhiều loại cung cấp protein từ thực vật từ hạt bí ngô hoặc hạt hướng dương bổ sung. Kết cấu mỏng, thoáng mát mang lại cảm giác giòn thỏa mãn, lý tưởng để kết hợp với các món ăn kèm hoặc dùng như một món ăn nhẹ độc lập, phục vụ cho cả chế độ ăn nhạy cảm với gluten và những người tiêu dùng quan tâm đến sức khỏe đang tìm kiếm các lựa chọn thay thế thực phẩm nguyên chất.",75
52aa530d-75a6-5e3c-a435-7e5e4cef84d1,,,Hạt kiều mạch rang (Toasted Buckwheat Groats),DISH,115.0,3.9,0.9,25.0,3.43,0.2,3.7,7aa75582-4482-4305-80f6-aa6cfccec44c,,,"Hạt kiều mạch nướng là loại hạt giả ngũ cốc không chứa gluten được biết đến với hương vị đậm đà, hấp dẫn và kết cấu chắc nhưng mềm khi nấu chín. Không giống như kiều mạch thô, quá trình nướng làm tăng thêm mùi thơm đất của chúng trong khi vẫn giữ được thành phần axit amin hoàn chỉnh, khiến chúng trở thành nguồn protein thực vật quý hiếm. Những loại hạt đa năng này đóng vai trò là nền tảng dinh dưỡng cho các món ngũ cốc, cháo hoặc cơm thập cẩm, cung cấp một lượng đáng kể chất xơ, magiê và chất chống oxy hóa.",75
27e04ff0-a7e8-5944-8bb1-d8baf3d79de4,,,Bánh quy giòn nước tẩm thảo mộc (Herb-Infused Water Crackers),INGREDIENT,400.0,6.7,6.7,80.0,6.7,0.0,533.0,7aa75582-4482-4305-80f6-aa6cfccec44c,,,"Bánh quy giòn nước tẩm thảo mộc là loại bánh nướng mỏng, giòn được làm từ bột mì đã được làm giàu và có hương vị tinh tế với các loại thảo mộc khô như hương thảo, húng tây hoặc húng quế. Không giống như bánh quy giòn nước thông thường, hương vị của chúng được tăng cường thông qua các loại dầu ngâm thảo mộc hoặc kết hợp trực tiếp thảo mộc trong quá trình sản xuất, mang lại hương vị phức hợp mà không cần thêm chất béo hoặc đường. Những loại bánh quy giòn có hàm lượng calo thấp này vẫn giữ được độ nhẹ truyền thống của bánh quy nước trong khi cung cấp một lượng nhỏ sắt và vitamin B từ quá trình làm giàu, khiến chúng trở thành nền tảng linh hoạt cho các loại pho mát, nước chấm hoặc bánh charcuterie.",75
01d5a667-f730-5255-afed-da60b95e948b,,,Ngũ cốc cám lúa mì (Wheat Bran Cereal),INGREDIENT,390.0,10.2,3.36,79.8,16.9,17.2,586.0,7aa75582-4482-4305-80f6-aa6cfccec44c,,,"Ngũ cốc cám lúa mì là thực phẩm ăn sáng giàu chất xơ được làm từ lớp ngoài của hạt lúa mì được loại bỏ trong quá trình xay xát. Loại ngũ cốc có kết cấu thô này cung cấp chất xơ không hòa tan đậm đặc hỗ trợ sức khỏe tiêu hóa, chứa nhiều chất xơ hơn đáng kể trên mỗi khẩu phần so với các sản phẩm bột mì nguyên hạt. Nhiều loại được bổ sung vitamin B và sắt, khiến nó trở thành một lựa chọn giàu chất dinh dưỡng để thúc đẩy hoạt động đều đặn và duy trì mức năng lượng.",75
bc7d44c9-5313-5b27-8f7f-e51691161098,,,Bánh mì Naan phô mai (Cheese Naan),DISH,336.0,8.9,12.5,50.1,3.0,3.0,650.0,7aa75582-4482-4305-80f6-aa6cfccec44c,,,"Phô mai naan là một loại bánh mì dẹt nhồi bông của Ấn Độ được làm bằng cách nướng bột có men chứa đầy phô mai tan chảy, thường là phô mai hoặc phô mai mozzarella, trong lò nướng tandoor truyền thống. Việc nấu ở nhiệt độ cao tạo ra bề ngoài sắc nét, lốm đốm than, tương phản với bên trong mềm, dai và nhân phô mai thơm ngon, béo ngậy. Mặc dù cung cấp lượng protein khiêm tốn từ phô mai, nhưng loại bánh mì kiểu nhà hàng nổi tiếng này lại chứa nhiều calo do làm từ bột mì tinh chế và thêm chất béo trong quá trình nấu, thường được phục vụ cùng với cà ri hoặc thịt nướng.",75
61b6eb7b-8957-5987-bbcf-3625b977ec81,,,Bột mì đậu lăng (Lentil Flour),INGREDIENT,367.0,30.45,1.04,61.95,11.6,5.86,11.0,7aa75582-4482-4305-80f6-aa6cfccec44c,,,"Bột đậu lăng là một loại bột giàu protein, không chứa gluten, được làm bằng cách nghiền đậu lăng khô thành nguyên liệu làm bánh mịn, đa năng. Loại bột làm từ cây họ đậu này chứa gần gấp đôi lượng protein và gấp ba lần chất xơ so với bột mì truyền thống, với hương vị đất giúp tăng cường bánh mì dẹt, bánh kếp mặn và các món nướng không chứa gluten. Hàm lượng tinh bột cao của nó cũng giúp làm đặc súp và nước sốt một cách hiệu quả, đồng thời cung cấp một chất thay thế đậm đặc chất dinh dưỡng cho các loại bột ngũ cốc tinh chế.",75
0d60f412-742d-5c2c-8502-db75b73dfc01,,,Bột mì bột sắn (Tapioca Flour),INGREDIENT,347.0,0.0,0.0,86.7,1.0,0.2,10.0,7aa75582-4482-4305-80f6-aa6cfccec44c,,,"Bột sắn là một loại tinh bột được chiết xuất từ ​​củ sắn, một loại cây trồng chủ yếu ở nhiều vùng nhiệt đới. Loại bột trắng mịn này tự nhiên không chứa gluten, khiến nó trở thành nguyên liệu phổ biến trong các món nướng không chứa gluten và làm chất làm đặc trong nước sốt và súp. Khi nấu chín, bột sắn trở nên trong suốt và hơi dai, góp phần tạo nên kết cấu độc đáo cho các món nướng như bánh mì, bánh ngọt và bánh pudding.",75
45754996-0b2b-5636-b9d8-9f775d144006,,,Bánh cuộn dính (Sticky Bun),DISH,365.0,5.0,15.0,53.0,1.0,24.0,350.0,7aa75582-4482-4305-80f6-aa6cfccec44c,,,"Bánh bao nếp là một loại bánh ngọt dành cho bữa sáng được làm từ bột men được làm giàu cuộn với quế và phủ một lớp hỗn hợp tráng men đặc trưng gồm đường nâu caramen và bơ. Không giống như bánh quế thông thường, bánh nếp được nướng với lớp trên cùng ở dưới đáy chảo rồi đảo ngược, tạo ra lớp phủ caramel đặc biệt bên trên thường được đính kèm hồ đào hoặc các loại hạt khác. Những chiếc bánh ngọt hấp dẫn này đặc biệt chứa nhiều calo do hàm lượng đường và chất béo cao từ lớp bột được làm giàu và lớp phủ caramel.",75
5dcde4d3-c702-5175-b4f1-02e5e3b59347,,,Bột mì lúa mạch đen (Rye Flour),INGREDIENT,340.0,9.6,2.0,70.1,18.8,1.7,2.2,7aa75582-4482-4305-80f6-aa6cfccec44c,,,"Bột lúa mạch đen là một loại bột ngũ cốc thịnh soạn được làm từ quả lúa mạch đen xay, được biết đến với màu sẫm đặc biệt và hương vị đất đậm đà. Loại bột này chứa một loại gluten khác với bột mì, giúp tạo ra các món nướng đặc hơn và mang lại lợi ích dinh dưỡng đặc biệt bao gồm hàm lượng chất xơ cao và tác động lên đường huyết thấp hơn so với bột mì. Trong cách làm bánh truyền thống của Châu Âu, đặc biệt đối với các loại bánh mì đặc, dai, bột lúa mạch đen có thể được sử dụng riêng lẻ hoặc kết hợp với bột mì để tạo ra các kết cấu và thành phần dinh dưỡng đa dạng.",75
a882de93-1e98-5589-b5b5-914ef985eb41,,,Mì sợi trong (Cellophane Noodles),INGREDIENT,351.0,0.16,0.06,86.1,0.5,0.0,10.0,7aa75582-4482-4305-80f6-aa6cfccec44c,,,"Mì giấy bóng kính, còn được gọi là mì sợi thủy tinh hoặc sợi đậu, là những sợi làm từ tinh bột trong mờ được làm chủ yếu từ tinh bột đậu xanh. Những sợi mì không chứa gluten này trở nên bán trong suốt và có kết cấu dai, đàn hồi khi nấu, hấp thụ hương vị từ nước dùng và nước sốt trong các món ăn như món xào, chả giò và lẩu. Mặc dù ít calo và protein nhưng chúng cung cấp nguồn năng lượng nhanh chóng do hàm lượng carbohydrate cao và hương vị trung tính khiến chúng trở nên linh hoạt trong các món ăn châu Á.",75
44a23aad-87f9-5e27-ac9f-9c3cf7690955,,,"Bánh mì khoai tây, có hạt (Potato Bread, Seeded)",DISH,280.0,15.0,6.0,46.0,8.0,5.0,400.0,7aa75582-4482-4305-80f6-aa6cfccec44c,,,"Bánh mì khoai tây là một loại bánh mì giàu dinh dưỡng được làm từ bột mì và khoai tây nghiền hoặc bột khoai tây, được tăng cường bằng hỗn hợp hạt ở bên ngoài. Việc bổ sung khoai tây tạo ra cấu trúc vụn mềm, ẩm độc đáo và kéo dài độ tươi so với bánh mì lúa mì truyền thống. Loại bánh mì thịnh soạn này thường chứa hỗn hợp các loại hạt như vừng, anh túc hoặc hướng dương, giúp tăng thêm kết cấu, giá trị dinh dưỡng và hương vị hấp dẫn trong khi vẫn giữ được kết cấu mềm đặc trưng của bánh mì khoai tây.",95
8fe57a08-dc9b-56f7-98c6-455589d43c23,,,Gạo phồng tăng cường (Enriched Puffed Rice),DISH,402.0,6.0,0.5,90.0,2.0,1.0,3.0,7aa75582-4482-4305-80f6-aa6cfccec44c,,,"Gạo phồng giàu dinh dưỡng là một sản phẩm ngũ cốc chế biến được tạo ra bằng cách đun nóng gạo dưới áp suất cho đến khi hạt nở ra và trở nên nhẹ và thoáng. Ngũ cốc ăn sáng này được bổ sung thêm vitamin và khoáng chất để thay thế các chất dinh dưỡng bị mất trong quá trình chế biến, đặc biệt là vitamin B và sắt. Sản phẩm thu được có mật độ calo cực thấp do hàm lượng không khí cao, khiến nó trở thành lựa chọn phổ biến để làm ngũ cốc ăn sáng nhẹ và đồ ăn nhẹ.",75
ffad6eaf-92b7-587c-8d46-2cd8f5458d3c,,,Bánh quy giòn gạo wasabi (Wasabi Rice Crackers),DISH,430.0,7.0,4.0,84.0,2.5,1.5,500.0,7aa75582-4482-4305-80f6-aa6cfccec44c,,,"Bánh gạo Wasabi là món ăn nhẹ lấy cảm hứng từ Nhật Bản được làm từ bột gạo nướng hoặc chiên với lớp phủ có hương vị wasabi. Những chiếc bánh quy giòn, nhẹ này mang lại vị cay đặc trưng giống cải ngựa, đặc trưng của wasabi, mặc dù hầu hết các phiên bản thương mại đều sử dụng hỗn hợp bột cải ngựa và mù tạt để tạo hương vị. Bánh quy giòn cung cấp một lựa chọn thay thế ít chất béo cho món ăn nhẹ chiên truyền thống đồng thời mang đến vị giòn và vị umami thơm ngon đặc trưng của đồ ăn nhẹ làm từ gạo châu Á.",75
daa4b691-cb23-5a7d-9a2e-0b111c82dce6,,,Bột mì dừa (Coconut Flour),INGREDIENT,438.0,16.1,15.3,58.9,34.2,8.0,46.9,7aa75582-4482-4305-80f6-aa6cfccec44c,,,"Bột dừa là một loại bột mịn, không chứa gluten được làm từ cơm dừa khô, xay sau khi phần lớn chất béo đã được chiết xuất. Loại bột có khả năng hấp thụ cao này đáng chú ý vì hàm lượng chất xơ đặc biệt cao và hàm lượng carbohydrate thấp hơn so với các loại bột làm từ ngũ cốc truyền thống. Do đặc tính độc đáo của nó, bột dừa thường yêu cầu thêm chất lỏng và trứng khi sử dụng trong làm bánh, thường chỉ sử dụng lượng bằng ¼ đến ⅓ so với bột thông thường trong các công thức nấu ăn.",75
045549f1-e3c9-5ada-aeda-676d9378adf9,,,Bánh phồng gạo đậu nành (Soy Rice Puffs),INGREDIENT,348.0,7.0,3.5,72.0,3.0,0.5,100.0,7aa75582-4482-4305-80f6-aa6cfccec44c,,,"Bánh phồng đậu nành là những miếng ngũ cốc nhẹ, giòn được làm từ sự kết hợp giữa gạo phồng và protein đậu nành. Nguyên liệu lai này cung cấp hàm lượng protein cao hơn bánh phồng gạo truyền thống trong khi vẫn duy trì kết cấu nhẹ, thoáng phù hợp cho cả bữa ăn nhẹ và bữa sáng. Việc bổ sung đậu nành làm cho những loại bánh phồng không chứa gluten tự nhiên này trở thành một sự thay thế bổ dưỡng hơn cho các loại ngũ cốc gạo thông thường, đặc biệt có lợi cho những người muốn tăng lượng protein.",75
bff5d7f8-9d68-53e6-b3ef-65f35f9e2eb6,,,Mì sợi shirataki (Shirataki Noodles),DISH,9.0,0.0,0.0,3.0,3.0,0.0,0.0,7aa75582-4482-4305-80f6-aa6cfccec44c,,,"Mì Shirataki là loại mì Nhật Bản trong suốt, sền sệt được làm từ sợi củ konjac yam. Những món mì hầu như không chứa calo này không chứa carbohydrate tiêu hóa, khiến chúng trở nên phổ biến trong chế độ ăn kiêng low-carb và ketogenic. Khi được rửa sạch và chuẩn bị đúng cách, chúng mang lại kết cấu trơn trượt độc đáo, có tác dụng thay thế mì ống trong các món ăn châu Á và các công thức nấu ăn khác, mặc dù kết cấu của chúng khác biệt rõ rệt so với mì lúa mì truyền thống.",75
c601fbcc-b494-5856-a6a1-caad1a5d9303,,,Bánh mì nướng Melba lúa mạch đen (Rye Melba Toast),DISH,380.0,12.0,3.3,77.0,8.0,1.5,899.0,7aa75582-4482-4305-80f6-aa6cfccec44c,,,"Bánh mì nướng Rye Melba là loại bánh mì giòn nướng hai lần được làm từ bánh mì lúa mạch đen cắt lát mỏng, tạo nên kết cấu cực kỳ khô và giòn. Sản phẩm ổn định khi bảo quản này mang đến hương vị đất đặc trưng, ​​đậm đà của lúa mạch đen đồng thời có lượng calo thấp hơn so với bánh mì thông thường do được chế biến không có độ ẩm. Phổ biến trong chế độ ăn kiêng giảm cân và làm nguyên liệu cho món canapé, nó cung cấp các lợi ích dinh dưỡng của lúa mạch đen bao gồm chất xơ và vitamin B ở dạng tiện lợi, lâu dài.",75
43cdf395-4843-5b31-ae01-a2331170218d,,,Bánh tráng gạo (Rice Paper Wrappers),INGREDIENT,346.0,2.5,0.3,84.0,1.5,1.0,875.0,7aa75582-4482-4305-80f6-aa6cfccec44c,,,"Giấy gói bánh tráng là loại giấy mỏng, trong mờ được làm chủ yếu từ bột gạo và tinh bột sắn, thường được sử dụng trong ẩm thực Đông Nam Á. Những loại giấy gói không chứa gluten tự nhiên này chuyển đổi từ dạng đĩa cứng sang dạng giấy gói mềm khi được ngâm trong nước ấm trong thời gian ngắn. Thành phần calo thấp và hương vị trung tính khiến chúng trở nên lý tưởng để chế biến món chả giò tươi và các món ăn gói khác, trong khi dạng khô giúp bảo quản lâu hơn.",75
eb9a72df-2361-511d-bc85-be4dd9b4a3bb,,,Bánh quy pita không chứa gluten (Gluten-Free Pita Chips),DISH,496.0,8.0,20.8,50.0,3.5,1.0,1520.0,7aa75582-4482-4305-80f6-aa6cfccec44c,,,"Bánh pita chiên không chứa gluten là sản phẩm ăn nhẹ giòn được làm từ các loại bột thay thế như gạo, đậu xanh hoặc ngô thay vì bột mì truyền thống. Những miếng khoai tây chiên này duy trì hình dạng nêm đặc trưng và bề mặt dày dặn của khoai tây chiên pita thông thường đồng thời an toàn cho những người mắc bệnh celiac hoặc nhạy cảm với gluten. Chúng thường có kết cấu chắc chắn lý tưởng để nhúng, mặc dù chúng có thể có độ giòn và thành phần dinh dưỡng hơi khác so với các loại làm từ lúa mì.",75
bbae14fc-2a7c-5257-96c0-31a06c5f66ac,,,Bánh mì nướng Melba đa hạt (Multigrain Melba Toast),DISH,419.0,17.1,4.7,71.2,6.0,2.5,800.0,7aa75582-4482-4305-80f6-aa6cfccec44c,,,"Bánh mì nướng Melba nhiều lớp là một sản phẩm bánh mì mỏng, giòn được làm bằng cách nướng các lát bánh mì nhiều lớp hai lần cho đến khi chúng đạt được kết cấu giống bánh quy giòn đặc trưng. Những lát mỏng, giòn này kết hợp nhiều loại ngũ cốc nguyên hạt và hạt khác nhau, cung cấp nhiều chất xơ và chất dinh dưỡng đa dạng hơn so với bánh mì nướng Melba trắng truyền thống. Thường được dùng làm món nền cho món khai vị hoặc thay thế ít calo cho bánh quy giòn, chúng duy trì độ giòn tốt và đặc biệt phổ biến trong các kế hoạch ăn kiêng nhấn mạnh đến việc kiểm soát khẩu phần.",75
9bfec801-2494-5700-a366-c8350f81457f,,,Bánh mì khoai tây đa hạt (Multigrain Potato Bread),DISH,250.0,12.0,3.0,45.0,6.0,4.0,375.0,7aa75582-4482-4305-80f6-aa6cfccec44c,,,"Bánh mì khoai tây nhiều loại ngũ cốc là loại bánh mì đặc sản kết hợp bột mì truyền thống với khoai tây nghiền và nhiều loại ngũ cốc trong công thức. Việc bổ sung khoai tây tạo ra cấu trúc vụn mềm, ẩm độc đáo đồng thời kéo dài độ tươi, đồng thời các loại ngũ cốc khác nhau cung cấp giá trị dinh dưỡng nâng cao thông qua chất xơ và khoáng chất bổ sung. Loại bánh mì thịnh soạn này thường có kết cấu mềm hơn so với bánh mì nhiều loại tiêu chuẩn, khiến nó đặc biệt thích hợp làm bánh mì sandwich và bánh mì nướng đồng thời cung cấp nhiều carbohydrate phức tạp hơn bánh mì trắng.",95
9fa7fd2b-6225-51cc-8d43-9ce8683fe8fd,,,Bánh mì nướng Melba mè (Sesame Melba Toast),DISH,102.0,3.75,1.88,17.5,0.8,1.0,187.5,7aa75582-4482-4305-80f6-aa6cfccec44c,,,"Sesame Melba Toast là một loại bánh mì giòn, khô kiểu bánh quy giòn được làm từ bột mì đã được làm giàu và phủ một lớp vừng nướng. Quá trình nướng đôi tạo ra kết cấu siêu mỏng, giòn lý tưởng để kết hợp với nước chấm hoặc pho mát, đồng thời bổ sung thêm vitamin B và chất sắt thường bị mất trong quá trình chế biến bột mì. Hạt vừng của nó mang lại hương vị hấp dẫn và cung cấp canxi, magiê và chất béo có nguồn gốc thực vật, mang đến một lựa chọn đậm đặc chất dinh dưỡng hơn so với bánh mì nướng Melba thông thường.",75
438d919d-8a51-52d5-b264-808eea4a87b4,,,Bánh mì bí ngô (Pumpkin Bread),DISH,211.0,5.5,2.4,42.6,3.0,32.0,300.0,7aa75582-4482-4305-80f6-aa6cfccec44c,,,"Bánh mì bí ngô là một loại bánh mì nhanh có vị ngọt được làm từ bí ngô nghiền nhuyễn, các loại gia vị ấm như quế và nhục đậu khấu, và thường được nướng trên chảo ổ bánh mì. Loại bánh mì đặc, ẩm này có vị ngọt nhẹ và màu cam rực rỡ từ bí ngô, cũng cung cấp chất xơ và vitamin A, mặc dù phiên bản thương mại thường chứa lượng đường bổ sung đáng kể. Mặc dù thường được thưởng thức như một món ăn theo mùa, nhưng thành phần dinh dưỡng của nó rất khác nhau tùy thuộc vào hàm lượng đường và việc sử dụng ngũ cốc nguyên hạt hoặc bột tinh chế.",75
23fbf249-b05c-582d-b09e-eb048fa2e44c,,,Cơm biryani rau củ (Vegetable Biryani),DISH,200.0,3.5,8.0,32.0,2.5,1.5,800.0,7aa75582-4482-4305-80f6-aa6cfccec44c,,,"Rau Biryani là một món cơm Nam Á nhiều lớp gồm gạo basmati thơm, rau trộn theo mùa và các loại gia vị như nghệ tây, bạch đậu khấu và thì là. Được nấu chậm theo truyền thống bằng phương pháp 'dum' (hấp trong nồi kín), món này cân bằng lượng carbohydrate phức hợp từ gạo với chất xơ và vitamin từ các nguyên liệu như cà rốt, đậu Hà Lan và đậu. Món ăn này thường kết hợp các protein từ thực vật thông qua các loại đậu hoặc các loại hạt, trong khi hỗn hợp gia vị của nó góp phần chống oxy hóa và có thể thích nghi với chế độ ăn thuần chay bằng cách thay thế ghee bằng dầu.",95
f4b00a31-7c2d-5dc6-9b02-a08fa0b13325,,,Bột mì kê (Millet Flour),INGREDIENT,382.0,10.8,4.25,75.1,3.5,1.66,4.0,7aa75582-4482-4305-80f6-aa6cfccec44c,,,"Bột kê là một loại nguyên liệu làm bánh không chứa gluten được làm bằng cách nghiền nguyên hạt kê, một loại ngũ cốc cổ có hạt nhỏ được trồng hàng nghìn năm. Bột ngũ cốc nguyên hạt này giữ lại magie, chất xơ và chất chống oxy hóa tự nhiên của hạt, cung cấp nhiều chất dinh dưỡng hơn bột mì tinh chế. Hương vị nhẹ, hơi hấp dẫn của nó hoạt động tốt trong bánh mì dẹt và cháo, mặc dù việc thiếu gluten thường cần các chất kết dính như kẹo cao su xanthan cho các món nướng có cấu trúc.",75
9f088482-23a8-583e-8a9b-e01f55d23a88,,,Bánh mì bột ngô không chứa gluten (Gluten-Free Cornmeal Bread),DISH,282.0,5.1,7.7,48.7,3.0,21.8,552.0,7aa75582-4482-4305-80f6-aa6cfccec44c,,,"Bánh mì bột ngô không chứa gluten là một loại bánh nướng đặc, giòn được làm chủ yếu từ bột ngô nghiền mịn trộn với các loại bột thay thế như gạo hoặc bột hạnh nhân. Loại bánh mì này vẫn giữ được hương vị đất, ngọt tự nhiên của bột ngô và cung cấp nguồn chất xơ nguyên hạt dồi dào, đồng thời công thức không chứa gluten giúp ngăn ngừa bệnh celiac và độ nhạy cảm với gluten. Kết cấu dao động từ hơi sạn đến ẩm tùy thuộc vào cách chế biến, thường dùng làm lớp nền thịnh soạn cho bánh mì sandwich hoặc món ăn kèm với súp trong chế độ ăn không chứa gluten.",75
62839077-5dea-5a9e-8a96-6bb67c7b0d8d,,,Bột mì đậu nành (Soybean Flour),INGREDIENT,440.0,38.0,21.0,30.0,9.6,7.5,8.0,7aa75582-4482-4305-80f6-aa6cfccec44c,,,"Bột đậu nành là loại bột có hàm lượng protein cao, không chứa gluten được làm từ đậu nành rang xay mịn. Không giống như bột mì, nó cung cấp tất cả các axit amin thiết yếu, khiến nó trở thành nguồn protein thực vật hoàn chỉnh về mặt dinh dưỡng, lý tưởng cho chế độ ăn thuần chay và nhạy cảm với gluten. Quá trình rang mang lại cho nó hương vị hấp dẫn, đồng thời hàm lượng chất xơ và isoflavone phong phú giúp tăng cường cả các món nướng (khi trộn với các loại bột khác) và các món mặn như chất làm đặc cho nước sốt.",75
039f80da-65a0-5a31-818d-e1d4c2f707b0,,,Bánh mì Pháp hầm (French Toast Casserole),DISH,233.0,6.8,10.1,30.0,1.3,13.3,267.0,7aa75582-4482-4305-80f6-aa6cfccec44c,,,"Bánh mì nướng kiểu Pháp là một món ăn sáng nướng được làm bằng cách xếp các khối bánh mì thành từng lớp trong hỗn hợp sữa trứng gồm trứng, sữa và chất làm ngọt như xi-rô cây thích hoặc đường nâu. Phương pháp chế biến này tạo ra kết cấu giống như bánh pudding với các cạnh caramen, cung cấp lượng carbohydrate và đường bổ sung cao hơn so với bánh mì nướng Pháp truyền thống trên bếp. Thường được chuẩn bị trước và nướng với các loại gia vị như quế, món này cung cấp lượng protein vừa phải từ trứng và sữa nhưng đòi hỏi phải nhận thức được khẩu phần ăn do mật độ calo từ bánh mì và lớp phủ ngọt.",75
4af6d1dd-00da-5621-a1bc-dbfd3d9275f9,,,Bột mì chuối (Plantain Flour),INGREDIENT,350.0,3.5,1.0,80.0,7.0,3.0,5.0,7aa75582-4482-4305-80f6-aa6cfccec44c,,,"Bột chuối là loại bột không chứa gluten được làm từ chuối xanh khô và xay. Loại bột này mang lại hương vị ngọt ngào nhẹ nhàng và kết cấu hơi thô hơn so với bột mì, khiến nó trở thành nguyên liệu linh hoạt cho cả công thức nấu ăn ngọt và mặn. Nó thường được sử dụng làm chất thay thế bột mì cho những người nhạy cảm với gluten hoặc những người theo chế độ ăn nhạt, đồng thời cung cấp một nguồn tinh bột kháng và chất xơ tốt.",75
c9db56d2-117a-596a-8ed1-5cde1f718c45,,,Bột mì hạt pecan (Pecan Flour),INGREDIENT,691.0,9.2,72.0,14.0,9.6,4.0,0.0,7aa75582-4482-4305-80f6-aa6cfccec44c,,,"Bột hồ đào là một loại bánh nướng thay thế không chứa gluten được làm từ hồ đào nghiền mịn, cung cấp nguồn chất béo không bão hòa đơn phong phú và các khoáng chất thiết yếu như magiê và kẽm. Loại bột làm từ hạt này có vị ngọt tự nhiên, hương vị bơ và kết cấu đậm đặc, hoạt động tốt trong bánh quy và vỏ bánh, mặc dù nó cần trộn với các chất kết dính để có kết quả tối ưu trong hầu hết các công thức nấu ăn. Là một lựa chọn ít carb, không chứa ngũ cốc, nó đặc biệt được đánh giá cao trong chế độ ăn nhạt và keto, nhưng hàm lượng chất béo cao đòi hỏi phải bảo quản thích hợp để tránh bị ôi thiu.",75
cfe0d5ca-eb40-558d-8c59-2d23ab00d5b9,,,Bánh mì bột ngô và mật mía (Cornmeal and Molasses Bread),DISH,283.0,6.7,3.8,55.2,2.5,10.0,317.0,7aa75582-4482-4305-80f6-aa6cfccec44c,,,"Bánh mì bột ngô và mật đường là một loại bánh mì nhanh có vị ngọt nhẹ kết hợp bột ngô thô với mật đường đậm đà, giàu khoáng chất. Bột ngô mang lại kết cấu có hạt đặc trưng và hương vị hấp dẫn, được cân bằng bởi vị ngọt caramel đậm đà của mật đường và hàm lượng sắt và canxi đáng chú ý. Không giống như bánh ngô làm ngọt bằng đường tinh chế, phiên bản này cung cấp các chất dinh dưỡng vi lượng từ mật đường chưa tinh chế trong khi vẫn duy trì lớp vỏ đặc hơn, đậm đà hơn phù hợp với cả bữa sáng và bữa ăn mặn.",75
f652f2aa-33b5-5fba-a6e4-9736f61a2150,,,Bánh mì hành tây không chứa gluten (Gluten-Free Onion Bread),DISH,200.0,3.6,1.8,41.0,1.8,2.0,357.0,7aa75582-4482-4305-80f6-aa6cfccec44c,,,"Bánh mì hành tây không chứa gluten là một loại bánh nướng thơm ngon được chế biến từ các loại bột thay thế như hạnh nhân, gạo hoặc bột sắn để thay thế lúa mì, phù hợp với chế độ ăn kiêng nhạy cảm với gluten. Nó có hành tây caramen hoặc bột hành tây để tạo hương vị riêng biệt và thường bao gồm các chất kết dính như kẹo cao su xanthan hoặc vỏ psyllium để bắt chước kết cấu của bánh mì truyền thống. Loại bánh mì này thường cung cấp hàm lượng chất xơ cao hơn so với các phiên bản thông thường và dùng làm lớp nền linh hoạt cho bánh mì sandwich hoặc bánh mì nướng đồng thời tuân thủ các yêu cầu thân thiện với bệnh celiac.",95
13f8fa57-eb91-564a-807b-0950de0ac38a,,,Cá thu tẩm bột chiên (Breaded Mackerel),DISH,298.0,22.0,18.0,12.0,0.5,1.5,700.0,7aa75582-4482-4305-80f6-aa6cfccec44c,,,"Cá thu tẩm bột là một món hải sản được chế biến sẵn bao gồm phi lê cá thu được phủ trong vụn bánh mì hoặc bột mì dày dặn và thường được áp chảo, nướng hoặc chiên giòn. Trong khi cá có dầu cung cấp protein chất lượng cao và axit béo omega-3, thì việc tẩm bột sẽ bổ sung thêm carbohydrate và có thể làm tăng hàm lượng chất béo tùy thuộc vào phương pháp nấu. Chế phẩm này tạo ra bề ngoài sắc nét tương phản với kết cấu mịn, béo tự nhiên của cá, mặc dù lớp phủ có thể cung cấp gluten và calo bổ sung so với cá thu không tẩm bột.",75
6a81df46-6e7d-5d38-b8b0-8234b1fd0d20,,,Cá whiting tẩm bột chiên (Breaded Whiting Fillet),DISH,230.0,13.5,13.0,19.0,1.0,0.8,510.0,7aa75582-4482-4305-80f6-aa6cfccec44c,,,"Phi lê cá trắng tẩm bột là loại cá trắng mềm được bọc trong vụn bánh mì dày dặn và nấu cho đến khi có màu vàng nâu. Phương pháp chế biến này tạo thêm lớp vỏ giòn bên ngoài cho món cá trắng nạc và bong tróc tự nhiên, mặc dù nó cũng làm tăng hàm lượng calo và carbohydrate so với các chế phẩm không tẩm bột. Cá có hương vị nhẹ vẫn mềm khi được nấu đúng cách, khiến nó trở thành lựa chọn phổ biến cho cả bữa ăn gia đình và bữa ăn bình thường.",75
6ce48e7d-de68-5cd3-94fe-9127a1a0abdf,,,Bánh mì dẹt bạc hà (Mint Paratha),DISH,260.0,5.1,10.6,36.3,4.0,1.0,300.0,7aa75582-4482-4305-80f6-aa6cfccec44c,,,"Mint paratha là một loại bánh mì dẹt nguyên hạt của Ấn Độ kết hợp lá bạc hà tươi (pudina) vào bột trước khi cuộn và chiên. Loại bánh mì thơm này được phân biệt bởi những đốm màu xanh lá cây rực rỡ, hương vị bạc hà tinh tế và kết cấu nhiều lớp, xốp đạt được thông qua kỹ thuật gấp đặc biệt. Sự kết hợp giữa bột mì nguyên hạt và bạc hà tươi cung cấp cả chất xơ và chất chống oxy hóa có lợi, khiến nó trở thành một lựa chọn thay thế bổ dưỡng hơn cho bánh mì dẹt thông thường.",75
538175a9-266a-5b71-8ab3-6f4882a8d8a4,,,Bánh mì khoai tây không chứa gluten (Gluten-Free Potato Bread),DISH,280.0,5.0,4.5,55.0,3.0,4.0,500.0,7aa75582-4482-4305-80f6-aa6cfccec44c,,,"Bánh mì khoai tây không chứa gluten là loại bánh mì chuyên dụng được làm từ bột khoai tây hoặc khoai tây nghiền kết hợp với các loại bột thay thế không chứa gluten. Loại bánh mì này thường có kết cấu mềm hơn, ẩm hơn so với bánh mì không chứa gluten truyền thống do độ ẩm tự nhiên và hàm lượng tinh bột trong khoai tây. Mặc dù thích hợp cho những người mắc bệnh celiac hoặc nhạy cảm với gluten, nhưng nó thường cung cấp nhiều carbohydrate trong mỗi khẩu phần hơn bánh mì lúa mì thông thường và có thể chứa thêm chất kết dính để đạt được cấu trúc giống bánh mì.",95
b31984bf-dfa1-5eef-9afa-9c1f38fb3374,,,Bánh mì nướng Melba nguyên cám (Whole Wheat Melba Toast),INGREDIENT,374.0,12.9,2.3,76.4,7.4,1.5,837.0,7aa75582-4482-4305-80f6-aa6cfccec44c,,,"Bánh mì nướng Melba làm từ lúa mì nguyên cám là loại bánh mì giòn nướng hai lần được làm từ bánh mì nguyên hạt cắt lát mỏng đã được khử nước từ từ cho đến khi khô hoàn toàn và giòn. Món ăn nhẹ có độ ẩm thấp này cung cấp các lợi ích dinh dưỡng của ngũ cốc nguyên hạt đồng thời mang lại cảm giác giòn ngon và tiện lợi khi bảo quản. Ban đầu được tạo ra cho ca sĩ opera Dame Nellie Melba, những chiếc bánh mì nướng nhẹ này thường được phục vụ với súp hoặc dùng làm lớp nền cho món canapé và các món ăn nhẹ.",75
a7fdd661-cbf7-5069-83b9-806c4087d7d3,,,Cam thảo (Licorice),INGREDIENT,364.0,3.8,1.2,83.2,0.0,51.4,154.0,7aa75582-4482-4305-80f6-aa6cfccec44c,,,"Cam thảo vừa là rễ cây vừa là loại bánh kẹo có nguồn gốc từ hợp chất hương vị đặc biệt của nó, glycyrrhizin. Kẹo cam thảo truyền thống được làm từ chiết xuất rễ cam thảo, mặc dù nhiều loại hiện đại sử dụng dầu hồi để tạo ra hương vị tương tự. Mặc dù có giá trị lịch sử về dược tính, nhưng cam thảo có chứa các hợp chất có thể ảnh hưởng đến huyết áp và cân bằng điện giải khi tiêu thụ với số lượng lớn, đặc biệt là ở dạng rễ cô đặc.",75
5913b84a-45b2-5651-ae22-c6a6f1556952,,,Cơm Jollof (Jollof Rice),DISH,145.0,3.0,3.5,25.4,1.5,2.0,150.0,7aa75582-4482-4305-80f6-aa6cfccec44c,,,"Cơm Jollof là món ăn một nồi sôi động của Tây Phi gồm gạo hạt dài nấu trong nước sốt làm từ cà chua dày dặn với hành, ớt và các loại gia vị như húng tây và ớt. Món ăn chủ yếu này có màu đỏ cam đặc trưng từ cà chua và thường là dầu cọ, đồng thời cung cấp carbohydrate phức tạp và vi chất dinh dưỡng từ nền tảng giàu rau quả. Các biến thể theo vùng có thể bao gồm các protein bổ sung như thịt gà hoặc cá, nhưng sự pha trộn thơm của gia vị và mùi khói từ các phương pháp nấu ăn truyền thống vẫn là đặc điểm nổi bật của nó.",75
09f0a144-699e-57fe-8cb1-da14a1954962,,,Couscous Lebanon (Lebanese Couscous),INGREDIENT,376.0,12.8,0.63,77.4,3.1,0.73,9.0,7aa75582-4482-4305-80f6-aa6cfccec44c,,,"Couscous Lebanon, còn được gọi là moghrabieh, là một loại mì ống hình ngọc trai lớn được làm từ lúa mì semolina, lớn hơn đáng kể so với couscous truyền thống của Bắc Phi. Những quả bóng dai, có kích thước như viên ngọc trai này được cuộn bằng tay và phơi nắng theo cách truyền thống, tạo ra một nguyên liệu linh hoạt giúp duy trì kết cấu đặc biệt khi nấu chín. Khi được chế biến, couscous có bề ngoài mềm mại trong khi vẫn giữ được độ cứng dễ chịu ở phần giữa, khiến nó trở nên lý tưởng cho các món hầm Địa Trung Hải thịnh soạn và các món salad làm từ ngũ cốc.",75
e29d21e8-3557-58bc-a3bc-5a549e07189a,,,Bánh quy giòn gạo tương đậu nành (Soy Sauce Rice Crackers),DISH,400.0,10.0,3.5,86.0,1.5,1.0,570.0,7aa75582-4482-4305-80f6-aa6cfccec44c,,,"Bánh gạo làm từ nước tương là món ăn nhẹ giòn kiểu châu Á được làm từ gạo đã được nêm với nước tương và nướng hoặc chiên cho đến khi giòn. Những chiếc bánh quy giòn nhẹ, thoáng mát này có hương vị umami đặc biệt và độ giòn vừa miệng, khiến chúng trở thành món ăn thay thế phổ biến cho các món ăn nhẹ làm từ lúa mì thông thường. Mặc dù chủ yếu có nguồn gốc từ carbohydrate nhưng chúng thường có ít chất béo hơn nhiều loại thực phẩm ăn nhẹ đã qua chế biến, mặc dù những người bị dị ứng với đậu nành hoặc nhạy cảm với gluten nên kiểm tra thành phần vì nước tương truyền thống có chứa lúa mì.",75
bc8d4c6c-b94c-594c-a9e0-5bd55e916392,,,Bánh mì nướng Melba thảo mộc (Herb Melba Toast),INGREDIENT,353.0,10.0,4.0,70.0,6.0,3.0,650.0,7aa75582-4482-4305-80f6-aa6cfccec44c,,,"Herb Melba Toast là sản phẩm bánh mì nướng hai lần có đặc điểm là kết cấu mỏng, giòn và gia vị thảo mộc thơm ngon. Những lát bánh mì nhẹ, giòn này được tạo ra bằng cách nướng bánh mì cắt lát sẵn cho đến khi khô hoàn toàn và giòn, khiến chúng trở thành nguyên liệu lý tưởng cho món canapé và món khai vị. Độ ẩm thấp của chúng giúp kéo dài thời gian bảo quản, trong khi gia vị thảo mộc bổ sung thêm hương vị mà không chứa lượng calo đáng kể, khiến chúng trở thành lựa chọn phổ biến để ăn nhẹ và giải trí.",75
242b1646-1160-5f79-a7eb-348a056e191d,,,Bánh quế thuần chay (Vegan Waffles),DISH,260.0,5.0,10.0,36.0,5.0,6.0,380.0,7aa75582-4482-4305-80f6-aa6cfccec44c,,,"Bánh quế thuần chay là một món ăn sáng có nguồn gốc thực vật được làm không có trứng, sữa hoặc các sản phẩm động vật khác, thường sử dụng các sản phẩm thay thế như trứng lanh, sữa thực vật và dầu thực vật. Kết cấu của chúng từ giòn đến bông xốp tùy thuộc vào thành phần, với nhiều công thức kết hợp bột ngũ cốc nguyên hạt hoặc bột protein để tăng giá trị dinh dưỡng. Mặc dù nhìn chung có hàm lượng cholesterol và chất béo bão hòa thấp hơn so với bánh quế truyền thống, nhưng hàm lượng calo và đường của chúng thay đổi đáng kể tùy theo phương pháp chế biến và lớp phủ bên trên.",75
977911d3-db0f-51e1-abf7-e8c3b7aa08c5,,,Cơm biryani masala (Biryani Masala),DISH,100.0,0.0,0.0,20.0,10.0,0.0,16700.0,7aa75582-4482-4305-80f6-aa6cfccec44c,,,"Biryani masala là một hỗn hợp gia vị có mùi thơm đặc trưng của ẩm thực Nam Á, được chế tạo đặc biệt để tạo ra các hương vị phức tạp trong món cơm biryani mang tính biểu tượng. Hỗn hợp thơm này thường kết hợp các loại gia vị nướng như thảo quả, đinh hương, quế, thì là và rau mùi, được rang khô và nghiền để tăng thêm hương đất, ấm áp của chúng. Mặc dù các công thức nấu ăn khác nhau tùy theo khu vực, nhưng hầu hết các phiên bản đều là thuần chay tự nhiên và không chứa gluten, mang lại chất chống oxy hóa và lợi ích tiêu hóa từ thành phần toàn bộ gia vị của chúng.",75
5786c8a7-3f3e-5b1c-89c6-00b8ee6057e5,,,Hỗn hợp bánh mì không chứa gluten (Gluten-Free Bread Mix),INGREDIENT,357.0,7.1,1.8,78.6,10.7,3.6,643.0,7aa75582-4482-4305-80f6-aa6cfccec44c,,,"Hỗn hợp bánh mì không chứa gluten là công thức nguyên liệu khô được trộn sẵn được thiết kế để tái tạo bánh mì lúa mì truyền thống không có ngũ cốc chứa gluten. Những hỗn hợp này thường kết hợp các loại bột thay thế như gạo, bột sắn hoặc hạnh nhân với tinh bột và các chất liên kết như kẹo cao su xanthan để mô phỏng các đặc tính cấu trúc của gluten. Kết quả là các món nướng thường có lớp vỏ đặc hơn bánh mì lúa mì nhưng cung cấp một lựa chọn quan trọng cho những người đang quản lý bệnh celiac hoặc nhạy cảm với gluten, với một số loại được tăng cường để tăng cường hàm lượng chất xơ và chất dinh dưỡng.",75
6c35a525-0a52-53c5-a48b-4f9ed40a76a8,,,Bột mì hạt điều (Cashew Flour),INGREDIENT,533.0,20.0,47.0,33.0,3.5,5.0,12.0,7aa75582-4482-4305-80f6-aa6cfccec44c,,,"Bột điều là một loại bột nghiền mịn được làm từ hạt điều thô đã chần, dùng làm chất thay thế đậm đặc chất dinh dưỡng cho bột mì. Loại bột không chứa gluten tự nhiên này cung cấp chất béo, protein và khoáng chất lành mạnh đồng thời mang lại hương vị hạt điều ngọt ngào, tinh tế đặc trưng của hạt điều. Kết cấu mịn, mềm của nó khiến nó đặc biệt thích hợp để nướng các loại bánh ngọt tinh tế và làm nước sốt kem, tuy nhiên, nó phải được bảo quản trong hộp kín ở điều kiện mát mẻ để tránh bị ôi thiu.",75
c4cab67a-4768-5ed9-a767-c03cbc137479,,,Bột mì óc chó (Walnut Flour),INGREDIENT,312.0,47.0,9.5,9.0,6.0,1.0,2.0,7aa75582-4482-4305-80f6-aa6cfccec44c,,,"Bột óc chó là loại bột nghiền mịn được làm từ quả óc chó thô, mang lại hương vị đậm đà, hấp dẫn và thay thế tự nhiên không chứa gluten cho bột mì. Loại bột giàu dinh dưỡng này đặc biệt chứa nhiều axit béo omega-3, protein và chất chống oxy hóa, khiến nó trở thành một nguồn bổ sung quý giá cho món nướng có lợi cho sức khỏe. Do hàm lượng dầu cao nên nó phát huy tác dụng tốt nhất khi kết hợp với các loại bột khác trong làm bánh và nên bảo quản trong tủ lạnh để tránh bị ôi thiu.",75
b0981b3b-40b6-5372-a1a8-f3890278af50,,,Bột mì hạt phỉ (Hazelnut Flour),INGREDIENT,645.0,15.0,60.8,17.0,10.0,4.5,0.0,7aa75582-4482-4305-80f6-aa6cfccec44c,,,"Bột hạt phỉ là một loại bột thay thế được nghiền mịn, không chứa gluten được làm từ hạt phỉ đã chần và bỏ vỏ. Loại bột đậm đặc chất dinh dưỡng này rất giàu chất béo, protein và vitamin E lành mạnh, đồng thời mang lại hương vị ngọt ngào, đậm đà đặc trưng của hạt phỉ. Thường được sử dụng trong các loại bánh nướng và bánh ngọt kiểu Châu Âu, nó bổ sung độ ẩm và độ đậm đà cho các món nướng, mặc dù nó thường cần được kết hợp với các loại bột khác để tạo cấu trúc trong công thức nấu ăn.",75
f506605c-4a66-59af-b822-e6eb38d0d8dc,,,Bột protein gạo lứt (Brown Rice Protein Powder),INGREDIENT,353.0,65.0,0.0,18.0,6.0,1.0,59.0,7aa75582-4482-4305-80f6-aa6cfccec44c,,,"Bột protein gạo lứt là thực phẩm bổ sung protein thực vật có nguồn gốc từ gạo lứt. Các hạt gạo trải qua quá trình tách protein khỏi carbohydrate, tạo ra nguồn protein đậm đặc thích hợp cho người ăn chay và những người nhạy cảm với gluten. Nó mang lại hương vị nhẹ, hơi hạt và thường được sử dụng trong sinh tố, sinh tố và đồ nướng để tăng lượng protein.",75
bb259f6f-6956-52ab-85aa-642871fdf9b4,,,Bột mì đậu Hà Lan (Pea Flour),INGREDIENT,315.0,22.4,1.6,44.3,16.8,1.5,10.0,7aa75582-4482-4305-80f6-aa6cfccec44c,,,"Bột đậu là loại bột giàu protein, không chứa gluten, được làm bằng cách nghiền đậu Hà Lan khô hoặc đậu xanh thành bột mịn. Với hàm lượng protein gần gấp đôi bột mì và nhiều chất xơ hơn đáng kể so với bột gạo, nó được dùng như một chất thay thế đậm đặc chất dinh dưỡng để nướng và làm đặc nước sốt. Bột vẫn giữ được hương vị đất tinh tế đặc trưng của đậu Hà Lan và hoạt động đặc biệt tốt trong các ứng dụng có vị mặn như bánh mì dẹt, bánh mì kẹp thịt chay và hỗn hợp bột không chứa gluten.",75
1676ab98-eb2f-5bf6-982d-de3731c47450,,,Bánh mì Pháp thuần chay (Vegan French Toast),DISH,210.0,8.0,5.0,33.0,2.5,5.0,350.0,7aa75582-4482-4305-80f6-aa6cfccec44c,,,"Bánh mì nướng kiểu Pháp thuần chay là một món ăn sáng làm từ thực vật, thay thế trứng và sữa bằng các nguyên liệu như hạt lanh, bột đậu xanh hoặc chuối trong bột bánh. Loại thay thế không chứa cholesterol này duy trì lớp vỏ vàng cổ điển và lớp sữa trứng bên trong của bánh mì nướng truyền thống của Pháp, đồng thời thường tăng hàm lượng chất xơ thông qua bánh mì nguyên hạt và chất kết dính từ hạt. Thường được chiên áp chảo và ăn kèm với xi-rô cây thích hoặc trái cây tươi, nó phù hợp với chế độ ăn thuần chay và các chứng dị ứng thực phẩm thông thường mà không làm mất đi kết cấu quen thuộc.",75
f4ffcc58-fdf7-5225-8408-aed22e279098,,,Đùi dê (Goat Leg),INGREDIENT,108.99,22.2,2.1,0.0,0.0,0.0,64.0,7aa75582-4482-4305-80f6-aa6cfccec44c,,,"Chân dê là phần thịt nạc, giàu protein từ phần sau của dê, được công nhận vì hương vị hơi giống thịt thú rừng và kết cấu chắc. Món cắt đa năng này chứa ít chất béo bão hòa hơn thịt cừu hoặc thịt bò trong khi cung cấp đáng kể chất sắt và vitamin B12. Thường được chế biến bằng cách quay chậm hoặc om để làm mềm thịt, chân dê đặc trưng nổi bật trong các món ăn vùng Caribe, Trung Đông và Nam Á, nơi món này thường được nêm gia vị đậm đà.",75
3f39c03f-b48c-53ee-9fad-81be1510f0a9,,,Cơm dơ bẩn (Dirty Rice),DISH,125.0,6.0,3.0,18.5,2.0,0.8,400.0,7aa75582-4482-4305-80f6-aa6cfccec44c,,,"Cơm bẩn là một món ăn Cajun-Creole dày dặn được làm bằng cách nấu cơm trắng với gan gà hoặc thịt xay thái nhỏ, hành tây, ớt chuông, cần tây và các loại gia vị như ớt cayenne hoặc ớt bột. Tên của nó xuất phát từ vẻ ngoài lốm đốm 'bẩn' được tạo ra bởi thịt chín vàng và gia vị trộn vào ngũ cốc. Món ăn giàu protein này có hương vị umami đặc biệt từ thịt nội tạng đồng thời cung cấp sắt và vitamin B, mặc dù các phiên bản truyền thống có xu hướng ít chất xơ hơn do sử dụng gạo trắng đánh bóng.",75
b7f02c0f-5912-5c82-b7d1-15d8c4ee598f,,,"Bulgur, nấu chín trong dầu (Bulgur, Cooked in Oil)",DISH,98.0,3.1,1.8,18.6,4.5,0.4,5.0,7aa75582-4482-4305-80f6-aa6cfccec44c,,,"Bulgur (nấu trong dầu) là một loại ngũ cốc nguyên hạt luộc chín được chế biến với dầu để tăng hương vị hạt dẻ tự nhiên và tạo ra kết cấu mềm, hơi dai. Phương pháp chế biến này bổ sung chất béo không bão hòa trong khi vẫn giữ được hàm lượng chất xơ cao và protein từ thực vật trong ngũ cốc, làm cho nó trở thành nền tảng giàu dinh dưỡng cho các món ăn Trung Đông như tabbouleh hoặc cơm thập cẩm. Dầu cũng làm tăng mật độ calo so với bulgur nấu trong nước, cung cấp năng lượng bền vững cùng với các vitamin B và khoáng chất như mangan.",75
11a31a1b-49ab-5d3d-b486-e4e15106589f,,,Cơm biryani thịt cừu (Mutton Biryani),DISH,240.0,9.3,9.7,28.3,2.0,1.0,330.0,7aa75582-4482-4305-80f6-aa6cfccec44c,,,"Mutton Biryani là một món cơm thơm Nam Á có thịt dê ướp mềm xếp lớp với gạo basmati hạt dài và nấu chín với các loại gia vị thơm như nghệ tây, bạch đậu khấu và đinh hương. Bữa ăn giàu protein này có hương vị đặc biệt từ thịt cừu ướp sữa chua và phương pháp nấu 'dum', trong đó các nguyên liệu được hấp cùng nhau trong nồi kín. Mặc dù giàu dinh dưỡng nhờ hàm lượng thịt, gạo và bơ sữa trâu, nhưng nó cân bằng lượng carbohydrate phức tạp với 20-30 gam protein mỗi khẩu phần tùy thuộc vào tỷ lệ thịt-gạo.",75
cc943ca5-9d6d-5c56-bcbb-28e9c385d99a,,,Bột mì rau dền (Amaranth Flour),INGREDIENT,384.0,13.2,6.24,68.8,7.21,0.5,0.0,7aa75582-4482-4305-80f6-aa6cfccec44c,,,"Bột rau dền là một loại bột giả ngũ cốc không chứa gluten được xay từ các hạt đậm đặc chất dinh dưỡng của cây rau dền, có liên quan chặt chẽ với quinoa. Nó nổi bật trong số các lựa chọn thay thế ngũ cốc với thành phần protein hoàn chỉnh có chứa lysine – một loại axit amin thường thiếu trong bột mì – và cung cấp nhiều chất xơ, sắt và magiê hơn hầu hết các loại ngũ cốc tinh chế. Bột nghiền mịn có hương vị đất, hơi cay và hoạt động tốt nhất khi trộn với các loại bột khác để nướng do kết cấu đặc của nó, mặc dù nó vẫn là thành phần chủ yếu trong bánh mì dẹt và cháo truyền thống của Trung Mỹ.",75
adb3b1e3-c943-5b40-ad83-59e967975865,,,Hỗn hợp bánh mì bột chua (Sourdough Bread Mix),INGREDIENT,364.0,10.0,1.0,76.0,2.7,0.3,600.0,7aa75582-4482-4305-80f6-aa6cfccec44c,,,"Hỗn hợp bánh mì bột chua là hỗn hợp khô được đo trước có chứa bột mì, muối và bột chua hoạt tính để nướng bánh tại nhà một cách thuận tiện. Công thức phong phú này được bổ sung vitamin B và sắt, mang lại lợi ích dinh dưỡng trong khi vẫn duy trì hương vị thơm đặc trưng và kết cấu dai của bột chua lên men chậm truyền thống. Hỗn hợp này giúp đơn giản hóa quá trình làm bánh mì bằng cách loại bỏ nhu cầu duy trì bộ khởi động sống, mặc dù nó vẫn cần thời gian thử nghiệm để phát triển lớp vỏ giòn và lớp vỏ giòn đặc trưng của nó.",75
4bbb4156-ab9a-54c4-b1d5-6f5b53c7fdb4,,,Ngũ cốc yến mạch phủ đường với kẹo marshmallow (Frosted Oat Cereal with Marshmallows),DISH,400.0,7.1,3.33,84.7,4.3,36.1,533.0,7aa75582-4482-4305-80f6-aa6cfccec44c,,,"Ngũ cốc yến mạch Frosted với Marshmallows là một loại ngũ cốc ăn sáng có vị ngọt kết hợp các miếng yến mạch nướng với những viên kẹo dẻo nhiều màu sắc, tạo nên sự kết hợp giữa kết cấu giòn và dai. Yến mạch được phủ một lớp đường phủ, góp phần tạo ra hàm lượng đường bổ sung cao, trong khi kẹo dẻo thường chứa màu sắc và hương vị nhân tạo. Mặc dù cơ sở yến mạch cung cấp một số chất xơ, nhưng loại ngũ cốc này chủ yếu được coi là một lựa chọn dễ chịu hơn là một lựa chọn giàu chất dinh dưỡng.",75
3a045021-e92b-5c9a-b1ca-b017d4040113,,,Dê nướng (Grilled Goat),DISH,143.0,27.1,3.0,0.0,0.0,0.0,70.0,7aa75582-4482-4305-80f6-aa6cfccec44c,,,"Dê nướng là nguồn protein nạc được biết đến với hương vị đất mềm, nhẹ và hàm lượng chất béo thấp hơn so với thịt bò hoặc thịt cừu. Thịt thường được ướp với gia vị hoặc thành phần có tính axit trước khi nướng để tăng độ mềm, dẫn đến bên ngoài có khói cháy và bên trong ẩm ướt. Khẩu phần 3 ounce cung cấp đáng kể chất sắt và vitamin B12, khiến nó trở thành một lựa chọn giàu chất dinh dưỡng trong các món ăn Địa Trung Hải, Trung Đông và Caribe.",75
5b876491-c789-590d-a637-70da35ca335b,,,Bánh mì dẹt Keema (Keema Paratha),DISH,185.0,11.0,8.5,21.0,2.5,1.5,300.0,7aa75582-4482-4305-80f6-aa6cfccec44c,,,"Keema Paratha là một loại bánh mì dẹt nhồi của Bắc Ấn Độ có thịt băm tẩm gia vị (thường là thịt cừu, thịt bò hoặc thịt gà) được bọc trong bột mì nguyên hạt. Nhân bánh kết hợp thịt xay với các loại gia vị thơm như thì là, rau mùi và ớt, chiên trên chảo cho đến khi giòn với bơ sữa trâu hoặc dầu để tạo thành một kết cấu dạng lớp, bong tróc. Mặc dù giàu protein từ nhân thịt nhưng mật độ calo của nó lại đến từ cả bột và mỡ nấu ăn, khiến việc kiểm soát khẩu phần trở nên quan trọng đối với việc theo dõi dinh dưỡng. Món ăn thịnh soạn này thường được phục vụ như một bữa ăn riêng với sữa chua hoặc dưa chua.",75
b163c389-b41d-5657-bf5a-3a48b6e96bbe,,,Bánh mì Pháp nhồi (Stuffed French Toast),DISH,263.0,9.2,10.0,35.0,1.7,3.3,417.0,7aa75582-4482-4305-80f6-aa6cfccec44c,,,"Bánh mì nướng kiểu Pháp nhồi bông là một món ăn sáng ngọt ngào bao gồm những lát bánh mì dày chứa đầy phô mai kem ngọt, mứt trái cây hoặc sô cô la trước khi nhúng vào bột trứng và chiên trên chảo. Cách chế biến này tạo ra lớp vỏ ngoài được tráng caramen với lớp bên trong béo ngậy, cung cấp nhiều calo, đường và chất béo bão hòa hơn đáng kể so với bánh mì nướng tiêu chuẩn của Pháp. Thường được phục vụ với xi-rô hoặc đường bột, món ăn hấp dẫn này cung cấp một bữa ăn nhiều carb và thường chứa các chất gây dị ứng như sữa, trứng và gluten từ các thành phần cốt lõi của nó.",75
267eb4c9-197e-56e3-992a-beb6b1c8adac,,,Mì say (Drunken Noodles),DISH,173.0,9.0,5.0,27.0,2.5,4.0,500.0,7aa75582-4482-4305-80f6-aa6cfccec44c,,,"Mì Drunken (Pad Kee Mao) là một món xào Thái cay nồng gồm có sợi bún to được xào với ớt, tỏi, húng quế thánh và nước sốt thơm ngon pha trộn giữa đậu nành và nước mắm. Bữa ăn giàu protein này thường bao gồm thịt gà, tôm hoặc đậu phụ cùng với các loại rau như ớt chuông và cà tím Thái, mang đến một lựa chọn thay thế cay hơn cho các món mì Thái nhẹ hơn. Tên của nó đề cập đến cả sự nổi tiếng của nó như một món ăn đường phố vào đêm khuya và các lý thuyết về việc chống lại tác dụng của rượu, trong khi việc thích nghi với người ăn chay thường thay thế nước mắm để phù hợp với sở thích ăn kiêng.",75
07506f73-44ae-5c23-a26e-46b7c975d743,,,Xi-rô gạo (Rice Syrup),INGREDIENT,316.0,0.5,0.2,77.0,0.0,77.0,1.0,7aa75582-4482-4305-80f6-aa6cfccec44c,,,"Xi-rô gạo là một chất làm ngọt tự nhiên được tạo ra bằng cách phân hủy tinh bột gạo nấu chín thành maltose và glucose, tạo ra một chất lỏng đặc, dính với hương caramel nhẹ. Xi-rô màu hổ phách này không chứa đường fructose và cung cấp năng lượng giải phóng chậm hơn so với đường ăn, khiến nó trở thành lựa chọn thường xuyên trong các thanh năng lượng và bánh nướng không chứa gluten. Độ ngọt vừa phải của nó (ít đậm hơn mật ong hoặc xi-rô mía) cho phép nó hòa quyện hoàn hảo với nước sốt, đồ uống và các sản phẩm thay thế sữa mà không lấn át các hương vị khác.",75
ebca419e-be78-563c-a5ed-4656e2e0622e,,,Bánh mì nướng Melba ít natri (Low-Sodium Melba Toast),DISH,390.0,12.1,3.2,76.6,6.3,2.0,19.0,7aa75582-4482-4305-80f6-aa6cfccec44c,,,"Bánh mì nướng Melba ít natri là một sản phẩm bánh mì giòn, không ướp muối được làm bằng cách nướng hai lát bánh mì mỏng cho đến khi khô và giòn hoàn toàn. Biến thể này loại bỏ muối bổ sung trong khi vẫn giữ được độ giòn nhẹ ban đầu, khiến nó phù hợp với chế độ ăn hạn chế natri hoặc những người đang tìm kiếm chất nền trung tính cho lớp phủ bên trên. Độ ẩm thấp và hàm lượng chất béo tối thiểu giúp nó ổn định trong thời hạn sử dụng và ít calo, thường được sử dụng làm món thay thế bánh quy giòn hoặc bánh mì nướng thay thế trong món salad.",75
a88a4bb9-face-574f-8db9-ee4cfd44a7fe,,,Bún bò Huế (Bun Bo Hue),DISH,85.0,5.0,3.0,9.0,1.0,2.0,350.0,7aa75582-4482-4305-80f6-aa6cfccec44c,,,"Bún Bò Huế là món bún đậm đà của Việt Nam có nguồn gốc từ Huế, đặc trưng bởi nước dùng đậm đà, thơm và sợi bún dày. Nước dùng đậm đà ninh với xương bò, sả và mắm tôm lên men, mang đến hương vị umami đậm đà cùng vị cay đặc trưng từ dầu ớt. Không giống như phở, nó thường bao gồm cả protein thịt bò và thịt lợn, và theo truyền thống được trang trí bằng các loại thảo mộc tươi như tía tô và rau mùi răng cưa, cân bằng độ cay nồng của nó với hương thảo dược tươi sáng.",75
e79e3a6a-d75a-59e7-8029-f4e0abb0255c,,,Nhân gạo (Rice Dressing),INGREDIENT,110.0,2.0,3.3,18.0,0.6,2.0,596.0,7aa75582-4482-4305-80f6-aa6cfccec44c,,,"Sốt cơm là một món ăn mặn của miền Nam Hoa Kỳ gồm cơm dày dạn nấu với các loại rau thơm (thường là hành, cần tây và ớt chuông) và thường trộn với thịt xay hoặc lòng gia cầm. Khác biệt với gạo tẻ bởi hương vị đậm đà và bổ sung protein, món ăn chủ yếu này của ẩm thực Cajun và Creole theo truyền thống được ninh trong nước dùng cho đến khi có mùi thơm và ẩm. Mặc dù chứa nhiều calo do hàm lượng thịt và chất béo, nhưng nó cung cấp nhiều protein hơn gạo nguyên chất và dùng làm món ăn kèm cho các món thịt nướng trong lễ hội, đặc biệt là trong các bữa ăn ngày lễ.",75
b2cf5878-ccf5-58f6-93bf-fe538f53056c,,,Bánh quy xoắn phủ lớp thuần chay (Vegan-Coated Pretzels),DISH,450.0,7.0,22.0,55.0,4.0,24.0,650.0,7aa75582-4482-4305-80f6-aa6cfccec44c,,,"Bánh quy xoắn phủ thuần chay là một món ăn nhẹ làm từ thực vật kết hợp bánh quy nướng truyền thống với lớp phủ không chứa sữa như sô cô la đen hoặc các loại thay thế bơ hạt. Phần đế bánh quy giòn tương phản với lớp phủ mịn hoặc giòn, thường sử dụng các thành phần như dầu dừa và chất làm ngọt có nguồn gốc từ thực vật thay vì các sản phẩm từ sữa. Mặc dù cung cấp lựa chọn đồ ăn nhẹ không chứa cholesterol, những sản phẩm này thường chứa lượng đường và chất béo cao tương đương với bánh quy bọc thông thường. Chúng phục vụ cho chế độ ăn thuần chay và các hạn chế phổ biến về chất gây dị ứng, với các loại phổ biến bao gồm các phiên bản giàu protein sử dụng lớp phủ làm từ hạt đậu hoặc đậu nành.",75
38ec97d4-4656-5902-9874-5d6a8f6f1b74,,,Bánh mì Naan Peshwari (Peshwari Naan),DISH,300.0,9.0,8.5,48.5,5.0,6.0,650.0,7aa75582-4482-4305-80f6-aa6cfccec44c,,,"Peshwari naan là một loại bánh mì dẹt có vị ngọt của Ấn Độ có nguồn gốc từ tiểu lục địa Bắc Ấn Độ, đặc trưng bởi nhân nhồi gồm các loại hạt lạc, dừa và trái cây sấy khô. Loại bánh mì có men này được nướng theo kiểu truyền thống trong lò tandoor, tạo ra bề ngoài sắc nét tương phản với bên trong mềm mại, thơm tho. Mặc dù giàu carbohydrate và chất béo từ nhân làm từ hạt, nhưng nó lại chứa nhiều đường hơn đáng kể so với naan thông thường do có thêm chất làm ngọt như mật ong hoặc đường, khiến nó trở thành món ăn kèm phổ biến nhưng chứa nhiều calo cho các món cà ri mặn.",75
33699321-5d95-5dc3-a452-d440fdb07304,,,Bánh cuộn thạch (Jelly Roll),DISH,353.73,3.5,9.7,62.9,1.0,43.96,194.1,7aa75582-4482-4305-80f6-aa6cfccec44c,,,"Bánh cuộn thạch là một loại bánh xốp mỏng, có vị ngọt được nướng trong chảo và cuộn với mứt trái cây hoặc nhân thạch để tạo thành hình xoắn ốc đặc trưng. Món tráng miệng này có kết cấu nhẹ, thoáng từ trứng đánh trong bột, tương phản với vị ngọt đậm đặc từ nhân trái cây. Mặc dù cung cấp lượng protein hoặc chất xơ tối thiểu, nhưng nó cung cấp năng lượng nhanh chóng thông qua carbohydrate và đường tinh chế, với những lát đơn thông thường chứa 15-25g đường tùy thuộc vào mật độ làm đầy.",75
4b429ef5-c684-59ce-9593-fd3a06dddbf6,,,Bánh mì dẹt Paneer (Paneer Paratha),DISH,275.0,8.0,12.0,35.0,3.0,2.0,350.0,7aa75582-4482-4305-80f6-aa6cfccec44c,,,"Paneer paratha là một loại bánh mì dẹt nhồi của Bắc Ấn Độ có nhân là phô mai vụn (phô mai tươi) được bọc trong bột mì nguyên hạt đã được tẩm gia vị. Paratha được chiên với bơ sữa trâu hoặc dầu, tạo ra bề ngoài giòn tương phản với phần nhân mềm, thơm. Món ăn giàu protein này cung cấp các chất dinh dưỡng đa lượng cân bằng từ pho mát và ngũ cốc nguyên hạt, phục vụ như một món ăn chay thịnh soạn hoặc món ăn sáng trong ẩm thực truyền thống.",75
a798c0c4-9ec2-584e-b772-997add079ac4,,,Bánh quy bơ ngắn (Shortbread),DISH,500.0,6.67,36.67,36.0,1.67,13.33,233.33,7aa75582-4482-4305-80f6-aa6cfccec44c,,,"Shortbread là một loại bánh quy bơ truyền thống của Scotland được làm chỉ với ba nguyên liệu cơ bản: bơ, bột mì và đường. Món tráng miệng phong phú này được đặc trưng bởi kết cấu giòn, tan chảy trong miệng đặc biệt của nó đạt được thông qua việc xử lý bột tối thiểu. Do hàm lượng bơ cao, bánh mì bơ đặc biệt giàu calo, với một khẩu phần duy nhất cung cấp một lượng đáng kể chất béo bão hòa đồng thời mang lại vị ngọt bơ nguyên chất đặc trưng của món nướng cổ điển của Scotland.",75
995b28f1-89b9-5159-bf67-fcff00b0fafa,,,Bánh mì kiểu lúa mạch đen không chứa gluten (Gluten-Free Rye-Style Bread),DISH,250.0,7.4,7.4,38.2,6.0,7.0,350.0,7aa75582-4482-4305-80f6-aa6cfccec44c,,,"Bánh mì lúa mạch đen không chứa gluten là loại bánh mì đặc biệt mô phỏng hương vị và hình thức của bánh mì lúa mạch đen truyền thống mà không chứa bất kỳ loại ngũ cốc lúa mạch đen hoặc gluten nào. Loại bánh mì thay thế này thường được làm bằng bột mì không chứa gluten và hạt caraway để tái tạo hương vị bánh mì lúa mạch đen đặc trưng, ​​đồng thời vẫn duy trì kết cấu đậm đặc, đậm đà. Bất chấp tên gọi của nó, điều quan trọng cần lưu ý là loại bánh mì này không chứa hạt lúa mạch đen thực sự, nên nó an toàn cho những người mắc bệnh celiac hoặc nhạy cảm với gluten.",75
b36ba721-9745-53b4-a3c8-6b348e4ab49e,,,Hạt yến mạch nguyên hạt (Whole Oat Groats),INGREDIENT,378.0,12.3,6.2,60.5,9.7,0.8,2.0,7aa75582-4482-4305-80f6-aa6cfccec44c,,,"Yến mạch nguyên hạt là hạt yến mạch được chế biến tối thiểu, còn nguyên vẹn, đại diện cho dạng chưa tinh chế nhất của loại ngũ cốc đậm đặc chất dinh dưỡng này. Chúng giữ lại toàn bộ cám, mầm và nội nhũ, cung cấp nguồn chất xơ hòa tan dồi dào (đặc biệt là beta-glucan) và protein từ thực vật. Với kết cấu dai và hương vị hấp dẫn, yến mạch dạng tấm cần phải nấu hoặc ngâm trước trong thời gian dài so với yến mạch cán hoặc cắt thép, nhưng vẫn giữ được chất dinh dưỡng vượt trội. Mặc dù không chứa gluten tự nhiên nhưng chúng có thể gây rủi ro lây nhiễm chéo trừ khi được chứng nhận.",75
d0ca7d95-8711-57ba-8861-0a9bca7dae68,,,Mì sợi Kugel (Noodle Kugel),DISH,188.0,5.35,6.58,27.94,1.5,8.0,250.0,7aa75582-4482-4305-80f6-aa6cfccec44c,,,"Mì kugel là món thịt hầm truyền thống của người Do Thái được làm từ mì trứng, trứng và các sản phẩm từ sữa, thường được nướng cho đến khi có màu vàng nâu. Món ăn tiện lợi đa năng này có thể được chế biến theo kiểu ngọt (với các nguyên liệu như quế, đường và nho khô) hoặc mặn (kết hợp hành và gia vị), mặc dù phiên bản ngọt phổ biến hơn trong ẩm thực Do Thái ở Mỹ. Món ăn hoàn thiện có phần bên trong giống như kem sữa trứng với lớp trên hơi giòn, tạo nên sự tương phản hài lòng về kết cấu.",75
201b42a6-66fe-5296-9606-6670a24727e1,,,Bánh mì kẹp BLT (BLT Sandwich),DISH,300.0,8.8,18.0,25.6,1.6,2.4,480.0,7aa75582-4482-4305-80f6-aa6cfccec44c,,,"BLT là một loại bánh sandwich ăn tối kiểu Mỹ cổ điển có thịt xông khói giòn, rau diếp tươi và những lát cà chua chín được phục vụ giữa bánh mì nướng với sốt mayonnaise. Loại bánh sandwich thịnh soạn này thường chứa 700-1000 calo trong khẩu phần nhà hàng, trong đó thịt xông khói cung cấp lượng protein đáng kể đồng thời góp phần tạo nên hàm lượng chất béo đáng kể. Sự kết hợp giữa thịt xông khói ấm, giòn và rau tươi mát tạo nên sự tương phản đặc trưng về nhiệt độ và kết cấu, đặc trưng của món ăn chủ yếu này.",75
f38af145-8099-50da-985c-e1b90fb77cb9,,,Bột mì đậu fav (Fava Bean Flour),INGREDIENT,323.0,26.0,1.5,56.0,24.0,2.0,10.0,7aa75582-4482-4305-80f6-aa6cfccec44c,,,"Bột đậu fava là một loại bột giàu protein, không chứa gluten, được làm bằng cách sấy khô và nghiền cả hạt fava, một loại đậu được trồng từ thời cổ đại. Với hàm lượng protein gần gấp đôi so với bột đậu xanh và hương vị đất đậm đà, nó đóng vai trò là nền tảng giàu dinh dưỡng cho món falafel Trung Đông, ta'meya của Ai Cập và các món nướng không chứa gluten. Bột vẫn giữ được hàm lượng chất xơ và sắt cao của đậu đồng thời mang lại hương vị linh hoạt, hơi béo, thích hợp với cả các món mặn và tăng cường protein từ thực vật.",75
8689f56a-5d58-5caf-b8f1-6820f5b3791d,,,"Sườn dê, nấu chín (Goat Chop, Cooked)",DISH,143.0,27.1,3.0,0.0,0.0,0.0,60.0,7aa75582-4482-4305-80f6-aa6cfccec44c,,,"Sườn dê, nấu chín, là phần thịt nạc được cắt từ phần sườn hoặc thăn của dê, mang lại hương vị đậm đà rõ rệt hơn thịt gà nhưng ít vị thịt hơn thịt nai. Loại thịt giàu protein này cung cấp các chất dinh dưỡng thiết yếu bao gồm sắt, kẽm và vitamin B12, với hàm lượng chất béo bão hòa thấp hơn so với thịt bò hoặc thịt cừu. Thường được chế biến bằng cách nướng, om hoặc áp chảo, sườn dê là món ăn chủ yếu trong ẩm thực Caribe, Trung Đông và Nam Á, thường được ướp với gia vị thơm để nâng cao hương vị đặc biệt của chúng.",75
4c8025a7-16ba-568a-acd1-0f05c2264623,,,"Vai dê, tươi sống (Goat Shoulder, Raw)",INGREDIENT,82.6,17.28,1.44,0.0,0.0,0.0,59.2,7aa75582-4482-4305-80f6-aa6cfccec44c,,,"Vai dê là phần thịt được cắt linh hoạt từ phần trước của con dê, được biết đến với hàm lượng protein nạc và hương vị nhẹ, ngọt. Phần cắt này chứa nhiều mô liên kết hơn phần cắt ở chân, khiến nó trở nên lý tưởng cho các phương pháp nấu chậm để tạo ra độ mềm và độ sâu của hương vị. Thịt dê sống đặc biệt nạc hơn các loại thịt đỏ truyền thống, cung cấp lựa chọn protein lành mạnh với hàm lượng chất béo bão hòa thấp hơn đồng thời cung cấp các khoáng chất thiết yếu như sắt và kẽm.",75
fd08b9e9-3d11-569d-bdeb-4e42bf63cb00,,,Bột mì lupin (Lupin Flour),INGREDIENT,247.0,40.0,7.0,40.0,36.7,3.0,32.0,7aa75582-4482-4305-80f6-aa6cfccec44c,,,"Bột lupin là một loại bột có hàm lượng protein cao, ít carbohydrate được làm từ đậu lupin ngọt xay, một loại đậu cùng họ với đậu phộng. Loại bột thay thế không chứa gluten, màu vàng nhạt này chứa tới 40% trọng lượng là protein và rất giàu chất xơ, khiến nó trở nên phổ biến trong các món nướng ít carb và keto. Do có nguồn gốc từ cây họ đậu, những người bị dị ứng với đậu phộng nên thận trọng vì có thể xảy ra phản ứng chéo.",75
14e113e6-c204-5e1c-a7ba-bf05b53e6b4b,,,Bột mì ngô xanh (Blue Corn Flour),INGREDIENT,364.0,8.75,5.09,73.9,8.4,2.0,5.0,7aa75582-4482-4305-80f6-aa6cfccec44c,,,"Bột ngô xanh là một loại bột xay mịn được sản xuất từ ​​​​các giống ngô xanh truyền thống, được đánh giá cao về màu sắc nổi bật và thành phần dinh dưỡng nâng cao. Loại bột không chứa gluten này chứa hàm lượng protein và chất chống oxy hóa cao hơn so với bột ngô vàng hoặc trắng thông thường, đặc biệt là anthocyanin góp phần tạo nên màu xanh tím đặc biệt của bột. Nó thường được sử dụng trong ẩm thực truyền thống của người Mỹ bản địa Tây Nam để làm bánh ngô, bánh mì và các loại bánh nướng khác, mang lại hương vị hơi ngọt, hấp dẫn với kết cấu đậm đặc hơn bột ngô thông thường.",75
bd850b86-8203-5536-bd03-e70484ca389e,,,Bánh mì dẹt Mooli (Mooli Paratha),DISH,195.0,6.0,6.3,29.0,3.5,1.5,300.0,7aa75582-4482-4305-80f6-aa6cfccec44c,,,"Mooli paratha là một loại bánh mì dẹt nhồi truyền thống của Ấn Độ được làm từ bột mì nguyên hạt và củ cải trắng nghiền (mooli) làm nhân chính. Loại bánh mì thịnh soạn này được chiên với dầu cho đến khi có màu vàng nâu và bong tróc, tạo ra các lớp kết cấu giòn xung quanh phần nhân củ cải tẩm gia vị. Trong khi cung cấp carbohydrate phức hợp từ bột mì, nhân củ cải còn bổ sung thêm chất xơ, làm cho nó giàu dinh dưỡng hơn bánh mì dẹt thông thường, mặc dù nó có thể chứa tương đối nhiều chất béo do phương pháp nấu.",75
6760e6c7-ab2d-54e1-958e-2c4c75a422e4,,,Bột mì ngô tím (Purple Corn Flour),INGREDIENT,429.0,14.3,3.6,82.1,3.6,0.5,489.0,7aa75582-4482-4305-80f6-aa6cfccec44c,,,"Bột ngô tím là loại bột được nghiền mịn làm từ ngô tím sấy khô, một loại ngô có nguồn gốc từ vùng Andean của Nam Mỹ. Loại bột rực rỡ này vẫn giữ được màu tím đậm của hạt ngô, nhờ hàm lượng anthocyanin cao, chất chống oxy hóa mạnh có liên quan đến nhiều lợi ích sức khỏe khác nhau. Nó có thể được sử dụng thay thế hoặc kết hợp với các loại bột khác trong bánh mì, bánh ngô và các loại bánh nướng khác, mang lại hương vị hơi ngọt và màu sắc nổi bật.",75
aab93c9f-8aab-590b-bff7-ae912d43849b,,,Bí Delicata nhồi hạt diêm mạch (Delicata Squash Stuffed with Quinoa),DISH,171.0,6.0,3.0,30.0,4.0,8.0,150.0,7aa75582-4482-4305-80f6-aa6cfccec44c,,,"Bí Delicata nhồi với quinoa là một món ăn theo mùa bao gồm một quả bí mùa đông thuôn dài được nướng cho đến khi mềm và chứa đầy hỗn hợp quinoa thơm ngon. Lớp vỏ có sọc xanh và vàng có thể ăn được của quả bí tương phản với phần thịt ngọt tự nhiên của nó, trong khi nhân quinoa bổ sung thêm protein từ thực vật và hương vị hấp dẫn, thường được tăng cường với các loại thảo mộc, rau hoặc quả hạch. Sự kết hợp này cung cấp một bữa ăn cân bằng giàu chất xơ, vitamin A và các axit amin thiết yếu, hấp dẫn cả chế độ ăn chay và không chứa gluten.",75
e7d04f76-b91e-5db6-85b3-df04a0539cdb,,,Lúa mạch nảy mầm (Sprouted Barley),INGREDIENT,232.0,8.1,0.3,49.3,12.0,2.0,8.0,7aa75582-4482-4305-80f6-aa6cfccec44c,,,"Lúa mạch nảy mầm là hạt lúa mạch nguyên hạt đã trải qua quá trình nảy mầm có kiểm soát để tăng cường khả năng dinh dưỡng. Quá trình nảy mầm kích hoạt các enzyme làm tăng khả năng tiêu hóa và giảm chất kháng dinh dưỡng đồng thời tăng hàm lượng chất xơ và vitamin B so với lúa mạch chưa nảy mầm. Loại ngũ cốc chứa gluten này (không phù hợp với chế độ ăn kiêng dành cho người bệnh celiac) duy trì kết cấu dai khi nấu chín và thường được sử dụng trong món salad, súp và như một chất thay thế đậm đặc chất dinh dưỡng cho gạo hoặc các loại ngũ cốc khác.",75
33ec4fb7-196b-507a-8211-45b3336e5180,,,Bột mì hạt pistachio (Pistachio Flour),INGREDIENT,597.0,20.0,45.0,28.0,10.0,7.0,2.0,7aa75582-4482-4305-80f6-aa6cfccec44c,,,"Bột hồ trăn là một loại bột nghiền mịn được làm từ quả hồ trăn đã được chần, bỏ vỏ, đặc trưng bởi màu xanh nhạt đặc biệt và mùi thơm đậm đà của hạt. Loại bột thay thế không chứa gluten này có hàm lượng protein cao tự nhiên, chất béo lành mạnh và chất chống oxy hóa, đồng thời mang lại kết cấu tinh tế hơn so với các loại bột hạt truyền thống. Nó chủ yếu được sử dụng trong các ứng dụng làm bánh cao cấp, đặc biệt là trong các loại bánh ngọt Địa Trung Hải và Trung Đông, nơi nó bổ sung cả hương vị tinh tế và độ ẩm cho các món nướng.",75
18c5a290-d4f8-5886-8e02-a738686f516f,,,Bánh mì Altamura (Altamura Bread),DISH,281.0,10.5,0.0,59.7,1.8,2.0,450.0,7aa75582-4482-4305-80f6-aa6cfccec44c,,,"Bánh mì Altamura là một loại bánh mì truyền thống của Ý có nguồn gốc từ Puglia, được bảo vệ nguồn gốc xuất xứ (DOP), được làm độc quyền từ bột semolina lúa mì cứng địa phương. Loại bánh mì mộc mạc này được phân biệt bởi lớp vỏ dày, màu nâu vàng và cấu trúc vụn màu vàng dày đặc, vẫn tươi lâu hơn so với các loại bánh mì lúa mì thông thường. Thành phần lúa mì cứng giàu protein cung cấp năng lượng bền vững hơn so với bánh mì làm bằng bột mì thông thường, trong khi hương vị đặc biệt của nó mang hương vị tinh tế của ngũ cốc nướng.",75
8ba64fbf-9db1-5a3a-b9d3-b93720d61fbd,,,Bánh mì bột hướng dương (Sunflower Meal Bread),DISH,240.0,10.0,4.0,41.0,3.0,2.0,420.0,7aa75582-4482-4305-80f6-aa6cfccec44c,,,"Bánh mì hướng dương là một loại bánh nướng giàu dinh dưỡng được làm chủ yếu từ bột hướng dương, một sản phẩm phụ của quá trình chiết xuất dầu hướng dương giúp giữ lại chất xơ và protein của hạt. Loại bánh mì không chứa gluten này có kết cấu thô hơn, hơi vụn so với các loại bánh mì làm từ lúa mì, với hương vị hấp dẫn từ hạt hướng dương. Hàm lượng chất xơ cao và protein từ thực vật làm cho nó trở thành một lựa chọn tạo cảm giác no cho chế độ ăn ít carb hoặc nhạy cảm với gluten, đồng thời cung cấp chất béo và khoáng chất lành mạnh như magiê và selen.",75
f91180aa-566d-5510-a86d-e89b358c10f7,,,Bột mì spelt (Spelt Flour),INGREDIENT,364.0,14.5,2.54,70.7,9.34,0.9,2.0,7aa75582-4482-4305-80f6-aa6cfccec44c,,,"Bột mì đánh vần là một loại bột ngũ cốc cổ được xay từ lúa mì đánh vần, một loại lúa mì riêng biệt có hương vị đậm đà, hơi ngọt. Mặc dù nó có chứa gluten nhưng cấu trúc protein của nó khác với lúa mì hiện đại, khiến nó dễ tiêu hóa hơn đối với một số người. Loại bột nghiền bằng đá này giữ lại nhiều chất xơ, sắt và magie hơn bột mì tinh chế, tạo ra các món nướng có kết cấu mềm nhưng đậm đà, lý tưởng cho các loại bánh mì và bánh ngọt thủ công.",75
16a5f168-6a7d-5dad-bbd4-4b0e2f5c3a18,,,Bánh yến mạch (Oatmeal Pie),DISH,440.0,4.5,16.0,69.0,4.0,35.0,300.0,7aa75582-4482-4305-80f6-aa6cfccec44c,,,"Bánh bột yến mạch là món tráng miệng truyền thống của miền Nam Hoa Kỳ kết hợp yến mạch cán và hồ đào trong nhân ngọt giống như sữa trứng làm từ xi-rô ngô hoặc mật đường. Món nướng này có sự tương phản đặc biệt giữa phần bên trong dai, chứa đầy yến mạch và lớp vỏ bánh xốp, mang đến một sự thay thế mộc mạc cho bánh hồ đào có thêm kết cấu ngũ cốc nguyên hạt. Mặc dù cung cấp lượng chất xơ khiêm tốn từ yến mạch nhưng nó vẫn chứa nhiều đường và carbohydrate do liên kết dựa trên xi-rô.",75
b0afc8f6-2685-5d99-84be-97cdea60eecd,,,Bánh mì ngô bản địa Mỹ (Native American Cornbread),DISH,330.0,6.6,9.6,54.0,2.3,6.0,600.0,7aa75582-4482-4305-80f6-aa6cfccec44c,,,"Bánh ngô của người Mỹ bản địa là một món ăn truyền thống của người bản địa được làm chủ yếu từ bột ngô xay bằng đá, nước và muối, được nướng trong chảo đất sét hoặc trên đá nung nóng. Không giống như các phiên bản làm ngọt hiện đại, chế phẩm truyền thống này thường không có men và không thêm đường, mang lại kết cấu đậm đặc, vụn với hương vị ngô đậm đà. Thành phần không chứa gluten và dựa vào bột ngô nguyên hạt, được chế biến tối thiểu, cung cấp năng lượng bền vững đồng thời tôn vinh di sản ẩm thực bản địa.",75
02dbfbcf-264f-5ca2-8a35-a4f22d8971e3,,,Bánh mì không muối Pane Toscano (Unsalted Pane Toscano (Tuscan Bread)),INGREDIENT,266.0,8.0,1.4,55.0,2.7,1.5,5.0,7aa75582-4482-4305-80f6-aa6cfccec44c,,,"Pane Toscano không muối là một loại bánh mì Tuscan truyền thống được xác định bằng việc cố ý thiếu muối, một đặc điểm bắt nguồn từ lịch sử ẩm thực Tuscan thời trung cổ. Loại bánh mì dai, đặc này có lớp vỏ dày, giòn và cấu trúc vụn thoáng mát, hơi khô, lý tưởng để kết hợp với các loại thịt muối, pho mát đậm đà hoặc dầu ô liu. Hàm lượng natri thấp của nó phù hợp với những chế độ ăn kiêng hạn chế, trong khi thành phần bột mì đơn giản của nó mang lại cơ sở trung tính giúp hấp thụ hương vị mà không cạnh tranh với chúng.",75
7d26b302-5d99-51e6-9791-633c6bad5b72,,,Bánh mì nướng Melba không chứa gluten (Gluten-Free Melba Toast),DISH,352.0,0.0,17.6,49.3,3.5,1.0,350.0,7aa75582-4482-4305-80f6-aa6cfccec44c,,,"Bánh mì nướng melba không chứa gluten là loại bánh mì giòn nướng hai lần được làm từ các loại ngũ cốc thay thế như gạo, ngô hoặc bột sắn thay vì lúa mì. Những lát mỏng, giòn này được chế tạo đặc biệt để mang lại kết cấu giòn và nhẹ đặc trưng của bánh mì nướng melba truyền thống đồng thời an toàn cho những người mắc bệnh celiac hoặc nhạy cảm với gluten. Thường được sử dụng làm món nền cho món khai vị hoặc làm món ăn kèm giòn cho súp và salad, những chiếc bánh mì nướng này mang đến sự thay thế ổn định khi bảo quản cho các sản phẩm bánh mì thông thường.",75
38daf71e-e66f-50f2-a31f-2e28c8dd5ea0,,,Bánh cuộn bạch đậu khấu (Cardamom Bun),DISH,365.0,4.0,20.0,42.0,1.5,18.0,200.0,7aa75582-4482-4305-80f6-aa6cfccec44c,,,"Bánh bạch đậu khấu là một loại bánh ngọt truyền thống của Scandinavia được đặc trưng bởi gia vị bạch đậu khấu thơm đặc biệt và hình dạng nút xoắn. Món bánh bột nhào làm từ men giàu dinh dưỡng này, được gọi là 'kardemummabullar' trong tiếng Thụy Điển, có các lớp bơ và nhân đường bạch đậu khấu được cuộn và gấp lại thành hình nút trang trí. Bánh mì nướng có kết cấu mềm, hơi dai, bên ngoài hơi giòn và hương vị ngọt ngào phức tạp giúp phân biệt với bánh quế thông thường.",75
776a7748-41d6-537f-82a9-588a0ef4cc36,,,Bột mì einkorn (Einkorn Flour),INGREDIENT,347.0,13.3,2.5,66.6,2.7,0.5,2.0,7aa75582-4482-4305-80f6-aa6cfccec44c,,,"Bột Einkorn là loại bột nguyên hạt được xay từ lúa mì einkorn, một trong những loại lúa mì lâu đời nhất được biết đến. Khác biệt về mặt di truyền với lúa mì hiện đại, einkorn chứa cấu trúc gluten đơn giản hơn mà một số người thấy dễ tiêu hóa hơn, mặc dù nó không chứa gluten. Loại bột này có hàm lượng protein và khoáng chất cao hơn so với bột mì thông thường, mang lại hương vị hơi ngọt và hấp dẫn cho các món nướng.",75
9f808e6a-04f9-5a40-9c74-6b6783ba6792,,,Bột mì teff (Teff Flour),INGREDIENT,355.0,12.0,2.7,77.0,12.0,1.0,5.0,7aa75582-4482-4305-80f6-aa6cfccec44c,,,"Bột Teff là một loại bột tự nhiên không chứa gluten được làm từ teff, một loại ngũ cốc cổ xưa có nguồn gốc từ Ethiopia và đặc biệt là loại ngũ cốc nhỏ nhất thế giới. Loại bột giàu chất dinh dưỡng này đặc biệt giàu chất sắt và cung cấp thành phần protein hoàn chỉnh, đồng thời mang lại hương vị hạt dẻ tinh tế pha chút sô cô la. Là loại bánh mì truyền thống của người Ethiopia, bột teff đã trở nên phổ biến trong việc nướng bánh không chứa gluten vì tính linh hoạt và khả năng tạo ra các món nướng mềm.",75
80500b07-cb0c-53f8-a24a-bb9dc3183bdd,,,Bột mì cao lương (Sorghum Flour),INGREDIENT,375.0,8.27,3.59,77.4,6.02,0.3,0.0,7aa75582-4482-4305-80f6-aa6cfccec44c,,,"Bột cao lương là một loại bột tự nhiên không chứa gluten được làm từ lúa miến nguyên hạt nghiền mịn, một loại ngũ cốc cổ xưa có nguồn gốc từ Châu Phi. Loại bột có màu sáng này mang lại hương vị nhẹ, ngọt và cung cấp các chất dinh dưỡng quan trọng bao gồm protein, chất xơ và chất chống oxy hóa. Mặc dù thường được sử dụng trong công nghệ nướng bánh không chứa gluten, nhưng nó thường yêu cầu các chất liên kết hoặc các loại bột khác để có kết quả tối ưu do không có cấu trúc gluten.",75
689f77bf-1bd5-5db1-9652-325b5938353f,,,Bột mì kamut (Kamut Flour),INGREDIENT,339.0,14.5,1.9,66.0,11.0,1.0,2.0,7aa75582-4482-4305-80f6-aa6cfccec44c,,,"Bột Kamut là loại bột nguyên hạt được xay từ giống lúa mì khorasan cổ xưa, được biết đến với hương vị đậm đà, hấp dẫn và thành phần dinh dưỡng vượt trội so với lúa mì hiện đại. Mặc dù nó có chứa gluten nhưng một số người nhạy cảm với lúa mì nhẹ lại thấy nó dễ tiêu hóa hơn bột mì thông thường. Bột Kamut là nguồn cung cấp protein, chất xơ và khoáng chất dồi dào, khiến nó trở thành sự lựa chọn bổ dưỡng cho bánh mì, bánh kếp và các loại bánh nướng khác, mang lại hương vị hơi ngọt và bơ.",75
0f5a910a-4ccb-50be-99d1-eba85cc427f2,,,"Gan dê, tươi sống (Goat Liver, Raw)",INGREDIENT,160.0,25.0,4.0,3.7,0.0,3.7,70.0,7aa75582-4482-4305-80f6-aa6cfccec44c,,,"Gan dê là một loại nội tạng giàu chất dinh dưỡng nổi tiếng với hàm lượng vitamin và khoáng chất đặc biệt cao. Nguồn protein giàu chất sắt này chứa nhiều vitamin B12, vitamin A và đồng hơn đáng kể so với các loại thịt cơ, mặc dù hương vị đất đặc biệt và kết cấu mềm nhưng dạng hạt của nó có thể cần một số khẩu vị thích nghi. Thường được áp chảo hoặc kết hợp với các món hầm, gan dê sống phải luôn được nấu chín kỹ để đảm bảo an toàn thực phẩm trong khi vẫn giữ được giá trị dinh dưỡng, mặc dù hàm lượng cholesterol của nó đảm bảo ở mức độ vừa phải trong một số chế độ ăn kiêng.",75
410057dd-a7fa-5fbc-8ec5-e8239bf8c839,,,"Thận dê, tươi sống (Goat Kidneys, Raw)",INGREDIENT,119.0,20.6,3.5,0.0,0.0,0.0,75.0,7aa75582-4482-4305-80f6-aa6cfccec44c,,,"Thận dê là loại nội tạng giàu chất dinh dưỡng, cung cấp hàm lượng vitamin B12, sắt và selen đặc biệt. Những loại thịt nội tạng màu đỏ sẫm này cần được làm sạch và chuẩn bị cẩn thận trước khi nấu để loại bỏ tạp chất và hương vị đậm đà. Thận dê sống phải được bảo quản ở nhiệt độ lạnh và sử dụng kịp thời, đồng thời cần nấu chín đúng cách để đảm bảo an toàn thực phẩm và phát triển hương vị tối ưu.",75
f2391659-84b0-5176-8ded-91c2666fa54c,,,"Cơm nghệ tây, nấu chín (Saffron Rice, Cooked)",DISH,147.0,2.4,1.2,31.5,0.5,0.1,150.0,7aa75582-4482-4305-80f6-aa6cfccec44c,,,"Cơm nghệ tây là một món ăn thơm trong đó gạo trắng được nấu bằng sợi nghệ tây, tạo nên màu vàng vàng đặc trưng và hương thơm thoang thoảng của hoa. Chế phẩm thơm này, phổ biến trong các món ăn Trung Đông, Ấn Độ và Địa Trung Hải, kết hợp các lợi ích dinh dưỡng của gạo với các hợp chất hương vị độc đáo của nghệ tây. Các loại ngũ cốc nấu chín vẫn giữ được kết cấu riêng biệt đồng thời mang lại màu sắc đặc trưng và hương vị tinh tế của nghệ tây, thường được dùng như một món ăn kèm trang nhã cho các món ăn chính.",75
b57f851b-e931-55da-a2fb-08b37d9a24de,,,Mì bí xanh với sốt pesto (Zucchini Noodles with Pesto),DISH,90.0,3.33,4.0,11.33,1.33,1.67,123.33,7aa75582-4482-4305-80f6-aa6cfccec44c,,,"Mì bí xanh với pesto là một món ăn kết hợp đương đại của California, thay thế mì ống truyền thống bằng bí xanh tươi xoắn ốc, phủ sốt pesto húng quế cổ điển. Cách giải thích có ý thức về sức khỏe này thường bao gồm các thành phần bổ sung như cà chua phơi nắng, thảo mộc tươi và các chất bổ sung protein tùy chọn, đồng thời cung cấp một lựa chọn thay thế ít carb hơn cho các món mì ống thông thường. Cách chế biến nhẹ nhàng, tươi ngon làm nổi bật kết cấu tự nhiên của bí xanh đồng thời mang đến hương vị thảo mộc đậm đà của món pesto truyền thống.",75
48039594-3f6a-5264-8a6d-fb73e6d6b158,,,Cháo bột báng (Semolina Porridge),DISH,102.74,3.42,4.11,13.01,0.51,2.91,25.68,7aa75582-4482-4305-80f6-aa6cfccec44c,,,"Cháo bột báng, được gọi là mannaya kasha trong ẩm thực Ukraine, là một món ăn sáng kem làm từ bột báng lúa mì cứng nấu với sữa nguyên chất và bơ. Món cháo thịnh soạn này theo truyền thống được phục vụ nóng với một lớp bơ tan chảy bên trên và thường đi kèm với các chất ngọt như mứt hoặc mật ong. Việc chuẩn bị tại nhà hàng thường mang lại độ sánh mịn, đậm đà và cung cấp nguồn năng lượng đáng kể thông qua sự kết hợp giữa carbohydrate phức hợp và protein sữa.",75
8a6947b1-eedc-510c-bdca-3e5c2f93a322,,,Mì Singapore (Singapore Noodles),DISH,120.0,6.4,2.8,18.0,3.2,2.8,240.0,7aa75582-4482-4305-80f6-aa6cfccec44c,,,"Mì Singapore là một món ăn nổi tiếng của nhà hàng Trung Quốc với món bún gạo mỏng xào với bột cà ri, tạo nên màu vàng đặc trưng và hương vị thơm ngon. Món ăn này thường kết hợp nhiều loại protein bao gồm tôm, thịt lợn nướng kiểu Trung Quốc và trứng, cùng với các loại rau giòn như ớt chuông và giá đỗ. Mặc dù cung cấp sự cân bằng tốt về protein và carbohydrate, các suất ăn tại nhà hàng có thể có hàm lượng natri cao đáng kể do sự kết hợp giữa đậu nành và nước sốt hàu.",75
45199e7e-d132-501d-8ed6-05c8389a7278,,,Naengmyeon (mì kiều mạch lạnh) (Naengmyeon (Cold Buckwheat Noodles)),DISH,280.54,9.05,1.36,56.56,0.91,6.79,542.99,7aa75582-4482-4305-80f6-aa6cfccec44c,,,"Naengmyeon là món mì lạnh truyền thống của Hàn Quốc được làm chủ yếu từ sợi mì kiều mạch dai ăn kèm với nước dùng lạnh hoặc nước sốt cay. Hai loại cổ điển là mul-naengmyeon, có nước luộc thịt bò hoặc gà lạnh, và bibim-naengmyeon, được dùng với nước sốt cay làm từ gochujang. Những món mì tươi mát này thường được trang trí bằng dưa chuột thái lát, lê châu Á, trứng luộc và lát thịt bò mềm, tạo nên sự kết hợp cân bằng giữa kết cấu và hương vị.",75
e4e22334-f950-5d57-92a0-18538d780c07,,,Bánh mì tỏi (Garlic Bread),DISH,375.0,12.5,11.25,55.0,2.5,3.75,750.0,7aa75582-4482-4305-80f6-aa6cfccec44c,,,"Bánh mì tỏi trong bữa tiệc tự chọn là một món ăn kèm ấm áp được làm từ bánh mì trắng cắt lát phủ một lớp bơ hoặc hỗn hợp bơ thực vật dày đặc có chứa tỏi và rau thơm. Những phần ăn này thường có dạng lát nhỏ đến trung bình, thường có bề mặt nướng màu nâu vàng và bên trong mềm. Mặc dù phổ biến như một loại bánh mì bổ sung, mỗi lát bánh cung cấp lượng calo đáng kể từ carbohydrate và chất béo tinh chế, thường chứa 130-150 calo với hàm lượng natri đáng chú ý.",95
88291ea5-89a6-5c6f-99d8-2da720cca303,,,Bánh quế Bỉ S'mores (S'mores Belgian Waffle),DISH,460.0,4.0,9.0,27.5,1.0,7.5,435.0,7aa75582-4482-4305-80f6-aa6cfccec44c,,,"Bánh quế kiểu Bỉ S'mores là sự kết hợp giữa bữa sáng và món tráng miệng hấp dẫn với lớp bánh quế dày, giòn của Bỉ phủ các nguyên liệu s'mores cổ điển. Phần đế bánh quế kiểu Bỉ truyền thống được trang trí bằng sô cô la chip, kẹo dẻo, vụn bánh quy graham và kem tươi, tạo nên sự kết hợp phong phú giữa kết cấu và hương vị. Món ăn suy đồi này thường chứa hơn 900 calo mỗi khẩu phần và thể hiện sự ngọt ngào, lấy cảm hứng từ món tráng miệng trên món bánh quế cổ điển của Bỉ.",75
2b6a8121-3b77-5e44-a06a-20101ee3626e,,,Bánh mì Lepinja (Lepinja Bread),DISH,283.19,8.85,7.08,45.13,2.21,2.65,500.0,7aa75582-4482-4305-80f6-aa6cfccec44c,,,"Lepinja là một loại bánh mì dẹt truyền thống của vùng Balkan có đặc điểm bên trong mềm, xốp và lớp vỏ bên ngoài hơi giòn. Loại bánh mì thịnh soạn này thường được làm giàu với bơ hoặc dầu khi chế biến tại nhà hàng, khiến nó trở nên đậm đà hơn so với các phiên bản tự làm. Thường được phục vụ nóng cùng với thịt nướng trong các nhà hàng Serbia, nó đặc biệt phổ biến làm nền cho bánh mì cevapi và thường được dùng để chấm nước sốt mặn.",75
2756659e-1745-5a1f-aa1b-650bf3f68719,,,Cơm trắng hấp (Steamed White Rice),DISH,175.0,3.71,0.32,39.39,1.06,0.08,3.79,7aa75582-4482-4305-80f6-aa6cfccec44c,,,"Cơm trắng hấp là một loại ngũ cốc tinh chế chủ yếu được dùng làm món ăn kèm trung tính trong các nhà hàng Trung Quốc. Các loại ngũ cốc được xay kỹ và hấp để đạt được kết cấu mịn, nhẹ đặc trưng với các hạt riêng biệt và khác biệt. Là nguồn cung cấp carbohydrate phức hợp chính, món ăn có lượng calo vừa phải này cung cấp năng lượng nhanh chóng đồng thời dùng làm cơ sở lý tưởng cho nước sốt và món xào.",75
be2765dc-0b68-5e5a-963b-d80d9d9c01a1,,,Bánh mì vòng bí ngô (Pumpkin Bagel),DISH,283.33,9.44,1.67,57.78,3.33,5.56,366.67,7aa75582-4482-4305-80f6-aa6cfccec44c,,,"Bánh mì tròn bí ngô là một biến thể theo mùa của bánh mì luộc rồi nướng truyền thống, có bí đỏ nguyên chất xay nhuyễn và các loại gia vị mùa thu ấm áp như quế và nhục đậu khấu. Món bánh mì tròn thịnh soạn này kết hợp vẻ ngoài dai đặc trưng và phần bên trong mềm mại, đặc của bánh mì tròn cổ điển với hương vị bí ngô tinh tế và màu nâu vàng. Mặc dù cung cấp lượng carbohydrate đáng kể điển hình của bánh mì tròn, nhưng nó cũng cung cấp hàm lượng protein vừa phải và chất xơ, khiến nó trở thành một lựa chọn thỏa mãn cho bữa sáng hoặc bữa ăn nhẹ.",75
b330ba59-132c-5a1d-93db-1449fc270275,,,Mì Biang Biang (Biang Biang Noodles),DISH,300.43,8.09,5.11,60.0,2.0,1.06,500.43,7aa75582-4482-4305-80f6-aa6cfccec44c,,,"Mì Biang Biang là loại mì kéo bằng tay đặc biệt của Trung Quốc, có đặc điểm là hình dạng giống như chiếc thắt lưng rộng bất thường và kết cấu dai. Những sợi mì béo này thường được phục vụ với nước sốt cay làm từ dầu ớt, tỏi và nước tương, thường được trang trí bằng hành lá và thịt hoặc rau mềm. Món ăn này được biết đến với kích thước khẩu phần thịnh soạn và sự kết hợp hài lòng giữa sợi mì dai với nước sốt mặn đặc trưng.",75
98ddfe2d-a15e-5764-aaef-bf8b5d00f33f,,,Cơm Ofada với sốt Ayamase (Ofada Rice with Ayamase Sauce),DISH,130.44,6.67,5.11,14.44,1.11,1.11,177.78,7aa75582-4482-4305-80f6-aa6cfccec44c,,,"Cơm Ofada với sốt Ayamase là một món ăn nổi tiếng của Nigeria kết hợp giữa gạo địa phương chưa được đánh bóng với nước sốt tiêu xanh đậm đà, có hương vị đậm đà. Gạo, nổi tiếng với việc giữ lại lớp cám và chất dinh dưỡng, được phục vụ với nước sốt đặc biệt làm từ ớt chưa chín, các loại thịt và dầu cọ, tạo nên hương vị cay nồng như khói. Món ăn thịnh soạn này đại diện cho ẩm thực truyền thống của Nigeria ở mức tốt nhất, mang đến một bữa ăn giàu protein với carbohydrate phức hợp và hương vị bốc lửa đặc trưng.",75
5ac0a80e-54a5-5cb4-8df6-b685ef8b640a,,,Mì Dan Dan (Dan Dan Noodles),DISH,163.46,7.69,6.41,18.59,0.96,1.28,346.15,7aa75582-4482-4305-80f6-aa6cfccec44c,,,"Mì Dan Dan là một món ăn Tứ Xuyên cổ điển gồm mì lúa mì ăn kèm với nước sốt cay đặc biệt làm từ mè, dầu ớt và thịt lợn xay. Nhà hàng yêu thích này kết hợp sợi mì mềm với nước sốt đậm đà, phức tạp giúp cân bằng độ nóng, vị bùi và hương vị umami, thường được trang trí bằng hành lá và đậu phộng nghiền. Món ăn này cung cấp một nguồn protein và carbohydrate đáng kể, mặc dù các món ăn ở nhà hàng thường có lượng natri và calo cao hơn so với các món ăn tự chế biến.",75
dc940460-7fd5-5111-9904-a35834872f93,,,Bánh cuộn Boston (Boston Roll),DISH,133.33,7.14,1.9,22.86,0.95,1.9,142.86,7aa75582-4482-4305-80f6-aa6cfccec44c,,,"A Boston Roll là món sushi cuộn từ trong ra ngoài có tôm nấu chín, bơ kem và dưa chuột giòn bọc trong cơm dày dặn và rong biển nori. Loại sushi dễ tiếp cận này thường được trang trí bằng tobiko (trứng cá chuồn) màu cam rực rỡ và phủ một lớp sốt mayonnaise Nhật Bản nhẹ. Sự kết hợp giữa hải sản nấu chín và rau tươi tạo nên một món cuộn cân bằng, đặc biệt hấp dẫn những người mới làm quen với sushi.",75
3ec86b2a-2a3d-5fec-af91-ccf11807c8e7,,,Bunna (Bunna),DISH,0.83,0.12,0.0,0.0,0.0,0.0,2.08,7aa75582-4482-4305-80f6-aa6cfccec44c,,,"Bunna là loại cà phê truyền thống của Ethiopia được phục vụ như một phần của trải nghiệm ăn uống nghi lễ tại các nhà hàng Ethiopia. Loại cà phê đậm đà, đậm đà này thường được pha chế qua nhiều lần pha từ những hạt cà phê mới rang, thường được phục vụ trong những cốc nhỏ cùng với hương đốt. Việc chuẩn bị và phục vụ bunna được coi là một nghi lễ xã hội quan trọng trong văn hóa Ethiopia, với mỗi khẩu phần theo truyền thống dần dần trở nên nhẹ nhàng hơn qua ba vòng ủ.",75
b4e26105-54ff-5160-ae3f-a5fa83f92523,,,Bánh mì soda Ailen (Irish Soda Bread),DISH,292.86,6.79,5.0,56.79,2.14,4.29,403.57,7aa75582-4482-4305-80f6-aa6cfccec44c,,,"Bánh mì Soda Ailen là một loại bánh mì nhanh truyền thống được làm không có men, sử dụng baking soda làm chất tạo men. Loại bánh mì thịnh soạn này có phần bên trong dày đặc, ẩm ướt bên dưới lớp vỏ giòn, với hương vị nhẹ nhàng đến từ các nguyên liệu đơn giản gồm bột mì, bơ sữa, muối và baking soda. Thường được phục vụ khi còn ấm trong các quán rượu ở Ireland, theo truyền thống, món này được dùng kèm với bơ và là sự bổ sung tuyệt vời cho các món súp và món hầm.",75
1a5f92bb-4db7-5f2f-941b-11f56472f539,,,Bánh mì vòng chiên giòn (Bagel Chips),DISH,464.29,12.5,17.86,64.29,3.57,3.57,857.14,7aa75582-4482-4305-80f6-aa6cfccec44c,,,"Bánh mì tròn là món ăn nhẹ giòn được làm từ bánh mì tròn cắt lát mỏng được tẩm gia vị và nướng hai lần cho đến khi giòn. Những miếng khoai tây chiên thủ công này vẫn giữ được hương vị lúa mì đặc biệt của bánh mì tròn tươi đồng thời mang đến độ giòn vừa ý và hương vị đậm đặc từ các gia vị bổ sung như tỏi, muối biển hoặc thảo mộc. Là một món ăn nhẹ giàu calo, chúng cung cấp sự kết hợp thịnh soạn giữa carbohydrate và chất béo, đồng thời đóng vai trò là sự thay thế đáng kể hơn cho khoai tây chiên truyền thống.",75
389c5510-9f3d-51c2-a18b-efee8d484820,,,Bánh mì kẹp Jibarito (Jibarito Sandwich),DISH,204.0,10.0,16.67,20.0,1.33,2.67,266.67,7aa75582-4482-4305-80f6-aa6cfccec44c,,,"Jibarito là một loại bánh sandwich đặc biệt lấy cảm hứng từ Puerto Rico sử dụng chuối xanh chiên giòn thay cho bánh mì. Món sáng tạo thịnh soạn này thường có bít tết ướp, rau diếp tươi, cà chua và hành tây, kết thúc bằng sốt mayo-sốt cà chua đặc trưng. Mặc dù không chứa gluten tự nhiên nhờ 'bánh' chuối, nhưng món bánh sandwich giàu calo này kết hợp độ giòn vừa miệng của chuối chiên hai lần với thịt tẩm gia vị mềm để mang lại trải nghiệm ăn uống độc đáo.",75
026588aa-6bf0-539f-ac91-56756a33976c,,,Cơm hấp (Steamed Rice),DISH,120.59,2.53,0.24,26.47,0.35,0.06,0.59,7aa75582-4482-4305-80f6-aa6cfccec44c,,,"Cơm trắng phục vụ tại nhà hàng Teppanyaki là món cơm trắng được chế biến cẩn thận, đóng vai trò là yếu tố cơ bản của bữa ăn. Cơm được hấp để đạt được kết cấu mềm, mịn với các hạt rõ rệt, dễ dàng hấp thụ hương vị của nước sốt và món ăn đi kèm. Mặc dù ban đầu được phục vụ đơn giản nhưng nó thường được tăng cường trong quá trình trải nghiệm ăn uống với một lượng nhỏ bơ, nước tương hoặc các gia vị khác do đầu bếp thêm vào.",75
c9c042cb-050e-5d55-9cb8-f41b65cb27ee,,,Bánh quế Bỉ nhung đỏ (Red Velvet Belgian Waffle),DISH,264.71,5.88,12.94,34.12,1.18,8.24,558.82,7aa75582-4482-4305-80f6-aa6cfccec44c,,,"Bánh quế Red Velvet Bỉ là một món tráng miệng đặc biệt kết hợp cách chế biến bánh quế truyền thống của Bỉ với hương vị nhung đỏ đặc biệt. Loại bánh quế kiểu nhà hàng này có phần bên trong mềm mại, nhẹ nhàng và bên ngoài giòn, đặc trưng bởi màu đỏ thẫm đậm đà và hương ca cao tinh tế. Thường được phục vụ khi còn ấm và được trang trí bằng kem phủ phô mai, kem đánh bông và các đồ trang trí tùy chọn như đường bột hoặc sô cô la bào.",75
bc9365ae-f797-5021-894d-8bb4aa7d9d86,,,Gỏi cuốn tươi (Goi Cuon Fresh Spring Rolls),INGREDIENT,148.57,11.9,3.81,16.67,2.38,2.38,142.86,7aa75582-4482-4305-80f6-aa6cfccec44c,,,"Gỏi cuốn là món nem tươi của Việt Nam bao gồm tôm, thịt lợn, bún và rau tươi được gói trong bánh tráng trong. Không giống như các món chiên, những món cuộn chưa nấu chín này nhẹ và bổ dưỡng, thường được dùng như món khai vị với đậu phộng hoặc nước chấm tương đen. Mỗi cuộn cung cấp sự kết hợp cân bằng giữa protein nạc và rau trong khi vẫn ít chất béo, khiến chúng trở thành lựa chọn lành mạnh cho những ai đang tìm kiếm một bữa ăn nhẹ hoặc món khai vị.",75
86e9cb52-694b-5e99-affd-f64d5def67b4,,,Tortilla Española Pintxo (Tortilla Española Pintxo),DISH,188.24,4.94,12.94,12.94,1.76,1.18,470.59,7aa75582-4482-4305-80f6-aa6cfccec44c,,,"Tortilla Española Pintxo là món tapas truyền thống của Tây Ban Nha bao gồm một phần trứng tráng khoai tây và trứng được phục vụ dưới dạng đĩa nhỏ. Món khai vị thịnh soạn này bao gồm khoai tây và hành tây được nấu chín từ từ trong dầu ô liu, sau đó kết hợp với trứng đánh bông và tạo thành món trứng tráng dày, mềm. Thường được phục vụ ở nhiệt độ phòng dưới dạng pintxo (phần nhỏ), món ăn đậm đặc chất dinh dưỡng này cung cấp sự kết hợp cân bằng giữa protein từ trứng, carbohydrate phức hợp từ khoai tây và chất béo lành mạnh từ dầu ô liu.",75
6c5a61d2-6f3b-51d0-9f1d-c33000d0d3bc,,,Bánh mì kẹp Elena Ruz (Elena Ruz Sandwich),DISH,265.12,7.44,10.23,35.35,1.4,11.63,224.65,7aa75582-4482-4305-80f6-aa6cfccec44c,,,"Elena Ruz Sandwich là một sáng tạo đặc biệt của Cuba được đặt tên theo một trang xã hội ở Havana những năm 1930, có sự kết hợp bất ngờ giữa hương vị ngọt và mặn. Bánh sandwich ép này bao gồm ức gà tây, phô mai kem và mứt dâu tây được xếp giữa các lát bánh mì Cuba ngọt ngào. Bánh sandwich thường được nướng cho đến khi có màu nâu vàng, tạo nên phần bên trong ấm áp, mềm mại, cân bằng hài hòa sự kết hợp độc đáo của các nguyên liệu.",75
e90cc9e7-5ec0-5825-924a-3211eb01ca13,,,Pescado a la Tipitapa (Pescado a la Tipitapa),DISH,137.5,6.09,7.19,15.31,1.09,1.25,140.62,7aa75582-4482-4305-80f6-aa6cfccec44c,,,"Pescado a la Tipitapa là món ăn đặc trưng của Nicaragua bao gồm cá nguyên con được chế biến với nước sốt đặc biệt bao gồm hành tây xào, cà chua và ớt ngọt trên nền giấm Worcestershire. Cá, thường là cá rô phi hoặc cá trắng tương tự, được nướng hoặc chiên cho đến khi giòn và ăn kèm với nước sốt ấm rưới lên trên. Món ăn thịnh soạn này theo truyền thống được dùng kèm với cơm trắng và tostone (chuối xanh chiên), tạo nên một bữa ăn cân bằng kết hợp protein nạc với carbohydrate phức tạp.",75
d5b9588f-da7c-5e73-bd2e-ec90691cf04b,,,Cơm niêu đất (Clay Pot Rice),INGREDIENT,158.33,5.0,4.17,25.83,1.25,1.67,316.67,7aa75582-4482-4305-80f6-aa6cfccec44c,,,"Cơm niêu là một món ăn truyền thống của Trung Quốc, trong đó cơm được nấu chậm trong nồi đất nung cho đến khi mềm hoàn toàn. Bữa ăn hoàn chỉnh này thường bao gồm xúc xích Trung Quốc, thịt ướp muối hoặc thịt gà cùng với các loại rau như nấm và rau xanh, tất cả đều được nêm với nước tương thơm ngon. Đặc điểm nổi bật là lớp cơm giòn vàng ruộm hình thành dưới đáy nồi trong quá trình nấu.",75
cd2b7e5c-c07f-58ee-9eb8-84a53bec62d8,,,Bánh mì kẹp Tempeh BLT (Tempeh BLT Sandwich),DISH,162.0,7.6,8.0,17.0,3.0,3.8,357.0,7aa75582-4482-4305-80f6-aa6cfccec44c,,,"Tempeh BLT Sandwich là một phiên bản chuyển thể từ thực vật của bánh mì thịt xông khói cổ điển, có tempeh ướp và áp chảo như một món thay thế thịt xông khói giàu protein. Được làm từ đậu nành lên men, tempeh mang lại kết cấu chắc, thịt và cung cấp đầy đủ protein, chất xơ và men vi sinh thân thiện với đường ruột đồng thời tái tạo hương vị umami khói. Được phục vụ trên bánh mì nướng với rau diếp giòn, cà chua chín và mayo không chứa sữa, phiên bản thuần chay này duy trì độ giòn đặc trưng và hương vị cân bằng của BLT truyền thống với mật độ dinh dưỡng được tăng cường.",75
5fc23be3-7eeb-5026-890a-4366969a9ed2,,,Bánh mì kẹp Ćevapi (Ćevapi Sandwich),DISH,191.43,8.57,8.57,20.0,1.14,2.29,285.71,7aa75582-4482-4305-80f6-aa6cfccec44c,,,"Ćevapi (che-VAH-pee) Sandwich là một món ăn thịnh soạn của vùng Balkan gồm xúc xích nướng, không vỏ được làm từ thịt xay dày dặn, theo truyền thống là sự pha trộn giữa thịt bò và thịt cừu. Xúc xích được phục vụ trong một loại bánh mì dẹt ấm gọi là lepinje và thường được trang trí với hành sống cắt nhỏ và ajvar (gia vị ớt đỏ), đôi khi được kết thúc bằng kajmak, một loại kem phết bơ sữa. Món bánh sandwich giàu protein này là một bữa ăn hoàn chỉnh tiêu biểu cho món ăn đường phố truyền thống của vùng Balkan, mang đến sự kết hợp hài lòng giữa thịt nướng khói, bánh mì mềm và gia vị thơm.",75
9b88c5a0-8685-5c4a-8bbf-88ddf5ee125e,,,Arepas Rellenas (Arepas Rellenas),DISH,200.0,5.33,8.4,23.33,2.67,2.67,266.67,7aa75582-4482-4305-80f6-aa6cfccec44c,,,"Arepas Rellenas là loại bánh ngọt nhồi của Puerto Rico được làm từ bột làm từ bột mì (không giống như các phiên bản bột ngô của Venezuela/Colombia) được chiên giòn cho đến khi giòn và phồng lên. Những viên tròn màu nâu vàng này thường có đường kính 3-4 inch và chứa nhiều nguyên liệu khác nhau như phô mai, thịt, hải sản hoặc rau. Bên ngoài giòn nhường chỗ cho bên trong nhẹ nhàng, thoáng mát, khiến chúng trở thành món khai vị hoặc món ăn nhẹ phổ biến trong ẩm thực Puerto Rico.",75
7eb8d648-7f7d-5813-af70-e3eab6fb9e10,,,Bánh cuộn nhện (Spider Roll),DISH,165.96,5.11,5.96,21.28,1.7,2.55,340.43,7aa75582-4482-4305-80f6-aa6cfccec44c,,,"A Spider Roll là một món sushi đặc biệt với nhân là cua vỏ mềm chiên tempura, thường đi kèm với bơ, dưa chuột và mayo cay, tất cả được bọc trong cơm sushi và rong biển nori. Món cuốn có đặc điểm là cách trình bày ấn tượng với các chân cua thường nhô ra hai bên, tạo nên hình dáng giống con nhện. Mặc dù giàu calo hơn so với chả cá sống truyền thống do cua chiên, nhưng nó mang đến sự kết hợp hài lòng giữa kết cấu giòn, kem và tươi cùng với thành phần cân bằng giữa protein và chất béo lành mạnh.",75
e7d73da5-fef4-587f-9868-130f7bdc1dc8,,,Bánh quy bánh mì Pháp (French Toast Biscuit),DISH,516.0,16.0,24.0,56.0,12.0,12.0,390.0,7aa75582-4482-4305-80f6-aa6cfccec44c,,,"Bánh quy nướng kiểu Pháp là một đặc sản của nhà hàng miền Nam, biến bánh quy bơ sữa truyền thống thành món ăn sáng ngọt ngào bằng cách nhúng chúng vào hỗn hợp sữa trứng làm từ trứng và nướng cho đến khi vàng. Sự sáng tạo kết hợp thú vị này mang đến trải nghiệm kết cấu độc đáo, kết hợp các lớp xốp của bánh quy với phần bên trong đậm đà, giống như sữa trứng của bánh mì nướng kiểu Pháp. Thường được phục vụ ấm với bơ và xi-rô cây phong, nó đại diện cho một sự thay thế ngon lành hơn cho bánh mì nướng truyền thống của Pháp hoặc bánh quy đơn giản.",75
b25fad97-356e-5b41-a9dc-5a8c53487f46,,,Bánh mì vòng jalapeño cheddar (Jalapeño Cheddar Bagel),DISH,257.81,11.72,3.12,49.22,4.69,3.12,625.0,7aa75582-4482-4305-80f6-aa6cfccec44c,,,"Bánh mì tròn jalapeño cheddar là một biến thể thơm ngon của bánh mì tròn truyền thống với ớt jalapeño thái hạt lựu và pho mát cheddar sắc nét nướng trong bột. Món bánh mì tròn thịnh soạn này kết hợp kết cấu dai, đậm đặc cổ điển với vị cay từ ớt và hương vị thơm ngon đậm đà từ phô mai tan chảy. Với hàm lượng protein cao hơn so với bánh mì tròn thông thường do có thêm phô mai, nó cung cấp nền tảng đáng kể cho bánh mì sandwich đồng thời cung cấp mức nhiệt vừa phải thu hút những người đam mê gia vị.",75
3a759292-8c9f-5a9d-9187-3f5b27ef1ce6,,,Bánh cuộn brioche (Brioche Roll),DISH,265.0,8.0,10.0,36.0,1.5,8.0,350.0,7aa75582-4482-4305-80f6-aa6cfccec44c,,,"Brioche roll là một loại bánh mì béo ngậy kiểu Pháp với đặc điểm là hàm lượng bơ và trứng cao, tạo nên lớp vỏ bánh mềm như bánh và vỏ vàng, hơi ngọt. Việc bổ sung đường và sữa đáng kể trong bột làm cho bột có nhiều calo hơn so với bánh mì tiêu chuẩn, với hàm lượng chất béo bão hòa đáng chú ý từ bơ. Theo truyền thống được phục vụ như một loại bánh ngọt ăn sáng hoặc đế bánh sandwich, những chiếc bánh cuộn này mang lại kết cấu sang trọng, kết hợp hài hòa với các loại nhân mặn hoặc phết ngọt.",75
cbc69ed4-ca41-525d-94ce-7544b6d1cb98,,,Bánh mì nồi (Pot Bread),DISH,262.67,8.67,4.0,46.67,3.33,5.33,346.67,7aa75582-4482-4305-80f6-aa6cfccec44c,,,"Pot Bread là một loại bánh mì truyền thống của Nam Phi nổi bật bởi cách chế biến trong nồi gang, tạo ra lớp vỏ giòn độc đáo trong khi vẫn giữ được phần bên trong mềm mại, bông xốp. Loại bánh mỳ thịnh soạn này là món ăn chủ yếu của ẩm thực Nam Phi, theo truyền thống được phục vụ nóng cùng với braai (thịt nướng) hoặc potjiekos (món hầm). Phương pháp chế biến mộc mạc và kết cấu đặc biệt khiến nó có sự khác biệt đáng kể so với các loại bánh mì nướng bằng lò tiêu chuẩn.",75
be973e2a-e731-55ab-9d81-8764e482327c,,,Bánh quế Bỉ Tiramisu (Tiramisu Belgian Waffle),DISH,331.33,5.33,12.0,34.67,1.33,25.93,233.33,7aa75582-4482-4305-80f6-aa6cfccec44c,,,"Bánh quế Tiramisu Bỉ là một món tráng miệng kết hợp hấp dẫn, kết hợp giữa bánh quế cổ điển của Bỉ với hương vị tiramisu của Ý. Chiếc bánh quế vàng, giòn được ngâm trong cà phê espresso và phủ một lớp kem mascarpone béo ngậy, sau đó phủ một lớp bột ca cao và sô cô la bào lên trên. Món tráng miệng đặc sản của nhà hàng này biến món ăn sáng truyền thống thành món ăn ngon sau bữa tối, nắm bắt được bản chất của cả hai món ăn được yêu thích.",75
c039ece8-5312-5683-9ad9-ec03ab782121,,,Bát hạt diêm mạch bơ (Avocado Quinoa Bowl),DISH,118.6,4.88,4.3,15.12,3.26,1.4,81.4,7aa75582-4482-4305-80f6-aa6cfccec44c,,,"Avocado Quinoa Bowl là một món ăn được chế biến giàu chất dinh dưỡng thường được tìm thấy tại các nhà hàng và quán nước trái cây tập trung vào sức khỏe. Món ăn thịnh soạn này có nhân quinoa giàu protein phủ bơ tươi, rau trộn và rau theo mùa, thường được bổ sung bằng đậu đen hoặc trứng để bổ sung protein. Sự kết hợp này cung cấp một nguồn chất xơ tuyệt vời, chất béo lành mạnh và protein hoàn chỉnh, thường được phục vụ với khẩu phần dồi dào phù hợp cho một bữa ăn no.",75
d6d92ef9-4473-5723-9dcb-df7aa6891252,,,Arepa de Caraotas Negras (Arepa de Caraotas Negras),DISH,190.0,5.0,8.0,18.0,2.0,0.0,0.0,7aa75582-4482-4305-80f6-aa6cfccec44c,,,"Arepa de Caraotas Negras là món bánh bột ngô truyền thống của Venezuela với nhân đậu đen và phô mai trắng. Bản thân arepa được làm từ bột ngô nấu sẵn rồi nướng hoặc chiên cho đến khi giòn bên ngoài nhưng vẫn mềm bên trong, sau đó tách ra và nhân đầy. Đậu đen thường được nấu chín chậm với các chất thơm như hành và ớt, tạo ra một loại nhân đậm đà, giàu protein kết hợp hoàn hảo với phô mai trắng vụn, nhẹ.",75
c3e2972f-a854-575b-9167-33260b83a3d3,,,Bánh mì kẹp sáng (Breakfast Sandwich),DISH,175.0,10.0,8.0,15.0,1.5,1.5,350.0,7aa75582-4482-4305-80f6-aa6cfccec44c,,,"Bánh sandwich ăn sáng từ các quán cà phê và quán cà phê là bữa ăn sáng phổ biến thường có trứng, pho mát và thịt ăn sáng được phục vụ trên bánh mì như bánh nướng xốp kiểu Anh, bánh sừng bò hoặc bánh mì tròn. Những bữa ăn cầm tay này cung cấp lượng protein đáng kể từ các thành phần trứng và thịt, mặc dù hàm lượng dinh dưỡng tổng thể của chúng thay đổi đáng kể tùy theo thành phần và khẩu phần ăn. Các biến thể phổ biến bao gồm thịt xông khói hoặc xúc xích làm lựa chọn thịt, trong khi nhiều cơ sở cung cấp các tùy chọn tùy chỉnh như thêm bơ hoặc chọn lòng trắng trứng để có lựa chọn nhẹ hơn.",75
7f5b68e5-d17f-5008-a19a-c5d6c1a77893,,,Bánh mì pita falafel bọc tahini (Falafel Pita Wrap with Tahini),DISH,199.17,7.05,7.05,30.29,4.15,2.49,352.7,7aa75582-4482-4305-80f6-aa6cfccec44c,,,"Món falafel pita bọc là một loại bánh sandwich Địa Trung Hải có nhân đậu xanh chiên giòn ăn kèm với bánh mì pita ấm với sốt tahini và rau tươi. Bữa ăn thịnh soạn làm từ thực vật này kết hợp những viên falafel giòn, dày dặn với các loại rau giòn, mát và nước sốt kem tahini, thường được trang trí bằng rau diếp, cà chua và rau muối. Sự kết hợp này cung cấp hàm lượng protein và chất xơ đáng kể đồng thời mang lại hương vị đích thực của món ăn đường phố Trung Đông.",75
92662479-e605-5740-8024-2600fcd16431,,,Bát gạo lứt và đậu đen (Brown Rice and Black Bean Bowl),INGREDIENT,88.89,3.11,3.11,12.22,2.67,0.67,66.67,7aa75582-4482-4305-80f6-aa6cfccec44c,,,"Bát gạo lứt và đậu đen là một món ăn nhà hàng tập trung vào sức khỏe được xây dựng trên nền tảng là gạo lứt nguyên hạt và đậu đen giàu protein. Bữa ăn giàu chất dinh dưỡng này thường bao gồm rau tươi, chất béo lành mạnh như bơ và các loại đồ ăn kèm có thể tùy chỉnh như thảo mộc tươi hoặc salsa. Sự kết hợp này cung cấp hàm lượng chất xơ và protein đáng kể đồng thời mang đến một bữa ăn cân bằng, hoàn chỉnh, đặc biệt phổ biến ở các quán cà phê hữu cơ và nhà hàng quan tâm đến sức khỏe.",75
4b5cbf3c-d673-5fa8-8bce-ea0b9795b4d7,,,Pyrizhky với nấm và cơm (Pyrizhky with Mushrooms and Rice),INGREDIENT,101.82,2.36,4.55,13.64,0.73,1.09,181.82,7aa75582-4482-4305-80f6-aa6cfccec44c,,,"Pyrizhky (phát âm là 'py-rizh-ky') là loại bánh nhân truyền thống của Ukraina ăn kèm với cơm nấm cơm thập cẩm. Những chiếc bánh mặn này được làm từ bột men đã được làm giàu và thường chứa đầy hỗn hợp khoai tây, phô mai và thì là, sau đó nướng cho đến khi có màu vàng nâu. Cơm nấm kem đi kèm tạo nên một món ăn thịnh soạn thể hiện hương vị ẩm thực cổ điển của Ukraina.",95
cb39eaa8-58f0-58ac-ae98-df376d63abcb,,,Bánh mì Focaccia không chứa gluten (Gluten-Free Focaccia),DISH,270.0,3.0,6.5,50.0,5.5,1.5,450.0,7aa75582-4482-4305-80f6-aa6cfccec44c,,,"Focaccia không chứa gluten là một loại bánh mì thủ công được làm bằng hỗn hợp bột mì chuyên dụng để tái tạo món bánh mì dẹt cổ điển của Ý không có sản phẩm từ lúa mì. Phiên bản do nhà hàng chế biến này có bột làm từ dầu ô liu truyền thống và bề mặt lõm đặc trưng, ​​​​mặc dù nó thường có kết cấu đặc hơn một chút so với phiên bản làm từ lúa mì. Bánh mì được chế biến cẩn thận để duy trì trải nghiệm focaccia đích thực đồng thời hoàn toàn an toàn cho những người mắc bệnh celiac hoặc nhạy cảm với gluten.",75
8983e1c1-d8f0-5a43-afd5-33fe0cd574b9,,,Bánh quế Bỉ thường (Plain Belgian Waffle),DISH,359.65,7.02,15.79,48.25,1.75,7.89,763.16,7aa75582-4482-4305-80f6-aa6cfccec44c,,,"Bánh quế kiểu Bỉ đơn giản là một loại bánh ngọt ăn sáng có túi sâu được làm từ bột mì, trứng, sữa và đường, được nấu trong bàn ủi bánh quế chuyên dụng của Bỉ. Cách chế biến đặc biệt của nó tạo ra lớp vỏ ngoài vàng giòn trong khi vẫn giữ được kết cấu bên trong xốp, nhẹ, giúp phân biệt với bánh quế tiêu chuẩn. Món ăn sáng thịnh soạn này chứa lượng carbohydrate đáng kể và chất béo vừa phải, thường cung cấp khoảng 400 calo cho mỗi khẩu phần ăn tại nhà hàng và chứa các chất gây dị ứng phổ biến bao gồm lúa mì, trứng và sữa.",75
f60ee034-c0b7-5d63-9e64-674c145cbb6e,,,Cơm chiên tỏi (Garlic Fried Rice),DISH,170.0,5.0,3.0,27.5,0.5,0.5,350.0,7aa75582-4482-4305-80f6-aa6cfccec44c,,,"Cơm chiên tỏi là một món ăn châu Á thơm ngon được chế biến trên vỉ nướng teppanyaki có mặt phẳng ở nhiệt độ cao, gồm có cơm cũ xào với nhiều tỏi băm và nước tương. Món ăn nhà hàng này thường chứa 330-350 calo mỗi cốc phục vụ và được đặc trưng bởi kết cấu giòn đặc biệt và hương vị tỏi đậm đà. Món ăn này thường đóng vai trò là hương vị cơ bản để bổ sung thêm protein và rau, mặc dù hàm lượng natri đáng kể của nó đến từ nước tương và gia vị được sử dụng trong quá trình nấu.",95
a7048be4-cf70-52f9-9f22-1c00fb8b5a10,,,Bánh cuộn núi lửa (Volcano Roll),DISH,200.0,7.0,7.5,25.0,1.5,4.0,300.0,7aa75582-4482-4305-80f6-aa6cfccec44c,,,"Volcano Roll là một món sushi cuộn đặc sản nổi bật bởi cách trình bày ấn tượng và hương vị phong phú. Món cuộn đáng kể này có tôm và cua tempura (thường là giả) được bọc trong cơm sushi với dưa chuột và bơ, sau đó phủ sốt mayo cay và lươn ngọt. Do có lớp phủ tempura và nước sốt kem nên nó chứa nhiều calo và chất béo hơn đáng kể so với cuộn sushi truyền thống, thường cung cấp 360-440 calo mỗi khẩu phần.",75
79fa5800-e315-5f4a-a2f0-11c244df1893,,,Bánh cuộn Negitoro (Negitoro Roll),DISH,110.0,9.0,4.0,10.0,1.0,2.0,30.0,7aa75582-4482-4305-80f6-aa6cfccec44c,,,"Negitoro Roll là món sushi truyền thống của Nhật Bản kết hợp giữa cá ngừ béo băm nhỏ (toro) với hành lá thái nhỏ (negi), bọc trong cơm và rong biển nori. Món cuộn đặc biệt này có kết cấu béo ngậy, béo ngậy của bụng cá ngừ cao cấp trộn với vị giòn tươi của hành lá, tạo nên hương vị cân bằng. Nó cung cấp một lựa chọn giàu protein với chất béo lành mạnh vừa phải, khiến nó trở thành một lựa chọn bổ dưỡng trong số các loại sushi.",75
04110079-be4f-5f56-af1a-d92992be5b7f,,,Bánh mì kẹp sườn (Rib Sandwich),DISH,345.03,18.71,20.47,29.24,0.58,5.85,818.71,7aa75582-4482-4305-80f6-aa6cfccec44c,,,"Bánh mì sườn là một món nướng thịnh soạn bao gồm sườn lợn hun khói được phục vụ trên bánh mì mềm hoặc bánh mì, thường được phục vụ với nước sốt thịt nướng và các món ăn kèm truyền thống như xà lách trộn hoặc dưa chua. Món bánh sandwich béo ngậy này có thịt mềm, đầy hương vị được chế biến cẩn thận bằng kỹ thuật nướng truyền thống, thường trong vài giờ. Là một lựa chọn giàu calo, giàu protein và hương vị, nó cung cấp một phần ăn phong phú có hàm lượng chất béo và natri cao hơn đáng kể so với bánh mì thông thường.",75
1b9e67bc-a59c-52ab-8fa7-3560f03dc968,,,Bánh cuộn California (California Roll),DISH,107.5,4.25,3.5,15.0,1.5,2.0,408.5,7aa75582-4482-4305-80f6-aa6cfccec44c,,,"California Roll là một món sushi từ trong ra ngoài phổ biến với thịt giả cua (surimi), bơ và dưa chuột bọc trong cơm và rong biển. Loại sushi nấu chín này thường chứa 160-255 calo mỗi cuộn đầy đủ (6-8 miếng) và cung cấp lượng carbohydrate cân bằng vừa phải từ gạo, protein từ surimi và chất béo lành mạnh từ bơ. Là một trong những lựa chọn sushi dễ tiếp cận nhất, món này thường được trang trí bằng hạt vừng nướng hoặc tobiko (trứng cá) và ăn kèm với nước tương.",75
2cc5c1ca-a437-5c68-80a9-80126d397edf,,,Bánh mì kẹp BLT thuần chay (Vegan BLT Sandwich),DISH,128.57,5.14,4.29,17.14,2.0,2.29,257.14,7aa75582-4482-4305-80f6-aa6cfccec44c,,,"BLT thuần chay là sự tái hiện dựa trên thực vật của món thịt xông khói, rau diếp và bánh mì kẹp cà chua cổ điển, thường được phục vụ tại các quán cà phê chú trọng đến sức khỏe. Bánh sandwich này có các lựa chọn thay thế thịt xông khói làm từ thực vật làm từ tempeh hoặc đậu nành, kết hợp với rau diếp hữu cơ, cà chua chín và mayo thuần chay trên bánh mì nguyên hạt. Trong khi vẫn duy trì hương vị được yêu thích của BLT truyền thống, phiên bản này cung cấp hàm lượng chất xơ cao hơn, không chứa cholesterol và protein thực vật đáng kể trong khi ít chất béo bão hòa hơn.",75
6332d985-a1f1-5ff5-9198-39378ade9ca3,,,Cháo khoai mỡ (Yam Porridge),DISH,170.4,2.4,4.0,31.2,4.4,3.2,120.0,7aa75582-4482-4305-80f6-aa6cfccec44c,,,"Cháo khoai mỡ là một món ăn thịnh soạn của Tây Phi, trong đó những miếng khoai mỡ được nấu chậm với dầu cọ, tạo ra màu cam đặc trưng và kết cấu mịn như nhung. Bữa ăn giàu chất dinh dưỡng này thường bao gồm các loại gia vị thơm, rau và thường là các nguồn protein như cá hoặc thịt được chế biến tại nhà hàng. Giàu carbohydrate phức hợp và chất xơ, nó cung cấp năng lượng bền vững đồng thời cung cấp một lượng đáng kể vitamin A và C, khiến nó trở thành món chính cân bằng dinh dưỡng và có ý nghĩa về mặt văn hóa.",75
2042478f-7e9b-52fb-bf72-2f19b5b87808,,,Bánh mì kẹp BLT bagel (BLT Bagel Sandwich),DISH,252.38,8.57,10.0,32.38,1.43,3.33,523.81,7aa75582-4482-4305-80f6-aa6cfccec44c,,,"BLT Bagel Sandwich là lựa chọn bữa sáng hoặc bữa trưa thịnh soạn với thịt xông khói hun khói giòn, rau diếp tươi, cà chua thái lát và sốt mayonnaise được phục vụ trên bánh mì tròn nướng. Loại bánh sandwich đáng kể này thường chứa 510-550 calo, khiến nó trở thành một lựa chọn thay thế no hơn cho BLT làm từ bánh mì truyền thống. Phần đế bánh mì tròn góp phần mang lại hàm lượng carbohydrate cao hơn, trong khi thịt xông khói cung cấp lượng protein và sắt đáng kể, tạo nên một bữa ăn đầy đủ dưỡng chất, đặc biệt phổ biến ở các cửa hàng bánh mì tròn và cửa hàng bán đồ ăn nhanh.",75
69a09cd3-2bb5-5465-8151-8ec460cd63a8,,,Bánh mì Malawah (Malawah Bread),DISH,307.28,6.62,10.6,46.36,0.66,0.66,460.26,7aa75582-4482-4305-80f6-aa6cfccec44c,,,"Malawah là một loại bánh mì dẹt nhiều lớp, đậm đà, là nền tảng của ẩm thực Yemen. Loại bánh mì thơm ngon này được tạo ra thông qua một quy trình đặc biệt là gấp bơ hoặc bơ sữa trâu giữa các lớp bột mỏng, tạo ra kết cấu vừa giòn bên ngoài vừa mềm bên trong. Theo truyền thống của các nhà hàng Yemen, nó thường được phục vụ nóng và thường đi kèm với các món ăn chính như saltah, với các lớp bơ xốp khiến nó có lượng calo cao hơn đáng kể so với bánh mì dẹt tiêu chuẩn.",75
8eb3e682-609f-5c22-bd17-abc69ff994d7,,,Bánh mì Agege (Agege Bread),DISH,236.84,10.53,2.63,44.74,2.63,5.26,473.68,7aa75582-4482-4305-80f6-aa6cfccec44c,,,"Bánh mì Agege là loại bánh mì trắng truyền thống của Nigeria được biết đến với kết cấu đặc biệt mềm, mịn và vị ngọt nhẹ. Món ăn chủ yếu của ẩm thực Tây Phi này có độ dẻo dai độc đáo khiến nó trở nên hoàn hảo để ngâm các món hầm và nước sốt. Thường được phục vụ vào bữa sáng hoặc như một bữa ăn nhẹ, món này thường được kết hợp với các món đậu hoặc thưởng thức với bơ, mang đến sự bổ sung giàu carbohydrate thỏa mãn cho nhiều bữa ăn Tây Phi.",75
9e5b600a-4294-5f5f-a92c-413442d9f68c,,,Bánh mì que phô mai (Cheesy Breadsticks),DISH,325.93,15.56,17.78,26.67,1.48,1.48,681.48,7aa75582-4482-4305-80f6-aa6cfccec44c,,,"Bánh mì que phô mai kiểu Chicago là món khai vị phong phú với lớp vỏ bơ đặc trưng bên trên là sự pha trộn của ba loại phô mai: mozzarella, cheddar và parmesan. Những chiếc bánh mì que kiểu nhà hàng này thường được phục vụ khi còn ấm với lớp phủ bơ tỏi, khiến chúng trở nên hấp dẫn hơn đáng kể so với những chiếc bánh mì tiêu chuẩn. Mỗi khẩu phần cung cấp lượng protein đáng kể từ hỗn hợp phô mai, mặc dù chúng có hàm lượng calo, chất béo và natri cao đáng kể.",75
12a33b41-4036-5ecd-9301-d102ff5370f0,,,Bánh cuộn mùa xuân thuần chay (Vegan Spring Rolls),DISH,169.47,3.05,11.6,16.03,4.2,3.05,327.48,7aa75582-4482-4305-80f6-aa6cfccec44c,,,"Chả giò thuần chay là loại nem tươi, chưa chiên được bọc trong bánh tráng trong mờ và chứa đầy các loại rau sống, thảo mộc và protein từ thực vật như đậu phụ. Những món cuộn nhẹ nhàng, sảng khoái này thường có sự kết hợp của bắp cải cắt nhỏ, cà rốt, dưa chuột và giá đỗ, mang đến một lựa chọn giàu chất dinh dưỡng, ít calo, giàu chất xơ và vitamin. Thường được dùng kèm với đậu phộng hoặc nước chấm tương đen tại các nhà hàng, những món nem này là một lựa chọn thay thế lành mạnh cho món nem rán truyền thống trong khi vẫn giữ được hương vị châu Á đích thực.",75
0db5c815-e8bf-56be-b8c6-cb13e01717a9,,,Tortilla Española (Tortilla Española),DISH,200.0,9.41,12.94,17.65,1.76,2.35,411.76,7aa75582-4482-4305-80f6-aa6cfccec44c,,,"Tortilla Española là món tapas cổ điển của Tây Ban Nha bao gồm món trứng tráng dày làm từ khoai tây và hành tây nấu chín từ từ trong dầu ô liu. Mặc dù có cùng tên với bánh mì dẹt của Mexico, món ăn này có sự khác biệt rõ rệt, có phần bên trong đậm đặc, màu kem và bên ngoài màu nâu vàng thường được phục vụ ở nhiệt độ phòng theo từng miếng. Sự kết hợp giữa trứng, khoai tây và dầu ô liu tạo ra sự cân bằng hài lòng về protein, carbohydrate phức hợp và chất béo lành mạnh đặc trưng của ẩm thực Địa Trung Hải.",75
a81fe041-d91b-5a68-9e79-ad1bcd98ec18,,,Arepa de Jamón y Queso (Arepa de Jamón y Queso),DISH,200.0,5.46,7.56,29.83,2.02,0.84,300.0,7aa75582-4482-4305-80f6-aa6cfccec44c,,,"Arepa de Jamón y Queso là một loại bánh sandwich truyền thống của Venezuela được làm từ những miếng bột ngô nướng được chia nhỏ và chứa đầy giăm bông và phô mai tan chảy. Bột ngô không chứa gluten tự nhiên được nấu cho đến khi vàng và giòn bên ngoài nhưng vẫn mềm bên trong, sau đó được nhồi nhân thơm ngon. Món ăn thịnh soạn này thường được thưởng thức vào bất kỳ bữa ăn nào và cung cấp sự kết hợp hài lòng giữa protein và carbohydrate phức hợp.",75
c4f82d63-4bbe-543e-ab87-35409ce67916,,,Bánh cuộn Jachnun (Jachnun Roll),DISH,350.0,5.5,17.5,43.0,1.5,4.0,550.0,7aa75582-4482-4305-80f6-aa6cfccec44c,,,"Jachnun là một loại bánh ngọt truyền thống của người Yemen gốc Do Thái đã trở thành món ăn chủ yếu được yêu thích trong ẩm thực Israel, đặc biệt là bữa sáng ngày Shabbat. Loại bánh ngọt nhiều lớp này được làm từ bột cán mỏng có thêm bơ hoặc ghee trong, sau đó nướng chậm qua đêm cho đến khi có lớp vỏ ngoài màu nâu vàng và lớp bên trong mềm, hơi ngọt. Theo truyền thống được phục vụ với trứng luộc chín và nước sốt cà chua cay, mỗi cuộn đều chứa nhiều calo đáng kể do bột được làm giàu và quá trình nấu kéo dài.",75
cb13e79f-195b-5640-99b9-969fd4a4b0b7,,,Bánh mì pita falafel bọc hummus (Falafel Pita Wrap with Hummus),DISH,180.0,6.67,6.33,24.0,4.0,1.33,500.0,7aa75582-4482-4305-80f6-aa6cfccec44c,,,"A Falafel Pita Wrap with Hummus là một loại bánh sandwich thịnh soạn của Trung Đông bao gồm các miếng đậu xanh chiên giòn (falafel) và sốt hummus kem ăn kèm với bánh mì pita ấm. Bữa ăn hoàn chỉnh này thường bao gồm các loại rau tươi như cà chua, dưa chuột và rau diếp, thường được trộn với sốt tahini. Mặc dù cung cấp lượng protein và chất xơ đáng kể từ các nguyên liệu làm từ đậu xanh, nhưng các phiên bản nhà hàng có xu hướng chứa nhiều calo và natri hơn do món falafel chiên giòn và các thành phần được tẩm gia vị.",75
fe7d979d-c868-5bba-9c2e-43690c87f03d,,,Bánh quy ngũ cốc lúa mì tăng cường (Enriched Wheat Cereal Biscuits),INGREDIENT,312.0,11.9,2.3,61.0,11.0,2.4,299.0,7aa75582-4482-4305-80f6-aa6cfccec44c,,,"Bánh quy ngũ cốc làm giàu từ lúa mì là các sản phẩm ngũ cốc đã qua chế biến được bổ sung thêm vitamin và khoáng chất, bao gồm sắt, axit folic và vitamin B để nâng cao giá trị dinh dưỡng của chúng. Những chiếc bánh quy khô, giòn này — thường được làm từ bột mì tinh chế — thường được dùng với sữa như một loại ngũ cốc ăn sáng hoặc nghiền thành sữa chua. Mặc dù hàm lượng chất xơ thấp hơn so với các sản phẩm thay thế ngũ cốc nguyên hạt nhưng quá trình tăng cường sẽ phục hồi các chất dinh dưỡng quan trọng bị mất trong quá trình xay xát, cung cấp nguồn carbohydrate ổn định với kết cấu ổn định và hương vị nhẹ giống lúa mì.",75
438e7d06-9500-56bf-8beb-d75636e43072,,,Kẹo gạo giòn (Rice Krispie Treats),DISH,333.33,4.44,7.78,55.56,1.11,26.67,333.33,7aa75582-4482-4305-80f6-aa6cfccec44c,,,"Rice Krispie Treats là những món tráng miệng hình vuông cổ điển được làm từ ngũ cốc gạo phồng giòn kết hợp với kẹo dẻo tan chảy và bơ. Những phiên bản kiểu quán cà phê này thường lớn hơn và dễ chịu hơn so với các loại tự làm hoặc đóng gói, thường có thêm lớp phủ bên trên như sô cô la, các loại hạt hoặc rắc. Các món ăn này mang đến sự kết hợp hài lòng giữa kết cấu giòn béo và hương vị ngọt ngào, mặc dù chúng chủ yếu là món tráng miệng giàu carbohydrate với giá trị dinh dưỡng tối thiểu.",75
8918a436-ead9-50ee-8ff1-0b593a126389,,,Mì xào (Chow Mein Noodles),INGREDIENT,473.0,9.5,18.32,68.2,5.2,2.86,1020.0,7aa75582-4482-4305-80f6-aa6cfccec44c,,,"Mì Chow mein là một món ăn chủ yếu làm từ lúa mì của Trung Quốc được làm từ bột mì, nước và muối, được sấy khô để bảo quản lâu dài. Khi luộc hoặc xào, chúng có kết cấu chắc, hơi dai, lý tưởng để chấm nước sốt trong các món xào và súp. Những loại mì này cung cấp cơ sở giàu carbohydrate cho bữa ăn nhưng lại chứa gluten, khiến chúng không phù hợp với chế độ ăn không có gluten. Đặc điểm hương vị trung tính của chúng cho phép linh hoạt trong cả các món ăn truyền thống châu Á và công thức nấu ăn kết hợp hiện đại.",75
5c78acb0-d4ee-5388-a360-abe36e71076a,,,Mì trộn (Lo Mein Noodles),INGREDIENT,333.0,8.8,1.8,70.2,1.8,2.0,300.0,7aa75582-4482-4305-80f6-aa6cfccec44c,,,"Mì lo mein là một loại mì làm từ lúa mì của Trung Quốc có đặc điểm là kết cấu dày, dai và có màu vàng vàng do xử lý nước kiềm. Những loại mì giàu dinh dưỡng này được bổ sung sắt và vitamin B, cung cấp nguồn carbohydrate đậm đặc để tạo năng lượng trong khi thiếu chất xơ thay thế ngũ cốc nguyên hạt. Thường được luộc trước khi xào với rau và protein, chúng tạo thành nền tảng của món ăn mang đi phổ biến nhưng yêu cầu các lựa chọn thay thế không chứa gluten cho những người nhạy cảm với lúa mì.",75
c864f46c-1123-593c-b064-7d55e5eadd53,,,Burek trong bánh pita (Burek in Pita),DISH,329.54,10.13,19.83,29.96,1.27,2.11,598.73,7aa75582-4482-4305-80f6-aa6cfccec44c,,,"Burek là một loại bánh ngọt truyền thống của vùng Balkan được làm từ nhiều lớp bột phyllo mịn cuộn thành hình xoắn ốc đặc biệt. Món ăn thịnh soạn này thường có nhân thịt, phô mai hoặc khoai tây dày dặn, với các lớp bột được phết bơ hoặc dầu để tạo độ đậm đà. Được phục vụ ấm áp tại các nhà hàng Serbia, món ăn giàu calo này thường đi kèm với kem chua hoặc đồ uống sữa chua, mang đến sự kết hợp hài lòng giữa vỏ ngoài giòn và nhân thơm ngon.",75
02ba985a-6f8b-5601-b485-12491e30d6cf,,,Bánh mì kẹp Caprese waffle (Caprese Waffle Sandwich),DISH,200.0,6.0,10.0,15.0,1.67,2.67,333.33,7aa75582-4482-4305-80f6-aa6cfccec44c,,,"Caprese Waffle Sandwich là một món ăn kết hợp của nhà hàng kết hợp các nguyên liệu caprese của Ý với phần đế bánh quế kiểu Bỉ. Món bánh sandwich béo ngậy này có cà chua tươi, phô mai mozzarella sữa nguyên chất và lá húng quế xếp giữa những chiếc bánh quế dày, giòn của Bỉ, được tăng cường với sốt cà chua phơi nắng. Bánh sandwich được nướng cho đến khi phô mai tan chảy và lớp vỏ bên ngoài của bánh quế trở nên giòn, tạo ra lựa chọn bữa sáng muộn hoặc bữa trưa thịnh soạn thường cung cấp 500-700 calo mỗi khẩu phần.",75
a53ef7a7-7728-5221-91fe-50f327240a73,,,Bát hạt diêm mạch Địa Trung Hải (Mediterranean Quinoa Bowl),DISH,106.98,4.65,4.42,11.63,1.86,1.4,255.81,7aa75582-4482-4305-80f6-aa6cfccec44c,,,"Bát Quinoa Địa Trung Hải là một món ăn được chế biến giàu chất dinh dưỡng với hạt quinoa chứa nhiều protein làm nền, thường được phục vụ trong các nhà hàng tập trung vào sức khỏe. Bát sáng tác này kết hợp các loại rau tươi như cà chua, dưa chuột và ớt nướng với các nguyên liệu Địa Trung Hải như phô mai feta, ô liu Kalamata và đậu xanh, thường được hoàn thiện với nước sốt tahini hoặc dầu ô liu. Sự kết hợp cân bằng giữa ngũ cốc nguyên hạt, protein nạc và chất béo lành mạnh sẽ tạo ra một bữa ăn no thường cung cấp 420-610 calo đồng thời cung cấp một lượng đáng kể chất xơ và chất dinh dưỡng từ thực vật.",75
009784ae-b8e8-5b50-a33f-447fd803f0cc,,,Bánh mì kẹp Mallorca (Mallorca Sandwich),DISH,469.0,12.5,22.5,42.5,1.0,5.0,600.0,7aa75582-4482-4305-80f6-aa6cfccec44c,,,"Bánh sandwich Mallorca là một món ăn sáng cổ điển của Puerto Rico được làm từ bánh mì Mallorca ngọt ngào, bơ, một loại bánh ngọt cuộn đặc biệt phủ đường bột. Món bánh sandwich hấp dẫn này thường có giăm bông, phô mai Mỹ và trứng chiên, tất cả đều được ép cho đến khi phô mai tan chảy và bánh mì có lớp vỏ vàng. Sự kết hợp tạo ra sự tương tác độc đáo giữa hương vị ngọt và mặn khiến nó trở thành món ăn chủ yếu được yêu thích của ẩm thực Puerto Rico.",75
beb23025-46ee-560c-8de1-64df0cb6514c,,,Cơm nếp (Sticky Rice),INGREDIENT,129.31,2.59,0.17,21.26,0.86,0.06,5.75,7aa75582-4482-4305-80f6-aa6cfccec44c,,,"Gạo nếp là một loại gạo hạt ngắn đặc biệt của châu Á, đặc trưng bởi kết cấu dai và dính khi nấu. Loại gạo nếp này, mặc dù có tên như vậy, nhưng tự nhiên không chứa gluten và bao gồm chủ yếu là carbohydrate tinh bột với hàm lượng chất béo tối thiểu. Trong các nhà hàng Trung Quốc, nó thường được phục vụ đơn giản hoặc được tẩm gia vị nhẹ, như một món ăn phụ hoặc một thành phần trong cả món mặn và món tráng miệng ngọt.",75
a4894052-3b9d-511f-83ff-00de372f05f2,,,Bánh mì kẹp Makanek (Makanek Sandwich),DISH,183.33,7.67,10.0,10.0,1.0,1.0,233.33,7aa75582-4482-4305-80f6-aa6cfccec44c,,,"Makanek Sandwich là một món đặc sản của Li-băng gồm có xúc xích nhỏ tẩm gia vị làm từ thịt cừu hoặc thịt bò ăn kèm với bánh mì pita tươi. Xúc xích được tẩm ướp đặc biệt với các loại gia vị ấm áp như quế, thì là và nhục đậu khấu, sau đó thường được chiên cho đến khi giòn. Món bánh sandwich thịnh soạn này được hoàn thiện theo truyền thống với rau tươi, dưa chua và gia vị như hummus hoặc mật lựu, tạo ra sự kết hợp cân bằng giữa hương vị đậm đà, thơm và tươi.",75
f69c3f9e-6754-5fee-9b16-dcedea33ffaa,,,Bánh mì dẹt Caprese (Caprese Flatbread),DISH,176.18,7.06,10.59,13.53,1.47,2.06,167.65,7aa75582-4482-4305-80f6-aa6cfccec44c,,,"Caprese Flatbread là món khai vị kiểu nhà hàng kết hợp phần đế bánh mì dẹt giòn với lớp phủ Caprese cổ điển của Ý. Món ăn có phô mai mozzarella tươi, cà chua thái lát và húng quế tươi, thường được phủ một lớp men balsamic để tăng thêm hương vị. Mặc dù thường được phục vụ như một món khai vị có thể chia sẻ, nhưng món ăn giàu protein này cũng có thể dùng như một bữa ăn hoàn chỉnh cho một người, cung cấp sự kết hợp cân bằng giữa carbohydrate, protein và chất béo.",75
b083bfea-c35f-5e98-bef2-0b940d10a512,,,Bánh kếp bơ sữa với sốt berry (Buttermilk Pancakes with Berry Compote),DISH,260.0,4.0,7.2,48.0,1.2,4.8,1120.0,7aa75582-4482-4305-80f6-aa6cfccec44c,,,"Cách giải thích bánh kếp bơ sữa từ trang trại đến bàn ăn này có những viên tròn mềm, nhẹ được làm bằng sữa có nguồn gốc địa phương và trứng tươi từ trang trại. Món mứt quả mọng đặc trưng, ​​​​được chế biến từ các loại quả mọng theo mùa của vùng Tây Bắc Thái Bình Dương, mang đến lớp phủ ngọt tự nhiên thể hiện sự dồi dào về nông nghiệp của khu vực. Mỗi khẩu phần thường bao gồm ba đến bốn chiếc bánh kếp màu nâu vàng đi kèm với nước ép quả mọng ấm áp, mang đến sự tinh tế cho món ăn sáng cổ điển nhấn mạnh vào các nguyên liệu tươi ngon của địa phương.",75
25dbe442-634d-5b7c-a9f7-8b3689036496,,,Bát thanh long (Pitaya Bowl),DISH,91.11,1.56,2.67,16.67,3.11,8.89,11.11,7aa75582-4482-4305-80f6-aa6cfccec44c,,,"Pitaya Bowl là một món ăn làm từ sinh tố có thanh long trộn (pitaya) kết hợp với trái cây nhiệt đới và thường được phục vụ trong tô với nhiều loại đồ ăn kèm khác nhau. Phần đế màu hồng tím rực rỡ thường được trang trí bằng trái cây tươi, granola, dừa và các loại hạt, tạo nên một bữa ăn đậm đặc chất dinh dưỡng, giàu chất xơ và vitamin C. Chiếc bát có thể tùy chỉnh này có thể thích ứng với các loại trái cây và lớp phủ khác nhau trong khi vẫn duy trì độ mịn, đặc đặc trưng, ​​lý tưởng cho việc ăn bằng thìa.",75
5d17cfef-39de-535a-8ac0-67b46bef3c66,,,Mì cay Tứ Xuyên (Spicy Szechuan Noodles),DISH,138.18,2.91,2.91,25.09,1.09,1.45,327.27,7aa75582-4482-4305-80f6-aa6cfccec44c,,,"Mì cay Tứ Xuyên là một món ăn kết hợp phổ biến của châu Á với mì làm từ lúa mì được trộn trong nước sốt đặc biệt làm từ hạt tiêu Tứ Xuyên, dầu ớt và nước tương. Món ăn chủ yếu của cửa hàng boba này thường bao gồm các loại rau như ớt chuông và hành lá, với các chất bổ sung protein tùy chọn như đậu phụ hoặc thịt. Mặc dù món ăn mang đến sự kết hợp hài lòng giữa gia vị gây tê và hương vị thơm ngon, nhưng nó có xu hướng chứa nhiều natri và carbohydrate, với lượng calo vừa phải khoảng 350-400 mỗi khẩu phần.",75
961a57f9-f15d-521d-964f-464d4962ea7f,,,Bánh mì pita Sabich bọc (Sabich Pita Wrap),DISH,163.2,4.4,6.4,22.0,1.8,2.0,200.0,7aa75582-4482-4305-80f6-aa6cfccec44c,,,"Sabich là món bánh pita bọc ở Trung Đông với các lát cà tím chiên, trứng luộc chín và sốt hummus hoặc sốt tahini làm thành phần đặc trưng. Món bánh mì chay thịnh soạn này nổi bật bởi sự kết hợp giữa cà tím ấm, giòn và salad Israel tươi mát, thường được trang trí bằng rau muối và gia vị cay tùy chọn. Bữa ăn no mang đến sự cân bằng hài lòng về protein, chất béo lành mạnh và carbohydrate phức hợp đồng thời cung cấp nhiều kết cấu và hương vị Địa Trung Hải đa dạng.",75
687f6b13-0db2-5a18-9838-c6f8f12bed88,,,Bánh quế Bỉ với việt quất (Belgian Waffle with Blueberries),DISH,360.0,5.33,12.0,56.67,2.33,13.33,400.0,7aa75582-4482-4305-80f6-aa6cfccec44c,,,"Bánh quế của Bỉ với quả việt quất là một món ăn sáng dày, xốp, nổi bật bởi túi sâu và lớp ngoài giòn, thường được phục vụ khi còn ấm với quả việt quất tươi và đường bột. Cách chế biến theo phong cách nhà hàng này có bột men đậm đà, tạo ra loại bánh quế béo ngậy hơn so với các loại bánh tiêu chuẩn, thường chứa 400-600 calo mỗi khẩu phần. Sự kết hợp của carbohydrate tinh chế, lượng protein vừa phải và đường bổ sung làm cho món ăn này trở thành một lựa chọn bữa sáng hấp dẫn hơn, thường được phục vụ kèm với các loại đồ ăn kèm như kem tươi hoặc xi-rô.",75
42b9ecce-f4ae-53ce-a911-75e0a189adb4,,,Bánh mì pita phô mai (Cheese Pita),DISH,266.67,8.67,11.33,30.0,3.33,2.67,333.33,7aa75582-4482-4305-80f6-aa6cfccec44c,,,"Bánh pita phô mai là một loại bánh sandwich kiểu Địa Trung Hải bao gồm bánh mì pita ấm chứa đầy phô mai feta vụn và rau tươi tùy chọn. Món ăn phục vụ nhanh này thường bao gồm một phần lớn phô mai feta thơm được nhét trong túi bánh pita mềm, xốp, thường đi kèm với rau diếp, cà chua và dưa chuột giòn. Sự kết hợp mang đến sự cân bằng hài lòng về protein từ phô mai và carbohydrate phức hợp từ bánh mì pita nguyên hạt.",75
5b494fe4-04a4-516a-8fd1-e815fcc08a0a,,,Cơm nếp lá sen (Lotus Leaf Sticky Rice),INGREDIENT,133.33,4.0,4.67,20.0,0.67,1.0,266.67,7aa75582-4482-4305-80f6-aa6cfccec44c,,,"Xôi lá sen là một món dim sum truyền thống, trong đó gạo nếp và nhân mặn được bọc trong lá sen thơm và hấp chín. Xôi thường được kết hợp với thịt lợn dày dặn, nấm Trung Quốc và các nguyên liệu khác để hấp thụ mùi thơm đặc biệt từ lá sen trong khi nấu. Món ăn có lượng calo vừa phải này được phục vụ như một phần hoàn chỉnh bên trong lớp vỏ tự nhiên của nó, khiến nó trở thành một phần quan trọng trong các bữa ăn dim sum.",75
6c9ed4ac-da90-5eaf-ac87-5137debc64e0,,,Bánh mì pita falafel bọc dưa chua (Falafel Pita Wrap with Pickles),DISH,160.0,5.67,6.67,20.0,3.33,1.67,333.33,7aa75582-4482-4305-80f6-aa6cfccec44c,,,"Bánh falafel pita bọc là một món ăn đường phố Trung Đông bao gồm những miếng đậu xanh chiên giòn ăn kèm với bánh mì pita nguyên hạt với rau tươi và dưa chua. Món bánh mì chay thịnh soạn này thường bao gồm sốt tahini, món hummus và nhiều loại rau củ giòn, cung cấp một nguồn protein và chất xơ thực vật đáng kể. Sự kết hợp giữa falafel giòn, bánh pita ấm và rau giòn mát tạo nên một bữa ăn thỏa mãn cung cấp khoảng 500 calo với sự kết hợp cân bằng giữa protein, carbohydrate phức hợp và chất béo lành mạnh.",75
dde16cb8-ea5a-51e0-b7d2-c04e31241ae6,,,Tự chọn bánh mì kẹp (Build Your Own Sandwich),DISH,136.36,11.36,2.27,18.18,2.27,3.18,263.64,7aa75582-4482-4305-80f6-aa6cfccec44c,,,"Build Your Own Sandwich là một tùy chọn menu có thể tùy chỉnh thường có kích thước 6 inch hoặc dài bằng foot tại các cửa hàng bánh sandwich và cửa hàng bán đồ ăn nhanh. Món bánh sandwich cá nhân hóa này cho phép khách hàng lựa chọn sự kết hợp ưa thích giữa bánh mì, protein, rau, pho mát và gia vị từ các nguyên liệu có sẵn. Hàm lượng dinh dưỡng thay đổi đáng kể dựa trên sự lựa chọn thành phần, với các lựa chọn khác nhau, từ sự kết hợp nhẹ nhàng, tập trung vào rau củ cho đến các phiên bản làm từ thịt ngon hơn.",75
66319119-e5c8-5884-9083-7d46e9e45de5,,,Cơm Djuveč (Djuveč Rice),INGREDIENT,150.0,4.0,4.0,21.67,2.0,2.33,166.67,7aa75582-4482-4305-80f6-aa6cfccec44c,,,"Cơm Djuveč là món cơm kiểu Serbia được chế biến từ gạo hạt dài, ớt chuông, hành tây và cà chua cùng với nước luộc rau đầy hương vị. Việc chuẩn bị một nồi này cho phép cơm hấp thụ hương vị đậm đà của rau và gia vị làm từ ớt bột, tạo ra một món ăn kèm đặc biệt. Thường được phục vụ ở nhiệt độ phòng trong các nhà hàng Serbia, đây là món ăn kèm truyền thống với thịt nướng và cung cấp sự kết hợp cân bằng giữa carbohydrate phức hợp và rau.",75
fbc87c8f-e4c2-5f7e-aaf3-df3ae7d84048,,,Bánh mì kẹp gà (Sandwich de Pollo),DISH,156.25,14.69,4.38,15.31,1.25,2.5,709.38,7aa75582-4482-4305-80f6-aa6cfccec44c,,,"Sandwich de Pollo là một loại bánh sandwich ép truyền thống của Cuba gồm có ức gà nướng và giăm bông phủ phô mai Thụy Sĩ, dưa chua và mù tạt vàng trên bánh mì Cuba. Bánh sandwich được ép cho đến khi giòn bên ngoài trong khi vẫn giữ được phần bên trong nóng chảy, ấm áp, khác biệt với bánh mì kẹp gà tiêu chuẩn. Món bánh sandwich thịnh soạn này cung cấp hàm lượng protein đáng kể và thường được phục vụ với các món ăn truyền thống như khoai tây chiên, khiến nó trở thành một bữa ăn hoàn chỉnh trong ẩm thực Cuba.",75
ca502654-55bf-57f0-b542-e3ea1c5f466a,,,Ajvar với bánh mì (Ajvar with Bread),DISH,158.67,3.33,5.0,20.0,2.0,2.67,233.33,7aa75582-4482-4305-80f6-aa6cfccec44c,,,"Ajvar với bánh mì là món khai vị truyền thống của Croatia với phần nhân thơm ngon được làm từ ớt đỏ nướng và cà tím ăn kèm với bánh mì giòn. Phần phết được chuẩn bị bằng cách rang và xay nhuyễn rau với dầu ô liu, tỏi và gia vị, tạo ra hương vị khói đậm đà. Món ăn thân thiện với người ăn chay này cung cấp nguồn vitamin A và C dồi dào từ ớt, đồng thời cung cấp sự kết hợp hài lòng giữa carbohydrate phức tạp và chất béo lành mạnh.",75
4aa32281-a14a-58c2-ba81-39ca9539f469,,,Cơm tỏi (Garlic Rice),INGREDIENT,116.0,2.0,2.0,22.5,0.5,0.05,225.0,7aa75582-4482-4305-80f6-aa6cfccec44c,,,"Cơm tỏi, hay Sinangag, là món ăn chủ yếu của nhà hàng Philippines được chế biến bằng cách xào cơm với tỏi chiên giòn và dầu cho đến khi có mùi thơm. Món mặn này thường sử dụng gạo cũ để có kết cấu tối ưu và thường được phục vụ như một phần của bữa sáng truyền thống của người Philippines hoặc như một món ăn kèm thơm. Quá trình chuẩn bị của nhà hàng thường có một lượng lớn tỏi màu nâu vàng rải đều khắp cơm, tạo nên hương vị thơm ngon đậm đà.",95
0916b955-e217-59a7-b339-eb85b395a384,,,Đĩa falafel với cơm (Falafel with Rice Platter),INGREDIENT,120.0,3.2,5.6,14.0,2.0,1.0,300.0,7aa75582-4482-4305-80f6-aa6cfccec44c,,,"Món Falafel với đĩa cơm là một bữa ăn kết hợp thịnh soạn của Trung Đông với những miếng đậu xanh chiên giòn ăn kèm với cơm dày dạn và rau tươi đi kèm. Món ăn làm từ thực vật này thường bao gồm một số miếng falafel, cơm thơm, salad trộn dưa chuột, cà chua và hành tây, đồng thời thường đi kèm với bánh mì pita và sốt tahini. Đĩa cung cấp một bữa ăn cân bằng, giàu protein và chất xơ, mặc dù nó có thể chứa tương đối nhiều natri và chất béo do phương pháp chế biến truyền thống.",75
13b413d5-77ff-54e9-8da1-fe0effec341c,,,Cơm Jeera (Jeera Rice),INGREDIENT,126.05,2.94,1.89,24.37,0.5,0.04,105.04,7aa75582-4482-4305-80f6-aa6cfccec44c,,,"Cơm Jeera là một món ăn thơm của Ấn Độ được làm từ gạo basmati cao cấp nấu với hạt thì là nướng (jeera) và bơ trong (ghee). Chế phẩm thơm này thường bao gồm gia vị tinh tế từ toàn bộ bạch đậu khấu, đinh hương và lá nguyệt quế, tạo nên hương vị đi kèm cho món cà ri và các món đậu lăng. Phiên bản kiểu nhà hàng phong phú hơn đáng kể so với các chế phẩm tự chế biến do sử dụng nhiều ghee, giúp tăng cường cả hương vị và hàm lượng calo.",75
e44a5439-7a29-5e2d-959d-7ff5721933de,,,Cơm chiên Nasi Goreng (Nasi Goreng (Fried Rice)),DISH,171.22,6.39,3.39,27.49,0.85,1.59,239.02,7aa75582-4482-4305-80f6-aa6cfccec44c,,,"Nasi Goreng là món cơm chiên kiểu Indonesia nổi bật nhờ sử dụng nước tương ngọt (kecap manis) và gia vị thơm. Món ăn thịnh soạn này thường kết hợp cơm chiên với rau, các lựa chọn giàu protein như thịt gà hoặc tôm và theo truyền thống được phủ một lớp trứng chiên. Sự kết hợp giữa nước tương ngọt, gia vị mặn và cơm caramen tạo nên hương vị đặc biệt khiến nó trở nên khác biệt so với các biến thể cơm chiên châu Á khác.",75
37e607b8-f7b9-562f-a410-e7e696d446e3,,,Ống bánh quế (Waffle Cone),DISH,454.55,6.82,4.55,90.91,6.36,54.55,454.55,7aa75582-4482-4305-80f6-aa6cfccec44c,,,"Bánh quế hình nón là một loại bánh quế giòn, ngọt được làm đặc biệt để phục vụ kem, được tạo ra bằng cách ép bột ngọt thành một mô hình lưới đặc biệt bằng cách sử dụng bàn ủi bánh quế chuyên dụng. Nón có bề ngoài màu nâu vàng với độ giòn tinh tế và hương vị vani tinh tế, thường chứa bột mì, đường và trứng. Do thành phần của nó, chiếc nón này có chứa các chất gây dị ứng phổ biến bao gồm lúa mì, trứng và đôi khi là đậu nành hoặc sữa.",75
8889ffda-e5d2-5b70-87fa-a4e1dbcda48c,,,Mì chiên Mee Goreng (Mee Goreng (Fried Noodles)),DISH,256.8,12.0,7.2,36.0,1.6,3.2,300.0,7aa75582-4482-4305-80f6-aa6cfccec44c,,,"Mee Goreng là món mì xào nổi tiếng ở Đông Nam Á với hương vị đậm đà, mặn ngọt. Món ăn thịnh soạn này kết hợp mì lúa mì với rau, protein (thường là thịt gà, đậu phụ hoặc tôm) và nước sốt phức hợp gồm đậu nành và ớt. Chế phẩm chiên bằng chảo tạo ra sự kết hợp đặc biệt giữa các kết cấu, trong khi sự kết hợp cân bằng giữa carbohydrate và protein khiến nó trở thành một lựa chọn ăn uống phong phú.",75
5c2ff7a8-91b7-5273-b682-647bbca97b19,,,Bánh mì kẹp Bánh Mì (Banh Mi Sandwich),DISH,180.43,8.09,5.96,22.13,1.28,2.98,380.43,7aa75582-4482-4305-80f6-aa6cfccec44c,,,"Bánh mì là một loại bánh sandwich kết hợp Việt-Pháp được chế biến theo kiểu bánh mì baguette giòn với nhân và lớp phủ bên trên đặc biệt. Cách chế biến tiêu chuẩn bao gồm thịt ướp (thường là thịt lợn), rau muối, rau thơm tươi và ớt cay, kết thúc với sốt mayonnaise để tạo vị đậm đà. Loại bánh sandwich đáng kể này thường cung cấp 400-600 calo mỗi khẩu phần, mang đến sự kết hợp hài lòng giữa protein, carbohydrate phức hợp và rau tươi trong một bữa ăn cầm tay.",75
6aed4c19-c0c3-582c-a2b9-2a0b71ee01cb,,,Bánh cuộn sushi chay (Vegetarian Sushi Roll),DISH,140.0,4.0,4.0,28.0,5.0,3.0,400.0,7aa75582-4482-4305-80f6-aa6cfccec44c,,,"Cuộn sushi chay là cuộn maki kiểu California kết hợp kỹ thuật sushi truyền thống của Nhật Bản với sự kết hợp rau củ của phương Tây. Những món cuộn này thường có cơm sushi và nori bọc quanh các nguyên liệu tươi như bơ, dưa chuột và rau muối, thường được trang trí bằng hạt vừng và ăn kèm với wasabi và nước tương. Mặc dù cung cấp nguồn carbohydrate phức hợp và chất béo lành mạnh, những cuộn này mang đến sự thay thế nhẹ nhàng hơn cho các cuộn sushi truyền thống, với hầu hết các loại chứa từ 140-224 calo trên mỗi khẩu phần 100g.",75
e8858e59-7046-5747-8fbc-86795b197d51,,,Polenta chiên (Polenta Frita),DISH,184.5,1.11,14.76,11.81,0.74,0.37,276.75,7aa75582-4482-4305-80f6-aa6cfccec44c,,,"Polenta Frita là một món đặc sản bít tết của Brazil, trong đó polenta bột ngô truyền thống được thái lát, tẩm bột và chiên giòn cho đến khi vàng. Phương pháp chế biến này tạo ra sự tương phản đặc biệt giữa lớp ngoài giòn và lớp kem bên trong, biến polenta khiêm tốn thành một món ăn kèm đậm đà. Do quá trình chiên, nó có hàm lượng calo và chất béo cao hơn đáng kể so với polenta truyền thống, thường được phục vụ trong những tấm ván dày, màu nâu vàng cùng với thịt nướng.",75
08aaa15f-0ed5-5517-a01b-50d4746eb504,,,Bánh cuộn Tinapa (Tinapa Roll),DISH,306.25,12.5,11.88,37.5,3.75,2.5,675.0,7aa75582-4482-4305-80f6-aa6cfccec44c,,,"Tinapa Roll là món khai vị của Philippines bao gồm cá măng xông khói (tinapa) được bọc trong một lớp màng mỏng lúa mì với rau băm và gia vị. Những cuộn bánh chiên giòn này nhỏ hơn bánh cuộn truyền thống và thường được phục vụ thành nhiều miếng cho mỗi đơn hàng, cung cấp một lựa chọn thay thế giàu protein với hương vị khói đặc biệt. Sự kết hợp giữa cá hun khói và lớp vỏ giòn bên ngoài tạo nên kết cấu độc đáo đồng thời cung cấp nguồn protein và canxi dồi dào.",75
2b7273ed-a776-50b7-ae8a-dbe27bac5710,,,Bánh quế ít béo (Reduced Fat Waffles),DISH,236.0,5.0,4.5,39.0,2.0,7.0,470.0,7aa75582-4482-4305-80f6-aa6cfccec44c,,,"Bánh quế giảm béo là một loại thực phẩm ăn sáng được chế biến với ít chất béo hơn so với các công thức nấu ăn truyền thống, thường sử dụng các nguyên liệu như nước sốt táo hoặc sữa ít béo để duy trì độ ẩm. Những chiếc bánh quế nấu sẵn này thường yêu cầu nướng từ đông lạnh và có kết cấu đặc hơn một chút so với các loại bánh thông thường. Mặc dù tổng lượng chất béo thấp hơn nhưng một số nhãn hiệu lại bổ sung lượng đường bổ sung, khiến việc xem xét nhãn trở nên quan trọng đối với việc theo dõi chế độ ăn kiêng.",75
285363c6-4ea7-589e-a054-ae84e54e48b8,,,Arepa Reina Pepiada (Arepa Reina Pepiada),DISH,270.0,15.33,11.33,28.0,4.67,2.33,110.0,7aa75582-4482-4305-80f6-aa6cfccec44c,,,"Arepa Reina Pepiada là một loại bánh sandwich cổ điển của Venezuela được làm từ một miếng ngô nướng được tách đôi và chứa đầy salad gà-bơ kem. Vỏ arepa không chứa gluten được làm từ bột ngô nấu sẵn, mang lại lớp vỏ bên ngoài giòn và bên trong mềm, trong khi phần nhân kết hợp thịt gà xé nhỏ, bơ nghiền và sốt mayonnaise với gia vị tươi. Món ăn cân bằng này cung cấp lượng protein đáng kể và chất béo lành mạnh cùng với carbohydrate phức tạp, khiến nó trở thành một lựa chọn bữa ăn thỏa mãn và bổ dưỡng.",75
598add77-ea4b-53ff-90bb-2df12b2e457d,,,Bánh quế bong bóng (Bubble Waffle),DISH,251.67,6.67,8.33,37.5,1.67,8.33,250.0,7aa75582-4482-4305-80f6-aa6cfccec44c,,,"Bánh quế bong bóng là một món tráng miệng đặc biệt có bánh quế có hoa văn tổ ong với kết cấu độc đáo - giòn bên ngoài và dai dai bên trong. Thường được phục vụ tại các cửa hàng trà boba, những chiếc bánh quế này được làm theo đơn đặt hàng trong các khuôn chuyên dụng sử dụng bột trứng, bột mì, sữa và đường. Bánh quế thường được gấp thành hình nón và được tùy chỉnh với nhiều loại lớp phủ khác nhau như kem, trái cây tươi, nước sốt và các chất bổ sung ngọt khác.",75
0596bbae-8ae0-509b-b46f-9371950f0ef6,,,Bánh mì kẹp Muffuletta (Muffuletta Sandwich),DISH,228.57,9.43,12.86,20.0,1.43,2.0,714.29,7aa75582-4482-4305-80f6-aa6cfccec44c,,,"Muffuletta là một loại bánh sandwich đặc sản kiểu New Orleans được chế biến trên một ổ bánh mì Ý tròn phủ vừng. Điểm đặc biệt của nó là món salad ô liu ướp kết hợp với nhiều lớp thịt đã qua xử lý khác nhau (thường bao gồm xúc xích Ý, mortadella và giăm bông) và phô mai provolone. Một phần đồ nguội tiêu chuẩn, thường là 1/4 ổ bánh mì 10 inch, là một bữa ăn giàu calo thường chứa 700-900 calo với hàm lượng protein đáng kể và mức natri cao đặc trưng từ các thành phần đã được xử lý.",75
45632980-d15b-535b-92e3-7cf4562d35da,,,Arepa de Pernil (Arepa de Pernil),DISH,200.0,11.25,5.0,27.5,1.75,0.5,87.5,7aa75582-4482-4305-80f6-aa6cfccec44c,,,"Arepa de Pernil là một loại bánh sandwich truyền thống của Venezuela được làm từ bột ngô nướng và nhân thịt vai lợn tẩm gia vị nấu chín chậm. Phần đế arepa không chứa gluten có bề ngoài giòn và bên trong mềm, trong khi phần nhân Pernil mềm thường được ướp với tỏi và gia vị. Món ăn thịnh soạn này cung cấp một bữa ăn đáng kể giàu protein, với sự kết hợp giữa bột ngô và nhân thịt lợn thường cung cấp từ 800-1000 calo mỗi khẩu phần.",75
03901f8f-685e-519c-8bbc-e8b9adb5c80f,,,Cơm chiên húng quế với đậu phụ (Basil Fried Rice with Tofu),INGREDIENT,222.22,8.0,10.67,26.67,1.56,1.78,177.78,7aa75582-4482-4305-80f6-aa6cfccec44c,,,"Cơm chiên húng quế với đậu phụ là một món xào Thái thơm kết hợp húng quế Thái thơm với cơm dày dạn và đậu phụ cắt hạt lựu. Bữa ăn cân bằng này có hương vị cay-mặn được tạo ra thông qua sự kết hợp của ớt tươi, tỏi và nước sốt truyền thống của Thái Lan, đồng thời cung cấp một lựa chọn đáng kể về protein từ thực vật. Món ăn này thường cung cấp sự kết hợp hài hòa giữa carbohydrate từ gạo, protein từ đậu phụ và chất dinh dưỡng từ các loại rau kết hợp.",75
7d73ef56-b257-543c-b1bf-f0dc2bbf14c1,,,Bánh mì đa hạt nguyên cám (Whole Wheat Multigrain Bread),DISH,260.0,12.5,3.7,43.9,6.5,5.0,457.0,7aa75582-4482-4305-80f6-aa6cfccec44c,,,"Bánh mì làm từ lúa mì nguyên hạt là một loại bánh nướng giàu dinh dưỡng được làm từ bột mì nguyên hạt làm nền và được làm giàu bằng hỗn hợp các loại ngũ cốc và hạt như yến mạch, hạt lanh và hạt hướng dương. Nó cung cấp nhiều chất xơ hơn đáng kể so với bánh mì nguyên hạt tiêu chuẩn, cùng với carbohydrate phức tạp để duy trì năng lượng và chất béo không bão hòa từ các loại hạt bổ sung. Kết cấu dai, đậm đà và hương vị hấp dẫn khiến nó trở thành một món ăn chủ yếu trong chế độ ăn uống có lợi cho sức khỏe, mang lại cảm giác no và lợi ích tiêu hóa được cải thiện so với bánh mì ngũ cốc tinh chế.",75
2a425656-93d7-5270-a0a8-548886d78d50,,,Bánh mì kẹp Sujuk (Sujuk Sandwich),DISH,160.0,7.2,8.8,12.0,1.6,1.2,170.0,7aa75582-4482-4305-80f6-aa6cfccec44c,,,"Sujuk Sandwich là một bữa ăn làm từ bánh pita của Liban với thành phần protein chính là xúc xích thịt bò lên men, được tẩm gia vị. Bánh sandwich kết hợp sujuk nướng hoặc áp chảo với các loại rau tươi như cà chua, hành tây và rau diếp, tất cả được gói trong bánh mì pita mềm và thường được phủ dầu ô liu và chanh. Món bánh sandwich thịnh soạn này mang đến sự kết hợp đặc biệt giữa hương vị thịt đậm đà, cay được cân bằng bởi rau củ giòn, mát và bánh mì mềm.",75
0cf0d194-6292-51d2-b5be-a262d6e24a5b,,,Bánh quy giòn gạo rong biển (Seaweed Rice Crackers),INGREDIENT,350.4,9.6,1.2,75.3,1.6,1.7,660.0,7aa75582-4482-4305-80f6-aa6cfccec44c,,,"Bánh gạo rong biển là món ăn nhẹ phổ biến ở Đông Á kết hợp cơm rang giòn với rong biển thơm ngon. Những chiếc bánh quy nướng này có kết cấu nhẹ, thoáng và hương vị giàu vị umami, thường được tăng cường bằng gia vị muối nhẹ. Là một lựa chọn thuần chay và không chứa gluten tự nhiên, chúng cung cấp một lựa chọn thay thế ít calo hơn cho đồ ăn nhẹ chiên đồng thời cung cấp các khoáng chất thiết yếu như iốt từ thành phần rong biển.",75
e7e76be9-874c-5b46-9517-136de2622c9e,,,Bánh cuộn Philadelphia (Philadelphia Roll),DISH,173.33,6.0,9.33,16.0,1.33,2.67,280.0,7aa75582-4482-4305-80f6-aa6cfccec44c,,,"Philadelphia Roll là món sushi cuộn kiểu phương Tây gồm cá hồi hun khói, phô mai kem và dưa chuột bọc trong cơm dày dặn và rong biển nori. Thường được phục vụ với 6-8 miếng cho mỗi đơn hàng, sáng tạo kết hợp này mang đến hương vị đậm đà hơn, béo ngậy hơn so với cuộn sushi truyền thống do hàm lượng phô mai kem trong đó. Mặc dù cung cấp protein chất lượng từ cá hồi nhưng nó lại chứa nhiều calo và chất béo hơn so với cuộn maki truyền thống, khiến nó trở thành một lựa chọn sushi hấp dẫn hơn.",75
5e9e9d40-bb64-5a7c-8650-601d7204ade6,,,Bánh cuộn cầu vồng (Rainbow Roll),DISH,100.0,4.32,2.16,15.95,0.81,1.35,162.16,7aa75582-4482-4305-80f6-aa6cfccec44c,,,"Rainbow Roll là một cách chế biến sushi cầu kỳ với phần đế cuộn California được phủ một cách nghệ thuật với những lát cá thuộc loại sashimi khác nhau chồng lên nhau, tạo nên vẻ ngoài đầy màu sắc như cầu vồng. Phần lõi bao gồm bơ, dưa chuột và cua (hoặc cua giả) được bọc trong cơm và nori, trong khi phần bên ngoài thường có cá hồi, cá ngừ và cá đuôi vàng. Món cuộn cao cấp này cung cấp thành phần dinh dưỡng cân bằng với axit béo omega-3 lành mạnh từ nhiều loại cá, cùng với protein và chất béo lành mạnh từ bơ.",75
ef85b467-548d-5b66-9c63-5088c2ecda7d,,,Nhúng atisô với bánh mì nướng (Artichoke Dip with Grilled Bread),DISH,147.06,4.71,5.88,14.71,1.76,1.76,235.29,7aa75582-4482-4305-80f6-aa6cfccec44c,,,"Nhúng atisô là món khai vị béo ngậy, béo ngậy với sự kết hợp giữa trái atisô, rau bina và nhiều loại phô mai, dùng kèm với bánh mì nướng thủ công. Cách giải thích kết hợp California này thường kết hợp các loại thảo mộc tươi và sữa chua Hy Lạp để tạo ra một hương vị nhẹ nhàng hơn trong khi vẫn duy trì được tính chất dễ chịu của cổ điển. Món nhúng kết hợp lớp nền mịn màng, phô mai với những miếng atisô và rau bina mềm, theo truyền thống được dùng nóng và dùng để chia sẻ.",75
08d66fef-a44c-56bf-8186-b3840eee7027,,,Bánh mì kẹp ức bò hun khói (Smoked Brisket Sandwich),DISH,393.33,23.33,16.0,30.0,1.0,4.67,866.67,7aa75582-4482-4305-80f6-aa6cfccec44c,,,"Bánh mì kẹp ức hun khói là món ăn chủ yếu của miền Nam BBQ với ức bò hun khói chậm được phục vụ trên một chiếc bánh mì mềm, thường đi kèm với các loại lớp phủ truyền thống như xà lách trộn, dưa chua hoặc sốt BBQ. Thịt ức thường được hun khói trong 12-14 giờ, tạo ra thịt mềm, có hương vị, cung cấp nguồn protein đáng kể, cung cấp 29-40 gam mỗi khẩu phần. Món bánh sandwich thịnh soạn này có thể được tùy chỉnh với các miếng ức nạc hoặc ẩm, mặc dù cả hai phiên bản đều mang lại hương vị đậm đà, khói đặc trưng của món thịt nướng miền Nam chính thống.",75
8daef0e6-ae30-56da-aac4-b789d131be2d,,,Bánh cuộn sâu bướm (Caterpillar Roll),DISH,193.22,3.39,9.49,23.39,2.71,2.37,542.37,7aa75582-4482-4305-80f6-aa6cfccec44c,,,"Món Caterpillar Roll là một món sushi đặc biệt của người Mỹ gốc Nhật với cơm và tôm tempura, bên trên là những lát bơ xếp chồng lên nhau một cách khéo léo để trông giống như các phần của con sâu bướm. Món cuộn đáng kể này thường được kết thúc với một chút nước sốt lươn ngọt và trang trí bằng hạt vừng, mang đến sự kết hợp phong phú giữa các yếu tố giòn, kem và mặn. Mặc dù có lượng calo cao hơn so với cuộn sushi truyền thống do có tempura và bơ, nhưng nó lại cung cấp chất béo và chất xơ có lợi từ các nguyên liệu tươi.",75
829f4603-9532-557a-90ea-da053d8028f9,,,Bánh mì kẹp Miga (Sandwich de Miga),DISH,266.67,13.33,13.33,30.0,2.0,3.33,666.67,7aa75582-4482-4305-80f6-aa6cfccec44c,,,"Sandwich de Miga là một loại bánh sandwich nhiều lớp truyền thống của Argentina được làm từ những lát bánh mì trắng không vỏ và phần nhân được lắp ráp cẩn thận. Những chiếc bánh sandwich trang nhã này thường có sự kết hợp giữa giăm bông, pho mát, trứng và rau, tất cả đều được cắt lát mỏng và xếp lớp chính xác giữa bánh mì bơ. Được phục vụ cắt thành hình tam giác hoặc hình chữ nhật nhỏ, chúng thường được trình bày dưới dạng thức ăn cầm tay cầu kỳ với nhiều miếng cho mỗi đơn hàng tại các nhà hàng ở Argentina.",75
2ac80023-1341-54f7-aa09-3510f4f836aa,,,Bột ngô kiểu miền Nam (Southern Grits),DISH,150.0,2.98,1.01,31.93,1.01,0.42,84.03,7aa75582-4482-4305-80f6-aa6cfccec44c,,,"Bột kiều mạch miền Nam là một món ăn sáng truyền thống được làm từ ngô xay bằng đá được nấu chín chậm để đạt được độ đặc sệt, mịn như kem đặc trưng. Trong môi trường nhà hàng, những loại bột này thường được làm giàu với sữa hoặc kem và kết thúc bằng bơ, tạo ra một món ăn đậm đà, thịnh soạn và hấp dẫn hơn đáng kể so với các chế phẩm cơ bản. Mặc dù chủ yếu làm từ carbohydrate, nhưng món kiều mạch kiểu nhà hàng thường kết hợp phô mai hoặc các chất bổ sung mặn khác, khiến chúng trở thành món ăn bổ sung đáng kể cho đĩa ăn sáng truyền thống của miền Nam.",75
c73e5e37-f2ee-5d35-b65b-ce297bb45103,,,Dê cà ri (Curried Goat),DISH,143.48,16.52,6.09,4.78,0.87,1.3,217.39,7aa75582-4482-4305-80f6-aa6cfccec44c,,,"Dê cà ri là món ăn đặc trưng của vùng Caribe với thịt dê nạc được nấu chậm trong hỗn hợp phức tạp của gia vị cà ri, chất thơm và ớt cay. Món ăn giàu protein này kết hợp những miếng thịt mềm với nước sốt đậm đà, cay thường được phục vụ cùng cơm và đậu Hà Lan. Quá trình nấu chậm tạo ra thịt mềm đặc biệt đồng thời phát triển hương vị đậm đà từ sự kết hợp giữa bột cà ri Jamaica và Madras, khiến món này trở thành một lựa chọn đặc biệt thỏa mãn và bổ dưỡng.",75
057458d1-f87f-59ca-bfbe-5f86b20d10ae,,,Arepa de Pollo (Arepa de Pollo),DISH,135.24,9.52,3.1,16.19,2.02,0.71,285.71,7aa75582-4482-4305-80f6-aa6cfccec44c,,,"Arepa de Pollo là một món ăn giống như bánh sandwich truyền thống của Venezuela được làm từ những miếng bột ngô nướng hoặc nướng tách đôi và chứa đầy thịt gà xé nhỏ và phô mai trắng. Phần đế bột ngô không chứa gluten có lớp vỏ giòn bên ngoài và mềm bên trong, đồng thời sự kết hợp giữa thịt gà và phô mai mang lại hàm lượng protein đáng kể. Món ăn thịnh soạn này thường được trang trí thêm các loại đồ ăn kèm như bơ hoặc cà chua, tạo nên một bữa ăn hoàn chỉnh.",75
2e3d7df6-993d-5fc6-bb04-ff1c952b2d51,,,Risotto lúa mạch nấm (Mushroom Barley Risotto),INGREDIENT,221.28,6.38,9.36,27.66,4.26,1.28,340.43,7aa75582-4482-4305-80f6-aa6cfccec44c,,,"Risotto lúa mạch nấm là một cách giải thích kiểu Bắc Âu của món ăn Ý cổ điển, sử dụng lúa mạch trân châu thay vì cơm truyền thống để có hương vị thơm ngon hơn, bổ dưỡng hơn. Chế phẩm ngũ cốc nguyên kem, dạng kem này kết hợp các loại nấm có nguồn gốc địa phương với các loại thảo mộc thơm, đạt được kết cấu đặc trưng thông qua việc nấu lúa mạch chậm. Món ăn này cung cấp hàm lượng chất xơ đặc biệt và lợi ích dinh dưỡng mạnh mẽ, đồng thời mang đến hương vị đất đậm đà đặc trưng của ẩm thực Bắc Âu.",95
ef4a6afd-0cfc-5274-a404-43c599c31bff,,,Cơm kiểu Mexico (Mexican Rice),INGREDIENT,185.34,3.88,5.26,30.17,1.29,2.59,528.45,7aa75582-4482-4305-80f6-aa6cfccec44c,,,"Cơm Mexico là một món ăn kèm theo gia vị thường được phục vụ tại các nhà hàng Tex-Mex, gồm có cơm trắng nấu với cà chua, hành tây và tỏi tạo nên màu đỏ cam đặc trưng. Cách chuẩn bị nhà hàng này thường bao gồm thêm gia vị và đôi khi là rau thái hạt lựu nhỏ, dẫn đến hàm lượng natri cao vừa phải so với gạo tẻ. Một phần ăn tiêu chuẩn của nhà hàng cung cấp khoảng 200-220 calo và được dùng như một món ăn kèm truyền thống cho các món ăn Mexico và Tex-Mex.",75
cb09eaef-5f8d-56a1-9e29-b870538f68e1,,,Bánh cuộn sushi (Sushi Rolls),DISH,150.67,4.67,3.33,29.33,1.33,4.0,233.33,7aa75582-4482-4305-80f6-aa6cfccec44c,,,"Sushi cuộn tại các bữa tiệc tự chọn là món ăn Nhật Bản được chế biến theo phong cách phương Tây bao gồm cơm dấm bọc rong biển nori xung quanh các loại nhân khác nhau. Những cuộn này thường chứa 6-8 miếng và chứa từ 90-470 calo mỗi cuộn, với các loại làm từ cá đơn giản hơn sẽ nhẹ hơn so với các loại có chứa tempura hoặc phô mai kem. Thành phần dinh dưỡng thay đổi đáng kể dựa trên thành phần, với hầu hết các món cuộn đều cung cấp cơ sở giàu carbohydrate từ gạo, protein vừa phải từ cá hoặc hải sản và hàm lượng chất béo khác nhau tùy thuộc vào các chất bổ sung như bơ, mayo hoặc các nguyên liệu chiên.",75
992fc2e5-4a7f-569f-a70d-d23c63692dff,,,Bánh mì dẹt Margherita (Margherita Flatbread),DISH,360.0,14.0,16.0,40.0,1.6,4.0,320.0,7aa75582-4482-4305-80f6-aa6cfccec44c,,,"Bánh mì dẹt Margherita là món khai vị hoặc bữa ăn nhẹ kiểu nhà hàng với phần đế bánh mì dẹt mỏng, giòn phủ cà chua tươi, phô mai mozzarella tan chảy và húng quế tươi. Loại thay thế nhẹ hơn cho pizza truyền thống này thường dao động từ 800-1400 calo cho mỗi khẩu phần đầy đủ trong các nhà hàng ăn nhanh bình dân, với khẩu phần ăn thay đổi đáng kể giữa các cơ sở. Sự kết hợp của carbohydrate tinh chế, protein sữa và hàm lượng natri cao làm cho nó trở thành một lựa chọn thú vị hơn thường dành cho việc chia sẻ.",75
993f01a2-95b0-5a80-9eda-a0ff21374d51,,,Cơm kiểu Peru (Peruvian Rice),INGREDIENT,136.22,3.78,4.32,20.54,1.08,0.27,670.27,7aa75582-4482-4305-80f6-aa6cfccec44c,,,"Cơm Peru là một món ăn kèm thơm thường được phục vụ tại các nhà hàng Peru, đặc trưng bởi kết cấu nhẹ, mịn và màu vàng tinh tế của nghệ tây. Món ăn có lượng calo vừa phải này (khoảng 160 calo mỗi nửa cốc) thường được chế biến với gạo hạt dài, nghệ tây, tỏi và nước luộc gà, tạo nên hương thơm đi kèm hoàn hảo với thịt nướng. Phương pháp chế biến tạo ra các loại ngũ cốc riêng biệt, khác biệt với hương vị tinh tế bổ sung thay vì lấn át các món ăn chính.",75
3df817a7-6f5e-5f1a-9616-41204ee63282,,,Bánh mì dẹt Aloo (Aloo Paratha),DISH,220.0,5.0,9.0,33.0,3.0,1.0,350.0,7aa75582-4482-4305-80f6-aa6cfccec44c,,,"Aloo paratha là một loại bánh mì dẹt của Bắc Ấn Độ được làm bằng cách nhồi khoai tây nghiền đã tẩm gia vị vào bột mì nguyên hạt, sau đó cán và chiên cho đến khi vàng. Món ăn thịnh soạn này cung cấp carbohydrate phức tạp từ cả nhân lúa mì và khoai tây, cùng với chất béo bổ sung thường đến từ bơ sữa trâu hoặc dầu được sử dụng trong quá trình nấu nướng. Mặc dù giàu calo nhưng nó cung cấp lượng chất xơ và protein khiêm tốn, đồng thời hương vị đặc trưng của nó đến từ các loại gia vị như thì là, rau mùi và ajwain thường được trộn vào nhân khoai tây.",75
396f9d07-fdab-5574-8ae4-80eff86bd279,,,Bánh mì kẹp BLT waffle (BLT Waffle Sandwich),DISH,200.0,8.63,10.07,19.42,1.08,3.6,561.15,7aa75582-4482-4305-80f6-aa6cfccec44c,,,"BLT Waffle Sandwich là một món ăn kết hợp của nhà hàng thay thế bánh mì truyền thống bằng bánh quế kiểu Bỉ làm cơ sở. Cách chế biến sáng tạo này kết hợp thịt xông khói giòn, rau diếp tươi, cà chua và sốt mayonnaise với kết cấu ngọt, giòn của bánh quế, tạo nên một món ăn sáng-gặp-bữa trưa độc đáo. Với khoảng 280 calo mỗi khẩu phần, nó cung cấp 12 gam protein và 27 gam carbohydrate, mang đến một sự thay thế đáng kể hơn cho món bánh mì BLT cổ điển.",75
38bd81eb-5e8e-5149-98fa-bdd11e6d2a82,,,Bánh cuộn sushi thuần chay (Vegan Sushi Rolls),DISH,126.26,2.02,2.02,21.72,1.52,2.53,151.52,7aa75582-4482-4305-80f6-aa6cfccec44c,,,"Cuộn sushi thuần chay là phiên bản làm từ thực vật của sushi truyền thống, thường có cơm dày dạn bọc trong rong biển nori với các loại rau tươi như dưa chuột, bơ và cà rốt ngâm. Một suất ăn tiêu chuẩn của nhà hàng bao gồm 8-10 miếng mỗi cuộn (khoảng 7 ounce), cung cấp khoảng 250 calo với hàm lượng carbohydrate vừa phải chủ yếu từ gạo. Những cuộn này mang đến một lựa chọn bữa ăn giàu dinh dưỡng, chứa chất xơ từ rau và khoáng chất từ ​​rong biển, đồng thời duy trì trải nghiệm sushi đích thực mà không cần bất kỳ sản phẩm động vật nào.",75
adff2947-cdaf-5dba-96f2-234d09d554e5,,,Bánh mì vòng hành tây (Onion Bagel),DISH,273.33,10.48,1.43,53.33,2.38,3.81,380.95,7aa75582-4482-4305-80f6-aa6cfccec44c,,,"Bánh mì tròn hành tây là một biến thể thơm ngon của món bánh mì cuộn luộc rồi nướng truyền thống, có các miếng hành khô được nướng trên bề mặt và thường xuyên khắp bột. Món bánh mì thịnh soạn này cung cấp lượng carbohydrate đáng kể và lượng protein vừa phải, thường chứa khoảng 280-290 calo mỗi chiếc bánh mì tròn. Hương vị hành tây đặc biệt và kết cấu dai khiến nó trở thành lựa chọn phổ biến cho bánh mì ăn sáng và các chế phẩm theo phong cách đồ nguội, mặc dù những người bị dị ứng với lúa mì nên lưu ý rằng nó có chứa gluten.",95
d37f596d-c32d-543d-bc05-bf200ad27954,,,Bánh mì vòng thường (Plain Bagel),DISH,290.0,10.0,1.5,56.0,2.5,5.0,440.0,7aa75582-4482-4305-80f6-aa6cfccec44c,,,"Bánh mì tròn trơn là một loại bánh mì đặc, có hình vòng, được chế biến theo truyền thống bằng cách luộc chín rồi nướng, tạo nên lớp vỏ ngoài dai đặc trưng và lớp bên trong mềm mại. Loại bánh mì thịnh soạn này cung cấp lượng carbohydrate đáng kể và lượng protein vừa phải, thường chứa lượng calo tương đương với bốn phần ăn bánh mì. Được làm chủ yếu từ bột mì, men và muối, một suất ăn bánh mì tròn tiêu chuẩn ở cửa hàng cung cấp khoảng 270-300 calo với hàm lượng chất béo tối thiểu.",75
59160152-9595-5965-84c4-72c750f11e8b,,,Bánh mì kẹp Porchetta (Porchetta Sandwich),DISH,270.0,11.67,16.67,18.33,1.33,2.0,333.33,7aa75582-4482-4305-80f6-aa6cfccec44c,,,"Bánh mì Porchetta Sandwich theo phong cách Philadelphia là một đặc sản thịnh soạn của vùng với thịt vai lợn tẩm gia vị nướng chậm được phục vụ trên một cuộn giòn. Món bánh sandwich đặc biệt này kết hợp thịt lợn mềm, ngon ngọt với phô mai provolone tan chảy và rabe bông cải xanh xào, tạo ra sự cân bằng đặc trưng giữa thịt đậm đà, phô mai sắc nét và rau xanh hơi đắng. Bánh sandwich thường được phục vụ với nước sốt thịt lợn thơm ngon, được thấm vào cuộn, tạo thêm độ sâu cho từng miếng ăn.",75
2786538d-fd97-5474-a6df-b58ea74290fe,,,Bánh mì nướng Kaya (Kaya Toast),DISH,566.67,9.17,25.83,67.5,2.08,20.0,333.33,7aa75582-4482-4305-80f6-aa6cfccec44c,,,"Kaya Toast là món ăn sáng được yêu thích của người Singapore bao gồm bánh mì trắng nướng nhân kaya, một loại mứt dừa đậm đà làm từ nước cốt dừa, trứng và đường. Bánh sandwich theo truyền thống được phục vụ với những lát bơ lạnh dày giữa những chiếc bánh mì ấm áp, giòn, tạo ra sự tương phản đặc biệt về nhiệt độ và kết cấu. Món ăn hấp dẫn này đặc biệt có hàm lượng calo và đường cao do có dừa ngọt và hàm lượng bơ dồi dào.",75
3cfb4e2d-f86d-5a34-9ca3-68492e7c5767,,,Bánh mì pita kèm (Side of Pita Bread),DISH,118.75,5.62,1.88,27.5,3.75,1.25,25.0,7aa75582-4482-4305-80f6-aa6cfccec44c,,,"Bánh mì Pita là một loại bánh mì dẹt tròn, mềm, đặc trưng bởi phần bên trong kiểu túi đặc biệt hình thành trong quá trình nướng. Món ăn chủ yếu ở Địa Trung Hải và Trung Đông này thường chứa khoảng 90-100 calo mỗi khẩu phần và cung cấp nguồn carbohydrate phức tạp với hàm lượng protein vừa phải. Tại các quầy bán falafel và các cơ sở tương tự, bánh mì pita thường được phục vụ khi còn nóng và lý tưởng để nhồi với món falafel, Shawarma hoặc các loại nhân truyền thống khác.",75
14735838-61d6-5fa5-b107-262b92c050ab,,,Bánh mì kẹp Milanesa (Milanesa Sandwich),DISH,220.0,16.0,10.0,20.0,1.6,3.2,400.0,7aa75582-4482-4305-80f6-aa6cfccec44c,,,"Milanesa Sandwich là một món đặc sản thịnh soạn của Argentina với món thịt bò cốt lết tẩm bột và chiên được phục vụ trên một chiếc bánh mì giòn. Thịt bò giã mỏng được bọc trong vụn bánh mì dày dạn và chiên cho đến khi vàng, sau đó thường trang trí với rau diếp tươi, cà chua và hành tây. Món bánh sandwich béo ngậy này thường được kết thúc bằng sốt salsa golf hoặc sốt mayonnaise chimichurri, tạo nên sự kết hợp hài lòng giữa các yếu tố giòn, mềm và tươi.",75
149c6520-8bcc-5927-b644-bbc86bbfb941,,,Bánh quế Bỉ với dâu tây tươi (Belgian Waffle with Fresh Strawberries),INGREDIENT,245.0,3.5,4.5,47.5,1.0,26.5,250.0,7aa75582-4482-4305-80f6-aa6cfccec44c,,,"Bánh quế của Bỉ với dâu tây tươi là món ăn sáng kiểu nhà hàng với lớp bánh quế dày, men, nổi bật bởi các túi sâu và bề ngoài giòn. Món ăn quan trọng này thường được phục vụ với dâu tây tươi cắt lát, kem đánh bông và một ít đường bột, cùng với xi-rô phong thường được cung cấp kèm theo. Khẩu phần ăn tại nhà hàng có xu hướng hào phóng, khiến đây trở thành một lựa chọn chứa nhiều calo với khoảng 500-600 calo mỗi khẩu phần, chủ yếu từ carbohydrate và đường bổ sung.",75
38cd791b-a95d-5bab-ab5d-1d55147fae0a,,,Gạo trắng hạt ngắn (Short Grain White Rice),INGREDIENT,358.0,6.5,0.52,79.2,2.8,0.12,1.0,7aa75582-4482-4305-80f6-aa6cfccec44c,,,"Gạo trắng hạt ngắn là loại ngũ cốc được đánh bóng có đặc điểm là hạt đầy đặn, gần như tròn, trở nên mềm và dính vào nhau khi nấu chín. Phiên bản giàu dinh dưỡng đã được bổ sung sắt, thiamine và axit folic để thay thế các chất dinh dưỡng bị mất trong quá trình xay xát. Mặc dù có ít chất xơ hơn so với các loại gạo lứt nhưng loại gạo nấu nhanh này cung cấp lượng carbohydrate đậm đặc lý tưởng cho các món ăn giàu năng lượng như sushi, risotto và bánh gạo.",75
b528d750-b8c4-5b81-9824-60115a2fe4b7,,,Bánh mì kẹp Pháp nhúng (French Dip Sandwich),DISH,220.0,16.8,8.8,14.0,1.2,2.0,400.0,7aa75582-4482-4305-80f6-aa6cfccec44c,,,"French Dip Sandwich là một loại bánh sandwich nóng có thịt bò nướng thái lát mỏng được phục vụ trên một chiếc bánh cuộn kiểu Pháp, đi kèm với nước dùng thịt bò ấm (au jus) để chấm. Loại bánh sandwich thịnh soạn này thường bao gồm phô mai tan chảy và cung cấp một nguồn protein đáng kể, chứa khoảng 40-45 gram mỗi khẩu phần. Mặc dù vừa miệng và có hương vị thơm ngon nhưng nó lại có hàm lượng natri cao đáng chú ý do thịt bò dày dặn và nước dùng chấm.",75
4638d3cb-3751-51b9-bbd3-182c1d8ea6b6,,,Bánh cuộn rồng (Dragon Roll),DISH,205.0,6.0,9.5,22.5,1.0,3.0,280.0,7aa75582-4482-4305-80f6-aa6cfccec44c,,,"A Dragon Roll là một món sushi được chế biến công phu với tempura tôm giòn và rau tươi được bọc trong cơm cuộn từ trong ra ngoài và rong biển nori. Món cuộn đặc biệt này thường được trang trí với những lát bơ cắt lát được sắp xếp giống vảy rồng, sau đó kết thúc bằng tobiko (trứng cá chuồn) và sự kết hợp của mayo cay và nước sốt unagi ngọt. Mặc dù có lượng calo cao hơn so với cuộn sushi truyền thống do có tempura và nước sốt, nhưng nó cung cấp sự kết hợp cân bằng giữa protein, chất béo lành mạnh và carbohydrate phức tạp.",75
d62bcb4a-4acb-573b-8c8a-8925c2439801,,,Bánh mì dẹt pesto tầm ma (Nettle Pesto Flatbread),DISH,315.33,6.67,32.0,3.67,1.0,1.0,266.67,7aa75582-4482-4305-80f6-aa6cfccec44c,,,"Nettle Pesto Flatbread là một món đặc sản từ trang trại đến bàn ăn của vùng Tây Bắc Thái Bình Dương, trưng bày những cây tầm ma mùa xuân được thu hoạch tại địa phương được biến thành món pesto rực rỡ. Loại bánh mì dẹt thủ công này có cây tầm ma chần trộn với các loại hạt, dầu ô liu và pho mát, trải đều trên lớp đế giòn làm tại nhà. Món ăn này đặc biệt giàu chất dinh dưỡng, cung cấp một lượng đáng kể vitamin A, C và K, cùng với các khoáng chất như sắt và canxi từ cây tầm ma được thu hoạch hoang dã.",75
ce83989d-81f1-5d1c-be3f-1becba6907a1,,,Cơm và đậu Hà Lan (Rice and Peas),INGREDIENT,159.62,4.4,7.14,21.98,5.22,0.82,190.66,7aa75582-4482-4305-80f6-aa6cfccec44c,,,"Rice and Peas là một món ăn truyền thống của vùng Caribe, trong đó cơm được nấu với đậu tây hoặc đậu bồ câu (mặc dù có tên là 'đậu Hà Lan') trong nước cốt dừa và các gia vị thơm như húng tây, hạt tiêu và tỏi. Món ăn kèm thịnh soạn này cung cấp lượng protein và chất xơ đáng kể đồng thời mang lại kết cấu béo ngậy, béo ngậy từ nước cốt dừa. Món ăn này đóng vai trò là thành phần cơ bản của ẩm thực Caribe, thường đi kèm với nhiều món thịt và rau khác nhau.",75
3cd6b5dc-5531-5e1c-a2f1-1bcc6410091d,,,Bánh quế Bỉ Banoffee (Banoffee Belgian Waffle),DISH,300.0,3.67,14.0,35.0,1.67,20.0,100.0,7aa75582-4482-4305-80f6-aa6cfccec44c,,,"Bánh quế Bỉ Banoffee là một món tráng miệng hấp dẫn kết hợp bánh quế truyền thống của Bỉ với lớp phủ bánh banoffee cổ điển. Sáng tạo phong phú này bao gồm các lát chuối tươi, sốt kẹo bơ cứng ngọt và kem đánh bông được phủ trên lớp bánh quế giòn nhưng mềm. Là một lựa chọn món tráng miệng có hàm lượng calo cao thường chứa 800-1000 calo mỗi khẩu phần, nó chứa một lượng đáng kể đường và chất béo bổ sung đồng thời kết hợp nhiều chất gây dị ứng bao gồm lúa mì, sữa và trứng.",75
f37f5415-db1e-586a-a459-b334a6b1345d,,,Bánh mì cứng (Hard Dough Bread),DISH,269.23,9.62,4.81,50.0,3.85,5.77,480.77,7aa75582-4482-4305-80f6-aa6cfccec44c,,,"Bánh mì bột cứng là một loại bánh mì đậm đặc của vùng Caribe, đặc trưng bởi lớp vỏ chắc và bên trong dai, mềm. Loại bánh mì thịnh soạn này được làm bằng bột mì giàu dinh dưỡng và được nướng theo cách truyền thống cho đến khi bề ngoài cứng cáp đặc biệt, khiến nó trở nên hoàn hảo để thưởng thức các món hầm và nước sốt vùng Caribe. Kết cấu chắc chắn và hàm lượng protein vừa phải khiến nó có vị đậm đà hơn so với bánh mì trắng thông thường, đồng thời hương vị nhẹ nhàng phù hợp với cả món mặn và món ngọt.",75
65414a94-2af6-5152-ab6a-294d8ababeba,,,Bánh cuộn Hoagie Ý (Italian Hoagie Roll),DISH,260.04,9.0,2.7,50.8,3.1,0.0,530.6,7aa75582-4482-4305-80f6-aa6cfccec44c,,,"Bánh cuộn hoagie của Ý là một loại bánh mì làm từ lúa mì giàu dinh dưỡng, có đặc điểm là cấu trúc chắc chắn nhưng thoáng mát, bên ngoài giòn và vụn dai, lý tưởng để đựng các loại thịt nguội và gia vị nhiều lớp mà không bị sũng nước. Được làm bằng bột mì được tăng cường sắt và vitamin B, món cuộn này cung cấp nền tảng giàu carbohydrate cho bánh mì sandwich đồng thời đóng góp lượng protein khiêm tốn. Hình dạng thuôn dài và kết cấu cân đối của nó làm cho nó trở thành một món ăn chủ yếu trong ẩm thực Ý-Mỹ, đặc biệt đối với các món ăn nguội cổ điển và bánh panini nướng.",75
15baf5cb-63cb-5bd8-bc18-1f340d075e39,,,Bánh mì kẹp mở mặt với Liptauer (Open-Faced Sandwich with Liptauer),DISH,225.0,6.0,20.0,17.0,2.5,3.0,350.0,7aa75582-4482-4305-80f6-aa6cfccec44c,,,"Một chiếc bánh sandwich mặt hở có Liptauer, một loại phô mai béo ngậy của Áo được làm từ phô mai kem, bơ và các gia vị thơm bao gồm ớt bột, hạt caraway và nụ bạch hoa. Món ăn kiểu quán cà phê này theo truyền thống được phục vụ trên bánh mì giòn như lúa mạch đen hoặc bột chua, và trang trí bằng các loại thảo mộc tươi, dưa chua thái hạt lựu hoặc ớt chuông. Món ăn thịnh soạn kết hợp hương vị thơm ngon, thơm và hơi cay, tạo nên món khai vị hoặc bữa ăn nhẹ đặc trưng của ẩm thực quán cà phê Áo.",75
5da9d384-9783-556d-b4c3-9d5f37826fda,,,Cơm mắm tôm (Bagoong Rice),INGREDIENT,187.5,5.0,10.0,17.5,1.25,2.08,187.5,7aa75582-4482-4305-80f6-aa6cfccec44c,,,"Cơm Bagoong là một món ăn mặn của Philippines, trong đó cơm được chiên với mắm tôm lên men (bagoong), tạo nên hương vị đậm đà vị umami. Món ăn nhà hàng này thường bao gồm thịt ba chỉ giòn, tỏi và các loại gia vị, thường được trang trí bằng xoài xanh hoặc dưa chuột để tạo sự tương phản. Món ăn này là một món ăn thoải mái phổ biến trong ẩm thực Philippines, thường được phục vụ như một bữa ăn hoàn chỉnh hoặc đi kèm với các món ăn truyền thống như Kare-Kare.",75
66525c85-2237-5c9a-a8a3-1b163a53d18c,,,Bánh cuộn mùa xuân (Spring Rolls),DISH,413.0,7.0,25.0,40.0,2.0,3.0,480.0,7aa75582-4482-4305-80f6-aa6cfccec44c,,,"Chả giò là món khai vị giòn bao gồm bột mì gói với rau củ dày dặn và thường là thịt hoặc tôm, sau đó chiên giòn cho đến khi có màu vàng nâu. Những cuộn hình trụ này thường có sự kết hợp của bắp cải thái nhỏ, cà rốt và giá đỗ, nêm với nước tương và các chất thơm như tỏi và gừng. Do được chế biến chiên giòn nên chả giò nhà hàng có hàm lượng chất béo và natri cao đặc biệt, thường được dùng nóng như món khai vị với nước chấm.",75
3df5f24c-7600-56ad-ba37-e909913fe071,,,Bánh spanakopita (Spanakopita),DISH,247.06,8.24,9.41,31.76,1.18,1.76,552.94,7aa75582-4482-4305-80f6-aa6cfccec44c,,,"Spanakopita là một loại bánh ngọt mặn truyền thống của Hy Lạp được làm từ nhiều lớp bột phyllo tinh tế chứa đầy rau bina và phô mai feta. Lớp vỏ ngoài màu nâu vàng, xốp bao bọc hỗn hợp đậm đà gồm rau bina xắt nhỏ, rau thơm và phô mai feta thơm, thường được phục vụ theo từng phần hình tam giác hoặc hình vuông. Món ăn Địa Trung Hải này cung cấp một nguồn protein và vitamin dồi dào, đặc biệt là vitamin K từ rau bina, mặc dù nó có hàm lượng chất béo tương đối cao do có các lớp phyllo bơ.",75
12cd9796-bbc9-5c00-8d90-d48355569f2b,,,Mì lúa mì (Wheat Noodles),INGREDIENT,337.0,12.7,1.4,68.5,3.2,0.0,5.0,7aa75582-4482-4305-80f6-aa6cfccec44c,,,"Mì lúa mì là một loại lương thực giàu carbohydrate được làm chủ yếu từ bột mì, nước và muối, thường được bán ở dạng khô để kéo dài thời hạn sử dụng. Những loại mì đa năng này - từ sợi bún mỏng đến udon dày - đều chứa gluten và cung cấp năng lượng bền vững thông qua carbohydrate phức tạp, mặc dù chúng cung cấp ít protein hơn so với các loại mì thay thế làm từ cây họ đậu. Hương vị trung tính và kết cấu chắc khi nấu chín giúp chúng thích ứng với các món ăn toàn cầu, thường được sử dụng trong các món xào, súp và salad lạnh sau khi luộc.",75
f9fe1b83-fa44-5651-90fe-d1f31bcaf0a3,,,Bánh quế Bỉ Matcha (Matcha Belgian Waffle),DISH,267.5,5.0,14.17,29.17,1.67,1.67,263.33,7aa75582-4482-4305-80f6-aa6cfccec44c,,,"Bánh quế Matcha Bỉ là một món tráng miệng đặc biệt được làm từ bột bánh quế truyền thống của Bỉ với bột trà xanh matcha Nhật Bản, tạo nên màu xanh nhạt đặc trưng và hương vị đất tinh tế. Bánh quế được chế biến bằng bàn ủi kiểu Bỉ để đạt được các túi sâu đặc trưng, ​​bên ngoài giòn và bên trong xốp đặc trưng của bánh quế Bỉ. Thường được phục vụ khi còn ấm và phủ đường bột, kem đánh bông hoặc xi-rô cây phong, món tráng miệng kết hợp này kết hợp truyền thống làm bánh quế của Châu Âu với văn hóa trà Châu Á.",75
f0851b3f-73fe-5a04-be03-ef4ad66610b4,,,Giỏ bánh mì Viên (Viennese Bread Basket),DISH,280.0,12.0,4.0,48.0,12.0,4.0,640.0,7aa75582-4482-4305-80f6-aa6cfccec44c,,,"A Viennese Bread Basket là quán cà phê truyền thống của Áo cung cấp đủ loại bánh mì và bánh mì cuộn thủ công mới ra lò. Lựa chọn được tuyển chọn cẩn thận này thường bao gồm bánh mì Semmel giòn, bánh mì nguyên hạt thịnh soạn và các món đặc sản như Laugenbrötchen, thường kết hợp nhiều loại ngũ cốc, hạt và phương pháp chế biến bột chua truyền thống. Được phục vụ ấm với bơ hoặc phết, giỏ này thường chứa 4-6 miếng và thể hiện di sản làm bánh phong phú của Áo thông qua kết cấu và hương vị đa dạng.",75
e3970797-1910-59b4-8e13-6ac2ef76e0a9,,,Cơm Majboos (Majboos Rice),INGREDIENT,156.0,9.67,5.4,17.2,1.0,1.0,204.0,7aa75582-4482-4305-80f6-aa6cfccec44c,,,"Cơm Majboos là một món ăn tinh tế của người Dubai, trong đó gạo basmati hảo hạng được nấu trong nước dùng đậm đà gia vị với thịt hoặc thịt gà. Chế phẩm thơm này có các thành phần đặc biệt như vôi khô (loomi), bạch đậu khấu và quế, tạo ra các lớp hương vị phức tạp trong suốt cơm. Món ăn được trình bày trang nhã với các loại hạt nướng, nho khô và protein được chế biến cẩn thận, thường được trang trí bằng các loại thảo mộc tươi và được dùng làm món chính trong các cơ sở ăn uống cao cấp.",75
26bde482-a65d-5b9a-ac9a-57fe08a1fb7d,,,Bánh mì vòng không chứa gluten (Gluten-Free Bagels),DISH,284.21,5.26,7.37,48.42,3.16,3.16,400.0,7aa75582-4482-4305-80f6-aa6cfccec44c,,,"Bánh mì tròn không chứa gluten là sản phẩm thay thế được chế tạo đặc biệt cho bánh mì tròn truyền thống, được làm bằng hỗn hợp các loại bột thay thế như gạo, bột sắn và tinh bột khoai tây. Những chiếc bánh mì tròn này được chế tạo đặc biệt để đạt được kết cấu dai tương tự như bánh mì tròn thông thường, mặc dù chúng thường chứa nhiều carbohydrate và ít protein hơn. An toàn cho những người mắc bệnh celiac hoặc nhạy cảm với gluten, chúng cung cấp một lựa chọn bánh mì thỏa mãn trong khi vẫn duy trì hình dạng và mật độ bánh mì tròn cổ điển.",75
0ec12764-4e64-51cf-9032-6a52a2dd0f42,,,Cơm chiên (Fried Rice),DISH,122.22,3.03,2.02,22.73,1.01,1.52,272.73,7aa75582-4482-4305-80f6-aa6cfccec44c,,,"Cơm chiên là một món ăn cổ điển của nhà hàng Trung Quốc được chế biến bằng cách xào cơm ngày với trứng, rau và thường là các loại protein như thịt gà, tôm hoặc thịt lợn. Món ăn giàu carbohydrate này thường chứa hỗn hợp đậu Hà Lan, cà rốt và hành lá, nêm với nước tương và nấu trong dầu ở nhiệt độ cao. Các phiên bản nhà hàng có xu hướng chứa nhiều natri và chất béo hơn so với các chế phẩm tự chế biến, với khẩu phần một cốc thông thường chứa khoảng 240-350 calo tùy thuộc vào việc bổ sung protein.",75
85398cab-be31-57c5-9b33-380722ef3b1f,,,Cá trích dưới áo khoác lông (Herring Under a Fur Coat),DISH,175.0,9.0,9.5,13.5,1.5,4.0,200.0,7aa75582-4482-4305-80f6-aa6cfccec44c,,,"Herring Under a Fur Coat là món salad nhiều lớp truyền thống của Ukraine với nền tảng là cá trích muối. Món ăn kỷ niệm này bao gồm các lớp cá trích, rau luộc (khoai tây, cà rốt và củ cải đường), hành tây và trứng luộc được sắp xếp chính xác, tất cả được kết hợp với sốt mayonnaise và phủ một lớp củ cải đường màu tím đặc biệt giống như một chiếc áo khoác lông. Sự kết hợp này cung cấp lượng protein đáng kể từ cá trích và trứng, đồng thời cung cấp axit béo omega-3 và các vitamin thiết yếu từ các thành phần cá và rau.",75
2737ddb7-9260-5e27-ad97-4fc094ef3502,,,Bánh mì nướng bơ (Avocado Toast),DISH,260.0,8.0,12.0,30.0,5.0,4.0,180.0,7aa75582-4482-4305-80f6-aa6cfccec44c,,,"Bánh mì nướng bơ là một món ăn nửa buổi phổ biến bao gồm bánh mì nướng thủ công phủ bơ nghiền dày dạn và nhiều loại trang trí khác nhau. Các phần ăn của nhà hàng thường bao gồm một đến hai lát cắt dày, thường được tăng cường bằng các chất bổ sung như trứng luộc, cà chua bi hoặc rau xanh. Món ăn này kết hợp chất béo không bão hòa đơn có lợi cho tim từ quả bơ với carbohydrate phức tạp từ bánh mì, đồng thời các chất bổ sung giàu protein phổ biến như trứng hoặc cá hồi hun khói có thể khiến bữa ăn trở nên hoàn chỉnh hơn.",75
7aff86df-dab4-5cd1-8448-d1fadc95cfb6,,,Bánh mì Spelt với bơ thảo mộc (Spelt Bread with Herb Butter),INGREDIENT,298.25,7.02,12.28,39.47,6.58,2.63,1023.68,7aa75582-4482-4305-80f6-aa6cfccec44c,,,"Món bánh mì thủ công này có bánh mì làm từ lúa mì đánh vần, một loại ngũ cốc cổ xưa được biết đến với hàm lượng protein và khoáng chất cao hơn so với lúa mì thông thường. Ổ bánh mì mộc mạc được phục vụ ấm áp với bơ tổng hợp tự làm với các loại thảo mộc theo mùa của vùng Tây Bắc Thái Bình Dương. Hương vị hấp dẫn tự nhiên và lợi ích dinh dưỡng vượt trội của đánh vần, bao gồm hàm lượng chất xơ cao hơn và khả năng tiêu hóa dễ dàng hơn, được bổ sung bởi bơ thảo mộc thơm, tươi, đặc trưng của bữa ăn từ trang trại đến bàn ăn.",75
70e22ce4-dccb-5438-a839-8f8febfa15ec,,,Bánh cuộn bún rau củ (Vegetable Rice Noodle Roll),DISH,155.56,3.56,1.33,26.67,1.33,1.78,222.22,7aa75582-4482-4305-80f6-aa6cfccec44c,,,"Bún rau củ là món dim sum tinh tế được làm từ những miếng bột gạo hấp cuộn quanh nhân rau tươi. Những cuộn bánh trong mờ này có kết cấu mềm, mượt và thường được dùng kèm với nước tương ngọt hoặc nước sốt hoisin để chấm. Không chứa gluten tự nhiên do làm từ bột gạo, chúng cung cấp một lựa chọn thay thế nhẹ nhàng hơn cho các phiên bản nhân thịt trong khi vẫn duy trì kết cấu dai, mịn đặc trưng được yêu thích trong ẩm thực dim sum.",95
38e1932e-179a-599c-8bdd-03eac1b073bf,,,Bánh mì kẹp Submarine Ý (Italian Submarine Sandwich),DISH,225.0,11.0,10.0,22.5,1.75,3.0,700.0,7aa75582-4482-4305-80f6-aa6cfccec44c,,,"Bánh Sandwich Tàu ngầm Ý là một loại bánh sandwich thơm ngon thịnh soạn có các lớp thịt Ý đã qua xử lý và pho mát provolone trên một cuộn lúa mì dài. Loại bánh mì sandwich đáng kể này theo truyền thống được trang trí bằng các loại rau tươi bao gồm rau diếp, cà chua và hành tây, thường được trộn với dầu và giấm hoặc gia vị Ý. Mặc dù có khả năng tùy biến cao, nhưng loại bánh sandwich giàu protein này thường cung cấp một bữa ăn hoàn chỉnh với giá trị calo đáng kể, mặc dù nó có thể chứa nhiều natri do các thành phần thịt đã được xử lý.",75
e1e10c9d-e0ec-5c07-8cb8-c637dc541b17,,,Cơm biryani Baghdad (Baghdad Biryani),DISH,84.0,3.6,2.6,11.0,0.8,1.0,120.0,7aa75582-4482-4305-80f6-aa6cfccec44c,,,"Baghdad Biryani là một biến thể của món cơm nhiều lớp cổ điển ở Iraq, được phân biệt bởi hỗn hợp gia vị thơm gồm nghệ tây, chanh khô và gia vị của vùng. Bữa ăn hoàn chỉnh này kết hợp gạo basmati thơm với thịt mềm (thường là thịt cừu hoặc thịt gà) và được chế biến theo truyền thống bằng phương pháp 'dum', trong đó các nguyên liệu được nấu chậm trong các lớp kín để tạo ra hương vị phong phú, phức hợp. Món ăn này cung cấp thành phần dinh dưỡng cân bằng với protein từ thịt, carbohydrate phức tạp từ gạo và các hợp chất có lợi từ hỗn hợp gia vị đặc trưng của nó.",75
19ae08c9-91f1-50cc-aa84-4ce03c6f86d1,,,Bánh mì kẹp ức bò (Brisket Sandwich),DISH,265.0,15.0,15.0,17.5,1.25,4.0,425.0,7aa75582-4482-4305-80f6-aa6cfccec44c,,,"Bánh sandwich ức là món ăn thịnh soạn của nhà hàng thịt nướng với ức thịt bò hun khói chậm được phục vụ trên bánh mì sandwich. Thịt thường được hun khói trong 12-14 giờ cho đến khi mềm, sau đó thái lát hoặc băm nhỏ và thường ăn kèm với nước sốt thịt nướng tự làm. Loại bánh mì kẹp giàu protein này có thể thay đổi đáng kể về khẩu phần, thường chứa 30-40 gam protein mỗi khẩu phần và có thể được tùy chỉnh với các miếng ức nạc hoặc mỡ tùy theo sở thích.",75
634b474f-def3-59ba-9ce9-9a8f81699c60,,,Cơm chiên Dương Châu (Yangzhou Fried Rice),DISH,173.72,4.09,2.99,32.99,1.09,2.19,386.86,7aa75582-4482-4305-80f6-aa6cfccec44c,,,"Cơm chiên Dương Châu là một món ăn cổ điển của Trung Quốc với sự kết hợp đặc biệt của các loại protein bao gồm tôm, thịt gà và trứng trộn với cơm và rau thái hạt lựu. Cách chế biến theo phong cách nhà hàng này có đặc điểm là sự pha trộn thơm ngon của nước tương và dầu mè, với cơm thường được chiên trên chảo cho đến khi từng hạt tách rời và có màu vàng nhạt. Mặc dù cung cấp sự kết hợp cân bằng giữa protein và carbohydrate, món ăn thịnh soạn này có xu hướng chứa nhiều natri và calo hơn so với các món cơm thường.",75
56e64c20-6622-521e-82f4-4ea2fb155ab1,,,Bánh mì kẹp ức bò thái lát (Sliced Brisket Sandwich),DISH,270.83,18.75,13.75,14.58,1.25,2.92,416.67,7aa75582-4482-4305-80f6-aa6cfccec44c,,,"Bánh sandwich ức cắt lát là món nướng cổ điển của Texas với ức thịt bò hun khói mềm, được phục vụ trên một chiếc bánh mì mềm hoặc bánh mì nướng Texas. Thịt thường được hun khói trong 12-14 giờ cho đến khi mềm hoàn toàn, sau đó thái lát và ăn kèm với các món ăn kèm truyền thống như dưa chua, hành tây và nước sốt thịt nướng. Loại bánh sandwich thịnh soạn này cung cấp hàm lượng protein đáng kể và thể hiện hương vị đích thực của truyền thống thịt nướng Texas, với khẩu phần thường dao động từ 1/4 đến nửa pound thịt cho mỗi bánh sandwich.",75
0b57622b-ca8e-5e35-a12b-2cc5fc370689,,,Bánh mì Taboon (Taboon Bread),DISH,300.0,8.67,3.73,57.37,3.0,3.33,500.0,7aa75582-4482-4305-80f6-aa6cfccec44c,,,"Bánh mì Taboon là loại bánh mì dẹt Levantine truyền thống được nướng trong lò đất sét hoặc trên đá nóng, tạo ra bề mặt lõm và kết cấu lượn sóng đặc trưng. Loại bánh mì thịnh soạn này có sự tương phản đặc biệt giữa bên ngoài giòn và bên trong mềm xốp, với vị đậm đà tinh tế của dầu ô liu. Thường được phục vụ khi còn nóng tại các nhà hàng Trung Đông, đây là món lý tưởng để thưởng thức các món chấm như món hummus hoặc gói nhân mặn.",75
289dfb56-f373-5cab-b06e-8fc07cfefc1c,,,Bánh cuộn tempura (Tempura Roll),DISH,120.0,4.8,3.2,18.0,0.8,2.4,280.0,7aa75582-4482-4305-80f6-aa6cfccec44c,,,"Cuộn tempura là một món sushi của Nhật Bản có tôm chiên giòn được bọc trong cơm dày dạn và rong biển nori. Món bánh cuộn nhà hàng nổi tiếng này thường bao gồm các loại rau tươi như bơ và được kết thúc bằng một chút nước sốt đậu nành ngọt. Do quy trình chiên tempura và bổ sung nước sốt, nó chứa nhiều calo hơn so với chả cá sống truyền thống đồng thời mang đến sự tương phản hấp dẫn giữa kết cấu giòn và mềm.",75
69105f38-2c3d-5e84-8fea-0403bbcb641c,,,Bánh mì Zaatar (Zaatar Bread),DISH,382.0,8.4,19.13,42.6,3.33,1.33,600.0,7aa75582-4482-4305-80f6-aa6cfccec44c,,,"Bánh mì Zaatar là một loại bánh mì dẹt của Trung Đông được phủ một lớp hỗn hợp đặc biệt của các loại thảo mộc, hạt vừng và cây thù du, kết hợp với dầu ô liu. Loại bánh mì nướng này có vỏ ngoài giòn và bên trong mềm, với hỗn hợp gia vị za'atar mang đến hương vị thơm, đậm đà. Thường được phục vụ như món khai vị hoặc món ăn kèm trong các nhà hàng Trung Đông, nó mang đến sự kết hợp hài lòng giữa hương thảo dược phức hợp và kết cấu bánh mì truyền thống.",75
4301d0fb-e3d9-508c-b72d-faf52bfd9dcb,,,Bánh mì Pháp nguyên cám (Whole Wheat French Toast),DISH,188.4,8.8,4.7,28.3,2.1,8.3,272.6,7aa75582-4482-4305-80f6-aa6cfccec44c,,,"Bánh mì nướng kiểu Pháp nguyên cám là một món ăn sáng giàu chất dinh dưỡng được làm bằng cách ngâm bánh mì nguyên hạt vào hỗn hợp trứng và sữa trước khi nấu trên vỉ nướng. Sử dụng bánh mì nguyên hạt làm tăng hàm lượng chất xơ so với phiên bản truyền thống, giúp giải phóng năng lượng bền vững hơn, đồng thời lớp phủ làm từ trứng đóng góp protein. Các lớp phủ thông thường như xi-rô cây phong hoặc trái cây có thể tác động đáng kể đến hàm lượng đường tổng thể trong bữa ăn sáng phổ biến này.",75
3913ed1d-0301-5dde-8ed0-a75da6967b7d,,,Bánh mì pita falafel cay bọc (Spicy Falafel Pita Wrap),DISH,220.0,7.2,8.8,30.0,4.2,2.0,400.0,7aa75582-4482-4305-80f6-aa6cfccec44c,,,"A Falafel Pita Wrap cay là một loại bánh sandwich Trung Đông bao gồm các miếng đậu xanh chiên giòn được tẩm gia vị cay và ăn kèm với bánh mì pita ấm. Món gói chay này thường bao gồm rau tươi, đồ ngâm chua trang trí và nước sốt làm từ tahini, tạo nên một bữa ăn cân bằng cung cấp cả protein từ thực vật và chất xơ. Sự kết hợp giữa món falafel giòn, rau tươi và gia vị cay mang đến một bữa ăn đầy hương vị và no thường chứa 500-600 calo mỗi khẩu phần.",75
71a344f0-b360-5d50-b8a4-1718c16c1167,,,Súp bò đuôi (Sup Buntut),DISH,114.29,7.14,5.71,8.57,1.14,1.43,242.86,7aa75582-4482-4305-80f6-aa6cfccec44c,,,"Sup Buntut là món súp đuôi bò truyền thống của Indonesia đặc trưng bởi nước dùng đậm đà, ninh chậm và thịt mềm. Món súp kết hợp các loại gia vị thơm như nhục đậu khấu, đinh hương, quế cùng với các loại rau tươi như cà rốt, khoai tây, cần tây, tạo nên một món ăn bổ dưỡng có hàm lượng protein và collagen cao. Món súp thịnh soạn này thường được phục vụ kèm cơm trắng và các loại gia vị tùy chỉnh bao gồm tương ớt, nước tương ngọt và nước cốt chanh.",75
19335525-4777-560d-bd87-2d96a7aafe78,,,Bánh mì kẹp Kafta (Kafta Sandwich),DISH,240.0,10.0,12.08,20.0,1.58,2.5,320.0,7aa75582-4482-4305-80f6-aa6cfccec44c,,,"Kafta Sandwich là một bữa ăn bọc bánh pita của Liban có thịt xay dày dặn (thường là thịt cừu hoặc thịt bò) được tăng cường với các loại gia vị thơm của Trung Đông như thì là và ớt bột. Bánh sandwich kết hợp thịt ấm, tẩm gia vị với các loại rau tươi như cà chua, dưa chuột và rau thơm, kết thúc bằng nước sốt kem tỏi hoặc nước sốt làm từ sữa chua. Món bánh sandwich thịnh soạn này cung cấp sự kết hợp cân bằng giữa protein và carbohydrate phức hợp, đồng thời mang đến hương vị Levantine đích thực thông qua hỗn hợp gia vị đặc biệt và các thành phần tươi.",75
e43ebe77-1716-5f14-bd5c-96abcc163d6d,,,Bánh mì kẹp Sabich (Sabich Sandwich),DISH,175.6,7.6,7.2,21.2,2.0,2.8,400.0,7aa75582-4482-4305-80f6-aa6cfccec44c,,,"Sabich là món bánh sandwich truyền thống của Israel gồm có cà tím chiên, trứng luộc và rau tươi xếp trong bánh mì pita. Món ăn chay này kết hợp sốt kem hummus và sốt tahini với món salad Israel giòn, dưa chua thơm và amba (sốt xoài lên men) đặc biệt. Sự kết hợp thịnh soạn của trứng, cà tím và nhiều loại rau tạo nên một bữa ăn giàu dinh dưỡng, cung cấp sự kết hợp cân bằng giữa protein, chất béo lành mạnh và carbohydrate phức tạp.",75
cd5819ef-ab91-5f52-9c63-b07b285017fb,,,Bánh cuộn tối không chứa gluten (Gluten-Free Dinner Rolls),DISH,250.0,2.88,7.69,42.31,3.85,3.85,288.46,7aa75582-4482-4305-80f6-aa6cfccec44c,,,"Bánh cuộn không chứa gluten là loại bánh mì cuộn được chế biến đặc biệt được làm bằng các loại bột thay thế như gạo, bột sắn và tinh bột khoai tây thay vì bột mì. Những chiếc bánh cuộn chất lượng nhà hàng này được thiết kế để bắt chước những chiếc bánh cuộn truyền thống cả về hình thức lẫn kết cấu, mặc dù chúng có thể có cấu trúc vụn bánh hơi khác một chút. Họ cung cấp lựa chọn bánh mì an toàn cho những người mắc bệnh celiac hoặc nhạy cảm với gluten trong khi cung cấp hàm lượng carbohydrate tương tự như bánh cuộn thông thường.",75
f7483d9d-76ed-505e-912a-011355405b8a,,,Bánh cuộn xúc xích Boerewors (Boerewors Roll),DISH,266.81,10.08,16.81,20.17,1.26,2.52,533.61,7aa75582-4482-4305-80f6-aa6cfccec44c,,,"Boerewors Roll là một món ăn đường phố thịnh soạn của Nam Phi bao gồm xúc xích tẩm gia vị được gói trong một chiếc bánh mì mềm. Xúc xích đặc trưng được làm từ hỗn hợp gia vị gồm thịt bò, thịt lợn và thịt cừu với các loại gia vị đặc biệt bao gồm rau mùi, nhục đậu khấu và đinh hương, được nướng trên than theo kiểu truyền thống. Món bánh sandwich béo ngậy này được phục vụ đặc trưng với hành tây caramen và nước sốt cà chua, thể hiện nét đặc sắc của ẩm thực Nam Phi.",75
5b7ab44c-9089-5e6e-a2ad-df82fe661f8c,,,Bột ngô kiểu miền Nam (Southern-Style Grits),DISH,164.17,4.58,9.17,15.83,0.83,0.42,170.83,7aa75582-4482-4305-80f6-aa6cfccec44c,,,"Bột kiều mạch kiểu miền Nam là một loại cháo làm từ ngô có kem theo truyền thống được phục vụ như một món ăn bổ dưỡng trong các nhà hàng BBQ và các cơ sở ở miền Nam. Cách chế biến món ăn tại nhà hàng này thường có kết cấu đậm đà, mượt mà đạt được nhờ nấu chậm với kem hoặc sữa, thường được tăng cường với bơ và pho mát. Các phần ăn hào phóng thường được phục vụ cùng với protein trong bữa sáng hoặc làm nền cho các món ăn cổ điển như tôm và bột kiều mạch, với phiên bản nhà hàng phong phú hơn đáng kể so với các món ăn thông thường tại nhà.",75
738f8030-ab98-5299-8039-ecabfd7a0e4d,,,Bánh mì kẹp ức bò băm (Chopped Brisket Sandwich),DISH,230.77,15.38,9.62,20.38,1.15,3.08,469.23,7aa75582-4482-4305-80f6-aa6cfccec44c,,,"Bánh mì kẹp ức cắt nhỏ là món thịt nướng thịnh soạn của Texas với ức bò hun khói được cắt nhỏ và thường được phục vụ trên một chiếc bánh mì mềm với nước sốt thịt nướng. Loại bánh mì kẹp giàu protein này cung cấp khoảng 40 gam protein cho mỗi khẩu phần, với thịt mềm, có khói truyền thống được trang trí bằng nước sốt tự làm và các loại đồ phủ tùy chọn như dưa chua hoặc hành tây. Kiểu chế biến cắt nhỏ tạo ra kết cấu khác biệt rõ rệt so với ức cắt lát, giúp thịt thấm nước sốt tốt hơn trong khi vẫn giữ được vị khói đặc trưng của món thịt nướng kiểu Texas.",75
5de81214-79d9-5e4f-928c-ee0a0bfd8060,,,Bát cháo (Porridge Bowl),DISH,114.09,4.03,3.13,16.78,2.91,2.68,33.56,7aa75582-4482-4305-80f6-aa6cfccec44c,,,"Bát cháo là một món ăn sáng thịnh soạn bao gồm yến mạch ấm hoặc ướp lạnh được chế biến với sữa hoặc các sản phẩm thay thế từ thực vật và được trang trí với nhiều loại đồ ăn kèm khác nhau. Thường được phục vụ tại các quán nước trái cây và các cơ sở tập trung vào sức khỏe, những chiếc bát này được pha chế với trái cây tươi, các loại hạt, hạt và chất làm ngọt tự nhiên như mật ong hoặc xi-rô chà là. Sự kết hợp giữa yến mạch giàu chất xơ và lớp phủ giàu chất dinh dưỡng tạo ra một bữa ăn no cung cấp năng lượng bền vững và lượng protein đáng kể, đặc biệt khi được tăng cường với các chất bổ sung như bơ hạt hoặc sữa chua.",75
d4b06b42-477c-5ac0-928a-69df08978de1,,,Bánh cuộn mùa xuân mini (Mini Spring Rolls),DISH,236.67,5.83,6.67,38.33,1.67,3.33,416.67,7aa75582-4482-4305-80f6-aa6cfccec44c,,,"Chả giò mini là món khai vị dim sum vừa miệng bao gồm bánh mì giòn hoặc bột gạo bọc đầy rau cắt nhỏ. Những cuộn bánh tinh tế này được chiên giòn cho đến khi có màu vàng nâu, tạo nên lớp vỏ ngoài giòn thơm ngon miệng bên trong là phần nhân bắp cải, cà rốt và các loại rau thái nhỏ khác. Thường được phục vụ nóng với nước chấm tương gừng, chúng là món khai vị hoặc lựa chọn đĩa nhỏ phổ biến tại các nhà hàng dim sum.",75
f9b69b6d-0702-5b88-ae79-99f5e5ec6307,,,Bánh mì kẹp Bánh Mì (Bánh Mì Sandwich),DISH,176.67,7.92,5.83,21.67,1.17,2.5,372.5,7aa75582-4482-4305-80f6-aa6cfccec44c,,,"Bánh Mì là một loại bánh sandwich kết hợp giữa Việt và Pháp được phục vụ trên một chiếc bánh mì baguette giòn với nhân và kết cấu đặc biệt. Bánh sandwich thường có thịt nướng (thường là thịt lợn, thịt gà hoặc thịt bò) kết hợp với rau muối, rau thơm tươi, dưa chuột, ớt jalapeños và sốt mayonnaise hoặc nước sốt đặc biệt. Món bánh sandwich thịnh soạn này cung cấp một bữa ăn đáng kể với trung bình 450-575 calo, với sự cân bằng tốt về protein và carbohydrate, đồng thời mang đến sự kết hợp độc đáo giữa các yếu tố giòn, mềm và thơm.",75
0cf45f87-4c83-5c90-bc56-38281b59f24d,,,Bánh mì vòng tỏi (Garlic Bagel),DISH,293.23,10.53,3.01,56.39,2.26,2.26,375.94,7aa75582-4482-4305-80f6-aa6cfccec44c,,,"Bánh mì tròn tỏi là một biến thể thơm ngon của món bánh mì cuộn luộc rồi nướng truyền thống, thường được nêm bột tỏi hoặc tỏi nướng. Món bánh mì thịnh soạn này cung cấp năng lượng đáng kể nhờ hàm lượng carbohydrate cao, đồng thời cung cấp lượng protein vừa phải và tương đối ít chất béo. Kết cấu đặc, dai và hương vị tỏi rõ rệt khiến nó trở thành lựa chọn phổ biến cho bánh mì sandwich hoặc như một món ăn sáng độc lập, thường được phục vụ tươi hoặc nướng.",95
26402bd5-7e7f-5c99-a840-077bd73f5d01,,,Bánh cuộn Maki (Maki Roll),DISH,150.0,5.88,2.02,28.15,1.01,3.36,500.0,7aa75582-4482-4305-80f6-aa6cfccec44c,,,"Maki cuộn là một món sushi truyền thống của Nhật Bản, trong đó cơm trộn giấm và nhân được bọc trong một tấm nori (rong biển khô) và cắt thành từng miếng vừa ăn. Thường được phục vụ với 6-8 miếng mỗi đơn hàng, những cuộn này thường chứa cá hoặc hải sản, rau và đôi khi là bơ, tạo ra sự kết hợp cân bằng giữa protein, carbohydrate và chất béo lành mạnh. Cách chế biến cổ điển cung cấp một lựa chọn bữa ăn có lượng calo vừa phải, đặc biệt giàu protein khi làm từ cá, đồng thời cung cấp các chất dinh dưỡng có lợi từ lớp bọc nori.",75
4ad0d7be-a853-54fa-a76c-f856a7446653,,,Bánh cuộn tay lươn (Eel Hand Roll),DISH,189.19,8.11,8.11,22.97,2.03,5.41,202.7,7aa75582-4482-4305-80f6-aa6cfccec44c,,,"Món lươn cuộn cầm tay là một món sushi hình nón gồm có lươn nước ngọt nướng (unagi) bọc trong rong biển nori với cơm dày dạn và nước sốt unagi truyền thống. Tùy chọn sushi nấu chín này thường chứa 100-170 calo mỗi khẩu phần và cung cấp sự kết hợp cân bằng giữa protein, carbohydrate và chất béo lành mạnh. Món lươn tráng men có vị mặn ngọt tạo nên hương vị đặc biệt khiến món cuộn tay này trở thành lựa chọn phổ biến tại các nhà hàng sushi.",75
0e190bab-f2eb-56c7-b9a4-d9bc48ccb9be,,,Bánh mì kẹp tiêu và trứng (Pepper and Egg Sandwich),DISH,253.57,10.0,13.21,23.57,1.07,1.79,546.43,7aa75582-4482-4305-80f6-aa6cfccec44c,,,"A Pepper and Egg Sandwich là món ăn chủ yếu của cửa hàng thịt bò Ý ở Chicago với trứng bác kết hợp với ớt chuông xào và hành tây, được phục vụ trên một chiếc bánh mì nướng phụ. Lựa chọn ăn chay thịnh soạn này thường được tùy chỉnh với các chất bổ sung như pho mát provolone hoặc giardiniera cay, và bánh mì được phết một lớp dầu ô liu theo truyền thống. Bánh sandwich cung cấp một bữa ăn thịnh soạn với hàm lượng protein đáng kể, mặc dù nó có hàm lượng natri và cholesterol cao đáng kể do cách chế biến tại nhà hàng.",75
bcbcb0f1-cc3a-5e89-9859-7bf016dc88df,,,Bánh cuộn Alaska (Alaska Roll),DISH,163.93,9.02,2.87,25.82,1.23,2.05,204.92,7aa75582-4482-4305-80f6-aa6cfccec44c,,,"Alaska Roll là loại sushi phổ biến với thịt giả cua và cá hồi tươi kết hợp với kem bơ và dưa chuột giòn. Món cuộn từ trong ra ngoài này được làm bằng cơm sushi dày dặn ở bên ngoài và nori bọc bên trong. Là sự lựa chọn cân bằng tại các nhà hàng sushi, nó cung cấp sự kết hợp tốt giữa protein từ hải sản, chất béo lành mạnh từ bơ và carbohydrate phức hợp từ gạo.",75
69643bdc-15bf-50d3-8e7b-120f251c0e0a,,,Bánh quế Bỉ (Belgian Waffles),DISH,245.99,3.74,13.9,26.2,1.07,8.02,540.11,7aa75582-4482-4305-80f6-aa6cfccec44c,,,"Bánh quế của Bỉ là loại bánh ngọt dành cho bữa sáng dày, có men, đặc trưng bởi các túi sâu và lớp vỏ ngoài giòn bao quanh lớp bên trong mịn màng. Như thường được phục vụ trong các nhà hàng, những chiếc bánh quế này lớn hơn và đậm đà hơn bánh quế tiêu chuẩn, thường được phủ đường bột, bơ đánh bông và xi-rô, khiến chúng trở thành một lựa chọn bữa sáng hấp dẫn hơn. Một suất ăn tại nhà hàng, bao gồm cả các món ăn kèm tiêu chuẩn, thường chứa khoảng 450-500 calo với hàm lượng carbohydrate và chất béo đáng kể từ bột làm giàu và các món ăn kèm truyền thống.",75
659658f8-b5bd-587c-9699-aaa1ff5e9c03,,,Mì Ô long (Oolong Noodles),DISH,131.43,4.57,1.14,25.71,2.86,0.57,85.71,7aa75582-4482-4305-80f6-aa6cfccec44c,,,"Mì ô long là một món ăn kết hợp châu Á hiện đại thường được tìm thấy trong các cửa hàng trà Boba, có mì làm từ lúa mì được trộn hoặc phục vụ với nước sốt làm từ trà ô long. Những món mì đặc sản này thường mang đến sự kết hợp độc đáo giữa vị đất, hương hoa của trà Ô long với kết cấu mì truyền thống, tạo ra trải nghiệm ăn uống đặc biệt, kết nối văn hóa trà truyền thống với ẩm thực châu Á đương đại.",75
eb9b4771-2951-5978-b74e-74e5b334c0e3,,,Bánh mì bánh quy xoắn (Pretzel Bread),DISH,286.67,7.5,2.5,58.33,3.33,6.67,216.67,7aa75582-4482-4305-80f6-aa6cfccec44c,,,"Bánh mì Pretzel là một loại bánh đặc sản có đặc điểm là lớp vỏ bóng, màu nâu sẫm và kết cấu dai đặc biệt đạt được nhờ ngâm trong dung dịch kiềm trước khi nướng. Loại bánh mì lấy cảm hứng từ Đức này có phần bên trong mềm mại giống như bánh mì, tương phản với lớp vỏ bên ngoài giống bánh quy xoắn, thường được trang trí bằng muối thô. Phổ biến trong các nhà hàng và tiệm bánh, nó phục vụ như một món cơ bản thịnh soạn cho bánh mì sandwich đồng thời mang đến hương vị thỏa mãn của bánh quy xoắn truyền thống ở dạng đậm đà hơn.",75
5f5e2f9f-76b4-505a-bcd7-bbc0bb81ac98,,,Bánh mì kẹp Tripleta (Tripleta Sandwich),DISH,286.0,18.33,13.0,23.0,1.67,2.67,566.67,7aa75582-4482-4305-80f6-aa6cfccec44c,,,"Tripleta là món bánh sandwich đặc trưng của Puerto Rico gồm ba loại thịt riêng biệt: giăm bông hun khói, thịt lợn nướng và gà nướng. Món bánh sandwich thịnh soạn này thường được phục vụ trên bánh mì ép với phô mai, rau diếp và cà chua, thường được trộn với nước sốt mayo và mù tạt. Các chế phẩm truyền thống có thể bao gồm khoai tây chiên giòn hoặc khoai tây chiên giòn làm lớp phủ trên, tạo nên một bữa ăn thịnh soạn được biết đến với khẩu phần phong phú và sự kết hợp hài lòng giữa hương vị và kết cấu.",75
77cd402b-ac23-52a7-9d2b-5048d6df8f84,,,Bánh mì Pháp truyền thống (Traditional French Toast),DISH,531.25,17.5,23.75,62.5,1.88,12.5,562.5,7aa75582-4482-4305-80f6-aa6cfccec44c,,,"Bánh mì nướng kiểu Pháp truyền thống là một món ăn sáng phong phú được làm từ những lát bánh mì cắt dày nhúng vào hỗn hợp sữa trứng ngọt và nướng cho đến khi có màu vàng nâu. Các món ăn được chuẩn bị tại nhà hàng thường có các loại bánh mì cao cấp như brioche hoặc bột chua cắt dày, tạo ra một món ăn ngon hơn so với các loại bánh mì tại nhà, với lượng calo thường dao động từ 700-1000 mỗi khẩu phần. Bữa sáng thịnh soạn này theo truyền thống được phục vụ với bơ, xi-rô cây thích và đường bột, đôi khi đi kèm với quả mọng tươi hoặc nước ép trái cây.",75
2ebcd89d-b2f8-596d-a6cc-df50558f4da5,,,Bánh mì dẹt cà ri xúc xích (Currywurst Flatbread),DISH,191.37,7.19,11.51,14.75,0.9,2.16,413.67,7aa75582-4482-4305-80f6-aa6cfccec44c,,,"Currywurst Flatbread là một món ăn kết hợp tái hiện lại món Currywurst truyền thống của Đức như một bữa ăn cầm tay. Món sáng tạo thịnh soạn này có xúc xích thịt lợn thái lát và nước sốt cà chua tẩm gia vị cà ri đặc trưng được phục vụ trên bánh mì dẹt ấm. Sự kết hợp này mang lại hương vị đậm đà, đậm đà gia vị đồng thời mang đến một bữa ăn thịnh soạn cân bằng giữa xúc xích giàu protein với phần đế bánh mì dẹt mềm mại.",75
5c38ff13-26bf-5b3c-8cac-1a250cf90c6b,,,Bánh mì pita đa hạt (Multigrain Pita Bread),DISH,260.0,5.0,1.7,55.0,4.0,2.0,420.0,7aa75582-4482-4305-80f6-aa6cfccec44c,,,"Bánh mì pita nhiều hạt là loại bánh mì dẹt làm từ ngũ cốc nguyên hạt được làm từ hỗn hợp các loại ngũ cốc như lúa mì, yến mạch, lúa mạch đen, hạt lanh hoặc kê, cung cấp mật độ chất xơ và vi chất dinh dưỡng cao hơn so với bánh mì pita trắng truyền thống. Túi khí đặc trưng của nó hình thành trong quá trình nướng do sự giãn nở của hơi nước, tạo ra một chiếc bình linh hoạt để nhân hoặc nhúng. Loại bánh mì giàu chất dinh dưỡng này cung cấp năng lượng bền vững và kết hợp tốt với cả lớp phủ mặn và ngọt, hấp dẫn những người tiêu dùng quan tâm đến sức khỏe đang tìm kiếm carbohydrate phức tạp.",75
39dfc016-21da-5a6e-bdba-b896667727d1,,,Bánh mì giòn Na Uy (Knekkebrød (Crispbread)),DISH,330.0,9.0,2.0,60.0,20.0,2.5,1000.0,7aa75582-4482-4305-80f6-aa6cfccec44c,,,"Knekkebrød là một loại bánh mì giòn truyền thống của Na Uy được đặc trưng bởi kết cấu đậm đặc, giòn và thành phần giàu chất dinh dưỡng. Loại bánh mì thay thế lành mạnh này được làm chủ yếu từ bột lúa mạch đen nguyên hạt và nhiều loại hạt, bao gồm hướng dương, bí ngô và hạt lanh, tạo ra sản phẩm có hàm lượng chất xơ và protein đặc biệt cao. Tính chất khô và cứng của nó khiến nó trở thành lớp nền lý tưởng cho nhiều loại lớp phủ khác nhau, từ phô mai và phết cho đến rau tươi.",75
b6c4f53b-0521-5554-9ae7-0ddd1b6f65df,,,Arepa de Queso (Arepa de Queso),DISH,162.5,6.25,3.75,26.25,3.12,1.25,118.75,7aa75582-4482-4305-80f6-aa6cfccec44c,,,"Arepa de Queso là món bánh ngô truyền thống của Venezuela chứa đầy phô mai tan chảy. Được làm từ bột ngô nấu sẵn (masarepa) và thường nướng cho đến khi có màu nâu vàng, món ăn không chứa gluten tự nhiên này có lớp ngoài giòn và lớp bên trong mềm, chứa đầy phô mai. Món patty nhồi ấm áp thường được phục vụ như một bữa ăn thỏa mãn hoặc bữa ăn nhẹ thịnh soạn trong các nhà hàng ở Venezuela, nơi nó có thể đi kèm với các lớp phủ hoặc nhân bổ sung.",75
fdff416c-ef12-530e-aff8-8c9d599709e2,,,Bánh mì que tỏi (Garlic Breadsticks),DISH,380.0,12.0,16.0,50.0,2.0,4.0,640.0,7aa75582-4482-4305-80f6-aa6cfccec44c,,,"Bánh mì que tỏi là loại bánh mì cuộn dài, ấm áp thường được phục vụ như một món ăn kèm tại các quán salad và nhà hàng kiểu Ý. Những chiếc bánh mì que này được nướng với lớp vỏ ngoài tẩm tỏi tạo nên lớp vỏ hơi giòn trong khi vẫn giữ được phần bên trong mềm, mềm. Được làm từ bột mì đã được làm giàu và thường được phủ một lớp dầu nhẹ và pho mát Parmesan, chúng được thiết kế để dùng khi còn ấm như một món ăn kèm với món salad và các món ăn khác.",95
a1b97091-18d9-5a0f-bf87-42871d5f2e79,,,Polenta (Polenta),DISH,98.36,2.46,0.74,22.13,1.64,0.82,122.95,7aa75582-4482-4305-80f6-aa6cfccec44c,,,"Polenta là một món ăn truyền thống của Serbia (kaša) được làm từ bột ngô được nấu chín từ từ trong chất lỏng cho đến khi đạt được độ mịn như kem. Chế phẩm không chứa gluten này thường có kết cấu đậm đà, dễ chịu và thường được phục vụ như một món ăn kèm ấm áp, đôi khi được tăng cường với pho mát hoặc sữa để tăng thêm vị đậm đà. Quá trình nấu chậm biến bột ngô đơn giản thành một món ăn đa năng có thể từ mềm và giống như cháo đến cứng và cắt lát được.",75
d8b8f32e-db8a-579a-b48a-3244d7a9fe1f,,,Bánh mì kẹp Cuba (Cuban Sandwich),DISH,274.51,15.69,11.76,25.49,1.57,1.57,588.24,7aa75582-4482-4305-80f6-aa6cfccec44c,,,"Bánh sandwich Cuba là một loại bánh sandwich ép có các lớp giăm bông, thịt lợn nướng, pho mát Thụy Sĩ, dưa chua và mù tạt trên bánh mì Cuba giòn. Loại bánh sandwich thịnh soạn này được ép nóng theo cách truyền thống cho đến khi phô mai tan chảy và bên ngoài trở nên vàng và giòn, tạo nên kết cấu đặc trưng. Phổ biến ở các cửa hàng bánh sandwich và đồ ăn ngon, nó cung cấp một bữa ăn thịnh soạn với khoảng 700 calo và 35-45 gam protein, mặc dù nó có thể chứa nhiều natri do các thành phần thịt đã được xử lý.",75
c3cc9791-1f4d-52f6-ad7a-955843637505,,,Phao cola (Cola Float),DISH,120.51,1.27,5.5,16.49,0.0,14.8,46.51,7aa75582-4482-4305-80f6-aa6cfccec44c,,,"Cola Float là một loại đồ uống tráng miệng cổ điển kết hợp cola có ga với kem vani, thường được phục vụ trong ly cao tại các tiệm kem. Sự kết hợp tạo nên một thức uống dạng kem, sủi bọt khi kem tan từ từ vào soda, tạo ra lớp bọt đặc trưng. Món ăn hấp dẫn này đặc biệt chứa nhiều đường và chất béo bão hòa, chứa khoảng 300-500 calo tùy thuộc vào khẩu phần ăn.",75
89241745-3971-50ce-8907-5db3fc65db51,,,Arepa de Carne Mechada (Arepa de Carne Mechada),DISH,190.0,5.0,8.0,18.0,1.5,0.5,0.0,7aa75582-4482-4305-80f6-aa6cfccec44c,,,"Arepa de Carne Mechada là một loại bánh sandwich truyền thống của Venezuela được làm từ những miếng bột ngô nướng hoặc chiên chứa đầy thịt bò xé nhỏ. Vỏ ngoài của arepa giòn trong khi vẫn giữ được phần bên trong mềm mại, còn nhân thịt bò được nấu chậm với ớt và hành cho đến khi mềm và có hương vị. Món ăn thịnh soạn này kết hợp vị ngọt nhẹ của ngô với thịt bò thơm ngon giàu protein, tạo nên một bữa ăn thỏa mãn, đặc biệt giàu protein và carbohydrate phức hợp.",75
ad233fc8-af58-521b-a6dc-ab1efac45a13,,,Bánh mì kẹp Cubano (Cubano Sandwich),DISH,274.12,17.65,11.76,22.75,1.18,2.75,529.02,7aa75582-4482-4305-80f6-aa6cfccec44c,,,"Cubano là một loại bánh sandwich ép thịnh soạn có các lớp giăm bông, thịt lợn nướng, phô mai Thụy Sĩ, mù tạt và dưa chua trên bánh mì Cuba giòn. Món bánh sandwich cổ điển này nổi bật nhờ phương pháp chế biến, trong đó nó được ép cho đến khi bên ngoài trở nên giòn trong khi phô mai tan chảy bên trong, tạo nên sự pha trộn hài hòa giữa kết cấu và hương vị. Được phục vụ từ xe bán đồ ăn, đây thường là một bữa ăn thịnh soạn cung cấp hàm lượng protein đáng kể và cảm giác ngon miệng, mặc dù nó có thể có hàm lượng natri cao đáng kể.",75
338fc19f-73d6-5a68-8976-a71072791baa,,,Mì xào Tallarin (Tallarin Saltado),INGREDIENT,114.29,6.57,1.71,17.71,0.86,1.14,177.14,7aa75582-4482-4305-80f6-aa6cfccec44c,,,"Tallarin Saltado là món ăn kết hợp đặc trưng của Peru-Trung Quốc gồm mì xào với thịt gà, rau tươi và nước sốt thơm ngon làm từ đậu nành. Món ăn nhà hàng nổi tiếng này kết hợp mì kiểu spaghetti với ớt chuông, hành tây và cà chua đầy màu sắc, tất cả đều được nấu chín nhanh chóng bằng kỹ thuật chảo Trung Quốc. Kết quả là sự pha trộn hương vị giữa kết cấu và mùi vị tiêu biểu cho ẩm thực Chifa độc đáo của Peru, nơi các nguyên liệu Nam Mỹ đáp ứng các phương pháp nấu ăn của người châu Á.",75
b6f8abc9-9cb8-53c2-99bb-6993d6261a77,,,Bánh quế bơ sữa (Buttermilk Waffles),DISH,314.74,7.37,17.37,32.32,1.58,5.26,368.42,7aa75582-4482-4305-80f6-aa6cfccec44c,,,"Bánh quế bơ sữa kiểu nhà hàng là loại bánh ngọt ăn sáng mới được chế biến có đặc điểm là bên ngoài giòn, màu nâu vàng và bên trong nhẹ nhàng, mềm mại. Những loại bánh quế giàu dinh dưỡng từ sữa này thường chứa nhiều chất béo và calo hơn so với các loại bánh đông lạnh, do các thành phần như bơ thật và sữa bơ nuôi cấy tạo ra hương vị và kết cấu đặc biệt của chúng. Theo truyền thống được phục vụ nóng với bơ và xi-rô cây phong, những chiếc bánh quế này là nền tảng của thực đơn bữa sáng và bữa nửa buổi kiểu Mỹ.",75
1f3689cd-bd22-5b15-bbb5-1ea23ef7ff22,,,Bánh mì kẹp sáng waffle (Breakfast Waffle Sandwich),DISH,317.24,13.79,19.31,24.14,1.72,10.34,689.66,7aa75582-4482-4305-80f6-aa6cfccec44c,,,"A Breakfast Waffle Sandwich là một bữa ăn sáng thịnh soạn sử dụng bánh quế kiểu Bỉ thay cho bánh mì để tạo ra một chiếc bánh sandwich béo ngậy. Cách chế biến cổ điển bao gồm bánh quế mới làm chứa đầy trứng, xúc xích ăn sáng và pho mát tan chảy, mang đến sự kết hợp phong phú giữa protein và carbohydrate. Tùy chọn bữa sáng đầy đủ này thường cung cấp 450-500 calo mỗi khẩu phần với sự kết hợp cân bằng giữa các chất dinh dưỡng đa lượng, khiến nó trở thành sự lựa chọn thỏa mãn cho một bữa ăn sáng đầy đủ.",75
