id,created_at,updated_at,name,type,calories_per_100g,protein_per_100g,fat_per_100g,carbs_per_100g,fiber_per_100g,sugar_per_100g,sodium_mg_per_100g,category_id,default_serving_id,image_url,description,health_score
e06938a0-80e5-5db3-9a03-3dc4534723ff,,,Mì Spaghetti (Spaghetti),INGREDIENT,367.0,13.5,2.16,71.7,4.2,1.3,2.0,0852d9bc-2e45-4277-87e8-4e9497c6f0d4,,,"Spaghetti là một loại mì ống cổ điển của Ý được làm từ bột báng lúa mì cứng, đặc trưng bởi hình dạng hình trụ dài và mỏng (bắt nguồn từ từ tiếng Ý có nghĩa là 'những sợi dây nhỏ'). Dạng mì ống khô này trở nên cứng nhưng mềm khi nấu chín vừa phải, một phương pháp chế biến giúp giảm bớt tác động về đường huyết so với mì nấu chín mềm hơn. Hàm lượng gluten cao đảm bảo tính toàn vẹn về cấu trúc trong quá trình đun sôi, khiến nó trở nên lý tưởng để kết hợp với cả nước sốt làm từ dầu ô liu nhẹ và cà chua hoặc ragus thịt thịnh soạn.",75
73ad43c9-c0f4-51d7-8681-40a31c744763,,,"Mì Spaghetti, nấu chín (Spaghetti, Cooked)",DISH,157.0,5.8,0.93,30.59,1.8,0.56,131.0,0852d9bc-2e45-4277-87e8-4e9497c6f0d4,,,"Spaghetti là một loại mì ống dài, mỏng, mềm nhưng chắc (al dente) khi được nấu đúng cách. Được làm từ bột báng lúa mì cứng, món ăn chủ yếu của Ý này cung cấp carbohydrate phức hợp để duy trì năng lượng trong khi ít chất béo tự nhiên và chứa gluten. Spaghetti nấu chín dùng làm cơ sở linh hoạt cho các loại nước sốt, từ cà chua marinara làm từ cà chua đến kem Alfredo, với các loại ngũ cốc nguyên hạt cung cấp hàm lượng chất xơ cao hơn so với các phiên bản bột tinh chế truyền thống.",75
011677df-b7c0-5cd9-b265-3fb24bca459a,,,Mì Penne (Penne),INGREDIENT,352.0,12.4,1.9,71.3,2.7,2.0,0.0,0852d9bc-2e45-4277-87e8-4e9497c6f0d4,,,"Penne là một loại mì ống hình trụ có đặc điểm là dạng ống với các đầu được cắt theo đường chéo, được đặt tên theo từ tiếng Ý có nghĩa là 'lông vũ' do hình dạng giống như lông vũ. Phiên bản có gờ (penne rigate) giữ nước sốt đặc biệt tốt, lý tưởng cho các món nướng và nước sốt đặc làm từ kem hoặc cà chua. Là một loại mì ống khô, nó chủ yếu cung cấp carbohydrate phức tạp với hàm lượng chất béo tối thiểu, mặc dù các loại lúa mì nguyên hạt cung cấp nhiều chất xơ và chất dinh dưỡng hơn.",75
9e8acd64-403b-55cf-8051-d539548bc741,,,"Mì Macaroni, nấu chín (Macaroni, Cooked)",DISH,158.0,5.8,0.93,30.86,1.2,0.56,1.0,0852d9bc-2e45-4277-87e8-4e9497c6f0d4,,,"Macaroni là một loại mì ống hình ống truyền thống được làm từ lúa mì cứng, thường mềm nhưng hơi dai sau khi luộc. Là một món ăn chủ yếu giàu carbohydrate, nó cung cấp năng lượng nhanh chóng và kết hợp tốt với nước sốt, pho mát hoặc protein trong các món ăn như mì ống và pho mát hoặc salad mì ống. Trong khi các phiên bản tiêu chuẩn có chứa gluten, các lựa chọn thay thế lúa mì nguyên hạt cung cấp thêm chất xơ cho những người đang tìm kiếm carbohydrate phức tạp.",75
e74671c7-d67c-53da-8803-a62617d23c4f,,,Mì Macaroni (Macaroni),INGREDIENT,376.0,13.8,2.21,73.4,2.85,1.33,2.38,0852d9bc-2e45-4277-87e8-4e9497c6f0d4,,,"Macaroni là một loại mì khô truyền thống có đặc điểm là hình ống ngắn, cong và màu vàng từ bột báng lúa mì cứng. Ở dạng giàu dinh dưỡng, nó có chứa thêm sắt và vitamin B (thiamine, riboflavin, niacin và axit folic) để phục hồi các chất dinh dưỡng bị mất trong quá trình xay xát. Khi đun sôi đến mức al dente, loại mì ống đa năng này có kết cấu chắc nhưng mềm, dùng làm nền tảng chính cho các món nướng, nước sốt kem và các chế phẩm cổ điển như mì ống và phô mai.",75
e82246cd-913c-57de-aec5-dde5d9df2748,,,Mì với sốt cà chua và thịt (Pasta with Tomato Sauce and Meat),DISH,129.0,7.93,5.12,13.07,3.0,2.5,250.0,0852d9bc-2e45-4277-87e8-4e9497c6f0d4,,,"Pasta với sốt cà chua và thịt là một món ăn cổ điển lấy cảm hứng từ Ý kết hợp mì ống al dente với nước sốt thơm ngon làm từ cà chua và thịt nấu chín giàu protein (thường là thịt bò xay, thịt lợn hoặc thịt gia cầm). Nước sốt cà chua cung cấp lycopene và vitamin C, trong khi thịt cung cấp protein hoàn chỉnh và chất sắt sinh học. Bữa ăn cân bằng này cung cấp carbohydrate phức tạp từ mì ống, protein nạc từ thịt và chất béo có lợi cho tim khi chế biến với dầu ô liu, với các biến thể thường bao gồm tỏi, húng quế hoặc Parmesan để tạo hương vị nhiều lớp.",80
018df77f-f8e8-52f6-86d5-98c724650c4c,,,Mì tóc thiên thần lúa mì nguyên cám (Whole Wheat Angel Hair Pasta),INGREDIENT,348.0,14.63,1.4,75.03,8.9,2.0,7.0,0852d9bc-2e45-4277-87e8-4e9497c6f0d4,,,"Pasta tóc thiên thần làm từ lúa mì nguyên cám là loại mì mỏng, tinh tế được làm từ 100% bột mì nguyên cám, giữ lại cám và mầm để có hàm lượng chất xơ cao hơn. Món thay thế bổ dưỡng này cho mì ống tinh chế truyền thống mang đến hương vị hấp dẫn và nấu chỉ trong 3-5 phút, kết hợp hoàn hảo với nước sốt nhẹ làm từ dầu ô liu hoặc rau tươi. Carbohydrate phức hợp của nó cung cấp khả năng giải phóng năng lượng bền vững đồng thời cung cấp 5-7 gam chất xơ mỗi khẩu phần, khiến nó đặc biệt thích hợp để duy trì lượng đường trong máu ổn định.",75
c3184c69-4f2b-5776-bb0b-57598caccc0b,,,Mì Lasagna (Lasagna),DISH,174.0,10.1,8.3,14.6,1.3,2.92,282.0,0852d9bc-2e45-4277-87e8-4e9497c6f0d4,,,"Lasagna là một món mì ống nướng cổ điển của Ý bao gồm các lớp mì phẳng, rộng xen kẽ, phô mai (thường là ricotta, mozzarella và Parmesan) và các loại nhân mặn như ragù thịt hoặc rau. Món thịt hầm thịnh soạn này lấy được lượng protein đáng kể từ các thành phần thịt và phô mai, được cân bằng bởi carbohydrate từ mì ống và cà chua. Các biến thể hiện đại thường kết hợp các lớp thực vật hoặc các sản phẩm thay thế từ thực vật để tăng hàm lượng chất xơ trong khi vẫn duy trì đặc tính dễ chịu, phong phú đặc trưng của nó.",75
5b84bd31-4c0e-588a-b722-937c42163dae,,,Mì nguyên hạt với sốt cà chua và rau củ (Whole Grain Pasta with Tomato Sauce and Vegetables),INGREDIENT,112.0,3.7,3.3,18.5,2.8,4.0,300.0,0852d9bc-2e45-4277-87e8-4e9497c6f0d4,,,"Mì ống nguyên hạt với sốt cà chua và rau là một bữa ăn giàu dinh dưỡng kết hợp carbohydrate phức tạp với các vitamin và chất chống oxy hóa có nguồn gốc thực vật. Mì ống làm từ lúa mì nguyên hạt cung cấp nhiều chất xơ và khoáng chất hơn so với các phiên bản tinh chế, trong khi nước sốt cà chua cung cấp lycopene và vitamin C. Các loại rau hỗn hợp như bí xanh, rau bina và ớt chuông giúp thay đổi kết cấu và đa dạng vi chất dinh dưỡng, khiến món ăn này trở thành một lựa chọn cân bằng giúp duy trì mức năng lượng lâu hơn các bữa ăn mì ống thông thường.",95
f6998914-5e9a-53dd-97d0-f99afeb7ec3f,,,"Mì Tortellini phô mai, nấu chín (Cheese Tortellini, Cooked)",DISH,236.0,10.38,5.56,36.15,2.5,1.5,350.0,0852d9bc-2e45-4277-87e8-4e9497c6f0d4,,,"Bánh tortellini phô mai là một loại mì ống nhồi hình chiếc nhẫn có nguồn gốc từ vùng Emilia-Romagna của Ý, có lớp bột làm từ lúa mì mềm bọc bên ngoài nhân kem ricotta hoặc Parmesan. Món mì nấu chín này cung cấp các chất dinh dưỡng đa lượng cân bằng, với carbohydrate từ bột báng và protein cùng với chất béo từ lõi phô mai. Thường được phục vụ trong nước dùng hoặc với nước sốt cà chua/kem, hình dạng nhỏ gọn và phần nhân đậm đà khiến món mì này chứa nhiều calo hơn nhiều loại mì ống không nhồi.",75
65c44453-a905-54ae-8d13-497bb5333ad8,,,Mì Ravioli thịt (Meat Ravioli),DISH,97.0,2.5,1.5,14.0,1.3,2.5,306.0,0852d9bc-2e45-4277-87e8-4e9497c6f0d4,,,"Meat Ravioli là món bánh bao mì Ý có nhân thơm ngon gồm các loại thịt xay được tẩm gia vị như thịt bò, thịt lợn hoặc thịt bê, thường được trộn với các loại thảo mộc và phô mai. Món ăn giàu protein này cung cấp sự cân bằng carbohydrate từ bột mì ống và chất béo bão hòa tùy thuộc vào hỗn hợp thịt, mang đến một bữa ăn thịnh soạn khi luộc và kết hợp với nước sốt marinara hoặc kem. Các phiên bản truyền thống sử dụng mì ống mỏng làm từ lúa mì, khiến chúng không phù hợp với chế độ ăn không có gluten hoặc ăn chay.",80
db41597a-5c10-5b64-8bf6-85cd75c4e811,,,"Mì Udon, nấu chín (Udon Noodles, Cooked)",DISH,105.0,3.0,0.2,23.0,1.5,0.5,60.0,0852d9bc-2e45-4277-87e8-4e9497c6f0d4,,,"Mì udon là loại mì dày, dai của Nhật Bản, đặc trưng bởi kết cấu mềm nhưng dẻo dai và hương vị trung tính, dễ hấp thụ nước dùng và nước sốt. Là món ăn chủ yếu trong ẩm thực Nhật Bản, chúng thường được phục vụ trong các món súp nóng như udon nabeyaki hoặc các món xào, cung cấp nguồn thực phẩm giàu carbohydrate với lượng protein vừa phải và tối thiểu chất béo. Trong khi các lựa chọn thay thế không chứa gluten tồn tại, udon truyền thống có chứa bột mì, khiến nó không phù hợp với chế độ ăn nhạy cảm với gluten.",75
cb2b9f8c-db52-53d8-b022-50470ef40f60,,,Mì Tortellini lúa mì nguyên cám (Whole Wheat Tortellini),INGREDIENT,350.0,13.0,9.0,53.0,7.0,2.0,450.0,0852d9bc-2e45-4277-87e8-4e9497c6f0d4,,,"Tortellini làm từ lúa mì nguyên hạt là một loại mì ống nhồi hình tròn được làm bằng bột ngũ cốc nguyên hạt đậm đặc chất dinh dưỡng, cung cấp nhiều chất xơ và carbohydrate phức tạp hơn các phiên bản bột tinh chế truyền thống. Những túi hình rốn này thường chứa các loại nhân như phô mai, rau bina hoặc thịt dày dạn và cần đun sôi cho đến khi chín mềm để có kết cấu tối ưu. Thành phần lúa mì nguyên hạt mang lại hương vị hấp dẫn hơn trong khi vẫn duy trì tính linh hoạt cổ điển của mì ống trong súp, salad và các món sốt.",75
86901d02-9f38-5a9a-9a0c-e0dff0840aff,,,Mì không chứa gluten (Gluten-Free Pasta),INGREDIENT,357.0,7.46,2.08,79.3,11.0,0.0,3.0,0852d9bc-2e45-4277-87e8-4e9497c6f0d4,,,"Mì ống không chứa gluten là một loại mì thay thế không chứa lúa mì cho mì ống truyền thống, thường được làm từ các nguyên liệu như bột gạo, ngô, quinoa hoặc các loại đậu như đậu lăng và đậu xanh. Kết cấu của nó dao động từ hơi dai đến mềm tùy thuộc vào thành phần cơ bản, đòi hỏi phải nấu chính xác để duy trì cấu trúc. Nhiều loại cung cấp hàm lượng protein hoặc chất xơ tăng cường so với mì ống làm từ lúa mì, khiến nó trở nên cần thiết đối với những người mắc bệnh celiac hoặc không dung nạp gluten đồng thời thu hút những người dùng quan tâm đến sức khỏe.",75
9f715418-e0f8-5316-9777-2acb515adf75,,,Salad mì ống (Pasta Salad),DISH,270.0,5.0,15.0,28.0,2.5,3.0,350.0,0852d9bc-2e45-4277-87e8-4e9497c6f0d4,,,"Salad mì ống là một món ăn ướp lạnh kết hợp mì ống nấu chín với rau sống hoặc rau nướng, protein như pho mát hoặc thịt nguội và nước sốt dày dặn như dầu giấm hoặc sốt mayonnaise. Chế phẩm linh hoạt này đóng vai trò như một món ăn dã ngoại và potluck phổ biến, cung cấp lượng carb đậm đặc có thể thích ứng với chế độ ăn không có gluten, ăn chay hoặc giàu protein tùy thuộc vào lựa chọn thành phần. Thành phần dinh dưỡng của món ăn rất khác nhau nhưng thường cân bằng lượng carbohydrate phức tạp từ mì ống với chất béo từ nước sốt và chất xơ từ rau trộn.",95
3bc3ad9f-93b1-5b79-872b-182d1835a58b,,,"Mì với sốt kem và thịt, nấu chín (Pasta with Cream Sauce and Meat, Cooked)",DISH,211.0,5.9,14.1,15.1,0.9,0.6,300.0,0852d9bc-2e45-4277-87e8-4e9497c6f0d4,,,"Pasta với sốt kem và thịt là món ăn được chế biến sẵn kết hợp mì ống nấu chín với nước sốt đậm đà làm từ sữa và thịt giàu protein. Nước sốt kem, thường được làm từ bơ, kem đặc và phô mai, chứa nhiều chất béo bão hòa và calo, trong khi các loại thịt như thịt gà, thịt bò hoặc thịt lợn bổ sung thêm protein hoàn chỉnh. Thành phần dinh dưỡng của bữa ăn thịnh soạn này thay đổi đáng kể dựa trên loại mì ống, lựa chọn thịt và độ dày của nước sốt, đòi hỏi phải chú ý đến khẩu phần ăn để theo dõi lượng gluten, lactose hoặc lượng calo.",80
72fc4650-4b1a-5bc2-a428-0f0f22cffd0a,,,"Mì cà chua húng quế, nấu chín (Tomato Basil Pasta, Cooked)",DISH,162.0,5.9,4.7,27.5,2.5,4.0,300.0,0852d9bc-2e45-4277-87e8-4e9497c6f0d4,,,"Tomato Basil Pasta là món ăn lấy cảm hứng từ Địa Trung Hải gồm mì ống nấu chín trộn với cà chua tươi, húng quế và dầu ô liu. Bữa ăn cân bằng này cung cấp carbohydrate phức hợp từ mì ống, vitamin C và chất chống oxy hóa từ cà chua cũng như chất béo không bão hòa đơn có lợi cho tim từ dầu ô liu. Húng quế tươi mang lại chất lượng thơm, tươi sáng, trong khi các biến thể phổ biến có thể bao gồm tỏi, phô mai Parmesan hoặc các loại protein bổ sung như gà nướng hoặc các loại đậu để điều chỉnh dinh dưỡng.",75
c757853e-6a5d-565c-9a3c-018c24ba3276,,,Mì nấu với sốt cà chua và rau củ (Cooked Pasta with Tomato Sauce and Vegetables),DISH,43.0,2.2,0.4,9.0,1.5,4.0,150.0,0852d9bc-2e45-4277-87e8-4e9497c6f0d4,,,"Pasta nấu với sốt cà chua và rau là một bữa ăn cân bằng kết hợp mì ống al dente với nền cà chua dày dặn và các loại rau xào. Nước sốt cà chua cung cấp lycopene—một chất chống oxy hóa mạnh—và vitamin C, trong khi hỗn hợp rau củ bổ sung chất xơ và vi chất dinh dưỡng thay đổi tùy theo lựa chọn nguyên liệu theo mùa. Món ăn có khả năng thích ứng này thường đóng vai trò là nền tảng cho việc bổ sung protein và có thể được sửa đổi cho chế độ ăn không có gluten hoặc thuần chay thông qua việc thay thế mì ống và bỏ pho mát.",95
60360a95-8e8a-5878-b572-8776387daa44,,,Mì Tortellini nấm (Mushroom Tortellini),INGREDIENT,460.0,16.0,10.7,75.0,3.6,2.0,250.0,0852d9bc-2e45-4277-87e8-4e9497c6f0d4,,,"Tortellini nấm là một loại mì ống nhồi hình chiếc nhẫn có nhân nấm thái nhỏ thơm ngon, thường được trộn với các loại pho mát như ricotta hoặc Parmesan. Phiên bản khô, ổn định này cần phải đun sôi cho đến khi mì ống đạt được kết cấu vừa phải và nhân trở nên mềm. So với tortellini nhân thịt, nó thường có hàm lượng chất béo thấp hơn với vị umami đậm đà, khiến nó trở thành một lựa chọn ăn chay linh hoạt cho các món súp, nước sốt kem hoặc các món ăn nhẹ làm từ dầu ô liu.",95
87ff915c-9df3-5244-a819-0939b66c1478,,,Mì Tortellini rau bina (Spinach Tortellini),INGREDIENT,210.0,8.0,6.0,32.0,2.5,2.0,500.0,0852d9bc-2e45-4277-87e8-4e9497c6f0d4,,,"Tortellini rau bina là một loại mì ống giàu dinh dưỡng có các túi bột nhỏ hình vòng được nhồi với hỗn hợp rau bina và phô mai, điển hình là ricotta hoặc Parmesan. Bột mì ống được bổ sung sắt và vitamin B, trong khi phần nhân cung cấp các chất dinh dưỡng có nguồn gốc thực vật như vitamin A và chất xơ cùng với protein có nguồn gốc từ sữa. Món đặc sản Ý này nấu trong vài phút khi đun sôi và dùng làm nguyên liệu linh hoạt cho nước dùng, sốt kem hoặc nước sốt dầu ô liu nhẹ, cân bằng carbohydrate với hàm lượng protein vừa phải.",95
c3f97ee7-2348-54e4-b395-b278766ae4e7,,,Mì Fettuccine không chứa gluten (Gluten-Free Fettuccine),INGREDIENT,347.0,7.6,1.8,77.6,2.3,1.0,28.0,0852d9bc-2e45-4277-87e8-4e9497c6f0d4,,,"Fettuccine không chứa gluten là một loại thay thế không chứa lúa mì cho mì ống truyền thống, thường được làm từ bột gạo, ngô, quinoa hoặc bột đậu. Những sợi mì dài, dẹt này được thiết kế để mô phỏng kết cấu và hình thức của fettuccine thông thường đồng thời an toàn cho những người mắc bệnh celiac hoặc nhạy cảm với gluten. Mì ống thường đòi hỏi phải chú ý cẩn thận đến thời gian nấu để đạt được kết cấu al dente lý tưởng, vì các loại mì ống không chứa gluten có thể trở nên mềm nhanh hơn mì ống làm từ lúa mì.",75
284f5209-2560-5dff-a4c0-e8a039ad56d5,,,Mì với sốt Alfredo (Pasta with Alfredo Sauce),DISH,158.0,4.7,8.6,15.4,1.8,2.5,400.0,0852d9bc-2e45-4277-87e8-4e9497c6f0d4,,,"Pasta với sốt Alfredo là một món ăn đậm đà của người Mỹ gốc Ý có kem nhũ tương bơ, phô mai Parmesan và thường là kem đặc, theo truyền thống được phục vụ với sợi mì dài và dẹt như fettuccine. Kết cấu mượt mà và hương vị hấp dẫn của nước sốt bắt nguồn từ hàm lượng chất béo bão hòa cao, khiến nước sốt có hàm lượng calo đậm đặc so với nước sốt mì ống làm từ cà chua hoặc dầu. Trong khi các chế phẩm cổ điển nhấn mạnh đến sự đơn giản, các biến thể hiện đại có thể kết hợp tỏi, thảo mộc hoặc protein, nhưng tất cả các phiên bản vẫn nổi bật về hàm lượng lactose và sự phù hợp với nhu cầu ăn kiêng giàu năng lượng.",75
86009893-a20e-504e-8590-9002665394b8,,,Mì Penne không chứa gluten (Gluten-Free Penne),INGREDIENT,405.0,8.66,3.4,86.65,4.0,0.0,7.0,0852d9bc-2e45-4277-87e8-4e9497c6f0d4,,,"Penne không chứa gluten là một loại mì ống thay thế không chứa lúa mì được tạo hình theo kiểu truyền thống thành các ống ngắn, thường được làm từ hỗn hợp bột gạo, ngô hoặc bột đậu. Loại mì ống này duy trì kết cấu al dente cổ điển khi được nấu chín đúng cách, mặc dù nó yêu cầu thời gian chính xác để tránh nấu quá chín do thành phần làm từ ngũ cốc. Là một lựa chọn an toàn cho bệnh celiac, nó cung cấp nền tảng trung tính cho nước sốt và các món nướng đồng thời cung cấp hàm lượng carbohydrate tương đương với mì ống làm từ lúa mì, thường có thêm chất xơ từ các loại bột thay thế.",75
da963239-f36e-5888-9139-90bc0720a3ae,,,Mì hương vị rau bina (Spinach-Flavored Pasta),INGREDIENT,382.0,14.61,4.55,70.32,2.8,2.7,72.0,0852d9bc-2e45-4277-87e8-4e9497c6f0d4,,,"Pasta có hương vị rau bina là một loại mì ống khô tăng cường rau được làm bằng cách kết hợp bột rau bina hoặc rau bina đã khử nước vào bột, tạo cho nó một màu xanh lá cây rực rỡ và hương vị đất tinh tế. Biến thể này vẫn giữ được kết cấu và đặc tính nấu của mì ống truyền thống đồng thời cung cấp thêm các chất dinh dưỡng như sắt, vitamin A và chất xơ từ rau bina. Nó phục vụ như một lớp nền linh hoạt cho các loại nước sốt và các món ăn đòi hỏi cả sự hấp dẫn về mặt thị giác và sự kết hợp rau củ một cách kín đáo.",95
01f9d247-f255-57cb-a75b-a9f1a5a533d2,,,Mì Ravioli rau bina (Spinach Ravioli),INGREDIENT,240.0,10.0,6.0,38.0,3.0,2.0,380.0,0852d9bc-2e45-4277-87e8-4e9497c6f0d4,,,"Ravioli rau bina là một loại mì ống truyền thống của Ý có các túi bột lúa mì cứng hình vuông chứa đầy hỗn hợp rau bina và phô mai ricotta. Món mì nhồi này cân bằng hương vị đất của rau củ với vị béo ngậy của kem sữa, cung cấp nhiều chất sắt, vitamin C và chất xơ hơn các loại chỉ có phô mai, đồng thời cung cấp protein và canxi từ nhân. Thường được luộc và ăn kèm với nước sốt làm từ cà chua hoặc bơ nâu, hầu hết các phiên bản thương mại đều chứa gluten và sữa, cần phải sửa đổi chế độ ăn thuần chay hoặc không có gluten.",95
efccde22-ce6d-5bfd-a3e1-dae3726c6daf,,,Mì Lasagna thịt (Meat Lasagna),DISH,183.0,10.7,9.8,12.6,1.5,3.23,343.0,0852d9bc-2e45-4277-87e8-4e9497c6f0d4,,,"lasagna thịt là một món mì ống nướng truyền thống của Ý được chế biến với các lớp mì dẹt xen kẽ, thịt xay dày dặn (thường là thịt bò hoặc thịt lợn), sốt cà chua và các loại pho mát như ricotta và mozzarella. Món thịt hầm thịnh soạn này cung cấp lượng protein đáng kể từ cả nguồn thịt và sữa, được cân bằng với carbohydrate phức tạp từ mì ống và các thành phần cà chua giàu lycopene. Mặc dù giàu dinh dưỡng nhưng khẩu phần tiêu chuẩn thường chứa nhiều calo và natri do hàm lượng phô mai và phương pháp chế biến, khiến việc kiểm soát khẩu phần trở nên quan trọng đối với chế độ ăn kiêng có ý thức về calo.",80
2ef892c3-2bfc-514d-bbfa-7e45ccbd094d,,,Bộ bữa ăn Spaghetti Bolognese (Spaghetti Bolognese Meal Kit),DISH,119.0,7.0,4.0,14.0,1.3,2.2,250.0,0852d9bc-2e45-4277-87e8-4e9497c6f0d4,,,"Bộ bữa ăn Spaghetti Bolognese là một giải pháp nấu ăn được chia theo khẩu phần bao gồm mì ống khô và nước sốt thịt chế biến sẵn được thiết kế để đơn giản hóa việc chuẩn bị bữa ăn. Món ăn cổ điển lấy cảm hứng từ Ý tập trung vào nước sốt cà chua nấu chậm với thịt bò xay dày dặn, thường kết hợp với mì spaghetti al dente để cân bằng carbohydrate và protein. Những bộ dụng cụ này ưu tiên sự tiện lợi trong khi vẫn giữ được hương vị đích thực, mặc dù nước sốt làm sẵn có thể chứa hàm lượng natri cao hơn so với phiên bản tự làm. Nhiều bộ dụng cụ bao gồm các đồ trang trí tùy chọn như phô mai Parmesan, có thể tùy chỉnh trong khi yêu cầu kỹ năng nấu nướng cơ bản trên bếp.",75
a71bd300-cec7-5338-bfbc-d3be91168901,,,Mì Spaghetti không chứa gluten (Gluten-Free Spaghetti),INGREDIENT,350.0,7.0,2.0,76.0,3.1,0.3,1.2,0852d9bc-2e45-4277-87e8-4e9497c6f0d4,,,"Spaghetti không chứa gluten là một loại mì ống thay thế không chứa lúa mì được làm từ các nguyên liệu như bột gạo, bột ngô hoặc bột đậu để tái tạo hình dạng và kết cấu của spaghetti thông thường. Loại mì này duy trì kết cấu chắc nhưng hơi sần sùi hơn khi nấu chín so với các loại làm từ lúa mì, đồng thời cung cấp lựa chọn an toàn cho những người mắc bệnh celiac hoặc nhạy cảm với gluten. Nhiều giống thương mại được chứng nhận không chứa gluten để đảm bảo không bị lây nhiễm chéo và thường kết hợp các loại bột giàu protein như đậu xanh hoặc đậu lăng để nâng cao giá trị dinh dưỡng.",75
54871f58-d098-5161-b2ac-b0d183b2ae03,,,Salad mì ống cá ngừ (Tuna Pasta Salad),DISH,240.0,11.0,2.5,43.0,3.0,2.0,135.0,0852d9bc-2e45-4277-87e8-4e9497c6f0d4,,,"Salad mì ống cá ngừ là một món ăn ướp lạnh kết hợp mì ống nấu chín với cá ngừ bào, các loại rau củ giòn như cần tây và hành tây, cùng sốt kem mayonnaise hoặc sốt dầu giấm nhẹ. Bữa ăn giàu protein này cung cấp đáng kể axit béo omega-3 từ cá ngừ đồng thời cung cấp các chất dinh dưỡng đa lượng cân bằng từ mì ống và rau củ. Phổ biến để chuẩn bị bữa ăn và dã ngoại, nó có thể được điều chỉnh cho phù hợp với chế độ ăn ít calo hơn bằng cách thay thế sữa chua Hy Lạp bằng sốt mayonnaise hoặc sử dụng mì ống nguyên hạt.",88
ca5d03be-5ac2-53a6-8900-dc3b40a33d31,,,Mì Rotini không chứa gluten (Gluten-Free Rotini),INGREDIENT,357.0,7.0,2.0,79.0,2.0,2.0,0.0,0852d9bc-2e45-4277-87e8-4e9497c6f0d4,,,"Rotini không chứa gluten là một loại mì ống hình xoắn ốc được làm từ các loại ngũ cốc thay thế như gạo, ngô hoặc quinoa để phù hợp với chế độ ăn nhạy cảm với gluten. Loại mì khô này vẫn giữ được kết cấu chắc, hơi dai khi nấu chín đúng cách và thường nấu nhanh hơn so với loại rotini làm từ lúa mì truyền thống. Hương vị trung tính và độ xoắn đặc trưng của nó khiến nó trở nên lý tưởng để hấp thụ nước sốt, trong khi hỗn hợp ngũ cốc của nó thường cung cấp hàm lượng chất xơ cao hơn so với mì ống làm từ lúa mì tinh chế.",75
5fc63bff-e541-50e8-b8a3-f73a322dbbb9,,,Mì Ravioli nấm (Mushroom Ravioli),DISH,260.0,11.0,10.0,36.0,3.0,2.0,420.0,0852d9bc-2e45-4277-87e8-4e9497c6f0d4,,,"Ravioli nấm là một loại mì ống nhồi của Ý có nhân thơm ngon là nấm thái nhỏ trộn với các loại pho mát như ricotta hoặc Parmesan. Món ăn thân thiện với người ăn chay này mang đến hương vị umami đất khác biệt với các loại nhân thịt, cung cấp lượng protein vừa phải và chất xơ cao hơn từ lõi nấm của nó. Các túi mì ống mềm thường được luộc hoặc áp chảo và kết hợp với nước sốt kem hoặc dầu ngâm thảo mộc, mặc dù các phiên bản thuần chay có thể thay thế các thành phần từ sữa bằng các thành phần thay thế từ thực vật.",95
c5f5daff-41ed-5323-ab6f-49ea03b9350a,,,Mì Macaroni không chứa gluten (Gluten-Free Macaroni),INGREDIENT,357.0,7.46,2.08,79.3,11.0,2.0,3.0,0852d9bc-2e45-4277-87e8-4e9497c6f0d4,,,"Mỳ ống không chứa gluten là một loại mì thay thế được chế biến từ các loại bột không phải lúa mì như gạo, ngô hoặc các loại đậu để phù hợp với chế độ ăn nhạy cảm với gluten. Loại mì ống khô này thường duy trì hình dạng ống cổ điển của mì ống truyền thống nhưng cần nấu cẩn thận để tránh nấu quá chín do kết cấu mỏng hơn một chút. Mặc dù về mặt dinh dưỡng, carbohydrate tương tự như mì ống làm từ lúa mì, nhưng nhiều loại cung cấp thêm protein hoặc chất xơ tùy thuộc vào thành phần cơ bản của chúng, khiến chúng phù hợp với cả nhu cầu ăn kiêng và y tế.",75
a9e8a6f1-a3d4-5708-894c-eaea2017c573,,,Mì Orzo lúa mì nguyên cám (Whole Wheat Orzo),INGREDIENT,357.0,10.7,3.5,71.4,11.0,1.5,10.0,0852d9bc-2e45-4277-87e8-4e9497c6f0d4,,,"Orzo lúa mì nguyên cám là một loại mì ống giàu dinh dưỡng được tạo hình thành những hạt nhỏ giống như gạo, được chế biến từ 100% bột mì nguyên hạt để giữ lại cám và mầm. Sự thay thế thịnh soạn này cho orzo truyền thống cung cấp hàm lượng chất xơ và protein cao hơn đáng kể, cùng với carbohydrate phức hợp để duy trì năng lượng. Hương vị hấp dẫn và kết cấu hơi dai của nó rất phù hợp trong các món salad, súp và cơm thập cẩm, mặc dù nó có chứa gluten và cần thời gian nấu lâu hơn so với các phiên bản mì ống tinh chế.",75
81e4df67-9e6c-5b8a-8eb1-51eb2b805cd2,,,Mì Primavera (Pasta Primavera),DISH,203.0,8.2,5.0,30.7,3.0,2.5,200.0,0852d9bc-2e45-4277-87e8-4e9497c6f0d4,,,"Pasta Primavera là một món ăn Ý-Mỹ sôi động gồm các loại rau tươi theo mùa xào với mì ống trong dầu ô liu nhạt hoặc nước sốt cà chua. Đặc trưng bởi sự kết hợp đầy màu sắc của các loại rau mùa xuân như bí xanh, ớt chuông và cà chua bi, nó mang đến một lựa chọn thay thế nhẹ nhàng hơn cho các món mì ống làm từ kem đồng thời cung cấp hàm lượng chất xơ và vi chất dinh dưỡng tăng lên. Mặc dù ăn chay theo truyền thống, nhưng các biến thể hiện đại có thể kết hợp các loại protein như gà nướng hoặc tôm để tăng thêm sự linh hoạt cho bữa ăn.",75
f0ffa33a-b74d-52df-a457-b1768daf295b,,,Mì nấu với sốt pesto và rau củ (Cooked Pasta with Pesto Sauce and Vegetables),DISH,125.0,2.8,8.6,10.0,2.1,2.0,303.0,0852d9bc-2e45-4277-87e8-4e9497c6f0d4,,,"Mì ống nấu với sốt pesto và rau là một bữa ăn cân bằng kết hợp mì ống al dente với pesto húng quế sống động và các loại rau giàu dinh dưỡng. Pesto — sự pha trộn của húng quế tươi, dầu ô liu, hạt thông, tỏi và Parmesan — cung cấp chất béo có lợi cho tim và hương vị thảo mộc, trong khi các loại rau trộn như bí xanh, cà chua bi hoặc rau bina sẽ bổ sung chất xơ và vitamin. Món ăn này cung cấp cơ sở linh hoạt để tùy chỉnh, đáp ứng sở thích ăn chay hoặc không chứa gluten thông qua việc lựa chọn mì ống và điều chỉnh thành phần.",95
15ee5571-ca98-5f4a-a648-47719d6e0345,,,Mì Orzo (Orzo),INGREDIENT,370.0,12.0,3.0,74.0,3.0,2.0,5.0,0852d9bc-2e45-4277-87e8-4e9497c6f0d4,,,"Orzo là một loại mì ống hình hạt gạo truyền thống được làm từ bột báng lúa mì cứng, mang lại kết cấu của mì ống với sự hấp dẫn thị giác của ngũ cốc. Mặc dù thường bị nhầm với gạo, nhưng món ăn chủ yếu này của Ý có chứa gluten và cung cấp nguồn gốc giàu carbohydrate với hàm lượng protein vừa phải đặc trưng của các sản phẩm lúa mì. Hình dạng linh hoạt của nó cho phép nó hấp thụ tốt hương vị trong súp, salad và cơm thập cẩm, trong khi phương pháp nấu phản ánh các phương pháp nấu của cả mì ống (luộc) và cơm (đun sôi).",75
7058659f-b222-5809-b154-4a1206b4f958,,,Salad mì ống Hy Lạp (Greek Pasta Salad),DISH,207.0,4.1,13.3,17.6,1.8,2.5,320.0,0852d9bc-2e45-4277-87e8-4e9497c6f0d4,,,"Salad mì ống Hy Lạp là một món ăn ướp lạnh lấy cảm hứng từ Địa Trung Hải kết hợp mì ống al dente với rau giòn, ô liu Kalamata mặn và phô mai feta thơm. Đặc trưng bởi nước sốt chanh-oregano, món salad này cân bằng lượng carbohydrate phức tạp từ mì ống với chất xơ từ thực vật, chất béo lành mạnh từ dầu ô liu và protein từ feta. Nó thường được phục vụ lạnh như một món ăn kèm thịnh soạn hoặc món ăn chay chính, với các biến thể thường bao gồm hành đỏ, ớt chuông hoặc tim atisô.",95
a851fc9f-c349-51bc-9af3-67289fb941e9,,,Salad mì ống rau củ (Vegetable Pasta Salad),DISH,147.0,6.6,5.9,17.2,1.2,2.0,600.0,0852d9bc-2e45-4277-87e8-4e9497c6f0d4,,,"Salad Pasta rau là một món ăn ướp lạnh kết hợp mì ống nấu chín với rau sống hoặc nấu chín nhẹ, thường được trộn với nước sốt làm từ dầu giấm hoặc sốt mayonnaise. Bữa ăn đa năng này cân bằng lượng carbohydrate từ mì ống với chất xơ, vitamin và khoáng chất có trong các nguyên liệu như cà chua bi, dưa chuột và ớt chuông. Thành phần dinh dưỡng của nó thay đổi tùy theo lựa chọn trang phục, với các phiên bản gốc dầu cung cấp chất béo lành mạnh và các lựa chọn kem làm tăng mật độ calo, trong khi vẫn thích ứng với chế độ ăn không có gluten, thuần chay hoặc ít carb thông qua việc thay thế thành phần.",95
c6f8ec77-4d7c-5b57-9f77-58c829ad1937,,,Salad mì ống gà (Chicken Pasta Salad),DISH,127.0,6.5,3.1,18.1,1.2,2.5,350.0,0852d9bc-2e45-4277-87e8-4e9497c6f0d4,,,"Salad mì ống gà là một món ăn ướp lạnh kết hợp mì ống nấu chín, ức gà thái hạt lựu và các loại rau tươi như cần tây hoặc ớt chuông, thường được kết hợp bởi nước sốt kem hoặc dầu giấm. Món salad cỡ bữa ăn này cung cấp các chất dinh dưỡng đa lượng cân bằng, trong đó thịt gà nạc cung cấp protein chất lượng cao và mì ống cung cấp carbohydrate phức hợp. Mặc dù thường được chế biến với nước sốt làm từ sốt mayonnaise để tạo vị đậm đà, nhưng các phiên bản nhẹ hơn có thể sử dụng sữa chua hoặc dầu ô liu để giảm hàm lượng chất béo bão hòa, giúp nó có thể thích ứng với nhiều sở thích ăn kiêng khác nhau.",80
39d1a3eb-3284-5b6c-ba9b-60bfa0b34018,,,Salad mì ống Caesar (Caesar Pasta Salad),DISH,117.0,4.0,3.1,19.4,1.3,3.0,347.0,0852d9bc-2e45-4277-87e8-4e9497c6f0d4,,,"Salad mì ống Caesar là một biến thể hiện đại, thịnh soạn của món salad Caesar cổ điển, thay thế rau diếp romaine bằng mì ống nấu chín làm cơ sở. Món ăn nguội này kết hợp mì ống al dente với nước sốt Caesar kem, phô mai Parmesan bào và bánh mì nướng giòn, thường kết hợp với thịt gà nướng để tăng thêm protein. Mặc dù giàu carbohydrate từ mì ống và chất béo từ nước sốt, nhưng nó có thể được điều chỉnh bằng cách sử dụng mì nguyên hạt hoặc nước sốt nhẹ hơn để có chế độ dinh dưỡng cân bằng hơn.",95
fba0963d-78ec-5fe6-8f03-925ae0a45c21,,,"Bí spaghetti, nấu chín (Spaghetti Squash, Cooked)",DISH,27.0,0.66,0.26,6.46,1.4,2.53,18.0,0852d9bc-2e45-4277-87e8-4e9497c6f0d4,,,"Spaghetti bí là một loại bí mùa đông có sợi màu vàng, giống như mì ống khi nấu chín, cung cấp một loại thay thế ít calo cho mì truyền thống. Loại rau tự nhiên không chứa gluten này cung cấp chất xơ và vitamin C đáng chú ý với lượng carbohydrate ít hơn 75% so với mì ống làm từ lúa mì. Thịt tách thành các sợi mềm giòn sau khi nướng hoặc rang, thường được dùng làm nền cho nước sốt hoặc trộn vào món salad, trong khi hương vị nhẹ, hơi ngọt của nó thích hợp với cả chế biến mặn và ngọt.",75
6d735501-80dc-51a4-8d56-d237a830794a,,,Mì Lasagna rau bina (Spinach Lasagna),DISH,170.0,10.0,8.0,20.0,2.5,2.5,300.0,0852d9bc-2e45-4277-87e8-4e9497c6f0d4,,,"Lasagna rau bina là một món mì ống nướng của Ý bao gồm các lớp mì ống xen kẽ, phô mai ricotta và mozzarella, sốt cà chua và rau bina đậm đặc chất dinh dưỡng. Món ăn chay này cung cấp lượng protein cân bằng từ sữa, sắt và chất xơ từ rau bina, canxi từ phô mai, trong khi vẫn giữ được kết cấu đậm đà và hương vị phong phú của món lasagna truyền thống. Rau bina thêm màu sắc rực rỡ và hương đất nhẹ bổ sung cho các thành phần kem phô mai và cà chua thơm.",95
3227a6ed-c0f3-53b1-a302-0288fec31196,,,Mì Tortellini Prosciutto (Prosciutto Tortellini),DISH,270.0,11.0,9.5,34.0,3.0,2.0,550.0,0852d9bc-2e45-4277-87e8-4e9497c6f0d4,,,"Prosciutto tortellini là một loại mì ống nhồi có nguồn gốc từ vùng Emilia-Romagna của Ý, bao gồm những gói bột hình vòng tinh tế chứa đầy prosciutto crudo băm nhuyễn và phô mai Parmigiano-Reggiano. Thịt giăm bông đã qua xử lý mang lại vị mặn, mặn được cân bằng bởi vị đậm đà của pho mát, tạo ra phần nhân đậm đặc, đầy hương vị được bọc trong mì ống làm từ trứng mềm. Mặc dù cung cấp lượng protein vừa phải từ các thành phần thịt và phô mai, món ăn này thường có hàm lượng natri cao do món prosciutto đã được xử lý và thường được dùng kèm với nước dùng hoặc nước sốt làm từ kem.",75
82d589a8-3c57-51aa-8ecc-dab88a909fa5,,,Salad mì Macaroni (Macaroni Salad),DISH,240.0,4.0,15.0,22.0,2.5,2.0,300.0,0852d9bc-2e45-4277-87e8-4e9497c6f0d4,,,"Salad mì ống là một món mì ống ướp lạnh có mì ống được trộn với nước sốt kem sốt mayonnaise với các loại rau củ giòn như cần tây, hành tây và cà rốt. Món ăn dã ngoại này thường bao gồm các chất bổ sung như trứng luộc chín hoặc giăm bông thái hạt lựu, cung cấp hỗn hợp carbohydrate, chất béo và lượng protein vừa phải. Trong khi các phiên bản truyền thống giàu calo, các biến thể nhẹ hơn có thể thay thế sữa chua Hy Lạp bằng mayo hoặc kết hợp nước sốt làm từ giấm để tạo vị thơm.",95
0a5ee1de-9382-592d-9c3f-329e1f84789a,,,Mì Lasagna lúa mì nguyên cám (Whole Wheat Lasagna),INGREDIENT,190.0,8.0,1.2,41.0,7.0,1.2,0.0,0852d9bc-2e45-4277-87e8-4e9497c6f0d4,,,"Lasagna lúa mì nguyên hạt là một loại mì ống giàu dinh dưỡng được làm từ bột mì nguyên cám xay bằng đá, giữ lại cám và mầm để có hàm lượng chất xơ và khoáng chất cao hơn so với các phiên bản bột mì tinh chế. Những tấm hình chữ nhật này duy trì kết cấu chắc, dai khi nấu và mang lại hương vị hạt dẻ tinh tế, dùng làm nền cho các món thịt hầm nhiều lớp. Carbohydrate phức tạp và khả năng giải phóng năng lượng bền vững khiến chúng trở thành lựa chọn phổ biến để chuẩn bị bữa ăn có lợi cho sức khỏe trong khi vẫn duy trì tính linh hoạt trong ẩm thực của món lasagna truyền thống.",75
5a374bb3-00dd-59fa-ba85-41b9ab00da34,,,Mì Tortellini không chứa gluten (Gluten-Free Tortellini),INGREDIENT,236.0,10.38,5.56,36.15,1.9,2.0,406.0,0852d9bc-2e45-4277-87e8-4e9497c6f0d4,,,"Tortellini không chứa gluten là một loại mì ống nhồi truyền thống chứa đầy phô mai hoặc nguyên liệu từ thực vật, được làm bằng các loại bột thay thế như gạo, ngô hoặc quinoa để phù hợp với chế độ ăn nhạy cảm với gluten. Pasta khô duy trì kết cấu chắc, đặc hơn một chút so với các loại làm từ lúa mì khi nấu chín, thường yêu cầu thời gian cẩn thận để đạt được độ đặc vừa phải. Mặc dù về mặt dinh dưỡng có thể so sánh về lượng calo với bánh tortellini thông thường, hàm lượng protein và chất xơ của nó thay đổi đáng kể tùy thuộc vào hỗn hợp bột và thành phần làm đầy.",75
b0ecded4-7be5-5328-9df7-46cd507ffbad,,,Mì chanh tiêu (Lemon Pepper Pasta),INGREDIENT,371.0,13.0,1.51,74.7,3.2,2.67,6.0,0852d9bc-2e45-4277-87e8-4e9497c6f0d4,,,"Lemon Pepper Pasta là một loại mì ống làm từ lúa mì được làm giàu với vỏ chanh khô và hạt tiêu đen nứt, mang lại hương thơm cam quýt tươi sáng và vị cay nhẹ. Quá trình làm giàu bổ sung thêm sắt và vitamin B như folate, trong khi gia vị mang lại hương vị phức tạp tinh tế mà không cần thêm natri. Loại mì khô đa năng này kết hợp tốt với nước sốt nhẹ làm từ dầu ô liu, rau nướng hoặc protein nạc, mang lại hương vị nhanh chóng cho các món ăn đơn giản.",75
3d843cc4-b2d3-5c80-9d81-6446c8e2a273,,,Mì Fettuccine Alfredo (Fettuccine Alfredo),DISH,220.0,5.33,9.0,29.33,1.17,1.0,300.0,0852d9bc-2e45-4277-87e8-4e9497c6f0d4,,,"Fettuccine Alfredo là một món ăn cổ điển của nhà hàng Ý-Mỹ bao gồm những dải mì ống dài, dẹt được trộn trong nước sốt đậm đà sang trọng làm từ bơ, kem béo và phô mai Parmesan. Các suất ăn tại nhà hàng thường cung cấp một khẩu phần mì ống phong phú được phủ hoàn toàn trong nước sốt mịn đặc trưng, ​​khiến nó trở thành một món ăn đặc biệt hấp dẫn có thể vượt quá 800 calo mỗi khẩu phần. Nước sốt kem tạo ra một lớp phủ mịn, bám vào mì ống, cung cấp một lượng đáng kể protein từ phô mai đồng thời chứa nhiều chất béo bão hòa.",75
c7a06f09-5b65-5ce8-835e-ea9745bf0f93,,,Mì Lasagna chay (Vegetarian Lasagna),DISH,139.0,7.31,4.35,17.9,1.2,2.91,288.0,0852d9bc-2e45-4277-87e8-4e9497c6f0d4,,,"Lasagna chay là một món mì ống không có thịt, bao gồm các lớp mì lasagna rộng với các loại rau như bí xanh, rau bina và nấm, cùng với phô mai ricotta hoặc mozzarella và sốt cà chua. Món thịt hầm nướng này cung cấp lượng protein đáng kể từ nguyên liệu sữa và chất xơ từ nhân rau, mặc dù nó thường chứa hàm lượng carbohydrate và calo cao hơn so với các món ăn tập trung vào rau. Món ăn này mang đến sự thay thế thịnh soạn, thoải mái cho món lasagna làm từ thịt trong khi vẫn duy trì tính linh hoạt thông qua các biến thể sản phẩm theo mùa.",75
c01466fb-5c48-55fc-9a37-84c1e98ff030,,,Salad mì ống Caprese (Caprese Pasta Salad),DISH,155.0,6.5,7.0,16.0,2.5,3.0,162.0,0852d9bc-2e45-4277-87e8-4e9497c6f0d4,,,"Salad mì ống Caprese là một món ăn tươi ngon lấy cảm hứng từ Ý, kết hợp mì ống al dente với các thành phần cổ điển của món salad Caprese: cà chua chín, phô mai mozzarella tươi và lá húng quế. Chế phẩm ướp lạnh này thường có dầu ô liu nhẹ hoặc nước sốt balsamic, duy trì sự cân bằng carbohydrate từ mì ống, protein từ phô mai và chất chống oxy hóa từ sản phẩm tươi sống. Là một lựa chọn ăn chay linh hoạt, nó có thể được điều chỉnh phù hợp với chế độ ăn không chứa gluten bằng cách sử dụng các loại mì ống thay thế trong khi vẫn giữ được hương vị Địa Trung Hải đặc trưng của nó.",95
71f7befd-ea66-5ffe-8ea5-b15f0a419ed5,,,Mì Lasagna không chứa gluten (Gluten-Free Lasagna Noodles),INGREDIENT,363.0,8.1,1.6,76.9,2.4,1.0,7.0,0852d9bc-2e45-4277-87e8-4e9497c6f0d4,,,"Mì lasagna không chứa gluten là những tấm mì ống không chứa lúa mì được thiết kế như một món thay thế an toàn cho người celiac cho món lasagna truyền thống, thường được làm từ bột gạo, ngô hoặc bột đậu. Những loại mì này thường có kết cấu hơi cứng hơn khi nấu so với các loại mì làm từ lúa mì và có thể yêu cầu thời gian đun sôi chính xác để tránh bị gãy. Nhiều thương hiệu tăng cường hỗn hợp của họ bằng protein hoặc chất xơ bổ sung từ các thành phần như quinoa hoặc đậu lăng, nâng cao giá trị dinh dưỡng của chúng trong khi vẫn duy trì tính toàn vẹn cấu trúc cho các món ăn nhiều lớp.",75
51e208e6-252f-5e0c-b289-1601200f374c,,,Mì Linguine không chứa gluten (Gluten-Free Linguine),INGREDIENT,351.0,8.8,1.75,74.0,3.5,2.0,0.0,0852d9bc-2e45-4277-87e8-4e9497c6f0d4,,,"Linguine không chứa gluten là một loại mì ống thay thế được làm từ các loại bột không phải lúa mì như gạo, ngô hoặc quinoa, được thiết kế để tái tạo hình dạng và kết cấu của mì ống truyền thống. Các sợi phẳng, giống như dải ruy băng của nó nấu có kết cấu hơi cứng hơn so với mì ống làm từ lúa mì và cần thời gian chính xác để tránh nấu quá chín. Mặc dù về mặt dinh dưỡng, carbohydrate có thể so sánh với mì ống thông thường, nhưng nó thường chứa ít protein và chất xơ hơn trừ khi được tăng cường, khiến nó cần thiết cho chế độ ăn nhạy cảm với gluten nhưng vốn không lành mạnh hơn đối với người dùng không bị hạn chế.",75
f0b9799d-41a1-5a30-9801-3d5aecc62478,,,Salad mì ống Địa Trung Hải (Mediterranean Pasta Salad),DISH,195.0,5.0,15.0,20.0,2.5,1.5,350.0,0852d9bc-2e45-4277-87e8-4e9497c6f0d4,,,"Salad mì ống Địa Trung Hải là một món ăn ướp lạnh kết hợp mì ống nấu chín với các loại rau tươi như cà chua, dưa chuột và hành tím, thường được tạo điểm nhấn bằng ô liu mặn, phô mai feta và các loại thảo mộc như lá oregano hoặc húng quế. Dầu giấm chanh-ô liu đặc trưng của nó bổ sung độ axit sáng đồng thời đóng góp chất béo không bão hòa đơn có lợi cho tim. Lựa chọn bữa ăn cân bằng này cung cấp carbohydrate phức tạp, protein từ thực vật từ các loại đậu hoặc pho mát, và các loại rau giàu chất chống oxy hóa, với các chế phẩm thích hợp cho chế độ ăn không có gluten hoặc thuần chay thông qua việc thay thế thành phần.",95
b06d09f5-92cc-53c8-a9fb-7ba4b1483c3b,,,"Bột phô mai, nấu chín (Cheese Grits, Cooked)",DISH,275.0,11.0,22.0,8.3,1.5,0.5,300.0,0852d9bc-2e45-4277-87e8-4e9497c6f0d4,,,"Phô mai bột là một món ăn chủ yếu của miền Nam Hoa Kỳ được làm từ ngô xay (ngô đã qua xử lý kiềm) ninh thành cháo kem và được làm giàu với phô mai tan chảy, điển hình là phô mai cheddar. Món ăn ngon này cân bằng vị ngọt nhẹ của ngô với hương vị phô mai đậm đà, thơm, tạo ra một món ăn giàu carbohydrate với lượng protein vừa phải từ sữa. Trong khi theo truyền thống được phục vụ vào bữa sáng, các biến thể hiện đại thường có thêm các chất bổ sung như tôm hoặc gia vị, và kết cấu mịn nhưng hơi sần sùi của nó rất phù hợp với các món ăn kèm đậm đà và tinh tế.",75
796859e8-cfde-5209-8ba1-5e674c2cc9d4,,,Salad mì ống Ý (Italian Pasta Salad),DISH,132.0,2.75,5.56,17.98,1.2,2.55,658.0,0852d9bc-2e45-4277-87e8-4e9497c6f0d4,,,"Salad mì ống Ý là một món ăn ướp lạnh kết hợp mì ống nấu chín (thường có dạng ngắn như rotini) với các loại rau tươi như cà chua bi, ô liu và ớt chuông. Món salad được trộn với dầu giấm tẩm thảo mộc và thường bao gồm các chất bổ sung như phô mai mozzarella hoặc thịt đã qua xử lý để có kết cấu và hương vị đa dạng. Trong khi mì ống chứa nhiều carbohydrate, nó cung cấp dinh dưỡng cân bằng thông qua chất xơ thực vật và chất béo có lợi cho tim từ dầu ô liu. Chế phẩm đa năng này có thể được điều chỉnh cho phù hợp với chế độ ăn không có gluten hoặc ăn chay thông qua việc thay thế mì ống và sửa đổi thành phần.",95
028e93ff-3722-522e-b791-d768c77872b1,,,Mì Rigatoni không chứa gluten (Gluten-Free Rigatoni),INGREDIENT,364.0,6.0,1.0,81.0,3.0,2.0,1.0,0852d9bc-2e45-4277-87e8-4e9497c6f0d4,,,"Rigatoni không chứa gluten là một loại mì ống không chứa lúa mì thường được bán ở dạng khô, được chế biến từ các loại bột thay thế như gạo, ngô hoặc các loại đậu để tái tạo mì ống hình ống cổ điển. Kết cấu chắc chắn của nó khi nấu đạt được nhờ sự pha trộn chính xác giữa tinh bột và protein không phải lúa mì, duy trì khả năng giữ nước sốt cần thiết cho các món ăn Ý. Loại mì ống này cung cấp một lựa chọn an toàn cho bệnh celiac với hàm lượng carbohydrate tương đương với mì ống truyền thống, thường chứa nhiều chất xơ hơn tùy thuộc vào hỗn hợp bột được sử dụng.",75
4b54ac6b-5e2e-5117-a004-1c4a36d5fc12,,,Bí spaghetti (Spaghetti Squash),INGREDIENT,31.0,0.64,0.57,6.91,1.5,2.76,17.0,0852d9bc-2e45-4277-87e8-4e9497c6f0d4,,,"Bí spaghetti là một loại bí mùa đông có các sợi màu vàng, giống như sợi mì khi nấu chín, được dùng như một loại thực phẩm thay thế ít carb phổ biến cho mì ống. Thịt ngọt nhẹ của nó tách thành các sợi giòn nhưng mềm sau khi rang hoặc nướng, cung cấp nền không chứa gluten cho nước sốt đồng thời cung cấp chất xơ, vitamin C và vitamin B. Loại rau đa năng này chứa ít carbohydrate hơn khoảng 75% so với mì ống truyền thống, khiến nó đặc biệt có giá trị đối với chế độ ăn ketogenic và nhạy cảm với gluten.",75
72dc2793-1e4e-5c8f-8162-1338ad40c7eb,,,Mì Macaroni và phô mai thuần chay (Vegan Macaroni and Cheese),DISH,212.0,9.3,8.4,27.1,3.0,2.0,300.0,0852d9bc-2e45-4277-87e8-4e9497c6f0d4,,,"Mì ống và phô mai thuần chay là một biến thể dựa trên thực vật của loại thực phẩm tiện lợi cổ điển, thay thế sữa bằng các nguyên liệu như hạt điều trộn, men dinh dưỡng hoặc rau củ xay nhuyễn để tạo ra kết cấu kem đặc trưng và hương vị thơm ngon. Phiên bản này thường không chứa cholesterol và ít chất béo bão hòa hơn so với các công thức nấu ăn truyền thống, đồng thời thường kết hợp thêm chất xơ từ mì ống làm từ ngũ cốc nguyên hạt hoặc đậu. Món ăn này phục vụ cho chế độ ăn thuần chay và các chất gây dị ứng thông thường bằng cách sử dụng các chất thay thế không có hạt hoặc không có đậu nành trong nhiều chế phẩm.",75
819d8ac2-ed24-5599-a429-db22380b3aa5,,,"Mì đậu xanh, khô (Chickpea Pasta, Dry)",INGREDIENT,350.0,23.0,3.5,61.0,11.0,2.0,6.0,0852d9bc-2e45-4277-87e8-4e9497c6f0d4,,,"Mì ống đậu xanh là một loại mì thay thế không chứa gluten cho mì ống truyền thống, được làm chủ yếu từ bột đậu xanh. Loại mì này cung cấp hàm lượng protein và chất xơ cao hơn đáng kể so với mì ống thông thường, góp phần tăng cảm giác no. Khi nấu theo hướng dẫn trên bao bì, nó mang lại hương vị hơi hạt và kết cấu nhìn chung mềm hơn mì ống làm từ lúa mì cứng.",75
a718d796-91ac-513c-9dcb-50052f9357c4,,,Mì cà rốt (Carrot Noodles),INGREDIENT,35.0,1.1,0.0,7.7,3.0,3.0,50.0,0852d9bc-2e45-4277-87e8-4e9497c6f0d4,,,"Mì cà rốt là những sợi rau tươi, xoắn ốc, dùng để thay thế ít carbohydrate cho mì ống truyền thống. Được làm bằng cách cắt cả củ cà rốt thành những hình dạng giống như dải ruy băng, chúng vẫn giữ được kết cấu giòn khi còn sống nhưng mềm đến độ đặc giống như sợi mì khi nấu chín trong thời gian ngắn. Loại rau củ có màu cam rực rỡ này cung cấp beta-carotene và chất xơ đồng thời không chứa gluten tự nhiên, khiến nó trở nên phổ biến trong chế độ ăn nhạt, thực phẩm tươi sống và chế độ ăn kiêng kiểm soát cân nặng. Chúng thường được sử dụng trong món salad, món xào và làm nền cho nước sốt nhẹ.",95
71aea455-d4e5-57d1-aa0c-7bbc691adf37,,,Mì Macaroni và phô mai không chứa gluten (Gluten-Free Macaroni and Cheese),INGREDIENT,360.0,8.5,4.0,74.0,1.5,5.6,535.0,0852d9bc-2e45-4277-87e8-4e9497c6f0d4,,,"Macaroni và Phô mai không chứa gluten (khô) là hỗn hợp bữa ăn đóng gói bao gồm mì ống được làm từ các loại bột thay thế như gạo, ngô hoặc các loại đậu kết hợp với gia vị có hương vị phô mai. Được thiết kế cho chế độ ăn không chứa gluten, nó thay thế mì ống truyền thống trong khi vẫn duy trì kết cấu kem và hương vị thơm ngon của các món mì ống cổ điển. Nhiều phiên bản sử dụng bột phô mai tăng cường hoặc các nguyên liệu có nguồn gốc thực vật để tăng cường protein và vi chất dinh dưỡng, mang đến lựa chọn thuận tiện cho những người mắc bệnh celiac hoặc nhạy cảm với gluten. Việc chuẩn bị thường bao gồm luộc mì ống và kết hợp nó với thành phần phô mai, có thể không có sữa tùy thuộc vào nhãn hiệu.",75
91335839-ee0a-53ff-9678-41c68b5b57ed,,,Salad mì ống Pesto (Pesto Pasta Salad),DISH,240.0,6.0,15.0,20.0,2.5,2.5,350.0,0852d9bc-2e45-4277-87e8-4e9497c6f0d4,,,"Salad Pasta Pesto là một món ăn ướp lạnh kết hợp mì ống nấu chín với sốt pesto tươi, thường được làm giàu với các món trộn như cà chua bi, phô mai mozzarella hoặc gà nướng. Nước sốt pesto - được làm từ húng quế, tỏi, hạt thông, phô mai Parmesan và dầu ô liu - cung cấp chất béo có lợi cho tim và hương vị thảo mộc, trong khi mì ống đóng vai trò là nền tảng carbohydrate. Món salad đa năng này cân bằng các chất dinh dưỡng đa lượng một cách hiệu quả và thích ứng với sở thích ăn kiêng thông qua việc thay thế mì ống không chứa gluten hoặc các biến thể pesto thuần chay.",95
d8466239-37db-54e9-99de-5b31211a7936,,,Mì Ravioli bí đỏ (Butternut Squash Ravioli),DISH,210.0,8.0,6.0,33.0,3.0,3.0,230.0,0852d9bc-2e45-4277-87e8-4e9497c6f0d4,,,"Ravioli bí đỏ Butternut là một loại mì ống nhân có thành phần nhuyễn mịn, ngọt ngào của bí đỏ thường được trộn với các loại thảo mộc, phô mai và gia vị được bọc trong những tấm mì ống mỏng. Món ăn lấy cảm hứng từ mùa thu này kết hợp hàm lượng vitamin A phong phú và vị ngọt tự nhiên của bí đỏ với kết cấu thơm ngon của mì ống tươi. Bánh ravioli nấu chín có bề ngoài mềm mại với nhân kem màu vàng cam, thường được dùng kèm với nước sốt bơ xô thơm hoặc nước sốt kem nhẹ để tăng thêm vị ngọt tinh tế.",75
ce662b23-cadd-5075-b1cf-15678a43c328,,,Mì Orzo không chứa gluten (Gluten-Free Orzo),INGREDIENT,300.0,7.0,10.6,44.1,3.5,2.5,167.0,0852d9bc-2e45-4277-87e8-4e9497c6f0d4,,,"Orzo không chứa gluten là một loại mì ống thay thế hình gạo thường được làm từ ngô, gạo hoặc các loại ngũ cốc không chứa gluten khác thay vì lúa mì truyền thống. Loại mì đặc sản này duy trì hình dạng ngắn, giống hạt cổ điển của orzo thông thường đồng thời an toàn cho những người mắc bệnh celiac hoặc nhạy cảm với gluten. Khi nấu chín, nó mang lại kết cấu mềm tương tự như loại làm từ lúa mì, khiến nó trở nên lý tưởng cho các món súp, món ăn kiểu cơm thập cẩm và salad mì ống lạnh.",75
548935df-a4dd-510d-b5ee-845cf4bbc6ce,,,"Cơm với sốt phô mai, nấu chín (Rice with Cheese Sauce, Cooked)",DISH,383.0,8.6,6.0,73.8,1.0,3.0,1770.0,0852d9bc-2e45-4277-87e8-4e9497c6f0d4,,,"Cơm sốt phô mai là món ăn được chế biến sẵn kết hợp ngũ cốc nấu chín với kem nhũ tương của các nguyên liệu từ sữa như sữa, bơ và phô mai tan chảy. Món ăn này cung cấp các chất dinh dưỡng đa lượng cân bằng thông qua carbohydrate trong gạo cũng như protein và chất béo của nước sốt, thường được bổ sung thêm canxi từ các thành phần sữa. Trong khi các phiên bản tự chế biến cho phép kiểm soát thành phần, thì các chế phẩm thương mại thường chứa hàm lượng natri và chất béo bão hòa cao, với kết cấu đa dạng, từ lớp phủ nhẹ như nhung đến độ đặc đặc của thực phẩm tiện lợi.",75
93b2268a-c669-594b-bd7c-0d2a8aece403,,,Salad mì Tortellini (Tortellini Salad),DISH,225.0,7.0,10.5,26.0,2.5,2.5,350.0,0852d9bc-2e45-4277-87e8-4e9497c6f0d4,,,"Salad Tortellini là một món mì ống ướp lạnh có mì ống nhồi hình vòng kết hợp với rau tươi và được trộn với nước sốt đậm đà. Bánh tortellini chứa đầy phô mai hoặc thịt cung cấp lượng protein đáng kể, trong khi các thành phần như cà chua bi, rau bina và ô liu đóng góp chất xơ và vitamin. Món salad đa năng này cân bằng lượng carbohydrate từ mì ống với các chất dinh dưỡng từ sản phẩm tươi sống, thường được phục vụ như một món ăn chính hoặc món phụ thịnh soạn trong các buổi dã ngoại và các bữa ăn nhẹ. Sốt kem pesto hoặc sốt dầu giấm thơm làm tăng hương vị trong khi vẫn duy trì được kết cấu nhẹ nhàng nhưng vừa miệng đặc trưng của món ăn.",95
21e790e2-fee3-5f8d-a4e6-852f5eed7cca,,,Salad mì ống hải sản (Seafood Pasta Salad),DISH,264.0,5.0,20.7,16.4,0.36,2.0,390.0,0852d9bc-2e45-4277-87e8-4e9497c6f0d4,,,"Salad mì ống hải sản là một món ăn ướp lạnh kết hợp mì ống nấu chín với hải sản như tôm, cua hoặc cua giả, thường được trộn với sốt mayonnaise hoặc sốt aioli. Bữa ăn giàu protein này cân bằng lượng carbohydrate từ mì ống với protein nạc từ hải sản, mặc dù nước sốt kem góp phần tạo ra hàm lượng chất béo và calo đáng kể. Thường được tăng cường với các loại rau và thảo mộc giòn, nó được dùng như một món ăn phổ biến vào mùa hè cần bảo quản lạnh để đảm bảo an toàn thực phẩm và có thể chứa các chất gây dị ứng như động vật có vỏ hoặc gluten tùy thuộc vào lựa chọn thành phần.",88
3f584445-14c6-5159-802e-97da7bf94220,,,"Cơm trắng nấu với sốt phô mai và rau củ (White Rice, Cooked with Cheese Sauce and Vegetables)",DISH,161.0,3.4,6.5,21.5,0.4,1.1,102.0,0852d9bc-2e45-4277-87e8-4e9497c6f0d4,,,"Món ăn này kết hợp cơm trắng hấp với sốt kem phô mai và rau trộn, mang đến sự cân bằng giữa carbohydrate, chất béo và lượng protein vừa phải. Nước sốt phô mai thường cung cấp đáng kể canxi và chất béo bão hòa, trong khi các loại rau (thường là bông cải xanh, cà rốt hoặc đậu Hà Lan) bổ sung thêm chất xơ và vi chất dinh dưỡng. Các biến thể trong phương pháp lựa chọn rau và chuẩn bị nước sốt có thể làm thay đổi đáng kể mật độ calo và hàm lượng natri, khiến nó có thể thích ứng như một món ăn thịnh soạn thoải mái hoặc một thành phần bữa ăn nhẹ hơn.",75
3c089587-28bd-57e5-8291-c43ad25e4ce6,,,Bữa ăn Macaroni và phô mai cho trẻ mới biết đi (Macaroni and Cheese Toddler Meal),DISH,82.0,3.5,2.6,11.2,0.5,0.79,264.0,0852d9bc-2e45-4277-87e8-4e9497c6f0d4,,,"Bữa ăn mì ống và phô mai dành cho trẻ mới biết đi là món mì ống được chế biến ổn định trong thời gian bảo quản, được chế biến đặc biệt dành cho nhu cầu dinh dưỡng và giai đoạn phát triển của trẻ nhỏ. Những bữa ăn này thường có hình dạng mì ống nhỏ hơn, dễ nhai trong nước sốt phô mai nhẹ, giảm natri và bổ sung sắt hoặc vitamin so với phiên bản dành cho người lớn. Được thiết kế để thuận tiện, chúng thường được đựng trong các hộp đựng dùng một lần với phương pháp chuẩn bị đơn giản, mặc dù nhiều loại vẫn chứa các chất gây dị ứng phổ biến như sữa và lúa mì.",75
2bf12090-4908-5597-b3ad-4aa22ba9b4d5,,,Mì Macaroni và phô mai nấm truffle (Truffle Macaroni and Cheese),DISH,350.0,11.0,12.0,50.0,2.0,3.0,600.0,0852d9bc-2e45-4277-87e8-4e9497c6f0d4,,,"Mỳ ống và phô mai Truffle là một phiên bản nâng cao của món ăn tiện lợi cổ điển, được phân biệt bằng cách bổ sung dầu truffle hoặc pho mát bào để tạo ra vị đậm đà, thơm của đất. Món ăn hấp dẫn này thường kết hợp mì ống với nước sốt phô mai béo ngậy được làm từ các nguyên liệu giàu chất béo như kem, Gruyère và Parmesan, tạo nên một bữa ăn giàu calo. Việc cải tiến nấm truffle làm tăng thêm sự sang trọng cho hình ảnh của nó đồng thời khuếch đại đặc tính vị umami thơm ngon của nó, mặc dù nó vẫn không phù hợp với chế độ ăn thuần chay hoặc chế độ ăn ít chất béo.",75
b15a2062-d58a-5253-92e5-89a03d7ab88f,,,Sữa chua gạo (Rice Yogurt),DISH,100.0,4.0,2.0,17.0,0.6,12.0,55.0,0852d9bc-2e45-4277-87e8-4e9497c6f0d4,,,"Sữa chua gạo là một loại sữa thay thế không chứa sữa cho sữa chua truyền thống làm từ sữa gạo lên men. Sản phẩm có nguồn gốc thực vật này mang lại hương vị nhẹ, hơi ngọt và kết cấu dạng kem, phù hợp với những người bị dị ứng với sữa, đậu nành hoặc các loại hạt. Mặc dù có hàm lượng protein thấp hơn một cách tự nhiên so với sữa chua sữa, nhưng sữa chua gạo thường chứa thêm men vi sinh cho sức khỏe tiêu hóa và có thể được bổ sung canxi và vitamin để phù hợp hơn với thành phần dinh dưỡng của sữa chua thông thường.",75
74fb9aa1-b334-5c35-8a3a-d9852a3def9b,,,Mì Lasagna không chứa gluten (Gluten-Free Lasagna),INGREDIENT,362.0,6.1,1.6,80.0,2.5,2.0,5.0,0852d9bc-2e45-4277-87e8-4e9497c6f0d4,,,"Lasagna không chứa gluten là một loại mì ống thay thế không chứa lúa mì được chế biến đặc biệt dành cho những người nhạy cảm với gluten hoặc bệnh celiac. Được làm từ các nguyên liệu như bột gạo, ngô hoặc các loại đậu, những sợi mì nướng sẵn này duy trì cấu trúc phân lớp trong quá trình nướng đồng thời mang lại kết cấu tương đương với món lasagna truyền thống. Nhiều loại kết hợp ngũ cốc nguyên hạt hoặc bột giàu protein để tăng hàm lượng chất xơ và chất dinh dưỡng, với việc chuẩn bị thích hợp cần phải xác minh chứng nhận không chứa gluten để tránh rủi ro lây nhiễm chéo.",75
f77a3d73-fda5-5c46-aeac-034e671dd931,,,Mì Ravioli bí ngô (Pumpkin Ravioli),DISH,190.0,8.0,4.5,29.0,2.5,2.0,300.0,0852d9bc-2e45-4277-87e8-4e9497c6f0d4,,,"Ravioli bí ngô là một loại mì ống nhồi có nhân ngọt-ngọt gồm bí ngô xay nhuyễn, phô mai ricotta hoặc Parmesan và các loại gia vị làm ấm như nhục đậu khấu. Món ăn lấy cảm hứng từ mùa thu này tạo nên sự tương phản giữa những miếng mì ống mềm mại với lớp nhân kem bên trong, cung cấp vitamin A và chất xơ đáng chú ý từ bí. Theo truyền thống được phục vụ với bơ xô thơm hoặc nước sốt làm từ kem, món này cung cấp lựa chọn món khai vị thân thiện với người ăn chay bắt nguồn từ ẩm thực miền Bắc nước Ý.",75
751bb0d1-58be-5d1d-a47e-39a9c68f8f95,,,Mì Ravioli không chứa gluten (Gluten-Free Ravioli),DISH,216.0,10.0,8.5,24.7,1.5,2.7,594.0,0852d9bc-2e45-4277-87e8-4e9497c6f0d4,,,"Ravioli không chứa gluten là một loại mì ống nhồi được làm bằng các loại bột thay thế như gạo, ngô hoặc hạnh nhân để phù hợp với chế độ ăn nhạy cảm với gluten trong khi vẫn duy trì hình dạng và nhân truyền thống lấy cảm hứng từ Ý. Bột thường kết hợp các chất kết dính như kẹo cao su xanthan để mô phỏng độ đàn hồi của mì ống lúa mì, dẫn đến kết cấu đặc hơn một chút so với các phiên bản thông thường. Các loại nhân thông thường bao gồm ricotta, rau hoặc protein từ thực vật, mang lại sự linh hoạt cho các nhu cầu ăn kiêng đa dạng, mặc dù thời gian nấu có thể thay đổi để tránh nấu quá chín loại bột mỏng manh.",75
47dd76db-9fb2-56c6-9dd3-59260de44dfc,,,Mì hải sản sốt trắng (White Sauce Seafood Pasta),DISH,350.0,6.0,22.0,35.0,2.5,5.0,550.0,0852d9bc-2e45-4277-87e8-4e9497c6f0d4,,,"Mì hải sản sốt trắng là một món kem lấy cảm hứng từ Ý kết hợp mì ống al dente với nước sốt béchamel đậm đà và các loại hải sản như tôm, sò điệp hoặc trai. Nước sốt, được làm từ bơ, bột mì và sữa hoặc kem, tạo nên lớp nền mịn như nhung giúp bổ sung vị ngọt mặn của hải sản, mặc dù nó đóng góp đáng kể chất béo bão hòa. Chế phẩm kiểu nhà hàng này thường bao gồm tỏi, Parmesan và các loại thảo mộc, cung cấp nguồn protein cân bằng từ cả nguyên liệu sữa và hải sản.",88
1f88ec97-02c5-5ca7-b715-b20663e83563,,,Mì Lasagna hải sản (Seafood Lasagna),DISH,219.0,13.5,10.9,14.6,1.8,3.0,250.0,0852d9bc-2e45-4277-87e8-4e9497c6f0d4,,,"Lasagna hải sản là một món mì ống nướng lấy cảm hứng từ Ý, thay thế nhân thịt truyền thống bằng các lớp tôm, sò điệp và cá trắng xen kẽ với các tấm mì ống và sốt kem béchamel. Biến thể này cung cấp protein nạc và axit béo omega-3 từ các thành phần biển, mặc dù các thành phần phô mai và kem góp phần tạo ra hàm lượng chất béo bão hòa cao hơn so với các phiên bản làm từ thực vật, trong khi các chất gây dị ứng phổ biến bao gồm động vật có vỏ, sữa và gluten.",88
77ae31e3-c159-5011-9647-1f63f6d7968b,,,Mì Ravioli tôm hùm (Lobster Ravioli),INGREDIENT,250.0,10.0,8.5,33.0,1.5,1.5,300.0,0852d9bc-2e45-4277-87e8-4e9497c6f0d4,,,"Tôm hùm ravioli là một món mì ống cao cấp có những chiếc gối mì ống mềm mại chứa đầy sự pha trộn của thịt tôm hùm Maine, phô mai ricotta và gia vị. Đặc sản nhà hàng này thường được phục vụ với nước sốt béo ngậy làm từ bơ hoặc kem để tăng thêm hương vị ngọt ngào, tinh tế của nhân tôm hùm. Mặc dù cung cấp một nguồn protein tốt, món ăn hấp dẫn này có chứa chất gây dị ứng từ động vật có vỏ và thường có lượng calo cao hơn do có nước sốt kem và các thành phần phô mai.",88
56e6afe0-dede-5d10-9abf-1e9b466cf2ab,,,Mì Penne all'Arrabbiata (Penne all'Arrabbiata),DISH,190.0,5.71,4.29,32.14,2.86,4.29,285.71,0852d9bc-2e45-4277-87e8-4e9497c6f0d4,,,"Penne all'Arrabbiata là một món mì ống cổ điển của Ý có tên 'arrabbiata' (có nghĩa là 'tức giận' trong tiếng Ý) để chỉ nước sốt cà chua cay đặc trưng của nó. Món ăn này bao gồm mì ống penne trộn với nước sốt làm từ cà chua, dầu ô liu, tỏi và ớt đỏ, thường được trang trí bằng các loại thảo mộc tươi và phô mai Parmesan bào. Trong môi trường nhà hàng, món mì ống thịnh soạn này thường được phục vụ theo khẩu phần hào phóng, mang đến sự kết hợp hài lòng giữa carbohydrate phức hợp từ mì ống và chất béo lành mạnh từ nước sốt làm từ dầu ô liu.",75
163f4e85-ff57-55c1-b321-aa9170ec2db4,,,Mì Lasagna rau củ (Vegetable Lasagna),DISH,105.88,6.76,3.24,13.24,2.35,2.06,205.88,0852d9bc-2e45-4277-87e8-4e9497c6f0d4,,,"Lasagna rau củ là một món mì ống nhiều lớp gồm các sợi mì lasagna xen kẽ, hỗn hợp phô mai và rau trộn sốt cà chua. Chế độ ăn tự chọn thương mại này thường cung cấp một nguồn protein đáng kể từ hàm lượng phô mai đồng thời kết hợp các loại rau như bí xanh, rau bina và ớt chuông. Mặc dù cung cấp giá trị dinh dưỡng tốt thông qua hàm lượng rau và protein, các phiên bản tự chọn có xu hướng chứa nhiều natri hơn so với các lựa chọn thay thế tự chế biến, với khẩu phần thông thường là khoảng một cốc.",95
ae51eafe-9494-5cc8-ad05-830327d4aa02,,,Nước xốt phô mai Thụy Sĩ truyền thống (Traditional Swiss Cheese Fondue),DISH,240.0,13.94,15.15,5.45,0.0,1.21,363.64,0852d9bc-2e45-4277-87e8-4e9497c6f0d4,,,"Nước xốt phô mai truyền thống của Thụy Sĩ là một món ăn phổ biến, đậm đà được làm chủ yếu từ phô mai Emmental và Gruyère tan chảy trộn với rượu vang trắng và rượu mạnh kirsch. Cách chế biến đúng kiểu Alpine này tạo ra một hỗn hợp kem mịn, được giữ ấm để chấm với bánh mì và các món ăn kèm khác. Món ăn này đặc biệt giàu calo và giàu protein, cung cấp lượng canxi đáng kể đồng thời có hương vị phức tạp và hấp dẫn đặc biệt của pho mát Thụy Sĩ truyền thống.",75
1648c562-7f24-5a6b-87fc-f9164e78b7b0,,,Chả giò heo và salad Macaroni (Pork Roll and Macaroni Salad),DISH,256.04,7.0,18.6,17.39,1.45,1.93,555.56,0852d9bc-2e45-4277-87e8-4e9497c6f0d4,,,"Sự kết hợp ăn tối cổ điển ở New Jersey này kết hợp món thịt lợn cuộn đã qua chế biến, một sản phẩm thịt của vùng được làm từ thịt lợn xay đã tẩm gia vị, với salad mì ống kem. Món chả giò thường được nướng và ăn nóng, trong khi món salad mì ống đi kèm có mì ống sốt mayonnaise với nhiều loại rau khác nhau. Sự kết hợp giàu calo này cung cấp hỗn hợp protein từ chả giò và carbohydrate từ mì ống, mặc dù nó có hàm lượng natri và chất béo cao đáng kể.",80
a7384171-b7f3-50ab-aaa6-a3a74efdc7ed,,,Nước xốt phô mai với nấm cục đen (Cheese Fondue with Black Truffle),DISH,307.02,15.79,19.3,4.39,0.0,0.88,614.04,0852d9bc-2e45-4277-87e8-4e9497c6f0d4,,,"Nước xốt phô mai với nấm cục đen là món ăn cao cấp của Thụy Sĩ có sự pha trộn của các loại phô mai núi cao tan chảy được tăng cường với nấm cục đen thơm. Món ăn chung sang trọng này được phục vụ nóng trong nồi chuyên dụng được duy trì ở nhiệt độ chính xác, tạo ra một hỗn hợp đậm đà, mượt mà lý tưởng để chấm bánh mì và rau. Sự kết hợp của các loại phô mai Thụy Sĩ lâu năm cung cấp hàm lượng protein và canxi đáng kể, trong khi việc bổ sung nấm cục đen mang đến hương vị phức hợp thanh lịch của đất mà không bổ sung thêm lượng calo đáng kể.",75
d96a3cc7-b066-5786-b02d-3cd4330c37eb,,,Mì Penne Alfredo (Penne Alfredo),DISH,121.37,2.8,4.67,15.15,0.73,0.52,332.99,0852d9bc-2e45-4277-87e8-4e9497c6f0d4,,,"Penne Alfredo là món mì ống kiểu nhà hàng với món mì ống hình ống đựng trong nước sốt kem đậm đà làm từ bơ, kem đặc và phô mai Parmesan. Món chủ yếu trong thực đơn tiệm bánh pizza này thường được phục vụ theo khẩu phần hào phóng và đặc biệt chứa nhiều calo do thành phần nước sốt của nó. Một suất ăn tiêu chuẩn của nhà hàng chứa khoảng 1.000-1.200 calo, với một lượng đáng kể chất béo bão hòa và natri điển hình trong các chế phẩm của nhà hàng.",75
e2d0c691-4d2a-5115-95f5-162c8e0403b5,,,Trứng tráng phô mai (Omelette with Cheese),DISH,260.0,17.5,20.0,2.5,0.0,1.0,600.0,0852d9bc-2e45-4277-87e8-4e9497c6f0d4,,,"Món trứng tráng phô mai kiểu quán ăn là một món ăn sáng thịnh soạn được làm từ ba đến bốn quả trứng đánh tan xung quanh pho mát tan chảy và nấu cho đến khi vàng trong bơ hoặc dầu. Phần hào phóng này thường có phô mai Mỹ hoặc phô mai cheddar và cung cấp một nguồn protein đáng kể đồng thời đặc biệt giàu calo và chất béo bão hòa. Món trứng tráng thành phẩm có lớp bên trong xốp đặc trưng với bề ngoài hơi nâu, dùng làm món ăn chính làm no, đặc biệt phổ biến đối với thực khách Mỹ.",75
a01dce60-9b50-5b8c-b18b-2aa4db0f2d51,,,Mì Penne Arrabbiata (Penne Arrabbiata),DISH,172.8,6.0,4.8,25.6,2.0,2.8,160.0,0852d9bc-2e45-4277-87e8-4e9497c6f0d4,,,"Penne arrabbiata là một món mì ống có mì hình ống trong nước sốt cay làm từ cà chua, được làm theo truyền thống với ớt đỏ, tỏi và dầu ô liu. Trong chế độ ăn tự chọn, món ăn này thường cung cấp 240-430 calo mỗi khẩu phần, với các khẩu phần thay đổi đáng kể dựa trên kích thước đĩa và lớp phủ tùy chọn. Việc chuẩn bị tại nhà hàng thường bao gồm các gia vị bổ sung và có thể được trang trí bằng pho mát Parmesan, các loại thảo mộc tươi hoặc chất bổ sung protein, đồng thời mang hàm lượng natri cao hơn so với các phiên bản tự làm.",75
59c928dd-7e41-5f63-b7b6-3365b1f22aae,,,Sữa đông phô mai Wisconsin (Wisconsin Cheese Curds Board),DISH,350.79,14.66,19.9,28.27,1.05,1.57,910.99,0852d9bc-2e45-4277-87e8-4e9497c6f0d4,,,"Sữa đông phô mai Wisconsin là một đặc sản được yêu thích của vùng với những miếng phô mai tươi được tẩm bột và chiên giòn cho đến khi có màu vàng nâu. Những miếng bánh cỡ vừa ăn này được biết đến với kết cấu có tiếng kêu đặc biệt khi còn tươi và có lớp bên trong tan chảy thú vị khi nấu chín. Theo truyền thống được phục vụ nóng với nước chấm trang trại hoặc nước chấm marinara, món khai vị này rất giàu protein và thể hiện hương vị đích thực của văn hóa sữa Wisconsin.",75
740110bb-d9b7-5f56-80b4-448221b8256e,,,Mì Chili Mac và phô mai (Chili Mac and Cheese),DISH,126.67,8.67,9.0,0.27,0.0,0.0,430.0,0852d9bc-2e45-4277-87e8-4e9497c6f0d4,,,"Cincinnati Chili Mac and Cheese là một món ăn quen thuộc của vùng kết hợp mì ống và pho mát truyền thống với phong cách ớt đặc biệt của thành phố, được biết đến với sự pha trộn độc đáo của các loại gia vị ngọt và mặn bao gồm quế và hạt tiêu. Món ăn nhà hàng thịnh soạn này có mì ống phủ sốt phô mai đậm đà và ớt bò xay dày dặn, thường được hoàn thiện với thêm phô mai cắt nhỏ. Đây là một bữa ăn giàu protein, giàu calo, cung cấp một lượng đáng kể canxi và sắt, mặc dù nó cũng chứa nhiều natri và chất béo bão hòa.",75
4de35c41-3748-5968-b293-6e0a3372040b,,,Mì Lasagna al Forno (Lasagna al Forno),DISH,142.22,7.11,7.33,10.44,1.11,1.78,211.11,0852d9bc-2e45-4277-87e8-4e9497c6f0d4,,,"Lasagna al Forno là món mì ống nướng truyền thống của Ý gồm nhiều lớp mì dày xen kẽ với ragù thịt đậm đà, sốt béchamel kem và phô mai Parmigiano-Reggiano. Món ăn thịnh soạn này được nướng cho đến khi có màu vàng nâu, tạo nên sự kết hợp hài lòng giữa các kết cấu từ mì ống mềm đến lớp vỏ giòn trên cùng. Là một món chính quan trọng, nó cung cấp hàm lượng protein đáng kể và thành phần dinh dưỡng phong phú, mặc dù nó có hàm lượng calo và chất béo bão hòa cao đáng kể.",75
5761eb2b-d8b3-504d-933b-a67b0d1862f1,,,Mì Tortellini in Brodo (Tortellini in Brodo),DISH,71.43,4.57,2.0,8.57,0.57,0.57,285.71,0852d9bc-2e45-4277-87e8-4e9497c6f0d4,,,"Tortellini in Brodo là một món súp cổ điển của Ý gồm những khoanh mì ống nhỏ chứa đầy phô mai được phục vụ trong nước dùng trong, thơm ngon. Món ăn truyền thống này kết hợp bánh tortellini được làm thủ công, thường chứa đầy hỗn hợp phô mai làm từ Parmesan, với nước dùng thịt gà hoặc thịt bò được chế biến cẩn thận. Thường được phục vụ như món đầu tiên trong các nhà hàng Ý, món súp nóng này cung cấp hàm lượng protein vừa ý trong khi vẫn duy trì cấu hình tương đối nhẹ so với các món mì ống làm từ kem.",75
c95f958b-df79-5ccb-973e-41eb5a267ab2,,,Bánh mì phô mai Manakish (Cheese Manakish),DISH,270.0,5.67,12.37,37.77,7.5,2.0,358.0,0852d9bc-2e45-4277-87e8-4e9497c6f0d4,,,"Cheese Manakish là một loại bánh mì dẹt Levantine truyền thống phủ phô mai Akkawi hoặc Nabulsi và nướng cho đến khi vàng. Món ăn có bề ngoài giòn với bên trong mềm, dai, tạo nên kết cấu tương phản hài lòng đặc trưng của món ăn đường phố Lebanon. Loại bánh mì mặn này thường được chế biến tươi trong lò nóng, tạo ra phô mai tan chảy và lớp vỏ cháy nhẹ cung cấp cả protein và carbohydrate phức hợp trong một khẩu phần ăn.",75
6f214628-15a9-5a1c-9193-50b4b77de129,,,Trứng tráng lòng trắng trứng (Egg White Omelette),DISH,133.33,13.33,5.0,2.67,0.67,1.33,200.0,0852d9bc-2e45-4277-87e8-4e9497c6f0d4,,,"Trứng tráng lòng trắng trứng là món ăn sáng giàu protein được chế biến độc quyền bằng lòng trắng trứng, loại bỏ hàm lượng cholesterol và chất béo có trong lòng đỏ trứng. Chế phẩm có lợi cho sức khỏe này thường có rau hữu cơ tươi và phô mai ít béo tùy chọn, tất cả đều được nấu với lượng dầu tối thiểu. Kết quả là một món ăn mềm mịn, có thể tùy chỉnh, cung cấp lượng protein đáng kể (12-32g mỗi khẩu phần) trong khi vẫn chứa ít calo và chất béo, khiến món ăn trở thành lựa chọn phổ biến cho những thực khách và vận động viên quan tâm đến sức khỏe.",75
b6250029-fe4b-5a2f-9a2d-0475e129aed1,,,Mì Ravioli Ricotta và rau bina (Ravioli di Ricotta e Spinaci),DISH,144.8,5.85,6.66,15.16,1.2,1.0,360.0,0852d9bc-2e45-4277-87e8-4e9497c6f0d4,,,"Ravioli di Ricotta e Spinaci là một món mì ống cổ điển của Ý với những chiếc gối mì ống vuông chứa đầy sự pha trộn của phô mai ricotta và rau bina tươi. Những gói mì ống tinh tế này thường được phục vụ như món chính trong các nhà hàng, được phục vụ với nước sốt bơ cây xô thơm nhẹ hoặc nước sốt cà chua truyền thống. Sự kết hợp giữa mì ống, phô mai và rau củ tạo nên một món ăn cân bằng, cung cấp lượng protein và canxi đáng kể đồng thời mang đến kết cấu vừa ý của mì ống tươi.",75
bf0c604d-ce74-5e29-8de1-b55d28638199,,,Đĩa phô mai hun khói (Smoked Cheese Board),DISH,246.48,14.08,15.49,10.56,2.11,4.93,492.96,0852d9bc-2e45-4277-87e8-4e9497c6f0d4,,,"A Board Cheese hun khói là một đĩa thủ công bao gồm tuyển chọn các loại pho mát hun khói do Wisconsin sản xuất kết hợp với các món bổ sung. Loại này thường bao gồm nhiều loại pho mát hun khói khác nhau như cheddar và gouda, đi kèm với các loại thịt đã qua xử lý, trái cây tươi và khô, các loại hạt, bánh quy giòn hoặc bánh mì thủ công. Món ăn giàu protein và canxi này cung cấp lượng dinh dưỡng đáng kể, với khẩu phần thông thường là 5 ounce mỗi người sẽ cung cấp khoảng 800-1200 calo khi thưởng thức như món chính.",75
d681f1a4-f11a-58db-95a2-f17f148dda72,,,Bánh Pannenkoeken với phô mai (Pannenkoeken with Cheese),DISH,226.89,7.98,10.08,28.15,1.26,3.36,300.0,0852d9bc-2e45-4277-87e8-4e9497c6f0d4,,,"Pannenkoeken với phô mai là một loại bánh xèo mặn truyền thống của Hà Lan, to và mỏng hơn đáng kể so với bánh xèo kiểu Mỹ. Món ăn cỡ bữa ăn này có bột bánh giống như bánh crepe, được làm giàu với trứng và sữa, thường được chế biến với phô mai Gouda hoặc Edam tan chảy trong bột hoặc thêm vào trong khi nấu. Chiếc bánh pancake thu được có đường kính khoảng 12 inch và thường được phục vụ gấp hoặc cuộn, kết hợp kết cấu mềm với phô mai tan chảy béo ngậy trong suốt.",75
5aad65aa-3f52-564e-b9e5-96b049292f12,,,Mì Udon hải sản (Seafood Udon Noodles),DISH,166.67,8.33,1.17,28.33,1.33,0.67,1000.0,0852d9bc-2e45-4277-87e8-4e9497c6f0d4,,,"Mì udon hải sản là một món mì châu Á thịnh soạn gồm mì udon dày làm từ lúa mì và nhiều loại hải sản như tôm, mực và chả cá trong nước dùng thơm ngon. Cách chế biến tại nhà hàng này thường bao gồm các loại rau như nấm và hành lá, tạo nên một bữa ăn thịnh soạn giàu carbohydrate từ mì. Mặc dù cung cấp lượng protein vừa phải từ các thành phần hải sản, món ăn này có lượng natri cao đáng kể do nước dùng được nêm gia vị, thường chứa từ 1.700-4.300mg mỗi khẩu phần.",75
3ad700c1-14ec-56eb-ad33-b202bad393ed,,,Đĩa phô mai Telemea (Telemea Cheese Plate),DISH,198.0,8.8,12.44,12.6,1.2,2.4,704.0,0852d9bc-2e45-4277-87e8-4e9497c6f0d4,,,"Đĩa phô mai Telemea là món khai vị truyền thống của Rumani bao gồm phô mai ngâm nước muối, hơi mềm được làm từ sữa cừu hoặc sữa bò. Phô mai, được biết đến với hương vị thơm, mặn và kết cấu vụn, thường được dùng kèm với rau tươi, ô liu và bánh mì giòn. Món ăn giàu protein này thể hiện những đặc điểm riêng biệt của Telemea đồng thời mang đến sự kết hợp cân bằng giữa hương vị và kết cấu đặc trưng của ẩm thực Romania.",75
35c93caa-9d9d-5927-afc0-438ddd0a9454,,,Bún thịt heo nướng BBQ (BBQ Pork Rice Noodle Roll),DISH,204.76,10.95,5.24,27.62,2.86,3.81,976.19,0852d9bc-2e45-4277-87e8-4e9497c6f0d4,,,"Bún thịt heo nướng BBQ là một món dim sum cổ điển bao gồm thịt lợn nướng mềm được bọc trong những miếng bún hấp tinh tế. Vỏ bánh phở trong mờ, được làm từ bột gạo và tinh bột, mang lại kết cấu mịn mượt, tương phản với nhân thịt lợn xá xíu thơm ngon. Những món cuộn này theo truyền thống được phục vụ nóng và tươi, rưới nước tương ngọt, mang đến một món ăn giàu protein nhưng ít chất béo hơn nhiều so với nhiều lựa chọn món dim sum khác.",80
1e32a5c5-ceaa-58ab-bacc-5caf9289767d,,,Bánh mì phô mai nướng sữa đông (Cheese Curds Grilled Cheese),DISH,328.12,10.94,17.19,15.62,1.09,1.56,468.75,0852d9bc-2e45-4277-87e8-4e9497c6f0d4,,,"Món bánh sandwich hấp dẫn này là đặc sản của Wisconsin kết hợp sữa đông phô mai tươi với dạng phô mai nướng cổ điển. Sữa đông phô mai Wisconsin tươi được tan chảy giữa bánh mì nướng bơ, tạo ra một trải nghiệm kết cấu độc đáo trong đó sữa đông vẫn giữ được tiếng kêu đặc trưng trong khi trở nên béo ngậy thơm ngon. Loại thực phẩm tiện lợi giàu protein này thể hiện văn hóa sữa đích thực của vùng Trung Tây đồng thời mang lại trải nghiệm phức tạp và thỏa mãn hơn so với phô mai nướng truyền thống.",75
a8eebfa4-8aad-58f8-988b-4330ebd918f9,,,Đĩa phô mai (Cheese Plate),DISH,364.52,8.6,31.18,12.9,1.08,2.15,1197.85,0852d9bc-2e45-4277-87e8-4e9497c6f0d4,,,"Đĩa pho mát quán rượu kiểu Pháp là tuyển chọn các loại pho mát thủ công được tuyển chọn cẩn thận, thường có từ ba đến năm loại có kết cấu và độ chín khác nhau. Món khai vị hoặc bữa ăn nhẹ truyền thống này được phục vụ cùng với các món ăn kèm cổ điển như bánh mì giòn, trái cây tươi và các loại hạt, tạo nên trải nghiệm nếm thử cân bằng. Đĩa thường bao gồm phô mai chín mềm như Brie, phô mai cứng lâu năm và thường là phô mai xanh, cung cấp nguồn protein và canxi phong phú đồng thời cung cấp một mẫu phô mai tinh xảo của nghề thủ công phô mai Pháp.",75
039574b4-1713-561c-848b-4cd06d673775,,,Đĩa phô mai xanh Wisconsin (Wisconsin Blue Cheese Board),DISH,375.0,21.43,32.14,3.57,0.0,3.57,1071.43,0852d9bc-2e45-4277-87e8-4e9497c6f0d4,,,"Hội đồng Phô mai Xanh Wisconsin là một buổi trình bày pho mát thủ công bao gồm các loại pho mát xanh cao cấp được chế tạo bởi các nhà sản xuất pho mát nổi tiếng của bang. Những loại phô mai đậm đà, được ủ cẩn thận này có thể bao gồm các loại làm từ sữa bò, cừu hoặc sữa dê, mỗi loại mang lại hương vị riêng biệt đồng thời cung cấp hàm lượng protein và canxi đáng kể. Theo truyền thống được phục vụ ở nhiệt độ phòng, những loại nhạc blues từng đoạt giải thưởng này thể hiện di sản sữa nổi tiếng của Wisconsin thông qua hương vị phức tạp và kết cấu từ kem đến vụn.",75
f57263d0-7d79-5463-91ce-df4af718b7c6,,,Trứng hấp Hàn Quốc (Gyeran Jjim - Steamed Egg),DISH,70.53,4.21,5.79,1.05,0.0,1.05,348.95,0852d9bc-2e45-4277-87e8-4e9497c6f0d4,,,"Gyeran Jjim là món trứng hấp truyền thống của Hàn Quốc nổi tiếng với kết cấu mềm mượt như sữa trứng. Món mặn này được chế biến bằng cách hấp nhẹ trứng đã đánh với nước dùng đã nêm gia vị cho đến khi chúng đạt được độ sệt mịn như mây. Thường được phục vụ như một món ăn phụ tại các nhà hàng BBQ Hàn Quốc, nó cung cấp một món ăn kèm giàu protein mang lại sự tương phản nhẹ nhàng, mềm mại với các loại thịt nướng.",75
b49b1b55-70e2-5ed8-a503-d49c14f1f735,,,Mì Mac và phô mai nấm truffle (Truffle Mac and Cheese),DISH,202.64,6.61,11.01,19.38,1.32,1.76,251.1,0852d9bc-2e45-4277-87e8-4e9497c6f0d4,,,"Truffle Mac and Cheese là sự thể hiện sang trọng của món ăn thoải mái cổ điển, với sự pha trộn phong phú của các loại pho mát Wisconsin cao cấp được tăng cường với nấm truffle thơm. Món ăn chất lượng nhà hàng này kết hợp mì ống al dente với nước sốt kem làm từ phô mai cheddar trắng, phô mai parmesan và kem béo, được hoàn thiện bằng dầu truffle hoặc chiết xuất để tạo hương vị đậm đà, tinh tế. Món ăn này thường được phủ thêm vụn bánh mì nướng để tạo sự tương phản về kết cấu và được phục vụ như một món chính hoặc món phụ có thể chia sẻ.",75
6461c1d5-b81d-59bc-ae8d-00ad07fbb17f,,,Mì Cajun với gà (Cajun Pasta with Chicken),DISH,236.0,7.4,10.4,9.4,1.0,1.2,160.0,0852d9bc-2e45-4277-87e8-4e9497c6f0d4,,,"Cajun Pasta with Chicken là một món ăn phong phú của nhà hàng kết hợp giữa ức gà tẩm gia vị với mì ống trong nước sốt kem giàu Parmesan. Món khai vị thịnh soạn này có vị cay đặc trưng của gia vị Cajun, thường được bổ sung bởi ớt chuông xào và hành tây. Như thường được phục vụ trong các nhà hàng, đây là một món ăn chứa nhiều calo, với các phần ăn thường chứa hơn 1.000 calo do có nhiều nước sốt kem và mì ống.",80
e5a923f0-5bd1-59a5-9f79-85e0176073ad,,,Lecsó với trứng (Lecsó with Eggs),DISH,114.29,6.29,5.14,12.86,1.71,2.29,171.43,0852d9bc-2e45-4277-87e8-4e9497c6f0d4,,,"Lecsó with Eggs là món rau hầm truyền thống của Hungary gồm có ớt sáp màu vàng, cà chua và hành tây ninh với ớt bột đặc trưng của Hungary và phủ trứng lên trên. Món ăn thịnh soạn này kết hợp vị ngọt của ớt nấu chậm với vị đậm đà của trứng, tạo nên một bữa ăn bổ dưỡng có nhiều protein và vitamin. Thường được phục vụ nóng như món chính trong các nhà hàng Hungary, nó thường đi kèm với bánh mì giòn để thấm nước sốt đầy hương vị.",75
3cbfb1eb-32d6-5a58-a9dd-724c7a41c24d,,,Mì say với thịt lợn (Drunken Noodles with Pork),DISH,132.0,6.2,5.6,13.0,0.6,1.0,560.0,0852d9bc-2e45-4277-87e8-4e9497c6f0d4,,,"Mì say với thịt lợn là món xào phổ biến của Thái Lan với sợi mì sợi dài và những miếng thịt lợn mềm nấu với rau trong nước sốt cay đậm đà. Món ăn giàu protein này kết hợp húng quế Thái tươi, ớt và hỗn hợp thơm ngon của nước sốt, tạo nên hương vị cay-khói đặc trưng khi nấu bằng chảo ở nhiệt độ cao. Phần đáng kể thường cung cấp một bữa ăn giàu calo với sự kết hợp của mì xào, protein và rau thơm.",80
fabf6b6c-be0a-591e-9c4a-fab4f46fc7a7,,,Mì Linguine cua (Crab Linguine),INGREDIENT,248.0,12.2,11.8,22.8,1.2,1.0,544.0,0852d9bc-2e45-4277-87e8-4e9497c6f0d4,,,"Crab Linguine là một món mì ống hải sản sang trọng với sợi mì dài, dẹt được trộn với nước sốt Alfredo đậm đà, kem với thịt cua thật hoặc giả. Nhà hàng yêu thích này đặc biệt giàu calo do nước sốt kem và khẩu phần ăn hào phóng, thường cung cấp hơn 1000 calo cho mỗi khẩu phần ăn đầy đủ. Mặc dù cung cấp lượng protein đáng kể từ thịt cua, món ăn này còn nổi bật bởi hàm lượng chất béo cao và kết cấu kem thơm ngon.",88
72b4a38b-5a27-5f9e-8a8c-cc2451f5ca76,,,Mì kem hạt điều (Cashew Cream Pasta),DISH,120.8,4.36,4.0,17.6,2.36,1.6,200.0,0852d9bc-2e45-4277-87e8-4e9497c6f0d4,,,"Pasta kem hạt điều là một món ăn thuần chay tinh tế bao gồm mì ống được trộn với nước sốt mượt làm từ hạt điều trộn, men dinh dưỡng và chất thơm. Món thay thế không chứa sữa này mang đến sự phong phú của nước sốt kem truyền thống đồng thời cung cấp chất béo và khoáng chất lành mạnh từ hạt điều, thường được trang trí bằng các loại rau và thảo mộc theo mùa của vùng Tây Bắc Thái Bình Dương. Việc chế biến từ trang trại đến bàn ăn nhấn mạnh vào các nguyên liệu địa phương, với các biến thể phản ánh sản phẩm sẵn có của vùng và các nguyên liệu được tìm kiếm.",75
cd65dac3-3424-5b5a-b41b-bd61838e7878,,,Trứng ngâm (Pickled Eggs),DISH,117.02,11.7,7.45,1.06,0.0,1.06,58.51,0852d9bc-2e45-4277-87e8-4e9497c6f0d4,,,"Trứng ngâm là trứng luộc chín được bảo quản trong nước muối pha giấm, theo truyền thống được phục vụ như một món ăn nhẹ trong quán rượu ở các cửa hàng bán cá và khoai tây chiên ở Anh. Quá trình ngâm chua tạo ra kết cấu chắc chắn đặc biệt và hương vị thơm ngon trong khi vẫn giữ được hàm lượng protein cao của trứng. Những quả trứng được bảo quản này đặc biệt đáng chú ý vì ý nghĩa văn hóa của chúng trong ẩm thực Scotland và Anh, mặc dù hàm lượng cholesterol cao của chúng cho thấy mức tiêu thụ vừa phải.",75
eda810d4-029e-5445-94f6-3b82facf8f74,,,Mì Mac và phô mai cay Wisconsin (Spicy Wisconsin Mac and Cheese),DISH,200.0,8.4,8.4,22.8,0.8,1.2,310.0,0852d9bc-2e45-4277-87e8-4e9497c6f0d4,,,"Món mì ống và pho mát kiểu nhà hàng này là một món ăn thịnh soạn với nước sốt pho mát cheddar Wisconsin chính thống kèm theo vị cay. Món mì ống kem kết hợp phô mai cheddar sắc nét với sự pha trộn của các nguyên liệu từ sữa và các thành phần bổ sung nhiệt như ớt jalapeños hoặc nước sốt nóng, tạo nên một món ăn đậm đà, ấm áp dễ chịu. Là phần món chính, nó cung cấp hàm lượng protein và canxi đáng kể trong khi vẫn duy trì tính chất hấp dẫn cổ điển của mac và pho mát truyền thống.",75
9f017895-8f4b-5a86-ae8a-eca83fe2715d,,,Bánh phô mai Boreg (Cheese Boreg),DISH,273.33,8.33,21.67,13.33,1.67,1.67,415.0,0852d9bc-2e45-4277-87e8-4e9497c6f0d4,,,"Cheese Boreg là món khai vị truyền thống của người Armenia bao gồm bột phyllo xếp lớp với nhân phô mai mặn. Chiếc bánh ngọt có nhiều tấm phyllo mỏng như tờ giấy được phết bơ và chứa đầy hỗn hợp pho mát, tạo nên sự tương phản giữa bên ngoài giòn và bên trong kem. Thường được phục vụ nóng như một món khai vị, loại bánh ngọt đậm đà này có kết cấu xốp đặc trưng và bề mặt màu nâu vàng khiến nó có thể nhận ra ngay lập tức trong ẩm thực Armenia.",75
a1e2f6d4-4cb4-503f-8a99-3b64e3290725,,,Đĩa Hummus và rau củ (Hummus and Veggie Platter),DISH,186.57,7.43,9.14,18.57,4.0,1.71,128.57,0852d9bc-2e45-4277-87e8-4e9497c6f0d4,,,"A Hummus and Veggie Platter là món khai vị tập trung vào sức khỏe với món hummus làm tại nhà được chế biến từ đậu xanh hữu cơ, tahini và dầu ô liu, kèm theo nhiều loại rau tươi, giòn. Món ăn giàu protein và chất xơ này thường bao gồm các loại rau theo mùa như cà rốt, cần tây, dưa chuột và ớt chuông, khiến nó không chứa gluten một cách tự nhiên và thân thiện với người ăn chay. Đĩa kết hợp chất béo và protein có lợi cho tim của món hummus truyền thống với lợi ích dinh dưỡng của rau tươi, tạo ra một đĩa chia sẻ cân bằng hỗ trợ cả cảm giác no và dinh dưỡng.",75
42ed40ad-7f2c-5198-9d8b-d6dac1480bca,,,Mì Alfredo thuần chay (Vegan Pasta Alfredo),DISH,157.43,4.57,6.57,20.0,1.71,1.14,257.14,0852d9bc-2e45-4277-87e8-4e9497c6f0d4,,,"Vegan Pasta Alfredo là một cách giải thích không chứa sữa của món mì Ý cổ điển, thường được chế biến từ nước sốt kem gồm hạt điều, men dinh dưỡng và sữa thực vật. Món chế biến tại nhà hàng này duy trì kết cấu đậm đà, mượt mà của Alfredo truyền thống đồng thời cung cấp lượng protein đáng kể (12-20g mỗi khẩu phần) thông qua các nguyên liệu có nguồn gốc thực vật. Nước sốt thường được phục vụ trên mì ống với tùy chọn thêm rau, tạo ra một món khai vị thỏa mãn phục vụ cả những thực khách ăn chay và những người đang tìm kiếm các sản phẩm thay thế sữa.",75
546e490c-8338-53d8-b437-bbdc349ae1a0,,,Pad Thái với gà (Pad Thai with Chicken),INGREDIENT,160.26,5.77,3.21,22.44,0.96,7.05,256.41,0852d9bc-2e45-4277-87e8-4e9497c6f0d4,,,"Pad Thai gà là món ăn đường phố nổi tiếng của Thái Lan gồm có mì gạo xào kết hợp với thịt gà mềm, trứng và giá đỗ trong nước sốt thơm ngọt. Bữa ăn giàu carb này thường chứa nước mắm, tôm khô và đậu phộng nghiền, làm cho nó có hàm lượng natri cao và nên cân nhắc đối với những người bị dị ứng với động vật có vỏ hoặc các loại hạt. Mặc dù cung cấp lượng protein vừa phải từ thịt gà và trứng, món ăn ngon miệng này thường có thể được tùy chỉnh theo mức độ nhiệt và hàm lượng rau tại các địa điểm bán đồ ăn.",80
08b31524-7d61-5801-924c-17168fb862ab,,,Mì Spaghetti Marinara (Spaghetti Marinara),DISH,105.05,4.15,0.78,22.28,1.3,2.59,424.09,0852d9bc-2e45-4277-87e8-4e9497c6f0d4,,,"Spaghetti Marinara được phục vụ tại các tiệm bánh pizza ở Chicago là một món mì ống thịnh soạn gồm có mì spaghetti làm từ lúa mì cứng phủ nước sốt cà chua đậm đà tẩm thảo mộc. Cách chế biến tại nhà hàng này thường cung cấp các phần ăn phong phú được phục vụ theo kiểu gia đình, với nước sốt marinara làm từ cà chua nghiền, tỏi, hành và các loại thảo mộc truyền thống của Ý. Mặc dù cung cấp lượng carbohydrate đáng kể và lượng protein vừa phải, món ăn này có hàm lượng natri cao hơn đáng kể so với các món chế biến tại nhà, với các suất ăn tại nhà hàng thường vượt quá 800 calo.",75
f26005a7-59a3-5e9b-baea-d98622bacc0e,,,Trứng tráng phô mai (Omelet with Cheese),DISH,182.35,11.76,14.24,1.76,0.29,0.59,235.29,0852d9bc-2e45-4277-87e8-4e9497c6f0d4,,,"Trứng tráng phô mai nhà hàng là một món trứng gấp thường được chế biến với 2-3 quả trứng đánh tan và phô mai nấu chảy trong bơ hoặc dầu cho đến khi mịn. Món ăn sáng thịnh soạn này cung cấp lượng protein đáng kể (15-18g) và ít carbohydrate tự nhiên, mặc dù khẩu phần ăn tại nhà hàng có xu hướng lớn hơn và nhiều calo hơn so với các món ăn tự chế biến tại nhà. Việc bổ sung pho mát và các phương pháp nấu ăn tại nhà hàng thường tạo ra một món ăn phong phú hơn chứa 300-400 calo với một lượng đáng kể chất béo trong khẩu phần ăn.",75
e81895b3-49a0-5178-a48b-24ac16ae0319,,,Đĩa phô mai Ireland (Irish Cheese Board),DISH,298.46,13.85,18.46,19.23,3.08,6.92,361.54,0852d9bc-2e45-4277-87e8-4e9497c6f0d4,,,"Ban Phô mai Ailen là tuyển chọn các loại pho mát truyền thống của Ailen được tuyển chọn thường được phục vụ như món khai vị hoặc món tráng miệng có thể chia sẻ. Bảng thường có các loại đặc biệt của Ailen như Cheddar lâu năm, Dublin hấp dẫn và Cashel Blue kem, đi kèm với bánh quy giòn, trái cây tươi và mứt. Bài thuyết trình cổ điển này giới thiệu di sản sữa phong phú của Ireland đồng thời mang đến trải nghiệm ăn uống giàu protein và canxi lý tưởng để chia sẻ.",75
982aab7b-eb6a-59b9-b65e-76746b436f4e,,,Bánh Galette phô mai và nấm (Cheese and Mushroom Galette),DISH,240.0,10.0,13.33,20.0,2.0,2.0,400.0,0852d9bc-2e45-4277-87e8-4e9497c6f0d4,,,"A Cheese and Mushroom Galette là một loại bánh crepe mặn truyền thống của Pháp thường được làm từ bột kiều mạch có hương vị hạt dẻ. Món ăn thịnh soạn này có nấm xào và phô mai tan chảy, thường là Gruyère hoặc Emmental, tạo nên một bữa ăn phong phú và thỏa mãn. Phần đế kiều mạch của galette cung cấp thêm protein và chất xơ so với bánh crepe làm từ lúa mì, trong khi phần nhân nấm mang lại hương vị đất và các chất dinh dưỡng quan trọng.",75
3b48ff85-fd9f-5ef9-9f24-1e76a61c6a6a,,,Đĩa phô mai cheddar Wisconsin (Wisconsin Cheddar Cheese Board),DISH,410.71,25.0,33.93,3.57,0.0,3.57,642.86,0852d9bc-2e45-4277-87e8-4e9497c6f0d4,,,"Wisconsin Cheddar là loại phô mai cao cấp của Mỹ được ủ theo truyền thống trong 9 tháng để phát triển hương vị cân bằng, sắc nét đặc trưng của nó. Khi được trình bày trên bảng phô mai, sản phẩm sữa cổ điển này thể hiện kết cấu mịn, chắc và màu vàng đậm đặc trưng của phô mai cheddar chất lượng. Là một lựa chọn không chứa gluten tự nhiên, giàu protein và canxi, loại phô mai này vừa là thành phần bổ dưỡng vừa có hương vị trong các món phô mai thủ công.",75
2a86b950-cadf-5f25-9556-34a3591594c8,,,Bánh Pannenkoeken với rau củ hỗn hợp và phô mai (Pannenkoeken with Mixed Vegetables and Cheese),DISH,142.22,8.89,6.67,12.22,1.11,1.78,311.11,0852d9bc-2e45-4277-87e8-4e9497c6f0d4,,,"Pannenkoeken là một loại bánh kếp kiểu Hà Lan truyền thống, lớn hơn và mỏng hơn đáng kể so với bánh kếp của Mỹ, thường bao phủ toàn bộ đĩa ăn tối. Phiên bản mặn này có phần đế bánh kếp mềm, giòn với rau trộn xào và phô mai tan chảy, tạo nên một món chính hấp dẫn. Món ăn kết hợp bột bánh kếp giàu trứng, tinh tế với các loại rau nhiều màu sắc và phô mai vàng tan chảy, mang đến một bữa ăn cân bằng đặc trưng của ẩm thực quán cà phê Hà Lan.",75
ab7b3f81-c4ba-5917-98d7-d83ba1a92027,,,Bánh bèo hấp (Banh Beo Steamed Rice Cakes),DISH,375.0,12.5,15.0,50.0,2.5,10.0,700.0,0852d9bc-2e45-4277-87e8-4e9497c6f0d4,,,"Bánh bèo (phát âm là 'bahn bay-oh') là món khai vị truyền thống của Việt Nam bao gồm những chiếc bánh gạo nhỏ, tinh tế được hấp từ bột gạo và tinh bột sắn. Những chiếc bánh không chứa gluten này thường được phục vụ trong các đĩa gốm riêng lẻ và phủ các nguyên liệu thơm ngon bao gồm tôm khô, bột đậu xanh và dầu hành lá. Kết cấu đặc biệt mềm và dai, trong khi lớp phủ bên trên mang đến sự pha trộn phức tạp giữa hương vị mặn, ngọt và vị umami được tăng cường theo truyền thống với nước chấm làm từ nước mắm.",75
1563a594-5c70-5b8b-ae16-bd43f5651485,,,Mì mè với gà (Sesame Noodles with Chicken),DISH,150.0,6.25,5.0,13.75,0.62,1.0,275.0,0852d9bc-2e45-4277-87e8-4e9497c6f0d4,,,"Mì mè với gà là một món ăn kết hợp phổ biến của châu Á thường được phục vụ tại các quán trà boba, gồm có gà xào và mì với nước tương mè vừng đậm đà. Món khai vị hấp dẫn này thường kết hợp các miếng thịt gà mềm với lúa mì hoặc mì gạo, thường được trang trí bằng rau và hạt vừng nướng. Mặc dù cung cấp hàm lượng protein đáng kể từ thịt gà, món ăn này có xu hướng chứa nhiều calo và nhiều natri, với khẩu phần ăn tại nhà hàng thường dao động từ 400 đến 1000 calo mỗi khẩu phần.",80
7e34a058-0a2d-5f6c-afed-c607fe554b29,,,Bánh Pannenkoeken với rau bina và phô mai dê (Pannenkoeken with Spinach and Goat Cheese),INGREDIENT,133.33,8.44,8.89,11.56,0.89,1.78,133.33,0852d9bc-2e45-4277-87e8-4e9497c6f0d4,,,"Pannenkoeken là một loại bánh pancake kiểu Hà Lan truyền thống, có kích thước lớn hơn và mỏng hơn đáng kể so với loại bánh pancake kiểu Mỹ, thường được phục vụ như một món chính mặn. Biến thể này có rau bina tươi và phô mai dê kem tan chảy trên lớp đế mỏng manh giống như bánh crepe, tạo ra một món ăn giàu chất dinh dưỡng cung cấp đáng kể protein và canxi. Một phần pannenkoek thường được dùng như một bữa ăn hoàn chỉnh, mang đến sự kết hợp hài lòng giữa carbohydrate phức hợp, rau và sữa trong một khẩu phần hào phóng.",75
13d572ed-cbfb-540a-94d3-b2a3c7d68e2f,,,Mì Spaghetti ớt (Chili Spaghetti),DISH,154.29,10.0,5.71,15.71,2.29,2.29,257.14,0852d9bc-2e45-4277-87e8-4e9497c6f0d4,,,"Spaghetti ớt kiểu Cincinnati là một món ăn đặc biệt của vùng bao gồm mì ống phủ nước sốt thịt có gia vị độc đáo bao gồm quế, hạt tiêu và bột ca cao. Món ăn thịnh soạn này khác với ớt truyền thống ở kết cấu thịt xay mịn và hương vị cay ngọt, thường được phục vụ trên một lớp mì spaghetti và tùy ý phủ thêm phô mai cheddar cắt nhỏ và hành tây thái hạt lựu. Mặc dù cung cấp hàm lượng protein đáng kể, món ăn giàu calo này lại có hàm lượng natri cao đáng kể và chứa chất gây dị ứng lúa mì từ mì ống.",75
66a6e943-6fd6-5f62-9da7-4a1a81d794ea,,,Mì Yakisoba với bò (Yakisoba Noodles with Beef),DISH,165.47,7.19,11.75,6.0,0.6,1.92,100.72,0852d9bc-2e45-4277-87e8-4e9497c6f0d4,,,"Yakisoba với thịt bò là món ăn nổi tiếng của nhà hàng teppanyaki gồm mì lúa mì và thịt bò thái lát xào trên vỉ sắt phẳng với rau củ trong nước sốt mặn ngọt. Món ăn quan trọng này thường chứa khoảng 690 calo mỗi khẩu phần, với hàm lượng chất béo cao hơn do dầu được sử dụng trong nấu ăn, đồng thời cung cấp nguồn protein tốt từ thịt bò. Món ăn kết hợp sợi mì mềm, thịt bò caramen và các loại rau mềm giòn như bắp cải và cà rốt, tất cả được thống nhất bởi sự pha trộn nước sốt đặc biệt của đậu nành, Worcestershire và các gia vị khác.",80
05f34263-95dd-5b62-b435-45d9b427b69c,,,Mì Spaghetti Carbonara (Spaghetti Carbonara),DISH,391.51,14.15,22.64,32.08,1.89,1.89,424.53,0852d9bc-2e45-4277-87e8-4e9497c6f0d4,,,"Spaghetti carbonara là một món mì Ý đậm đà truyền thống được làm từ trứng, phô mai Pecorino Romano, pancetta và hạt tiêu đen. Các phiên bản nhà hàng thường kết hợp kem béo để có nước sốt mềm hơn, dẫn đến cách chế biến dễ chịu hơn so với công thức truyền thống của La Mã. Món ăn thịnh soạn này có đặc điểm là mì spaghetti al dente phủ nước sốt kem, với những miếng thịt lợn ướp giòn giòn tạo thêm kết cấu và vị mặn cho món khai vị đậm đặc calo này.",75
4dfe0c87-6a70-5b14-9386-35a6e873be6f,,,Nước xốt phô mai cà chua (Tomato Cheese Fondue),DISH,236.84,14.91,15.79,3.51,0.88,2.63,578.95,0852d9bc-2e45-4277-87e8-4e9497c6f0d4,,,"Tomato Cheese Fondue là một đặc sản của nhà hàng Thụy Sĩ kết hợp phô mai Gruyère hoặc Emmental tan chảy với cà chua nướng và rượu vang trắng để tạo nên một món ăn đậm đà, chung. Biến thể của nước xốt truyền thống này mang lại hương vị cân bằng trong đó cà chua cắt giảm độ đậm đà của phô mai trong khi vẫn duy trì độ đặc có thể nhúng được như kem cổ điển. Món ăn này thường được phục vụ với các khối bánh mì, khoai tây và rau muối, cung cấp lượng protein và canxi đáng kể đồng thời tạo ra trải nghiệm ăn uống tương tác.",75
683f7f5e-9382-5cad-9521-e7fd98768a31,,,Mì Mac và phô mai (Mac and Cheese),DISH,180.0,8.0,11.6,11.2,0.6,2.0,552.0,0852d9bc-2e45-4277-87e8-4e9497c6f0d4,,,"Mac và pho mát kiểu nhà hàng là một món ăn kèm phong phú, hấp dẫn bao gồm mì ống khuỷu tay trong nước sốt kem được làm từ sự pha trộn của các loại pho mát cheddar, Mỹ và các loại pho mát khác. Cách chế biến miền Nam này thường tạo ra một phiên bản ngon hơn so với các loại nấu tại nhà, với kết cấu dày, mịn và phần trên màu nâu vàng. Mặc dù cung cấp lượng protein và canxi đáng kể từ hàm lượng phô mai, nhưng nó cũng chứa nhiều calo, chất béo bão hòa và natri.",75
bcc5b2f6-e0ed-59cb-8ec4-55936715f76e,,,Bột Tasso và phô mai (Tasso and Cheese Grits),DISH,200.0,7.2,11.2,16.0,1.6,1.2,400.0,0852d9bc-2e45-4277-87e8-4e9497c6f0d4,,,"Tasso and Cheese Grits là một món ăn Cajun/Creole thịnh soạn với bột ngô phủ kem, phô mai phủ trên cùng là tasso, một loại giăm bông hun khói và gia vị đặc biệt. Cách chế biến tại nhà hàng này thường kết hợp bột kiều mạch giàu bơ với pho mát sắc nét và giăm bông tasso cắt khối, tạo ra một món ăn mặn, đậm đà với hàm lượng protein và chất béo đáng kể. Sự kết hợp mang đến hương vị đậm đà thông qua gia vị Creole và vị khói độc đáo của tasso, trong khi bột kem mang lại lớp nền sang trọng.",75
cb65ae11-760a-51f7-b160-4a8f3061c48d,,,Mì Cajun với tôm (Cajun Pasta with Shrimp),DISH,218.0,10.0,11.0,21.8,0.8,2.4,740.0,0852d9bc-2e45-4277-87e8-4e9497c6f0d4,,,"Cajun Pasta with Tôm là một món ăn đậm đà kết hợp mì Ý với gia vị kiểu Louisiana và tôm áp chảo. Món ăn này có mì ống được trộn với nước sốt kem cay đậm đà được tăng cường với gia vị Cajun, ớt chuông và tỏi, bên trên là tôm đen hoặc tôm cháy. Các suất ăn của nhà hàng thường cung cấp một khẩu phần ăn phong phú có hàm lượng calo và protein cao đặc biệt, với gia vị Cajun đặc trưng góp phần tạo nên cả hương vị đặc biệt và hàm lượng natri cao.",88
f71eb63f-63ab-588f-9071-5a155045da79,,,Mì Linguine với Pesto (Linguine with Pesto),DISH,166.67,4.0,10.0,15.0,1.33,1.0,250.0,0852d9bc-2e45-4277-87e8-4e9497c6f0d4,,,"Linguine với pesto là một món mì ống có sợi mì dài, dẹt được trộn trong nước sốt xanh đậm làm từ húng quế, dầu ô liu, hạt thông và phô mai Parmesan. Cách chuẩn bị tiệc tự chọn này thường cung cấp một bữa ăn có lượng calo vừa phải đến cao, giàu chất béo lành mạnh từ dầu ô liu và carbohydrate phức hợp từ mì ống. Món ăn thường được phục vụ khi còn nóng với các đồ trang trí tùy chọn như cà chua bi hoặc phô mai bào bổ sung, mặc dù kích thước khẩu phần và tỷ lệ thành phần có thể khác nhau giữa các cơ sở.",75
9c906f25-22cc-5e75-84b9-6654a69c6335,,,Mì Spaghetti và ớt cho trẻ em (Kid's Spaghetti and Chili),DISH,229.41,10.0,3.53,39.41,4.12,5.88,563.53,0852d9bc-2e45-4277-87e8-4e9497c6f0d4,,,"Đây là phần ăn dành cho trẻ em trong món ăn đặc trưng của vùng Cincinnati kết hợp giữa mì spaghetti phủ ớt thịt được tẩm gia vị độc đáo. Loại ớt đặc trưng này có sự pha trộn ngọt-ngọt của các loại gia vị bao gồm quế và bột ca cao, giúp phân biệt với ớt kiểu Texas truyền thống. Thường được phục vụ như một phần nhỏ hơn trong cách chế biến cổ điển, nó được xếp lớp với mì spaghetti mềm bên dưới lớp ớt, thường phủ một lớp phô mai cheddar cắt nhỏ lên trên.",75
3aaf01fa-f644-5be1-bd7e-e9cadc952029,,,Mì Spaghetti và thịt viên (Spaghetti and Meatballs),DISH,113.14,6.36,4.11,12.71,1.27,2.97,233.05,0852d9bc-2e45-4277-87e8-4e9497c6f0d4,,,"Spaghetti và thịt viên là một món ăn thoải mái cổ điển của người Mỹ với mì ống trắng phủ thịt bò viên dày dạn trong nước sốt cà chua đậm đà. Một suất ăn điển hình của nhà hàng cung cấp một phần ăn phong phú, thường được trang trí bằng phô mai Parmesan bào và có thể chứa hơn 300 calo mỗi cốc cùng với một lượng đáng kể protein và carbohydrate. Món ăn thịnh soạn này thường có thịt viên mềm làm từ thịt bò xay dày dặn, vụn bánh mì và rau thơm, dùng kèm với mì ống al dente với nước sốt marinara hơi ngọt.",80
15b26b17-6f77-5df0-ac1c-09b8a7454049,,,Bún bò cuộn (Beef Rice Noodle Roll),DISH,136.17,6.81,4.47,21.28,0.64,3.4,300.0,0852d9bc-2e45-4277-87e8-4e9497c6f0d4,,,"Bún bò cuộn là một món dim sum cổ điển gồm những sợi bún mỏng bọc quanh thịt bò xay dày dặn. Vỏ ngoài của bún tinh tế được làm từ bột gạo và tinh bột, tạo nên kết cấu mềm, dai tương phản với nhân thịt bò thơm ngon. Những cuộn bánh trong suốt này thường được phục vụ tươi từ nồi hấp và rưới nước tương ngọt, mang đến sự kết hợp hài lòng giữa protein và carbohydrate trong mỗi miếng ăn.",80
4a8307c2-453e-5538-874e-201c625746a4,,,Nước xốt phô mai với Kirsch (Cheese Fondue with Kirsch),DISH,228.07,15.79,15.79,3.51,0.0,1.75,649.12,0852d9bc-2e45-4277-87e8-4e9497c6f0d4,,,"Nước xốt phô mai với kirsch là món ăn truyền thống của Thụy Sĩ bao gồm các loại phô mai Gruyère và Emmentaler tan chảy trộn với rượu vang trắng và kết thúc bằng kirsch (rượu mạnh anh đào) để tạo nên hương vị đậm đà đặc biệt. Món ăn chung này thường được phục vụ trong nồi đun nóng với bánh mì giòn và rau để chấm, cung cấp nguồn protein và canxi dồi dào. Sự kết hợp giữa pho mát Thụy Sĩ lâu năm và kirsch tạo ra một hỗn hợp mịn màng, đầy hương vị, thể hiện ẩm thực chính thống của dãy núi Alps.",75
8f474ba8-00b5-5256-81ea-8a861552e73b,,,Mì Mac và phô mai cổ điển Wisconsin (Classic Wisconsin Mac and Cheese),DISH,207.26,8.76,8.76,23.29,0.85,1.71,290.6,0852d9bc-2e45-4277-87e8-4e9497c6f0d4,,,"Classic Wisconsin Mac and Cheese là một món ăn thoải mái chất lượng nhà hàng trưng bày các loại pho mát cao cấp có nguồn gốc từ Wisconsin trong nước sốt béo ngậy. Món chế biến thịnh soạn này có mì ống được nấu chín hoàn hảo được bọc trong sự pha trộn đặc trưng của phô mai cheddar lâu năm và các loại phô mai khác của vùng, tạo nên hương vị phức hợp đặc trưng. Món ăn này cung cấp hàm lượng protein và canxi đáng kể đồng thời mang lại hương vị đích thực đã khiến mac và pho mát Wisconsin trở thành đặc sản nổi tiếng của vùng.",75
cfaf61ef-d1c4-53ff-9844-39ebd1216d2f,,,Bánh Macaroni (Macaroni Pie),DISH,177.02,7.66,6.81,21.28,0.85,1.7,319.15,0852d9bc-2e45-4277-87e8-4e9497c6f0d4,,,"Macaroni Pie là một món mì ống nướng vùng Caribe, nâng tầm mì ống và pho mát truyền thống bằng các loại gia vị của vùng và phương pháp chế biến đặc biệt. Món ăn giàu calo này có phần bên trong là kem gồm hỗn hợp mì ống và phô mai dày dặn, thường kết hợp các loại gia vị Caribe, mù tạt và đôi khi là nước sốt nóng, tất cả được nướng cho đến khi tạo thành lớp vỏ vàng bên trên. Thường được phục vụ như một món ăn thịnh soạn cùng với thịt hoặc cá hầm trong các nhà hàng ở Caribe, nó mang đến một sự thay thế đậm đà hơn và đậm đà hơn cho mì ống và pho mát tiêu chuẩn.",75
e60536f8-be8d-5804-921b-0a746bf572a8,,,Trứng quỷ (Deviled Eggs),DISH,237.5,11.25,18.75,2.5,2.5,1.25,562.5,0852d9bc-2e45-4277-87e8-4e9497c6f0d4,,,"Trứng quỷ được phục vụ tại các quán BBQ miền Nam là những nửa quả trứng luộc chín chứa đầy hỗn hợp đậm đà gồm lòng đỏ trứng, sốt mayonnaise và mù tạt, thường được tăng cường với các món bổ sung theo vùng như thịt xông khói hoặc thịt hun khói. Món chế biến tại nhà hàng này thường chứa nhiều calo và natri hơn so với các món tự chế biến do có nhiều sốt mayonnaise và các nguyên liệu mặn bổ sung. Những món khai vị giàu protein này thường được phục vụ lạnh, với mỗi quả trứng được chia thành hai nửa và thường được trang trí bằng ớt bột hoặc thịt xông khói cắt nhỏ.",75
2d5260d3-be55-55a2-985b-466532c0cdd6,,,Nước xốt phô mai Appenzeller (Appenzeller Cheese Fondue),DISH,394.74,25.09,31.05,1.75,0.0,0.88,596.49,0852d9bc-2e45-4277-87e8-4e9497c6f0d4,,,"Appenzeller Cheese Fondue là món ăn truyền thống của Thụy Sĩ với phô mai Appenzeller tan chảy, được biết đến với hương vị đặc biệt bắt nguồn từ quá trình lão hóa nước muối thảo dược bí mật. Phô mai được nấu chảy với rượu vang trắng và lượng tinh bột tối thiểu để tạo ra nước xốt kem mịn, mang lại hương vị thơm phức hợp. Mặc dù có hàm lượng protein cao và không chứa lactose tự nhiên nhưng món ăn phong phú này thường được phục vụ như một bữa ăn chung với bánh mì, khoai tây hoặc rau để chấm.",75
7f86e50d-192b-57ce-8a5a-18a05491546e,,,Mì Yakisoba với gà (Yakisoba Noodles with Chicken),DISH,136.69,8.39,4.08,16.79,0.96,1.92,359.71,0852d9bc-2e45-4277-87e8-4e9497c6f0d4,,,"Mì Yakisoba với thịt gà là món xào lấy cảm hứng từ Nhật Bản được chế biến trên vỉ nướng teppanyaki phẳng. Món ăn hấp dẫn này kết hợp mì lúa mì với gà nướng, bắp cải, cà rốt và hành tây, tất cả được trộn với nước sốt thơm ngon làm từ đậu nành. Mặc dù cung cấp sự cân bằng tốt về protein và carbohydrate, các suất ăn tại nhà hàng thường chứa lượng natri đáng kể do gia vị và nước sốt, với lượng calo thường vượt quá 700 mỗi khẩu phần.",80
9788ef52-d6fc-546c-b7ff-abcc4d810810,,,Mì Macaroni và phô mai nướng (Baked Macaroni and Cheese),DISH,145.45,6.36,7.27,14.55,1.14,1.82,340.91,0852d9bc-2e45-4277-87e8-4e9497c6f0d4,,,"Macaroni nướng và phô mai là một món mì ống thịnh soạn có mì ống khuỷu tay trong nước sốt đậm đà làm từ nhiều loại phô mai, thường bao gồm phô mai cheddar và phô mai Mỹ, kết thúc bằng lớp vỏ phô mai nướng giòn. Cách chế biến theo phong cách nhà hàng này có đặc điểm dễ chịu hơn so với các phiên bản tự làm, với nội thất màu kem và mặt trên màu nâu vàng đạt được nhờ nướng trong lò. Món ăn này đặc biệt giàu calo, cung cấp lượng protein và canxi đáng kể từ hàm lượng phô mai, đồng thời có hàm lượng chất béo và natri cao hơn đáng kể so với hầu hết các món mì ống.",75
a829a9f9-0114-517a-a8da-290c37300256,,,Mì Fettuccine Carbonara (Fettuccine Carbonara),DISH,200.0,7.5,12.25,15.0,0.75,0.75,187.5,0852d9bc-2e45-4277-87e8-4e9497c6f0d4,,,"Fettuccine Carbonara là một món mì ống nhà hàng phong phú gồm sợi mì dài trong nước sốt kem làm từ trứng, phô mai Parmesan và thịt lợn muối, thường được tăng cường với kem béo trong các tiệm bánh pizza của Mỹ. Chế phẩm hấp dẫn này khác với carbonara truyền thống của Ý ở chỗ kết hợp kem, dẫn đến hàm lượng calo cao hơn, thường từ 800 đến 1600 calo mỗi khẩu phần. Món ăn này cung cấp lượng protein đáng kể từ các thành phần thịt và phô mai, đồng thời mang lại trải nghiệm ăn uống đặc biệt phong phú và sang trọng.",75
6e4b1b20-90c3-54d7-9762-279b7a327b68,,,Cơm chiên trứng (Egg Fried Rice),DISH,160.0,4.5,5.0,25.0,1.0,1.0,300.0,0852d9bc-2e45-4277-87e8-4e9497c6f0d4,,,"Cơm chiên trứng là một món ăn châu Á được chế biến sẵn gồm cơm trắng xào với trứng bác, rau trộn và gia vị bao gồm cả nước tương. Phiên bản kiểu tự chọn này thường chứa nhiều dầu hơn so với các chế phẩm tự chế biến, dẫn đến hàm lượng calo cao hơn khoảng 300-375 calo mỗi khẩu phần cốc. Món ăn này có hàm lượng natri cao đáng chú ý do phương pháp chế biến của nhà hàng và nước tương, đồng thời cung cấp một lượng protein vừa phải từ trứng và hàm lượng carbohydrate đáng kể từ gạo.",75
76824b9a-e76d-53e6-b255-adba95929eca,,,Nước xốt phô mai nấm (Mushroom Cheese Fondue),DISH,225.0,15.0,15.0,5.0,0.5,1.67,416.67,0852d9bc-2e45-4277-87e8-4e9497c6f0d4,,,"Nước xốt phô mai nấm là một món ăn phong phú của Thụy Sĩ gồm các loại phô mai Gruyère và Emmental tan chảy được tăng cường với nấm xào, rượu vang trắng và rượu mạnh kirsch. Món ăn nhà hàng chung này theo truyền thống được phục vụ trong nồi đun nóng với các loại đồ chấm như bánh mì và rau. Sự kết hợp của các loại phô mai Thụy Sĩ cao cấp tạo ra một hỗn hợp giàu protein với hàm lượng canxi đáng kể, đồng thời việc bổ sung nấm sẽ làm tăng thêm hương vị đậm đà và hương đất cho chế phẩm cổ điển.",75
5a8207d0-3980-5b9c-ae9e-224f46e5a7f2,,,Cơm Arroz Mamposteao (Arroz Mamposteao),DISH,113.35,3.5,2.85,19.3,0.15,0.5,75.55,0852d9bc-2e45-4277-87e8-4e9497c6f0d4,,,"Arroz Mamposteao là món cơm truyền thống của Puerto Rico kết hợp gạo trắng với đậu hồng hầm và gia vị sofrito thơm. Món ăn thịnh soạn này nổi bật bởi màu cam đặc trưng của dầu annatto và hương vị phức tạp được tạo ra bởi sự pha trộn của hành, tỏi và ớt. Sự kết hợp giữa gạo và đậu mang lại sự cân bằng hài lòng giữa carbohydrate và protein từ thực vật, khiến nó trở thành một lựa chọn bổ dưỡng như món chính hoặc món ăn phụ.",75
eda52eaf-9582-5e0e-80b2-d63c6d34b8a5,,,Mì Pasta e Fagioli (Pasta e Fagioli),DISH,105.88,5.29,3.53,12.35,2.35,1.76,470.59,0852d9bc-2e45-4277-87e8-4e9497c6f0d4,,,"Pasta e Fagioli là món súp truyền thống của Ý với sự kết hợp thịnh soạn giữa các hình dạng mì ống nhỏ và đậu trắng trong nước dùng thơm ngon làm từ cà chua. Món ăn yêu thích của nhà hàng này thường bao gồm các loại rau thơm, thảo mộc Ý và thường có một lượng nhỏ thịt lợn ướp muối để tạo hương vị, tạo nên món súp ngon miệng cho bữa ăn. Sự kết hợp cân bằng giữa mì ống và đậu cung cấp cả protein và carbohydrate phức tạp, khiến nó trở thành một món ăn no nhưng có lượng calo vừa phải.",75
93e1bd6d-9a3c-5b50-af70-161151c8014e,,,Đĩa phô mai dê Wisconsin (Wisconsin Goat Cheese Board),DISH,364.29,21.43,28.57,3.57,0.0,3.57,464.29,0852d9bc-2e45-4277-87e8-4e9497c6f0d4,,,"Hội đồng Phô mai Dê Wisconsin là tuyển chọn thủ công các loại pho mát dê được sản xuất tại địa phương nhằm thể hiện tay nghề chế biến sữa nổi tiếng của bang. Những loại chèvre được tuyển chọn cẩn thận này thường có nhiều kết cấu và kiểu dáng ủ khác nhau, từ chèvre tươi nhiều kem cho đến các loại chè lâu năm, thường được dùng kèm với các món ăn kèm như mật ong, các loại hạt hoặc trái cây. Phô mai dê tự nhiên dễ tiêu hóa hơn phô mai sữa bò và cung cấp hàm lượng protein và canxi tuyệt vời đồng thời mang lại hương vị thơm đặc biệt.",75
