id,created_at,updated_at,name,type,calories_per_100g,protein_per_100g,fat_per_100g,carbs_per_100g,fiber_per_100g,sugar_per_100g,sodium_mg_per_100g,category_id,default_serving_id,image_url,description,health_score
1e4d53ad-7ab9-5a54-854a-e9ceea6c224e,,,Bánh quế quế có đường (Sweetened Cinnamon Waffle),DISH,309.0,7.3,7.3,51.0,2.5,18.0,418.0,9d4dc1ac-566d-45dd-8f5c-976afae98cfc,,,"Bánh quế ngọt là một món ăn sáng làm sẵn có đặc điểm là hương vị gia vị ấm áp và kết cấu giòn, màu nâu vàng. Những chiếc bánh quế này thường chứa thêm đường và carbohydrate tinh chế, với quế được tẩm vào bột hoặc rắc lên trên để tạo mùi thơm ấm áp. Mặc dù thuận tiện nhưng thành phần dinh dưỡng của chúng lại thiên về mật độ calo cao hơn và ít chất xơ hơn so với các sản phẩm thay thế ngũ cốc nguyên hạt, khiến việc nhận thức về khẩu phần ăn trở nên quan trọng đối với chế độ ăn kiêng đường. Chúng thường được phục vụ nướng với xi-rô hoặc trái cây, càng làm tăng thêm vị ngọt của chúng.",75
986decbf-093e-5500-9195-744318d8e47a,,,Bánh muffin việt quất mini (Mini Blueberry Muffins),INGREDIENT,375.0,4.49,16.1,53.0,1.1,31.5,336.0,9d4dc1ac-566d-45dd-8f5c-976afae98cfc,,,"Bánh nướng xốp việt quất mini là loại bánh nướng ngọt, dùng một lần, có quả việt quất tươi hoặc đông lạnh được gấp thành lớp vụn ẩm và mềm. Kích thước nhỏ gọn và vị ngọt đậm đặc của chúng khiến việc kiểm soát khẩu phần trở nên khó khăn mặc dù chúng tiện lợi khi cầm tay, vì chúng thường chứa carbohydrate tinh chế và đường bổ sung tương đương với bánh nướng xốp cỡ lớn. Những chiếc bánh nướng xốp này thường sử dụng bột mì đa dụng và có thể chứa các chất gây dị ứng phổ biến như lúa mì, trứng hoặc sữa, tùy thuộc vào công thức.",75
c5fd074a-1003-5974-9259-db01e0fbacf6,,,Bánh muffin Anh ít calo (Low-Calorie English Muffins),DISH,227.0,8.9,1.7,44.0,3.0,4.0,450.0,9d4dc1ac-566d-45dd-8f5c-976afae98cfc,,,"Bánh nướng xốp kiểu Anh có hàm lượng calo thấp là phiên bản sửa đổi của bánh nướng xốp truyền thống, được làm giàu với các chất dinh dưỡng bổ sung như vitamin B và sắt để nâng cao giá trị dinh dưỡng của chúng. Họ đạt được lượng calo giảm thông qua hỗn hợp bột có nhiều chất xơ hoặc điều chỉnh khẩu phần trong khi vẫn giữ được các ngóc ngách đặc trưng và kết cấu dai nhẹ của bánh nướng xốp kiểu Anh cổ điển. Thường được sử dụng làm món ăn sáng chủ yếu hoặc bánh sandwich, chúng cung cấp một lựa chọn cân bằng cho chế độ ăn kiêng hạn chế calo mà không làm mất đi tính linh hoạt.",75
d28151a0-aada-50d4-9782-d6e338373cff,,,Nước cốt dừa không đường (Unsweetened Coconut Milk),INGREDIENT,148.18,1.4,15.4,1.7,0.0,1.7,26.0,9d4dc1ac-566d-45dd-8f5c-976afae98cfc,,,"Nước cốt dừa không đường là một chất lỏng có nguồn gốc từ thực vật được lấy từ cùi dừa trưởng thành, không thêm đường hoặc chất làm ngọt. Có sẵn ở cả dạng hộp đựng ổn định (ít chất béo) và dạng đóng hộp (chất béo cao hơn), nó cung cấp nguồn chất béo trung tính chuỗi trung bình (MCT) phong phú trong khi vẫn chứa ít carbohydrate và protein. Loại sữa thay thế không chứa sữa này được sử dụng rộng rãi trong các món mặn như cà ri, làm kem trong đồ uống và trong các công thức nấu ăn keto hoặc nhạt đòi hỏi hương vị trung tính, hơi hấp dẫn.",75
72616187-c19f-58f7-8716-1c90f8487c16,,,Bánh ngọt trắng (White Cake),DISH,357.0,5.4,12.4,57.2,0.8,35.5,327.0,9d4dc1ac-566d-45dd-8f5c-976afae98cfc,,,"Bánh trắng là một loại bánh cổ điển của Mỹ có đặc điểm là màu nhạt và lớp vỏ xốp, mềm, được làm bằng cách sử dụng lòng trắng trứng thay vì cả quả trứng. Món tráng miệng có vị ngọt này thường kết hợp bột mì tinh chế, đường và bơ hoặc dầu, tạo ra lượng carbohydrate cao với lượng đường bổ sung đáng chú ý. Thường được kết hợp với kem phủ kem bơ, đây là món ăn chủ yếu để ăn mừng nhưng có thể chứa các chất gây dị ứng phổ biến như gluten, sữa và trứng.",75
7c335978-7816-569b-b04f-18e2a8add99c,,,Bánh cuộn ngọt (Sweet Roll),DISH,372.0,6.2,16.0,51.0,2.4,32.0,600.0,9d4dc1ac-566d-45dd-8f5c-976afae98cfc,,,"Bánh cuộn ngọt là một loại bánh ngọt làm từ men hoặc bánh được làm giàu, đặc trưng bởi bột có đường và thường xuyên sử dụng men, kem hoặc nhân. Những món nướng này thường kết hợp bột mì tinh chế, đường, trứng và bơ để tạo ra lớp vỏ bánh mềm, mềm, với hương quế, vani hoặc trái cây là những hương vị bổ sung phổ biến. Mặc dù cung cấp lượng protein vừa phải từ trứng và sữa, bánh cuộn ngọt chủ yếu là món ăn chứa nhiều carbohydrate thường được dùng như món ăn sáng hoặc món tráng miệng hơn là món ăn chủ yếu hàng ngày.",75
be237c1b-9d62-53c4-8b1c-04fd2abfe57b,,,"Xúc xích heo Ý ngọt, tươi sống (Sweet Italian Pork Sausage, Raw)",INGREDIENT,271.0,14.4,20.9,6.3,0.0,1.17,676.0,9d4dc1ac-566d-45dd-8f5c-976afae98cfc,,,"Xúc xích thịt lợn Ý ngọt là một loại xúc xích tươi, chưa qua chế biến được làm từ thịt lợn xay dày dặn và được phân biệt bằng sự pha trộn đặc trưng của thì là, tỏi và ớt bột ngọt. Các liên kết thô thường chứa 25-30% chất béo, góp phần tạo nên kết cấu ngon ngọt khi nấu chín và được bọc trong vỏ tự nhiên hoặc tổng hợp. Loại xúc xích lấy cảm hứng từ Ý này cần được nấu chín kỹ và thường được nướng, áp chảo hoặc dùng làm hương vị cơ bản cho nước sốt và món nhồi mì ống.",75
764ffe22-d69f-5cdc-bf20-3fbf5fe879eb,,,Bánh quy xoắn muối (Salted Pretzels),INGREDIENT,384.0,10.0,2.94,80.4,3.4,2.21,1240.0,9d4dc1ac-566d-45dd-8f5c-976afae98cfc,,,"Bánh quy mặn là một món ăn nhẹ nướng truyền thống được làm từ bột mì đã được làm giàu, trải qua quá trình xử lý trong dung dịch kiềm trước khi nướng, tạo ra lớp vỏ màu nâu sẫm đặc trưng và phần bên trong dai. Quá trình làm giàu bổ sung thêm các chất dinh dưỡng thiết yếu như vitamin B và sắt vào bột, trong khi lớp muối thô đặc trưng đóng góp hàm lượng natri đáng kể. Thường được tạo hình thành các nút thắt xoắn, những chiếc bánh quy này cung cấp lượng protein vừa phải từ gluten lúa mì và thường được thưởng thức như một món ăn nhẹ thơm ngon kết hợp với mù tạt hoặc nước chấm phô mai.",75
868aa37f-4789-53ac-acae-bdc6eac54021,,,Bánh muffin ngô (Corn Muffins),DISH,305.0,5.9,8.4,51.0,3.4,17.8,426.0,9d4dc1ac-566d-45dd-8f5c-976afae98cfc,,,"Bánh nướng xốp ngô là một món nướng cổ điển của Mỹ kết hợp bột ngô và bột mì, tạo ra lớp vỏ vàng đặc biệt với kết cấu hơi sạn. Loại ngô có vị ngọt cân bằng độ đất tự nhiên của ngô với đường bổ sung, khiến chúng trở nên phổ biến như món ăn sáng hoặc món ăn kèm cho các món mặn như ớt. Mặc dù cung cấp năng lượng nhanh chóng từ carbohydrate, nhưng chúng thường chứa ít chất xơ hơn so với các sản phẩm thay thế ngũ cốc nguyên hạt do hàm lượng bột tinh chế và thường lấy được độ ẩm từ bơ hoặc dầu bổ sung.",75
704845f3-1cdc-5549-a242-2186a95dfdd1,,,Bánh gạo táo quế (Apple Cinnamon Rice Cake),DISH,385.0,7.7,0.0,84.6,7.7,53.8,100.0,9d4dc1ac-566d-45dd-8f5c-976afae98cfc,,,"Bánh gạo táo quế là một món ăn nhẹ có vị ngọt được làm từ gạo nguyên hạt căng phồng phủ gia vị quế có hương vị táo. Những chiếc bánh giòn, ít béo này cung cấp một nguồn carbohydrate và chất xơ thuận tiện, mặc dù lượng đường bổ sung khiến chúng có hàm lượng carbs đơn giản cao hơn so với các loại bánh thông thường. Phổ biến như một món ăn nhẹ di động, chúng cung cấp một lựa chọn thay thế không chứa gluten cho bánh quy giòn có đường khi được làm mà không có các thành phần bị nhiễm chéo.",75
60f50ff8-56b3-5579-b29a-02e6bbe68a48,,,Hỗn hợp bánh kếp lúa mì nguyên cám (Whole Wheat Pancake Mix),INGREDIENT,347.0,11.7,1.41,72.6,7.9,10.5,1525.0,9d4dc1ac-566d-45dd-8f5c-976afae98cfc,,,"Hỗn hợp bánh pancake làm từ lúa mì nguyên hạt là hỗn hợp nướng khô sử dụng bột mì nguyên hạt làm cơ sở, giữ lại cám và mầm để có hàm lượng chất xơ và chất dinh dưỡng cao hơn so với hỗn hợp bột tinh chế. Sự kết hợp được đo lường trước này thường bao gồm chất tạo men và một chút chất làm ngọt, chỉ yêu cầu nguyên liệu lỏng để tạo bột. Cơ sở lúa mì nguyên hạt mang lại kết cấu đậm đà hơn và hương vị hấp dẫn hơn so với hỗn hợp bánh kếp truyền thống đồng thời cung cấp năng lượng bền vững từ carbohydrate phức tạp.",75
0b5e5c71-3628-514e-ab28-b725e87398ba,,,Bánh gạo nguyên hạt (Whole Grain Rice Cakes),INGREDIENT,387.0,8.2,2.8,81.5,4.2,0.88,26.0,9d4dc1ac-566d-45dd-8f5c-976afae98cfc,,,"Bánh gạo nguyên hạt là một món ăn nhẹ ít calo được làm bằng cách đun nóng gạo lứt dưới áp suất để tạo ra những đĩa giòn, thoáng. Mặc dù chúng giữ lại cám và mầm của ngũ cốc nguyên hạt, nhưng quá trình phồng lên của chúng làm giảm hàm lượng chất xơ so với ngũ cốc nguyên hạt, dẫn đến thực phẩm giàu carbohydrate với lượng chất béo hoặc protein tối thiểu. Những chiếc bánh đa năng này đóng vai trò làm nền cho cả lớp phủ ngọt và mặn, cung cấp lựa chọn không chứa gluten cho các món ăn nhanh, mặc dù giá trị cảm giác no của chúng thấp hơn so với các lựa chọn thay thế ngũ cốc nguyên hạt giàu chất xơ.",75
5735cc69-119e-5029-81e8-5e4f57f84148,,,Sốt BBQ ngọt (Sweet Barbecue Sauce),DISH,192.0,0.95,0.43,46.1,1.3,38.4,765.0,9d4dc1ac-566d-45dd-8f5c-976afae98cfc,,,"Nước sốt thịt nướng ngọt là một loại gia vị làm từ cà chua, đặc trưng bởi hương vị đường rõ rệt được cân bằng với giấm thơm và gia vị khói. Kiểu nước sốt này thường sử dụng chất làm ngọt như đường nâu, mật ong hoặc mật đường để tạo ra lớp men dày giống như caramel, lý tưởng để phủ các món thịt nướng hoặc làm nước chấm. Mặc dù làm tăng hương vị, nhưng các loại thương mại thường chứa một lượng đáng kể đường bổ sung và natri, đòi hỏi phải kiểm soát khẩu phần ăn một cách thận trọng trong kế hoạch bữa ăn có ý thức về dinh dưỡng.",75
386cd7ad-8f04-5ac5-be76-90627438c2e1,,,"Xúc xích gà tây ngọt, nấu chín (Sweet Turkey Sausage, Cooked)",DISH,220.0,18.5,15.0,2.0,0.0,2.0,650.0,9d4dc1ac-566d-45dd-8f5c-976afae98cfc,,,"Xúc xích gà tây ngọt là một sản phẩm gia cầm dày dặn được làm từ thịt gà tây nạc xay trộn với hương liệu ngọt như xi-rô cây thích hoặc đường nâu. Mặc dù có hàm lượng chất béo bão hòa thấp hơn so với xúc xích heo truyền thống nhưng phiên bản nấu chín này thường chứa thêm đường góp phần tạo nên lớp men và caramen đặc trưng trong quá trình nấu. Các miếng chả hoặc miếng chả nấu chín sẵn cung cấp protein thuận tiện cho các món ăn sáng và bánh mì sandwich, mặc dù tính chất đã qua chế biến và cấu hình vị ngọt-ngọt của chúng có thể yêu cầu nhận thức về khẩu phần trong chế độ ăn uống cân bằng.",75
1dc7c22b-e20f-5fe0-b7df-f4f26f72a65e,,,"Sô cô la sữa, thanh (Milk Chocolate, Bar)",INGREDIENT,540.0,7.5,30.6,57.9,2.0,55.2,91.0,9d4dc1ac-566d-45dd-8f5c-976afae98cfc,,,"Sôcôla sữa là một loại bánh kẹo ngọt được làm từ bột ca cao, sữa bột và đường, thường chứa hàm lượng ca cao 10-40% cho hương vị nhẹ hơn sô cô la đen. Kết cấu kem mịn của nó là kết quả của việc kéo dài quá trình nghiền trong quá trình sản xuất, giúp phân phối đều bơ ca cao. Mặc dù phổ biến vì hương vị ngọt ngào, dễ tiếp cận, nhưng nó thường chứa tỷ lệ đường và chất béo bão hòa cao hơn so với các loại sô cô la đen, với các thành phần từ sữa khiến nó không phù hợp với chế độ ăn thuần chay.",75
3e2961fc-0cdf-5134-ab83-3b32def1cad9,,,Bánh kếp protein (Protein Pancakes),DISH,205.0,17.0,5.0,22.0,3.0,3.0,350.0,9d4dc1ac-566d-45dd-8f5c-976afae98cfc,,,"Bánh kếp protein là một món ăn thay thế bữa sáng giàu chất dinh dưỡng được làm từ các nguyên liệu giàu protein như whey cô lập, lòng trắng trứng hoặc protein từ thực vật để cung cấp 15-25g protein mỗi khẩu phần. Không giống như bánh kếp truyền thống, họ thường thay thế bột mì tinh chế bằng các lựa chọn như bột yến mạch hoặc bột hạnh nhân, mang lại kết cấu đậm đặc hơn, no hơn đồng thời giảm lượng carbohydrate. Những chiếc bánh kếp này thường thích hợp không chứa gluten và thường được bổ sung thêm các chất bổ sung giàu protein như sữa chua Hy Lạp hoặc bơ hạt để nâng cao hơn nữa thành phần dinh dưỡng của chúng.",75
7e235885-ae09-5e1b-a70f-986f94f4aa76,,,Bánh muffin Anh phô mai (Cheese English Muffins),DISH,305.0,11.9,6.8,52.5,3.5,5.0,364.0,9d4dc1ac-566d-45dd-8f5c-976afae98cfc,,,"Bánh nướng xốp phô mai kiểu Anh là một loại bánh nướng thơm ngon được làm từ bột mì giàu dinh dưỡng trộn với phô mai cắt nhỏ hoặc bột, giúp tăng cường protein và canxi so với các loại bánh thông thường. Cơ sở bột mì được làm giàu cung cấp thêm vitamin B và sắt, trong khi phô mai tạo ra lớp vỏ mềm và bề ngoài có màu nâu vàng, hơi giòn khi nướng. Thường được chia ra và phục vụ khi còn ấm, những chiếc bánh nướng xốp này cân bằng vị nhẹ từ quá trình lên men với hương vị béo ngậy, béo ngậy, khiến chúng trở thành món nền linh hoạt cho bánh mì ăn sáng hoặc đồ ăn nhẹ độc lập.",75
22606f29-6b7c-56dd-adc7-02dee2963a4d,,,Bánh gạo thường mini (Mini Plain Rice Cakes),DISH,387.0,8.2,2.8,81.5,4.2,0.88,26.0,9d4dc1ac-566d-45dd-8f5c-976afae98cfc,,,"Bánh gạo mini là món ăn nhẹ nhỏ, không đường được làm từ gạo nguyên hạt căng phồng tạo thành những chiếc bánh hình đĩa giòn. Được sản xuất bằng cách đun nóng gạo dưới áp suất cao cho đến khi gạo nở ra, chúng cung cấp nguồn carbohydrate ít chất béo, không chứa gluten với lượng đường tự nhiên tối thiểu. Mặc dù phổ biến để ăn vặt có kiểm soát khẩu phần và kiểm soát cân nặng, nhưng chỉ số đường huyết cao khiến chúng tiêu hóa nhanh nhưng có thể khiến lượng đường trong máu tăng đột biến.",75
658cb779-f291-50e9-ac22-96a05ee7bee5,,,Sữa sô cô la ít đường (Low Sugar Chocolate Milk),INGREDIENT,57.0,3.43,1.04,7.68,0.0,7.29,66.0,9d4dc1ac-566d-45dd-8f5c-976afae98cfc,,,"Sữa sô cô la ít đường là một loại đồ uống từ sữa có đường giúp giảm hàm lượng đường thông thường từ 30-50% thông qua công thức cẩn thận, thường sử dụng chất làm ngọt tự nhiên như stevia hoặc trái cây thầy tu. Nó giữ lại các lợi ích về protein, canxi và vitamin D của sữa thông thường đồng thời cung cấp lựa chọn ít đường hơn cho những người tiêu dùng quan tâm đến sức khỏe hoặc những người đang quản lý lượng carbohydrate nạp vào. Sản phẩm duy trì kết cấu kem đặc trưng của sữa sô cô la và hương ca cao nhưng có độ ngọt nhẹ hơn.",75
887d82c8-e53e-5b2c-b5c5-ac12629e0747,,,Bánh quy sô cô la chip nướng mềm (Soft-Baked Chocolate Chip Cookies),DISH,444.0,3.63,19.77,65.75,1.8,37.1,276.0,9d4dc1ac-566d-45dd-8f5c-976afae98cfc,,,"Bánh quy sô cô la chip nướng mềm là một món tráng miệng có đặc điểm là nhân dai và mép hơi giòn, đạt được nhờ thời gian nướng và tỷ lệ bơ và đường chính xác. Những chiếc bánh quy này thường chứa những miếng sô cô la hơi ngọt và đường nâu, góp phần tạo nên vị ngọt đậm đà và kết cấu ẩm. Mặc dù thường là các sản phẩm tự chế biến, nhưng các phiên bản thương mại có thể bao gồm chất bảo quản hoặc chất ổn định và tất cả các loại thường chứa chất gây dị ứng như lúa mì, sữa và trứng.",75
a826d868-3787-532c-9440-7120578a120b,,,Thanh năng lượng hạnh nhân có đường (Sweetened Almond Energy Bar),DISH,475.0,8.2,22.8,61.1,4.6,34.0,371.0,9d4dc1ac-566d-45dd-8f5c-976afae98cfc,,,"Thanh năng lượng hạnh nhân ngọt là một món ăn nhẹ di động kết hợp hạnh nhân nguyên hạt hoặc cắt nhỏ với các thành phần liên kết như yến mạch và chất làm ngọt bổ sung như mật ong hoặc xi-rô. Những thanh này cung cấp năng lượng tập trung từ chất béo lành mạnh và protein từ thực vật của hạnh nhân, mặc dù hàm lượng carbohydrate của chúng tăng lên đáng kể khi bổ sung đường. Được thiết kế để thuận tiện, chúng phục vụ như một nguồn năng lượng nhanh chóng cho lối sống năng động nhưng cần chú ý đến kích thước khẩu phần do mật độ calo so với các thanh hạt không đường.",75
f88d88ca-529b-5b52-bb6d-7f78d5aa8de3,,,Bánh kếp nguyên hạt (Whole Grain Pancakes),DISH,229.0,7.9,10.1,29.0,3.6,5.0,800.0,9d4dc1ac-566d-45dd-8f5c-976afae98cfc,,,"Bánh kếp làm từ ngũ cốc nguyên hạt là món ăn sáng được làm bằng bột mì giữ lại cám, mầm và nội nhũ của hạt, cung cấp nhiều chất xơ và vi chất dinh dưỡng hơn đáng kể so với các phiên bản bột mì tinh chế. Những chiếc bánh kếp này cung cấp carbohydrate phức tạp để giải phóng năng lượng bền vững và có hương vị đậm đà hơn, hơi béo so với bánh kếp truyền thống. Thường được phục vụ với trái cây tươi hoặc các loại hạt, chúng cân bằng dinh dưỡng và tiện lợi khi được chế biến với lượng đường bổ sung tối thiểu hoặc lớp phủ đã qua chế biến.",75
89ffbd49-e9af-5ebe-a36b-245a472a303c,,,Sữa hạnh nhân hương vani có đường (Sweetened Vanilla Flavored Almond Milk),INGREDIENT,38.0,0.42,1.04,6.59,0.4,6.25,63.0,9d4dc1ac-566d-45dd-8f5c-976afae98cfc,,,"Sữa hạnh nhân có hương vani ngọt là một loại đồ uống có nguồn gốc thực vật được làm từ hạnh nhân xay, nước và các chất làm ngọt bổ sung như đường mía, pha trộn với hương vani tự nhiên hoặc nhân tạo. Loại sữa thay thế không chứa sữa này chứa ít calo và ít protein hơn sữa bò nhưng thường được bổ sung canxi và vitamin D để mô phỏng thành phần dinh dưỡng của sữa. Hương vị vani thơm, ngọt nhẹ và kết cấu kem khiến nó trở nên phổ biến trong cà phê, sinh tố và ngũ cốc, mặc dù đường bổ sung làm tăng hàm lượng carbohydrate so với các loại không đường.",75
869aeb80-b40e-5075-84f2-661bbe1eaa95,,,Sữa yến mạch hương sô cô la có đường (Sweetened Chocolate-Flavored Oat Milk),INGREDIENT,73.0,1.2,3.1,10.0,1.0,7.0,50.0,9d4dc1ac-566d-45dd-8f5c-976afae98cfc,,,"Sữa yến mạch có vị sô cô la ngọt là một loại sữa thay thế có nguồn gốc thực vật được làm từ yến mạch trộn với ca cao và chất làm ngọt bổ sung, mang lại kết cấu kem và hương vị giống như món tráng miệng. Đồ uống tăng cường này thường chứa thêm canxi và vitamin để mô phỏng thành phần dinh dưỡng của sữa bò, đồng thời hàm lượng đường vừa phải giúp đáp ứng cảm giác thèm ngọt. Lý tưởng cho latte, sinh tố hoặc ngũ cốc, nó cung cấp một lựa chọn không chứa lactose, thân thiện với người ăn chay nhưng yêu cầu tiêu thụ một cách thận trọng đối với những người theo dõi lượng đường bổ sung.",75
dbcfbf1d-f98e-585f-b0e4-cd4838c63f83,,,"Sữa đậu nành có đường, có hương vị (Sweetened Soy Milk, Flavored)",INGREDIENT,43.0,2.6,1.47,4.92,0.2,3.65,47.0,9d4dc1ac-566d-45dd-8f5c-976afae98cfc,,,"Sữa đậu nành có hương vị ngọt là một loại đồ uống có nguồn gốc thực vật được làm từ đậu nành đã qua chế biến trộn với đường bổ sung và hương liệu tự nhiên hoặc nhân tạo như vani hoặc sô cô la. Mặc dù vẫn giữ được thành phần protein hoàn chỉnh của đậu nành, nhưng nó chứa nhiều carbohydrate hơn đáng kể so với các loại không đường, với nhiều thương hiệu tăng cường canxi, vitamin D và B12 để phù hợp với tiêu chuẩn dinh dưỡng của sữa bò. Giải pháp thay thế ổn định trong thời hạn sử dụng này đóng vai trò như một lựa chọn phổ biến không chứa lactose cho đồ uống cà phê, sinh tố và công thức món tráng miệng, mặc dù hàm lượng đường bổ sung của nó có thể cần được xem xét đối với chế độ ăn kiêng hạn chế calo.",75
c3eb435b-6efe-51fe-ae1b-99aa093087f0,,,Bánh muffin Anh bột chua (Sourdough English Muffins),DISH,227.0,8.87,1.69,44.2,3.5,3.53,425.0,9d4dc1ac-566d-45dd-8f5c-976afae98cfc,,,"Bánh nướng xốp Sourdough English là một sản phẩm bánh mì có men được làm từ bột chua lên men, mang lại cho chúng vị ngọt nhẹ và cấu trúc vụn thoáng mát được đánh dấu bằng các ngóc ngách đặc trưng. Công thức bột làm giàu bao gồm các vitamin và khoáng chất bổ sung như vitamin B và sắt, đồng thời quá trình lên men kéo dài giúp tăng cường khả năng tiêu hóa và tạo ra tác động đường huyết thấp hơn so với bánh nướng xốp thông thường. Theo truyền thống được chia nhỏ và nướng, những chiếc bánh nướng xốp này có kết cấu dai và hương vị phức tạp khác biệt với các loại bánh lên men.",75
4e189341-cd55-5a2b-8fe6-3ab6133a5075,,,Caramel (Caramel),DISH,388.0,4.8,8.5,73.0,0.0,66.0,250.0,9d4dc1ac-566d-45dd-8f5c-976afae98cfc,,,"Caramel là một loại bánh kẹo ngọt được tạo ra bằng cách đun nóng đường cho đến khi tan chảy và trải qua quá trình caramen hóa, phát triển màu nâu vàng đặc trưng và hương vị bơ đậm đà. Thường được tăng cường với các nguyên liệu từ sữa như bơ hoặc kem, nó bao gồm từ kết cấu mềm, dai trong kẹo đến nước sốt sền sệt dùng trong món tráng miệng và đồ uống. Mặc dù chủ yếu được đánh giá cao nhờ đặc tính làm ngọt, nhưng caramen cung cấp giá trị dinh dưỡng tối thiểu ngoài carbohydrate và nên được tiêu thụ ở mức độ vừa phải đối với những người theo dõi lượng đường tiêu thụ.",75
9f99c414-0df7-56c6-833d-dec2fc75698c,,,Bánh tortilla ít béo (Reduced Fat Tortilla Chips),DISH,416.0,11.0,5.7,80.1,5.3,0.85,15.0,9d4dc1ac-566d-45dd-8f5c-976afae98cfc,,,"Bánh tortilla giảm chất béo là một món ăn nhẹ nướng thay thế cho bánh ngô chiên truyền thống, cung cấp ít chất béo hơn 25-30% trên mỗi khẩu phần thông qua chế biến bằng lò nướng. Những loại khoai tây chiên này vẫn giữ được hương vị ngô cổ điển và kết cấu giòn của các phiên bản thông thường nhưng có cảm giác ngon miệng ít béo hơn nhờ loại bỏ chiên ngập dầu. Mặc dù hàm lượng chất béo thấp hơn nhưng một số nhãn hiệu lại bù lại bằng hàm lượng carbohydrate hoặc natri cao hơn một chút, khiến việc xem xét kỹ lưỡng nhãn hiệu trở nên quan trọng đối với việc lập kế hoạch ăn kiêng. Chúng vẫn là lựa chọn phổ biến để kết hợp với các món chấm như salsa hoặc guacamole trong chế độ ăn kiêng hạn chế calo.",75
0ac8c1ac-f936-51a0-b5fa-92cec66303d4,,,"Khoai lang, đóng hộp, để ráo (Sweet Potatoes, Canned, Drained)",DISH,109.0,1.28,0.22,25.4,3.0,5.74,39.0,9d4dc1ac-566d-45dd-8f5c-976afae98cfc,,,"Khoai lang đóng hộp, để ráo nước là loại củ có thịt màu cam nấu sẵn được bảo quản trong nước hoặc xi-rô, mang đến sự thay thế thuận tiện cho các loại khoai tươi. Mặc dù có kết cấu mềm hơn khoai lang nướng hoặc hấp, nhưng chúng vẫn giữ được beta-carotene và chất xơ đáng kể, cung cấp nguồn carbohydrate phức tạp giàu dinh dưỡng. Dạng ổn định khi bảo quản này thường được sử dụng trong các món ăn nhanh, món thịt hầm hoặc bánh nướng, với thành phần dinh dưỡng thay đổi một chút tùy thuộc vào việc chúng được đóng gói trong nước hay xi-rô đường.",75
1ccfec44-f39a-5855-b856-f4fc518c6481,,,Bánh kếp việt quất (Blueberry Pancakes),DISH,222.0,6.1,9.2,29.0,2.3,7.0,412.0,9d4dc1ac-566d-45dd-8f5c-976afae98cfc,,,"Bánh kếp việt quất là một món ăn sáng có vị ngọt được làm từ bột chiên trên vỉ nướng, đặc trưng bởi quả việt quất nguyên quả hoặc nghiền trộn trực tiếp vào bột trước khi nấu. Quả mọng giải phóng đường tự nhiên trong quá trình nấu, tạo ra các túi có kết cấu giống như mứt và vẻ ngoài dạng vân cẩm thạch đặc biệt, đồng thời cung cấp chất chống oxy hóa như anthocyanin. Mặc dù thường được coi là một lựa chọn lành mạnh, nhưng chất làm ngọt được thêm vào trong hầu hết các công thức nấu ăn và lớp phủ xi-rô thông thường làm cho phiên bản này có hàm lượng carbohydrate đơn giản cao hơn đáng kể so với bánh kếp thông thường.",75
b7349664-b58c-5567-8403-b5e75867ceca,,,Bánh gạo lứt (Brown Rice Cakes),DISH,387.0,8.2,2.8,81.5,4.2,0.88,26.0,9d4dc1ac-566d-45dd-8f5c-976afae98cfc,,,"Bánh gạo lứt là một món ăn nhẹ làm từ ngũ cốc nguyên hạt được làm bằng cách ép nhiệt gạo lứt nấu chín thành những đĩa tròn, giòn. Giữ lại lớp cám của hạt, chúng cung cấp nhiều chất xơ và chất dinh dưỡng hơn các loại gạo trắng trong khi vẫn duy trì kết cấu nhẹ, thoáng mát với tông màu hạt dẻ tinh tế. Những chiếc bánh không chứa gluten này đóng vai trò như một loại bánh có lượng calo thấp cho lớp phủ ngọt hoặc mặn và phổ biến trong chế độ ăn kiêng hạn chế calo do độ giòn vừa miệng và hàm lượng chất béo tối thiểu.",75
b4de6497-66fe-58a1-9c93-4acb9e1a3259,,,"Bánh muffin cám yến mạch, có đường (Oat Bran Muffin, Sweetened)",DISH,270.0,7.0,7.4,48.3,4.6,20.0,260.0,9d4dc1ac-566d-45dd-8f5c-976afae98cfc,,,"Bánh nướng xốp cám yến mạch là món ăn sáng nướng được làm chủ yếu từ lớp ngoài giàu chất xơ của hạt yến mạch, cung cấp nhiều chất xơ hòa tan hơn đáng kể so với bánh nướng xốp làm từ bột mì truyền thống. Phiên bản có đường có chứa đường bổ sung góp phần tạo nên kết cấu ẩm và hương vị ngon miệng đồng thời làm tăng hàm lượng carbohydrate. Mặc dù cám yến mạch cung cấp beta-glucans làm giảm cholesterol và có lợi cho tiêu hóa, người tiêu dùng nên lưu ý hàm lượng đường khi theo dõi lượng chất dinh dưỡng đa lượng. Những chiếc bánh nướng xốp này thường được thưởng thức như một món ăn nhẹ thịnh soạn hoặc thành phần bữa sáng giúp cân bằng sự tiện lợi với giá trị dinh dưỡng.",75
6095b30b-c776-591c-8903-a1a9e9afff45,,,Khoai tây chiên khoai lang (Sweet Potato Tots),INGREDIENT,219.0,1.9,9.0,33.5,2.6,8.0,329.0,9d4dc1ac-566d-45dd-8f5c-976afae98cfc,,,"Khoai lang viên là một món ăn nhẹ đã qua chế biến được làm bằng cách gọt khoai lang hoặc xay nhuyễn thành những miếng hình trụ nhỏ, thường được tráng và chiên giòn để có độ giòn. Mặc dù vẫn giữ được hàm lượng beta-carotene tự nhiên trong khoai lang (tiền chất vitamin A), thành phần dinh dưỡng của chúng thường bao gồm chất béo và natri bổ sung so với khoai lang nướng nguyên củ. Những miếng vừa ăn này cung cấp một sự thay thế ngọt ngào hơn, đậm đặc hơn cho những miếng khoai tây chiên truyền thống làm từ khoai tây, thường xuất hiện như một lựa chọn chuyển tiếp từ rau trong bữa trưa ở trường và thực đơn ăn uống thông thường.",75
f13712d3-6208-5d56-993f-e86b0794e947,,,Sữa chua trái cây có đường nguyên chất (Whole Milk Sweetened Fruit Yogurt),DISH,127.0,8.0,4.7,13.3,1.0,13.3,75.0,9d4dc1ac-566d-45dd-8f5c-976afae98cfc,,,"Sữa chua trái cây làm ngọt từ sữa nguyên chất là một sản phẩm sữa được nuôi cấy kết hợp độ kem của sữa nguyên chất với các chế phẩm từ trái cây và thêm chất làm ngọt như đường hoặc mật ong. Biến thể sữa chua này chứa các chế phẩm sinh học hoạt động có lợi cho sức khỏe đường ruột nhưng khác với sữa chua thông thường ở hàm lượng đường cao hơn từ cả trái cây cô đặc và đường bổ sung. Kết cấu cân bằng độ dày của quá trình lên men sữa nguyên chất với trái cây xay nhuyễn hoặc miếng, khiến nó trở nên phổ biến như một món ăn nhẹ hoặc thành phần bữa sáng giống như món tráng miệng.",75
6c896d97-2106-597e-9e88-a9bd1d378303,,,Súp khoai lang (Sweet Potato Soup),DISH,49.0,0.9,0.4,10.2,1.3,3.5,200.0,9d4dc1ac-566d-45dd-8f5c-976afae98cfc,,,"Súp khoai lang là một món súp xay nhuyễn mịn có vị ngọt tự nhiên của rau được tăng cường bởi các loại gia vị như quế hoặc thì là. Giàu beta-carotene và chất xơ, nó cung cấp hơn 400% giá trị vitamin A hàng ngày cho mỗi khẩu phần khi được làm từ các loại thịt cam. Phần đế thường kết hợp khoai lang nướng hoặc luộc với nước dùng, thường được hoàn thiện với nước cốt dừa để tạo độ béo ngậy cho các phiên bản không có sữa.",75
226c973c-d498-5b65-b5db-a5ec85f6a366,,,Bánh quế việt quất có đường (Sweetened Blueberry Waffles),DISH,240.0,4.2,7.0,40.0,2.0,17.7,350.0,9d4dc1ac-566d-45dd-8f5c-976afae98cfc,,,"Bánh quế việt quất ngọt là một sản phẩm ăn sáng được làm từ bột mì đã được làm giàu và thường chứa đường bổ sung, với quả việt quất được nhúng thành từng miếng hoặc cho vào bột. Những chiếc bánh quế này thường được nấu chín trước và đông lạnh để nướng nhanh, mang lại sự tiện lợi nhưng chứa nhiều carbohydrate do bột tinh chế và chất làm ngọt. Mặc dù quả việt quất đóng góp một lượng nhỏ chất xơ và chất chống oxy hóa, nhưng thành phần dinh dưỡng của sản phẩm chủ yếu được xác định bởi carbohydrate đã qua chế biến và đường bổ sung thay vì thành phần thực phẩm nguyên chất.",75
d0b8f1ee-ab1d-52e2-be44-cf4ac051d0f4,,,"Phết hạt dẻ, có đường (Hazelnut Spread, Sweetened)",DISH,541.0,5.0,30.0,59.0,3.0,55.0,41.0,9d4dc1ac-566d-45dd-8f5c-976afae98cfc,,,"Phết hạt phỉ là một loại gia vị ngọt, dạng kem được làm chủ yếu từ hạt phỉ rang, ca cao và đường, được trộn thành một hỗn hợp mịn như bột nhão. Món ăn giàu calo này có hàm lượng chất béo chủ yếu từ hạt phỉ và dầu thực vật bổ sung, trong khi vị ngọt của nó đến từ lượng đường bổ sung đáng kể. Mặc dù phổ biến như một thành phần phủ trên bữa sáng và món tráng miệng, nhưng thành phần dinh dưỡng của nó đảm bảo việc chia khẩu phần hợp lý do mật độ năng lượng tập trung từ chất béo và đường.",75
e73e2062-e271-5720-8895-e73eebc6d81b,,,Sữa chua hạnh nhân có đường (Sweetened Almond Yogurt),DISH,91.78,2.6,4.5,9.2,1.8,5.5,5.0,9d4dc1ac-566d-45dd-8f5c-976afae98cfc,,,"Sữa chua hạnh nhân có đường là một loại sữa thay thế có nguồn gốc thực vật được làm từ sữa hạnh nhân nuôi cấy và pha trộn với các chất làm ngọt như đường mía hoặc xi-rô. Tùy chọn thân thiện với người ăn chay này cung cấp kết cấu kem với hương vị hạt dẻ tinh tế, cung cấp chất béo không bão hòa đơn cao hơn nhưng ít protein hơn đáng kể so với sữa chua sữa truyền thống. Nhiều loại sữa chua thương mại được bổ sung men vi sinh để hỗ trợ sức khỏe đường ruột và canxi để hỗ trợ xương, mặc dù đường bổ sung làm tăng hàm lượng carbohydrate so với các loại sữa chua hạnh nhân không đường.",75
b2148ece-7a10-5afe-9a5a-6ce68cdf653b,,,Hỗn hợp bánh kếp yến mạch (Oatmeal Pancake Mix),INGREDIENT,326.0,10.9,4.35,67.4,6.5,5.0,500.0,9d4dc1ac-566d-45dd-8f5c-976afae98cfc,,,"Hỗn hợp bánh pancake bột yến mạch là sự kết hợp nguyên liệu khô được trộn sẵn được thiết kế để chuẩn bị nhanh chóng những chiếc bánh kếp làm từ yến mạch thịnh soạn. Hỗn hợp này thường kết hợp yến mạch nguyên hạt với bột mì, chất tạo men và gia vị, cung cấp nhiều chất xơ và carbohydrate phức hợp hơn so với hỗn hợp bánh kếp làm từ bột tinh chế truyền thống. Khi chế biến bằng nguyên liệu lỏng, nó sẽ tạo ra những chiếc bánh bông xốp với hương vị hấp dẫn và kết cấu hơi dai từ hàm lượng yến mạch, cân bằng sự tiện lợi với mật độ dinh dưỡng.",75
8affe1de-fc85-5ef2-8289-2458e92bc928,,,Sữa hạnh nhân sô cô la có đường (Sweetened Chocolate Almond Milk),INGREDIENT,50.0,0.63,1.25,9.38,0.4,8.75,71.0,9d4dc1ac-566d-45dd-8f5c-976afae98cfc,,,"Sữa hạnh nhân sô cô la ngọt là một loại đồ uống có nguồn gốc thực vật kết hợp sữa hạnh nhân với ca cao và thêm chất làm ngọt để tạo hương vị đậm đà giống như món tráng miệng. Mặc dù có hàm lượng protein thấp hơn sữa bò hoặc sữa đậu nành nhưng nó thường được bổ sung canxi và vitamin D, đồng thời hương vị sô cô la hấp dẫn của nó khiến nó trở nên phổ biến khi dùng làm sinh tố, ngũ cốc hoặc tiêu dùng riêng lẻ. Loại sữa thay thế không chứa lactose này phù hợp với chế độ ăn thuần chay nhưng chứa hàm lượng đường cao hơn đáng kể so với các loại sữa hạnh nhân không đường.",75
ee8a4cdb-542f-5093-944d-e18f2a37dac5,,,"Hỗn hợp sô cô la, hạt và trái cây sấy khô (Chocolate Trail Mix)",DISH,520.0,8.0,23.0,70.0,6.0,35.0,75.0,9d4dc1ac-566d-45dd-8f5c-976afae98cfc,,,"Hỗn hợp sô cô la đường mòn là một hỗn hợp đồ ăn nhẹ có vị ngọt kết hợp các loại hạt rang, trái cây sấy khô và các miếng sô cô la để tạo nên hương vị mặn ngọt cân bằng. Hỗn hợp giàu năng lượng này cung cấp lượng calo bền vững từ chất béo và protein lành mạnh trong các loại hạt, carbohydrate nhanh từ trái cây sấy khô và thường chứa đường bổ sung trong lớp phủ sô cô la hoặc kẹo. Mặc dù cung cấp dinh dưỡng thuận tiện cho những hoạt động tích cực, nhưng hàm lượng calo đậm đặc của nó đòi hỏi phải kiểm soát khẩu phần ăn một cách chú ý. Sự kết hợp giữa kết cấu và hương vị khiến nó trở nên phổ biến để ăn vặt khi di chuyển nhưng lại ít phù hợp với chế độ ăn ít đường.",75
4aae7704-879c-50aa-94ca-08560cead4c9,,,Bánh gạo mini táo quế (Apple Cinnamon Mini Rice Cakes),DISH,385.0,7.7,0.0,84.6,3.5,23.0,0.0,9d4dc1ac-566d-45dd-8f5c-976afae98cfc,,,"Bánh gạo mini quế táo là một món ăn nhẹ có vị ngọt được làm từ gạo phồng phủ hương táo và quế. Kết cấu giòn, thoáng mát và hình dạng vừa ăn của chúng mang đến một lựa chọn di động để cung cấp năng lượng nhanh chóng, mặc dù lượng đường bổ sung làm tăng hàm lượng carbohydrate so với bánh gạo thông thường. Mặc dù không chứa gluten tự nhiên và ít chất béo, nhưng vị ngọt của chúng khiến chúng trở nên phổ biến như một món tráng miệng nhẹ thay thế hoặc lớp phủ cho sữa chua và bột yến mạch.",75
135ff12e-d9b9-52b6-947d-dd5613e6ac21,,,Bánh quy yến mạch sô cô la chip (Oatmeal Chocolate Chip Cookies),DISH,456.0,5.0,20.0,64.0,3.0,22.0,150.0,9d4dc1ac-566d-45dd-8f5c-976afae98cfc,,,"Bánh quy sô cô la bột yến mạch là một món bánh ngọt nướng kết hợp yến mạch cán với sô cô la chip bán ngọt trong bột dai, bơ. Yến mạch cung cấp nhiều chất xơ hơn so với bánh quy sô cô la chip tiêu chuẩn, trong khi sô cô la đóng góp đáng kể lượng đường bổ sung và chất béo bão hòa. Thường được làm bằng bột mì và bơ, những chiếc bánh quy này cân bằng lợi ích của ngũ cốc nguyên hạt với hương vị hấp dẫn nhưng vẫn là một lựa chọn ăn nhẹ hoặc món tráng miệng giàu calo.",75
0e33ed3f-0287-5b5a-ae7b-6ecf9c8566d4,,,Đồ ăn nhẹ trái cây có đường (Sweetened Fruit Snacks),DISH,352.0,0.08,0.0,88.0,0.0,68.2,23.0,9d4dc1ac-566d-45dd-8f5c-976afae98cfc,,,"Đồ ăn nhẹ trái cây có đường là những món ăn đã qua chế biến, có thời hạn sử dụng ổn định, thường được làm từ trái cây xay nhuyễn cô đặc hoặc nước trái cây pha trộn với đường bổ sung, gelatin và hương vị nhân tạo. Mặc dù thường được bán trên thị trường như một lựa chọn làm từ trái cây, nhưng chúng thiếu chất xơ và chất dinh dưỡng tự nhiên như trái cây nguyên quả và có thể chứa lượng đường tương đương với kẹo. Những món ăn nhẹ dai, có màu sắc rực rỡ này phổ biến vì tính di động và thời hạn sử dụng lâu nhưng cần được phân biệt với trái cây sấy khô không đường trong việc theo dõi dinh dưỡng.",75
eb7f0b47-52bf-58cb-baed-af51ed095754,,,Bánh gạo phô mai cheddar (Cheddar Cheese Rice Cakes),DISH,318.0,9.1,6.8,63.6,4.5,0.5,1180.0,9d4dc1ac-566d-45dd-8f5c-976afae98cfc,,,"Bánh gạo phô mai Cheddar là một món ăn nhẹ thơm ngon được làm từ gạo ép căng phồng phủ gia vị phô mai cheddar. Những chiếc đĩa giòn, thoáng mát này cung cấp một lựa chọn thay thế ít calo hơn cho đồ ăn nhẹ có hương vị phô mai truyền thống đồng thời mang lại hương vị umami đậm đà. Mặc dù ở dạng cơ bản không chứa gluten và không có chất béo, nhưng các loại phô mai thương mại thường chứa thêm natri để nâng cao hương vị của phô mai, khiến việc nhận thức về khẩu phần trở nên quan trọng đối với chế độ ăn kiêng natri.",75
5adeb766-8acd-5512-9af8-6db05c9b627e,,,Hỗn hợp bánh mì ngô ngọt (Sweet Cornbread Mix),INGREDIENT,333.0,3.3,0.0,83.3,3.3,13.3,1000.0,9d4dc1ac-566d-45dd-8f5c-976afae98cfc,,,"Hỗn hợp bánh ngô ngọt là hỗn hợp nướng làm sẵn kết hợp bột ngô, bột mì, chất tạo men và đường bổ sung để chế biến nhanh chóng món bánh ngô ẩm, giống như bánh. Hỗn hợp khô này giúp đơn giản hóa quá trình nướng bánh bằng cách chỉ yêu cầu thêm các nguyên liệu ướt như sữa và trứng, tạo ra phiên bản ngọt ngào đặc trưng của món ăn truyền thống chủ yếu của miền Nam Hoa Kỳ. Mặc dù tiện lợi nhưng nó thường chứa nhiều carbohydrate tinh chế hơn so với công thức làm bánh ngô không đường và thường chứa các chất gây dị ứng phổ biến như lúa mì và sữa.",75
fce47eff-0eb0-5243-a9ff-fded9bbc0e38,,,Sốt ớt ngọt (Sweet Chili Sauce),DISH,210.0,0.3,2.7,46.0,1.0,40.0,280.0,9d4dc1ac-566d-45dd-8f5c-976afae98cfc,,,"Tương ớt ngọt là một loại gia vị phổ biến ở châu Á, kết hợp ớt đỏ, tỏi, đường và giấm thành một loại nước sốt trong mờ, bóng loáng với những mảnh ớt có thể nhìn thấy được. Loại nước sốt đa năng này cân bằng giữa hương vị ngọt và cay với độ sánh đặc như siro, lý tưởng để chấm, tráng men hoặc dùng làm nguyên liệu xào. Mặc dù theo truyền thống được sử dụng với chả giò và các món gà, nhưng nó thường chứa hàm lượng đường đáng kể so với các loại nước sốt làm từ ớt khác.",75
71778870-dbc7-5941-8897-c81f8a6b234d,,,Bánh muffin chanh hạt anh túc (Lemon Poppy Seed Muffin),INGREDIENT,392.0,6.0,14.0,61.0,2.0,29.0,300.0,9d4dc1ac-566d-45dd-8f5c-976afae98cfc,,,"Bánh nướng xốp hạt anh túc chanh là một loại bánh ngọt dành cho bữa sáng, đặc trưng bởi hương vị cam quýt tươi sáng và những hạt anh túc đen đặc biệt được phân bổ khắp phần vỏ bánh mềm. Món bánh chủ yếu này thường kết hợp bột mì, đường, trứng và bơ đã được làm giàu với vỏ chanh tươi và nước trái cây, tạo ra một món ăn sáng có lượng calo vừa phải. Công thức cổ điển thường có phần bên trong ẩm ướt, giống như bánh ngọt và phần trên hơi giòn, đôi khi được phủ thêm men chanh hoặc lớp trên cùng là streusel.",75
efc7b16f-3493-504e-8096-e2faa04fa626,,,Sữa đậu nành có đường (Sweetened Soy Milk),INGREDIENT,40.7,2.78,1.96,3.0,0.0,3.0,39.4,9d4dc1ac-566d-45dd-8f5c-976afae98cfc,,,"Sữa đậu nành có đường là một loại sữa thay thế có nguồn gốc thực vật được làm từ đậu nành ngâm, xay trộn với đường bổ sung hoặc chất làm ngọt. Phiên bản này có kết cấu kem, ngọt nhẹ đồng thời cung cấp protein và isoflavone đặc trưng của đậu nành, mặc dù chứa nhiều carbohydrate hơn 30-50% so với các loại không đường. Thường được bổ sung canxi và vitamin D, nó là sự lựa chọn phổ biến cho đồ uống, ngũ cốc và bánh nướng thuần chay, mặc dù lượng đường bổ sung của nó cần được xem xét để quản lý lượng đường trong máu.",75
6127d30b-ce21-5018-aec2-4884f2be6c7d,,,Bánh quy giòn yến mạch có đường (Sweetened Oatmeal Crackers),DISH,449.0,6.45,16.1,67.7,6.5,9.7,550.0,9d4dc1ac-566d-45dd-8f5c-976afae98cfc,,,"Bánh quy yến mạch có đường là món ăn nhẹ nướng kết hợp bột yến mạch với chất làm ngọt như mật ong hoặc đường nâu, mang lại kết cấu giòn và hương vị yến mạch nhẹ. Mặc dù chúng cung cấp chất xơ hòa tan từ yến mạch hỗ trợ sức khỏe tim mạch nhưng hàm lượng đường bổ sung của chúng làm tăng mật độ carbohydrate so với bánh quy mặn. Thường được thưởng thức đơn giản hoặc kết hợp với bơ hạt, những chiếc bánh quy giòn này có thể không chứa gluten tùy thuộc vào phương pháp chế biến yến mạch.",75
895b669f-5371-5eff-a860-a59335fc0417,,,Bánh quy granola (Granola Cookies),DISH,500.0,10.7,28.6,50.0,4.0,27.0,150.0,9d4dc1ac-566d-45dd-8f5c-976afae98cfc,,,"Bánh quy granola là món ăn nhẹ nướng kết hợp kết cấu bánh quy truyền thống với các nhóm yến mạch, các loại hạt và hạt thường thấy trong granola. Những món ăn ngọt này mang đến sự kết hợp giữa kết cấu dai và giòn đồng thời cung cấp lượng chất xơ khiêm tốn và protein từ thực vật từ các nguyên liệu ngũ cốc nguyên hạt, mặc dù đường bổ sung thường bù đắp lợi ích dinh dưỡng của chúng. Chúng thường được tiếp thị như một sự thay thế lành mạnh cho bánh quy tiêu chuẩn nhưng cần chú ý đến kích thước khẩu phần do mật độ calo đậm đặc.",75
71b7cb4e-2d53-54b2-b1f1-72cd5c174cff,,,Đậu phộng phủ sô cô la (Chocolate-Covered Peanuts),DISH,512.0,9.7,34.0,53.0,9.7,43.0,36.0,9d4dc1ac-566d-45dd-8f5c-976afae98cfc,,,"Đậu phộng phủ sôcôla là một loại bánh kẹo có vị ngọt kết hợp đậu phộng rang với một lớp phủ sôcôla. Món ăn nhẹ cân bằng hàm lượng protein và độ giòn tự nhiên của hạt với lượng đường và chất béo bổ sung từ vỏ sô cô la, tạo ra một món ăn giàu năng lượng thường được thưởng thức ở mức độ vừa phải. Mặc dù cung cấp một lượng nhỏ magie và protein từ thực vật, thành phần dinh dưỡng của chúng bị ảnh hưởng đáng kể bởi loại sô cô la và hàm lượng đường, với các loại sô cô la sữa thường chứa chất gây dị ứng từ sữa.",75
69a69230-a378-5659-99e0-afe968884349,,,Bánh muffin Anh với các loại hạt hoặc hạt (English Muffins with Nuts or Seeds),INGREDIENT,320.0,11.0,10.0,45.0,6.5,5.0,450.0,9d4dc1ac-566d-45dd-8f5c-976afae98cfc,,,"Bánh nướng xốp kiểu Anh với các loại hạt hoặc hạt là sản phẩm bánh mì giàu dinh dưỡng có ngũ cốc nguyên hạt và các loại hạt hoặc hạt nhúng để tăng thêm kết cấu và dinh dưỡng. Quá trình tăng cường làm tăng hàm lượng vitamin B và sắt, trong khi các loại hạt hoặc hạt kết hợp đóng góp chất béo, chất xơ và protein có nguồn gốc thực vật lành mạnh không có trong các loại tiêu chuẩn. Những chiếc bánh nướng xốp này thường được tách ra và nướng, với việc bổ sung thêm hạt/hạt tạo nên độ tương phản giòn với cấu trúc vụn mềm, xốp, mặc dù chúng có chứa các chất gây dị ứng thông thường từ các thành phần được thêm vào.",75
b90a019e-29d1-595b-97c3-71cd6430c22c,,,Granola anh đào và hạt điều có đường (Sweetened Cherries and Cashews Granola),DISH,429.0,7.0,35.0,58.0,4.0,25.0,150.0,9d4dc1ac-566d-45dd-8f5c-976afae98cfc,,,"Sweetened Cherries and Cashews Granola là một loại ngũ cốc ăn sáng nướng kết hợp yến mạch cán, quả anh đào chua khô và hạt điều rang kết hợp với chất làm ngọt. Sự kết hợp cân bằng giữa các miếng trái cây dai với các cụm hạt giòn, mang đến sự kết hợp của carbohydrate phức hợp, chất béo có nguồn gốc thực vật từ hạt điều và đường trái cây tự nhiên. Mặc dù giàu năng lượng và giàu chất xơ, nhưng chất ngọt được bổ sung của nó giúp việc kiểm soát khẩu phần ăn trở nên quan trọng đối với những người theo dõi lượng đường ăn vào.",75
24bc5a06-cf53-5be6-823c-9dd31afe7ccd,,,Bánh ngọt donut (Cake Donut),DISH,434.0,5.31,24.9,47.1,1.7,20.0,477.0,9d4dc1ac-566d-45dd-8f5c-976afae98cfc,,,"Bánh donut là một loại bánh ngọt chiên được phủ bột nở hoặc soda, tạo ra kết cấu đặc, vụn, khác biệt với bánh rán ủ men thoáng hơn. Cách chế biến làm từ bột bánh bao gồm việc chiên ngập dầu, góp phần tạo nên bề ngoài giòn và hàm lượng chất béo cao hơn, trong khi các lớp phủ bên trên như men hoặc rắc thêm đường tinh luyện. Mặc dù giàu calo và ít protein hoặc chất xơ, nhưng nó cung cấp năng lượng nhanh chóng từ carbohydrate, khiến nó trở thành món ăn sáng hoặc bữa ăn nhẹ phổ biến.",75
bd2862e2-e9da-5ab9-8e7b-8e8f6a0cec2b,,,"Bánh quy sô cô la chip, mini (Chocolate Chip Cookies, Mini)",DISH,457.0,5.7,17.1,71.4,3.0,40.0,400.0,9d4dc1ac-566d-45dd-8f5c-976afae98cfc,,,"Bánh quy sô cô la chip nhỏ là món nướng có vị ngọt đặc trưng bởi các phần nhỏ, vừa ăn và sự kết hợp cổ điển giữa bột bơ với miếng sô cô la vừa ngọt. Bánh quy thường có các cạnh sắc nét với phần nhân dai, đạt được nhờ hàm lượng đường và chất béo cao từ các nguyên liệu như đường nâu và bơ. Mặc dù phổ biến như các món ăn nhẹ, nhưng kích thước thu nhỏ của chúng có thể dẫn đến việc đánh giá thấp mật độ calo, với hầu hết các loại thương mại đều chứa lượng đường bổ sung đáng kể và chất béo bão hòa trong mỗi khẩu phần.",75
88c512b5-0bf3-574d-8612-fb4764907b7a,,,Hỗn hợp bánh kếp sô cô la chip (Chocolate Chip Pancake Mix),INGREDIENT,342.0,7.9,3.9,71.0,2.6,21.0,1342.0,9d4dc1ac-566d-45dd-8f5c-976afae98cfc,,,"Hỗn hợp bánh kếp sô cô la chip là hỗn hợp làm bánh ngọt được làm sẵn có chứa bột mì, đường, chất tạo men và sô cô la chip để thuận tiện cho việc chuẩn bị tại nhà. Hỗn hợp khô này thường tạo ra những chiếc bánh bông xốp có vị ngọt bên trong và các túi sô cô la tan chảy, mặc dù nó thường chứa thêm đường và carbohydrate tinh chế. Nhiều loại thương mại bao gồm các chất dinh dưỡng được tăng cường như sắt và vitamin B, trong khi các chất gây dị ứng phổ biến như lúa mì, sữa (từ sô cô la) và đậu nành có thể xuất hiện tùy thuộc vào nhãn hiệu.",75
6f912417-591c-5651-8912-37b5ece399ba,,,Bỏng ngô lò vi sóng tiêu đen (Black Pepper Microwave Popcorn),DISH,429.0,12.3,8.6,68.2,3.5,2.0,292.0,9d4dc1ac-566d-45dd-8f5c-976afae98cfc,,,"Bắp rang tiêu đen dùng trong lò vi sóng là một món ăn nhẹ tẩm gia vị được làm bằng cách đun nóng các phần hạt đã được chia sẵn và gia vị trong túi an toàn cho lò vi sóng. Hương vị cay, đậm đà của nó đến từ hạt tiêu đen nứt và thường chứa ít natri hơn các loại có hương vị bơ, mặc dù nó có thể bao gồm chất bảo quản hoặc chất tăng hương vị nhân tạo. Việc chế biến bằng lò vi sóng tạo ra những hạt nhân nổ trong không khí với kết cấu nhẹ, mang đến một bữa ăn nhẹ tiện lợi cho một khẩu phần mà không cần thêm dầu hoặc thiết bị.",75
e18c787d-1d1f-554f-b692-260aa26399e2,,,Hỗn hợp bánh kếp việt quất (Blueberry Pancake Mix),INGREDIENT,361.0,16.0,3.8,65.0,3.0,18.0,450.0,9d4dc1ac-566d-45dd-8f5c-976afae98cfc,,,"Hỗn hợp bánh kếp việt quất là hỗn hợp khô làm sẵn có chứa bột mì, chất tạo men và quả việt quất khô hoặc đông khô, thường được làm ngọt trước và được làm giàu với các vitamin như sắt và vitamin B. Được thiết kế để thuận tiện, nó chỉ yêu cầu các nguyên liệu lỏng để tạo ra những chiếc bánh bông xốp với hương vị quả mọng bùng nổ, mặc dù công thức chế biến dẫn đến lượng carbohydrate tinh chế và hàm lượng đường bổ sung cao hơn so với các loại bánh tự làm. Thời hạn sử dụng kéo dài và kết quả nhất quán của hỗn hợp này khiến nó trở nên phổ biến trong bữa sáng nhanh chóng, nhưng người dùng nên lưu ý các chất phụ gia tiềm ẩn như chất bảo quản hoặc hương liệu nhân tạo.",75
0d2d01c8-2cca-5191-a34d-c7dbb2d20af4,,,Kefir hương trái cây có đường (Sweetened Fruit-Flavored Kefir),DISH,60.0,3.2,0.8,9.6,0.0,8.8,36.0,9d4dc1ac-566d-45dd-8f5c-976afae98cfc,,,"Kefir có hương vị trái cây ngọt là một thức uống từ sữa được nuôi cấy kết hợp các lợi ích probiotic của sữa lên men truyền thống với hương vị trái cây và chất làm ngọt bổ sung. Trong khi vẫn giữ lại các vi khuẩn có lợi cho đường ruột và kết cấu hơi sủi bọt của kefir thông thường, phiên bản này có hương vị ngọt ngào hơn, hương trái cây, thường giống với sữa chua uống được. Đường bổ sung làm tăng hàm lượng carbohydrate so với các loại không đường, khiến việc nhận thức về khẩu phần ăn trở nên quan trọng đối với những người theo dõi lượng đường ăn vào.",75
dbe4f89d-6a2f-5cff-ab92-eb1aea47055f,,,Kem bánh quy và kem (Cookies and Cream Ice Cream),DISH,200.0,3.5,10.0,22.0,1.0,20.0,80.0,9d4dc1ac-566d-45dd-8f5c-976afae98cfc,,,"Bánh quy và kem là một món tráng miệng đông lạnh làm từ sữa phổ biến với kem vani ngọt được trộn với những miếng bánh quy bánh sandwich sô cô la. Cách pha chế này tạo ra sự tương phản đặc trưng giữa phần đế mịn như kem và những miếng bánh quy giòn, thường giữ được hương vị ca cao đặc trưng dù đã đông lạnh. Mặc dù cung cấp lượng protein tối thiểu, hương vị này thường chứa hàm lượng đường bổ sung và chất béo bão hòa cao từ các thành phần kem và bánh quy, với các chất gây dị ứng phổ biến bao gồm sữa, lúa mì và đậu nành.",75
615e4c3f-322e-5228-a3b7-bcf56200df4e,,,Bánh gạo không chứa gluten (Gluten-Free Rice Cakes),DISH,387.0,8.2,2.8,81.5,4.2,0.88,26.0,9d4dc1ac-566d-45dd-8f5c-976afae98cfc,,,"Bánh gạo không chứa gluten là một món ăn nhẹ, giòn được làm từ gạo nguyên hạt căng phồng được ép thành đĩa tròn. Chúng cung cấp nguồn gốc tự nhiên không chứa gluten, ít calo cho lớp phủ ngọt hoặc mặn, với hầu hết các loại chứa ít hơn 1g chất béo mỗi khẩu phần. Mặc dù được xử lý tối thiểu thông qua sự giãn nở nhiệt, kết cấu thoáng mát và hương vị nhẹ khiến chúng trở nên linh hoạt cho các chế độ ăn kiêng quan tâm đến dinh dưỡng, mặc dù chúng thường thiếu chất xơ hoặc protein đáng kể trừ khi được tăng cường.",75
19b400ed-10c2-5b71-85a5-1cf6292ab3dc,,,Dưa chua ngọt (Sweet Pickle Relish),DISH,130.0,0.37,0.47,35.1,1.1,29.1,811.0,9d4dc1ac-566d-45dd-8f5c-976afae98cfc,,,"Món dưa chua ngọt là một loại gia vị được làm từ dưa chuột thái nhỏ ngâm trong nước muối giấm đường, nổi bật bởi vị ngọt tươi cân bằng với độ chua thơm. Loại gia vị này thường chứa thêm đường hoặc xi-rô ngô, góp phần tạo nên hương vị đặc trưng và hàm lượng carbohydrate cao hơn so với các loại làm từ thì là. Kết cấu băm nhỏ, giòn khiến nó trở thành loại phủ phổ biến cho xúc xích, bánh mì kẹp thịt và salad khoai tây, trong khi vị ngọt đậm đặc của nó cũng tạo nên sự phức tạp cho các món sốt và nước chấm.",75
6fd5c439-43ae-5b69-b36d-950fc8b2338c,,,Bánh quy wafer (Wafer Cookies),DISH,433.0,6.6,14.2,72.7,3.4,37.4,580.0,9d4dc1ac-566d-45dd-8f5c-976afae98cfc,,,"Bánh quy wafer là loại bánh nướng mỏng, giòn được làm từ nhiều lớp bột ngọt. Đặc trưng bởi kết cấu nhẹ, thoáng mát và thường chứa đầy kem có hương vị hoặc lớp phủ sô cô la, những chiếc bánh quy ít béo này lấy phần lớn lượng calo từ carbohydrate và đường tinh chế. Mặc dù phổ biến như một món tráng miệng hoặc món ăn nhẹ tinh tế, chúng thường cung cấp lượng protein hoặc chất xơ tối thiểu so với các loại bánh quy ngon hơn. Mẫu lưới đặc trưng và tiếng 'tách' sắc nét khi bị vỡ giúp phân biệt chúng với các món nướng đặc hơn như bánh quy bơ hoặc bánh quy sô cô la chip.",75
71184a24-f3ac-54f5-9f24-cf0f83d982a4,,,"Kefir vani, có đường (Vanilla Kefir, Sweetened)",DISH,70.0,3.5,1.5,12.0,0.0,11.0,60.0,9d4dc1ac-566d-45dd-8f5c-976afae98cfc,,,"Kefir vani ngọt là một biến thể có hương vị của đồ uống từ sữa lên men kết hợp các lợi ích probiotic truyền thống của kefir với hương vani và chất làm ngọt bổ sung. Thức uống được nuôi cấy này duy trì độ mịn, hơi sủi bọt của kefir thông thường đồng thời mang lại hương vị dễ tiếp cận hơn cho những người mới sử dụng các sản phẩm sữa lên men. Mặc dù chứa các chế phẩm sinh học có lợi tương tự như kefir không đường, phiên bản này có hàm lượng đường cao hơn do có thêm chất làm ngọt.",75
0d091eac-c759-560e-a98a-1140a21c893f,,,Sữa không sữa hương sô cô la có đường (Sweetened Chocolate-Flavored Non-Dairy Milk),INGREDIENT,50.0,0.63,1.25,9.38,0.4,8.75,71.0,9d4dc1ac-566d-45dd-8f5c-976afae98cfc,,,"Sữa không đường có vị sô cô la ngọt là đồ uống có nguồn gốc thực vật kết hợp ca cao với chất làm ngọt bổ sung để tạo ra một sản phẩm thay thế lấy cảm hứng từ món tráng miệng cho sữa bò truyền thống. Thường được làm từ hạnh nhân, đậu nành hoặc yến mạch, loại sữa thay thế có hương vị này chứa nhiều đường và calo bổ sung hơn đáng kể so với các loại không đường trong khi vẫn duy trì việc tăng cường canxi và vitamin tương đương với các sản phẩm từ sữa. Hương vị sô cô la đậm đà của nó hấp dẫn những người ăn kiêng dựa trên thực vật nhưng đòi hỏi phải chú ý đến hàm lượng carbohydrate, mặc dù nó vẫn không chứa lactose và cholesterol một cách tự nhiên.",75
b61f9c6e-cf25-5aca-b616-d8c9c7a58249,,,Sữa đặc có đường (Sweetened Condensed Milk),INGREDIENT,330.0,8.0,9.0,55.0,0.0,54.0,240.0,9d4dc1ac-566d-45dd-8f5c-976afae98cfc,,,"Sữa đặc có đường là một sản phẩm sữa đặc, ổn định, được tạo ra bằng cách loại bỏ khoảng 60% nước khỏi sữa bò và thêm một lượng đường đáng kể. Quá trình này mang lại vị ngọt siêu đậm đặc, giống như caramel và kết cấu sền sệt giúp chống hư hỏng mà không cần để lạnh. Được sử dụng chủ yếu trong các công thức làm bánh và tráng miệng, nó tạo thành nền tảng cho các loại bánh kẹo chính như kẹo mềm, bánh tres leches và dulce de leche đồng thời góp phần tạo nên hương vị đậm đà cho đồ uống như trà đá Thái Lan.",75
96bbdfe8-7054-55f4-895f-684a3a7d49ff,,,Nam việt quất sấy khô có đường (Sweetened Dried Cranberries),INGREDIENT,308.0,0.15,1.19,80.9,5.4,70.1,4.3,9d4dc1ac-566d-45dd-8f5c-976afae98cfc,,,"Quả nam việt quất khô có đường là quả nam việt quất đã khử nước được pha với đường hoặc nước ép trái cây để cân bằng vị chua tự nhiên của chúng, tạo ra một món ăn nhẹ dai, có vị thơm nhẹ. Trong khi quá trình sấy khô tập trung chất chống oxy hóa và chất xơ của trái cây, lượng đường bổ sung làm tăng đáng kể hàm lượng carbohydrate so với quả nam việt quất tươi. Những miếng bánh tart ngọt đa năng này thường được sử dụng trong các món trộn, đồ nướng và salad, mang đến một lựa chọn thuận tiện, ổn định khi bảo quản với hương vị đặc biệt.",75
db705ff1-24c0-57a7-825f-000f0321eb00,,,Sữa gạo không đường (Unsweetened Rice Milk),INGREDIENT,50.0,0.25,1.0,10.0,0.0,2.5,37.0,9d4dc1ac-566d-45dd-8f5c-976afae98cfc,,,"Sữa gạo không đường là một loại đồ uống có nguồn gốc thực vật được làm bằng cách trộn gạo xay với nước và lọc hỗn hợp. Loại sữa thay thế có vị nhẹ tự nhiên này không chứa các chất gây dị ứng thông thường như các loại hạt, đậu nành và lactose, khiến nó phù hợp với nhiều chế độ ăn kiêng. Mặc dù có hàm lượng protein thấp hơn so với sữa bò nhưng nó mang lại kết cấu nhẹ, mịn và hương vị trung tính, mặc dù nó có chứa carbohydrate tự nhiên từ gạo.",75
50499dec-6ed6-5f2f-b3be-20b6553c5fba,,,Sữa chua đậu nành có đường (Sweetened Soy Yogurt),DISH,111.0,4.0,2.5,18.0,1.0,15.0,50.0,9d4dc1ac-566d-45dd-8f5c-976afae98cfc,,,"Sữa chua đậu nành có đường là một loại sữa thay thế không chứa sữa cho sữa chua truyền thống được làm từ đậu nành nuôi cấy có bổ sung chất làm ngọt. Sản phẩm có nguồn gốc thực vật này duy trì kết cấu kem tương tự như sữa chua sữa đồng thời cung cấp hàm lượng protein đáng kể, mặc dù nó thường chứa ít canxi hơn trừ khi được tăng cường. Quá trình lên men tạo ra các chế phẩm sinh học có lợi, phù hợp cho những người đang tìm kiếm các lựa chọn không có sữa trong khi vẫn mong muốn những lợi ích về tiêu hóa của thực phẩm nuôi cấy.",75
e2255e0d-2992-5bb1-a57d-8cdaed53b967,,,Hỗn hợp bánh kếp protein (Protein Pancake Mix),INGREDIENT,369.0,23.1,3.1,60.0,3.0,10.0,1060.0,9d4dc1ac-566d-45dd-8f5c-976afae98cfc,,,"Hỗn hợp bánh pancake protein là hỗn hợp nướng khô được pha chế để cung cấp hàm lượng protein cao hơn đáng kể so với hỗn hợp bánh pancake truyền thống, thường sử dụng whey protein cô lập, protein đậu hoặc các chất thay thế có nguồn gốc thực vật khác. Được thiết kế dành cho người dùng quan tâm đến thể chất, nó tạo ra những chiếc bánh bông xốp với 15-25g protein mỗi khẩu phần trong khi vẫn duy trì các phương pháp chế biến quen thuộc—thường chỉ cần nước hoặc sữa. Nhiều loại phục vụ các nhu cầu ăn kiêng cụ thể bằng cách cung cấp các công thức không chứa gluten, ít carb hoặc thuần chay để hỗ trợ phục hồi cơ bắp và duy trì năng lượng.",75
18e3adac-415d-54ad-8abb-9be5ab55353d,,,Bánh cuộn ngọt phủ kem (Frosted Sweet Roll),DISH,395.0,3.4,21.0,50.0,1.5,22.0,320.0,9d4dc1ac-566d-45dd-8f5c-976afae98cfc,,,"Bánh cuộn ngọt phủ sương là một loại bánh ngọt đậm đà, có men, có đế bánh mì mềm hình xoắn ốc phủ kem ngọt hoặc kem phủ phô mai. Món bánh ngọt ăn sáng hoặc tráng miệng này thường chứa bột mì tinh chế, bơ, đường và trứng, khiến nó trở thành một loại thực phẩm giàu calo, chứa nhiều carbohydrate và đường bổ sung. Bột nướng có kết cấu mềm, xốp bên dưới lớp kem phủ ngọt ngào, với các biến thể thường bao gồm quế hoặc các loại gia vị khác trong nhân.",75
f6e6d9f2-c373-54dc-9c37-2b681981deb1,,,"Bỏng ngô lò vi sóng, không muối (Microwave Popcorn, Unsalted)",INGREDIENT,430.0,12.6,9.5,73.4,14.2,0.54,490.0,9d4dc1ac-566d-45dd-8f5c-976afae98cfc,,,"Bỏng ngô bằng lò vi sóng (không ướp muối) là một món ăn nhẹ tiện lợi được làm từ hạt ngô khô đóng gói với dầu trong túi chịu nhiệt được thiết kế để chế biến bằng lò vi sóng. Không giống như các loại ngô được muối sẵn, phiên bản này không chứa thêm natri, mang lại hương vị hấp dẫn tự nhiên và kết cấu giòn của ngô rang bằng hơi dễ dàng nấu bằng lò vi sóng. Nó giữ lại các lợi ích từ ngũ cốc nguyên hạt của bỏng ngô — bao gồm cả chất xơ — đồng thời cung cấp tùy chọn ít natri hơn cho những người theo dõi lượng muối ăn vào.",75
91c7d9c2-2e8e-566c-9ca9-5a02113f351e,,,Sữa chua dừa có đường (Sweetened Coconut Yogurt),DISH,120.0,5.0,4.0,15.0,1.5,12.0,60.0,9d4dc1ac-566d-45dd-8f5c-976afae98cfc,,,"Sữa chua dừa có đường là một loại sữa thay thế không chứa sữa được làm từ nước cốt dừa lên men có bổ sung chất làm ngọt. Loại sữa chua làm từ thực vật này có kết cấu dạng kem, béo ngậy tương tự như sữa chua sữa truyền thống, mặc dù nó thường chứa nhiều chất béo và ít protein hơn so với sữa chua sữa. Việc bổ sung các vi khuẩn sống mang lại lợi ích về men vi sinh, trong khi gốc dừa tự nhiên làm cho nó phù hợp với chế độ ăn thuần chay, không có sữa và không dung nạp lactose.",75
49269d2e-5a4d-5200-9dac-422d37c7f1b9,,,Bánh muffin cà rốt (Carrot Muffin),INGREDIENT,305.0,5.93,12.02,43.85,1.7,14.9,351.0,9d4dc1ac-566d-45dd-8f5c-976afae98cfc,,,"Bánh nướng xốp cà rốt là một loại bánh nướng có vị ngọt kết hợp với cà rốt cắt nhỏ, các loại gia vị ấm áp như quế hoặc nhục đậu khấu và thường được trộn với các loại gia vị như quả óc chó hoặc nho khô. Trong khi cà rốt cung cấp vị ngọt tự nhiên và một lượng chất xơ và beta-carotene vừa phải, thì phiên bản thương mại và tự làm thường chứa đường và dầu bổ sung làm tăng đáng kể mật độ calo. Những chiếc bánh nướng xốp này cân bằng giữa cảm giác thích thú như món tráng miệng với những lợi ích dinh dưỡng được nhận thấy từ việc bổ sung rau, thường được coi là một lựa chọn cho bữa sáng hoặc bữa ăn nhẹ.",75
61ff1955-b5bf-5ea2-b6e5-809d43a4a30e,,,Kem Rocky Road (Rocky Road Ice Cream),DISH,220.0,3.8,11.0,30.0,1.0,25.0,70.0,9d4dc1ac-566d-45dd-8f5c-976afae98cfc,,,"Kem Rocky Road là một loại kem sô cô la đậm đà được phân biệt bởi sự kết hợp đặc trưng của kẹo dẻo, các loại hạt (thường là hạnh nhân) và các miếng sô cô la trộn lẫn trong đó. Món tráng miệng đông lạnh cổ điển này có kết cấu phức tạp với kẹo dẻo dẻo, các loại hạt giòn và kem sô cô la mịn. Là một loại kem cao cấp, nó có xu hướng chứa lượng calo và đường cao hơn so với kem thông thường do có nhiều hỗn hợp và nền sô cô la.",75
b406c7eb-7ac4-58b2-95d4-e3c6998f5a95,,,Bánh quy xoắn muối (Salted Pretzel Chips),DISH,393.0,7.1,2.4,85.7,3.5,7.1,964.0,9d4dc1ac-566d-45dd-8f5c-976afae98cfc,,,"Bánh quy cây mặn là một món ăn nhẹ nướng được làm từ bột mì đã được làm giàu, đặc trưng bởi kết cấu giòn và hình dạng xoắn hoặc phẳng đặc trưng. Bột trải qua một quá trình đun sôi ngắn trước khi nướng, tạo ra độ dai-giòn đặc biệt và bề mặt màu nâu vàng được phủ muối thô. Mặc dù ít chất béo hơn đồ ăn nhẹ chiên nhưng chúng thường chứa hàm lượng natri cao và cung cấp một lượng nhỏ sắt và vitamin B từ bột mì được làm giàu. Những loại khoai tây chiên này thường được thưởng thức như một món ăn nhẹ độc lập hoặc kết hợp với nước chấm, nhưng hàm lượng gluten và nồng độ muối của chúng có thể cần phải theo dõi khẩu phần.",75
7de798f0-c4e4-5e7f-b4be-54fab3776354,,,Kem vani (Vanilla Ice Cream),DISH,198.0,3.7,10.5,22.3,0.23,20.8,57.0,9d4dc1ac-566d-45dd-8f5c-976afae98cfc,,,"Kem vani là một món tráng miệng sữa đông lạnh có đường được làm từ kem, sữa, đường và hương vani tự nhiên hoặc nhân tạo. Kết cấu mịn, dạng kem của nó là kết quả của việc khuấy trộn có kiểm soát trong quá trình sản xuất, kết hợp không khí đồng thời ngăn chặn sự hình thành tinh thể băng. Là loại kem mang tính biểu tượng nhất, nó được dùng làm nền cho nhiều món tráng miệng nhưng chứa lượng chất béo bão hòa đáng kể và lượng đường bổ sung trong mỗi khẩu phần.",75
6112e0b5-fdbc-57c6-85fe-97efa27b1c76,,,Granola dứa dừa có đường (Sweetened Pineapple Coconut Granola),INGREDIENT,443.0,9.8,23.0,54.0,6.6,21.0,16.4,9d4dc1ac-566d-45dd-8f5c-976afae98cfc,,,"Granola dừa ngọt ngào là một loại ngũ cốc ăn sáng lấy cảm hứng từ vùng nhiệt đới kết hợp yến mạch nướng, dứa khô và dừa vụn có thêm chất làm ngọt như mật ong hoặc đường. Hỗn hợp này cân bằng giữa những miếng trái cây dai với những chùm giòn, cung cấp nguồn chất xơ có nguồn gốc thực vật và chất béo lành mạnh từ dừa, mặc dù lượng đường bổ sung của nó đóng góp đáng kể vào hàm lượng carbohydrate. Thường được nướng thành từng cụm, nó dùng làm lớp phủ thêm hương vị cho sữa chua hoặc đồ ăn nhẹ di động.",75
f9a47b2a-9588-55a9-b307-6c28dfde18f2,,,Thạch mâm xôi có đường (Sweetened Raspberry Jelly),DISH,55.0,1.0,0.0,13.2,0.0,13.2,78.0,9d4dc1ac-566d-45dd-8f5c-976afae98cfc,,,"Thạch mâm xôi ngọt là một loại phết trái cây mịn được làm bằng cách nấu nước ép quả mâm xôi có thêm đường và pectin, tạo ra độ đặc sệt, trong suốt, khác biệt với mứt hoặc mứt. Không giống như phết trái cây nguyên chất, nó không chứa hạt hoặc cùi và đặc biệt có lượng đường bổ sung cao, cung cấp ít chất xơ nhưng có hương vị trái cây đậm đặc. Loại thạch này thường được sử dụng dưới dạng phết, tráng men hoặc làm nhân, mặc dù thành phần dinh dưỡng của nó khiến việc kiểm soát khẩu phần trở nên quan trọng đối với những người theo dõi lượng đường ăn vào.",75
af9b194f-f537-5dc8-a561-e6db3bb6c508,,,Bánh quy pita ít béo (Low-Fat Pita Chips),DISH,449.0,12.0,15.0,68.0,4.0,2.0,854.0,9d4dc1ac-566d-45dd-8f5c-976afae98cfc,,,"Bánh pita chiên ít béo là một món ăn nhẹ nướng được làm bằng cách cắt bánh mì pita thành hình tam giác và chiên giòn với lượng dầu tối thiểu để giảm hàm lượng chất béo. Những miếng khoai tây chiên này vẫn giữ được hương vị nhẹ nhàng như lúa mì của bánh pita truyền thống nhưng đạt được độ giòn nhẹ hơn khi nướng trong lò thay vì chiên. Mặc dù ít chất béo hơn so với khoai tây chiên thông thường nhưng chúng vẫn cung cấp carbohydrate từ đế bánh mì và thường có các gia vị như muối biển, tỏi hoặc thảo mộc để tăng thêm hương vị.",75
4e1710a6-0e63-5134-abba-b5ad8296d226,,,Bánh gạo mini caramel (Caramel Mini Rice Cakes),DISH,314.0,2.9,1.4,74.0,2.9,26.0,630.0,9d4dc1ac-566d-45dd-8f5c-976afae98cfc,,,"Bánh gạo mini caramen là một món ăn nhẹ có vị ngọt được làm từ những hạt gạo căng phồng được phủ một lớp đường caramen mỏng. Kết cấu đặc trưng của chúng kết hợp lớp nền nhẹ, giòn với vị giòn thỏa mãn từ men caramel, mang đến một lựa chọn thay thế ít chất béo hơn cho kẹo hoặc bánh quy truyền thống. Mặc dù không chứa gluten và được kiểm soát khẩu phần do kích thước nhỏ, nhưng chúng chứa carbohydrate đậm đặc và đường bổ sung, khiến chúng phù hợp nhất để thỉnh thoảng ăn vặt có chánh niệm.",75
fb361254-3928-561a-bac4-d04b28c7b830,,,"Bánh nướng, có đường (Turnover, Sweetened)",DISH,348.0,3.64,18.03,43.6,1.1,16.0,265.0,9d4dc1ac-566d-45dd-8f5c-976afae98cfc,,,"Bánh ngọt là một loại bánh nướng bao gồm bột mịn được gấp xung quanh nhân trái cây hoặc kem. Lớp vỏ nhiều lớp bơ và lớp bên trong ngọt ngào — thường có táo, anh đào hoặc sữa trứng — tạo nên một món tráng miệng di động với lượng carbohydrate đậm đặc từ cả bánh ngọt và đường bổ sung. Mặc dù cung cấp năng lượng nhanh chóng, nhưng mật độ calo cao và cơ sở bột mì tinh chế giúp nó được tiêu thụ tốt nhất ở mức độ vừa phải, đặc biệt đối với những người theo dõi lượng đường ăn vào hoặc theo chế độ ăn kiêng low-carb.",75
bb2b05d6-2b7f-5aa4-9588-b35709670465,,,Nước cốt dừa có đường (Sweetened Coconut Milk),INGREDIENT,57.0,1.0,3.81,5.24,0.0,5.24,5.0,9d4dc1ac-566d-45dd-8f5c-976afae98cfc,,,"Nước cốt dừa ngọt là một chất lỏng sánh đặc được làm từ cùi dừa ép đã được trộn với đường bổ sung trong quá trình chế biến. Biến thể này chứa nhiều calo và carbohydrate hơn đáng kể so với phiên bản không đường, đồng thời vẫn duy trì kết cấu đậm đà đặc trưng và hương vị nhiệt đới của nước cốt dừa. Thường được sử dụng trong các món tráng miệng và đồ uống ở Đông Nam Á, sản phẩm không chứa sữa này thường được đóng hộp và không nên nhầm lẫn với các sản phẩm nước giải khát từ dừa được bảo quản trong tủ lạnh.",75
0049b3c4-108e-5c75-bd0c-17b5db046a53,,,Kem bạc hà sô cô la chip (Mint Chocolate Chip Ice Cream),DISH,196.0,4.69,7.09,28.4,0.6,25.4,67.0,9d4dc1ac-566d-45dd-8f5c-976afae98cfc,,,"Kem sô cô la chip bạc hà là một món tráng miệng đông lạnh cổ điển được đặc trưng bởi hương vị bạc hà sảng khoái và những miếng sô cô la nửa ngọt lơ lửng trong lớp kem sữa. Màu xanh lá cây rực rỡ thường đến từ màu thực phẩm hoặc chiết xuất bạc hà tự nhiên, mặc dù các phiên bản thủ công có thể sử dụng lá bạc hà tươi để tạo hương thảo dược tinh tế hơn. Mặc dù giàu đường và chất béo bão hòa từ kem và sô cô la, nhưng nó mang lại sự tương phản mát mẻ với kết cấu dễ chịu của nó, với các lựa chọn thay thế từ thực vật thường thay thế dừa hoặc sữa hạnh nhân cho chế độ ăn không có sữa.",75
b108e975-9c36-5e8f-8ac5-ebc4c8059158,,,"Bánh muffin cám, có đường (Bran Muffin, Sweetened)",DISH,285.0,7.0,10.0,45.0,6.5,20.0,300.0,9d4dc1ac-566d-45dd-8f5c-976afae98cfc,,,"Bran Muffin, Sweetened là một loại bánh nướng giàu chất xơ được làm chủ yếu bằng cám lúa mì và thường được làm ngọt bằng đường nâu, mật đường hoặc mật ong. Loại bánh nướng xốp ẩm, đặc này cung cấp chất xơ đáng kể để hỗ trợ sức khỏe tiêu hóa, mặc dù lượng đường bổ sung của nó làm tăng đáng kể hàm lượng carbohydrate so với các loại không đường. Thường chứa nho khô hoặc các loại hạt để thay đổi kết cấu, nó cân bằng dinh dưỡng ngũ cốc nguyên hạt với vị ngọt giống như món tráng miệng, đòi hỏi phải kiểm soát khẩu phần ăn một cách chú ý trong chế độ ăn kiêng có hàm lượng calo.",75
39a651b6-7243-5187-a727-22b825b04374,,,Bánh gạo phô mai cheddar mini (Mini Cheddar Cheese Rice Cakes),DISH,420.0,5.0,12.0,73.0,3.0,1.0,1200.0,9d4dc1ac-566d-45dd-8f5c-976afae98cfc,,,"Bánh gạo phô mai Cheddar mini là một món ăn nhẹ chế biến được làm từ gạo phồng được ép thành những viên tròn vừa ăn và phủ một lớp gia vị có hương vị cheddar. Mặc dù có hàm lượng calo và chất béo thấp hơn so với đồ ăn nhẹ phô mai truyền thống, nhưng chúng có hương vị chủ yếu từ các chất phụ gia dạng bột thay vì phô mai tự nhiên, dẫn đến hàm lượng natri cao hơn. Những loại khoai tây chiên giòn không chứa gluten này cung cấp một lựa chọn giòn, di động cho những người thèm ăn vặt mặn nhưng lại thiếu protein và chất xơ như các thực phẩm thay thế toàn phần.",75
a3c4e77c-447b-5dfe-aa8b-b5923554afd7,,,Hỗn hợp bánh mì ngô có đường (Sweetened Cornbread Mix),INGREDIENT,393.0,7.1,7.1,71.4,2.0,16.0,1429.0,9d4dc1ac-566d-45dd-8f5c-976afae98cfc,,,"Hỗn hợp bánh ngô ngọt là một sản phẩm nướng ổn định được trộn sẵn, kết hợp bột ngô, bột mì, chất tạo men và các chất làm ngọt bổ sung như đường hoặc tinh thể mật ong. Công thức phong phú này bao gồm bổ sung sắt và vitamin B, đồng thời tạo ra lớp vỏ ẩm, giống như bánh ngọt với vị ngọt rõ rệt khi nướng — khác biệt với bánh ngô mặn truyền thống. Mặc dù thuận tiện cho việc chuẩn bị nhanh chóng (thường chỉ cần sữa, trứng và dầu), hỗn hợp này lại chứa nhiều carbohydrate do có thành phần là ngũ cốc kép và đường bổ sung.",75
076c424f-108a-5a54-ada5-669d4da9b64a,,,Bánh quy kẹp sô cô la (Chocolate Sandwich Cookies),DISH,464.0,5.21,19.1,71.0,2.9,40.7,388.0,9d4dc1ac-566d-45dd-8f5c-976afae98cfc,,,"Bánh quy bánh sandwich sô cô la là một loại bánh nướng đã qua chế biến bao gồm hai miếng bánh xốp có vị ca cao ngọt bao quanh một lớp nhân đường dày, thường được làm từ dầu thực vật và đường bột. Trong khi giàu năng lượng về mặt dinh dưỡng với lượng carbohydrate tinh chế cao và hàm lượng đường bổ sung, các giống thương mại thường được bổ sung sắt và vitamin B trong quá trình sản xuất. Những chiếc bánh quy này có thời hạn sử dụng ổn định và được thiết kế để tiêu thụ thường xuyên hơn là giá trị dinh dưỡng, với kết cấu sắc nét và độ tương phản bên trong kem khiến chúng khác biệt với những chiếc bánh quy sandwich tự làm mềm hơn.",75
31af365e-7610-5208-9eed-0589b03eec51,,,Hỗn hợp bánh kếp giàu protein (High-Protein Pancake Mix),INGREDIENT,350.0,21.0,3.5,59.0,5.0,5.0,1000.0,9d4dc1ac-566d-45dd-8f5c-976afae98cfc,,,"Hỗn hợp bánh kếp giàu protein là hỗn hợp nướng khô được pha chế để cung cấp nhiều protein hơn đáng kể so với hỗn hợp bánh kếp truyền thống, thường thông qua bổ sung whey, protein từ thực vật hoặc collagen. Được thiết kế cho chế độ ăn kiêng ít carb và tập trung vào thể dục, nó tạo ra những chiếc bánh bông xốp với 15-25 gam protein mỗi khẩu phần đồng thời giảm lượng carbohydrate tinh chế. Hỗn hợp này chỉ cần nước hoặc sữa để chuẩn bị, mang đến một lựa chọn bữa sáng tiện lợi, hỗ trợ phục hồi cơ bắp và tạo cảm giác no mà không ảnh hưởng đến kết cấu quen thuộc.",75
658ca86c-e86a-5c2c-8f5e-9d4a361f215b,,,Kem sô cô la (Chocolate Ice Cream),DISH,216.0,3.8,11.0,28.2,1.2,25.36,76.0,9d4dc1ac-566d-45dd-8f5c-976afae98cfc,,,"Kem sô cô la là một món tráng miệng sữa đông lạnh có đường được làm từ sữa, kem, đường và ca cao hoặc sô cô la. Kết cấu kem mịn đặc trưng của nó là do được khuấy trong quá trình đóng băng để kết hợp không khí, trong khi hàm lượng ca cao giúp phân biệt nó với vani và các hương vị cơ bản khác. Món ăn phổ biến này thường chứa nhiều đường bổ sung và chất béo bão hòa, với các phiên bản cao cấp chứa tỷ lệ phần trăm chất béo trong bơ cao hơn để mang lại cảm giác ngon miệng hơn.",75
369648c2-1485-540d-945c-4217e0bf31d6,,,Salad bắp cải có đường (Sweetened Coleslaw),DISH,153.0,0.95,9.91,14.9,1.9,12.2,203.0,9d4dc1ac-566d-45dd-8f5c-976afae98cfc,,,"Xà lách trộn ngọt là một món salad được chế biến sẵn bao gồm bắp cải thái nhỏ và cà rốt trộn với nước sốt kem được tăng cường thêm đường như đường cát hoặc mật ong. Biến thể này khác với xà lách trộn mặn truyền thống ở chỗ có vị ngọt rõ rệt, giúp cân bằng vị bùi bùi của các nguyên liệu như giấm hoặc nước chanh. Mặc dù cung cấp lượng chất xơ và vitamin C vừa phải từ rau sống, nhưng chất làm ngọt được bổ sung sẽ làm tăng hàm lượng carbohydrate đáng kể so với các phiên bản không đường, đòi hỏi phải có ý thức về khẩu phần đối với chế độ ăn kiêng đường.",75
0e7e9409-fa6e-52a2-a7c6-716aec298b5a,,,Thanh kem (Ice Cream Bar),DISH,316.67,5.0,20.0,26.67,0.83,20.0,116.67,9d4dc1ac-566d-45dd-8f5c-976afae98cfc,,,"Một thanh kem từ tiệm kem là một món tráng miệng đông lạnh được nhúng bằng tay với loại kem cao cấp được phủ một lớp sô cô la giòn và cứng lại khi tiếp xúc. Những món ăn hấp dẫn này thường chứa 170-290 calo mỗi thanh, với lớp vỏ sô cô la bổ sung hàm lượng chất béo đáng kể cho phần nhân kem. Hầu hết các thanh làm tại phòng đều lớn hơn các phiên bản đóng gói sẵn, thường có kem vani, mặc dù có thể có các hương vị đặc biệt và nhiều lựa chọn lớp phủ khác nhau.",75
17966859-daf0-5e54-9bb4-92dcd9a74a6c,,,Sốt chua ngọt (Sweet and Sour Sauce),DISH,154.0,0.27,0.02,38.2,0.1,18.8,539.0,9d4dc1ac-566d-45dd-8f5c-976afae98cfc,,,"Nước sốt chua ngọt là một loại gia vị lấy cảm hứng từ Trung Quốc, đặc trưng bởi sự cân bằng đậm đà giữa hương vị đường và hương thơm, thường đạt được với đường, giấm và nước ép trái cây như dứa. Các phiên bản thương mại thường chứa hàm lượng đường và natri bổ sung cao, khiến việc kiểm soát khẩu phần ăn trở nên quan trọng đối với những người theo dõi lượng carbohydrate hoặc huyết áp. Loại nước sốt đặc sánh, bóng loáng này được sử dụng rộng rãi làm men cho các món thịt xào, nước chấm cho chả giò, hoặc chất tăng hương vị cho các món ngũ cốc.",75
a9e70094-0c3c-5d65-a050-a383c7195fe6,,,"Phô mai tươi, đào có đường (Cottage Cheese, Peach Sweetened)",INGREDIENT,110.0,9.0,3.5,10.0,0.0,9.0,320.0,9d4dc1ac-566d-45dd-8f5c-976afae98cfc,,,"Phô mai Cottage, Peach Sweetened là một sản phẩm sữa có hương vị kết hợp sữa đông phô mai tươi với những miếng đào ngọt, mang đến sự kết hợp giữa kết cấu kem và vị ngọt trái cây. Biến thể này vẫn giữ được hàm lượng protein cao của phô mai tươi truyền thống đồng thời kết hợp đường bổ sung từ chế phẩm đào, tạo ra một lựa chọn bữa sáng hoặc bữa ăn nhẹ phổ biến với các chất dinh dưỡng đa lượng cân bằng. Sự tương phản giữa sữa đông phô mai mềm và miếng trái cây mềm mang lại cả sự thú vị về kết cấu lẫn dinh dưỡng tiện lợi, mặc dù hàm lượng carbohydrate của nó cao hơn đáng kể so với phô mai tươi không đường.",75
f6242b20-1b07-57ab-ab22-5f9aa53a2b0f,,,Xi-rô bánh kếp không đường (Sugar-free Pancake Syrup),DISH,33.3,0.0,0.0,13.3,0.0,0.0,150.0,9d4dc1ac-566d-45dd-8f5c-976afae98cfc,,,"Xi-rô bánh kếp không đường là chất làm ngọt dạng lỏng có hàm lượng calo thấp được thiết kế để mô phỏng độ nhớt và hương vị caramen của xi-rô cây thích truyền thống mà không thêm đường. Thường được làm bằng nước, chất làm đặc như kẹo cao su xanthan và chất làm ngọt không dinh dưỡng như sucralose hoặc trái cây thầy tu, nó mang lại độ đặc giống như xi-rô đồng thời giảm đáng kể carbohydrate và calo. Loại thay thế này đặc biệt có giá trị trong chế độ ăn kiêng ít carb và thân thiện với bệnh nhân tiểu đường, mặc dù hương vị của nó có thể thiếu độ đậm đà của xi-rô có nguồn gốc từ cây phong tự nhiên.",75
f2b7b365-fa0b-5a76-a500-5e760ae543c2,,,Bánh scone có đường (Sweetened Scone),DISH,350.0,7.0,22.0,64.0,1.5,15.0,520.0,9d4dc1ac-566d-45dd-8f5c-976afae98cfc,,,"Bánh nướng ngọt là một loại bánh nướng của Anh có đặc điểm là kết cấu vụn và bột ngọt nhẹ, thường được làm bằng bột mì, bơ và đường. Trong khi bánh nướng truyền thống có thể là loại đơn giản hoặc mặn, phiên bản có vị ngọt thường kết hợp trái cây sấy khô, sô cô la chip hoặc vỏ cam quýt, làm tăng hàm lượng đường so với các loại cơ bản. Loại bánh ngọt này chứa nhiều calo do carbohydrate tinh chế và chất béo bão hòa từ sữa, khiến việc kiểm soát khẩu phần trở nên quan trọng đối với những người theo dõi lượng năng lượng nạp vào hoặc đường bổ sung.",75
666cdd32-eb93-5a7b-a608-4e26e9fe0303,,,Bánh quy kẹp vani ít béo (Reduced Fat Vanilla Sandwich Cookies),DISH,410.0,5.0,13.0,68.0,2.0,32.0,250.0,9d4dc1ac-566d-45dd-8f5c-976afae98cfc,,,"Bánh quy bánh sandwich vani ít béo là loại bánh nướng đã qua chế biến có hai bánh xốp có hương vị vani ngọt ngào với nhân kem ngọt. Mặc dù được chế tạo để chứa ít chất béo hơn bánh quy sandwich truyền thống thông qua việc thay thế thành phần, nhưng chúng thường duy trì vị ngọt và lượng calo tương đương từ đường bổ sung và carbohydrate tinh chế. Hàm lượng chất béo giảm có thể dẫn đến kết cấu khô hơn một chút so với các phiên bản đầy đủ chất béo, mặc dù chất nhũ hóa giúp duy trì tính toàn vẹn cấu trúc của chúng.",75
6af456ac-3b39-50f2-a686-17ac49b0f5ac,,,Bánh quy yến mạch nho khô (Oatmeal Raisin Cookie),DISH,438.0,6.0,15.4,69.0,3.0,34.0,391.0,9d4dc1ac-566d-45dd-8f5c-976afae98cfc,,,"Bánh quy nho khô bột yến mạch là một món nướng cổ điển kết hợp yến mạch cán, nho khô, bột mì và chất làm ngọt như đường nâu hoặc mật ong. Yến mạch cung cấp kết cấu dai và chất xơ nguyên hạt, trong khi nho khô tạo thêm vị ngọt tự nhiên và chất dinh dưỡng đậm đặc từ trái cây. Mặc dù thường được coi là một món ăn nhẹ lành mạnh, các phiên bản thương mại có thể chứa lượng đường bổ sung đáng kể và chất béo bão hòa, khiến nhận thức về khẩu phần ăn trở nên quan trọng trong việc theo dõi dinh dưỡng.",75
ad3e5d9e-7494-5529-850d-f838630e6817,,,Hỗn hợp bánh muffin ngô tăng cường (Enriched Corn Muffin Mix),INGREDIENT,426.0,7.0,12.0,70.0,6.0,20.0,817.0,9d4dc1ac-566d-45dd-8f5c-976afae98cfc,,,"Hỗn hợp bánh muffin ngô giàu dinh dưỡng là sản phẩm nướng khô được trộn sẵn có chứa bột ngô, bột mì và các chất dinh dưỡng bổ sung như vitamin B (thiamin, riboflavin, niacin) và sắt. Hỗn hợp ổn định khi bảo quản này giúp đơn giản hóa việc chuẩn bị bằng cách chỉ yêu cầu thêm các nguyên liệu ướt như sữa và trứng, tạo ra bánh ngô ngọt hoặc mặn với kết cấu vụn đặc trưng. Quá trình làm giàu sẽ phục hồi các chất dinh dưỡng bị mất trong quá trình chế biến ngũ cốc, đồng thời việc bổ sung các chất tạo men đảm bảo độ tăng đều đặn trong quá trình nướng.",75
f3ab53e1-cdf2-51a0-8b8a-08b54381ab8f,,,Sữa chua yến mạch có đường (Sweetened Oat Yogurt),DISH,125.0,2.5,3.5,17.0,2.5,8.0,20.0,9d4dc1ac-566d-45dd-8f5c-976afae98cfc,,,"Sữa chua yến mạch có đường là một loại sữa thay thế có nguồn gốc từ thực vật được làm bằng cách lên men sữa yến mạch với vi khuẩn sống, tạo ra kết cấu dạng kem và hương vị thơm nhẹ. Mặc dù chứa chất xơ beta-glucan tự nhiên được biết đến với tác dụng hỗ trợ sức khỏe tim mạch, phiên bản này còn bao gồm đường bổ sung để tăng vị ngọt. Nó phục vụ như một lựa chọn không chứa lactose, giàu men vi sinh, mặc dù thường có hàm lượng protein thấp hơn so với sữa chua truyền thống.",75
41468cc5-603d-5703-a65f-c3ebc7cf2d77,,,Sốt chua ngọt tỏi mật ong (Honey Garlic Sweet and Sour Sauce),DISH,267.0,1.0,0.0,66.0,0.0,60.0,500.0,9d4dc1ac-566d-45dd-8f5c-976afae98cfc,,,"Sốt chua ngọt tỏi mật ong là một loại gia vị pha trộn vị ngọt tự nhiên của mật ong với tỏi cay nồng và giấm chua, tạo nên hương vị ngọt ngào cân bằng được nhấn mạnh bởi độ đậm đà của vị mặn. Thường được sử dụng trong ẩm thực lấy cảm hứng từ châu Á, nó dùng làm men cho các loại thịt, chất tăng cường cho món xào hoặc nước chấm cho các món khai vị như chả giò. Mặc dù ít protein và chất xơ nhưng nó đóng góp lượng đường và natri bổ sung đáng chú ý, đòi hỏi phải chia khẩu phần hợp lý để theo dõi lượng chất dinh dưỡng hấp thụ.",75
abd01638-a2b9-5b45-b683-8f034e048f7c,,,Sữa chua đào có đường (Sweetened Peach Yogurt),DISH,88.0,3.3,3.2,10.8,0.5,10.71,40.4,9d4dc1ac-566d-45dd-8f5c-976afae98cfc,,,"Sữa chua đào có đường là một sản phẩm sữa có hương vị được làm bằng cách trộn sữa nuôi với đào hoặc xi-rô đào xay nhuyễn và thêm chất làm ngọt. Mặc dù vẫn giữ lại men vi sinh và canxi của sữa chua truyền thống, loại này chứa nhiều đường hơn đáng kể so với các loại sữa chua thông thường, thường có hàm lượng protein tương đương (thường là 5-8g mỗi khẩu phần) nhưng có lượng carbohydrate bổ sung đáng chú ý. Hương đào có thể được lấy từ miếng trái cây thật, nước ép cô đặc hoặc hương liệu nhân tạo tùy thuộc vào thương hiệu.",75
ace43652-ebc1-53b3-afae-0df69e130733,,,Bánh pudding (Pudding),DISH,136.0,1.77,4.2,22.8,0.0,17.1,147.0,9d4dc1ac-566d-45dd-8f5c-976afae98cfc,,,"Pudding là một món tráng miệng có đường làm từ sữa được làm đặc bằng tinh bột chứ không phải trứng, phân biệt với sữa trứng. Món kem này thường được chế biến bằng cách nấu sữa hoặc kem với đường và bột bắp hoặc bột sắn, tạo ra một kết cấu mịn từ mượt đến cứng tùy theo cách chế biến. Trong khi cung cấp canxi từ nguồn sữa, bánh pudding ngọt có chứa lượng đường và carbohydrate bổ sung đáng kể, với các loại thương mại thường bao gồm chất ổn định và hương vị nhân tạo. Các hương vị phổ biến như sô cô la, vani và bánh bơ làm cho món ăn này trở thành món ăn nhẹ ăn liền phổ biến, mặc dù các phiên bản tự làm cho phép kiểm soát thành phần.",75
041e3f6d-ebc3-519a-b65a-3f08fc712542,,,"Dứa đóng hộp, có đường (Canned Pineapple, Sweetened)",DISH,60.0,1.0,0.0,16.0,1.0,14.0,1.0,9d4dc1ac-566d-45dd-8f5c-976afae98cfc,,,"Dứa đóng hộp dạng xi-rô là một sản phẩm trái cây được bảo quản trong đó các khoanh hoặc khoanh dứa được chế biến trong chất lỏng có đường, dẫn đến kết cấu mềm hơn và hàm lượng đường cao hơn đáng kể so với dứa tươi. Trong khi quá trình xử lý nhiệt làm giảm một số chất dinh dưỡng nhạy cảm với nhiệt như vitamin C, nó vẫn giữ lại các enzym mangan và bromelain. Định dạng ổn định trên kệ này phổ biến cho các món tráng miệng và các món mặn ngọt nhưng yêu cầu tính toán lượng đường bổ sung trong theo dõi dinh dưỡng.",75
b3d16229-a47b-5f12-ad82-67a7a6a93e79,,,Ngũ cốc bông ngô hương sô cô la (Chocolate Flavored Cornflakes),DISH,415.0,7.3,11.0,76.7,5.0,36.6,340.0,9d4dc1ac-566d-45dd-8f5c-976afae98cfc,,,"Bánh ngô nướng có hương vị sô cô la là một loại ngũ cốc ăn sáng có vị ngọt được làm bằng cách phủ bánh ngô nướng trong hỗn hợp gia vị làm từ ca cao. Phiên bản chế biến của bánh ngô truyền thống này có hàm lượng đường bổ sung cao hơn đáng kể trong khi thường chứa ít chất xơ hơn so với các loại bánh ngô thông thường. Các mảnh vụn vẫn giữ được kết cấu giòn khi khô nhưng mềm nhanh trong sữa, khiến chúng trở nên phổ biến để dùng làm món ăn vặt cũng như một lựa chọn bữa sáng lấy cảm hứng từ món tráng miệng.",75
d5f6dfdb-1288-5665-8e1e-4fcb895fb538,,,Bánh ngọt nhân trái cây (Fruit-Filled Pastry),DISH,340.0,4.2,17.3,44.0,2.3,21.6,360.0,9d4dc1ac-566d-45dd-8f5c-976afae98cfc,,,"Bánh ngọt nhân trái cây là một món tráng miệng nướng có bột nhão, nhiều lớp bao bọc một loại trái cây ngọt thường được làm đặc bằng pectin hoặc bột ngô. Các loại phổ biến như bánh quay, bánh ngọt Đan Mạch và bánh strudel trưng bày các loại trái cây như táo, anh đào hoặc quả mọng, cân bằng độ đậm đà của lớp vỏ bơ với độ axit sáng. Mặc dù cung cấp lượng chất xơ khiêm tốn từ hàm lượng trái cây, những loại bánh ngọt này thường chứa nhiều carbohydrate tinh chế và đường bổ sung, trong đó bột nhiều lớp đóng góp đáng kể chất béo bão hòa từ bơ hoặc mỡ.",75
1b97e0fb-1750-5375-94f2-164b13447da3,,,"Sữa không sữa hạt dẻ-ca cao, có đường (Hazelnut-Cocoa Non-Dairy Milk, Sweetened)",INGREDIENT,41.3,0.83,2.89,3.31,0.0,2.5,31.0,9d4dc1ac-566d-45dd-8f5c-976afae98cfc,,,"Sữa không đường Hazelnut-ca cao là một loại đồ uống có nguồn gốc từ thực vật pha trộn hạt phỉ rang với ca cao, được làm ngọt để tạo ra hương vị sô cô la-hạt đậm đà gợi nhớ đến món tráng miệng phết. Loại thay thế không chứa lactose này có chứa đường bổ sung để tạo vị ngọt nhưng thường duy trì mức chất béo bão hòa thấp hơn so với sữa sô cô la sữa, đồng thời thường được bổ sung canxi và vitamin D/B12. Kết cấu kem và hương vị dễ chịu của nó khiến nó trở nên phổ biến để làm hương vị cà phê, sinh tố hoặc tiêu dùng riêng trong chế độ ăn thuần chay và không có sữa.",75
65a7ab89-b1dd-50a3-a12e-e5e307337dfd,,,"Kem đánh bông, có đường (Whipped Cream, Sweetened)",DISH,332.0,1.97,32.93,8.59,0.0,5.91,34.0,9d4dc1ac-566d-45dd-8f5c-976afae98cfc,,,"Kem đánh bông, có đường, là một loại kem phủ sữa nhẹ, thoáng được tạo ra bằng cách đánh bông kem đặc có thêm đường cho đến khi tạo thành chóp mềm. Món trang trí hấp dẫn này chứa hàm lượng chất béo bão hòa và đường bổ sung cao, khiến nó trở thành một món bổ sung giàu calo cho món tráng miệng và đồ uống. Mặc dù nó cung cấp giá trị dinh dưỡng tối thiểu ngoài hàm lượng năng lượng, nhưng kết cấu mềm mượt đặc trưng và hương vị ngọt ngào khiến nó trở thành lựa chọn phổ biến để hoàn thiện các món ăn như bánh nướng, sô cô la nóng và món tráng miệng theo mùa.",75
e0df4041-0804-54d3-a46a-40242e93f7fb,,,Khoai lang tím (Purple Sweet Potatoes),INGREDIENT,86.0,1.6,0.1,20.1,3.0,4.2,55.0,9d4dc1ac-566d-45dd-8f5c-976afae98cfc,,,"Khoai lang tím là một loại rau củ được phân biệt bởi thịt màu tím sống động, là kết quả của hàm lượng anthocyanin cao mang lại lợi ích chống oxy hóa mạnh mẽ. Những loại củ này cung cấp carbohydrate phức hợp và chất xơ với chỉ số đường huyết thấp hơn khoai tây trắng, khiến chúng thích hợp cho việc kiểm soát lượng đường trong máu. Khi nấu chín, hương vị ngọt nhẹ và kết cấu ẩm, giàu tinh bột của chúng phù hợp với cả món mặn và món ngọt, trong khi màu sắc nổi bật của chúng vẫn rực rỡ khi rang, luộc hoặc nghiền.",75
c524acd2-5be4-553f-a57f-6d77d1993627,,,Sữa hạnh nhân hương sô cô la có đường (Sweetened Chocolate-Flavored Almond Milk),INGREDIENT,50.0,0.63,1.25,9.38,0.4,8.75,71.0,9d4dc1ac-566d-45dd-8f5c-976afae98cfc,,,"Sữa hạnh nhân có vị sô cô la ngọt là một loại đồ uống có nguồn gốc thực vật được làm bằng cách trộn chiết xuất hạnh nhân với ca cao và thêm chất làm ngọt như đường mía hoặc xi-rô. Mặc dù có hàm lượng protein thấp hơn sữa bò nhưng nó thường được bổ sung canxi, vitamin D và E, được định vị là một lựa chọn thay thế không chứa lactose cho chế độ ăn thuần chay hoặc những người nhạy cảm với sữa. Kết cấu kem và hương vị giống món tráng miệng của sản phẩm khiến nó trở nên phổ biến để uống, ngũ cốc hoặc sinh tố, mặc dù hàm lượng đường bổ sung của nó giúp phân biệt nó về mặt dinh dưỡng với các loại sữa hạnh nhân không đường.",75
23331e2d-7f8a-5326-977b-23d8abb3e09e,,,Bánh quy wafer vani (Vanilla Wafer Cookies),DISH,441.0,5.0,15.2,73.6,1.9,37.5,388.0,9d4dc1ac-566d-45dd-8f5c-976afae98cfc,,,"Bánh quy wafer vani là những món nướng mỏng, giòn, đặc trưng bởi hương vị vani ngọt ngào và vẻ ngoài màu nâu vàng. Được làm từ bột mì, đường, bơ và chiết xuất vani, những chiếc bánh quy này thường được sử dụng trong các món tráng miệng nhiều lớp như bánh pudding chuối hoặc làm lớp vỏ cho bánh nướng không nướng. Mặc dù ít protein và chất xơ nhưng chúng cung cấp nguồn carbohydrate và đường bổ sung đậm đặc, với hầu hết các loại thương mại có chứa nguyên liệu lúa mì, sữa và đậu nành. Tính chất ổn định trong thời hạn sử dụng của chúng khiến chúng trở thành một mặt hàng chủ yếu trong tủ đựng thức ăn tiện lợi cho cả việc ăn vặt và sử dụng theo công thức nấu ăn.",75
239589a4-f416-550b-bedd-c68b68620f9a,,,Kefir sữa bò không đường (Unsweetened Cow's Milk Kefir),INGREDIENT,63.0,3.5,3.6,4.25,0.0,3.92,43.0,9d4dc1ac-566d-45dd-8f5c-976afae98cfc,,,"Sữa bò không đường kefir là một thức uống sữa lên men thơm, được tạo ra bằng cách nuôi cấy sữa với các loại hạt kefir, tạo ra một loại đồ uống giàu men vi sinh với độ đặc loãng hơn sữa chua và sủi bọt nhẹ tự nhiên. Không giống như các loại có đường, nó không chứa đường bổ sung, cung cấp tỷ lệ protein-carbohydrate cao hơn cùng với canxi và vitamin B, đồng thời quá trình lên men phá vỡ hầu hết đường lactose để tiêu hóa dễ dàng hơn. Phần đế đa năng hoạt động tốt như nhau trong sinh tố, nước xốt hoặc như một thức uống độc lập, với vị chua dễ chịu cân bằng cả ứng dụng ngọt và mặn.",75
ce33c6fe-a046-5063-b753-ca99a9f00e4d,,,Táo sấy khô không đường (Unsweetened Dried Apples),INGREDIENT,245.0,1.0,0.3,65.9,8.7,57.2,87.0,9d4dc1ac-566d-45dd-8f5c-976afae98cfc,,,"Táo khô không đường là những lát táo đã khử nước giữ lại lượng đường tự nhiên của trái cây mà không cần thêm chất làm ngọt, cung cấp nguồn chất xơ đậm đặc và kết cấu dai. Quá trình khử nước tăng cường vị chua tự nhiên và hương vị trái cây trong khi vẫn bảo toàn hàm lượng chất xơ gấp ba lần so với táo tươi trong mỗi khẩu phần. Dạng được xử lý tối thiểu này cung cấp tùy chọn đồ ăn nhẹ di động với mật độ đường thấp hơn so với trái cây sấy khô có đường, khiến nó thích hợp để nướng, phủ bột yến mạch hoặc hỗn hợp đường cân bằng.",75
63e3337b-704e-5bd6-af60-f5db7ff86ba5,,,"Sữa gạo vani, có đường (Vanilla Rice Milk, Sweetened)",INGREDIENT,55.0,0.0,1.1,11.8,0.0,5.5,33.7,9d4dc1ac-566d-45dd-8f5c-976afae98cfc,,,"Sữa gạo vani là đồ uống có nguồn gốc thực vật được làm từ gạo xay trộn với nước, chất làm ngọt và hương vani tự nhiên. Loại thay thế không chứa sữa này có độ đặc loãng tự nhiên và vị ngọt nhẹ, với lượng đường bổ sung giúp nâng cao chất lượng giống như món tráng miệng đồng thời tăng hàm lượng carbohydrate so với các loại không đường. Thường được bổ sung canxi và vitamin D/B12, nó đóng vai trò như một lựa chọn không gây dị ứng cho những người tránh các loại hạt, đậu nành hoặc lactose, mặc dù nó chứa tối thiểu protein và có thể cần lắc để phân phối lại cặn đặc trưng của nó.",75
5af6d057-da61-5ca5-bd55-d90e1f0d75d0,,,Bánh scone phô mai (Cheese Scone),DISH,395.0,10.0,22.0,39.5,2.0,3.0,450.0,9d4dc1ac-566d-45dd-8f5c-976afae98cfc,,,"Bánh nướng phô mai là một loại bánh nướng thơm ngon của Anh được làm từ bột mì, bơ và phô mai bào, trộn với bột nở để có kết cấu giòn nhưng mềm. Không giống như bánh nướng ngọt, nó có phô mai cheddar sắc nét hoặc pho mát lâu năm tương tự, thường được tăng cường với các loại thảo mộc như hẹ hoặc bột mù tạt, tạo ra lớp vỏ vàng khi nướng. Mặc dù giàu carbohydrate và chất béo từ bột bơ, nhưng nó cung cấp lượng protein khiêm tốn từ phô mai và thường được dùng khi còn ấm như một món ăn nhẹ hoặc món ăn kèm với súp.",75
dea1c6e3-da96-521a-9681-ae2251c7510a,,,"Mứt anh đào, có đường (Cherry Preserves, Sweetened)",DISH,250.0,0.0,0.0,65.0,5.0,60.0,0.0,9d4dc1ac-566d-45dd-8f5c-976afae98cfc,,,"Bảo quản anh đào, làm ngọt là một loại mứt trái cây được làm bằng cách nấu cả quả anh đào hoặc những miếng anh đào lớn có thêm đường hoặc chất làm ngọt cho đến khi đặc lại. Không giống như các loại thạch hoặc mứt mịn hơn, cách chế biến này vẫn giữ được những miếng trái cây có thể nhìn thấy được, tạo ra kết cấu dai và hương vị anh đào đậm đà. Mặc dù giàu chất chống oxy hóa có nguồn gốc từ trái cây như vitamin C, nhưng hàm lượng đường bổ sung cao làm tăng đáng kể mật độ calo so với quả anh đào tươi. Nó thường được sử dụng làm lớp phủ cho các món nướng, trộn vào nước sốt hoặc kết hợp với pho mát.",75
eb60ddce-d0b4-54bb-9a2a-4c60e7e1e678,,,Dưa chua ngọt (Sweet Pickles),DISH,91.0,0.58,0.41,21.15,1.0,18.27,457.0,9d4dc1ac-566d-45dd-8f5c-976afae98cfc,,,"Dưa chua ngọt là dưa chuột được bảo quản trong nước muối pha giấm được làm ngọt bằng đường hoặc mật ong, thường được tăng cường với các loại gia vị như quế hoặc đinh hương. Phương pháp chế biến này tạo ra hương vị giòn, có đường, khác biệt với các loại thì là mặn, mặc dù nó làm tăng đáng kể cả hàm lượng đường và natri bổ sung so với dưa chuột tươi. Chúng thường được sử dụng làm gia vị trong bánh mì sandwich hoặc cắt nhỏ thành các món gia vị, mang lại hương vị đậm đà hơn là giá trị dinh dưỡng đáng kể.",75
7eaef8ec-cfe8-50fe-9c1f-dfc644c39563,,,Hỗn hợp bánh kếp không chứa gluten (Gluten-Free Pancake Mix),INGREDIENT,350.0,5.0,1.0,83.0,3.0,8.0,650.0,9d4dc1ac-566d-45dd-8f5c-976afae98cfc,,,"Hỗn hợp bánh pancake không chứa gluten là một công thức nguyên liệu khô được trộn sẵn được thiết kế để tạo ra những chiếc bánh kếp không có bột làm từ lúa mì, an toàn cho những người mắc bệnh celiac hoặc nhạy cảm với gluten. Thông thường, kết hợp các loại bột thay thế như gạo, hạnh nhân hoặc yến mạch với tinh bột và chất kết dính như kẹo cao su xanthan, hỗn hợp này tái tạo kết cấu nhẹ của bánh kếp truyền thống trong khi vẫn đảm bảo tính toàn vẹn về cấu trúc. Nhiều phiên bản được tăng cường thêm chất xơ hoặc protein để nâng cao giá trị dinh dưỡng và chúng thường chỉ yêu cầu các thành phần lỏng như sữa hoặc trứng để chế biến.",75
71211da5-6b3e-501c-85c6-d9f7ff78742b,,,Kem vani hạt (Vanilla Bean Ice Cream),DISH,207.0,3.5,11.0,23.6,0.7,21.2,63.0,9d4dc1ac-566d-45dd-8f5c-976afae98cfc,,,"Kem đậu vani là một món tráng miệng từ sữa đông lạnh cao cấp được làm bằng cách khuấy kem ngọt và sữa trộn với hạt đậu vani thật. Được phân biệt bằng các đốm đen có thể nhìn thấy của vỏ vani, nó chứa hàm lượng chất béo cao hơn kem tiêu chuẩn và có mùi thơm hoa đặc trưng từ vani tự nhiên chứ không phải hương liệu nhân tạo. Quá trình khuấy chậm tạo ra kết cấu kem đặc, đồng thời hàm lượng đường bổ sung khiến việc kiểm soát khẩu phần trở nên quan trọng đối với việc theo dõi dinh dưỡng.",75
e770618e-69b5-50a0-9c27-cdb97817a584,,,Bánh pudding vani (Vanilla Pudding),DISH,130.0,1.45,3.78,22.6,0.0,17.0,157.0,9d4dc1ac-566d-45dd-8f5c-976afae98cfc,,,"Bánh pudding vani là một món tráng miệng kiểu sữa trứng ngọt được làm từ hỗn hợp nấu chín gồm sữa, đường và vani, được làm đặc bằng bột bắp hoặc lòng đỏ trứng. Kết cấu mịn, kem đặc trưng của nó và hương vị vani êm dịu giúp phân biệt nó với sữa trứng đặc hơn hoặc mousses có ga. Trong khi cung cấp canxi từ nguồn sữa, các phiên bản thương mại và tự chế thường chứa lượng đường bổ sung đáng kể, mặc dù các sản phẩm thay thế sữa làm từ thực vật có thể thích ứng với chế độ ăn thuần chay.",75
d4fb1775-d535-502f-a6f0-5325dd014c70,,,Bánh khoai tây chiên giấm muối (Salt and Vinegar Popcorn Chips),INGREDIENT,450.0,2.5,4.2,17.0,3.0,0.5,500.0,9d4dc1ac-566d-45dd-8f5c-976afae98cfc,,,"Khoai tây chiên bỏng ngô muối và giấm là một món ăn nhẹ nướng được làm từ ngô nguyên hạt được rang bằng máy bay, mang đến một sự thay thế nhẹ nhàng hơn cho khoai tây chiên truyền thống. Hương vị thơm đặc trưng của chúng đến từ gia vị giấm kết hợp với muối, tạo nên hương vị đậm đà phổ biến trong các món ăn nhẹ mặn. Mặc dù có hàm lượng chất béo thấp hơn so với khoai tây chiên thông thường nhờ quá trình nướng, nhưng chúng vẫn giữ được lợi ích về chất xơ của bỏng ngô và thường mang lại kết cấu giòn, thoáng vừa ý cùng với hàm lượng natri đáng chú ý.",75
43dabb05-3285-5f83-9792-2d4409a544f8,,,Sô cô la đắng ngọt (Bittersweet Chocolate),DISH,520.0,7.0,40.0,53.0,8.0,38.0,20.0,9d4dc1ac-566d-45dd-8f5c-976afae98cfc,,,"Sô cô la đắng là loại sô cô la đen chứa 60-80% chất rắn ca cao, mang lại hương vị ca cao đậm đà cân bằng với độ ngọt vừa phải. Nó chứa ít đường hơn sữa hoặc sô cô la bán ngọt, khiến nó trở nên phổ biến trong các công thức làm bánh và dành cho người sành ăn, những nơi mong muốn hương vị sô cô la đậm đà. Dạng này giữ lại các chất chống oxy hóa tự nhiên của ca cao như flavonoid và thường thân thiện với người ăn chay, mặc dù một số nhãn hiệu có thể bao gồm sữa. Phiên bản có đường duy trì độ đặc chắc ở nhiệt độ phòng nhưng tan chảy dễ dàng khi dùng làm bánh kẹo hoặc món tráng miệng.",75
2964eb9d-ebe3-5314-b986-157caa0f9b20,,,Hỗn hợp bánh muffin cám có đường (Sweetened Bran Muffin Mix),INGREDIENT,359.0,11.3,1.6,74.8,5.5,15.0,320.0,9d4dc1ac-566d-45dd-8f5c-976afae98cfc,,,"Hỗn hợp bánh nướng xốp cám ngọt là hỗn hợp nướng khô kết hợp cám lúa mì, bột mì và đường bổ sung để chế biến nhanh chóng những chiếc bánh nướng xốp giàu chất xơ. Hỗn hợp này thường bao gồm các chất tạo men và gia vị, với một số loại kết hợp trái cây hoặc các loại hạt khô, mang lại cơ sở thuận tiện cho món ăn sáng cân bằng lợi ích của ngũ cốc nguyên hạt với hàm lượng đường bổ sung đáng chú ý. Khi được chế biến, nó tạo ra những chiếc bánh nướng xốp ẩm, đặc với hương vị đất, ngọt nhẹ, khác biệt với những hỗn hợp bánh nướng xốp kiểu tráng miệng ngọt ngào hơn.",75
14f93dd9-916c-5e66-9e7e-bfce5dbfc8f6,,,Sô cô la chip mini (Mini Chocolate Chips),DISH,517.0,4.44,26.2,66.0,6.7,53.1,2.0,9d4dc1ac-566d-45dd-8f5c-976afae98cfc,,,"Sôcôla chip nhỏ là những miếng nhỏ có vị ngọt được thiết kế để phân phối đều trong các món nướng và món tráng miệng. Kích thước giảm của chúng cho phép tan chảy nhanh hơn và tạo ra hương vị sô cô la cân bằng trong các công thức nấu ăn tinh tế như bánh quy, bánh nướng xốp hoặc bánh kếp, trong khi vẫn duy trì hàm lượng ca cao tiêu chuẩn của sô cô la chip thông thường. Nhiều loại không có sữa và thân thiện với người ăn chay, mặc dù hàm lượng đường vẫn tương đương với khoai tây chiên cỡ lớn trên mỗi thể tích do vị ngọt đậm đặc của chúng.",75
2c43c812-71c0-5963-a353-b78670dedc68,,,Bánh muffin bí xanh (Zucchini Muffin),DISH,310.0,6.4,16.5,55.3,1.2,29.7,382.2,9d4dc1ac-566d-45dd-8f5c-976afae98cfc,,,"Bánh nướng xốp bí xanh là một loại bánh nướng có đường sử dụng bí ngòi nghiền mịn để bổ sung độ ẩm tự nhiên và các chất dinh dưỡng thực vật tinh tế đồng thời tạo ra kết cấu mềm như bánh. Mặc dù bí xanh cung cấp chất xơ và vitamin A/C trong chế độ ăn uống, nhưng lượng đường bổ sung và hàm lượng bột tinh chế trong nhiều công thức nấu ăn khiến những chiếc bánh nướng xốp này gần giống với món tráng miệng hơn về mặt dinh dưỡng, đòi hỏi phải chia khẩu phần hợp lý để tiêu thụ cân bằng. Các biến thể ngũ cốc nguyên hạt hoặc phiên bản ít đường có thể nâng cao thành phần dinh dưỡng của chúng trong khi vẫn giữ được lợi ích của rau.",75
641c639d-9185-5efb-81a4-9a02af0ce418,,,Bánh quy bơ đậu phộng không nướng (No-Bake Peanut Butter Cookies),DISH,395.0,9.3,16.3,55.8,4.7,32.6,174.0,9d4dc1ac-566d-45dd-8f5c-976afae98cfc,,,"Bánh quy bơ đậu phộng không nướng là một món tráng miệng nhanh chóng, không cần lò nướng, kết hợp yến mạch cán, bơ đậu phộng và chất làm ngọt như đường hoặc mật ong thành những miếng cắn dai, đậm đặc. Những món ăn nhẹ giàu năng lượng này lấy protein từ bơ đậu phộng và chất xơ từ yến mạch, trong khi các chất liên kết của chúng (thường là bơ hoặc dầu dừa) góp phần tạo nên cảm giác ngon miệng cho chúng. Bánh quy đông cứng trong quá trình làm lạnh, khiến chúng trở nên phổ biến để chuẩn bị bữa ăn và thích hợp với chế độ ăn thuần chay khi sử dụng chất béo và xi-rô có nguồn gốc thực vật.",75
71aa844c-5b13-5317-9806-8613c3815437,,,Bánh cuộn quế (Cinnamon Roll),DISH,405.46,6.18,20.65,49.8,2.0,19.3,470.0,9d4dc1ac-566d-45dd-8f5c-976afae98cfc,,,"Bánh quế là một loại bánh ngọt nướng được làm từ bột men có lớp nhân đường quế và thường phủ kem đá. Đặc trưng bởi mặt cắt xoắn ốc và kết cấu mềm mại, êm ái, món ăn hấp dẫn này lấy phần lớn lượng calo từ carbohydrate tinh chế và đường bổ sung. Mặc dù thường được thưởng thức như một món ăn sáng hoặc món tráng miệng, nhưng hàm lượng đường cao và việc sử dụng phổ biến bơ hoặc kem phô mai làm cho nó trở nên đáng chú ý đối với chế độ ăn kiêng nhạy cảm với gluten và sữa.",75
a607f712-1b43-562b-9866-5b65fd560396,,,Bánh kếp không chứa gluten (Gluten-Free Pancakes),DISH,215.0,3.31,4.55,40.3,1.5,4.06,331.0,9d4dc1ac-566d-45dd-8f5c-976afae98cfc,,,"Bánh kếp không chứa gluten là món ăn sáng chủ yếu được chế biến không có nguyên liệu làm từ lúa mì, sử dụng các loại bột thay thế như gạo, hạnh nhân hoặc bột yến mạch để phù hợp với chế độ ăn nhạy cảm với gluten. Những chiếc bánh này thường có kết cấu đặc hơn, sần sùi hơn một chút so với các phiên bản truyền thống nhưng vẫn giữ được bề mặt màu nâu vàng đặc trưng khi được nấu đúng cách. Nhiều công thức nấu ăn kết hợp các chất kết dính như kẹo cao su xanthan hoặc vỏ psyllium để cải thiện cấu trúc và chúng thường được dùng kèm với các lớp phủ giàu dinh dưỡng như trái cây tươi hoặc bơ hạt để tăng hương vị và giá trị dinh dưỡng.",75
03910521-f854-5db1-bd73-44f4f8e139f6,,,Bánh ngọt donut phủ kem (Cake Donut with Icing),DISH,445.0,5.0,26.0,49.0,1.0,17.0,300.0,9d4dc1ac-566d-45dd-8f5c-976afae98cfc,,,"Bánh donut phủ kem là một loại bánh ngọt có vị ngọt được làm từ bột nở có men thường được chiên ngập dầu, tạo nên lớp vỏ vàng, hơi giòn bên ngoài và lớp vỏ dày đặc, giòn bên trong. Lớp phủ kem làm từ đường đóng góp lượng đường bổ sung và chất béo bão hòa đáng kể, trong khi lớp bột mì được làm giàu cung cấp carbohydrate tinh chế và các chất dinh dưỡng tăng cường như sắt và vitamin B. Mặc dù thỉnh thoảng được nướng, nhưng các phiên bản truyền thống vẫn là món ăn có hàm lượng calo cao, nổi bật nhờ lớp men ngọt ngào và cảm giác ngon miệng đậm đà.",75
0b49ab23-b545-5cc8-a4fa-02b11382f7d5,,,Kẹo sô cô la nhân bơ đậu phộng (Peanut Butter Filled Chocolate Candy),INGREDIENT,515.0,10.2,30.5,55.4,3.6,47.2,357.0,9d4dc1ac-566d-45dd-8f5c-976afae98cfc,,,"Kẹo sô cô la nhân bơ đậu phộng là một loại bánh ngọt có nhân bơ đậu phộng mềm, kem được bọc trong vỏ sô cô la. Nhân bánh thường kết hợp đậu phộng rang với đường bột hoặc mật ong để tạo vị ngọt, tạo nên sự tương phản đậm đà với lớp vỏ sô-cô-la mịn màng, dịu nhẹ bên ngoài. Mặc dù cung cấp lượng protein khiêm tốn từ đậu phộng, những món ăn này lại chứa nhiều calo do hàm lượng chất béo và đường cao, với các chất gây dị ứng phổ biến bao gồm đậu phộng, sữa và đậu nành tùy thuộc vào công thức sô cô la.",75
36f2a1e7-d113-5799-870f-cbe03996c277,,,Hỗn hợp bánh kếp kiều mạch (Buckwheat Pancake Mix),INGREDIENT,340.0,10.9,2.7,71.3,8.5,7.21,684.0,9d4dc1ac-566d-45dd-8f5c-976afae98cfc,,,"Hỗn hợp bánh kếp kiều mạch là hỗn hợp bột không chứa gluten chủ yếu sử dụng kiều mạch xay, một loại giả ngũ cốc đậm đặc chất dinh dưỡng có liên quan đến đại hoàng. Hỗn hợp này thường kết hợp bột kiều mạch với các chất tạo men để tạo ra những chiếc bánh kếp có hương vị đậm đà, hấp dẫn, đồng thời hàm lượng chất xơ và protein cao hơn so với hỗn hợp làm từ lúa mì truyền thống. Bột đã chuẩn bị sẵn sẽ tạo ra những chiếc bánh kếp mềm, đặc hơn một chút, không chứa gluten tự nhiên đồng thời cung cấp các khoáng chất thiết yếu như magie và sắt.",75
0ce416cd-41e4-514f-91e3-5b9346b49d73,,,"Mứt mận, có đường (Plum Jam, Sweetened)",DISH,258.0,0.2,0.0,64.4,0.9,64.3,14.0,9d4dc1ac-566d-45dd-8f5c-976afae98cfc,,,"Mứt mận là một loại mứt trái cây có vị ngọt được làm bằng cách nấu mận chín với đường cho đến khi đặc lại. Loại gia vị có thể phết này cân bằng vị chua tự nhiên của trái cây với thêm vị ngọt, thường giữ lại những miếng trái cây mềm ở dạng gel mịn. Mặc dù cung cấp một lượng nhỏ chất xơ và vitamin C từ mận, hàm lượng đường đậm đặc của nó khiến việc kiểm soát khẩu phần trở nên quan trọng đối với những người theo dõi lượng carbohydrate nạp vào. Mứt thường được sử dụng trên bánh mì nướng và bánh ngọt, hoặc dùng làm men cho các loại thịt trong các món mặn.",75
d240f0ce-2fd2-51c6-8796-12bd18544158,,,Bánh quy wafer lúa mì nguyên cám (Whole Wheat Wafer Cookie),DISH,475.0,3.0,26.0,46.0,17.0,25.0,300.0,9d4dc1ac-566d-45dd-8f5c-976afae98cfc,,,"Bánh quy làm từ bột mì nguyên cám là một loại bánh nướng giòn, nhiều lớp được làm chủ yếu bằng bột mì nguyên hạt, cung cấp nhiều chất xơ và chất dinh dưỡng hơn so với bánh quy làm từ bột tinh chế truyền thống. Mặc dù được làm ngọt để tạo cảm giác ngon miệng, nhưng kết cấu thoáng mát và hương vị hạt dẻ nhẹ khiến nó trở thành một lựa chọn ăn nhẹ phổ biến có chỉ số đường huyết thấp hơn so với bánh quy đậm đặc, thường kết hợp với cà phê hoặc dùng làm món tráng miệng. Thành phần ngũ cốc nguyên hạt cung cấp khả năng giải phóng năng lượng bền vững nhưng vẫn cần lượng đường bổ sung vừa phải.",75
a12934aa-d248-529c-a457-c33f2deaba4e,,,"Bánh mì ngô miền Nam, có đường (Southern Cornbread, Sweetened)",DISH,310.0,6.0,14.5,38.0,2.0,10.0,600.0,9d4dc1ac-566d-45dd-8f5c-976afae98cfc,,,"Bánh ngô ngọt miền Nam là một món nướng chủ yếu của ẩm thực vùng miền Hoa Kỳ, kết hợp bột ngô với bột mì và thêm chất làm ngọt như đường hoặc mật ong. Không giống như bánh ngô mặn truyền thống, phiên bản này có lớp vỏ ẩm, giống như bánh và lớp vỏ vàng thường đạt được khi nướng trên chảo gang. Đường bổ sung làm tăng mật độ carbohydrate đồng thời tạo ra một loại bánh mì đa năng giúp thu hẹp khoảng cách giữa món ăn phụ và món tráng miệng trong các bữa ăn miền Nam.",75
14903951-dfcf-5fb0-aad0-996dad5ebbc5,,,Kẹo sô cô la bạc hà (Mint Chocolate Candy),DISH,408.0,1.9,9.5,80.3,2.2,65.2,15.0,9d4dc1ac-566d-45dd-8f5c-976afae98cfc,,,"Kẹo sôcôla bạc hà là loại bánh kẹo kết hợp sôcôla với hương vị bạc hà tự nhiên hoặc nhân tạo. Những loại kẹo này thường có sô cô la đen hoặc sô cô la sữa và có nhiều dạng khác nhau bao gồm sô cô la nhân, kem phủ sô cô la hoặc thanh sô cô la với tinh thể bạc hà. Sự kết hợp giữa bạc hà mát lạnh và sô cô la đậm đà tạo nên hương vị đặc biệt, trong khi hàm lượng đường và bơ ca cao cao khiến những loại kẹo này trở thành nguồn calo tập trung.",75
c0f6b2fc-cc83-5e21-b253-a32ba5ac29e4,,,Khoai lang đóng hộp trong xi-rô (Canned Sweet Potatoes in Syrup),DISH,89.0,0.98,0.2,20.93,2.5,15.4,29.0,9d4dc1ac-566d-45dd-8f5c-976afae98cfc,,,"Khoai lang đóng hộp ngâm xi-rô là khoai lang nấu sẵn được bảo quản trong dung dịch xi-rô có đường, tạo ra kết cấu mềm hơn và hương vị ngọt ngào hơn so với các loại tươi. Mặc dù thuận tiện cho việc chuẩn bị bữa ăn nhanh chóng nhưng quy trình đóng hộp làm tăng đáng kể lượng đường bổ sung so với khoai lang nướng hoặc luộc thông thường, làm thay đổi tác động đường huyết của chúng. Định dạng ổn định trên kệ này thường được sử dụng trong các món thịt hầm và các món ăn ngày lễ nhưng yêu cầu phải theo dõi khẩu phần ăn cẩn thận để theo dõi lượng carbohydrate hoặc lượng đường tiêu thụ.",75
c8cd6caa-3057-57a7-8025-ac185db0cf01,,,Thanh trái cây có đường (Sweetened Fruit Bars),DISH,340.0,2.9,4.2,74.8,4.0,31.4,138.0,9d4dc1ac-566d-45dd-8f5c-976afae98cfc,,,"Thanh trái cây ngọt là món tráng miệng đông lạnh làm từ trái cây xay nhuyễn hoặc nước trái cây được tăng cường thêm đường như đường mía, mật ong hoặc xi-rô. Mặc dù chúng vẫn giữ được một số hương vị trái cây tự nhiên và vitamin, nhưng thành phần dinh dưỡng của chúng khác biệt đáng kể so với các loại không đường do hàm lượng carbohydrate và calo cao. Những món ăn nhẹ di động này thường có kết cấu dai hoặc lạnh và vị ngọt đậm, hấp dẫn như một món ăn nhưng cần có sự điều độ đối với những người theo dõi lượng đường tiêu thụ.",75
63907cbc-aeff-5af3-a0d5-986fe0197bc7,,,Sữa lanh không đường (Unsweetened Flax Milk),INGREDIENT,10.4,0.0,1.04,0.42,0.0,0.0,33.0,9d4dc1ac-566d-45dd-8f5c-976afae98cfc,,,"Sữa lanh không đường là một loại đồ uống có nguồn gốc thực vật được làm bằng hạt lanh ép lạnh và trộn với nước, mang lại hương vị hấp dẫn mà không cần thêm đường. Nó nổi bật với hàm lượng axit béo omega-3 cao và lượng calo đặc biệt thấp, đồng thời không chứa sữa, các loại hạt và đậu nành để có khả năng tương thích rộng rãi với các chất gây dị ứng. Kết cấu mỏng, hơi mượt có tác dụng tốt trong sinh tố, ngũ cốc hoặc nướng bánh, mang lại lớp nền trung tính bổ sung cho cả công thức nấu ăn ngọt và mặn.",75
5c4a6ed7-1811-535d-bb6f-f8626eb75a20,,,Bánh cuộn ngọt nho khô (Raisin Sweet Roll),DISH,372.0,6.2,16.4,50.9,2.4,31.7,304.0,9d4dc1ac-566d-45dd-8f5c-976afae98cfc,,,"Bánh cuộn nho khô là một loại bánh ngọt làm từ men có các cuộn nho khô tẩm gia vị quế được nướng thành bột đậm đà, thường phủ một lớp men ngọt ở trên. Món ăn sáng này có kết cấu mềm, xốp đặc trưng từ hàm lượng bơ và trứng trong bột, trong khi nho khô cung cấp chất xơ và sắt tự nhiên. Sự kết hợp giữa bột mì tinh chế và đường bổ sung trong cả bột nhào và men làm cho nó trở thành lựa chọn có hàm lượng carbohydrate cao phù hợp nhất cho nhu cầu tiêu dùng không thường xuyên.",75
39999e62-332d-5ffb-80a3-5ef57298e417,,,"Quýt đóng hộp có đường, để ráo (Canned Sweetened Mandarin Oranges, Drained)",DISH,60.71,0.5,0.2,13.8,1.1,13.6,6.0,9d4dc1ac-566d-45dd-8f5c-976afae98cfc,,,"Cam quýt ngọt đóng hộp là những múi cam quýt đã gọt vỏ được bảo quản trong xi-rô nhẹ, loại bỏ chất lỏng dư thừa trước khi tiêu thụ. Trong khi việc ráo nước làm giảm hàm lượng đường bổ sung, trái cây vẫn giữ được vị ngọt đáng kể khi chế biến và cung cấp nguồn vitamin C thuận tiện. Những phần mềm, ăn liền này thường được sử dụng trong món salad, món tráng miệng và các món ăn lấy cảm hứng từ châu Á, mang lại khả năng sử dụng quanh năm với chi phí là hàm lượng đường cao hơn so với quýt tươi.",75
7ac101ef-b29c-589c-bd7e-496e61dcde1d,,,Hỗn hợp bánh ngọt vàng (Yellow Cake Mix),INGREDIENT,374.0,3.7,3.5,81.9,1.2,43.3,728.0,9d4dc1ac-566d-45dd-8f5c-976afae98cfc,,,"Hỗn hợp bánh vàng là một sản phẩm nướng khô được trộn sẵn có chứa bột mì, đường, chất tạo men và hương vani hoặc bơ nhân tạo được thiết kế để tạo ra một chiếc bánh nền vàng, ngọt nhẹ. Hỗn hợp này yêu cầu thêm chất béo (dầu/bơ) và chất lỏng trước khi nướng, ảnh hưởng đáng kể đến hàm lượng calo và chất béo của sản phẩm cuối cùng. Mặc dù tiện lợi nhưng thành phần dinh dưỡng của nó chủ yếu là carbohydrate tinh chế và đường bổ sung, với màu sắc thường được tăng cường thông qua các dẫn xuất lòng đỏ trứng hoặc màu thực phẩm.",75
e4fa4231-ab62-5291-8158-119fc81c029c,,,"Sữa không sữa matcha, có đường (Matcha Non-Dairy Milk, Sweetened)",INGREDIENT,75.0,1.0,2.5,12.0,0.5,8.0,70.0,9d4dc1ac-566d-45dd-8f5c-976afae98cfc,,,"Sữa không đường Matcha là một loại đồ uống có đường làm từ thực vật được chế biến bằng cách kết hợp bột trà xanh Nhật Bản với các lựa chọn thay thế như hạnh nhân, yến mạch hoặc sữa đậu nành. Nó cung cấp chất chống oxy hóa như EGCG từ matcha cùng với hàm lượng caffeine nhẹ, đồng thời vị ngọt được bổ sung sẽ cân bằng vị đắng tự nhiên của matcha. Thức uống dạng kem, không chứa lactose này thường được sử dụng trong latte và sinh tố, mang đến một lựa chọn thân thiện với người ăn chay với khoảng 5-10g đường bổ sung cho mỗi khẩu phần tùy thuộc vào nhãn hiệu.",75
1c683870-3f73-50e8-8dae-e6ccffb57f3c,,,Nước cốt dừa hương sô cô la có đường (Sweetened Chocolate-Flavored Coconut Milk),INGREDIENT,57.0,0.8,2.8,7.3,0.8,6.5,34.0,9d4dc1ac-566d-45dd-8f5c-976afae98cfc,,,"Sữa dừa có hương vị sô cô la ngọt là một loại đồ uống có nguồn gốc từ thực vật pha trộn nước cốt dừa với ca cao và đường bổ sung, mang lại kết cấu kem béo ngậy mang hương vị nhiệt đới. Sản phẩm thay thế không chứa sữa này chứa chất béo bão hòa tự nhiên từ kem dừa và thường được bổ sung canxi, mặc dù hàm lượng đường bổ sung của nó cần được xem xét để theo dõi chất dinh dưỡng đa lượng. Phổ biến trong chế độ ăn thuần chay, nó vừa là đồ uống độc lập vừa là nền tảng cho sinh tố, món tráng miệng hoặc công thức làm bánh không có sữa.",75
bff15cd6-6c04-5f65-835d-e9a32b0480c9,,,Hỗn hợp bánh kếp bí ngô (Pumpkin Pancake Mix),INGREDIENT,300.0,8.0,2.0,78.0,3.0,10.0,700.0,9d4dc1ac-566d-45dd-8f5c-976afae98cfc,,,"Pumpkin Pancake Mix là hỗn hợp nướng khô làm sẵn có chứa bột bí ngô và các loại gia vị ấm như quế và nhục đậu khấu, được thiết kế để chuẩn bị nhanh chóng cho bữa sáng theo mùa. Hỗn hợp ngọt này cung cấp vitamin A có nguồn gốc thực vật và chất xơ từ bí ngô, mặc dù thường chứa nhiều đường bổ sung hơn các loại bánh kếp thông thường. Khi chế biến với nước hoặc sữa, nó sẽ tạo ra những chiếc bánh bông xốp với hương vị mùa thu, cân bằng giữa sự tiện lợi với một số lợi ích dinh dưỡng có nguồn gốc từ thực vật.",75
420dbe68-1c8b-5e1d-816e-2ef835139547,,,Bánh ngọt chanh (Lemon Cake),DISH,429.25,4.6,21.3,55.4,1.3,40.0,217.0,9d4dc1ac-566d-45dd-8f5c-976afae98cfc,,,"Bánh chanh là một món tráng miệng có vị cam quýt, đặc trưng bởi vỏ chanh tươi và nước ép truyền vào, tạo ra sự tương phản hấp dẫn với lớp nền bơ ngọt ngào. Loại bánh vụn ẩm, mềm này thường có men chanh hoặc kem phủ để tăng hương vị đặc trưng của nó và thường được chế biến dưới dạng bánh mì, bánh nhiều lớp hoặc biến thể bundt. Mặc dù thường chứa nhiều carbohydrate và đường tinh chế, nhưng các phiên bản hiện đại có thể kết hợp bột hạnh nhân hoặc sữa chua để phù hợp với sở thích ăn kiêng không chứa gluten hoặc giảm chất béo.",75
7134b37b-5429-54ee-b442-d1a48ce6710a,,,Bột mì bánh ngọt tăng cường (Enriched Pastry Flour),INGREDIENT,353.0,9.0,1.5,76.0,2.7,0.3,2.0,9d4dc1ac-566d-45dd-8f5c-976afae98cfc,,,"Bột bánh ngọt giàu dinh dưỡng là loại bột mì tinh chế được bổ sung sắt và vitamin B (niacin, thiamine, riboflavin, axit folic) để thay thế các chất dinh dưỡng bị mất trong quá trình xay xát. Với hàm lượng protein thấp hơn (8-10%) so với bột mì đa dụng, nó tạo ra kết cấu mềm, vụn trong các món nướng như vỏ bánh nướng và bánh quy. Loại bột xay mịn này được làm từ các loại lúa mì mềm, giúp giảm sự phát triển gluten lý tưởng cho các loại bánh ngọt mềm trong khi vẫn duy trì thành phần dinh dưỡng của các sản phẩm ngũ cốc được làm giàu.",75
6015548b-a0f7-591e-993d-1023286bc3a7,,,Bánh ngọt vani (Vanilla Cake),DISH,444.0,2.0,20.0,56.0,1.0,24.0,259.0,9d4dc1ac-566d-45dd-8f5c-976afae98cfc,,,"Bánh vani là một món tráng miệng nướng ngọt cổ điển được đặc trưng bởi lớp vỏ nhẹ, thoáng mát và hương vị vani tinh tế. Được làm chủ yếu từ bột mì, đường, trứng và bơ, món ăn nổi tiếng này đạt được độ nổi bật đặc trưng thông qua các chất tạo men hóa học như bột nở. Trong khi cung cấp năng lượng nhanh chóng từ carbohydrate, các phiên bản thương mại thường chứa lượng đường bổ sung đáng kể và có thể bao gồm sữa hoặc gluten, đòi hỏi phải theo dõi khẩu phần ăn cẩn thận để quản lý dinh dưỡng.",75
55d0f466-d71a-5d0d-8ea1-beb5d3b95364,,,Kem dâu (Strawberry Ice Cream),INGREDIENT,192.0,3.2,8.4,27.6,0.9,22.0,60.0,9d4dc1ac-566d-45dd-8f5c-976afae98cfc,,,"Kem dâu tây là một món tráng miệng từ sữa đông lạnh có đường được làm bằng cách đánh kem, đường và hương dâu tây thành một kết cấu mịn, thoáng khí. Phiên bản cổ điển kết hợp trái cây xay nhuyễn tự nhiên hoặc hương liệu nhân tạo với nền sữa có hàm lượng chất béo cao, tạo ra độ đặc sệt như kem đặc trưng. Mặc dù cung cấp một lượng nhỏ canxi từ các nguyên liệu từ sữa, nhưng nó thường chứa lượng đường bổ sung và chất béo bão hòa đáng kể. Nhiều loại thương mại kết hợp các miếng dâu tây hoặc các vòng xoáy trái cây để tăng cường cả hương vị và độ tương phản về kết cấu.",75
2230b1d4-7551-5763-b462-e4724aebb88d,,,Xoài sấy khô không đường (Unsweetened Dried Mango),INGREDIENT,320.0,2.0,0.5,82.0,5.0,70.0,5.0,9d4dc1ac-566d-45dd-8f5c-976afae98cfc,,,"Xoài khô không đường là một món ăn nhẹ trái cây khử nước được làm bằng cách loại bỏ nước từ xoài chín mà không thêm đường hoặc chất làm ngọt. Quá trình này tập trung vị ngọt tự nhiên của trái cây và bảo quản hàm lượng vitamin C và vitamin A cao, đồng thời duy trì kết cấu dai, hơi dai khác biệt với xoài tươi. Tùy chọn đậm đặc chất dinh dưỡng này cung cấp chất xơ và chất chống oxy hóa, nhưng mật độ calo của nó đòi hỏi phải chia khẩu phần hợp lý mặc dù thiếu đường bổ sung.",75
8042b44e-c1c3-59fb-a82c-6cbf9ef04f95,,,Chuối sấy khô lát có đường (Sweetened Dried Banana Chips),INGREDIENT,520.0,2.0,32.0,60.0,2.0,25.0,5.0,9d4dc1ac-566d-45dd-8f5c-976afae98cfc,,,"Chuối sấy khô có đường là những lát chuối khử nước được phủ đường hoặc xi-rô, tạo ra kết cấu giòn và hương vị ngọt ngào đậm đà. Mặc dù chúng vẫn giữ lại một số kali và chất xơ từ chuối tươi, nhưng lượng đường bổ sung làm tăng đáng kể mật độ calo và carbohydrate của chúng. Những món ăn nhẹ ổn định trên kệ này thường được chiên hoặc nướng, cung cấp nguồn năng lượng di động nhưng cần tiêu thụ một cách thận trọng do hàm lượng đường đậm đặc của chúng.",75
718e6b9f-26f4-5ce6-8d1d-6ba36f0fb335,,,Sữa chua hạt điều không đường (Unsweetened Cashew Yogurt),DISH,73.33,2.0,4.67,6.0,1.0,4.0,45.0,9d4dc1ac-566d-45dd-8f5c-976afae98cfc,,,"Sữa chua hạt điều không đường là một loại sữa thay thế có nguồn gốc thực vật, không chứa sữa, được làm bằng cách lên men hạt điều trộn với men vi sinh sống. Nó có kết cấu kem đặc biệt và tông màu hạt dẻ nhẹ, giúp phân biệt với các loại sữa chua loãng hơn làm từ hạnh nhân hoặc dừa. Không thêm đường, nó cung cấp nền tảng giàu chất béo không bão hòa có lợi cho tim và magie, đồng thời duy trì các lợi ích hỗ trợ đường ruột của sữa chua truyền thống thông qua các nền văn hóa hoạt động. Đặc điểm hương vị trung tính của nó giúp nó có thể thích ứng với cả ứng dụng ngọt và mặn, từ sinh tố đến nước sốt không chứa sữa.",75
38312d25-40fe-5f3d-a5f3-e3f2654ac85d,,,"Hỗn hợp sô cô la và các loại hạt có đường, gói ăn nhẹ (Sweetened Chocolate and Nut Mix, Snack Pack)",DISH,569.0,15.0,40.2,34.0,6.0,20.0,100.0,9d4dc1ac-566d-45dd-8f5c-976afae98cfc,,,"Sweetened Chocolate and Nut Mix là gói đồ ăn nhẹ ăn liền kết hợp các loại hạt rang với những miếng sô cô la và thêm chất làm ngọt. Hỗn hợp đậm đặc năng lượng này tạo nên sự tương phản giữa các loại hạt giòn với sô cô la mịn, cung cấp protein và chất xơ từ thực vật cùng với lượng đường bổ sung đáng kể. Mặc dù các gói kiểm soát khẩu phần mang lại sự tiện lợi nhưng hàm lượng đường cao của hỗn hợp đảm bảo việc tiêu thụ một cách có ý thức đối với những người theo dõi lượng calo hoặc lượng carbohydrate nạp vào.",75
7fbf2a3f-0ab6-50f5-9f31-0bd37e890da1,,,Hỗn hợp bánh kếp thuần chay (Vegan Pancake Mix),INGREDIENT,313.0,20.0,4.0,50.0,14.0,1.8,1200.0,9d4dc1ac-566d-45dd-8f5c-976afae98cfc,,,"Hỗn hợp bánh pancake thuần chay là hỗn hợp khô có nguồn gốc từ thực vật được pha chế để tạo ra bánh kếp không có trứng và không có sữa chỉ sử dụng nước hoặc sữa thực vật. Những hỗn hợp này thường kết hợp bột mì (thường là ngũ cốc nguyên hạt hoặc các chất thay thế không chứa gluten), chất tạo men và các thành phần liên kết như hạt lanh hoặc tinh bột để tái tạo kết cấu mịn của bánh kếp truyền thống. Nhiều phiên bản được tăng cường nguồn protein như protein đậu hoặc tăng cường dinh dưỡng như hạt chia, phục vụ những người dùng quan tâm đến dinh dưỡng trong khi vẫn đảm bảo sự tiện lợi khi chuẩn bị nhanh chóng.",75
dbc4f07c-b01f-5122-952e-25881c4e8cf1,,,Donut nhân kem (Cream-Filled Donut),DISH,361.0,6.4,24.5,30.0,0.8,14.55,309.0,9d4dc1ac-566d-45dd-8f5c-976afae98cfc,,,"Bánh rán nhân kem là một loại bánh chiên có nhân sữa trứng vani ngọt ngào hoặc nhân kem được bơm vào giữa sau khi nướng. Loại bánh bột làm từ men được làm giàu này thường được phủ một lớp đường cát hoặc men ngọt, tạo ra sự tương phản giữa bên ngoài sắc nét và bên trong mềm mại như kem. Là một món tráng miệng được chế biến kỹ lưỡng, nó chứa một lượng đáng kể carbohydrate tinh chế và chất béo bão hòa, với phần nhân kem sẽ bổ sung thêm đường và calo so với các loại không chứa nhân.",75
62d0540d-dd00-5384-92f2-68a4fe0cf2f1,,,Bánh muffin chuối hạt (Banana Nut Muffin),INGREDIENT,380.0,6.5,17.0,49.0,2.5,20.0,350.0,9d4dc1ac-566d-45dd-8f5c-976afae98cfc,,,"Bánh muffin chuối là một loại bánh nướng có vị ngọt kết hợp giữa chuối chín nghiền, các loại hạt cắt nhỏ (thường là quả óc chó hoặc quả hồ đào) và bột làm từ bột mì. Chuối cung cấp độ ngọt và độ ẩm tự nhiên, trong khi các loại hạt bổ sung độ giòn, chất béo lành mạnh và protein. Mặc dù thường được coi là một món ăn sáng, nhưng các phiên bản thương mại thường chứa lượng đường bổ sung đáng kể và carbohydrate tinh chế, trái ngược với lợi ích dinh dưỡng vốn có của các thành phần thực phẩm nguyên chất. Hầu hết các công thức nấu ăn đều bao gồm bột mì và các loại hạt có chứa gluten, nên việc nhận biết về chất gây dị ứng là điều cần thiết.",75
e295d9de-b342-5aac-97a8-4c3134cacacf,,,"Chất ngọt stevia, dạng bột (Stevia Sweetener, Powdered)",INGREDIENT,125.0,0.0,0.0,25.0,0.0,0.0,0.0,9d4dc1ac-566d-45dd-8f5c-976afae98cfc,,,"Chất làm ngọt Stevia là một loại đường thay thế không calo có nguồn gốc từ lá của cây Stevia rebaudiana. Loại bột tinh chế cao này ngọt hơn đáng kể so với đường truyền thống, với các hợp chất ngọt hơn tới 350 lần, cho phép lượng đường tối thiểu đạt được vị ngọt mong muốn. Là chất làm ngọt tự nhiên không ảnh hưởng đến lượng đường trong máu, nó đặc biệt phổ biến ở những người đang kiểm soát bệnh tiểu đường hoặc theo chế độ ăn ít carbohydrate.",75
cad17bae-b809-5867-886b-a8dcb5ce457c,,,Kem phủ sô cô la (Chocolate Icing),DISH,397.0,1.1,17.6,63.2,0.9,57.7,183.0,9d4dc1ac-566d-45dd-8f5c-976afae98cfc,,,"Kem sô cô la là một loại kem phủ có vị ngọt, có thể phết được làm chủ yếu từ đường bột, bột ca cao và chất béo (thường là bơ hoặc dầu). Kết cấu mịn, dạng kem của nó cho phép dễ dàng sử dụng vào bánh ngọt và bánh nướng nhỏ, trong khi hương vị ca cao đậm đà của nó cân bằng vị ngọt với vị đắng. Mặc dù có nhiều đường và calo nhưng các biến thể hiện đại thường bao gồm các sản phẩm thay thế không có sữa hoặc ít đường để phù hợp với sở thích ăn kiêng.",75
c49ed522-11b0-575f-aaff-3094f965ce28,,,Xi-rô sô cô la (Chocolate Syrup),DISH,279.0,2.1,1.13,65.1,2.6,49.6,72.0,9d4dc1ac-566d-45dd-8f5c-976afae98cfc,,,"Xi-rô sô cô la là một loại gia vị dạng lỏng có vị ngọt được làm chủ yếu từ bột ca cao, đường và nước, được chế biến thành một hỗn hợp mịn, có thể rót được. Không giống như sô cô la tan chảy, nó chứa ít chất béo và nhấn mạnh vị ngọt, khiến nó trở thành loại phủ phổ biến cho món tráng miệng, đồ uống và đồ ăn sáng. Hàm lượng đường bổ sung cao của nó góp phần tạo ra lượng calo rỗng, mặc dù một số thương hiệu tăng cường nó bằng vitamin hoặc sử dụng các chất thay thế đường để có các lựa chọn giảm lượng calo.",75
07c74ec4-7410-59fb-b1b0-0222a00c7e88,,,Sốt táo có hương vị đóng hộp có đường (Canned Sweetened Flavored Applesauce),DISH,68.0,0.16,0.17,17.5,1.2,14.7,2.0,9d4dc1ac-566d-45dd-8f5c-976afae98cfc,,,"Nước sốt táo có hương vị ngọt đóng hộp là loại trái cây xay nhuyễn có thể bảo quản lâu dài bằng cách nấu táo thành hỗn hợp mịn và bảo quản chúng bằng đường và hương liệu bổ sung như chiết xuất quế hoặc quả mọng. Phiên bản chế biến này chứa nhiều đường hơn đáng kể so với nước sốt táo không đường, đồng thời cung cấp ít chất xơ hơn táo nguyên quả do gọt vỏ và nấu lâu. Nó phục vụ như một món ăn nhẹ hoặc nguyên liệu làm bánh tiện lợi nhưng đòi hỏi những người theo dõi lượng đường bổ sung phải nhận thức được khẩu phần ăn.",75
5b884f9c-2059-5b3d-9ad8-e2960a4e9f44,,,Donut thạch (Jelly Donut),DISH,340.0,5.9,18.7,39.0,0.9,21.1,455.0,9d4dc1ac-566d-45dd-8f5c-976afae98cfc,,,"Bánh rán thạch là một loại bánh bột chiên ngọt có đặc điểm là thạch trái cây hoặc nhân mứt và phủ đường bột. Quá trình chiên ngập dầu tạo nên bề ngoài giòn với phần bên trong mềm mại, thoáng mát, tương phản với phần nhân dẻo ngọt ở giữa. Mặc dù phổ biến ở các tiệm bánh ở Bắc Mỹ như một món ăn sáng hoặc bữa ăn nhẹ, nhưng nó cung cấp lượng đường bổ sung đậm đặc và carbohydrate tinh chế với hàm lượng protein tối thiểu. Hầu hết các loại đều sử dụng chất bảo quản trái cây như quả mâm xôi hoặc dâu tây, mặc dù một số phiên bản có thể bao gồm nhân sữa trứng hoặc kem.",75
70394efe-4970-529f-8069-ecf910e897e4,,,Sô cô la chip trắng (White Chocolate Chips),DISH,539.0,5.87,32.09,59.24,0.2,59.0,90.0,9d4dc1ac-566d-45dd-8f5c-976afae98cfc,,,"Sô cô la trắng chip là những miếng bánh nướng có vị ngọt được làm chủ yếu từ bơ ca cao, đường và chất rắn sữa, không có chất rắn ca cao đặc trưng cho sô cô la đen hoặc sữa. Hàm lượng đường và chất béo bão hòa cao của chúng đòi hỏi phải chia khẩu phần một cách cẩn thận, trong khi nhiệt độ cháy thấp của chúng đòi hỏi kỹ thuật nấu chảy nhẹ nhàng để làm kẹo hoặc trang trí món tráng miệng. Mặc dù có nguồn gốc từ sữa và không phải là một biến thể sô cô la thực sự, nhưng chúng mang lại vị ngọt như kem cho bánh quy, hỗn hợp đường và bánh kẹo trong khi không tương thích với chế độ ăn thuần chay do hàm lượng sữa.",75
0fba44fa-9914-5a07-9712-4974e8bfda94,,,Sốt mè có đường (Sweetened Sesame Dressing),DISH,443.0,3.0,45.0,8.5,0.0,6.5,1000.0,9d4dc1ac-566d-45dd-8f5c-976afae98cfc,,,"Nước sốt mè ngọt là một loại gia vị trộn bột mè nướng hoặc dầu với đường bổ sung, tạo ra sự cân bằng giữa vị đậm đà và vị ngọt rõ rệt. Phiên bản này khác với nước sốt mè mặn truyền thống ở chỗ kết hợp các thành phần như mật ong, xi-rô cây phong hoặc đường tinh luyện, giúp nâng cao hàm lượng calo đồng thời tăng cường tính linh hoạt của nó trong món salad, bát ngũ cốc và nước xốt. Kết cấu kem và vị ngọt mặn của nó khiến nó trở nên phổ biến trong ẩm thực kết hợp, mặc dù hàm lượng đường của nó có thể yêu cầu điều độ để những người theo dõi lượng carbohydrate nạp vào.",75
24fd74f0-09a1-5b58-a5a9-3b7b45ecd52c,,,Bánh quế trái cây có đường (Sweetened Fruit Waffle),DISH,510.0,6.0,25.0,65.0,3.0,30.0,360.0,9d4dc1ac-566d-45dd-8f5c-976afae98cfc,,,"Bánh quế trái cây ngọt là một món ăn sáng hoặc món tráng miệng có bánh quế làm từ bột được tẩm với các miếng trái cây và thường được phủ thêm nước trái cây ngọt hoặc xi-rô. Được chế biến trong khuôn làm bánh quế để có kết cấu giòn đặc trưng, ​​phiên bản này khác với bánh quế thông thường ở chỗ kết hợp đường bổ sung trong cả bột bánh và lớp phủ bên trên, dẫn đến hàm lượng carbohydrate cao hơn và mật độ protein thấp hơn. Mặc dù trái cây cung cấp một số vitamin và chất xơ, nhưng chất ngọt được thêm vào khiến nó trở thành một lựa chọn dễ chịu hơn, đòi hỏi phải kiểm soát khẩu phần ăn một cách chú ý.",75
b94f7246-469e-5383-8fb3-489ce7b141c0,,,Chuối sấy khô lát không đường (Unsweetened Dried Banana Chips),INGREDIENT,567.0,3.6,32.1,64.3,10.0,10.0,5.0,9d4dc1ac-566d-45dd-8f5c-976afae98cfc,,,"Chuối sấy khô không đường là những lát chuối chín đã khử nước giúp bảo quản lượng đường tự nhiên của trái cây mà không cần thêm chất làm ngọt. Quá trình khử nước tập trung kali và chất xơ trong khi tạo ra kết cấu dai, hơi dai, khác biệt với các loại ngọt chiên bằng dầu. Những con chip ổn định này cung cấp một lựa chọn ăn nhẹ giàu calo, giữ lại hàm lượng calo khoảng ba lần so với chuối tươi tính theo trọng lượng do loại bỏ nước.",75
33e63ee5-5775-55d8-860b-1f3326bd5859,,,Súp ngô ngọt (Sweet Corn Soup),DISH,126.48,3.88,6.4,13.98,1.22,4.0,88.0,9d4dc1ac-566d-45dd-8f5c-976afae98cfc,,,"Súp ngô ngọt là món kem có vị ngọt nhẹ được làm chủ yếu từ hạt ngô xay nhuyễn, thường được hòa quyện với các gia vị thơm như hành, tỏi. Cơ sở tinh bột của nó cung cấp hàm lượng carbohydrate cao hơn so với súp làm từ nước dùng, được cân bằng bởi chất xơ và vitamin C đáng chú ý từ ngô tươi hoặc ngô nấu chín. Trong khi ăn chay theo truyền thống, các biến thể có thể sử dụng nước luộc gà hoặc kem làm từ thực vật, mang lại sự linh hoạt cho các món ăn chay, không chứa gluten hoặc tăng cường protein với đậu phụ hoặc thịt gia cầm cắt nhỏ.",75
f87effc3-810f-5fa6-94a2-4db7e0a8aa11,,,Nước sốt berry có đường (Sweetened Berry Compote),DISH,112.0,1.0,0.4,26.0,2.0,20.0,5.0,9d4dc1ac-566d-45dd-8f5c-976afae98cfc,,,"Nước ép quả mọng ngọt là một loại nước sốt trái cây nấu chín được làm bằng cách đun sôi quả mọng tươi hoặc đông lạnh với đường, mật ong hoặc xi-rô cho đến khi mềm thành một hỗn hợp đặc, có thể dùng được. Trong khi vẫn giữ lại các chất chống oxy hóa tự nhiên và vitamin của quả mọng, chất làm ngọt được bổ sung làm tăng đáng kể hàm lượng carbohydrate và calo so với trái cây tươi. Loại topping linh hoạt này cân bằng độ chua tươi của trái cây với vị ngọt giống như món tráng miệng, thường được dùng kèm với bánh kếp, sữa chua hoặc bánh pho mát, nhưng đòi hỏi phải nhận thức được khẩu phần ăn do lượng đường đậm đặc của nó.",75
8c11b59e-15ba-57dd-bc09-62f042bfe764,,,Bánh muffin bí ngô có đường (Sweetened Pumpkin Muffin),DISH,268.0,6.0,8.0,43.0,2.5,18.0,300.0,9d4dc1ac-566d-45dd-8f5c-976afae98cfc,,,"Muffin bí ngô ngọt là một món nướng có bí ngô xay nhuyễn trộn với các loại gia vị mùa thu như quế và nhục đậu khấu, nổi bật bởi kết cấu ẩm và thêm đường. Phiên bản này thường chứa nhiều carbohydrate tinh chế hơn đáng kể so với bánh mì bí ngô không đường, thường được tăng cường với các lớp phủ bên trên như vụn streusel hoặc kem phô mai kem. Mặc dù cung cấp lượng chất xơ vừa phải từ bí ngô, nhưng thành phần dinh dưỡng của nó lại hướng đến việc trở thành một món ăn nhẹ dễ chịu hơn là một lựa chọn tập trung vào sức khỏe do hàm lượng đường cao.",75
8a6150cf-482e-52cf-8928-56d66ecfad2e,,,Bánh mì ngô ngọt (Sweet Cornbread),DISH,331.0,6.0,11.0,52.0,2.0,12.0,300.0,9d4dc1ac-566d-45dd-8f5c-976afae98cfc,,,"Bánh ngô ngọt là một loại bánh mì ẩm nhanh kết hợp bột ngô và bột mì, được phân biệt bởi vị ngọt có chủ ý của đường hoặc mật ong, tương phản với các phiên bản mặn truyền thống. Món ăn chủ yếu của miền Nam Hoa Kỳ này có kết cấu vàng, hơi vụn với lớp vỏ giòn khi nướng trên chảo. Mặc dù cung cấp carbohydrate đậm đặc năng lượng từ cả ngũ cốc và chất làm ngọt, nhưng nó vẫn là món ăn kèm phổ biến cho các món ăn ớt, thịt nướng và thức ăn tâm hồn mặc dù có chứa gluten từ bột mì.",75
754dd35e-8359-5987-909d-62e3f065369e,,,Chất ngọt trái la hán (Monk Fruit Sweetener),DISH,0.0,0.0,0.0,100.0,0.0,0.0,0.0,9d4dc1ac-566d-45dd-8f5c-976afae98cfc,,,"Chất làm ngọt trái cây nhà sư là một loại đường thay thế tự nhiên, không calo có nguồn gốc từ trái cây Luo Han Guo có nguồn gốc từ Đông Nam Á. Chất làm ngọt này chứa các hợp chất gọi là mogroside ngọt hơn 150-200 lần so với đường ăn, cho phép sử dụng một lượng tối thiểu để đạt được vị ngọt mong muốn mà không ảnh hưởng đến lượng đường trong máu. Chất làm ngọt được chiết xuất và chế biến mang lại hương vị ngọt ngào, trong lành mà không có dư vị đắng thường gặp như một số chất làm ngọt tự nhiên khác, khiến nó đặc biệt phổ biến đối với những người theo chế độ ăn kiêng low-carb hoặc bệnh tiểu đường.",75
933d57e3-1ff0-56f2-8e38-cdea3a4f7f01,,,Bánh wafer vani ít béo (Reduced Fat Vanilla Wafers),DISH,441.0,5.0,15.0,74.0,2.0,38.0,388.0,9d4dc1ac-566d-45dd-8f5c-976afae98cfc,,,"Bánh xốp vani giảm chất béo là một biến thể bánh quy giòn, ngọt được chế biến để chứa ít chất béo hơn các phiên bản truyền thống, thường đạt được thông qua các chất thay thế như nước sốt táo hoặc giảm hàm lượng bơ. Mặc dù ít chất béo hơn nhưng những viên tròn màu nâu vàng này vẫn giữ được vị ngọt nhẹ và hương vani, mặc dù chúng có thể có hàm lượng carbohydrate cao hơn một chút trên mỗi khẩu phần để duy trì kết cấu. Thường được sử dụng trong các món tráng miệng như bánh pudding chuối hoặc như một món ăn nhẹ độc lập, chúng cung cấp một lựa chọn ít chất béo hơn trong khi vẫn mang lại vị giòn tinh tế quen thuộc của bánh xốp vani cổ điển.",75
1869eaf5-96ef-53e4-a937-0a459969fb46,,,Bánh ngọt cà phê (Coffee Cake),DISH,418.0,6.8,23.3,46.7,2.0,25.0,351.0,9d4dc1ac-566d-45dd-8f5c-976afae98cfc,,,"Bánh cà phê là một loại bánh ngọt ăn sáng một lớp được thiết kế để dùng kèm với đồ uống nóng, nổi bật với lớp phủ streusel có gia vị quế đặc trưng. Món nướng ngọt này tạo nên sự tương phản giữa lớp vỏ bơ mềm với hỗn hợp đường nâu và hạt giòn, thường chứa hàm lượng chất béo vừa phải từ dầu hoặc bơ. Mặc dù các công thức nấu ăn khác nhau nhưng hầu hết các phiên bản đều lấy được lượng carbohydrate đáng kể từ bột tinh chế và đường cát, khiến việc nhận biết khẩu phần có giá trị trong việc theo dõi dinh dưỡng.",75
b486ae31-be3e-55e0-b7e1-29d865b8ee56,,,Bánh quy không chứa gluten (Gluten-Free Cookies),DISH,487.0,2.5,19.63,75.1,1.17,47.43,225.33,9d4dc1ac-566d-45dd-8f5c-976afae98cfc,,,"Bánh quy không chứa gluten là các loại bánh nướng ngọt được chế biến không có thành phần lúa mì, lúa mạch hoặc lúa mạch đen để đáp ứng các hạn chế về chế độ ăn uống. Họ thường sử dụng các loại bột thay thế như hạnh nhân, gạo hoặc yến mạch kết hợp với chất kết dính như kẹo cao su xanthan để bắt chước kết cấu bánh quy truyền thống, mặc dù chúng có thể đặc hơn hoặc vụn hơn. Mặc dù cung cấp một lựa chọn an toàn cho những người mắc bệnh celiac hoặc nhạy cảm với gluten, nhưng nhiều loại thương mại có chứa hàm lượng đường và chất béo tương đương với bánh quy thông thường, đòi hỏi phải kiểm soát khẩu phần ăn một cách chú ý.",75
63232ae3-0799-5cd1-b733-2e66d1ff73e2,,,Bánh ngọt cà phê kem chua (Sour Cream Coffee Cake),DISH,388.0,6.0,16.0,55.0,1.5,30.0,300.0,9d4dc1ac-566d-45dd-8f5c-976afae98cfc,,,"Bánh cà phê kem chua là một loại bánh nướng đặc, ẩm, được làm giàu với kem chua để tạo ra lớp vỏ mềm đặc trưng và vị thơm tinh tế. Đặc trưng bởi lớp phủ streusel có gia vị quế và thường được phủ một lớp đường nâu, loại bánh này có vị đậm đà từ bơ và kem chua, dẫn đến hàm lượng chất béo cao hơn so với các loại bánh tiêu chuẩn. Theo truyền thống, nó được phục vụ như một món bánh ngọt ăn sáng hoặc món tráng miệng đi kèm với cà phê, nó có chứa các chất gây dị ứng phổ biến bao gồm sữa, gluten và trứng.",75
070731c4-713d-5267-9209-62a8015a7ee7,,,Hành tây ngọt sấy khô dạng vảy (Dried Sweet Onion Flakes),INGREDIENT,349.0,8.95,0.46,83.3,9.2,37.41,21.0,9d4dc1ac-566d-45dd-8f5c-976afae98cfc,,,"Hành khô mảnh là những miếng hành khô đã được khử nước, được biết đến với hương vị nhẹ nhàng, ngọt ngào và kết cấu giòn. Quá trình sấy khô tập trung lượng đường tự nhiên của chúng đồng thời làm giảm các hợp chất lưu huỳnh cay có trong hành tươi, khiến chúng trở thành một loại gia vị linh hoạt cho các món ăn cần hương vị nhẹ nhàng của hành. Những loại vảy có thể bảo quản ổn định này giữ lại chất xơ và chất chống oxy hóa, bù nước tốt trong chất lỏng và thường được sử dụng trong súp, nước chấm, gia vị và món thịt hầm.",75
3906495e-abb8-5ae2-a5be-083712727808,,,Thịt xông khói gà tây có đường hương phong (Maple Flavored Sweetened Turkey Bacon),DISH,256.0,18.0,16.0,10.0,0.0,8.0,550.0,9d4dc1ac-566d-45dd-8f5c-976afae98cfc,,,"Thịt xông khói Thổ Nhĩ Kỳ có hương vị phong là một sản phẩm thịt chế biến được làm từ ức gà tây đã qua xử lý dày dặn, kết hợp protein nạc với đường bổ sung để tạo nên vị khói ngọt ngào. Mặc dù có hàm lượng chất béo bão hòa thấp hơn so với thịt lợn xông khói truyền thống, nhưng nó lại chứa natri đáng chú ý từ quá trình xử lý và xi-rô phong caramen hoặc lớp phủ đường giúp tăng hương vị trong khi nấu. Các dải nấu sẵn sẽ có kết cấu giòn khi áp chảo hoặc nướng, mang đến món ăn thay thế thịt cho bữa sáng với hương vị mặn ngọt hấp dẫn riêng biệt nhưng hàm lượng chất béo giảm.",75
70f9ca22-c0aa-5d77-88f8-42e9889b3b4b,,,Sốt ớt cà chua có đường (Sweetened Tomato Chili Sauce),DISH,108.0,2.5,0.3,23.8,2.4,17.3,1340.0,9d4dc1ac-566d-45dd-8f5c-976afae98cfc,,,"Tương ớt cà chua ngọt là một loại gia vị trộn cà chua, ớt và thêm đường hoặc mật ong để tạo ra hương vị cay ngọt cân bằng. Không giống như các loại nước sốt nóng truyền thống, nó nhấn mạnh vị ngọt caramen cùng với độ nóng nhẹ đến vừa phải, khiến nó được ưa chuộng làm lớp men cho các món thịt nướng, nước chấm cho chả giò hoặc nước nền cho các món xào. Các chất làm ngọt được thêm vào làm tăng hàm lượng carbohydrate so với tương ớt không đường, trong khi vẫn cung cấp nguồn lycopene đậm đặc từ cà chua nấu chín.",75
a333a73d-ee4f-5214-9a85-ba5d9359ccb8,,,Hỗn hợp bánh muffin việt quất (Blueberry Muffin Mix),INGREDIENT,293.0,3.48,3.25,61.0,1.4,32.7,479.0,9d4dc1ac-566d-45dd-8f5c-976afae98cfc,,,"Hỗn hợp bánh nướng xốp việt quất là hỗn hợp nướng khô được đo trước có chứa bột mì, đường, chất tạo men và quả việt quất khô, được thiết kế để chuẩn bị nhanh chóng theo kiểu tự làm. Hỗn hợp ổn định này thường được làm giàu với các vitamin như sắt và vitamin B nhưng thường chứa nhiều đường bổ sung và carbohydrate tinh chế. Khi được chế biến với các chất lỏng bổ sung (thường là sữa, dầu hoặc trứng), nó sẽ tạo ra những chiếc bánh nướng xốp ngọt ngào giống như bánh ngọt với lớp vỏ mềm và hương vị quả mọng bù nước đậm đặc.",75
ebfd99e5-cb40-55ee-be0d-f8c7a11e803c,,,"Phô mai kem dâu tây, có đường (Strawberry Cream Cheese, Sweetened)",INGREDIENT,300.0,7.0,20.0,18.0,0.0,18.0,400.0,9d4dc1ac-566d-45dd-8f5c-976afae98cfc,,,"Phô mai kem dâu tây (có đường) là một loại phô mai mềm có hương vị kết hợp phô mai kem với dâu tây hoặc hương liệu và thêm chất làm ngọt. Phiên bản có đường này chứa nhiều đường hơn đáng kể so với phô mai kem thông thường, tạo nên hương vị giống món tráng miệng lý tưởng cho bánh ngọt ăn sáng hoặc nước chấm trái cây. Chất kem này duy trì lớp nền mịn màng, thỉnh thoảng có những miếng dâu tây, mang đến sự cân bằng giữa hương sữa thơm và vị ngọt của trái cây tươi sáng.",75
07c62af3-dad7-555e-9d8f-d34843bf1af4,,,Đồ ăn nhẹ trái cây sấy khô có đường (Sweetened Dried Fruit Snacks),INGREDIENT,330.0,1.0,0.5,80.0,3.0,70.0,20.0,9d4dc1ac-566d-45dd-8f5c-976afae98cfc,,,"Đồ ăn nhẹ trái cây sấy khô có đường là trái cây khử nước có thêm đường hoặc xi-rô để tăng cường vị ngọt tự nhiên và độ ổn định khi bảo quản. Mặc dù chúng vẫn giữ lại một số chất xơ và vitamin từ trái cây ban đầu, nhưng nồng độ đường trong quá trình chế biến làm tăng đáng kể mật độ calo của chúng so với các loại trái cây tươi. Các loại phổ biến như xoài khô hoặc nam việt quất ngọt thường được bán trên thị trường như đồ ăn nhẹ tiện lợi, nhưng hàm lượng đường bổ sung của chúng đòi hỏi những người theo dõi lượng carbohydrate tiêu thụ một cách thận trọng.",75
84b9672c-f6f4-50c8-bed2-acc1a2dbbb46,,,Kẹo sô cô la nhân bánh quy (Cookie-Filled Chocolate Candy),DISH,429.0,3.0,39.0,58.0,7.0,35.0,357.0,9d4dc1ac-566d-45dd-8f5c-976afae98cfc,,,"Kẹo sô cô la nhân bánh quy là một loại bánh kẹo đã qua chế biến có nhân bánh ngọt được bọc hoàn toàn trong lớp phủ sô cô la. Món ăn hấp dẫn này kết hợp kết cấu tương phản của bánh quy giòn và sô cô la mịn, thường chứa hàm lượng đường tinh luyện và chất béo bão hòa cao từ các thành phần như bột mì, bơ ca cao và dầu cọ. Mặc dù cung cấp năng lượng nhanh chóng từ carbohydrate, nhưng nó lại chứa nhiều calo với các chất dinh dưỡng thiết yếu tối thiểu và các loại phổ biến thường chứa các chất gây dị ứng như lúa mì, sữa và đậu nành.",75
e03f84f4-285d-545b-a6c4-162cef8f90fa,,,Sô cô la phủ các loại hạt (Chocolate Covered Nuts),DISH,579.0,9.0,39.0,48.0,6.0,35.0,80.0,9d4dc1ac-566d-45dd-8f5c-976afae98cfc,,,"Các loại hạt phủ sô cô la là một loại bánh kẹo kết hợp các loại hạt rang với lớp phủ sô cô la ngọt ngào, thường sử dụng các loại sữa hoặc sô cô la đen. Trong khi các loại hạt cung cấp protein từ thực vật, chất béo lành mạnh và chất xơ thì lớp sô cô la giàu đường bổ sung thêm lượng calo và chất béo bão hòa đáng kể. Những món ăn nhẹ này mang đến sự tương phản hài lòng giữa bên trong giòn và bên ngoài mịn màng nhưng đòi hỏi phải kiểm soát khẩu phần một cách cẩn thận do mật độ năng lượng của chúng và chúng chứa các chất gây dị ứng phổ biến bao gồm các loại hạt và sữa.",75
e22a6a02-630e-5705-8199-21d5f6081525,,,Que kem sô cô la (Chocolate Popsicle),DISH,153.0,4.0,4.7,25.4,1.0,21.8,165.0,9d4dc1ac-566d-45dd-8f5c-976afae98cfc,,,"Kem sô cô la là một món tráng miệng đông lạnh dạng que được làm từ hỗn hợp ca cao có đường, thường được thưởng thức như một món ăn giải khát. Kết cấu của nó dao động từ kem đến lạnh tùy thuộc vào thành phần cơ bản, với hầu hết các loại thương mại đều chứa hàm lượng đường bổ sung cao. Mặc dù cung cấp lượng protein tối thiểu, món ăn nhẹ mùa hè phổ biến này có hương vị từ bột ca cao hoặc hương sô cô la và thường chứa các thành phần sữa ở dạng kem hơn.",75
5e2c380f-fa41-5550-9c28-7ae582ef3bd7,,,Sô cô la trắng (White Chocolate),DISH,539.0,6.5,33.3,56.9,0.2,56.8,84.0,9d4dc1ac-566d-45dd-8f5c-976afae98cfc,,,"Sôcôla trắng là một loại bánh kẹo được làm chủ yếu từ bơ ca cao, đường và chất rắn sữa, được phân biệt bởi sự vắng mặt của chất rắn ca cao có trong các loại sôcôla khác. Màu ngà và hương vị kem ngọt ngào với hương vani đến từ sự kết hợp giữa hàm lượng bơ ca cao cao (tối thiểu 20%) và các thành phần từ sữa, mặc dù nó thiếu chất chống oxy hóa có trong các loại sô cô la đen. Mặc dù phổ biến trong các món tráng miệng và làm bánh vì khả năng tan chảy mịn, thành phần dinh dưỡng của nó được đặc trưng bởi hàm lượng đường và chất béo bão hòa cao hơn so với sôcôla giàu ca cao.",75
cd4cdee4-e7a0-53b1-ba78-09beac8621b6,,,Bánh muffin không chứa gluten (Gluten-Free Muffins),DISH,373.0,5.0,17.0,50.0,2.5,28.0,300.0,9d4dc1ac-566d-45dd-8f5c-976afae98cfc,,,"Bánh nướng xốp không chứa gluten là loại bánh nướng được làm không có bột làm từ lúa mì, thường sử dụng các chất thay thế như bột hạnh nhân, gạo hoặc bột yến mạch để phù hợp với chế độ ăn nhạy cảm với gluten. Những chiếc bánh nướng xốp có đường này thường kết hợp các thành phần như trái cây, các loại hạt hoặc sô cô la trong khi vẫn duy trì kết cấu cân bằng độ mềm với đặc tính hơi vụn của bánh nướng không chứa gluten. Nhiều phiên bản ưu tiên mật độ dinh dưỡng bằng cách sử dụng bột ngũ cốc nguyên hạt hoặc các chất phụ gia giàu protein, cung cấp phương pháp điều trị phù hợp cho những người mắc bệnh celiac hoặc không dung nạp gluten.",75
c87aa458-6379-5054-a9cc-4ca87d0b4678,,,Bánh brownie (Brownie),DISH,500.0,5.0,25.0,66.67,2.5,41.67,300.0,9d4dc1ac-566d-45dd-8f5c-976afae98cfc,,,"Bánh hạnh nhân nhà hàng là một miếng tráng miệng sô cô la hình vuông đậm đà thường được phục vụ theo khẩu phần tiêu chuẩn 2 inch chứa từ 200-370 calo. Những món ăn ngọt ngào, đậm đặc này được làm bằng công thức thương mại gồm sô cô la, đường, bột mì và trứng, thường kết hợp chất ổn định và chất bảo quản để kéo dài thời hạn sử dụng. Các chất gây dị ứng phổ biến bao gồm sữa, trứng, lúa mì và đôi khi là các loại hạt cây, trong khi hàm lượng đường và chất béo cao khiến món này trở thành một lựa chọn món tráng miệng hấp dẫn.",75
d0adc36c-f12b-5277-86b9-5eb3496b81a3,,,Bánh cuộn ngọt nhân trái cây (Fruit-Filled Sweet Roll),DISH,370.0,4.0,10.5,65.0,2.0,30.0,600.0,9d4dc1ac-566d-45dd-8f5c-976afae98cfc,,,"Bánh cuộn ngọt nhân trái cây là một loại bánh nướng được làm từ bột ngọt, béo ngậy, phủ nhiều lớp trái cây bảo quản hoặc mứt trái cây tươi. Những cuộn này thường được tráng men hoặc phủ đá sau khi nướng, cân bằng bột mềm, mịn với nhân bánh tart hoặc mứt trái cây. Mặc dù chúng cung cấp lượng chất xơ khiêm tốn từ thành phần trái cây, nhưng hàm lượng carbohydrate cao và đường bổ sung khiến chúng trở thành một lựa chọn thú vị, thường được thưởng thức như một món ăn sáng hoặc món tráng miệng.",75
a1d1ba26-0625-5c12-b93a-b59d6d43d399,,,Donut đường bột (Powdered Sugar Donut),INGREDIENT,370.0,4.5,17.0,55.0,2.0,27.0,295.0,9d4dc1ac-566d-45dd-8f5c-976afae98cfc,,,"Bánh rán đường bột là một loại bánh bột chiên được phân biệt bằng lớp phủ dày của đường bột được nghiền mịn. Những chiếc bánh ngọt hình tròn này thường sử dụng bột làm từ men hoặc bột làm bánh, tạo ra sự tương phản giữa lớp vỏ chiên giòn bên ngoài và lớp bên trong mềm mại, thoáng mát. Mặc dù phổ biến như một món ngọt dành cho bữa sáng hoặc món ăn nhẹ, nhưng chúng chứa nhiều năng lượng do carbohydrate tinh chế, đường bổ sung và chất béo bão hòa từ chiên rán, với hàm lượng protein hoặc chất xơ tối thiểu.",75
372e468b-6bb4-5846-977b-b28dba3feccf,,,Bánh quy wafer sô cô la (Chocolate Wafer Cookies),DISH,433.0,6.6,14.2,72.7,3.4,37.4,580.0,9d4dc1ac-566d-45dd-8f5c-976afae98cfc,,,"Bánh quy sô cô la wafer là loại bánh nướng mỏng, giòn được làm bằng bột ca cao và được làm ngọt bằng đường, thường có thêm bơ hoặc dầu thực vật. Hàm lượng ca cao cao của chúng tạo ra hương vị sô cô la đậm đà khác biệt so với bánh quy tiêu chuẩn, trong khi quy trình cán mỏng tạo ra lớp vỏ giòn tinh tế lý tưởng để xếp lớp trong các món tráng miệng như bánh hộp đá. Những chiếc bánh quy này thường có hàm lượng đường đậm đặc và có thể chứa gluten tùy thuộc vào loại bột được sử dụng, điều này khiến việc nhận biết khẩu phần trở nên quan trọng đối với việc theo dõi dinh dưỡng.",75
4147a176-0cee-54fb-a156-ee702f9bcded,,,Bánh pierogi khoai tây và phô mai (Potato and Cheese Pierogi),DISH,205.0,6.0,5.5,33.0,2.0,2.0,550.0,9d4dc1ac-566d-45dd-8f5c-976afae98cfc,,,"Pierogi khoai tây và phô mai là món bánh bao truyền thống của Đông Âu có bột mì mỏng không men, bọc quanh nhân khoai tây nghiền và phô mai nông dân thơm ngon. Những chiếc túi nhồi này thường được luộc rồi áp chảo để tạo ra phần bên trong mềm mại với các cạnh hơi giòn, mang lại sự tương phản hài lòng về kết cấu. Trong khi cung cấp carbohydrate từ bột và khoai tây cùng với protein từ phô mai, chúng thường được dùng kèm với các loại đồ ăn kèm có hàm lượng calo cao như kem chua hoặc thịt xông khói, khiến nhận thức về khẩu phần ăn trở thành chìa khóa để theo dõi dinh dưỡng.",75
56dc043e-bf8a-50b8-9062-806459616bd2,,,Salsa cà chua có đường (Sweetened Tomato Salsa),DISH,30.0,0.8,0.3,7.0,1.5,4.0,250.0,9d4dc1ac-566d-45dd-8f5c-976afae98cfc,,,"Salsa cà chua ngọt là một biến thể hiện đại của salsa truyền thống kết hợp thêm đường hoặc chất làm ngọt như mật ong hoặc cây thùa để cân bằng độ axit của cà chua và độ cay từ ớt. Mặc dù vẫn giữ nguyên các thành phần cơ bản cổ điển như hành tây, ngò và nước cốt chanh, phiên bản này có hàm lượng đường cao hơn đáng kể so với salsas không đường, điều này có thể ảnh hưởng đến tính phù hợp của nó đối với chế độ ăn kiêng low-carb hoặc bệnh tiểu đường. Vị ngọt thơm của nó khiến nó trở nên phổ biến như một loại nước chấm, tráng men cho protein hoặc phủ lên các món ăn có một chút vị ngọt bổ sung cho hương vị cay hoặc mặn.",75
bb6c759d-7a37-5af3-a04a-e3af73f16d0c,,,Bánh quy kẹp bơ đậu phộng (Peanut Butter Sandwich Cookies),DISH,478.0,8.8,21.1,65.6,1.9,35.4,368.0,9d4dc1ac-566d-45dd-8f5c-976afae98cfc,,,"Bánh quy sandwich bơ đậu phộng là một món nướng ngọt bao gồm hai chiếc bánh quy bơ giòn bao quanh nhân kem có hương vị bơ đậu phộng. Sự tương phản giữa các lớp vụn bên ngoài và lớp giữa mịn màng, đậm đà đã tạo nên đặc điểm của món ăn nhẹ thương mại này, thường có vị ngọt từ đường bổ sung và kết cấu từ dầu hydro hóa. Mặc dù cung cấp hàm lượng protein khiêm tốn từ hàm lượng đậu phộng, nhưng những chiếc bánh quy này lại chứa nhiều calo và thường chứa các chất gây dị ứng như lúa mì, sữa và đậu phộng.",75
d08829fc-4b61-5154-be52-6c97138bd189,,,Bánh quy yến mạch nho khô (Oatmeal Raisin Cookies),DISH,430.0,5.83,15.0,69.1,3.0,36.0,378.0,9d4dc1ac-566d-45dd-8f5c-976afae98cfc,,,"Bánh quy nho khô bột yến mạch là một món nướng cổ điển kết hợp yến mạch cán dai với nho khô căng mọng ngọt ngào trong bột gia vị. Mặc dù cung cấp nhiều chất xơ hơn nhiều lựa chọn món tráng miệng làm từ yến mạch và trái cây sấy khô, nhưng những chiếc bánh quy này thường chứa lượng đường và calo bổ sung đáng kể từ các thành phần như đường nâu và bơ. Cách chế biến truyền thống pha trộn quế hoặc nhục đậu khấu với chiết xuất vani, tạo ra hương vị dễ chịu thường gắn liền với kiểu nướng bánh tại nhà.",75
b1066d63-efef-5c6a-8e70-42212d9c895f,,,Kem ít béo (Low Fat Ice Cream),DISH,115.0,3.0,2.5,24.0,3.5,12.0,70.0,9d4dc1ac-566d-45dd-8f5c-976afae98cfc,,,"Kem ít béo là một món tráng miệng đông lạnh có đường chứa ít chất béo hơn ít nhất 25% so với kem thông thường, thường đạt được nhờ giảm hàm lượng kem và các chất thay thế như sữa gầy hoặc chất làm đặc. Trong khi duy trì kết cấu kem thông qua các chất ổn định như guar gum, nó thường bù đắp sự mất đi hương vị bằng hàm lượng đường cao hơn so với các phiên bản đầy đủ chất béo. Công thức này phục vụ cho những người tiêu dùng quan tâm đến lượng calo đang tìm kiếm sự thoải mái nhẹ nhàng hơn trong khi vẫn mang lại cảm giác hài lòng cho món tráng miệng quen thuộc.",75
eeceb8c9-c7eb-5167-8a0e-eff62d9cac8e,,,"Bánh giòn việt quất, có đường (Blueberry Crisp, Sweetened)",DISH,234.0,2.2,7.6,41.4,2.7,30.0,80.0,9d4dc1ac-566d-45dd-8f5c-976afae98cfc,,,"Blueberry giòn là một món tráng miệng nướng có một lớp quả việt quất nấu chín được làm ngọt, bên trên là hỗn hợp vụn của yến mạch, bột mì, bơ và đường. Trong khi quả việt quất cung cấp chất chống oxy hóa và chất xơ tự nhiên, thành phần dinh dưỡng của món ăn được xác định bằng đường bổ sung và carbohydrate tinh chế từ nhân trái cây ngọt và lớp phủ streusel. Món tráng miệng cổ điển Bắc Mỹ này cân bằng hương vị trái cây chua với kết cấu caramen đậm đà nhưng thường có lượng calo cao trong mỗi khẩu phần.",75
3d150742-7802-5b14-99ec-acfff642f465,,,Kẹo sô cô la với caramel và các loại hạt (Chocolate Candy with Caramel and Nuts),DISH,470.0,9.5,21.0,60.7,4.3,41.4,156.0,9d4dc1ac-566d-45dd-8f5c-976afae98cfc,,,"Bánh kẹo này là một loại kẹo nhiều lớp kết hợp sữa hoặc lớp phủ sô cô la đen với caramel dai và các loại hạt giòn, điển hình là đậu phộng hoặc hạnh nhân. Nó đại diện cho một món ăn giàu calo, cung cấp hỗn hợp các loại đường đơn giản từ caramel, chất béo từ sô cô la và một số protein từ các loại hạt. Do có chứa các chất gây dị ứng thông thường bao gồm các loại hạt và sữa, loại kẹo này cần được cân nhắc cẩn thận đối với những người nhạy cảm với thực phẩm.",75
7f86f4d1-1a40-5076-8b1e-55fbfeeaaf4b,,,Bánh muffin Anh trái cây và ngọt (Fruit and Sweet English Muffins),DISH,280.0,6.5,2.5,47.0,4.5,14.0,400.0,9d4dc1ac-566d-45dd-8f5c-976afae98cfc,,,"Bánh nướng xốp kiểu Anh trái cây và ngọt ngào là một loại bánh ngọt ăn sáng phong phú có trái cây sấy khô nướng như nho khô hoặc quả nam việt quất, có thêm vị ngọt từ đường hoặc mật ong. Bột được bổ sung vitamin B và sắt trong quá trình chế biến, giúp phân biệt về mặt dinh dưỡng với các loại bột thông thường. Những chiếc bánh nướng xốp này vẫn giữ được những góc cạnh đặc trưng của bánh nướng xốp truyền thống của Anh khi được chia nhỏ và nướng, nhưng lớp vụn mềm và trái cây bao gồm chúng khiến chúng đặc biệt phù hợp với các món ngọt như món tráng miệng bruschetta hoặc đồ ăn nhẹ phủ mứt.",75
aa6289b8-0080-5492-9d2f-c5139c65b31b,,,Bánh pudding sô cô la (Chocolate Pudding),DISH,142.0,2.09,4.6,23.0,0.0,17.2,152.0,9d4dc1ac-566d-45dd-8f5c-976afae98cfc,,,"Bánh pudding sô cô la là một món tráng miệng dạng kem, giống sữa trứng truyền thống được làm từ sữa, ca cao, đường và chất làm đặc tinh bột như bột ngô hoặc trứng. Phiên bản có vị ngọt này cân bằng hương vị ca cao đậm đà với kết cấu mịn, dễ ăn đạt được nhờ nấu và làm lạnh nhẹ nhàng. Mặc dù cung cấp lượng canxi và protein khiêm tốn từ nguồn sữa, nhưng nó lại có lượng đường bổ sung và carbohydrate cao đáng chú ý, khiến nhận thức về khẩu phần ăn trở thành chìa khóa để theo dõi dinh dưỡng. Nó thường được phục vụ ướp lạnh, đơn giản hoặc phủ kem hoặc trái cây.",75
20b1c400-97e1-599e-9d22-59d197fc2eec,,,Bánh quy xoắn phủ đường quế (Cinnamon Sugar Coated Pretzels),DISH,350.0,7.0,10.0,70.0,3.5,20.0,800.0,9d4dc1ac-566d-45dd-8f5c-976afae98cfc,,,"Bánh quy bọc đường quế là một món ăn nhẹ nướng có vị ngọt kết hợp kết cấu giòn của bánh quy xoắn truyền thống với lớp phủ đường có gia vị. Bánh quy được phủ một lớp hỗn hợp quế và đường cát sau khi nướng, tạo nên sự tương phản giữa bên ngoài giòn và bên trong dai. Mặc dù cung cấp năng lượng nhanh chóng từ carbohydrate tinh chế, món ăn nhẹ này chứa hàm lượng đường cao hơn đáng kể so với bánh quy thông thường, khiến nó trở thành lựa chọn phổ biến nhưng thú vị cho món ăn vặt giống như món tráng miệng.",75
ea4cd0a3-fb4a-5759-9d95-52759ea23fb9,,,Bánh crepe ngọt (Sweet Crepe),DISH,220.0,8.5,9.0,27.0,1.0,5.0,250.0,9d4dc1ac-566d-45dd-8f5c-976afae98cfc,,,"Bánh crepe ngọt là một loại bánh kếp mỏng của Pháp được làm từ bột mì đơn giản, trứng, sữa và đường, nấu trên vỉ nướng phẳng để đạt được kết cấu ren, tinh tế. Không giống như những chiếc bánh kếp dày hơn, nó thường được gấp hoặc cuộn xung quanh các loại nhân ngọt như trái cây tươi, sô cô la hoặc kem đánh bông, mang đến một món ăn linh hoạt cho món tráng miệng hoặc món ăn sáng. Mặc dù hàm lượng carbohydrate cao hơn một cách tự nhiên do hàm lượng đường và bột tinh chế, nhưng các biến thể sử dụng các loại bột thay thế hoặc bột giảm đường sẽ phù hợp với sở thích ăn kiêng.",75
8c494dd9-832d-5689-afb3-6b0b53438642,,,Sốt chua ngọt mận (Plum Sweet and Sour Sauce),DISH,224.0,0.0,0.0,56.0,0.5,55.0,1000.0,9d4dc1ac-566d-45dd-8f5c-976afae98cfc,,,"Sốt chua ngọt mận là một loại gia vị làm từ trái cây kết hợp mận chín nghiền nhuyễn với giấm và chất làm ngọt để tạo ra sự cân bằng đặc trưng giữa hương vị thơm và đường. Không giống như nước sốt chua ngọt làm từ cà chua, phiên bản này có kết cấu mịn hơn, giống như mứt và hương vị trái cây riêng biệt, thường được tăng cường bằng các loại gia vị như gừng hoặc tỏi. Các loại thương mại thường chứa thêm đường và chất làm đặc, khiến việc nhận biết khẩu phần trở nên quan trọng trong việc theo dõi dinh dưỡng, mặc dù nó vẫn được ưa chuộng như một loại men cho thịt hoặc nước chấm cho các món ăn lấy cảm hứng từ châu Á.",75
8064ca21-8a86-5d75-b6d1-d59c2b07f245,,,Bánh quy xoắn phủ sô cô la đen (Dark Chocolate Coated Pretzels),DISH,467.0,7.05,17.64,70.1,3.5,38.8,494.0,9d4dc1ac-566d-45dd-8f5c-976afae98cfc,,,"Bánh quy xoắn phủ sô cô la đen là một món ăn nhẹ có vị ngọt và mặn kết hợp giữa phần đế bánh quy giòn giòn với một lớp sô cô la đắng. Lớp phủ thường sử dụng sô cô la đen chứa 50-70% chất rắn ca cao, cung cấp chất chống oxy hóa như flavonoid đồng thời cân bằng hương vị thơm ngon của bánh quy cây với vị ngọt tinh tế. Mặc dù có lượng đường thấp hơn so với phiên bản sô cô la sữa, món ăn nhẹ này vẫn chứa thêm đường và natri, đóng vai trò quan trọng trong việc kiểm soát khẩu phần ăn để theo dõi dinh dưỡng.",75
d8e8eb06-e876-58e3-b902-f192f7af800c,,,Sữa gạo có đường (Sweetened Rice Milk),INGREDIENT,50.0,0.5,1.0,10.0,0.0,4.0,50.0,9d4dc1ac-566d-45dd-8f5c-976afae98cfc,,,"Sữa gạo có đường là một loại đồ uống có nguồn gốc thực vật được làm từ gạo xay trộn với nước và thêm đường như đường mía hoặc xi-rô. Mặc dù có hàm lượng protein và chất béo thấp tự nhiên nhưng hàm lượng carbohydrate của nó cao hơn đáng kể so với các loại không đường, khiến nó trở thành một lựa chọn chứa nhiều calo cho chế độ ăn không có sữa. Loại sữa thay thế không gây dị ứng này phù hợp với người dùng thuần chay và người nhạy cảm với dị ứng nhưng cần có sự điều độ đối với những người theo dõi lượng đường bổ sung.",75
f8ee52a9-e414-5eea-9af1-8cc73a96f99a,,,Nước sốt táo có đường (Sweetened Apple Compote),DISH,130.0,0.3,0.2,33.0,2.0,30.0,10.0,9d4dc1ac-566d-45dd-8f5c-976afae98cfc,,,"Compote táo ngọt là một chế phẩm từ trái cây nấu chín được làm bằng cách ninh táo với đường hoặc xi-rô cho đến khi mềm thành những miếng mềm lơ lửng trong nước sốt sền sệt, có gia vị. Trong khi vẫn giữ lại một số chất xơ từ táo nguyên quả, lượng đường bổ sung của nó làm tăng đáng kể mật độ carbohydrate so với trái cây tươi. Loại topping đa năng này cân bằng hương vị ngọt và chua, thường được tăng cường với quế hoặc vani, và dùng làm món tráng miệng thông thường, sữa chua trộn hoặc trang trí bánh kếp.",75
60725071-06bd-5b0f-bbc6-7e7260649887,,,Kem mềm vani (Vanilla Soft Serve Ice Cream),DISH,222.0,4.1,13.0,22.2,0.7,21.2,61.0,9d4dc1ac-566d-45dd-8f5c-976afae98cfc,,,"Kem mềm vani là một món tráng miệng từ sữa đông lạnh phổ biến được đặc trưng bởi kết cấu kem mịn và hàm lượng không khí cao hơn so với kem truyền thống. Món ngọt này được làm bằng sữa, kem và hương vani, thường được phân phối ở nhiệt độ ấm hơn một chút từ các máy chuyên dụng để tiêu thụ ngay. Mặc dù mật độ thấp hơn do sục khí nhưng nó vẫn giàu đường và chất béo bão hòa, chứa các chất gây dị ứng phổ biến như sữa và thường là trứng trong các chế phẩm thương mại.",75
390aae4b-bc8f-538b-8291-d492548511ec,,,Hỗn hợp bánh pudding vani thường (Regular Vanilla Pudding Mix),INGREDIENT,379.0,0.3,0.4,93.5,0.6,79.3,613.0,9d4dc1ac-566d-45dd-8f5c-976afae98cfc,,,"Hỗn hợp bánh pudding vani thông thường là một hỗn hợp bột ngọt được thiết kế để tạo ra món tráng miệng mịn như sữa trứng khi nấu với sữa. Hỗn hợp này kết hợp các chất làm đặc như bột ngô hoặc bột sắn với đường và hương vani nhân tạo, cần đun trên bếp hoặc chuẩn bị bằng lò vi sóng để kích hoạt đặc tính làm đặc của nó. Mặc dù tiện lợi nhưng bánh pudding được chế biến từ hỗn hợp này thường có nhiều đường bổ sung và ít protein hơn so với sữa trứng tự làm làm từ trứng hoặc sữa.",75
e5af68bd-2950-5e72-89bc-3c58963f61ca,,,"Phô mai kem jalapeño, có đường (Jalapeño Cream Cheese, Sweetened)",DISH,188.0,6.25,12.5,12.5,0.0,8.0,563.0,9d4dc1ac-566d-45dd-8f5c-976afae98cfc,,,"Phô mai kem Jalapeño, Sweetened là một loại bơ sữa có hương vị kết hợp ớt jalapeño cay với chất làm ngọt bổ sung để tạo nên vị ngọt đậm đà. Biến thể này khác với phô mai kem jalapeño mặn truyền thống ở chỗ kết hợp đường hoặc mật ong, tạo ra một sản phẩm giàu calo với cả chất béo và đường bổ sung. Kết cấu dạng kem và hương vị tương phản của nó khiến nó trở nên phổ biến như một loại bánh mì tròn phủ trên mặt, nhân bánh ngọt hoặc lớp phủ men cho các món khai vị mặn ngọt.",75
362ab4d9-4dea-55ee-a648-dec303efc7f8,,,Bánh kếp thuần chay (Vegan Pancakes),DISH,189.0,2.8,7.4,28.7,2.5,4.0,710.0,9d4dc1ac-566d-45dd-8f5c-976afae98cfc,,,"Bánh kếp thuần chay là món ăn sáng chủ yếu làm từ thực vật, không có trứng, sữa hoặc các sản phẩm động vật khác, thường sử dụng các chất thay thế như hạt lanh, sữa hạnh nhân hoặc sốt táo. Những chiếc bánh pancake này duy trì kết cấu mềm mại quen thuộc thông qua tỷ lệ thành phần cẩn thận đồng thời cung cấp dinh dưỡng không chứa cholesterol và chất béo bão hòa thấp hơn so với các phiên bản truyền thống. Hương vị trung tính của chúng kết hợp tốt với cả lớp phủ ngọt như quả mọng và xi-rô cây phong cũng như các chất bổ sung đậm đặc chất dinh dưỡng như các loại hạt hoặc hạt chia.",75
6d13ec37-be68-56fa-b274-4ff2d555cdd2,,,Kẹo sô cô la nhân caramel (Caramel-Filled Chocolate Candy),DISH,470.0,6.1,21.15,62.6,1.6,55.3,100.5,9d4dc1ac-566d-45dd-8f5c-976afae98cfc,,,"Kẹo sô cô la nhân caramel là một loại kẹo ngọt bao gồm một lớp vỏ sô cô la mịn màng bao bọc phần nhân caramel sền sệt. Sự tương phản giữa sô cô la cứng, dẻo (thường là sữa hoặc đen) và caramen bơ dai tạo nên sức hấp dẫn đặc trưng của nó, mặc dù nó giàu năng lượng do hàm lượng đường cao và chất béo bão hòa từ bơ ca cao và sữa. Mặc dù thường được thưởng thức như một món ăn độc lập, nhưng thành phần dinh dưỡng đa lượng của nó chủ yếu là carbohydrate và chất béo đơn giản, khiến nhận thức về khẩu phần ăn trở thành chìa khóa để theo dõi chế độ ăn uống.",75
f3609aa3-49e1-5f51-a329-c49e692eb5dc,,,Bánh gạo hương Sriracha (Sriracha-Flavored Rice Cake),DISH,380.0,9.0,3.5,80.0,3.8,1.0,290.0,9d4dc1ac-566d-45dd-8f5c-976afae98cfc,,,"Bánh gạo hương vị Sriracha là một món ăn nhẹ hiện đại kết hợp bánh gạo dai với vị đậm đà, cay ngọt của tương ớt sriracha. Chế phẩm không chứa gluten này có nền gạo nếp hấp thụ mùi tỏi và giấm đặc trưng của nước sốt, tạo ra sự cân bằng giữa kết cấu mềm và hương vị đậm đà. Mặc dù ít chất béo và cung cấp lượng carbohydrate vừa phải nhưng những chiếc bánh gạo dày dặn này thường chứa hàm lượng natri đáng kể từ gia vị ớt.",75
f3236393-4638-51e0-803a-fb99431492c6,,,Donut phủ sô cô la (Chocolate Frosted Donut),DISH,380.0,5.6,16.9,52.1,1.4,22.5,400.0,9d4dc1ac-566d-45dd-8f5c-976afae98cfc,,,"Bánh rán phủ sô cô la là một loại bánh ngọt bao gồm men chiên hoặc đế bánh donut phủ một lớp men sô cô la bóng loáng. Đặc trưng bởi sự cân bằng giữa bên trong mịn màng và bên ngoài sắc nét, món ăn hấp dẫn này thường chứa nhiều carbohydrate tinh chế và đường bổ sung, với lớp phủ kem đóng góp thêm chất béo bão hòa. Mặc dù đôi khi được trang trí bằng rắc hoặc phủ lên trên, nhưng việc cân nhắc dinh dưỡng chính của nó nằm ở mật độ calo và hàm lượng protein hoặc chất xơ tối thiểu.",75
7e998c31-63d6-59f8-bc64-c98c9af608d5,,,Tương ớt có đường (Sweetened Chili Paste),DISH,200.0,0.0,0.0,50.0,1.0,45.0,1400.0,9d4dc1ac-566d-45dd-8f5c-976afae98cfc,,,"Tương ớt ngọt là một loại gia vị đặc, mịn, kết hợp ớt cay với đường và giấm, tạo ra sự cân bằng đặc trưng giữa độ nóng, vị ngọt và vị bùi. Món ăn chủ yếu của Đông Nam Á này — phổ biến trong cách nấu ăn của người Thái và Việt Nam — thường được làm bằng cách nấu ớt với đường thốt nốt, tỏi và me cho đến khi có màu caramen. Mặc dù giàu vitamin C và capsaicin từ ớt, nhưng hàm lượng đường bổ sung cao của nó đòi hỏi phải chia khẩu phần hợp lý khi sử dụng làm men cho protein, đế xào hoặc nước chấm đi kèm.",75
65206b3a-de05-5b63-94b1-dbaf7b5f2e01,,,Sữa đặc có đường (Sweetened Condensed Milk),INGREDIENT,321.0,7.91,8.7,54.4,0.0,54.4,127.0,9d4dc1ac-566d-45dd-8f5c-976afae98cfc,,,"Sữa đặc có đường là sản phẩm sữa cô đặc được làm bằng cách loại bỏ nước khỏi sữa đồng thời bổ sung đường trong quá trình đun nóng. Chất lỏng dạng siro đặc này có màu caramel đặc biệt và kết cấu cực kỳ mịn, chứa khoảng 40-45% đường tính theo trọng lượng. Sản phẩm này ổn định khi bảo quản khi đóng hộp và đóng vai trò là thành phần chính trong nhiều công thức món tráng miệng, đặc biệt là trong các món nướng, kẹo và đồ ngọt truyền thống của Mỹ Latinh và châu Á.",75
d87d98e6-194a-5c92-afdd-9aade644cc45,,,Táo sấy khô có đường (Sweetened Dried Apples),INGREDIENT,330.0,1.0,0.3,81.0,6.0,75.0,5.0,9d4dc1ac-566d-45dd-8f5c-976afae98cfc,,,"Táo khô có đường là những lát táo đã khử nước được phủ thêm đường hoặc truyền xi-rô trong quá trình chế biến, tạo ra kết cấu dai, giống như kẹo, khác biệt với các loại không đường. Phương pháp bảo quản này tập trung lượng đường tự nhiên của trái cây đồng thời bổ sung đường tinh luyện hoặc chất làm ngọt, làm tăng đáng kể hàm lượng carbohydrate trong mỗi khẩu phần. Thường được sử dụng trong hỗn hợp đường mòn, đồ nướng hoặc như một món ăn nhẹ ổn định trên kệ, chúng cung cấp năng lượng nhanh chóng nhưng thiếu tỷ lệ chất xơ trên đường như táo tươi.",75
7eb52991-9cc0-5a68-90c0-82c199267d5c,,,Bánh quy bơ đậu phộng (Peanut Butter Cookie),DISH,473.0,8.92,23.8,58.2,2.1,28.6,463.0,9d4dc1ac-566d-45dd-8f5c-976afae98cfc,,,"Bánh quy bơ đậu phộng là một món tráng miệng nướng ngọt ngào đặc trưng bởi kết cấu đặc, giòn và hương vị hấp dẫn nổi bật từ bơ đậu phộng làm nguyên liệu chính. Trong khi các công thức nấu ăn truyền thống kết hợp bơ đậu phộng với bột mì, đường và chất béo thì các phiên bản thương mại thường chứa thêm chất làm ngọt làm tăng mật độ calo. Những chiếc bánh quy này cung cấp lượng protein thực vật khiêm tốn từ đậu phộng nhưng thường chứa nhiều đường bổ sung và chất béo bão hòa, với các chất gây dị ứng phổ biến bao gồm đậu phộng, gluten và sữa tùy theo cách chế biến.",75
02b00a2f-159a-578b-95ae-44a07c21afeb,,,"Cocktail trái cây đóng hộp, có đường (Canned Fruit Cocktail, Sweetened)",DISH,70.0,0.47,0.1,18.8,1.7,17.1,6.0,9d4dc1ac-566d-45dd-8f5c-976afae98cfc,,,"Cocktail trái cây đóng hộp là hỗn hợp bảo quản của các loại trái cây thái hạt lựu như đào, lê, dứa và nho, được đóng gói trong xi-rô nhẹ hoặc nặng để tăng vị ngọt và ổn định thời hạn sử dụng. Mặc dù quá trình đóng hộp làm mềm kết cấu và giảm một số chất xơ tự nhiên nhưng nó vẫn giữ được các vitamin như vitamin C, mặc dù xi-rô được thêm vào làm tăng đáng kể hàm lượng đường so với trái cây tươi. Sản phẩm này đóng vai trò như một món ăn tiện lợi trong tủ đựng thức ăn cho các món tráng miệng hoặc đồ ăn nhẹ nhanh chóng nhưng yêu cầu chia khẩu phần hợp lý cho chế độ ăn kiêng đường.",75
36b2db9b-0989-5ccf-a503-d02baeeae145,,,Hỗn hợp bánh quy bơ đậu phộng (Peanut Butter Cookie Mix),INGREDIENT,429.0,7.1,14.3,67.9,1.8,39.3,500.0,9d4dc1ac-566d-45dd-8f5c-976afae98cfc,,,"Hỗn hợp bánh quy bơ đậu phộng là một loại nguyên liệu khô được trộn sẵn được thiết kế để đơn giản hóa việc nướng bánh, kết hợp bột mì, đường và hương liệu bơ đậu phộng (thường thông qua bột đậu phộng hoặc chiết xuất). Hỗn hợp ổn định khi bảo quản này thường yêu cầu thêm chất béo như bơ hoặc dầu và trứng để tạo ra những chiếc bánh quy mềm, ngọt với hương vị hấp dẫn riêng biệt. Mặc dù tiện lợi nhưng nó có xu hướng chứa nhiều carbohydrate tinh chế và đường bổ sung, với giá trị dinh dưỡng cuối cùng tùy thuộc vào lựa chọn chế biến.",75
d5cee807-aaa3-52a5-8c2f-e1df570da6be,,,Bỏng ngô caramel (Caramel Popcorn),DISH,431.0,3.8,12.8,79.1,5.2,53.2,206.0,9d4dc1ac-566d-45dd-8f5c-976afae98cfc,,,"Bắp rang caramel là một loại đồ ăn nhẹ có đường được làm bằng cách phủ hạt ngô nổ với hỗn hợp đường caramen sẽ cứng lại khi nguội. Phiên bản bỏng ngô làm bánh kẹo này có kết cấu giòn đặc biệt và lớp phủ màu hổ phách, khiến nó có lượng đường và calo cao hơn đáng kể so với ngô rang thông thường. Mặc dù theo truyền thống được phục vụ như một món ăn nhẹ tráng miệng hoặc món ăn lễ hội, nhưng bỏng ngô caramel vẫn duy trì được kết cấu giòn lâu hơn so với bỏng ngô thông thường do có lớp đường bảo vệ.",75
205bb424-e584-5280-baa8-8faebb3bf369,,,"Tương ngô, có đường (Corn Relish, Sweetened)",DISH,84.0,1.7,0.53,19.1,1.6,9.9,379.0,9d4dc1ac-566d-45dd-8f5c-976afae98cfc,,,"Gia vị ngô, ngọt là một loại gia vị ngâm chua kết hợp ngô nguyên hạt với các loại rau thái hạt lựu như ớt chuông và hành tây trong nước muối pha giấm tăng cường thêm đường. Phiên bản này cân bằng hương vị ngọt ngào và thơm với kết cấu mềm giòn, cung cấp nhiều carbohydrate và calo hơn đáng kể so với các món mặn do hàm lượng đường. Nó thường được sử dụng làm lớp phủ cho món protein nướng hoặc làm nguyên liệu món ăn phụ trong món salad dã ngoại và thực đơn món nướng.",75
f9e09773-73fb-5600-8ee3-ed7720a390e1,,,Nước trái cây có đường (Sweetened Fruit Nectar),DISH,56.0,0.17,0.09,14.5,0.5,13.3,6.0,9d4dc1ac-566d-45dd-8f5c-976afae98cfc,,,"Mật hoa quả ngọt là một loại đồ uống trái cây được sản xuất thương mại bằng cách trộn bột trái cây hoặc xay nhuyễn với nước và thêm đường, tạo ra độ đặc hơn, ngọt hơn so với nước ép trái cây 100%. Mặc dù nó vẫn giữ lại một số vitamin từ trái cây cơ bản, nhưng chất làm ngọt được thêm vào làm tăng đáng kể hàm lượng carbohydrate đồng thời giảm chất xơ so với trái cây nguyên quả hoặc nước trái cây không đường. Sản phẩm này thường được sử dụng trong các công thức đồ uống nhiệt đới và chế biến món tráng miệng nhưng nên tiêu thụ ở mức độ vừa phải do nồng độ đường cao.",75
c246983c-8768-56a0-b670-772b9bc1beb8,,,Donut kiểu cũ (Old-Fashioned Donuts),DISH,434.0,5.31,24.9,47.1,1.7,18.2,477.0,9d4dc1ac-566d-45dd-8f5c-976afae98cfc,,,"Bánh rán kiểu cũ là một loại bánh rán kiểu bánh đặc trưng bởi bề mặt nứt nẻ và bề ngoài giòn với lớp vỏ dày đặc, mềm mại. Được làm từ một loại bột dày được chiên ở nhiệt độ thấp hơn so với bánh rán hiện đại, chúng có các cạnh lởm chởm đặc trưng và thường được phủ một lớp men đơn giản hoặc đường trơn. Những món ăn hoài cổ này có hương vị đậm đà từ hạt nhục đậu khấu hoặc vani và chứa hàm lượng chất béo và đường cao hơn so với bánh rán ủ men.",75
3584158a-811b-575d-8d16-a24c322c00c7,,,Bánh muffin không chứa gluten (Gluten-Free Muffin),DISH,300.0,5.0,10.0,45.0,2.5,15.0,400.0,9d4dc1ac-566d-45dd-8f5c-976afae98cfc,,,"Bánh nướng xốp không chứa gluten là một loại bánh nướng được làm không có thành phần làm từ lúa mì, sử dụng các loại bột thay thế như hạnh nhân, gạo hoặc bột yến mạch để phù hợp với độ nhạy cảm với gluten. Mặc dù cung cấp một lựa chọn an toàn cho những người mắc bệnh celiac hoặc không dung nạp gluten, nhưng những chiếc bánh nướng xốp này thường yêu cầu chất kết dính như kẹo cao su xanthan để bắt chước kết cấu truyền thống và có thể khác nhau về hàm lượng dinh dưỡng tùy thuộc vào thành phần. Nhiều phiên bản ưu tiên hỗn hợp ngũ cốc nguyên hạt giàu chất xơ hoặc bột hạt chứa protein, nhưng một số loại thương mại bù đắp bằng lượng đường hoặc chất béo cao hơn để cải thiện cảm giác ngon miệng.",75
bc028f42-8813-583e-afa2-bd4d9c26cd67,,,Bánh gạo mini hương Sriracha (Mini Sriracha-Flavored Rice Cakes),DISH,450.0,8.0,7.0,89.0,2.0,5.0,600.0,9d4dc1ac-566d-45dd-8f5c-976afae98cfc,,,"Bánh gạo mini hương vị Sriracha là món ăn nhẹ làm từ gạo phồng được phủ một hỗn hợp gia vị cay, thơm lấy cảm hứng từ tương ớt Thái. Những chiếc bánh vừa ăn này kết hợp giữa vị giòn nhẹ, thoáng mát của bánh gạo truyền thống với độ nóng đậm đà và vị tỏi, mang đến một món ăn thay thế ít chất béo hơn cho đồ ăn nhẹ chiên. Mặc dù không chứa gluten tự nhiên và thường là thuần chay, nhưng gia vị của chúng thường đóng góp hàm lượng natri vừa phải, khiến nhận thức về khẩu phần ăn trở thành chìa khóa cho chế độ ăn kiêng natri.",75
97b7fdb5-9270-5c4f-8e0c-99eb685a71d9,,,Mù tạt ngọt (Sweet Mustard),DISH,85.0,4.0,3.1,10.5,2.0,8.5,500.0,9d4dc1ac-566d-45dd-8f5c-976afae98cfc,,,"Mù tạt ngọt là một loại gia vị kết hợp giữa vị thơm của mù tạt truyền thống với các chất làm ngọt bổ sung như mật ong, đường hoặc chất bảo quản trái cây. Biến thể này cân bằng giữa hạt mù tạt sắc nét với vị ngọt êm dịu, tạo ra một loại sốt linh hoạt, đặc biệt phổ biến trong các món ăn châu Âu để tráng thịt và tăng thêm hương vị cho bánh mì. Mặc dù ít chất béo hơn so với nước sốt làm từ sốt mayonnaise nhưng hàm lượng carbohydrate của nó tăng đáng kể tùy thuộc vào chất làm ngọt được sử dụng, khiến việc nhận thức về khẩu phần trở nên quan trọng đối với chế độ ăn kiêng đường.",75
8d5c73ab-ee04-58b7-b8d2-d505b6623698,,,Sốt mayonnaise cay có đường (Sweetened Spicy Mayonnaise),DISH,730.0,1.5,75.0,12.0,0.0,12.0,700.0,9d4dc1ac-566d-45dd-8f5c-976afae98cfc,,,"Mayonnaise cay ngọt là một loại gia vị có hương vị kết hợp vị kem đậm đà của sốt mayonnaise truyền thống với thêm đường và vị cay của ớt. Loại nước sốt đa năng này thường kết hợp các nguyên liệu như mật ong, sriracha hoặc gochujang, tạo nên sự cân bằng giữa vị ngọt và gia vị phổ biến trong các món ăn lấy cảm hứng từ châu Á như sushi cuộn hay gà rán Hàn Quốc. Mặc dù nó vẫn giữ được hàm lượng chất béo cao như sốt mayonnaise tiêu chuẩn nhưng lượng đường bổ sung làm tăng đáng kể hàm lượng carbohydrate so với các loại không có hương vị.",75
a7f18125-334b-5df7-a48c-9891596ff262,,,Bánh muffin cam nam việt quất (Orange Cranberry Muffin),DISH,267.0,4.4,6.0,49.0,2.5,20.0,300.0,9d4dc1ac-566d-45dd-8f5c-976afae98cfc,,,"Orange Cranberry Muffin là một món bánh nướng ngọt kết hợp quả nam việt quất chua với vỏ hoặc nước ép cam quýt tươi, thường được làm ngọt để cân bằng độ axit tự nhiên của trái cây. Loại bánh ngọt giòn, ẩm này thường bao gồm quả nam việt quất khô dai, cung cấp chất xơ vừa phải và một lượng nhỏ vitamin C, đồng thời lấy phần lớn lượng calo từ carbohydrate tinh chế và đường bổ sung. Thường được thưởng thức như một món ăn sáng hoặc bữa ăn nhẹ, nó cung cấp năng lượng nhanh chóng nhưng tốt nhất nên tiêu thụ ở mức độ vừa phải do hàm lượng đường cao.",75
b5784bee-5a74-5702-a718-1f391c9e362c,,,Khoai lang tẩm đường (Candied Sweet Potatoes),DISH,164.0,0.89,3.54,32.1,2.1,27.2,119.0,9d4dc1ac-566d-45dd-8f5c-976afae98cfc,,,"Khoai lang tẩm đường là một món ăn được chế biến sẵn bao gồm khoai lang thái lát hoặc nguyên củ nấu trong xi-rô làm từ đường, bơ và các loại gia vị làm ấm như quế hoặc nhục đậu khấu. Chế phẩm này làm caramen đường tự nhiên của rau củ, tạo ra lớp men bóng giúp làm tăng đáng kể hàm lượng calo và carbohydrate của món ăn so với khoai lang nướng thông thường. Theo truyền thống được phục vụ như một món ăn trong ngày lễ trong ẩm thực miền Nam Hoa Kỳ, chúng giữ lại beta-carotene từ củ nhưng cần được theo dõi cẩn thận do có thêm chất làm ngọt.",75
fed1f404-a03e-55d4-b2f2-abef16855a64,,,Bánh ngọt Đan Mạch (Danish Pastry),DISH,440.73,4.5,27.3,46.1,3.0,17.0,301.0,9d4dc1ac-566d-45dd-8f5c-976afae98cfc,,,"Bánh ngọt Đan Mạch là một loại bánh ngọt nhiều lớp được làm bằng cách gấp bơ nhiều lần thành bột có men để tạo ra các lớp mềm, xốp đặc trưng. Món ăn sáng và tráng miệng phong phú này, có nguồn gốc từ Đan Mạch nhưng được các thợ làm bánh người Áo hoàn thiện, thường có nhiều loại nhân trái cây, quả hạch hoặc kem có hình dạng xoắn ốc hoặc gấp nếp đặc trưng. Do cấu trúc bột nhiều lớp bơ, bánh ngọt Đan Mạch có hàm lượng chất béo và calo cao đáng kể, với một khẩu phần ăn thường chứa một lượng đáng kể chất béo bão hòa và đường.",75
ba0d5304-774c-512f-9d66-d08708b3322f,,,Bỏng ngô caramel với các loại hạt (Caramel Popcorn with Nuts),DISH,400.0,6.4,7.8,80.7,3.8,45.4,177.0,9d4dc1ac-566d-45dd-8f5c-976afae98cfc,,,"Bắp rang caramel với các loại hạt là một món ăn nhẹ có vị ngọt kết hợp giữa bắp rang bơ và các loại hạt rang được phủ một lớp men caramel bóng. Hỗn hợp này thường được nướng để đạt được kết cấu giòn, cân bằng độ giòn của các loại hạt với vị dính của caramel. Trong khi các loại hạt bổ sung protein và chất béo lành mạnh, thì món ăn nhẹ lại chứa nhiều calo do hàm lượng đường và chất béo cao, đòi hỏi phải kiểm soát khẩu phần ăn một cách chú ý. Các biến thể phổ biến bao gồm hạnh nhân, đậu phộng hoặc hồ đào, mang đến sự khác biệt về hương vị và kết cấu tinh tế.",75
08ce32bd-fd7f-5503-b78a-641294d51694,,,Bánh crepe sô cô la (Chocolate Crepe),DISH,174.55,3.94,6.76,23.65,2.03,9.57,236.49,9d4dc1ac-566d-45dd-8f5c-976afae98cfc,,,"Bánh crepe sô cô la là một món tráng miệng cổ điển của Pháp bao gồm một chiếc bánh kếp mỏng như tờ giấy được làm từ bột mì tinh tế, phủ đầy sô cô la hoặc nước sốt đậm đà. Bánh crepe được nấu trên một vỉ nướng phẳng đặc biệt cho đến khi vàng và dẻo, sau đó thường gấp hoặc cuộn quanh nhân sô cô la. Những chiếc bánh crepe tráng miệng này thường được trang trí bằng đường bột, kem đánh bông hoặc các loại đồ phủ bổ sung như quả mọng tươi hoặc các loại hạt, tạo ra sự cân bằng giữa kết cấu và hương vị.",75
70f6c640-6728-5756-9877-575939e9f6d9,,,Bánh ngọt nhẹ trắng (White Snack Cake),DISH,374.0,3.47,11.5,64.0,1.0,37.3,470.0,9d4dc1ac-566d-45dd-8f5c-976afae98cfc,,,"Bánh snack trắng là một loại bánh nướng được sản xuất thương mại được làm từ bột mì được làm ngọt, giàu dinh dưỡng và thường chứa chất bảo quản để kéo dài thời hạn sử dụng. Mặc dù được bổ sung vitamin B và sắt, nhưng những chiếc bánh riêng lẻ này lại chứa nhiều đường bổ sung và carbohydrate tinh chế với lượng chất xơ tối thiểu. Được thiết kế như một món ăn nhẹ tiện lợi, thành phần dinh dưỡng của chúng khiến chúng phù hợp nhất để tiêu thụ thường xuyên thay vì đưa vào chế độ ăn kiêng thông thường.",75
89beaed7-2050-5c42-872f-3ff447db5d61,,,Bánh quy yến mạch sô cô la không nướng (No-Bake Chocolate Oat Cookies),DISH,425.0,7.5,19.0,60.0,3.5,30.0,150.0,9d4dc1ac-566d-45dd-8f5c-976afae98cfc,,,"Bánh quy yến mạch sô cô la không nướng là món tráng miệng nhanh chóng, không cần lò nướng, kết hợp yến mạch cán, bột ca cao, bơ đậu phộng và chất làm ngọt như đường hoặc mật ong. Những món ăn dai, đặc này có cấu trúc từ đặc tính liên kết của bơ đậu phộng và chất làm ngọt đông đặc, mang đến một bữa ăn nhẹ giàu chất xơ với lượng protein vừa phải. Mặc dù chúng cung cấp nhiều chất dinh dưỡng thực phẩm hơn so với bánh quy nướng truyền thống, nhưng hàm lượng calo và đường của chúng vẫn đáng kể, khiến việc kiểm soát khẩu phần trở nên quan trọng đối với việc theo dõi chế độ ăn kiêng.",75
b757cae4-0a5b-51ae-aaf9-f8230ccda748,,,Bánh quy kẹp không chứa gluten (Gluten-Free Sandwich Cookies),DISH,499.0,3.13,22.2,71.9,1.0,43.9,212.0,9d4dc1ac-566d-45dd-8f5c-976afae98cfc,,,"Bánh quy sandwich không chứa gluten là một món tráng miệng thay thế bao gồm hai loại bánh quy giòn, ngọt được bao bọc bởi lớp nhân kem, được chế biến không có nguyên liệu làm từ lúa mì. Họ thường sử dụng hỗn hợp bột như gạo, hạnh nhân hoặc yến mạch kết hợp với chất kết dính như kẹo cao su xanthan để tái tạo kết cấu bánh quy truyền thống trong khi vẫn duy trì tính toàn vẹn cấu trúc. Mặc dù không chứa gluten nhưng những chiếc bánh quy này thường chứa hàm lượng đường và chất béo tương đương với các phiên bản thông thường, đòi hỏi phải theo dõi khẩu phần ăn cẩn thận để quản lý dinh dưỡng. Nhiều loại vẫn không có sữa, nhưng công thức của các nhãn hiệu rất khác nhau.",75
6802a15c-f3b7-5433-af02-d37efbfd0888,,,Cốc bơ đậu phộng (Peanut Butter Cups),INGREDIENT,515.0,10.2,30.5,55.4,3.6,47.2,357.0,9d4dc1ac-566d-45dd-8f5c-976afae98cfc,,,"Cốc bơ đậu phộng là một loại bánh kẹo bán lẻ phổ biến bao gồm vỏ sô cô la chứa đầy bơ đậu phộng ngọt. Sự kết hợp này tạo ra sự tương phản về kết cấu giữa lớp vỏ sô-cô-la giòn bên ngoài và lớp nhân kem, hơi sần sùi, với sự cân bằng đặc trưng của hương vị ngọt và mặn. Mặc dù cung cấp năng lượng nhanh chóng từ hàm lượng đường và chất béo cao, chúng vẫn chứa một lượng nhỏ caffeine từ sô cô la và là nguồn gây dị ứng sữa và đậu phộng phổ biến.",75
89e83854-c3cd-5f0f-9a34-bff4e9deddca,,,Bánh ngọt sô cô la (Chocolate Cake),DISH,391.0,6.6,20.2,46.1,2.8,22.4,357.0,9d4dc1ac-566d-45dd-8f5c-976afae98cfc,,,"Bánh sô cô la là một món tráng miệng nướng phổ biến được làm chủ yếu từ bột mì, đường, bột ca cao và các nguồn chất béo như bơ hoặc dầu, tạo ra một món ăn giàu năng lượng chứa nhiều carbohydrate và đường tinh luyện. Cấu trúc vụn ẩm và hương vị phong phú của nó được tăng cường thông qua các chất tạo men, thường được phủ kem bơ hoặc kem phủ ganache. Hầu hết các công thức nấu ăn đều chứa các chất gây dị ứng phổ biến bao gồm gluten, sữa và trứng, cần cân nhắc chế độ ăn kiêng hạn chế.",75
04ca37c5-7513-5d04-8950-d31672cb2d37,,,Nước chanh có đường (Sweetened Lemonade),DISH,42.0,0.07,0.04,10.0,0.0,10.0,4.0,9d4dc1ac-566d-45dd-8f5c-976afae98cfc,,,"Nước chanh ngọt là một loại đồ uống có múi cổ điển được làm bằng cách trộn nước chanh với nước và đường bổ sung, thường ở dạng đường mía, xi-rô đơn giản hoặc xi-rô ngô có hàm lượng fructose cao. Mặc dù nó cung cấp lượng vitamin C khiêm tốn từ hàm lượng chanh, nhưng thành phần dinh dưỡng chính của nó là đường bổ sung đậm đặc, chiếm phần lớn hàm lượng calo và carbohydrate. Thường được phục vụ ướp lạnh như một thức uống giải khát, các phiên bản thương mại có thể chứa tới 30g đường trong mỗi khẩu phần 8 ounce, đòi hỏi những người theo dõi lượng đường trong máu hoặc lượng calo tiêu thụ một cách thận trọng.",75
d7433b36-0347-5c9d-a525-f61a06d5bf57,,,"Sườn heo kiểu St. Louis, nấu chín, có đường (St. Louis Style Pork Ribs, Cooked, Sweetened)",DISH,307.0,15.0,22.0,12.1,0.0,12.1,893.0,9d4dc1ac-566d-45dd-8f5c-976afae98cfc,,,"Sườn lợn kiểu St. Louis là miếng sườn được cắt hình chữ nhật, cắt tỉa từ phần bụng của lồng sườn, nấu chậm hoặc hun khói cho đến khi mềm và thường được phủ một lớp men thịt nướng ngọt. Phương pháp chế biến này tạo ra sự tương phản giữa phần thịt béo ngậy và lớp vỏ ngoài caramen, trong khi nước sốt ngọt đóng góp lượng đường bổ sung đáng kể vào thành phần dinh dưỡng. Là món ăn chủ yếu trong ẩm thực thịt nướng của Mỹ, những miếng sườn này cung cấp lượng protein đáng kể nhưng lại chứa nhiều chất béo bão hòa và calo.",75
c3ae23b8-928f-5afb-9cb1-7865384a212f,,,Bánh sừng bò sô cô la (Chocolate Croissant),DISH,465.0,7.0,25.0,50.0,2.0,15.0,330.0,9d4dc1ac-566d-45dd-8f5c-976afae98cfc,,,"Bánh sừng bò sô cô la là một loại bánh ngọt nhiều lớp của Pháp có các lớp bột mịn, bơ được cuộn bằng những thanh sô cô la đen. Món bánh nướng phong phú này đạt được kết cấu thoáng mát đặc trưng thông qua kỹ thuật gấp và nướng chính xác, mang lại bề ngoài sắc nét và bên trong mềm mại. Mặc dù giàu dinh dưỡng với carbohydrate và chất béo do hàm lượng bơ và sô cô la, nhưng nó thường được thưởng thức như một món ăn sáng hoặc bữa ăn nhẹ hấp dẫn, mặc dù nó có chứa gluten và chất gây dị ứng từ sữa.",75
5feb0a26-c9f4-5fcf-a576-5cf990ff3f34,,,Bánh quy đường (Sugar Cookies),DISH,464.0,5.35,19.6,67.3,1.3,27.3,385.0,9d4dc1ac-566d-45dd-8f5c-976afae98cfc,,,"Bánh quy đường là loại bánh nướng có vị ngọt được làm từ một loại bột đơn giản gồm đường, bột mì, bơ và trứng, thường có hương vị vani. Chúng có bề ngoài sắc nét với phần giữa mềm mại, thường được trang trí bằng các hạt rắc màu hoặc kem phủ kem cho các dịp lễ hội. Mặc dù cung cấp năng lượng nhanh chóng từ hàm lượng carbohydrate cao, nhưng chúng lại cung cấp lượng protein hoặc chất xơ tối thiểu và thường được coi là một món ăn không thường xuyên hơn là một bữa ăn nhẹ giàu chất dinh dưỡng.",75
6cd19d5c-1363-5613-ae22-0d1bde001c16,,,Kẹo nhai trái cây có đường (Sweetened Fruit Chews),DISH,408.0,0.41,8.21,82.57,0.0,58.12,2.0,9d4dc1ac-566d-45dd-8f5c-976afae98cfc,,,"Kẹo trái cây ngọt là loại kẹo mềm, dai được làm từ hương trái cây đậm đặc và lượng đường bổ sung cao. Những loại bánh kẹo có màu sắc rực rỡ này thường đạt được kết cấu đàn hồi thông qua chế biến xi-rô ngô hoặc gelatin, cung cấp năng lượng nhanh chóng từ carbohydrate đơn giản nhưng giá trị dinh dưỡng tối thiểu ngoài lượng calo. Phổ biến như một thành phần ăn nhẹ và tráng miệng, chúng khác với đồ ăn nhẹ trái cây tự nhiên ở chỗ chúng có màu nhân tạo và thiếu chất xơ.",75
86291cce-c6e1-5f2e-b94e-51374e6ff897,,,"Sườn heo, nấu chín, có đường (Spare Ribs, Cooked, Sweetened)",DISH,370.0,20.0,26.0,14.0,0.0,14.0,450.0,9d4dc1ac-566d-45dd-8f5c-976afae98cfc,,,"Sườn dự phòng là thịt lợn được cắt từ lồng sườn dưới, thường được nấu chậm và phủ một lớp men ngọt hoặc nước sốt thịt nướng. Phương pháp chế biến này tạo ra thịt mềm, caramen với sự cân bằng giữa hương vị mặn và đường, mặc dù nó làm tăng đáng kể mật độ calo và hàm lượng đường bổ sung của món ăn. Mặc dù giàu protein nhưng lớp phủ ngọt và vân cẩm thạch vốn có của miếng thịt khiến nó chứa nhiều chất béo bão hòa và carbohydrate so với các loại thịt nướng không có gia vị.",75
d91a75b3-59a2-57d9-b00f-e447bd4ac14c,,,Hỗn hợp bánh ngọt trắng (White Cake Mix),INGREDIENT,423.0,3.9,9.5,80.9,0.7,49.0,665.0,9d4dc1ac-566d-45dd-8f5c-976afae98cfc,,,"Hỗn hợp bánh trắng là hỗn hợp nguyên liệu khô được trộn sẵn được thiết kế để chế biến bánh thuận tiện, chủ yếu bao gồm bột mì, đường và chất tạo men hóa học đã được làm giàu. Hỗn hợp ổn định này được tăng cường dinh dưỡng bằng vitamin B và sắt để bù đắp các chất dinh dưỡng bị mất trong quá trình tinh chế bột, mặc dù nó vẫn chứa nhiều carbohydrate tinh chế và đường bổ sung. Khi được chế biến với nước, dầu và trứng, nó sẽ tạo ra một chiếc bánh nhẹ, ngọt với kết cấu đồng đều và lớp vỏ nhạt đặc trưng của món tráng miệng làm từ bột mì tinh chế.",75
93fd272a-879e-51b8-bc2f-4ad9c230db04,,,Bánh kếp chuối (Banana Pancakes),DISH,173.0,6.5,5.6,24.2,3.2,8.0,350.0,9d4dc1ac-566d-45dd-8f5c-976afae98cfc,,,"Bánh chuối là một món ăn sáng ngọt ngào được làm bằng cách kết hợp chuối chín nghiền vào bột bánh pancake truyền thống, sau đó nướng trên vỉ nướng. Vị ngọt tự nhiên của chuối làm giảm sự phụ thuộc vào đường bổ sung so với bánh kếp thông thường, mặc dù nhiều công thức nấu ăn bao gồm xi-rô hoặc mật ong để tăng hương vị. Những chiếc bánh kếp này có kết cấu mịn với những miếng chuối mềm xuyên suốt, cung cấp nhiều chất xơ hơn so với phiên bản tiêu chuẩn trong khi vẫn chứa nhiều carbohydrate do cả đường trái cây và các thành phần bột bánh thông thường như bột mì.",75
1fb44164-cf2e-52e5-8271-a16ece0a4b32,,,Hỗn hợp bánh muffin sô cô la chip (Chocolate Chip Muffin Mix),INGREDIENT,400.0,5.6,10.0,70.0,3.0,30.0,300.0,9d4dc1ac-566d-45dd-8f5c-976afae98cfc,,,"Hỗn hợp bánh nướng xốp sô cô la chip là hỗn hợp nướng khô, được đo lường trước, được thiết kế để chuẩn bị nhanh chóng các loại bánh nướng xốp kiểu bánh ngọt, ngọt ngào. Hỗn hợp ổn định khi bảo quản này thường kết hợp bột mì, đường, chất tạo men và sô-cô-la chip, chỉ cần thêm các nguyên liệu ướt như sữa, dầu hoặc trứng trước khi nướng. Mặc dù tiện lợi nhưng bánh nướng xốp được chế biến sẵn thường chứa nhiều carbohydrate tinh chế và đường bổ sung, với thành phần dinh dưỡng khác nhau đáng kể giữa các nhãn hiệu dựa trên hàm lượng sô cô la và cách sử dụng chất bảo quản.",75
f9ac20cc-0f24-52ea-a941-a8985c2bf034,,,Que bánh quy xoắn sốt mù tạt mật ong (Honey Mustard Pretzel Sticks),DISH,505.0,8.8,25.0,62.0,3.0,7.0,470.0,9d4dc1ac-566d-45dd-8f5c-976afae98cfc,,,"Bánh quy cây mù tạt mật ong là một món ăn nhẹ dày dạn kết hợp hương vị ngọt ngào và thơm của mật ong và mù tạt trên bánh quy cây nướng truyền thống. Men ngọt bổ sung thêm lớp phủ bóng làm tăng hàm lượng đường so với bánh quy thông thường, đồng thời duy trì độ giòn đặc trưng và hàm lượng carbohydrate cao đặc trưng của đồ ăn nhẹ làm từ lúa mì. Phổ biến như một món ăn nhẹ di động, chúng cung cấp sự cân bằng giữa vị mặn và ngọt nhưng có hàm lượng natri và đường bổ sung cao hơn đáng kể so với các loại không có hương vị.",75
4bbc2e7a-19e5-5378-9928-f980c8e9b325,,,Bánh gạo caramel (Caramel Rice Cakes),DISH,380.0,7.6,0.0,84.7,7.7,62.0,190.0,9d4dc1ac-566d-45dd-8f5c-976afae98cfc,,,"Bánh gạo caramen là một món ăn nhẹ có vị ngọt được làm từ gạo nguyên hạt căng phồng phủ một lớp đường caramen mỏng. Kết cấu thoáng mát, giòn và vị ngọt nhẹ khiến chúng trở thành loại nền ít chất béo phổ biến cho các loại phủ trên như bơ hạt hoặc trái cây tươi, mặc dù lớp phủ caramel làm tăng đáng kể hàm lượng đường bổ sung so với các loại thông thường. Mặc dù không chứa gluten và ổn định khi bảo quản, nhưng giá trị dinh dưỡng của chúng phụ thuộc phần lớn vào việc kiểm soát khẩu phần và lớp phủ bổ sung do chỉ số đường huyết cao và hàm lượng protein tối thiểu.",75
5e06aafa-c5c0-5261-bdd1-3707b2a133a3,,,Kem mềm (Soft Serve Ice Cream),DISH,132.74,2.65,4.42,22.12,0.0,17.7,70.8,9d4dc1ac-566d-45dd-8f5c-976afae98cfc,,,"Kem mềm là một biến thể nhẹ hơn, thoáng hơn của kem truyền thống được đánh ở nhiệt độ cao hơn và được phục vụ tươi từ máy chuyên dụng. Món tráng miệng ăn nhanh này chứa ít chất béo hơn kem thông thường nhưng vẫn duy trì hàm lượng đường đáng kể, thường cung cấp 150-250 calo mỗi khẩu phần. Kết cấu kem mịn đặc trưng và nhiệt độ phục vụ ngay lập tức tạo nên một món sữa đông lạnh đặc biệt mềm hơn kem đóng gói truyền thống.",75
4a5d5076-c710-5f64-9e1b-671678ea11fd,,,Bánh cuộn quế đóng hộp (Canned Cinnamon Rolls),DISH,362.0,5.4,13.2,56.1,1.5,26.0,832.0,9d4dc1ac-566d-45dd-8f5c-976afae98cfc,,,"Bánh quế đóng hộp là loại bánh ngọt ngọt được chia sẵn bao gồm bột mì làm giàu được cuộn với nhân đường quế và phủ lớp kem đóng sẵn sẵn để sử dụng. Được thiết kế để thuận tiện, những cuộn bánh mì này có thể bảo quản ổn định khi nướng thành kết cấu mềm, mịn với các cạnh được tráng caramen, tỏa ra mùi thơm gia vị ấm áp đặc trưng. Việc chuẩn bị chúng đòi hỏi ít nỗ lực nhất nhưng lại mang lại hàm lượng đường cao từ cả bột và lớp men dày, khiến chúng trở thành một lựa chọn ăn sáng hoặc tráng miệng phổ biến.",75
627fe3df-9485-54e7-b422-4792a1e38c3b,,,Salad bắp cải có đường với trái cây (Sweetened Coleslaw with Fruit),DISH,170.0,1.0,10.0,19.0,2.0,16.0,400.0,9d4dc1ac-566d-45dd-8f5c-976afae98cfc,,,"Xà lách trộn ngọt với trái cây là một biến thể hiện đại của món salad truyền thống kết hợp bắp cải thái nhỏ và cà rốt với các loại trái cây thái hạt lựu như táo, dứa hoặc nho khô. Phiên bản này thường sử dụng nước sốt dạng kem hoặc giấm được tăng cường thêm đường hoặc xi-rô, tạo ra vị ngọt và thơm khác biệt so với các phiên bản mặn. Trong khi trái cây bổ sung vitamin tự nhiên và chất xơ, chất ngọt được thêm vào làm tăng đáng kể hàm lượng carbohydrate, khiến việc nhận thức về khẩu phần ăn trở nên quan trọng đối với những người sử dụng có ý thức về lượng calo. Nó thường được phục vụ như một món ăn kèm với thịt nướng hoặc bánh mì sandwich.",75
3771ad2e-7418-5cee-9f6e-501b9d9f0609,,,Kẹo sô cô la nhân kem (Cream Filled Chocolate Candy),DISH,475.0,5.0,20.0,65.0,1.0,57.5,25.0,9d4dc1ac-566d-45dd-8f5c-976afae98cfc,,,"Kẹo sô cô la nhân kem là một loại bánh kẹo bao gồm nhân kem ngọt ngào, mềm mại được bọc trong một lớp vỏ sô cô la mỏng. Phần nhân thường pha trộn đường, chất béo thực vật và hương liệu như chiết xuất vani hoặc trái cây, tạo ra kết cấu mịn tương phản với lớp vỏ sô cô la giòn bên ngoài. Những loại kẹo này chứa nhiều calo do hàm lượng đường và chất béo bão hòa cao, việc kiểm soát khẩu phần là điều cần thiết để theo dõi dinh dưỡng. Nhiều loại có chứa thành phần sữa hoặc đậu nành, đòi hỏi phải có nhận thức về chất gây dị ứng.",75
89fcec42-0a24-5fd4-b4b4-56a0b3f493bb,,,"Thanh trái cây mâm xôi, có đường (Raspberry Fruit Bar, Sweetened)",DISH,93.0,0.0,0.0,23.3,1.5,21.8,15.0,9d4dc1ac-566d-45dd-8f5c-976afae98cfc,,,"Thanh trái cây mâm xôi là một món ăn nhẹ đã qua chế biến được làm từ quả mâm xôi xay nhuyễn đậm đặc trộn với các chất làm ngọt bổ sung như đường mía hoặc nước ép trái cây cô đặc. Những thanh dai, di động này giữ lại chất xơ tự nhiên và vitamin C của trái cây nhưng có hàm lượng đường cao hơn đáng kể so với quả mâm xôi tươi, với hạt có thể nhìn thấy mang lại sự tương phản về kết cấu. Mặc dù tiện lợi nhưng chúng thiếu hàm lượng nước và sự đa dạng về chất dinh dưỡng như quả mọng nguyên quả, khiến việc nhận thức về khẩu phần trở nên quan trọng để tiêu thụ cân bằng.",75
8c0aa684-8fa7-5993-807a-3d75cd0475dd,,,Bánh gạo mini sô cô la (Chocolate Mini Rice Cakes),DISH,429.0,7.1,7.1,85.7,5.7,42.9,150.0,9d4dc1ac-566d-45dd-8f5c-976afae98cfc,,,"Bánh gạo mini sô cô la là loại bánh ăn nhẹ có vị ngọt với phần đế là gạo phồng được phủ một lớp sô cô la mỏng. Kết cấu nhẹ, giòn của chúng tương phản với hương vị phong phú của lớp phủ sô cô la, mang đến một giải pháp thay thế ít chất béo hơn cho kẹo sô cô la truyền thống trong khi vẫn chứa thêm đường. Định dạng vừa miệng cung cấp khả năng kiểm soát khẩu phần cho đồ ăn nhẹ hoặc món tráng miệng phủ trên, mặc dù hàm lượng carbohydrate vẫn đáng chú ý do có thành phần là gạo và chất làm ngọt.",75
d303135a-08d1-54e0-92e1-adc4e35711fc,,,Salad khoai lang (Sweet Potato Salad),DISH,200.0,3.6,12.9,18.7,2.2,7.0,150.0,9d4dc1ac-566d-45dd-8f5c-976afae98cfc,,,"Salad khoai lang là một món ăn giàu chất dinh dưỡng với khoai lang nấu chín làm nền, thường được rang hoặc luộc để tăng vị ngọt tự nhiên và kết cấu kem. Món thay thế sôi động này cho món salad khoai tây truyền thống thường kết hợp các thành phần như rau giòn, thảo mộc tươi và nước sốt thơm - từ nước sốt cam quýt nhẹ đến nước sốt kem bơ. Giàu beta-carotene, chất xơ và vitamin A, nó cung cấp nền tảng không chứa gluten, có thể dễ dàng thích ứng với chế độ ăn thuần chay bằng cách bỏ qua các chất phụ gia từ sữa hoặc trứng.",75
d645fe20-093d-5a81-87dc-358bd5153eeb,,,Sữa đậu nành hương sô cô la có đường (Sweetened Chocolate-Flavored Soy Milk),INGREDIENT,63.0,3.8,2.1,7.9,0.4,6.3,35.0,9d4dc1ac-566d-45dd-8f5c-976afae98cfc,,,"Sữa đậu nành có vị sô cô la ngọt là một loại đồ uống có nguồn gốc thực vật được làm từ đậu nành, pha trộn với ca cao và chất làm ngọt để mô phỏng hương vị của sữa sô cô la truyền thống. Nó cung cấp hàm lượng protein tương đương với sữa bò và chứa isoflavone đậu nành có liên quan đến lợi ích sức khỏe tim mạch, mặc dù lượng đường bổ sung của nó làm cho nó có hàm lượng carbohydrate cao hơn so với các loại đậu nành không đường. Thường được sử dụng như một chất thay thế không chứa lactose trong sinh tố, ngũ cốc hoặc như một thức uống độc lập, nó thu hút những người ăn chay và những người hạn chế sử dụng sữa nhưng đòi hỏi những người tiêu dùng quan tâm đến đường phải nhận thức được khẩu phần ăn.",75
dfdc6f08-5098-5e24-93b8-959ae7b2bae6,,,Sốt ớt có đường (Sweetened Chili Sauce),DISH,167.0,1.0,0.3,40.0,0.0,40.0,1400.0,9d4dc1ac-566d-45dd-8f5c-976afae98cfc,,,"Tương ớt ngọt là một loại gia vị được chế biến pha trộn ớt với đường và giấm để tạo ra sự cân bằng đặc biệt giữa vị cay và vị ngọt. Loại nước sốt đa năng này thường chứa lượng đường bổ sung và natri cao, khiến việc nhận biết khẩu phần trở nên quan trọng đối với việc theo dõi dinh dưỡng. Kết cấu dạng siro và hương vị phức tạp của nó khiến nó trở nên phổ biến như nước chấm cho chả giò và men cho thịt nướng trong ẩm thực Đông Nam Á.",75
430693c4-7dbf-5fb2-b702-5761da4083bc,,,Bánh kếp sô cô la (Chocolate Pancakes),DISH,225.0,8.5,6.5,35.0,2.0,12.0,350.0,9d4dc1ac-566d-45dd-8f5c-976afae98cfc,,,"Bánh kếp sô cô la là một món ăn sáng ngọt ngào được làm bằng cách kết hợp bột ca cao hoặc sô cô la tan chảy vào bột bánh kếp truyền thống, tạo ra hương vị đậm đà giống như món tráng miệng. Những chiếc bánh mềm, xốp này thường chứa đường bổ sung và carbohydrate tinh chế, với các giá trị dinh dưỡng khác nhau tùy theo lớp phủ bên trên như xi-rô hoặc kem tươi. Mặc dù thường được thưởng thức như một món ăn vặt, nhưng chúng có thể được điều chỉnh bằng cách sử dụng bột ngũ cốc nguyên hạt hoặc đường thay thế cho các phiên bản ít calo hơn.",75
0b3bac7d-f103-5faf-bfb4-168574762d5d,,,Khoai lang Nhật Bản (Japanese Sweet Potatoes),INGREDIENT,100.0,2.0,0.0,24.0,3.5,5.0,55.0,9d4dc1ac-566d-45dd-8f5c-976afae98cfc,,,"Khoai lang Nhật Bản là một loại rau củ được phân biệt bởi vỏ màu đỏ tím và thịt màu vàng nhạt, trở nên kem khi nấu chín. Được gọi là 'Satsumaimo' ở Nhật Bản, chúng có vị ngọt tự nhiên, giống hạt dẻ và chứa nhiều chất xơ cũng như chất chống oxy hóa hơn khoai lang ruột cam, đặc biệt là ở phần vỏ ăn được. Những loại củ này duy trì chỉ số đường huyết thấp hơn so với khoai tây tiêu chuẩn đồng thời cung cấp năng lượng bền vững, khiến chúng trở nên phổ biến trong cả các món ăn truyền thống của Nhật Bản và các công thức nấu ăn không chứa gluten hiện đại.",75
1972a444-cb7a-5101-9c84-713e2d06ac60,,,Xoài sấy khô có đường (Sweetened Dried Mango),INGREDIENT,319.0,2.45,1.18,78.6,2.4,66.3,162.0,9d4dc1ac-566d-45dd-8f5c-976afae98cfc,,,"Xoài khô có đường là một sản phẩm trái cây bảo quản được làm bằng cách khử nước các lát xoài chín và phủ thêm đường hoặc xi-rô để tăng độ ngọt và ổn định thời hạn sử dụng. Trong khi vẫn giữ lại một số vitamin C tự nhiên và chất xơ từ xoài tươi, quá trình khử nước sẽ cô đặc đường, dẫn đến một bữa ăn nhẹ giàu calo với lượng carbohydrate trên mỗi khẩu phần cao hơn đáng kể so với trái cây tươi. Những miếng dai, có màu sắc rực rỡ rất phổ biến trong các món ăn hỗn hợp và như một món ăn nhẹ độc lập nhưng cần chia khẩu phần cẩn thận do hàm lượng đường bổ sung của chúng.",75
940f89fc-2de1-5fd7-820f-3e1e79e3d22e,,,Bánh cuộn ngọt phủ kem phô mai (Cream Cheese Frosted Sweet Roll),DISH,350.0,4.5,11.0,58.0,2.0,28.0,450.0,9d4dc1ac-566d-45dd-8f5c-976afae98cfc,,,"Cream Cheese Frosted Sweet Roll là một loại bánh nướng bao gồm một loại bánh cuộn men mịn phủ một lớp kem phô mai dày phủ kem ngọt. Lớp phủ sương mang lại sự tương phản thơm ngon với bột có đường, giúp phân biệt nó với bánh quế tráng đường truyền thống đồng thời đóng góp một lượng đáng kể đường bổ sung và chất béo bão hòa. Món ăn hấp dẫn này thường được thưởng thức như một món ăn sáng hoặc món tráng miệng, với lớp kem phủ kem vẫn mềm ở nhiệt độ phòng để dễ phết.",75
cf3141fb-76ed-5bea-ad2d-0356b4352889,,,Hỗn hợp bánh pudding dâu tây (Strawberry Pudding Mix),INGREDIENT,348.0,65.2,0.0,17.4,0.0,13.0,0.0,9d4dc1ac-566d-45dd-8f5c-976afae98cfc,,,"Hỗn hợp bánh pudding dâu tây là một loại bột ngọt, khử nước được thiết kế để tạo ra món tráng miệng dạng kem khi kết hợp với sữa và đun nóng. Nó thường chứa bột bắp hoặc tinh bột biến tính làm chất làm đặc, cùng với hương dâu nhân tạo và màu thực phẩm đỏ. Mặc dù tiện lợi nhưng hỗn hợp này có nhiều đường và carbohydrate bổ sung, đồng thời có thể bao gồm chất bảo quản hoặc các dẫn xuất từ ​​sữa tùy thuộc vào thương hiệu. Bánh pudding đã chế biến sẵn có kết cấu mịn, không chứa gelatin, khác biệt với thạch hoặc sữa trứng.",75
8ab51e6e-1a68-54c1-aa08-4ca2aa78926c,,,Hỗn hợp bánh ngọt sô cô la (Chocolate Cake Mix),INGREDIENT,376.0,4.7,3.5,82.4,2.0,40.0,600.0,9d4dc1ac-566d-45dd-8f5c-976afae98cfc,,,"Hỗn hợp bánh sô cô la là sản phẩm nướng khô đóng gói sẵn kết hợp giữa bột mì, đường, bột ca cao và chất tạo men hóa học đã được định lượng sẵn. Được thiết kế để thuận tiện, những hỗn hợp ổn định khi bảo quản này chỉ yêu cầu bổ sung các nguyên liệu ướt như trứng và dầu để tạo ra một chiếc bánh ẩm, có ga, mặc dù hầu hết các loại bánh thương mại đều có nhiều carbohydrate tinh chế và đường bổ sung. Hỗn hợp này thường chứa chất bảo quản để kéo dài thời hạn sử dụng và có thể bao gồm các dẫn xuất lúa mì hoặc sữa, đòi hỏi phải xem xét nhãn cẩn thận đối với người dùng nhạy cảm với chất gây dị ứng.",75
98b8c9c8-f46e-53ae-b30b-35e4e7db5d1e,,,Kẹo sô cô la fudge (Chocolate Fudge),DISH,410.0,2.39,10.4,76.7,1.7,73.1,45.0,9d4dc1ac-566d-45dd-8f5c-976afae98cfc,,,"Chocolate fudge là một loại bánh kẹo đặc, dạng kem truyền thống được làm bằng cách đun nóng đường, bơ và sữa đến giai đoạn mềm, sau đó trộn với sô cô la để có hương vị đậm đà. Món tráng miệng cực kỳ ngọt ngào này lấy phần lớn lượng calo từ đường tinh luyện và chất béo bão hòa, thậm chí một phần nhỏ cũng chứa nhiều năng lượng. Mặc dù thường được tăng cường bằng các hỗn hợp như các loại hạt hoặc kẹo dẻo, các phiên bản cổ điển ưu tiên kết cấu mịn hơn cân bằng dinh dưỡng, khiến nó trở thành món ăn tốt nhất nên tiêu thụ ở mức độ vừa phải cho những người theo dõi lượng đường hoặc chất béo.",75
7b73aa75-1db9-5ec2-bfd9-eac041144824,,,Mì khoai lang (Sweet Potato Noodles),INGREDIENT,360.0,0.0,0.0,88.0,2.0,3.0,5.0,9d4dc1ac-566d-45dd-8f5c-976afae98cfc,,,"Mì khoai lang là loại mì được làm chủ yếu từ tinh bột khoai lang, có nguồn gốc từ ẩm thực Hàn Quốc và Đông Á. Ở dạng khô, chúng có vẻ trong mờ và dẻo dai, trở nên dai và hơi trơn khi nấu chín. Những loại mì này tự nhiên không chứa gluten và cung cấp một nguồn carbohydrate phức tạp dồi dào, với hương vị ngọt ngào tinh tế phù hợp cho cả món mặn và món ngọt.",75
c3eb5b4a-5795-516c-a5cc-478253c0dcf6,,,Kem phủ bơ kem (Buttercream Icing),INGREDIENT,84.5,0.1,5.1,10.0,0.0,9.8,16.0,9d4dc1ac-566d-45dd-8f5c-976afae98cfc,,,"Kem bơ là một loại bánh kẹo béo ngậy, nhiều kem được làm chủ yếu từ bơ và đường bột, dùng làm lớp phủ kem cổ điển cho bánh ngọt và bánh nướng nhỏ. Loại lớp phủ linh hoạt này có thể được chế biến theo nhiều phong cách, bao gồm các loại của Mỹ, Pháp và Thụy Sĩ, mỗi loại có phương pháp chuẩn bị và kết cấu riêng biệt. Do hàm lượng bơ và đường cao, kem bơ đặc biệt chứa nhiều calo và nên được bảo quản trong tủ lạnh, mặc dù vậy, tốt nhất nên dùng ở nhiệt độ phòng để có khả năng lan tỏa tối ưu.",75
3e25d7a0-3ac6-5a1c-9c25-97633e899481,,,Sô cô la chip thuần chay (Vegan Chocolate Chips),DISH,467.0,7.0,40.0,47.0,7.0,0.0,0.0,9d4dc1ac-566d-45dd-8f5c-976afae98cfc,,,"Sôcôla chip thuần chay là những miếng bánh nướng không chứa sữa được làm bằng nguyên liệu từ thực vật thay vì các sản phẩm sữa truyền thống. Những lựa chọn thay thế này thường kết hợp chất rắn ca cao với bơ ca cao hoặc dầu thực vật và chất làm ngọt tự nhiên, duy trì đặc tính tan chảy cần thiết để nướng bánh trong khi vẫn đáp ứng chế độ ăn không có sữa. Hầu hết các loại cũng không chứa các chất gây dị ứng thông thường như casein và váng sữa, khiến chúng phù hợp với nhiều chế độ ăn kiêng đồng thời cung cấp hương vị sô cô la cổ điển trong bánh quy, bánh hạnh nhân và các loại bánh nướng khác.",75
00cc3822-3255-5b1d-836b-b9b7919d592b,,,Bánh cuộn ngọt phủ si-rô phong (Maple Frosted Sweet Roll),DISH,290.0,4.0,14.0,36.0,1.0,15.0,340.0,9d4dc1ac-566d-45dd-8f5c-976afae98cfc,,,"Maple Frosted Sweet Roll là một loại bánh ngọt làm từ men có đặc điểm là bột mềm, xốp và lớp men tẩm xi-rô phong đặc trưng. Lớp vỏ bên ngoài caramen và lớp vỏ mềm của cuộn thường được làm giàu với bơ và đường, trong khi lớp kem phủ thêm vị ngọt đậm đặc thông qua sự pha trộn của đường bột và hương liệu phong. Mặc dù phổ biến như một món ăn sáng hoặc món tráng miệng, nhưng lượng carbohydrate tinh chế cao và hàm lượng đường bổ sung khiến nó trở thành một món ăn không thường xuyên hơn là một lựa chọn thực phẩm giàu chất dinh dưỡng.",75
49529d4a-3ea7-5896-82a1-7650ec42770b,,,Kem hồ đào bơ (Butter Pecan Ice Cream),INGREDIENT,240.0,3.5,14.6,23.0,0.5,20.0,100.0,9d4dc1ac-566d-45dd-8f5c-976afae98cfc,,,"Kem hồ đào bơ là một món tráng miệng đông lạnh cổ điển có kem làm từ vani được làm giàu với hồ đào nướng và hương vị hồ đào nướng bơ. Loại kem cao cấp này thường chứa hàm lượng bơ cao hơn kem tiêu chuẩn, góp phần tạo nên kết cấu kem đậm đà đặc trưng của nó. Sự kết hợp giữa vị bơ, hương caramen và quả hồ đào nướng giòn tạo nên hương vị đặc trưng lấy cảm hứng từ miền Nam, có hàm lượng chất béo và protein lành mạnh cao hơn đáng kể so với kem vani thông thường.",75
d18cc002-ebe9-58cf-b788-d1684934d5eb,,,Hỗn hợp brownie fudge (Fudge Brownie Mix),INGREDIENT,407.0,4.42,6.16,83.6,2.9,54.8,457.0,9d4dc1ac-566d-45dd-8f5c-976afae98cfc,,,"Hỗn hợp bánh hạnh nhân Fudge là hỗn hợp nướng khô được đo trước có chứa ca cao, bột mì và chất làm ngọt được thiết kế để tạo ra món tráng miệng đậm đặc, giàu sô cô la. Hỗn hợp ổn định khi bảo quản yêu cầu thêm chất béo (như dầu hoặc bơ) và trứng trước khi nướng, tạo ra kết cấu dai, béo ngậy, khác biệt với các biến thể bánh hạnh nhân giống như bánh ngọt. Mặc dù tiện lợi nhưng bánh hạnh nhân được chế biến từ những hỗn hợp này thường chứa nhiều carbohydrate và đường tinh chế, với một số phiên bản thương mại có chứa chất bảo quản hoặc hương vị nhân tạo.",75
90e787ad-8857-5c08-8833-46912f884720,,,Món tráng miệng gelatin (Gelatin Dessert),DISH,62.0,1.22,0.0,14.19,0.0,13.49,75.0,9d4dc1ac-566d-45dd-8f5c-976afae98cfc,,,"Món tráng miệng bằng gelatin là một loại bánh kẹo có vị ngọt, có thạch được làm bằng cách hòa tan gelatin có nguồn gốc từ động vật trong nước nóng và làm lạnh để đông kết. Mặc dù cung cấp một lượng protein khiêm tốn từ collagen, nhưng những món ăn có màu sắc rực rỡ này thường chứa nhiều đường bổ sung và thiếu đáng kể chất xơ hoặc các chất dinh dưỡng thiết yếu. Thành phần từ động vật khiến chúng không phù hợp với người ăn chay, mặc dù các lựa chọn thay thế từ thực vật sử dụng agar-agar đạt được kết cấu tương tự thông qua các quy trình khác nhau.",75
3b636d10-8c34-5741-9ec1-537bd3a1ed1f,,,"Nhân bánh đào, có đường (Peach Pie Filling, Sweetened)",DISH,212.0,0.0,0.0,53.0,1.5,50.0,90.0,9d4dc1ac-566d-45dd-8f5c-976afae98cfc,,,"Peach Pie Filling, Sweetened là hỗn hợp nấu sẵn gồm đào cắt lát, đường và các chất làm đặc như bột ngô, được thiết kế để chế biến món tráng miệng tiện lợi. Sản phẩm ổn định khi bảo quản này có dạng siro, dạng gel và hàm lượng đường cao hơn đáng kể so với đào tươi, đồng thời hàm lượng chất xơ và vitamin giảm do chế biến. Mặc dù nó đơn giản hóa việc làm bánh, nhưng lượng đường bổ sung và chất bảo quản phổ biến trong các phiên bản thương mại khiến việc nhận biết khẩu phần trở nên quan trọng đối với việc theo dõi dinh dưỡng.",75
2a47227a-28ef-5c6a-94f3-1b629d428281,,,Hỗn hợp brownie sô cô la đen (Dark Chocolate Brownie Mix),INGREDIENT,403.0,6.4,7.9,82.6,4.0,50.0,352.0,9d4dc1ac-566d-45dd-8f5c-976afae98cfc,,,"Hỗn hợp bánh hạnh nhân sô cô la đen là một sản phẩm nướng khô được trộn sẵn có chứa bột ca cao, chất làm ngọt và chất tạo men được thiết kế để tạo ra món tráng miệng đậm đặc, béo ngậy. Các phiên bản chất lượng cao thường có 50-70% chất rắn ca cao để tạo ra hương vị sô cô la đậm đà, với đường và dầu thực vật là những chất đóng góp dinh dưỡng đa lượng chính. Hỗn hợp này yêu cầu thêm trứng và chất béo (thường là dầu hoặc bơ) trước khi nướng, mang lại kết cấu đậm đà cân bằng giữa giống bánh và dai.",75
19ae7102-b522-568d-9fc5-be3d7e615ee0,,,Hỗn hợp bánh pudding dâu tây ít béo (Low-Fat Strawberry Pudding Mix),INGREDIENT,348.0,65.2,0.0,17.4,4.3,13.0,283.0,9d4dc1ac-566d-45dd-8f5c-976afae98cfc,,,"Hỗn hợp bánh pudding dâu tây ít béo là hỗn hợp bột ngọt được thiết kế để tạo ra món tráng miệng dạng kem với hàm lượng chất béo giảm so với bánh pudding truyền thống. Hỗn hợp này thường kết hợp hương dâu tây với chất làm đặc như bột ngô hoặc tinh bột thực phẩm biến tính, cần trộn với sữa hoặc các chất thay thế có nguồn gốc thực vật trước khi làm lạnh. Mặc dù ít chất béo hơn nhưng nó vẫn giữ được hương vị ngọt ngào và cung cấp một lựa chọn thuận tiện cho món tráng miệng nhanh hoặc đồ ăn nhẹ phù hợp với chế độ ăn kiêng hạn chế calo.",75
ada1fd07-4c4c-55d5-a511-eb8af052d164,,,Dưa chua có đường (Sweetened Pickles),DISH,91.0,0.58,0.41,21.2,1.0,18.3,457.0,9d4dc1ac-566d-45dd-8f5c-976afae98cfc,,,"Dưa chua ngọt là dưa chuột được bảo quản trong nước muối giấm có thêm đường hoặc xi-rô, tạo ra vị ngọt và thơm đặc trưng so với các loại thì là truyền thống. Phương pháp chế biến này thường kết hợp các loại gia vị ấm như quế và đinh hương, tạo ra các loại như dưa chua bánh mì bơ hoặc dưa chuột ngọt. Trong khi duy trì lợi ích ít calo của dưa chua tiêu chuẩn, chất ngọt được bổ sung làm tăng đáng kể hàm lượng carbohydrate, khiến việc nhận thức về khẩu phần trở nên quan trọng đối với chế độ ăn kiêng đường. Chúng thường được sử dụng làm gia vị trên bánh mì sandwich hoặc làm món ăn kèm làm sạch vòm miệng cho các loại thịt đậm đà.",75
e556b51a-e063-5898-9f7c-d9c786c521e0,,,Sốt ớt tỏi có đường (Sweetened Garlic Chili Sauce),DISH,139.0,0.0,0.0,33.33,0.0,27.78,1667.0,9d4dc1ac-566d-45dd-8f5c-976afae98cfc,,,"Tương ớt tỏi ngọt là một loại gia vị trộn tỏi cay, ớt cay và thêm đường hoặc mật ong để tạo ra hương vị ngọt ngào đặc biệt. Thường được sử dụng làm men cho các món thịt nướng hoặc nước chấm cho các món khai vị, nó được đun sôi để đạt được kết cấu đặc, dạng siro. Mặc dù có hương vị đậm đà nhưng công thức làm ngọt của nó chứa nhiều carbohydrate hơn đáng kể so với tương ớt mặn truyền thống.",75
2f7ccce3-3ab8-590b-bcb5-cc25867abce0,,,Sô cô la chip bạc hà (Mint Chocolate Chips),DISH,467.0,0.0,26.67,66.67,2.0,64.67,30.0,9d4dc1ac-566d-45dd-8f5c-976afae98cfc,,,"Sôcôla chip bạc hà là những miếng bánh nướng có hương vị đặc biệt kết hợp sô cô la nửa ngọt hoặc đen với hương vị bạc hà tự nhiên hoặc nhân tạo. Những con chip đặc biệt này duy trì hình dạng khi nướng và có hương vị bạc hà mát lạnh, sảng khoái cùng với sô cô la đậm đà, khiến chúng trở nên phổ biến trong bánh quy, bánh hạnh nhân và bánh kẹo. Các loại chip này thường chứa bơ ca cao và dầu bạc hà, tạo ra kết cấu tan chảy mịn đồng thời mang lại hương vị đậm đà hơn so với các loại sô cô la chip tiêu chuẩn.",75
3c0f7525-26f9-534f-baa5-0490a2c5e255,,,Bỏng ngô lò vi sóng caramel (Caramel Microwave Popcorn),DISH,530.0,8.0,25.0,52.0,5.0,38.0,400.0,9d4dc1ac-566d-45dd-8f5c-976afae98cfc,,,"Caramel Vi sóng bỏng ngô là một món ăn nhẹ ngọt đóng gói sẵn bao gồm các hạt bỏng ngô được phủ một lớp đường caramen, bơ và hỗn hợp hương liệu. Được thiết kế để thuận tiện, loại ngô này được nấu bằng lò vi sóng để tạo ra lớp men ngọt dính đặc trưng, ​​​​mang lại kết cấu giòn nhưng dai khác biệt với bỏng ngô mặn. Mặc dù nó vẫn giữ được những lợi ích từ ngũ cốc nguyên hạt của bỏng ngô, nhưng thành phần dinh dưỡng của nó được đánh dấu bằng lượng đường bổ sung và mật độ calo cao hơn so với các phiên bản được làm bằng không khí hoặc được tẩm gia vị nhẹ.",75
2176dc3d-dca2-5430-8d0a-8e5a8146f4d4,,,Donut nhân sữa trứng (Custard-Filled Donut),DISH,420.0,6.0,18.0,55.0,1.5,30.0,550.0,9d4dc1ac-566d-45dd-8f5c-976afae98cfc,,,"Bánh donut nhân sữa trứng là một loại bánh ngọt có men ngọt có nhân kem sữa trứng vani đậm đà được bơm vào giữa sau khi chiên. Món ăn sáng hoặc tráng miệng hấp dẫn này thường có bề ngoài bột nhẹ, thoáng mát với phần nhân kem mềm và thường được phủ đường bột hoặc tráng men. Không giống như bánh rán vòng truyền thống, những loại bánh rán nhân này chứa nhiều calo và chất béo hơn đáng kể do có nhiều nhân sữa trứng.",75
5c80637a-eda0-5f3c-a545-814cf6c36c63,,,Bánh quy wafer không đường (Sugar-Free Wafer Cookie),DISH,525.0,4.0,30.0,64.0,2.0,1.0,300.0,9d4dc1ac-566d-45dd-8f5c-976afae98cfc,,,"Bánh quy wafer không đường là loại bánh quy nhẹ, nhiều lớp được làm bằng chất làm ngọt nhân tạo thay vì đường truyền thống, phù hợp cho những người theo dõi lượng đường tiêu thụ hoặc theo chế độ ăn kiêng thân thiện với bệnh tiểu đường. Những món ăn này có các lớp bánh wafer giòn, thoáng mát, thường được ngăn cách bằng nhân kem ngọt và thường được làm bằng rượu đường hoặc các chất làm ngọt thay thế khác. Mặc dù có lượng đường thấp hơn nhưng những chiếc bánh quy này thường chứa lượng calo tương tự như bánh xốp thông thường và vẫn nên tiêu thụ ở mức độ vừa phải.",75
f46c6c52-351f-5bb6-b9fa-41fd1b035505,,,Bánh cupcake chanh (Lemon Cupcake),DISH,405.0,3.0,21.5,52.3,1.0,36.0,230.0,9d4dc1ac-566d-45dd-8f5c-976afae98cfc,,,"Bánh cupcake chanh là một món tráng miệng nướng ngọt có kích thước riêng, bao gồm một loại bánh nhẹ làm từ vani, thấm với hương vị và vỏ chanh. Những món ăn phục vụ một lần này thường có lớp vỏ ẩm, mềm và thường được phủ kem bơ có hương vị chanh hoặc kem phô mai. Mặc dù chủ yếu là món tráng miệng giàu carbohydrate, nhưng việc bao gồm trứng, bơ và sữa cung cấp một số hàm lượng protein và chất béo, với các thành phần cam quýt mang lại sự tương phản tươi sáng, sảng khoái với vị ngọt cơ bản.",75
9e398013-2233-518c-92a9-000316c1d9ab,,,Bột mì bánh ngọt (Cake Flour),INGREDIENT,365.0,8.8,0.73,76.4,2.35,0.46,1.0,9d4dc1ac-566d-45dd-8f5c-976afae98cfc,,,"Bột bánh ngọt là loại bột mì được làm giàu, được xay mịn với hàm lượng protein thấp hơn đáng kể (6-8%) so với bột mì đa dụng. Loại bột chuyên dụng này được khử trùng bằng clo và xử lý để đạt được kết cấu đặc biệt mịn, giúp tạo ra các món nướng nhẹ hơn, tinh tế hơn. Loại được làm giàu này có chứa các chất dinh dưỡng bổ sung bao gồm sắt và vitamin B, đồng thời các đặc tính độc đáo của nó khiến nó đặc biệt thích hợp để làm các loại bánh mềm, bánh ngọt và các sản phẩm nướng có kết cấu mịn khác.",75
4dc47838-734c-5d99-b203-a48886015edd,,,Sô cô la gelato (Chocolate Gelato),DISH,154.0,4.0,5.5,25.5,2.0,23.0,60.0,9d4dc1ac-566d-45dd-8f5c-976afae98cfc,,,"Chocolate gelato là một món tráng miệng đông lạnh kiểu Ý đặc trưng bởi hương vị ca cao đậm đà và kết cấu đậm đặc, mượt mà. Được làm bằng nhiều sữa hơn kem so với kem truyền thống, nó chứa ít chất béo bơ hơn nhưng đạt được độ béo ngậy thông qua việc khuấy chậm và kết hợp ít không khí hơn. Các phiên bản đích thực sử dụng ca cao hoặc sô cô la đen chất lượng cao, tạo ra hương vị sô cô la đậm hơn trong khi vẫn duy trì nhiệt độ phục vụ ấm hơn một chút so với kem để có thể múc mềm hơn.",75
7cd7222a-6e7b-5295-a69e-38c3cf90c810,,,"Chất ngọt trái la hán, dạng bột (Monk Fruit Sweetener, Powdered)",INGREDIENT,24.0,0.0,0.0,100.0,0.0,0.0,0.0,9d4dc1ac-566d-45dd-8f5c-976afae98cfc,,,"Chất làm ngọt trái cây nhà sư là một loại đường thay thế tự nhiên, không calo, có nguồn gốc từ mogroside có trong trái cây nhà sư, một loại dưa nhỏ có nguồn gốc từ Đông Nam Á. Chất làm ngọt dạng bột này mang lại vị ngọt đậm đà gấp 200 lần so với đường mà không ảnh hưởng đến lượng đường trong máu, khiến nó đặc biệt thích hợp cho chế độ ăn kiêng dành cho người tiểu đường và ketogenic. Dạng bột tinh chế dễ dàng hòa tan và có thể được sử dụng thay thế 1:1 cho đường bột trong hầu hết các công thức nấu ăn, mặc dù có thể cần ít hơn do độ ngọt đậm đặc của nó.",75
a612a6df-998e-50fe-af92-e49dfb9a3e3b,,,Bánh ngọt cà phê streusel (Streusel Coffee Cake),DISH,418.0,6.8,23.3,46.7,2.0,24.0,351.0,9d4dc1ac-566d-45dd-8f5c-976afae98cfc,,,"Bánh cà phê Streusel là một loại bánh ngọt ăn sáng đặc trưng bởi phần đế bánh bơ và lớp phủ vụn đặc biệt được làm từ bơ, bột mì, đường và thường là quế. Bất chấp tên gọi của nó, chiếc bánh này thường không chứa cà phê mà theo truyền thống được phục vụ cùng với nó như một món ăn sáng hoặc bữa nửa buổi. Đặc điểm nổi bật của nó là lớp phủ streusel, tạo ra kết cấu tương phản giữa bánh mềm và vụn bánh giòn, ngọt, đôi khi còn có lớp streusel ở giữa để tăng thêm vị đậm đà.",75
ac107623-9d13-5432-9caa-df46bbe1bd96,,,Kem hạt dẻ cười (Pistachio Ice Cream),DISH,235.0,3.4,14.0,24.0,2.0,18.0,75.0,9d4dc1ac-566d-45dd-8f5c-976afae98cfc,,,"Kem hồ trăn là một món tráng miệng từ sữa đông lạnh được đặc trưng bởi màu xanh nhạt đặc biệt và hương vị đậm đà, hấp dẫn. Loại kem cao cấp này kết hợp lớp nền mịn màng với quả hồ trăn xay thật, mặc dù một số phiên bản thương mại có thể sử dụng chiết xuất hạnh nhân và màu nhân tạo. Các chế phẩm truyền thống bao gồm cả bột hồ trăn và các loại hạt cắt nhỏ, mang đến sự kết hợp hài lòng giữa kết cấu kem và độ giòn tinh tế đồng thời cung cấp nhiều protein hơn hầu hết các hương vị kem.",75
66f8203e-def5-557f-bdae-ff65abe3b1d5,,,Bánh phô mai (Cheesecake),DISH,351.74,5.65,25.65,24.35,0.43,19.57,217.39,9d4dc1ac-566d-45dd-8f5c-976afae98cfc,,,"Bánh phô mai là một món tráng miệng đậm đà bao gồm nhân kem đặc, được làm chủ yếu từ phô mai kem, trứng và đường, đặt trên lớp vỏ bánh quy graham. Phiên bản kiểu quán ăn cổ điển kiểu Mỹ này được đặc trưng bởi kết cấu đặc biệt mịn và mật độ dinh dưỡng đáng kể, thường chứa 400-800 calo mỗi lát với một lượng đáng kể chất béo và carbohydrate. Nó thường được phục vụ ướp lạnh và thường được phủ trái cây hoặc nước sốt, khiến nó trở thành một lựa chọn món tráng miệng đặc biệt hấp dẫn.",75
031b33ee-7bf5-5390-a269-b333f34ed6fa,,,Bánh muffin thuần chay (Vegan Muffin),DISH,300.0,4.0,13.6,48.0,3.0,25.0,250.0,9d4dc1ac-566d-45dd-8f5c-976afae98cfc,,,"Bánh nướng xốp thuần chay là một biến thể không chứa sữa và trứng của món ăn sáng nướng truyền thống, thường được làm bằng sữa, dầu và các chất thay thế trứng có nguồn gốc thực vật như chuối nghiền hoặc hạt lanh xay. Những sửa đổi này thường tạo ra kết cấu đặc hơn một chút so với bánh nướng xốp thông thường trong khi có khả năng cung cấp nhiều chất xơ hơn và ít chất béo bão hòa hơn. Bánh nướng xốp thuần chay có nhiều loại và có thể được làm bằng bột ngũ cốc nguyên hạt, các loại hạt, trái cây hoặc rau để tăng cường thành phần dinh dưỡng của chúng.",75
ac2e9db7-7f0e-5e09-975b-4bc77fd62e92,,,Hạnh nhân phủ kẹo (Candy Coated Almonds),DISH,470.0,10.0,17.93,68.3,2.5,62.5,13.0,9d4dc1ac-566d-45dd-8f5c-976afae98cfc,,,"Hạnh nhân bọc kẹo là hạnh nhân nguyên hạt được bọc trong lớp vỏ đường ngọt, giòn mang lại vẻ ngoài giòn và đầy màu sắc đặc biệt. Mặc dù vẫn giữ lại một số protein tự nhiên và chất béo lành mạnh của hạnh nhân, những loại hạt đã qua xử lý này có hàm lượng đường cao hơn đáng kể so với hạnh nhân thông thường. Lớp phủ kẹo bảo vệ giúp chúng có thời hạn sử dụng ổn định và được ưa chuộng làm đồ ăn nhẹ, lớp phủ trang trí hoặc đồ dùng trong bữa tiệc.",75
0b4eeec0-88c7-5282-a061-627dcdbaaf73,,,Sữa hạt điều có đường (Sweetened Cashew Milk),INGREDIENT,23.0,0.19,0.97,3.51,0.0,3.12,62.0,9d4dc1ac-566d-45dd-8f5c-976afae98cfc,,,"Sữa hạt điều có đường là một loại đồ uống có nguồn gốc từ thực vật được làm bằng cách trộn hạt điều với nước và thêm chất làm ngọt, điển hình là đường mía hoặc các chất thay thế tự nhiên. Loại sữa thay thế này có kết cấu kem đặc biệt và vị ngọt nhẹ, hấp dẫn đồng thời chứa ít calo hơn sữa nguyên chất, mặc dù chất làm ngọt bổ sung làm tăng hàm lượng carbohydrate so với các loại không đường. Độ đặc mịn, đậm đà khiến nó đặc biệt thích hợp với đồ uống cà phê, sinh tố và ngũ cốc trong khi vẫn không chứa lactose tự nhiên.",75
7e265ec9-b765-5229-a165-2f8e515747e7,,,Bánh gạo cà chua húng quế (Tomato Basil Rice Cake),INGREDIENT,417.0,8.3,16.7,66.7,0.0,8.3,833.0,9d4dc1ac-566d-45dd-8f5c-976afae98cfc,,,"Bánh gạo húng quế cà chua là một biến thể có hương vị của món ăn nhẹ gạo phồng cổ điển, kết hợp các gia vị lấy cảm hứng từ Địa Trung Hải với lớp đế nhẹ, giòn. Những chiếc bánh ít calo này được làm bằng cách làm nở hạt gạo và thêm hương vị cà chua và húng quế tự nhiên, tạo ra một hương vị thơm ngon thay thế cho bánh gạo thông thường. Món ăn nhẹ không chứa gluten cung cấp một lựa chọn giòn, di động cho những người đang tìm kiếm nguồn carbohydrate nhẹ cho lớp phủ trên hoặc một món ăn nhẹ giòn độc lập.",75
ed7661d6-5e0f-5255-8a95-1e3ecf172f10,,,Bánh cuộn ngọt sô cô la (Chocolate Sweet Roll),DISH,328.0,29.9,18.5,10.5,3.0,1.0,250.0,9d4dc1ac-566d-45dd-8f5c-976afae98cfc,,,"Bánh cuộn sô cô la ngọt ngào là một loại bánh ngọt lên men có hình xoắn ốc làm từ bột nhào giàu nhân sô cô la hoặc ca cao. Món bánh ngọt ăn sáng hoặc tráng miệng này thường chứa bơ, trứng và đường trong bột, khiến nó có lượng calo và chất béo cao hơn bánh mì cuộn tiêu chuẩn. Món bánh cuộn nướng có kết cấu mềm, mềm với lớp sô-cô-la đậm đà xuyên suốt và thường được kết thúc bằng lớp men ngọt hoặc kem sô-cô-la.",75
867e2b49-57b8-5c8d-954f-3babb0e2ea69,,,Sữa hạt dẻ không đường (Unsweetened Hazelnut Milk),INGREDIENT,39.0,0.8,3.8,0.4,0.0,0.4,30.0,9d4dc1ac-566d-45dd-8f5c-976afae98cfc,,,"Sữa hạt phỉ không đường là một loại đồ uống không chứa sữa được làm bằng cách trộn hạt phỉ rang với nước và lọc hỗn hợp để tạo ra chất lỏng mịn, béo ngậy. Loại thay thế có nguồn gốc thực vật này không chứa đường bổ sung trong khi mang lại hương vị đặc biệt, đậm đà của hạt phỉ và thường cung cấp ít calo hơn so với các phiên bản có đường. Sữa thường được bổ sung canxi, vitamin D và B12, khiến nó trở thành một lựa chọn phù hợp cho những người theo chế độ ăn không có sữa, thuần chay hoặc ít đường.",75
e9636485-38f8-5384-abe3-d1839a58082f,,,Donut si-rô phong (Maple Donut),DISH,670.0,8.0,32.0,87.0,2.0,45.0,400.0,9d4dc1ac-566d-45dd-8f5c-976afae98cfc,,,"Bánh rán phong là một loại bánh chiên ngọt được phân biệt bởi lớp phủ men có hương vị phong phú. Món bánh ngọt ăn sáng kiểu cổ điển này có bột làm từ men nhẹ được chiên cho đến khi có màu nâu vàng, sau đó phủ một lớp men ngọt làm từ hương liệu phong thật hoặc nhân tạo. Chiếc bánh rán thành phẩm kết hợp phần bên trong mềm mại, thoáng mát với bên ngoài hơi giòn và vị ngọt đặc trưng của cây phong, khiến nó có lượng đường và chất béo cao hơn đáng kể so với các loại bánh không tráng men.",75
83de9a4e-5508-5fac-bace-4638a1dc17ba,,,Sữa đậu Hà Lan có đường (Sweetened Pea Milk),INGREDIENT,53.0,3.24,1.82,6.1,0.0,6.1,70.0,9d4dc1ac-566d-45dd-8f5c-976afae98cfc,,,"Sữa đậu có đường là một loại đồ uống có nguồn gốc thực vật được làm từ protein đậu vàng cô lập, nước và các chất làm ngọt bổ sung như đường mía hoặc xi-rô. Sản phẩm thay thế sữa này cung cấp hàm lượng protein tương đương với sữa bò trong khi vẫn không chứa lactose, hạt và gluten, khiến nó phù hợp với nhiều chế độ ăn kiêng. Mặc dù được bổ sung canxi và vitamin D, công thức có đường của nó chứa lượng carbohydrate cao hơn so với các loại không đường, mang lại kết cấu dạng kem lý tưởng cho sinh tố, ngũ cốc hoặc kem cà phê.",75
b5c914b2-a807-5313-a5eb-3122df5d0e3b,,,Phết hạt dẻ sô cô la đen (Dark Chocolate Hazelnut Spread),DISH,536.0,6.1,30.0,60.0,4.55,55.6,42.0,9d4dc1ac-566d-45dd-8f5c-976afae98cfc,,,"Sô cô la đen phết hạt phỉ là một loại bánh kẹo có vị ngọt, kem được làm chủ yếu từ hạt phỉ rang trộn với sô cô la đen và bột ca cao. Sự lan tỏa phong phú này kết hợp hương vị đậm đà của sô cô la đen với độ đậm đà của hạt phỉ, tạo nên một loại sô cô la mịn hơn và ít ngọt hơn so với các loại sô cô la sữa truyền thống. Mặc dù cung cấp chất béo lành mạnh từ hạt phỉ, nhưng nó vẫn là một nguồn calo tập trung thường được sử dụng để phết lên bánh mì, làm nhân cho bánh ngọt hoặc tăng hương vị cho món tráng miệng.",75
73d18068-6013-5d24-b098-479f3f83d56a,,,Sữa hạt mắc ca không đường (Unsweetened Macadamia Milk),INGREDIENT,21.0,0.4,2.1,0.4,0.0,0.0,40.0,9d4dc1ac-566d-45dd-8f5c-976afae98cfc,,,"Sữa mắc ca không đường là một loại đồ uống có nguồn gốc thực vật được làm bằng cách trộn hạt mắc ca với nước và lọc hỗn hợp. Sản phẩm thay thế sữa này mang lại kết cấu kem độc đáo và hương vị bơ mặc dù có lượng calo thấp tự nhiên và không chứa đường bổ sung. Nó có nồng độ chất béo không bão hòa đơn tốt cho tim cao hơn so với hầu hết các loại sữa thực vật khác, khiến nó đặc biệt thích hợp cho chế độ ăn keto và low-carb.",75
caa4ca90-46e3-5b4c-9b6b-71094a11df21,,,Bánh gạo mini cà chua húng quế (Mini Tomato Basil Rice Cakes),INGREDIENT,417.0,8.3,16.7,66.7,8.3,4.2,833.0,9d4dc1ac-566d-45dd-8f5c-976afae98cfc,,,"Bánh gạo húng quế cà chua nhỏ là món ăn nhẹ giòn, vừa ăn được làm từ gạo nguyên hạt căng phồng với hương vị cà chua và húng quế tự nhiên. Những đĩa nhẹ, thoáng mát này được tạo ra thông qua quá trình giãn nở áp suất, tạo ra kết cấu giòn đặc trưng của chúng trong khi vẫn giữ lượng calo tối thiểu. Không chứa gluten tự nhiên và thường không có chất béo, chúng đóng vai trò như một sự thay thế thuận tiện cho bánh quy giòn hoặc khoai tây chiên truyền thống để ăn vặt có lợi cho sức khỏe.",75
61c44501-acde-5251-8d67-a9e8407c9242,,,Hỗn hợp bánh kếp ít carb (Low-Carb Pancake Mix),INGREDIENT,300.0,11.0,26.0,25.0,20.0,2.0,250.0,9d4dc1ac-566d-45dd-8f5c-976afae98cfc,,,"Hỗn hợp bánh kếp low-carb là hỗn hợp làm bánh chuyên dụng được thiết kế để tái tạo các loại bánh kếp truyền thống đồng thời giảm thiểu hàm lượng carbohydrate. Hỗn hợp này thường kết hợp bột hạnh nhân, bột dừa hoặc các chất thay thế ít carb khác với bột protein và chất làm ngọt tự nhiên, đạt được một phần carbohydrate có trong hỗn hợp bánh kếp thông thường. Hỗn hợp khô tạo ra những chiếc bánh kếp duy trì kết cấu và hương vị quen thuộc đồng thời đáp ứng nhu cầu ăn kiêng keto, thân thiện với bệnh nhân tiểu đường và ít carb.",75
b6ec0652-f3c8-5368-b2f5-b887a959ffa6,,,Xi-rô caramel (Caramel Syrup),DISH,265.0,0.0,0.0,66.3,0.0,66.3,315.0,9d4dc1ac-566d-45dd-8f5c-976afae98cfc,,,"Xi-rô caramel là một chất làm ngọt dạng lỏng được làm bằng cách đun nóng đường cho đến khi nó chuyển thành caramen, sau đó pha loãng với nước để đạt được độ đặc có thể rót được. Xi-rô màu hổ phách này mỏng hơn và lỏng hơn nước sốt caramel truyền thống, khiến nó trở nên lý tưởng để tạo hương vị cho đồ uống và làm chất làm ngọt đa năng. Mặc dù chủ yếu được sử dụng trong đồ uống cà phê và món tráng miệng, nhưng nó chứa đường đậm đặc với giá trị dinh dưỡng tối thiểu ngoài vai trò là chất làm ngọt calo.",75
4a808feb-7e25-58fc-80bb-a9cdd6da34ba,,,Bánh muffin Anh không chứa gluten (Gluten-Free English Muffins),DISH,230.0,3.0,4.0,43.0,2.0,5.0,350.0,9d4dc1ac-566d-45dd-8f5c-976afae98cfc,,,"Bánh nướng xốp kiểu Anh không chứa gluten là sản phẩm bánh được thiết kế để tái tạo kết cấu và chức năng của bánh nướng xốp truyền thống của Anh đồng thời loại bỏ các loại ngũ cốc có chứa gluten. Được làm bằng các loại bột thay thế như gạo, hạnh nhân hoặc tinh bột sắn, chúng thường kết hợp các chất kết dính như kẹo cao su xanthan để đạt được các ngóc ngách đặc trưng khi tách và nướng. Những chiếc bánh nướng xốp này đóng vai trò là món ăn sáng chủ yếu cho những người ăn kiêng nhạy cảm với gluten, thường cung cấp hàm lượng chất xơ cao hơn so với các phiên bản làm từ lúa mì khi được làm bằng hỗn hợp ngũ cốc nguyên hạt. Cấu trúc vụn chắc chắn nhưng mềm mại của chúng khiến chúng trở nên lý tưởng cho bánh mì ăn sáng hoặc làm lớp nền cho cả lớp phủ ngọt và mặn.",75
58052831-2cd4-52ae-b1b7-5f4bcbaa69e4,,,Sữa óc chó không đường (Unsweetened Walnut Milk),INGREDIENT,53.0,1.3,4.8,0.4,0.0,0.4,30.0,9d4dc1ac-566d-45dd-8f5c-976afae98cfc,,,"Sữa óc chó không đường là một loại đồ uống có nguồn gốc từ thực vật được làm bằng cách trộn quả óc chó đã ngâm với nước và lọc hỗn hợp để tạo ra chất lỏng dạng kem có hương vị hạt dẻ. Sản phẩm thay thế không chứa sữa này cung cấp nguồn axit béo omega-3 phong phú và chất béo không bão hòa lành mạnh đồng thời chứa lượng carbohydrate tối thiểu do không có đường bổ sung. Hương vị đất đặc trưng và kết cấu vừa phải của nó làm cho nó đặc biệt thích hợp cho sinh tố, cà phê và nướng bánh theo mô hình ăn chay, nhạt hoặc keto.",75
7543d275-ba8a-542c-84d9-0f6ef3875048,,,Bánh quy wafer chanh (Lemon Wafer Cookies),DISH,515.0,0.0,24.2,74.4,0.0,42.3,111.0,9d4dc1ac-566d-45dd-8f5c-976afae98cfc,,,"Bánh quy chanh wafer là loại bánh nướng có vị ngọt gồm các lớp bánh xốp giòn kẹp bên trong nhân kem có hương vị chanh tươi sáng. Kết cấu thoáng mát và hương vị cam quýt rõ rệt giúp phân biệt chúng với bánh quy bơ đặc hơn, trong khi các lớp bánh xốp có độ ẩm thấp mang lại cảm giác giòn tinh tế. Những chiếc bánh quy này thường có hương vị từ cả chiết xuất chanh tự nhiên và hương liệu nhân tạo, với thành phần dinh dưỡng nhấn mạnh vào carbohydrate và đường bổ sung hơn là chất béo hoặc protein. Nhiều loại thương mại có chứa gluten do cấu trúc bánh xốp làm từ lúa mì.",75
fd31a112-5a1d-5976-a32b-a427d4bee128,,,Bánh ngọt pound (Pound Cake),DISH,437.0,5.9,25.1,47.7,0.75,26.3,264.0,9d4dc1ac-566d-45dd-8f5c-976afae98cfc,,,"Bánh pound là một món tráng miệng truyền thống của châu Âu được đặc trưng bởi kết cấu đậm đặc, béo ngậy và công thức bốn thành phần đơn giản với trọng lượng bằng nhau gồm bơ, đường, trứng và bột mì. Loại bánh ngọt đậm đà này lấy tên theo đơn vị đo pound ban đầu của từng thành phần, tạo ra một món tráng miệng giàu năng lượng với lượng carbohydrate và chất béo bão hòa đáng kể từ kem bơ-đường. Trong khi các biến thể hiện đại thường kết hợp các hương liệu như vani hoặc vỏ cam quýt, phiên bản cổ điển vẫn là nền tảng linh hoạt cho lớp phủ trái cây, men hoặc phục vụ đơn giản với trà hoặc cà phê.",75
e06c9c1c-57e3-50e3-9852-dac0d6537349,,,Sữa lắc sô cô la (Chocolate Milkshake),INGREDIENT,160.0,4.0,7.0,20.0,1.0,15.0,70.0,9d4dc1ac-566d-45dd-8f5c-976afae98cfc,,,"Sữa lắc sô cô la là một loại đồ uống pha trộn có đường thường được làm bằng kem, sữa và xi-rô sô cô la hoặc bột ca cao, tạo ra kết cấu kem đặc khi dùng lạnh. Thức uống giải khát này chứa nhiều calo do hàm lượng đường và chất béo bão hòa cao, thường vượt quá 20 gam đường bổ sung cho mỗi khẩu phần trong các chế phẩm thương mại. Trong khi truyền thống dựa trên sữa, nhiều biến thể hiện đại sử dụng các lựa chọn thay thế dựa trên thực vật để phù hợp với chế độ ăn thuần chay hoặc không dung nạp lactose.",75
0924cf52-84e0-5c4f-ae22-4a5d879aec9a,,,Bánh quy xoắn quế đường cắn (Cinnamon Sugar Pretzel Bites),DISH,295.0,6.2,4.8,55.7,1.5,13.5,93.0,9d4dc1ac-566d-45dd-8f5c-976afae98cfc,,,"Cinnamon Sugar Pretzel Bites là một món ăn nhẹ nướng có vị ngọt bao gồm những miếng bột men có kích thước vừa ăn được phủ một lớp hỗn hợp quế-đường. Kết cấu đặc trưng của chúng kết hợp phần bên trong dai với bên ngoài hơi giòn, đạt được thông qua quy trình nướng bánh truyền thống bao gồm đun sôi bột trong dung dịch baking soda trước khi nướng. Trong khi cung cấp năng lượng nhanh chóng từ carbohydrate, lớp phủ đường quế bổ sung thêm lượng đường tinh luyện đáng kể và chúng thường kết hợp bơ hoặc dầu để tạo cảm giác đậm đà. Những món ăn nhẹ này thường chứa gluten lúa mì và có thể bao gồm sữa, khiến chúng không phù hợp với chế độ ăn không có gluten hoặc ít đường mặc dù chúng được ưa chuộng như những món ăn nhẹ.",75
28e98136-d69f-53c3-94f3-664f6159b12e,,,Xi-rô sô cô la không đường (Sugar-Free Chocolate Syrup),DISH,43.0,2.87,2.03,14.2,2.9,0.27,343.0,9d4dc1ac-566d-45dd-8f5c-976afae98cfc,,,"Xi-rô sô cô la không đường là một chất tạo hương vị có hàm lượng calo thấp được làm từ ca cao và các chất làm ngọt không dinh dưỡng như stevia hoặc erythritol thay vì đường bổ sung. Được thiết kế cho chế độ ăn ít carb và thân thiện với bệnh nhân tiểu đường, nó mang lại hương vị sô cô la đậm đà với lượng carbohydrate tối thiểu trong khi vẫn duy trì độ nhớt tương tự như xi-rô truyền thống. Loại topping đa năng này thường được sử dụng trong đồ uống, món tráng miệng và đồ ăn sáng như một chất thay thế ít đường cho xi-rô sô-cô-la thông thường.",75
32c9bdfc-a8d6-5bf1-a0b0-cade79ea9354,,,Bánh quy xoắn phủ sô cô la (Chocolate Covered Pretzels),DISH,467.0,7.05,17.6,70.1,3.5,38.8,494.0,9d4dc1ac-566d-45dd-8f5c-976afae98cfc,,,"Bánh quy xoắn phủ sô cô la là một món ăn nhẹ có vị ngọt và mặn kết hợp giữa phần đế bánh quy mặn, giòn với một lớp phủ sô cô la ngọt. Món ăn đã qua chế biến này thường có sữa, sô cô la đen hoặc sô cô la trắng bọc trong bánh quy xoắn hoặc hình que, tạo ra sự tương phản về kết cấu và hương vị. Mặc dù cung cấp năng lượng nhanh chóng từ carbohydrate và chất béo, nhưng chúng thường chứa nhiều đường và natri bổ sung, khiến việc kiểm soát khẩu phần ăn trở nên quan trọng đối với những người theo dõi lượng ăn vào.",75
1e584a03-5d58-592d-afea-72ddb464736d,,,Bánh ngọt cà phê chanh (Lemon Coffee Cake),DISH,372.0,4.9,18.0,45.8,1.0,29.5,311.0,9d4dc1ac-566d-45dd-8f5c-976afae98cfc,,,"Bánh cà phê chanh là một loại bánh nướng ngọt có lớp đế ẩm, thấm cam quýt, được phủ lớp trên cùng là vụn bơ và thường được hoàn thiện với lớp men chanh thơm. Món bánh tráng miệng này có hương vị đặc biệt từ vỏ chanh tươi và nước ép, tạo nên sự cân bằng giữa vị ngọt và vị chua. Mặc dù phổ biến như một món ăn sáng hoặc bữa nửa buổi, nhưng nó thường chứa lượng đường đáng kể và carbohydrate tinh chế, với mật độ calo từ cả thành phần bột bánh và streusel. Sự tương phản về kết cấu giữa lớp vỏ bánh mềm và lớp phủ giòn khiến món ăn này trở thành sự kết hợp linh hoạt cho cà phê hoặc trà.",75
7cc6fefb-af69-508a-8161-56676086298c,,,Bánh ngọt cẩm thạch (Marble Cake),DISH,410.0,3.5,16.0,62.0,1.0,35.0,300.0,9d4dc1ac-566d-45dd-8f5c-976afae98cfc,,,"Bánh đá cẩm thạch là một loại bánh nướng có vị ngọt cổ điển, đặc trưng bởi kiểu xoáy đặc trưng được tạo ra bằng cách trộn bột vani và sô cô la. Chiếc bánh bơ ẩm này đạt được vẻ ngoài như đá cẩm thạch thông qua việc xếp lớp và xoáy cẩn thận hai loại bột tương phản trước khi nướng, tạo ra các túi xen kẽ hương vị ca cao đậm đà và hương vani ngọt ngào. Mặc dù thường được phục vụ như một món tráng miệng ăn mừng, nhưng hàm lượng carbohydrate và đường cao khiến nó trở thành một lựa chọn giàu năng lượng, tốt nhất nên thưởng thức ở mức độ vừa phải.",75
5b9a9f7a-5437-5b8f-9614-a1d1610750c1,,,Kẹo sô cô la với ngũ cốc (Chocolate Candy with Cereal),DISH,533.0,6.7,27.8,62.6,3.0,55.0,250.0,9d4dc1ac-566d-45dd-8f5c-976afae98cfc,,,"Kẹo sô cô la với ngũ cốc là một loại bánh kẹo ngọt kết hợp sô cô la tan chảy với những miếng ngũ cốc giòn, tạo ra kết cấu tương phản giữa vị béo ngậy của kem và vị giòn nhẹ. Món ăn nhẹ giàu năng lượng này thường chứa đường bổ sung và carbohydrate tinh chế, cung cấp lượng calo nhanh nhưng lượng protein hoặc chất xơ tối thiểu. Thường được tạo thành thành các thanh hoặc cụm, nó được dùng như một món ăn nhẹ hoặc món tráng miệng phủ lên trên, với thành phần dinh dưỡng thay đổi đáng kể dựa trên chất lượng sô cô la và loại ngũ cốc.",75
174d1180-e5b6-5973-a3b1-7f1740a33642,,,Bánh ngọt bông xốp (Sponge Cake),DISH,297.0,7.3,4.3,57.7,0.4,36.7,228.0,9d4dc1ac-566d-45dd-8f5c-976afae98cfc,,,"Bánh xốp là một loại bánh nướng nhẹ, có vị ngọt đặc trưng bởi cấu trúc vụn xốp được tạo ra bởi trứng đánh bông hoặc lòng trắng trứng. Cơ sở món tráng miệng đa năng này dựa vào việc sục khí chính xác của trứng để làm men thay vì tác nhân hóa học, dẫn đến hàm lượng chất béo tối thiểu so với bánh làm từ bơ. Hương vị ngọt nhẹ và kết cấu xốp của nó khiến nó trở nên lý tưởng để trộn với các loại kem, trái cây hoặc xi-rô trong các món tráng miệng phức tạp như bánh vặt và bánh dâu tây.",75
f4c8c99b-256d-5ee4-bad4-091a5f9fcb2f,,,Bánh quy yến mạch marshmallow (Marshmallow Oatmeal Cookies),DISH,454.0,6.0,18.0,67.0,3.0,30.0,300.0,9d4dc1ac-566d-45dd-8f5c-976afae98cfc,,,"Bánh quy bột yến mạch Marshmallow là một loại bánh nướng có vị ngọt kết hợp bột yến mạch dai với những miếng kẹo dẻo dẻo. Yến mạch nguyên hạt cung cấp chất xơ và hương vị hấp dẫn, trong khi kẹo dẻo nấu chảy đóng góp một kết cấu dính đặc biệt và lượng đường bổ sung đáng kể. Mặc dù cung cấp nhiều carbohydrate phức tạp hơn bánh quy tiêu chuẩn, nhưng hàm lượng đường của chúng thường khiến chúng trở thành một món tráng miệng hấp dẫn hơn là một món ăn nhẹ giàu chất dinh dưỡng.",75
307745b7-64a4-58d3-86dd-b1f4f26d4a72,,,Hỗn hợp bánh ngọt pound (Pound Cake Mix),INGREDIENT,386.0,3.5,4.4,82.5,0.5,42.0,333.0,9d4dc1ac-566d-45dd-8f5c-976afae98cfc,,,"Hỗn hợp bánh pound là hỗn hợp khô làm sẵn được thiết kế để tạo ra một loại bánh bơ đậm đặc thông qua quá trình chuẩn bị đơn giản. Hỗn hợp này thường kết hợp bột mì, đường, chất tạo men và hương liệu, chỉ cần thêm các nguyên liệu ướt như bơ và trứng để hoàn thành bột bánh. Mặc dù tiện lợi nhưng những hỗn hợp này thường chứa lượng lớn carbohydrate tinh chế và đường bổ sung so với các công thức nấu ăn truyền thống ngay từ đầu. Cái tên này bắt nguồn từ các công thức nấu ăn lịch sử sử dụng một pound mỗi thành phần cốt lõi, mặc dù các phiên bản hiện đại thường bao gồm chất bảo quản để kéo dài thời gian sử dụng.",75
b9d1358a-eb86-5516-a630-96bc3dd3ad31,,,Sữa gai dầu không đường (Unsweetened Hemp Milk),INGREDIENT,34.6,1.96,3.04,0.54,0.1,0.44,40.0,9d4dc1ac-566d-45dd-8f5c-976afae98cfc,,,"Sữa gai dầu không đường là một loại đồ uống có nguồn gốc thực vật được làm từ hạt gai dầu đã bóc vỏ (Cannabis sativa) trộn với nước, không chứa hợp chất thần kinh. Nó cung cấp tỷ lệ cân bằng 3: 1 của axit béo omega-6 và omega-3 và cung cấp nhiều protein từ thực vật hơn hầu hết các loại sữa làm từ hạt, trong khi vẫn có lượng carbohydrate thấp tự nhiên. Sản phẩm thay thế không chứa sữa này có hương vị đậm đà, đặc trưng của đất với kết cấu dạng kem nhưng nhẹ hơn nước cốt dừa, thường được bổ sung canxi và vitamin D để phù hợp với thành phần dinh dưỡng của sữa bò.",75
2e9f86f8-eb12-5cf1-b684-488fbba6e63a,,,Que bánh quy xoắn không muối (Salt-Free Pretzel Sticks),INGREDIENT,400.0,10.0,3.5,80.0,3.0,2.0,320.0,9d4dc1ac-566d-45dd-8f5c-976afae98cfc,,,"Que bánh quy xoắn không muối là một món ăn nhẹ làm từ lúa mì nướng được phân biệt bởi không có thêm natri, khiến chúng phù hợp với chế độ ăn ít natri. Những que giòn, màu nâu vàng này vẫn giữ được kết cấu bánh quy xoắn cổ điển—bề ngoài giòn với bên trong hơi dai—thông qua quá trình nướng sử dụng các nguyên liệu như bột mì, men và chất làm ngọt nhẹ. Mặc dù có hàm lượng natri thấp hơn so với bánh quy truyền thống, nhưng chúng vẫn là một món ăn nhẹ giàu carbohydrate thường được kết hợp với nước chấm hoặc dùng làm lớp nền cho lớp phủ ngọt hoặc mặn.",75
818d2069-5599-5dda-a338-7becc5bf1e5e,,,Bánh quy xoắn cứng phủ sô cô la đen (Dark Chocolate Coated Hard Pretzels),DISH,467.0,7.0,18.0,70.0,4.0,39.0,494.0,9d4dc1ac-566d-45dd-8f5c-976afae98cfc,,,"Bánh quy cứng phủ sô cô la đen là một món ăn nhẹ có vị ngọt và mặn kết hợp giữa phần đế bánh quy nướng giòn với một lớp sô cô la đen ngọt đậm đà. Lớp phủ thường chứa 50-70% chất rắn ca cao, cung cấp chất chống oxy hóa và hàm lượng caffeine nhẹ, trong khi bánh quy cây mang lại độ tương phản thơm ngon đặc biệt và nền lúa mì có chứa gluten. Mặc dù có lượng đường bổ sung cao hơn so với bánh quy thông thường, nhưng loại bánh quy hấp dẫn này cung cấp sự cân bằng giữa carbohydrate, chất béo và các khoáng chất vi lượng như sắt từ sô cô la.",75
de8f1785-2264-5d87-88d6-325aa109619a,,,Bánh ngọt cà rốt (Carrot Cake),DISH,392.0,4.4,20.4,47.6,1.5,30.5,305.0,9d4dc1ac-566d-45dd-8f5c-976afae98cfc,,,"Bánh cà rốt là một loại bánh tráng miệng có vị ngọt đặc trưng bởi kết cấu ẩm, đặc và sự pha trộn gia vị ấm áp của quế, nhục đậu khấu và đinh hương. Cà rốt cắt nhỏ đặc trưng mang lại vị ngọt tự nhiên và beta-carotene đồng thời giảm nhu cầu bổ sung quá nhiều đường so với một số loại bánh. Các phiên bản truyền thống thường bao gồm kem phủ phô mai và các hỗn hợp như quả óc chó hoặc nho khô, bổ sung protein và chất béo lành mạnh nhưng làm tăng mật độ calo. Món nướng này cung cấp hàm lượng chất xơ khiêm tốn từ nguồn gốc thực vật, mặc dù việc kiểm soát khẩu phần vẫn quan trọng do lượng đường và chất béo thông thường.",75
350d8dc1-f7fa-598c-b8c9-2ed3249a99ae,,,Tương cà chua có đường (Sweetened Tomato Relish),DISH,157.0,2.19,0.59,37.6,2.4,33.16,370.0,9d4dc1ac-566d-45dd-8f5c-976afae98cfc,,,"Gia vị cà chua ngọt là một loại gia vị nấu chín kết hợp cà chua, đường, giấm và gia vị thành một kết cấu dày, dễ phết với hương vị ngọt ngào cân bằng. Không giống như các loại nước sốt mặn làm từ cà chua, hàm lượng đường đáng chú ý của nó sẽ chuyển thành caramen trong khi nấu, tạo ra lớp sơn bóng lý tưởng để tráng men protein hoặc tăng cường độ ngon cho bánh mì sandwich và bánh mì kẹp thịt. Phương pháp bảo quản này có mục đích kéo dài thời hạn sử dụng của cà chua, nhưng lượng đường bổ sung góp phần đáng kể vào mật độ carbohydrate của nó so với các lựa chọn thay thế không đường.",75
ea541f47-7def-577f-96b9-5977366da617,,,Que bánh quy xoắn quế đường (Cinnamon Sugar Pretzel Sticks),DISH,467.0,7.1,16.7,63.3,2.5,20.0,700.0,9d4dc1ac-566d-45dd-8f5c-976afae98cfc,,,"Bánh quy cây quế đường là một món ăn nhẹ nướng được làm từ bột mì làm giàu được xoắn thành những thanh mỏng và phủ một lớp hỗn hợp đường quế ngọt ngào. Bên ngoài sắc nét của chúng tương phản với bên trong hơi dai, trong khi quá trình tăng cường bổ sung thêm vitamin B và sắt để cân bằng hàm lượng đường dễ chịu. Thường được thưởng thức như một món ăn nhẹ ngọt ngào hoặc món tráng miệng đi kèm, những chiếc bánh quy này mang lại vị ngọt đậm đà trong khi vẫn giữ được hương vị nướng kiềm đặc trưng của bánh quy truyền thống.",75
ee37a9e5-8e83-511d-bb4a-a1b492931f6d,,,Bánh ngọt donut phủ kem sô cô la (Cake Donut with Chocolate Icing),DISH,412.0,4.89,21.61,52.78,1.0,28.0,350.0,9d4dc1ac-566d-45dd-8f5c-976afae98cfc,,,"Cake Donut with Chocolate Icing là một loại bánh ngọt chiên, được làm từ bột kiểu bánh ngọt dày đặc và phủ một lớp men sô cô la lên trên. Quá trình chiên tạo ra bề ngoài giòn với lớp vỏ mềm, trong khi lớp kem đóng góp lượng đường bổ sung đáng kể và chất béo bão hòa. Loại bánh ngọt hấp dẫn này thường chứa các chất gây dị ứng phổ biến bao gồm lúa mì, trứng và sữa, và tốt nhất nên tiêu thụ ở mức độ vừa phải do mật độ calo cao.",75
d3912089-3e8d-590f-9bd4-ae00a8b928f2,,,Kem phủ phô mai (Cream Cheese Frosting),DISH,415.0,0.1,17.3,67.3,0.0,63.5,191.0,9d4dc1ac-566d-45dd-8f5c-976afae98cfc,,,"Kem phủ phô mai kem là một loại kem phết có vị ngọt được làm bằng cách trộn phô mai kem đã mềm với đường bột và thường là bơ, tạo ra hương vị thơm nhưng ngọt ngào khác biệt với kem bơ truyền thống. Kết cấu mịn, dạng kem của nó khiến nó trở nên lý tưởng để phủ kem lên các món nướng đặc như bánh cà rốt hoặc bánh nhung đỏ, mặc dù ở nhiệt độ phòng, nó vẫn mềm hơn so với kem làm từ bơ. Lớp kem phủ này thường chứa đáng kể chất béo bão hòa và đường bổ sung, đồng thời cung cấp lượng protein hoặc chất xơ tối thiểu.",75
f4fa603b-f9da-59dd-83cd-debefdb3e3b7,,,Bánh quy xoắn mềm phủ đường quế (Soft Cinnamon Sugar Coated Pretzels),DISH,372.0,6.4,6.0,73.1,8.0,40.0,500.0,9d4dc1ac-566d-45dd-8f5c-976afae98cfc,,,"Bánh quy xoắn bọc đường quế mềm là một loại bánh ngọt có đế bột men mềm được nướng đến khi có màu vàng và cuộn trong hỗn hợp đường cát và quế. Không giống như bánh quy mặn truyền thống, chúng có đặc điểm là lớp vỏ mềm, vị bơ và lớp phủ đường caramen, khiến chúng trở thành món ăn nhẹ có hàm lượng carbohydrate cao với hàm lượng đường bổ sung đáng chú ý. Thường được phục vụ khi còn ấm, chúng cân bằng giữa cảm giác thích thú với tính di động nhưng lại thiếu protein và chất xơ như các loại bánh quy làm từ ngũ cốc nguyên hạt.",75
a2bb0f89-cf68-529f-a3e8-5f1ba4e5f5ab,,,Bánh quy marshmallow ngũ cốc gạo (Rice Cereal Marshmallow Cookie),DISH,435.0,4.55,18.2,63.3,0.0,40.9,341.0,9d4dc1ac-566d-45dd-8f5c-976afae98cfc,,,"Bánh quy marshmallow ngũ cốc gạo là món ăn ngọt, không cần nướng, được làm bằng cách kết hợp ngũ cốc gạo giòn với kẹo dẻo tan chảy và bơ. Những miếng vuông nhẹ, dai-sắc này thường được làm như những món ăn tự chế biến và có đặc điểm là sự kết hợp đặc biệt giữa lớp vỏ giòn thoáng và kết cấu marshmallow béo ngậy. Mặc dù chủ yếu dựa trên carbohydrate với giá trị dinh dưỡng tối thiểu, chúng thường được chia thành các phần riêng lẻ để kiểm soát khẩu phần.",75
611271ae-f818-5e13-88a6-7f8bf67f7981,,,Thanh trái cây dâu tây có đường (Sweetened Strawberry Fruit Bar),INGREDIENT,86.0,0.0,0.0,22.0,0.0,21.0,0.0,9d4dc1ac-566d-45dd-8f5c-976afae98cfc,,,"Thanh trái cây dâu tây ngọt là một món ăn nhẹ được chế biến bằng cách nghiền dâu tây, thêm chất làm ngọt đậm đặc như đường mía hoặc xi-rô, và khử nước hỗn hợp thành một thanh dai, di động. Mặc dù vẫn giữ lại một số vitamin C từ trái cây nhưng lượng đường bổ sung làm tăng đáng kể mật độ calo và giảm hàm lượng chất xơ so với dâu tây tươi. Những thanh này thường được bán trên thị trường như một món ăn nhẹ tiện lợi nhưng thiếu hàm lượng nước và cân bằng dinh dưỡng như cả trái cây.",75
d15655b6-0048-5748-8a76-588997221bfa,,,Bánh quy snickerdoodle (Snickerdoodle Cookie),DISH,500.0,5.0,18.0,70.0,2.0,35.0,200.0,9d4dc1ac-566d-45dd-8f5c-976afae98cfc,,,"Snickerdoodle là một loại bánh quy cổ điển của Mỹ có đặc điểm là lớp phủ đường quế và phần bên trong mềm, dai với các cạnh hơi giòn. Khác biệt với các loại bánh quy đường tiêu chuẩn, nó theo truyền thống bao gồm kem cao răng để tạo ra một kết cấu đặc trưng và có mùi thơm tinh tế. Những chiếc bánh quy này lấy tên từ đặc điểm nổi bật của chúng: những viên bột được cán trong đường quế trước khi nướng, tạo ra bề ngoài ngọt ngào, đầy gia vị.",75
48dafe73-37e2-5809-9ada-25807b996f9e,,,Chất ngọt stevia dạng lỏng (Liquid Stevia Sweetener),DISH,0.0,0.0,0.0,0.0,0.0,0.0,0.0,9d4dc1ac-566d-45dd-8f5c-976afae98cfc,,,"Chất làm ngọt stevia lỏng là chất thay thế đường có nguồn gốc từ thực vật được làm từ chiết xuất cô đặc của lá stevia, mang lại vị ngọt không calo mạnh hơn tới 200 lần so với đường ăn. Dạng lỏng này thường tránh được các chất tạo khối có trong dạng bột, thường chỉ sử dụng nước và chất bảo quản tự nhiên. Tác động đường huyết trung tính của nó khiến nó trở nên phổ biến trong chế độ ăn ít carb và thân thiện với bệnh nhân tiểu đường, mặc dù vị ngọt đậm của nó đòi hỏi phải chia khẩu phần cẩn thận để tránh dư vị đắng.",75
02137654-b7e9-5e6d-9b52-5e9c2e8408a7,,,Bánh quy xoắn phủ sô cô la trắng (White Chocolate Coated Pretzels),DISH,442.0,5.94,14.12,74.77,1.2,44.09,400.0,9d4dc1ac-566d-45dd-8f5c-976afae98cfc,,,"Bánh quy xoắn bọc sô cô la trắng là một món ăn nhẹ có vị ngọt và mặn kết hợp giữa phần đế bánh quy giòn với một lớp sô cô la trắng ngọt dày. Không giống như các loại sô cô la đen hoặc sô cô la sữa, lớp phủ sử dụng bơ ca cao, đường và chất rắn sữa không có rượu ca cao, tạo ra vị ngọt béo ngậy, tương phản với vị giòn thơm của bánh quy xoắn. Những món ăn này thường bao gồm nước mưa hoặc rắc trang trí, góp phần bổ sung đường và calo, trong khi phần đế bánh quy xoắn bổ sung hàm lượng natri đáng chú ý.",75
5deb40d5-d6c0-58e6-a707-642b7271b090,,,Hỗn hợp bánh quy yến mạch (Oatmeal Cookie Mix),INGREDIENT,462.0,6.5,19.2,67.3,3.0,30.0,473.0,9d4dc1ac-566d-45dd-8f5c-976afae98cfc,,,"Hỗn hợp bánh quy bột yến mạch là sự kết hợp nguyên liệu khô được trộn sẵn được thiết kế để chuẩn bị nhanh chóng các loại bánh quy dai, làm từ yến mạch. Hỗn hợp này thường chứa yến mạch cán làm thành phần xác định cùng với bột mì, chất làm ngọt (như đường nâu) và chất tạo men, mang lại kết cấu đậm đà và hương vị giống caramel khi nướng. Trong khi cung cấp một số chất xơ từ yến mạch nguyên hạt, các phiên bản thương mại thường bao gồm lượng đường và chất béo bổ sung đáng kể, khiến việc kiểm soát khẩu phần trở nên quan trọng đối với việc theo dõi dinh dưỡng.",75
3d2dcac3-ff3f-5b5e-8910-5989c6c4a2c6,,,Kẹo sữa chua sấy khô có đường (Sweetened Dried Yogurt Bites),INGREDIENT,428.0,14.3,0.0,71.4,0.0,57.1,214.0,9d4dc1ac-566d-45dd-8f5c-976afae98cfc,,,"Sữa chua khô có đường là một món ăn nhẹ ổn định khi bảo quản bằng cách tách nước sữa chua thành từng miếng vừa ăn, thường có thêm đường hoặc hương liệu trái cây. Mặc dù chúng vẫn giữ lại một số men vi sinh từ sữa chua ban đầu, nhưng dạng cô đặc của chúng thường làm tăng hàm lượng đường so với các loại sữa chua tươi. Những món ăn nhẹ dai hoặc hơi giòn này là một lựa chọn thay thế di động cho sữa chua truyền thống nhưng khác biệt về mặt dinh dưỡng do được chế biến và chất làm ngọt.",75
270f3802-5db7-50cc-8aa5-38c3881ece04,,,Thanh trái cây chuối có đường (Sweetened Banana Fruit Bar),INGREDIENT,167.0,1.7,1.3,36.7,3.3,33.3,50.0,9d4dc1ac-566d-45dd-8f5c-976afae98cfc,,,"Thanh trái cây chuối ngọt là một món ăn nhẹ mất nước được làm từ chuối xay nhuyễn được tăng cường thêm đường hoặc chất làm ngọt. Quá trình chế biến này tập trung lượng đường tự nhiên của trái cây đồng thời tạo ra kết cấu dai, đặc khác biệt với chuối tươi. Mặc dù cung cấp kali và chất xơ giống như đối tác tươi, nhưng chất làm ngọt được bổ sung làm tăng đáng kể mật độ carbohydrate, khiến việc nhận biết khẩu phần trở nên quan trọng đối với những người dùng quan tâm đến lượng calo. Các thanh di động đóng vai trò như một món ăn nhẹ giàu năng lượng nhưng lại thiếu hàm lượng nước và lợi ích tạo cảm giác no như cả trái cây.",75
b44ac116-36fc-579b-846e-c9d7cb0cc5e8,,,Hỗn hợp bột bánh ngọt vỏ giòn (Shortcrust Pastry Mix),INGREDIENT,508.0,6.92,29.95,52.84,1.01,9.44,480.56,9d4dc1ac-566d-45dd-8f5c-976afae98cfc,,,"Hỗn hợp bánh ngọt vỏ ngắn là sự kết hợp nguyên liệu khô được trộn sẵn được thiết kế để đơn giản hóa việc chuẩn bị bột bánh ngọt vụn, bơ. Được làm giàu với chất béo (thường là bơ hoặc mỡ) và được đo lường trước để thuận tiện, chỉ cần thêm nước để tạo ra lớp nền linh hoạt cho cả bánh tart, bánh nướng và bánh quiche ngọt và mặn. Hỗn hợp này mang lại kết cấu mềm, xốp khi nướng, mặc dù nó có hàm lượng carbohydrate tinh chế và chất béo bão hòa cao đáng kể so với các lựa chọn thay thế thực phẩm nguyên chất.",75
3820d67a-2e93-5896-991a-db94fad0799b,,,Bánh cuộn ngọt Hawaii (Hawaiian Sweet Roll),DISH,321.0,11.0,7.0,57.0,1.5,18.0,286.0,9d4dc1ac-566d-45dd-8f5c-976afae98cfc,,,"Hawaiian Sweet Roll là loại bánh mì cuộn mềm, hơi ngọt lấy cảm hứng từ công thức làm bánh mì truyền thống của Hawaii, nổi bật bởi lớp vỏ màu nâu vàng và kết cấu xốp. Những món cuộn này có được vị ngọt đặc trưng từ các nguyên liệu như nước ép dứa hoặc mật ong, cung cấp một loại bánh thay thế ít chất béo hơn cho brioche trong khi vẫn duy trì hàm lượng đường cao hơn so với các món cuộn ăn tối tiêu chuẩn. Chúng được sử dụng rộng rãi cho các món ăn thanh trượt, bữa ăn ngày lễ và làm nguyên liệu linh hoạt cho cả các món ngọt và món mặn.",75
e9ea4b48-20ec-5c38-96c2-2b84f6a01f7d,,,Xi-rô hỗn hợp berry có đường (Sweetened Mixed Berry Syrup),DISH,333.0,0.0,0.0,83.3,0.0,83.3,5.0,9d4dc1ac-566d-45dd-8f5c-976afae98cfc,,,"Xi-rô hỗn hợp quả mọng có đường là một loại gia vị đã qua chế biến được làm bằng cách nấu hỗn hợp các loại quả mọng (chẳng hạn như dâu tây, quả mâm xôi và quả việt quất) với đường bổ sung như đường mía hoặc xi-rô ngô. Xi-rô đậm đặc này vẫn giữ được hương vị trái cây rực rỡ của quả mọng nhưng chứa hàm lượng đường cao hơn đáng kể và ít chất xơ hơn so với trái cây nguyên quả. Nó thường được sử dụng làm lớp phủ bánh kếp, tráng miệng hoặc chất tạo hương vị trong đồ uống và đồ nướng. Quá trình sản xuất làm giảm hàm lượng vitamin tự nhiên đồng thời tạo ra sản phẩm có độ đặc ổn định, đặc và có thể rót được.",75
4cf53cf7-6694-5210-ae83-a6ad0096061a,,,Donut men với kem sô cô la (Yeast Donut with Chocolate Icing),DISH,400.0,5.6,19.0,52.0,3.0,25.0,250.0,9d4dc1ac-566d-45dd-8f5c-976afae98cfc,,,"Bánh rán men với kem sô cô la là một loại bánh ngọt chiên, được phân biệt bởi kết cấu xốp, thoáng đạt được thông qua quá trình lên men. Phiên bản cổ điển có bề ngoài màu nâu vàng với lớp vụn nhẹ, bên trên phủ một lớp men sô cô la dày có bổ sung thêm lượng đường và chất béo bão hòa đáng kể. Trong khi các phiên bản được chế biến trên thị trường thường sử dụng bột mì và dầu thực vật được làm giàu, thì các phiên bản tự làm có thể kết hợp kem làm từ sữa hoặc chất làm ngọt thay thế.",75
974df2f2-28ae-5b0d-bad1-f4992e98d10a,,,Mơ đóng hộp có đường (Canned Sweetened Apricots),DISH,83.0,0.5,0.1,21.5,2.0,19.0,10.0,9d4dc1ac-566d-45dd-8f5c-976afae98cfc,,,"Mơ ngọt đóng hộp là những nửa hoặc lát mơ được bảo quản trong xi-rô đường, tạo ra kết cấu mềm hơn và hương vị ngọt ngào hơn mơ tươi. Mặc dù chúng vẫn giữ được một số vitamin A và chất xơ, nhưng xi-rô được thêm vào sẽ làm tăng đáng kể hàm lượng carbohydrate và calo so với các loại không đường. Những quả mơ này có thời hạn sử dụng ổn định và sẵn sàng để ăn, thường được sử dụng trong món tráng miệng, lớp phủ sữa chua hoặc đồ nướng, nhưng hàm lượng đường cao của chúng có thể yêu cầu theo dõi khẩu phần đối với những người quản lý lượng calo hoặc carbohydrate nạp vào.",75
642c21f5-2be3-5dac-9a26-473edfc65790,,,Bánh ngọt nhung đỏ (Red Velvet Cake),DISH,370.0,4.0,20.0,50.0,1.5,35.0,300.0,9d4dc1ac-566d-45dd-8f5c-976afae98cfc,,,"Bánh nhung đỏ là một món tráng miệng nhiều lớp đặc trưng bởi màu đỏ rực rỡ và hương vị ca cao tinh tế, theo truyền thống được kết hợp với kem phủ kem phô mai. Có nguồn gốc từ miền Nam Hoa Kỳ, kết cấu đặc trưng của nó kết hợp bơ sữa và giấm để tạo ra một loại bánh ẩm, mịn đồng thời cân bằng vị ngọt với một chút vị chua. Mặc dù trông bắt mắt nhưng hầu hết các phiên bản đều có màu sắc từ màu thực phẩm và chứa lượng lớn carbohydrate tinh chế cũng như đường bổ sung, khiến việc nhận biết khẩu phần ăn trở nên quan trọng trong việc theo dõi dinh dưỡng.",75
bc5117c7-3be5-5e2a-9988-9dc96694a90b,,,Bánh Mochi trà xanh (Green Tea Mochi),DISH,310.0,2.5,0.7,75.0,1.0,35.0,30.0,9d4dc1ac-566d-45dd-8f5c-976afae98cfc,,,"Mochi trà xanh là một loại bánh kẹo Nhật Bản được làm từ bột gạo nếp ngọt (mochiko) trộn với bột trà xanh matcha. Món tráng miệng mềm, dai này có kết cấu đàn hồi đặc biệt và hương vị trà xanh tinh tế, thường chứa nhân ngọt và phủ tinh bột khoai tây hoặc ngô. Cơ sở gạo nếp làm cho nó không chứa gluten tự nhiên mặc dù tên của nó là như vậy, trong khi thành phần matcha bổ sung cả màu sắc và vị ngọt nhẹ của đất đặc trưng của đồ ngọt truyền thống Nhật Bản.",75
1f60de8f-d5e2-521c-9d30-333d452de34b,,,Hỗn hợp bánh muffin chuối (Banana Muffin Mix),INGREDIENT,405.0,5.0,10.0,73.0,3.0,36.0,720.0,9d4dc1ac-566d-45dd-8f5c-976afae98cfc,,,"Hỗn hợp bánh nướng xốp chuối là hỗn hợp nướng ổn định, được đo lường trước có chứa bột mì, đường, hương liệu và chất tạo men được thiết kế để đơn giản hóa việc chuẩn bị bánh nướng xốp tại nhà. Hỗn hợp khô này thường yêu cầu bổ sung các nguyên liệu ướt như trứng, dầu và nước để tạo ra bột bánh cuối cùng. Mặc dù mang lại sự tiện lợi nhưng hỗn hợp này có chứa hương liệu chuối nhân tạo và chất bảo quản, khiến nó khác biệt về mặt dinh dưỡng so với bánh nướng xốp làm từ chuối tươi.",75
a149297f-22b9-53f7-a8cc-c0b519367854,,,Bánh muffin lúa mạch đen (Rye Muffin),DISH,320.0,10.0,6.0,60.0,6.0,15.0,500.0,9d4dc1ac-566d-45dd-8f5c-976afae98cfc,,,"Bánh nướng xốp lúa mạch đen là một loại bánh nướng thịnh soạn được làm chủ yếu bằng bột lúa mạch đen, được biết đến với màu sẫm đặc biệt và hương vị đất đậm đà. Những chiếc bánh nướng xốp này thường cung cấp hàm lượng chất xơ cao hơn và kết cấu đặc hơn so với những chiếc bánh nướng xốp làm từ lúa mì, đồng thời cung cấp carbohydrate phức tạp tiêu hóa chậm hơn. Thường có hạt caraway hoặc các thành phần bổ sung khác, bánh nướng xốp lúa mạch đen cung cấp một sự thay thế bổ dưỡng cho bánh nướng xốp làm từ lúa mì truyền thống, đặc biệt có lợi cho những người đang tìm kiếm các lựa chọn có hàm lượng gluten thấp hơn.",75
98795e36-33e6-592b-a913-aec1a513031a,,,Kẹo caramel mềm (Soft Caramels),DISH,382.0,4.6,8.1,77.0,0.0,65.5,245.0,9d4dc1ac-566d-45dd-8f5c-976afae98cfc,,,"Caramen mềm là loại bánh kẹo dai được làm bằng cách đun nóng từ từ đường và các sản phẩm từ sữa cho đến khi xảy ra hiện tượng caramen hóa. Những viên kẹo màu hổ phách này có kết cấu mịn, dẻo, giúp phân biệt chúng với các loại caramen cứng giòn, đạt được nhờ sự kết hợp chính xác của kem hoặc bơ trong quá trình nấu. Mặc dù chủ yếu bao gồm đường và chất béo, khiến chúng trở thành nguồn cung cấp calo tập trung, nhưng caramen mềm được biết đến với hương vị phong phú, phức tạp phát triển trong quá trình caramen hóa.",75
58f2faca-77ce-5c26-af4c-d89f89e46e75,,,Bánh ngọt bông xốp (Angel Food Cake),DISH,258.0,5.9,0.8,57.8,1.5,30.51,749.0,9d4dc1ac-566d-45dd-8f5c-976afae98cfc,,,"Angel food cake là một loại bánh bông lan không béo được làm chủ yếu từ lòng trắng trứng đánh bông, đường và bột mì, đạt được kết cấu xốp đặc trưng thông qua kỹ thuật nướng chính xác. Không giống như bánh làm từ bơ, nó không chứa cholesterol hoặc chất béo bổ sung nhưng vẫn chứa nhiều carbohydrate do hàm lượng đường. Món tráng miệng nhẹ nhàng, ngọt ngào này thường được phục vụ trong các lễ kỷ niệm và kết hợp tốt với trái cây tươi để cân bằng vị ngọt.",75
f6880991-dcb4-5c3c-ac51-d2ff7bd85a9a,,,Bánh mì kẹp kem (Ice Cream Sandwich),DISH,274.19,3.23,9.68,43.55,0.81,22.58,225.81,9d4dc1ac-566d-45dd-8f5c-976afae98cfc,,,"Bánh sandwich kem là một món tráng miệng cầm tay cổ điển có kem vani được ép giữa hai chiếc bánh quy sô cô la mềm. Món ăn đông lạnh này kết hợp độ mịn mát lạnh của kem với vị nhai nhẹ của bánh xốp sô cô la và các phiên bản xe bán đồ ăn thường cung cấp các tùy chọn tùy chỉnh như rắc hoặc sô cô la chip. Món tráng miệng thường chứa các nguyên liệu từ sữa và lúa mì, với khẩu phần ăn tiêu chuẩn cung cấp khoảng 170 calo.",75
a15250a6-0094-5edc-a3b8-eddb5e1a8b75,,,Bánh quy sô cô la (Chocolate Biscotti),DISH,420.0,8.5,17.0,63.0,2.0,34.0,180.0,9d4dc1ac-566d-45dd-8f5c-976afae98cfc,,,"Chocolate biscotti là một loại bánh quy nướng hai lần của Ý có đặc điểm là màu sẫm đặc trưng và hương vị ca cao đậm đà. Những chiếc bánh quy dài, giòn này được làm bằng bột giàu sô-cô-la được nướng hai lần để đạt được kết cấu khô, giòn đặc trưng, ​​khiến chúng trở nên lý tưởng để chấm với cà phê hoặc rượu tráng miệng. Không giống như bánh quy mềm, cấu trúc chắc chắn và độ ẩm thấp của biscotti giúp chúng có thời hạn sử dụng kéo dài đồng thời mang lại cảm giác giòn ngon.",75
d7d580ef-66a3-580e-aa70-fd88a90376c2,,,Bánh ngọt cà phê sô cô la (Chocolate Coffee Cake),DISH,400.0,4.5,22.0,52.0,1.5,30.0,300.0,9d4dc1ac-566d-45dd-8f5c-976afae98cfc,,,"Bánh cà phê sô cô la là một món tráng miệng đậm đà kết hợp hương vị đậm đà của sô cô la với các yếu tố hòa quyện với cà phê trong lớp vỏ bánh ẩm và mềm. Loại bánh nướng này thường có các lớp bánh sô cô la được tăng cường bằng cà phê pha hoặc bột cà phê espresso, giúp tăng hương vị sô cô la đồng thời tăng thêm độ phức tạp tinh tế của riêng nó. Bánh thường được hoàn thiện với lớp phủ hoặc men bổ sung và có thể bao gồm streusel hoặc sô cô la vụn để tạo độ tương phản về kết cấu.",75
423d4be0-a8dd-561c-a9ca-2d464792e699,,,Sữa lanh có đường (Sweetened Flax Milk),INGREDIENT,46.0,2.1,1.3,4.2,0.0,4.2,67.0,9d4dc1ac-566d-45dd-8f5c-976afae98cfc,,,"Sữa lanh có đường là một loại đồ uống có nguồn gốc thực vật được làm bằng cách trộn hạt lanh với nước và thêm chất làm ngọt để có hương vị ngon miệng hơn. Sản phẩm thay thế sữa này cung cấp axit béo omega-3 có lợi từ hạt lanh đồng thời mang lại độ mịn, nhẹ tương tự như sữa gầy. Các chất làm ngọt được thêm vào làm cho nó đặc biệt thích hợp để sử dụng trong sinh tố, ngũ cốc và đồ uống cà phê, mặc dù phiên bản này chứa nhiều carbohydrate hơn so với phiên bản không đường.",75
4c2f52fa-1b8f-5220-bf52-4b539b7ea986,,,Bánh ngọt gia vị (Spice Cake),DISH,372.0,5.0,3.5,81.0,2.0,44.0,744.0,9d4dc1ac-566d-45dd-8f5c-976afae98cfc,,,"Bánh gia vị là một món tráng miệng nướng truyền thống được đặc trưng bởi sự pha trộn ấm áp của các loại gia vị thơm, thường bao gồm quế, nhục đậu khấu, hạt tiêu và đinh hương. Loại bánh ẩm, đặc này được làm bằng bột mì, trứng và đường, thường kết hợp các thành phần như mật đường hoặc đường nâu góp phần tạo nên màu sắc đậm đà, đậm đà và hương vị đặc biệt. Mặc dù có hàm lượng calo cao hơn các loại bánh thông thường nhưng hương vị phức tạp của bánh gia vị mang lại cảm giác hài lòng cho từng khẩu phần và nó đặc biệt gắn liền với các lễ kỷ niệm mùa thu và mùa đông.",75
fc9f8e40-0f40-5d11-b965-1897f46982fe,,,Bánh phô mai dâu tây (Strawberry Cheesecake),DISH,291.0,4.0,15.0,35.0,0.5,20.0,250.0,9d4dc1ac-566d-45dd-8f5c-976afae98cfc,,,"Bánh phô mai dâu tây là một món tráng miệng đậm đà có nhân phô mai kem ngọt được xếp lớp trên lớp vỏ bánh quy graham bơ, thường phủ mứt dâu hoặc quả mọng tươi. Món nướng này có kết cấu đặc trưng từ sự tương phản giữa phần nhân dày đặc, mịn như nhung và lớp vỏ giòn, đồng thời cung cấp lượng chất béo bão hòa và đường bổ sung đáng chú ý. Mặc dù đôi khi được chế biến với những biến thể nhẹ nhàng hơn, nhưng các phiên bản truyền thống lại chứa nhiều calo và thường được dùng như một món ăn để ăn mừng hơn là một món ăn hàng ngày.",75
f52908c7-8acd-5cbc-b121-c2fd9f652f77,,,Sô cô la chip bơ (Butterscotch Chips),INGREDIENT,539.0,2.2,29.0,67.1,0.0,67.1,89.0,9d4dc1ac-566d-45dd-8f5c-976afae98cfc,,,"Bánh nướng bơ là loại bánh nướng ngọt được làm chủ yếu từ đường, dầu hạt cọ và hương liệu nhân tạo để mô phỏng hương vị cổ điển của đường nâu và caramel hóa bơ. Những miếng sô cô la màu vàng này duy trì hình dạng khi nướng, tương tự như sô cô la chip, nhưng tan chảy thành dạng kem đặc khi đun nóng. Mặc dù chủ yếu được sử dụng trong bánh quy, thanh và các ứng dụng làm bánh, nhưng chúng có hàm lượng đường cao hơn đáng kể so với sô cô la chip bán ngọt và mang lại vị ngọt đặc trưng giống caramel cho món tráng miệng.",75
f686e9e9-a291-5173-aae3-d657166ee6a1,,,Bánh quy sô cô la chip (Chocolate Chip Cookie),DISH,616.67,10.0,28.33,81.67,3.33,35.0,250.0,9d4dc1ac-566d-45dd-8f5c-976afae98cfc,,,"Bánh quy sô cô la ở cửa hàng bánh mì tròn thường là một loại bánh ngọt lớn, mới nướng, đặc trưng bởi kích thước rộng rãi và hương vị bơ đậm đà. Những chiếc bánh quy này thường được làm bằng bột mì chưa tẩy trắng, bơ, đường và sô cô la hoặc khoai tây chiên, thường nặng hơn và chứa nhiều calo hơn đáng kể so với các loại đóng gói. Các chất gây dị ứng phổ biến bao gồm lúa mì, sữa, trứng và đậu nành, trong khi kết cấu thường có phần giữa mềm, dai với các cạnh hơi giòn.",75
965abeae-41a5-55f7-9520-86941cb0c5c8,,,Sô cô la làm bánh không đường (Unsweetened Baking Chocolate),DISH,641.0,14.5,52.4,28.3,16.6,1.0,20.0,9d4dc1ac-566d-45dd-8f5c-976afae98cfc,,,"Sôcôla nướng không đường là một dạng sô cô la nguyên chất được làm hoàn toàn từ hạt ca cao xay mà không thêm đường hoặc hương liệu. Loại sô cô la đen, đắng đậm này chứa 100% chất rắn ca cao và chủ yếu được sử dụng trong các ứng dụng làm bánh đòi hỏi phải kiểm soát chính xác độ ngọt. Nó cung cấp chất chống oxy hóa đậm đặc được gọi là flavonoid và đóng vai trò là nền tảng cho món tráng miệng sô cô la, đòi hỏi phải bổ sung lượng đường đáng kể trong công thức nấu ăn để cân bằng độ se tự nhiên của nó.",75
4fe6510d-69c9-533f-ba28-2fe0213622a0,,,Hỗn hợp brownie ít đường (Low-Sugar Brownie Mix),INGREDIENT,310.0,2.33,5.17,62.78,10.3,0.0,321.0,9d4dc1ac-566d-45dd-8f5c-976afae98cfc,,,"Hỗn hợp bánh hạnh nhân ít đường là hỗn hợp nướng khô có công thức đặc biệt mang đến hương vị sô cô la hấp dẫn của bánh hạnh nhân truyền thống trong khi chứa ít đường hơn đáng kể. Hỗn hợp này thường kết hợp bột ca cao với các chất làm ngọt thay thế, chẳng hạn như rượu đường hoặc chất thay thế đường tự nhiên, để đạt được tác động đường huyết thấp hơn. Bánh hạnh nhân được chế biến sẵn duy trì kết cấu đậm đà, béo ngậy đồng thời mang đến lựa chọn phù hợp hơn cho những người theo dõi lượng đường tiêu thụ hoặc theo chế độ ăn kiêng thân thiện với bệnh nhân tiểu đường.",75
e19e5365-443e-59f6-8e16-978d26341df0,,,Bánh ngọt pound vani (Vanilla Pound Cake),DISH,378.0,5.0,15.0,47.0,0.7,27.0,354.0,9d4dc1ac-566d-45dd-8f5c-976afae98cfc,,,"Bánh bông lan vani là một món tráng miệng cổ điển được xác định bởi hương vị bơ đậm đà và cấu trúc vụn ẩm, đậm đặc đạt được nhờ tỷ lệ bơ, đường, trứng và bột mì bằng nhau. Việc bổ sung chiết xuất vani hoặc đậu sẽ mang lại vị ngọt thơm đặc trưng của nó, trong khi bột bánh có hàm lượng chất béo cao tạo ra lượng calo đậm đặc với chất béo bão hòa đáng chú ý và hàm lượng carbohydrate tinh chế. Theo truyền thống được nướng trong ổ bánh mì hoặc chảo bundt, món tráng miệng này thường được chia thành những lát dày đòi hỏi phải theo dõi cẩn thận do mật độ năng lượng tập trung.",75
8a1a4b77-fc2d-5ccd-98b9-10435548762f,,,"Bánh phồng nhân sô cô la, nấu chín (Chocolate-Filled Puff Pastry, Cooked)",DISH,530.0,6.0,31.0,56.2,2.5,25.5,450.0,9d4dc1ac-566d-45dd-8f5c-976afae98cfc,,,"Bánh phồng nhân sô cô la là một món tráng miệng nướng có các lớp bánh phồng xốp, béo ngậy bao quanh nhân sô cô la nóng chảy. Quá trình nấu tạo ra các lớp thoáng mát, giòn thông qua sự giãn nở hơi nước, trong khi phần nhân thường trộn ca cao với đường và thường là sữa. Chứa nhiều carbohydrate tinh chế và chất béo bão hòa từ cả bánh ngọt và nhân bánh, món ăn hấp dẫn này cung cấp lượng protein hoặc chất xơ tối thiểu nhưng được đánh giá cao nhờ độ tương phản của kết cấu và hương vị phong phú. Nó thường được phục vụ như một món ăn nhẹ hoặc món tráng miệng ngọt ngào trong các tiệm bánh lấy cảm hứng từ châu Âu.",75
a610ab04-e882-5859-a122-60d3f99f10b2,,,Hỗn hợp bánh quy đường (Sugar Cookie Mix),INGREDIENT,393.0,3.6,5.4,82.0,2.5,46.0,286.0,9d4dc1ac-566d-45dd-8f5c-976afae98cfc,,,"Hỗn hợp bánh quy đường là hỗn hợp được đo trước gồm bột mì, đường và chất tạo men đã được làm giàu, được thiết kế để nướng bánh tại nhà một cách thuận tiện. Hỗn hợp khô ổn định khi bảo quản này thường chứa các vitamin và khoáng chất bổ sung thông qua việc làm giàu bột mì, mặc dù nó cần thêm các nguyên liệu ướt như trứng và bơ để chuẩn bị. Công thức tiêu chuẩn hóa đảm bảo kết quả nhất quán khi nướng bánh quy giòn, ngọt truyền thống với hương vị vani đặc trưng.",75
5837629d-359c-585a-8dad-c2a07dadedc0,,,Bánh quy wafer không chứa gluten (Gluten-Free Wafer Cookies),DISH,515.0,0.0,24.2,74.4,0.0,42.3,111.0,9d4dc1ac-566d-45dd-8f5c-976afae98cfc,,,"Bánh quy wafer không chứa gluten là món ăn giòn, nhiều lớp được làm bằng các loại bột thay thế như gạo, ngô hoặc bột sắn thay vì bột mì. Những chiếc bánh quy nhẹ, thoáng mát này có các lớp mỏng, giòn được ngăn cách bằng nhân kem ngọt, mang lại kết cấu tương tự như bánh xốp truyền thống đồng thời an toàn cho những người mắc bệnh celiac hoặc nhạy cảm với gluten. Mặc dù cơ sở thành phần khác nhau tùy theo nhãn hiệu, nhưng những chiếc bánh quy đặc biệt này thường kết hợp thêm chất ổn định để đạt được độ giòn đặc trưng của bánh xốp.",75
0e6262d8-b443-5d02-8b24-8227ce0bcfd5,,,"Hỗn hợp bánh pudding vani không đường, khô (Sugar-Free Vanilla Pudding Mix, Dry)",INGREDIENT,141.0,9.4,0.0,25.9,2.4,0.0,753.0,9d4dc1ac-566d-45dd-8f5c-976afae98cfc,,,"Hỗn hợp bánh pudding vani không đường là một loại bột tráng miệng sử dụng chất làm ngọt nhân tạo thay cho đường truyền thống. Sản phẩm có thời hạn sử dụng ổn định này thường chứa bột ngô biến tính, chất làm ngọt nhân tạo và hương vani, được thiết kế để trộn với sữa lạnh để tạo ra món tráng miệng dạng kem. Công thức không đường làm cho nó phù hợp với chế độ ăn kiêng dành cho người tiểu đường và kế hoạch bữa ăn ít carb đồng thời mang lại trải nghiệm bánh pudding vani cổ điển.",75
7760d0b1-8dcb-5ff2-b572-2e6b221b2d1d,,,Bánh gạo sô cô la (Chocolate Rice Cake),DISH,420.0,7.0,7.0,82.0,3.0,25.0,150.0,9d4dc1ac-566d-45dd-8f5c-976afae98cfc,,,"Bánh gạo sô cô la là một món ăn nhẹ có vị ngọt với phần đế là gạo phồng được phủ một lớp sô cô la mỏng. Món thay thế ít chất béo này cho các món nướng truyền thống mang lại kết cấu giòn, thoáng tương phản với lớp sô cô la mịn màng, cung cấp carbohydrate nhanh chóng từ gạo và đường bổ sung từ lớp phủ. Mặc dù thường không chứa gluten nhưng thành phần dinh dưỡng của nó thay đổi đáng kể giữa các nhãn hiệu dựa trên chất lượng sô cô la và loại chất làm ngọt được sử dụng.",75
96f3f9a2-9156-5771-80bb-f1a55ceeb8b6,,,Nước tương ngọt (Sweet Soy Sauce),DISH,258.0,1.0,0.1,61.0,0.0,61.0,2000.0,9d4dc1ac-566d-45dd-8f5c-976afae98cfc,,,"Nước tương ngọt, còn được gọi là kecap manis, là một loại gia vị đậm đặc của Indonesia được làm bằng cách pha nước tương thông thường với đường thốt nốt hoặc mật đường. Nước sốt sền sệt này có vị ngọt đặc trưng đậm đà giống như caramel, cân bằng với vị umami thơm ngon, khiến nó ít mặn hơn đáng kể so với nước tương truyền thống. Tính nhất quán của xi-rô và hương vị phức tạp của nó làm cho nó đặc biệt thích hợp để tráng men, ướp và làm nước sốt hoàn thiện trong ẩm thực châu Á.",75
e930bef5-a20d-549b-a60c-31afc231e3e2,,,Bánh ngọt sô cô la nóng chảy (Molten Chocolate Cake),DISH,420.0,6.0,26.0,43.0,2.0,25.0,250.0,9d4dc1ac-566d-45dd-8f5c-976afae98cfc,,,"Bánh sô cô la nóng chảy, còn được gọi là bánh sô cô la dung nham, là một món tráng miệng được chia theo khẩu phần riêng biệt, đặc trưng bởi kết cấu tương phản giữa bên ngoài bánh ấm áp và phần nhân sô cô la chảy mượt. Món tráng miệng sô cô la đậm đà này được nướng đặc biệt để tạo ra phần giữa chất lỏng đặc trưng, ​​​​chảy ra khi bánh được cắt ra. Bánh thường chứa tỷ lệ sô cô la đen và bơ cao, khiến nó trở thành món tráng miệng đặc biệt hấp dẫn, phục vụ tốt nhất ngay sau khi nướng trong khi phần nhân vẫn còn ấm và lỏng.",75
a3de6639-1d02-51e2-a84f-61e0564191c9,,,Bánh quy kẹp chanh (Lemon Sandwich Cookies),DISH,545.0,3.0,37.0,60.0,2.5,30.0,455.0,9d4dc1ac-566d-45dd-8f5c-976afae98cfc,,,"Bánh quy bánh sandwich chanh là món bánh nướng ngọt ngào bao gồm hai chiếc bánh quy giòn được nối với nhau bằng nhân kem có vị chanh. Những món tráng miệng này thường có phần đế là bánh quy bơ hoặc bánh quy đường kết hợp với nhân làm từ đường, bơ và hương chanh của bánh kẹo. Các phiên bản thương mại thường chứa hương vị nhân tạo và chất bảo quản, trong khi các loại tự làm có thể kết hợp vỏ chanh tự nhiên và nước ép để tạo độ chân thực.",75
43ea5d59-4a93-5bdb-a1fe-1451df1f3ae2,,,Kem caramel (Caramel Ice Cream),DISH,220.0,3.0,12.0,28.0,0.0,23.0,120.0,9d4dc1ac-566d-45dd-8f5c-976afae98cfc,,,"Kem caramel là một món tráng miệng từ sữa đông lạnh được xác định bằng cách sử dụng đường caramen, tạo ra màu vàng đậm và hương vị buồn vui lẫn lộn phức tạp. Lớp nền là sự pha trộn giữa kem và sữa để tạo ra một kết cấu đậm đà, mượt mà, thường được tăng cường bằng những dải ruy băng hoặc những đường xoáy của nước sốt caramel dai. Món ăn hấp dẫn này chứa hàm lượng chất béo bão hòa và đường bổ sung cao hơn so với các loại vani thông thường, giúp việc kiểm soát khẩu phần phù hợp với những người tiêu dùng quan tâm đến lượng calo.",75
c4e645d4-7a3a-57bf-8181-ebb6fb9e86de,,,Hỗn hợp bánh pudding bơ (Butterscotch Pudding Mix),INGREDIENT,375.0,2.0,0.5,91.0,0.0,70.0,1625.0,9d4dc1ac-566d-45dd-8f5c-976afae98cfc,,,"Hỗn hợp bánh pudding butterscotch là một loại bột tráng miệng ổn định trong thời hạn sử dụng kết hợp bột ngô biến tính, hương liệu nhân tạo và chất làm ngọt được thiết kế để tái tạo hương vị bơ và đường nâu cổ điển của butterscotch. Hỗn hợp ăn liền này sẽ biến thành một loại bánh pudding mịn như kem khi kết hợp với sữa lạnh, mang đến một sự thay thế tiện lợi cho bánh pudding tự làm. Bản chất đã qua xử lý của hỗn hợp thường dẫn đến hàm lượng đường cao hơn và bao gồm màu sắc và hương vị nhân tạo để đạt được màu nâu vàng đặc trưng và hương vị bánh bơ.",75
4c8f1ce2-5d74-5c5b-bdf2-a81f027f2bdf,,,Bánh ngọt vani với kem phủ vani (Vanilla Cake with Vanilla Icing),DISH,391.0,2.99,17.9,56.2,0.3,41.8,269.0,9d4dc1ac-566d-45dd-8f5c-976afae98cfc,,,"Bánh Vani với kem phủ Vani là một món tráng miệng nhiều lớp cổ điển kết hợp giữa miếng bọt biển có hương vị vani với lớp phủ kem bơ ngọt ngào. Phần đế bánh đạt được kết cấu nhẹ, thoáng nhờ bơ và đường kem, trong khi lớp kem mang lại sự tương phản đậm đà, béo ngậy với vị ngọt đậm đặc. Món tráng miệng này chứa nhiều calo do hàm lượng đường và carbohydrate tinh chế cao, thường chứa các chất gây dị ứng phổ biến bao gồm lúa mì, trứng và sữa. Mặc dù đôi khi các sản phẩm tự chế biến, nhưng các sản phẩm thương mại thường sử dụng chất bảo quản và chất tăng hương vị nhân tạo để duy trì độ ổn định khi bảo quản.",75
fdbdb180-c166-57b5-ad89-78bc89c178da,,,Hỗn hợp brownie thuần chay (Vegan Brownie Mix),INGREDIENT,400.0,8.0,8.0,74.0,8.0,35.0,150.0,9d4dc1ac-566d-45dd-8f5c-976afae98cfc,,,"Hỗn hợp bánh hạnh nhân thuần chay là một chế phẩm làm bánh chuyên dụng giúp đạt được kết cấu bánh hạnh nhân truyền thống không có sản phẩm động vật như trứng hoặc sữa. Hỗn hợp khô thường kết hợp bột mì, bột ca cao và đường từ thực vật với chất ổn định và chất thay thế trứng như hạt lanh xay hoặc chất thay thế thương mại. Khi được chế biến theo hướng dẫn đóng gói với các thành phần chất lỏng có nguồn gốc thực vật, nó sẽ tạo ra bánh hạnh nhân duy trì kết cấu béo ngậy đặc trưng đồng thời đáp ứng nhu cầu ăn chay và không có sữa.",75
4f6db9ae-67c5-560e-aa7c-3d991d842769,,,Hỗn hợp brownie không chứa gluten (Gluten-Free Brownie Mix),INGREDIENT,428.0,3.6,7.1,85.7,3.6,64.3,196.0,9d4dc1ac-566d-45dd-8f5c-976afae98cfc,,,"Hỗn hợp bánh hạnh nhân không chứa gluten là một sản phẩm nướng khô trộn sẵn được thiết kế để tạo ra các món tráng miệng đậm đặc, béo ngậy mà không có nguyên liệu làm từ lúa mì. Nó thường kết hợp các loại bột thay thế như bột hạnh nhân hoặc bột gạo với chất làm ngọt như đường dừa hoặc đường mía, phục vụ chế độ ăn nhạy cảm với gluten trong khi vẫn duy trì kết cấu bánh hạnh nhân truyền thống. Nhiều phiên bản được chế biến tại cơ sở chuyên dụng nhằm ngăn ngừa lây nhiễm chéo, đảm bảo an toàn cho những người mắc bệnh celiac hoặc không dung nạp gluten nghiêm trọng.",75
8dc665f0-ba5c-5aad-a6c3-ef03af592b84,,,Kẹo sô cô la với trái cây sấy khô (Chocolate Candy with Dried Fruit),INGREDIENT,376.0,5.2,15.8,52.8,2.8,50.0,100.0,9d4dc1ac-566d-45dd-8f5c-976afae98cfc,,,"Kẹo sô cô la trái cây sấy khô là loại bánh kẹo kết hợp lớp phủ sô cô la với những miếng trái cây sấy khô như nho khô, quả nam việt quất hoặc quả anh đào. Loại kẹo này thường chứa nồng độ đường tự nhiên cao hơn do cả sô cô la và đường trái cây đậm đặc, đồng thời cung cấp một lượng nhỏ chất chống oxy hóa và chất xơ từ các thành phần trái cây sấy khô. Kết cấu có sô cô la mịn tương phản với những miếng trái cây dai và hầu hết các loại đều chứa từ 25-35% trái cây khô tính theo trọng lượng.",75
c6ab1deb-f768-5772-a15f-3c813b3e2169,,,Sô cô la truffle (Chocolate Truffles),DISH,510.0,6.21,33.76,44.88,2.5,38.31,68.0,9d4dc1ac-566d-45dd-8f5c-976afae98cfc,,,"Kẹo sôcôla là loại bánh kẹo cỡ vừa ăn có nhân ganache đậm đà — sự pha trộn giữa sô cô la tan chảy và kem — phủ bột ca cao, sô cô la ủ hoặc vụn hạt. Những đồ ngọt dễ chịu này chứa nhiều calo do hàm lượng bơ ca cao và đường cao, cùng với các loại sô cô la đen cung cấp chất chống oxy hóa đáng chú ý như flavonoid. Mặc dù kiểm soát khẩu phần ăn là chìa khóa để theo dõi dinh dưỡng, nhưng kết cấu sang trọng và các biến thể thủ công khiến chúng trở thành một món ăn kỷ niệm hơn là món ăn hàng ngày.",75
e8e574df-d3cd-544a-bda5-ee7a94ceb4c4,,,"Sữa chua dâu tây tan chảy, sấy khô (Strawberry Yogurt Melts, Dried)",INGREDIENT,430.0,14.3,7.1,71.4,2.9,57.1,290.0,9d4dc1ac-566d-45dd-8f5c-976afae98cfc,,,"Sữa chua dâu tan chảy là đồ ăn nhẹ có đường, sấy khô được làm từ sữa chua nguyên chất và dâu tây xay nhuyễn thông qua quy trình sấy chuyên dụng. Những miếng mỏng nhẹ, giòn tan nhanh chóng trong miệng, kết hợp giữa vị thơm của sữa chua với hương dâu tây tự nhiên dưới dạng tiện lợi, ổn định khi bảo quản. Mặc dù có chứa canxi và protein từ nền sữa chua, nhưng những món ăn này thường có đường đậm đặc do được bổ sung thêm chất làm ngọt và quá trình sấy khô.",75
9d4abea6-4dbd-57bd-9ef6-dde0236244f7,,,Da trái cây hỗn hợp berry có đường (Sweetened Mixed Berry Fruit Leather),INGREDIENT,371.0,0.1,3.0,85.8,0.0,49.2,317.0,9d4dc1ac-566d-45dd-8f5c-976afae98cfc,,,"Da trái cây hỗn hợp ngọt là một món ăn nhẹ khử nước được làm bằng cách nghiền nhuyễn dâu tây, quả mâm xôi và quả việt quất có thêm đường hoặc xi-rô thành một tấm mỏng, dẻo. Quá trình chế biến này cô đặc đường tự nhiên của trái cây đồng thời bổ sung chất làm ngọt, tạo ra một món ăn nhẹ dai, di động có mật độ đường cao hơn quả mọng tươi. Mặc dù một số chất xơ và vitamin C vẫn còn trong trái cây, nhưng hàm lượng calo trong mỗi khẩu phần ăn của nó tăng lên đáng kể so với trái cây nguyên quả không đường.",75
5c17d2af-2076-5b2a-8caf-adf747ff7472,,,Bánh ngọt anh đào (Cherry Cake),DISH,327.0,4.0,20.5,31.5,0.5,17.5,320.0,9d4dc1ac-566d-45dd-8f5c-976afae98cfc,,,"Bánh anh đào là một món tráng miệng nướng ngọt ngào theo truyền thống kết hợp bột bánh làm từ vani với quả anh đào tươi hoặc bảo quản được phân phối khắp nơi. Bánh thường có lớp vỏ ẩm, mềm với quả anh đào tạo thêm vị chua và ngọt tự nhiên, thường được bổ sung thêm chiết xuất hạnh nhân để tăng hương vị. Mặc dù các công thức nấu ăn khác nhau nhưng hầu hết các phiên bản đều chứa một lượng đáng kể đường và carbohydrate tinh chế, trong đó quả anh đào đóng góp một lượng nhỏ chất chống oxy hóa và vitamin C.",75
556797ca-e2ec-57a1-b8aa-58d5a72ea4e0,,,Sữa đậu Hà Lan không đường (Unsweetened Pea Milk),INGREDIENT,29.0,3.33,1.67,1.25,0.42,0.0,62.5,9d4dc1ac-566d-45dd-8f5c-976afae98cfc,,,"Sữa đậu không đường là một loại đồ uống có nguồn gốc thực vật được làm từ đậu Hà Lan tách đôi màu vàng, cung cấp một trong những hàm lượng protein cao nhất trong số các sản phẩm thay thế sữa. Loại sữa thay thế bền vững này thường được bổ sung canxi, vitamin B12 và D, đồng thời cung cấp sắt và axit béo omega-3 một cách tự nhiên. Kết cấu dạng kem và hương vị trung tính khiến nó thích hợp để uống và nấu ăn, đồng thời không chứa các chất gây dị ứng thông thường như đậu nành, các loại hạt và sữa.",75
7fe32c7e-a47f-54ee-bca0-31e862069a20,,,Bánh ngọt cà phê men (Yeast Coffee Cake),DISH,250.0,8.7,2.8,48.7,2.0,3.9,416.0,9d4dc1ac-566d-45dd-8f5c-976afae98cfc,,,"Bánh cà phê men là một loại bánh mì ăn sáng ngọt truyền thống được làm bằng men hoạt tính chứ không phải men hóa học như bột nở. Bất chấp tên gọi của nó, nó thường không chứa cà phê, thay vào đó đề cập đến sự kết hợp phổ biến của nó với dịch vụ cà phê buổi sáng. Bột được làm giàu tạo ra một kết cấu mềm, hơi dai, thường được phủ một lớp nhân ngọt hoặc lớp phủ vụn và đôi khi chứa đầy quế, các loại hạt hoặc trái cây.",75
86cba3c3-3f23-534f-9767-ccc81b8ffcbd,,,Bột bánh quy đường (Sugar Cookie Dough),DISH,436.0,4.0,19.5,61.22,0.9,36.5,310.0,9d4dc1ac-566d-45dd-8f5c-976afae98cfc,,,"Bột bánh quy đường đông lạnh là hỗn hợp làm sẵn gồm bột mì, đường, bơ và trứng ở dạng sẵn sàng để nướng. Sản phẩm tiện lợi này thường được chia thành từng phần riêng lẻ và có thể nướng trực tiếp từ đông lạnh, mặc dù việc làm mềm nó sẽ cải thiện một chút khả năng xử lý. Bột được thiết kế để sản xuất bánh quy đường cổ điển với lớp vỏ mềm, ngọt và chứa chất bảo quản để duy trì chất lượng trong quá trình bảo quản đông lạnh.",75
fe4badc1-f3a9-5caa-ac0e-e2c98964c28e,,,Donut kem Boston (Boston Cream Donut),DISH,370.0,5.0,18.0,50.0,2.0,22.0,200.0,9d4dc1ac-566d-45dd-8f5c-976afae98cfc,,,"Boston Cream Donut là một loại bánh ngọt làm từ men được phân biệt bởi thành phần hai lớp gồm nhân sữa trứng vani và phủ men sô cô la. Lấy cảm hứng từ món bánh kem Boston cổ điển, món tráng miệng chiên giòn này có lớp bột nhẹ, thoáng tương phản với sữa trứng đậm đà và lớp phủ sô cô la hơi ngọt. Mặc dù phổ biến như một món ăn giải khát nhưng nó vẫn chứa một lượng đáng kể carbohydrate và đường tinh chế, với các chế phẩm điển hình có trung bình 25-35 gam đường mỗi khẩu phần.",75
8d1ff70d-fc80-56e9-a27a-c3efa31b389b,,,Hỗn hợp bánh ngọt không chứa gluten (Gluten-Free Cake Mix),INGREDIENT,383.0,2.0,3.0,85.0,2.0,42.0,287.0,9d4dc1ac-566d-45dd-8f5c-976afae98cfc,,,"Hỗn hợp bánh không chứa gluten là sản phẩm nướng khô được trộn sẵn thay thế bột mì bằng các loại bột thay thế như gạo, hạnh nhân hoặc bột sắn để phù hợp với chế độ ăn nhạy cảm với gluten. Những hỗn hợp này được pha chế đặc biệt để mô phỏng kết cấu của các loại bánh truyền thống thông qua tỷ lệ tinh bột và kẹo cao su cẩn thận, đồng thời thường được tăng cường thêm chất xơ và chất dinh dưỡng bị mất trong các sản phẩm thay thế lúa mì. Được thiết kế để thuận tiện, chúng thường chỉ yêu cầu thêm trứng, dầu và nước để tạo ra món tráng miệng phù hợp với bệnh celiac hoặc không dung nạp gluten.",75
4ffa0498-655d-5236-989b-383f18419c4f,,,Bánh gạo nếp (Glutinous Rice Cake),DISH,276.0,2.22,6.45,53.78,1.0,12.0,5.0,9d4dc1ac-566d-45dd-8f5c-976afae98cfc,,,"Bánh gạo nếp là một loại bánh kẹo dai, đặc được làm từ gạo ngọt giã nhỏ (mochigome), mặc dù có tên như vậy nhưng không chứa gluten. Món ăn truyền thống của Châu Á này được đặc trưng bởi kết cấu mềm mại, đàn hồi độc đáo và vị ngọt nhẹ nhàng, tinh tế. Khi nấu chín, những chiếc bánh gạo này trở nên mềm và hơi dính, vừa là nguyên liệu linh hoạt trong các món súp, món xào vừa là món ăn nhẹ phổ biến khắp Đông và Đông Nam Á.",75
1e7ac1fa-2ba1-539f-9e84-13dfe13fcd93,,,Bánh cuộn ngọt hồ đào (Pecan Sweet Roll),DISH,357.0,3.6,12.5,57.0,2.0,25.0,250.0,9d4dc1ac-566d-45dd-8f5c-976afae98cfc,,,"Bánh ngọt cuộn hồ đào là một loại bánh ngọt đậm đà, có men, có hình xoắn ốc của bột ngọt chứa đầy bơ, đường nâu và hồ đào cắt nhỏ. Món ăn sáng hoặc món tráng miệng hấp dẫn này thường được phủ một lớp kem phô mai vani hoặc kem và nướng cho đến khi có màu nâu vàng, tạo ra kết cấu mềm, xốp với các loại hạt caramen. Do thành phần và phương pháp chế biến, nó có lượng calo và đường đặc biệt cao, trong đó quả hồ đào bổ sung chất béo và protein có lợi cho tim vào một món ăn giàu carbohydrate.",75
fc9bde9c-5b1a-5b8d-b39e-4ee00dc9bc3a,,,Bánh pudding gạo (Rice Pudding),DISH,108.0,3.23,2.15,18.4,0.3,11.6,97.0,9d4dc1ac-566d-45dd-8f5c-976afae98cfc,,,"Bánh pudding gạo là một món tráng miệng có kem được làm bằng cách nấu từ từ gạo trắng với sữa hoặc kem, đường và thường là vani hoặc các chất thơm khác. Món ăn cổ điển tiện lợi này có những hạt gạo mềm lơ lửng trong lớp đế giống như sữa trứng ngọt đậm đà, có thể dùng nóng hoặc ướp lạnh. Mặc dù chủ yếu là món tráng miệng giàu carbohydrate do hàm lượng gạo và đường, nhưng nó cũng cung cấp protein và canxi từ các thành phần sữa.",75
bbdc52a3-6b3a-5ec6-8714-b515ba40444b,,,Bánh ngọt gia vị bí ngô (Pumpkin Spice Cake),INGREDIENT,333.0,3.0,19.0,39.0,1.5,27.0,218.0,9d4dc1ac-566d-45dd-8f5c-976afae98cfc,,,"Bánh gia vị bí ngô là một món tráng miệng ẩm, thơm kết hợp bí ngô xay nhuyễn thật với sự pha trộn ấm áp của quế, nhục đậu khấu, gừng và đinh hương. Món ăn được yêu thích theo mùa này thường có cấu trúc vụn mềm do độ ẩm tự nhiên từ bí ngô, đồng thời cung cấp các chất dinh dưỡng có lợi như vitamin A và chất xơ từ thành phần đặc trưng của nó. Bánh thường được hoàn thiện với lớp phủ kem phô mai và có thể từ bánh tráng miệng đậm đà đến bánh ăn nhẹ kiểu bữa sáng nhẹ hơn tùy thuộc vào phương pháp chuẩn bị.",75
a43a3b18-ad54-54d7-a3ca-a43ca5741c29,,,Sốt chua ngọt Thái (Thai Sweet and Sour Sauce),DISH,152.0,0.27,0.02,38.2,0.1,18.8,455.0,9d4dc1ac-566d-45dd-8f5c-976afae98cfc,,,"Nước sốt chua ngọt Thái Lan là một loại gia vị sống động giúp cân bằng vị ngọt của đường cọ với vị chua có nguồn gốc từ me, giúp phân biệt với các phiên bản Trung Quốc thông qua việc sử dụng các nguyên liệu Đông Nam Á. Nước sốt này thường kết hợp nước mắm, ớt và chất thơm với nền chua ngọt, tạo nên hương vị phức tạp hơn so với các loại nước sốt chua ngọt khác của châu Á. Độ đặc mỏng, dễ rót và vị ngọt rõ rệt khiến nó trở thành một loại gia vị có lượng đường cao thường được dùng với các món chiên, thịt nướng và hải sản trong ẩm thực Thái Lan.",75
69d07396-b66a-578f-8cc1-bd551cea59b1,,,Sô cô la chip caramel (Caramel Chips),DISH,500.0,0.0,25.0,70.0,0.0,70.0,50.0,9d4dc1ac-566d-45dd-8f5c-976afae98cfc,,,"Caramel chip là những miếng bánh nướng được làm từ đường caramen và các thành phần ổn định được thiết kế để duy trì hình dạng của chúng tương tự như sô cô la chip. Những miếng bánh ngọt có hương vị bơ này được chế tạo để chịu được nhiệt độ nướng đồng thời mang lại hương vị caramel trong bánh quy, bánh hạnh nhân và các loại bánh nướng khác. Không giống như caramel truyền thống, những miếng khoai tây chiên này vẫn ở dạng rắn ở nhiệt độ phòng và không chảy hoặc tan chảy hoàn toàn trong quá trình nướng, khiến chúng trở nên lý tưởng để mang lại kết quả nhất quán trong các ứng dụng nướng bánh.",75
1f515bfe-c053-5dae-b483-be4fa4fa1562,,,Anh đào đóng hộp có đường (Canned Sweetened Cherries),DISH,145.8,1.0,0.1,35.0,0.6,32.0,18.0,9d4dc1ac-566d-45dd-8f5c-976afae98cfc,,,"Anh đào ngọt đóng hộp là anh đào bỏ hạt được bảo quản trong xi-rô đậm đặc, tạo ra kết cấu mềm và vị ngọt đậm đặc, lý tưởng cho các ứng dụng nướng bánh. Mặc dù chúng vẫn giữ lại một số chất chống oxy hóa và chất xơ từ trái cây tươi, nhưng xi-rô được thêm vào sẽ làm tăng đáng kể hàm lượng đường của chúng so với các loại tươi hoặc đông lạnh. Những quả anh đào có thời gian bảo quản ổn định này thường được sử dụng trong bánh nướng, món tráng miệng và nước sốt, nhưng cần chú ý đến kích thước khẩu phần do hàm lượng đường bổ sung cao.",75
e1bfbf6d-cb08-54d4-8dae-9e337f8844da,,,Bánh sô cô la eclair (Chocolate Eclair),DISH,262.0,6.4,15.7,24.2,1.5,14.0,250.0,9d4dc1ac-566d-45dd-8f5c-976afae98cfc,,,"Sô cô la eclair là một loại bánh ngọt cổ điển của Pháp được làm từ bột choux chứa đầy kem bánh ngọt vani và phủ sô cô la ganache lên trên. Chiếc bánh ngọt thon dài có phần bên trong nhẹ, rỗng được tạo ra bởi hơi nước trong quá trình nướng, sau đó được phủ đầy kem sữa trứng béo ngậy. Lớp phủ sô cô la đặc trưng mang lại cả hương vị lẫn sự hấp dẫn về mặt hình ảnh cho món tráng miệng hấp dẫn này, thường chứa một lượng đáng kể carbohydrate tinh chế và chất béo bão hòa.",75
c88efddf-880a-53d8-9cf5-0fe870cc307f,,,"Bánh kếp bí ngô, có đường (Pumpkin Pancakes, Sweetened)",DISH,241.0,6.4,10.1,31.0,2.3,6.51,423.0,9d4dc1ac-566d-45dd-8f5c-976afae98cfc,,,"Bánh bí ngô là món ăn sáng theo mùa được chế biến bằng cách kết hợp bí ngô nghiền nhuyễn và các loại gia vị ấm như quế và nhục đậu khấu vào bột bánh kếp truyền thống. Mặc dù cung cấp vitamin A và chất xơ đáng chú ý từ bí ngô, những phiên bản ngọt này thường chứa đường bổ sung làm tăng hàm lượng carbohydrate so với bánh kếp thông thường. Được nấu trên vỉ nướng cho đến khi mềm mịn, chúng thường được dùng kèm với xi-rô hoặc kem tươi, cân bằng hương vị bí đất với hương vị giống như món tráng miệng.",75
75417a79-b99e-54a3-8ea0-1d373d73fb48,,,Bánh quy đường phủ sô cô la (Chocolate Iced Sugar Cookies),DISH,503.0,4.1,23.5,68.8,1.9,33.8,325.0,9d4dc1ac-566d-45dd-8f5c-976afae98cfc,,,"Bánh quy sô cô la đường đá là một món nướng ngọt ngào với phần đế bánh quy đường bơ cổ điển phủ lớp men sô cô la mịn. Những chiếc bánh quy này đáng chú ý vì hàm lượng đường bổ sung cao và thành phần carbohydrate tinh chế, với kết cấu từ các cạnh sắc nét đến phần giữa hơi dai tùy thuộc vào thời gian nướng. Lớp phủ sô-cô-la bóng loáng vừa tăng thêm sự hấp dẫn thị giác vừa tạo thêm một lớp ngọt ngào, khiến chúng trở nên phổ biến trong các ngày lễ, lễ kỷ niệm và đĩa tráng miệng.",75
eb97b72a-5f91-56f8-8283-fabb65e89567,,,Bánh quy chất xơ (Fiber Cookies),DISH,321.0,3.6,17.9,64.3,21.4,25.0,0.0,9d4dc1ac-566d-45dd-8f5c-976afae98cfc,,,"Bánh quy chất xơ là đồ ăn nhẹ nướng được chế biến đặc biệt để cung cấp chất xơ đậm đặc, thường sử dụng các nguyên liệu như ngũ cốc nguyên hạt, cám yến mạch hoặc inulin. Những món ăn có đường này thường thay thế đường tinh luyện bằng chất làm ngọt tự nhiên như chà là hoặc rượu đường, mang lại kết cấu dai, đặc khác biệt với bánh quy truyền thống. Mặc dù được tiếp thị để hỗ trợ sức khỏe tiêu hóa, nhưng hàm lượng chất xơ cao của chúng đòi hỏi phải điều độ để tránh khó chịu ở đường tiêu hóa do tiêu thụ quá mức.",75
be13224a-bec2-5f40-a824-76718298fa75,,,Hỗn hợp brownie với óc chó (Brownie Mix with Walnuts),INGREDIENT,414.0,1.7,4.8,34.5,2.5,20.0,180.0,9d4dc1ac-566d-45dd-8f5c-976afae98cfc,,,"Bánh hạnh nhân trộn với quả óc chó là một loại bánh nướng khô được trộn sẵn kết hợp bột mì, bột ca cao, đường và quả óc chó cắt nhỏ để tạo món tráng miệng tự làm tiện lợi. Hỗn hợp này cần thêm chất béo (như dầu hoặc bơ) và chất lỏng để tạo ra các món nướng đậm đặc, béo ngậy, trong đó quả óc chó góp phần tạo nên kết cấu giòn, protein từ thực vật và chất béo không bão hòa để cân bằng lượng carbohydrate cao và hàm lượng đường bổ sung. Sản phẩm có thời hạn sử dụng ổn định này giúp đơn giản hóa việc nướng bánh nhưng chứa các chất gây dị ứng thông thường bao gồm gluten và các loại hạt cây.",75
ab215023-e971-5c32-8249-470be0700525,,,Kem phủ sô cô la đánh bông (Chocolate Whipped Topping),DISH,187.7,0.0,15.3,12.5,0.0,12.5,50.0,9d4dc1ac-566d-45dd-8f5c-976afae98cfc,,,"Toppping sô-cô-la đánh bông là một món trang trí tráng miệng có vị ngọt, không chứa sữa, được làm bằng cách sục khí dầu thực vật và ca cao thành một hỗn hợp mịn, nhẹ. Không giống như kem đánh bông truyền thống, sản phẩm ổn định khi bảo quản này duy trì cấu trúc mà không cần làm lạnh cho đến khi mở ra và mang lại vị ngọt đậm đà với hàm lượng protein tối thiểu. Mặc dù phổ biến để phủ lên các món tráng miệng, đồ uống nóng và trái cây, nhưng thành phần dinh dưỡng của nó thường bao gồm đường bổ sung và chất béo bão hòa từ dầu hydro hóa và chất ổn định.",75
3ce6e992-7e86-519a-b930-79a6b7be0dfc,,,Bánh tart có đường (Sweetened Tart),DISH,333.0,1.25,0.73,80.45,2.0,67.0,7.0,9d4dc1ac-566d-45dd-8f5c-976afae98cfc,,,"Bánh tart ngọt là một loại bánh tráng miệng có lớp vỏ bơ giòn, giòn chứa đầy các nguyên liệu ngọt như mứt trái cây, sữa trứng hoặc ganache sô cô la. Loại bánh kẹo có nguồn gốc từ Châu Âu này lấy phần lớn lượng calo từ bột mì tinh chế và đường bổ sung, với thành phần dinh dưỡng khác nhau tùy theo loại nhân. Sự tương phản về kết cấu đặc trưng của nó giữa phần đế xốp và phần bên trong là kem hoặc trái cây khiến nó trở thành một món bánh ngọt chủ yếu, mặc dù hàm lượng đường cao đảm bảo sự điều độ trong chế độ ăn uống cân bằng.",75
4f0fe477-6548-5f7d-8b20-1508692b673e,,,Hỗn hợp bánh scone có đường (Sweetened Scone Mix),INGREDIENT,343.0,7.8,14.0,47.0,3.4,9.1,461.0,9d4dc1ac-566d-45dd-8f5c-976afae98cfc,,,"Hỗn hợp bánh nướng ngọt là hỗn hợp nướng khô được đo trước có chứa bột mì, chất tạo men và đường bổ sung để thuận tiện cho việc chuẩn bị tại nhà. Loại đế ổn định khi bảo quản này chỉ cần bổ sung các nguyên liệu lỏng và chất béo (thường là sữa và bơ) để tạo ra những chiếc bánh ngọt giòn, mềm. Hỗn hợp này cung cấp một nguồn carbohydrate tinh chế đậm đặc và thường chứa bột mì, khiến nó không phù hợp với chế độ ăn không có gluten. Có thể tùy chỉnh với các hỗn hợp như trái cây sấy khô hoặc sô cô la chip, nó mang lại những chiếc bánh nướng kiểu bánh ngọt ngọt ngào với kết quả nhất quán.",75
0b819b5a-b142-5eeb-b316-7aeab811dac1,,,Bánh quy protein không nướng (No-Bake Protein Cookies),DISH,410.0,9.0,17.5,54.0,4.0,35.0,200.0,9d4dc1ac-566d-45dd-8f5c-976afae98cfc,,,"Bánh quy Protein Không Nướng là một món ăn nhẹ ăn liền được thiết kế để cung cấp protein đậm đặc mà không cần chuẩn bị trước trong lò nướng. Những chiếc bánh quy này thường kết hợp bột protein, bơ hạt và yến mạch với chất làm ngọt tự nhiên như mật ong hoặc chà là, tạo ra kết cấu dai, đặc đồng thời tránh đường tinh luyện. Định dạng di động và hồ sơ dinh dưỡng đa lượng cân bằng khiến chúng trở nên phổ biến để phục hồi sau tập luyện hoặc như một nguồn tăng cường năng lượng giúp no giữa các bữa ăn.",75
67ab6109-ead7-58fb-ac0e-b0a772db30c4,,,Sữa hạt mắc ca có đường (Sweetened Macadamia Milk),INGREDIENT,29.0,0.4,1.9,2.9,0.4,2.5,48.0,9d4dc1ac-566d-45dd-8f5c-976afae98cfc,,,"Sữa mắc ca có đường là một loại đồ uống có nguồn gốc thực vật được làm từ hạt mắc ca trộn với nước, có bổ sung chất làm ngọt để tăng hương vị. Sản phẩm thay thế sữa này có kết cấu kem tự nhiên và hương vị bơ tinh tế nhờ hàm lượng chất béo lành mạnh cao, khiến nó đặc biệt thích hợp với đồ uống cà phê và sinh tố. Mặc dù có hàm lượng protein thấp hơn sữa bò nhưng nó cung cấp chất béo không bão hòa đơn có lợi cho tim và không chứa lactose, đậu nành và gluten một cách tự nhiên.",75
a017273e-b7ab-5acb-8d27-b7f8b375037e,,,Bánh quy kẹp bạc hà (Mint Sandwich Cookies),DISH,483.0,3.4,24.1,72.4,3.0,44.8,293.0,9d4dc1ac-566d-45dd-8f5c-976afae98cfc,,,"Bánh quy bánh sandwich bạc hà là một loại bánh kẹo ngọt bao gồm hai miếng sô cô la giòn bao quanh nhân kem có hương vị bạc hà. Những món ăn được sản xuất thương mại này được đặc trưng bởi sự tương phản rõ rệt về kết cấu và hương vị sô cô la bạc hà đậm đà, mặc dù chúng thường chứa lượng đường bổ sung đáng kể và chất béo bão hòa. Mặc dù thỉnh thoảng được dùng làm món tráng miệng nhưng thành phần dinh dưỡng của chúng phản ánh các thành phần đã qua chế biến như bột mì và dầu thực vật được làm giàu, với các chất gây dị ứng phổ biến bao gồm sữa và đậu nành ở nhiều nhãn hiệu.",75
a75b159d-ffa0-59a8-b08b-d33b8c96af9a,,,Kem thuần chay (Vegan Ice Cream),DISH,212.0,2.0,12.0,24.0,3.0,15.0,70.0,9d4dc1ac-566d-45dd-8f5c-976afae98cfc,,,"Kem thuần chay là một món tráng miệng đông lạnh không chứa sữa được làm từ các loại sữa có nguồn gốc thực vật như dừa, hạnh nhân hoặc hạt điều, thường được làm ngọt bằng các chất thay thế như xi-rô cây thùa hoặc xi-rô cây thích. Trong khi vẫn duy trì kết cấu kem của kem truyền thống thông qua các thành phần như kem dừa hoặc chất ổn định, nó thường không chứa cholesterol và chất béo bão hòa thấp hơn so với các phiên bản sữa, mặc dù hàm lượng đường vẫn tương đương. Các loại phổ biến thường kết hợp bơ hạt, trái cây xay nhuyễn hoặc sô cô la không chứa sữa để tái tạo hương vị cổ điển đồng thời đáp ứng chế độ ăn thuần chay và không dung nạp đường sữa.",75
f5c587b2-1d0c-55c2-8993-85e02df443c2,,,Bánh ngọt cà phê việt quất (Blueberry Coffee Cake),DISH,395.0,6.0,18.0,52.0,1.5,30.0,200.0,9d4dc1ac-566d-45dd-8f5c-976afae98cfc,,,"Bánh cà phê việt quất là một loại bánh nướng có vị ngọt bao gồm quả việt quất tươi hoặc đông lạnh được xếp trong một lớp bột bơ mềm và phủ một lớp bột vụn vụn bên trên. Món ăn sáng hoặc bữa nửa buổi này cân bằng cảm giác thích thú như món tráng miệng với chất chống oxy hóa có nguồn gốc từ trái cây và chất xơ từ quả mọng. Cách chế biến cổ điển tương phản giữa các lớp bánh ẩm với lớp phủ gia vị quế giòn, mặc dù một số công thức nấu ăn kết hợp bột ngũ cốc nguyên hạt hoặc giảm lượng đường để tối ưu hóa dinh dưỡng.",75
1f966dc8-8a56-5fa8-8dfb-44ea03c9d819,,,Thanh trái cây xoài có đường (Sweetened Mango Fruit Bar),INGREDIENT,319.0,2.5,1.2,78.6,2.4,66.3,15.0,9d4dc1ac-566d-45dd-8f5c-976afae98cfc,,,"Thanh xoài có đường là một món ăn nhẹ di động được làm bằng cách khử nước xoài xay nhuyễn trộn với các loại đường bổ sung như đường mía hoặc xi-rô, tạo ra kết cấu dai và đặc. Mặc dù vẫn giữ lại một số vitamin C tự nhiên và chất xơ từ xoài, nhưng quá trình khử nước sẽ tập trung lượng calo và đường, khiến nó ngọt hơn đáng kể so với xoài tươi. Những thanh này thường được tiếp thị như một món ăn nhẹ tự nhiên nhưng cần chú ý đến khẩu phần do lượng đường bổ sung cao.",75
1e847c84-d2a1-5497-b319-25ae088bd8d1,,,Sốt chua ngọt dứa (Pineapple Sweet and Sour Sauce),DISH,166.0,0.3,0.25,40.64,0.0,15.86,430.0,9d4dc1ac-566d-45dd-8f5c-976afae98cfc,,,"Nước sốt chua ngọt dứa là một biến thể nhiệt đới của nước sốt chua ngọt truyền thống kiểu châu Á, với nước ép dứa hoặc miếng dứa làm nguyên liệu chính. Nước sốt sôi động này kết hợp vị ngọt tự nhiên của dứa với giấm thơm và các thành phần mặn, tạo ra một loại gia vị cân bằng thường được làm đặc bằng bột ngô. Mặc dù phổ biến trong ẩm thực người Mỹ gốc Hoa và được dùng làm nước chấm cho các món chiên, nhưng nó thường chứa hàm lượng đường cao hơn nước sốt mặn truyền thống.",75
8620b849-21b6-560e-9028-ea8f656d4695,,,Salad trái cây với kem phủ có đường (Fruit Salad with Sweetened Whipped Topping),DISH,150.0,2.2,10.2,14.9,2.5,10.6,30.0,9d4dc1ac-566d-45dd-8f5c-976afae98cfc,,,"Salad trái cây với lớp phủ có đường ngọt kết hợp các loại trái cây tươi, sống như quả mọng, dưa và cam quýt với lớp phủ làm từ sữa nhẹ đã được sục khí và làm ngọt. Trong khi phần đế trái cây cung cấp đường tự nhiên, vitamin và chất xơ, thì lớp phủ trên cùng được đánh bông làm tăng đáng kể lượng đường bổ sung và hàm lượng chất béo bão hòa so với các chế phẩm không đường. Phiên bản này thường được phục vụ như một món tráng miệng hoặc món ăn kỷ niệm, cân bằng độ axit tươi của sản phẩm tươi với kết cấu kem béo ngậy.",75
fc442309-e6cd-550f-bef9-87474bf0cba2,,,"Sữa chua sấy khô tan chảy, có đường (Dried Yogurt Melts, Sweetened)",INGREDIENT,429.0,14.0,4.2,72.0,2.3,4.2,40.0,9d4dc1ac-566d-45dd-8f5c-976afae98cfc,,,"Sữa Chua Khô Tan, Có Đường là những món ăn nhẹ vừa miệng được làm bằng cách khử nước sữa chua có đường thành những miếng giòn, có thể bảo quản được. Mặc dù chúng vẫn giữ được hàm lượng protein và canxi của sữa chua nhưng quá trình khử nước sẽ tập trung thêm đường, khiến chúng ngọt hơn đáng kể so với sữa chua tươi. Những loại kẹo tan chảy này thiếu men vi sinh sống do quá trình chế biến nhưng cung cấp một giải pháp thay thế di động, thân thiện với trẻ em cho kẹo có đường với kết cấu nhẹ, thoáng mát.",75
4c040292-27a6-5e6c-bb57-29be936aff5b,,,Hỗn hợp bánh kếp bột hạnh nhân (Almond Flour Pancake Mix),INGREDIENT,433.0,10.0,20.0,60.0,6.7,13.3,600.0,9d4dc1ac-566d-45dd-8f5c-976afae98cfc,,,"Hỗn hợp bánh pancake bột hạnh nhân là một loại thay thế không chứa ngũ cốc cho hỗn hợp bánh pancake truyền thống, chủ yếu được làm từ hạnh nhân chần mịn và các nguyên liệu ít carb khác. Hỗn hợp không chứa gluten này thường chứa ít carbohydrate và nhiều protein hơn so với hỗn hợp làm từ lúa mì thông thường, khiến nó trở nên phổ biến đối với những người theo chế độ ăn keto, nhạt hoặc không chứa gluten. Khi chế biến, nó tạo ra những chiếc bánh kếp có hương vị hơi hạt và kết cấu mềm, mặc dù chúng có xu hướng mềm hơn so với các loại bánh làm từ lúa mì.",75
586ac27d-9804-5a8c-819f-43039809ec61,,,Bánh quy xoắn cứng phủ sô cô la trắng (White Chocolate Coated Hard Pretzels),DISH,515.0,5.0,25.0,67.5,2.5,50.0,375.0,9d4dc1ac-566d-45dd-8f5c-976afae98cfc,,,"Bánh quy cứng phủ sô cô la trắng là một món ăn nhẹ có vị ngọt và mặn kết hợp bánh quy lúa mì nướng giòn với một lớp sô cô la trắng ngọt dày. Không giống như các loại sô cô la đen hoặc sữa, lớp phủ sử dụng bơ ca cao không có chất rắn ca cao, tạo ra hương vị vani đậm đà tương phản với vị mặn tinh tế của bánh quy cây. Món ăn hấp dẫn này cung cấp lượng calo đậm đặc từ đường và chất béo bão hòa, trong khi phần đế bánh quy cây cung cấp carbohydrate và natri. Sự kết hợp này đáp ứng nhu cầu về kết cấu giòn và kem, mặc dù nó có thể chứa sữa và gluten tùy thuộc vào nguồn nguyên liệu.",75
3b18470d-a424-5749-86e9-78875383cca1,,,Hỗn hợp bánh quy thuần chay (Vegan Cookie Mix),INGREDIENT,464.0,7.0,19.6,65.0,3.0,25.0,440.0,9d4dc1ac-566d-45dd-8f5c-976afae98cfc,,,"Hỗn hợp bánh quy thuần chay là hỗn hợp nướng khô được đo lường trước, được pha chế không có bất kỳ thành phần nào có nguồn gốc động vật, thường sử dụng các chất thay thế từ thực vật cho trứng và sữa. Hỗn hợp ổn định này thường kết hợp bột mì, đường, chất tạo men và hương vị tự nhiên, chỉ cần thêm các nguyên liệu ướt như sữa thực vật và dầu để chuẩn bị. Hỗn hợp này được thiết kế đặc biệt để sản xuất bánh quy có kết cấu và hương vị truyền thống đồng thời đáp ứng các yêu cầu nghiêm ngặt về chế độ ăn thuần chay.",75
949946bc-75f2-509b-80fc-f3497b8e4582,,,Bánh phô mai không nướng (No-Bake Cheesecake),DISH,285.0,3.5,20.0,22.5,0.8,15.0,250.0,9d4dc1ac-566d-45dd-8f5c-976afae98cfc,,,"Bánh phô mai không nướng là một biến thể món tráng miệng đạt được cấu trúc thông qua việc làm lạnh thay vì nướng truyền thống. Phiên bản này thường kết hợp phô mai kem, chất làm ngọt và kem béo với gelatin hoặc các chất đông kết khác để tạo ra kết cấu nhẹ hơn, giống mousse hơn so với phiên bản nướng của nó. Mặc dù vẫn chứa nhiều calo do hàm lượng chất béo từ sữa cao, nhưng loại không nướng thường có độ đặc mềm hơn, tinh tế hơn và thường được phục vụ ướp lạnh trên bánh quy graham hoặc vỏ bánh quy.",75
d75cdde3-27d2-5acf-9c61-5eea97922025,,,Bánh phô mai Oreo (Oreo Cheesecake),DISH,142.0,13.5,2.3,16.4,0.7,14.0,200.0,9d4dc1ac-566d-45dd-8f5c-976afae98cfc,,,"Bánh phô mai Oreo là một món tráng miệng phong phú kết hợp bánh pho mát cổ điển với bánh quy sandwich sô cô la ở nhiều thành phần. Phần đế thường bao gồm bánh quy Oreo nghiền nát trộn với bơ, bên trên là nhân kem phô mai thường kết hợp với bánh quy nghiền và kết thúc bằng các miếng hoặc vụn bánh Oreo bổ sung. Biến thể hấp dẫn của bánh pho mát truyền thống này có lượng calo và đường cao hơn đáng kể so với phiên bản ban đầu, có hương vị bánh quy và kem đặc biệt và độ tương phản kết cấu kem nhưng giòn.",75
424a798d-baa3-5b62-a62c-22e1a954558b,,,"Sữa lắc dinh dưỡng nhi khoa, sô cô la (Pediatric Nutritional Shake, Chocolate)",DISH,101.0,3.0,3.8,13.9,0.42,3.8,38.0,9d4dc1ac-566d-45dd-8f5c-976afae98cfc,,,"Sữa dinh dưỡng dành cho trẻ em là một loại thực phẩm bổ sung dạng lỏng có công thức đặc biệt được thiết kế để hỗ trợ sự tăng trưởng và phát triển ở trẻ em. Loại sô cô la ngọt này cung cấp sự pha trộn hoàn chỉnh các chất dinh dưỡng thiết yếu, bao gồm protein, vitamin và khoáng chất, ở dạng ngon miệng, thu hút bệnh nhân trẻ tuổi. Sữa công thức pha sẵn có tác dụng thay thế bữa ăn hoặc bổ sung dinh dưỡng cho trẻ có nhu cầu dinh dưỡng tăng cao hoặc khó tiêu thụ đủ lượng calo thông qua thức ăn thông thường.",75
2aabf22c-190a-55eb-b06d-d97ad1467ffc,,,Sốt ớt ngọt Thái (Thai Sweet Chili Sauce),DISH,230.0,0.6,0.0,57.0,0.0,47.0,1333.0,9d4dc1ac-566d-45dd-8f5c-976afae98cfc,,,"Tương ớt ngọt kiểu Thái là một loại gia vị có vị ngọt được pha trộn giữa ớt cay, tỏi và giấm trong nền xi-rô. Loại nước chấm đa năng này cân bằng vị ngọt rõ rệt với độ nóng vừa phải, thường được dùng làm nước chấm cho món nem hoặc làm men cho các món nướng. Phiên bản thương mại thường chứa hàm lượng đường bổ sung cao (thường là 40-50% lượng calo) đồng thời cung cấp một lượng nhỏ vitamin C từ ớt.",75
baacb1c6-f47a-565f-be25-da98b3e062d1,,,Bánh quy mè (Sesame Cookie),DISH,478.0,9.0,30.0,48.0,4.0,17.0,0.0,9d4dc1ac-566d-45dd-8f5c-976afae98cfc,,,"Bánh quy mè là món nướng có hương vị hấp dẫn đặc trưng từ hạt vừng nướng, thường phủ bên ngoài hoặc được trộn vào bột. Những chiếc bánh quy này thường có kết cấu giòn, giống như bánh mì ngắn và đặc biệt phổ biến trong các món ăn Địa Trung Hải và Trung Đông. Ngoài việc mang lại vị ngọt đặc trưng của bánh quy, chúng còn mang lại lợi ích dinh dưỡng từ hạt vừng, bao gồm chất béo lành mạnh và khoáng chất như canxi và sắt.",75
6e55838e-1058-5788-bfc8-4e98cd2a4080,,,Bánh quy xoắn phủ caramel (Caramel-Coated Pretzels),DISH,480.0,2.0,22.0,67.0,3.0,40.0,575.0,9d4dc1ac-566d-45dd-8f5c-976afae98cfc,,,"Bánh quy xoắn phủ caramel là một món ăn nhẹ có vị ngọt và mặn kết hợp giữa phần đế bánh quy nướng giòn với lớp caramel bơ béo ngậy. Món bánh kẹo này cân bằng vị mặn đặc trưng của bánh quy cây với vị ngọt của caramel, tạo ra kết cấu tương phản của bột giòn và lớp phủ dai. Mặc dù cung cấp năng lượng nhanh chóng từ carbohydrate tinh chế, nhưng chúng có xu hướng chứa nhiều đường và natri bổ sung so với các loại bánh quy cây thông thường. Món ăn nhẹ này thường được thưởng thức riêng hoặc dùng làm món trang trí cho món tráng miệng, với một số phiên bản kết hợp các lớp bổ sung như sô cô la hoặc các loại hạt.",75
8122427e-64cd-508e-a220-2ab916295c00,,,Bánh quy hạnh nhân (Almond Cookies),DISH,560.0,8.0,18.0,72.0,4.0,36.0,150.0,9d4dc1ac-566d-45dd-8f5c-976afae98cfc,,,"Bánh quy hạnh nhân là một món nướng truyền thống của Trung Quốc với thành phần chính là bột hạnh nhân hoặc hạnh nhân nghiền mịn, tạo ra kết cấu đặc nhưng giòn với hương vị đậm đà. Những món ăn ngọt này thường được làm giàu bằng bơ hoặc dầu và thường phủ thêm những miếng hạnh nhân nguyên hạt, mang lại sự cân bằng giữa chất béo không bão hòa đơn từ các loại hạt và carbohydrate từ đường bổ sung. Vẻ ngoài màu nâu vàng và hương thơm đặc trưng của chúng khiến chúng trở nên phổ biến trong các dịp đón Tết Nguyên đán và là lựa chọn thay thế không chứa gluten khi được làm không có bột mì.",75
5b66370b-07b4-5a1e-99f8-d1e170a7a38d,,,Bánh ngọt nhiều lớp vani (Vanilla Layer Cake),DISH,350.0,4.0,14.0,52.0,1.0,30.0,250.0,9d4dc1ac-566d-45dd-8f5c-976afae98cfc,,,"Bánh lớp vani là một món tráng miệng cổ điển bao gồm các lớp xốp có vị ngọt, vani thường được làm đầy và phủ kem bơ hoặc kem lạnh. Được làm chủ yếu bằng bột mì tinh chế, đường, bơ và trứng, nó cung cấp carbohydrate đậm đặc và chất béo bão hòa trong khi ít protein hoặc chất xơ. Mặc dù thường được phục vụ trong các lễ kỷ niệm, nhưng lượng đường huyết cao và các chất gây dị ứng thông thường (gluten, sữa, trứng) đảm bảo những người theo dõi lượng đường trong máu hoặc độ nhạy cảm với thực phẩm nên tiêu thụ một cách thận trọng.",75
990ec19c-f228-5161-8a81-47d4d27f73d2,,,"Rau diếp xoăn, không đường (Chicory, Unsweetened)",DISH,23.0,1.7,0.3,4.7,4.0,0.7,45.0,9d4dc1ac-566d-45dd-8f5c-976afae98cfc,,,"Rau diếp xoăn là một sản phẩm có nguồn gốc thực vật không chứa caffeine được làm từ rễ rau diếp xoăn rang và xay, mang lại hương vị đất, hơi đắng gợi nhớ đến cà phê. Chế phẩm không đường này vẫn giữ được chất xơ inulin prebiotic tự nhiên, hỗ trợ sức khỏe tiêu hóa, đồng thời cung cấp một giải pháp thay thế ít calo cho cà phê hoặc trà truyền thống. Thường được pha một mình hoặc pha với cà phê trong đồ uống như quán cà phê au lait kiểu New Orleans, nó đóng vai trò như một loại nền linh hoạt cho cả đồ uống nóng và lạnh trong chế độ ăn thuần chay và không chứa gluten.",75
7401dfea-66d1-5dad-a176-4f69935b3399,,,Bánh quy dừa không nướng (No-Bake Coconut Cookies),DISH,620.0,15.0,49.0,40.0,4.0,30.0,150.0,9d4dc1ac-566d-45dd-8f5c-976afae98cfc,,,"Bánh quy dừa không nướng là một món tráng miệng nhanh được làm bằng cách kết hợp dừa vụn với chất làm ngọt (thường là đường hoặc sữa đặc) và các chất kết dính như yến mạch hoặc bơ hạt, sau đó làm lạnh cho đến khi cứng lại. Kết cấu dai và hương vị nhiệt đới của chúng đến từ dầu tự nhiên của dừa, cũng góp phần tạo ra hàm lượng chất béo bão hòa cao. Mặc dù thường không chứa gluten và thân thiện với người ăn chay tùy thuộc vào thành phần, nhưng những món ăn giàu năng lượng này đáng chú ý là chứa đường và calo đậm đặc so với các món nướng thay thế.",75
b9d46569-5a38-5559-bf49-d36daffabfbc,,,Sorbet sô cô la (Chocolate Sorbet),DISH,170.0,2.0,4.0,30.0,2.0,26.0,45.0,9d4dc1ac-566d-45dd-8f5c-976afae98cfc,,,"Kem sô cô la là món tráng miệng đông lạnh không chứa sữa được làm từ ca cao, đường và nước, đạt được hương vị sô cô la đậm đà thông qua hàm lượng ca cao đậm đặc hoặc sô cô la chất lượng cao. Không giống như kem, nó không chứa sữa hoặc trứng, dẫn đến hàm lượng chất béo thấp hơn nhưng nồng độ đường thường cao hơn để duy trì kết cấu mịn, dễ xúc. Món ăn thân thiện với người ăn chay này được khuấy trong quá trình đông lạnh để tạo độ đặc nhẹ hơn trong khi vẫn giữ được hương vị đậm đà, buồn vui lẫn lộn đặc trưng của sô cô la đen cao cấp.",75
c22287fe-84a1-5dbb-ae61-458ae79f7ca0,,,Bánh phồng nấm (Mushroom Puff Pastry),DISH,300.0,4.8,18.0,30.0,1.1,4.0,370.0,9d4dc1ac-566d-45dd-8f5c-976afae98cfc,,,"Bánh phồng nấm là một món nướng thơm ngon có vỏ bánh xốp, bơ chứa đầy nấm xào dày dặn. Nhân bánh thường kết hợp các loại nấm đất (chẳng hạn như nấm cremini hoặc các loại nấm nút) với các chất thơm như tỏi và thảo mộc, tạo ra độ tương phản giàu vị umami với lớp vỏ nhạt màu, nhiều lớp. Mặc dù có nhiều carbohydrate và chất béo từ bột bánh ngọt nhiều lớp, nhưng nó cung cấp lượng chất xơ và vi chất dinh dưỡng khiêm tốn từ nhân nấm, khiến nó trở thành một lựa chọn đầy hương vị nhưng giàu calo, tốt nhất nên thưởng thức ở mức độ vừa phải.",75
0a24aee4-8e5b-560f-b118-7eac6a271db3,,,Vỏ bánh sô cô la (Chocolate Pie Crust),DISH,490.0,5.1,22.05,67.7,1.8,28.7,507.0,9d4dc1ac-566d-45dd-8f5c-976afae98cfc,,,"Vỏ bánh sô cô la là một loại vỏ bánh ngọt được làm từ bột mì, chất béo và bột ca cao hoặc sô cô la tan chảy, tạo nên lớp nền béo ngậy, giòn cho bánh nướng tráng miệng. Lớp vỏ thường được nướng trước để đạt được kết cấu sắc nét tương phản với các loại nhân kem như ganache sô cô la hoặc sữa trứng vani. Mặc dù cung cấp lượng protein hoặc chất xơ tối thiểu nhưng nó vẫn đóng góp đáng kể carbohydrate và chất béo bão hòa từ hàm lượng bơ hoặc chất rút ngắn. Lớp đế hấp dẫn này kết hợp tốt với cả nhân bánh không nướng và bánh nướng nhưng yêu cầu thời gian nướng chính xác để tránh bị cháy do đường bổ sung.",75
7daba7d1-fe0c-59fa-8b84-757e40891d00,,,Sữa không sữa dứa dừa có đường (Sweetened Coconut Pineapple Non-Dairy Milk),INGREDIENT,60.0,0.5,3.0,8.0,0.5,7.0,50.0,9d4dc1ac-566d-45dd-8f5c-976afae98cfc,,,"Sữa Dứa Dừa Ngọt Không Sữa là một loại đồ uống có nguồn gốc thực vật lấy cảm hứng từ vùng nhiệt đới kết hợp nước cốt dừa với hương vị dứa và thêm chất làm ngọt. Hỗn hợp không chứa sữa này mang đến hương vị trái cây, ngọt ngào đặc trưng với hương kem dừa, được thiết kế để sử dụng trong sinh tố, món tráng miệng hoặc như một thức uống độc lập. Mặc dù nó cung cấp một loại sữa thay thế thuần chay, không chứa lactose cho sữa truyền thống, nhưng lượng đường bổ sung của nó góp phần tạo ra hàm lượng carbohydrate cao hơn so với sữa thực vật không đường.",75
c5445b60-85f2-5bf1-a701-e167ed92b7d5,,,Hỗn hợp bánh ngọt vani (Vanilla Cake Mix),INGREDIENT,374.0,3.7,3.5,81.9,1.2,43.3,728.0,9d4dc1ac-566d-45dd-8f5c-976afae98cfc,,,"Hỗn hợp bánh vani là hỗn hợp nướng khô làm sẵn được thiết kế để đơn giản hóa việc chuẩn bị bánh bằng cách kết hợp bột mì tinh chế, đường, chất tạo men và hương vani theo tỷ lệ chính xác. Hỗn hợp ổn định khi bảo quản này thường chỉ cần thêm trứng, dầu và nước để tạo ra một chiếc bánh nhẹ, ngọt với kết cấu ổn định, mặc dù nó thường chứa chất bảo quản và hương vị nhân tạo để bảo quản lâu dài. Mặc dù thuận tiện cho món tráng miệng nhanh nhưng nó có xu hướng chứa nhiều đường bổ sung và carbohydrate tinh chế so với các lựa chọn thay thế nướng nguyên thành phần.",75
4b77eb10-ccc1-54c1-90c6-44f5349eecef,,,Bánh quế sô cô la (Chocolate Waffle),DISH,297.0,5.8,10.1,45.7,1.5,13.1,529.0,9d4dc1ac-566d-45dd-8f5c-976afae98cfc,,,"Bánh quế sô cô la là một loại bánh ngọt ăn sáng hoặc món tráng miệng hấp dẫn được làm từ bột ngọt được làm giàu với bột ca cao hoặc sô cô la tan chảy, được nấu trong bàn ủi bánh quế để tạo ra kiểu lưới đặc trưng. Quá trình nấu nướng mang lại lớp vỏ bên ngoài giòn với bên trong mềm, thoáng mát, thường được dùng kèm với các loại đồ ăn kèm như xi-rô, kem tươi hoặc trái cây tươi. Mặc dù cung cấp năng lượng nhanh chóng từ lượng carbohydrate đáng kể và đường bổ sung, nhưng nó thường được thưởng thức như một món ăn không thường xuyên hơn là một thành phần bữa ăn giàu chất dinh dưỡng.",75
f962b0e9-c195-5134-bb33-abb843828dd3,,,Bánh quy wafer dâu tây (Strawberry Wafer Cookie),INGREDIENT,500.0,6.7,20.0,73.0,2.5,35.0,250.0,9d4dc1ac-566d-45dd-8f5c-976afae98cfc,,,"Bánh quy dâu tây là một loại bánh nướng có vị ngọt bao gồm các lớp bánh xốp giòn, kẹp kem có hương vị dâu tây màu hồng nhạt. Kết cấu nhẹ, thoáng là kết quả của bột có độ ẩm thấp và quy trình nướng thương mại, trong khi phần nhân thường chứa hương dâu tây nhân tạo hoặc tự nhiên và màu thực phẩm. Với hàm lượng carbohydrate cao và đường bổ sung trong mỗi khẩu phần, những chiếc bánh quy này cung cấp năng lượng nhanh chóng nhưng lại chứa ít protein hoặc chất xơ. Thường được thưởng thức như một món ăn nhẹ hoặc món tráng miệng đi kèm, chúng có thể được phân biệt bằng hình dạng hình chữ nhật và mặt cắt ngang nhiều lớp màu phấn.",75
a97eaf23-0a29-5b59-99a1-089ff76b9efd,,,Bánh ngọt cà phê táo (Apple Coffee Cake),DISH,300.0,4.0,5.0,60.0,1.5,30.0,250.0,9d4dc1ac-566d-45dd-8f5c-976afae98cfc,,,"Bánh cà phê táo là một món tráng miệng nướng ngọt ngào, ẩm ướt với các lớp táo tẩm gia vị quế và lớp trên cùng là lớp vụn bơ vụn. Loại bánh thân thiện với bữa sáng này cân bằng chất xơ tự nhiên từ trái cây với lượng đường bổ sung vừa phải, mặc dù thành phần bột mì tinh chế làm cho nó có nhiều carbohydrate. Kết cấu đặc trưng kết hợp các lớp bánh mềm với những miếng táo ngon ngọt và đường quế giòn, thường được phục vụ vào bữa sáng muộn hoặc cà phê buổi chiều.",75
ad591f72-20f5-5c44-97da-6373a8fd08e6,,,Hỗn hợp bánh ngọt bông xốp (Sponge Cake Mix),INGREDIENT,376.0,4.0,3.0,83.0,2.0,42.0,400.0,9d4dc1ac-566d-45dd-8f5c-976afae98cfc,,,"Hỗn hợp bánh xốp là sản phẩm nướng khô đã được đo lường trước, được thiết kế để tạo ra những chiếc bánh nhẹ, thoáng thông qua việc thêm trứng và nước. Hỗn hợp ngọt, giàu dinh dưỡng này chứa các chất tạo men như bột nở để tăng độ phồng và được bổ sung sắt và vitamin B để nâng cao giá trị dinh dưỡng. Mặc dù thuận tiện cho các món tráng miệng nhanh nhưng hàm lượng carbohydrate cao và đường bổ sung khiến việc kiểm soát khẩu phần trở nên quan trọng đối với những người dùng quan tâm đến dinh dưỡng.",75
245fe8c6-e8cd-5e86-ae7f-38e0976ab2e7,,,Kẹo sô cô la nhân dừa có đường (Sweetened Coconut-Filled Chocolate Candy),DISH,353.0,3.5,24.0,66.0,4.6,3.53,88.5,9d4dc1ac-566d-45dd-8f5c-976afae98cfc,,,"Kẹo sô cô la nhân dừa ngọt là một loại bánh kẹo có dừa vụn trộn với đường hoặc xi-rô, được bọc trong một lớp phủ sô cô la. Kết cấu dai, dạng sợi của nhân tương phản với lớp vỏ sô cô la mịn màng, trong khi sự kết hợp giữa dầu dừa và đường bổ sung góp phần tạo nên mật độ calo và chất béo bão hòa cao. Thường được bán dưới dạng miếng hoặc thanh riêng lẻ, món ăn này phổ biến trong các món tráng miệng nhưng yêu cầu kiểm soát khẩu phần một cách chú ý đối với những người theo dõi lượng đường hoặc chất béo.",75
59eafb97-2a9b-5f89-b6f0-80634525e784,,,Bánh ngọt cà phê kem phô mai (Cream Cheese Coffee Cake),DISH,339.0,7.0,15.2,44.3,1.0,20.0,339.0,9d4dc1ac-566d-45dd-8f5c-976afae98cfc,,,"Bánh cà phê phô mai kem là một món kết hợp giữa bữa sáng và món tráng miệng nhiều lớp với các dải phô mai kem ngọt được cuộn qua bột vani tẩm gia vị, thường được phủ thêm một lớp streusel bơ. Lớp phô mai kem mang đến vị đậm đà thơm tương phản với lớp vỏ ẩm ướt của bánh đồng thời bổ sung thêm lượng protein khiêm tốn không phổ biến trong các loại bánh cà phê truyền thống. Mặc dù thường được thưởng thức vào bữa sáng muộn, nhưng hàm lượng calo và chất béo bão hòa cao hơn từ sữa và đường đảm bảo việc chia khẩu phần hợp lý bất chấp sự cân bằng về kết cấu dễ chịu.",75
1593de96-d9b6-5d6d-bb79-87eb3227f014,,,Thanh bánh quy kẹo bơ (Toffee Cookie Bar),DISH,465.0,5.0,21.0,63.0,2.5,37.0,465.0,9d4dc1ac-566d-45dd-8f5c-976afae98cfc,,,"Thanh bánh quy kẹo bơ cứng là một loại bánh kẹo nướng kết hợp bột bánh quy bơ với các miếng kẹo bơ cứng caramen, tạo ra sự tương phản giữa kết cấu dai và giòn. Vị ngọt đặc trưng của nó đến từ đường nâu và bơ ở cả thành phần cơ bản và kẹo bơ cứng, trong khi quá trình caramen hóa tăng cường hương vị đậm đà giống như bánh bơ. Những thanh dày đặc này chứa nhiều calo do hàm lượng đường và chất béo bão hòa cao, thường được định vị là một món ăn nhẹ hoặc món tráng miệng hấp dẫn hơn là một loại thực phẩm tập trung vào chất dinh dưỡng.",75
ffbf4cd2-6c01-527d-85f5-2c31ea86c88c,,,Kem không đường (Sugar-Free Ice Cream),DISH,150.0,5.7,5.1,23.9,0.0,8.0,100.0,9d4dc1ac-566d-45dd-8f5c-976afae98cfc,,,"Kem không đường là một món tráng miệng đông lạnh được pha chế không thêm đường, dựa vào các chất làm ngọt thay thế như stevia, erythritol hoặc trái cây thầy tu để đạt được vị ngọt. Mặc dù hàm lượng carbohydrate và calo thấp hơn so với các phiên bản truyền thống, nhưng nó thường kết hợp các chất ổn định hoặc chất béo cao như kem dừa để bù đắp cho vai trò kết cấu của đường trong việc tạo ra độ đặc của kem. Thích hợp cho chế độ ăn kiêng low-carb và bệnh tiểu đường, một số loại có thể chứa rượu đường có thể gây nhạy cảm tiêu hóa ở một số cá nhân.",75
d78b2901-fc61-5b6f-838f-10509ebb68d6,,,"Mận đóng hộp, có đường (Canned Plums, Sweetened)",DISH,89.0,0.36,0.1,23.2,0.9,22.3,19.0,9d4dc1ac-566d-45dd-8f5c-976afae98cfc,,,"Mận đóng hộp, làm ngọt là loại trái cây đá bảo quản được đóng gói trong xi-rô, tạo nên kết cấu mềm hơn và hương vị ngọt ngào hơn mận tươi. Trong khi quá trình đóng hộp vẫn giữ lại một số vitamin C và kali, lượng đường bổ sung làm tăng đáng kể hàm lượng calo và carbohydrate so với trái cây tươi. Những quả mận này có thời hạn sử dụng ổn định và sẵn sàng để ăn, thường được dùng trong món tráng miệng hoặc làm lớp phủ trên, nhưng xi-rô của chúng nên được tiêu thụ một cách tiết kiệm để hạn chế lượng đường bổ sung.",75
bda52270-2da7-579d-978f-1c2d78c00221,,,"Sữa chua hỗn hợp berry tan chảy, sấy khô (Mixed Berry Yogurt Melts, Dried)",INGREDIENT,429.0,14.3,7.14,71.43,2.0,57.14,286.0,9d4dc1ac-566d-45dd-8f5c-976afae98cfc,,,"Mixed Berry Yogurt Melts là một món ăn nhẹ đông khô kết hợp những miếng quả mọng chua với lớp phủ sữa chua ngọt. Quá trình khử nước tạo ra kết cấu nhẹ, giòn trong khi vẫn giữ được chất chống oxy hóa tự nhiên của trái cây cũng như hàm lượng protein và canxi của sữa chua. Những miếng ăn ổn định trên kệ này mang lại sự tiện lợi khi mang theo nhưng thường chứa đường đậm đặc từ cả trái cây và chất làm ngọt bổ sung, khiến nhận thức về khẩu phần trở thành chìa khóa để tiêu thụ cân bằng.",75
6b1809bb-eef9-57ba-abc3-e08fdbcd602b,,,Kem phủ có đường (Sweetened Glaze),DISH,341.0,0.44,0.53,83.65,0.0,80.4,6.0,9d4dc1ac-566d-45dd-8f5c-976afae98cfc,,,"Men ngọt là một lớp phủ sền sệt làm từ đường được sử dụng để tăng thêm độ bóng và vị ngọt cho các món nướng, bánh ngọt và món tráng miệng. Thường được làm từ đường bột trộn với chất lỏng (chẳng hạn như nước, sữa hoặc nước ép cam quýt), nó tạo thành một lớp sơn mịn, bóng khi đông lại. Mặc dù nó tăng cường kết cấu và sự hấp dẫn thị giác, nhưng nó chủ yếu cung cấp carbohydrate đơn giản với lượng protein, chất xơ hoặc vi chất dinh dưỡng tối thiểu, khiến việc nhận thức về khẩu phần trở nên quan trọng đối với chế độ ăn kiêng đường.",75
884f8544-2d38-59cf-9778-f957281b9b41,,,Hỗn hợp bánh quy không chứa gluten (Gluten-Free Cookie Mix),INGREDIENT,440.0,2.0,6.0,92.0,2.0,20.0,500.0,9d4dc1ac-566d-45dd-8f5c-976afae98cfc,,,"Hỗn hợp bánh quy không chứa gluten là sản phẩm nướng khô trộn sẵn được thiết kế để tạo ra bánh quy không có thành phần làm từ lúa mì. Nó thường kết hợp các loại bột thay thế như gạo, hạnh nhân hoặc dừa với các chất kết dính như kẹo cao su xanthan để tái tạo kết cấu của bánh quy truyền thống. Hỗn hợp này giúp đơn giản hóa việc nướng bánh cho những người ăn kiêng nhạy cảm với gluten trong khi vẫn duy trì hương vị ngọt ngào quen thuộc và kết cấu dai hoặc giòn tùy thuộc vào cách chế biến. Nhiều phiên bản có chứa chất xơ bổ sung từ các sản phẩm thay thế ngũ cốc nguyên hạt nhưng có thể có hàm lượng đường tương đương với hỗn hợp bánh quy thông thường.",75
e46b6014-addd-53fe-9924-8291348958f4,,,Brownie sô cô la kép (Double Chocolate Brownies),DISH,500.0,6.0,23.0,70.0,3.0,50.0,250.0,9d4dc1ac-566d-45dd-8f5c-976afae98cfc,,,"Double Chocolate Brownies là một thanh tráng miệng hảo hạng có cả bột ca cao và sô cô la tan chảy để tạo ra hương vị sô cô la đậm đà. Chúng thường có phần bên trong dày đặc, xốp với lớp vỏ giòn, thường được tăng cường bằng các chất bổ sung như sô cô la khối hoặc quả óc chó. Mặc dù giàu năng lượng do hàm lượng đường và chất béo bão hòa cao từ bơ và sô cô la, nhưng chúng thường được thưởng thức như một món ăn không thường xuyên hơn là một món ăn chủ yếu hàng ngày.",75
0ad34b56-2b16-512f-9b8a-f2aa9bcb4df8,,,Xi-rô xoài có đường (Sweetened Mango Syrup),INGREDIENT,330.0,0.0,0.0,80.0,0.0,77.0,5.0,9d4dc1ac-566d-45dd-8f5c-976afae98cfc,,,"Xi-rô xoài ngọt là một loại gia vị cô đặc làm từ trái cây được làm bằng cách nấu xoài xay nhuyễn với đường bổ sung như đường mía hoặc xi-rô ngô. Chất lỏng đặc, sền sệt này mang lại vị ngọt nhiệt đới đậm đà và hương vị xoài, mặc dù quá trình chế biến làm giảm đáng kể hàm lượng vitamin có trong xoài tươi. Chủ yếu được sử dụng để tạo hương vị cho đồ uống, món tráng miệng và các món ăn sáng, nó cung cấp nguồn carbohydrate nhanh chóng nhưng cần kiểm soát khẩu phần cẩn thận do hàm lượng đường bổ sung cao.",75
30107558-2f0a-534a-a9d6-d9a84dc6a720,,,Bánh quy protein (Protein Cookie),DISH,395.0,25.0,15.0,40.0,8.0,14.0,300.0,9d4dc1ac-566d-45dd-8f5c-976afae98cfc,,,"Bánh quy protein là một món ăn nhẹ nướng tăng cường dinh dưỡng được thiết kế để cung cấp hàm lượng protein cao trong khi vẫn duy trì hương vị ngọt ngào, dễ chịu. Những chiếc bánh quy này thường sử dụng whey, đậu nành hoặc protein từ thực vật làm nguyên liệu chính và được làm ngọt bằng các chất thay thế ít calo như stevia hoặc erythritol để giảm hàm lượng đường. Với kết cấu đặc hơn so với bánh quy truyền thống, chúng đóng vai trò như một lựa chọn phục hồi sau tập luyện thuận tiện hoặc bữa ăn nhẹ cân bằng cho chế độ ăn ít carb và giàu protein.",75
8f14e0db-5af5-5233-a5c9-93a99863d222,,,Sốt chua ngọt xoài (Mango Sweet and Sour Sauce),DISH,156.0,0.0,0.0,38.0,0.0,38.0,500.0,9d4dc1ac-566d-45dd-8f5c-976afae98cfc,,,"Nước sốt xoài chua ngọt là một loại gia vị làm từ trái cây trộn xoài chín xay nhuyễn với giấm, đường và gia vị để tạo nên hương vị nhiệt đới trên hương vị chua ngọt truyền thống. Kết cấu dày, mịn và độ chua cân bằng và vị ngọt rõ rệt khiến nó trở nên phổ biến như một loại men cho protein hoặc nước chấm trong các món ăn lấy cảm hứng từ châu Á. Mặc dù giàu vitamin C và beta-carotene từ xoài, nhưng các phiên bản thương mại thường chứa lượng đường bổ sung đáng kể, đòi hỏi phải chia khẩu phần hợp lý cho người dùng quan tâm đến lượng calo.",75
9870f552-0fa3-5137-9747-f65125e4f22a,,,Bánh phô mai việt quất (Blueberry Cheesecake),DISH,330.0,6.0,25.0,28.0,0.5,20.0,350.0,9d4dc1ac-566d-45dd-8f5c-976afae98cfc,,,"Bánh phô mai việt quất là một món tráng miệng đậm đà có nhân phô mai kem ngọt được xếp lớp trên lớp vỏ bánh quy graham, thường được phủ thêm hỗn hợp việt quất hoặc bánh xoáy. Món ăn hấp dẫn này có nhiều đường bổ sung và chất béo bão hòa nhưng cung cấp lượng canxi và protein vừa phải từ nguồn sữa. Món tráng miệng cân bằng kết cấu mượt mà với độ axit trái cây tươi, thường cần để lạnh để duy trì cấu trúc và thường chứa các chất gây dị ứng như sữa và gluten.",75
ebdb329b-15d2-55db-a7f5-636b1cf3fa0c,,,Bánh phồng rau bina và feta (Spinach and Feta Puff Pastry),INGREDIENT,150.0,5.0,8.4,12.8,1.8,2.0,293.0,9d4dc1ac-566d-45dd-8f5c-976afae98cfc,,,"Spinach and Feta Puff Pastry là một món nướng thơm ngon có rau bina mềm và phô mai feta vụn được bọc trong bột bánh ngọt nhiều lớp bơ. Nhân bánh kết hợp các loại rau lá xanh giàu chất sắt với vị mặn của feta ngâm nước muối, trong khi lớp bánh ngọt nhiều lớp tạo nên lớp vỏ vàng giòn bên ngoài. Thường được phục vụ như một món khai vị cầm tay, món ăn lấy cảm hứng từ Địa Trung Hải này cân bằng protein và canxi từ phô mai với kết cấu hấp dẫn của bánh ngọt, mặc dù nó thường chứa chất béo bão hòa đáng kể do bột giàu bơ.",75
07150565-d47b-5957-a10d-209f63dc9a37,,,Bánh ngọt trắng với kem phủ vani (White Cake with Vanilla Icing),DISH,356.0,4.4,10.0,63.0,1.0,57.0,284.0,9d4dc1ac-566d-45dd-8f5c-976afae98cfc,,,"Bánh trắng phủ kem vani là món tráng miệng cổ điển được làm từ bột mì trắng tinh chế, lòng trắng trứng và chiết xuất vani trong để đạt được màu trắng tinh khiết đặc trưng. Món bánh ngọt này có cấu trúc vụn nhẹ, mềm và thường được phủ một lớp kem bơ vani mịn màng. Được phân biệt với bánh màu vàng do không có lòng đỏ trứng, loại này có xu hướng có hương vị tinh tế hơn và có hàm lượng đường tinh luyện và carbohydrate đơn giản cao hơn đáng kể.",75
485d1770-f6e2-5960-8aee-eae4a5a0607f,,,Bánh ngọt cà phê không chứa gluten (Gluten-Free Coffee Cake),DISH,440.0,3.0,23.0,56.0,2.5,30.0,300.0,9d4dc1ac-566d-45dd-8f5c-976afae98cfc,,,"Bánh cà phê không chứa gluten là một món tráng miệng hoặc bữa sáng được biến đổi, thay thế bột mì truyền thống bằng các chất thay thế như hạnh nhân, yến mạch hoặc bột gạo để phù hợp với chế độ ăn nhạy cảm với gluten. Phiên bản này vẫn giữ nguyên lớp phủ vụn cổ điển và các loại gia vị ấm áp như quế nhưng thường có kết cấu đậm đặc hơn so với phiên bản làm từ lúa mì. Mặc dù không chứa gluten nhưng nó thường chứa thêm chất làm ngọt như đường mía hoặc mật ong, khiến việc nhận biết khẩu phần ăn trở nên quan trọng đối với việc theo dõi dinh dưỡng.",75
84dd3954-f504-5c96-b710-a940dc3630b2,,,Xi-rô caramel không đường (Sugar-Free Caramel Syrup),DISH,0.0,0.0,0.0,0.0,0.0,0.0,33.0,9d4dc1ac-566d-45dd-8f5c-976afae98cfc,,,"Xi-rô caramel không đường là chất thay thế chất làm ngọt có hương vị, tái tạo hương vị caramel cổ điển bằng cách sử dụng chất làm ngọt không dinh dưỡng như sucralose hoặc stevia. Nó cung cấp hương vị bơ đậm đà của xi-rô caramel truyền thống mà không cần thêm đường, khiến nó trở nên phổ biến trong chế độ ăn ít carb và thân thiện với bệnh nhân tiểu đường. Xi-rô duy trì độ đặc, có thể rót được, lý tưởng để tăng cường cà phê, món tráng miệng và các món ăn sáng trong khi đóng góp lượng calo hoặc carbohydrate tối thiểu.",75
eb01ec93-2536-5a0e-911a-a810f1bfa3a0,,,Hỗn hợp bánh quy sô cô la chip (Chocolate Chip Cookie Mix),INGREDIENT,497.0,4.6,25.2,66.1,2.5,20.0,290.0,9d4dc1ac-566d-45dd-8f5c-976afae98cfc,,,"Hỗn hợp bánh quy sô cô la chip là sự kết hợp nguyên liệu khô được trộn sẵn được thiết kế để đơn giản hóa việc nướng bánh tại nhà, thường chứa bột mì, đường, chất tạo men và miếng sô cô la vừa ngọt. Hỗn hợp ổn định khi bảo quản này chỉ yêu cầu bổ sung các nguyên liệu ướt như bơ và trứng để tạo ra những chiếc bánh quy mềm, dai, mặc dù lượng carbohydrate tinh chế cao và hàm lượng đường bổ sung đảm bảo nhận thức về khẩu phần. Tỷ lệ tiêu chuẩn hóa đảm bảo kết quả nhất quán đồng thời cho phép bổ sung tùy chọn như các loại hạt hoặc yến mạch để tùy chỉnh kết cấu và hương vị.",75
114bd372-4578-5057-84c1-1467fee19445,,,Bánh khoai lang (Sweet Potato Pie),DISH,267.0,4.0,11.0,38.0,2.5,22.0,350.0,9d4dc1ac-566d-45dd-8f5c-976afae98cfc,,,"Bánh khoai lang là một món tráng miệng truyền thống của miền Nam Hoa Kỳ với khoai lang nghiền nhuyễn có gia vị, ngọt được nướng trong lớp vỏ bánh ngọt xốp. Nhân bánh có vị ngọt tự nhiên và màu cam rực rỡ từ khoai lang giàu beta-carotene, mặc dù công thức nấu ăn thường bao gồm thêm đường, bơ và các loại gia vị làm ấm như quế và nhục đậu khấu. Mặc dù cung cấp nhiều chất xơ và vitamin A hơn nhiều món tráng miệng, nhưng thành phần dinh dưỡng của nó lại giàu carbohydrate do sự kết hợp giữa củ có tinh bột và chất làm ngọt tinh chế.",75
cddaed39-d250-5c03-8c05-3a98d53838d4,,,"Nhân bánh sô cô la, có đường (Chocolate Pie Filling, Sweetened)",DISH,370.0,4.0,15.0,55.0,1.5,40.0,150.0,9d4dc1ac-566d-45dd-8f5c-976afae98cfc,,,"Nhân bánh sô cô la là một thành phần tráng miệng làm sẵn bao gồm chủ yếu là ca cao ngọt hoặc sô cô la trộn với chất làm đặc như bột ngô để tạo ra kết cấu đậm đà, dễ ăn. Được thiết kế để lắp ráp bánh, sản phẩm này thường chứa hàm lượng đường bổ sung và carbohydrate cao, với các phiên bản thương mại thường bao gồm chất bảo quản để ổn định thời hạn sử dụng. Mặc dù tiện lợi nhưng nó khác biệt về mặt dinh dưỡng so với các phiên bản tự làm ở chỗ ưu tiên vị ngọt hơn cường độ ca cao, khiến việc kiểm soát khẩu phần trở nên quan trọng đối với những người dùng có ý thức về lượng calo.",75
046898b1-7df1-51b3-9ee7-6bbf543ab64b,,,Hỗn hợp hạnh nhân không đường (Unsweetened Almond Paste),DISH,458.0,9.0,27.7,47.8,4.8,36.2,9.0,9d4dc1ac-566d-45dd-8f5c-976afae98cfc,,,"Bột hạnh nhân không đường là một hỗn hợp đặc, mịn được làm từ hạnh nhân chần mịn và không chứa đường bổ sung, giúp phân biệt với các loại có đường và bánh hạnh nhân. Sản phẩm hạt cô đặc này giữ lại đầy đủ lợi ích dinh dưỡng của hạnh nhân, bao gồm chất béo và protein lành mạnh, đồng thời cung cấp hương vị hạnh nhân đậm đà cho các ứng dụng nướng bánh và bánh kẹo. Là một sản phẩm hạnh nhân nguyên chất, nó tự nhiên không chứa gluten nhưng cần được lưu ý là một chất gây dị ứng quan trọng.",75
f5198a28-57b8-583c-ac3b-5f20bcb47b98,,,Bánh ngọt bông xốp vani (Vanilla Angel Food Cake),DISH,258.0,5.9,0.8,57.8,1.5,30.51,749.0,9d4dc1ac-566d-45dd-8f5c-976afae98cfc,,,"Vanilla Angel Food Cake là một loại bánh xốp không béo được làm chủ yếu từ lòng trắng trứng đánh bông, đường và bột mì, đạt được kết cấu xốp đặc trưng mà không cần bơ hoặc lòng đỏ trứng. Bánh có hương vị vani nhẹ và lớp vỏ xốp, ẩm, theo truyền thống được phục vụ với quả mọng tươi hoặc kem đánh bông. Mặc dù ít chất béo hơn bánh bơ nhưng hàm lượng đường cao khiến việc kiểm soát khẩu phần trở nên quan trọng đối với những người theo dõi lượng carbohydrate nạp vào.",75
8b246d8b-c5ee-5a19-9876-78f020afde7d,,,Chất ngọt Acesulfame Kali (Acesulfame Potassium Sweetener),DISH,0.0,0.0,0.0,0.0,0.0,0.0,0.0,9d4dc1ac-566d-45dd-8f5c-976afae98cfc,,,"Acesulfame kali (thường được dán nhãn là Ace-K hoặc E950) là chất làm ngọt nhân tạo không chứa calo, ngọt hơn đường ăn khoảng 200 lần. Chất làm ngọt ổn định nhiệt này vẫn giữ được vị ngọt khi nấu hoặc nướng, khiến nó trở thành thành phần phổ biến trong đồ uống không đường, đồ nướng và thực phẩm chế biến sẵn. Mặc dù nó không chứa carbohydrate hoặc calo nhưng nó thường được pha trộn với các chất làm ngọt khác để cân bằng dư vị kim loại nhẹ và tăng cường hương vị.",75
e5070baf-c8ee-59a8-9554-368e3e8b7c0e,,,Bánh quy xoắn phủ không đường (Sugar-Free Coated Pretzels),DISH,394.0,6.1,24.2,63.6,3.0,0.0,242.0,9d4dc1ac-566d-45dd-8f5c-976afae98cfc,,,"Bánh quy xoắn phủ đường không đường là một món ăn nhẹ nướng có hỗn hợp gia vị thơm ngon thay vì men đường truyền thống. Những món xoắn giòn làm từ lúa mì này có hương vị từ gia vị, thảo mộc hoặc lớp phủ muối, cung cấp một loại thay thế ít carb hơn cho các loại có vị ngọt trong khi vẫn duy trì kết cấu bánh quy xoắn cổ điển. Với hàm lượng đường tối thiểu, chúng phù hợp với chế độ ăn ít đường và keto, mặc dù lượng natri của chúng thường vượt quá bánh quy thông thường và thường chứa gluten trừ khi được làm bằng các loại bột thay thế.",75
c378d92d-9f9b-5a6c-8a3b-9973fe9b533f,,,Bánh cupcake vani (Vanilla Cupcake),DISH,435.0,3.5,22.4,55.3,1.5,39.0,294.0,9d4dc1ac-566d-45dd-8f5c-976afae98cfc,,,"Bánh cupcake vani là một loại bánh nướng có vị ngọt cỡ nhỏ, có phần nhân mềm, thoáng, làm từ bột mì, đường, trứng và bơ, được tẩm chiết xuất vani hoặc đậu vani để tạo mùi thơm hoa đặc trưng. Món tráng miệng cổ điển này thường chứa một lượng lớn carbohydrate tinh chế và đường bổ sung, thường được tăng cường bởi lớp phủ kem bơ, khiến nó chứa nhiều calo. Mặc dù thường được thưởng thức tại các lễ kỷ niệm, công thức tiêu chuẩn của nó có chứa gluten và sữa, yêu cầu các phiên bản sửa đổi cho chế độ ăn kiêng hạn chế.",75
a60968e3-5e47-5835-a80f-66abe2cbe313,,,Hỗn hợp đậu đỏ có đường (Sweetened Adzuki Bean Paste),DISH,260.0,3.29,0.12,60.7,3.5,45.0,83.0,9d4dc1ac-566d-45dd-8f5c-976afae98cfc,,,"Bột đậu adzuki ngọt là một nguyên liệu truyền thống của Đông Á được làm bằng cách đun sôi, nghiền và làm ngọt đậu adzuki thành một loại nhân dày, đa năng. Loại bột nhão này giữ lại chất xơ tự nhiên và protein từ thực vật của đậu đồng thời kết hợp đường hoặc các chất làm ngọt khác để tạo ra hương vị đặc trưng của đất nhưng giống như món tráng miệng. Thường được sử dụng trong bánh mochi, bánh bao và bánh kẹo, nó cung cấp một giải pháp thay thế đậm đặc chất dinh dưỡng cho các loại phết làm từ trái cây trong khi vẫn không chứa gluten tự nhiên và thân thiện với người ăn chay.",75
76ddfb13-98e2-5f8e-8a69-16d10b7f086d,,,Bánh strudel (Strudel),DISH,318.0,5.0,11.0,50.0,1.2,17.0,691.0,9d4dc1ac-566d-45dd-8f5c-976afae98cfc,,,"Strudel là một loại bánh ngọt truyền thống của Trung Âu có đặc điểm là bột mịn, mỏng như giấy được bọc quanh nhân ngọt hoặc mặn. Có nguồn gốc từ ẩm thực Áo và Đức, loại bột co giãn đặc trưng của nó được kéo căng bằng tay đến gần như trong suốt trước khi được phủ nhiều lớp bơ và nướng thành lớp vàng giòn. Trong khi bánh strudel táo là phiên bản mang tính biểu tượng nhất, nhân của nó có nhiều loại từ quả anh đào, ricotta đến rau bina, phản ánh tính linh hoạt của nó như một món tráng miệng hoặc món chính. Bánh ngọt có hàm lượng carbohydrate và đường cao tự nhiên ở dạng ngọt, mặc dù nhân bằng các loại hạt hoặc ngũ cốc nguyên hạt có thể bổ sung thêm protein và chất xơ.",75
28d3d7c7-a0c4-50f0-8da5-3f5066584efd,,,Bánh ngọt dứa (Pineapple Cake),DISH,400.0,4.0,16.0,68.0,2.0,28.0,100.0,9d4dc1ac-566d-45dd-8f5c-976afae98cfc,,,"Bánh dứa là một loại bánh ngọt truyền thống của Đài Loan bao gồm lớp vỏ giống như bơ, nhân mứt dứa ngọt. Mỗi chiếc bánh ngọt nhỏ, hình chữ nhật kết hợp giữa lớp vỏ bên ngoài vụn với lớp nhân dày đặc, dai được làm từ dứa cô đặc và đôi khi là dưa mùa đông. Những món tráng miệng phong phú này đặc biệt giàu calo, với một miếng điển hình chứa khoảng 100 calo và theo truyền thống được phục vụ theo từng phần riêng lẻ với trà.",75
37242318-785e-562f-bad1-68e445df0c1a,,,Bánh quy dừa marshmallow (Marshmallow Coconut Cookies),DISH,421.0,4.0,15.0,67.7,3.0,30.0,250.0,9d4dc1ac-566d-45dd-8f5c-976afae98cfc,,,"Bánh quy dừa Marshmallow là một loại bánh kẹo ngọt kết hợp giữa kẹo dẻo dai, dừa vụn ngọt và phần đế bánh quy bơ, mang đến kết cấu tương phản từ mép nướng giòn đến nhân mềm, béo ngậy. Những món nướng này lấy được lượng chất xơ khiêm tốn từ dừa vụn nhưng lại có lượng đường bổ sung và chất béo bão hòa cao đáng kể do thành phần ngọt kép của chúng. Thường được làm tại nhà hoặc được sản xuất theo mẻ thủ công, chúng yêu cầu nướng chính xác để đạt được lớp phủ marshmallow caramen đặc trưng mà không làm cháy phần dừa mềm.",75
a7f9b052-85f3-5141-acdd-6f961220c0a3,,,Bánh Mochi matcha có đường (Sweetened Matcha Mochi),DISH,280.0,3.0,2.7,60.0,1.0,25.0,50.0,9d4dc1ac-566d-45dd-8f5c-976afae98cfc,,,"Matcha mochi ngọt là một loại bánh kẹo Nhật Bản được làm từ bột gạo nếp và bột matcha xanh sống động, có thêm đường để tạo vị ngọt cân bằng. Kết cấu dai, đàn hồi đặc trưng của mochi tương phản với hương vị đất của matcha, trong khi vị ngọt làm tăng sức hấp dẫn cho món tráng miệng của nó. Món ăn này cung cấp carbohydrate nhanh chóng từ đường và tinh bột gạo, cùng với chất chống oxy hóa từ matcha và thường được thưởng thức như một món ăn nhẹ hoặc món tráng miệng trong ẩm thực Đông Á.",75
62f5a464-1471-580a-b8d3-066f86548026,,,Bánh Mochi sô cô la (Chocolate Mochi),DISH,370.0,4.0,15.0,55.0,1.5,35.0,50.0,9d4dc1ac-566d-45dd-8f5c-976afae98cfc,,,"Mochi sô cô la là một loại bánh kẹo hiện đại của Nhật Bản có bột gạo nếp ngọt bọc quanh nhân sô cô la béo ngậy. Lớp bên ngoài, được làm từ gạo mochigome giã nhỏ, mang lại kết cấu dai đặc biệt tương phản với lớp kem mịn ở giữa. Mặc dù không chứa gluten tự nhiên nhưng món ăn này lại chứa nhiều carbohydrate do làm từ bột gạo và thường chứa đường bổ sung từ lõi sô cô la ngọt, khiến việc nhận biết khẩu phần ăn trở thành chìa khóa để theo dõi dinh dưỡng.",75
88944160-79ce-51d7-9b72-5b065b652cc4,,,Xi-rô bánh kếp Keto (Keto Pancake Syrup),DISH,50.0,0.0,0.0,23.3,20.0,0.0,67.0,9d4dc1ac-566d-45dd-8f5c-976afae98cfc,,,"Xi-rô bánh kếp Keto là chất làm ngọt dạng lỏng không đường được thiết kế để tái tạo hương vị và độ nhớt của xi-rô cây phong truyền thống đồng thời phù hợp với nhu cầu ăn kiêng ít carb. Nó thường sử dụng các chất làm ngọt thay thế như erythritol, trái cây thầy tu hoặc allulose để đạt được vị ngọt mà không cần thêm đường, dẫn đến lượng carb và calo ròng ít hơn đáng kể. Xi-rô duy trì độ đặc, dễ rót lý tưởng cho bánh kếp và bánh quế, mặc dù một số loại có thể có hương vị nhẹ hơn hoặc dư vị mát đặc trưng của các sản phẩm làm từ rượu đường.",75
81ca9a13-b2ef-552e-b8fc-d2f1a1672dfb,,,Bánh kem sô cô la (Chocolate Cream Pie),DISH,353.0,4.15,22.4,38.4,0.8,27.4,266.0,9d4dc1ac-566d-45dd-8f5c-976afae98cfc,,,"Bánh kem sô cô la là một món tráng miệng cổ điển bao gồm một chiếc bánh ngọt hoặc vỏ bánh vụn chứa đầy sữa trứng sô cô la đậm đà và phủ kem tươi lên trên. Phần nhân ngọt kết hợp sữa hoặc kem với ca cao hoặc sô cô la tan chảy, tạo ra một kết cấu mịn, đặc lại khi để lạnh. Món ăn hấp dẫn này có nhiều đường bổ sung và chất béo bão hòa, với các chất gây dị ứng phổ biến bao gồm sữa, gluten (trong lớp vỏ truyền thống) và trứng trong nhiều công thức sữa trứng.",75
9a1e1a3f-d83a-50cd-96c5-b88880546216,,,"Que ăn nhẹ teriyaki sấy khô, có đường (Dried Teriyaki Snack Sticks, Sweetened)",INGREDIENT,464.0,21.0,39.0,7.0,0.0,7.0,1785.0,9d4dc1ac-566d-45dd-8f5c-976afae98cfc,,,"Que ăn nhẹ Teriyaki khô là sản phẩm thịt khô, ngọt được pha với nước tương, đường và mirin lấy cảm hứng từ Nhật Bản. Thường được làm từ thịt bò hoặc thịt gia cầm, những que ổn định này được ướp và sấy khô chậm để đạt được kết cấu dai đặc trưng và hương vị đậm đặc. Mặc dù cung cấp lượng protein đáng kể, nhưng chúng lại chứa nhiều natri và đường bổ sung hơn so với các loại thịt khô không đường, khiến việc kiểm soát khẩu phần trở nên quan trọng đối với chế độ ăn ít natri hoặc ít carb. Cấu hình vị ngọt-mặn đáp ứng sở thích ăn vặt hiện đại trong khi vẫn duy trì các yếu tố gia vị teriyaki truyền thống.",75
d2a38545-6016-586c-8cf6-94ee32fb5f53,,,Bánh cupcake nhung đỏ (Red Velvet Cupcake),DISH,405.0,4.2,20.0,54.0,1.0,35.0,300.0,9d4dc1ac-566d-45dd-8f5c-976afae98cfc,,,"Bánh cupcake nhung đỏ là một món tráng miệng cổ điển của Mỹ có đặc điểm là lớp vỏ màu đỏ rực rỡ và hương vị ca cao tinh tế, theo truyền thống được tăng cường nhờ phản ứng giữa bơ sữa có tính axit và bột ca cao tự nhiên. Chiếc bánh mềm, ẩm được phủ một lớp kem phô mai dày lên trên, tạo nên sự tương phản ngọt ngào đặc trưng. Mặc dù các công thức nấu ăn khác nhau nhưng hầu hết các phiên bản thương mại đều có màu đậm từ thuốc nhuộm thực phẩm và chứa lượng đường cũng như chất béo bão hòa đáng kể từ kem bơ hoặc kem phủ kem.",75
79cb3c63-e995-57a9-a500-4660c119f2f0,,,Brownie không chứa gluten (Gluten-Free Brownies),DISH,460.0,7.0,25.0,51.0,3.0,35.0,150.0,9d4dc1ac-566d-45dd-8f5c-976afae98cfc,,,"Bánh hạnh nhân không chứa gluten là một món tráng miệng thay thế cho bánh hạnh nhân truyền thống, sử dụng các loại bột như hạnh nhân hoặc dừa để loại bỏ gluten trong khi vẫn duy trì kết cấu đậm đặc, béo ngậy. Những món nướng này thường kết hợp các thành phần giàu dinh dưỡng như bơ hạt hoặc đậu đen, cung cấp lượng protein và chất xơ cao hơn so với các phiên bản thông thường. Nhiều công thức nấu ăn thay thế đường tinh luyện bằng chất làm ngọt tự nhiên như chà là hoặc xi-rô cây phong, phục vụ cho cả những người nhạy cảm với gluten và những người tiêu dùng quan tâm đến sức khỏe đang tìm kiếm món tráng miệng vừa ngon vừa dễ thích ứng.",75
4be01147-9dd0-5f25-93c7-e9b44fd34476,,,Salad trái cây với bánh pudding (Fruit Salad with Pudding),DISH,78.0,1.5,0.9,16.5,1.5,10.0,50.0,9d4dc1ac-566d-45dd-8f5c-976afae98cfc,,,"Salad trái cây với bánh pudding là một món tráng miệng có vị ngọt kết hợp trái cây tươi theo mùa với bánh pudding kem để tạo ra kết cấu và hương vị tương phản. Món ăn này thường có các sản phẩm giàu vitamin như quả mọng, cam quýt hoặc trái cây nhiệt đới trộn với vani hoặc bánh pudding kiểu sữa trứng, góp phần bổ sung đường và protein từ sữa. Mặc dù cung cấp chất xơ và chất chống oxy hóa từ toàn bộ trái cây, nhưng thành phần dinh dưỡng của nó thay đổi đáng kể dựa trên phương pháp chế biến, với các loại bánh pudding mua ở cửa hàng thường làm tăng hàm lượng đường tinh luyện và chất béo bão hòa so với các loại bánh tự làm.",75
48af898d-bb09-5975-99cd-b91711563e0e,,,Bánh quy thuần chay (Vegan Cookies),DISH,440.0,6.0,24.0,60.0,2.0,32.0,240.0,9d4dc1ac-566d-45dd-8f5c-976afae98cfc,,,"Bánh quy thuần chay là phiên bản làm từ thực vật của bánh quy truyền thống được làm mà không có bất kỳ sản phẩm động vật nào như trứng, sữa hoặc bơ. Những món ăn này thường có bột ngũ cốc nguyên hạt, chất béo có nguồn gốc thực vật và sô-cô-la chip không chứa sữa, tạo ra những chiếc bánh quy có hương vị và kết cấu gần giống với các phiên bản thông thường. Mặc dù có lượng calo tương tự như bánh quy tiêu chuẩn, nhưng chúng thường cung cấp thêm chất xơ từ ngũ cốc nguyên hạt và hạt lanh, đồng thời thường được pha chế để đáp ứng nhiều chế độ ăn kiêng bao gồm dị ứng sữa và trứng.",75
13e965ed-ef06-5ee9-8333-6a30f7deeda7,,,Bánh khoai tây chiên quế có đường (Sweetened Cinnamon Popcorn Chips),DISH,464.0,10.7,17.9,71.4,12.9,10.7,382.0,9d4dc1ac-566d-45dd-8f5c-976afae98cfc,,,"Bánh bỏng ngô quế ngọt là một món ăn nhẹ được làm bằng cách ép bắp rang nguyên hạt thành những tấm bánh xốp mỏng, giòn phủ quế và đường. Trong khi vẫn duy trì kết cấu nhẹ đặc trưng của bỏng ngô và một số hàm lượng chất xơ vốn có, dạng chế biến này bổ sung chất làm ngọt đáng kể so với các loại bỏng ngô. Hương vị gia vị ấm áp và độ giòn khiến chúng trở thành một món ăn nhẹ thay thế ngọt ngào, mặc dù có mật độ carbohydrate cao hơn đáng kể từ đường bổ sung.",75
93d6b738-4cf9-51a3-bf0a-dca8fbef95de,,,Kem phủ dừa có đường (Sweetened Coconut Whipped Topping),DISH,250.0,0.0,15.0,29.0,0.0,27.0,40.0,9d4dc1ac-566d-45dd-8f5c-976afae98cfc,,,"Kem dừa đánh bông có đường là một loại kem thay thế có nguồn gốc từ thực vật cho kem sữa, được làm bằng cách đánh kem dừa ướp lạnh hoặc sữa có thêm đường. Tùy chọn không chứa sữa này mang lại kết cấu nhẹ, thoáng mát và hương vị nhiệt đới tinh tế, lý tưởng cho các món tráng miệng thuần chay hoặc chế độ ăn không có lactose. Mặc dù có hàm lượng protein thấp hơn kem đánh bông truyền thống nhưng nó chứa chất béo bão hòa từ dừa cao hơn và cần kiểm soát khẩu phần cẩn thận do có thêm chất làm ngọt.",75
815c3a07-e335-5451-b647-4d03cc98bd58,,,"Bánh phồng phô mai, nấu chín (Cheese Puff Pastry, Cooked)",DISH,527.0,10.9,37.4,36.8,1.2,0.62,350.0,9d4dc1ac-566d-45dd-8f5c-976afae98cfc,,,"Bánh phồng phô mai là một món nướng thơm ngon được làm bằng cách xếp lớp bột nhiều lớp bơ với phô mai bào trước khi nướng đến độ vàng hoàn hảo. Quá trình nấu ăn tạo ra một kết cấu nhẹ, thoáng mát với các lớp giòn, bong tróc và hương vị đậm đà, béo ngậy. Mặc dù cung cấp lượng protein khiêm tốn từ pho mát nhưng nó lại chứa nhiều calo do hàm lượng chất béo cao từ bơ và pho mát, đồng thời chứa gluten từ bột làm từ lúa mì.",75
be0b9a88-b7a9-5415-af37-23534632735a,,,Kẹo dẻo rượu vang (Wine Gums),DISH,335.0,4.5,0.4,78.0,0.0,78.0,10.0,9d4dc1ac-566d-45dd-8f5c-976afae98cfc,,,"Kẹo cao su rượu vang là một loại bánh kẹo làm từ gelatin dai, có hương vị trái cây, có hình dạng truyền thống giống với các loại rượu vang như port hoặc sherry, mặc dù chúng không chứa cồn. Những loại đồ ngọt này có kết cấu chắc nhưng mềm từ nền gelatin (hoặc pectin trong các phiên bản thuần chay) và được phủ đường để có bề ngoài giòn nhẹ. Mặc dù chủ yếu bao gồm carbohydrate với hàm lượng protein hoặc chất béo tối thiểu, nhưng hàm lượng đường cao của chúng khiến việc kiểm soát khẩu phần trở nên quan trọng đối với việc theo dõi dinh dưỡng.",75
b808002b-d623-5630-916e-ea5fdcd80bc4,,,Salad bông cải xanh có đường (Sweetened Broccoli Salad),DISH,160.0,4.0,10.0,15.0,3.0,9.0,280.0,9d4dc1ac-566d-45dd-8f5c-976afae98cfc,,,"Salad bông cải xanh ngọt là một món ăn được chế biến sẵn kết hợp những bông bông cải xanh sống với nước sốt có đường và các thành phần như trái cây sấy khô hoặc hạt kẹo để tạo ra sự tương phản giữa kết cấu sắc nét và vị ngọt rõ rệt. Không giống như món salad bông cải xanh mặn truyền thống, phiên bản này thường bao gồm các thành phần kem như sốt mayonnaise hoặc sữa chua cùng với các điểm nhấn mặn như thịt xông khói hoặc hạt hướng dương. Trong khi bông cải xanh sống cung cấp chất xơ và vitamin, thì đường và nước sốt bổ sung làm tăng đáng kể mật độ calo của nó, khiến nhận thức về khẩu phần ăn trở thành chìa khóa để theo dõi dinh dưỡng.",75
971a2c80-f0f0-5ee4-86f4-1e45384a1900,,,Bánh gạo trắng (White Rice Cake),DISH,392.0,7.1,4.3,81.1,4.2,0.88,71.0,9d4dc1ac-566d-45dd-8f5c-976afae98cfc,,,"Bánh gạo trắng là một món ăn nhẹ ít béo, không chứa gluten được làm từ gạo trắng căng phồng được ép thành đĩa tròn. Quá trình làm giàu bổ sung lại sắt và vitamin B bị mất trong quá trình xay xát, trong khi phương pháp làm phồng tạo ra độ giòn thoáng và hương vị nhẹ đặc trưng. Mặc dù có ít chất xơ hơn so với các loại bánh thay thế ngũ cốc nguyên hạt, nhưng những chiếc bánh này cung cấp năng lượng nhanh chóng với chỉ số đường huyết cao, thường được sử dụng làm lớp nền cho lớp phủ ngọt hoặc mặn trong chế độ ăn kiêng hạn chế calo.",75
c3688eb8-64a1-5a6c-b786-ee3d28b5d1aa,,,Bánh ngọt nhiều lớp sô cô la (Chocolate Layer Cake),DISH,367.0,4.1,16.4,54.6,0.0,33.0,350.0,9d4dc1ac-566d-45dd-8f5c-976afae98cfc,,,"Bánh lớp sô cô la là một món tráng miệng ăn mừng cổ điển bao gồm nhiều lớp bánh xếp chồng lên nhau xen kẽ với lớp phủ ngọt, điển hình là kem bơ sô cô la hoặc ganache. Món nướng hấp dẫn này có hương vị đậm đà từ bột ca cao hoặc sô cô la tan chảy trong bột, trong khi mật độ calo cao bắt nguồn từ bột mì, đường và bơ hoặc dầu tinh chế. Mặc dù có sự khác biệt về kiểu phủ kem và cách trang trí, nhưng tất cả các phiên bản đều có đặc điểm là đường đậm đặc và carbohydrate, khiến việc kiểm soát khẩu phần trở nên cần thiết để theo dõi dinh dưỡng.",75
1259d337-9618-5c64-8e34-af323f28bc31,,,Bánh ngọt vani với kem phủ kem đánh bông (Vanilla Cake with Whipped Cream Icing),DISH,430.0,4.0,20.0,56.0,0.5,35.0,350.0,9d4dc1ac-566d-45dd-8f5c-976afae98cfc,,,"Bánh vani với kem đánh bông là một món tráng miệng nhiều lớp cổ điển bao gồm một chiếc bánh bông lan bơ ngọt ngào kết hợp với lớp phủ kem nhẹ làm từ sữa. Chiếc bánh có hương vị đặc trưng từ chiết xuất vani và đường tinh luyện, trong khi lớp kem kết hợp kem tươi đánh bông với đường bột để tạo ra kết cấu tinh tế, thoáng mát, tương phản với lớp vỏ bánh. Món tráng miệng ăn mừng này đặc biệt có hàm lượng carbohydrate và chất béo bão hòa cao, với lớp kem cung cấp lượng đường thay thế thấp hơn cho kem bơ trong khi vẫn cần để lạnh do hàm lượng sữa.",75
12f90e0d-be98-5c9f-884b-de1fa96d1fa5,,,Xi-rô sô cô la không đường (Unsweetened Chocolate Syrup),DISH,250.0,5.0,12.0,31.0,8.0,1.0,10.0,9d4dc1ac-566d-45dd-8f5c-976afae98cfc,,,"Xi-rô sô cô la không đường là sản phẩm ca cao cô đặc được làm hoàn toàn từ bột ca cao, nước và chất ổn định, không chứa thêm đường hoặc chất làm ngọt. Hương vị sô cô la đắng đậm đà và kết cấu sền sệt của nó bắt nguồn từ hàm lượng chất rắn ca cao cao, cung cấp lượng magiê và sắt đáng chú ý cho mỗi khẩu phần. Xi-rô này chủ yếu được sử dụng trong làm bánh và tùy chỉnh công thức nấu ăn khi muốn có độ ngọt được kiểm soát, khiến nó trở thành nguyên liệu chính cho chế độ ăn ít đường và món tráng miệng thân thiện với keto.",75
6a79db14-e475-5b1a-b75d-b668d487911f,,,"Kẹo sô cô la, có gia vị (Chocolate Candy, Spiced)",INGREDIENT,420.0,2.0,24.0,52.0,7.0,36.0,260.0,9d4dc1ac-566d-45dd-8f5c-976afae98cfc,,,"Kẹo sôcôla gia vị là loại bánh kẹo kết hợp sôcôla truyền thống với các loại gia vị có tính ấm như quế, nhục đậu khấu, ớt hay bạch đậu khấu. Loại kẹo đặc biệt này thường có nền sô cô la đậm đà được tăng cường bởi các loại gia vị thơm, lấy cảm hứng từ truyền thống sô cô la lịch sử của người Aztec và Mexico. Sự kết hợp này tạo ra một hương vị phức tạp giúp cân bằng vị ngọt của sô cô la với độ nóng tinh tế hoặc hương thơm, trong khi vẫn duy trì kết cấu mịn màng, tan chảy trong miệng đặc trưng của sô cô la.",75
7adad2ac-636c-5737-bbec-adeb01df57e9,,,Hỗn hợp hạnh nhân có đường (Sweetened Almond Paste),DISH,458.0,9.0,27.7,47.8,4.8,36.25,9.0,9d4dc1ac-566d-45dd-8f5c-976afae98cfc,,,"Bột hạnh nhân ngọt là một nguyên liệu làm bánh dẻo được làm từ hạnh nhân nghiền mịn trộn với đường và các chất kết dính. Mặc dù tương tự như bánh hạnh nhân, nhưng nó chứa ít đường hơn và duy trì kết cấu đậm đặc hơn, lý tưởng để tạo hình thành nhân bánh kẹo hoặc trang trí bánh ngọt. Sản phẩm giàu calo này cung cấp chất béo không bão hòa đơn lành mạnh từ hạnh nhân nhưng yêu cầu nhận thức về khẩu phần do hàm lượng đường đậm đặc, khiến nó không phù hợp với chế độ ăn kiêng low-carb.",75
bf35678b-f47d-55cc-8553-1dec36bc32c4,,,Bánh ngọt bánh gừng (Gingerbread Cake),DISH,356.0,3.9,16.4,49.2,1.0,30.0,327.0,9d4dc1ac-566d-45dd-8f5c-976afae98cfc,,,"Bánh gừng là một món tráng miệng gia vị truyền thống có màu đậm, đậm đà và sự pha trộn đặc biệt của gừng, quế, nhục đậu khấu và mật đường. Không giống như phiên bản bánh quy giòn hơn, phiên bản bánh này có lớp vỏ ẩm, đặc và hương vị mật đường đậm đà hơn. Thường được làm bằng lúa mì nguyên hạt hoặc bột mì đa dụng và dầu thực vật hoặc bơ, đây là một món tráng miệng tương đối thịnh soạn, đặc biệt gắn liền với những ngày nghỉ đông và món ăn thoải mái trong thời tiết lạnh.",75
dcef9204-7eaf-5d48-9df1-c1dd78a7a652,,,Donut rượu táo (Apple Cider Donut),INGREDIENT,366.0,5.5,19.2,43.1,1.5,22.0,420.0,9d4dc1ac-566d-45dd-8f5c-976afae98cfc,,,"Bánh rán rượu táo là một loại bánh rán kiểu bánh được pha với ít rượu táo, mang lại vị ngọt trái cây đặc trưng và kết cấu ẩm. Những món ăn theo mùa này được tẩm gia vị truyền thống với quế và nhục đậu khấu, sau đó phủ một lớp đường quế để có bề ngoài giòn. Mặc dù có hàm lượng chất béo thấp hơn so với bánh rán làm từ men, nhưng chúng vẫn chứa nhiều calo do hàm lượng đường cao từ việc giảm rượu táo và thêm chất ngọt.",75
e521c929-0e86-5aa8-8ab9-a647c26a9076,,,Me có đường (Sweetened Tamarind),DISH,290.0,3.0,0.5,70.0,7.0,52.0,10.0,9d4dc1ac-566d-45dd-8f5c-976afae98cfc,,,"Me ngọt là một dạng chế biến của trái cây nhiệt đới có vị chua tự nhiên, trong đó đường được thêm vào để cân bằng hương vị chua ngọt đặc trưng của nó. Loại bột nhão hoặc kẹo dính, màu nâu sẫm này thường được sử dụng trong các món ăn Nam Á và Đông Nam Á như một loại gia vị hoặc món ngọt. Mặc dù vẫn giữ lại một số khoáng chất và chất xơ tự nhiên của me, nhưng lượng đường bổ sung làm tăng đáng kể hàm lượng calo của nó so với trái cây không đường.",75
55f53715-0150-5c4a-bd00-7b92adbbb95b,,,Bột whey ngọt (Sweet Whey Powder),INGREDIENT,353.0,12.9,1.07,74.5,0.0,74.5,1079.0,9d4dc1ac-566d-45dd-8f5c-976afae98cfc,,,"Bột whey ngọt là một sản phẩm protein sữa có nguồn gốc từ sản phẩm phụ dạng lỏng của quá trình sản xuất phô mai, đã được sấy phun thành bột mịn. Dạng whey này vẫn giữ được hàm lượng lactose tự nhiên và có vị nhẹ, hơi ngọt, khác biệt với bột whey axit. Nó đóng vai trò là nguồn cung cấp protein chất lượng cao và các axit amin thiết yếu, đồng thời cung cấp các khoáng chất quan trọng như canxi và kali thường được sử dụng trong thực phẩm bổ sung protein, đồ nướng và các sản phẩm thực phẩm chế biến sẵn.",75
745a9708-8b4a-53f1-be8d-4eca5e43fa7e,,,Sô cô la chip bơ đậu phộng có đường (Sweetened Peanut Butter Chips),INGREDIENT,529.0,18.3,29.8,46.9,5.0,38.3,250.0,9d4dc1ac-566d-45dd-8f5c-976afae98cfc,,,"Bánh bơ đậu phộng có đường là một nguyên liệu làm bánh ổn định khi bảo quản được làm từ bơ đậu phộng trộn với đường và chất ổn định để duy trì hình dạng khi đun nóng. Không giống như bơ đậu phộng tự nhiên, những loại khoai tây chiên này có chứa chất làm ngọt bổ sung và có kết cấu chắc hơn, mềm hơn mà không tan chảy hoàn toàn, khiến chúng trở nên lý tưởng cho bánh quy, hỗn hợp đường hoặc món tráng miệng không nướng. Mặc dù chúng giữ lại một số protein từ đậu phộng nhưng hàm lượng đường của chúng cao hơn đáng kể so với các sản phẩm đậu phộng không đường.",75
40339ca6-1e1f-5c24-8ac4-67a9d44f9d62,,,Bánh ngọt cam (Orange Cake),DISH,370.0,3.0,14.0,58.0,1.5,30.0,350.0,9d4dc1ac-566d-45dd-8f5c-976afae98cfc,,,"Bánh cam là một món tráng miệng làm từ cam quýt kết hợp nước cam tươi và vỏ với bột ngọt để tạo ra một lớp bánh ẩm và thơm. Món nướng này cân bằng độ axit sáng với vị ngọt đậm đà, thường được tăng cường bằng men cam hoặc đường bột phủ lên trên. Mặc dù cung cấp một lượng vitamin C khiêm tốn từ các thành phần cam quýt, nhưng nó vẫn chứa nhiều carbohydrate do có chứa bột và đường, khiến nhận thức về khẩu phần ăn trở thành chìa khóa để theo dõi dinh dưỡng.",75
5c97bce7-8e39-5d74-8f97-26f25b31d554,,,Bánh ngọt cà phê quế (Cinnamon Coffee Cake),DISH,418.0,6.8,23.3,46.7,2.0,25.0,351.0,9d4dc1ac-566d-45dd-8f5c-976afae98cfc,,,"Bánh cà phê quế là một loại bánh nướng ăn sáng có vị ngọt đặc trưng bởi các lớp xoáy đường quế đặc trưng và lớp trên cùng là lớp vụn bơ. Chiếc bánh đặc nhưng mềm này lấy phần lớn lượng calo từ carbohydrate tinh chế và đường bổ sung, với lớp phủ vụn đóng góp đáng kể chất béo bão hòa từ bơ. Mặc dù theo truyền thống không được ăn cùng với cà phê bất chấp tên gọi của nó, nhưng nó vẫn là một món ăn kèm phổ biến với đồ uống nóng và thường bao gồm các biến thể với các loại hạt hoặc cải tiến streusel.",75
627bc328-c359-5f97-9b17-56fe885b1bac,,,Bánh kem nhân sô cô la (Chocolate-Filled Cream Puff),DISH,361.86,3.3,23.9,34.3,0.9,18.03,186.2,9d4dc1ac-566d-45dd-8f5c-976afae98cfc,,,"Bánh phồng kem nhân sô cô la là một loại bánh ngọt lấy cảm hứng từ Pháp bao gồm một lớp vỏ bánh choux rỗng chứa đầy kem ngọt và sô cô la ganache hoặc sữa trứng. Lớp vỏ giòn, thoáng mát tương phản với phần nhân béo ngậy, mượt mà, tạo nên một món tráng miệng nổi bật với hàm lượng đường cao và chất béo bão hòa. Thường được phục vụ ướp lạnh, món ăn hấp dẫn này phổ biến trong các tiệm bánh ngọt và các dịp ăn mừng, cung cấp lượng protein tối thiểu nhưng lượng calo đáng kể trên mỗi phần ăn.",75
d5713f87-995a-5e88-bda6-9d84e99e2323,,,Churros nhân sô cô la (Chocolate-Filled Churros),DISH,370.0,5.0,18.0,47.0,2.0,18.0,350.0,9d4dc1ac-566d-45dd-8f5c-976afae98cfc,,,"Churros nhân sô cô la là một loại bánh bột chiên nổi bật bởi lớp vỏ ngoài giòn, vàng và nhân sô cô la đậm đà. Những món ăn lấy cảm hứng từ Tây Ban Nha này được làm bằng cách trộn bột bánh ngọt choux vào dầu nóng, tạo ra kết cấu có đường vân, sau đó thêm vào chúng ganache sô cô la ngọt hoặc sô cô la tan chảy. Mặc dù hấp dẫn nhưng chúng lại chứa nhiều carbohydrate, đường và chất béo do quá trình chiên và làm nhân, khiến chúng thỉnh thoảng trở thành món ăn vặt hơn là món ăn nhẹ hàng ngày.",75
f1e5cf23-4aa2-5b75-a27c-35561ad0fb24,,,Kem phủ caramel (Caramel Icing),DISH,378.0,0.0,16.22,62.0,1.0,55.0,150.0,9d4dc1ac-566d-45dd-8f5c-976afae98cfc,,,"Kem caramel là một loại bánh ngọt đậm đà, ngọt ngào được làm bằng cách đun nóng đường và bơ cho đến khi caramen hóa, sau đó kết hợp với sữa hoặc kem để tạo thành lớp phủ có thể phết được. Lớp kem màu hổ phách này đông cứng ở nhiệt độ phòng với kết cấu giống như kẹo mềm đặc biệt giúp phân biệt với các loại kem bơ mềm hơn. Mặc dù chủ yếu được sử dụng trên các loại bánh nhiều lớp và bánh mì nhanh, nhưng lớp phủ có hàm lượng đường cao này đặc biệt đậm đặc và có hương vị đậm đà hơn so với kem vani hoặc sô cô la truyền thống.",75
0b4d6b65-ee74-58b7-849b-6a012855f687,,,Bánh tart sô cô la (Chocolate Tart),DISH,450.0,7.0,29.0,40.0,4.0,28.0,300.0,9d4dc1ac-566d-45dd-8f5c-976afae98cfc,,,"Bánh tart sô-cô-la là một món tráng miệng hấp dẫn với lớp vỏ bánh ngọt giòn chứa đầy ganache hoặc sữa trứng sô-cô-la ngọt ngào, mịn màng. Loại bánh ngọt có nguồn gốc từ Pháp này cân bằng hương vị ca cao đậm đà với lớp vỏ giòn, bơ, tạo nên sự tương phản về kết cấu làm nổi bật sự hấp dẫn của nó. Mặc dù giàu dinh dưỡng với đường và chất béo bão hòa do thành phần sô cô la và vỏ bánh, nhưng các biến thể sử dụng sô cô la đen (70% + ca cao) có thể mang lại lợi ích chống oxy hóa khiêm tốn. Các phiên bản truyền thống thường chứa gluten và sữa, mặc dù các phiên bản hiện đại phục vụ cho chế độ ăn thuần chay hoặc không chứa gluten.",75
607f64e4-825c-5599-af5c-efaab7e663c3,,,"Sữa gai dầu, có đường (Hemp Milk, Sweetened)",INGREDIENT,45.0,1.5,2.5,4.0,0.5,3.0,40.0,9d4dc1ac-566d-45dd-8f5c-976afae98cfc,,,"Sữa gai dầu là một loại đồ uống có nguồn gốc từ thực vật được làm bằng cách trộn nước với hạt gai dầu đã bóc vỏ, sau đó được làm ngọt bằng đường mía hoặc xi-rô để có hương vị béo ngậy, béo ngậy. Không giống như các loại sữa làm từ hạt hoặc đậu nành, nó tự nhiên không chứa các chất gây dị ứng thông thường và cung cấp axit béo omega-3 và omega-6 theo tỷ lệ 3:1 tối ưu. Phiên bản có đường có chứa carbohydrate bổ sung nhưng vẫn giữ lại thành phần protein thực vật hoàn chỉnh của hạt cây gai dầu, khiến nó trở thành một loại sữa thay thế linh hoạt cho sinh tố, ngũ cốc hoặc nướng bánh. Lưu ý: Có nguồn gốc từ hạt Cannabis sativa, nó không chứa hợp chất thần kinh.",75
301da300-d660-54d6-a179-96a4d25cb788,,,Món tráng miệng gelatin không đường (Sugar-Free Gelatin Dessert),INGREDIENT,198.0,15.7,0.0,80.2,0.1,0.0,862.0,9d4dc1ac-566d-45dd-8f5c-976afae98cfc,,,"Món tráng miệng gelatin không đường là một loại bột có nguồn gốc từ protein được làm từ protein collagen tinh khiết tạo thành dạng gel trong, chắc khi trộn với nước. Phiên bản không đường này hầu như không chứa calo và đóng vai trò như một cơ sở linh hoạt cho cả chế phẩm ngọt và mặn. Bột không hương vị đặc biệt có giá trị trong các quy trình ăn kiêng đặc biệt và phát triển công thức nấu ăn khi cần kiểm soát loại và lượng chất làm ngọt.",75
d4cc8d50-cfc5-5dd4-8c89-6df4f18d6a26,,,Bánh ngọt vani dạng tấm (Vanilla Sheet Cake),DISH,410.0,3.95,22.4,50.0,1.3,38.0,167.0,9d4dc1ac-566d-45dd-8f5c-976afae98cfc,,,"Bánh gato vani là một món tráng miệng cổ điển của Mỹ có đặc điểm là hình chữ nhật một lớp và cấu trúc vụn bánh nhẹ, thoáng. Được làm bằng bơ, đường, trứng và chiết xuất vani, chiếc bánh này đạt được độ mềm đặc trưng thông qua phương pháp đánh kem kết hợp không khí vào bột. Mặc dù cung cấp năng lượng nhanh chóng từ carbohydrate và đường, nhưng nó thường chứa gluten và sữa, với việc kiểm soát khẩu phần là điều cần thiết để theo dõi dinh dưỡng do chuẩn bị hàng loạt tiêu chuẩn lớn cho các lễ kỷ niệm và sự kiện.",75
3cd63f24-db47-5c6f-bcf6-a53d1756c020,,,Bánh Mochi khoai môn có đường (Sweetened Taro Mochi),DISH,326.0,2.9,0.0,80.0,0.0,28.6,92.0,9d4dc1ac-566d-45dd-8f5c-976afae98cfc,,,"Mochi khoai môn ngọt là một loại bánh kẹo Nhật Bản có bột gạo nếp dai chứa đầy bột khoai môn ngọt. Phần nhân màu tím rực rỡ, được làm từ củ khoai môn giàu tinh bột, tương phản với hương vị nhẹ nhàng và kết cấu đàn hồi của bột, đồng thời thêm đường làm tăng sức hấp dẫn giống như món tráng miệng. Món ăn không chứa gluten này thường được hấp và thưởng thức như một món ăn nhẹ hoặc món tráng miệng, cung cấp sự cân bằng giữa carbohydrate và các chất dinh dưỡng từ rau củ tự nhiên cùng với lượng đường bổ sung vừa phải.",75
837adb0a-e223-5ee7-9cfd-d04c4ada3160,,,Bánh ngọt nhẹ sô cô la (Chocolate Snack Cake),DISH,399.0,3.63,15.9,60.3,3.2,37.8,332.0,9d4dc1ac-566d-45dd-8f5c-976afae98cfc,,,"Bánh snack sô cô la là một món tráng miệng đóng gói sẵn được thiết kế để thuận tiện cho việc ăn một lần, đặc trưng bởi kết cấu ẩm và vị ngọt đậm. Những chiếc bánh ổn định này thường chứa đường bổ sung làm nguồn carbohydrate chính, cùng với dầu thực vật hoặc xi-rô để duy trì độ mềm, đồng thời cung cấp tối thiểu protein hoặc chất xơ. Mặc dù có hàm lượng chất béo thấp hơn so với bánh phủ kem nhưng chúng thường chứa chất bảo quản và hương vị nhân tạo để tăng tuổi thọ và hương vị.",75
cb2dece6-f3c3-56da-ba24-25c23a9f1093,,,Hỗn hợp bánh pudding bơ không đường (Sugar-Free Butterscotch Pudding Mix),INGREDIENT,357.0,0.0,0.0,71.0,0.0,0.0,4000.0,9d4dc1ac-566d-45dd-8f5c-976afae98cfc,,,"Hỗn hợp bánh pudding bơ không đường là sản phẩm cơ bản tráng miệng tái tạo hương vị đường nâu caramen của bánh bơ truyền thống bằng cách sử dụng chất làm ngọt nhân tạo và hương vị tự nhiên. Hỗn hợp khô này thường chứa tinh bột thực phẩm biến tính làm chất làm đặc và cần thêm sữa lạnh để chuẩn bị. Nó cung cấp một giải pháp thay thế ít calo hơn cho hỗn hợp bánh pudding thông thường trong khi vẫn duy trì kết cấu và hương vị ngọt ngào tương tự, phù hợp với chế độ ăn kiêng hạn chế đường.",75
d23ac85a-80a7-5c16-a93e-2805b56566c8,,,Hỗn hợp khoai lang (Sweet Potato Paste),DISH,101.0,1.98,0.2,23.2,1.7,5.45,75.0,9d4dc1ac-566d-45dd-8f5c-976afae98cfc,,,"Bột khoai lang là một dạng khoai lang nấu chín mịn, cô đặc đã được nghiền và chế biến thành một hỗn hợp đồng nhất. Thành phần có vị ngọt tự nhiên này giữ lại beta-carotene và chất xơ của khoai lang nguyên củ đồng thời mang lại kết cấu linh hoạt hơn cho các ứng dụng nấu ăn. Thường được sử dụng trong các món tráng miệng và bánh nướng châu Á, nó mang lại độ đặc, mịn và màu vàng cam đặc trưng khiến nó được ưa chuộng để làm nhân và phết.",75
e3d8f006-973e-5f20-b432-1bf7ecfcdd40,,,Bánh ngọt cà phê nhân phô mai việt quất (Blueberry Cheese-Filled Coffee Cake),DISH,497.0,9.2,15.7,79.7,1.5,50.0,300.0,9d4dc1ac-566d-45dd-8f5c-976afae98cfc,,,"Bánh cà phê nhân phô mai việt quất là một loại bánh nướng có vị ngọt bao gồm các lớp bánh vani xen kẽ, nhân phô mai kem và mứt việt quất, bên trên là một lớp vụn bơ vụn. Món bánh kiểu tráng miệng hấp dẫn này có nguồn gốc carbohydrate chính từ bột tinh chế và đường bổ sung, trong khi phô mai kem đóng góp hàm lượng chất béo bão hòa đáng kể và thành phần protein khiêm tốn. Sự kết hợp giữa phô mai kem thơm, quả mọng chua ngọt và lớp phủ giòn tạo nên hương vị phong phú thường được phục vụ vào bữa sáng hoặc cà phê buổi chiều.",75
ef2ba3e9-ed89-5ae1-9c7c-7c4c72338f70,,,Bánh pierogi ngọt (Sweet Pierogi),DISH,245.0,10.0,5.0,40.0,2.0,5.0,300.0,9d4dc1ac-566d-45dd-8f5c-976afae98cfc,,,"Pierogi ngọt là loại bánh bao truyền thống của Trung và Đông Âu có lớp bột mềm, không lá bọc quanh nhân ngọt như pho mát của nông dân, trái cây có hạt hoặc quả mọng. Những chiếc bánh bao luộc hoặc áp chảo này thường được phủ đường bột hoặc rưới bơ tan chảy và nước ép trái cây, mang đến một biến thể tập trung vào món tráng miệng khác với bánh pierogi nhân thịt hoặc khoai tây mặn. Mặc dù giàu carbohydrate và đường nhưng chúng cung cấp lượng protein vừa phải khi làm với nhân phô mai và thường phù hợp với người ăn chay.",75
68a2fc6f-23aa-5e46-9546-17bab0439a9a,,,Nhân bánh chanh có đường (Sweetened Lemon Pie Filling),DISH,407.0,0.0,0.0,96.3,0.0,96.3,280.0,9d4dc1ac-566d-45dd-8f5c-976afae98cfc,,,"Nhân bánh chanh ngọt là một món tráng miệng thương mại cơ bản kết hợp hương vị chanh đậm đặc với lượng đường bổ sung đáng kể và chất làm đặc như bột bắp hoặc tinh bột thực phẩm biến tính. Được thiết kế để thuận tiện, loại nhân làm sẵn này có kết cấu bóng, giống như bánh pudding, có thể đông lại mà không cần nướng, giúp phân biệt với các chế phẩm sữa đông chanh đậm đà hơn có chứa trứng và bơ. Mặc dù mang lại hương vị cam quýt đậm đà nhưng nó thường cung cấp lượng protein hoặc chất xơ tối thiểu và có thể chứa chất bảo quản để duy trì độ ổn định khi bảo quản.",75
fb7a4289-0d89-5753-9ba1-add7d02ae9c8,,,Bánh ngọt cà phê thuần chay (Vegan Coffee Cake),DISH,198.0,1.6,10.2,27.3,1.0,16.0,403.0,9d4dc1ac-566d-45dd-8f5c-976afae98cfc,,,"Bánh cà phê thuần chay là một món tráng miệng làm từ thực vật mô phỏng lại món bánh ăn nhẹ phủ vụn cổ điển sử dụng trứng và các sản phẩm thay thế sữa như hạt lanh, sốt táo hoặc sữa làm từ thực vật. Kết cấu ẩm của nó đến từ các thành phần như dầu thực vật hoặc bơ hạt, trong khi vẫn duy trì lớp phủ streusel có gia vị quế đặc trưng thường thấy ở các phiên bản truyền thống. Mặc dù không có sản phẩm từ động vật nhưng nó thường chứa hàm lượng đường và carbohydrate tương đương với bánh cà phê thông thường, với các biến thể không chứa gluten thường sử dụng bột yến mạch hoặc bột hạnh nhân.",75
6a0338a5-bfa5-5abd-9f5c-76fc6568f8ff,,,Bánh quy gia vị bí ngô (Pumpkin Spice Cookies),DISH,371.0,3.7,16.7,51.9,2.0,30.0,480.0,9d4dc1ac-566d-45dd-8f5c-976afae98cfc,,,"Bánh quy gia vị bí ngô là một món nướng theo mùa với sự pha trộn ấm áp của quế, nhục đậu khấu, gừng và đinh hương kết hợp với bí ngô xay nhuyễn. Những chiếc bánh quy mềm, giống như bánh này thường kết hợp vị ngọt nhẹ của bí ngô với đường và bơ bổ sung, tạo nên một món tráng miệng thơm và béo ngậy. Mặc dù cung cấp lượng chất xơ khiêm tốn từ bí ngô, nhưng chúng chủ yếu là một món ăn giàu năng lượng do chứa carbohydrate tinh chế và hàm lượng chất béo bổ sung.",75
91e045cd-82bd-50fc-9aa8-b06d221c286e,,,Hỗn hợp gừng có đường (Sweetened Ginger Paste),DISH,200.0,1.5,2.0,42.0,3.0,35.0,30.0,9d4dc1ac-566d-45dd-8f5c-976afae98cfc,,,"Bột gừng ngọt là hỗn hợp đậm đặc của củ gừng xay, đường và chất bảo quản được thiết kế để sử dụng trong nấu ăn thuận tiện. Sản phẩm ổn định khi bảo quản này mang lại hương vị gừng đậm đà với vị ngọt rõ rệt, khiến nó trở nên phổ biến trong các món nướng, nước xốt và men lấy cảm hứng từ châu Á. Mặc dù nó loại bỏ kết cấu xơ của gừng tươi, nhưng lượng đường bổ sung của nó làm tăng đáng kể hàm lượng carbohydrate so với các chế phẩm gừng sống hoặc không đường.",75
702d6e85-f17b-50df-8f19-aba1258f922d,,,Kẹo bơ đậu phộng giòn phủ sô cô la (Chocolate-Coated Peanut Brittle),DISH,475.0,7.0,25.0,60.0,2.5,55.0,200.0,9d4dc1ac-566d-45dd-8f5c-976afae98cfc,,,"Đậu phộng giòn phủ sô cô la là một loại bánh ngọt kết hợp đường caramen giòn nhúng với đậu phộng rang và bọc trong một lớp sô cô la ủ. Món ăn này tương phản với kết cấu cứng giống như thủy tinh đặc trưng của loại bánh giòn với vị sô cô la mịn màng, mang lại mật độ năng lượng cao từ hàm lượng đường và chất béo. Trong khi đậu phộng đóng góp lượng protein và chất xơ khiêm tốn, sản phẩm lại chứa nhiều calo và chứa các chất gây dị ứng phổ biến bao gồm các loại hạt và sữa (tùy thuộc vào loại sô cô la).",75
7c03329e-1573-5727-a66a-8aaf324d61e3,,,Xi-rô việt quất có đường (Sweetened Blueberry Syrup),INGREDIENT,350.0,0.0,0.0,87.0,0.0,83.0,0.0,9d4dc1ac-566d-45dd-8f5c-976afae98cfc,,,"Xi-rô việt quất ngọt là một loại gia vị có hương vị trái cây được chế biến bằng cách nấu quả việt quất với đường bổ sung, thường là xi-rô ngô hoặc sucrose, để tạo ra chất lỏng đặc, có thể rót được. Mặc dù vẫn giữ được một số hương vị việt quất nhưng hàm lượng đường cao làm tăng đáng kể mật độ calo đồng thời làm giảm lượng chất xơ tự nhiên và chất chống oxy hóa có trong quả mọng tươi. Xi-rô này chủ yếu được sử dụng làm lớp phủ cho bánh kếp, món tráng miệng hoặc đồ uống hơn là một thành phần dinh dưỡng.",75
6d3db407-943d-5226-828d-18f1b257fe87,,,Bánh ngọt kem (Ice Cream Cake),DISH,301.0,3.9,14.4,39.0,0.5,33.0,140.0,9d4dc1ac-566d-45dd-8f5c-976afae98cfc,,,"Bánh kem là món tráng miệng đông lạnh nhiều lớp kết hợp bánh truyền thống với kem theo từng phần xen kẽ nhau. Loại bánh kẹo đông lạnh này thường có ít nhất một lớp bánh và một lớp kem, thường được ngăn cách bởi các thành phần bổ sung như kẹo mềm, vụn bánh quy hoặc miếng kẹo. Do hàm lượng đường và sữa cao, bánh kem là một món tráng miệng chứa nhiều calo, cần bảo quản trong tủ lạnh liên tục và rã đông trong thời gian ngắn trước khi dùng để đạt được kết cấu tối ưu.",75
1a9065bd-b33c-5d07-bdbf-9842c03c85cb,,,Hỗn hợp ổi có đường (Sweetened Guava Paste),DISH,300.0,0.0,0.2,70.0,3.0,67.0,5.0,9d4dc1ac-566d-45dd-8f5c-976afae98cfc,,,"Bột ổi ngọt là một loại trái cây cô đặc, ổn định, được làm bằng cách nấu ổi xay nhuyễn với đường cho đến khi đặc lại. Nguyên liệu truyền thống của Mỹ Latinh này có kết cấu chắc, có thể cắt lát và hương vị chua ngọt đậm đà, thường được kết hợp với phô mai trong món tráng miệng hoặc dùng làm nhân trong bánh ngọt. Mặc dù giàu vitamin C và chất xơ từ ổi nhưng hàm lượng đường của nó lại tập trung đáng kể trong quá trình chế biến, khiến việc nhận biết khẩu phần ăn trở thành chìa khóa để theo dõi dinh dưỡng.",75
b7293464-edf0-5526-8fb9-7c29c362d491,,,Bánh cupcake cà rốt (Carrot Cake Cupcake),DISH,410.0,4.0,26.0,42.5,2.5,25.0,220.0,9d4dc1ac-566d-45dd-8f5c-976afae98cfc,,,"Bánh cupcake cà rốt là một món tráng miệng có gia vị bao gồm cà rốt nghiền nướng thành bột ẩm, ngọt thường có hương vị quế, nhục đậu khấu và vani. Trong khi cà rốt cung cấp lượng chất xơ và beta-carotene khiêm tốn, việc bổ sung kem phô mai và đường tinh luyện làm cho món ăn này trở thành một món ăn có hàm lượng carbohydrate cao với hàm lượng chất béo bão hòa đáng chú ý. Những chiếc bánh nướng nhỏ này thường bao gồm các hỗn hợp như quả óc chó hoặc nho khô, thêm kết cấu nhưng làm tăng mật độ calo và nguy cơ gây dị ứng tiềm ẩn.",75
fd5d02cf-ec82-58ab-8c71-ef961595084e,,,Thanh kem cam vani (Orange Vanilla Ice Cream Bar),INGREDIENT,140.0,2.0,3.0,28.0,0.0,20.0,100.0,9d4dc1ac-566d-45dd-8f5c-976afae98cfc,,,"Orange Vanilla Ice Cream Bar là một món tráng miệng đông lạnh có nhân kem vani được bọc trong lớp phủ có hương vị cam rực rỡ. Sự kết hợp giữa kem sữa ngọt ngào, béo ngậy với hương cam quýt tươi sáng, thường được tăng cường bởi kết cấu tương phản giữa lớp bên trong mịn màng và lớp vỏ hơi giòn. Mặc dù cung cấp món ăn có kiểm soát khẩu phần thuận tiện, những thanh này thường chứa hàm lượng đường cao và có thể bao gồm hương liệu nhân tạo hoặc chất ổn định để duy trì kết cấu trong quá trình đông lạnh.",75
e8d8e537-f331-514c-8928-0df31729a217,,,Chiết xuất sô cô la (Chocolate Extract),INGREDIENT,360.0,4.0,20.0,4.0,0.0,4.0,0.0,9d4dc1ac-566d-45dd-8f5c-976afae98cfc,,,"Chiết xuất sô cô la là một chất tạo hương vị đậm đặc được tạo ra bằng cách hòa tan tinh chất ca cao trong rượu, tương tự như chiết xuất vani trong phương pháp pha chế. Chiết xuất chất lỏng này mang lại hương vị sô cô la đậm đà mà không cần thêm vị ngọt hoặc chất béo, khiến nó đặc biệt hữu ích trong các ứng dụng làm bánh và đồ uống, những nơi không cần thêm độ ẩm hoặc đường. Dung dịch gốc cồn cung cấp giải pháp thay thế ổn định cho bột ca cao đồng thời mang lại hương vị sô cô la rõ rệt hơn với số lượng nhỏ hơn.",75
216f2e19-9bb6-5504-9689-49fc94d31273,,,Bánh quy Spritz (Spritz Cookies),DISH,500.0,4.0,27.0,61.0,2.0,30.0,200.0,9d4dc1ac-566d-45dd-8f5c-976afae98cfc,,,"Bánh quy Spritz là loại bánh quy bơ truyền thống của châu Âu được làm bằng máy ép bánh quy, tạo ra các hoa văn trang trí đặc biệt và hình dạng tinh tế. Những chiếc bánh quy giòn nhưng mềm này được đặc trưng bởi hàm lượng bơ cao và hương vị vani đậm đà, khiến chúng trở thành món nướng chủ yếu trong kỳ nghỉ, đặc biệt là ở các nền văn hóa Đức và Scandinavia. Cái tên 'spritz' xuất phát từ từ tiếng Đức 'spritzen', có nghĩa là phun hoặc phun, đề cập đến phương pháp ép được sử dụng để tạo thành những món ăn nhỏ nhắn này.",75
6fee409e-9b7b-5010-9437-b1462b0bd319,,,Nhân bánh anh đào có đường (Sweetened Cherry Pie Filling),DISH,115.0,0.37,0.07,28.0,0.6,27.4,18.0,9d4dc1ac-566d-45dd-8f5c-976afae98cfc,,,"Nhân bánh anh đào ngọt là một sản phẩm đóng hộp làm sẵn bao gồm những quả anh đào bỏ hạt nấu trong xi-rô đặc, thường chứa đường bổ sung, bột ngô biến tính và chất bảo quản. Mặc dù tiện lợi cho món tráng miệng nhưng nó khác về mặt dinh dưỡng so với quả anh đào tươi ở chỗ có hàm lượng đường cao hơn đáng kể và ít chất xơ hơn do chế biến. Hỗn hợp này có độ đặc bóng, giống như gel và hương vị chua ngọt đậm đà, khiến nó trở thành lựa chọn phổ biến cho bánh nướng, bánh ngọt và lớp phủ trên món tráng miệng.",75
587248cb-1915-5ad9-8fb6-40702e56d588,,,"Bánh strudel óc chó, có đường (Walnut Strudel, Sweetened)",DISH,370.0,7.0,18.0,45.0,2.5,20.0,200.0,9d4dc1ac-566d-45dd-8f5c-976afae98cfc,,,"Walnut strudel là một loại bánh ngọt truyền thống của Vienna có bột phyllo mỏng, nhiều lớp chứa đầy hỗn hợp ngọt của quả óc chó nghiền, đường (hoặc mật ong) và các loại gia vị như quế. Món tráng miệng nướng cân bằng các lớp giòn, xốp với lớp nhân dày đặc, béo ngậy, giàu axit béo omega-3 từ quả óc chó. Mặc dù giàu dinh dưỡng nhờ protein và chất béo lành mạnh của hạt, nhưng các phiên bản thương mại thường chứa lượng đường bổ sung đáng kể, khiến việc nhận biết khẩu phần ăn trở nên quan trọng đối với những người dùng quan tâm đến lượng calo. Nó thường được phục vụ theo từng lát, ở dạng ấm hoặc ở nhiệt độ phòng, như một loại bánh ngọt ăn sáng hoặc món tráng miệng.",75
99b840f7-96b5-5d18-96bc-40bd8841169f,,,Đào donut (Donut Peach),INGREDIENT,44.0,0.76,0.1,8.9,1.7,7.2,0.5,9d4dc1ac-566d-45dd-8f5c-976afae98cfc,,,"Đào bánh rán (Prunus persica var. platycarpa) là một loại quả đá dẹt, hình đĩa được nhận biết bởi hình dạng giống chiếc đĩa và vỏ mịn, đỏ thẫm. Còn được gọi là đào Saturn, loại đào này có hương vị ngọt hơn, ít axit hơn đào tròn trong khi chứa hàm lượng vitamin A và C tương đương. Phần lõm nông đặc biệt và tỷ lệ thịt-đá tăng lên khiến nó đặc biệt hiệu quả khi ăn tươi, thường được dùng nguyên con hoặc thái lát trong món salad và món tráng miệng.",75
bc163a06-2f2b-5105-9d16-67b1507ccc13,,,Hỗn hợp bánh phồng (Puff Pastry Mix),INGREDIENT,488.0,7.0,26.0,55.0,2.0,2.0,600.0,9d4dc1ac-566d-45dd-8f5c-976afae98cfc,,,"Hỗn hợp bánh phồng là hỗn hợp khô được đo trước gồm bột mì, muối và các thành phần khác được thiết kế để đơn giản hóa việc tạo bột bánh ngọt nhiều lớp. Sản phẩm tiện lợi này yêu cầu thêm bơ hoặc mỡ để đạt được kết cấu nhiều lớp, xốp đặc trưng của bánh phồng truyền thống. Mặc dù cung cấp sự chuẩn bị dễ dàng hơn so với các phiên bản làm sẵn, hỗn hợp này vẫn tạo ra một loại bánh ngọt giàu calo, giàu chất béo phù hợp nhất cho các món ăn không thường xuyên và các dự án nướng bánh đặc biệt.",75
f4d6d2d1-c6cd-567e-8ecf-903d15df5688,,,Bánh khoai tây chiên caramel (Caramel Popcorn Chips),DISH,464.0,7.0,14.4,76.6,7.0,30.0,405.0,9d4dc1ac-566d-45dd-8f5c-976afae98cfc,,,"Caramel Popcorn Chips là một món ăn nhẹ ngọt ngào được làm bằng cách ép bắp rang thành những miếng mỏng, giòn được phủ một lớp đường caramel. Định dạng sáng tạo này vẫn giữ được kết cấu nhẹ của bỏng ngô trong khi mang lại vị ngọt đậm đặc và vị bơ, mặc dù hàm lượng đường bổ sung thường cao. Thường được nướng để giảm chất béo so với đồ ăn nhẹ chiên, chúng mang lại sự tiện lợi trong việc kiểm soát khẩu phần cho những người đang tìm kiếm sự cân bằng giữa niềm đam mê và việc ăn vặt có tâm.",75
92cb3a05-cb2e-53c5-9c31-94289e98c26c,,,Bánh quy xoắn phủ sô cô la không chứa gluten (Gluten-Free Chocolate Covered Pretzels),DISH,467.0,3.5,19.2,70.0,4.0,35.0,500.0,9d4dc1ac-566d-45dd-8f5c-976afae98cfc,,,"Bánh quy xoắn phủ sô cô la không chứa gluten là một món ăn nhẹ đặc biệt kết hợp các loại bột ngũ cốc thay thế như gạo, ngô hoặc lúa miến với lớp phủ sô cô la để tạo ra phiên bản không chứa lúa mì của món ăn cổ điển. Những chiếc bánh quy này duy trì độ giòn đặc trưng và hương vị mặn ngọt của bánh quy phủ sô cô la truyền thống đồng thời an toàn cho những người mắc bệnh celiac hoặc nhạy cảm với gluten. Lớp phủ sô cô la thường bao gồm sữa hoặc sô cô la đen, mang lại sự bổ sung phong phú cho kết cấu giòn của bánh quy cây.",75
9e42ed4d-2918-5c0e-b151-589fdfb9cc55,,,Kẹo sô cô la nougat (Chocolate Nougat),DISH,533.0,6.7,30.0,56.7,6.7,50.0,75.0,9d4dc1ac-566d-45dd-8f5c-976afae98cfc,,,"Kẹo hạnh nhân sô cô la là một loại bánh kẹo được làm bằng cách kết hợp lòng trắng trứng đánh bông và xi-rô đường với sô cô la và thường là các loại hạt hoặc trái cây khô. Món ngọt này có kết cấu dai nhưng thoáng đặc biệt được tạo ra thông qua quá trình đun nóng và đánh bông cẩn thận, kết hợp các bọt khí nhỏ vào hỗn hợp. Kẹo hạnh phúc truyền thống có chứa mật ong và các loại hạt, nhưng các biến thể sô cô la có thêm chất rắn ca cao để có hương vị đậm đà hơn và độ đặc đặc hơn.",75
004d734a-f278-5017-a9d1-8a55a4876d66,,,Bánh quy marshmallow phủ sô cô la (Chocolate-Covered Marshmallow Cookie),DISH,421.0,4.0,16.9,67.7,1.5,46.6,188.0,9d4dc1ac-566d-45dd-8f5c-976afae98cfc,,,"Bánh quy marshmallow phủ sô cô la là một loại bánh kẹo nhiều lớp có đế bánh quy giòn phủ nhân marshmallow mềm và được bọc trong lớp phủ sô cô la. Món ngọt này kết hợp kết cấu và hương vị tương phản, với vỏ ca cao đậm đà cân bằng vị ngọt thoáng mát của nhân marshmallow. Mặc dù cung cấp năng lượng nhanh chóng nhờ hàm lượng carbohydrate và đường cao nhưng nó lại cung cấp lượng protein hoặc chất xơ tối thiểu. Thường thấy ở các quầy bán đồ ăn nhẹ thương mại, những chiếc bánh quy này thường có thời hạn sử dụng ổn định và được thiết kế để thưởng thức thoải mái hơn là mang lại lợi ích dinh dưỡng.",75
68ea3626-191d-5d44-b7bd-b204161a9e4a,,,Bánh strudel phô mai (Cheese Strudel),DISH,305.0,10.1,12.8,37.7,1.0,8.0,300.0,9d4dc1ac-566d-45dd-8f5c-976afae98cfc,,,"Phô mai strudel là một loại bánh ngọt truyền thống của Trung Âu có nhiều lớp bánh ngọt mỏng như tờ giấy bọc quanh nhân phô mai ngọt, thường được làm bằng phô mai hoặc quark của nông dân. Món tráng miệng nướng có đặc điểm là bên ngoài giòn, xốp và bên trong béo ngậy, nhiều kem, thường được tăng cường với vani, vỏ chanh và nho khô. Loại bánh ngọt hấp dẫn này có hàm lượng calo cao đáng chú ý do các lớp bột bơ và nhân phô mai, thường được phục vụ khi còn ấm hoặc ở nhiệt độ phòng như một món tráng miệng hoặc cà phê đi kèm.",75
b088e592-a7d4-536a-8b18-52dacd1aaef0,,,Churros phủ sô cô la (Chocolate-Coated Churros),DISH,540.0,2.0,28.0,70.0,2.5,30.0,200.0,9d4dc1ac-566d-45dd-8f5c-976afae98cfc,,,"Churros phủ sô cô la là một loại bánh ngọt chiên có phần đế bột giòn, có nếp nhăn được nhúng trong lớp vỏ sô cô la béo ngậy. Theo truyền thống, được làm bằng cách nặn bột qua đầu hình ngôi sao trước khi chiên, những chiếc bánh churros này có được độ giòn đặc trưng nhờ quá trình nấu và thường được cuộn trong đường quế trước khi phủ sô cô la đen hoặc sô cô la sữa. Mặc dù phổ biến như một món tráng miệng hoặc đồ ăn nhẹ trong ẩm thực Tây Ban Nha và Mỹ Latinh, nhưng hàm lượng carbohydrate và đường cao khiến chúng trở thành một món ăn không thường xuyên hơn là một món ăn chủ yếu hàng ngày.",75
4ef8f479-c2e3-5863-acf2-521c5439a083,,,Bánh tamale ngọt (Sweet Tamale),DISH,170.0,6.0,13.0,21.0,2.0,7.0,410.0,9d4dc1ac-566d-45dd-8f5c-976afae98cfc,,,"Tamales ngọt là món ăn truyền thống của Mỹ Latinh được làm từ masa ngô ngọt (bột) được hấp trong vỏ ngô hoặc lá chuối. Không giống như các món mặn, những món tamales này kết hợp đường hoặc piloncillo vào masa và thường có nhân như trái cây, các loại hạt hoặc sô cô la. Quá trình hấp tạo ra kết cấu mềm, ẩm giống như bánh trong khi bột làm từ ngô cung cấp carbohydrate phức hợp và các khoáng chất thiết yếu đặc trưng của thực phẩm ngũ cốc nguyên hạt.",75
f101b108-7dd0-595a-9e1b-d0a3dd4ef1cb,,,Bánh cupcake sô cô la (Chocolate Cupcake),DISH,356.0,3.79,11.7,63.59,2.0,35.0,300.0,9d4dc1ac-566d-45dd-8f5c-976afae98cfc,,,"Bánh cupcake sô cô la là một loại bánh nướng có kích cỡ riêng được làm từ bột mì, đường, bột ca cao và chất tạo men. Những chiếc bánh một phần này thường được phủ kem bơ hoặc ganache sô cô la, góp phần tạo nên hàm lượng carbohydrate và đường bổ sung cao. Mặc dù cung cấp năng lượng nhanh chóng từ các loại đường đơn giản, nhưng chúng lại cung cấp lượng protein hoặc chất xơ tối thiểu và thường chứa các chất gây dị ứng như lúa mì, trứng và sữa trong các công thức nấu ăn truyền thống.",75
f53ff661-0e9d-5470-9330-50242236f834,,,Hỗn hợp bánh pudding vani thuần chay (Vegan Vanilla Pudding Mix),INGREDIENT,357.0,0.0,0.0,92.9,0.0,67.9,357.0,9d4dc1ac-566d-45dd-8f5c-976afae98cfc,,,"Vegan Vanilla Pudding Mix là một loại bột tráng miệng có nguồn gốc từ thực vật được pha chế không có sữa hoặc trứng, sử dụng chất làm đặc như bột bắp và chất làm ngọt như đường mía hoặc mật hoa dừa. Hỗn hợp ổn định khi bảo quản này tạo ra kết cấu kem khi trộn với sữa không sữa, cung cấp hàm lượng chất béo bão hòa thấp hơn so với hỗn hợp bánh pudding truyền thống trong khi vẫn duy trì mức carbohydrate và đường tương đương. Lớp đế có hương vani đa năng hoạt động tốt như nhau trong các món parfait nhiều lớp, nhân bánh hoặc như một món tráng miệng độc lập, phục vụ cho cả chế độ ăn thuần chay và các chứng dị ứng thực phẩm thông thường.",75
939f6ad1-c76c-5334-a23a-dc4ca1290e6e,,,Bánh scone bí ngô có đường (Sweetened Pumpkin Scone),DISH,335.0,6.0,13.0,48.0,2.0,15.0,300.0,9d4dc1ac-566d-45dd-8f5c-976afae98cfc,,,"Bánh nướng bí ngô ngọt là một món nướng theo mùa có bí ngô xay nhuyễn và các loại gia vị mùa thu như quế và nhục đậu khấu, mang lại lớp vỏ mềm, ẩm so với bánh nướng truyền thống khô hơn. Những món ăn này chứa đáng kể lượng carbohydrate từ bột mì tinh chế và đường bổ sung, được cân bằng bởi lượng chất xơ vừa phải từ bí ngô, đồng thời thường kết hợp bơ hoặc dầu để tạo vị đậm đà. Thường được kết hợp với đồ ăn ở quán cà phê, chúng mang đến hương vị thơm ngon với mật độ calo cao hơn bánh mì thông thường và thường chứa gluten và sữa.",75
c66ba601-04da-57fd-ae72-f1b5737d3df3,,,Bánh ngọt sô cô la fudge (Chocolate Fudge Cake),DISH,370.0,5.0,11.0,63.0,1.5,35.0,400.0,9d4dc1ac-566d-45dd-8f5c-976afae98cfc,,,"Bánh sô cô la mềm là một món tráng miệng đậm đà, đậm đặc, đặc trưng bởi hương vị sô cô la đậm đà và kết cấu ẩm, giống như kẹo mềm. Loại bánh thơm ngon này thường chứa tỷ lệ ca cao, bơ và trứng cao, dẫn đến hương vị sô cô la đậm đặc hơn và độ đặc nặng hơn so với bánh sô cô la truyền thống. Cấu trúc vụn dày đặc và lớp phủ thường làm từ ganache khiến nó trở thành một lựa chọn tráng miệng đặc biệt giàu calo, thường được phục vụ với khẩu phần nhỏ hơn do vị đậm đà của nó.",75
8638bf20-0eec-5d1d-9cda-53e4a3e96efb,,,Bánh ngọt sô cô la không bột (Flourless Chocolate Cake),INGREDIENT,430.0,5.5,38.0,27.0,2.5,22.0,90.0,9d4dc1ac-566d-45dd-8f5c-976afae98cfc,,,"Bánh sô cô la không bột là một món tráng miệng đậm đà, đậm đặc được làm chủ yếu từ sô cô la, trứng và bơ mà không có bất kỳ loại bột mì hoặc chất tạo men nào. Loại bánh không chứa gluten tự nhiên này có kết cấu đậm đà và hương vị sô cô la đậm đặc, thường chứa tỷ lệ sô cô la đen cao hơn và ít carbohydrate hơn so với bánh truyền thống. Thành phần đậm đặc của nó khiến khẩu phần ăn nhỏ hơn sẽ khiến bạn hài lòng hơn, mặc dù nó vẫn có lượng calo cao do các thành phần đậm đặc.",75
9e9d6c3d-9adc-57c6-aa32-5beea469563a,,,Sữa chua việt quất sấy khô tan chảy (Dried Blueberry Yogurt Melts),INGREDIENT,429.0,14.0,7.0,71.0,1.0,57.0,200.0,9d4dc1ac-566d-45dd-8f5c-976afae98cfc,,,"Sữa chua việt quất khô tan chảy là những món ăn nhẹ có vị ngọt được làm từ sự kết hợp giữa sữa chua và quả việt quất thật đã được đông khô thành những miếng nhỏ có thể hòa tan. Những món ăn di động này được thiết kế để tan chảy nhanh chóng trong miệng, mang lại kết cấu nhẹ, giòn chuyển thành dạng kem đặc. Mặc dù có chứa một số thành phần từ sữa và trái cây, nhưng chúng thường bao gồm đường bổ sung và nên được coi là đồ ăn nhẹ đã qua chế biến thay vì thay thế cho sữa chua tươi hoặc trái cây.",75
10915803-19ef-5dce-b185-b19d17c54a5a,,,Bánh ngọt bông xốp vani (Vanilla Sponge Cake),DISH,297.0,7.3,4.3,57.7,0.5,35.0,228.0,9d4dc1ac-566d-45dd-8f5c-976afae98cfc,,,"Bánh xốp vani là một món tráng miệng cổ điển có đặc điểm là kết cấu nhẹ, thoáng nhờ trứng đánh bông làm chất tạo men chính. Món bánh nướng ngọt ngào này kết hợp bột mì, đường, trứng và chiết xuất vani, tạo ra cấu trúc vụn mỏng manh, dễ dàng hấp thụ các chất độn như mứt hoặc kem. Mặc dù có hàm lượng chất béo thấp hơn so với các loại bánh làm từ bơ trong các công thức truyền thống, nhưng nó vẫn chứa nhiều carbohydrate do hàm lượng đường và bột, với các phiên bản thương mại thông thường chứa 25-35g đường mỗi lát. Hương vị trung tính của chiếc bánh làm cho nó trở thành một loại nền linh hoạt cho các món tráng miệng nhiều lớp và các loại bánh nhân dịp kỷ niệm.",75
993e5a07-2b01-55a0-be17-a768d03eee96,,,Xi-rô dâu tây có đường (Sweetened Strawberry Syrup),INGREDIENT,300.0,0.0,0.0,75.0,0.0,75.0,10.0,9d4dc1ac-566d-45dd-8f5c-976afae98cfc,,,"Xi-rô dâu tây ngọt là một hương liệu cô đặc, có đường được làm bằng cách kết hợp nước ép dâu tây hoặc hương liệu nhân tạo với lượng lớn chất làm ngọt bổ sung như xi-rô ngô hoặc sucrose. Mặc dù nó mang lại vị ngọt đậm đà của quả mọng để rưới lên bánh kếp, trộn vào đồ uống hoặc tạo hương vị cho món tráng miệng, nhưng nó lại chứa giá trị dinh dưỡng tối thiểu so với dâu tây tươi, hầu như không có chất xơ và hàm lượng vitamin giảm đáng kể. Quá trình chế biến thường bao gồm đun nóng và bảo quản để đạt được độ đặc, có thể rót được và thời hạn sử dụng kéo dài.",75
81dad56a-050b-51d2-8773-17f1ced449b3,,,Bánh quy marshmallow S'mores (S'mores Marshmallow Cookies),DISH,490.0,7.0,23.0,64.0,2.5,30.0,150.0,9d4dc1ac-566d-45dd-8f5c-976afae98cfc,,,"Bánh quy marshmallow S'mores là một món tráng miệng kết hợp hiện đại kết hợp các yếu tố s'mores lửa trại cổ điển ở dạng bánh quy di động. Những món ăn ngọt này thường phủ bột lấy cảm hứng từ bánh quy graham với những miếng sô cô la và nhân kẹo dẻo ở giữa sẽ trở nên dính khi nướng. Mặc dù mang đến hương vị hoài cổ nhưng chúng có xu hướng chứa nhiều đường bổ sung và carbohydrate tinh chế, với các phiên bản tiêu chuẩn chứa kẹo dẻo làm từ sữa và gelatin không phù hợp với chế độ ăn thuần chay.",75
b98b1eef-a8d9-5f2d-9a19-6470c14961be,,,Bánh quy tiên tri (Fortune Cookie),DISH,378.0,4.2,2.7,84.0,1.6,45.42,31.0,9d4dc1ac-566d-45dd-8f5c-976afae98cfc,,,"Bánh quy may mắn là một loại bánh quy giòn, được gấp lại với hình dạng cong đặc biệt thường đi kèm với các bữa ăn tại nhà hàng người Mỹ gốc Hoa. Được làm chủ yếu từ bột mì, đường và vani, những chiếc bánh xốp có màu sáng này được gấp lại khi còn nóng xung quanh các tờ giấy, tạo ra hình lưỡi liềm đặc trưng với phần bên trong rỗng. Mặc dù chủ yếu phục vụ như một món tráng miệng mới lạ, bánh quy may mắn có lượng calo tương đối thấp so với các loại bánh quy khác, thường chứa khoảng 30 calo mỗi miếng.",75
03ab4052-4171-5dbd-b56a-cf3db284aa89,,,Thức ăn trẻ em khoai lang và rau bina (Sweet Potato and Spinach Baby Food),DISH,103.0,2.0,5.0,16.1,2.5,3.7,30.0,9d4dc1ac-566d-45dd-8f5c-976afae98cfc,,,"Thức ăn dành cho trẻ em khoai lang và rau bina là một loại thức ăn xay nhuyễn đậm đặc chất dinh dưỡng kết hợp giữa củ có màu cam ngọt tự nhiên với các loại rau lá xanh mềm. Hỗn hợp nấu chín này cung cấp hàm lượng vitamin A cao từ beta-carotene khoai lang và chất sắt có nguồn gốc thực vật từ rau bina, được bổ sung bằng chất xơ nhẹ để hỗ trợ tiêu hóa cho trẻ sơ sinh. Kết cấu mịn, mượt phù hợp với giai đoạn ăn đầu tiên, trong khi hương vị cân bằng giúp phát triển khả năng chấp nhận các loại rau của trẻ nhỏ.",75
251270db-9a74-515c-99c5-1379a1346d6a,,,Bánh quy kẹp không đường (Sugar-Free Sandwich Cookies),DISH,459.0,5.1,24.0,66.0,0.1,0.4,472.0,9d4dc1ac-566d-45dd-8f5c-976afae98cfc,,,"Bánh quy sandwich không đường là một món tráng miệng được sửa đổi được thiết kế để tái tạo các loại bánh quy nhân kem truyền thống bằng cách sử dụng chất làm ngọt thay thế như stevia, erythritol hoặc trái cây thầy tu. Những chiếc bánh quy này thường duy trì cấu trúc lớp cổ điển với hai bánh nướng xốp và nhân ngọt nhưng chứa ít carbohydrate và calo hơn đáng kể so với các phiên bản có đường. Mặc dù cung cấp lựa chọn ít đường cho chế độ ăn kiêng dành cho bệnh nhân tiểu đường hoặc keto, chúng thường giữ lại hàm lượng chất béo tương đương với bánh quy thông thường và có thể có kết cấu hơi vụn do thay thế rượu đường.",75
d34e9f3a-3107-52a3-bfc5-549b107797a8,,,Mousse sô cô la (Chocolate Mousse),DISH,225.0,4.14,16.0,16.1,0.6,14.8,38.0,9d4dc1ac-566d-45dd-8f5c-976afae98cfc,,,"Mousse sô cô la là một món tráng miệng cổ điển của Pháp được đặc trưng bởi kết cấu mượt mà và sự cân bằng giữa độ nhẹ thoáng mát với vị cacao đậm đà. Các phiên bản truyền thống kết hợp sô cô la tan chảy với kem đánh bông hoặc lòng trắng trứng có ga, tạo ra một hỗn hợp đặc sệt nhưng mịn, trong khi các công thức làm ngọt nhấn mạnh hàm lượng đường bổ sung cho vị đắng của sô cô la đen. Chế phẩm dễ chịu này đặc biệt có hàm lượng chất béo bão hòa và đường tinh luyện cao, với các biến thể phổ biến bao gồm chất gây dị ứng từ sữa hoặc trứng.",75
82b37432-0dc8-5dcc-baf0-1876875ce4bf,,,Bánh quy Linzer (Linzer Cookies),DISH,425.0,5.0,19.0,58.5,2.5,22.0,100.0,9d4dc1ac-566d-45dd-8f5c-976afae98cfc,,,"Bánh quy Linzer là một loại bánh quy bánh sandwich truyền thống của Áo được phân biệt bằng lớp trên cùng được cắt dạng lưới tạo khung cho nhân mứt trái cây rực rỡ. Những món ăn ngọt này có nền là bột hạt — thường là hạnh nhân — để có kết cấu mịn, vụn và hương vị hạt dẻ tinh tế, kết hợp với mứt mâm xôi hoặc nho đỏ bảo quản. Trong khi bột bơ của chúng góp phần tạo ra hàm lượng chất béo và đường cao hơn, thì bột hạnh nhân cung cấp lượng protein khiêm tốn, khiến chúng trở thành món ăn thú vị trong lễ hội thường gắn liền với việc nướng bánh trong ngày lễ.",75
f58ed9a1-4934-53f4-a44e-562b7d1f9c0e,,,Hỗn hợp bánh ngọt bông xốp (Angel Food Cake Mix),INGREDIENT,368.0,6.6,0.0,83.0,0.0,60.5,777.0,9d4dc1ac-566d-45dd-8f5c-976afae98cfc,,,"Hỗn hợp bánh Angel Food là một chế phẩm nướng khô chuyên dụng được phân biệt bởi bột mì được làm giàu và hàm lượng lòng trắng trứng giàu protein. Hỗn hợp không chứa chất béo này được pha chế để tạo ra kết cấu nhẹ, thoáng đặc trưng của bánh angel food truyền thống khi kết hợp với nước. Hỗn hợp được làm giàu này có chứa các vitamin và khoáng chất bổ sung, trong khi các thành phần chính bao gồm bột mì tinh chế, đường và lòng trắng trứng bột tạo ra một lựa chọn món tráng miệng có hàm lượng chất béo thấp hơn đáng kể so với hỗn hợp bánh truyền thống.",75
336ea3a1-5154-542b-baa0-9e4448c102fb,,,Bánh phô mai sô cô la (Chocolate Cheeseboard),DISH,390.0,5.3,24.0,39.0,0.5,25.0,350.0,9d4dc1ac-566d-45dd-8f5c-976afae98cfc,,,"Bánh phô mai sô cô la là một món tráng miệng kết hợp giữa kem phô mai với sô cô la tan chảy hoặc ca cao, tạo ra kết cấu đặc hơn, đậm đà hơn so với bánh phô mai truyền thống. Thường được nướng trong lớp vỏ bánh quy graham, nó cung cấp hàm lượng chất béo bão hòa và đường cao cùng với lượng protein vừa phải từ nguyên liệu sữa. Mặc dù được đánh giá cao nhờ độ mịn mượt và hương vị ca cao đậm đà, món tráng miệng này lại chứa nhiều calo và thường chứa gluten, khiến nó không phù hợp với chế độ ăn kiêng hạn chế mà không cần điều chỉnh.",75
639fee26-804b-5608-92c8-b6ff695d0983,,,Bánh pudding bánh mì (Bread Pudding),DISH,153.0,5.23,4.83,23.4,0.9,14.67,230.0,9d4dc1ac-566d-45dd-8f5c-976afae98cfc,,,"Bánh pudding là một món tráng miệng truyền thống được làm bằng cách nướng hỗn hợp sữa trứng gồm trứng, sữa và bánh mì cũ có đường. Món ăn đạt được sự tương phản về kết cấu giữa lớp kem bên trong và lớp vỏ trên phủ caramen, thường được tăng cường bằng các chất bổ sung như nho khô, quế hoặc vani. Ban đầu được tạo ra để tái sử dụng bánh mì cũ, loại thực phẩm tiện lợi này cung cấp nguồn carbohydrate giàu calo với lượng protein vừa phải từ các thành phần sữa.",75
a9d5b564-ce04-5693-b019-13e9b11b0a45,,,Sô cô la truffle (Chocolate Truffles),DISH,510.0,6.21,33.8,44.9,2.5,38.3,68.0,9d4dc1ac-566d-45dd-8f5c-976afae98cfc,,,"Kẹo sôcôla là loại bánh kẹo phong phú bao gồm nhân ganache làm từ sô cô la và kem, thường được phủ một lớp bột ca cao, các loại hạt cắt nhỏ hoặc sô cô la ủ. Những món ăn vừa miệng này, được đặt tên vì chúng giống với loại nấm truffle quý giá, được đặc trưng bởi hương vị đậm đà và lớp kem bên trong mịn màng. Nấm cục truyền thống tập trung nhiều vào hàm lượng ca cao và calo, khiến việc nhận thức về khẩu phần ăn trở nên quan trọng khi cân nhắc về chế độ ăn uống.",75
1f9dc9e2-2640-5032-9495-2cf678178d23,,,Bánh cuộn ngọt caramel (Caramel Sweet Roll),DISH,364.5,4.9,14.1,55.5,1.7,24.6,232.8,9d4dc1ac-566d-45dd-8f5c-976afae98cfc,,,"Bánh cuộn ngọt caramel là một loại bánh ngọt làm từ men có các lớp bột xoắn ốc được làm giàu với nước sốt caramel hoặc kẹo caramel tan chảy. Các món nem nướng thường được phủ một lớp men caramel bóng loáng tạo nên sự tương phản giữa lớp bên trong mềm như bơ và lớp phủ bên ngoài dẻo ngọt. Mặc dù cung cấp năng lượng nhanh chóng từ carbohydrate và đường tinh chế, những món ăn nhẹ nhàng này lại chứa nhiều calo và thường chứa các chất gây dị ứng như gluten, sữa và trứng. Chúng đặc biệt phổ biến như một món bánh ngọt ăn sáng hoặc món tráng miệng trong các tiệm bánh và quán cà phê ở Bắc Mỹ.",75
702183ed-5046-5399-a325-e6df79c60998,,,Kẹo si-rô phong (Maple Candy),DISH,375.0,0.0,0.0,100.0,0.0,92.0,5.0,9d4dc1ac-566d-45dd-8f5c-976afae98cfc,,,"Kẹo phong là một loại bánh kẹo truyền thống của Bắc Mỹ được chế tạo bằng cách cô đặc nhựa phong nguyên chất thành chất làm ngọt kết tinh đậm đặc. Món ăn tự nhiên này giữ lại các khoáng chất vi lượng như kẽm và mangan từ nhựa cây, mang lại nhiều chất dinh dưỡng hơn kẹo đường tinh luyện. Quá trình đun sôi chậm tạo ra kết cấu kem mịn với hương vị phong nồng nàn, thường được tạo thành các hình dạng trang trí hòa tan trên lưỡi.",75
aa534536-5865-5436-8bf5-fbc020746a39,,,Bánh ngọt cà phê các loại hạt (Nut Coffee Cake),DISH,400.0,5.0,16.0,55.0,1.0,37.0,300.0,9d4dc1ac-566d-45dd-8f5c-976afae98cfc,,,"Bánh cà phê hạt là một loại bánh nướng có vị ngọt, đậm đà với lớp bột làm từ bơ mềm được xếp lớp hoặc phủ các loại hạt nướng trên cùng. Món bánh ngọt hấp dẫn này thường kết hợp quả óc chó cắt nhỏ, quả hồ đào hoặc hạnh nhân vào lớp phủ hoặc nhân streusel, tạo ra kết cấu tương phản giữa vụn ẩm và hạt giòn. Mặc dù giàu năng lượng do hàm lượng đường và bơ, nhưng các loại hạt này lại đóng góp protein, chất xơ và chất béo không bão hòa có nguồn gốc thực vật. Theo truyền thống được phục vụ vào bữa sáng hoặc cà phê, chiếc bánh này có chứa các chất gây dị ứng phổ biến bao gồm gluten, sữa và các loại hạt cây.",75
d7e8f986-6c7c-5a17-9332-6769ed0e9200,,,Bánh ngọt cà phê nhân phô mai hạnh nhân (Almond Cheese-Filled Coffee Cake),DISH,421.0,8.4,20.6,51.6,1.0,30.0,140.0,9d4dc1ac-566d-45dd-8f5c-976afae98cfc,,,"Bánh cà phê nhân phô mai hạnh nhân là một loại bánh ngọt có nhiều lớp với một dải phô mai kem ngọt và bột hạnh nhân được bọc trong một chiếc bánh bơ mềm. Vẻ ngoài như vân cẩm thạch đến từ bột làm từ hạnh nhân xoáy với nhân phô mai, thường phủ hạnh nhân cắt lát lên trên để tăng thêm độ giòn. Mặc dù cung cấp lượng protein vừa phải từ sữa và các loại hạt, loại bánh kiểu tráng miệng này thường chứa lượng carbohydrate và đường bổ sung đáng kể, khiến việc kiểm soát khẩu phần trở nên quan trọng đối với những người theo dõi lượng calo nạp vào.",75
13847704-2f21-5893-b850-d505d596add4,,,Bánh quy trà Nhật Bản (Japanese Tea Cookie),DISH,560.0,7.0,31.0,64.0,2.0,30.0,350.0,9d4dc1ac-566d-45dd-8f5c-976afae98cfc,,,"Bánh quy trà Nhật Bản là loại bánh quy có vị ngọt nhẹ, tinh tế, theo truyền thống được phục vụ cùng với trà xanh trong các nghi lễ trà đạo của Nhật Bản. Những chiếc bánh quy tinh chế này thường được làm bằng bột gạo hoặc bột mì, thường kết hợp với bột trà xanh matcha để mang lại hương vị đặc biệt và màu xanh nhạt đặc trưng. Kết cấu sắc nét nhưng tan chảy và vị ngọt tinh tế của chúng được thiết kế đặc biệt để bổ sung thêm vị đắng của trà nghi lễ mà không gây choáng ngợp trong vòm miệng.",75
08cd2494-f11d-542e-9551-86e24ae07d98,,,Bánh phô mai thuần chay (Vegan Cheesecake),DISH,340.0,5.0,22.0,31.0,3.0,20.0,150.0,9d4dc1ac-566d-45dd-8f5c-976afae98cfc,,,"Bánh pho mát thuần chay là món tráng miệng không chứa sữa, tái tạo kết cấu kem của bánh pho mát truyền thống bằng cách sử dụng nguyên liệu từ thực vật. Nhân bánh thường kết hợp hạt điều ngâm hoặc kem dừa với chất làm ngọt tự nhiên, trong khi lớp vỏ thường được làm từ các loại hạt nghiền hoặc bánh quy kiểu graham với bơ thực vật. Mặc dù có hình dáng tương tự như bánh pho mát thông thường, nhưng phiên bản này thường cung cấp nhiều chất xơ và chất béo lành mạnh hơn đồng thời phù hợp với chế độ ăn không có sữa, không có trứng và thực vật.",75
4a2ea919-97bf-54ad-a2ed-13a15d40e1e3,,,Bánh ngọt Tres Leches (Tres Leches Cake),DISH,255.0,5.0,11.0,34.0,0.5,28.0,150.0,9d4dc1ac-566d-45dd-8f5c-976afae98cfc,,,"Bánh Tres leches là một món tráng miệng của Mỹ Latinh bao gồm một loại bánh xốp nhẹ được bão hòa với sự pha trộn của ba loại sữa: sữa cô đặc, sữa đặc có đường và kem đặc. Quá trình ngâm này tạo ra một kết cấu đặc biệt ẩm, giống như bánh pudding, khác biệt với các loại bánh truyền thống, đồng thời cung cấp một lượng đường và chất béo bão hòa đáng kể. Thường được phủ kem tươi hoặc trái cây tươi, món này nổi tiếng trong ẩm thực Mexico và Trung Mỹ vì vị ngọt đậm đà và cảm giác béo ngậy trong miệng.",75
5e04c796-161c-527c-b937-011258ccfac2,,,Churros nhân caramel (Caramel-Filled Churros),DISH,320.0,3.5,14.0,45.0,2.5,23.0,280.0,9d4dc1ac-566d-45dd-8f5c-976afae98cfc,,,"Bánh churros nhân caramel là một biến thể hấp dẫn của món bánh ngọt chiên kiểu Tây Ban Nha truyền thống với nhân caramel ngọt ngào bên trong lớp bột bên ngoài giòn, có nhiều nếp nhăn. Những chiếc bánh ngọt tráng miệng này được làm bằng cách nhúng bột giống như choux vào dầu nóng cho đến khi có màu vàng nâu, sau đó thêm nhân caramel và phủ một lớp đường quế. Do sự kết hợp giữa bột chiên và nhân ngọt, chúng đại diện cho một lựa chọn món tráng miệng đặc biệt phong phú với hàm lượng đường và calo cao hơn đáng kể so với bánh churros không nhân.",75
e9a98f04-0649-5bfd-991a-d221bc33478f,,,Bánh strudel mơ (Apricot Strudel),DISH,318.0,5.0,11.0,50.0,1.2,17.0,691.0,9d4dc1ac-566d-45dd-8f5c-976afae98cfc,,,"Apricot strudel là một loại bánh ngọt truyền thống của Trung Âu có mứt mơ ngọt được bao bọc trong các lớp bột strudel mỏng, dễ bong tróc. Nhân bánh thường kết hợp mơ chín với quế, đường và đôi khi là hạnh nhân hoặc vụn bánh mì, tạo nên sự cân bằng giữa vị chua và vị ngọt. Mặc dù món tráng miệng nướng này cung cấp lượng chất xơ khiêm tốn từ trái cây, nhưng thành phần dinh dưỡng của nó được đặc trưng bởi lượng carbohydrate và đường bổ sung cao, khiến nhận thức về khẩu phần ăn trở nên quan trọng đối với những người dùng quan tâm đến lượng calo. Nó thường được phục vụ khi còn ấm, rắc đường bột hoặc kết hợp với kem đánh bông.",75
8858520f-3337-5393-b815-0406c753b76b,,,"Sữa hạt Brazil, không đường (Brazil Nut Milk, Unsweetened)",INGREDIENT,21.0,0.4,1.9,0.4,0.0,0.0,8.3,9d4dc1ac-566d-45dd-8f5c-976afae98cfc,,,"Sữa hạt Brazil là một loại đồ uống dạng kem, có nguồn gốc từ thực vật, được làm từ hỗn hợp các loại hạt Brazil và nước, nổi tiếng vì hàm lượng selen đặc biệt cao. Loại sữa không chứa sữa này tự nhiên cung cấp một trong những nguồn selen cao nhất trong chế độ ăn uống — một khoáng chất chống oxy hóa quan trọng — trong khi vẫn chứa ít carbohydrate và không chứa đường bổ sung. Hương vị đất đậm đà và kết cấu mượt mà của nó khiến nó trở nên lý tưởng cho các món sinh tố và các công thức nấu ăn thân thiện với món ăn nhạt, mặc dù nó chứa ít protein hơn so với các sản phẩm thay thế sữa hạnh nhân hoặc sữa đậu nành.",75
b70d4d41-2f94-5c7f-be1a-e0e4b46f32ca,,,Bánh pudding mì có đường (Kugel) (Sweetened Noodle Pudding (Kugel)),DISH,230.0,6.2,7.0,43.3,1.0,26.1,150.0,9d4dc1ac-566d-45dd-8f5c-976afae98cfc,,,"Pudding mì ngọt (kugel) là món thịt hầm nướng truyền thống của người Do Thái kết hợp mì trứng với hỗn hợp giống như sữa trứng gồm trứng, đường và thường là sữa như phô mai hoặc kem chua. Món ăn dễ chịu này có nội thất màu kem với các cạnh vàng, giòn, thường được tăng cường với nho khô, quế hoặc vani và thường được phục vụ trong các ngày lễ Shabbat và của người Do Thái. Mặc dù giàu carbohydrate và đường nhưng nó có thể được điều chỉnh bằng mì nguyên hạt hoặc giảm lượng đường để có những biến thể nhẹ nhàng hơn.",75
70b6c2bf-0ec3-59d3-9f9a-83fb7f4d6c2d,,,Bánh bơ sữa (Buttermilk Pie),DISH,380.0,4.1,18.0,51.6,0.4,51.2,182.0,9d4dc1ac-566d-45dd-8f5c-976afae98cfc,,,"Bánh bơ sữa là một món tráng miệng cổ điển của Nam Mỹ có nhân sữa trứng chua ngọt được làm chủ yếu từ sữa bơ, đường và trứng. Chiếc bánh nướng này cân bằng giữa độ đậm đà của kem với độ axit tươi từ sữa bơ được nuôi cấy, tạo ra sự tương phản hương vị đặc biệt không có ở các loại bánh sữa trứng khác. Mặc dù giàu dinh dưỡng với canxi và protein từ nguồn sữa, các công thức nấu ăn truyền thống thường chứa lượng đường bổ sung đáng kể, khiến việc nhận thức về khẩu phần ăn trở nên quan trọng đối với việc theo dõi chế độ ăn uống.",75
baf14385-a61d-5577-a407-11e9008e2956,,,Bánh ngọt dâu tây (Strawberry Cake),INGREDIENT,299.0,3.0,13.0,44.0,0.8,25.0,250.0,9d4dc1ac-566d-45dd-8f5c-976afae98cfc,,,"Bánh dâu tây là một món tráng miệng nhiều lớp có dâu tây tươi hoặc xay nhuyễn được kết hợp với cả bột bánh và kem phủ kem, tạo nên hương vị trái cây đặc trưng. Món nướng ngọt này thường kết hợp bột mì tinh chế, đường và bơ, tạo ra một món ăn giàu calo với hàm lượng carbohydrate cao và mức chất béo vừa phải. Kết cấu ẩm và màu hồng rực rỡ của chiếc bánh thường khiến nó trở thành lựa chọn phổ biến cho các lễ kỷ niệm, mặc dù thành phần dinh dưỡng của nó đảm bảo sự điều độ trong chế độ ăn uống cân bằng do có thêm đường và hàm lượng protein hoặc chất xơ hạn chế.",75
42a833f3-ca5c-55e5-98e6-1ae2fcc267ab,,,Bánh quy viên tuyết (Snowball Cookies),DISH,530.0,4.2,16.7,25.0,2.5,15.0,150.0,9d4dc1ac-566d-45dd-8f5c-976afae98cfc,,,"Bánh quy tuyết là một loại bánh quy bơ có đặc điểm là hình tròn và lớp phủ đường bột, khiến chúng có tên như bánh trà Nga hoặc bánh cưới Mexico. Những món ăn vụn, chứa đầy hạt này theo truyền thống kết hợp quả hồ đào hoặc quả óc chó cắt nhỏ vào bột và có được vẻ ngoài đặc trưng như tuyết khi được lăn trong đường bột khi còn ấm. Mặc dù không chứa gluten tự nhiên khi được làm bằng các loại bột thay thế, nhưng hàm lượng bơ và hạt phong phú khiến chúng giàu năng lượng, với mỗi chiếc bánh quy thường chứa lượng calo chất béo đáng kể được cân bằng bởi lượng protein khiêm tốn từ các loại hạt.",75
1d637326-6bca-54cc-a7fc-1e6b055750ce,,,Bánh ngọt cà phê phô mai chanh (Lemon Cheese Coffee Cake),DISH,360.0,8.0,14.0,50.0,1.0,30.0,250.0,9d4dc1ac-566d-45dd-8f5c-976afae98cfc,,,"Bánh cà phê phô mai chanh là một món tráng miệng nhiều lớp kết hợp kết cấu phong phú của bánh pho mát với các yếu tố bánh cà phê truyền thống. Món nướng này có nhân phô mai kem được tăng cường hương vị chanh, được kẹp giữa các lớp bánh bơ ẩm và thường được phủ một lớp hỗn hợp vụn streusel ở trên. Sự kết hợp này tạo nên một biến thể hấp dẫn hơn của chiếc bánh cà phê tiêu chuẩn, với vị kem phô mai thơm và hương cam quýt tươi sáng cân bằng nền bánh ngọt ngào.",75
cdf2380d-0db4-516d-80fe-dc9387fc328c,,,Thức ăn trẻ em khoai lang (Sweet Potato Baby Food),DISH,55.0,1.1,0.09,12.6,1.5,4.75,16.0,9d4dc1ac-566d-45dd-8f5c-976afae98cfc,,,"Thức ăn khoai lang dành cho trẻ em là một loại bột nhuyễn mịn, dễ tiêu hóa được làm bằng cách hấp hoặc luộc khoai lang cho đến khi mềm, sau đó trộn chúng thành một loại kem đặc lý tưởng cho trẻ sơ sinh. Loại rau có vị ngọt tự nhiên này cung cấp hàm lượng beta-carotene cao, chuyển hóa thành vitamin A để hỗ trợ sức khỏe miễn dịch và phát triển thị lực. Hương vị nhẹ, kết cấu mềm và ít nguy cơ dị ứng khiến nó trở thành thức ăn đặc phổ biến cho trẻ sơ sinh, đồng thời cung cấp chất xơ để hỗ trợ tiêu hóa.",75
741f0f04-3259-5d08-94b6-2668c6277e09,,,Xi-rô đào có đường (Sweetened Peach Syrup),INGREDIENT,338.0,0.0,0.0,83.1,0.0,83.0,12.0,9d4dc1ac-566d-45dd-8f5c-976afae98cfc,,,"Xi-rô đào ngọt là một hương vị trái cây đậm đặc được làm bằng cách giảm nước ép đào hoặc bột nhuyễn với thêm đường hoặc xi-rô ngô, tạo ra chất lỏng đặc, có thể rót được. Xi-rô chế biến này mang lại vị ngọt đào đậm đà để sử dụng trong đồ uống, món tráng miệng và các món ăn sáng, nhưng chứa hàm lượng đường và calo cao hơn đáng kể so với đào tươi. Mặc dù vẫn giữ được một số mùi thơm trái cây nhưng hầu hết chất xơ và vi chất dinh dưỡng có trong quả đào nguyên quả đều bị mất đi trong quá trình chế biến.",75
c9a5729e-b21e-5a15-a67c-a98fd18f6725,,,Bánh quy marshmallow bơ đậu phộng (Peanut Butter Marshmallow Cookie),DISH,413.0,8.95,17.38,61.28,2.5,25.0,200.0,9d4dc1ac-566d-45dd-8f5c-976afae98cfc,,,"Bánh quy Marshmallow bơ đậu phộng là một món tráng miệng đậm đà kết hợp vị thơm ngon của bơ đậu phộng với các thành phần marshmallow ngọt ngào, béo ngậy trong dạng bánh quy. Món ăn hấp dẫn này thường có đế bánh quy bơ đậu phộng được đính hoặc phủ lên trên những miếng kẹo dẻo sẽ trở nên mềm và hơi tan chảy trong quá trình nướng. Do sự kết hợp giữa bơ đậu phộng giàu chất béo và kẹo dẻo giàu đường, loại bánh quy này đặc biệt giàu calo và thường có kết cấu dai với các cạnh sắc nét.",75
6ed475cf-b0ea-58eb-a10c-2c20818b4a29,,,Bánh phô mai bí ngô (Pumpkin Cheesecake),DISH,300.0,5.0,25.0,32.0,1.0,21.0,250.0,9d4dc1ac-566d-45dd-8f5c-976afae98cfc,,,"Bánh phô mai bí ngô là món tráng miệng theo mùa kết hợp bí ngô nghiền nhuyễn với gia vị với lớp đế phô mai kem béo ngậy, theo truyền thống được xếp trên lớp vỏ bánh quy graham. Bí ngô bổ sung thêm vị ngọt tinh tế và beta-carotene giàu chất xơ, trong khi phô mai kem mang lại kết cấu mượt mà và hàm lượng chất béo bão hòa cao. Thường có hương vị quế, nhục đậu khấu và đinh hương, món tráng miệng nướng này mang lại hương vị tương phản như kem với lớp vỏ nhưng lại chứa nhiều calo do thành phần đường và chất béo.",75
9cba2d1d-e65a-5884-98a5-dd0c61c09bf0,,,Bánh quy mứt dấu ngón tay (Thumbprint Jam Cookies),DISH,550.0,5.0,25.0,76.0,2.0,40.0,250.0,9d4dc1ac-566d-45dd-8f5c-976afae98cfc,,,"Bánh quy mứt hình ngón tay cái là một món nướng truyền thống của Châu Âu với phần đế là bánh bơ giòn bơ với vết lõm đặc trưng bằng ngón tay cái chứa đầy chất bảo quản trái cây. Những chiếc bánh quy có đường này mang đến sự tương phản về kết cấu giữa bột vụn và phần nhân mứt mềm, đồng thời cung cấp carbohydrate chủ yếu từ bột mì tinh chế và đường bổ sung. Phổ biến trong các món nướng trong ngày lễ, chúng thường chứa các chất gây dị ứng như lúa mì và sữa, nhưng cho phép tùy chỉnh thông qua các hương vị mứt khác nhau như quả mâm xôi hoặc quả mơ.",75
320b430f-4ceb-5a78-8607-c0caee528111,,,Bánh ngọt gia vị Chai (Chai Spice Cake),INGREDIENT,350.0,4.4,16.3,46.4,1.5,35.0,300.0,9d4dc1ac-566d-45dd-8f5c-976afae98cfc,,,"Bánh gia vị Chai là một món tráng miệng thơm kết hợp gia vị masala chai truyền thống của Ấn Độ với các yếu tố bánh cổ điển. Sự pha trộn ấm áp của quế, bạch đậu khấu, gừng và đinh hương tạo nên hương vị phức tạp, được cân bằng bởi kết cấu vụn ẩm của bánh thường đạt được nhờ bột làm từ dầu. Mặc dù về mặt dinh dưỡng tương tự như các món tráng miệng khác về hàm lượng đường và calo, hỗn hợp gia vị này góp phần chống oxy hóa và các hợp chất chống viêm. Loại bánh này thường được dùng kèm với kem phủ phô mai hoặc kết hợp với trà để tăng thêm hương vị.",75
91e10621-b5d1-550b-a84a-8cbdcf0739c2,,,Sữa đặc không đường (Unsweetened Condensed Milk),INGREDIENT,136.0,7.0,7.8,10.0,0.0,10.0,106.0,9d4dc1ac-566d-45dd-8f5c-976afae98cfc,,,"Sữa đặc không đường là một sản phẩm sữa cô đặc được tạo ra bằng cách đun sôi sữa từ từ để loại bỏ khoảng 60% hàm lượng nước mà không cần thêm đường. Sản phẩm đóng hộp ổn định khi bảo quản này có kết cấu đặc hơn, mịn hơn sữa thông thường trong khi vẫn duy trì vị ngọt tự nhiên của sữa, với nồng độ protein và canxi cao hơn đáng kể trên mỗi muỗng canh. Nó phục vụ như một cơ sở linh hoạt cho cả công thức nấu ăn ngọt và mặn, đặc biệt có giá trị trong các ứng dụng yêu cầu hàm lượng đường được kiểm soát.",75
980d8e80-fb0c-55a0-b562-0a83c6a65485,,,Bánh quy marshmallow sô cô la bánh quy graham (Graham Cracker Chocolate Marshmallow Cookie),DISH,500.0,4.0,25.8,66.8,2.2,35.0,300.0,9d4dc1ac-566d-45dd-8f5c-976afae98cfc,,,"Graham Cracker Chocolate Marshmallow Cookie là một món tráng miệng nhiều lớp kết hợp giữa phần đế bánh quy graham giòn, sô cô la tan chảy và kẹo dẻo nướng để tạo nên món ăn lấy cảm hứng từ bánh s'mores. Loại bánh quy lai này cân bằng vị ngọt của mật ong graham với sô cô la đậm đà và kẹo dẻo béo ngậy, tạo nên một món ăn nhẹ giàu carb, giàu calo. Các phiên bản thương mại thông thường thường chứa gluten từ bột graham, sữa trong sô cô la và gelatin trong kẹo dẻo, đòi hỏi nhận thức về chất gây dị ứng đối với chế độ ăn kiêng nhạy cảm.",75
aa85d887-b549-5650-b9c6-312fbf7836da,,,Bánh sô cô la eclair (Coffee Eclair),DISH,366.0,4.9,23.7,32.5,1.3,22.6,76.0,9d4dc1ac-566d-45dd-8f5c-976afae98cfc,,,"Coffee éclair là một loại bánh ngọt cổ điển của Pháp bao gồm một lớp vỏ choux thon dài chứa đầy kem bánh ngọt có hương vị cà phê và phủ một lớp men cà phê lên trên. Món tráng miệng cân bằng giữa bánh ngọt giòn, xốp với nhân béo ngậy, mịn như nhung, thường được kết thúc bằng lớp kem phủ sô-cô-la hoặc cà phê bóng. Mặc dù cung cấp lượng protein tối thiểu nhưng éclairs lại chứa nhiều carbohydrate và đường bổ sung, với hàm lượng chất béo bão hòa đáng chú ý từ kem và men. Chúng thường được tìm thấy trong thực đơn bánh ngọt và món tráng miệng như một món ăn thư giãn hơn là một lựa chọn cân bằng dinh dưỡng.",75
d6d5c1e4-6aa7-5f96-ac44-8915c3b239d5,,,"Kefir sữa dê, không đường (Goat's Milk Kefir, Unsweetened)",INGREDIENT,65.0,3.5,3.7,4.5,0.0,4.5,50.0,9d4dc1ac-566d-45dd-8f5c-976afae98cfc,,,"Sữa dê kefir là một loại đồ uống từ sữa lên men được làm bằng cách nuôi cấy sữa dê với các loại hạt kefir, tạo ra một loại thức uống có vị thơm, hơi sủi bọt, giàu men vi sinh. Phiên bản không đường này không chứa đường bổ sung và cung cấp thành phần dinh dưỡng riêng biệt, bao gồm khả năng tiêu hóa dễ dàng hơn đối với những người nhạy cảm với đường sữa so với kefir sữa bò, cùng với hàm lượng axit béo chuỗi trung bình cao hơn. Độ đặc của kem và hương vị đất khiến nó có thể thích hợp để sử dụng trong sinh tố, nước xốt hoặc như một loại đồ uống giàu men vi sinh độc lập.",75
920b41a6-29a4-598b-993a-80d96095e029,,,Phô mai dê có đường (Sweetened Goat Cheese),DISH,400.0,21.0,28.0,14.0,0.0,14.0,500.0,9d4dc1ac-566d-45dd-8f5c-976afae98cfc,,,"Phô mai dê ngọt là loại phô mai tươi được làm từ sữa dê trộn với đường, mật ong hoặc xi-rô để cân bằng vị ngọt tự nhiên với vị ngọt của kem. Trong khi vẫn giữ lại protein và canxi của phô mai dê truyền thống, phiên bản này có hàm lượng carbohydrate cao hơn đáng kể do được bổ sung thêm chất làm ngọt. Kết cấu dễ phết và vị ngọt mặn của nó khiến nó trở nên phổ biến để làm nhân tráng miệng, kết hợp trái cây và phết bữa sáng dành cho người sành ăn, mặc dù nó đòi hỏi phải tiêu thụ một cách thận trọng đối với những người theo dõi lượng đường bổ sung.",75
98674362-b013-5458-b69f-c044301e2373,,,Sữa chua chuối sấy khô tan chảy (Dried Banana Yogurt Melts),INGREDIENT,429.0,15.0,7.63,75.08,0.0,57.1,140.0,9d4dc1ac-566d-45dd-8f5c-976afae98cfc,,,"Sữa chua chuối khô tan chảy là một món ăn nhẹ ổn định khi bảo quản, kết hợp chuối xay nhuyễn với lớp phủ sữa chua, được xử lý bằng phương pháp đông khô để tạo ra kết cấu giòn, tan chảy trong miệng. Quá trình khử nước giúp duy trì vị ngọt tự nhiên của trái cây trong khi vẫn tập trung hương vị, kết hợp với vị bùi bùi và hàm lượng protein nhẹ của sữa chua. Những miếng vừa ăn này được ưa chuộng như một món ăn nhẹ di động nhưng vẫn giữ lại lượng đường tự nhiên đáng kể từ cả chuối và lactose trong sữa chua.",75
2dfe9283-041d-5c76-a12f-177d5c158e9b,,,Bánh phô mai Nhật Bản (Japanese Cheesecake),DISH,275.0,8.7,17.4,22.7,0.5,21.2,250.0,9d4dc1ac-566d-45dd-8f5c-976afae98cfc,,,"Bánh phô mai Nhật Bản là một món tráng miệng nhẹ nhàng, thoáng mát, kết hợp vị đậm đà của phô mai kem với kết cấu tinh tế của bánh soufflé. Chế phẩm kết hợp này sử dụng lòng trắng trứng đánh bông và phương pháp nướng trong nước để đạt được độ đặc giống như bông, lắc lư đặc trưng, ​​chứa ít chất béo hơn đáng kể so với bánh pho mát đậm đặc kiểu New York. Thường được phục vụ đơn giản hoặc với một chút đường bột, nó mang lại hương vị ngọt ngào tinh tế, nhấn mạnh kết cấu giống như đám mây của nó thay vì vị ngọt đậm.",75
56a03581-9a29-5bbb-a47a-1aefb5a75f6b,,,Bánh quy vỏ bạc hà (Peppermint Bark Cookies),DISH,527.0,4.0,26.0,69.0,2.0,35.0,19.0,9d4dc1ac-566d-45dd-8f5c-976afae98cfc,,,"Bánh quy vỏ cây bạc hà là một món tráng miệng theo mùa có kết cấu nhiều lớp gồm bánh mì bơ giòn, sô cô la mịn và kẹo que nghiền nát. Những món ngọt này kết hợp sô cô la đen hoặc trắng đậm đà với chiết xuất bạc hà, tạo ra sự cân bằng mang tính lễ hội giữa bạc hà mát lạnh và vị ngọt kem. Hàm lượng đường và chất béo bão hòa cao khiến chúng trở thành món ăn yêu thích thường xuyên, thường được phục vụ trong kỳ nghỉ đông và thường chứa sữa và gluten trừ khi có công thức đặc biệt khác.",75
a1da4b0a-c61f-53a2-969e-be04fdd69644,,,Hỗn hợp bánh ngọt nhung đỏ (Red Velvet Cake Mix),INGREDIENT,380.0,5.0,4.0,81.0,1.0,42.0,825.0,9d4dc1ac-566d-45dd-8f5c-976afae98cfc,,,"Hỗn hợp bánh nhung đỏ là hỗn hợp khô được đo trước kết hợp bột mì, bột ca cao và màu thực phẩm màu đỏ để tạo ra màu đỏ tía đặc trưng của món tráng miệng cổ điển. Sản phẩm tiện lợi này thường chứa đường, chất tạo men và lượng cacao tối thiểu (2-3%), tạo nên hương vị socola phảng phất đặc trưng của bánh nhung đỏ truyền thống. Hỗn hợp này yêu cầu bổ sung các nguyên liệu ướt như trứng, dầu và nước để biến thành loại bánh mềm, vụn mịn theo truyền thống kết hợp với kem phủ kem phô mai.",75
5605617e-5cdc-5b82-8b6a-4560bfb3bb48,,,Bánh phồng mâm xôi (Raspberry Puff Pastry),DISH,371.0,5.4,19.0,48.0,1.9,0.0,354.0,9d4dc1ac-566d-45dd-8f5c-976afae98cfc,,,"Bánh phồng mâm xôi là một món tráng miệng bánh ngọt nhiều lớp, xốp chứa đầy chất bảo quản hoặc mứt mâm xôi ngọt ngào. Loại bánh ngọt tinh tế bao gồm nhiều lớp bột nhào bơ mỏng như tờ giấy nướng thành cấu trúc giòn, thoáng mát với bề ngoài màu nâu vàng. Món ăn hấp dẫn này thường chứa một lượng đáng kể carbohydrate tinh chế và chất béo bão hòa do phần đế là bánh ngọt bơ và nhân ngọt.",75
beeb4130-52c5-5d56-98b6-c9589ce4931d,,,Sữa chua Sriracha có đường nhúng (Sweetened Sriracha Yogurt Dip),DISH,167.0,7.0,10.0,13.0,0.0,7.0,500.0,9d4dc1ac-566d-45dd-8f5c-976afae98cfc,,,"Sữa chua Sriracha nhúng ngọt là một loại gia vị kết hợp hiện đại kết hợp vị béo ngậy của sữa chua với vị cay nồng của tương ớt sriracha và thêm chất làm ngọt. Hỗn hợp này cân bằng hương vị cay, ngọt và axit đồng thời cung cấp men vi sinh và protein của sữa chua, mặc dù nó thường chứa nhiều đường bổ sung hơn so với nước chấm mặn truyền thống. Kết cấu mịn của nó khiến nó trở nên linh hoạt khi rưới lên bát, chấm rau hoặc điều chỉnh độ cay của các món ăn cay.",75
d3b3869c-178c-5723-81c1-3e16e4180f01,,,Bánh quy ngũ cốc gạo marshmallow không nướng (No-Bake Marshmallow Rice Cereal Cookie),DISH,420.0,4.0,20.0,68.0,1.0,42.0,150.0,9d4dc1ac-566d-45dd-8f5c-976afae98cfc,,,"Bánh quy ngũ cốc gạo marshmallow không nướng là một thanh tráng miệng ngọt ngào được làm bằng cách kết hợp ngũ cốc gạo giòn với kẹo dẻo và bơ tan chảy, không cần chuẩn bị bằng lò nướng. Những món ăn này có kết cấu dai nhưng giòn đặc biệt và lấy phần lớn lượng calo từ đường bổ sung và chất béo bão hòa. Mặc dù thường được tùy chỉnh với các món trộn như sô cô la chip hoặc bơ đậu phộng, công thức cơ bản vẫn được ưa chuộng vì tính đơn giản và sự hấp dẫn hoài cổ, mặc dù nó thường thiếu hàm lượng protein hoặc chất xơ đáng kể.",75
8c6ea33f-c233-595c-b468-f4fd07fdcf77,,,Bánh pudding mì (Noodle Pudding),DISH,230.0,4.5,10.0,30.0,1.0,18.0,160.0,9d4dc1ac-566d-45dd-8f5c-976afae98cfc,,,"Bánh pudding mì, còn được gọi là kugel, là món thịt hầm nướng truyền thống của người Do Thái được làm từ mì trứng, trứng và các sản phẩm từ sữa có đường. Món tráng miệng phong phú này kết hợp mì ống mềm với nhân giống như sữa trứng thường bao gồm phô mai, kem chua và đường, thường được tăng cường với vani, quế và nho khô. Món ăn đã hoàn thành có phần bên trong là kem với lớp trên hơi giòn, khiến nó trở thành món ăn thoải mái giàu calo thường được phục vụ trong các ngày lễ và những dịp đặc biệt.",75
5555e0e5-bac7-5785-8450-c12f8fdd23cf,,,Bánh ngọt không chứa gluten (Gluten-Free Cake),DISH,605.0,7.0,25.6,86.0,1.5,45.0,720.0,9d4dc1ac-566d-45dd-8f5c-976afae98cfc,,,"Bánh không chứa gluten là một món tráng miệng nướng ngọt thay thế bột mì bằng các chất thay thế như hạnh nhân, gạo hoặc bột dừa để loại bỏ gluten. Những chiếc bánh này thường sử dụng các chất kết dính như kẹo cao su xanthan hoặc vỏ psyllium để bù đắp cho sự vắng mặt của gluten, tạo ra kết cấu từ ẩm và đặc đến hơi vụn. Mặc dù cung cấp một lựa chọn an toàn cho những người mắc bệnh celiac hoặc nhạy cảm với gluten, hàm lượng dinh dưỡng rất khác nhau - một số phiên bản có thể có nhiều chất béo hơn từ bột hạt hoặc sử dụng chất làm ngọt thay thế như mật ong hoặc cây thùa.",75
0e8fa702-889d-5420-85c7-7085b4e68154,,,Xi-rô mơ có đường (Sweetened Apricot Syrup),DISH,250.0,0.5,0.0,60.0,0.0,60.0,5.0,9d4dc1ac-566d-45dd-8f5c-976afae98cfc,,,"Xi-rô mơ ngọt là một chất lỏng cô đặc làm từ trái cây được làm bằng cách giảm nước ép mơ hoặc bột nhuyễn có thêm đường, điển hình là xi-rô ngô hoặc sucrose. Xi-rô sền sệt này vẫn giữ được hương vị thơm, tươi của trái cây nhưng chứa nhiều đường hơn đáng kể và ít vitamin hoặc chất xơ hơn mơ tươi. Nó thường được sử dụng làm lớp phủ tráng miệng, chất làm ngọt cocktail hoặc men cho các loại thịt, mang lại hương vị mơ đậm đà mà không có kết cấu như cả trái cây.",75
d1e0440d-5a19-52d4-9199-087fc2e151bc,,,Nhân bánh táo có đường (Sweetened Apple Pie Filling),DISH,100.0,0.1,0.1,26.1,1.0,13.8,47.0,9d4dc1ac-566d-45dd-8f5c-976afae98cfc,,,"Nhân bánh táo ngọt là hỗn hợp được nấu sẵn, bảo quản gồm táo cắt lát, đường và gia vị được thiết kế để chuẩn bị món tráng miệng nhanh chóng. Sản phẩm ổn định khi bảo quản này thường chứa thêm chất làm đặc như bột ngô để tạo độ đặc giống như gel và chất bảo quản để bảo quản lâu dài, dẫn đến hàm lượng đường cao hơn đáng kể và ít chất xơ hơn so với táo tươi. Mặc dù thuận tiện cho bánh nướng và bánh ngọt, nhưng thành phần dinh dưỡng của nó nhấn mạnh vào carbohydrate và đường bổ sung thay vì vitamin tự nhiên và chất xơ có trong táo nguyên quả.",75
3223b40d-3574-5b92-9229-f844081145e1,,,Bánh quy bánh gừng (Gingerbread Cookies),DISH,444.0,5.7,16.3,69.0,1.5,35.0,500.0,9d4dc1ac-566d-45dd-8f5c-976afae98cfc,,,"Bánh quy gừng là món nướng tẩm gia vị đặc trưng bởi sự pha trộn ấm áp của gừng, quế, đinh hương và nhục đậu khấu, được làm ngọt theo truyền thống bằng mật đường hoặc đường nâu. Việc thêm mật đường tạo ra kết cấu đặc, dai và màu hổ phách đậm đồng thời góp phần tạo nên hàm lượng đường cao. Mặc dù chứa nhiều calo, những món ăn ngày lễ này mang lại lợi ích chống oxy hóa tinh tế từ thành phần gia vị của chúng và thường được tạo hình thành các hình trang trí hoặc ngôi nhà, thường được trang trí bằng kem hoặc kẹo.",75
851a0b46-d427-594b-8f01-f36f9471cb2c,,,Bánh phô mai khoai lang (Sweet Potato Cheesecake),DISH,286.0,4.1,17.0,30.0,1.5,25.2,164.0,9d4dc1ac-566d-45dd-8f5c-976afae98cfc,,,"Bánh phô mai khoai lang là một món tráng miệng đậm đà kết hợp giữa kết cấu kem của bánh phô mai cổ điển với vị ngọt tự nhiên và gia vị ấm áp của bánh khoai lang. Biến thể này thường có lớp vỏ bánh quy graham chứa đầy hỗn hợp phô mai kem, khoai lang xay nhuyễn, trứng và các loại gia vị làm ấm như quế và nhục đậu khấu. Việc bổ sung khoai lang cung cấp nhiều chất dinh dưỡng hơn bánh pho mát truyền thống, bao gồm vitamin A và chất xơ, đồng thời tạo ra lớp nhân mềm mượt, màu cam với hương đất tinh tế.",75
28867df8-5cdb-5e7f-ad75-9b7aea910d41,,,Bánh johnny (Johnnycake),DISH,275.0,7.8,7.2,44.0,1.5,2.5,300.0,9d4dc1ac-566d-45dd-8f5c-976afae98cfc,,,"Johnnycake là một loại bánh mì dẹt làm từ bột ngô truyền thống có nguồn gốc từ ẩm thực của người Mỹ bản địa và thuộc địa New England. Loại bánh mì không chứa gluten này được nấu trên vỉ nướng hoặc chảo, tạo ra kết cấu đặc biệt với các cạnh giòn và phần bên trong dày đặc, hơi vụn. Được làm chủ yếu từ bột ngô xay bằng đá, nước và muối, nó phục vụ như một loại thực phẩm chủ yếu giàu carbohydrate, cung cấp năng lượng bền vững và chất xơ.",75
71916404-d4fd-5d0d-9521-7da545ac4cdd,,,Bánh trung thu (Moon Cake),DISH,450.0,6.25,22.5,56.25,2.0,42.5,75.0,9d4dc1ac-566d-45dd-8f5c-976afae98cfc,,,"Bánh trung thu là một loại bánh ngọt truyền thống của Trung Quốc được tiêu thụ trong dịp Tết Trung thu, có đặc điểm là nhân ngọt, đậm đặc được bọc trong lớp vỏ mỏng có hoa văn phức tạp. Các loại phổ biến có nhân hạt sen, nhân đậu đỏ hoặc nhân lòng đỏ trứng muối bên trong vỏ làm từ bột mì, góp phần tạo nên hàm lượng carbohydrate, đường và chất béo cao. Những món ăn giàu calo, giàu calo này thường được chia thành các phần nhỏ do vị ngọt đậm đặc và việc sử dụng mỡ lợn hoặc dầu thực vật, cân bằng biểu tượng văn hóa với cường độ dinh dưỡng.",75
967e0d2d-2325-5f3d-8303-f309aec7cfa4,,,Kẹo cao su có đường (Sweetened Chewing Gum),DISH,360.0,0.0,0.3,96.7,2.4,66.1,1.0,9d4dc1ac-566d-45dd-8f5c-976afae98cfc,,,"Kẹo cao su có đường là một loại bánh kẹo mềm, dẻo được thiết kế để nhai để tìm hương vị và kết cấu hơn là nuốt. Nó có được vị ngọt từ đường hoặc xi-rô ngô, góp phần tạo nên hàm lượng carbohydrate trong khi cung cấp giá trị dinh dưỡng tối thiểu ngoài sự hài lòng về hương vị tạm thời. Không giống như các lựa chọn thay thế không đường, việc tiêu thụ thường xuyên có thể góp phần gây ra các vấn đề về răng miệng do tiếp xúc với đường trong miệng kéo dài. Sản phẩm duy trì độ đàn hồi nhất quán thông qua việc nhai nhiều lần mà không bị gãy.",75
c25b7414-a3e1-5694-8dcc-ec99a8ba311a,,,Bánh củ dền có đường (Sweetened Beet Pie),DISH,278.0,7.0,18.0,52.0,6.0,15.0,150.0,9d4dc1ac-566d-45dd-8f5c-976afae98cfc,,,"Sweetened Beet Pie là một món tráng miệng nướng có thành phần chính là củ cải xay nhuyễn hoặc thái lát, kết hợp hương vị đất của rau với đường hoặc mật ong để tạo vị ngọt cân bằng. Nhân bánh thường được tẩm gia vị quế hoặc nhục đậu khấu và được bọc trong lớp vỏ bánh ngọt xốp, giữ lại chất xơ, folate và khoáng chất tự nhiên của củ cải đường. Mặc dù cung cấp nhiều chất dinh dưỡng hơn bánh nướng làm từ trái cây, nhưng lượng đường bổ sung của nó khiến việc nhận thức về khẩu phần ăn trở nên quan trọng đối với những người quản lý lượng carbohydrate nạp vào.",75
60e898d7-b8a7-5c82-9553-fba668ec5e5f,,,Bánh pudding mì mặn (Savory Noodle Pudding),DISH,209.0,4.5,3.5,38.0,1.5,3.0,250.0,9d4dc1ac-566d-45dd-8f5c-976afae98cfc,,,"Bánh pudding mì mặn là món thịt hầm nướng có nguồn gốc Do Thái Ashkenazi, kết hợp mì trứng với phần đế giống như sữa trứng và các sản phẩm từ sữa như phô mai hoặc kem chua. Không giống như bánh pudding tráng miệng ngọt ngào, món ăn thịnh soạn này có sự kết hợp cân bằng giữa carbohydrate, protein và chất béo, với kết cấu từ mềm đến giòn nhẹ ở rìa. Theo truyền thống được phục vụ trong các ngày lễ của người Do Thái, nó vẫn có thể thích ứng với các biến thể kết hợp rau, thảo mộc hoặc pho mát để tăng thêm hương vị phức tạp.",75
4822ac12-660b-5fc4-a014-0c6f3f452fac,,,Bánh ngọt sô cô la Đức (German Chocolate Cake),DISH,370.0,5.0,18.0,47.0,1.5,30.0,300.0,9d4dc1ac-566d-45dd-8f5c-976afae98cfc,,,"Bánh sô cô la Đức là một món tráng miệng nhiều lớp của Mỹ bao gồm bánh sô cô la ngọt ngào kết hợp với kem phủ hồ đào dừa đặc trưng được làm từ sữa cô đặc, lòng đỏ trứng và đường caramen. Bất chấp tên gọi của nó, chiếc bánh có nguồn gốc từ Hoa Kỳ và được đặt theo tên của Samuel German, người đã phát triển loại sô cô la nướng đen được sử dụng trong các công thức nấu ăn ban đầu. Món tráng miệng hấp dẫn này đặc biệt giàu chất béo bão hòa và đường do có lớp phủ mờ, đồng thời chứa các chất gây dị ứng phổ biến bao gồm các loại hạt, trứng và bột mì có chứa gluten.",75
2f944655-67f3-5916-8074-7ef3acd622e2,,,Sốt nam việt quất nguyên quả có đường (Sweetened Whole Cranberry Sauce),DISH,158.0,0.75,0.05,40.4,1.2,31.3,5.0,9d4dc1ac-566d-45dd-8f5c-976afae98cfc,,,"Nước sốt nam việt quất ngọt nguyên chất là một loại gia vị trái cây nấu chín được làm bằng cách đun nhỏ quả nam việt quất tươi với đường cho đến khi quả mọng vỡ ra và hỗn hợp đặc lại. Món ăn kèm Lễ tạ ơn truyền thống này bao gồm cả quả mọng ngâm trong nước sốt sền sệt, bóng loáng giúp cân bằng vị chua với vị ngọt rõ rệt. Mặc dù vẫn giữ lại một số chất xơ tự nhiên và vitamin C của quả nam việt quất, nhưng hàm lượng đường bổ sung cao khiến việc kiểm soát khẩu phần trở nên quan trọng đối với những người theo dõi lượng carbohydrate nạp vào.",75
3e89d72f-68d2-50f7-aa7a-64817c053b78,,,"Xoài xôi nếp, có đường (Mango Sticky Rice, Sweetened)",DISH,186.0,2.1,3.8,36.0,1.5,12.0,50.0,9d4dc1ac-566d-45dd-8f5c-976afae98cfc,,,"Xôi xoài là món tráng miệng truyền thống của Thái Lan gồm gạo nếp hấp với nước cốt dừa và đường, ăn kèm với những lát xoài tươi. Món ăn này có kết cấu dẻo, mịn đặc trưng nhờ hàm lượng tinh bột amylopectin cao của gạo và được ngâm lâu trong nước cốt dừa có đường. Mặc dù không chứa gluten tự nhiên nhưng nó lại giàu năng lượng do sự kết hợp của carbohydrate tinh chế, chất béo dừa và đường bổ sung, khiến nhận thức về khẩu phần ăn trở thành chìa khóa để theo dõi dinh dưỡng.",75
2163911d-a29f-58f5-a029-56d59b7761b7,,,Bánh ngọt đen (Black Cake),DISH,337.84,5.41,10.81,54.05,2.7,33.78,270.27,9d4dc1ac-566d-45dd-8f5c-976afae98cfc,,,"Bánh đen là món tráng miệng truyền thống của vùng Caribe, đặc trưng bởi màu sẫm và kết cấu đậm đà, đậm đặc. Món bánh hấp dẫn này có trái cây sấy khô ngâm trong rượu rum và rượu vang, kết hợp với các loại gia vị ấm áp như nhục đậu khấu và hạt tiêu, tạo nên một món tráng miệng đặc biệt ẩm và giàu calo. Do phương pháp chế biến và thành phần của nó, bao gồm trái cây ngâm rượu rum và đường nâu, nó thường chứa một lượng đường và calo đáng kể trong mỗi khẩu phần.",75
bf8f3d9d-029a-51ba-b3cc-a6f0f44be9c2,,,Nhân bánh bí ngô có đường (Sweetened Pumpkin Pie Filling),DISH,104.0,1.09,0.13,26.4,8.3,18.1,208.0,9d4dc1ac-566d-45dd-8f5c-976afae98cfc,,,"Nhân bánh bí ngô ngọt là một sản phẩm đóng hộp trộn sẵn có chứa bột bí ngô nấu chín trộn với đường, gia vị (thường là quế, nhục đậu khấu và đinh hương) và chất làm đặc. Không giống như bí ngô xay nhuyễn đơn giản, loại nhân làm sẵn này có hương vị dành cho món tráng miệng nhưng chứa nhiều đường và carbohydrate bổ sung hơn đáng kể. Mặc dù thuận tiện cho các loại bánh nướng truyền thống nhưng công thức tạo ngọt của nó khiến nó kém linh hoạt hơn đối với các món mặn so với các sản phẩm bí ngô không đường.",75
ee84b486-fc17-5651-90e6-ea714fcdfed1,,,Kẹo ngô (Candy Corn),DISH,365.0,0.0,0.0,92.0,0.0,82.0,179.0,9d4dc1ac-566d-45dd-8f5c-976afae98cfc,,,"Kẹo ngô là một loại kẹo ba màu đặc biệt, chủ yếu gắn liền với mùa Halloween. Loại bánh kẹo mang tính biểu tượng này bao gồm lớp nền giống như kẹo mềm có hương vị mật ong, vani và kẹo dẻo, tạo nên một món ăn ngọt ngào, có hương vị nhẹ nhàng. Do hàm lượng đường cao và giá trị dinh dưỡng tối thiểu, kẹo ngô tốt nhất nên tiêu thụ ở mức độ vừa phải như một thú vui thường xuyên.",75
d04e1379-f508-54f7-9191-7a4d989598a3,,,Kẹo que (Candy Canes),DISH,395.0,0.0,0.0,98.0,0.0,98.0,10.0,9d4dc1ac-566d-45dd-8f5c-976afae98cfc,,,"Kẹo gậy là loại kẹo cứng thường có hương vị bạc hà và đặc trưng bởi hình dạng mía đặc biệt và các sọc đỏ và trắng. Những loại bánh kẹo này đặc biệt phổ biến trong mùa Giáng sinh, thường được dùng làm đồ trang trí hoặc chiêu đãi. Thành phần chính là đường, xi-rô ngô và hương liệu, với màu nhân tạo thường được thêm vào để tạo ra các sọc đặc trưng.",75
d050a4be-c8db-57c3-a369-36f5903aec7a,,,"Phổi ngọt, tươi sống (Sweetbreads, Raw)",INGREDIENT,236.0,12.2,20.4,0.0,0.0,0.0,70.0,9d4dc1ac-566d-45dd-8f5c-976afae98cfc,,,"Bánh ngọt là thịt nội tạng (nội tạng) đặc biệt đề cập đến tuyến ức của động vật non (bánh ngọt cổ họng) hoặc tuyến tụy (bánh ngọt tim), phổ biến nhất là từ thịt bê hoặc thịt cừu. Bất chấp tên gọi của chúng, chúng không ngọt hay bánh mì, mà là những loại thịt nội tạng tinh tế được đánh giá cao nhờ hương vị kem nhẹ khi nấu chín. Bánh ngọt sống rất giàu protein, vitamin B12 và C, sắt và kẽm, mặc dù chúng cần được xử lý cẩn thận và nấu chín kỹ để đảm bảo an toàn thực phẩm.",75
06fef4c4-b988-5360-be8d-a4ab2e494c59,,,"Phổi bò ngọt, tươi sống (Beef Sweetbreads, Raw)",INGREDIENT,236.0,12.18,20.35,0.0,0.0,0.0,96.0,9d4dc1ac-566d-45dd-8f5c-976afae98cfc,,,"Bánh mì ngọt bò là một loại thịt nội tạng được thu hoạch từ tuyến ức hoặc tuyến tụy của gia súc non, được đánh giá cao trong ẩm thực sành ăn vì kết cấu tinh tế và hương vị kem nhẹ. Nguồn protein đậm đặc chất dinh dưỡng này rất giàu vitamin B, kẽm và selen, mặc dù nó cần được ngâm và chần kỹ trước khi nấu để loại bỏ tạp chất. Thường được áp chảo hoặc om, bánh mì ngọt là một lựa chọn thay thế mềm mại cho các loại thịt cơ trong khi vẫn duy trì được đặc tính đậm đà đặc trưng của nội tạng chất lượng cao.",75
47ff0123-4a41-53aa-9c3c-4730fc3c58cd,,,Fondue sô cô la đen và bạc hà (Dark Chocolate and Mint Fondue),DISH,450.0,6.67,25.0,36.67,3.33,28.33,50.0,9d4dc1ac-566d-45dd-8f5c-976afae98cfc,,,"Sô cô la đen và Fondue bạc hà là một món tráng miệng sang trọng bao gồm sô cô la đen tan chảy hòa với hương vị bạc hà sảng khoái, thường được phục vụ trong nồi nước xốt đun nóng. Hỗn hợp đậm đà, mịn màng này kết hợp sô cô la đen cao cấp với kem và tinh chất bạc hà, tạo ra một loại nước chấm ấm áp duy trì độ đặc mượt mà. Theo truyền thống, món này được phục vụ như một món tráng miệng dùng chung trong các nhà hàng kiểu Thụy Sĩ, đi kèm với nhiều loại đồ ăn nhẹ như trái cây tươi, kẹo dẻo và bánh ngọt.",75
ad28f55c-06b6-511a-a27e-a098c79a71bc,,,Bánh phồng (Puff Pastry),DISH,551.0,7.3,38.1,45.1,1.5,0.74,249.0,9d4dc1ac-566d-45dd-8f5c-976afae98cfc,,,"Bánh phồng là một loại bột nhiều lớp được làm bằng cách gấp bơ nhiều lần giữa các lớp bột mỏng, tạo ra hàng trăm tấm xốp, thoáng khi nướng. Loại bánh ngọt có nguồn gốc từ Pháp này không chứa chất tạo men như men, thay vào đó dựa vào hơi nước từ các lớp bơ để đạt được độ nở đặc trưng. Mặc dù linh hoạt cho cả ứng dụng ngọt và mặn - từ bánh sừng bò đến ống hút phô mai - nhưng hàm lượng bơ cao khiến nó trở thành một trong những loại bột có hàm lượng calo cao nhất, với khoảng 60% lượng calo đến từ chất béo.",75
b22ce967-7059-577a-9ff0-65e65a4e6867,,,Bánh ngọt rừng đen (Black Forest Cake),DISH,270.0,6.0,9.0,41.0,2.0,27.0,200.0,9d4dc1ac-566d-45dd-8f5c-976afae98cfc,,,"Black Forest Cake là món tráng miệng truyền thống của Đức bao gồm các lớp bánh bông lan sô-cô-la xen kẽ, kem tươi và anh đào tẩm cồn, thường có hương vị rượu mùi anh đào Kirschwasser. Loại bánh kẹo hấp dẫn này được đặc trưng bởi hương vị sô cô la đậm đà được cân bằng bởi hương trái cây chua và kết cấu kem, mặc dù hàm lượng đường cao và chất béo bão hòa khiến nó trở thành một lựa chọn giàu calo. Trong khi các phiên bản đích thực sử dụng quả anh đào ngâm trong rượu, nhiều biến thể hiện đại thay thế xi-rô không cồn hoặc trái cây tươi.",75
47a7b439-9a84-532a-90c4-13f79d36dde5,,,Fondue sô cô la cổ điển (Classic Chocolate Fondue),DISH,473.33,6.0,27.33,55.33,2.0,45.33,100.0,9d4dc1ac-566d-45dd-8f5c-976afae98cfc,,,"Fondue sô cô la cổ điển là món tráng miệng sang trọng của Thụy Sĩ có sô cô la cao cấp tan chảy với kem thành nước chấm mịn mượt. Món ăn chung này theo truyền thống được phục vụ trong nồi đun nóng kèm theo nhiều loại đồ ăn khác nhau như trái cây tươi, kẹo dẻo và bánh ngọt. Mặc dù đặc biệt giàu calo và chất béo bão hòa, với khoảng 450-500 calo trên mỗi khẩu phần 100g, món tráng miệng hấp dẫn này được thiết kế để cùng thưởng thức và những dịp đặc biệt.",75
7653baca-e903-54fc-a27f-cdfce79068ed,,,Bánh quế Bỉ sô cô la chip (Chocolate Chip Belgian Waffle),DISH,577.78,8.89,28.89,68.89,2.78,35.56,744.44,9d4dc1ac-566d-45dd-8f5c-976afae98cfc,,,"Bánh quế của Bỉ là một loại bánh quế dày, làm từ men, được phân biệt bởi các túi sâu và bên ngoài giòn, ở đây được đính những hạt sô cô la vụn khắp bột. Cách chế biến theo phong cách nhà hàng này có nội thất thoáng mát đặc trưng và bề ngoài giòn, caramen được tạo ra bởi đường ngọc trai trong bột và nấu ở nhiệt độ cao trong bàn ủi bánh quế chuyên dụng. Là một lựa chọn cho bữa sáng hoặc món tráng miệng phong phú, nó thường chứa hơn 500 calo mỗi khẩu phần, với sô cô la chip tăng thêm vị ngọt và kết cấu hấp dẫn cho phần đế bánh quế truyền thống của Bỉ.",75
f78da7bb-c483-5fc3-9ec5-921ee05f6c29,,,Bánh quy bơ ngắn (Shortbread Cookies),DISH,514.0,5.37,26.2,63.8,1.3,21.6,353.0,9d4dc1ac-566d-45dd-8f5c-976afae98cfc,,,"Shortbread là một loại bánh quy truyền thống của Scotland được đặc trưng bởi hàm lượng bơ cao và kết cấu giòn, tan trong miệng. Những chiếc bánh quy ngọt này sử dụng bộ ba nguyên liệu đơn giản – bột mì, bơ và đường – nướng từ từ để đạt được màu vàng nhạt đặc trưng mà không cần chất tạo men. Mặc dù nổi tiếng vì hương vị béo ngậy của bơ nhưng chúng lại chứa hàm lượng chất béo bão hòa đáng chú ý do tỷ lệ đường, bơ và bột là 1:2:3 trong các công thức nấu ăn cổ điển.",75
d92164c9-cf86-5164-9ff4-cd224604a453,,,Donut Churro (Churro Donut),DISH,466.67,5.33,30.67,41.33,1.33,21.33,333.33,9d4dc1ac-566d-45dd-8f5c-976afae98cfc,,,"Bánh rán churro là một loại bánh ngọt kết hợp các yếu tố của bánh churros truyền thống của Mexico với bánh rán kiểu Mỹ. Món bánh chiên giòn này có lớp phủ đường quế đặc biệt tạo nên bề ngoài ngọt ngào, đầy gia vị đặc trưng. Là một món tráng miệng phong phú, nó thường chứa khoảng 230-350 calo mỗi khẩu phần, với một lượng đáng kể carbohydrate từ cả bột chiên và lớp phủ đường.",75
ee77bd72-0ca1-59a9-bd62-35373c63bc36,,,Sashimi tôm ngọt (Sweet Shrimp Sashimi),INGREDIENT,104.0,20.0,1.2,3.2,0.0,0.8,160.0,9d4dc1ac-566d-45dd-8f5c-976afae98cfc,,,"Sashimi tôm ngọt là món ngon Nhật Bản gồm tôm ngọt sống (Ama Ebi) được đánh giá cao nhờ vị ngọt tự nhiên, hương vị tinh tế và kết cấu mềm. Món ăn giàu protein này thường được phục vụ sống tại các nhà hàng sushi, thường đi kèm với các món trang trí truyền thống như mù tạt và gừng ngâm. Protein nạc cung cấp nguồn axit béo omega-3 dồi dào trong khi vẫn chứa ít calo và chất béo bão hòa.",75
3801b81a-7c45-5c57-8c11-5054ec4f2f00,,,Bánh trứng (Egg Tarts),DISH,450.0,9.0,23.0,53.0,1.0,23.0,476.0,9d4dc1ac-566d-45dd-8f5c-976afae98cfc,,,"Bánh trứng (daan tat) là món tráng miệng dim sum được yêu thích với nhân sữa trứng mềm mượt nằm trong lớp vỏ bánh xốp. Những chiếc bánh tart có kích thước riêng này có đặc điểm là nhân màu vàng vàng và lớp vỏ bơ giòn, thường được phục vụ khi còn ấm như một phần của trải nghiệm dim sum. Sự cân bằng tinh tế giữa vị ngọt, mịn của sữa trứng và lớp bánh ngọt nhẹ nhiều lớp khiến chúng trở thành một kết luận phong phú nhưng tinh tế cho bữa ăn dim sum truyền thống.",75
233d84e4-6612-5f1c-bf47-840d63ab1b3a,,,Hỗn hợp brownie sô cô la (Chocolate Brownie Mix),INGREDIENT,407.0,4.42,6.16,83.6,2.9,54.8,457.0,9d4dc1ac-566d-45dd-8f5c-976afae98cfc,,,"Hỗn hợp bánh hạnh nhân sô cô la là sự kết hợp nguyên liệu khô được trộn sẵn, ổn định trong kệ, được thiết kế để tạo ra các món nướng đậm đặc, béo ngậy với sự chuẩn bị tối thiểu. Thường chứa bột ca cao, bột mì, đường và chất tạo men, hỗn hợp này yêu cầu thêm chất béo (như dầu hoặc bơ) và trứng để đạt được kết cấu đậm đà đặc trưng và lớp vỏ giòn trên cùng. Mặc dù tiện lợi nhưng hầu hết các hỗn hợp thương mại đều chứa nhiều carbohydrate tinh chế và đường bổ sung, trong đó bột mì và thành phần đậu nành là những chất gây dị ứng phổ biến cần lưu ý.",75
8af595d8-96b7-5c56-a18e-c574332d086e,,,Bánh quế Bỉ sô cô la kép (Double Chocolate Belgian Waffle),DISH,350.0,10.0,15.0,60.0,1.5,18.0,700.0,9d4dc1ac-566d-45dd-8f5c-976afae98cfc,,,"Bánh quế Bỉ sô cô la đôi là một món tráng miệng sang trọng của nhà hàng với lớp bánh quế dày lên men được làm bằng bột làm giàu sô cô la và phủ thêm một lớp sô cô la Bỉ lên trên. Biến thể hấp dẫn này của bánh quế truyền thống của Bỉ được đặc trưng bởi các túi sâu và bên ngoài giòn, nhường chỗ cho bên trong mềm mại, phủ sô cô la. Thường được phục vụ như một món tráng miệng hoặc món ăn sáng đặc biệt, nó chứa các chất gây dị ứng phổ biến bao gồm trứng, sữa và lúa mì, đồng thời mang lại trải nghiệm phong phú và phong phú hơn so với bánh quế ăn sáng tiêu chuẩn.",75
d328e2d8-b96e-5cc1-8d00-9d7bc9860250,,,Brownie fudge (Fudge Brownie),DISH,486.0,6.0,29.0,51.0,2.5,43.0,250.0,9d4dc1ac-566d-45dd-8f5c-976afae98cfc,,,"Fudge brownie là một thanh sô cô la tráng miệng đậm đặc, đặc trưng bởi kết cấu đậm đà, ẩm ướt và hương vị ca cao đậm đà. Món bánh nướng ngọt này thường kết hợp sô cô la tan chảy hoặc bột ca cao với bơ, đường và trứng, tạo ra một món ăn có hàm lượng calo cao đáng chú ý nhờ hàm lượng chất béo bão hòa và đường tinh luyện đáng kể. Phiên bản cổ điển có bề ngoài dai và bên trong mềm, thường chứa các loại hạt hoặc sô cô la vụn, khiến nó trở thành nguồn phổ biến chứa các chất gây dị ứng như gluten, sữa và các loại hạt cây.",75
924eb346-8438-5cb2-93a1-c436de71ef8e,,,Bánh pudding xoài kiểu Hồng Kông (Hong Kong Style Mango Pudding),DISH,123.33,1.25,1.67,25.83,0.83,25.0,29.17,9d4dc1ac-566d-45dd-8f5c-976afae98cfc,,,"Bánh pudding xoài kiểu Hồng Kông là một món tráng miệng ướp lạnh kết hợp xoài tươi xay nhuyễn với gelatin và sữa cô đặc để tạo ra kết cấu mịn mượt đặc biệt. Quán cà phê yêu thích này có màu vàng rực rỡ và thường được phục vụ theo từng phần riêng lẻ, trang trí bằng những viên xoài tươi và một chút sữa cô đặc đặc trưng. Món tráng miệng mang đến vị ngọt cân bằng với hương xoài nhiệt đới, đồng thời nhẹ hơn so với các loại bánh pudding kiểu phương Tây truyền thống.",75
dd890b08-9d04-5f92-b885-2cf89e9a0e8c,,,Donut Nutella (Nutella Donut),DISH,397.26,8.22,19.18,46.58,2.74,19.18,246.58,9d4dc1ac-566d-45dd-8f5c-976afae98cfc,,,"Bánh rán Nutella là một loại bánh ngọt nhân có bề ngoài bánh rán mềm, men bên trong phủ nhân sô cô la-hạt dẻ Nutella. Chiếc bánh rán thường được hoàn thiện bằng một lớp bụi tinh thể đường, tạo ra sự tương phản về kết cấu giữa lớp bột mịn, nhân kem và lớp vỏ ngoài giòn, ngọt. Món ăn hấp dẫn này chứa một lượng đáng kể chất béo và đường từ cả phần đế bánh rán và nhân sô cô la-hạt phỉ, đồng thời chứa các chất gây dị ứng phổ biến bao gồm lúa mì, sữa và các loại hạt.",75
9e0647c9-87d8-589d-9f42-2215703eb076,,,Cánh gà ớt ngọt (Sweet Chili Wings),DISH,270.83,10.42,15.0,31.67,1.67,26.25,937.5,9d4dc1ac-566d-45dd-8f5c-976afae98cfc,,,"Sweet Chili Wings là cánh gà tẩm bột và chiên giòn được trộn trong nước sốt ngọt và cay lấy cảm hứng từ châu Á kết hợp hương vị đường, ớt và nước tương. Thường được phục vụ theo khẩu phần sáu hoặc mười hai miếng tại các nhà hàng có cánh, những món cánh này có hàm lượng calo và natri cao đáng kể, với nửa tá khẩu phần chứa khoảng 650 calo và hơn 60 gam đường. Sự kết hợp giữa bánh mì giòn và nước sốt nếp ngọt tạo nên sự thay thế phổ biến cho món cánh trâu truyền thống.",75
f173119d-828b-5138-85b9-851a43b06f0b,,,Bánh phồng nhân kem hoặc sữa trứng (Cream or Custard Filled Puff Pastry),DISH,334.0,4.41,18.5,37.4,0.9,22.0,265.0,9d4dc1ac-566d-45dd-8f5c-976afae98cfc,,,"Bánh ngọt nhân kem hoặc sữa trứng là một món tráng miệng nướng ngọt ngào có vỏ bánh ngọt nhiều lớp, giòn chứa đầy sữa trứng vani hoặc kem tươi. Bột bánh ngọt bơ xốp phồng lên trong quá trình nướng để tạo ra phần nhân rỗng, sau đó được bơm một lớp nhân mịn, ngọt. Món ăn hấp dẫn này chứa nhiều calo do hàm lượng bơ và đường cao, với biến thể sữa trứng cung cấp lượng protein khiêm tốn từ trứng và sữa. Nó thường được phủ một lớp đường bột để tăng thêm vị ngọt và hấp dẫn thị giác.",75
80c17b92-91de-59a1-8ad9-387f03130d2f,,,Brownie tươi sống (Raw Brownies),INGREDIENT,583.33,10.0,36.67,53.33,15.0,30.0,83.33,9d4dc1ac-566d-45dd-8f5c-976afae98cfc,,,"Bánh hạnh nhân thô là những thanh tráng miệng không nướng, giàu chất dinh dưỡng, thường được làm từ các loại hạt xay, chà là và bột ca cao mà không thêm đường tinh luyện hoặc sữa. Những món ăn thuần chay và không chứa gluten này có kết cấu đậm đặc, béo ngậy và thường được tìm thấy ở các cơ sở tập trung vào sức khỏe như quán nước trái cây. Mặc dù cung cấp chất béo và chất xơ lành mạnh từ nguyên liệu thực phẩm nguyên chất, chúng vẫn chứa nhiều calo do hàm lượng hạt và trái cây sấy khô đậm đặc.",75
0423afe3-bc06-5df8-a3b3-e0cd04b18f2e,,,Kem chiên (Fried Ice Cream),DISH,281.48,5.93,14.81,29.63,0.74,16.3,222.22,9d4dc1ac-566d-45dd-8f5c-976afae98cfc,,,"Kem chiên là một món tráng miệng hấp dẫn với nhân kem đông lạnh được bọc trong lớp phủ chiên giòn. Phương pháp chế biến độc đáo này tạo ra sự tương phản ấn tượng giữa lớp vỏ ngoài giòn ấm và lớp kem lạnh bên trong. Thường được phục vụ trong các quán cà phê tráng miệng và nhà hàng Mexico, món này thường được kết thúc với các lớp phủ ngọt như mật ong, sốt sô cô la hoặc kem đánh bông, khiến món này trở thành món ăn có hàm lượng calo cao tốt nhất nên được thưởng thức như một món chiêu đãi không thường xuyên.",75
72d4e9d9-7ef7-5467-8e48-5f162198e4ce,,,Fondue sô cô la cay (Spicy Chocolate Fondue),DISH,128.75,2.08,7.08,13.75,0.42,8.33,33.33,9d4dc1ac-566d-45dd-8f5c-976afae98cfc,,,"Spicy Chocolate Fondue là một món tráng miệng đậm đà có sô cô la tan chảy được pha với các thành phần cay như ớt cayenne hoặc ớt, dùng nóng trong nồi chung. Món ăn hấp dẫn này kết hợp sô cô la và kem mịn, chất lượng cao với sức nóng tinh tế, thường đi kèm với nhiều loại đồ ăn có thể nhúng như trái cây tươi, kẹo dẻo và miếng bánh. Là một món tráng miệng của nhà hàng dành cho việc chia sẻ, nó đặc biệt giàu calo với hàm lượng đường và chất béo đáng kể, khiến nó được thưởng thức tốt nhất như một món ăn không thường xuyên.",75
a7971453-ab2b-5b6f-b568-e468b06c2dda,,,Donut thuần chay (Vegan Donut),DISH,275.0,5.0,12.5,37.5,2.5,18.75,375.0,9d4dc1ac-566d-45dd-8f5c-976afae98cfc,,,"Bánh rán thuần chay là phiên bản làm từ thực vật của loại bánh rán cổ điển, được làm không có sản phẩm động vật như trứng, sữa hoặc bơ. Những chiếc bánh rán thương mại này thường sử dụng các nguyên liệu thay thế như sữa thực vật, dầu dừa hoặc bơ thuần chay để đạt được hương vị và kết cấu tương tự như bánh rán truyền thống. Mặc dù phù hợp với chế độ ăn thuần chay, chúng vẫn là một món tráng miệng giàu calo, thường chứa lượng đường và carbohydrate tương đương với bánh rán thông thường.",75
e2db6bee-4712-50d4-bc38-972f5e699e79,,,Bánh ngọt sô cô la không chứa gluten (Gluten-Free Chocolate Cake),DISH,306.67,5.33,13.33,41.33,2.67,26.67,266.67,9d4dc1ac-566d-45dd-8f5c-976afae98cfc,,,"Bánh sô cô la không chứa gluten là một món tráng miệng có công thức đặc biệt được làm bằng các loại bột thay thế như gạo và lúa miến thay vì bột mì, an toàn cho những người mắc bệnh celiac hoặc nhạy cảm với gluten. Phiên bản bánh này thường duy trì kết cấu ẩm, đậm đà của bánh sô cô la truyền thống thông qua việc sử dụng các nguyên liệu và chất ổn định chuyên dụng. Mặc dù cung cấp một loại bánh thay thế không chứa lúa mì nhưng nó vẫn là một món tráng miệng ngọt ngào với hàm lượng calo và đường tương đương với bánh sô cô la thông thường.",75
9e59b4d0-fe5c-59ca-ad65-71093cfac6f4,,,Kem phô mai xanh (Blue Cheese Ice Cream),DISH,117.97,3.12,3.91,17.97,0.0,15.62,93.75,9d4dc1ac-566d-45dd-8f5c-976afae98cfc,,,"Kem phô mai xanh là món tráng miệng đông lạnh dành cho người sành ăn kết hợp kem sữa cao cấp với phô mai xanh Wisconsin chính hiệu. Sáng tạo thủ công này có sự cân bằng tinh tế giữa hương kem ngọt và phô mai thơm, với những miếng phô mai xanh nhỏ mang lại sự tương phản về kết cấu và sự bùng nổ hương vị đậm đà. Thường được làm bằng pho mát địa phương chất lượng cao như Billy Blue do Wisconsin sản xuất, món tráng miệng đặc biệt này thể hiện sự kết hợp sáng tạo giữa món pho mát truyền thống và món tráng miệng đông lạnh.",75
acb7aa0d-ad1e-59f3-9436-d4bf76352117,,,Sữa hạnh nhân không đường (Unsweetened Almond Milk),INGREDIENT,47.56,0.9,2.8,4.7,0.0,2.29,45.2,9d4dc1ac-566d-45dd-8f5c-976afae98cfc,,,"Sữa hạnh nhân không đường là một loại sữa thay thế có nguồn gốc thực vật được làm bằng cách trộn hạnh nhân với nước và lọc hỗn hợp để tạo ra một loại đồ uống mịn có hương vị hạt dẻ. Tùy chọn ít calo này chứa lượng carbohydrate tối thiểu và thường được bổ sung canxi và vitamin D để phù hợp với lợi ích dinh dưỡng của sữa bò. Độ đặc nhẹ của nó hoạt động tốt trong ngũ cốc, sinh tố và cà phê, đồng thời vẫn không chứa lactose tự nhiên và phù hợp với chế độ ăn thuần chay, keto và ít đường.",75
4f50cb5b-f8c3-580c-97ce-36dcf4579225,,,Thanh bơ sữa (Buttermilk Bar),INGREDIENT,403.85,2.88,17.31,58.65,1.92,33.65,317.31,9d4dc1ac-566d-45dd-8f5c-976afae98cfc,,,"Buttermilk Bar là một loại bánh rán hình chữ nhật đặc biệt được đặc trưng bởi bột làm giàu bơ sữa tạo nên hương vị thơm độc đáo. Đặc sản bánh này thường được phục vụ với lớp men ngọt làm nổi bật kết cấu bên trong nhẹ nhàng, thoáng mát và bên ngoài hơi sắc nét. Mặc dù đậm đà hơn bánh rán truyền thống do hàm lượng sữa bơ, loại bánh ngọt hấp dẫn này được biết đến với kích thước đáng kể và cảm giác ngon miệng.",75
089bf04c-ed8a-5e16-a13d-5cc95462ba08,,,Bánh quy xoắn mềm đường quế (Cinnamon Sugar Soft Pretzel),DISH,320.0,5.47,8.24,57.65,1.35,19.76,272.35,9d4dc1ac-566d-45dd-8f5c-976afae98cfc,,,"Bánh quy cây mềm có đường quế là một loại bánh ngọt làm từ bột men xoắn bằng tay mới nướng, thường được tìm thấy tại các cửa hàng bánh quy cây đặc sản và khu ẩm thực. Biến thể ngọt ngào của bánh quy mềm truyền thống này có phần bên trong ấm áp, mềm mại bên dưới lớp bên ngoài hơi dai, được phủ một lớp hỗn hợp đường quế ngọt ngào. Mặc dù chủ yếu là một loại thực phẩm ăn nhẹ giàu carbohydrate, nhưng nó có chứa protein làm từ lúa mì và thường bao gồm một số chất gây dị ứng phổ biến bao gồm lúa mì, sữa và đậu nành.",75
83dce916-8c69-5672-bb2d-a53b9085bf4d,,,Bánh mì nướng khoai lang (Sweet Potato Toasts),INGREDIENT,220.0,4.0,12.0,24.0,5.0,7.0,150.0,9d4dc1ac-566d-45dd-8f5c-976afae98cfc,,,"Bánh mì nướng khoai lang là một lựa chọn thay thế hiện đại, không chứa gluten cho bánh mì nướng truyền thống, có khoai lang cắt lát dày được nướng cho đến khi mềm và hơi giòn. Trong môi trường nhà hàng, những lát dày đặc chất dinh dưỡng này thường được phủ lên trên cùng với sự kết hợp của bơ, hummus, các loại hạt hoặc các loại phết từ thực vật khác, tạo ra một món ăn giàu chất xơ, vitamin và chất chống oxy hóa. Phần đế đa năng cung cấp lớp nền ngọt tự nhiên, bổ sung cho cả lớp phủ mặn và ngọt, đồng thời mang lại nhiều lợi ích dinh dưỡng hơn đáng kể so với bánh mì nướng thông thường.",75
58fc8603-985f-5e7c-9e67-046c386c2ced,,,Donut không chứa gluten (Gluten-Free Donut),DISH,441.18,5.88,23.53,47.06,1.47,17.65,367.65,9d4dc1ac-566d-45dd-8f5c-976afae98cfc,,,"Bánh rán không chứa gluten là một loại bánh ngọt đặc biệt được chế biến bằng các loại bột thay thế như bột gạo và tinh bột sắn thay vì bột mì. Những chiếc bánh rán kiểu nhà hàng này được thiết kế để mô phỏng gần giống kết cấu mềm, ngọt của bánh rán truyền thống đồng thời an toàn cho những người nhạy cảm với gluten hoặc bệnh celiac. Mặc dù không chứa gluten nhưng chúng thường chứa hàm lượng calo và đường tương tự như bánh rán thông thường, khiến chúng trở thành một món ăn không thường xuyên hơn là một loại thực phẩm tốt cho sức khỏe.",75
ac9e9b75-ce06-5111-81b3-1c2481675a15,,,Bánh quy yến mạch Nutella không nướng (No-Bake Nutella Oat Cookies),DISH,390.0,4.8,10.8,68.8,2.0,57.5,150.0,9d4dc1ac-566d-45dd-8f5c-976afae98cfc,,,"Bánh quy yến mạch No-Bake Nutella là một món tráng miệng nhanh chóng kết hợp yến mạch cán với Nutella, một loại cacao phết từ hạt phỉ ngọt, để tạo ra kết cấu dẻo, béo ngậy. Những món ăn giàu năng lượng này lấy chất xơ từ yến mạch nguyên hạt nhưng có nhiều đường bổ sung do thành phần của Nutella. Việc chế biến chúng chỉ cần trộn và làm lạnh, khiến chúng trở nên phổ biến để làm món ăn vặt tốn ít công sức, mặc dù chúng có chứa các chất gây dị ứng phổ biến như gluten (nếu yến mạch không được chứng nhận không chứa gluten) và sữa.",75
a78597f4-3a2b-57bf-b485-cf3e4bcb6378,,,Kem brownie fudge (Fudge Brownie Sundae),DISH,198.0,2.4,8.4,28.4,0.8,26.0,80.0,9d4dc1ac-566d-45dd-8f5c-976afae98cfc,,,"A Fudge Brownie Sundae là một món tráng miệng nhiều lớp bao gồm bánh hạnh nhân sô cô la ấm áp phủ kem vani, sốt kẹo mềm nóng và kem tươi. Món tráng miệng kiểu nhà hàng này thường bao gồm các đồ trang trí bổ sung như các loại hạt cắt nhỏ hoặc quả anh đào maraschino và thể hiện sự đầu tư lượng calo đáng kể với sự kết hợp phong phú của chất béo bão hòa và đường. Kích thước phần ăn hào phóng phù hợp để chia sẻ, với hầu hết các phiên bản nhà hàng chứa hơn 800 calo mỗi khẩu phần.",75
7c84c446-e6fd-5b6b-bdbe-694ec31e858f,,,Kem bánh ngọt dâu tây (Strawberry Shortcake Sundae),INGREDIENT,166.67,3.0,7.67,22.0,0.67,15.0,50.0,9d4dc1ac-566d-45dd-8f5c-976afae98cfc,,,"Strawberry Shortcake Sundae là một món tráng miệng kem nhiều lớp kết hợp kem vani với những miếng bánh ngắn và dâu tây tươi hoặc ngọt. Món ăn hấp dẫn này thường được kết thúc bằng kem tươi và nước sốt dâu tây bổ sung, tạo ra một món tráng miệng kết hợp hương vị cổ điển của bánh dâu tây với vị kem mát lạnh của kem sundae. Sự kết hợp giữa những miếng bánh ngọt ấm áp và kem lạnh tạo nên sự tương phản về nhiệt độ và kết cấu đặc trưng của món tráng miệng này.",75
a5825bf5-4c2f-5210-9709-ddf427c9c6b4,,,Bánh crepe phô mai dê và óc chó (Goat Cheese and Walnut Crepe),DISH,266.67,8.0,20.0,12.0,2.67,4.67,266.67,9d4dc1ac-566d-45dd-8f5c-976afae98cfc,,,"Bánh crepe phô mai dê và quả óc chó là một món ăn mặn kiểu Pháp bao gồm bánh crepe bột mì tinh tế chứa đầy pho mát dê thơm và quả óc chó nướng. Cách chuẩn bị nhà hàng này thường bao gồm rau xanh tươi và nước sốt nhẹ, thường làm từ balsamic hoặc mật ong, tạo ra sự kết hợp cân bằng giữa kết cấu kem, giòn và tươi. Món ăn này cung cấp sự cân bằng tốt giữa protein và chất béo lành mạnh, trong đó phô mai dê cung cấp canxi và quả óc chó cung cấp axit béo omega-3 có lợi cho tim.",75
3ad9607b-fb1d-569f-816c-2915b784c640,,,Bánh quy bơ đậu phộng không chứa gluten (Gluten-Free Peanut Butter Cookies),DISH,691.18,14.71,35.29,88.24,7.35,44.12,676.47,9d4dc1ac-566d-45dd-8f5c-976afae98cfc,,,"Những chiếc bánh quy làm bằng bánh này được chế biến không có bột mì, sử dụng các nguyên liệu thay thế như yến mạch hoặc bột gạo để đạt được kết cấu bánh quy truyền thống. Giàu bơ đậu phộng, chúng mang đến sự cân bằng hài lòng giữa các cạnh giòn và phần giữa dai, đồng thời cung cấp nhiều protein hơn so với các loại bánh quy thông thường do có thành phần bơ đậu phộng. Mặc dù không chứa gluten tự nhiên nhưng những chiếc bánh quy này có chứa đậu phộng và có thể bao gồm các chất gây dị ứng khác như trứng và sữa thường gặp trong các chế phẩm làm bánh.",75
fb9983b4-dd87-51e1-9c95-c1e36e7cad8e,,,Bánh ngọt rum (Rum Cake),DISH,315.79,5.26,11.84,47.37,1.32,23.68,394.74,9d4dc1ac-566d-45dd-8f5c-976afae98cfc,,,"Bánh rượu rum là một món tráng miệng đậm đà của vùng Caribe được làm từ bánh màu vàng truyền thống được pha với rượu rum đen và xi-rô làm từ rượu rum. Loại bánh ẩm, đặc này thường được làm bằng hỗn hợp bột mì, trứng và đường, sau đó ngâm trong nước sốt bơ-rum để tạo ra màu nâu vàng đặc trưng và hương vị đậm đà. Được phục vụ trong các nhà hàng ở Caribe, nó đặc biệt ngọt và giàu calo, với rượu rum mang lại cả hương vị và đặc tính bảo quản.",75
11cd4927-114e-5ef9-8251-e56b4269e414,,,Donut Eclair (Eclair Donut),DISH,375.0,5.77,20.19,45.19,1.44,19.23,221.15,9d4dc1ac-566d-45dd-8f5c-976afae98cfc,,,"Eclair Donut là một loại bánh ngọt thuôn dài kết hợp các yếu tố của cả eclairs và donut, có lớp bột nhẹ, lên men chứa đầy kem vani ngọt ngào. Món ăn hấp dẫn này thường được hoàn thiện với lớp phủ men sô cô la đậm đà và chứa khoảng 360-440 calo mỗi khẩu phần. Các chất gây dị ứng phổ biến bao gồm lúa mì, sữa, trứng và đậu nành, khiến món tráng miệng này cần được những người có chế độ ăn kiêng chú ý.",75
0f27f35f-6136-5331-8442-7e9e13ea1310,,,Sô cô la nóng không chứa gluten (Gluten-Free Hot Chocolate),DISH,54.4,1.2,1.6,8.8,0.8,4.8,60.0,9d4dc1ac-566d-45dd-8f5c-976afae98cfc,,,"Đồ uống đặc biệt này là sô-cô-la nóng được pha chế cẩn thận với các thành phần không chứa gluten đã được chứng nhận trong môi trường chuyên dụng không gây dị ứng. Thức uống đậm đà này thường kết hợp bột ca cao cao cấp với sữa hoặc các sản phẩm thay thế sữa, chất làm ngọt tự nhiên và chất làm đặc tùy chọn để tạo ra kết cấu sang trọng. Thường được phục vụ tại các tiệm bánh đặc biệt, món này có thể được tùy chỉnh với các loại phủ không chứa gluten như kem đánh bông hoặc kẹo dẻo trong khi vẫn duy trì các quy trình nghiêm ngặt về chất gây dị ứng.",75
b335e342-3932-5d29-9651-2da4a8de42d3,,,Kem bọt sữa đường nâu (Brown Sugar Milk Foam Bites),INGREDIENT,360.0,0.0,6.67,73.33,1.33,20.0,133.33,9d4dc1ac-566d-45dd-8f5c-976afae98cfc,,,"Brown Sugar Milk Foam Bites là món ăn nhẹ tráng miệng được gói riêng lẻ với nhân trân châu khoai mì dai được bọc trong lớp phủ bọt sữa ngọt ngào. Những món bánh trân châu đặc sản này kết hợp hương vị trà sữa đường nâu quen thuộc trong một miếng vừa ăn tiện lợi, với mỗi miếng chứa khoảng 55 calo. Đồ ăn nhẹ có chứa cả thành phần sữa và đậu nành, cung cấp một giải pháp thay thế di động cho đồ uống trà sữa truyền thống.",75
8789c2f8-9ddd-59dd-a264-ca48a96006b4,,,Đĩa bánh quy (Cookie Platter),DISH,740.0,10.0,34.0,98.0,4.0,40.0,400.0,9d4dc1ac-566d-45dd-8f5c-976afae98cfc,,,"Đĩa bánh quy là một loại bánh quy mới nướng thường có các loại cổ điển như sô cô la chip, đường và bánh quy nho khô bột yến mạch. Những đĩa này được thiết kế để chia sẻ theo nhóm và thường chứa 12-36 chiếc bánh quy, mỗi chiếc bánh quy riêng lẻ chứa trung bình 90-370 calo tùy thuộc vào kích cỡ và chủng loại. Mặc dù các lựa chọn cụ thể khác nhau tùy theo cơ sở, nhưng những đĩa này thường cung cấp bánh quy giàu carbohydrate và chất béo, khiến việc nhận biết khẩu phần trở nên quan trọng đối với việc theo dõi dinh dưỡng.",75
ae0d47a6-89d1-5814-8506-07d9143aa54e,,,Bánh kếp hải sản (Seafood Pancake),DISH,227.2,6.8,8.8,30.0,4.0,1.6,320.0,9d4dc1ac-566d-45dd-8f5c-976afae98cfc,,,"Bánh xèo hải sản (Haemul Pajeon) là một món ăn mặn của Hàn Quốc được làm từ bột mì và bột gạo trộn với hải sản và hành lá. Món chế biến tại nhà hàng này có bề ngoài giòn và bên trong mềm đạt được khi chiên áp chảo, thường dẫn đến hàm lượng dầu cao hơn so với các món tự chế biến. Loại bánh kếp lớn, có thể chia sẻ theo truyền thống được phục vụ với nước chấm làm từ đậu nành hoặc nước chấm cay và cung cấp nguồn protein đáng kể từ các nguyên liệu hải sản đa dạng.",75
ca3bf0d5-ef48-5c96-9e8d-89479bfe51c7,,,Bánh phô mai xoài xôi nếp (Mango Sticky Rice Cheesecake),DISH,492.0,4.8,32.0,46.0,1.6,36.0,200.0,9d4dc1ac-566d-45dd-8f5c-976afae98cfc,,,"Bánh phô mai xôi xoài là một món tráng miệng kết hợp hấp dẫn kết hợp giữa xôi xoài truyền thống của Thái Lan với bánh phô mai kiểu phương Tây. Sự sáng tạo phong phú này bao gồm các lớp bánh phô mai kem với xôi dừa và xoài tươi, tạo nên sự tương tác phức tạp giữa kết cấu và hương vị nhiệt đới. Thường được phục vụ như một phần ăn riêng của nhà hàng, món tráng miệng suy đồi này có hàm lượng calo và chất béo bão hòa cao đáng kể do có thành phần kem phô mai và nước cốt dừa.",75
ee86c96b-2d94-5020-89b3-0d84b4e66f21,,,Sốt sô cô la (Chocolate Sauce),DISH,512.0,8.0,14.0,88.0,6.0,80.0,180.0,9d4dc1ac-566d-45dd-8f5c-976afae98cfc,,,"Nước sốt sô cô la được phục vụ tại quầy bánh quy cây là một loại kem tráng miệng mịn, có thể rót được, được làm chủ yếu từ ca cao, đường và các nguyên liệu từ sữa. Nước sốt ngọt này được pha chế đặc biệt để duy trì độ đặc lý tưởng khi dùng ở nhiệt độ phục vụ, khiến nó trở nên hoàn hảo để phủ bánh quy xoắn và các món tráng miệng khác. Mặc dù có nhiều hương vị nhưng nó lại có hàm lượng đường cao đáng kể, với một khẩu phần thông thường chứa từ 15-25 gam carbohydrate.",75
58be5f9e-7b07-5ddd-ac6d-e1ca6876636c,,,Pa Jeon (bánh kếp hành lá) (Pa Jeon (Green Onion Pancake)),DISH,253.57,7.86,7.86,35.71,2.14,0.71,285.71,9d4dc1ac-566d-45dd-8f5c-976afae98cfc,,,"Pa Jeon là một loại bánh xèo mặn của Hàn Quốc được làm chủ yếu từ bột mì và nổi bật với hành lá (hành lá). Món áp chảo này có đặc điểm bên ngoài vàng giòn và bên trong mềm, thường được phục vụ như món khai vị hoặc món ăn chung trong các nhà hàng Hàn Quốc. Theo truyền thống, bánh kếp được đi kèm với nước chấm làm từ đậu nành giàu vị umami để bổ sung cho hương vị hành tinh tế của nó.",75
8e7c8f92-f48d-5e2c-af18-8b9bcdfa39ef,,,Bánh pudding Ấn Độ (Indian Pudding),DISH,132.91,4.09,3.59,21.18,1.05,14.77,189.03,9d4dc1ac-566d-45dd-8f5c-976afae98cfc,,,"Pudding Ấn Độ là món tráng miệng truyền thống của New England được làm từ bột ngô nấu chậm với sữa, mật đường và gia vị ấm. Món ăn thời thuộc địa này có độ ấm đặc biệt giống như sữa trứng với kết cấu hơi sần sùi làm từ bột ngô. Thường được phục vụ nóng và thường đi kèm với kem vani, nó mang lại vị ngọt đậm đà, phức tạp từ sự kết hợp của mật đường và các loại gia vị làm bánh truyền thống như quế và gừng.",75
794eb920-3895-5ed1-a9ee-ed8f604fa9a6,,,Bánh pudding Yorkshire (Yorkshire Pudding),DISH,208.33,6.25,10.42,22.92,0.83,2.08,166.67,9d4dc1ac-566d-45dd-8f5c-976afae98cfc,,,"Bánh pudding Yorkshire là một món ăn kèm truyền thống của Anh được làm từ bột nướng gồm trứng, bột mì và sữa, nổi bật bởi lớp vỏ bên ngoài giòn và lớp bên trong phồng xốp, thoáng mát. Trong các quán rượu, những chiếc bánh pudding thơm ngon này thường được chế biến với thịt bò nhỏ giọt và được phục vụ thành những phần lớn cùng với thịt bò nướng và nước thịt. Phần nhà hàng đáng kể được thiết kế để hứng và giữ nước thịt và nước sốt đậm đà, khiến nó trở thành một phiên bản nhiều calo hơn của món ăn kèm cổ điển.",75
8d5711af-162a-5d02-85ba-f4b17c1694c2,,,Fondue sô cô la caramel (Caramel Chocolate Fondue),DISH,450.0,5.04,20.17,60.08,1.26,50.0,50.0,9d4dc1ac-566d-45dd-8f5c-976afae98cfc,,,"Caramel Chocolate Fondue là một món tráng miệng thơm ngon có sô cô la tan chảy được tăng cường với caramel đậm đà, thường được phục vụ trong nồi đun nóng để nhúng chung tại các nhà hàng nước xốt. Hỗn hợp hấp dẫn này kết hợp sữa hoặc sô cô la đen với kem đặc và caramen, tạo ra một loại nước chấm mịn, ấm, ngọt hơn và nhiều calo hơn đáng kể so với nước sốt sô cô la truyền thống. Món ăn này được phục vụ theo truyền thống với nhiều loại đồ ăn kèm như trái cây tươi, bánh ngọt và kẹo dẻo để nhiều thực khách chia sẻ.",75
fce2b074-1f50-5a5a-9ef4-2e661e9065f1,,,Thanh kem nhẹ (Light Ice Cream Bar),DISH,230.0,6.4,10.1,27.0,0.8,15.0,104.0,9d4dc1ac-566d-45dd-8f5c-976afae98cfc,,,"Một thanh kem nhẹ là một món tráng miệng đông lạnh được thiết kế để cung cấp một giải pháp thay thế ít calo hơn cho các món kem truyền thống, thường đạt được thông qua việc giảm hàm lượng chất béo hoặc các chất thay thế đường như erythritol hoặc stevia. Những thanh này duy trì kết cấu kem thông qua chất ổn định và kết hợp không khí, mặc dù chúng có thể ít đậm đặc hơn kem thông thường. Thường được phủ sô cô la đen hoặc vỏ có hương vị, chúng thu hút những người tìm kiếm sự thưởng thức có kiểm soát theo khẩu phần trong khi vẫn quản lý lượng calo hoặc đường nạp vào.",75
c30b94ad-8814-58e4-8861-2b8a1a743134,,,Bánh kếp với si-rô phong (Pancakes with Maple Syrup),DISH,158.96,2.31,4.34,27.46,0.58,15.9,173.41,9d4dc1ac-566d-45dd-8f5c-976afae98cfc,,,"Bánh kếp với xi-rô phong là một món ăn sáng cổ điển của nhà hàng bao gồm các loại bánh bột làm từ bột nướng ăn kèm với xi-rô phong nguyên chất. Một phần cà phê thông thường bao gồm 2-3 chiếc bánh bông lan (mỗi chiếc khoảng 6-7 inch) phủ bơ và xi-rô, cung cấp khoảng 450-550 calo mỗi khẩu phần. Món ăn giàu carbohydrate này có hàm lượng đường đáng kể từ xi-rô, khiến nó trở thành một lựa chọn bữa sáng giàu calo, thường cung cấp 54-109g carbohydrate cùng một lượng vừa phải protein và chất béo.",75
d5224cdc-0965-5d9c-be45-61c3deada28d,,,Bánh kếp hành lá (Scallion Pancakes),DISH,131.76,4.24,5.65,15.29,1.76,0.59,235.29,9d4dc1ac-566d-45dd-8f5c-976afae98cfc,,,"Bánh kếp hành lá là loại bánh mì dẹt của Trung Quốc được làm từ nhiều lớp bột mì và hành lá cắt nhỏ. Những chiếc bánh mặn này được chiên trên chảo cho đến khi vàng và giòn bên ngoài trong khi vẫn giữ được kết cấu mềm mại, nhiều lớp bên trong. Thường được phục vụ như món khai vị hoặc món ăn phụ tại các nhà hàng châu Á, chúng thường đi kèm với nước chấm làm từ đậu nành và chứa các chất gây dị ứng lúa mì và vừng.",75
598baa6f-41bc-5a5d-ac16-1c80522dabfb,,,Bánh tart sữa (Milk Tart),INGREDIENT,142.4,4.8,6.4,23.2,0.0,14.4,120.0,9d4dc1ac-566d-45dd-8f5c-976afae98cfc,,,"Bánh tart sữa (Melktert) là một món tráng miệng cổ điển của Nam Phi bao gồm một lớp vỏ bánh ngọt chứa đầy hỗn hợp mượt như sữa trứng. Nhân bánh được làm chủ yếu từ sữa, trứng và đường, tạo nên vị ngọt tinh tế với điểm nhấn là vani và quế. Phiên bản nhà hàng này có kết cấu kem đậm đà, tương phản với lớp vỏ bơ giòn và thường được phủ một lớp quế bên trên.",75
29e527b3-9c31-5baa-9158-f96785afbb78,,,Bánh Pannenkoeken với sô cô la và hạt dẻ (Pannenkoeken with Chocolate and Hazelnut),DISH,260.0,7.6,11.2,30.0,1.4,4.0,160.0,9d4dc1ac-566d-45dd-8f5c-976afae98cfc,,,"Pannenkoeken là một loại bánh pancake truyền thống của Hà Lan có độ dày nằm giữa bánh crepe của Pháp và bánh kếp của Mỹ, thường được phục vụ dưới dạng một phần lớn, một phần. Món chế biến tại nhà hàng này bao gồm nhiều sốt sô-cô-la-hạt phỉ và hạt phỉ xắt nhỏ, tạo nên một lựa chọn món tráng miệng hoặc bữa ăn hấp dẫn. Bản thân chiếc bánh kếp này được làm bằng bột trứng và sữa đậm đà, tạo nên các cạnh hơi giòn và phần bên trong mềm thường được cuộn quanh phần nhân ngọt của nó.",75
0ddc7210-cbee-5573-be5f-aeaf00803eac,,,Bánh quế Bỉ thảo mộc và phô mai (Herb and Cheese Belgian Waffle),INGREDIENT,290.0,11.0,16.0,32.0,3.0,3.0,750.0,9d4dc1ac-566d-45dd-8f5c-976afae98cfc,,,"Biến thể thơm ngon của bánh quế Bỉ này được làm bằng các loại thảo mộc và pho mát được trộn trực tiếp vào bột trước khi nấu trong bàn ủi bánh quế chuyên dụng của Bỉ. Kết quả là một chiếc bánh quế bên ngoài giòn với túi sâu, bên trong đậm đà, béo ngậy với các loại thảo mộc thơm và kết cấu nhẹ, thoáng mát. Không giống như bánh quế ngọt truyền thống của Bỉ, phiên bản mặn này thường được phục vụ như một món ăn nửa buổi và có thể phủ thêm trứng hoặc phô mai lên trên.",75
711f2f1d-1aae-5bfd-b843-65048b251931,,,Bánh crepe mâm xôi và sô cô la trắng (Raspberry and White Chocolate Crepe),DISH,318.18,6.36,16.36,38.18,5.45,18.18,272.73,9d4dc1ac-566d-45dd-8f5c-976afae98cfc,,,"Bánh Crepe mâm xôi và sô cô la trắng là một món tráng miệng kiểu Pháp cổ điển bao gồm một chiếc bánh kếp mỏng như giấy, tinh tế chứa đầy sô cô la trắng ngọt ngào và quả mâm xôi tươi chua. Cách chế biến tại nhà hàng này thường kết hợp sô cô la trắng cao cấp tan chảy với mứt mâm xôi tươi hoặc ấm, tất cả được bọc trong một chiếc bánh crepe mềm làm từ bột nhiều trứng. Món tráng miệng thường được trang trí bằng kem đánh bông và một ít đường bột, tạo nên sự cân bằng dễ chịu giữa hương vị phong phú và trái cây.",75
a408659f-ad78-5a87-92dd-73eeb1edc8a8,,,Panna Cotta dừa (Coconut Panna Cotta),DISH,165.83,2.08,11.25,14.58,0.62,11.67,20.83,9d4dc1ac-566d-45dd-8f5c-976afae98cfc,,,"Panna Cotta dừa là sự kết hợp giữa món tráng miệng Ý cổ điển của California, với nước cốt dừa thay cho kem sữa truyền thống. Món tráng miệng ướp lạnh này mang lại kết cấu mịn mượt như sữa trứng với hương vị nhiệt đới tinh tế từ nước cốt dừa. Thường được trang trí bằng trái cây tươi theo mùa, dừa nướng hoặc các loại thảo mộc địa phương, món tráng miệng tự nhiên không chứa sữa này mang đến trải nghiệm phong phú, thú vị đồng thời đáp ứng các sở thích ăn kiêng hiện đại.",75
30b9fa40-a7c1-57fe-a9de-7db524b6b279,,,Bánh quy sô cô la chip không chứa gluten (Gluten-Free Chocolate Chip Cookies),DISH,483.87,3.23,25.81,58.06,3.23,32.26,387.1,9d4dc1ac-566d-45dd-8f5c-976afae98cfc,,,"Bánh quy sô cô la không chứa gluten là món bánh đặc sản được làm bằng các loại bột thay thế như gạo, sắn hoặc bột sắn thay vì bột mì. Những chiếc bánh quy này được chế tạo đặc biệt để mang lại hương vị và kết cấu tương tự như bánh quy sô cô la chip truyền thống đồng thời an toàn cho những người nhạy cảm với gluten hoặc bệnh celiac. Thường chứa 140-180 calo mỗi chiếc bánh quy, chúng thường có các thành phần thân thiện với chất gây dị ứng và đạt được sự cân bằng hài lòng giữa các cạnh giòn với phần giữa mềm.",75
54294775-68bb-5100-aad7-3f2bac0dbcfa,,,Fondue sữa sô cô la (Milk Chocolate Fondue),INGREDIENT,493.33,8.67,28.0,60.0,2.67,57.33,66.67,9d4dc1ac-566d-45dd-8f5c-976afae98cfc,,,"Nước xốt sô cô la sữa là một món tráng miệng ấm áp, đậm đà theo truyền thống được phục vụ trong nồi chung tại các nhà hàng kiểu Thụy Sĩ. Hỗn hợp hấp dẫn giữa sô cô la sữa tan chảy và kem này thường đi kèm với nhiều loại đồ chấm như trái cây tươi, bánh quy và bánh hạnh nhân. Mặc dù cung cấp hàm lượng canxi đáng kể nhưng món tráng miệng này lại có hàm lượng calo, đường và chất béo bão hòa cao đáng kể, với một khẩu phần ăn thông thường của nhà hàng chứa khoảng 370 calo trên mỗi khẩu phần 75 gram.",75
536830d1-7e52-5131-b539-0645ce7419a4,,,Ống kem (Ice Cream Cone),DISH,170.0,3.06,7.91,22.82,1.0,17.76,55.0,9d4dc1ac-566d-45dd-8f5c-976afae98cfc,,,"Kem ốc quế là một món tráng miệng tiêu chuẩn phục vụ bao gồm một chiếc nón kiểu bánh quế giòn, chứa đầy một muỗng kem. Bữa ăn điển hình của nhà hàng cung cấp khoảng 170 calo, kết hợp cấu trúc giàu carbohydrate của một chiếc bánh quế với kem sữa béo ngậy. Món tráng miệng cổ điển này có hình nón làm từ bột mì và đường, được thiết kế để chứa một muỗng kem tiêu chuẩn trong khi vẫn giữ được kết cấu giòn.",75
ad667172-18e7-574b-a8f4-c19a1b2c22b0,,,Donut việt quất (Blueberry Donut),INGREDIENT,400.0,3.75,20.0,50.0,1.88,25.0,437.5,9d4dc1ac-566d-45dd-8f5c-976afae98cfc,,,"Bánh rán việt quất là một loại bánh ngọt chiên thường có hương vị việt quất trong men, nhân hoặc bột. Cửa hàng bánh rán này cung cấp trung bình 250-350 calo mỗi khẩu phần và có thể được làm theo kiểu bánh ngọt hoặc kiểu lên men, ảnh hưởng đến kết cấu và mật độ của nó. Bột chiên có đặc điểm chứa nhiều carbohydrate và đường tinh chế, đồng thời chứa lượng chất béo vừa phải từ quá trình chiên.",75
637646b4-e990-52d1-a2bf-bd0575d05265,,,Bánh ngọt chiffon (Chiffon Cake),DISH,354.0,7.0,13.0,53.0,1.0,37.0,200.0,9d4dc1ac-566d-45dd-8f5c-976afae98cfc,,,"Bánh chiffon là một món tráng miệng nhẹ, thoáng mát, nổi bật bởi kết cấu mềm và mịn độc đáo nhờ lòng trắng trứng đánh bông và dầu thực vật thay vì bơ. Món ăn chủ yếu trong quán cà phê trang nhã này thường được phục vụ theo khẩu phần hào phóng, thường được trang trí bằng kem tươi và trái cây, đồng thời có thể tìm thấy nhiều hương vị khác nhau từ vani cổ điển đến các biến thể cam quýt hoặc phô mai. Mặc dù có ít chất béo bão hòa hơn so với các loại bánh làm từ bơ truyền thống nhưng nó vẫn là một món tráng miệng ngon với hàm lượng đường đáng kể.",75
93f66a26-6d3a-5c01-9132-001b8bc8dbbf,,,Bánh khoai lang hầm (Sweet Potato Casserole),DISH,168.0,2.4,3.6,31.2,2.0,16.0,144.0,9d4dc1ac-566d-45dd-8f5c-976afae98cfc,,,"Khoai lang hầm là một món ăn được chế biến sẵn bao gồm khoai lang nghiền kết hợp với đường, bơ và gia vị ấm, thường được phủ thêm kẹo dẻo hoặc hồ đào. Phiên bản kiểu tự chọn này đặc biệt ngọt ngào và nhiều calo hơn so với các biến thể tự làm, với khẩu phần nửa cốc chứa khoảng 210 calo và 40g carbohydrate. Cách chế biến giống như món tráng miệng của món ăn này bao gồm lượng đường và chất béo được bổ sung đáng kể, khiến nó giống một món tráng miệng hơn là một món rau ăn kèm.",75
269c9be3-0fe1-50d3-b921-dbe8b1012cef,,,Sô cô la nóng (Hot Chocolate),DISH,63.33,1.67,2.67,9.33,0.67,9.33,40.0,9d4dc1ac-566d-45dd-8f5c-976afae98cfc,,,"Sôcôla nóng phục vụ trong quán cà phê tráng miệng là đồ uống cao cấp được chế biến từ ca cao chất lượng cao hoặc sô cô la tan chảy trộn với sữa hấp để tạo ra kết cấu đậm đà, mượt mà. Đồ uống hấp dẫn này thường có thể tùy chỉnh với các chất bổ sung như kem đánh bông, kẹo dẻo hoặc xi-rô có hương vị, khiến nó trở nên ngon hơn so với các phiên bản pha chế tại nhà. Mặc dù dinh dưỡng chính xác thay đổi tùy theo nhu cầu, nhưng sô cô la nóng trong quán cà phê thường chứa một lượng đường và calo đáng kể, với khẩu phần 12 ounce thông thường cung cấp 120-250 calo.",75
c526feb9-eb59-58e0-a141-9d9c8b214b00,,,Kem brownie (Brownie Sundae),DISH,310.88,5.1,14.29,40.82,1.02,28.91,159.86,9d4dc1ac-566d-45dd-8f5c-976afae98cfc,,,"Brownie Sundae là món tráng miệng kiểu Mỹ cổ điển kết hợp bánh hạnh nhân sô cô la ấm với kem vani lạnh, sốt kẹo mềm nóng, kem tươi, các loại hạt xắt nhỏ và anh đào maraschino. Món tráng miệng hấp dẫn này thường chứa hơn 900 calo mỗi khẩu phần, với sự tương tác của các thành phần ấm và lạnh là đặc điểm nổi bật của nó. Khẩu phần ăn truyền thống rất hào phóng nên thường thích hợp để chia sẻ.",75
94c9591b-f7f9-5a04-860e-99a8da55d115,,,Fondue sô cô la cam (Orange Chocolate Fondue),INGREDIENT,926.67,13.33,53.33,106.67,3.33,66.67,590.0,9d4dc1ac-566d-45dd-8f5c-976afae98cfc,,,"Orange Chocolate Fondue là món tráng miệng sang trọng bao gồm sôcôla đen cao cấp được tăng cường với rượu mùi cam và vỏ cam quýt tươi. Nước xốt kiểu Thụy Sĩ này kết hợp sô cô la tan chảy đậm đà với hương cam quýt tinh tế để tạo ra nước chấm mịn mượt mà theo truyền thống được phục vụ ấm trong nồi nước xốt. Món ăn chung thường đi kèm với nhiều loại trái cây tươi, kẹo dẻo hoặc miếng bánh để chấm, tạo ra trải nghiệm món tráng miệng tương tác.",75
afa80715-11c9-52e0-b8d8-3abebb6eb652,,,Kem tempura (Tempura Ice Cream),DISH,282.22,3.93,15.56,32.59,1.11,20.89,111.11,9d4dc1ac-566d-45dd-8f5c-976afae98cfc,,,"Kem Tempura là món tráng miệng lấy cảm hứng từ Nhật Bản với kem được bọc trong vỏ bột tempura giòn. Quá trình chuẩn bị bao gồm phủ một quả cầu kem đông lạnh trong bột tempura nhẹ trước khi chiên nhanh, tạo ra sự tương phản ấn tượng giữa lớp ngoài nóng, giòn và phần nhân kem lạnh. Món tráng miệng hấp dẫn này thường được phục vụ ngay sau khi chiên, thường được trang trí bằng kem đánh bông, sốt sô cô la hoặc trái cây và là món ăn cuối cùng phổ biến tại các nhà hàng Nhật Bản.",75
357b9c5b-8655-5dab-9da1-be1b4930914d,,,Caramel macchiato đá (Iced Caramel Macchiato),DISH,59.15,1.92,2.34,7.83,0.0,7.18,42.25,9d4dc1ac-566d-45dd-8f5c-976afae98cfc,,,"Iced Caramel Macchiato là đồ uống espresso nhiều lớp có sữa lạnh được đánh dấu bằng những tách espresso và xi-rô vani, được hoàn thiện bằng họa tiết mưa phùn caramel đặc biệt. Quán cà phê yêu thích này kết hợp vị đậm đà của espresso với vị ngọt của caramel và vani, thường chứa khoảng 200-250 calo mỗi khẩu phần. Thức uống này cung cấp lượng caffeine vừa phải đồng thời cung cấp hàm lượng đường đáng kể từ xi-rô có hương vị, khiến nó trở thành một lựa chọn cà phê dễ chịu hơn.",75
131e7430-61df-5cf2-8730-bbffe124cd6c,,,Bánh quy tiên tri (Fortune Cookies),DISH,375.0,3.75,2.5,83.75,3.75,50.0,437.5,9d4dc1ac-566d-45dd-8f5c-976afae98cfc,,,"Bánh quy may mắn là những chiếc bánh quy giòn, gấp nếp chứa vận may bằng giấy, theo truyền thống được phục vụ như món tráng miệng miễn phí tại các nhà hàng Trung Quốc ở Mỹ. Những chiếc bánh quy làm từ bột mì này có vị ngọt nhẹ và thường chứa khoảng 30 calo mỗi loại, với thành phần dinh dưỡng chủ yếu bao gồm carbohydrate đơn giản. Mặc dù ít chất béo và protein nhưng chúng lại chứa các chất gây dị ứng phổ biến bao gồm lúa mì, đậu nành và gluten.",75
cd274668-8207-5014-8840-49c1535c9917,,,Churros với sốt sô cô la (Churros with Chocolate Sauce),DISH,380.0,2.94,23.56,39.78,2.56,19.67,175.0,9d4dc1ac-566d-45dd-8f5c-976afae98cfc,,,"Churros với sốt sô cô la là một món tráng miệng hấp dẫn với những chiếc bánh ngọt giòn, có đường quế phủ đường quế và ăn kèm với nước chấm sô cô la đen đậm đà. Một phần ăn điển hình của nhà hàng bao gồm ba chiếc bánh churros, được chiên cho đến khi vàng và giòn bên ngoài trong khi bên trong vẫn mềm, đi kèm với nước sốt sô-cô-la mịn như nhung. Món tráng miệng kết hợp hấp dẫn này chứa khoảng 684 calo mỗi khẩu phần, khiến nó trở thành một món ngọt đáng kể dành cho việc chia sẻ hoặc những dịp đặc biệt.",75
724051b3-3fc1-5b55-8db9-8ad83e89a640,,,Bánh Maamoul phô mai (Cheese Maamoul),DISH,450.0,12.5,22.5,55.0,2.5,10.0,62.5,9d4dc1ac-566d-45dd-8f5c-976afae98cfc,,,"Phô mai Maamoul là một loại bánh ngọt truyền thống của Trung Đông được làm từ bột báng và nhân phô mai mặn. Chiếc bánh ngọt có lớp vỏ ngoài giòn rụm đặc trưng nhường chỗ cho lớp kem phô mai ở giữa, thường được nêm với các loại gia vị thơm như mahlab. Món ăn chủ yếu của nhà hàng Qatar này kết hợp vị ngọt tinh tế của bột bơ với nhân phô mai mặn, khiến món này trở thành lựa chọn phổ biến cho những dịp đặc biệt và lễ kỷ niệm ngày lễ.",75
ed8fe2e1-e2d3-5a94-ba6c-71893faa0674,,,Bánh mì kẹp kem vani (Vanilla Ice Cream Sandwich),DISH,237.0,4.29,8.57,37.1,0.0,18.6,129.0,9d4dc1ac-566d-45dd-8f5c-976afae98cfc,,,"Bánh sandwich kem vani là một món tráng miệng đông lạnh bao gồm kem vani ngọt được ép giữa hai chiếc bánh quy wafer có hương vị sô cô la hình chữ nhật. Món ăn cầm tay này cân bằng kem lạnh, kem với lớp ngoài giòn, hơi dai, mặc dù sự tiện lợi của nó đi kèm với hàm lượng đường cao và mật độ calo đáng chú ý. Hầu hết các phiên bản thương mại đều chứa sữa, gluten và các chất ổn định bổ sung, khiến nó không phù hợp với nhiều chế độ ăn kiêng hạn chế mặc dù nó được phổ biến rộng rãi như một món ăn nhẹ hoài cổ.",75
155c60de-c78d-559a-af64-77d4c3c10f03,,,Bánh pudding chuối (Banana Pudding),DISH,131.58,1.84,3.68,23.68,1.32,14.74,78.95,9d4dc1ac-566d-45dd-8f5c-976afae98cfc,,,"Bánh pudding chuối là một món tráng miệng nhiều lớp bao gồm bánh pudding vani, lát chuối tươi và bánh quy wafer vani, thường được phủ kem tươi lên trên. Phiên bản nhà hàng này được đặc trưng bởi kết cấu kem đậm đà và cách trình bày cầu kỳ, thường được phục vụ trong một chiếc bình trong suốt để thể hiện các lớp đặc biệt của nó. Món tráng miệng kết hợp vị ngọt tự nhiên của chuối chín với các thành phần từ sữa thơm ngon, khiến nó trở thành một cách giải thích tinh tế hơn về món ăn truyền thống thoải mái của miền Nam.",75
464218e5-b46b-5e3e-b6b7-8f968478ce19,,,Bánh pudding Jan Ellis (Jan Ellis Pudding),DISH,166.67,2.0,10.0,20.0,0.67,11.67,100.0,9d4dc1ac-566d-45dd-8f5c-976afae98cfc,,,"Jan Ellis Pudding là một món tráng miệng truyền thống của Nam Phi bao gồm một loại bánh pudding đặc, giống như bánh ngọt được ngâm trong xi-rô kem vani-cam đậm đà. Món ăn thoải mái dễ chịu này được làm bằng bột mì, trứng và mứt mơ, sau đó phủ sốt kem bơ ấm tạo nên lớp vỏ caramen đặc biệt. Thường được phục vụ khi còn ấm như món tráng miệng tại nhà hàng, món ăn giàu calo này thường đi kèm với sữa trứng để tăng thêm vị đậm đà.",75
6eba1c38-d01b-5141-9c67-aee4ccb6e9d7,,,Bánh pudding đen (Black Pudding),DISH,296.0,16.4,22.0,1.33,0.4,0.67,1066.67,9d4dc1ac-566d-45dd-8f5c-976afae98cfc,,,"Bánh pudding đen là một loại xúc xích truyền thống của Anh được làm từ tiết lợn, yến mạch và gia vị, thường được phục vụ như một phần của bữa sáng đầy đủ kiểu Anh trong các quán rượu. Loại xúc xích thơm ngon, đậm đặc này thường được cắt lát và chiên cho đến khi giòn bên ngoài trong khi bên trong vẫn mềm. Nổi tiếng với thành phần dinh dưỡng phong phú, bánh pudding đen đặc biệt giàu protein và sắt, khiến nó trở thành một lựa chọn bữa sáng giàu chất dinh dưỡng đáng ngạc nhiên.",75
5928c01a-8382-5f54-ae16-8fcd8b4625ac,,,Món tráng miệng thạch cỏ (Grass Jelly Dessert),DISH,84.03,1.26,2.1,15.13,0.84,8.4,21.01,9d4dc1ac-566d-45dd-8f5c-976afae98cfc,,,"Món tráng miệng thạch cỏ là một loại đồ uống phổ biến ở châu Á được làm từ loại thảo dược Mesona chinensis, tạo ra lớp nền sền sệt, sền sệt với hương vị thảo mộc dịu nhẹ. Trong các cửa hàng trà boba, món này thường được phục vụ lạnh với các loại đồ ngọt phủ trên như khoai môn viên, đá bào hoặc kem, biến món thạch có hàm lượng calo thấp tự nhiên thành một món tráng miệng bổ dưỡng hơn. Mặc dù bản thân món thạch đơn giản chứa lượng calo và chất dinh dưỡng tối thiểu, nhưng thành phần dinh dưỡng của món tráng miệng hoàn chỉnh lại thay đổi đáng kể dựa trên lớp phủ bên trên và chất làm ngọt bổ sung.",75
178e7a62-b7ff-5337-8e48-cbd61db15d65,,,Bánh phô mai kiểu New York (New York Style Cheesecake),DISH,350.0,5.5,22.0,32.0,1.0,25.0,265.0,9d4dc1ac-566d-45dd-8f5c-976afae98cfc,,,"Bánh pho mát kiểu New York là một món tráng miệng đậm đà, đậm đặc, đặc trưng bởi nhân kem phô mai mịn màng đặc biệt và lớp vỏ bánh quy giòn graham. Biến thể mang tính biểu tượng này sử dụng nhiều pho mát kem hơn các kiểu khác, cùng với kem đặc và trứng, tạo ra kết cấu kem đặc nhưng đặc biệt, khiến nó trở nên khác biệt so với các phiên bản nhẹ hơn, mềm hơn. Bánh pho mát truyền thống của New York được phục vụ đơn giản, không có lớp phủ bên trên, khiến hương vị sữa nguyên chất, đậm đà của nó chiếm vị trí trung tâm, mặc dù nó đặc biệt chứa nhiều calo và chất béo bão hòa.",75
f3f9fd76-eef6-588c-9fc8-ef6c7c626f43,,,Bánh cua với salsa xoài (Crab Cakes with Mango Salsa),DISH,117.14,8.57,5.14,9.14,1.14,3.43,142.86,9d4dc1ac-566d-45dd-8f5c-976afae98cfc,,,"Món ăn kết hợp California này có thịt cua cục cao cấp được tạo thành những chiếc bánh tinh tế với chất độn tối thiểu và áp chảo để chế biến nhẹ nhàng hơn so với các phiên bản truyền thống. Bánh cua được kết hợp với salsa xoài sôi động kết hợp trái cây nhiệt đới tươi với ớt jalapeño, chanh và ngò để tạo nên độ tương phản cay ngọt. Mỗi khẩu phần cung cấp một bữa ăn giàu protein cân bằng giữa vị ngọt, mọng nước của thịt cua với hương vị tươi sáng đặc trưng của ẩm thực kết hợp Bờ Tây.",75
36b1d5e5-809c-561f-9053-dceb84d66f7a,,,Bánh ngọt vua (King Cake),DISH,290.0,6.0,8.0,46.0,2.0,12.0,200.0,9d4dc1ac-566d-45dd-8f5c-976afae98cfc,,,"King Cake là một loại bánh ngọt Mardi Gras truyền thống bao gồm một loại bánh mì men ngọt hình chiếc nhẫn thường chứa đầy quế và đường hoặc phô mai kem. Món tráng miệng lễ hội này được trang trí bằng kem hoàng gia và đường màu với các màu Mardi Gras truyền thống là tím, xanh lá cây và vàng, đồng thời theo truyền thống có một em bé bằng nhựa nhỏ hoặc mã thông báo được giấu bên trong như một biểu tượng của sự may mắn. Loại bột mềm giống như bánh brioche tạo nên một loại bánh ngọt đậm đà, mềm mại, vừa là món tráng miệng ăn mừng vừa là biểu tượng văn hóa của mùa Lễ hội.",75
9adc232e-683d-59b2-98b8-fd6f9e437faf,,,Macaron trà hoa nhài (Jasmine Tea Macarons),DISH,425.0,12.5,17.5,70.0,5.0,45.0,375.0,9d4dc1ac-566d-45dd-8f5c-976afae98cfc,,,"Macarons trà hoa nhài là loại bánh quy meringue hạnh nhân kiểu Pháp tinh tế được tẩm hương trà hoa nhài thơm, thường được tìm thấy ở các cửa hàng trà sữa châu Á. Những chiếc bánh quy sandwich cao cấp này có lớp vỏ bên ngoài giòn và bên trong dai, thường chứa đầy kem bơ hoặc ganache hương hoa nhài và thường có màu xanh nhạt hoặc trắng nhẹ nhàng. Mỗi chiếc bánh quy nhỏ nhưng sang trọng mang đến sự kết hợp tinh tế giữa kỹ thuật làm bánh ngọt của Pháp với văn hóa trà châu Á, mang đến trải nghiệm hương vị hoa ngọt ngào tinh tế.",75
18e36c34-2cb2-5893-b29a-b9387f6afe3b,,,Bánh cá và khoai tây chiên (Fish Cake and Chips),DISH,164.86,4.86,10.0,13.43,0.0,0.29,200.0,9d4dc1ac-566d-45dd-8f5c-976afae98cfc,,,"Fish Cake and Chips là một món ăn truyền thống của Anh kết hợp một miếng cá tẩm bột và khoai tây nghiền với một phần khoai tây chiên cắt dày (khoai tây chiên). Bánh cá thường được làm bằng cá trắng như cá tuyết hoặc cá tuyết chấm đen trộn với khoai tây, rau thơm và gia vị, sau đó phủ trong vụn bánh mì và chiên giòn cho đến khi vàng. Món ăn thịnh soạn này theo truyền thống được phục vụ với sốt tartar và đậu mềm, mang đến một bữa ăn thịnh soạn, giàu protein trong khi lại có lượng calo và chất béo cao đáng kể do quá trình chiên.",75
fe2ae323-eb01-585e-8f9e-d34f7e516789,,,Lát bánh pudding đen (Black Pudding Slices),DISH,294.74,15.79,12.28,29.82,3.51,1.75,982.46,9d4dc1ac-566d-45dd-8f5c-976afae98cfc,,,"Bánh pudding đen là một loại xúc xích truyền thống của Ailen được làm từ tiết lợn, yến mạch và gia vị, thường được phục vụ dưới dạng lát chiên giòn trong các nhà hàng. Món ngon giàu protein này đặc biệt đáng chú ý vì hàm lượng sắt đặc biệt cao và thành phần dinh dưỡng đậm đặc. Thường được dùng như một phần của bữa sáng đầy đủ kiểu Ailen, những lát bánh này mang lại hương vị đất, thịt đặc biệt với kết cấu dai, chắc khi nấu chín.",75
6e9375a2-a022-5e55-86c4-736c7e51a3fa,,,Kem gelato cà phê (Coffee Gelato),DISH,140.5,4.13,2.48,24.79,0.41,22.31,66.12,9d4dc1ac-566d-45dd-8f5c-976afae98cfc,,,"Cà phê gelato là một món tráng miệng đông lạnh kiểu Ý, mang hương vị cà phê đậm đà vào lớp nền kem đậm đặc. Được làm bằng nhiều sữa hơn kem và được đánh ở tốc độ chậm hơn kem, nó đạt được kết cấu mềm hơn và hương vị đậm đà hơn trong khi chứa ít không khí hơn. Gelato thường được phục vụ ở nhiệt độ ấm hơn một chút so với kem truyền thống, để nó có độ mịn, mượt và hương cà phê đậm đà phát triển đầy đủ.",75
b5a11b33-6d41-5d38-88ef-ce666f7022d7,,,Fondue sô cô la hạt dẻ (Hazelnut Chocolate Fondue),DISH,300.0,3.0,20.0,30.0,2.0,20.0,50.0,9d4dc1ac-566d-45dd-8f5c-976afae98cfc,,,"Hazelnut Chocolate Fondue là một món tráng miệng sang trọng bao gồm sô cô la tan chảy được làm giàu với hạt phỉ hoặc bột nhão, được phục vụ khi còn ấm trong nồi chung. Đặc sản Thụy Sĩ hấp dẫn này kết hợp hương vị phức tạp, phong phú của sô cô la với hạt phỉ bơ, tạo ra một hỗn hợp mịn, có thể nhúng hoàn hảo cho trái cây, kẹo dẻo và bánh ngọt. Món tráng miệng có hàm lượng calo cao thường được chia sẻ giữa các thực khách như một phần của trải nghiệm nước xốt truyền thống.",75
467b7f1f-fa36-5abd-9a51-1a57812f4edf,,,Bánh crepe bốn phô mai (Four Cheese Crepe),DISH,182.22,8.0,9.78,15.56,0.89,2.22,266.67,9d4dc1ac-566d-45dd-8f5c-976afae98cfc,,,"A Four Cheese Crepe là một món ăn mặn của Pháp bao gồm một chiếc bánh kếp mỏng, tinh tế chứa đầy sự pha trộn sang trọng của các loại phô mai tan chảy theo phong cách châu Âu. Bánh crepe thường được làm bằng bột nhẹ và có sự kết hợp của các loại bánh như Gruyère, Emmental, Comté và Beaufort, tạo nên lớp kem béo ngậy bên trong tương phản với lớp bên ngoài hơi giòn. Món chế biến tại nhà hàng này đặc biệt có hàm lượng protein và canxi cao đồng thời đặc biệt hấp dẫn do hàm lượng phô mai dồi dào.",75
888ad2f3-f476-5f3c-8eba-7a08f2e853c1,,,Soufflé sô cô la (Chocolate Soufflé),DISH,232.39,4.23,14.08,17.61,0.7,12.68,105.63,9d4dc1ac-566d-45dd-8f5c-976afae98cfc,,,"Soufflé sô cô la là một món tráng miệng cổ điển của Pháp được đặc trưng bởi kết cấu xốp, xốp và hương vị sô cô la đậm đà. Sáng tạo được nướng riêng lẻ này kết hợp lớp nền sô cô la đậm đặc với lòng trắng trứng đánh bông để tạo ra món tráng miệng ấm áp như đám mây nổi lên trên khuôn ramekin của nó. Do tính chất tinh tế, soufflé của nhà hàng được nướng theo yêu cầu và phải được phục vụ ngay lập tức, thường đi kèm với kem anglaise hoặc kem vani.",75
4499330f-37ca-523f-b1ff-e19f757d9ac3,,,Bánh muffin bánh mì ngô (Cornbread Muffins),DISH,311.76,5.88,14.12,41.18,1.18,9.41,352.94,9d4dc1ac-566d-45dd-8f5c-976afae98cfc,,,"Bánh nướng xốp bánh ngô của nhà hàng BBQ là phiên bản phong phú, có kích thước riêng của bánh ngô truyền thống thường được phục vụ như một món ăn phụ. Những chiếc bánh nướng xốp này có đặc điểm dễ chịu hơn so với các phiên bản tự làm, có vị ngọt mặn và lớp vỏ ẩm, mềm đạt được nhờ sử dụng nhiều chất béo và chất làm ngọt. Mỗi chiếc bánh muffin thường chứa 200-300 calo và thường được dùng khi còn ấm, đôi khi dùng kèm với bơ mật ong hoặc các loại gia vị khác.",75
842063b9-697b-5029-9c24-21aedfbb23b3,,,Bánh quy xoắn với phô mai bia (Pretzel Bites with Beer Cheese),DISH,220.0,4.8,12.0,18.0,1.2,1.2,400.0,9d4dc1ac-566d-45dd-8f5c-976afae98cfc,,,"Pretzel Bites with Beer Cheese là món khai vị nổi tiếng của nhà hàng bao gồm những miếng bánh quy cây chiên giòn ăn kèm với nước sốt phô mai béo ngậy hòa quyện với bia. Những miếng bánh quy xoắn có đặc điểm là bên ngoài vàng giòn và bên trong mềm mại, trong khi nước chấm phô mai bia đi kèm mang đến sự pha trộn thơm ngon giữa phô mai tan chảy và hương vị đậm đà của bia. Món khai vị có thể chia sẻ này đặc biệt gắn liền với các tiệm bán ớt ở Cincinnati, nơi nó được phục vụ như một món khai vị thịnh soạn.",75
c464bd3c-dc11-5b12-92ef-370c0f3b6fa3,,,Donut caramel muối (Salted Caramel Donut),INGREDIENT,292.55,4.26,15.11,40.43,1.6,19.15,265.96,9d4dc1ac-566d-45dd-8f5c-976afae98cfc,,,"Bánh rán caramel muối là một loại bánh ngọt đặc biệt có phần đế là bột chiên truyền thống phủ bên trên hoặc phủ đầy nước sốt caramel và cuối cùng rắc muối biển. Món ăn hấp dẫn này kết hợp hương vị ngọt và mặn trong một chiếc bánh rán mềm, men thường được tráng men hoặc nhúng trong caramel. Là một món tráng miệng, nó chứa một lượng đường và chất béo đáng kể, cùng với các chất gây dị ứng phổ biến bao gồm lúa mì, sữa và đậu nành.",75
10bc7511-56a3-5cdc-a540-53944ace9c53,,,Thịt heo chua ngọt (Sweet and Sour Pork),INGREDIENT,269.95,8.92,15.66,23.33,1.0,10.34,303.94,9d4dc1ac-566d-45dd-8f5c-976afae98cfc,,,"Thịt lợn chua ngọt là một món ăn nhà hàng Trung Quốc nổi tiếng với những miếng thịt lợn tẩm bột và chiên giòn ăn kèm với nước sốt ngọt và thơm đặc biệt. Món ăn thường bao gồm ớt chuông, hành tây và dứa cắt miếng, tạo nên sự kết hợp đầy màu sắc giữa thịt giòn và rau mềm. Chế phẩm giàu calo này chứa một lượng đáng kể protein và sắt, mặc dù nó cũng chứa nhiều chất béo và natri do quá trình chiên ngập dầu và thành phần nước sốt.",75
e7333ba8-8145-5758-9c41-e13f473d9229,,,Donut Keto (Keto Donut),DISH,242.86,8.57,21.43,31.43,3.93,0.71,285.71,9d4dc1ac-566d-45dd-8f5c-976afae98cfc,,,"Bánh rán keto là một loại bánh đặc biệt được thiết kế để mô phỏng bánh rán truyền thống trong khi vẫn tuân thủ các nguyên tắc ăn kiêng ketogenic. Được làm chủ yếu bằng bột hạnh nhân và các chất thay thế đường, những chiếc bánh rán này thường chứa 2-3g carbs mỗi khẩu phần, so với 20-30g trong bánh rán thông thường. Mặc dù vẫn duy trì kết cấu và hình dáng giống bánh rán, nhưng chúng có hàm lượng chất béo cao hơn đáng kể và lượng carbohydrate thấp hơn đáng kể, mặc dù hàm lượng cồn trong đường của chúng có thể ảnh hưởng đến độ nhạy tiêu hóa.",75
2d4c964c-c389-5ffa-b6e4-4b832a392a80,,,Bánh kếp sô cô la chip (Chocolate Chip Pancakes),DISH,229.17,5.0,6.25,33.33,1.25,12.5,208.33,9d4dc1ac-566d-45dd-8f5c-976afae98cfc,,,"Bánh kếp sô cô la chip là một món ăn sáng ngọt ngào bao gồm những miếng sô cô la vừa ngọt trộn vào bột bánh kếp truyền thống trước khi nấu. Thường được phục vụ theo từng chồng 2-3 chiếc bánh xốp tại các quán cà phê ăn sáng, chúng thường được phủ bơ, kem đánh bông và xi-rô cây phong, khiến chúng trở thành một lựa chọn bữa sáng đặc biệt hấp dẫn. Những chiếc bánh kếp này có lượng đường và calo cao hơn đáng kể so với những chiếc bánh kếp thông thường, với một khẩu phần ăn thông thường của nhà hàng chứa 360-670 calo tùy thuộc vào khẩu phần và lớp phủ bên trên.",75
880e694b-34b1-5f18-8028-d9d0e19300fe,,,Bánh pudding Malva (Malva Pudding),DISH,355.0,4.75,15.75,47.3,0.2,39.0,100.0,9d4dc1ac-566d-45dd-8f5c-976afae98cfc,,,"Bánh pudding Malva là một món tráng miệng cổ điển của Nam Phi được đặc trưng bởi kết cấu xốp và bề ngoài đậm đà, có màu caramen. Món bánh pudding hấp dẫn này nổi bật nhờ phương pháp chế biến độc đáo, trong đó nước sốt kem bơ ấm được rưới lên chiếc bánh mới nướng, tạo nên một kết thúc dính và vô cùng thỏa mãn. Theo truyền thống được phục vụ ấm áp tại các nhà hàng với kem vani, sữa trứng hoặc kem tươi, nó đại diện cho một trong những món tráng miệng thoải mái được yêu thích nhất ở Nam Phi.",75
cda008c2-caa0-53dd-b289-c37990864211,,,Cốc tráng miệng bọt phô mai dâu tây (Cheese Foam Strawberry Dessert Cup),INGREDIENT,139.04,3.21,8.02,17.11,0.0,17.11,133.69,9d4dc1ac-566d-45dd-8f5c-976afae98cfc,,,"Một cốc tráng miệng nhiều lớp phổ biến ở các cửa hàng trà sữa trân châu kết hợp lớp kem phủ phô mai béo ngậy với lớp nền dâu tây ngọt ngào. Lớp bọt phô mai đặc trưng được làm từ phô mai kem, sữa và đường, tạo nên độ tương phản đậm đà, hơi mặn với lớp dâu tây trái cây bên dưới. Món tráng miệng hấp dẫn này thường có thể được tùy chỉnh với các lớp phủ bổ sung như trân châu boba, miếng trái cây hoặc vụn bánh quy để tăng thêm kết cấu.",75
31534dcf-b95a-5d09-884a-2545b658c661,,,Bát đậu lăng và khoai lang (Lentil and Sweet Potato Bowl),INGREDIENT,140.8,4.53,5.33,18.67,3.2,2.13,80.0,9d4dc1ac-566d-45dd-8f5c-976afae98cfc,,,"Bát đậu lăng và khoai lang là một món ăn nhà hàng giàu chất dinh dưỡng kết hợp đậu lăng giàu protein với khoai lang nướng làm nền tảng. Món ăn tập trung vào sức khỏe này thường bao gồm thêm rau, ngũ cốc nguyên hạt và nước sốt tăng hương vị, mang đến một bữa ăn cân bằng giàu chất xơ, protein từ thực vật và vitamin. Bát thường được tùy chỉnh với các loại đồ ăn kèm như bơ, hạt hoặc rau lên men, khiến nó trở thành một lựa chọn linh hoạt cho những ai đang tìm kiếm một bữa ăn lành mạnh, thỏa mãn.",75
e00165c4-027b-5266-aa96-e6601923371d,,,Donut nhung đỏ (Red Velvet Donut),DISH,388.89,4.44,17.78,44.44,1.11,22.22,444.44,9d4dc1ac-566d-45dd-8f5c-976afae98cfc,,,"Red Velvet Donut là loại bánh donut đặc sản có màu đỏ rực rỡ và hương vị cacao phảng phất. Loại bánh ngọt hấp dẫn này thường có lớp phủ kem phô mai đậm đà hoặc men ngọt, kết hợp kiểu dáng bánh nhung đỏ cổ điển với cách chế biến bánh rán truyền thống. Kết cấu mềm, giống như bánh và lớp phủ trang trí làm cho nó trở thành một lựa chọn có lượng calo cao hơn trong số các loại bánh rán, thường chứa một lượng đáng kể đường và chất béo bổ sung.",75
659b8dec-9298-5642-9bd4-268bfabc0dd9,,,Bánh quy xoắn nhồi pepperoni (Pepperoni-Stuffed Pretzel),DISH,322.15,10.74,11.41,44.3,1.34,3.36,536.91,9d4dc1ac-566d-45dd-8f5c-976afae98cfc,,,"Bánh quy cây nhồi pepperoni là một đặc sản được nướng bằng tay, kết hợp bột bánh quy mềm truyền thống với nhân lấy cảm hứng từ pizza. Món ăn nhẹ hấp dẫn này có phô mai tan chảy và những miếng pepperoni thơm ngon được nướng bên ngoài màu nâu vàng, tạo nên sự kết hợp hài hòa giữa kết cấu và hương vị. Mỗi khẩu phần cung cấp một nguồn protein và carbohydrate đáng kể, mặc dù nó có hàm lượng natri và chất béo bão hòa cao.",75
0171420e-c37a-5c7d-ab2f-f018b23ce8d1,,,Nalistniki với phô mai ngọt (Nalistniki with Sweet Cheese),DISH,366.67,13.33,20.0,33.33,1.33,12.0,300.0,9d4dc1ac-566d-45dd-8f5c-976afae98cfc,,,"Nalistniki là một món ăn truyền thống của Ukraine bao gồm những chiếc bánh crepe tinh tế chứa đầy phô mai ngọt và được cuộn thành những hình trụ trang nhã. Những chiếc bánh kếp mềm này chứa đầy hỗn hợp phô mai tươi và kem, sau đó thường được phủ nhiều lớp bơ và nướng cho đến khi vàng. Món ăn thường được phục vụ khi còn ấm với một chút đường bột và kem chua tùy chọn, tạo ra sự cân bằng hài lòng giữa hương vị kem, ngọt ngào và tinh tế của sữa.",75
ff627a03-5d0e-537c-b11a-3b176d7132a4,,,Kem chuối (Banana Ice Cream),INGREDIENT,146.67,6.25,5.0,19.17,2.5,12.5,20.83,9d4dc1ac-566d-45dd-8f5c-976afae98cfc,,,"Kem chuối là món tráng miệng đông lạnh không chứa sữa được làm chủ yếu từ chuối đông lạnh trộn, tạo ra kết cấu kem ngọt tự nhiên mà không cần thêm các sản phẩm từ sữa. Loại kem thay thế có nguồn gốc thực vật này thường chứa ít calo và ít chất béo hơn kem truyền thống, đồng thời cung cấp chất xơ và kali có lợi từ trái cây. Các nhà hàng thường nâng cao công thức cơ bản bằng các chất bổ sung như bơ hạt, bột ca cao hoặc trái cây tươi, tạo ra hương vị đa dạng trong khi vẫn duy trì trạng thái thân thiện với người ăn chay.",75
d4748f5c-74f1-5aca-9c9e-8ed9e21cc60a,,,Donut S'mores (S'mores Donut),DISH,357.14,5.71,18.57,41.43,1.43,21.43,357.14,9d4dc1ac-566d-45dd-8f5c-976afae98cfc,,,"Bánh rán s'mores là một loại bánh ngọt hấp dẫn, mô phỏng lại bữa tiệc đốt lửa trại cổ điển dưới dạng bánh rán. Chiếc bánh rán đặc biệt này thường có phần đế làm từ men phủ men sô cô la, kem marshmallow nướng và vụn bánh quy graham, thường có thêm nhân marshmallow bên trong. Sự kết hợp này tạo ra một món tráng miệng đậm đà, giữ được hương vị và kết cấu đặc biệt của bánh s'mores truyền thống đồng thời mang đến một món ăn ngọt ngào, có hàm lượng calo cao đáng kể.",75
fd1bdf02-39c9-5ac1-8050-b377bc673138,,,Kẹo dừa (Coconut Candy),DISH,400.0,0.0,10.0,80.0,0.0,66.67,133.33,9d4dc1ac-566d-45dd-8f5c-976afae98cfc,,,"Kẹo dừa là một món ngọt truyền thống của Tây Phi, được biết đến ở Nigeria với tên gọi 'chuk chuk' vì kết cấu đặc biệt của nó. Được làm chủ yếu từ dừa vụn và đường, những chiếc kẹo này có bề ngoài cứng, giòn đặc trưng, ​​​​ nhường chỗ cho phần nhân mềm, nhiều dừa. Kẹo thường được tạo thành từng miếng nhỏ và nướng cho đến khi vàng, tạo ra một loại bánh kẹo đơn giản nhưng được yêu thích, thể hiện vị ngọt tự nhiên và kết cấu của dừa.",75
cf86c47b-9b42-57e6-ab6b-0c34347bad8b,,,Khoai lang chiên viên (Fried Sweet Potato Balls),DISH,250.0,2.0,10.0,40.0,1.2,10.0,200.0,9d4dc1ac-566d-45dd-8f5c-976afae98cfc,,,"Khoai lang chiên là món ăn nhẹ phổ biến của người châu Á thường được phục vụ tại các quán trà boba. Những quả cầu màu nâu vàng này có bề ngoài giòn, bên trong mềm, ngọt được làm chủ yếu từ khoai lang trộn với nhiều loại tinh bột khác nhau. Được chiên giòn cho đến khi giòn, những món ăn hấp dẫn này thường được dùng nóng như một món ăn nhẹ cùng với trà sữa hoặc đồ uống trân châu, đôi khi được rưới thêm xi-rô ngọt để tăng thêm hương vị.",75
1f70a3d3-3608-5552-b613-a9fef553a388,,,Kem sundae (Ice Cream Sundae),DISH,271.43,3.57,14.29,30.0,0.0,20.0,107.14,9d4dc1ac-566d-45dd-8f5c-976afae98cfc,,,"Kem sundae là một món tráng miệng nhiều lớp có kem vani phủ kẹo mềm nóng hoặc sốt sô cô la, kem tươi và thường được phủ thêm một quả anh đào maraschino. Món tráng miệng cổ điển của nhà hàng này thường bao gồm các lớp phủ bổ sung như các loại hạt xắt nhỏ, rắc hoặc sốt caramel, với khẩu phần thông thường chứa 340-400 calo. Sự kết hợp giữa kem, nước sốt và lớp phủ bên trên tạo ra hàm lượng đường và chất béo bão hòa cao đáng kể, khiến nó trở thành một lựa chọn tráng miệng đáng kể.",75
1eca0c1b-45f3-5587-815e-a9f408fc9d72,,,Bánh mì kẹp kem waffle (Ice Cream Waffle Sandwich),DISH,395.68,7.19,25.18,32.37,1.08,14.39,575.54,9d4dc1ac-566d-45dd-8f5c-976afae98cfc,,,"An Ice Cream Waffle Sandwich là một món tráng miệng của nhà hàng có kem vani được kẹp giữa hai nửa chiếc bánh quế chính thống của Bỉ. Bánh quế dày, ngọt thường được phục vụ khi còn ấm, tạo ra sự tương phản nhiệt độ thú vị với kem lạnh, trong khi các túi sâu đặc trưng của nó giữ kem đang tan chảy. Món tráng miệng hấp dẫn này thường được trang trí bằng kem đánh bông và sốt sô cô la, khiến nó trở thành một phần đáng kể thường dành cho một người.",75
b1a78972-8b49-53d8-be5c-4de794187550,,,Bánh phô mai Đức (German Cheesecake),DISH,314.08,10.64,12.08,41.04,1.2,26.64,128.4,9d4dc1ac-566d-45dd-8f5c-976afae98cfc,,,"Bánh phô mai Đức (Käsekuchen) là một món tráng miệng truyền thống của vùng Bavaria có sự khác biệt đáng kể so với món tráng miệng ở Mỹ. Món tráng miệng nướng này sử dụng quark, một loại phô mai tươi của Đức, thay vì phô mai kem, tạo ra kết cấu nhẹ hơn, ít kem hơn và hàm lượng protein cao hơn. Chiếc bánh có hương vị vani-chanh tinh tế và lớp vỏ giòn đặc biệt, khiến nó trở thành món ăn cổ điển trong các nhà hàng và quán bia ở Đức.",75
7c801d24-81db-541c-9164-bd2f35a9b84f,,,Bánh pudding bột sắn Thái (Thai Tapioca Pudding),DISH,106.19,0.89,3.54,17.7,0.44,8.85,22.12,9d4dc1ac-566d-45dd-8f5c-976afae98cfc,,,"Pudding khoai mì Thái Lan là một món tráng miệng truyền thống của châu Á với những viên trân châu khoai mì dai lơ lửng trên nền nước cốt dừa béo ngậy. Món tráng miệng tự nhiên không chứa gluten và thân thiện với người ăn chay này kết hợp vị ngọt đậm đà của nước cốt dừa với kết cấu đặc biệt của trân châu khoai mì làm từ tinh bột củ sắn. Thường được phục vụ ướp lạnh và trang trí với trái cây nhiệt đới, nó mang lại trải nghiệm về kết cấu độc đáo trong khi đặc biệt ít protein và lượng calo vừa phải.",75
dca063de-2499-5ebe-abc3-8bea5ecca22b,,,"Khoai lang chiên, nướng (Sweet Potato Fries, Baked)",DISH,151.0,1.5,5.3,22.3,3.9,14.0,67.0,9d4dc1ac-566d-45dd-8f5c-976afae98cfc,,,"Khoai lang chiên, nướng là một lựa chọn thay thế đậm đặc chất dinh dưỡng cho khoai tây chiên truyền thống, được làm bằng cách nướng khoai lang cắt lát trong lò với lượng dầu tối thiểu. Chế phẩm này giữ được phần thịt màu cam rực rỡ của rau, giàu beta-carotene (tiền chất vitamin A) và chất xơ, đồng thời giảm đáng kể hàm lượng chất béo so với các món chiên giòn. Quá trình nướng làm caramen đường tự nhiên, tạo ra phần bên trong mềm mại với các cạnh hơi giòn và hương vị ngọt ngào tinh tế rất phù hợp với các gia vị mặn.",75
a0046c09-e7c8-5e8d-b94f-b270f187041c,,,Donut mật ong nhúng (Honey Dip Donut),DISH,306.45,6.45,9.68,50.0,1.61,17.74,338.71,9d4dc1ac-566d-45dd-8f5c-976afae98cfc,,,"Honey Dip Donut là một loại bánh rán lên men cổ điển có kết cấu nhẹ, thoáng và lớp phủ men có hương vị mật ong đặc biệt. Loại bánh ngọt có kích thước vừa phải này có đặc điểm bên ngoài màu nâu vàng và vị ngọt tinh tế, mang đến sự thay thế đơn giản hơn cho các loại bánh có nhân hoặc phủ nhiều kem. Với khoảng 190 calo mỗi khẩu phần, nó là một lựa chọn tương đối nhẹ hơn trong số các lựa chọn bánh rán truyền thống trong khi vẫn duy trì được hương vị và kết cấu hài lòng như mong đợi của một chiếc bánh rán tráng men cổ điển.",75
1f97b5e5-01dd-54a1-b686-4e0bf4d48e22,,,Bánh ngọt sô cô la thuần chay (Vegan Chocolate Cake),DISH,541.67,4.17,33.33,56.67,2.5,31.67,291.67,9d4dc1ac-566d-45dd-8f5c-976afae98cfc,,,"Bánh sô cô la thuần chay là món tráng miệng không có sữa và không có trứng, duy trì kết cấu ẩm, đậm đà của bánh sô cô la truyền thống thông qua các nguyên liệu có nguồn gốc thực vật. Phiên bản hấp dẫn này thường có các lớp bánh sô cô la đen được làm từ sữa không sữa và dầu thực vật, kết thúc bằng lớp phủ kem bơ thuần chay. Mặc dù không có sản phẩm từ động vật, nhưng các món chế biến tại nhà hàng có xu hướng giàu calo và được chia khẩu phần rộng rãi, thường được tăng cường thêm hương cà phê để tạo hương vị đậm đà.",75
56d27501-c0aa-5e0b-9019-c2550ee1272b,,,Bánh mì kẹp kem churro (Churro Ice Cream Sandwich),DISH,429.75,4.13,16.53,66.12,1.24,37.19,206.61,9d4dc1ac-566d-45dd-8f5c-976afae98cfc,,,"Bánh sandwich kem churro là một món tráng miệng kết hợp giữa bánh quy churro phủ đường quế giòn với nhân kem hảo hạng. Món ăn sáng tạo hấp dẫn này thường có hai đĩa churro tròn được chế tạo đặc biệt mang lại sự tương phản ấm áp, giòn với phần nhân kem lạnh. Là một món ăn kết hợp, nó thường kết hợp các sự kết hợp hương vị sáng tạo như kem matcha hoặc mè đen, thể hiện sự giải thích hiện đại về các yếu tố món tráng miệng truyền thống của Mexico và đương đại.",75
ca12965f-6d1d-51ef-ba35-40bfbd41b26a,,,Bánh ngọt Kiev (Kiev Cake),DISH,522.0,8.0,30.0,55.0,2.5,35.0,127.0,9d4dc1ac-566d-45dd-8f5c-976afae98cfc,,,"Kiev Cake là một món tráng miệng sang trọng của Ukraine bao gồm các lớp bánh trứng đường xốp xốp xen kẽ và bánh bông lan tinh tế với nhân kem béo ngậy. Loại bánh kẹo phức tạp này được phân biệt bằng cách kết hợp các loại hạt nghiền trong các lớp bánh trứng đường và thường được hoàn thiện bằng một lớp phủ trang trí gồm các loại hạt hoặc sô cô la. Sự kết hợp giữa bánh trứng đường giòn, bánh mềm và nhân kem tạo nên một món tráng miệng hấp dẫn nhưng đặc biệt giàu calo do các thành phần phong phú của nó.",75
e107bda0-3a92-5d0c-aa5a-530676648b5e,,,Bánh crepe sô cô la có đường (Sweetened Chocolate Crepe),DISH,170.0,6.0,7.0,20.7,1.5,12.0,220.0,9d4dc1ac-566d-45dd-8f5c-976afae98cfc,,,"Bánh crepe sô cô la ngọt là một loại bánh kếp mỏng kiểu Pháp được làm từ bột mì, trứng và sữa, được làm giàu với bột ca cao hoặc sô cô la tan chảy và được làm ngọt bằng đường hoặc xi-rô. Loại bánh crepe tráng miệng này khác với các phiên bản mặn ở kết cấu mềm, tinh tế và vị ngọt rõ rệt, thường được làm từ các nguyên liệu như trái cây tươi, kem đánh bông hoặc phết sô cô la. Mặc dù cung cấp lượng protein khiêm tốn từ các thành phần cơ bản, nhưng nó thường chứa lượng carbohydrate và đường bổ sung cao hơn so với bánh crepe thông thường.",75
69c4743b-3702-57f3-809c-ea17e74743bd,,,Bánh cua Dungeness (Dungeness Crab Cakes),DISH,450.88,7.65,40.29,14.12,0.74,0.88,235.29,9d4dc1ac-566d-45dd-8f5c-976afae98cfc,,,"Bánh cua Dungeness là một món ngon vùng Tây Bắc Thái Bình Dương với thịt cua địa phương hảo hạng kết hợp với ít vụn bánh mì và gia vị nhẹ. Những chiếc bánh kiểu nhà hàng này thường được chiên áp chảo cho đến khi có màu vàng nâu, tạo độ giòn bên ngoài mà vẫn giữ được hương vị ngọt ngào, tinh tế của thịt cua bên trong. Mặc dù giàu protein chất lượng cao từ cua nhưng các món chế biến tại nhà hàng thường chứa nhiều calo do phương pháp nấu và nước sốt đi kèm.",75
102f7661-c176-52e3-b84d-29af107bc308,,,Khoai lang chiên (Sweet Potato Fries),DISH,182.0,2.16,8.92,35.6,5.7,12.9,146.0,9d4dc1ac-566d-45dd-8f5c-976afae98cfc,,,"Khoai lang chiên là một món ăn nhẹ làm từ rau củ được làm bằng cách cắt khoai lang thành từng dải rồi nướng, chiên trong không khí hoặc chiên ngập dầu. Những món khoai tây chiên này cung cấp nhiều beta-carotene (tiền chất vitamin A) và chất xơ hơn đáng kể so với khoai tây chiên trắng truyền thống, với phần thịt màu cam rực rỡ sẽ tăng thêm vị ngọt khi được caramen trong khi nấu. Thường được nêm với các loại gia vị như ớt bột hoặc quế, chúng phục vụ cho chế độ ăn không có gluten và thuần chay nhưng có thể chứa thêm đường hoặc dầu trong các chế phẩm thương mại.",75
0a4448ee-3f0d-581c-8e2e-2922ee7b0939,,,Bánh johnny (Johnny Cakes),DISH,160.0,4.0,4.4,24.8,1.0,2.0,100.0,9d4dc1ac-566d-45dd-8f5c-976afae98cfc,,,"Johnny Cakes là loại bánh mì chiên truyền thống của vùng Caribe được làm từ hỗn hợp bột mì, bột ngô và các nguyên liệu cơ bản. Những viên tròn màu nâu vàng này có đặc điểm là bên ngoài giòn và bên trong mềm xốp, đạt được nhờ chiên ngập dầu cẩn thận. Thường được phục vụ như một món ăn phụ trong các nhà hàng Caribe, chúng cung cấp một món ăn kèm giàu carbohydrate vừa miệng cho các món chính và thường được thưởng thức khi còn ấm.",75
208250a4-3b36-514f-847e-b11414c42bba,,,Bánh Pannenkoeken với đường quế và bơ (Pannenkoeken with Cinnamon Sugar and Butter),INGREDIENT,119.76,3.89,2.69,20.36,1.2,4.19,149.7,9d4dc1ac-566d-45dd-8f5c-976afae98cfc,,,"Pannenkoeken là một loại bánh pancake truyền thống của Hà Lan, có kích thước lớn hơn và mỏng hơn đáng kể so với bánh kếp kiểu Mỹ nhưng dày hơn một chút so với bánh crêpe của Pháp. Món chế biến tại nhà hàng này bao gồm một loại bánh kếp nhẹ, có vị trứng được làm từ bột làm từ sữa, ăn kèm với sự kết hợp cổ điển của bơ và đường quế tan chảy trên bề mặt ấm áp. Bánh kếp thường được phục vụ dưới dạng một chiếc bánh tròn lớn, kéo dài ra ngoài các mép đĩa, mang đến sự cân bằng hài lòng giữa kết cấu mềm và hương vị bơ ngọt ngào.",75
46a93533-17e3-594a-bd88-05a5a9ddff4d,,,Chả giò heo và bánh kếp (Pork Roll and Pancakes),DISH,236.0,6.8,12.8,20.4,0.8,6.0,326.0,9d4dc1ac-566d-45dd-8f5c-976afae98cfc,,,"Pork Roll and Pancakes là sự kết hợp bữa sáng thịnh soạn ở New Jersey với Taylor Ham (thịt lợn cuộn) nướng được phục vụ cùng với bánh xèo truyền thống. Đặc sản vùng này thường trình bày những lát sản phẩm thịt lợn chế biến được áp chảo, nổi tiếng với vị mặn như giăm bông, kết hợp với những chồng bánh kếp vàng thường phủ bơ và xi-rô. Sự kết hợp này mang đến một bữa ăn đáng kể với hàm lượng protein và calo cao, với món chả giò mang lại vị mặn đậm đà trong khi bánh kếp mang lại vị ngọt, bổ sung giàu carbohydrate.",75
ba762b16-c2d3-5e55-a70a-aeb2ab9e86c0,,,Bánh mì kẹp kem cổ điển (Classic Ice Cream Sandwich),DISH,261.54,3.08,9.23,41.54,0.77,21.54,215.38,9d4dc1ac-566d-45dd-8f5c-976afae98cfc,,,"Bánh sandwich kem cổ điển là món tráng miệng đông lạnh có kem vani được ép giữa hai chiếc bánh quy xốp có hương vị sô cô la. Sự tương phản giữa kem lạnh, kem và bánh sô cô la hơi mềm tạo nên trải nghiệm ăn uống đặc trưng. Món tráng miệng truyền thống này có chứa các nguyên liệu từ sữa và lúa mì, thường được phục vụ ngay từ tủ đông để duy trì kết cấu lý tưởng và độ tương phản nhiệt độ.",75
53893ef3-ef17-5acf-92f4-b932e5b366e4,,,Donut phủ men (Glazed Donut),DISH,489.09,7.27,27.27,56.36,1.82,27.27,400.0,9d4dc1ac-566d-45dd-8f5c-976afae98cfc,,,"Bánh rán tráng men là một loại bánh ngọt làm từ men được chiên giòn cho đến khi có màu nâu vàng và phủ một lớp men đường trong suốt, ngọt ngào. Món ăn chủ yếu của cửa hàng bánh rán cổ điển này có kết cấu nhẹ, thoáng mát và thường chứa từ 190-240 calo mỗi khẩu phần, với một lượng đáng kể carbohydrate và chất béo tinh chế. Các chất gây dị ứng phổ biến bao gồm lúa mì, đậu nành, sữa và trứng, vì bột được làm giàu với các sản phẩm từ sữa và trứng trước khi chiên.",75
8461c36d-5781-551d-aef6-8666d03bdb07,,,Bánh cá (Fish Cakes),DISH,190.0,15.0,9.2,11.2,1.33,1.33,266.67,9d4dc1ac-566d-45dd-8f5c-976afae98cfc,,,"Chả cá Thái là loại chả tẩm gia vị được làm từ cá trắng trộn với bột cà ri đỏ, nước mắm và gia vị thơm. Những chiếc bánh áp chảo nhỏ gọn này có kết cấu dẻo đặc biệt và thường được phục vụ như món khai vị với tương ớt ngọt. Mặc dù cung cấp nguồn protein dồi dào từ cá, nhưng họ vẫn kết hợp hương vị truyền thống của Thái Lan thông qua sự pha trộn đặc trưng của bột cà ri và các loại thảo mộc.",75
fb739161-df4c-5bf4-b8f8-4c8690b243bd,,,Kem oải hương mật ong (Lavender Honey Ice Cream),DISH,220.0,3.5,12.5,24.0,0.5,20.0,40.0,9d4dc1ac-566d-45dd-8f5c-976afae98cfc,,,"Kem mật ong hoa oải hương là món tráng miệng đông lạnh cao cấp thể hiện văn hóa từ trang trại đến bàn ăn của vùng Tây Bắc Thái Bình Dương thông qua kem và mật ong có nguồn gốc địa phương được pha với hoa oải hương hữu cơ. Loại kem thủ công này thường được làm theo mẻ nhỏ, có vị ngọt hoa tinh tế cân bằng với hương vị đậm đà của sữa. Mặc dù hấp dẫn với khoảng 220 calo mỗi khẩu phần, nhưng nó thể hiện sự tinh tế của loại kem truyền thống, nhấn mạnh vào các thành phần chất lượng cao, bền vững.",75
42b3eb51-2efa-59f7-b4a5-fb35e902cb13,,,Bánh củ cải (Turnip Cake),DISH,114.29,3.57,10.71,21.43,1.79,1.43,385.71,9d4dc1ac-566d-45dd-8f5c-976afae98cfc,,,"Bánh củ cải là một món dim sum truyền thống được làm chủ yếu từ củ cải daikon (củ cải trắng) bào và bột gạo, mặc dù cái tên của nó có thể gây nhầm lẫn. Món bánh mặn này thường có nhân xúc xích Trung Quốc, tôm khô và nấm, sau đó được hấp và chiên để tạo độ giòn bên ngoài nhưng vẫn giữ được phần bên trong mềm, mềm. Được phục vụ theo từng phần cắt lát với lớp vỏ màu nâu vàng giòn, món này mang đến hương vị umami đậm đà và thường đi kèm với nước tương hoặc tương đen.",75
42e7ffc6-02ff-5c5a-9dd5-208351adc292,,,Bánh quy yến mạch nho khô không chứa gluten (Gluten-Free Oatmeal Raisin Cookies),DISH,421.05,5.26,15.79,57.89,5.26,31.58,315.79,9d4dc1ac-566d-45dd-8f5c-976afae98cfc,,,"Những chiếc bánh quy này là phiên bản được chế tạo đặc biệt của bánh quy nho khô bột yến mạch cổ điển được làm bằng các nguyên liệu không chứa gluten đã được chứng nhận, bao gồm yến mạch được chế biến đặc biệt và các loại bột thay thế. Mỗi chiếc bánh quy mang đến kết cấu dai với nho khô ngọt ngào và gia vị ấm áp như quế, đồng thời vẫn giữ được hương vị và kết cấu quen thuộc của bánh quy bột yến mạch truyền thống. Thường được chế biến trong các cơ sở chuyên dụng không chứa gluten, những chiếc bánh quy này cung cấp một lựa chọn an toàn cho những người mắc bệnh celiac hoặc nhạy cảm với gluten, đồng thời chứa khoảng 80-90 calo mỗi chiếc bánh quy.",75
16d3bfec-500b-534f-80ec-814ed517f3a1,,,Bánh pudding hạt chia (Chia Seed Pudding),INGREDIENT,50.32,1.69,2.96,4.23,3.17,0.63,10.57,9d4dc1ac-566d-45dd-8f5c-976afae98cfc,,,"Bánh pudding hạt Chia là một món ăn sáng hoặc đồ ăn nhẹ giàu chất dinh dưỡng thường thấy trong các quán cà phê chú trọng đến sức khỏe, được làm bằng cách ngâm hạt chia trong sữa có nguồn gốc thực vật cho đến khi chúng tạo thành một hỗn hợp kem giống như bánh pudding. Món ăn tự nhiên không chứa gluten này đặc biệt giàu axit béo omega-3, chất xơ và khoáng chất, đồng thời duy trì chỉ số đường huyết thấp. Thường được phục vụ ướp lạnh và trang trí với trái cây tươi, các loại hạt hoặc các loại đồ phủ khác, nó cung cấp một lựa chọn thay thế dựa trên thực vật, có thể tùy chỉnh cho bánh pudding truyền thống.",75
be55ae83-48c7-5b0f-a25b-9684c0ee4444,,,Donut nhân mâm xôi (Raspberry Filled Donut),DISH,300.0,3.33,15.56,35.56,1.11,24.44,388.89,9d4dc1ac-566d-45dd-8f5c-976afae98cfc,,,"Bánh rán nhân quả mâm xôi là một loại bánh ngọt làm từ men thường được tráng men hoặc phủ đường bột và chứa đầy mứt hoặc thạch mâm xôi ngọt ngào. Món ăn chủ yếu của cửa hàng bánh rán này có bột nhẹ, thoáng bao quanh phần nhân màu đỏ tươi mang lại vị ngọt trái cây đặc trưng. Là một món tráng miệng, nó đặc biệt chứa nhiều calo và đường, chứa các chất gây dị ứng phổ biến bao gồm lúa mì, trứng và có thể là sữa và đậu nành.",75
8c10ef87-676e-569e-a342-9834d14b773a,,,Donut hạt dẻ cười (Pistachio Donut),DISH,411.86,5.93,21.19,52.97,1.06,23.31,127.12,9d4dc1ac-566d-45dd-8f5c-976afae98cfc,,,"Bánh rán quả hồ trăn là một loại bánh chiên đặc sản có men hoặc nhân có hương vị quả hồ trăn, thường được nhận biết bởi màu xanh nhạt đặc trưng của nó. Món ăn hấp dẫn này thường kết hợp phần đế bánh rán làm từ men truyền thống với các thành phần có hương vị quả hồ trăn và có thể bao gồm quả hồ trăn nghiền nát để trang trí. Giống như hầu hết các loại bánh rán đặc biệt, nó đặc biệt chứa nhiều calo, đường và chất béo, đồng thời chứa các chất gây dị ứng thông thường bao gồm lúa mì, sữa, trứng và các loại hạt cây.",75
7e899b96-cfe9-5c45-a3b7-829014b16a2e,,,Bánh phô mai Västerbotten (Västerbotten Cheese Pie),DISH,280.0,12.0,18.0,18.0,0.75,2.0,438.0,9d4dc1ac-566d-45dd-8f5c-976afae98cfc,,,"Bánh phô mai Västerbotten là một món đặc sản sang trọng của Thụy Điển với lớp vỏ bánh ngọt bơ chứa đầy hỗn hợp béo ngậy của trứng, kem và pho mát Västerbottenost đặc biệt. Món bánh tart thơm ngon này thể hiện hương vị hấp dẫn và hơi đắng độc đáo của loại phô mai cùng tên, tạo ra lớp nhân kem đậm đặc tạo nên kết cấu giống như sữa trứng thanh lịch. Món ăn này đặc biệt giàu protein và canxi, thường được phục vụ như món chính tinh tế trong các nhà hàng Bắc Âu.",75
3ba917f8-ce28-5a75-99a4-9c6a7a0f6b95,,,Bánh táo Đan Mạch (Æblekage (Apple Cake)),DISH,285.0,3.0,12.5,36.0,2.0,22.0,150.0,9d4dc1ac-566d-45dd-8f5c-976afae98cfc,,,"Æblekage là một món tráng miệng truyền thống của Đan Mạch, mặc dù tên của nó có nghĩa là 'bánh táo', nhưng thực chất là một cách chế biến theo kiểu vặt vãnh nhiều lớp. Món tráng miệng lạnh này bao gồm táo hầm tẩm gia vị, xếp lớp với vụn bánh mì phết bơ và phủ kem tươi lên trên. Sự kết hợp này tạo ra sự tương phản thú vị về kết cấu giữa hỗn hợp táo mịn, vụn bánh mì giòn và lớp phủ kem mịn.",75
3efcaddf-da5e-59dc-a781-f0333bf0f4e8,,,Bánh ngọt cà rốt không chứa gluten (Gluten-Free Carrot Cake),DISH,400.0,6.0,20.0,50.0,3.0,30.0,300.0,9d4dc1ac-566d-45dd-8f5c-976afae98cfc,,,"Bánh cà rốt không chứa gluten là phiên bản đặc biệt thích ứng của món tráng miệng cổ điển được làm bằng hỗn hợp bột thay thế thay vì bột mì. Món bánh ẩm, tẩm gia vị này duy trì sự kết hợp truyền thống của cà rốt cắt nhỏ, gia vị ấm và các loại hạt tùy chọn, thường được hoàn thiện với kem phủ kem phô mai. Mặc dù không chứa gluten một cách an toàn nhưng nó vẫn là một món tráng miệng đậm đà thường chứa các chất gây dị ứng phổ biến khác như trứng, sữa và các loại hạt cây.",75
a8fa65df-9ed5-58a2-a5bf-cbe36eacc5de,,,Donut nhân chanh (Lemon-Filled Donut),DISH,341.18,4.71,16.47,42.35,1.18,18.82,152.94,9d4dc1ac-566d-45dd-8f5c-976afae98cfc,,,"Bánh rán nhân chanh là một loại bánh rán men tráng men có nhân sữa trứng chanh chua ngọt hoặc nhân gel. Món tráng miệng của nhà hàng này thường nặng khoảng 3 ounce và có lớp men làm từ đường bên ngoài được chiên vàng. Mặc dù mang lại những lợi ích dinh dưỡng tối thiểu, nhưng mỗi chiếc bánh rán vẫn cung cấp khoảng 270-360 calo với hàm lượng carbohydrate và chất béo đáng kể từ bột bột được làm giàu, nhân ngọt và men.",75
e784cf63-49f8-5a39-97ff-7a17493d68d3,,,Bánh quy trà Tieguanyin (Tieguanyin Tea Cookies),DISH,535.71,3.57,25.0,71.43,1.79,39.29,267.86,9d4dc1ac-566d-45dd-8f5c-976afae98cfc,,,"Bánh quy trà Tieguanyin là loại bánh quy tinh tế kiểu châu Á được pha với trà ô long cao cấp, thường được phục vụ tại các cửa hàng trà boba. Những món ăn hình tròn, giòn này có hương vị hoa và thảo mộc đặc biệt từ trà Thiết Quan Âm, với độ giòn mịn hơn, tinh tế hơn so với bánh quy truyền thống của phương Tây. Mặc dù những chiếc bánh quy này tạo nên một món ăn kèm trang nhã cho đồ uống trà nhưng chúng lại chứa nhiều calo, với hàm lượng đường và chất béo đáng kể.",75
89ef1ffe-241a-56d2-8b5b-0d4d54b89271,,,Kem taco (Ice Cream Taco),DISH,250.0,5.0,12.0,31.0,1.5,20.0,160.0,9d4dc1ac-566d-45dd-8f5c-976afae98cfc,,,"Kem taco là một món tráng miệng mới lạ có kem được phục vụ trong một chiếc bánh quế có hình dạng giống như vỏ bánh taco. Cách chế biến cổ điển bao gồm kem vani trong vỏ bánh quế giòn, thường được nhúng vào sô cô la sữa và trang trí bằng đậu phộng cắt nhỏ. Món ăn hấp dẫn này thường bao gồm các lớp phủ bổ sung như kem đánh bông, sô cô la mưa phùn hoặc rắc và thường chứa các chất gây dị ứng bao gồm sữa, lúa mì, đậu nành và đậu phộng.",75
3cfef8f2-ddc2-5636-986d-080dd83bbf14,,,Chả giò heo và phô mai trên bánh muffin Anh (Pork Roll and Cheese on an English Muffin),INGREDIENT,268.39,12.9,15.48,19.35,1.29,2.58,645.16,9d4dc1ac-566d-45dd-8f5c-976afae98cfc,,,"Món bánh sandwich ăn sáng kiểu New Jersey cổ điển có thịt lợn cuộn nướng (một sản phẩm thịt chế biến độc đáo của vùng) và pho mát Mỹ tan chảy được phục vụ trên bánh nướng xốp kiểu Anh nướng. Loại bánh sandwich thịnh soạn này cung cấp lượng protein đáng kể ở mức 18-24g mỗi khẩu phần, mặc dù nó có hàm lượng natri và chất béo bão hòa cao đáng kể. Sự kết hợp này tạo ra sự kết hợp hài lòng giữa thịt mặn, phô mai tan chảy và kết cấu bánh nướng xốp giòn, đặc biệt phổ biến ở các thực khách và điểm ăn sáng ở New Jersey.",75
9102fc04-c499-507a-9e54-f1143a63c89e,,,Bánh ngọt sô cô la núi lửa (Chocolate Lava Cake),DISH,460.18,4.42,28.32,47.79,1.77,30.97,265.49,9d4dc1ac-566d-45dd-8f5c-976afae98cfc,,,"Bánh dung nham sô cô la là một món tráng miệng nhà hàng sang trọng, đặc trưng bởi phần nhân sô cô la nóng chảy chảy ra khi bánh được cắt ra. Món tráng miệng đậm đà này có bề ngoài bánh sô cô la ấm áp bao quanh nhân béo ngậy, thường được phục vụ với kem vani để tạo ra sự tương phản nóng và lạnh ấn tượng. Là một món ăn rất hấp dẫn, nó chứa lượng calo và chất béo đáng kể, với một suất ăn điển hình tại nhà hàng cung cấp khoảng 500-550 calo.",75
e3b904ee-afe7-510e-9f25-25a45883d631,,,Bánh quy bánh gừng (Gingerbread Cookie),DISH,365.38,3.85,9.62,65.38,1.92,30.77,557.69,9d4dc1ac-566d-45dd-8f5c-976afae98cfc,,,"Bánh quy gừng từ quán cà phê tráng miệng là một món ngọt cỡ lớn có sự pha trộn đặc biệt của hương vị gừng, quế và mật đường. Những chiếc bánh quy được chế biến chuyên nghiệp này thường có lớp kem trang trí và có đặc điểm là bên ngoài sắc nét với bên trong mềm mại hơn. Mỗi chiếc bánh quy đều chứa các chất gây dị ứng phổ biến bao gồm lúa mì, đậu nành và trứng, đồng thời đáng chú ý là chúng to hơn và ngọt hơn so với các loại bánh tự làm truyền thống.",75
50e94a85-6973-5abc-9086-957828490e75,,,Donut trà xanh matcha (Matcha Green Tea Donut),DISH,300.0,5.45,9.09,45.45,1.82,18.18,227.27,9d4dc1ac-566d-45dd-8f5c-976afae98cfc,,,"Bánh rán trà xanh Matcha là loại bánh ngọt đặc sản kết hợp kỹ thuật làm bánh rán truyền thống với bột trà xanh matcha của Nhật Bản. Loại bánh rán men chiên hoặc nướng này có màu xanh lá cây đặc biệt và thường được hoàn thiện bằng lớp men ngọt hoặc sơn bột, mang đến sự pha trộn cân bằng giữa hương vị trà đất và vị ngọt. Mặc dù chia sẻ mật độ calo của bánh rán truyền thống, nó cung cấp hàm lượng caffeine tinh tế và chất chống oxy hóa từ bột matcha, mặc dù nó chủ yếu vẫn là một món tráng miệng.",75
f5fd1bb1-4f8d-509a-9937-d09d5586200b,,,Chè Thái (Chè Thái),DISH,92.0,2.29,2.86,14.29,1.43,7.14,28.57,9d4dc1ac-566d-45dd-8f5c-976afae98cfc,,,"Chè Thái là một loại đồ uống tráng miệng lấy cảm hứng từ Việt Nam với lớp nền nước cốt dừa đậm đà được xếp lớp với các loại trái cây nhiệt đới đầy màu sắc và nhiều loại dai khác nhau. Món tráng miệng cầu kỳ này thường kết hợp nước cốt dừa ngọt ngào với các loại trái cây như mít, vải thiều hoặc nhãn, cùng với các thành phần dai như trân châu khoai mì và 'hồng ngọc' hạt dẻ nước. Món tráng miệng theo truyền thống được phục vụ lạnh, tạo ra sự kết hợp mới mẻ giữa kết cấu kem, dai và trái cây trong mỗi thìa.",75
2ac43802-eea2-5236-94b5-e6ee2b38ae21,,,Fondue sô cô la trắng (White Chocolate Fondue),DISH,416.67,5.88,23.33,45.0,0.83,36.67,83.33,9d4dc1ac-566d-45dd-8f5c-976afae98cfc,,,"Fondue sô cô la trắng là một món tráng miệng đậm đà thường được phục vụ trong các nhà hàng kiểu Thụy Sĩ, bao gồm sô cô la trắng tan chảy trộn với kem đặc và bơ. Hỗn hợp sang trọng này được giữ ấm trong nồi nước xốt và dùng kèm với nhiều loại đồ chấm như trái cây tươi, bánh ngọt hoặc kẹo dẻo. Do sự kết hợp giữa sô cô la trắng và kem, món tráng miệng hấp dẫn này đặc biệt chứa nhiều calo, đường và chất béo bão hòa, thường chứa khoảng 215-300 calo mỗi khẩu phần ăn một phần tư cốc.",75
9576e2c7-75c2-5e4b-9dbf-eaa2d15cccd8,,,Hotteok (bánh kếp Hàn Quốc ngọt) (Hotteok (Sweet Korean Pancakes)),DISH,254.17,5.83,6.67,40.83,0.83,9.17,291.67,9d4dc1ac-566d-45dd-8f5c-976afae98cfc,,,"Hotteok là món bánh xèo ngọt được yêu thích của Hàn Quốc với đặc điểm bên ngoài giòn và bên trong nóng chảy, có vị siro. Món bột men này được chiên cho đến khi vàng và chứa đầy hỗn hợp đường nâu, quế và các loại hạt nghiền theo truyền thống, tan chảy thành xi-rô đậm đà trong khi nấu. Nổi tiếng là món ăn đường phố mùa đông ở Hàn Quốc, hotteok mang đến sự kết hợp hài lòng giữa vị ngọt ấm, béo ngậy và kết cấu giòn, mặc dù nó có thể chứa lượng calo tương đối cao do nhân có đường và cách chế biến chiên.",75
ff49b1b8-4609-5709-9d8b-0622b0221cb2,,,Bánh quy bơ ngắn (Shortbread Cookie),DISH,171.05,1.97,9.21,19.74,0.66,9.21,111.84,9d4dc1ac-566d-45dd-8f5c-976afae98cfc,,,"Shortbread là một loại bánh quy bơ truyền thống được đặc trưng bởi kết cấu đậm đà, giòn và thành phần đơn giản gồm bơ, bột mì và đường. Những chiếc bánh quy cổ điển này thường được ép hoặc cuộn thành hình trước khi nướng, tạo ra độ mềm, tan trong miệng, giúp phân biệt chúng với các loại bánh quy khác. Chứa các chất gây dị ứng lúa mì và sữa, với hàm lượng bơ cao góp phần tạo nên hương vị và hương vị đậm đà đặc biệt.",75
f81bf1e2-7851-581d-9ea9-ed058e05be63,,,Bánh ngọt sô cô la núi lửa gia vị (Spiced Chocolate Lava Cake),INGREDIENT,450.0,5.29,31.76,44.12,2.35,28.82,176.47,9d4dc1ac-566d-45dd-8f5c-976afae98cfc,,,"Spiced Chocolate Lava Cake là một món tráng miệng kết hợp hảo hạng kết hợp bánh dung nham sô cô la truyền thống với các loại gia vị thơm ấm như quế, nhục đậu khấu và bạch đậu khấu. Món tráng miệng đậm đà này có bề ngoài bánh sô cô la xốp, ấm áp bao quanh phần nhân sô cô la nóng chảy, tạo nên sự tương phản ấn tượng về kết cấu. Là một món tráng miệng của nhà hàng, nó đặc biệt chứa nhiều calo, thường chứa khoảng 750 calo mỗi khẩu phần, với các yếu tố gia vị làm tăng thêm sự phức tạp cho hương vị sô cô la đậm đà.",75
5d7ce365-525a-5c86-9194-b3eb5d780e79,,,Kem bột bánh quy (Cookie Dough Ice Cream),DISH,255.56,2.78,13.33,32.22,1.11,24.44,100.0,9d4dc1ac-566d-45dd-8f5c-976afae98cfc,,,"Kem bột bánh quy là một món tráng miệng đông lạnh cao cấp kết hợp kem vani với những khối bột bánh quy mềm, chưa nướng và sô-cô-la chip trong suốt. Món ăn hấp dẫn này có nền sữa phong phú được bổ sung bởi kết cấu dai đặc biệt của những miếng bột bánh quy an toàn để ăn. Chứa các chất gây dị ứng phổ biến bao gồm sữa, lúa mì và trứng, đồng thời thường cung cấp hàm lượng chất béo bão hòa và đường cao đặc trưng của món tráng miệng kem cao cấp.",75
6df84002-1a48-5e01-8d56-ec5657968645,,,Bánh pudding bọt sữa matcha (Matcha Milk Foam Pudding),DISH,75.44,2.11,2.63,10.88,0.18,7.37,33.33,9d4dc1ac-566d-45dd-8f5c-976afae98cfc,,,"Matcha Milk Foam Pudding là một loại đồ uống tráng miệng nhiều lớp thường được phục vụ trong các cửa hàng trà boba, có phần đế là bánh pudding có hương vị matcha phủ lớp kem sữa. Thức uống hấp dẫn này kết hợp hương đất của trà xanh với các thành phần từ sữa đậm đà, tạo ra sự tương phản về kết cấu rõ rệt giữa lớp bánh pudding mượt và lớp bọt thoáng mát. Mặc dù cung cấp canxi và chất chống oxy hóa từ matcha, nhưng nó thường là một sản phẩm ngọt ngào hơn có thể được tùy chỉnh với các lớp phủ bổ sung như trân châu hoặc bột đậu đỏ.",75
3b6cd574-69cd-58b0-9c58-1ef42e3c3b61,,,Raggmunkar (bánh kếp khoai tây) (Raggmunkar (Potato Pancakes)),DISH,171.43,3.43,10.0,14.29,1.43,2.86,214.29,9d4dc1ac-566d-45dd-8f5c-976afae98cfc,,,"Raggmunkar là món bánh kếp khoai tây truyền thống của Thụy Điển được làm từ khoai tây nghiền, bột mì và trứng, chiên cho đến khi giòn với nhiều bơ. Những chiếc bánh kếp thịnh soạn này đặc biệt dày hơn so với những chiếc bánh khoai tây tiêu chuẩn và thường được phục vụ với thịt xông khói chiên hoặc thịt lợn muối và mứt dâu linh chi. Phương pháp chế biến tạo ra sự tương phản hài lòng giữa bên ngoài giòn và bên trong mềm, tạo ra một món ăn giàu calo dùng làm món chính làm no bụng.",75
0eccec7a-c9a7-532a-b54b-2cf93857be01,,,Donut bánh quy và kem (Cookies and Cream Donut),DISH,390.0,4.0,19.0,51.0,1.0,31.0,350.0,9d4dc1ac-566d-45dd-8f5c-976afae98cfc,,,"Bánh quy và bánh rán kem là một loại bánh ngọt đặc biệt có phần đế bánh rán men mềm phủ lớp kem vani ngọt ngào và bánh quy bánh sandwich sô cô la nghiền. Món ăn hấp dẫn này kết hợp kết cấu bánh rán cổ điển với độ giòn đặc biệt của những miếng bánh quy và lớp kem phủ mịn màng. Là một món tráng miệng, nó có lượng calo và đường đặc biệt cao, thường chứa khoảng 390 calo mỗi chiếc bánh rán với một lượng đáng kể chất béo bão hòa.",75
b9ae5d2e-26e8-5c8f-9efd-529b0a73528a,,,Bánh pudding bánh mì với sốt whisky (Bread Pudding with Whiskey Sauce),DISH,211.33,6.0,4.0,38.0,1.33,22.0,190.67,9d4dc1ac-566d-45dd-8f5c-976afae98cfc,,,"Bánh pudding với sốt whisky là một món tráng miệng Cajun/Creole đậm đà được làm từ những viên bánh mì ngâm trong hỗn hợp sữa trứng ngọt và nướng cho đến khi có màu vàng nâu. Món ăn hấp dẫn này có nội thất ẩm ướt, giống như sữa trứng với lớp vỏ hơi caramen, thường được phục vụ khi còn ấm và phủ sốt caramel pha rượu whisky đậm đà. Cách chế biến truyền thống của nhà hàng kết hợp bánh mì hoặc brioche Pháp với trứng, sữa và gia vị ấm, tạo ra món tráng miệng có hàm lượng calo cao, điển hình cho món ăn thoải mái của miền Nam.",75
3fd1c99c-a1a1-5012-85fb-cb13b1b2fb7d,,,Kem trà xanh (Green Tea Ice Cream),DISH,203.54,3.54,12.39,18.58,0.0,15.04,84.07,9d4dc1ac-566d-45dd-8f5c-976afae98cfc,,,"Kem trà xanh là món tráng miệng đông lạnh lấy cảm hứng từ Nhật Bản được làm bằng bột matcha cao cấp, mang lại màu xanh lá cây rực rỡ đặc biệt và hương vị trà tinh tế. Món tráng miệng mịn màng, béo ngậy này cân bằng giữa vị ngọt tinh tế với vị đắng nhẹ nhàng của matcha, tạo ra một hương vị thay thế ít đường hơn cho hương vị kem truyền thống. Sự hiện diện của bột matcha cũng cung cấp chất chống oxy hóa có lợi, khiến nó trở thành một lựa chọn món tráng miệng bổ dưỡng độc đáo.",75
3e9a899c-adc6-5530-9012-c70082173ca3,,,Donut nhân thạch (Jelly-Filled Donut),DISH,320.0,5.0,14.0,44.0,1.0,20.0,300.0,9d4dc1ac-566d-45dd-8f5c-976afae98cfc,,,"Bánh rán nhân thạch là một loại bánh ngọt có men có nhân bảo quản trái cây ngọt được bơm vào giữa và thường được hoàn thiện bằng một lớp men đường hoặc phủ đường bột. Loại bột làm giàu này có lượng calo cao hơn đáng kể so với bánh rán tiêu chuẩn, chứa khoảng 280-390 calo mỗi khẩu phần do nhân và lớp men của nó. Bột mềm, xốp bao bọc nhân trái cây ngọt, thường là quả mâm xôi hoặc dâu tây, tạo ra một món ăn ngon hơn có chứa các chất gây dị ứng phổ biến bao gồm lúa mì, trứng và sữa.",75
7c858f57-3a9e-5861-b870-976fcec39053,,,Bánh quy không nướng thuần chay (Vegan No-Bake Cookies),DISH,665.0,12.0,30.0,87.0,7.0,40.0,150.0,9d4dc1ac-566d-45dd-8f5c-976afae98cfc,,,"Bánh quy không nướng thuần chay là loại bánh kẹo làm từ thực vật không có sữa hoặc trứng, thường kết hợp yến mạch, bơ hạt và chất làm ngọt tự nhiên như xi-rô cây phong hoặc chà là. Những món ăn giàu năng lượng này không cần thời gian nướng, đạt được kết cấu chắc chắn thông qua việc để lạnh và mang lại độ dai dai với hương vị đậm đà, ngọt ngào. Chúng cung cấp chất xơ đáng kể từ yến mạch nguyên hạt và chất béo lành mạnh từ các loại hạt, đồng thời phục vụ chế độ ăn thuần chay và tránh đường tinh luyện khi làm bằng chất làm ngọt chưa qua chế biến.",75
6ab45fd4-515d-5e3e-89b6-115ea5c9d5df,,,Bánh pudding đen tẩm bột và khoai tây chiên (Battered Black Pudding and Chips),DISH,190.0,5.33,12.67,21.67,2.33,1.0,466.67,9d4dc1ac-566d-45dd-8f5c-976afae98cfc,,,"Bánh pudding đen và khoai tây chiên là một món ăn thịnh soạn của Scotland kết hợp xúc xích huyết truyền thống trong bột giòn với khoai tây chiên cắt dày. Bánh pudding đen, được làm từ thịt lợn, mỡ bò, yến mạch và gia vị, được bọc trong bột màu nâu vàng và chiên giòn cho đến khi giòn mà vẫn giữ được phần bên trong đậm đà, thơm ngon. Món ăn quan trọng này thường được phục vụ với một lượng lớn khoai tây chiên nóng (khoai tây chiên cắt dày), tạo nên một bữa ăn no nê thể hiện món ăn truyền thống của cửa hàng bán khoai tây chiên Scotland.",75
7bae5a71-e5dc-5bb5-ac49-57401e43863c,,,Bánh mì kẹp kem bánh quy sô cô la chip (Chocolate Chip Cookie Ice Cream Sandwich),DISH,301.72,3.45,13.79,43.1,1.29,28.45,155.17,9d4dc1ac-566d-45dd-8f5c-976afae98cfc,,,"Bánh sandwich kem sô cô la chip là một món tráng miệng đông lạnh bao gồm kem vani được kẹp giữa hai chiếc bánh quy sô cô la chip mềm. Món ăn hấp dẫn này thường có các loại bánh quy được thiết kế đặc biệt để vẫn mềm khi đông lạnh, với phần kem được chia thành nhiều phần để tạo ra một món tráng miệng thịnh soạn. Thường được phục vụ ngay từ tủ đông, những chiếc bánh mì sandwich này có thể được cuộn với các lớp phủ bổ sung như sô cô la chip nhỏ hoặc rắc để tăng cường kết cấu và cách trình bày.",75
274f8352-5ce8-564f-bcf3-a3983f59234c,,,Bánh strudel phô mai (Topfenstrudel),DISH,312.67,9.33,14.67,37.33,2.0,14.67,233.33,9d4dc1ac-566d-45dd-8f5c-976afae98cfc,,,"Topfenstrudel là một loại bánh ngọt truyền thống của Áo có nhân phô mai quark dạng kem được bọc trong các lớp bột bánh strudel mỏng như tờ giấy. Món tráng miệng đặc biệt này được chế biến bằng cách kéo bột bằng tay và làm giàu nhân phô mai với vani, vỏ chanh và đôi khi là nho khô. Thường được phục vụ khi còn ấm và rắc đường bột, nó mang đến một sự thay thế phong phú hơn, giàu protein hơn cho các loại bánh strudel làm từ trái cây.",75
45c4ad2a-f105-5e1a-8d3c-9e0f6045801d,,,Bánh pudding gạo tám báu (Eight-Treasure Rice Pudding),DISH,134.29,1.71,1.14,28.0,0.57,17.14,17.14,9d4dc1ac-566d-45dd-8f5c-976afae98cfc,,,"Bánh gạo tám kho báu là một món tráng miệng truyền thống của Trung Quốc được làm từ gạo nếp ngọt, bên trên là các loại trái cây, quả hạch và hạt khô. Món ăn lễ hội này có cách trình bày được đúc khuôn trong đó phần đế xôi thường được trang trí bằng chà là đỏ, hạt sen và các loại trái cây bảo quản khác, sau đó kết thúc bằng xi-rô ngọt. Tên của món tráng miệng đề cập đến sự kết hợp mang tính biểu tượng của lớp phủ trên, mặc dù các phiên bản nhà hàng hiện đại thường có ba đến năm món bảo vật được chọn trên lớp đế dính ngọt đặc biệt.",75
c74fed26-99b7-5fc9-9dbd-75291f7e1f0a,,,Ống bánh ngọt (Cake Cone),DISH,566.67,10.0,10.0,106.67,3.33,66.67,200.0,9d4dc1ac-566d-45dd-8f5c-976afae98cfc,,,"Nón bánh là một loại bánh xốp nhẹ, giòn được thiết kế đặc biệt để phục vụ kem trong các tiệm và nhà hàng. Được làm chủ yếu từ bột mì và đường, những chiếc nón này có kết cấu giống như bánh xốp đặc biệt và hương vị ngọt ngào tinh tế đồng thời cung cấp lượng calo tối thiểu cho một khẩu phần kem. Cấu trúc chắc chắn nhưng tinh tế của hình nón được thiết kế để giữ kem mà không bị sũng nước, khiến nó trở thành lựa chọn cổ điển cho khẩu phần bằng một muỗng.",75
017f73aa-b74b-564d-81f2-d03c39d589eb,,,Bánh cuộn quế không chứa gluten (Gluten-Free Cinnamon Rolls),DISH,461.54,7.69,26.92,53.85,3.85,26.92,692.31,9d4dc1ac-566d-45dd-8f5c-976afae98cfc,,,"Bánh quế không chứa gluten là một loại bánh ngọt được chế biến đặc biệt nhằm tái tạo lại món ăn sáng cổ điển không có bột mì. Những cuộn bánh này thường được làm bằng hỗn hợp đặc biệt gồm các loại bột thay thế và chất kết dính như vỏ mã đề để đạt được kết cấu mềm, dai tương tự như bánh quế truyền thống. Mặc dù cung cấp một lựa chọn an toàn cho những người mắc bệnh celiac hoặc nhạy cảm với gluten, những cuộn này thường chứa 105-130 calo mỗi cuộn và có thể bao gồm các chất gây dị ứng phổ biến như sữa hoặc ngô trong thành phần của chúng.",75
42b14256-43a2-5695-b1b2-a5def1f9e9f6,,,Bánh phô mai Wisconsin (Wisconsin Cheesecake),DISH,321.25,5.0,22.5,25.0,1.25,21.25,312.5,9d4dc1ac-566d-45dd-8f5c-976afae98cfc,,,"Wisconsin Cheesecake là món tráng miệng đặc sản của vùng nhờ sử dụng các sản phẩm từ sữa Wisconsin cao cấp, đặc biệt là pho mát kem và sữa của địa phương. Loại bánh pho mát nướng truyền thống, béo ngậy này thường có kết cấu đặc hơn, sang trọng hơn so với các phiên bản tiêu chuẩn do chất lượng vượt trội của các thành phần sữa. Món tráng miệng này thể hiện di sản sữa nổi tiếng của Wisconsin thông qua độ đặc đặc biệt của kem và hương vị sữa phức tạp, đậm đà.",75
4fced046-c8a3-5e05-acd5-997d86fa541f,,,Bánh quy và nước thịt sô cô la (Biscuits and Chocolate Gravy),DISH,246.15,4.62,10.0,34.62,1.54,7.69,346.15,9d4dc1ac-566d-45dd-8f5c-976afae98cfc,,,"Bánh quy và nước sốt sô cô la là một đặc sản bữa sáng đặc biệt của miền Nam kết hợp bánh quy bơ xốp với nước sốt ngọt như nước sốt sô cô la. Nước sốt được làm từ ca cao, đường và sữa được làm đặc bằng bột mì, tạo ra một hỗn hợp mịn, có thể rót được, khác biệt đáng kể so với nước thịt ăn sáng mặn truyền thống. Món ăn hấp dẫn này thường được phục vụ khi còn ấm với nước sốt sô cô la được rưới trên bánh quy bơ sữa mới nướng, khiến món ăn này trở thành một lựa chọn bữa sáng phong phú, giống như món tráng miệng.",75
5929b6b8-b220-5cab-b777-291e55e98df6,,,Bánh crepe trứng và phô mai (Egg and Cheese Crepe),DISH,142.86,8.57,8.0,8.57,0.71,1.43,200.0,9d4dc1ac-566d-45dd-8f5c-976afae98cfc,,,"Bánh crepe mặn là một loại bánh kếp mỏng, tinh tế kiểu Pháp chứa đầy trứng bác và pho mát tan chảy, sau đó được gấp lại thành một bữa ăn nhẹ, di động. Món ăn giàu protein này kết hợp vị mềm của trứng với vị đậm đà của phô mai, tất cả được bọc trong lớp bột mì tinh tế. Thường được phục vụ nóng và tươi tại các tiệm bánh crepe, nó cung cấp một nguồn protein và canxi đáng kể đồng thời mang lại sự cân bằng hài lòng giữa hương vị và kết cấu.",75
a8c56a3b-4fd7-5747-80ca-0879e7d568a0,,,Món tráng miệng khoai môn viên (Taro Balls Dessert),DISH,190.0,2.0,0.5,43.0,2.0,16.0,10.0,9d4dc1ac-566d-45dd-8f5c-976afae98cfc,,,"Món tráng miệng Taro Balls là một món ăn phổ biến ở quán cà phê châu Á được làm từ khoai môn nghiền và khoai lang kết hợp với tinh bột sắn để tạo ra kết cấu dai đặc biệt. Những quả bóng màu tím và cam đầy màu sắc này thường được phục vụ trong tô với đá bào, xi-rô ngọt và nhiều loại đồ ăn kèm khác nhau như đậu đỏ, trân châu hoặc thạch dừa. Mặc dù chủ yếu dựa trên carbohydrate, món tráng miệng không chứa gluten tự nhiên này cung cấp lượng calo vừa phải, thay đổi đáng kể tùy theo lớp phủ đã chọn và khẩu phần ăn.",75
23b52526-d26f-5d66-b5f9-61653e16ecc2,,,Brownie bột hạnh nhân (Almond Flour Brownies),INGREDIENT,611.11,20.0,66.67,77.78,5.56,44.44,222.22,9d4dc1ac-566d-45dd-8f5c-976afae98cfc,,,"Bánh hạnh nhân làm từ bột hạnh nhân là một loại bánh thay thế giàu chất dinh dưỡng cho bánh hạnh nhân truyền thống, thường được tìm thấy trong các quán cà phê chú trọng đến sức khỏe và được làm bằng hạnh nhân xay thay vì bột mì. Những món ăn không chứa gluten này thường được làm ngọt bằng các thành phần tự nhiên như xi-rô cây phong hoặc chà là, cung cấp chất béo và protein lành mạnh từ hạt hạnh nhân. Bánh hạnh nhân có kết cấu béo ngậy, đặc trưng và hương vị sô cô la đậm đà đồng thời mang lại tác động lên đường huyết thấp hơn so với các phiên bản thông thường.",75
595bf7c2-da07-512a-94bb-cafc143ea13f,,,Bánh kếp kim chi (Kimchi Pancake),DISH,250.0,5.88,11.76,30.0,2.06,1.76,882.35,9d4dc1ac-566d-45dd-8f5c-976afae98cfc,,,"Bánh xèo kimchi là một món ăn mặn của Hàn Quốc được làm bằng cách chiên bột mì trộn với kim chi lên men và rau cho đến khi giòn. Món khai vị nhà hàng nổi tiếng này có bề ngoài màu nâu vàng, bên trong mềm mại, với hương vị thơm và cay đặc trưng của kim chi xuyên suốt. Thường được phục vụ như một đĩa dùng chung, nó thường đi kèm với nước chấm làm từ đậu nành để bổ sung cho hương vị đậm đà, thơm ngon của món ăn.",75
eb9d1ae3-b832-5b60-821e-c76658916c1c,,,Bánh kếp kiều mạch (Buckwheat Pancakes),DISH,340.16,10.66,2.46,71.31,8.2,9.84,286.89,9d4dc1ac-566d-45dd-8f5c-976afae98cfc,,,"Bánh kiều mạch được phục vụ tại các quán cà phê chú trọng đến sức khỏe là món ăn sáng thịnh soạn được làm bằng bột kiều mạch giàu dinh dưỡng thay vì bột mì truyền thống. Những chiếc bánh kếp không chứa gluten tự nhiên này thường có các chất bổ sung lành mạnh như hạt chia hoặc hạt lanh, đồng thời cung cấp hàm lượng protein và chất xơ cao hơn so với bánh kếp thông thường. Hương vị hấp dẫn đặc biệt và kết cấu mịn, đặc khiến chúng trở thành lựa chọn phổ biến cho những thực khách quan tâm đến sức khỏe đang tìm kiếm một loại bánh thay thế bổ dưỡng cho bánh kếp thông thường.",75
be281b7b-5462-5ec4-8ad9-4683d3c9c85d,,,Bánh scone sô cô la chip (Chocolate Chip Scone),DISH,405.0,7.0,19.9,53.5,2.5,22.5,471.0,9d4dc1ac-566d-45dd-8f5c-976afae98cfc,,,"Bánh nướng sô-cô-la chip là một loại bánh ngọt có vị ngọt, đậm đà, đặc trưng bởi kết cấu vụn, bơ và được đính những miếng sô-cô-la vừa ngọt. Được làm bằng bột mì, bơ, đường và thường là kem hoặc trứng, món bánh nướng này cân bằng các lớp mềm với vị ngọt đậm đà, thường được phục vụ như món ăn sáng hoặc trà chiều. Mặc dù cung cấp lượng protein vừa phải từ bột được làm giàu, nhưng nó lại chứa nhiều carbohydrate và chất béo bão hòa cao hơn do hàm lượng bơ và sô cô la.",75
967a361f-b91a-5cbb-924a-76c0d8ef326e,,,Bánh quế Bỉ với kem đánh bông và đường bột (Belgian Waffle with Whipped Cream and Powdered Sugar),INGREDIENT,456.67,2.0,18.67,72.0,1.33,46.67,700.0,9d4dc1ac-566d-45dd-8f5c-976afae98cfc,,,"Bánh quế của Bỉ là một loại bánh quế dày, có men, đặc trưng bởi các túi sâu và lớp vỏ ngoài giòn bao quanh lớp bên trong nhẹ nhàng, thoáng mát. Món chế biến tại nhà hàng này bao gồm món bánh quế cổ điển phủ một lượng lớn kem đánh bông và một ít đường bột, thường được phục vụ như một món tráng miệng hoặc bữa sáng thịnh soạn. Kích thước khẩu phần đáng kể và lớp phủ phong phú khiến món ăn này trở thành món ăn có lượng calo cao, chứa khoảng 640-720 calo với một lượng đáng kể carbohydrate và đường bổ sung.",75
d0757215-db92-5560-bd6b-97fd23198944,,,Bánh mì kẹp kem macaron (Macaron Ice Cream Sandwich),DISH,500.0,10.0,22.5,67.5,2.5,65.0,100.0,9d4dc1ac-566d-45dd-8f5c-976afae98cfc,,,"Macaron Ice Cream Sandwich là món tráng miệng đặc biệt kết hợp bánh quy macaron của Pháp với kem cao cấp ở dạng cầm tay. Món ăn dành cho một khẩu phần này có hai vỏ bánh macaron làm từ bột hạnh nhân tinh tế mang đến lớp vỏ ngoài giòn, nhẹ bao quanh một phần kem béo ngậy. Mặc dù hương vị khác nhau tùy theo cơ sở, nhưng những món tráng miệng hấp dẫn này thường chứa trứng, sữa và các loại hạt cây, đồng thời đặc biệt có lượng đường cao với khoảng 200 calo mỗi chiếc bánh sandwich.",75
dc6e378c-bb96-5745-978b-ea70dd3b03aa,,,Bánh pudding kẹo bơ dính (Sticky Toffee Pudding),DISH,400.0,5.73,15.07,63.47,2.0,23.33,146.67,9d4dc1ac-566d-45dd-8f5c-976afae98cfc,,,"Bánh pudding kẹo bơ cứng dính là một món tráng miệng cổ điển của Anh bao gồm một chiếc bánh bông lan làm từ chà là ẩm được phủ rộng rãi trong nước sốt kẹo bơ cứng ấm. Quán rượu yêu thích phong phú này thường được phục vụ ấm áp với sữa trứng vani hoặc kem, tạo nên một món tráng miệng đặc biệt hấp dẫn. Sự kết hợp giữa chà là trong bánh và nước sốt bơ bơ cứng tạo nên một món tráng miệng ngọt ngào, có hàm lượng calo cao với hương vị đặc trưng giống như caramel.",75
1393d4c7-cae5-52d1-b576-69b104edc3d5,,,Panna Cotta mè (Sesame Panna Cotta),DISH,263.33,3.33,17.33,23.5,0.0,23.5,41.67,9d4dc1ac-566d-45dd-8f5c-976afae98cfc,,,"Panna Cotta mè là món tráng miệng kết hợp kỹ thuật làm sữa trứng của Ý với hương vị mè châu Á. Món tráng miệng kem mượt, làm từ gelatin này có sự cân bằng tinh tế giữa vừng nướng hấp dẫn và sữa đậm đà, tạo ra một kết cấu mịn, sang trọng, nhẹ nhàng khi dùng thìa. Nó thường được phục vụ ướp lạnh và trang trí với các thành phần như mè giòn hoặc sốt matcha để bổ sung cho vị ngọt tinh tế và tăng cường sức hấp dẫn đa văn hóa của nó.",75
ae71e815-07e8-559d-b10b-623cd0759f52,,,Bánh cua (Crab Cakes),DISH,212.39,14.16,14.16,7.08,0.89,0.89,717.7,9d4dc1ac-566d-45dd-8f5c-976afae98cfc,,,"Bánh cua tại các quán hải sản ở Maine là những miếng chả tẩm gia vị được làm chủ yếu từ thịt cua xanh tươi, phủ sốt mayonnaise, trứng và vụn bánh mì dày dặn. Những chiếc bánh kiểu nhà hàng này thường được xào cho đến khi có màu nâu vàng, tạo ra lớp vỏ ngoài giòn trong khi vẫn giữ được lớp bên trong mềm, xốp, giàu protein. Được phục vụ dưới dạng món khai vị hoặc trên bánh sandwich với rau diếp và cà chua, những chiếc bánh cua này cung cấp hàm lượng protein đáng kể là 16g mỗi khẩu phần 4 ounce đồng thời có hương vị đặc biệt của gia vị hải sản truyền thống của New England.",75
3b90bda3-e942-5c45-884a-449e252d37e9,,,Bánh ngọt dâu tây (Strawberry Shortcake),INGREDIENT,227.5,3.5,12.5,25.25,1.0,15.0,62.5,9d4dc1ac-566d-45dd-8f5c-976afae98cfc,,,"Strawberry shortcake là món tráng miệng cổ điển của New England bao gồm bánh quy bơ ấm áp phủ kem vani, dâu tây tươi và kem tươi. Cách chế biến tại nhà hàng này đặc biệt hấp dẫn hơn so với các phiên bản tự chế biến, thường chứa khoảng 900 calo mỗi khẩu phần. Món tráng miệng được phục vụ đồng thời nóng và lạnh, với sự tương phản giữa bánh quy nóng và kem lạnh tạo nên trải nghiệm đặc trưng.",75
9f5c544e-aae1-57df-9543-793ff2bde68b,,,Kem Cherry Garcia (Cherry Garcia Ice Cream),DISH,233.64,3.74,13.08,25.23,0.0,21.5,74.77,9d4dc1ac-566d-45dd-8f5c-976afae98cfc,,,"Kem Cherry Garcia là một hương vị kem cao cấp với lớp nền kem ngọt ngào với quả anh đào đen và những miếng sô cô la mềm phủ khắp. Loại kem đậm đà, béo ngậy này kết hợp giữa kết cấu kem mịn màng của kem truyền thống với cảm giác thỏa mãn của những miếng trái cây thật và sô cô la. Thường được phục vụ như một món tráng miệng kiểu muỗng trong các tiệm kem, nó đại diện cho một loại kem cao cấp, có hàm lượng chất béo cao hơn với độ đặc sệt như kem.",75
161cc065-8e47-580f-abde-573c3b68979a,,,Bánh cua Cajun (Cajun Crab Cakes),DISH,203.54,12.39,9.73,13.27,1.33,2.21,619.47,9d4dc1ac-566d-45dd-8f5c-976afae98cfc,,,"Bánh cua Cajun là loại chả hải sản được tẩm gia vị trộn thịt cua cục với gia vị Cajun truyền thống và các thành phần kết dính. Những chiếc bánh áp chảo này có lớp vỏ ngoài giòn bao quanh lớp nhân mềm mại, đầy hương vị, thường được phục vụ như món khai vị hoặc món chính trong ẩm thực Cajun-Creole. Mặc dù cung cấp một nguồn protein tốt nhưng chúng vẫn chứa một số chất gây dị ứng phổ biến bao gồm động vật có vỏ, lúa mì và trứng, đồng thời đáng chú ý là hàm lượng natri từ trung bình đến cao do phương pháp chế biến và gia vị.",75
33c68a2e-843b-59bc-adc5-90cca4cb15b2,,,Bánh tart giòn bạc hà (Peppermint Crisp Tart),DISH,261.0,5.0,15.0,26.5,1.25,19.0,75.0,9d4dc1ac-566d-45dd-8f5c-976afae98cfc,,,"Peppermint Crisp Tart là món tráng miệng không nướng được yêu thích của Nam Phi với các lớp bánh quy dừa, caramel và kem tươi đặc biệt, phủ sô cô la Peppermint Crisp bào. Món ăn hấp dẫn này kết hợp kết cấu kem mịn với các thành phần giòn, tạo nên trải nghiệm món tráng miệng phong phú đặc trưng của ẩm thực Nam Phi. Sự kết hợp của caramel, kem tươi và sô cô la làm cho món ăn này trở thành một món ăn đặc biệt hấp dẫn với hàm lượng calo cao.",75
0f2a2369-9176-5c32-9c78-d121636ea777,,,Bánh năng lượng sô cô la tươi sống (Raw Chocolate Energy Balls),INGREDIENT,440.0,12.0,32.0,40.0,12.0,28.0,20.0,9d4dc1ac-566d-45dd-8f5c-976afae98cfc,,,"Những quả bóng năng lượng sô cô la thô là món ăn nhẹ không cần nướng, giàu chất dinh dưỡng thường được làm bằng chà là, các loại hạt và bột cacao thô. Những món ăn toàn thực phẩm này chứa protein từ thực vật tự nhiên, chất béo lành mạnh và chất xơ, đồng thời sử dụng chà là để tạo vị ngọt thay vì đường tinh luyện. Thường thấy trong các quán cà phê chú trọng đến sức khỏe, chúng cung cấp nguồn năng lượng bền vững thuận tiện trong khi vẫn duy trì lợi ích dinh dưỡng của các nguyên liệu chưa qua chế biến.",75
cf45880a-a4b3-5722-b787-79874867c94e,,,Mousse sô cô la bơ (Avocado Chocolate Mousse),DISH,200.0,2.67,12.0,20.0,6.67,8.0,46.67,9d4dc1ac-566d-45dd-8f5c-976afae98cfc,,,"Mousse sô cô la bơ là món tráng miệng không chứa sữa, mô phỏng lại món mousse sô cô la truyền thống sử dụng bơ chín làm lớp kem nền. Cách chế biến sáng tạo này kết hợp sô cô la đen đậm đà với bơ mịn tự nhiên, thường được làm ngọt bằng xi-rô cây thích hoặc chà là thay vì đường tinh luyện. Kết quả là một món tráng miệng ngon miệng cung cấp chất béo và chất xơ lành mạnh trong khi vẫn duy trì kết cấu mượt mà của mousse sô cô la cổ điển.",75
dd0725fe-f63d-50af-9bed-5450d3d9ae03,,,Bánh pudding bánh mì và bơ (Bread-and-Butter Pudding),DISH,187.78,5.0,10.0,19.44,1.67,10.0,122.22,9d4dc1ac-566d-45dd-8f5c-976afae98cfc,,,"Bánh pudding bánh mì bơ là một món tráng miệng truyền thống của Anh được làm bằng cách xếp lớp bánh mì bơ với nho sultan trong hỗn hợp sữa trứng béo ngậy gồm trứng, kem và vani. Bánh pudding nướng có lớp vỏ vàng, giòn bên trên trong khi vẫn giữ được lớp nhân sữa trứng mềm, thấm đẫm các loại gia vị ấm áp như quế. Thường được phục vụ khi còn ấm trong các nhà hàng, nó thường đi kèm với sốt sữa trứng, kem vani hoặc sốt caramel để tăng thêm cảm giác thích thú.",75
9e3e610f-7c25-541e-b175-82bd526e3da5,,,Sô cô la nóng Thụy Sĩ (Swiss Hot Chocolate),DISH,135.0,4.17,8.33,10.83,0.83,8.33,50.0,9d4dc1ac-566d-45dd-8f5c-976afae98cfc,,,"Swiss Hot Chocolate là một loại đồ uống cao cấp được pha chế theo truyền thống với sô cô la tan chảy và kem hoặc sữa ấm, khác biệt với ca cao nóng thông thường bởi kết cấu đậm đà, mượt mà và hương vị sô cô la đậm đà. Cách chế biến theo phong cách nhà hàng này thường có độ đặc cao hơn sô cô la nóng tiêu chuẩn, thường được làm bằng sô cô la Thụy Sĩ chất lượng cao để có trải nghiệm đích thực. Thức uống sang trọng có đặc tính mịn và đậm đà, mang đến một sự thay thế dễ chịu hơn cho các chế phẩm ca cao dạng bột.",75
908309c9-851c-53e4-ae18-317b7edb3539,,,Bánh kếp vịt Bắc Kinh (Peking Duck Pancakes),DISH,300.0,15.13,15.13,29.83,1.47,5.04,600.0,9d4dc1ac-566d-45dd-8f5c-976afae98cfc,,,"Bánh kếp vịt quay Bắc Kinh là một món ăn đặc trưng của Trung Quốc gồm có bánh kếp mỏng, hấp, ăn kèm với vịt quay da giòn và các món ăn kèm truyền thống. Mỗi chiếc bánh xèo thường được kết hợp với thịt vịt thái lát, da giòn, hành lá tươi và dưa chuột thái sợi, sau đó kết thúc bằng nước sốt hoisin ngọt. Món ăn giàu protein này mang đến sự kết hợp cân bằng giữa kết cấu và hương vị, mặc dù nó có thể chứa nhiều natri do các thành phần gia vị và nước sốt.",75
8062f42e-86eb-54e8-b533-b534370713a0,,,Donut phủ dâu tây (Strawberry Frosted Donut),INGREDIENT,317.65,4.71,14.12,41.18,1.18,18.82,364.71,9d4dc1ac-566d-45dd-8f5c-976afae98cfc,,,"Bánh rán phủ dâu tây là một loại bánh ngọt làm từ men có lớp phủ kem có hương vị dâu tây màu hồng ngọt ngào và thường được trang trí bằng những hạt rắc đầy màu sắc. Chiếc bánh rán kết hợp nội thất nhẹ nhàng, thoáng mát với lớp phủ phủ sương dính ngọt ngào, tạo nên sự tương phản kết cấu đặc trưng. Món bánh ngọt ăn sáng hấp dẫn này đặc biệt có hàm lượng đường và carbohydrate cao, chứa các chất gây dị ứng phổ biến bao gồm lúa mì, đậu nành và sữa, đồng thời cung cấp khoảng 260-280 calo mỗi khẩu phần.",75
0917345d-6395-5c5d-8112-8bb87421571e,,,Bánh tart sô cô la muối biển (Sea Salt Chocolate Tart),INGREDIENT,411.76,8.24,28.24,44.71,2.35,27.06,258.82,9d4dc1ac-566d-45dd-8f5c-976afae98cfc,,,"Sea Salt Chocolate Tart là một món tráng miệng hấp dẫn với lớp vỏ bánh ngọt bơ chứa đầy ganache sô cô la béo ngậy và kết thúc bằng rắc muối biển. Nhân sô cô la đen được làm bằng kem béo để có kết cấu đặc biệt mịn, trong khi lớp phủ muối biển giúp tăng cường độ sâu của sô cô la và tạo ra sự cân bằng ngọt-mặn tinh tế. Món tráng miệng của nhà hàng này thường được phục vụ với kem tươi hoặc kem vani để tăng thêm vị đậm đà.",75
4e3f552f-7508-5867-9f65-e967ecc2f1c7,,,Súp tráng miệng nấm trắng (White Fungus Dessert Soup),DISH,75.0,0.83,0.42,17.08,0.83,4.17,6.25,9d4dc1ac-566d-45dd-8f5c-976afae98cfc,,,"Súp tráng miệng nấm trắng là món súp ngọt truyền thống của châu Á có nấm tuyết mềm, mang lại kết cấu sền sệt, tinh tế tương tự như tổ yến. Món tráng miệng này kết hợp loại nấm trong mờ với các nguyên liệu ngọt như chà là đỏ, quả kỷ tử và hạt sen trong nước dùng có vị ngọt nhẹ, thường được làm bằng đường phèn. Súp có thể được phục vụ nóng hoặc lạnh, khiến nó trở thành một món ăn kết thúc linh hoạt và sảng khoái cho bữa ăn.",75
e1f95cdc-c03a-591f-a618-3749a5bee255,,,Papanasi (Papanasi),DISH,173.33,3.89,19.44,24.44,1.11,11.11,110.0,9d4dc1ac-566d-45dd-8f5c-976afae98cfc,,,"Papanasi là món tráng miệng truyền thống của Romania bao gồm một chiếc bánh rán phô mai hình chiếc nhẫn bên trên là một chiếc bánh rán hình cầu nhỏ hơn. Được làm từ bột nhào làm từ phô mai tươi và chiên giòn cho đến khi vàng, những chiếc bánh ngọt đặc biệt này được phục vụ nóng một cách đặc trưng với lớp phủ bên trên là kem chua và mứt quả mọng ngọt. Sự kết hợp độc đáo tạo nên sự tương phản giữa bên ngoài giòn và bên trong xốp, với các thành phần sữa đậm đà cân bằng vị ngọt của trái cây.",75
7edf177b-f5d6-5009-93ef-e29f4dcfebbf,,,Bánh táo Hà Lan (Appeltaart),DISH,236.86,2.42,10.59,33.9,1.48,14.83,105.93,9d4dc1ac-566d-45dd-8f5c-976afae98cfc,,,"Appeltaart là một loại bánh táo truyền thống của Hà Lan được phân biệt bởi lớp vỏ bơ sâu và nhân táo tẩm gia vị đậm đà. Không giống như bánh táo của Mỹ, nó có vỏ bánh dày hơn chứa đầy những miếng táo tẩm gia vị, thường được bổ sung thêm nho khô và lớp vỏ dạng lưới. Món tráng miệng kiểu quán cà phê hấp dẫn này thường được phục vụ khi còn ấm với kem đánh bông, tượng trưng cho một phiên bản bánh táo đậm đà và đậm đà gia vị hơn thường thấy trong ẩm thực Hà Lan.",75
401bcd8d-7de8-5d4f-98af-58a8e7be1cfc,,,Bánh Conchas (Conchas),DISH,400.0,8.0,12.0,65.0,2.0,18.0,350.0,9d4dc1ac-566d-45dd-8f5c-976afae98cfc,,,"Concha là một loại bánh mì ngọt cổ điển của Mexico (pan dulce) được đặc trưng bởi lớp đường có hoa văn vỏ sò đặc biệt ở trên đã mang lại tên gọi cho nó. Bánh ngọt bao gồm một đế bánh mì mềm, phủ men, phủ một lớp bột nhão ngọt ngào, thường có hương vị vani hoặc sô cô la. Những chiếc bánh ngọt ăn sáng và ăn nhẹ được yêu thích này là món ăn chủ yếu của các món bánh panaderia của Mexico, nơi chúng thường được phục vụ tươi và kết hợp hoàn hảo với cà phê hoặc sô cô la nóng.",75
f2088d45-ccb5-5650-b635-765154ec0f16,,,Sốt caramel (Caramel Sauce),DISH,633.33,3.33,6.67,140.0,0.0,140.0,26.67,9d4dc1ac-566d-45dd-8f5c-976afae98cfc,,,"Sốt caramel là một loại kem tráng miệng ngọt ngào được làm từ đường caramen, bơ và kem, tạo ra nước sốt mịn, màu hổ phách với hương vị bơ đậm đà. Phiên bản kiểu nhà hàng này được pha chế đặc biệt để duy trì độ đặc sệt, có thể rót được, lý tưởng để phủ bánh quế, bánh kếp và các món tráng miệng khác. Mặc dù mang lại hương vị hấp dẫn nhưng nó lại có hàm lượng đường cao và chứa chất gây dị ứng sữa.",75
ad53c2dd-81c3-5552-bfe7-aacfd5b15519,,,Kem gelato trà xanh matcha (Matcha Green Tea Gelato),DISH,202.86,2.86,11.43,20.0,0.95,19.05,66.67,9d4dc1ac-566d-45dd-8f5c-976afae98cfc,,,"Matcha Green Tea Gelato là món tráng miệng đông lạnh cao cấp kiểu Ý kết hợp kết cấu đặc, mượt của gelato truyền thống với bột matcha nghi lễ của Nhật Bản. Món tráng miệng đặc biệt này có màu xanh lá cây rực rỡ và hương vị phức tạp giúp cân bằng giữa vị đất tự nhiên của matcha với vị ngọt tinh tế. Được làm bằng ít không khí và bơ hơn so với kem truyền thống, loại gelato này mang đến trải nghiệm hương vị đậm đà hơn trong khi vẫn duy trì độ mịn, mịn như kem.",75
e3316cd3-9daa-5a8c-a1b3-cd836d5cd52d,,,Bánh Krumkake (Krumkake),DISH,578.57,10.71,25.0,78.57,2.14,42.86,357.14,9d4dc1ac-566d-45dd-8f5c-976afae98cfc,,,"Krumkake là một loại bánh quy wafer tinh tế của Na Uy được cuộn thành hình nón theo truyền thống khi vẫn còn ấm trên máy ép sắt trang trí. Những chiếc bánh ngọt có hoa văn phức tạp, sắc nét này được đặc trưng bởi thành bánh mỏng như tờ giấy và hương vị bạch đậu khấu tinh tế. Trong môi trường nhà hàng, krumkake thường được phục vụ như một món tráng miệng trang nhã với kem tươi, sữa trứng hoặc mứt quả mọng truyền thống của Bắc Âu.",75
748d3f31-7b47-5d94-b0e9-3ec9fcba3d36,,,Sữa hạt điều không đường (Unsweetened Cashew Milk),INGREDIENT,12.0,0.19,1.1,0.4,0.0,0.0,48.0,9d4dc1ac-566d-45dd-8f5c-976afae98cfc,,,"Sữa hạt điều không đường là một loại sữa thay thế có nguồn gốc thực vật được làm bằng cách trộn hạt điều đã ngâm với nước, sau đó lọc để tạo ra chất lỏng mịn như kem. Loại sữa hạt này không chứa đường bổ sung và cung cấp chất béo không bão hòa đơn có lợi cho tim một cách tự nhiên, mặc dù nó có hàm lượng protein thấp hơn so với sữa bò. Các phiên bản thương mại thường được bổ sung canxi, vitamin D và B12, đồng thời kết cấu phong phú khiến nó đặc biệt thích hợp cho các ứng dụng làm kem cà phê, nước sốt và làm bánh.",75
ebdc3628-f170-5294-9c6e-9412d09ed318,,,Bánh ngọt dứa lộn ngược (Pineapple Upside-Down Cake),DISH,319.0,3.5,12.1,50.5,0.8,38.77,319.0,9d4dc1ac-566d-45dd-8f5c-976afae98cfc,,,"Bánh dứa lộn ngược là một món tráng miệng cổ điển của Mỹ với những khoanh dứa tráng caramen và quả anh đào maraschino nướng bên dưới một lớp bánh màu vàng giàu bơ. Món ăn được đảo ngược sau khi nướng để trưng bày lớp phủ trái cây caramen bóng loáng, có vị ngọt từ men đường nâu. Món tráng miệng này đặc biệt có hàm lượng carbohydrate và đường bổ sung cao do có xi-rô trái cây, men và đế bánh, là chìa khóa kiểm soát khẩu phần để theo dõi dinh dưỡng.",75
62fdffcc-4216-533a-91d2-d059136507e9,,,Bánh mì Rebanadas (Rebanadas de Pan),DISH,311.76,5.88,31.18,39.41,1.76,5.88,117.65,9d4dc1ac-566d-45dd-8f5c-976afae98cfc,,,"Rebanadas de Pan là món panaderia truyền thống của Mexico được làm từ bánh mì cắt lát để lâu ngày được chế biến thành món ngọt giống như sữa trứng. Các lát bánh mì thường được ngâm trong hỗn hợp sữa, trứng và đường, sau đó nướng cho đến khi bề ngoài giòn trong khi vẫn giữ được độ ẩm, mềm bên trong. Món tráng miệng dễ chịu này thường có các loại gia vị ấm áp như quế và có thể được trang trí bằng các loại đồ ăn kèm hoặc nước sốt ngọt.",75
522ef618-1151-50d5-83cc-31b3acab120b,,,Bánh pudding Risalamande (Risalamande),DISH,208.33,4.17,11.67,19.17,0.83,11.67,62.5,9d4dc1ac-566d-45dd-8f5c-976afae98cfc,,,"Risalamande là một món tráng miệng thanh lịch của Đan Mạch nâng tầm bánh pudding gạo truyền thống với kem tươi, vani và hạnh nhân cắt nhỏ. Món ăn tinh tế này có kết cấu kem sang trọng đạt được bằng cách gấp kem đánh bông có đường vào bánh gạo thơm vani, đính những miếng hạnh nhân giòn. Theo truyền thống được phục vụ ướp lạnh với nước sốt anh đào ấm áp, nó tạo ra sự tương tác tinh tế giữa nhiệt độ và kết cấu đặc trưng của ẩm thực tráng miệng Bắc Âu.",75
9d180b08-d0a2-5318-b20f-f67dff59f64d,,,Salad Á chua có đường (Sweetened Asian Slaw),DISH,85.0,1.5,5.0,13.0,2.5,8.0,150.0,9d4dc1ac-566d-45dd-8f5c-976afae98cfc,,,"Salad ngọt châu Á là một món ăn kết hợp hiện đại kết hợp bắp cải cắt nhỏ, cà rốt và các loại rau giòn khác với nước sốt ngọt ngào thường có giấm gạo, dầu mè và đường bổ sung. Biến thể này khác với xà lách trộn truyền thống ở chỗ nó nhấn mạnh vào hương vị tươi sáng, vị umami được cân bằng bởi vị ngọt rõ rệt, thường đạt được hàm lượng đường cao hơn so với món mặn. Mặc dù cung cấp chất xơ từ rau quả tươi, thành phần dinh dưỡng của nó thay đổi đáng kể dựa trên công thức nước sốt, khiến nhận thức về khẩu phần ăn trở nên quan trọng đối với những người dùng có ý thức về đường.",75
c5d2b1f4-77f8-5e47-83a3-b17577d9b75d,,,Sahlab (Sahlab),DISH,400.0,0.0,0.0,95.0,0.0,0.0,0.0,9d4dc1ac-566d-45dd-8f5c-976afae98cfc,,,"Sahlab là một loại đồ uống nóng truyền thống của Trung Đông được làm từ bột rễ phong lan, sữa và chất làm ngọt, thường được trang trí bằng quế và các loại hạt. Thức uống dạng kem, dễ chịu này có độ đặc sệt giống như bánh pudding và thường được phục vụ khi còn nóng như một thức uống ấm áp vào mùa đông. Trong khi các phiên bản truyền thống sử dụng củ lan xay, các món chế biến tại nhà hàng hiện đại thường sử dụng hỗn hợp bột thương mại để tạo ra kết cấu mượt, đậm đà đặc trưng tương tự.",75
94092266-b354-56d1-8ccc-863f803d3e24,,,Bánh strudel táo (Apfelstrudel),DISH,277.65,4.71,12.94,36.47,2.94,12.94,103.53,9d4dc1ac-566d-45dd-8f5c-976afae98cfc,,,"Apfelstrudel là một loại bánh ngọt truyền thống của Áo có các lớp bột mịn như giấy bọc quanh nhân táo tẩm gia vị. Cách chế biến cổ điển kết hợp táo chua với nho khô, quế và vụn bánh mì bơ, tạo ra sự cân bằng tinh tế giữa kết cấu và hương vị. Món tráng miệng hấp dẫn này thường được phục vụ khi còn nóng ở các quán cà phê, phủ đường bột và kèm theo nước sốt vani hoặc kem.",75
e7507b29-99be-5472-8bdf-9c63130d4285,,,Bánh Gizzada (Gizzada),DISH,416.67,3.33,20.0,53.33,2.5,25.0,200.0,9d4dc1ac-566d-45dd-8f5c-976afae98cfc,,,"Gizzada là một loại bánh ngọt truyền thống của Jamaica có lớp vỏ kiểu bánh mì giòn xốp chứa đầy hỗn hợp dừa ngọt ngào và gia vị. Loại bánh tart đặc biệt này kết hợp giữa lớp vỏ bơ giòn với phần nhân dai được làm từ dừa vụn, đường nâu và các loại gia vị có tính ấm như nhục đậu khấu và quế. Những chiếc bánh ngọt nhỏ hình vương miện này là món ăn chính được yêu thích trong ẩm thực tráng miệng vùng Caribe, thường được phục vụ theo từng phần riêng lẻ.",75
c27caa89-425a-5b31-8d5b-2b3501c1b527,,,Panna Cotta (Panna Cotta),DISH,100.0,2.0,6.67,10.0,0.0,10.0,33.33,9d4dc1ac-566d-45dd-8f5c-976afae98cfc,,,"Panna Cotta là món tráng miệng cổ điển của Ý được làm bằng cách trộn kem ngọt với gelatin cho đến khi mịn mượt. Món tráng miệng đậm đà, hấp dẫn này thường có hương vị vani và được phục vụ ướp lạnh, thường đi kèm với trái cây tươi, quả mọng hoặc sốt caramel. Trong các bài thuyết trình tại nhà hàng, nó được mở ra trên đĩa để thể hiện sự lắc lư nhẹ nhàng đặc trưng và vẻ ngoài trắng tinh khôi của nó.",75
f4f66b65-ae4e-5757-bef6-7b53e24b0b0c,,,Brownie thuần chay (Vegan Brownies),DISH,210.53,2.63,9.21,28.95,3.95,19.74,131.58,9d4dc1ac-566d-45dd-8f5c-976afae98cfc,,,"Bánh hạnh nhân thuần chay là phiên bản làm từ thực vật của món tráng miệng sô cô la cổ điển, được làm không có trứng hoặc sữa trong khi vẫn duy trì kết cấu béo ngậy, béo ngậy. Những chiếc bánh hạnh nhân này thường kết hợp các thành phần thay thế như dầu thực vật, bột ca cao và các loại bột đặc biệt, thường khiến chúng phù hợp với nhiều chế độ ăn kiêng bao gồm chế độ ăn không có sữa và không có trứng. Mặc dù vẫn là một món tráng miệng ngon nhưng chúng thường có các thành phần lành mạnh như bột hạnh nhân hoặc chà là, có khả năng cung cấp nhiều chất xơ hơn bánh hạnh nhân truyền thống.",75
80010d0e-6e12-5e05-a991-46161f480da9,,,Bánh quy khoai lang (Sweet Potato Biscuit),INGREDIENT,260.0,4.0,11.0,35.0,3.0,8.0,850.0,9d4dc1ac-566d-45dd-8f5c-976afae98cfc,,,"Bánh quy khoai lang là một loại bánh ngọt kiểu miền Nam kết hợp khoai lang nghiền vào bột bánh quy bơ sữa truyền thống. Biến thể nhà hàng này có lớp vỏ mềm, đậm đà với màu cam tinh tế và hương vị hơi ngọt đặc trưng của khoai lang. Việc bổ sung khoai lang không chỉ giúp tăng cường độ ẩm và kết cấu mà còn cung cấp hàm lượng vitamin A đáng kể, đồng thời duy trì các lớp bơ xốp như mong đợi trong các loại bánh quy kiểu miền Nam.",75
5c33d836-d4d1-5670-b0ca-2d06271c711b,,,Vareniki với phô mai ngọt (Vareniki with Sweet Cheese),DISH,212.12,12.12,4.04,31.31,1.52,8.08,303.03,9d4dc1ac-566d-45dd-8f5c-976afae98cfc,,,"Vareniki là món bánh bao truyền thống của Ukraine được làm từ bột mì mềm bọc bên trong nhân phô mai có vị ngọt nhẹ. Những chiếc bánh bao hình bán nguyệt này thường được luộc cho đến khi mềm và ăn kèm với một ít kem chua, mang lại sự cân bằng hài lòng về protein và carbohydrate. Nhân phô mai ngọt, thường được làm từ phô mai của nông dân hoặc ricotta, giúp phân biệt loại này với các loại vareniki khác đồng thời cung cấp nguồn protein và canxi phong phú.",75
e3610d69-bcee-5d99-9b37-5d16ede59051,,,Salad dưa chuột có đường (Sweetened Cucumber Salad),DISH,91.0,0.57,0.4,21.1,1.0,18.3,457.0,9d4dc1ac-566d-45dd-8f5c-976afae98cfc,,,"Salad dưa chuột ngọt là một món ăn kèm giải khát bao gồm dưa chuột thái lát mỏng ướp trong nước sốt giấm có thêm đường hoặc mật ong. Việc chuẩn bị này tạo ra một kết cấu mềm giòn và cân bằng vị dịu nhẹ tự nhiên của rau với hương vị ngọt và thơm rõ rệt. Mặc dù bản thân dưa chuột vẫn có lượng calo thấp nhưng chất ngọt được bổ sung làm tăng đáng kể hàm lượng carbohydrate, khiến việc nhận thức về khẩu phần ăn trở nên quan trọng đối với chế độ ăn kiêng đường. Món salad này xuất hiện trên toàn cầu với nhiều biến thể khác nhau, từ agurksalat của Scandinavia đến dưa chua nhanh lấy cảm hứng từ châu Á.",75
b46ad38f-df5c-5164-900c-cd0491aaa55e,,,Bánh pudding xoài (Mango Pudding),DISH,194.44,4.56,0.44,43.11,1.11,40.22,68.89,9d4dc1ac-566d-45dd-8f5c-976afae98cfc,,,"Bánh pudding xoài là một món tráng miệng nổi tiếng của nhà hàng Trung Quốc với xoài tươi xay nhuyễn với gelatin để tạo độ mịn và chắc chắn. Món tráng miệng ướp lạnh này thường kết hợp sữa cô đặc với xoài ngọt để tạo nên hương vị nhiệt đới đậm đà, giúp phân biệt với bánh pudding kiểu phương Tây. Theo truyền thống, món ăn này được phục vụ theo từng phần riêng lẻ và trang trí bằng xoài tươi hoặc nước cốt dừa, món này tượng trưng cho cách chế biến món tráng miệng kiểu Hồng Kông cổ điển.",75
639c8767-6dd9-5573-9ff6-7426704d0136,,,Donut đường nổi (Sugar Raised Donut),DISH,344.44,5.56,17.78,38.89,1.11,18.89,333.33,9d4dc1ac-566d-45dd-8f5c-976afae98cfc,,,"Sugar Raised Donut là một loại bánh men được chiên giòn cho đến khi có màu nâu vàng và phủ một lớp đường cát. Loại cửa hàng bánh rán cổ điển này được phân biệt bởi kết cấu nhẹ, thoáng đạt được thông qua quá trình lên men bằng men, khiến nó trở nên khác biệt với những chiếc bánh rán đặc hơn. Thường nặng khoảng 3 ounce, những loại bánh ngọt siêu chế biến này có nhiều carbohydrate và chất béo tinh chế, với hầu hết các loại chứa từ 230-360 calo mỗi khẩu phần.",75
5131e023-afe6-550e-9ae9-2cb2698f5836,,,Donut phủ vani (Vanilla Frosted Donut),DISH,210.0,3.0,9.0,30.0,1.0,15.0,260.0,9d4dc1ac-566d-45dd-8f5c-976afae98cfc,,,"Bánh rán phủ kem vani là một loại bánh ngọt làm từ men cổ điển được phủ một lớp kem ngọt có hương vị vani để tạo thành lớp men cứng. Bột nhẹ, thoáng tạo lớp nền mềm mại cho lớp phủ kem mịn, với một số phiên bản có thêm các hạt rắc đầy màu sắc để trang trí. Món bánh ngọt ăn sáng hấp dẫn này thường chứa khoảng 210-290 calo mỗi khẩu phần và chứa các chất gây dị ứng phổ biến bao gồm lúa mì, sữa, trứng và đậu nành.",75
d32ed9d9-caad-5605-9531-7bbde5cd72da,,,Bánh tart sô cô la (Tarta de Chocolate),DISH,280.0,3.2,13.6,32.0,2.0,17.6,200.0,9d4dc1ac-566d-45dd-8f5c-976afae98cfc,,,"Tarta de Chocolate là một loại bánh sô cô la truyền thống của Mexico được phân biệt bằng cách sử dụng những viên sô cô la Mexico có chứa quế và các loại gia vị tinh tế. Món tráng miệng đậm đà này có phần bên trong ẩm ướt và bên ngoài hơi giòn, thường được phủ một lớp sô cô la hoặc đường bột bên trên. Không giống như bánh sô cô la phương Tây, hương vị đặc biệt của nó đến từ những viên sô cô la tẩm gia vị như Abuelita hoặc Ibarra, tạo nên trải nghiệm panaderia độc đáo của Mexico.",75
d9c157bb-982a-516d-9300-493eb1cc989e,,,Bánh phô mai lấy cảm hứng từ Coquito (Coquito-Inspired Cheesecake),DISH,303.2,4.0,13.6,41.6,0.8,28.0,262.4,9d4dc1ac-566d-45dd-8f5c-976afae98cfc,,,"Bánh phô mai lấy cảm hứng từ Coquito là một món tráng miệng kết hợp của Puerto Rico, biến đổi món bánh pho mát truyền thống với hương vị của coquito, một loại đồ uống ngày lễ làm từ dừa. Món tráng miệng đậm đà này có lớp vỏ bánh quy graham với nhân kem thấm nước cốt dừa, các loại gia vị ấm áp như quế và nhục đậu khấu, cùng hương rượu rum tinh tế. Kết quả là một loại bánh pho mát mịn sang trọng kết hợp hương vị nhiệt đới vùng Caribe với kết cấu bánh pho mát kiểu New York cổ điển.",75
9bcc56fd-bba4-50f7-889f-4512de9f7c87,,,Bánh pudding máu (xúc xích tiết) (Blodpudding (Blood Sausage)),DISH,172.73,10.91,12.73,3.64,0.91,0.91,727.27,9d4dc1ac-566d-45dd-8f5c-976afae98cfc,,,"Blodpudding là món xúc xích huyết truyền thống của Bắc Âu được làm từ huyết heo hoặc huyết bò kết hợp với bột lúa mạch đen, gia vị và mỡ. Món ăn đậm đặc chất dinh dưỡng này đặc biệt đáng chú ý vì hàm lượng sắt đặc biệt cao, cung cấp tới 80% nhu cầu sắt hàng ngày cho mỗi khẩu phần ăn. Thường được chiên áp chảo cho đến khi giòn bên ngoài, nó có màu đậm, kết cấu đậm đặc, thường đi kèm với mứt dâu linh chi trong các món ăn truyền thống.",75
44257d19-f03a-5f8f-bc2c-ab6a9ff739a3,,,Kem Mochi (Mochi Ice Cream),DISH,162.79,2.33,5.35,30.23,0.0,23.26,34.88,9d4dc1ac-566d-45dd-8f5c-976afae98cfc,,,"Kem Mochi là món tráng miệng lấy cảm hứng từ Nhật Bản, bao bọc loại kem cao cấp trong lớp bột gạo mềm, dai làm từ bột gạo ngọt. Mỗi miếng thường được phục vụ như một quả bóng vừa ăn, với lớp vỏ mochi mềm mại bên ngoài mang lại sự tương phản về kết cấu hấp dẫn với phần nhân kem lạnh lẽo ở giữa. Những món tráng miệng này thường được cung cấp với nhiều hương vị khác nhau, từ trà xanh truyền thống đến các lựa chọn hiện đại như dâu tây hoặc vani, thường được phục vụ rã đông một chút để có trải nghiệm kết cấu tối ưu.",75
657e7938-f799-518a-aa3e-b1640a5c64b3,,,Bánh ngọt Opera (Opera Cake),DISH,292.04,2.65,15.93,34.51,0.89,28.32,176.99,9d4dc1ac-566d-45dd-8f5c-976afae98cfc,,,"Opera Cake là một loại bánh ngọt tinh tế của Pháp bao gồm bánh xốp hạnh nhân (joconde) được xếp lớp chính xác, kem bơ cà phê và ganache sô cô la. Món tráng miệng trang nhã này nổi bật bởi hình chữ nhật và lớp men sô cô la bóng loáng, với mỗi lát bánh để lộ các lớp riêng biệt mang đến sự hòa trộn hài hòa giữa hương vị cà phê và sô cô la. Sự kết hợp phong phú của các nguyên liệu cao cấp tạo nên kết cấu ẩm và đậm đặc sang trọng đặc trưng của bánh ngọt Pháp cổ điển.",75
7d5d7ee7-5c15-57c0-844b-e9ac9d438ee4,,,Kem gelato trà Earl Grey (Earl Grey Tea Gelato),DISH,65.54,0.42,2.54,10.99,0.0,7.4,16.91,9d4dc1ac-566d-45dd-8f5c-976afae98cfc,,,"Earl Grey Tea Gelato là một món tráng miệng đông lạnh dạng kem có chứa gelato kiểu Ý truyền thống với hương cam bergamot đặc trưng của trà Earl Grey. Sự sáng tạo kết hợp này, phổ biến ở các cửa hàng trà boba, mang đến kết cấu đậm đà, mịn màng đồng thời mang đến hương vị tinh tế của trà Earl Grey cao cấp. Là một loại đồ uống tráng miệng suy đồi, nó thường chứa một lượng đường và chất béo đáng kể, thường được phục vụ với các loại đồ ăn kèm tùy chọn như trân châu hoặc thạch.",75
daef0253-fe29-5b2f-ade1-38744deca837,,,Sữa lắc protein sô cô la (Chocolate Protein Shake),DISH,65.54,6.34,2.11,5.29,1.06,0.42,31.71,9d4dc1ac-566d-45dd-8f5c-976afae98cfc,,,"Sữa lắc sô cô la protein từ quầy nước trái cây là một loại đồ uống pha trộn được pha chế đặc biệt để cung cấp protein chất lượng cao ở dạng ngon miệng. Những món lắc này thường chứa 20-30 gam protein mỗi khẩu phần và được làm bằng sự kết hợp của bột protein, các sản phẩm thay thế sữa, ca cao và các chất tăng cường dinh dưỡng như vitamin và chất xơ. Sự chuẩn bị chuyên nghiệp đảm bảo một kết cấu kem mịn đồng thời cung cấp dinh dưỡng đáng kể ở dạng thay thế bữa ăn tiện lợi.",75
674bd88c-ac6a-5a27-b654-f38824c77485,,,Bánh torte sô cô la hạt dẻ (Hazelnut Chocolate Torte),DISH,294.4,4.8,21.6,20.8,2.4,14.4,211.2,9d4dc1ac-566d-45dd-8f5c-976afae98cfc,,,"Bánh torte sô-cô-la hạt dẻ là một món tráng miệng sang trọng được chế biến từ trang trại đến bàn ăn, bao gồm bánh sô-cô-la đậm đặc, không bột, được làm giàu với hạt phỉ có nguồn gốc địa phương. Sự sáng tạo thủ công này kết hợp sô cô la đen chất lượng cao với hạt phỉ rang để tạo nên hương vị phong phú, phức hợp đặc trưng của ẩm thực Tây Bắc Thái Bình Dương. Danh sách thành phần tối thiểu của bánh torte nhấn mạnh các thành phần tự nhiên, chưa qua chế biến, tạo ra một món tráng miệng ngon tuyệt, đặc biệt giàu chất béo lành mạnh và protein từ hàm lượng hạt của nó.",75
13a6cee8-cf46-56e4-857b-b1b495885e94,,,Bánh quy xoắn caramel muối (Salted Caramel Pretzel),INGREDIENT,428.57,4.29,20.0,57.14,2.86,37.14,857.14,9d4dc1ac-566d-45dd-8f5c-976afae98cfc,,,"Bánh quy cây caramen muối là loại bánh quy mềm mới nướng được nhúng trong caramen ấm và phủ một lớp muối nhẹ. Phần đế bánh quy mềm truyền thống trước tiên được tạo lớp vỏ màu nâu đặc trưng thông qua quy trình nướng đặc biệt, sau đó được phủ một lớp caramel mịn tạo nên sự tương phản nổi bật giữa bên trong dai và bên ngoài dẻo ngọt. Món ăn hấp dẫn này kết hợp vị mặn dễ chịu của bánh quy cây cổ điển với vị ngọt đậm đà của lớp phủ caramel.",75
b2ecfa00-9848-5bdc-8ae4-9f269ad2eec1,,,Bánh quy đen trắng (Black and White Cookie),DISH,400.0,5.0,16.67,60.0,1.67,50.0,266.67,9d4dc1ac-566d-45dd-8f5c-976afae98cfc,,,"Bánh quy đen và trắng là một loại bánh cổ điển ở New York có phần đế bánh quy lớn, giống như bánh ngọt được phân chia giữa kem sô cô la và vani. Những chiếc bánh quy lớn này thường có chiều ngang từ 4-5 inch và có kết cấu mềm, ẩm, khác biệt với những chiếc bánh quy giòn truyền thống. Mỗi chiếc bánh quy cung cấp hàm lượng calo và đường đáng kể, với các chất gây dị ứng phổ biến bao gồm lúa mì, trứng và sữa, trong khi kích thước rộng rãi của nó khiến nó phù hợp để chia sẻ hoặc kiểm soát khẩu phần.",75
32047503-93c2-546b-ac81-ad12626b69f8,,,Kem sô cô la mềm (Soft Serve Chocolate Ice Cream),DISH,222.0,4.1,13.0,22.2,0.7,21.2,61.0,9d4dc1ac-566d-45dd-8f5c-976afae98cfc,,,"Kem sô cô la phục vụ mềm là một món tráng miệng đông lạnh có mật độ thấp hơn, đặc trưng bởi kết cấu mịn, thoáng đạt được thông qua việc khuấy nhanh và phục vụ ở nhiệt độ ấm hơn một chút so với kem truyền thống. Mặc dù chứa ít chất béo sữa hơn so với các công thức kem tiêu chuẩn, nhưng nó vẫn là một loại kem có hàm lượng đường cao, thường được phân phối tươi từ máy thương mại thành hình nón hoặc cốc và thường kết hợp với lớp phủ bên trên. Quá trình đông lạnh liên tục kết hợp nhiều không khí hơn (chảy tràn), tạo ra độ nhẹ đặc trưng của nó trong khi vẫn duy trì hương vị ca cao đậm đà.",75
ee97fca4-be51-5b2e-878d-9f66c8619f72,,,Donut thịt xông khói si-rô phong (Maple Bacon Donut),DISH,372.73,3.64,16.36,54.55,1.82,27.27,336.36,9d4dc1ac-566d-45dd-8f5c-976afae98cfc,,,"Bánh rán thịt xông khói phong là một loại bánh ngọt đặc sản kết hợp bánh rán men với men phong và các miếng thịt xông khói giòn. Món ăn lấy cảm hứng từ bữa sáng hấp dẫn này có nội thất mềm mại, mịn màng tương phản với lớp phủ phong ngọt ngào và lớp trên cùng là thịt xông khói thơm ngon. Phổ biến ở các cửa hàng bánh rán thủ công, loại bánh ngọt kết hợp này thể hiện xu hướng kết hợp hương vị ngọt và mặn trong một món tráng miệng duy nhất.",75
f204a310-5cbd-5563-81f1-9f9ef3519abc,,,Bánh cua Benedict (Crab Cakes Benedict),DISH,220.0,12.0,10.57,12.0,1.14,1.43,342.86,9d4dc1ac-566d-45dd-8f5c-976afae98cfc,,,"Crab Cakes Benedict là món ăn sáng muộn sang trọng kết hợp bánh hải sản làm từ thịt cua thật với các nguyên liệu Trứng Benedict truyền thống. Món ăn phong phú này có bánh cua tẩm gia vị phủ trứng luộc và sốt hollandaise, thường được dùng kèm với bánh nướng xốp kiểu Anh hoặc brioche nướng. Khi chế biến tại nhà hàng, nó đặc biệt chứa nhiều calo và chất béo, trung bình 700-800 calo mỗi khẩu phần, đồng thời cung cấp protein đáng kể từ cả thịt cua và trứng, mặc dù nó chứa nhiều chất gây dị ứng phổ biến bao gồm động vật có vỏ, trứng, sữa và gluten.",75
0a642fc5-9da5-5b27-a2fb-0dd91afad37d,,,Bánh phô mai không chứa gluten (Gluten-Free Cheesecake),DISH,345.13,5.31,21.24,33.63,0.89,22.12,265.49,9d4dc1ac-566d-45dd-8f5c-976afae98cfc,,,"Bánh phô mai không chứa gluten là món tráng miệng được chế biến đặc biệt, duy trì kết cấu kem cổ điển và hương vị đậm đà của bánh phô mai truyền thống đồng thời an toàn cho những người nhạy cảm với gluten. Lớp vỏ được chế biến từ các lựa chọn thay thế bánh quy graham không chứa gluten, thường sử dụng nguyên liệu làm từ bột gạo, trong khi phần nhân có cùng phô mai kem, trứng và đế vani như bánh pho mát thông thường. Mặc dù không chứa gluten nhưng món tráng miệng này vẫn là một lựa chọn chứa nhiều calo với lượng chất béo và đường đáng kể trong mỗi khẩu phần.",75
93cd8cb1-fefa-5729-9b1e-103a731715ad,,,Bánh ngọt bông xốp vani không chứa gluten (Gluten-Free Vanilla Sponge Cake),DISH,327.0,6.2,16.9,41.1,1.2,25.9,310.0,9d4dc1ac-566d-45dd-8f5c-976afae98cfc,,,"Bánh bông lan vani không chứa gluten là một loại bánh tráng miệng có công thức đặc biệt được làm bằng hỗn hợp bột thay thế để đảm bảo an toàn cho những người mắc bệnh celiac hoặc nhạy cảm với gluten. Loại bánh cổ điển này duy trì cấu trúc vụn nhẹ, mềm thông qua việc sử dụng các nguyên liệu chuyên dụng như kẹo cao su xanthan và sự kết hợp bột mì không chứa gluten. Mặc dù có lượng calo và đường cao hơn so với các loại bánh nướng thông thường, nhưng nó mang lại trải nghiệm bánh truyền thống với kết cấu ẩm và hương vị vani cổ điển, thường được dùng kèm với các lớp phủ kem bơ.",75
7b16d832-bd3d-5ae3-8cb7-3366f67b11e0,,,Donut đường quế (Cinnamon Sugar Donut),DISH,442.86,4.71,24.29,51.43,2.14,28.57,257.14,9d4dc1ac-566d-45dd-8f5c-976afae98cfc,,,"Bánh rán đường quế là một loại bánh chiên cổ điển được đặc trưng bởi lớp phủ tinh thể ngọt ngào của quế và đường cát. Cửa hàng bánh rán truyền thống này có nội thất nhẹ nhàng, thoáng mát được bọc bên ngoài hơi giòn, thường nặng khoảng 45-85 gram mỗi khẩu phần. Mặc dù cung cấp nguồn năng lượng nhanh chóng nhưng nó đặc biệt chứa nhiều carbohydrate tinh chế và đường bổ sung, với một khẩu phần thông thường chứa 190-380 calo tùy theo kích cỡ.",75
5c459485-0cfe-50f4-aa6e-74412043f89e,,,Sô cô la nóng Mexico (Mexican Hot Chocolate),DISH,83.33,3.33,3.33,10.0,0.83,9.17,66.67,9d4dc1ac-566d-45dd-8f5c-976afae98cfc,,,"Sôcôla nóng Mexico là một loại đồ uống truyền thống, đậm đà được làm từ viên sô cô la Mexico, sữa nguyên chất và các loại gia vị đặc biệt như quế và đôi khi là ớt. Cách chế biến đích thực này có đặc điểm là sủi bọt và phức tạp hơn sô cô la nóng tiêu chuẩn, thường được đánh bông để tạo lớp bọt đặc trưng ở trên. Đồ uống này có hương vị sô cô la đậm đà hơn với các loại gia vị ấm áp tinh tế, thường được phục vụ nóng hổi trong cốc sứ tại các nhà hàng Mexico.",75
6b5dd519-5d7a-5946-8a8e-f16137defda8,,,Bánh mì kẹp kem brownie (Brownie Ice Cream Sandwich),DISH,296.0,4.0,13.33,40.0,2.0,26.67,166.67,9d4dc1ac-566d-45dd-8f5c-976afae98cfc,,,"Bánh mì kẹp kem hạnh nhân là một món tráng miệng hảo hạng có kem vani được kẹp giữa hai lớp bánh hạnh nhân sô cô la béo ngậy. Món ăn hấp dẫn này kết hợp kết cấu béo ngậy, đặc của bánh hạnh nhân với kem mịn, mịn, tạo ra nhiệt độ thú vị và độ tương phản về kết cấu. Thường được phục vụ ướp lạnh tại các tiệm kem, những món tráng miệng đặc sắc này thường có các biến thể với các hương vị kem khác nhau hoặc các lớp phủ bổ sung như sô cô la chip hoặc kẹo mềm.",75
4d4b31ac-2c77-5dd3-bbd1-be96eb20bff5,,,Bánh phô mai matcha (Matcha Cheesecake),DISH,108.75,0.83,6.25,12.5,0.42,8.33,104.17,9d4dc1ac-566d-45dd-8f5c-976afae98cfc,,,"Bánh phô mai Matcha là món tráng miệng kết hợp hiện đại kết hợp bột trà xanh Nhật Bản với các yếu tố bánh phô mai cổ điển của phương Tây. Món tráng miệng béo ngậy, nhiều kem này có màu xanh ngọc bích đặc biệt và cân bằng giữa vị đất, hơi đắng của matcha với vị ngọt, mịn mượt của phô mai kem phủ trên lớp vỏ bánh quy giòn. Mặc dù chứa nhiều calo và chất béo, nhưng nó mang lại lợi ích chống oxy hóa từ hàm lượng matcha cao cấp, tạo ra một món tráng miệng tinh tế tiêu biểu cho ẩm thực kết hợp hiện đại của California.",75
4018ac12-7fbd-5c93-be74-d69699e19e39,,,Bánh quế Bỉ táo quế (Apple Cinnamon Belgian Waffle),DISH,333.33,6.67,13.33,46.67,2.0,10.0,400.0,9d4dc1ac-566d-45dd-8f5c-976afae98cfc,,,"Bánh quế của Bỉ là một loại bánh quế dày, có túi sâu thấm với hương vị táo và quế, thường được phục vụ như một món ăn sáng tại nhà hàng. Biến thể hấp dẫn này có bề ngoài vàng giòn và bên trong bông xốp, với gia vị ấm áp của quế bổ sung cho hương táo ngọt ngào trong suốt bột. Theo truyền thống, món ăn được phục vụ nóng và tươi với bơ, xi-rô cây phong và thường phủ thêm kem đánh bông hoặc mứt táo bổ sung.",75
c391b881-df3c-5107-a1d5-b5f9809ad55f,,,Donut gia vị bí ngô (Pumpkin Spice Donut),INGREDIENT,373.33,2.67,17.33,52.0,2.0,33.33,293.33,9d4dc1ac-566d-45dd-8f5c-976afae98cfc,,,"Bánh rán gia vị bí ngô là một loại bánh rán kiểu bánh theo mùa có các loại gia vị mùa thu ấm áp như quế, gừng và đinh hương trong cả bột và men. Món tráng miệng nhà hàng này thường chứa khoảng 260-290 calo mỗi khẩu phần và được đặc trưng bởi kết cấu đậm đặc, ẩm và kết thúc có gia vị ngọt ngào. Mặc dù phổ biến trong những tháng mùa thu, những chiếc bánh rán này đặc biệt chứa nhiều đường và carbohydrate đã qua chế biến, với hầu hết các phiên bản đều chứa 25 gam đường trong mỗi khẩu phần.",75
57843849-9f58-542e-bef8-7ddebe209975,,,Bát ớt cuộn quế (Cinnamon Roll Chili Bowl),DISH,157.5,5.75,6.5,18.75,0.75,7.0,162.5,9d4dc1ac-566d-45dd-8f5c-976afae98cfc,,,"A Cinnamon Roll Chili Bowl là một đặc sản đặc biệt của nhà hàng Trung Tây kết hợp ớt kiểu Cincinnati với bánh quế mới nướng. Bản thân ớt được gia vị độc đáo với quế, hạt tiêu và bột ca cao, tạo nên hương vị ngọt ngào bổ sung cho món bánh ngọt. Sự kết hợp thịnh soạn này có nguồn gốc từ các căng tin trường học ở Trung Tây và đã phát triển thành một món ăn tiện lợi được yêu thích trong khu vực, thường được phục vụ với các loại phủ ớt truyền thống của Cincinnati như phô mai, hành tây hoặc đậu.",75
28262830-374d-51aa-a36a-670ce6771663,,,Donut lúa mì nguyên cám (Whole Wheat Donut),INGREDIENT,352.94,5.88,17.65,47.06,1.18,21.18,470.59,9d4dc1ac-566d-45dd-8f5c-976afae98cfc,,,"Bánh rán làm từ lúa mì nguyên hạt là một loại bánh ngọt chiên giòn được làm bằng sự pha trộn giữa lúa mì nguyên hạt và bột mì được làm giàu, thường được tráng men hoặc phủ lớp phủ ngọt. Mặc dù chứa nhiều ngũ cốc nguyên hạt hơn bánh rán truyền thống, nhưng nó vẫn duy trì hàm lượng calo và chất béo tương tự do quá trình chiên và lớp phủ ngọt. Bột mì nguyên hạt góp phần tạo nên kết cấu đậm đặc hơn một chút và hương vị hạt dẻ tinh tế so với bánh rán thông thường.",75
b21de317-3864-5765-9a13-094c97405fb3,,,Bánh cuộn quế Thụy Điển (Kanelbulle (Cinnamon Roll)),DISH,266.67,5.0,8.33,43.33,1.67,10.0,250.0,9d4dc1ac-566d-45dd-8f5c-976afae98cfc,,,"Kanelbulle là món bánh quế truyền thống của Thụy Điển được phân biệt bởi bột gia vị bạch đậu khấu và đường trân châu bên trên. Không giống như bánh quế kiểu Mỹ, những chiếc bánh ngọt này thường không phủ kem phô mai mà có cách trình bày đơn giản hơn làm nổi bật sự tương tác giữa bơ, quế và bạch đậu khấu. Bột cán thường được tạo hình thành hình xoắn ốc hoặc nút thắt thanh lịch, tạo ra loại bánh ngọt ít ngọt hơn nhưng phức tạp hơn, thơm hơn, thể hiện văn hóa fika của Thụy Điển.",75
208cf452-1dcf-5801-84b2-53f93503e8c7,,,Bánh củ cải chiên (Fried Radish Cake),DISH,375.0,6.0,11.5,62.0,2.5,2.0,600.0,9d4dc1ac-566d-45dd-8f5c-976afae98cfc,,,"Bánh củ cải chiên (Lo Bak Gou) là một món dim sum cổ điển được làm từ bánh củ cải daikon hấp rồi áp chảo. Món ngon này kết hợp củ cải daikon bào và bột gạo với các nguyên liệu như tôm khô, xúc xích Trung Quốc và nấm, tạo nên hương vị umami đặc trưng. Khi được phục vụ trong các nhà hàng, món ăn này có bề ngoài màu nâu vàng giòn, bên trong mềm mại, mềm mại, thường đi kèm với nước chấm.",75
ea42b372-afaa-5f65-9d5a-2d5c27cc0971,,,Bánh ngọt chanh (Lemon Drizzle Cake),DISH,340.0,4.0,16.0,45.0,1.0,25.0,150.0,9d4dc1ac-566d-45dd-8f5c-976afae98cfc,,,"Lemon Drizzle Cake là một quán cà phê tráng miệng cổ điển có đặc điểm là phần đế bánh xốp ẩm được tẩm vỏ chanh tươi và phủ một lớp men cam quýt chua ngọt. Món ăn hấp dẫn này có cấu hình kết cấu kép đặc biệt, kết hợp phần bên trong vụn mềm với lớp phủ đường chanh hơi giòn, kết tinh. Thường được phục vụ như một lát cắt phong phú, món tráng miệng giàu calo này đặc biệt giàu carbohydrate và có sự pha trộn cân bằng giữa hương cam quýt tươi sáng với vị ngọt bánh truyền thống.",75
1f5c2bc5-3c58-50f4-88b4-aab00bd51673,,,Bánh phô mai Baileys (Baileys Cheesecake),DISH,386.67,5.33,26.0,30.0,1.33,18.67,273.33,9d4dc1ac-566d-45dd-8f5c-976afae98cfc,,,"Baileys Cheesecake là một món tráng miệng nhà hàng phong phú kết hợp bánh pho mát cổ điển với rượu mùi kem Ailen để tạo nên hương vị đặc biệt. Biến thể hấp dẫn này có lớp vỏ bánh quy sô cô la phủ bên trên là lớp nhân kem đậm đặc được pha với Kem Baileys Ailen, tạo nên sự kết hợp tinh tế giữa bánh pho mát truyền thống và văn hóa quán rượu Ailen. Món tráng miệng đặc biệt giàu calo và thường được trang trí bằng các thành phần sô cô la hoặc kem tươi.",75
f562b318-478e-5cfb-90b5-a4c961c9ebe7,,,Kem que sữa chua berry (Berry Yogurt Popsicles),DISH,74.12,3.53,0.59,12.94,1.18,8.24,23.53,9d4dc1ac-566d-45dd-8f5c-976afae98cfc,,,"Kem sữa chua mọng là món ăn đông lạnh được làm từ sữa chua Hy Lạp và trái cây thật, cung cấp một giải pháp thay thế giàu protein cho kem que truyền thống. Những món tráng miệng sảng khoái này kết hợp lợi ích probiotic của sữa chua với hương vị quả mọng tự nhiên, thường chứa ít đường hơn so với các món đông lạnh thông thường. Mỗi que kem mang lại kết cấu dạng kem, mịn đồng thời cung cấp khoảng 3-5 gam protein và men vi sinh có lợi.",75
e1537c23-517e-5408-bc26-e973347a25c8,,,Sô cô la nóng Bỉ (Belgian Hot Chocolate),DISH,81.36,2.71,3.73,9.49,0.34,9.15,40.68,9d4dc1ac-566d-45dd-8f5c-976afae98cfc,,,"Sôcôla nóng Bỉ là một loại đồ uống cao cấp được làm từ sô cô la Bỉ chất lượng cao tan chảy và sữa nguyên chất hấp, thay vì bột ca cao. Thức uống nhiều kem này thường được phục vụ nóng với kem đánh bông và thường bao gồm sô cô la bào vụn trang trí, mang đến hương vị sô cô la đậm đà và phức tạp hơn so với ca cao nóng tiêu chuẩn. Do phương pháp pha chế đích thực bằng sô cô la thật, đồ uống hấp dẫn này có hàm lượng calo và chất béo cao hơn đáng kể so với đồ uống sô cô la nóng thông thường.",75
ce68f99d-9647-595d-88d3-08f0e97493fa,,,Kẹo sô cô la với nougat hoặc các loại hạt (Chocolate Candy with Nougat or Nuts),DISH,528.0,10.8,32.7,53.6,3.9,43.7,91.0,9d4dc1ac-566d-45dd-8f5c-976afae98cfc,,,"Kẹo sô cô la với kẹo hạnh nhân hoặc các loại hạt là một loại bánh ngọt kết hợp sô cô la mịn với kẹo dẻo hoặc các loại hạt giòn. Trong khi cung cấp năng lượng nhanh chóng từ hàm lượng đường và chất béo cao, các phiên bản có hạt còn cung cấp thêm protein và chất xơ. Những loại kẹo này thường được thưởng thức như một món ăn nhưng đòi hỏi phải nhận thức được khẩu phần do mật độ calo của chúng, với các loại có chứa hạt có khả năng gây dị ứng.",75
59386058-20bb-55fa-8028-c58e1fb61dec,,,Bánh trung thu (Mooncake),DISH,450.0,6.25,22.5,56.25,1.88,42.5,437.5,9d4dc1ac-566d-45dd-8f5c-976afae98cfc,,,"Bánh trung thu là một loại bánh ngọt truyền thống của châu Á có đặc điểm là hình tròn, dày đặc và lớp vỏ được trang trí công phu. Món tráng miệng đậm đà này thường có nhân ngọt như nhân hạt sen hoặc nhân đậu đỏ, thường được bổ sung bằng lòng đỏ trứng vịt muối tượng trưng cho trăng tròn. Do thành phần cô đặc và khẩu phần ăn nhiều, một chiếc bánh trung thu có thể chứa tới 800 calo, tốt nhất nên thưởng thức chung hoặc với khẩu phần khiêm tốn.",75
