id,created_at,updated_at,name,type,calories_per_100g,protein_per_100g,fat_per_100g,carbs_per_100g,fiber_per_100g,sugar_per_100g,sodium_mg_per_100g,category_id,default_serving_id,image_url,description,health_score
5063f27f-e0f2-5142-9153-909feb62707c,,,Trứng lớn (Large Eggs),INGREDIENT,143.0,12.6,9.5,1.1,0.0,1.1,124.0,5a495c98-b00c-4007-aeac-501f3ae8e030,,,"Trứng lớn là tên gọi kích thước phổ biến cho trứng gà, mỗi quả thường nặng khoảng 50 gam. Chúng là nguồn cung cấp protein chất lượng cao, vitamin và khoáng chất thiết yếu, tất cả đều được chứa trong lớp vỏ bảo vệ tự nhiên. Mặc dù trứng được biết là có chứa cholesterol, nhưng nghiên cứu hiện tại cho thấy rằng cholesterol trong chế độ ăn uống ít ảnh hưởng đến mức cholesterol trong máu đối với hầu hết mọi người so với chất béo bão hòa và chất béo chuyển hóa.",75
f75f73c6-a4f6-5f67-a202-a3c41e2d3245,,,Sữa nguyên chất (Whole Milk),INGREDIENT,63.0,3.3,3.4,4.7,0.0,4.75,41.0,5a495c98-b00c-4007-aeac-501f3ae8e030,,,"Sữa nguyên chất là một loại đồ uống từ sữa giữ được hàm lượng chất béo sữa tự nhiên khoảng 3,25%, giúp phân biệt với các loại sữa ít béo. Nó đóng vai trò là nguồn cung cấp canxi và vitamin D đáng kể, với hàm lượng chất béo góp phần tạo nên kết cấu kem và khả năng tăng cường cảm giác ngon miệng khi dùng cà phê, đồ nướng và nước sốt. Là dạng cơ bản của sữa bò, nó chứa đường tự nhiên (lactose) và cung cấp các chất dinh dưỡng thiết yếu theo tỷ lệ ban đầu.",75
1a722464-f7f7-5833-8575-19a4cce0ea04,,,Trứng bác (Scrambled Eggs),DISH,149.0,9.99,11.0,1.61,0.0,1.39,145.0,5a495c98-b00c-4007-aeac-501f3ae8e030,,,"Trứng bác là món ăn sáng giàu protein được tạo ra bằng cách nấu trứng đánh nhẹ thành sữa đông mềm, ẩm. Chúng cung cấp tất cả chín axit amin thiết yếu ở dạng có khả năng sinh học cao, khiến chúng trở thành tiêu chuẩn vàng về chất lượng protein. Kết cấu từ kem đến đặc tùy thuộc vào kỹ thuật nấu ăn, với các chất bổ sung phổ biến như sữa hoặc bơ làm tăng hàm lượng chất béo. Chế phẩm đa năng này có tác dụng tốt như một bữa ăn nhanh hoặc một phương tiện cho rau và pho mát trong nhiều nền ẩm thực khác nhau.",75
630e55a5-2137-5558-8131-289606a256aa,,,Sữa 2% ít béo (2% Reduced-Fat Milk),INGREDIENT,50.0,3.33,1.95,4.85,0.0,5.0,44.3,5a495c98-b00c-4007-aeac-501f3ae8e030,,,"Sữa ít béo 2% là sản phẩm sữa ít béo trong đó 98% trọng lượng của sữa đến từ các thành phần không béo, giữ lại các chất dinh dưỡng thiết yếu đồng thời giảm hàm lượng chất béo bão hòa. Biến thể sữa bò này trải qua quá trình loại bỏ một phần kem trong quá trình chế biến, duy trì kết cấu kem mịn hơn sữa gầy trong khi cung cấp hàm lượng canxi và protein đáng kể tương đương với sữa nguyên chất. Nó vẫn là một loại đồ uống có chứa đường sữa nhưng cung cấp một lựa chọn tầm trung cho những người cân bằng sở thích về hương vị với mục tiêu hấp thụ chất béo.",75
1666703c-70b3-5192-9077-ce7d1c384d42,,,Sữa tách béo (Nonfat Milk),INGREDIENT,34.0,3.37,0.08,4.96,0.0,5.09,42.0,5a495c98-b00c-4007-aeac-501f3ae8e030,,,"Sữa không béo (thường được gọi là sữa gầy) là một sản phẩm từ sữa trong đó gần như toàn bộ chất béo trong sữa đã được loại bỏ thông qua quá trình ly tâm, dẫn đến hàm lượng chất béo dưới 0,5%. Nó duy trì hàm lượng canxi và protein cao trong sữa nguyên chất trong khi cung cấp ít calo hơn và không có chất béo bão hòa, khiến nó trở thành thực phẩm chủ yếu cho chế độ ăn ít chất béo và kiểm soát cân nặng. Hầu hết các giống thương mại đều được bổ sung vitamin A và D để thay thế những vitamin bị mất trong quá trình chế biến, duy trì giá trị dinh dưỡng mặc dù hàm lượng chất béo giảm.",75
3e52e504-fa39-5fdd-9978-058d1c238795,,,Trứng cỡ vừa (Medium Eggs),INGREDIENT,143.0,12.6,9.51,0.72,0.0,0.37,142.0,5a495c98-b00c-4007-aeac-501f3ae8e030,,,"Trứng cỡ trung bình là nguồn thực phẩm đa năng và giàu dinh dưỡng, cung cấp sự cân bằng tốt về protein, chất béo lành mạnh cũng như các vitamin và khoáng chất thiết yếu. Ký hiệu 'trung bình' đề cập đến kích thước của chúng, thường nặng từ 50 đến 56 gram mỗi quả trứng. Chúng thường được tiêu thụ khi nấu chín theo nhiều cách khác nhau, chẳng hạn như luộc, chiên, xào hoặc nướng và là thành phần chính trong nhiều công thức nấu ăn do đặc tính liên kết và nhũ hóa của chúng.",75
7a4d6c87-2322-5833-be86-35f25e43f95b,,,Trứng chiên (Fried Egg),DISH,195.0,13.2,14.8,1.0,0.0,0.62,189.0,5a495c98-b00c-4007-aeac-501f3ae8e030,,,"Trứng chiên là quả trứng nguyên quả được nấu trong dầu nóng hoặc bơ, có lòng trắng với các cạnh giòn và lòng đỏ từ lỏng đến đặc hoàn toàn. Chế phẩm này cung cấp 6-7g protein chất lượng cao với hàm lượng chất béo thay đổi tùy theo phương pháp nấu, trong khi lòng đỏ cung cấp các chất dinh dưỡng thiết yếu như choline và vitamin D. Sự kết hợp giữa độ tương phản về kết cấu và mật độ dinh dưỡng khiến nó trở thành một thành phần linh hoạt trong đĩa ăn sáng, bánh mì sandwich và bát ngũ cốc.",75
955f039b-4279-5088-aaee-df8a0472ccdf,,,Sữa 1% ít béo (1% Low-Fat Milk),INGREDIENT,42.0,3.37,0.97,5.0,0.0,5.0,42.0,5a495c98-b00c-4007-aeac-501f3ae8e030,,,"Sữa ít béo 1% là sản phẩm sữa ít béo chứa khoảng 1% chất béo sữa tính theo trọng lượng, đạt được thông qua quá trình tách ly tâm sữa nguyên chất. Nó giữ lại hàm lượng protein và canxi hoàn chỉnh của sữa nguyên chất đồng thời cung cấp ít hơn 40% lượng calo và ít chất béo bão hòa hơn, duy trì cơ thể nhẹ nhàng hơn sữa nguyên chất nhưng cảm giác ngon miệng hơn so với các loại không béo. Tùy chọn cân bằng dinh dưỡng này đóng vai trò là cơ sở linh hoạt cho đồ uống, ngũ cốc và các công thức nấu ăn yêu cầu hàm lượng chất béo vừa phải.",75
869f5502-ee28-5e41-8b90-89a76d593a84,,,Sữa yến mạch (Oat Milk),INGREDIENT,48.3,0.8,2.75,5.1,0.0,2.32,42.0,5a495c98-b00c-4007-aeac-501f3ae8e030,,,"Sữa yến mạch là một loại sữa thay thế có nguồn gốc thực vật được làm bằng cách trộn yến mạch đã ngâm với nước và lọc hỗn hợp để tạo ra một loại đồ uống mịn, hơi ngọt. Giàu beta-glucans tự nhiên – chất xơ hòa tan có liên quan đến việc cải thiện sức khỏe tim mạch – nó thường được bổ sung canxi, vitamin D và B12 để phù hợp với thành phần dinh dưỡng của sữa bò. Tùy chọn không chứa hạt này có kết cấu dạng kem tạo bọt tốt, khiến nó trở nên phổ biến trong văn hóa cà phê, mặc dù hàm lượng carbohydrate cao hơn giúp phân biệt nó với các lựa chọn thay thế ít carb hơn như sữa hạnh nhân.",75
7aecc2a7-a106-50e3-bab7-75c0dca2126b,,,Phô mai cheddar (Cheddar Cheese),DISH,407.0,23.67,33.91,1.89,0.0,0.31,649.0,5a495c98-b00c-4007-aeac-501f3ae8e030,,,"Phô mai Cheddar là loại phô mai cứng, tự nhiên có nguồn gốc từ làng Cheddar ở Anh. Nó được làm từ sữa bò và có đặc điểm là kết cấu chắc chắn cũng như nhiều hương vị khác nhau, từ nhẹ đến đậm tùy thuộc vào quá trình lão hóa. Trong quá trình sản xuất, sữa đông được 'cheddared' nhiều lần, một quá trình xếp chồng lên nhau và chuyển sang loại váng sữa, góp phần tạo nên kết cấu và hương vị đặc biệt của nó; nó cũng là một nguồn canxi và protein tốt.",75
4349cfc2-2667-5932-a6de-552c0f416d10,,,"Sữa đậu nành ít béo, không đường (Low Fat Soy Milk, Unsweetened)",INGREDIENT,43.0,1.65,0.62,7.2,0.8,3.5,37.0,5a495c98-b00c-4007-aeac-501f3ae8e030,,,"Sữa đậu nành ít béo, không đường là một loại sữa thay thế có nguồn gốc thực vật được làm bằng cách ngâm, nghiền và lọc đậu nành, với hàm lượng chất béo giảm và không thêm đường. Phiên bản này giữ lại protein thực vật chất lượng cao của đậu nành trong khi cung cấp ít calo và carbohydrate hơn so với các loại có đường và thường được bổ sung canxi, vitamin D và B12. Hương vị trung tính và độ đặc của kem khiến nó phù hợp cho cả đồ uống và nấu ăn, đặc biệt hấp dẫn những người quản lý lượng calo nạp vào hoặc theo chế độ ăn thuần chay, không có lactose hoặc ít đường.",75
c4fc092c-ab9e-5b95-99e5-44d4d7769c09,,,Phô mai provolone (Provolone Cheese),DISH,352.0,25.6,26.62,2.14,0.0,0.56,800.0,5a495c98-b00c-4007-aeac-501f3ae8e030,,,"Provolone là một loại phô mai Ý bán cứng được làm từ sữa bò, được biết đến với kết cấu mịn và hương vị từ nhẹ đến đậm tùy theo độ tuổi. Phô mai này được sản xuất với nhiều hình dạng và kích cỡ khác nhau, từ dạng nhỏ giống quả lê đến dạng hình xúc xích lớn. Provolone thường được thưởng thức trong bánh mì sandwich, tan chảy trong các món nướng hoặc dùng như một phần của bảng pho mát, mang đến một lựa chọn linh hoạt cho cả nấu nướng và ăn vặt.",75
4e074afd-cba3-5ac4-8909-757621de6c89,,,"Phô mai feta, dạng khối (Feta Cheese, Block)",DISH,265.0,14.2,21.5,4.0,0.0,4.0,1140.0,5a495c98-b00c-4007-aeac-501f3ae8e030,,,"Feta là một loại phô mai sữa đông ngâm nước muối có nguồn gốc từ Hy Lạp, theo truyền thống được làm từ sữa cừu hoặc pha trộn với sữa dê. Kết cấu giòn nhưng mịn và hương vị mặn, thơm của nó phát triển qua quá trình ủ tối thiểu 2 tháng trong nước muối, điều này cũng góp phần tạo nên hàm lượng natri cao. Mặc dù có hàm lượng chất béo thấp hơn nhiều loại pho mát lâu năm nhưng feta cung cấp lượng canxi và protein đáng kể và thường được dùng trong món salad, nướng thành bánh ngọt hoặc ăn kèm với các loại rau Địa Trung Hải.",75
10de0bfe-d76b-5d34-ae6a-c6cb65066309,,,Phô mai Grana Padano (Grana Padano Cheese),DISH,380.0,32.0,28.0,0.0,0.0,0.0,600.0,5a495c98-b00c-4007-aeac-501f3ae8e030,,,"Grana Padano là một loại phô mai cứng, dạng hạt có nguồn gốc từ vùng Thung lũng sông Po của Ý. Phô mai này được làm từ sữa bò chưa tiệt trùng và được ủ trong tối thiểu chín tháng, tạo ra kết cấu chắc chắn và hương vị thơm phức, phức hợp với hương vị hấp dẫn. Là một loại phô mai đậm đặc dinh dưỡng, nó cung cấp một nguồn protein và canxi dồi dào, đồng thời độ ẩm thấp hơn góp phần giúp bảo quản được lâu hơn.",75
d4b5be2f-0a90-5719-abdf-df7d5cd09291,,,Sữa sô cô la 1% ít béo (1% Low-fat Chocolate Milk),INGREDIENT,71.0,3.24,1.0,12.6,0.5,9.94,61.0,5a495c98-b00c-4007-aeac-501f3ae8e030,,,"Sữa sô cô la ít béo 1% là đồ uống từ sữa tăng cường chất dinh dưỡng kết hợp sữa ít béo với ca cao và thêm chất làm ngọt. Nó vẫn giữ được lợi ích về protein và canxi của sữa thông thường trong khi chứa ít chất béo hơn 50% so với sữa nguyên chất, nhưng hàm lượng carbohydrate của nó tăng lên đáng kể do đường bổ sung. Thường được bổ sung vitamin A và D, thức uống có đường này được ưa chuộng như một lựa chọn phục hồi sau tập thể dục hoặc thay thế sữa có hương vị, mặc dù hàm lượng đường của nó đòi hỏi phải tiêu thụ một cách thận trọng.",75
c36ec2fd-ffde-58e9-be36-6da4c67a9585,,,Sữa hạt điều (Cashew Milk),INGREDIENT,16.67,0.42,1.25,0.83,0.12,0.42,6.25,5a495c98-b00c-4007-aeac-501f3ae8e030,,,"Sữa hạt điều tại các quán nước ép trái cây là một loại đồ uống có nguồn gốc thực vật tươi được chế biến bằng cách trộn hạt điều thô với nước, đôi khi kết hợp các chất làm ngọt tự nhiên như chà là hoặc cây thùa. Loại sữa thay thế tự làm này dùng làm lớp nền kem cho bát sinh tố và đồ uống pha trộn, cung cấp chất béo không bão hòa lành mạnh và hương vị hạt dẻ tinh tế. Hàm lượng dinh dưỡng thay đổi đáng kể dựa trên các thành phần bổ sung, khiến nó trở thành một thành phần linh hoạt trong cả các thực đơn giàu protein và trái cây.",75
176212ec-a939-5c97-b86e-6feeac0dc7b0,,,Phô mai tươi 1% ít béo (1% Low-fat Cottage Cheese),DISH,72.0,12.4,1.02,2.72,0.0,2.72,406.0,5a495c98-b00c-4007-aeac-501f3ae8e030,,,"Phô mai tươi ít béo 1% là một sản phẩm sữa tươi được làm từ sữa gầy lên men, đặc trưng bởi các khối sữa đông mềm, vón cục lơ lửng trong chất lỏng nhẹ, hơi thơm. Phiên bản này chứa 1% chất béo sữa trong khi vẫn duy trì hàm lượng protein cao đặc trưng của phô mai tươi, cung cấp khoảng 12-15 gam cho mỗi nửa cốc khẩu phần cùng với lượng canxi đáng kể. Công thức giảm chất béo cung cấp một giải pháp thay thế nhẹ hơn cho phô mai tươi truyền thống trong khi vẫn duy trì công dụng linh hoạt của nó trong cả ứng dụng ngọt (kết hợp với trái cây) và mặn (thêm vào món salad hoặc bánh mì nướng).",75
65466be5-0834-57b7-a6b6-1f59af237a46,,,Phô mai tươi sữa đông lớn (Large Curd Cottage Cheese),DISH,105.0,12.0,4.5,3.5,0.0,3.0,400.0,5a495c98-b00c-4007-aeac-501f3ae8e030,,,"Phô mai sữa đông lớn là một sản phẩm sữa tươi có đặc điểm là sữa đông mềm, có hình dạng không đều và kết cấu dạng kem. Được làm bằng rennet để tạo ra các loại sữa đông mềm, đặc biệt, nó cung cấp protein casein chất lượng cao hỗ trợ quá trình phục hồi cơ bền vững, cùng với canxi và phốt pho. Hương vị nhẹ, hơi thơm và hàm lượng lactose thấp hơn so với pho mát lâu năm khiến nó trở thành sự lựa chọn linh hoạt cho cả món ngọt và món mặn, thường kết hợp với trái cây hoặc dùng làm lớp phủ giàu protein.",75
69be7e41-d0d1-5501-8c29-be14052408ea,,,Phô mai tươi sữa đông nhỏ (Small Curd Cottage Cheese),DISH,103.0,11.6,4.22,4.6,0.0,2.67,333.0,5a495c98-b00c-4007-aeac-501f3ae8e030,,,"Phô mai sữa đông nhỏ là một sản phẩm sữa tươi, chưa qua ủ, có đặc điểm là sữa đông dạng hạt, ẩm và hương vị nhẹ, hơi thơm. Được làm bằng sữa tiệt trùng đông tụ, nó chứa ít chất béo hơn so với các loại sữa đông lớn và cung cấp nguồn protein chất lượng cao cùng với canxi và phốt pho. Sữa đông nhỏ, mềm giữ lại nhiều váng sữa hơn, tạo ra kết cấu dạng kem lý tưởng để kết hợp với trái cây, thêm vào món salad hoặc kết hợp vào các bữa ăn ít chất béo, giàu protein.",75
a69f083a-bb9d-5ec7-ae1b-a1af56673354,,,Sữa đậu nành hương vani (Vanilla Flavored Soy Milk),INGREDIENT,53.0,2.47,1.65,7.82,0.4,6.58,58.0,5a495c98-b00c-4007-aeac-501f3ae8e030,,,"Sữa đậu nành hương vani là một loại đồ uống có vị ngọt làm từ thực vật được làm từ đậu nành xay ngâm, trộn với chiết xuất vani và các chất làm ngọt như đường mía hoặc xi-rô. Sản phẩm thay thế sữa tăng cường này vẫn giữ được protein tự nhiên và isoflavone của đậu nành đồng thời mang lại kết cấu dạng kem và hương vị giống món tráng miệng khác biệt với sữa đậu nành thông thường. Mặc dù không chứa lactose và phù hợp với chế độ ăn thuần chay, nhưng lượng đường bổ sung của nó giúp phân biệt nó về mặt dinh dưỡng với các loại không đường, khiến việc nhận thức về khẩu phần ăn trở nên quan trọng đối với những người dùng quan tâm đến lượng calo.",75
97a96b7b-37bf-563e-b5b5-79508bd62c1e,,,Parfait sữa chua nguyên chất với granola (Whole Milk Yogurt Parfait with Granola),DISH,225.0,11.0,6.0,27.5,2.0,9.0,70.0,5a495c98-b00c-4007-aeac-501f3ae8e030,,,"Parfait sữa chua nguyên chất với granola là món tráng miệng hoặc món ăn sáng nhiều lớp kết hợp sữa chua ngọt dạng kem với granola giòn và trái cây tươi. Cơ sở sữa nguyên chất cung cấp đáng kể canxi và protein, trong khi granola làm từ yến mạch cung cấp carbohydrate phức tạp và chất xơ. Mặc dù được cân bằng dinh dưỡng về các chất dinh dưỡng đa lượng, nhưng các phiên bản thương mại thường chứa lượng đường bổ sung đáng kể trong cả thành phần sữa chua và granola. Các tùy chỉnh thường bao gồm các biến thể trong lựa chọn trái cây, bổ sung các loại hạt hoặc thay thế cho các lựa chọn thay thế ít đường hơn.",75
389d173e-73dc-5855-94b0-19c6d4451745,,,Sữa đậu nành bổ sung protein (Added Protein Soy Milk),INGREDIENT,54.0,5.0,2.0,4.0,0.6,2.7,50.0,5a495c98-b00c-4007-aeac-501f3ae8e030,,,"Sữa đậu nành bổ sung protein là một loại đồ uống có nguồn gốc thực vật tăng cường, kết hợp sữa đậu nành truyền thống với protein đậu nành cô đặc hoặc protein đậu để cung cấp 10-15 gram protein mỗi khẩu phần. Phiên bản nâng cao này phù hợp với hàm lượng protein của sữa bò trong khi vẫn không chứa lactose và thân thiện với người ăn chay, cung cấp tất cả chín axit amin thiết yếu để hỗ trợ cơ bắp. Kết cấu mịn, dày hơn một chút khiến nó trở nên lý tưởng cho các món lắc, ngũ cốc hoặc nấu ăn sau khi tập luyện cần lượng protein cao hơn mà không có sản phẩm động vật.",75
e6d63246-33c1-5899-b438-b40b705af283,,,Phô mai kem ít béo (Low-Fat Cream Cheese),DISH,208.0,7.85,16.7,6.73,0.0,3.3,317.0,5a495c98-b00c-4007-aeac-501f3ae8e030,,,"Phô mai kem ít béo là một loại bơ sữa ít béo được tạo ra bằng cách thay thế kem bằng sữa gầy và kết hợp các chất ổn định như carrageenan để duy trì cấu trúc. Nó vẫn giữ được vị đặc trưng của phô mai kem truyền thống nhưng có kết cấu ít kem hơn, hơi dẻo hơn và ít chất béo và calo hơn 50-75%. Mặc dù thích hợp để phết và nướng nhẹ, nhưng thành phần thay đổi của nó có thể không mang lại độ đậm đà cho các món nấu chín như các phiên bản đầy đủ chất béo.",75
efdef721-88c8-517f-b0b4-393ef449fa77,,,"Sốt phô mai xanh, dạng sệt (Blue Cheese Dressing, Chunky)",DISH,512.19,4.8,52.3,7.4,0.0,7.7,1094.0,5a495c98-b00c-4007-aeac-501f3ae8e030,,,"Sốt phô mai xanh Chunky là một loại gia vị dạng kem bao gồm những miếng phô mai xanh lâu năm có thể nhìn thấy được lơ lửng trên nền sốt mayonnaise, bơ sữa và kem chua đậm đà. Loại nước sốt có hàm lượng calo cao này được phân biệt với các loại nước sốt mịn bởi những miếng phô mai xanh thơm đặc trưng, ​​mang lại cả kết cấu và hương vị đậm đà. Thường được phục vụ với cánh trâu và salad, loại nước sốt đậm đà này cũng có chức năng như một loại nước chấm có hương vị cho rau sống.",75
83863339-2aaf-5277-8094-af90ae5e15b3,,,Phô mai Mỹ ít béo (Low-fat American Cheese),DISH,180.0,24.6,7.0,3.5,0.0,0.59,1790.0,5a495c98-b00c-4007-aeac-501f3ae8e030,,,"Phô mai Mỹ ít béo là một sản phẩm sữa chế biến làm giảm hàm lượng chất béo bằng cách sử dụng sữa gầy và protein sữa cô đặc thay vì sữa nguyên chất. Trong khi vẫn duy trì hương vị nhẹ và đặc tính tan chảy mịn đặc trưng của phô mai truyền thống của Mỹ, phiên bản này chứa ít chất béo hơn khoảng 30-50% nhưng thường bù lại bằng việc bổ sung thêm natri và chất ổn định. Nó cung cấp một nguồn canxi và protein đậm đặc đồng thời thu hút các chế độ ăn kiêng hạn chế calo, mặc dù bản chất đã qua chế biến của nó có thể khiến những người ưu tiên nguyên liệu thực phẩm nguyên chất lo ngại.",75
c353e0f1-d107-54dd-b3e1-c1c1f9d143c2,,,Lòng đỏ trứng (Egg Yolk),INGREDIENT,322.0,15.9,26.5,3.59,0.0,0.56,55.0,5a495c98-b00c-4007-aeac-501f3ae8e030,,,"Lòng đỏ trứng là phần màu vàng đậm đặc chất dinh dưỡng của trứng gà, chứa gần như toàn bộ vitamin và khoáng chất hòa tan trong chất béo của trứng. Nó cung cấp cholesterol đáng kể cùng với các chất dinh dưỡng thiết yếu như choline cho chức năng não và vitamin D cho sức khỏe của xương, trong khi kết cấu nhớt của nó hoạt động như một chất nhũ hóa tự nhiên trong nước sốt và sữa trứng. Mặc dù trước đây đã được xem xét kỹ lưỡng về hàm lượng cholesterol, nhưng nghiên cứu dinh dưỡng hiện tại vẫn công nhận lòng đỏ là nguồn cung cấp chất dinh dưỡng sinh học có thể phù hợp với chế độ ăn uống cân bằng khi tiêu thụ vừa phải.",75
a00a4f48-d311-5b8a-844b-a64e109815fe,,,Phô mai Mỹ giảm natri (Reduced Sodium American Cheese),DISH,376.0,22.2,31.2,1.6,0.0,0.45,7.0,5a495c98-b00c-4007-aeac-501f3ae8e030,,,"Phô mai Mỹ giảm natri là một sản phẩm sữa chế biến có công thức chứa ít muối hơn ít nhất 25% so với phô mai truyền thống của Mỹ trong khi vẫn duy trì kết cấu kem đặc trưng và đặc tính tan chảy. Được làm bằng cách trộn các loại phô mai tự nhiên với chất nhũ hóa và chất béo sữa, loại phô mai này mang lại hương vị nhẹ nhàng hơn và vẫn là lựa chọn phổ biến cho bánh mì sandwich và bánh mì kẹp thịt. Mặc dù có hàm lượng natri thấp hơn nhưng nó vẫn giữ được hàm lượng canxi và lượng chất béo bão hòa tương tự như phô mai chế biến thông thường, khiến việc kiểm soát khẩu phần trở nên quan trọng đối với chế độ ăn có lợi cho tim.",75
b325a876-eece-58d1-8af1-715eb7ce55f5,,,Nước cốt dừa nhẹ (Light Coconut Milk),INGREDIENT,68.83,0.6,7.1,0.9,0.0,0.9,15.0,5a495c98-b00c-4007-aeac-501f3ae8e030,,,"Nước cốt dừa nhẹ là phiên bản ít béo của nước cốt dừa truyền thống, được tạo ra bằng cách pha loãng kem dừa với nước mà vẫn giữ được kết cấu kem đặc trưng và hương vị nhiệt đới tinh tế. Loại thay thế không chứa sữa không đường này chứa ít chất béo hơn khoảng 50% so với nước cốt dừa thông thường, khiến nó trở thành lựa chọn phổ biến cho các món cà ri, súp và sinh tố yêu cầu hương vị dừa với ít calo hơn. Không giống như nước dừa, nó duy trì cảm giác ngon miệng nhờ hàm lượng chất béo dừa trong khi vẫn phù hợp với chế độ ăn thuần chay và không có đường sữa.",75
79403c00-0ff0-5ab5-85b7-0d032a2547fd,,,Phô mai Jarlsberg (Jarlsberg Cheese),DISH,357.0,25.0,29.0,1.0,0.0,1.0,643.0,5a495c98-b00c-4007-aeac-501f3ae8e030,,,"Jarlsberg là loại phô mai sữa bò bán cứng có nguồn gốc từ Na Uy, dễ dàng nhận biết nhờ những lỗ to đặc trưng. Phô mai này có hương vị nhẹ, hấp dẫn và hơi ngọt và trở nên rõ rệt hơn theo tuổi tác. Các lỗ độc đáo được hình thành trong quá trình làm phô mai bởi vi khuẩn axit propionic, điều này cũng góp phần tạo nên hương vị đặc biệt và kết cấu mịn, dẻo của phô mai.",75
d9ffa8d6-f4ec-5506-80df-4ccd3a9881ce,,,Phô mai dê (Goat Cheese),DISH,264.0,18.52,21.08,0.0,0.0,0.0,459.0,5a495c98-b00c-4007-aeac-501f3ae8e030,,,"Phô mai dê, còn được gọi là chèvre, là một loại phô mai làm từ sữa dê, mang lại hương vị thơm và hơi đất. Kết cấu của phô mai dê rất khác nhau, từ mềm và dễ phết đến cứng và giòn, tùy thuộc vào quá trình ủ. Nó là một nguồn cung cấp protein và canxi tốt, đồng thời thường dễ tiêu hóa hơn phô mai làm từ sữa bò do sự khác biệt về thành phần chất béo và protein.",75
f4242490-960d-5c6a-a8f9-bed1c591beea,,,Sữa sô cô la có đường không béo (Nonfat Sweetened Chocolate Milk),INGREDIENT,59.39,3.55,0.5,10.1,0.5,9.28,41.05,5a495c98-b00c-4007-aeac-501f3ae8e030,,,"Sữa sô cô la có đường không béo là một loại đồ uống từ sữa có hương vị được làm bằng cách thêm đường và ca cao vào sữa gầy, giữ lại protein và canxi của sữa nguyên chất đồng thời loại bỏ chất béo. Phiên bản này chứa lượng đường bổ sung nhiều hơn đáng kể so với các loại không đường, tạo ra hương vị ngọt ngào giống sô cô la với độ đặc loãng hơn so với sữa sô cô la đầy đủ chất béo. Nó thường được tiêu thụ như một thức uống phục hồi sau tập thể dục hoặc đồ ngọt, cung cấp năng lượng nhanh chóng nhưng cần kiểm soát khẩu phần ăn một cách cẩn thận do hàm lượng đường cao.",75
6ef0f0bb-bfd8-5442-b690-7fe3af39fd18,,,Phô mai provolone truyền thống (Traditional Provolone Cheese),DISH,352.0,25.6,26.6,2.14,0.0,0.56,727.0,5a495c98-b00c-4007-aeac-501f3ae8e030,,,"Provolone truyền thống là một loại phô mai bán cứng của Ý được làm bằng phương pháp mì ống filata, trong đó sữa đông nóng được nhào và kéo căng để tạo ra kết cấu mịn, đàn hồi đặc trưng. Được ủ từ hai tháng (giống Dolce) đến hơn một năm (Piccante), hương vị của nó phát triển từ nhẹ và béo đến đậm đà và có khói, với nhiều phiên bản trải qua quá trình hun khói để tăng thêm độ phức tạp. Phô mai giàu protein này cung cấp hàm lượng canxi đáng kể và tan chảy hiệu quả, lý tưởng cho bánh mì sandwich, các món nướng và đĩa khai vị đồng thời mang lại độ đặc sệt hơn so với phô mai mozzarella tươi.",75
64035395-ff1b-52d2-b1bb-fa45d8ac7b6e,,,Phô mai Havarti (Havarti Cheese),DISH,340.34,24.5,26.8,0.0,0.0,0.0,755.0,5a495c98-b00c-4007-aeac-501f3ae8e030,,,"Havarti là một loại phô mai sữa bò hơi mềm có nguồn gốc từ Đan Mạch, nổi tiếng với kết cấu kem mịn và hương vị bơ nhẹ. Khi để lâu, havarti phát triển hương vị rõ rệt hơn một chút với các nốt axit tinh tế, trong khi vẫn duy trì khả năng tan chảy đặc trưng của nó. Loại phô mai đa năng này rất thích hợp để cắt, nướng hoặc nấu chảy trong bánh mì sandwich và gratin, đồng thời nó kết hợp tốt với nhiều loại trái cây và rượu vang.",75
a679b9e9-a17a-53a3-a53e-68d7b7dd7cf4,,,Sữa khô không béo (Nonfat Dry Milk),INGREDIENT,358.0,35.1,0.72,52.2,0.0,52.2,549.0,5a495c98-b00c-4007-aeac-501f3ae8e030,,,"Sữa khô không béo là một sản phẩm sữa dạng bột được tạo ra bằng cách loại bỏ cả nước và chất béo khỏi sữa gầy đã tiệt trùng, tạo ra thành phần ổn định với các chất dinh dưỡng đậm đặc. Nó giữ lại gần như toàn bộ protein và canxi của sữa tươi trong khi lượng calo thấp hơn đáng kể, thường được pha lại với nước hoặc sử dụng trực tiếp trong làm bánh và nấu ăn. Loại bột đa năng này đóng vai trò như một giải pháp thay thế thiết thực cho sữa nước trong sản xuất thực phẩm và nhà bếp gia đình, đặc biệt được đánh giá cao nhờ thời gian bảo quản lâu dài và thành phần dinh dưỡng ổn định.",75
144a1520-3cb6-536d-9686-73db823ecb37,,,Sữa dê (Goat Milk),INGREDIENT,69.0,3.56,4.14,4.45,0.0,4.45,50.0,5a495c98-b00c-4007-aeac-501f3ae8e030,,,"Sữa dê là một sản phẩm sữa giàu dinh dưỡng được biết đến với khả năng tiêu hóa dễ dàng hơn so với sữa bò do các hạt chất béo nhỏ hơn và cấu trúc protein khác (chủ yếu là A2 beta-casein). Loại sữa thay thế này chứa ít lactose hơn sữa bò một chút trong khi vẫn cung cấp hàm lượng canxi tương đương và lượng axit béo chuỗi trung bình cao hơn. Hương vị đất đặc trưng và kết cấu kem khiến nó trở nên phổ biến trong các loại pho mát thủ công và các sản phẩm lên men như sữa chua, mặc dù nó ngày càng được những người nhạy cảm với sữa bò tiêu thụ như một loại đồ uống.",75
3606c23b-7177-5681-8e00-fe23d33f631e,,,Phô mai Gorgonzola (Gorgonzola Cheese),DISH,353.0,21.4,28.74,2.34,0.0,0.0,1000.0,5a495c98-b00c-4007-aeac-501f3ae8e030,,,"Gorgonzola là một loại phô mai xanh đặc biệt của Ý được làm từ sữa bò, đặc trưng bởi đường gân màu xanh lam và chỉ định tình trạng xuất xứ được bảo vệ. Phô mai này có hai loại chính: Dolce trẻ hơn, béo hơn và Piccante lâu đời hơn, có hương vị đậm đà hơn, cả hai đều có hương vị đậm đà, thơm. Khuôn màu xanh tự nhiên của phô mai mang lại hương vị phức hợp từ nhẹ đến đậm, khiến nó trở thành nguyên liệu được đánh giá cao trong cả cách nấu ăn và làm pho mát.",75
d7cfd19b-616d-5c31-b66a-f8c86243cc67,,,Trứng nướng (Baked Egg),DISH,196.0,13.2,15.7,0.9,0.0,0.9,368.0,5a495c98-b00c-4007-aeac-501f3ae8e030,,,"Trứng nướng là toàn bộ quả trứng được nấu chín nhẹ nhàng trong lò, thường là trong khuôn ramekin hoặc đĩa nướng, tạo ra lòng trắng đặc và lòng đỏ dạng kem mà không cần thêm chất béo nấu ăn. Phương pháp chế biến này bảo toàn hàm lượng protein chất lượng cao tự nhiên của trứng đồng thời tránh sử dụng dầu hoặc bơ thường dùng khi chiên. Thường được phục vụ như một phần của các món ăn nửa buổi hoặc bát ngũ cốc, trứng nướng có thể được tăng cường với các loại thảo mộc, rau hoặc sữa để tăng thêm hương vị phức tạp.",75
c921a8fe-bdeb-5272-a363-d7dd845ef47a,,,Parfait sữa chua ngọt nguyên chất với trái cây (Full Fat Sweetened Yogurt Parfait with Fruit),DISH,207.0,7.0,5.6,32.4,2.5,22.0,70.0,5a495c98-b00c-4007-aeac-501f3ae8e030,,,"Sữa chua ngọt có đường đầy đủ chất béo Parfait với trái cây là một món tráng miệng hoặc món ăn nhẹ nhiều lớp kết hợp sữa chua nguyên chất có đường với trái cây và thường là granola hoặc lớp phủ giòn. Cơ sở sữa chua đầy đủ chất béo cung cấp kết cấu kem đậm đà và hàm lượng canxi tự nhiên, trong khi chất làm ngọt được thêm vào (thường có trong cả sữa chua và trái cây bảo quản) làm tăng đáng kể hàm lượng đường so với các phiên bản không đường. Mặc dù cung cấp protein và các chất dinh dưỡng tiềm năng có nguồn gốc từ trái cây, nhưng mật độ calo và đường bổ sung của nó khiến việc nhận thức về khẩu phần ăn trở nên quan trọng trong việc theo dõi dinh dưỡng.",75
acfd7a65-c5d3-54f5-9ec4-0faa71664741,,,Sữa đậu nành không béo (Nonfat Soy Milk),INGREDIENT,28.0,2.47,0.04,4.14,0.2,3.65,57.0,5a495c98-b00c-4007-aeac-501f3ae8e030,,,"Sữa đậu nành không béo là một loại sữa thay thế có nguồn gốc thực vật được làm bằng cách ngâm, nghiền và lọc đậu nành, loại bỏ tất cả chất béo tự nhiên trong quá trình chế biến. Phiên bản không đường này cung cấp một lựa chọn giàu protein, ít calo, chứa gần 7 gam protein mỗi cốc — vượt qua hầu hết các loại sữa làm từ hạt — trong khi vẫn không thêm đường. Thường được bổ sung canxi và vitamin D, nó đóng vai trò như một loại thực phẩm chủ yếu không chứa lactose trong chế độ ăn thuần chay và dành cho những người quản lý lượng calo hoặc chất béo bão hòa.",75
f75adddf-0b93-55d6-9963-b9daa9ab93de,,,Phô mai cheddar ủ lâu năm (Aged Cheddar Cheese),DISH,406.0,24.6,33.6,1.33,0.0,0.3,661.0,5a495c98-b00c-4007-aeac-501f3ae8e030,,,"Phô mai cheddar ủ lâu năm là một sản phẩm sữa có hương vị đậm đà, sắc nét được sản xuất bằng cách ủ phô mai cheddar truyền thống trong 12 tháng đến vài năm. Quá trình lão hóa kéo dài giúp cô đặc hương vị đậm đà, thơm và tạo ra kết cấu chắc, vụn đồng thời giảm hàm lượng lactose, giúp một số người nhạy cảm dễ dung nạp hơn. Loại phô mai này cung cấp hàm lượng protein và canxi cao trong mỗi khẩu phần, đồng thời cấu hình chắc chắn của nó cho phép nó nổi bật trên các tấm pho mát hoặc các món ăn tan chảy mà phô mai cheddar non có thể bị áp đảo.",75
c91ecbd9-3fbc-5782-9982-97d9bfe891b4,,,Sữa A2 (A2 Milk),INGREDIENT,66.0,3.3,3.75,5.0,0.0,5.0,54.0,5a495c98-b00c-4007-aeac-501f3ae8e030,,,"Sữa A2 là loại sữa bò chứa protein beta-casein A2 độc quyền, có nguồn gốc từ bò được lai tạo đặc biệt để loại bỏ biến thể protein A1 có trong sữa thông thường. Sản phẩm này đặc biệt thu hút những người tiêu dùng cảm thấy khó chịu với sữa thông thường, vì một số nghiên cứu cho thấy protein A2 có thể dễ tiêu hóa hơn đối với những người nhạy cảm với A1 beta-casein. Mặc dù về mặt dinh dưỡng tương tự như sữa tiêu chuẩn về lượng calo và hàm lượng lactose, nhưng nó cung cấp một giải pháp thay thế cho những cá nhân khám phá các phản ứng tiêu hóa dành riêng cho protein mà không chứa lactose.",75
22958194-5d6d-5144-ad63-f983440c8ee0,,,Phô mai Thụy Sĩ (Swiss Cheese),DISH,390.0,27.0,31.0,1.44,0.0,0.0,186.0,5a495c98-b00c-4007-aeac-501f3ae8e030,,,"Phô mai Thụy Sĩ là một sản phẩm sữa bán cứng có nguồn gốc từ Thụy Sĩ, được nhận biết bởi các lỗ đặc trưng ('mắt') được tạo ra do giải phóng carbon dioxide trong quá trình lên men vi khuẩn. Nó có hương vị nhẹ, hấp dẫn và kết cấu mịn, phát triển độ kết tinh nhẹ khi lão hóa, cung cấp canxi và protein đáng kể với lượng chất béo ít hơn 25-30% so với nhiều loại phô mai cứng. Theo truyền thống được sử dụng trong bánh mì sandwich và nước xốt, quá trình lão hóa kéo dài của nó giúp tăng cường độ phức tạp của hương vị đồng thời giảm hàm lượng lactose, cải thiện khả năng tiêu hóa cho những người nhạy cảm.",75
ae43083e-03d3-51de-bcfa-cdf8ed1d0711,,,Phô mai que (Cheese Sticks),DISH,324.0,13.6,17.9,27.2,1.6,2.83,1010.0,5a495c98-b00c-4007-aeac-501f3ae8e030,,,"Phô mai que là món ăn nhẹ tẩm bột, chiên giòn thường được làm từ phô mai mozzarella có độ ẩm thấp, tạo nên lớp ngoài giòn và lớp bên trong nóng chảy khi nấu chín. Mặc dù cung cấp nguồn protein và canxi tốt nhưng thành phần dinh dưỡng của chúng bị ảnh hưởng bởi quá trình chiên, dẫn đến hàm lượng chất béo bão hòa và natri cao hơn so với phô mai thông thường. Thường được phục vụ như món khai vị với nước sốt marinara, những món ăn nhẹ phổ biến ở quán bar này có thể sử dụng các phương pháp chuẩn bị bánh mì hoặc nướng bánh không chứa gluten để điều chỉnh chế độ ăn uống.",75
b79da757-20d0-5c90-a9fb-bf1e3e203744,,,Kem chua không béo (Fat Free Sour Cream),DISH,74.0,3.1,0.0,15.6,0.0,0.39,141.0,5a495c98-b00c-4007-aeac-501f3ae8e030,,,"Kem chua không béo là một sản phẩm sữa được nuôi cấy bằng sữa gầy thay vì kem, đạt được hương vị thơm đặc trưng mà không có hàm lượng chất béo như kem chua truyền thống. Để bù đắp cho lượng chất béo đã giảm đi, các chất ổn định như guar gum hoặc bột ngô thường được thêm vào để mô phỏng kết cấu kem đặc của kem chua thông thường. Mặc dù lượng calo và chất béo bão hòa thấp hơn đáng kể nhưng nó có thể tách ra dễ dàng hơn khi đun nóng, khiến nó phù hợp hơn với các ứng dụng nguội như nước chấm hoặc lớp phủ hơn là dùng để nướng.",75
69228206-5b57-54da-a407-c978fc32d314,,,Phô mai tỏi phết (Garlic Cheese Spread),INGREDIENT,321.0,14.3,25.0,17.9,0.0,17.9,714.0,5a495c98-b00c-4007-aeac-501f3ae8e030,,,"Phô mai tỏi phết là một sản phẩm sữa thơm ngon, có thể pha trộn, kết hợp phô mai mềm (thường là phô mai kem) với tỏi xay nhuyễn và thường là các loại thảo mộc như hẹ hoặc rau mùi tây. Kết cấu kem béo ngậy và hương vị cay nồng khiến nó trở thành lựa chọn phổ biến để tăng cường vị cho bánh mì sandwich, bánh quy giòn và nước chấm rau củ, mặc dù nó chứa đáng kể chất béo bão hòa và natri trong mỗi khẩu phần. Không giống như phô mai kem thông thường, món phết này ưu tiên gia vị đậm đà trong khi vẫn thân thiện với người ăn chay, mặc dù nó thường chứa sữa và không phù hợp với chế độ ăn thuần chay.",75
0e984476-4782-537d-8cba-566a4df23173,,,Sữa cô đặc (Evaporated Milk),INGREDIENT,137.0,7.2,7.9,10.0,0.0,10.0,105.0,5a495c98-b00c-4007-aeac-501f3ae8e030,,,"Sữa cô đặc là một sản phẩm sữa đóng hộp có thời hạn sử dụng ổn định được tạo ra bằng cách loại bỏ khoảng 60% lượng nước khỏi sữa tươi thông qua quá trình đun nóng chậm. Quá trình cô đặc này mang lại cho nó hương vị hơi caramen và kết cấu đậm đà hơn sữa thông thường, đồng thời duy trì mức protein và canxi tương đương ở dạng đậm đặc chất dinh dưỡng hơn. Không giống như sữa đặc có đường, nó không chứa thêm đường, khiến nó trở thành nguyên liệu linh hoạt cho cả các món mặn như súp kem lẫn các món ngọt như sữa trứng và kem cà phê.",75
002a40df-380b-5cf3-86ed-c4431f62f14e,,,Phô mai nhúng (Cheese Dip),DISH,143.0,3.14,9.51,11.1,0.7,1.95,796.0,5a495c98-b00c-4007-aeac-501f3ae8e030,,,"Phô mai nhúng là một loại gia vị mịn, dạng kem được làm chủ yếu từ phô mai tan chảy trộn với các thành phần từ sữa như sữa, kem hoặc kem chua. Loại nước sốt đa năng này duy trì độ đặc có thể rót được, lý tưởng để phủ khoai tây chiên, rau hoặc thịt và đặc biệt nổi bật trong ẩm thực Tex-Mex. Trong khi các phiên bản truyền thống nhấn mạnh hương vị phô mai tự nhiên, nhiều loại phô mai thương mại có bổ sung natri và chất ổn định để nâng cao độ ổn định khi bảo quản, dẫn đến hàm lượng chất béo bão hòa và natri trên mỗi khẩu phần cao hơn so với phô mai đặc.",75
23b0c219-cbcf-529c-a7cd-756217712c63,,,Phô mai Monterey Jack ủ lâu năm (Aged Monterey Jack Cheese),DISH,393.0,25.0,32.0,4.0,0.0,2.0,607.0,5a495c98-b00c-4007-aeac-501f3ae8e030,,,"Aged Monterey Jack là loại phô mai bán cứng có nguồn gốc từ California, phát triển độ phức hợp hương vị đậm đà hơn thông qua quá trình ủ kéo dài (thường là hơn 6 tháng). Quá trình này tạo ra kết cấu tinh thể, chắc chắn hơn so với Monterey Jack trẻ hơn, đồng thời tập trung hàm lượng protein và canxi. Phô mai vẫn giữ được vị dịu nhẹ đặc trưng của loại phô mai này nhưng có vị béo ngậy, caramen với một chút vị cay tinh tế, khiến nó phù hợp để nướng trên các món ăn hoặc phục vụ trên thớt charcuterie. Hàm lượng lactose thấp hơn do quá trình lão hóa hấp dẫn những người có độ nhạy cảm nhẹ với sữa.",75
0a5de321-d754-5bcd-9f39-793bf35a38fc,,,Sữa nguyên chất Kefir (Whole Milk Kefir),INGREDIENT,65.0,3.8,3.3,5.0,0.0,4.8,50.0,5a495c98-b00c-4007-aeac-501f3ae8e030,,,"Sữa nguyên chất kefir là một loại đồ uống từ sữa được nuôi cấy bằng cách lên men sữa nguyên chất béo với hạt kefir, tạo ra kết cấu dạng kem và hương vị thơm, hơi sủi bọt. Thức uống probiotic không đường này cung cấp protein động vật hoàn chỉnh và các chủng vi sinh vật đa dạng hỗ trợ sức khỏe đường ruột, đồng thời cung cấp vitamin D và K2 hòa tan trong chất béo tự nhiên từ sữa nguyên chất. Quá trình lên men kéo dài phá vỡ đáng kể đường lactose, khiến sữa dễ tiêu hóa hơn sữa thông thường đối với nhiều người nhạy cảm với đường sữa.",75
fdf36b49-adc8-5890-a85a-2bd9b22835f6,,,Phô mai kem hẹ (Chive Cream Cheese),DISH,322.0,6.5,29.0,9.7,0.0,9.7,387.0,5a495c98-b00c-4007-aeac-501f3ae8e030,,,"Phô mai kem hẹ là một loại phô mai thơm ngon được pha trộn giữa phô mai kem mịn, nhẹ với hẹ tươi để tạo ra hương vị tinh tế giống như hành tây. Biến thể tẩm thảo dược này duy trì kết cấu dễ phết và hàm lượng protein ban đầu của phô mai kem truyền thống đồng thời bổ sung thêm hương thơm phức tạp. Nó phục vụ như một lớp phủ bánh mì tròn phổ biến, đế nhúng rau hoặc chất tăng cường bánh sandwich, cung cấp một giải pháp thay thế ít natri hơn cho nhiều loại phết gia vị.",75
6131b776-a098-5e88-b4f2-a71335cc808f,,,Nước chấm Ranch từ sữa chua (Yogurt-Based Ranch Dip),DISH,143.0,7.1,7.1,12.5,0.5,6.0,679.0,5a495c98-b00c-4007-aeac-501f3ae8e030,,,"Ranch Dip làm từ sữa chua là một cách làm hiện đại theo cách làm nước sốt cổ điển của Mỹ, thay thế sữa chua lên men bằng sốt mayonnaise hoặc kem chua truyền thống để tạo ra một loại gia vị nhẹ hơn. Phiên bản này duy trì hương vị thảo mộc-tỏi đặc trưng của trang trại đồng thời cung cấp hàm lượng protein nâng cao và các nền văn hóa sống hoạt động từ cơ sở sữa chua. Kết cấu dạng kem và vị thơm của nó khiến nó trở thành lựa chọn phổ biến để chấm rau sống hoặc làm lớp phủ đầy hương vị cho món salad và món cuốn, giúp giảm chất béo và calo so với các chế phẩm trang trại tiêu chuẩn.",75
370b538b-4a55-5095-be96-e6e7d0f8b0b8,,,Sữa cô đặc nguyên chất (Whole Evaporated Milk),INGREDIENT,134.0,6.81,7.8,10.0,0.0,10.0,106.0,5a495c98-b00c-4007-aeac-501f3ae8e030,,,"Sữa cô đặc nguyên chất là một sản phẩm sữa có thời hạn sử dụng ổn định được tạo ra bằng cách loại bỏ khoảng 60% nước khỏi sữa bò tươi, sau đó khử trùng và đóng hộp. Quá trình này tập trung cả chất dinh dưỡng và kết cấu kem, cung cấp lượng protein và canxi trên mỗi khẩu phần cao hơn so với sữa thông thường. Không giống như sữa đặc có đường, nó không chứa thêm đường, lý tưởng để làm phong phú thêm các món súp, nước sốt và món nướng mà không bị ngọt quá mức. Quá trình caramen hóa nhẹ nhàng trong quá trình chế biến mang lại hương vị nướng tinh tế giúp tăng cường cả công thức nấu ăn ngọt và mặn.",75
18cb995d-fdfb-568e-8434-32a0470e6365,,,Phô mai provolone hun khói (Smoked Provolone Cheese),DISH,348.0,26.1,26.1,0.5,0.0,0.5,869.6,5a495c98-b00c-4007-aeac-501f3ae8e030,,,"Provolone hun khói là một loại pho mát Ý bán cứng được phân biệt bởi vỏ màu nâu vàng và hương khói đậm đà, đạt được nhờ kỹ thuật hun khói gỗ tự nhiên. Phô mai sữa bò ủ lâu năm này có kết cấu chắc nhưng dẻo với vị hạt dẻ, hơi sắc, đồng thời cung cấp hàm lượng protein và canxi cao cùng với lượng natri vừa phải từ quá trình ngâm nước muối. Hương vị đậm đà và đặc tính tan chảy tuyệt vời của nó khiến nó trở nên lý tưởng cho bánh mì sandwich, món nướng và bánh charcuterie, đồng thời quá trình lão hóa làm giảm hàm lượng lactose để tiêu hóa dễ dàng hơn so với phô mai tươi.",75
c9372af4-6e6b-52ed-9449-c60e68b2c6e9,,,Phô mai kem không chứa lactose (Lactose-Free Cream Cheese),DISH,300.0,3.33,33.33,3.33,0.0,3.33,1100.0,5a495c98-b00c-4007-aeac-501f3ae8e030,,,"Phô mai kem không chứa Lactose là một loại kem phết làm từ sữa được thiết kế dành cho những người không dung nạp lactose, được tạo ra bằng cách xử lý phô mai kem thông thường bằng enzyme lactase để phân hủy đường sữa. Nó vẫn giữ được kết cấu mịn, dễ phết đặc trưng và vị nhẹ của phô mai kem truyền thống đồng thời cung cấp hàm lượng protein và canxi tương đương. Giải pháp thay thế này được sử dụng rộng rãi trong các món nướng, món chấm và bữa sáng, cung cấp một lựa chọn dễ tiêu hóa cho những người tránh đường lactose mà không làm mất đi chức năng ẩm thực.",75
84dc43ea-858d-54f6-b6de-5a99220d1cb5,,,Sữa bột (Milk Powder),INGREDIENT,492.59,23.9,26.1,40.6,0.0,37.0,289.5,5a495c98-b00c-4007-aeac-501f3ae8e030,,,"Sữa bột là một sản phẩm sữa có thời hạn sử dụng ổn định được tạo ra bằng cách sấy phun sữa lỏng để loại bỏ gần như toàn bộ độ ẩm. Giữ lại hầu hết protein, canxi và vitamin có trong sữa tươi, cung cấp nguồn dinh dưỡng đậm đặc có thể pha lại bằng nước hoặc sử dụng trực tiếp trong làm bánh và nấu ăn. Có sẵn ở các dạng sữa nguyên kem, sữa gầy và sữa ăn liền, sản phẩm thay thế nhẹ cho sữa tươi này vẫn duy trì hàm lượng lactose nhưng mang đến sự tiện lợi khi bảo quản lâu dài mà không cần làm lạnh.",75
7517ed74-b05a-5246-954a-eeb1587ad105,,,Sữa bơ ít béo (Low-Fat Buttermilk),INGREDIENT,42.8,3.46,1.08,4.81,0.0,4.81,92.5,5a495c98-b00c-4007-aeac-501f3ae8e030,,,"Sữa bơ ít béo là một sản phẩm sữa được nuôi cấy được tạo ra bằng cách lên men sữa gầy hoặc sữa ít béo với vi khuẩn axit lactic. Loại đồ uống có vị thơm, hơi đặc này chứa men vi sinh hỗ trợ sức khỏe đường ruột đồng thời cung cấp canxi và protein đáng kể với hàm lượng chất béo giảm so với sữa bơ truyền thống. Nó đóng vai trò như một nguyên liệu linh hoạt trong làm bánh — nơi tính axit của nó kích hoạt các chất tạo men — và hoạt động tốt như nhau trong các món xốt, nước xốt và sinh tố để tăng thêm độ béo ngậy mà không dư thừa calo.",75
1f9a8b24-045f-55f7-b25a-cabe5bae0652,,,Protein lòng trắng trứng (Egg Protein),DISH,373.0,81.0,0.22,6.9,0.0,5.4,1370.0,5a495c98-b00c-4007-aeac-501f3ae8e030,,,"Protein trứng là thực phẩm bổ sung chất lượng cao được làm từ lòng trắng trứng khô và tiệt trùng, cung cấp tất cả 9 axit amin thiết yếu trong một nguồn protein hoàn chỉnh, dễ hấp thụ. Loại bột không chứa lactose này chứa lượng carbohydrate và chất béo tối thiểu so với trứng nguyên quả, khiến nó trở thành lựa chọn phổ biến cho chế độ ăn ít cholesterol và phục hồi sau tập luyện. Quá trình xử lý loại bỏ các thành phần lòng đỏ trong khi vẫn duy trì giá trị sinh học cao, mang đến lựa chọn hương vị trung tính cho các món sinh tố, làm bánh và các công thức nấu ăn giàu protein.",75
f14967a3-cbb9-505a-8e60-cf2ff7f0428e,,,Phô mai Baby Thụy Sĩ (Baby Swiss Cheese),DISH,390.0,26.0,29.0,2.0,0.0,1.0,240.0,5a495c98-b00c-4007-aeac-501f3ae8e030,,,"Baby Swiss là một biến thể nhẹ hơn của phô mai Thụy Sĩ truyền thống, có đặc điểm là nhỏ hơn, nhiều lỗ (mắt) hơn và kết cấu mềm hơn so với phô mai trưởng thành. Loại phô mai hơi mềm này được làm từ sữa nguyên chất và được ủ trong thời gian ngắn hơn, mang lại độ đặc sệt như kem hơn và hương vị bơ tinh tế hơn. Hương vị êm dịu hơn và đặc tính tan chảy tuyệt vời làm cho nó đặc biệt thích hợp cho bánh mì sandwich, bánh quiche và đĩa phô mai thông thường.",75
57450781-90af-5989-af22-5acbf725fa1a,,,Phô mai phết ít béo (Reduced Fat Cheese Spread),DISH,188.0,13.4,8.8,13.8,0.1,8.0,1386.0,5a495c98-b00c-4007-aeac-501f3ae8e030,,,"Phô mai phết ít béo là một sản phẩm sữa chế biến được làm bằng cách trộn sữa gầy hoặc sữa một phần gầy với chất nhũ hóa và chất ổn định để đạt được độ đặc dễ phết trong khi giảm hàm lượng chất béo. Nó cung cấp ít chất béo hơn 25-50% so với phết phô mai thông thường nhưng vẫn duy trì mức protein vừa phải, mặc dù thường được bổ sung natri hoặc gôm để bù đắp cho những thay đổi về kết cấu. Sản phẩm này phổ biến trong chế độ ăn ít calo nhưng có thể thiếu hương vị phức tạp của phô mai đầy đủ chất béo do hàm lượng chất béo sữa giảm.",75
7f871b68-ca7d-5f5f-90ea-53346465f43a,,,Phô mai Monterey Jack ít béo (Low-Fat Monterey Jack Cheese),DISH,313.0,28.2,21.6,0.7,0.0,0.56,781.0,5a495c98-b00c-4007-aeac-501f3ae8e030,,,"Monterey Jack ít béo là loại phô mai nửa mềm, ít béo ban đầu được phát triển ở California, vẫn giữ được hương vị bơ nhẹ của Monterey Jack truyền thống với hàm lượng chất béo ít hơn 25-50%. Được làm bằng sữa gầy và nuôi cấy vi khuẩn, nó duy trì chất lượng tan chảy mịn lý tưởng cho món quesadillas và món thịt hầm trong khi cung cấp nguồn canxi và protein đậm đặc. Biến thể này thu hút những người dùng quan tâm đến sức khỏe đang tìm kiếm hương vị sữa với hàm lượng calo và chất béo bão hòa thấp hơn so với pho mát nguyên chất béo.",75
ace83bf7-6b9f-5c51-82f4-b785058a727e,,,Phô mai feta sữa bò (Cow's Milk Feta Cheese),INGREDIENT,265.0,14.2,21.5,3.88,0.0,0.0,1050.0,5a495c98-b00c-4007-aeac-501f3ae8e030,,,"Phô mai feta sữa bò là một sản phẩm sữa ngâm nước muối có đặc điểm là vị mặn thơm và kết cấu dạng kem nhưng giòn. Trong khi feta truyền thống sử dụng sữa cừu hoặc dê, biến thể này bắt nguồn từ sữa bò, mang lại hương vị nhẹ hơn một chút và thường có hàm lượng chất béo thấp hơn trong khi vẫn duy trì mức canxi và protein cao. Phô mai phát triển vị mặn đặc biệt thông qua quá trình ủ trong nước muối, khiến nó trở thành nguyên liệu linh hoạt cho món salad Địa Trung Hải, các món nướng và món khai vị.",75
58635666-7c42-53e9-9e92-f87598f71b32,,,Phô mai Parmesan thuần chay (Vegan Parmesan Cheese),DISH,333.0,13.3,26.7,6.7,3.0,1.0,800.0,5a495c98-b00c-4007-aeac-501f3ae8e030,,,"Phô mai Parmesan thuần chay là một loại thay thế có nguồn gốc thực vật cho Parmesan truyền thống, thường được làm từ các loại hạt (như hạt điều), men dinh dưỡng hoặc protein đậu nành. Sản phẩm thay thế không chứa sữa này mang lại hương vị umami thơm ngon và kết cấu vụn tương tự như Parmesan lâu năm, đồng thời có hàm lượng chất béo bão hòa và calo thấp hơn đáng kể. Nhiều giống thương mại được bổ sung vitamin B12 và canxi, giải quyết những thiếu hụt dinh dưỡng phổ biến trong chế độ ăn thuần chay. Nó chủ yếu được sử dụng làm lớp phủ cho mì ống, súp và salad, tăng thêm độ mặn mà không cần các thành phần có nguồn gốc động vật.",75
2bb40c39-817a-5b18-b042-2aeae265ddf6,,,Phô mai feta Pháp (French Feta Cheese),DISH,264.0,14.21,21.28,4.09,0.0,4.09,1140.0,5a495c98-b00c-4007-aeac-501f3ae8e030,,,"Feta của Pháp là một loại phô mai ngâm nước muối truyền thống được làm từ hỗn hợp sữa cừu và sữa dê, nổi bật bởi kết cấu kem mịn hơn và hương vị nhẹ hơn, ít mặn hơn so với feta của Hy Lạp. Phô mai phát triển độ đặc đặc trưng và độ giòn nhưng vẫn dễ phết thông qua quá trình ủ trong nước muối, điều này cũng góp phần làm cho hàm lượng chất béo cao hơn. Thường được sử dụng trong món salad hoặc làm pho mát để bàn, nó cung cấp một lựa chọn sữa linh hoạt cho những ai đang tìm kiếm độ mặn cân bằng và cảm giác ngon miệng đậm đà.",75
2bae7f1e-0c84-591b-b8c8-2a41d53f5439,,,Phô mai Thụy Sĩ không béo (Nonfat Swiss Cheese),DISH,127.0,28.4,0.0,3.4,0.0,1.33,1000.0,5a495c98-b00c-4007-aeac-501f3ae8e030,,,"Phô mai Thụy Sĩ không béo là một biến thể ít chất béo của phô mai Thụy Sĩ truyền thống, được sản xuất bằng cách sử dụng sữa gầy và nuôi cấy vi khuẩn để phát triển hương vị nhẹ nhàng, hấp dẫn đặc trưng của nó. Nó vẫn giữ được các lỗ (mắt) mang tính biểu tượng và kết cấu chắc chắn của đối tác đầy đủ chất béo trong khi cung cấp lượng protein và canxi cao hơn đáng kể trên mỗi khẩu phần với ít hơn 0,5g chất béo mỗi ounce. Phô mai này hoạt động tốt trong bánh mì sandwich và các món ăn nấu chín, mặc dù hàm lượng chất béo thấp hơn có thể dẫn đến đặc tính tan chảy của kem kém hơn một chút so với phô mai Thụy Sĩ thông thường.",75
6aca71ed-03e9-53e4-8f3c-386070f31f65,,,Phô mai Thụy Sĩ ít natri (Low Sodium Swiss Cheese),DISH,374.0,28.4,27.4,3.4,0.0,1.31,14.0,5a495c98-b00c-4007-aeac-501f3ae8e030,,,"Phô mai Thụy Sĩ có hàm lượng natri thấp là một biến thể ít muối của phô mai Thụy Sĩ truyền thống, được chế biến bằng cách loại bỏ muối bổ sung trong quá trình sản xuất trong khi vẫn giữ được hương vị hấp dẫn đặc trưng và các lỗ đặc trưng (được gọi là 'mắt'). Phiên bản này duy trì hàm lượng canxi và protein cao như phiên bản gốc nhưng chứa ít natri hơn 50-70%, phù hợp với chế độ ăn kiêng có lợi cho tim mạch hoặc huyết áp. Kết cấu bán cứng vẫn chắc nhưng có thể cắt lát được, mặc dù hương vị hơi nhẹ hơn so với loại muối.",75
322d0ad9-cc7b-5faa-be16-c2033d45a7be,,,Phô mai ricotta sữa nguyên chất (Whole Milk Ricotta Cheese),INGREDIENT,160.0,8.9,11.4,5.7,0.0,0.27,100.0,5a495c98-b00c-4007-aeac-501f3ae8e030,,,"Phô mai ricotta sữa nguyên chất là một sản phẩm sữa tươi của Ý được làm bằng cách nấu lại váng sữa còn sót lại sau quá trình làm phô mai, trộn với sữa nguyên chất để có kết cấu đậm đà hơn và hàm lượng chất béo cao hơn so với các loại phô mai gầy. Hương vị nhẹ, hơi ngọt và độ đặc dạng kem nhưng dạng hạt của nó khiến nó trở nên lý tưởng cho cả các món mặn như lasagna và các món ngọt như nhân bánh cannoli. Phiên bản này cung cấp nhiều canxi và protein hơn trong mỗi khẩu phần so với ricotta ít béo, đồng thời duy trì tính linh hoạt khi sử dụng trong nấu nướng và làm bánh.",75
cd684fee-0262-5869-bc50-1760dd80678b,,,Sữa dâu tây ít béo (Low-Fat Strawberry Milk),INGREDIENT,87.0,3.9,1.1,15.5,0.0,15.5,60.0,5a495c98-b00c-4007-aeac-501f3ae8e030,,,"Sữa dâu tây ít béo là một loại đồ uống từ sữa có đường được làm bằng cách kết hợp sữa ít béo với hương liệu và chất làm ngọt dâu tây. Mặc dù chứa ít chất béo hơn 50-60% so với các loại sữa nguyên chất, nhưng nó thường ngang bằng với lượng calo của sữa thông thường do có thêm đường giúp cân bằng vị chua tự nhiên của trái cây. Loại sữa có hương vị này vẫn giữ được các lợi ích về canxi và protein của sữa, nhưng hàm lượng đường tăng cường của nó đảm bảo sự cân nhắc đối với những người đang quản lý lượng carbohydrate tiêu thụ. Nó được dùng như một sự lựa chọn phổ biến cho bữa ăn nhẹ của trẻ em, phục hồi sau tập luyện hoặc như một chất ngọt thay thế cho sữa nguyên chất.",75
94e78577-88cf-5b31-b351-8897c59b22b1,,,Sữa chua mật ong nhúng (Honey Yogurt Dip),DISH,207.0,9.6,10.0,20.0,3.2,17.0,70.0,5a495c98-b00c-4007-aeac-501f3ae8e030,,,"Sữa chua nhúng mật ong là một loại gia vị có vị ngọt làm từ sữa kết hợp sữa chua kem với mật ong hoa để tạo ra sự pha trộn cân bằng giữa vị thơm và vị ngọt. Món nhúng đa năng này vẫn giữ được lợi ích về protein và canxi của nền sữa chua trong khi lấy được vị ngọt tự nhiên từ mật ong, mặc dù nó chứa nhiều đường bổ sung hơn sữa chua nguyên chất. Thường được tăng cường với các loại gia vị như quế hoặc vỏ cam quýt, nó được dùng như một món ăn kèm phổ biến với trái cây tươi, granola hoặc đồ nướng và có thể bao gồm các vi khuẩn sống để mang lại lợi ích về lợi khuẩn tùy thuộc vào loại sữa chua được sử dụng.",75
fd24a0b0-8e0d-5823-80ba-ec5f71d3e1af,,,"Phô mai xanh, dạng vụn (Blue Cheese, Crumbled)",DISH,353.0,21.4,28.7,2.34,0.0,0.5,1150.0,5a495c98-b00c-4007-aeac-501f3ae8e030,,,"Phô mai xanh là một loại phô mai chín bằng nấm mốc có đặc điểm là các đường gân xanh lam đặc trưng của nuôi cấy Penicillium, mang lại hương vị sắc nét, cay nồng và kết cấu vụn nhưng mịn như kem. Dạng nghiền sẵn mang lại sự thuận tiện cho việc rắc lên món salad, trộn vào nước sốt hoặc trang trí các món ăn mà vẫn giữ được hàm lượng canxi và protein cao. Mặc dù giàu chất béo bão hòa và natri, nhưng quá trình lão hóa kéo dài sẽ phá vỡ đường sữa, khiến một số người nhạy cảm với sữa dễ dung nạp hơn so với phô mai tươi.",75
a12f2540-a976-51dd-83e5-fab38f2542b6,,,Sốt phô mai xanh nhạt (Light Blue Cheese Dressing),DISH,86.0,2.1,2.7,13.2,0.0,3.6,939.0,5a495c98-b00c-4007-aeac-501f3ae8e030,,,"Sốt phô mai xanh nhạt là một loại thay thế ít chất béo hơn so với sốt phô mai xanh truyền thống, đạt được lượng calo thấp hơn thông qua các sản phẩm thay thế như sữa bơ hoặc sữa chua ít béo. Trong khi vẫn duy trì hương vị thơm, hăng đặc trưng của phô mai xanh vụn, phiên bản này thường có độ đặc loãng hơn một chút và có thể chứa thêm chất ổn định để đạt độ kem gần giống với phiên bản đầy đủ chất béo. Nó vẫn là một lựa chọn phổ biến cho món salad và nước chấm rau củ trong chế độ ăn kiêng hạn chế calo, mặc dù một số loại bù lại bằng hàm lượng natri cao hơn để duy trì cường độ hương vị.",75
0e15eb58-0556-533e-bbf9-0a4082706399,,,Sữa đậu nành sô cô la ít béo (Low-Fat Chocolate Soy Milk),INGREDIENT,49.0,2.06,0.62,9.05,0.8,7.82,41.0,5a495c98-b00c-4007-aeac-501f3ae8e030,,,"Sữa đậu nành sô-cô-la ít béo là đồ uống có đường làm từ thực vật, cung cấp protein hoàn chỉnh từ đậu nành với lượng chất béo ít hơn 25-50% so với các loại sữa đậu nành truyền thống. Hương vị sô cô la và đường bổ sung giúp tăng cường cảm giác ngon miệng đồng thời tăng hàm lượng carbohydrate, mặc dù nhiều thương hiệu bổ sung thêm canxi và vitamin D để phù hợp với thành phần dinh dưỡng của sữa bò. Sản phẩm thay thế không chứa sữa này đóng vai trò như một thức uống phục hồi sau tập luyện phổ biến hoặc thay thế món tráng miệng, cung cấp isoflavone đậu nành có lợi nhưng cần chú ý bổ sung chất làm ngọt trong việc theo dõi chất dinh dưỡng đa lượng.",75
d2a12602-1d07-5e1f-9db9-eaba758d9759,,,Phô mai kem không béo (Nonfat Cream Cheese),DISH,105.0,15.7,1.0,7.66,0.0,5.48,702.0,5a495c98-b00c-4007-aeac-501f3ae8e030,,,"Phô mai kem không béo là một loại bơ sữa ít calo được làm bằng cách loại bỏ chất béo sữa khỏi phô mai kem truyền thống, tạo ra ít hơn 0,5g chất béo trong mỗi khẩu phần. Để duy trì khả năng lan rộng, nó thường kết hợp các chất làm đặc như guar gum hoặc carrageenan, tạo ra kết cấu hơi sần sùi hơn so với các phiên bản đầy đủ chất béo. Mặc dù cung cấp mức protein tương đương với phô mai kem thông thường, loại thay thế này mang lại một lựa chọn thiết thực cho chế độ ăn ít chất béo nhưng có thể yêu cầu điều chỉnh công thức làm bánh do độ ẩm thay đổi.",75
b83842c1-f1d4-51ea-a95e-260e18ef4542,,,Phô mai tươi với dứa (Cottage Cheese with Pineapple),INGREDIENT,97.0,10.7,3.85,4.61,0.2,2.38,344.0,5a495c98-b00c-4007-aeac-501f3ae8e030,,,"Phô mai với dứa là một món ăn từ sữa giàu protein kết hợp sữa đông béo ngậy, có hương vị nhẹ với những miếng dứa ngọt ngào, mọng nước. Sự kết hợp này cân bằng vị ngọt tự nhiên của phô mai với vị ngọt của trái cây nhiệt đới đồng thời cung cấp các chất dinh dưỡng bổ sung: phô mai tươi ít béo cung cấp protein casein chất lượng cao và dứa cung cấp vitamin C và enzyme tiêu hóa. Thường được ăn như một bữa ăn nhẹ hoặc bữa sáng, các phiên bản thương mại có thể bao gồm đường bổ sung, vì vậy nên kiểm tra nhãn để theo dõi chế độ ăn uống nghiêm ngặt.",75
88a6af6e-b544-50cb-8d3a-cc681ab57ac2,,,Sữa cô đặc không béo (Fat-Free Evaporated Milk),DISH,83.0,6.7,0.0,10.0,0.0,10.0,117.0,5a495c98-b00c-4007-aeac-501f3ae8e030,,,"Sữa cô đặc không béo là sản phẩm sữa có thời hạn sử dụng ổn định được tạo ra bằng cách loại bỏ khoảng 60% nước và toàn bộ chất béo sữa khỏi sữa gầy tươi. Sữa cô đặc này cung cấp nguồn canxi và protein phong phú đồng thời chứa ít calo hơn đáng kể so với sữa cô đặc thông thường, khiến nó trở thành nguyên liệu phổ biến trong các ứng dụng nấu nướng và nướng bánh ít chất béo. Quá trình đóng hộp mang lại cho nó một hương vị caramen nhẹ, mặc dù nó vẫn duy trì độ đặc loãng hơn so với loại có đầy đủ chất béo. Nhiều loại thương mại được bổ sung vitamin A và D để bù đắp các chất dinh dưỡng bị mất trong quá trình loại bỏ chất béo.",75
c0a4c616-9020-54bd-b72f-46b434567796,,,Sữa dâu ít đường (Low Sugar Strawberry Milk),INGREDIENT,60.4,5.56,2.0,5.1,0.0,5.1,50.0,5a495c98-b00c-4007-aeac-501f3ae8e030,,,"Sữa dâu ít đường là một loại đồ uống có đường từ sữa hoặc thực vật được pha chế để mang lại hương vị dâu tây cổ điển với lượng đường bổ sung ít hơn ít nhất 30% so với các phiên bản truyền thống. Nó đạt được vị ngọt thông qua dâu tây nghiền nhuyễn tự nhiên hoặc chiết xuất kết hợp với chất làm ngọt thay thế như stevia, duy trì kết cấu dạng kem của sữa dâu tây tiêu chuẩn đồng thời giảm hàm lượng carbohydrate. Các loại sữa làm từ sữa giữ lại lượng canxi và protein đáng kể, khiến đây trở thành một lựa chọn thiết thực cho những người tiêu dùng quan tâm đến đường và những người đang quản lý chế độ ăn kiêng.",75
aafddc2a-4556-5fb2-98ab-084c94854f36,,,Sữa bơ không béo (Fat-Free Buttermilk),INGREDIENT,37.5,3.33,0.0,5.83,0.0,5.83,108.3,5a495c98-b00c-4007-aeac-501f3ae8e030,,,"Buttermilk không béo là một sản phẩm sữa được nuôi cấy bằng cách lên men sữa gầy với vi khuẩn axit lactic, tạo ra hương vị thơm đặc trưng và độ đặc hơi đặc. Trong khi bơ sữa truyền thống có chứa chất béo còn sót lại thì phiên bản này loại bỏ tất cả chất béo sữa trong quá trình chế biến, giảm đáng kể lượng calo trong khi vẫn giữ được men vi sinh có lợi. Tính axit của nó kích hoạt baking soda trong các công thức nấu ăn, khiến nó trở thành nguyên liệu chính cho các món nướng mềm như bánh kếp và bánh quy, mặc dù nó cũng có tác dụng tốt trong nước xốt và nước sốt.",75
a136bdd5-75d0-5238-b33e-91f0a3027d65,,,Phô mai provolone ít béo (Low-Fat Provolone Cheese),DISH,274.0,24.7,17.6,3.5,0.0,0.55,615.0,5a495c98-b00c-4007-aeac-501f3ae8e030,,,"Provolone ít béo là một loại phô mai Ý nửa cứng được làm từ sữa tách béo một phần để giảm hàm lượng chất béo trong khi vẫn giữ được hương vị nhẹ, hơi khói đặc trưng. Phiên bản này duy trì hàm lượng protein và canxi cao của provolone truyền thống nhưng với lượng chất béo ít hơn khoảng 30-50%, khiến nó trở thành lựa chọn thiết thực cho chế độ ăn kiêng hạn chế calo. Kết cấu chắc hơn và giảm độ nhờn so với provolone đầy đủ chất béo cho phép nó tan chảy trơn tru trong bánh mì sandwich hoặc trên các món ăn đã nấu chín mà không ảnh hưởng đến tính toàn vẹn cấu trúc.",75
79216e44-8e69-5adf-af99-9a13f85e29dc,,,Phô mai Parmesan ít béo (Low-Fat Parmesan Cheese),DISH,265.0,20.0,20.0,1.37,0.0,0.0,1530.0,5a495c98-b00c-4007-aeac-501f3ae8e030,,,"Phô mai Parmesan ít béo là một biến thể ít béo của Parmigiano-Reggiano truyền thống, thường được làm bằng cách sử dụng sữa gầy hoặc loại bỏ chất béo trong quá trình chế biến. Trong khi vẫn giữ được hương vị thơm ngon, giàu vị umami của Parmesan lâu năm, nó chứa ít chất béo hơn và ít calo hơn 30-50% so với loại ban đầu, trong khi vẫn cung cấp nguồn protein và canxi đậm đặc. Kết cấu có xu hướng hơi sần sùi hơn và ít tan chảy hơn, khiến nó phù hợp nhất để nghiền các món ăn hơn là dùng để nấu ăn. Nhiều phiên bản thương mại bổ sung thêm chất ổn định để mô phỏng cảm giác ngon miệng của pho mát đầy đủ chất béo.",75
ed1034ed-565b-5685-806b-a3bd9ce286a9,,,"Phô mai thuần chay, dạng sợi (Vegan Cheese, Shredded)",DISH,300.0,0.0,24.0,21.0,0.0,1.0,680.0,5a495c98-b00c-4007-aeac-501f3ae8e030,,,"Phô mai vụn thuần chay là một sản phẩm thay thế sữa có nguồn gốc thực vật thường được làm từ các nguyên liệu như hạt điều, dầu dừa hoặc protein đậu nành. Được thiết kế để bắt chước khả năng tan chảy của phô mai truyền thống, nó cung cấp tùy chọn không chứa sữa cho pizza, thịt hầm và bánh mì sandwich, mặc dù kết cấu có thể khác nhau giữa các nhãn hiệu từ kem đến hơi sần sùi. Nhiều loại được bổ sung các chất dinh dưỡng như vitamin B12 và canxi, nhưng thành phần dinh dưỡng khác nhau đáng kể — một số ưu tiên chất béo bão hòa thấp, trong khi một số khác sử dụng dầu dừa để có kết cấu đậm đà hơn.",75
c8933c59-8a85-55f0-8efd-ca96d4b7e75a,,,Phô mai feta có hương vị (Flavored Feta Cheese),DISH,273.0,19.71,19.08,5.58,0.0,5.58,1034.0,5a495c98-b00c-4007-aeac-501f3ae8e030,,,"Phô mai feta có hương vị là một sản phẩm sữa ngâm nước muối truyền thống được làm từ sữa cừu hoặc sữa dê, được tăng cường thêm các loại thảo mộc, gia vị hoặc các nguyên liệu như cà chua phơi nắng và hạt tiêu. Biến thể này vẫn giữ được kết cấu vụn và độ thơm đặc trưng của feta đồng thời hấp thụ thêm hương vị trong quá trình ướp trong dầu hoặc nước muối. Chứa nhiều protein và canxi cũng như natri, nó được dùng làm lớp phủ đậm đà cho các món salad và các món ăn Địa Trung Hải, mặc dù thời hạn sử dụng của nó sẽ rút ngắn khi được trộn với các chất phụ gia dễ hỏng.",75
a660987e-9a3c-5754-a1eb-591744a1e4eb,,,Sữa chua dâu tây nguyên chất (Whole Milk Strawberry Yogurt),INGREDIENT,106.0,5.0,3.5,14.0,0.0,14.5,75.0,5a495c98-b00c-4007-aeac-501f3ae8e030,,,"Sữa chua dâu tây nguyên chất là một sản phẩm sữa có đường được làm bằng cách lên men sữa nguyên chất với vi khuẩn sống và trộn với hương liệu dâu tây hoặc trái cây xay nhuyễn. Hàm lượng chất béo cao hơn từ sữa nguyên chất tạo ra kết cấu kem mịn hơn so với các loại sữa ít béo, đồng thời chất làm ngọt bổ sung giúp cân bằng vị chua tự nhiên của sữa chua lên men. Phiên bản này cung cấp protein và canxi nhưng thường chứa nhiều đường hơn sữa chua nguyên chất, điều này khiến việc nhận biết khẩu phần trở nên quan trọng đối với việc theo dõi dinh dưỡng.",75
d55a3740-6f49-506a-85fd-cc94138d3a3b,,,Parfait sữa chua ít béo với trái cây (Low-Fat Yogurt Parfait with Fruit),DISH,105.0,2.73,1.3,20.7,1.0,12.8,58.0,5a495c98-b00c-4007-aeac-501f3ae8e030,,,"Món parfait sữa chua ít béo với trái cây là một món ăn nhiều lớp kết hợp sữa chua ngọt ít béo, trái cây tươi hoặc bảo quản và thường là granola hoặc ngũ cốc. Mặc dù nền sữa chua cung cấp protein và canxi, nhưng việc bổ sung chất làm ngọt — chẳng hạn như xi-rô, mật ong hoặc sữa chua có hương vị — sẽ làm tăng đáng kể hàm lượng đường so với các phiên bản không đường. Kết cấu tương phản của sữa chua kem, trái cây mềm và lớp phủ giòn khiến nó trở thành lựa chọn bữa sáng hoặc bữa ăn nhẹ phổ biến, mặc dù giá trị dinh dưỡng của nó phụ thuộc nhiều vào tỷ lệ thành phần và đường bổ sung.",75
a877e037-192a-57e7-ab3b-15d33dbe83bb,,,Sữa cô đặc 2% ít béo (2% Reduced-Fat Evaporated Milk),DISH,98.91,7.24,2.05,13.15,0.0,8.64,102.0,5a495c98-b00c-4007-aeac-501f3ae8e030,,,"Sữa cô đặc giảm 2% chất béo là sản phẩm sữa đóng hộp có thời hạn bảo quản ổn định được làm bằng cách nấu sữa tươi nhẹ nhàng để loại bỏ 60% hàm lượng nước, tạo ra chất lỏng đặc hơn, đậm đặc chất dinh dưỡng hơn. Nó chứa một nửa chất béo so với sữa cô đặc truyền thống do có 2% chất béo sữa, trong khi vẫn giữ được nồng độ protein và canxi cao hơn so với sữa tươi. Thành phần linh hoạt này cung cấp một lựa chọn nhẹ nhàng hơn cho các món súp kem, đồ nướng và kem cà phê, mặc dù nó vẫn giữ lại lactose và không phù hợp với chế độ ăn không có sữa.",75
2f0d3086-d7fc-54cb-8b6a-ef6328f32eb4,,,Phô mai feta Bulgaria (Bulgarian Feta Cheese),DISH,317.0,24.0,24.0,2.0,0.0,2.0,779.0,5a495c98-b00c-4007-aeac-501f3ae8e030,,,"Phô mai Feta của Bulgaria là một sản phẩm sữa ngâm nước muối truyền thống được làm từ 100% sữa cừu hoặc hỗn hợp sữa cừu-dê, nổi bật bởi kết cấu dạng kem nhưng xốp và hương vị thơm, hơi chua. Loại phô mai có chỉ định xuất xứ được bảo vệ (PDO) này chứa hàm lượng chất béo và protein cao hơn so với phô mai làm từ sữa bò, trong khi việc bảo quản bằng nước muối góp phần tạo ra nồng độ natri đáng chú ý. Là một món ăn chủ yếu trong ẩm thực vùng Balkan, nó thường được nghiền nhỏ trong món salad, nướng thành bánh ngọt mặn hoặc dùng như một loại pho mát đậm đà để bàn, mặc dù hàm lượng lactose và hàm lượng muối của nó có thể cần phải điều độ để đáp ứng các nhu cầu ăn kiêng cụ thể.",75
ea47b1c7-497e-5c50-8f10-adfaf184f207,,,Phô mai ricotta (Ricotta Cheese),DISH,174.0,11.26,12.98,3.04,0.0,0.27,84.0,5a495c98-b00c-4007-aeac-501f3ae8e030,,,"Ricotta là một loại phô mai whey Ý mềm, đặc trưng bởi kết cấu nhẹ, mịn và hương vị ngọt ngào tinh tế. Theo truyền thống, nó được làm từ váng sữa, một sản phẩm phụ của quá trình làm phô mai, thay vì sữa nguyên chất, dẫn đến hàm lượng chất béo thấp hơn so với nhiều loại phô mai khác. Ricotta là một nguyên liệu linh hoạt được sử dụng trong cả món ngọt và món mặn, từ lasagna và vỏ nhồi cho đến bánh pho mát và nhân bánh cannoli.",75
72e62dc4-89c5-550a-b30b-6ec91c96ab6c,,,"Phô mai kem đánh bông (Cream Cheese, Whipped)",DISH,348.0,6.0,32.0,10.0,0.0,9.0,870.0,5a495c98-b00c-4007-aeac-501f3ae8e030,,,"Phô mai kem ngọt đánh bông là một sản phẩm sữa chế biến được làm bằng cách sục khí phô mai kem thông thường với đường bổ sung, tạo ra kết cấu nhẹ hơn, dễ phết, lý tưởng cho các món tráng miệng và bữa sáng. Mặc dù dạng đánh bông bằng không khí làm giảm mật độ calo trên mỗi thể tích so với phô mai kem truyền thống, nhưng lượng đường bổ sung lại làm tăng hàm lượng carbohydrate đáng kể. Biến thể có đường này thường được sử dụng làm lớp nền phủ kem, phủ bánh mì tròn hoặc nguyên liệu nhúng, nhưng vẫn không phù hợp với chế độ ăn thuần chay, không có đường sữa hoặc ít đường.",75
26556320-b84f-57bf-ad68-ad04165c9703,,,Sữa chua dưa chuột thì là nhúng (Cucumber Dill Yogurt Dip),DISH,150.0,5.0,11.0,8.0,0.5,7.0,330.0,5a495c98-b00c-4007-aeac-501f3ae8e030,,,"Sữa chua nhúng thì là dưa chuột là một loại nước sốt nhẹ, thơm được làm bằng cách kết hợp sữa chua đã lọc với dưa chuột cắt nhỏ, thì là tươi và thường là tỏi hoặc nước cốt chanh. Món nhúng sảng khoái này cung cấp một giải pháp thay thế giàu protein, chứa nhiều men vi sinh cho các loại nước chấm làm từ kem nặng hơn, với hương vị thảo dược giòn và kết cấu làm mát lý tưởng để kết hợp với rau sống hoặc bánh pita. Thành phần ít chất béo và cách chế biến tối thiểu khiến nó trở thành lựa chọn phổ biến cho những người ăn vặt quan tâm đến sức khỏe, mặc dù hàm lượng natri có thể thay đổi tùy theo cách chế biến.",75
a0712d9f-76e6-5917-9d45-0ae6bcf3dbc1,,,"Phô mai thuần chay, dạng khối (Vegan Cheese, Block)",DISH,270.0,0.0,21.0,21.0,0.0,0.0,920.0,5a495c98-b00c-4007-aeac-501f3ae8e030,,,"Phô mai thuần chay là một sản phẩm thay thế sữa có nguồn gốc thực vật thường được làm từ các nguyên liệu như hạt điều, đậu nành hoặc dầu dừa, được thiết kế để tái tạo kết cấu và hương vị của phô mai truyền thống. Những khối này thường cung cấp lựa chọn không chứa lactose, không chứa cholesterol với chất béo bão hòa thấp hơn phô mai sữa, mặc dù công thức rất khác nhau về chất lượng dinh dưỡng và độ tan chảy. Trong khi một số loại sử dụng quá trình lên men để tạo ra hương vị thơm, thì những loại khác lại dựa vào các chất phụ gia để đạt được độ đặc có thể cắt lát hoặc cắt nhỏ phù hợp với bánh mì sandwich, gratins hoặc ván charcuterie.",75
87eb011f-6642-5b1b-b0ed-682a435d9bc1,,,Nước cốt dừa vani (Vanilla Coconut Milk),INGREDIENT,28.0,0.0,2.1,2.9,0.0,1.9,45.0,5a495c98-b00c-4007-aeac-501f3ae8e030,,,"Nước cốt dừa vani là một loại đồ uống có hương vị từ thực vật được làm từ chiết xuất cùi dừa hòa với nước và hương vani tự nhiên. Sản phẩm thay thế không chứa sữa này kết hợp vị ngọt tinh tế và kết cấu kem của nước cốt dừa với hương vani ấm áp, khiến nó trở nên phổ biến trong sinh tố, đồ uống cà phê và ngũ cốc ăn sáng. Mặc dù có hàm lượng protein thấp hơn sữa bò nhưng nó cung cấp chất béo trung tính chuỗi trung bình (MCT) và không chứa lactose một cách tự nhiên, khiến nó phù hợp với chế độ ăn thuần chay và nhạy cảm với sữa.",75
69d1e35e-f181-5791-aa1b-a4d4d5e30716,,,Bánh quy phô mai (Cheese Biscuit),DISH,487.0,11.1,23.0,58.8,2.42,4.26,953.0,5a495c98-b00c-4007-aeac-501f3ae8e030,,,"Bánh quy phô mai là một món nướng thơm ngon kết hợp bột mì, bơ và phô mai cheddar thành một kết cấu mềm, xốp. Những chiếc bánh quy đậm đà này có được hương vị riêng biệt từ các lớp phô mai và bơ sắc nét, cung cấp hàm lượng protein cao hơn so với các loại thông thường trong khi vẫn chứa nhiều calo do chất béo và carbohydrate tinh chế. Là món ăn chủ yếu trong ẩm thực miền Nam Hoa Kỳ, chúng thường được phục vụ như một món ăn phụ yêu cầu nhận thức về khẩu phần ăn để theo dõi dinh dưỡng.",75
295c7c7c-1af1-5202-bf66-581685031fcd,,,Sữa nguyên chất bơ (Whole Buttermilk),INGREDIENT,62.0,3.21,3.31,4.88,0.0,4.88,105.0,5a495c98-b00c-4007-aeac-501f3ae8e030,,,"Sữa nguyên chất là một sản phẩm sữa được nuôi cấy bằng cách lên men sữa nguyên chất tiệt trùng với vi khuẩn axit lactic, tạo cho sữa có hương vị thơm và hơi đặc, có thể rót được. Không giống như sữa khuấy truyền thống (sản phẩm phụ làm bơ), phiên bản hiện đại này giữ được hàm lượng chất béo cao hơn đồng thời cung cấp men vi sinh hỗ trợ sức khỏe đường ruột. Tính axit của nó làm mềm các món nướng và nước xốt, khiến nó trở thành nguyên liệu chính trong các công thức nấu ăn như bánh kếp, nước xốt và bột gà rán.",75
7cc00135-4ae1-519b-9ed7-aa6eb740cd55,,,Phô mai feta sữa dê (Goat Milk Feta Cheese),INGREDIENT,300.0,17.0,23.0,4.0,0.0,4.0,1000.0,5a495c98-b00c-4007-aeac-501f3ae8e030,,,"Feta sữa dê là một loại phô mai sữa đông ngâm nước muối có hương vị phức tạp và thơm đặc trưng so với feta sữa bò truyền thống. Phô mai Địa Trung Hải này được đặc trưng bởi kết cấu giòn nhưng mịn và thường được ủ trong nước muối, điều này góp phần tạo nên vị mặn, sắc nét của nó. Được làm từ sữa dê, nó cung cấp một giải pháp thay thế cho những người nhạy cảm với protein sữa bò đồng thời mang lại khả năng tiêu hóa cao hơn và nồng độ axit béo chuỗi trung bình phong phú hơn.",75
0f0546cb-c5a7-5afe-8985-e8bb5f74b03e,,,Sốt phô mai xanh (Blue Cheese Dressing),DISH,484.0,1.37,51.1,4.77,0.4,3.48,642.0,5a495c98-b00c-4007-aeac-501f3ae8e030,,,"Sốt phô mai xanh là một loại gia vị dạng kem của Mỹ được làm bằng cách trộn phô mai xanh vụn với sốt mayonnaise và sữa bơ hoặc kem chua, tạo ra kết cấu đậm đà được đính những miếng phô mai có vân khuôn đặc biệt. Hương vị đậm đà, thơm và hàm lượng chất béo bão hòa cao khiến nó trở thành món phủ đầy mê hoặc cho các món salad và các món ăn kiểu Buffalo, mặc dù hàm lượng natri của nó thường vượt quá các loại dầu giấm nhẹ hơn. Trong khi các phiên bản được chế biến thương mại chiếm ưu thế trên thị trường, các công thức nấu ăn tự làm cho phép điều chỉnh để phù hợp với những hạn chế về chế độ ăn uống.",75
ddf1d48f-8f7b-5362-b246-46f7060401d5,,,Phô mai Gruyère (Gruyère Cheese),DISH,413.0,29.8,32.3,0.36,0.0,0.36,714.0,5a495c98-b00c-4007-aeac-501f3ae8e030,,,"Gruyère là một loại phô mai Thụy Sĩ cứng, lâu đời được biết đến với hương vị phức tạp, hấp dẫn và tăng dần theo độ tuổi. Có nguồn gốc từ vùng Gruyère của Thụy Sĩ, loại phô mai này theo truyền thống được làm từ sữa bò và được ủ trong vài tháng để phát triển các lỗ nhỏ đặc trưng và kết cấu dạng hạt. Đặc tính tan chảy tuyệt vời và hương vị phong phú của nó khiến nó trở thành lựa chọn phổ biến cho món gratin, nước xốt và súp hành tây kiểu Pháp.",75
3f02a5ac-3c3f-5563-9d05-f46c2c4de8e7,,,Phô mai Asiago (Asiago Cheese),DISH,461.0,24.7,38.8,3.2,0.0,3.2,1093.0,5a495c98-b00c-4007-aeac-501f3ae8e030,,,"Asiago là một loại phô mai sữa bò của Ý có hương vị khác nhau tùy theo độ già của nó. Asiago tươi ('Asiago Pressato') có kết cấu mịn và hương vị nhẹ, hơi ngọt, trong khi asiago lâu năm ('Asiago d'Allevo') phát triển kết cấu dạng hạt chắc chắn và hương vị sắc nét hơn, hấp dẫn hơn. Có nguồn gốc từ vùng Asiago của Ý, loại phô mai đa năng này có thể được thưởng thức riêng, bào trên mì ống hoặc tan chảy trong bánh mì sandwich và các món ăn nấu chín khác.",75
f1eb7445-77c8-52fd-b3de-0525a7efd3f9,,,Phô mai Brie (Brie Cheese),DISH,334.0,20.8,27.7,0.45,0.0,0.45,629.0,5a495c98-b00c-4007-aeac-501f3ae8e030,,,"Brie là một loại phô mai Pháp chín mềm có nguồn gốc từ vùng Île-de-France, được công nhận bởi lớp vỏ màu trắng có hoa có thể ăn được và bên trong có lớp kem bơ. Phô mai sữa bò này phát triển kết cấu mượt mà và hương vị đất nhẹ khi để lâu, cung cấp hàm lượng canxi và protein đáng chú ý cùng với hàm lượng chất béo cao đặc trưng. Theo truyền thống được phục vụ ở nhiệt độ phòng để tăng cường độ đặc dễ lan rộng, Brie kết hợp tốt với trái cây và bánh mì giòn, mặc dù các phiên bản chưa tiệt trùng có thể cần thận trọng đối với những người dễ bị tổn thương.",75
b4194a86-46c3-5adb-9115-86db9f13d682,,,Phô mai Port Salut (Port Salut Cheese),DISH,352.0,23.8,28.2,0.57,0.0,0.57,534.0,5a495c98-b00c-4007-aeac-501f3ae8e030,,,"Port Salut là một loại phô mai Pháp bán mềm nổi tiếng với kết cấu kem mịn và hương vị nhẹ, hơi thơm. Có nguồn gốc từ Thung lũng Loire, loại phô mai này dễ dàng được nhận ra bởi lớp vỏ màu cam đặc biệt, được rửa sạch trong quá trình ủ để phát huy đặc tính độc đáo của nó. Phần bên trong của Port Salut có màu vàng nhạt và có vị bơ khiến nó trở thành một loại pho mát đa năng để ăn vặt, nấu chảy hoặc dùng như một phần của bảng pho mát.",75
a404c503-47c4-5b76-a980-c883d753029f,,,Phô mai cay phết (Spicy Cheese Spread),DISH,276.0,11.0,19.0,8.2,0.0,8.2,710.0,5a495c98-b00c-4007-aeac-501f3ae8e030,,,"Phô mai cay phết là một sản phẩm sữa chế biến dạng kem, kết hợp phô mai với nhiều thành phần cay khác nhau như ớt hoặc gia vị cay. Loại gia vị có thể phết này thường có kết cấu mịn, đồng nhất và được thiết kế để phục vụ ở nhiệt độ phòng để có độ đặc tối ưu. Sản phẩm này cung cấp một cách thuận tiện để thêm cả hương vị phô mai và độ nóng vào bánh mì sandwich, bánh quy giòn hoặc dưới dạng nước chấm, với mức nhiệt khác nhau đáng kể giữa các nhãn hiệu.",75
9fc3db66-88d3-5538-b22e-f5a855e5bb05,,,Phô mai Munster (Munster Cheese),DISH,368.0,23.41,30.04,1.12,0.0,1.12,628.0,5a495c98-b00c-4007-aeac-501f3ae8e030,,,"Munster là một loại pho mát bán mềm có nguồn gốc từ vùng Alsace của Pháp, mặc dù một phiên bản tương tự cũng được sản xuất ở Hoa Kỳ. Loại phô mai này được biết đến với mùi thơm cay nồng và kết cấu kem mịn, trở nên rõ rệt hơn theo tuổi tác. Mặc dù có mùi nồng nặc nhưng Munster mang lại hương vị bơ nhẹ nhàng đáng ngạc nhiên, khiến nó trở thành sự lựa chọn linh hoạt cho bánh mì sandwich, gratin và pho mát.",75
814bf532-f496-553a-a588-a57c4c516e62,,,Sữa dâu không béo (Nonfat Strawberry Milk),INGREDIENT,59.0,3.2,0.2,11.0,0.0,11.0,60.0,5a495c98-b00c-4007-aeac-501f3ae8e030,,,"Sữa dâu không béo là một loại đồ uống từ sữa có hương vị được làm bằng cách kết hợp sữa gầy với hương liệu và chất làm ngọt dâu tây. Mặc dù có hàm lượng calo và chất béo thấp hơn so với các phiên bản sữa nguyên chất nhưng nó thường chứa đường bổ sung để cân bằng vị chua của hương vị trái cây. Thức uống tăng cường này giữ lại hàm lượng protein và canxi của sữa gầy, khiến nó trở nên phổ biến như một lựa chọn phục hồi sau tập luyện hoặc nguồn canxi thân thiện với trẻ em, mặc dù hàm lượng đường của nó đòi hỏi phải tiêu thụ một cách thận trọng.",75
2291eb08-e713-53db-bd6d-5d2b80922979,,,Bột protein lòng trắng trứng (Egg White Protein Powder),INGREDIENT,350.0,75.0,0.0,5.0,0.0,1.0,450.0,5a495c98-b00c-4007-aeac-501f3ae8e030,,,"Bột protein lòng trắng trứng là thực phẩm bổ sung dinh dưỡng chỉ có nguồn gốc từ lòng trắng trứng đã được tiệt trùng và sấy khô thành bột mịn. Loại bột này là nguồn cung cấp protein hoàn chỉnh đậm đặc, chứa tất cả 9 axit amin thiết yếu cần thiết cho quá trình phục hồi và phát triển cơ bắp. Nó thường được sử dụng để tăng lượng protein trong sinh tố, sữa lắc và đồ nướng, đồng thời là lựa chọn phù hợp cho những người không dung nạp đường sữa hoặc dị ứng với sữa.",75
bce80c9c-2e12-58c0-a8bb-2dd8c396b4fe,,,Phô mai Mascarpone (Mascarpone Cheese),DISH,430.0,7.0,43.0,4.0,0.0,4.0,55.0,5a495c98-b00c-4007-aeac-501f3ae8e030,,,"Mascarpone là một loại phô mai kem kiểu Ý được công nhận nhờ kết cấu đặc biệt mịn và hương vị bơ đậm đà. Được làm từ kem đặc chứ không phải sữa, nó có hàm lượng chất béo cao hơn so với phô mai kem tiêu chuẩn. Tính nhất quán sang trọng, dễ phết của nó khiến nó trở thành nguyên liệu chính trong các món tráng miệng cổ điển của Ý như tiramisu, đồng thời tăng cường cả món ngọt và món mặn.",75
0665c16e-6c24-556d-8e98-c2d049ee3508,,,Phô mai Fontina (Fontina Cheese),DISH,389.0,25.6,31.1,1.55,0.0,1.55,800.0,5a495c98-b00c-4007-aeac-501f3ae8e030,,,"Fontina là một loại phô mai sữa bò có nguồn gốc từ Thung lũng Aosta trên dãy Alps của Ý. Phô mai nửa cứng này được biết đến với hương vị đậm đà, đậm đà theo độ tuổi. Kết cấu mịn, dạng kem của nó làm cho nó trở thành một loại phô mai tan chảy tuyệt vời, thường được sử dụng trong nước xốt, bánh gratin và bánh mì nướng, trong khi fontina non hơn cũng được thưởng thức cắt lát như một loại phô mai để bàn.",75
d9e5da42-f6a9-5683-9754-235cfab2674d,,,Phô mai Pecorino Romano (Pecorino Romano Cheese),DISH,400.0,20.0,30.0,0.0,0.0,0.0,2400.0,5a495c98-b00c-4007-aeac-501f3ae8e030,,,"Pecorino Romano là một loại phô mai Ý cứng, mặn truyền thống được làm từ sữa cừu ở vùng Lazio của Ý. Loại phô mai này được biết đến với hương vị sắc nét, cay nồng và kết cấu dạng hạt chắc, phát triển trong quá trình lão hóa. Pecorino Romano chủ yếu được sử dụng nghiền trên các món mì ống, trong nước sốt hoặc như một chất bổ sung hương vị cho các công thức nấu ăn mặn khác nhau, mang lại hương vị đậm đà hơn Parmesan.",75
0783bc5b-0c29-550c-ba04-17330b049bae,,,Phô mai Edam (Edam Cheese),DISH,357.0,25.0,28.0,1.43,0.0,1.43,812.0,5a495c98-b00c-4007-aeac-501f3ae8e030,,,"Edam là một loại pho mát bán cứng có nguồn gốc từ Hà Lan. Theo truyền thống, nó được làm từ sữa bò và được biết đến với hương vị nhẹ, hơi béo và trở nên rõ rệt hơn theo tuổi tác. Phô mai có kết cấu mịn, chắc và thường được bán với lớp phủ sáp màu đỏ đặc biệt để tránh bị khô trong quá trình ủ và vận chuyển.",75
4ba4c546-370c-580f-a037-ec10f11399b4,,,Phô mai Brie kem kép (Double Cream Brie Cheese),DISH,365.0,18.0,30.0,1.0,0.0,1.0,600.0,5a495c98-b00c-4007-aeac-501f3ae8e030,,,"Double cream brie là loại phô mai Pháp chín mềm được bổ sung thêm kem trong quá trình sản xuất, dẫn đến hàm lượng chất béo trong bơ đạt 60-75% – cao hơn đáng kể so với brie tiêu chuẩn. Lớp vỏ màu trắng có thể ăn được của nó bao bọc bên trong nhạt màu và ngày càng trở nên loãng hơn ở nhiệt độ phòng, mang lại hương vị béo ngậy như bơ với tông màu nấm đất. Mặc dù cung cấp canxi và protein đáng kể, loại phô mai dễ chịu này đặc biệt có hàm lượng chất béo bão hòa cao, khiến việc kiểm soát khẩu phần trở nên quan trọng đối với những người tiêu dùng quan tâm đến lượng calo. Nó phục vụ như một món ăn trung tâm cổ điển cho các tấm pho mát và tan chảy một cách sang trọng trong các món nướng hoặc bánh mì sandwich dành cho người sành ăn.",75
1ab1a2df-d586-5f57-827c-7a5da352512a,,,"Phô mai thuần chay, dạng lát (Vegan Cheese, Sliced)",DISH,285.0,0.0,23.0,20.0,0.0,0.0,920.0,5a495c98-b00c-4007-aeac-501f3ae8e030,,,"Các lát phô mai thuần chay là những lựa chọn thay thế phô mai từ thực vật cho phô mai sữa, thường được làm từ các nguyên liệu như các loại hạt, protein đậu nành hoặc dầu dừa. Những sản phẩm cắt sẵn này được chế tạo đặc biệt để mô phỏng đặc tính tan chảy và kết cấu của các lát phô mai thông thường, giúp chúng thuận tiện cho việc làm bánh sandwich và bánh mì kẹp thịt. Mặc dù hàm lượng dinh dưỡng thay đổi tùy theo nhãn hiệu nhưng hầu hết các loại đều được bổ sung vitamin và khoáng chất để mang lại lợi ích dinh dưỡng tương tự như phô mai sữa, mặc dù thường có hàm lượng protein thấp hơn.",75
733948bf-950c-56c1-9df6-4c6b2351236d,,,Phô mai feta sữa cừu (Sheep's Milk Feta Cheese),INGREDIENT,260.0,18.0,21.4,0.0,0.0,0.5,1200.0,5a495c98-b00c-4007-aeac-501f3ae8e030,,,"Feta sữa cừu là một loại phô mai sữa đông ngâm nước muối truyền thống được biết đến với hương vị đậm đà, đặc trưng và kết cấu dạng kem nhưng vẫn giòn. Loại feta này chứa hàm lượng protein và chất béo cao hơn so với các phiên bản sữa bò, đồng thời mang lại hương vị phức tạp, đậm đà đặc trưng do thành phần độc đáo của sữa cừu. Feta truyền thống của Hy Lạp được làm hoàn toàn từ sữa cừu hoặc hỗn hợp với tối đa 30% sữa dê và được ủ trong nước muối, điều này góp phần tạo nên đặc tính mặn đặc trưng của nó và giúp bảo quản phô mai.",75
47429d51-330d-50cd-a23c-a6ffba7e6ff7,,,Phô mai ricotta một phần gầy (Part-Skim Ricotta Cheese),DISH,138.0,11.4,7.91,5.14,0.0,0.31,99.0,5a495c98-b00c-4007-aeac-501f3ae8e030,,,"Ricotta một phần gầy là một loại phô mai tươi của Ý được làm từ váng sữa và sữa gầy một phần, mang đến một sự thay thế nhẹ nhàng hơn cho ricotta sữa nguyên chất trong khi vẫn giữ được hàm lượng protein và canxi cao. Kết cấu dạng kem, hơi sần sùi và hương vị sữa dịu nhẹ khiến nó trở nên linh hoạt cho cả các món mặn như lasagna và các món ngọt như nhân bánh cannoli. Với lượng chất béo ít hơn khoảng 50% so với ricotta truyền thống, nó thu hút những người dùng quan tâm đến sức khỏe đang tìm kiếm mật độ dinh dưỡng mà không có nhiều kem.",75
ff70aa76-86a7-599c-bffc-b6674c5585a5,,,Sữa chua rau củ nhúng (Yogurt Vegetable Dip),DISH,200.0,7.0,16.0,7.0,1.0,5.0,350.0,5a495c98-b00c-4007-aeac-501f3ae8e030,,,"Sữa chua nhúng rau củ là một loại gia vị dạng kem được làm chủ yếu từ sữa chua nguyên chất trộn với các loại thảo mộc, gia vị và rau băm. Loại thay thế nhẹ nhàng hơn cho các loại nước chấm làm từ kem truyền thống này cung cấp protein và các chế phẩm sinh học có lợi từ nền sữa chua trong khi vẫn duy trì độ đặc mịn, đậm đà. Thường được phục vụ ướp lạnh, nó mang lại hương vị bổ sung cho rau tươi đồng thời cung cấp ít chất béo hơn đáng kể so với các lựa chọn thay thế làm từ sốt mayonnaise.",75
e8e65028-dffd-5992-934a-268d9abd1c54,,,Bánh quay phô mai (Cheese Turnover),DISH,420.0,10.1,25.7,36.41,2.0,6.0,750.0,5a495c98-b00c-4007-aeac-501f3ae8e030,,,"Bánh quay phô mai là một loại bánh ngọt cầm tay thơm ngon được làm bằng cách bọc phô mai tan chảy trong bột nhào rồi nướng hoặc chiên cho đến khi vàng. Nhân bánh thường kết hợp các loại phô mai nhẹ như phô mai cheddar hoặc phô mai kem với các loại thảo mộc, tạo nên phần nhân đậm đà tương phản với lớp vỏ giòn, nhiều lớp bên ngoài. Phổ biến như một món ăn nhẹ hoặc món khai vị di động, thực phẩm tiện lợi này cung cấp lượng protein vừa phải từ sữa nhưng lấy phần lớn calo từ carbohydrate và chất béo, cần phải cân nhắc khẩu phần trong chế độ ăn uống cân bằng.",75
70a6d7b0-ff6d-5c48-b3a6-01651108a5c9,,,Phô mai Cotija (Cotija Cheese),DISH,359.0,22.0,28.6,3.35,0.0,0.0,1510.0,5a495c98-b00c-4007-aeac-501f3ae8e030,,,"Cotija là một loại phô mai cứng, giòn của Mexico được làm từ sữa bò. Có nguồn gốc từ thị trấn Cotija ở Michoacán, loại pho mát này được biết đến với hương vị mặn mà, đậm đà theo tuổi tác. Kết cấu khô, chắc của nó khiến nó trở nên lý tưởng để nghiền hoặc nghiền vụn trên bánh tacos, enchiladas và các món ăn Mexico khác, đồng thời tăng thêm hương vị bùng nổ và độ tương phản về kết cấu.",75
081b0f4a-da8b-56a7-badb-cb0ec1f5434c,,,Phô mai Thụy Sĩ giảm béo (Reduced Fat Swiss Cheese),DISH,179.0,28.4,5.1,3.4,0.0,1.33,199.0,5a495c98-b00c-4007-aeac-501f3ae8e030,,,"Phô mai Thụy Sĩ giảm béo là phiên bản sửa đổi của phô mai Thụy Sĩ truyền thống được làm bằng sữa tách béo một phần để giảm hàm lượng chất béo bão hòa trong khi vẫn duy trì các chất dinh dưỡng thiết yếu. Nó vẫn giữ được hương vị nhẹ nhàng, hấp dẫn đặc trưng và các lỗ mang tính biểu tượng (được gọi là 'mắt') của đối tác đầy đủ chất béo, mặc dù có kết cấu cứng hơn một chút. Loại này cung cấp hàm lượng protein và canxi tương đương với phô mai Thụy Sĩ thông thường, khiến nó trở thành lựa chọn thiết thực cho bánh mì sandwich, ứng dụng làm tan chảy và bảng nướng thịt khi quản lý lượng chất béo.",75
7e9091c8-4d5b-5be1-ae26-403dde20b4be,,,Phô mai kem thuần chay (Vegan Cream Cheese),DISH,300.0,4.0,30.0,3.0,0.5,2.0,400.0,5a495c98-b00c-4007-aeac-501f3ae8e030,,,"Phô mai kem thuần chay là một loại phô mai thay thế có nguồn gốc thực vật cho phô mai kem truyền thống, thường được làm từ các nguyên liệu như hạt điều, đậu nành hoặc dầu dừa. Nó tái tạo kết cấu mịn, dễ phết của phô mai kem sữa đồng thời mang lại hương vị thơm ngon, mặc dù thường có ít chất béo bão hòa hơn. Nhiều loại được bổ sung các chất dinh dưỡng như vitamin B12 và canxi để phù hợp với nhu cầu ăn chay, khiến nó trở thành lựa chọn linh hoạt cho bánh mì tròn, kem phủ kem và bánh pho mát không chứa sữa.",75
c998cc41-f001-5803-a968-8f713230c93a,,,Sữa bột nguyên chất (Whole Milk Powder),INGREDIENT,496.0,26.3,26.7,38.4,0.0,38.42,371.0,5a495c98-b00c-4007-aeac-501f3ae8e030,,,"Sữa bột nguyên chất là một sản phẩm sữa ổn định khi bảo quản bằng cách loại bỏ độ ẩm khỏi sữa nguyên chất tiệt trùng trong khi vẫn giữ được hàm lượng chất béo tự nhiên (thường là 26-28%). Dạng khô này bảo toàn thành phần dinh dưỡng đầy đủ của sữa nguyên chất dạng lỏng, bao gồm protein, canxi và vitamin A và D tan trong chất béo, nhưng ở dạng cô đặc. Nó dễ dàng hòa tan với nước để uống hoặc nấu ăn và được sử dụng rộng rãi trong làm bánh, sản xuất bánh kẹo và như một chất bổ sung dinh dưỡng giàu calo khi không có tủ lạnh.",75
70bc8244-83c7-55cd-b5a7-ff5b99069414,,,Phô mai ricotta không béo (Nonfat Ricotta Cheese),DISH,64.0,6.2,0.3,9.0,0.0,9.0,136.0,5a495c98-b00c-4007-aeac-501f3ae8e030,,,"Phô mai ricotta không béo là một sản phẩm từ sữa gầy vẫn giữ được hương vị sữa nhẹ nhàng của ricotta truyền thống đồng thời loại bỏ gần như toàn bộ hàm lượng chất béo. Kết cấu của nó hơi sần sùi hơn so với ricotta sữa nguyên chất nhưng vẫn duy trì độ đặc giàu độ ẩm tương tự, lý tưởng cho các món nướng như lasagna hoặc mì ống nhồi. Với 14 gam protein và 40% canxi hàng ngày cho mỗi khẩu phần nửa cốc, nó cung cấp một loại phô mai nạc, giàu chất dinh dưỡng thay thế cho các loại phô mai có nhiều chất béo hơn trong cả công thức nấu ăn ngọt và mặn.",75
a06c8cfe-3cfa-5230-826c-b779a873050b,,,"Phô mai xanh, dạng khối (Blue Cheese, Block)",DISH,353.0,21.0,29.0,2.0,0.0,2.0,1150.0,5a495c98-b00c-4007-aeac-501f3ae8e030,,,"Phô mai xanh là một loại phô mai có vân mốc đặc trưng bởi các vân màu xanh lam-xanh lục đặc biệt được tạo ra thông qua quá trình cấy vi khuẩn Penicillium có chủ ý. Dạng khối mang lại kết cấu chắc chắn hơn so với các loại vụn, phát triển hương vị mặn, thơm phức tạp trong quá trình ủ 2-4 tháng trong môi trường được kiểm soát nhiệt độ. Mặc dù giàu canxi và protein nhưng nó chứa đáng kể natri và chất béo bão hòa, nên việc kiểm soát khẩu phần được khuyến khích mặc dù hương vị đậm đà của nó trong món salad, nước xốt và các công thức nấu ăn dành cho người sành ăn.",75
5d14ba1a-8556-58e0-a203-cf91fc62b587,,,Sữa quinoa (Quinoa Milk),INGREDIENT,50.0,1.5,2.0,6.5,0.3,2.5,50.0,5a495c98-b00c-4007-aeac-501f3ae8e030,,,"Sữa quinoa là một loại đồ uống không chứa sữa được làm bằng cách trộn quinoa đã nấu chín với nước, sau đó lọc để tạo ra chất lỏng mịn, có hương vị hạt dẻ. Mặc dù có hàm lượng protein thấp hơn ngũ cốc nguyên hạt nhưng nó thường được bổ sung canxi, vitamin D và B12, khiến nó trở thành lựa chọn có ý thức về chất dinh dưỡng cho chế độ ăn dựa trên thực vật. Loại thay thế không chứa gluten, không có hạt này có độ đặc nhẹ và hương vị đất nhẹ, lý tưởng cho ngũ cốc, sinh tố hoặc làm kem cà phê nhạy cảm với lactose.",75
58fea12a-9551-5b49-b605-618ebbab41f2,,,Sữa chua protein đậu (Pea Protein Yogurt),DISH,113.0,8.0,2.3,6.0,1.5,2.0,67.0,5a495c98-b00c-4007-aeac-501f3ae8e030,,,"Sữa chua protein đậu là một sản phẩm thay thế thực vật cho sữa chua sữa sử dụng protein đậu vàng làm nguồn protein chính. Sản phẩm không chứa sữa này được nuôi cấy với men vi sinh sống để tạo ra độ đặc như kem, giống như sữa chua đồng thời cung cấp thành phần axit amin hoàn chỉnh tương đương với protein từ sữa. Nó phục vụ như một lựa chọn tuyệt vời cho những người theo chế độ ăn thuần chay hoặc tránh sữa, đồng thời thường cung cấp hàm lượng protein tương tự như sữa chua truyền thống với các lợi ích bền vững môi trường bổ sung.",75
48a08834-adee-53c6-ba86-6fe46763c905,,,Sữa chua Chipotle nhúng (Chipotle Yogurt Dip),DISH,189.0,7.93,15.99,3.33,0.0,3.33,200.0,5a495c98-b00c-4007-aeac-501f3ae8e030,,,"Sữa chua nhúng Chipotle là một loại gia vị dạng kem kết hợp vị đậm đà của sữa chua với vị cay nồng của ớt chipotle. Món nhúng giàu protein này thường sử dụng nền sữa chua Hy Lạp, mang đến một lựa chọn thay thế lành mạnh hơn cho món chấm làm từ sốt mayonnaise đồng thời mang lại hương vị đậm đà, cay nồng. Nó phục vụ như một món ăn kèm linh hoạt cho rau, khoai tây chiên hoặc thịt nướng và cũng có thể hoạt động như một món phết hoặc nước sốt.",75
a5781829-f067-5102-bb6e-4e006a3db269,,,Phô mai Stracchino (Stracchino Cheese),INGREDIENT,302.0,13.0,27.0,2.0,0.0,2.0,440.0,5a495c98-b00c-4007-aeac-501f3ae8e030,,,"Stracchino là một loại phô mai Ý mềm, có kem truyền thống được làm từ sữa bò. Đặc điểm nổi bật của nó là kết cấu đặc biệt mịn, dễ tán và độ ẩm cao, góp phần tạo nên hương vị tinh tế, hơi thơm. Do hương vị nhẹ và dễ tan chảy, stracchino thường được thưởng thức tươi trên bánh mì, dùng làm nhân cho mì ống hoặc kết hợp với pizza và bánh mì dẹt.",75
d92b399a-eeb0-5624-bc5a-082e2f8cd451,,,Bột sữa bơ (Buttermilk Powder),INGREDIENT,387.0,34.3,5.78,49.0,0.0,49.0,517.0,5a495c98-b00c-4007-aeac-501f3ae8e030,,,"Bột bơ sữa là một dạng bơ sữa được nuôi cấy đã khử nước để duy trì hương vị thơm và lợi ích dinh dưỡng của bơ sữa lỏng ở dạng ổn định khi bảo quản. Thành phần linh hoạt này được tạo ra bằng cách sấy phun sữa bơ nuôi cấy, tạo ra một loại bột mịn có thể được hoàn nguyên bằng nước cho các ứng dụng làm bánh hoặc sử dụng khô trong hỗn hợp gia vị và hỗn hợp làm bánh. Khi được hoàn nguyên, nó cung cấp các đặc tính làm mềm và tạo bọt tương tự như bơ sữa tươi, khiến nó trở thành một loại nguyên liệu tiện lợi trong tủ đựng thức ăn để nướng bánh.",75
fb48b29b-1811-58d6-a930-e3fde62f7272,,,Kefir sữa dừa (Coconut Milk Kefir),INGREDIENT,150.0,5.0,15.0,0.0,0.0,0.0,200.0,5a495c98-b00c-4007-aeac-501f3ae8e030,,,"Kefir sữa dừa là một loại đồ uống lên men không chứa sữa được làm bằng cách nuôi cấy nước cốt dừa với các loại hạt kefir chứa men vi sinh. Loại thực vật thay thế kefir sữa truyền thống này duy trì các đặc tính sinh học có lợi trong khi mang lại hương vị kem tự nhiên, hơi thơm mà không cần thêm đường. Quá trình lên men tạo ra một thức uống sánh mịn, sủi bọt nhẹ, cung cấp chất béo lành mạnh từ nước cốt dừa đồng thời phù hợp với chế độ ăn thuần chay, không dùng sữa và không dung nạp lactose.",75
2af81dbd-a31b-5efe-a919-44229035f8c8,,,Phô mai xanh Đan Mạch (Danish Blue Cheese),DISH,402.01,16.3,37.4,1.3,0.0,0.1,715.2,5a495c98-b00c-4007-aeac-501f3ae8e030,,,"Phô mai xanh Đan Mạch là một loại phô mai xanh bán mềm được làm từ sữa bò, đặc trưng bởi vị mặn, sắc nét và kết cấu kem. Nó được sản xuất bằng cách tiêm nấm Penicillium roqueforti vào phô mai, tạo ra các đường gân màu xanh đặc biệt trong suốt miếng dán. Phô mai này thường được thưởng thức dưới dạng vụn trên món salad, tan thành nước sốt hoặc dùng như một phần của bảng phô mai, nơi hương vị đậm đà của nó kết hợp tốt với trái cây và các loại hạt.",75
de2f2b73-f0ea-5d66-8b9f-bb097a281523,,,Phô mai Brie sữa dê (Goat Milk Brie),INGREDIENT,324.0,17.0,27.0,0.5,0.0,0.5,750.0,5a495c98-b00c-4007-aeac-501f3ae8e030,,,"Goat Milk Brie là một loại pho mát chín mềm mang đến sự thay thế đặc biệt cho brie sữa bò truyền thống. Phô mai kem này có vỏ màu trắng đục và có lớp bên trong mịn, dễ phết và ngày càng trở nên phức tạp khi chín. Mặc dù có mùi nấm đặc trưng của brie, nhưng nó mang hương vị thơm đặc trưng của sữa dê và có xu hướng dễ tiêu hóa hơn đối với những người nhạy cảm với protein sữa bò.",75
a2b29dbc-74ea-5bc0-a78d-ce6175614db6,,,Phô mai Comté (Comté Cheese),DISH,411.0,29.5,32.5,1.92,0.0,1.92,400.0,5a495c98-b00c-4007-aeac-501f3ae8e030,,,"Comté là một loại pho mát sữa bò của Pháp được sản xuất ở vùng Franche-Comté ở miền đông nước Pháp. Loại phô mai bán cứng này được biết đến với hương vị phức hợp, béo ngậy và hơi ngọt, hình thành trong quá trình ủ lâu, thường từ 4 đến 36 tháng. Kết cấu chắc và mịn, với các cấu trúc tinh thể nhỏ tạo thêm cảm giác giòn dễ chịu, khiến nó trở thành một loại phô mai đa năng để dùng làm đồ ăn vặt và nấu nướng.",75
52126dff-a808-529c-bf93-7477346156bb,,,Phô mai Boursin (Boursin Cheese),DISH,414.0,6.9,41.4,3.4,0.0,3.4,517.0,5a495c98-b00c-4007-aeac-501f3ae8e030,,,"Boursin là một loại phô mai có vị kem, có nguồn gốc từ Normandy, Pháp. Loại phô mai mềm, dễ phết này được biết đến với hương vị đặc biệt, phổ biến nhất là tỏi và các loại thảo mộc, được truyền khắp phô mai. Kết cấu giòn nhưng mịn của nó khiến nó trở nên lý tưởng để phết lên bánh quy giòn, kết hợp với nước sốt hoặc nhồi thịt gia cầm và rau quả, tạo thêm hương vị đậm đà và thơm ngon cho các món ăn.",75
56529543-c825-5d6f-944c-9cd23d953627,,,Phô mai cheddar thuần chay (Vegan Cheddar Cheese),DISH,300.0,5.0,25.0,8.0,2.0,2.0,400.0,5a495c98-b00c-4007-aeac-501f3ae8e030,,,"Phô mai cheddar thuần chay là một loại phô mai thay thế có nguồn gốc thực vật được thiết kế để tái tạo hương vị đậm đà và kết cấu hơi cứng của phô mai cheddar truyền thống bằng cách sử dụng các nguyên liệu như dầu dừa, tinh bột hoặc các loại hạt. Nhiều loại được bổ sung vitamin B12 và không chứa cholesterol, mặc dù chúng thường có hàm lượng natri cao hơn phô mai sữa. Khả năng tan chảy được cải thiện so với các loại phô mai thuần chay trước đó khiến nó phù hợp với bánh mì nướng, mì ống không sữa và lớp phủ trên bánh mì kẹp thịt làm từ thực vật trong khi vẫn duy trì được chứng nhận không chứa lactose và không có sản phẩm động vật.",75
8de8326f-ac16-5b7e-a93b-9536d09991d9,,,Bột lòng trắng trứng (Powdered Egg Whites),INGREDIENT,376.0,82.4,0.04,4.47,0.0,0.0,1239.0,5a495c98-b00c-4007-aeac-501f3ae8e030,,,"Lòng trắng trứng dạng bột là dạng lòng trắng trứng tươi đã khử nước, được chế biến để tạo ra nguồn protein ổn định, lý tưởng cho việc nấu ăn và dinh dưỡng thể hình. Sản phẩm không chứa chất béo, không chứa cholesterol này vẫn giữ được protein chất lượng cao của lòng trắng trứng tươi (thường là 10-12g mỗi khẩu phần) đồng thời loại bỏ độ ẩm để bảo quản lâu hơn. Bột hoàn nguyên ngay lập tức với nước và được thanh trùng để đảm bảo an toàn, khiến nó trở thành một lựa chọn thuận tiện cho các món nướng, sinh tố hoặc các công thức nấu ăn ít chất béo cần kiểm soát khẩu phần chính xác.",75
06eef2c4-9c70-5d83-bf59-3c2d76a5177e,,,Phô mai Appenzeller (Appenzeller Cheese),DISH,394.0,25.0,31.0,0.0,0.0,0.0,600.0,5a495c98-b00c-4007-aeac-501f3ae8e030,,,"Appenzeller là một loại phô mai truyền thống của Thụy Sĩ được biết đến với hương vị đặc biệt có nguồn gốc từ nước muối thảo dược bí mật. Phô mai sữa bò cứng này được sản xuất ở vùng Appenzell của Thụy Sĩ, theo truyền thống hàng thế kỷ. Phô mai được ủ trong vài tháng, trong thời gian đó nó phát triển một hương vị phức tạp, thơm ngon với hương trái cây và hạt dẻ, khiến nó trở nên tuyệt vời cho cả món ăn vặt và nấu ăn.",75
2e3dfc64-4b19-5bf9-a598-a39c9516cb64,,,Phô mai Camembert (Camembert Cheese),DISH,300.0,19.8,24.3,0.46,0.0,0.46,842.0,5a495c98-b00c-4007-aeac-501f3ae8e030,,,"Camembert là một loại phô mai mềm, mịn, chín bề mặt có nguồn gốc từ Normandy, Pháp. Loại phô mai này được biết đến với hương vị béo ngậy, béo ngậy cùng với mùi đất đậm đà khi nó trưởng thành. Lớp vỏ hoa ăn được bao bọc bên trong mịn, gần như chảy nước khi chín hoàn toàn, mang lại hương vị phức tạp giúp phân biệt với brie, loại có hương vị nhẹ hơn.",75
53525182-1dd3-54ae-b9ce-a6ea20d6a9d9,,,Phô mai xanh Maytag (Maytag Blue Cheese),DISH,375.0,21.4,30.4,2.7,0.0,2.7,1125.0,5a495c98-b00c-4007-aeac-501f3ae8e030,,,"Phô mai xanh Maytag là một loại phô mai xanh thủ công của Mỹ được chế biến từ sữa bò tiệt trùng và ủ trong hang động đá vôi để phát triển đặc tính đặc trưng của nó. Loại pho mát có nguồn gốc từ Iowa này có cấu trúc cân bằng về kết cấu dạng kem và hương vị đậm đà, thơm ngon, với đường vân xanh lam từ nấm mốc Penicillium roqueforti. Mặc dù giàu protein và canxi nhưng nó có vị mặn rõ rệt và hàm lượng chất béo 50% tạo nên chìa khóa kiểm soát khẩu phần cho người dùng quan tâm đến dinh dưỡng. Nó tỏa sáng khi vụn trên món salad, trộn vào nước sốt hoặc kết hợp với trái cây và các loại hạt.",75
be2f0687-0e33-5f47-a2b1-e7387a62b9c5,,,Phô mai thuần chay phết (Vegan Cheese Spread),DISH,370.0,5.5,35.6,6.9,1.4,5.5,500.0,5a495c98-b00c-4007-aeac-501f3ae8e030,,,"Phết phô mai thuần chay là một loại thay thế không chứa sữa thường được chế biến từ các loại thực vật như hạt điều, hạnh nhân hoặc đậu nành, được thiết kế để tái tạo kết cấu kem và hương vị thơm của phết sữa truyền thống. Nhiều loại được bổ sung các chất dinh dưỡng như vitamin B12 và canxi, mặc dù một số công thức có thể chứa chất béo bão hòa cao từ dầu dừa. Sản phẩm có thể phết này hoạt động tốt như chất độn bánh sandwich, phủ bánh quy giòn hoặc nhúng rau, phục vụ cho chế độ ăn thuần chay, nhạy cảm với đường sữa và có ý thức về cholesterol.",75
daf0d68a-0293-5fa1-a2b0-f63ee4555996,,,"Phô mai Roquefort, dạng vụn (Roquefort Cheese, Crumbled)",DISH,369.0,21.5,30.6,2.0,0.0,2.0,1810.0,5a495c98-b00c-4007-aeac-501f3ae8e030,,,"Roquefort là một loại phô mai xanh có nguồn gốc từ miền Nam nước Pháp, được chế biến từ sữa cừu và ủ trong hang động, tạo nên những đường gân xanh đặc trưng và hương vị cay nồng. Phô mai có kết cấu giòn, ẩm và vị mặn, đậm đà theo thời gian. Roquefort thường được nghiền nát trong món salad, trộn vào nước sốt hoặc dùng như một phần của bảng pho mát, cung cấp nguồn canxi và protein phong phú.",75
f1937503-d43d-5649-995a-d8165e4592ff,,,Sốt kiểu phô mai thuần chay (Vegan Cheese-Style Sauce),DISH,419.0,3.0,41.94,3.0,0.5,1.0,400.0,5a495c98-b00c-4007-aeac-501f3ae8e030,,,"Nước sốt kiểu phô mai thuần chay là một loại thay thế không chứa sữa thường được làm từ các loại hạt, rau hoặc đậu kết hợp với men dinh dưỡng để tạo ra hương vị giống phô mai. Loại nước sốt làm từ thực vật này thường có các thành phần như hạt điều, khoai tây hoặc cà rốt trộn với gia vị để tạo ra một loại kem có độ đặc sệt, linh hoạt tương tự như nước sốt phô mai truyền thống. Mặc dù có hàm lượng canxi thấp hơn so với các sản phẩm thay thế từ sữa, nhưng nó thường cung cấp các chất dinh dưỡng có lợi từ các thành phần thực phẩm nguyên chất, đồng thời là lựa chọn phù hợp cho những người tránh các sản phẩm từ sữa.",75
e9831719-8829-544a-8a63-1557f087e1e5,,,Sữa đặc có đường ít béo (Low-Fat Sweetened Condensed Milk),INGREDIENT,300.0,10.0,5.0,60.0,0.0,60.0,125.0,5a495c98-b00c-4007-aeac-501f3ae8e030,,,"Sữa đặc có đường ít béo là một sản phẩm sữa ít béo được làm bằng cách loại bỏ nước khỏi sữa gầy và trộn với đường, tạo ra kết cấu đặc, dạng siro. Mặc dù chứa ít chất béo hơn khoảng 50% so với sữa đặc có đường truyền thống nhưng nó vẫn giữ được hàm lượng đường và mật độ calo tương tự, khiến việc kiểm soát khẩu phần trở nên quan trọng đối với những người dùng quan tâm đến lượng calo. Thành phần ổn định khi bảo quản này thường được sử dụng để tăng thêm vị ngọt và độ kem cho món tráng miệng, đồ uống cà phê và đồ nướng mà không có đầy đủ hàm lượng chất béo như phiên bản gốc.",75
0027eb30-31bf-5e7a-b1ba-a0a3f3d3afc7,,,Lòng đỏ trứng dạng lỏng (Liquid Egg Yolks),INGREDIENT,321.0,15.9,28.0,3.59,0.0,0.32,55.0,5a495c98-b00c-4007-aeac-501f3ae8e030,,,"Lòng đỏ trứng lỏng được tiệt trùng, lòng đỏ trứng tách riêng được bán ở dạng có thể rót được để đảm bảo độ chính xác và tiện lợi trong nấu nướng. Chúng cung cấp một lượng lớn cholesterol và chất béo trong chế độ ăn uống, cùng với các vitamin tan trong chất béo A, D, E và B12, nhưng lại thiếu protein có trong lòng trắng trứng. Thường được sử dụng trong sữa trứng, nước sốt như sốt hollandaise và các món nướng yêu cầu kết cấu đậm đà, chúng loại bỏ nhu cầu tách trứng thủ công đồng thời kéo dài thời hạn sử dụng so với trứng nguyên vỏ.",75
21f49b5f-6c74-5b40-b590-6a061ff78b78,,,Phô mai xanh Stilton (Stilton Blue Cheese),DISH,410.0,23.7,35.0,0.1,0.0,0.1,800.0,5a495c98-b00c-4007-aeac-501f3ae8e030,,,"Stilton là một loại phô mai xanh có nguồn gốc được bảo hộ từ Anh, được công nhận bởi đường vân màu xanh lam phức tạp và kết cấu dạng kem nhưng vẫn giòn. Phô mai sữa bò này phát triển hương vị đậm đà, thơm và vị mặn đậm đà trong suốt 6-12 tuần ủ, tạo thành một trong những loại phô mai xanh phức tạp nhất. Mặc dù giàu dinh dưỡng với canxi và protein, nhưng hàm lượng chất béo bão hòa và natri cao của nó đáng được nhận biết. Các món ăn truyền thống có thể kết hợp từ lê và rượu vang port đến món salad phủ quả óc chó.",75
4c5fee79-787c-5165-ada9-7c6327061d0c,,,Sữa chua hành tây nhúng (Yogurt-Based Onion Dip),DISH,150.0,6.7,6.7,13.3,0.5,5.0,600.0,5a495c98-b00c-4007-aeac-501f3ae8e030,,,"Nhúng hành tây làm từ sữa chua là một loại gia vị thơm ngon được làm bằng cách trộn sữa chua lên men với hành, tỏi và rau thơm caramen. Loại thay thế nhẹ hơn cho nước chấm kem chua truyền thống này vẫn giữ được kết cấu kem đồng thời cung cấp hàm lượng protein và men vi sinh cao hơn từ sữa chua. Hành tây nấu chín chậm mang lại vị ngọt, vị umami đậm đà, giúp phân biệt với hành tây sống chấm, khiến nó trở thành sự kết hợp linh hoạt với rau tươi, khoai tây chiên hoặc phết bánh sandwich.",75
402c2f30-f6a5-5018-aab1-537a1b71becc,,,Kefir sữa đậu nành (Soy Milk Kefir),INGREDIENT,45.0,3.5,2.0,3.5,0.2,3.3,45.0,5a495c98-b00c-4007-aeac-501f3ae8e030,,,"Sữa đậu nành kefir là một loại đồ uống lên men không chứa sữa được làm bằng cách nuôi cấy sữa đậu nành với ngũ cốc kefir hoặc men vi sinh. Loại thay thế dựa trên thực vật này cho kefir sữa truyền thống cung cấp cả men vi sinh có lợi và protein hoàn chỉnh từ đậu nành, đồng thời duy trì cấu hình dạng kem, thơm tương tự như đối tác sữa của nó. Loại không đường mang lại hương vị thuần khiết, đậm đà mà không thêm đường, phù hợp với cả chế độ ăn thuần chay và những người tránh sữa hoặc thêm chất ngọt.",75
8ff49041-ea68-5866-b7c7-0c1022e1b401,,,Phô mai Bleu d'Auvergne (Bleu d'Auvergne Cheese),DISH,341.0,21.0,28.0,1.0,0.0,0.5,1160.0,5a495c98-b00c-4007-aeac-501f3ae8e030,,,"Bleu d'Auvergne là một loại phô mai xanh của Pháp được làm từ sữa bò ở vùng Auvergne của Pháp. Phô mai này được đặc trưng bởi kết cấu kem, hơi vụn và hương vị cay nồng, thoảng chút hạt phỉ. Các đường gân xanh là kết quả của nấm mốc Penicillium Roqueforti, góp phần tạo nên mùi thơm và hương vị đặc biệt của nó.",75
83aa9347-69dc-58be-8c87-f12873debef3,,,Phô mai ricotta sữa dê (Goat Milk Ricotta Cheese),INGREDIENT,107.14,10.71,6.25,3.57,0.0,1.79,535.71,5a495c98-b00c-4007-aeac-501f3ae8e030,,,"Sữa dê ricotta là một loại phô mai Ý tươi truyền thống được làm từ váng sữa và sữa nguyên chất của dê, tạo ra kết cấu nhẹ hơn và hương vị thơm hơn so với các loại sữa bò. Phô mai mềm, dễ phết này mang lại khả năng tiêu hóa dễ dàng hơn nhờ cấu trúc protein độc đáo của sữa dê và hàm lượng lactose thấp hơn, đồng thời cung cấp hàm lượng canxi và protein cao. Độ đặc dạng kem của nó với tông màu cỏ tinh tế có tác dụng tốt như nhau trong các món ăn mặn như mì ống nhồi và các món tráng miệng ngọt ngào.",75
c04960ad-ede4-584d-89b1-1ee0a69bb7a0,,,Phô mai Jack khô (Dry Jack Cheese),INGREDIENT,370.0,24.0,30.0,1.0,0.0,1.0,750.0,5a495c98-b00c-4007-aeac-501f3ae8e030,,,"Dry Jack là một loại pho mát lâu đời của Mỹ, ban đầu giống như Monterey Jack thông thường nhưng trải qua quá trình lão hóa kéo dài từ 7-10 tháng, phát triển kết cấu dạng hạt, chắc chắn tương tự như Parmesan. Quá trình lão hóa này tạo ra hương vị đậm đà, hấp dẫn với hương caramel tinh tế, đồng thời tập trung hàm lượng protein và canxi. Ban đầu được phát triển ở San Francisco trong Thế chiến I với tư cách là một chất thay thế Parmesan, nó rất tuyệt vời để nghiền và có thể được sử dụng trong cả nấu ăn lẫn như một loại pho mát để bàn độc lập.",75
cf1dd35b-c90d-5eaa-ac6a-73fc85018a4a,,,Phô mai Roquefort (Roquefort Cheese),DISH,369.0,21.5,30.6,2.0,0.0,2.0,1810.0,5a495c98-b00c-4007-aeac-501f3ae8e030,,,"Roquefort là một loại phô mai xanh có nguồn gốc từ Roquefort-sur-Soulzon, Pháp và là một trong những loại phô mai lâu đời nhất và nổi tiếng nhất thế giới. Nó được làm từ sữa cừu và được ủ trong các hang động Combalou tự nhiên của Roquefort, nơi nó phát triển những đường gân xanh đặc trưng từ nấm mốc Penicillium roqueforti. Phô mai này có hương vị đậm đà, thơm và mặn với kết cấu vụn, đồng thời là nguồn cung cấp canxi và protein tốt.",75
2861a4db-8d71-50d9-97bb-f19d5014084f,,,Phô mai Brie kem ba (Triple Cream Brie Cheese),DISH,393.0,14.3,39.3,0.5,0.0,0.5,500.0,5a495c98-b00c-4007-aeac-501f3ae8e030,,,"Triple Cream Brie là một loại phô mai mềm của Pháp nổi bật nhờ hàm lượng chất béo bơ đặc biệt cao, đạt được nhờ việc bổ sung kem trong quá trình sản xuất. Chứa ít nhất 75% chất béo sữa, loại Brie hấp dẫn này mang lại kết cấu đậm đà hơn, béo hơn so với Brie truyền thống, với hương vị bơ nhẹ nhàng kết hợp tốt với trái cây và bánh mì giòn. Mặc dù giàu dinh dưỡng với lượng calo và chất béo bão hòa, nó cung cấp lượng canxi đáng kể và là sự lựa chọn cao cấp cho những dịp đặc biệt hoặc những miếng pho mát dành cho người sành ăn.",75
f43b7364-3664-54cd-903d-26e50307cdd3,,,Sữa chua gai dầu (Hemp Yogurt),DISH,87.0,6.7,2.7,9.3,2.0,5.3,30.0,5a495c98-b00c-4007-aeac-501f3ae8e030,,,"Sữa chua gai dầu là một sản phẩm thay thế sữa chua có nguồn gốc thực vật được làm từ sữa hạt cây gai dầu được nuôi cấy. Lựa chọn không có sữa này cung cấp nguồn protein hoàn chỉnh cùng với các axit béo omega-3 và omega-6 có lợi tự nhiên có trong hạt cây gai dầu. Loại không đường mang lại hương vị tinh tế, hấp dẫn với kết cấu dạng kem tương tự như sữa chua truyền thống, đồng thời quá trình lên men tạo ra các chế phẩm sinh học có lợi mà không cần thêm đường.",75
503e4c4c-8257-54f6-bf10-15bd9051c54c,,,Phô mai Havarti thuần chay (Vegan Havarti Cheese),DISH,275.0,7.0,22.0,3.0,1.0,1.0,350.0,5a495c98-b00c-4007-aeac-501f3ae8e030,,,"Vegan Havarti là một loại phô mai thay thế làm từ thực vật được thiết kế để tái tạo kết cấu kem và hương vị bơ nhẹ của Havarti truyền thống của Đan Mạch. Thường được làm từ hạt điều, dầu dừa hoặc protein đậu, nó đạt được độ mịn, có thể cắt lát thông qua quá trình lên men có kiểm soát và chất làm đặc có nguồn gốc từ thực vật. Phiên bản không có sữa này thường chứa ít chất béo bão hòa hơn so với phiên bản sữa và thường được bổ sung vitamin B12, khiến nó trở thành lựa chọn thiết thực cho chế độ ăn thuần chay. Nó tan chảy hiệu quả khi dùng làm bánh mì nướng hoặc nước sốt mà không chứa cholesterol và lactose.",75
11703cad-a0df-5aa5-8604-97bd8a5c586d,,,Phô mai Thụy Sĩ thuần chay (Vegan Swiss Cheese),DISH,350.0,4.0,30.0,8.0,2.5,3.5,250.0,5a495c98-b00c-4007-aeac-501f3ae8e030,,,"Phô mai Thụy Sĩ thuần chay là một loại thay thế có nguồn gốc thực vật được thiết kế để bắt chước hương vị nhẹ nhàng, hấp dẫn và các lỗ đặc trưng của phô mai Thụy Sĩ truyền thống. Thường được làm từ các nguyên liệu như dầu dừa, tinh bột khoai tây và hương vị tự nhiên, sản phẩm không chứa sữa này nhằm mục đích tái tạo cả hương vị và đặc tính tan chảy của sản phẩm sữa. Mặc dù có hàm lượng protein thấp hơn so với phô mai Thụy Sĩ truyền thống, nhưng nó cung cấp một lựa chọn không chứa cholesterol, phù hợp với chế độ ăn kiêng dựa trên thực vật, không có sữa và kosher.",75
d870beb5-f7be-5775-b70d-2fb4d9eabacf,,,Kem phủ sữa hạnh nhân đánh bông (Almond Milk Whipped Topping),INGREDIENT,200.0,3.0,10.0,25.0,0.0,22.0,50.0,5a495c98-b00c-4007-aeac-501f3ae8e030,,,"Topping sữa hạnh nhân đánh bông là một loại kem thay thế không chứa sữa cho kem đánh bông truyền thống, được làm chủ yếu từ sữa hạnh nhân và các thành phần ổn định. Sản phẩm làm từ thực vật này có kết cấu nhẹ, thoáng tương tự như kem đánh bông thông thường, mặc dù nó có thể có hương vị hạt dẻ hơn một chút. Thường được sử dụng làm lớp phủ tráng miệng hoặc trang trí đồ uống, nó cung cấp một lựa chọn ít calo hơn, không chứa cholesterol phù hợp với nhu cầu ăn chay, không có sữa và không dung nạp lactose.",75
9e5c59c6-e5df-51ad-b330-09ee05d70361,,,Sữa dê ít béo (Reduced-Fat Goat's Milk),INGREDIENT,41.67,3.33,1.04,4.58,0.0,4.58,50.0,5a495c98-b00c-4007-aeac-501f3ae8e030,,,"Sữa dê ít béo là sản phẩm sữa được tạo ra bằng cách loại bỏ một phần hàm lượng kem tự nhiên khỏi sữa dê nguyên chất. Quá trình này làm giảm hàm lượng calo và chất béo bão hòa trong khi vẫn duy trì hàm lượng protein, canxi và các vitamin thiết yếu như riboflavin ở mức cao. Với hương vị hơi thơm và các hạt chất béo nhỏ hơn tự nhiên giúp tăng cường khả năng tiêu hóa, nó được dùng như một lựa chọn thay thế phổ biến cho những người nhạy cảm với sữa bò hoặc đang tìm kiếm một lựa chọn nhẹ nhàng hơn cho các ứng dụng đồ uống, làm pho mát và nướng bánh.",75
c7761366-5232-56db-9c83-b3f362fe76dd,,,Bột sữa mạch nha (Malted Milk Powder),INGREDIENT,428.0,14.29,9.52,71.21,0.1,47.62,405.0,5a495c98-b00c-4007-aeac-501f3ae8e030,,,"Sữa bột mạch nha là một sản phẩm ổn định khi bảo quản được làm từ lúa mạch mạch nha, bột mì và sữa nguyên chất cô đặc đã được sấy khô thành bột mịn. Thành phần có hương vị ngọt ngào, hấp dẫn này ban đầu được phát triển như một chất bổ sung dinh dưỡng, chứa protein, vitamin B và khoáng chất từ ​​ngũ cốc mạch nha và sữa. Nó thường được sử dụng trong làm bánh, sữa lắc và đồ uống nóng để mang lại hương vị mạch nha đặc biệt và tăng cường màu nâu cho các món nướng.",75
1d7cbfef-bbbc-5aea-b631-c6dde2e1c06a,,,Phô mai viên (Cheese Balls),DISH,427.0,18.0,38.0,5.3,0.0,5.3,700.0,5a495c98-b00c-4007-aeac-501f3ae8e030,,,"Phô mai viên là một loại thực phẩm ăn nhẹ chế biến được làm từ bột ngô, dầu thực vật và bột phô mai, có đặc điểm là màu cam sáng và kết cấu xốp, giòn. Những quả cầu vừa ăn này được tạo ra thông qua quá trình ép đùn và phồng nhằm tối đa hóa độ giòn đồng thời tập trung calo từ carbohydrate và chất béo. Mặc dù phổ biến như đồ ăn nhẹ trong bữa tiệc vì hương vị phô mai đậm đà, chúng thường chứa hàm lượng natri cao và các chất phụ gia nhân tạo với hàm lượng protein hoặc chất dinh dưỡng thiết yếu tối thiểu.",75
f25bf04c-bfe1-5169-9edb-1ea4e4ec29cf,,,Phô mai Gouda thuần chay (Vegan Gouda Cheese),DISH,350.0,5.0,25.0,25.0,1.0,0.0,900.0,5a495c98-b00c-4007-aeac-501f3ae8e030,,,"Gouda thuần chay là một loại pho mát thay thế làm từ thực vật được thiết kế để tái tạo kết cấu bán cứng và hương vị khói, hơi ngọt của Gouda truyền thống của Hà Lan. Thường được làm từ hạt điều, dầu dừa hoặc protein đậu, nó cung cấp nguồn chất béo không có sữa và thường chứa vitamin bổ sung đồng thời ít chất béo bão hòa hơn so với sản phẩm từ sữa. Công thức này cho phép tan chảy trơn tru, phù hợp với bánh mì nướng, pho mát và các phiên bản làm từ thực vật của các món ăn kiểu Châu Âu.",75
34cd825b-adf4-5dee-b7a3-bfdc681b0fe6,,,Sữa mạch nha (Malted Milk),INGREDIENT,428.0,9.5,10.0,71.0,2.0,35.0,150.0,5a495c98-b00c-4007-aeac-501f3ae8e030,,,"Sữa mạch nha là một sản phẩm thực phẩm dạng bột được làm bằng cách kết hợp lúa mạch mạch nha, bột mì và sữa nguyên chất cô đặc. Loại bột ngọt này phát triển hương vị đặc biệt thông qua quá trình ngũ cốc được ủ mạch nha (nảy mầm và sấy khô) trước khi kết hợp với sữa và khử nước. Ban đầu được phát triển như một chất bổ sung dinh dưỡng vào những năm 1880, sữa mạch nha hiện nay chủ yếu được sử dụng trong sữa lắc, đồ nướng và bánh kẹo nhờ hương vị ngọt ngào và hấp dẫn độc đáo.",75
1e880d9f-0181-5ba2-be0d-8fe2875b02fd,,,Trứng nguyên quả sấy khô (Dried Whole Egg),INGREDIENT,583.0,48.8,41.3,2.2,0.0,0.47,497.0,5a495c98-b00c-4007-aeac-501f3ae8e030,,,"Trứng khô nguyên quả là dạng trứng tươi đã khử nước được sản xuất thông qua quy trình sấy phun để bảo toàn hàm lượng dinh dưỡng của trứng đồng thời kéo dài thời hạn sử dụng. Sản phẩm dạng bột này duy trì chất lượng protein của trứng tươi và có thể được hoàn nguyên bằng nước để có được chất lượng tương đương trứng tươi trong hầu hết các ứng dụng nấu ăn. Khi được bảo quản đúng cách trong hộp kín, trứng khô nguyên quả sẽ cung cấp nguồn protein ổn định và giữ được giá trị dinh dưỡng trong vài tháng.",75
49b9b9a6-04ec-5bb7-844c-b35bcf2a6059,,,Phô mai Pont-l'Évêque (Pont-l'Évêque Cheese),DISH,300.0,21.6,23.0,1.5,0.0,1.5,680.0,5a495c98-b00c-4007-aeac-501f3ae8e030,,,"Pont-l'Évêque là một loại phô mai mềm, hình vuông có nguồn gốc từ vùng Normandy của Pháp, khiến nó trở thành một trong những loại phô mai Norman lâu đời nhất vẫn còn được sản xuất. Loại phô mai rửa sạch này có kết cấu dạng kem, dẻo và mùi thơm cay nồng tương phản với hương vị nhẹ nhàng, hấp dẫn đáng ngạc nhiên của nó. Phô mai theo truyền thống được làm từ sữa bò và ủ trong vài tuần, trong thời gian đó nó sẽ có vỏ màu cam đặc trưng.",75
7bf44719-6725-53f4-b32c-bdb10419202b,,,Phô mai Kefalotyri (Kefalotyri Cheese),DISH,370.0,22.0,29.0,3.5,0.0,3.5,930.0,5a495c98-b00c-4007-aeac-501f3ae8e030,,,"Kefalotyri là một loại phô mai cứng, mặn có nguồn gốc từ Hy Lạp và Síp. Được làm từ sữa cừu hoặc sữa dê (hoặc kết hợp), nó có hương vị đậm đà, đậm đà theo độ tuổi. Kết cấu dạng hạt, chắc của nó khiến nó thích hợp để nghiền trên các món mì ống hoặc sử dụng trong các món nướng, trong khi kefalotyri non hơn có thể được thưởng thức như một loại pho mát để bàn, thường được rưới dầu ô liu.",75
94866e15-5685-5e40-b975-685d59ead556,,,Phô mai Reblochon (Reblochon Cheese),DISH,338.0,24.0,28.0,0.5,0.0,0.5,821.0,5a495c98-b00c-4007-aeac-501f3ae8e030,,,"Reblochon là một loại pho mát vỏ bán cứng, có nguồn gốc từ dãy Alps của Pháp. Phô mai này được làm từ sữa bò và có hương vị trái cây và hạt đặc biệt với kết cấu kem mịn. Theo truyền thống, Reblochon được sản xuất từ ​​​​lần vắt sữa bò thứ hai, giàu chất béo hơn. Nó là thành phần chính trong món ăn truyền thống của Savoyard, Tartiflette, và cũng được thưởng thức riêng hoặc như một phần của bảng phô mai.",75
4c81ad74-fb01-570f-a537-1da9eaa71b9d,,,Phô mai Taleggio (Taleggio Cheese),DISH,315.0,19.0,25.0,2.0,0.0,2.0,1160.0,5a495c98-b00c-4007-aeac-501f3ae8e030,,,"Tallegio là một loại phô mai vỏ mềm, có nguồn gốc từ vùng Val Taleggio của Ý. Mặc dù có mùi thơm cay nồng nhưng pho mát lại mang đến hương vị nhẹ nhàng đáng ngạc nhiên với hương trái cây và hương thơm. Kết cấu của nó là dạng kem và mịn, trở nên rõ rệt hơn khi để lâu, khiến nó trở nên tuyệt vời khi tan chảy hoặc thưởng thức trên bảng phô mai với trái cây và các loại hạt.",75
badf5b8f-b084-50b0-8ff4-ceb644de264e,,,Phô mai Ricotta sữa trâu (Buffalo Milk Ricotta),INGREDIENT,194.0,12.6,14.5,3.4,0.0,3.4,300.0,5a495c98-b00c-4007-aeac-501f3ae8e030,,,"Buffalo milk ricotta là loại phô mai whey cao cấp được làm từ sữa trâu nước Ý theo truyền thống, nổi bật bởi kết cấu kem đặc biệt và hương vị đậm đà. Phô mai đặc sản này chứa hàm lượng protein và chất béo bơ cao hơn phô mai ricotta sữa bò, mang lại cảm giác ngon miệng hơn và hương vị đậm đà hơn. Đặc tính tinh tế, hơi ngọt và khả năng giữ ẩm vượt trội khiến nó đặc biệt được đánh giá cao trong cả các món ăn ngọt và mặn của Ý, từ bánh cannoli cho đến nhân mì ống.",75
27f29dd0-527c-5b05-b85f-293586bc6aaf,,,Phô mai Fourme d'Ambert (Fourme d'Ambert Cheese),DISH,340.0,20.0,28.0,2.0,0.0,0.5,1000.0,5a495c98-b00c-4007-aeac-501f3ae8e030,,,"Fourme d'Ambert là một loại phô mai xanh bán cứng của Pháp có nguồn gốc từ vùng Auvergne. Loại phô mai sữa bò này có đặc điểm là hình trụ, kết cấu dạng kem và hương vị phô mai xanh nhẹ nhàng, hơi ngọt. Đường vân xanh tinh tế của nấm mốc khắp pho mát góp phần tạo nên hương vị và mùi thơm đặc biệt của nó, khiến nó trở thành một loại pho mát đa năng thích hợp cho cả làm pho mát và các ứng dụng ẩm thực.",75
1de77404-33a4-573c-8f79-8cce3ab15372,,,Phô mai Brie giảm béo (Reduced-Fat Brie Cheese),DISH,270.0,21.0,20.0,0.5,0.0,0.5,600.0,5a495c98-b00c-4007-aeac-501f3ae8e030,,,"Phô mai Brie giảm béo là phiên bản nhẹ hơn của loại phô mai mềm cổ điển của Pháp, được làm bằng sữa gầy một phần để giảm hàm lượng chất béo bão hòa trong khi vẫn giữ được lớp vỏ đặc trưng có thể ăn được. Mặc dù có hương vị hơi cứng và nhẹ hơn so với Brie truyền thống, nhưng nó vẫn giữ được kết cấu kem thích hợp cho bánh mì sandwich và salad. Biến thể này cung cấp ít chất béo hơn khoảng 25% so với Brie thông thường nhưng cung cấp lượng protein tương đương, khiến nó trở thành một lựa chọn thiết thực cho chế độ ăn kiêng hạn chế calo nhưng vẫn ưu tiên hương vị đậm đà từ sữa.",75
20120e50-94de-52c4-b002-0f68bb063843,,,Sữa dê không chứa lactose (Lactose-Free Goat's Milk),INGREDIENT,69.0,4.0,4.0,4.0,0.0,4.0,50.0,5a495c98-b00c-4007-aeac-501f3ae8e030,,,"Sữa dê không chứa Lactose là một loại đồ uống từ sữa được xử lý bằng enzyme lactase để phân hủy đường sữa, cung cấp một giải pháp thay thế dễ tiêu hóa cho những người không dung nạp đường sữa trong khi vẫn giữ được lợi ích dinh dưỡng tự nhiên của sữa dê. Nó duy trì kết cấu kem đặc trưng và hương vị hơi thơm của sữa dê truyền thống, cung cấp canxi, protein và axit béo chuỗi trung bình ở dạng dễ tiêu hóa hơn sữa bò. Công thức không đường không chứa đường bổ sung, giúp nó có thể thích ứng với cả món ăn mặn và đồ uống mà không tạo ra vị ngọt.",75
b9c17e62-25fc-5705-9b4a-f73c417c86c0,,,Phô mai xanh Roquefort (Roquefort Blue Cheese),DISH,369.0,21.5,30.6,2.0,0.0,2.0,1810.0,5a495c98-b00c-4007-aeac-501f3ae8e030,,,"Roquefort là một loại phô mai xanh của Pháp được làm hoàn toàn từ sữa cừu và được ủ trong các hang động đá vôi tự nhiên, nơi nó phát triển các mạch nấm mốc Penicillium roqueforti đặc trưng. Phô mai cay nồng này mang lại hương vị mặn, sắc nét cùng với hàm lượng canxi và protein đáng chú ý, mặc dù nó cũng chứa nhiều chất béo bão hòa và natri. Kết cấu dạng kem nhưng vẫn xốp của nó khiến nó trở nên lý tưởng để nghiền nát món salad hoặc kết hợp với rượu vang tráng miệng ngọt ngào, đồng thời hương thơm nồng nàn giúp phân biệt nó với các loại phô mai có vân xanh nhẹ hơn.",75
84610584-2a35-53fb-9ef2-0590e4354b6a,,,Sữa cô đặc không chứa lactose (Lactose-Free Evaporated Milk),INGREDIENT,133.0,6.67,6.67,10.0,0.0,10.0,117.0,5a495c98-b00c-4007-aeac-501f3ae8e030,,,"Sữa cô đặc không chứa Lactose là sản phẩm sữa đóng hộp có thời hạn sử dụng ổn định được tạo ra bằng cách loại bỏ 60% nước và toàn bộ đường lactose khỏi sữa tươi. Loại sữa thay thế đậm đặc này vẫn giữ được hàm lượng protein và canxi tự nhiên trong sữa đồng thời dễ tiêu hóa cho những người không dung nạp lactose, với kết cấu đậm đà hơn và vị ngọt hơn một chút so với sữa cô đặc thông thường do phân hủy lactose. Nó đóng vai trò thay thế trực tiếp trong các công thức nấu ăn cần sữa cô đặc, đặc biệt hữu ích trong súp kem, món tráng miệng và kem cà phê, những nơi mong muốn có nhiều sữa mà không gây khó chịu về tiêu hóa.",75
903e0ecb-f070-5531-b28b-b148fb6aee5e,,,Phô mai Beaufort (Beaufort Cheese),DISH,345.0,25.0,30.0,3.7,0.0,0.5,753.0,5a495c98-b00c-4007-aeac-501f3ae8e030,,,"Beaufort là một loại pho mát sữa bò thô, cứng được sản xuất ở dãy núi Alps của Pháp. Loại phô mai này được biết đến với lớp bên trong mịn, màu vàng nhạt, hương vị trái cây và hạt dẻ phức tạp, cùng phần gót lõm đặc biệt. Kết cấu chắc nhưng mịn của nó khiến nó thích hợp cho cả việc nấu chảy và nghiền, và nó thường được thưởng thức riêng hoặc dùng trong các món ăn truyền thống của Savoyard như nước xốt và bánh gratin.",75
1555976b-3b31-52e7-9fa9-c78bb752cf28,,,Sữa đặc thuần chay (Vegan Condensed Milk),INGREDIENT,332.0,1.6,8.6,61.8,0.5,50.2,40.0,5a495c98-b00c-4007-aeac-501f3ae8e030,,,"Sữa đặc thuần chay là một loại sữa thay thế không chứa sữa theo truyền thống được làm bằng cách đun sôi sữa làm từ thực vật (như dừa, đậu nành hoặc yến mạch) với chất làm ngọt cho đến khi đặc lại. Chất lỏng dạng siro đặc này tái tạo vị ngọt và kết cấu đậm đà của sữa đặc thông thường trong khi vẫn không chứa cholesterol và phù hợp với chế độ ăn kiêng không dung nạp lactose. Nó đóng vai trò như một thành phần quan trọng trong các món tráng miệng thuần chay như kẹo mềm không chứa sữa, đế kem và kem cà phê, mặc dù hàm lượng đường đậm đặc cao của nó phản ánh hàm lượng đường đậm đặc của các phiên bản truyền thống.",75
369d5a00-d066-5702-a300-4b8d21f30522,,,Phô mai Saint-Nectaire (Saint-Nectaire Cheese),DISH,360.0,21.0,29.0,1.0,0.0,0.5,821.0,5a495c98-b00c-4007-aeac-501f3ae8e030,,,"Saint-Nectaire là một loại pho mát bán mềm của Pháp được làm từ sữa bò ở vùng Auvergne. Loại phô mai này được biết đến với hương vị đậm đà, đậm đà theo tuổi tác, thường đi kèm với mùi thơm phảng phất của cỏ khô. Vỏ của nó có vẻ ngoài lốm đốm đặc biệt và bên trong có kết cấu mịn như kem, trở nên dẻo dai hơn khi chín.",75
c03dd93f-67b9-56be-84ee-731f91284687,,,Trứng cút (Quail Eggs),INGREDIENT,159.0,13.0,11.1,0.41,0.0,0.4,141.0,5a495c98-b00c-4007-aeac-501f3ae8e030,,,"Trứng cút là những quả trứng nhỏ, có đốm do chim cút tạo ra, thường có kích thước bằng 1/3 quả trứng gà. Mặc dù có kích thước nhỏ bé nhưng chúng cung cấp nguồn dinh dưỡng tập trung, bao gồm protein, vitamin và khoáng chất. Hương vị tinh tế và vẻ ngoài hấp dẫn của trứng cút khiến chúng trở thành nguyên liệu phổ biến trong các món khai vị, salad và các món ăn dành cho người sành ăn, thường được dùng luộc chín hoặc ngâm chua.",75
96337cbd-108b-5aae-865d-27a4083ad176,,,Phô mai Tête de Moine (Tête de Moine Cheese),DISH,401.0,25.0,33.0,1.0,0.0,1.0,1050.0,5a495c98-b00c-4007-aeac-501f3ae8e030,,,"Tête de Moine là một loại pho mát Thụy Sĩ có kết cấu hơi cứng, theo truyền thống được cạo thành những hình hoa thị tinh tế bằng một công cụ đặc biệt gọi là Girolle. Phương pháp bào độc đáo này làm tăng mùi thơm và hương vị của phô mai, giải phóng hương vị hấp dẫn, hơi cay của nó. Có nguồn gốc từ vùng Jura của Thụy Sĩ, Tête de Moine có nghĩa là 'đầu của nhà sư', ám chỉ quá trình sản xuất mang tính lịch sử của các nhà sư.",75
2b81869c-9d91-5d65-b28e-e0dc7ea9cac5,,,Trứng ngỗng (Goose Eggs),INGREDIENT,185.0,13.9,13.3,1.35,0.0,0.94,138.0,5a495c98-b00c-4007-aeac-501f3ae8e030,,,"Trứng ngỗng là một loại trứng gia cầm lớn được phân biệt bởi lớp vỏ dày, cứng và lòng đỏ to tương ứng, có hương vị đậm đà. Chứa gần gấp đôi lượng protein và chất béo của trứng gà, chúng mang lại kết cấu kem mịn hơn cho các ứng dụng làm bánh nhưng cũng có hàm lượng cholesterol cao hơn. Mặc dù có sẵn theo mùa vào mùa xuân, nhưng lớp vỏ chắc chắn của chúng đòi hỏi phải bẻ khóa cẩn thận và khiến chúng đặc biệt phù hợp với các món ăn mà độ đậm đà của trứng là điều tối quan trọng.",75
83e99ec0-86d9-5ce9-88fc-1687ef043cd0,,,Phô mai xanh thuần chay (Vegan Blue Cheese),DISH,300.0,1.0,23.0,4.0,1.0,2.0,600.0,5a495c98-b00c-4007-aeac-501f3ae8e030,,,"Phô mai xanh thuần chay là một sản phẩm thay thế phô mai xanh truyền thống có nguồn gốc thực vật, được chế biến từ hạt điều nuôi cấy, dầu dừa hoặc hạnh nhân được cấy nấm mốc Penicillium roqueforti để tái tạo hương vị sắc nét, phức tạp và đường vân đặc trưng. Phiên bản không chứa sữa này duy trì kết cấu dạng kem mịn và vị cay nồng của phiên bản sữa trong khi thường cung cấp hàm lượng chất béo bão hòa thấp hơn. Nhiều loại được bổ sung vitamin B12 và sử dụng kỹ thuật lên men để tăng cường khả năng tiêu hóa, khiến nó trở thành sự lựa chọn hữu ích cho các món ăn chay, nước xốt và các món ăn có phô mai.",75
cd2880bc-edd2-5f2f-a465-ac7199f77c4e,,,Phô mai Époisses (Époisses Cheese),DISH,290.0,17.0,24.0,1.0,0.0,1.0,748.0,5a495c98-b00c-4007-aeac-501f3ae8e030,,,"Époisses là một loại phô mai có vỏ cay nồng, có nguồn gốc từ vùng Burgundy của Pháp. Phô mai sữa bò này được biết đến với hương thơm đậm đà và hương vị đậm đà, phức hợp tăng dần theo độ tuổi. Trong quá trình làm phô mai, vỏ được rửa nhiều lần bằng Marc de Bourgogne, một loại rượu mạnh địa phương, góp phần tạo nên màu đỏ cam đặc trưng và hương vị đậm đà.",75
d2abc8e8-d94a-5644-80bc-d1baf4c2eb1f,,,Hoa bí nhồi phô mai dê (Goat Cheese Stuffed Squash Blossoms),DISH,634.0,12.0,46.0,42.0,2.0,4.0,338.0,5a495c98-b00c-4007-aeac-501f3ae8e030,,,"Hoa bí nhồi phô mai dê là món khai vị tinh tế theo mùa bao gồm bí xanh tươi hoặc hoa bí chứa đầy kem pho mát dê địa phương. Những bông hoa ăn được này thường được đập nhẹ và chiên cho đến khi giòn, tạo ra sự tương phản giữa những cánh hoa mỏng manh, nhân phô mai béo ngậy và bề ngoài giòn. Món ăn từ nông trại đến bàn ăn này thể hiện phong cách ăn uống theo mùa của vùng Tây Bắc Thái Bình Dương, thể hiện sự sẵn có thoáng qua của hoa bí và pho mát thủ công của vùng.",75
c3fa4029-20de-592a-8ca4-099d8189c0cb,,,Bánh mì nướng bơ với trứng (Avocado Toast with Egg),DISH,212.12,7.27,12.12,16.36,4.85,1.21,212.12,5a495c98-b00c-4007-aeac-501f3ae8e030,,,"Bánh mì nướng bơ với trứng là món ăn sáng phổ biến bao gồm bánh mì nướng thủ công phủ bơ nghiền và trứng nấu chín, thường được phục vụ tại các nhà hàng ăn nhanh bình dân. Cách chế biến tiêu chuẩn bao gồm bơ nghiền dày dạn phết lên bánh mì nướng, bên trên là trứng luộc hoặc quá dễ, mặc dù phong cách chế biến có thể khác nhau giữa các địa điểm. Món ăn giàu protein này thường chứa từ 240-640 calo tùy theo kích cỡ khẩu phần, cung cấp chất béo lành mạnh từ quả bơ và lượng protein đáng kể từ trứng.",75
3d9fec6b-f97e-5761-8976-a21789b168ff,,,Sago với nước cốt dừa (Sago with Coconut Milk),INGREDIENT,147.0,1.33,8.33,16.67,0.33,10.0,100.0,5a495c98-b00c-4007-aeac-501f3ae8e030,,,"Sago với nước cốt dừa là một món tráng miệng cổ điển của châu Á với những viên trân châu dai, trong suốt được làm từ tinh bột cọ ăn kèm với nước cốt dừa đậm đà. Món tráng miệng kem này thường được phục vụ ướp lạnh và làm ngọt bằng đường hoặc sữa đặc, tạo nên một món ăn nhiệt đới sang trọng. Mặc dù có hàm lượng calo cao nhờ có nước cốt dừa nhưng món tráng miệng này mang đến trải nghiệm có kết cấu độc đáo với những hạt trân châu giống như bột sắn đặc trưng lơ lửng trong nước kem dừa thơm, mịn.",75
3309956c-a339-5036-ae31-9901e8b64ea6,,,Phô mai kem cà chua khô (Sundried Tomato Cream Cheese),INGREDIENT,228.07,8.77,19.3,8.77,0.0,5.26,701.75,5a495c98-b00c-4007-aeac-501f3ae8e030,,,"Phô mai kem cà chua khô là một loại phết có hương vị kết hợp phô mai kem truyền thống với những miếng cà chua khô và các gia vị bổ sung như tỏi và rau thơm. Món phết thơm ngon, đậm đà này mang lại hương vị đậm đà trong khi vẫn duy trì kết cấu mịn, dễ phết đặc trưng của phô mai kem. Thường được tìm thấy ở các cửa hàng bánh mì tròn, nó cung cấp một lựa chọn thay thế có hương vị hơn cho phô mai kem thông thường trong khi chứa hàm lượng chất béo và calo tương tự trên mỗi khẩu phần.",75
b191ab3d-12ca-585f-a50f-40882a63a370,,,Phô mai ớt nhúng (Chili Cheese Dip),DISH,422.22,13.33,26.67,31.11,4.44,6.67,888.89,5a495c98-b00c-4007-aeac-501f3ae8e030,,,"Chili Cheese Dip là món khai vị dạng kem có ớt kiểu Cincinnati trộn với phô mai tan chảy, đặc biệt nhờ thành phần gia vị độc đáo bao gồm quế và hạt tiêu. Món nhúng đậm đà này kết hợp thịt bò xay dày dặn với nền cà chua với phô mai sắc nét hoặc đã qua chế biến, tạo ra độ đặc ấm, mịn lý tưởng để chấm. Theo truyền thống được phục vụ với khoai tây chiên hoặc bánh quy giòn ở các tiệm ớt Cincinnati, món này mang đến một phiên bản đậm đặc của hương vị đặc trưng của vùng.",75
dd727cba-df5f-556a-85ce-dd38f348369e,,,Bát granola và sữa chua (Granola and Yogurt Bowl),DISH,140.85,7.23,3.4,20.0,2.13,13.15,63.83,5a495c98-b00c-4007-aeac-501f3ae8e030,,,"Granola và Yogurt Bowl là một món ăn sáng nhiều lớp thường được phục vụ tại các quán nước ép trái cây và quán cà phê, với lớp nền là sữa chua kem phủ granola giòn, trái cây tươi và nhiều loại hạt hoặc hạt khác nhau. Món ăn giàu protein này thường bao gồm mật ong hoặc các chất làm ngọt khác, khiến nó trở thành một lựa chọn ăn sáng phong phú kết hợp protein, chất xơ và chất béo lành mạnh. Mặc dù bổ dưỡng nhưng khẩu phần ăn tại nhà hàng có xu hướng nhiều và có thể chứa một lượng đường bổ sung đáng kể.",75
2afe3783-85e5-5e59-b612-d7b7f5730a47,,,Phô mai Pimento nhúng (Pimento Cheese Dip),DISH,393.25,10.55,35.87,3.59,0.42,1.69,379.75,5a495c98-b00c-4007-aeac-501f3ae8e030,,,"Phô mai nhúng Pimento là một đặc sản miền Nam được yêu thích kết hợp phô mai cheddar sắc nét, sốt mayonnaise và pimentos thái hạt lựu thành một lớp kem béo ngậy. Món ăn linh hồn chủ yếu này có hương vị thơm đặc trưng và hơi khói từ các nguyên liệu đặc trưng và gia vị truyền thống. Thường được phục vụ lạnh hoặc ở nhiệt độ phòng, món nhúng đa năng này thường được thưởng thức với bánh quy giòn, rau hoặc dùng làm bánh sandwich phết trong các nhà hàng và gia đình miền Nam.",75
5751055f-5efa-5431-b640-6943e7fea171,,,Phô mai nâu (Brown Cheese),DISH,464.29,10.71,32.14,39.29,0.0,25.0,321.43,5a495c98-b00c-4007-aeac-501f3ae8e030,,,"Phô mai nâu là một sản phẩm sữa đặc biệt của Na Uy được tạo ra bằng cách caramen hóa váng sữa, sữa và kem cho đến khi nó phát triển màu nâu đặc trưng và hương vị ngọt-mặn. Loại phô mai độc đáo này có kết cấu giống như kẹo mềm và kết hợp vị đậm đà của sữa với hương caramel, khiến nó có sự khác biệt rõ rệt so với các loại phô mai ủ truyền thống. Theo truyền thống được phục vụ dưới dạng lát mỏng, đây là thực phẩm giàu calo, cung cấp lượng protein và canxi đáng kể đồng thời mang lại trải nghiệm hương vị đặc biệt.",75
5b4633fc-e36e-50eb-990a-42daca095ccf,,,Phô mai Gjetost (Gjetost Cheese),DISH,471.43,10.71,31.07,41.07,0.0,41.07,464.29,5a495c98-b00c-4007-aeac-501f3ae8e030,,,"Gjetost là một loại phô mai nâu đặc biệt của Na Uy được làm bằng cách caramen từ từ váng sữa, sữa và kem cho đến khi đường sữa chuyển thành màu caramel đậm đà. Sản phẩm sữa độc đáo này có kết cấu đậm đặc, giống như kẹo mềm và hương vị ngọt ngào, béo ngậy của caramel, khiến nó trở nên khác biệt so với các loại phô mai truyền thống. Theo truyền thống được phục vụ dưới dạng lát mỏng cùng với bánh mì đen hoặc bánh quy giòn, đây là nền tảng của ẩm thực Bắc Âu thường được thưởng thức cùng cà phê hoặc trà.",75
e51ddde3-27a6-5473-ab06-ab10025ff41c,,,Parfait sữa chua dừa thuần chay (Vegan Coconut Yogurt Parfait),DISH,157.33,5.33,5.33,22.0,4.67,9.33,53.33,5a495c98-b00c-4007-aeac-501f3ae8e030,,,"Món parfait sữa chua dừa thuần chay là một món ăn sáng hoặc món tráng miệng nhiều lớp có kem dừa được nuôi cấy làm lớp kem nền. Sản phẩm thay thế không chứa sữa này kết hợp sữa chua dừa giàu men vi sinh với trái cây tươi và thường bao gồm các lớp phủ giòn như granola, các loại hạt hoặc hạt. Phổ biến trong các quán cà phê tập trung vào sức khỏe, những món parfaits này cung cấp chất xơ và protein đáng kể đồng thời cung cấp men vi sinh có lợi, khiến chúng trở thành lựa chọn bổ dưỡng cho những người đang tìm kiếm các lựa chọn có nguồn gốc thực vật.",75
b5af9a10-b832-535e-8e66-def289574124,,,Phô mai Urda (Urda Cheese),DISH,135.71,17.86,4.0,6.0,0.0,0.0,0.0,5a495c98-b00c-4007-aeac-501f3ae8e030,,,"Urda là một loại phô mai whey truyền thống của Romania có kết cấu tương tự như ricotta nhưng thường ít chất béo hơn. Loại phô mai giàu protein này được làm từ sản phẩm phụ whey của quá trình sản xuất phô mai, tạo ra kết cấu dạng kem nhưng vẫn xốp với hương vị nhẹ, hơi ngọt. Tính chất linh hoạt của nó khiến nó phù hợp với cả các món mặn và món tráng miệng trong ẩm thực Romania, đồng thời hàm lượng protein cao và ít chất béo khiến nó trở thành một lựa chọn bổ dưỡng.",75
7d7325e1-922a-58f8-bbe4-e8e7cf3b5c2a,,,Sữa chua trái cây với lớp phủ (Fruit Yogurt with Toppings),DISH,125.0,6.0,2.5,20.0,1.5,14.0,45.0,5a495c98-b00c-4007-aeac-501f3ae8e030,,,"Sữa chua trái cây với lớp phủ từ các tiệm kem là một món tráng miệng có thể tùy chỉnh với nền là sữa chua thông thường hoặc sữa chua Hy Lạp được trang trí với nhiều loại lớp phủ và hỗn hợp khác nhau. Món chế biến tại nhà hàng này thường bao gồm trái cây tươi hoặc bảo quản, granola, các loại hạt và các chất bổ sung ngọt như mật ong hoặc xi-rô, dẫn đến hàm lượng đường cao hơn sữa chua nguyên chất. Trong khi duy trì lợi ích về protein và men vi sinh của sữa chua, khẩu phần thường dao động từ 150-250g và có thể vượt quá 250 calo tùy thuộc vào lựa chọn lớp phủ.",75
ca21a007-c0bf-52e6-9465-98b2860299bc,,,Parfait sữa chua Hy Lạp với trái cây (Greek Yogurt Parfait with Fruit),DISH,130.0,7.0,3.0,19.0,2.5,15.0,70.0,5a495c98-b00c-4007-aeac-501f3ae8e030,,,"Sữa chua Hy Lạp parfait với trái cây là một món ăn nhiều lớp có sữa chua Hy Lạp ngọt xen kẽ với trái cây tươi hoặc bảo quản và granola. Sữa chua đặc, giàu protein cung cấp gần gấp đôi lượng protein so với sữa chua thông thường, đồng thời chất làm ngọt bổ sung và trái cây đóng góp lượng đường tự nhiên và đường chế biến. Món parfait này cân bằng kết cấu kem, giòn và ngon ngọt, thường được coi là bữa sáng hoặc bữa ăn nhẹ giàu chất dinh dưỡng mặc dù hàm lượng đường thay đổi tùy theo cách chế biến.",75
4582c5d9-6309-5777-8a9f-767281136478,,,Xúc xích phô mai Coney (Cheese Coney),DISH,170.0,9.0,10.0,11.0,0.75,2.0,425.0,5a495c98-b00c-4007-aeac-501f3ae8e030,,,"A Cheese Coney là một món đặc sản xúc xích kiểu Cincinnati bao gồm một loại xúc xích được phủ ớt cay ngọt đặc trưng của vùng, mù tạt vàng, hành tây thái hạt lựu và một phần phô mai cheddar cắt nhỏ. Loại ớt đặc trưng được nêm độc đáo với quế, hạt tiêu và sô cô la, tạo nên loại nước sốt loãng hơn, thơm hơn ớt truyền thống. Món ăn được yêu thích trong vùng này được phục vụ trên một chiếc bánh bao hấp và thường chứa khoảng 300-350 calo mỗi khẩu phần.",75
e6188ee4-97df-56d4-941b-f09f758a5e63,,,Khoai tây chiên ớt phô mai (Chili Cheese Tots),DISH,267.34,6.53,16.08,23.12,2.51,3.52,904.52,5a495c98-b00c-4007-aeac-501f3ae8e030,,,"Chili Cheese Tots là một món ăn thịnh soạn của nhà hàng với bánh khoai tây chiên giòn phủ ớt kiểu Cincinnati và phô mai tan chảy. Món ăn tiện lợi của vùng này kết hợp ớt Cincinnati có gia vị ngọt đặc biệt với khoai tây chiên vàng nâu và một lớp pho mát tan chảy nhiều, tạo nên một món ăn giàu calo. Việc chuẩn bị thường mang lại một phần đáng kể trong đó các miếng thịt vẫn giòn dưới ớt và pho mát ấm, khiến nó trở thành một món ăn trong thực đơn đặc biệt giàu natri nhưng khiến bạn hài lòng.",75
e13f078f-c916-5a13-9cf0-0df94140380e,,,Phô mai Halloumi (Halloumi Cheese),DISH,393.0,25.0,32.0,1.5,0.0,1.5,1250.0,5a495c98-b00c-4007-aeac-501f3ae8e030,,,"Halloumi là một loại phô mai Địa Trung Hải cứng truyền thống được làm từ sữa cừu và sữa dê, nổi bật bởi điểm nóng chảy cao độc đáo cho phép nướng hoặc chiên mà không bị mất hình dạng. Loại phô mai bán cứng này cung cấp hàm lượng protein và canxi đáng kể đồng thời có kết cấu dai đặc biệt và hương vị mặn. Trong các nhà hàng Địa Trung Hải, món này thường được nướng cho đến khi có màu nâu vàng, thường đi kèm với các loại thảo mộc và rau tươi.",75
7cf4e6df-146b-5ad6-b2ae-aa4875cabf53,,,Phô mai kem nguyên chất (Plain Cream Cheese),DISH,288.57,5.71,24.29,11.43,0.0,11.43,514.29,5a495c98-b00c-4007-aeac-501f3ae8e030,,,"Phô mai kem nguyên chất là một sản phẩm từ sữa béo ngậy, dễ phết thường được phục vụ tại các cửa hàng bánh mì tròn như một lớp phủ truyền thống. Loại kem phết mịn, màu trắng này được làm từ kem và sữa, có kết cấu kem đặc đặc trưng và hương vị nhẹ nhàng. Mặc dù chứa nhiều chất béo bão hòa và calo, với khẩu phần khoảng 100 calo mỗi ounce, nó cung cấp nền tảng cổ điển cho cả sự kết hợp bánh mì tròn ngọt và mặn.",75
32deeb40-77b3-57ad-a475-692ac11c8667,,,Sốt phô mai cheddar (Cheddar Cheese Sauce),DISH,140.35,1.75,10.53,10.53,0.0,1.75,824.56,5a495c98-b00c-4007-aeac-501f3ae8e030,,,"Sốt phô mai Cheddar là một loại gia vị chấm mịn, ấm thường được dùng kèm với bánh quy mềm trong các cửa hàng bánh quy xoắn và khu ẩm thực. Nước sốt làm từ sữa này được làm chủ yếu từ phô mai cheddar đã qua chế biến, mang lại độ đặc sánh, béo ngậy, lý tưởng để chấm. Mặc dù cung cấp sự bổ sung thỏa mãn cho bánh quy xoắn, nhưng nó đặc biệt có hàm lượng natri và chất béo cao, thường chứa khoảng 80 calo mỗi khẩu phần 2 ounce.",75
933abcfc-91aa-52e7-b598-a584a055f025,,,Phô mai Västerbotten (Västerbotten Cheese),DISH,390.0,24.0,33.0,0.0,0.0,0.0,472.0,5a495c98-b00c-4007-aeac-501f3ae8e030,,,"Västerbotten là một loại phô mai Thụy Điển cao cấp nổi tiếng với hương vị phức hợp kết hợp giữa vị mặn, vị trái cây và vị umami. Loại phô mai đặc biệt này được ủ ít nhất 14 tháng trên kệ gỗ vân sam ở vùng Västerbotten của Thụy Điển, phát triển kết cấu dạng hạt chắc chắn và hương vị đậm đà thường được so sánh với sự pha trộn giữa phô mai cheddar và parmesan lâu năm. Giàu protein và canxi, nó được coi là một trong những báu vật ẩm thực của Thụy Điển và được đặc trưng theo truyền thống trong cả các món ăn mộc mạc lẫn ẩm thực Bắc Âu tinh tế.",75
5b4d6a08-15f2-5b52-bcb8-9eaa3dfe8350,,,Bánh quy trứng và phô mai (Egg and Cheese Biscuit),DISH,326.53,10.71,23.47,19.39,1.02,1.53,790.82,5a495c98-b00c-4007-aeac-501f3ae8e030,,,"Bánh quy trứng và phô mai là một loại bánh mì ăn sáng thịnh soạn của miền Nam được chế biến trên bánh quy bơ sữa mới nướng. Món ăn chủ yếu của nhà hàng này có trứng tráng mịn và pho mát Mỹ tan chảy được xếp bên trong lớp bánh quy xốp nhiều bơ. Là một lựa chọn ăn sáng quan trọng, nó cung cấp lượng protein và canxi đáng kể, mặc dù nó đặc biệt giàu calo và chất béo bão hòa do phong cách chế biến hấp dẫn.",75
370f76e7-d17e-5d60-bb7d-3e8fab58eacc,,,Bánh mì phô mai nướng cao cấp với phô mai xanh (Gourmet Grilled Cheese with Blue Cheese),DISH,264.0,11.2,17.6,14.4,2.0,1.6,480.0,5a495c98-b00c-4007-aeac-501f3ae8e030,,,"Phô mai nướng thủ công này là món chế biến cao cấp của nhà hàng với sự pha trộn phức tạp của các loại phô mai, bao gồm cả phô mai xanh đặc biệt, thường được phục vụ tại các cửa hàng phô mai Wisconsin. Bánh sandwich được chế biến từ bánh mì chất lượng cao và nhiều loại phô mai, tạo nên hương vị phức tạp, phong phú với hương vị thơm đặc trưng của phô mai xanh. Mặc dù cung cấp lượng protein và canxi đáng kể, món bánh sandwich hấp dẫn này có lượng calo và chất béo bão hòa cao hơn đáng kể so với các chế phẩm phô mai nướng truyền thống.",75
9d9f6c38-1c73-5444-8f58-f40ab8beff98,,,Trứng Benedict (Eggs Benedict),DISH,177.14,10.29,8.57,14.29,1.0,1.71,428.57,5a495c98-b00c-4007-aeac-501f3ae8e030,,,"Trứng Benedict là một món ăn sáng cổ điển của Mỹ bao gồm trứng luộc và thịt xông khói Canada được phục vụ trên hai nửa bánh nướng xốp kiểu Anh nướng, tất cả đều được phủ sốt hollandaise đậm đà. Món ăn yêu thích của nhà hàng này đặc biệt có hàm lượng calo cao, cung cấp lượng protein đáng kể từ trứng và thịt đồng thời cung cấp hàm lượng chất béo đáng kể thông qua nước sốt làm từ bơ đặc trưng. Món ăn này thường có hai phần hoàn chỉnh, khiến nó trở thành một trong những lựa chọn bữa sáng hấp dẫn hơn trong thực đơn bữa tối truyền thống.",75
4045a617-1ef8-58c8-9244-27837d792a36,,,Trứng Sardou (Eggs Sardou),DISH,164.86,6.29,13.71,5.14,2.0,1.14,245.71,5a495c98-b00c-4007-aeac-501f3ae8e030,,,"Trứng Sardou là món ăn nửa buổi sang trọng của Louisiana Creole với trứng luộc được phục vụ trên đáy atisô với rau chân vịt sốt kem và nước sốt Hollandaise đậm đà. Đặc sản nhà hàng hấp dẫn này kết hợp kết cấu mượt mà của trứng luộc hoàn hảo với hương vị tinh tế của atisô và vị đậm đà của hai loại nước sốt cổ điển. Món ăn này đặc biệt giàu calo do có nước sốt bơ và các thành phần giàu kem, khiến nó trở thành món ăn được yêu thích trong các dịp đặc biệt ở các nhà hàng Cajun và Creole.",75
664b378f-e3bc-599e-beef-d66394928560,,,Nấm nhồi phô mai kem (Cream Cheese Stuffed Mushrooms),DISH,177.0,6.0,12.0,6.0,1.5,3.0,300.0,5a495c98-b00c-4007-aeac-501f3ae8e030,,,"Nấm nhồi phô mai kem là món khai vị được nấu chín bao gồm mũ nấm chứa đầy hỗn hợp phô mai kem dày dặn. Những món ăn mặn này thường có nấm nút trắng hoặc nấm cremini nướng cho đến khi mềm và phủ bên trên là nhân đậm đà thường bao gồm các loại thảo mộc, tỏi và đôi khi là vụn bánh mì. Món ăn kết hợp kết cấu thịt của nấm nấu chín với phần nhân kem đầy hương vị, khiến nó trở thành lựa chọn phổ biến cho cả những buổi tụ tập thông thường lẫn giải trí trang trọng.",75
65997a5e-850d-5a8e-8f7e-bd3e819f26b2,,,Xúc xích phô mai mini (Mini Cheese Coneys),DISH,242.86,12.86,14.29,17.14,2.86,4.29,714.29,5a495c98-b00c-4007-aeac-501f3ae8e030,,,"A Mini Cheese Coney là phiên bản thu nhỏ của món xúc xích đặc trưng của Cincinnati, có một chiếc xúc xích nhỏ đặt trên một chiếc bánh bao với kiểu ớt đặc trưng của vùng. Món đặc sản này được trang trí theo truyền thống với mù tạt vàng, hành tây thái hạt lựu và một phần lớn phô mai cheddar thái nhỏ. Đặc điểm nổi bật là loại ớt kiểu Cincinnati độc đáo, kết hợp các loại gia vị ngọt như quế và sô cô la, tạo nên hương vị đặc biệt khiến nó khác biệt với những loại ớt truyền thống.",75
139b1fd7-893e-56ec-9028-59646f922856,,,Bọt phô mai (Cheese Foam),DISH,400.0,13.33,35.42,6.67,0.0,4.17,291.67,5a495c98-b00c-4007-aeac-501f3ae8e030,,,"Bọt phô mai là một loại kem phủ trên mặt thoáng mát được các quán trà Châu Á hiện đại ưa chuộng như một món bổ sung đặc trưng cho nhiều loại đồ uống khác nhau. Hỗn hợp sữa đặc biệt này kết hợp phô mai kem, sữa và kem đánh bông để tạo ra lớp bọt nhẹ, hơi mặn ngọt, tạo thêm kết cấu đậm đà cho đồ uống như trà trân châu và cà phê. Trong khi bổ sung thêm cảm giác sang trọng trong miệng và hương vị tương phản cho đồ uống, nó làm tăng đáng kể hàm lượng calo do hàm lượng chất béo sữa cao.",75
39cc5e2b-46f4-587e-9804-599204651951,,,Sốt phô mai nacho cay (Spicy Nacho Cheese Sauce),DISH,185.71,7.14,14.29,7.14,0.0,3.57,1071.43,5a495c98-b00c-4007-aeac-501f3ae8e030,,,"Sốt phô mai nacho cay là một sản phẩm phô mai chế biến nóng, thường được dùng làm nước chấm tại các cửa hàng bánh quy cây và quầy nhượng quyền. Nước sốt mịn, dễ rót này kết hợp hương vị phô mai sắc nét với vị cay từ ớt và gia vị bổ sung, duy trì nhiệt độ ấm ổn định để ngâm tối ưu. Mặc dù phổ biến vì hương vị đậm đà và kết cấu dạng kem, nước sốt này thường có hàm lượng natri cao và chứa sữa cũng như các chất gây dị ứng thông thường khác.",75
e0fa974d-ccf6-51d8-b51a-e5f5678a3c8d,,,Sữa hạnh nhân (Almond Milk (Lben)),INGREDIENT,16.25,0.42,1.25,0.83,0.21,0.0,66.67,5a495c98-b00c-4007-aeac-501f3ae8e030,,,"Sữa hạnh nhân là một loại đồ uống có nguồn gốc từ thực vật được làm bằng cách trộn hạnh nhân với nước và lọc hỗn hợp để tạo ra loại sữa thay thế không chứa sữa. Thức uống có hàm lượng calo thấp tự nhiên này thường được bổ sung canxi, vitamin D và vitamin E để phù hợp hơn với thành phần dinh dưỡng của sữa bò. Mặc dù có hàm lượng protein thấp hơn sữa bò nhưng sữa hạnh nhân lại có kết cấu dạng kem và hương vị hạt dẻ tinh tế khiến nó trở nên phổ biến trong cà phê, sinh tố và ngũ cốc, đặc biệt đối với những người theo chế độ ăn thuần chay hoặc không có sữa.",75
63d3e3ae-ff66-5e26-9c3f-2f689d78f709,,,Phô mai kem rau củ (Vegetable Cream Cheese),DISH,321.43,7.14,28.57,7.14,1.79,3.57,571.43,5a495c98-b00c-4007-aeac-501f3ae8e030,,,"Phô mai kem thực vật là một loại phết thơm ngon được làm bằng cách trộn phô mai kem với các loại rau tươi thái hạt lựu như cà rốt, ớt và dưa chuột. Cửa hàng bánh mì tròn này có các miếng rau nhiều màu sắc có thể nhìn thấy được trên phần đế kem, tạo ra một sự thay thế có kết cấu và hương vị hơn cho phô mai kem thông thường. Việc bổ sung các loại rau sẽ bổ sung cả giá trị dinh dưỡng và hương vị tươi mát của khu vườn trong khi vẫn duy trì được độ mịn, đậm đà của món phết.",75
86fc195d-b395-565c-bea9-29ec9cec3570,,,Phô mai kem hành lá (Scallion Cream Cheese),DISH,315.79,5.26,31.58,3.51,0.18,3.51,350.88,5a495c98-b00c-4007-aeac-501f3ae8e030,,,"Phô mai kem hành lá là một món mặn thường được phục vụ tại các cửa hàng bánh mì tròn, có phô mai kem trộn với hành lá tươi thái nhỏ. Chất kem mịn màng, đậm đà này được phân biệt bằng các vệt màu xanh lá cây có thể nhìn thấy xuyên suốt và mang đến hương vị hành tây nhẹ giúp tăng cường lớp nền kem của nó. Thường được phục vụ theo khẩu phần hào phóng dưới dạng phết bánh mì tròn, nó mang đến một sự thay thế dễ chịu hơn cho pho mát kem thông thường với khoảng 180 calo mỗi khẩu phần 2 ounce.",75
c6cbf739-b3da-53bd-91b4-d7a7abdcdc44,,,Khoai môn viên với nước cốt dừa (Taro Balls with Coconut Milk),INGREDIENT,116.28,1.27,3.38,20.3,0.63,12.69,21.14,5a495c98-b00c-4007-aeac-501f3ae8e030,,,"Khoai môn viên nước cốt dừa là một loại đồ uống đặc sản của các quán trà sữa boba với phần đế khoai môn có màu tím đặc trưng hòa quyện với nước cốt dừa béo ngậy. Đồ uống có thể tùy chỉnh này thường cho phép điều chỉnh mức độ ngọt và có thể dùng kèm với trân châu khoai mì dai hoặc các loại đồ phủ khác. Sự kết hợp giữa vị ngọt bùi của khoai môn với nước cốt dừa tạo ra một loại đồ uống đậm đà, giống như món tráng miệng, mang đến một lựa chọn thay thế không chứa sữa cho trà sữa truyền thống, mặc dù hàm lượng đường có thể thay đổi đáng kể tùy theo lựa chọn tùy chỉnh.",75
80e2558e-a555-58bf-8865-ed952ff95a6a,,,Bánh mì bốn phô mai nóng chảy (Four Cheese Melt),DISH,250.0,10.0,13.33,22.67,1.33,2.33,366.67,5a495c98-b00c-4007-aeac-501f3ae8e030,,,"A Four Cheese Melt là một loại bánh sandwich nướng kiểu nhà hàng có sự pha trộn sang trọng của bốn loại pho mát riêng biệt, thường bao gồm provolone, Thụy Sĩ, Mỹ và Parmesan. Món bánh sandwich hấp dẫn này được phục vụ trên bánh mì ciabatta nướng với những lát cà chua tươi, tạo nên một hương vị phong phú và phức tạp. Là một lựa chọn giàu calo thường chứa khoảng 750 calo, nó đại diện cho một sự thay thế phức tạp và đáng kể hơn cho bánh mì kẹp phô mai nướng truyền thống.",75
9a9689ba-11fd-5c36-a7dd-3ac856ddb1cf,,,Phô mai kem dâu tây (Strawberry Cream Cheese),INGREDIENT,266.67,9.52,6.19,42.86,1.9,8.57,380.95,5a495c98-b00c-4007-aeac-501f3ae8e030,,,"Phô mai kem dâu là một loại kem phết có vị ngọt kết hợp phô mai kem truyền thống với dâu tây xay nhuyễn và đường. Loại kem phết có màu hồng này thường được tìm thấy ở các cửa hàng bánh mì tròn và cửa hàng bán đồ ăn nhanh, mang đến sự kết hợp cân bằng giữa phô mai kem thơm với hương vị quả mọng chua ngọt. Mặc dù vẫn giữ được kết cấu kem của phô mai kem nguyên chất, nhưng nó chứa thêm đường và thường ít calo hơn trong mỗi khẩu phần so với phô mai kem nguyên chất do hàm lượng trái cây.",75
e4ca4256-4bda-5cb3-9ae6-0d939881f6d5,,,Xúc xích ớt phô mai (Chili Cheese Dog),DISH,245.24,10.32,14.29,19.05,1.59,2.38,688.1,5a495c98-b00c-4007-aeac-501f3ae8e030,,,"Một con chó phô mai ớt ở Đảo Detroit Coney là một đặc sản của vùng gồm có xúc xích bò phủ ớt thịt gia vị đặc biệt, phô mai cắt nhỏ, hành tây thái hạt lựu và mù tạt vàng. Tương ớt đặc trưng được đặc trưng bởi kết cấu dày, thịt và sự pha trộn phong phú của các loại gia vị bao gồm bột ớt và ớt cayenne, trong khi toàn bộ món ăn được phục vụ trong một chiếc bánh bao hấp. Món ăn thịnh soạn này có hàm lượng protein cao hơn đáng kể so với xúc xích tiêu chuẩn do có thành phần thịt kép, mặc dù nó cũng có hàm lượng natri cao đặc trưng.",75
f2695f59-940c-5d9a-a9d3-a0336f5efeae,,,Phô mai kem mật ong óc chó (Honey Walnut Cream Cheese),DISH,360.47,9.3,30.23,13.95,0.0,6.98,325.58,5a495c98-b00c-4007-aeac-501f3ae8e030,,,"Phô mai kem quả óc chó mật ong là một loại phô mai kem có hương vị đậm đà thường được tìm thấy ở các cửa hàng bánh mì tròn và các cửa hàng bán đồ ăn ngon. Món phết thơm ngon này kết hợp phô mai kem mịn với mật ong ngọt ngào và quả óc chó cắt nhỏ, tạo ra sự pha trộn cân bằng giữa kết cấu kem và vị giòn hạt dẻ. Vị ngọt mặn của nó khiến nó trở nên đặc biệt phổ biến như một món ăn sáng cho bánh mì tròn và các loại bánh nướng khác, mặc dù nó có lượng calo và chất béo cao hơn đáng kể so với phô mai kem thông thường.",75
efad08cf-83b6-5571-a76c-c856fbf80151,,,Sữa đậu nành tăng cường (Fortified Soy Milk),INGREDIENT,45.0,2.94,1.99,3.45,0.4,2.53,50.0,5a495c98-b00c-4007-aeac-501f3ae8e030,,,"Sữa đậu nành tăng cường là một loại đồ uống có nguồn gốc thực vật tăng cường dinh dưỡng được làm từ đậu nành ngâm, xay, được thiết kế để phản ánh thành phần dinh dưỡng của sữa bò. Phiên bản giàu dinh dưỡng này có chứa thêm canxi, vitamin D và vitamin B12, khiến nó trở thành một sản phẩm thay thế hoàn chỉnh về mặt dinh dưỡng cho chế độ ăn thuần chay và những người không dung nạp lactose. Với hàm lượng protein tương đương với sữa bò và kết cấu kem tự nhiên, nó cung cấp chất béo không bão hòa và isoflavone có lợi cho tim trong khi vẫn duy trì khả năng thích ứng hương vị trung tính cho cả mục đích sử dụng ngọt và mặn.",75
13eb89b0-882d-519a-991f-e58a4f3d2d62,,,Bông cải xanh sốt phô mai (Broccoli with Cheese Sauce),DISH,58.82,2.35,2.35,9.41,2.35,3.53,494.12,5a495c98-b00c-4007-aeac-501f3ae8e030,,,"Bông cải xanh sốt phô mai là món ăn kiểu tự chọn bao gồm bông cải xanh hấp chín phủ sốt phô mai cheddar dịu nhẹ. Phiên bản nhà hàng này thường cung cấp ứng dụng nước sốt nhẹ hơn so với các loại tự làm, dẫn đến lượng calo vừa phải cho mỗi khẩu phần trong khi vẫn cung cấp chất xơ và chất dinh dưỡng có lợi cho rau. Món ăn này kết hợp những lợi ích dinh dưỡng của bông cải xanh với sự hấp dẫn thơm ngon của nước sốt phô mai, mặc dù nó có chứa hàm lượng natri đáng chú ý đặc trưng trong các chế phẩm của nhà hàng.",75
e12def5c-95d3-5cc8-b508-3349ef533f08,,,Bánh quy phô mai Pimento (Pimento Cheese Biscuit),DISH,300.0,6.0,18.0,28.67,1.33,2.67,733.33,5a495c98-b00c-4007-aeac-501f3ae8e030,,,"Bánh quy phô mai Pimento là một món ăn ngon của miền Nam kết hợp bánh quy bơ sữa mềm với kem phết phô mai pimento. Bánh sandwich béo ngậy này có pho mát pimento tự làm, sự pha trộn của phô mai cheddar sắc nét, sốt mayonnaise và pimentos thái hạt lựu, được phục vụ trên bánh quy mới nướng. Sự kết hợp hấp dẫn này cung cấp khoảng 450 calo mỗi khẩu phần và là một ví dụ cổ điển về ẩm thực bữa sáng và bữa trưa truyền thống của miền Nam.",75
bceafc18-aaca-5079-a27a-72abb55573f5,,,Bát chay Địa Trung Hải (Mediterranean Veggie Bowl),DISH,169.61,3.89,10.6,12.37,2.47,1.41,176.68,5a495c98-b00c-4007-aeac-501f3ae8e030,,,"Bát chay Địa Trung Hải là một món ăn được chế biến từ các loại ngũ cốc như quinoa hoặc couscous phủ rau tươi, các loại đậu và các nguyên liệu lấy cảm hứng từ Địa Trung Hải. Món bát có thể tùy chỉnh này thường bao gồm đậu xanh, cà chua bi, dưa chuột, ô liu và pho mát feta, thường được trộn với sốt hummus hoặc dầu giấm Địa Trung Hải. Sự kết hợp cân bằng giữa ngũ cốc nguyên hạt, protein thực vật và rau tươi mang đến một bữa ăn giàu dinh dưỡng cung cấp khoảng 400-600 calo cùng một lượng đáng kể chất xơ và protein.",75
f335b713-6248-5a34-af54-39c2f8175ad7,,,Phô mai kem Jalapeño (Jalapeño Cream Cheese),DISH,323.53,5.88,23.53,11.76,0.0,4.41,441.18,5a495c98-b00c-4007-aeac-501f3ae8e030,,,"Phô mai kem Jalapeño là một loại phết có hương vị kết hợp phô mai kem mịn với ớt jalapeño thái hạt lựu, thường được phục vụ tại các cửa hàng bánh mì tròn và cửa hàng bán đồ ăn ngon. Loại phết làm từ sữa này cung cấp mức nhiệt từ nhẹ đến trung bình trong khi vẫn duy trì kết cấu kem béo ngậy của phô mai kem truyền thống. Việc bổ sung jalapeños tạo ra hương vị thơm-cay, bổ sung cả hương vị và độ phức tạp cho bánh mì tròn và các loại bánh nướng khác.",75
59e7ff2e-a278-5e5b-951f-29406eb3b56c,,,Trứng Scotch (Scotch Egg),DISH,234.51,9.82,14.6,14.87,1.33,0.89,318.58,5a495c98-b00c-4007-aeac-501f3ae8e030,,,"Trứng Scotch là một món ăn quán rượu truyền thống của Anh bao gồm cả quả trứng luộc được bọc trong thịt xúc xích dày dặn và vụn bánh mì giòn. Món khai vị thịnh soạn này thường được chiên ngập dầu cho đến khi có màu vàng nâu, tạo ra các lớp kết cấu riêng biệt từ lớp vỏ giòn bên ngoài cho đến phần thịt mềm và phần giữa trứng. Phổ biến như một món ăn nhẹ ở quán rượu nóng hoặc món ăn dã ngoại nguội, món ăn giàu protein này cung cấp sự kết hợp đáng kể giữa thịt và protein trứng ở dạng cầm tay tiện lợi.",75
