exercise_id,muscle_id
54c6802b-4e06-5294-af30-87c4df06eaa8,437b0947-8395-469d-b78c-aa1ab7c70c2d
f8e66212-b4fe-5749-be92-ab7fd1bb9ce1,849b5205-45cc-47ad-b518-808b497b7ee5
2e1f3fd7-88fb-5a6f-bdce-990b567b4bce,e256882e-b242-4076-be79-2bf1ed03f7fa
2e1f3fd7-88fb-5a6f-bdce-990b567b4bce,eae93354-9f12-4402-a7b9-d374fac3daec
2e1f3fd7-88fb-5a6f-bdce-990b567b4bce,849b5205-45cc-47ad-b518-808b497b7ee5
fa488c76-c35a-5430-beb0-a63501ed7b4f,3b8df81a-ab7b-437a-812d-a692835ff9a9
37252414-400e-52a0-899a-cfc93235c78c,8cff1021-5d71-4c95-aef0-f9204c21796b
b72e3c2d-5cbc-54e1-9d3a-caa2866597f8,8cff1021-5d71-4c95-aef0-f9204c21796b
5ede30bb-f109-5b34-98ce-c7fe12b78619,d4e388b2-48ae-4f2e-96bb-cb734ddc5c33
5ede30bb-f109-5b34-98ce-c7fe12b78619,5616ed6b-b823-44d9-b66d-aec168301b7e
5ede30bb-f109-5b34-98ce-c7fe12b78619,437b0947-8395-469d-b78c-aa1ab7c70c2d
5ede30bb-f109-5b34-98ce-c7fe12b78619,e256882e-b242-4076-be79-2bf1ed03f7fa
5ede30bb-f109-5b34-98ce-c7fe12b78619,eae93354-9f12-4402-a7b9-d374fac3daec
63712494-e437-5794-a6d5-6cccb0f417be,53381e7d-b28a-47d9-9635-4995d838af4a
86e5fd89-85a9-591e-9494-a232d0bbf979,d57cb37b-2f4c-4ea6-bd36-d7cd4a1bd589
86e5fd89-85a9-591e-9494-a232d0bbf979,849b5205-45cc-47ad-b518-808b497b7ee5
86e5fd89-85a9-591e-9494-a232d0bbf979,53381e7d-b28a-47d9-9635-4995d838af4a
86e28cfc-a2e2-5872-9395-da457fce90a8,20f9edbe-a4ae-4fea-a0f8-c04423ffd6de
86e28cfc-a2e2-5872-9395-da457fce90a8,437b0947-8395-469d-b78c-aa1ab7c70c2d
86e28cfc-a2e2-5872-9395-da457fce90a8,8cff1021-5d71-4c95-aef0-f9204c21796b
86e28cfc-a2e2-5872-9395-da457fce90a8,e256882e-b242-4076-be79-2bf1ed03f7fa
86e28cfc-a2e2-5872-9395-da457fce90a8,3482820a-71a3-4b72-8375-b3b6c7a1dd49
86e28cfc-a2e2-5872-9395-da457fce90a8,e334bac8-5b52-482a-8f58-25cd67accf14
0307c0e1-0cae-58fd-b54c-95532267e90a,53381e7d-b28a-47d9-9635-4995d838af4a
c7b4e77c-a68a-57fc-8a57-bba6652e0ce0,20f9edbe-a4ae-4fea-a0f8-c04423ffd6de
c7b4e77c-a68a-57fc-8a57-bba6652e0ce0,c96c0331-606d-4cb9-bad1-639457499308
83c59b76-de42-516f-bd96-64491bc5c817,d57cb37b-2f4c-4ea6-bd36-d7cd4a1bd589
83c59b76-de42-516f-bd96-64491bc5c817,20f9edbe-a4ae-4fea-a0f8-c04423ffd6de
83c59b76-de42-516f-bd96-64491bc5c817,698d5731-e2e6-4cef-bce8-19cbefc6d8d0
83c59b76-de42-516f-bd96-64491bc5c817,c96c0331-606d-4cb9-bad1-639457499308
83c59b76-de42-516f-bd96-64491bc5c817,53381e7d-b28a-47d9-9635-4995d838af4a
2f14ba4c-de1b-572a-8d14-0cc1c1954737,e334bac8-5b52-482a-8f58-25cd67accf14
2f14ba4c-de1b-572a-8d14-0cc1c1954737,53381e7d-b28a-47d9-9635-4995d838af4a
29b8ae9b-7af3-5f5f-badc-3ad97d0ff32e,e334bac8-5b52-482a-8f58-25cd67accf14
fcb5d2e7-4ead-5539-960c-9a93dabc3fe0,53381e7d-b28a-47d9-9635-4995d838af4a
08a9efc6-b7d3-548d-b7b3-71b5b95df8fd,849b5205-45cc-47ad-b518-808b497b7ee5
dcb173ac-6eca-5121-989c-539eac0d41f4,20f9edbe-a4ae-4fea-a0f8-c04423ffd6de
dcb173ac-6eca-5121-989c-539eac0d41f4,8cff1021-5d71-4c95-aef0-f9204c21796b
dcb173ac-6eca-5121-989c-539eac0d41f4,e256882e-b242-4076-be79-2bf1ed03f7fa
dcb173ac-6eca-5121-989c-539eac0d41f4,eae93354-9f12-4402-a7b9-d374fac3daec
dcb173ac-6eca-5121-989c-539eac0d41f4,3b8df81a-ab7b-437a-812d-a692835ff9a9
f07dc968-a424-51ce-8dce-62854e49d6f6,d57cb37b-2f4c-4ea6-bd36-d7cd4a1bd589
f07dc968-a424-51ce-8dce-62854e49d6f6,5616ed6b-b823-44d9-b66d-aec168301b7e
f07dc968-a424-51ce-8dce-62854e49d6f6,20f9edbe-a4ae-4fea-a0f8-c04423ffd6de
f07dc968-a424-51ce-8dce-62854e49d6f6,437b0947-8395-469d-b78c-aa1ab7c70c2d
f07dc968-a424-51ce-8dce-62854e49d6f6,8cff1021-5d71-4c95-aef0-f9204c21796b
f07dc968-a424-51ce-8dce-62854e49d6f6,e256882e-b242-4076-be79-2bf1ed03f7fa
f07dc968-a424-51ce-8dce-62854e49d6f6,eae93354-9f12-4402-a7b9-d374fac3daec
f07dc968-a424-51ce-8dce-62854e49d6f6,e334bac8-5b52-482a-8f58-25cd67accf14
f07dc968-a424-51ce-8dce-62854e49d6f6,3b8df81a-ab7b-437a-812d-a692835ff9a9
b0360548-8906-511b-81c0-639a6ec270a5,8cff1021-5d71-4c95-aef0-f9204c21796b
b0360548-8906-511b-81c0-639a6ec270a5,e256882e-b242-4076-be79-2bf1ed03f7fa
b0360548-8906-511b-81c0-639a6ec270a5,eae93354-9f12-4402-a7b9-d374fac3daec
b0360548-8906-511b-81c0-639a6ec270a5,e334bac8-5b52-482a-8f58-25cd67accf14
b0360548-8906-511b-81c0-639a6ec270a5,3b8df81a-ab7b-437a-812d-a692835ff9a9
e7f9c294-691e-5761-8107-d782ad78779c,e334bac8-5b52-482a-8f58-25cd67accf14
e7f9c294-691e-5761-8107-d782ad78779c,53381e7d-b28a-47d9-9635-4995d838af4a
fe2f7486-0703-5dc7-918f-0c8b14bb0d3f,437b0947-8395-469d-b78c-aa1ab7c70c2d
fe2f7486-0703-5dc7-918f-0c8b14bb0d3f,8cff1021-5d71-4c95-aef0-f9204c21796b
fe2f7486-0703-5dc7-918f-0c8b14bb0d3f,e256882e-b242-4076-be79-2bf1ed03f7fa
fe2f7486-0703-5dc7-918f-0c8b14bb0d3f,eae93354-9f12-4402-a7b9-d374fac3daec
fe2f7486-0703-5dc7-918f-0c8b14bb0d3f,3482820a-71a3-4b72-8375-b3b6c7a1dd49
7194f50e-d791-567a-a563-ec68e6dcb600,eae93354-9f12-4402-a7b9-d374fac3daec
7194f50e-d791-567a-a563-ec68e6dcb600,3b8df81a-ab7b-437a-812d-a692835ff9a9
d0afe724-f5c3-5415-b472-cd3693ac36e1,437b0947-8395-469d-b78c-aa1ab7c70c2d
d0afe724-f5c3-5415-b472-cd3693ac36e1,e256882e-b242-4076-be79-2bf1ed03f7fa
d2e7c421-9c83-5494-a208-5dc525a2f5ac,d57cb37b-2f4c-4ea6-bd36-d7cd4a1bd589
d2e7c421-9c83-5494-a208-5dc525a2f5ac,8cff1021-5d71-4c95-aef0-f9204c21796b
d2e7c421-9c83-5494-a208-5dc525a2f5ac,e334bac8-5b52-482a-8f58-25cd67accf14
56cbe7be-d795-5316-9337-0c77416d00f2,e256882e-b242-4076-be79-2bf1ed03f7fa
56cbe7be-d795-5316-9337-0c77416d00f2,3482820a-71a3-4b72-8375-b3b6c7a1dd49
ea6f8c9c-b3ad-543f-bfe5-b0b68ff10533,e256882e-b242-4076-be79-2bf1ed03f7fa
ea6f8c9c-b3ad-543f-bfe5-b0b68ff10533,3482820a-71a3-4b72-8375-b3b6c7a1dd49
ec9543aa-e336-5cfa-8314-d98bd6a2b9aa,e334bac8-5b52-482a-8f58-25cd67accf14
68ee4db0-8076-5093-a9f8-6238308926ed,3482820a-71a3-4b72-8375-b3b6c7a1dd49
68ee4db0-8076-5093-a9f8-6238308926ed,849b5205-45cc-47ad-b518-808b497b7ee5
8a376235-4281-5957-b201-f585ed84cc05,3482820a-71a3-4b72-8375-b3b6c7a1dd49
8a376235-4281-5957-b201-f585ed84cc05,849b5205-45cc-47ad-b518-808b497b7ee5
8369155b-325e-5d6a-9040-fc29803a28b6,849b5205-45cc-47ad-b518-808b497b7ee5
8369155b-325e-5d6a-9040-fc29803a28b6,53381e7d-b28a-47d9-9635-4995d838af4a
5b63e2f4-dac0-5dbc-9217-d60d55486f5d,8cff1021-5d71-4c95-aef0-f9204c21796b
9535c8a2-a4c9-5d1d-89d3-d34a53477b8c,437b0947-8395-469d-b78c-aa1ab7c70c2d
9535c8a2-a4c9-5d1d-89d3-d34a53477b8c,8cff1021-5d71-4c95-aef0-f9204c21796b
9535c8a2-a4c9-5d1d-89d3-d34a53477b8c,e256882e-b242-4076-be79-2bf1ed03f7fa
9535c8a2-a4c9-5d1d-89d3-d34a53477b8c,eae93354-9f12-4402-a7b9-d374fac3daec
9535c8a2-a4c9-5d1d-89d3-d34a53477b8c,c96c0331-606d-4cb9-bad1-639457499308
9535c8a2-a4c9-5d1d-89d3-d34a53477b8c,e334bac8-5b52-482a-8f58-25cd67accf14
9535c8a2-a4c9-5d1d-89d3-d34a53477b8c,3b8df81a-ab7b-437a-812d-a692835ff9a9
3b9ded6d-2448-5133-9beb-a4b02f708d54,437b0947-8395-469d-b78c-aa1ab7c70c2d
3b9ded6d-2448-5133-9beb-a4b02f708d54,e256882e-b242-4076-be79-2bf1ed03f7fa
3b9ded6d-2448-5133-9beb-a4b02f708d54,eae93354-9f12-4402-a7b9-d374fac3daec
3b9ded6d-2448-5133-9beb-a4b02f708d54,3482820a-71a3-4b72-8375-b3b6c7a1dd49
bcc8f7f4-2393-520c-af6f-6c63c44619b9,437b0947-8395-469d-b78c-aa1ab7c70c2d
bcc8f7f4-2393-520c-af6f-6c63c44619b9,eae93354-9f12-4402-a7b9-d374fac3daec
0ce9be84-f5c8-5ce4-abe0-76d1caf74050,849b5205-45cc-47ad-b518-808b497b7ee5
0ce9be84-f5c8-5ce4-abe0-76d1caf74050,53381e7d-b28a-47d9-9635-4995d838af4a
84571012-f3c2-5b98-8905-aa94ae80da5a,437b0947-8395-469d-b78c-aa1ab7c70c2d
84571012-f3c2-5b98-8905-aa94ae80da5a,8cff1021-5d71-4c95-aef0-f9204c21796b
84571012-f3c2-5b98-8905-aa94ae80da5a,eae93354-9f12-4402-a7b9-d374fac3daec
d20026ba-64fa-596f-a4bc-a8b73db1b213,437b0947-8395-469d-b78c-aa1ab7c70c2d
d20026ba-64fa-596f-a4bc-a8b73db1b213,eae93354-9f12-4402-a7b9-d374fac3daec
27720604-dbe6-5eb2-a687-7539410a26bd,849b5205-45cc-47ad-b518-808b497b7ee5
27720604-dbe6-5eb2-a687-7539410a26bd,53381e7d-b28a-47d9-9635-4995d838af4a
d74b9736-e2e4-51b8-9d7c-59426df6a40d,698d5731-e2e6-4cef-bce8-19cbefc6d8d0
e1d56535-cd67-5709-aeb6-910eaa8648b0,437b0947-8395-469d-b78c-aa1ab7c70c2d
e1d56535-cd67-5709-aeb6-910eaa8648b0,e256882e-b242-4076-be79-2bf1ed03f7fa
e1d56535-cd67-5709-aeb6-910eaa8648b0,eae93354-9f12-4402-a7b9-d374fac3daec
86f6df0a-2f5a-5992-9c72-34c82e5082e0,20f9edbe-a4ae-4fea-a0f8-c04423ffd6de
86f6df0a-2f5a-5992-9c72-34c82e5082e0,c96c0331-606d-4cb9-bad1-639457499308
86f6df0a-2f5a-5992-9c72-34c82e5082e0,e334bac8-5b52-482a-8f58-25cd67accf14
456339d6-b6ee-55c4-af94-a78133f2f2d4,e256882e-b242-4076-be79-2bf1ed03f7fa
456339d6-b6ee-55c4-af94-a78133f2f2d4,eae93354-9f12-4402-a7b9-d374fac3daec
456339d6-b6ee-55c4-af94-a78133f2f2d4,c96c0331-606d-4cb9-bad1-639457499308
456339d6-b6ee-55c4-af94-a78133f2f2d4,849b5205-45cc-47ad-b518-808b497b7ee5
53a89c73-779a-555b-b76a-4455cf64fc5a,698d5731-e2e6-4cef-bce8-19cbefc6d8d0
53a89c73-779a-555b-b76a-4455cf64fc5a,53381e7d-b28a-47d9-9635-4995d838af4a
12b40703-7f09-542e-90d3-5bf80ba6a0b0,8cff1021-5d71-4c95-aef0-f9204c21796b
12b40703-7f09-542e-90d3-5bf80ba6a0b0,e334bac8-5b52-482a-8f58-25cd67accf14
d670d85c-36f0-5802-b812-63e5724823d6,3482820a-71a3-4b72-8375-b3b6c7a1dd49
895bbbc7-a409-5cb3-81c4-42c15d372af1,437b0947-8395-469d-b78c-aa1ab7c70c2d
895bbbc7-a409-5cb3-81c4-42c15d372af1,eae93354-9f12-4402-a7b9-d374fac3daec
895bbbc7-a409-5cb3-81c4-42c15d372af1,3482820a-71a3-4b72-8375-b3b6c7a1dd49
4455586f-4295-5b09-b51a-cf73fc08f05f,437b0947-8395-469d-b78c-aa1ab7c70c2d
4455586f-4295-5b09-b51a-cf73fc08f05f,e256882e-b242-4076-be79-2bf1ed03f7fa
4455586f-4295-5b09-b51a-cf73fc08f05f,eae93354-9f12-4402-a7b9-d374fac3daec
4455586f-4295-5b09-b51a-cf73fc08f05f,3482820a-71a3-4b72-8375-b3b6c7a1dd49
d0a28e9c-4d26-5f88-a274-34f67e028347,437b0947-8395-469d-b78c-aa1ab7c70c2d
d0a28e9c-4d26-5f88-a274-34f67e028347,e256882e-b242-4076-be79-2bf1ed03f7fa
d0a28e9c-4d26-5f88-a274-34f67e028347,eae93354-9f12-4402-a7b9-d374fac3daec
d0a28e9c-4d26-5f88-a274-34f67e028347,3482820a-71a3-4b72-8375-b3b6c7a1dd49
ca6e82aa-be76-597e-8d19-db0a4e3fe46d,437b0947-8395-469d-b78c-aa1ab7c70c2d
ca6e82aa-be76-597e-8d19-db0a4e3fe46d,e256882e-b242-4076-be79-2bf1ed03f7fa
ca6e82aa-be76-597e-8d19-db0a4e3fe46d,eae93354-9f12-4402-a7b9-d374fac3daec
ca6e82aa-be76-597e-8d19-db0a4e3fe46d,3b8df81a-ab7b-437a-812d-a692835ff9a9
417a0815-e979-53b7-adab-ed3f83ce998c,437b0947-8395-469d-b78c-aa1ab7c70c2d
417a0815-e979-53b7-adab-ed3f83ce998c,e256882e-b242-4076-be79-2bf1ed03f7fa
417a0815-e979-53b7-adab-ed3f83ce998c,eae93354-9f12-4402-a7b9-d374fac3daec
dba30e41-e20c-5954-8e59-b973d478300d,698d5731-e2e6-4cef-bce8-19cbefc6d8d0
dba30e41-e20c-5954-8e59-b973d478300d,8cff1021-5d71-4c95-aef0-f9204c21796b
7cae3574-c9de-5994-8cf0-110c3c213089,437b0947-8395-469d-b78c-aa1ab7c70c2d
7cae3574-c9de-5994-8cf0-110c3c213089,e256882e-b242-4076-be79-2bf1ed03f7fa
7cae3574-c9de-5994-8cf0-110c3c213089,eae93354-9f12-4402-a7b9-d374fac3daec
951a20fe-db32-56fa-9d88-c4ae1a7efa7a,849b5205-45cc-47ad-b518-808b497b7ee5
35ad0157-1fe2-5d45-afb4-fae9aef5e8a7,698d5731-e2e6-4cef-bce8-19cbefc6d8d0
35ad0157-1fe2-5d45-afb4-fae9aef5e8a7,849b5205-45cc-47ad-b518-808b497b7ee5
5f83ae59-0ce5-592d-996c-ce72dc3a9c0e,437b0947-8395-469d-b78c-aa1ab7c70c2d
5f83ae59-0ce5-592d-996c-ce72dc3a9c0e,e256882e-b242-4076-be79-2bf1ed03f7fa
5f83ae59-0ce5-592d-996c-ce72dc3a9c0e,eae93354-9f12-4402-a7b9-d374fac3daec
ddae6866-4c23-5dae-bfb0-31064a6e4532,698d5731-e2e6-4cef-bce8-19cbefc6d8d0
ddae6866-4c23-5dae-bfb0-31064a6e4532,8cff1021-5d71-4c95-aef0-f9204c21796b
ddae6866-4c23-5dae-bfb0-31064a6e4532,c96c0331-606d-4cb9-bad1-639457499308
ddae6866-4c23-5dae-bfb0-31064a6e4532,849b5205-45cc-47ad-b518-808b497b7ee5
33c7e158-fc19-581b-b999-6857d149d0c9,849b5205-45cc-47ad-b518-808b497b7ee5
33c7e158-fc19-581b-b999-6857d149d0c9,53381e7d-b28a-47d9-9635-4995d838af4a
cfb2726e-0b05-52e0-b14a-a4c57fb50e67,698d5731-e2e6-4cef-bce8-19cbefc6d8d0
cfb2726e-0b05-52e0-b14a-a4c57fb50e67,c96c0331-606d-4cb9-bad1-639457499308
cfb2726e-0b05-52e0-b14a-a4c57fb50e67,849b5205-45cc-47ad-b518-808b497b7ee5
cc076ae6-45d7-53eb-9e21-1214ee219568,437b0947-8395-469d-b78c-aa1ab7c70c2d
cc076ae6-45d7-53eb-9e21-1214ee219568,e256882e-b242-4076-be79-2bf1ed03f7fa
cc076ae6-45d7-53eb-9e21-1214ee219568,eae93354-9f12-4402-a7b9-d374fac3daec
fdfdc86d-de45-5de2-899e-26813a8a7618,698d5731-e2e6-4cef-bce8-19cbefc6d8d0
fdfdc86d-de45-5de2-899e-26813a8a7618,c96c0331-606d-4cb9-bad1-639457499308
fdfdc86d-de45-5de2-899e-26813a8a7618,849b5205-45cc-47ad-b518-808b497b7ee5
fdfdc86d-de45-5de2-899e-26813a8a7618,53381e7d-b28a-47d9-9635-4995d838af4a
8d1cd58a-b2f9-5b10-95e8-30400dfcd4ac,c96c0331-606d-4cb9-bad1-639457499308
8d1cd58a-b2f9-5b10-95e8-30400dfcd4ac,849b5205-45cc-47ad-b518-808b497b7ee5
8d1cd58a-b2f9-5b10-95e8-30400dfcd4ac,53381e7d-b28a-47d9-9635-4995d838af4a
f87eb68c-2657-578e-8bd7-8c63dcaed41c,20f9edbe-a4ae-4fea-a0f8-c04423ffd6de
f87eb68c-2657-578e-8bd7-8c63dcaed41c,c96c0331-606d-4cb9-bad1-639457499308
f87eb68c-2657-578e-8bd7-8c63dcaed41c,849b5205-45cc-47ad-b518-808b497b7ee5
3626bf4b-1541-5569-b7ce-6089b123c79a,3482820a-71a3-4b72-8375-b3b6c7a1dd49
3626bf4b-1541-5569-b7ce-6089b123c79a,e334bac8-5b52-482a-8f58-25cd67accf14
6a49c0d9-5d25-5434-8753-25fae5b53a07,20f9edbe-a4ae-4fea-a0f8-c04423ffd6de
6a49c0d9-5d25-5434-8753-25fae5b53a07,c96c0331-606d-4cb9-bad1-639457499308
6a49c0d9-5d25-5434-8753-25fae5b53a07,3482820a-71a3-4b72-8375-b3b6c7a1dd49
6a49c0d9-5d25-5434-8753-25fae5b53a07,e334bac8-5b52-482a-8f58-25cd67accf14
2d7470c6-3d04-524e-897e-1e0d845d96c8,20f9edbe-a4ae-4fea-a0f8-c04423ffd6de
2d7470c6-3d04-524e-897e-1e0d845d96c8,c96c0331-606d-4cb9-bad1-639457499308
4285aa18-79ee-521b-a3d1-40a3e29990a5,20f9edbe-a4ae-4fea-a0f8-c04423ffd6de
4285aa18-79ee-521b-a3d1-40a3e29990a5,c96c0331-606d-4cb9-bad1-639457499308
4285aa18-79ee-521b-a3d1-40a3e29990a5,849b5205-45cc-47ad-b518-808b497b7ee5
7d7a3e41-948f-511b-84fc-08668817635e,20f9edbe-a4ae-4fea-a0f8-c04423ffd6de
7d7a3e41-948f-511b-84fc-08668817635e,c96c0331-606d-4cb9-bad1-639457499308
914ebb4c-b48f-5179-b4ff-6b1d86b4343e,e256882e-b242-4076-be79-2bf1ed03f7fa
914ebb4c-b48f-5179-b4ff-6b1d86b4343e,eae93354-9f12-4402-a7b9-d374fac3daec
914ebb4c-b48f-5179-b4ff-6b1d86b4343e,3482820a-71a3-4b72-8375-b3b6c7a1dd49
914ebb4c-b48f-5179-b4ff-6b1d86b4343e,3b8df81a-ab7b-437a-812d-a692835ff9a9
914ebb4c-b48f-5179-b4ff-6b1d86b4343e,849b5205-45cc-47ad-b518-808b497b7ee5
914ebb4c-b48f-5179-b4ff-6b1d86b4343e,53381e7d-b28a-47d9-9635-4995d838af4a
7b475c8b-0399-55d6-857d-6a63184bd539,437b0947-8395-469d-b78c-aa1ab7c70c2d
7b475c8b-0399-55d6-857d-6a63184bd539,e256882e-b242-4076-be79-2bf1ed03f7fa
7b475c8b-0399-55d6-857d-6a63184bd539,eae93354-9f12-4402-a7b9-d374fac3daec
7d8a28ab-8907-5195-a2c2-3352f4794ebc,437b0947-8395-469d-b78c-aa1ab7c70c2d
7d8a28ab-8907-5195-a2c2-3352f4794ebc,e256882e-b242-4076-be79-2bf1ed03f7fa
7d8a28ab-8907-5195-a2c2-3352f4794ebc,eae93354-9f12-4402-a7b9-d374fac3daec
846a2a6b-dd1d-5af7-a8b2-105d06629c19,698d5731-e2e6-4cef-bce8-19cbefc6d8d0
846a2a6b-dd1d-5af7-a8b2-105d06629c19,8cff1021-5d71-4c95-aef0-f9204c21796b
846a2a6b-dd1d-5af7-a8b2-105d06629c19,c96c0331-606d-4cb9-bad1-639457499308
846a2a6b-dd1d-5af7-a8b2-105d06629c19,849b5205-45cc-47ad-b518-808b497b7ee5
66f22a08-3b83-5692-8a46-601323b9ca56,d57cb37b-2f4c-4ea6-bd36-d7cd4a1bd589
66f22a08-3b83-5692-8a46-601323b9ca56,8cff1021-5d71-4c95-aef0-f9204c21796b
565ae852-c60e-529a-a5ec-1ccc01d63890,d57cb37b-2f4c-4ea6-bd36-d7cd4a1bd589
565ae852-c60e-529a-a5ec-1ccc01d63890,849b5205-45cc-47ad-b518-808b497b7ee5
565ae852-c60e-529a-a5ec-1ccc01d63890,53381e7d-b28a-47d9-9635-4995d838af4a
5703fbcf-1101-5d95-82f4-b36989c14c0b,20f9edbe-a4ae-4fea-a0f8-c04423ffd6de
5703fbcf-1101-5d95-82f4-b36989c14c0b,c96c0331-606d-4cb9-bad1-639457499308
abd802df-4f81-5627-bf0c-8e889d7b1521,e256882e-b242-4076-be79-2bf1ed03f7fa
abd802df-4f81-5627-bf0c-8e889d7b1521,eae93354-9f12-4402-a7b9-d374fac3daec
e7a47035-2d57-5cdd-8ef5-82cf75247db3,437b0947-8395-469d-b78c-aa1ab7c70c2d
e7a47035-2d57-5cdd-8ef5-82cf75247db3,e256882e-b242-4076-be79-2bf1ed03f7fa
e7a47035-2d57-5cdd-8ef5-82cf75247db3,eae93354-9f12-4402-a7b9-d374fac3daec
a5ba62be-e427-53e6-b896-d071bd41cd91,20f9edbe-a4ae-4fea-a0f8-c04423ffd6de
a5ba62be-e427-53e6-b896-d071bd41cd91,849b5205-45cc-47ad-b518-808b497b7ee5
f52dc5da-c85b-567a-a3a9-e17b60377367,d4e388b2-48ae-4f2e-96bb-cb734ddc5c33
f52dc5da-c85b-567a-a3a9-e17b60377367,5616ed6b-b823-44d9-b66d-aec168301b7e
f52dc5da-c85b-567a-a3a9-e17b60377367,437b0947-8395-469d-b78c-aa1ab7c70c2d
f52dc5da-c85b-567a-a3a9-e17b60377367,e256882e-b242-4076-be79-2bf1ed03f7fa
f52dc5da-c85b-567a-a3a9-e17b60377367,3b8df81a-ab7b-437a-812d-a692835ff9a9
b203a9ca-640b-5bc9-a3cb-5b145f6b2c0a,d4e388b2-48ae-4f2e-96bb-cb734ddc5c33
b203a9ca-640b-5bc9-a3cb-5b145f6b2c0a,5616ed6b-b823-44d9-b66d-aec168301b7e
b203a9ca-640b-5bc9-a3cb-5b145f6b2c0a,437b0947-8395-469d-b78c-aa1ab7c70c2d
b203a9ca-640b-5bc9-a3cb-5b145f6b2c0a,e256882e-b242-4076-be79-2bf1ed03f7fa
b203a9ca-640b-5bc9-a3cb-5b145f6b2c0a,3b8df81a-ab7b-437a-812d-a692835ff9a9
59d20083-ea69-5bae-a876-edb2b0fb57a9,5616ed6b-b823-44d9-b66d-aec168301b7e
59d20083-ea69-5bae-a876-edb2b0fb57a9,437b0947-8395-469d-b78c-aa1ab7c70c2d
59d20083-ea69-5bae-a876-edb2b0fb57a9,e256882e-b242-4076-be79-2bf1ed03f7fa
59d20083-ea69-5bae-a876-edb2b0fb57a9,eae93354-9f12-4402-a7b9-d374fac3daec
59d20083-ea69-5bae-a876-edb2b0fb57a9,3482820a-71a3-4b72-8375-b3b6c7a1dd49
033efd40-cae4-50c4-8d6e-1f21f2977482,d4e388b2-48ae-4f2e-96bb-cb734ddc5c33
033efd40-cae4-50c4-8d6e-1f21f2977482,5616ed6b-b823-44d9-b66d-aec168301b7e
033efd40-cae4-50c4-8d6e-1f21f2977482,437b0947-8395-469d-b78c-aa1ab7c70c2d
033efd40-cae4-50c4-8d6e-1f21f2977482,e256882e-b242-4076-be79-2bf1ed03f7fa
033efd40-cae4-50c4-8d6e-1f21f2977482,eae93354-9f12-4402-a7b9-d374fac3daec
033efd40-cae4-50c4-8d6e-1f21f2977482,3482820a-71a3-4b72-8375-b3b6c7a1dd49
6414adc7-f0c2-5b8a-b956-e732201411b9,d4e388b2-48ae-4f2e-96bb-cb734ddc5c33
6414adc7-f0c2-5b8a-b956-e732201411b9,5616ed6b-b823-44d9-b66d-aec168301b7e
6414adc7-f0c2-5b8a-b956-e732201411b9,437b0947-8395-469d-b78c-aa1ab7c70c2d
6414adc7-f0c2-5b8a-b956-e732201411b9,e256882e-b242-4076-be79-2bf1ed03f7fa
6414adc7-f0c2-5b8a-b956-e732201411b9,eae93354-9f12-4402-a7b9-d374fac3daec
6414adc7-f0c2-5b8a-b956-e732201411b9,3482820a-71a3-4b72-8375-b3b6c7a1dd49
6ba97119-aae0-5ed4-96eb-6d82f3265e0a,53381e7d-b28a-47d9-9635-4995d838af4a
226c747a-a6f0-5607-995e-3b4f7f108da1,eae93354-9f12-4402-a7b9-d374fac3daec
57923fd9-66fe-508a-8541-1d1271e97941,849b5205-45cc-47ad-b518-808b497b7ee5
57923fd9-66fe-508a-8541-1d1271e97941,53381e7d-b28a-47d9-9635-4995d838af4a
57fd1f42-11b4-52d0-bffa-7225b51cf912,849b5205-45cc-47ad-b518-808b497b7ee5
95aa9249-02b6-5786-a498-0402decd95db,8cff1021-5d71-4c95-aef0-f9204c21796b
95aa9249-02b6-5786-a498-0402decd95db,e256882e-b242-4076-be79-2bf1ed03f7fa
95aa9249-02b6-5786-a498-0402decd95db,eae93354-9f12-4402-a7b9-d374fac3daec
95aa9249-02b6-5786-a498-0402decd95db,3482820a-71a3-4b72-8375-b3b6c7a1dd49
a080cba7-b9b2-5de7-9e0b-babe54255fd2,8cff1021-5d71-4c95-aef0-f9204c21796b
a8b4938d-bda5-5f50-8417-efa0e5f19800,20f9edbe-a4ae-4fea-a0f8-c04423ffd6de
a8b4938d-bda5-5f50-8417-efa0e5f19800,e334bac8-5b52-482a-8f58-25cd67accf14
483834ac-0cdf-54af-af3f-1bc92e2c1225,e334bac8-5b52-482a-8f58-25cd67accf14
06d91f0b-5ffd-5ce6-8628-dd071864f41c,53381e7d-b28a-47d9-9635-4995d838af4a
df74dfe1-82a6-5f9d-a11b-4fa0a0721b4c,8cff1021-5d71-4c95-aef0-f9204c21796b
df74dfe1-82a6-5f9d-a11b-4fa0a0721b4c,e256882e-b242-4076-be79-2bf1ed03f7fa
df74dfe1-82a6-5f9d-a11b-4fa0a0721b4c,eae93354-9f12-4402-a7b9-d374fac3daec
df74dfe1-82a6-5f9d-a11b-4fa0a0721b4c,3482820a-71a3-4b72-8375-b3b6c7a1dd49
df74dfe1-82a6-5f9d-a11b-4fa0a0721b4c,e334bac8-5b52-482a-8f58-25cd67accf14
b2a3da3a-9dad-52f8-b668-cc47828a339f,8cff1021-5d71-4c95-aef0-f9204c21796b
f213d60e-dc95-5a3d-b5f0-0270dd6ac64b,d57cb37b-2f4c-4ea6-bd36-d7cd4a1bd589
f213d60e-dc95-5a3d-b5f0-0270dd6ac64b,d4e388b2-48ae-4f2e-96bb-cb734ddc5c33
f213d60e-dc95-5a3d-b5f0-0270dd6ac64b,437b0947-8395-469d-b78c-aa1ab7c70c2d
f213d60e-dc95-5a3d-b5f0-0270dd6ac64b,e256882e-b242-4076-be79-2bf1ed03f7fa
f213d60e-dc95-5a3d-b5f0-0270dd6ac64b,eae93354-9f12-4402-a7b9-d374fac3daec
f213d60e-dc95-5a3d-b5f0-0270dd6ac64b,3b8df81a-ab7b-437a-812d-a692835ff9a9
87c83962-7868-5a27-b5db-30a7a05ea687,e334bac8-5b52-482a-8f58-25cd67accf14
6acd8328-bc93-5e49-8742-7d9dd557f0d5,d57cb37b-2f4c-4ea6-bd36-d7cd4a1bd589
6acd8328-bc93-5e49-8742-7d9dd557f0d5,698d5731-e2e6-4cef-bce8-19cbefc6d8d0
6acd8328-bc93-5e49-8742-7d9dd557f0d5,849b5205-45cc-47ad-b518-808b497b7ee5
80645707-c7c3-57e8-bbec-03961cf1a2fb,849b5205-45cc-47ad-b518-808b497b7ee5
80645707-c7c3-57e8-bbec-03961cf1a2fb,53381e7d-b28a-47d9-9635-4995d838af4a
b1dea265-3b17-537e-8f21-c8bdd64ed811,5616ed6b-b823-44d9-b66d-aec168301b7e
ab6a9bc4-41d3-5b68-b42b-226c32d761c1,3482820a-71a3-4b72-8375-b3b6c7a1dd49
95d09e84-31ff-58f8-b46b-ed20a36e6f0a,437b0947-8395-469d-b78c-aa1ab7c70c2d
95d09e84-31ff-58f8-b46b-ed20a36e6f0a,e256882e-b242-4076-be79-2bf1ed03f7fa
95d09e84-31ff-58f8-b46b-ed20a36e6f0a,eae93354-9f12-4402-a7b9-d374fac3daec
945d828f-0d4f-5718-827d-0088e1bd57ef,20f9edbe-a4ae-4fea-a0f8-c04423ffd6de
945d828f-0d4f-5718-827d-0088e1bd57ef,698d5731-e2e6-4cef-bce8-19cbefc6d8d0
d30b212e-9780-5369-8591-fd2f78818b3a,849b5205-45cc-47ad-b518-808b497b7ee5
1151c14c-4e40-5e5e-b952-fd630f12b53f,d57cb37b-2f4c-4ea6-bd36-d7cd4a1bd589
1151c14c-4e40-5e5e-b952-fd630f12b53f,849b5205-45cc-47ad-b518-808b497b7ee5
1151c14c-4e40-5e5e-b952-fd630f12b53f,53381e7d-b28a-47d9-9635-4995d838af4a
478d5cd0-9976-5b76-bf05-30864fec76ea,d57cb37b-2f4c-4ea6-bd36-d7cd4a1bd589
478d5cd0-9976-5b76-bf05-30864fec76ea,849b5205-45cc-47ad-b518-808b497b7ee5
478d5cd0-9976-5b76-bf05-30864fec76ea,53381e7d-b28a-47d9-9635-4995d838af4a
6d7deaef-6731-5f38-b5b6-ad3f41191046,d57cb37b-2f4c-4ea6-bd36-d7cd4a1bd589
6d7deaef-6731-5f38-b5b6-ad3f41191046,849b5205-45cc-47ad-b518-808b497b7ee5
6d7deaef-6731-5f38-b5b6-ad3f41191046,53381e7d-b28a-47d9-9635-4995d838af4a
98a185cd-8b5c-5d35-a8cf-b62e319dc840,d57cb37b-2f4c-4ea6-bd36-d7cd4a1bd589
98a185cd-8b5c-5d35-a8cf-b62e319dc840,849b5205-45cc-47ad-b518-808b497b7ee5
98a185cd-8b5c-5d35-a8cf-b62e319dc840,53381e7d-b28a-47d9-9635-4995d838af4a
241b1132-3c9c-5840-ab45-b0e339c4582a,e256882e-b242-4076-be79-2bf1ed03f7fa
241b1132-3c9c-5840-ab45-b0e339c4582a,e334bac8-5b52-482a-8f58-25cd67accf14
3b1cc6e1-9c19-55e0-ae56-e1aa7fb52a42,20f9edbe-a4ae-4fea-a0f8-c04423ffd6de
3b1cc6e1-9c19-55e0-ae56-e1aa7fb52a42,8cff1021-5d71-4c95-aef0-f9204c21796b
3b1cc6e1-9c19-55e0-ae56-e1aa7fb52a42,e334bac8-5b52-482a-8f58-25cd67accf14
6c283f7c-846a-5685-b307-811301d363d0,e334bac8-5b52-482a-8f58-25cd67accf14
8c8f7b73-9edd-5eb8-870b-01773bf14ec2,8cff1021-5d71-4c95-aef0-f9204c21796b
8c8f7b73-9edd-5eb8-870b-01773bf14ec2,e256882e-b242-4076-be79-2bf1ed03f7fa
8c8f7b73-9edd-5eb8-870b-01773bf14ec2,eae93354-9f12-4402-a7b9-d374fac3daec
8c8f7b73-9edd-5eb8-870b-01773bf14ec2,3482820a-71a3-4b72-8375-b3b6c7a1dd49
8c8f7b73-9edd-5eb8-870b-01773bf14ec2,e334bac8-5b52-482a-8f58-25cd67accf14
8c8f7b73-9edd-5eb8-870b-01773bf14ec2,53381e7d-b28a-47d9-9635-4995d838af4a
71c90c3e-e0aa-536b-810f-46f8960bbe7d,437b0947-8395-469d-b78c-aa1ab7c70c2d
71c90c3e-e0aa-536b-810f-46f8960bbe7d,8cff1021-5d71-4c95-aef0-f9204c21796b
71c90c3e-e0aa-536b-810f-46f8960bbe7d,e256882e-b242-4076-be79-2bf1ed03f7fa
71c90c3e-e0aa-536b-810f-46f8960bbe7d,3482820a-71a3-4b72-8375-b3b6c7a1dd49
71c90c3e-e0aa-536b-810f-46f8960bbe7d,3b8df81a-ab7b-437a-812d-a692835ff9a9
71c90c3e-e0aa-536b-810f-46f8960bbe7d,849b5205-45cc-47ad-b518-808b497b7ee5
71c90c3e-e0aa-536b-810f-46f8960bbe7d,e334bac8-5b52-482a-8f58-25cd67accf14
27ddec2d-994f-5f8c-86d9-6fb8f3f44377,8cff1021-5d71-4c95-aef0-f9204c21796b
27ddec2d-994f-5f8c-86d9-6fb8f3f44377,e256882e-b242-4076-be79-2bf1ed03f7fa
27ddec2d-994f-5f8c-86d9-6fb8f3f44377,3482820a-71a3-4b72-8375-b3b6c7a1dd49
27ddec2d-994f-5f8c-86d9-6fb8f3f44377,e334bac8-5b52-482a-8f58-25cd67accf14
27ddec2d-994f-5f8c-86d9-6fb8f3f44377,3b8df81a-ab7b-437a-812d-a692835ff9a9
19838860-f38d-560a-8473-d14300178af5,8cff1021-5d71-4c95-aef0-f9204c21796b
19838860-f38d-560a-8473-d14300178af5,e256882e-b242-4076-be79-2bf1ed03f7fa
19838860-f38d-560a-8473-d14300178af5,eae93354-9f12-4402-a7b9-d374fac3daec
19838860-f38d-560a-8473-d14300178af5,3482820a-71a3-4b72-8375-b3b6c7a1dd49
19838860-f38d-560a-8473-d14300178af5,e334bac8-5b52-482a-8f58-25cd67accf14
55b5d938-b341-59ee-8b7c-e97d3d05dc34,8cff1021-5d71-4c95-aef0-f9204c21796b
55b5d938-b341-59ee-8b7c-e97d3d05dc34,849b5205-45cc-47ad-b518-808b497b7ee5
8f88aa70-af19-5c82-bab5-cb60a602e0e8,d57cb37b-2f4c-4ea6-bd36-d7cd4a1bd589
8f88aa70-af19-5c82-bab5-cb60a602e0e8,e256882e-b242-4076-be79-2bf1ed03f7fa
8f88aa70-af19-5c82-bab5-cb60a602e0e8,eae93354-9f12-4402-a7b9-d374fac3daec
8f88aa70-af19-5c82-bab5-cb60a602e0e8,3482820a-71a3-4b72-8375-b3b6c7a1dd49
8f88aa70-af19-5c82-bab5-cb60a602e0e8,3b8df81a-ab7b-437a-812d-a692835ff9a9
8f88aa70-af19-5c82-bab5-cb60a602e0e8,e334bac8-5b52-482a-8f58-25cd67accf14
8f88aa70-af19-5c82-bab5-cb60a602e0e8,53381e7d-b28a-47d9-9635-4995d838af4a
8f7a66bd-73a8-5eb3-ab03-a376b93e25fb,d57cb37b-2f4c-4ea6-bd36-d7cd4a1bd589
8f7a66bd-73a8-5eb3-ab03-a376b93e25fb,437b0947-8395-469d-b78c-aa1ab7c70c2d
8f7a66bd-73a8-5eb3-ab03-a376b93e25fb,e256882e-b242-4076-be79-2bf1ed03f7fa
8f7a66bd-73a8-5eb3-ab03-a376b93e25fb,eae93354-9f12-4402-a7b9-d374fac3daec
8f7a66bd-73a8-5eb3-ab03-a376b93e25fb,3482820a-71a3-4b72-8375-b3b6c7a1dd49
8f7a66bd-73a8-5eb3-ab03-a376b93e25fb,e334bac8-5b52-482a-8f58-25cd67accf14
8f7a66bd-73a8-5eb3-ab03-a376b93e25fb,3b8df81a-ab7b-437a-812d-a692835ff9a9
8f7a66bd-73a8-5eb3-ab03-a376b93e25fb,849b5205-45cc-47ad-b518-808b497b7ee5
8f7a66bd-73a8-5eb3-ab03-a376b93e25fb,53381e7d-b28a-47d9-9635-4995d838af4a
469b64c0-7f4f-50cd-8894-32151642c0b5,437b0947-8395-469d-b78c-aa1ab7c70c2d
469b64c0-7f4f-50cd-8894-32151642c0b5,e256882e-b242-4076-be79-2bf1ed03f7fa
469b64c0-7f4f-50cd-8894-32151642c0b5,eae93354-9f12-4402-a7b9-d374fac3daec
469b64c0-7f4f-50cd-8894-32151642c0b5,849b5205-45cc-47ad-b518-808b497b7ee5
469b64c0-7f4f-50cd-8894-32151642c0b5,e334bac8-5b52-482a-8f58-25cd67accf14
f30a32be-0631-5930-a4ca-1517227de774,849b5205-45cc-47ad-b518-808b497b7ee5
f30a32be-0631-5930-a4ca-1517227de774,53381e7d-b28a-47d9-9635-4995d838af4a
98117de6-8942-57e6-b71b-fe3193aa0d25,698d5731-e2e6-4cef-bce8-19cbefc6d8d0
98117de6-8942-57e6-b71b-fe3193aa0d25,849b5205-45cc-47ad-b518-808b497b7ee5
d2b3d5a7-af14-566f-9691-68da89eafd8b,698d5731-e2e6-4cef-bce8-19cbefc6d8d0
d2b3d5a7-af14-566f-9691-68da89eafd8b,849b5205-45cc-47ad-b518-808b497b7ee5
d80d3f74-9ba6-5138-9a23-ad81014aac9a,8cff1021-5d71-4c95-aef0-f9204c21796b
e38e6153-1a63-5fbc-9817-8c938dc3d068,698d5731-e2e6-4cef-bce8-19cbefc6d8d0
e38e6153-1a63-5fbc-9817-8c938dc3d068,849b5205-45cc-47ad-b518-808b497b7ee5
7435f325-e267-51b0-a18b-db7772d8a765,8cff1021-5d71-4c95-aef0-f9204c21796b
b3c0f572-75a5-5991-aa2a-f5dc5c47db3c,20f9edbe-a4ae-4fea-a0f8-c04423ffd6de
b3c0f572-75a5-5991-aa2a-f5dc5c47db3c,e334bac8-5b52-482a-8f58-25cd67accf14
b3c0f572-75a5-5991-aa2a-f5dc5c47db3c,849b5205-45cc-47ad-b518-808b497b7ee5
9c428308-e52a-5fd3-aa81-5bb80da0e554,d57cb37b-2f4c-4ea6-bd36-d7cd4a1bd589
9c428308-e52a-5fd3-aa81-5bb80da0e554,698d5731-e2e6-4cef-bce8-19cbefc6d8d0
9c428308-e52a-5fd3-aa81-5bb80da0e554,849b5205-45cc-47ad-b518-808b497b7ee5
2cde671c-3d55-5ec1-b36f-8313885f86d6,8cff1021-5d71-4c95-aef0-f9204c21796b
14bd495d-2b5b-5975-9e9b-215aabc3df9f,d57cb37b-2f4c-4ea6-bd36-d7cd4a1bd589
14bd495d-2b5b-5975-9e9b-215aabc3df9f,20f9edbe-a4ae-4fea-a0f8-c04423ffd6de
14bd495d-2b5b-5975-9e9b-215aabc3df9f,437b0947-8395-469d-b78c-aa1ab7c70c2d
14bd495d-2b5b-5975-9e9b-215aabc3df9f,8cff1021-5d71-4c95-aef0-f9204c21796b
14bd495d-2b5b-5975-9e9b-215aabc3df9f,3482820a-71a3-4b72-8375-b3b6c7a1dd49
14bd495d-2b5b-5975-9e9b-215aabc3df9f,849b5205-45cc-47ad-b518-808b497b7ee5
14bd495d-2b5b-5975-9e9b-215aabc3df9f,e334bac8-5b52-482a-8f58-25cd67accf14
20047f29-c8a4-5fba-92fd-fe21a1ccd76d,8cff1021-5d71-4c95-aef0-f9204c21796b
1a875c42-8772-5905-84b6-eed61c4331e3,8cff1021-5d71-4c95-aef0-f9204c21796b
2a267673-ac54-5bfa-be21-f9aaee52d3d4,20f9edbe-a4ae-4fea-a0f8-c04423ffd6de
2a267673-ac54-5bfa-be21-f9aaee52d3d4,849b5205-45cc-47ad-b518-808b497b7ee5
750113d5-1888-5fcf-acae-09c5dbcfc0e9,d57cb37b-2f4c-4ea6-bd36-d7cd4a1bd589
750113d5-1888-5fcf-acae-09c5dbcfc0e9,d4e388b2-48ae-4f2e-96bb-cb734ddc5c33
750113d5-1888-5fcf-acae-09c5dbcfc0e9,e256882e-b242-4076-be79-2bf1ed03f7fa
750113d5-1888-5fcf-acae-09c5dbcfc0e9,eae93354-9f12-4402-a7b9-d374fac3daec
750113d5-1888-5fcf-acae-09c5dbcfc0e9,3b8df81a-ab7b-437a-812d-a692835ff9a9
6fa259a2-b269-5c35-bc72-47ab8763b6e9,8cff1021-5d71-4c95-aef0-f9204c21796b
16216088-64e6-5484-8ad7-2119ce8c08cf,e334bac8-5b52-482a-8f58-25cd67accf14
cb54c73b-d548-5a2d-b8d4-61bf046eb7bb,d4e388b2-48ae-4f2e-96bb-cb734ddc5c33
cb54c73b-d548-5a2d-b8d4-61bf046eb7bb,e256882e-b242-4076-be79-2bf1ed03f7fa
dbf0d0b9-6983-591c-b23f-b98ecc532ab9,8cff1021-5d71-4c95-aef0-f9204c21796b
dbf0d0b9-6983-591c-b23f-b98ecc532ab9,e256882e-b242-4076-be79-2bf1ed03f7fa
dbf0d0b9-6983-591c-b23f-b98ecc532ab9,eae93354-9f12-4402-a7b9-d374fac3daec
dbf0d0b9-6983-591c-b23f-b98ecc532ab9,e334bac8-5b52-482a-8f58-25cd67accf14
dbf0d0b9-6983-591c-b23f-b98ecc532ab9,3b8df81a-ab7b-437a-812d-a692835ff9a9
e998453e-43bb-506b-9402-211e091e7089,8cff1021-5d71-4c95-aef0-f9204c21796b
e998453e-43bb-506b-9402-211e091e7089,e256882e-b242-4076-be79-2bf1ed03f7fa
e998453e-43bb-506b-9402-211e091e7089,eae93354-9f12-4402-a7b9-d374fac3daec
e998453e-43bb-506b-9402-211e091e7089,e334bac8-5b52-482a-8f58-25cd67accf14
e998453e-43bb-506b-9402-211e091e7089,3b8df81a-ab7b-437a-812d-a692835ff9a9
84b06615-9f82-5307-a2c6-6049d165a6c9,849b5205-45cc-47ad-b518-808b497b7ee5
84b06615-9f82-5307-a2c6-6049d165a6c9,53381e7d-b28a-47d9-9635-4995d838af4a
4af36eb2-d6ac-52ac-8985-2eb2a7b89485,698d5731-e2e6-4cef-bce8-19cbefc6d8d0
4af36eb2-d6ac-52ac-8985-2eb2a7b89485,849b5205-45cc-47ad-b518-808b497b7ee5
57a2318c-79c9-5c2b-8c8f-303b92f4c5de,849b5205-45cc-47ad-b518-808b497b7ee5
57a2318c-79c9-5c2b-8c8f-303b92f4c5de,53381e7d-b28a-47d9-9635-4995d838af4a
188ae6a1-7cd9-5d27-a77e-a15746fcb016,849b5205-45cc-47ad-b518-808b497b7ee5
188ae6a1-7cd9-5d27-a77e-a15746fcb016,53381e7d-b28a-47d9-9635-4995d838af4a
23609156-ec7e-5fc7-b5c4-dbf091077a59,849b5205-45cc-47ad-b518-808b497b7ee5
23609156-ec7e-5fc7-b5c4-dbf091077a59,53381e7d-b28a-47d9-9635-4995d838af4a
5e4582fd-488a-53d8-a8cc-a3cb39edae87,8cff1021-5d71-4c95-aef0-f9204c21796b
5e4582fd-488a-53d8-a8cc-a3cb39edae87,e256882e-b242-4076-be79-2bf1ed03f7fa
5e4582fd-488a-53d8-a8cc-a3cb39edae87,eae93354-9f12-4402-a7b9-d374fac3daec
5e4582fd-488a-53d8-a8cc-a3cb39edae87,e334bac8-5b52-482a-8f58-25cd67accf14
5e4582fd-488a-53d8-a8cc-a3cb39edae87,3b8df81a-ab7b-437a-812d-a692835ff9a9
3ce10247-e362-5673-b916-da200f7e2b27,d4e388b2-48ae-4f2e-96bb-cb734ddc5c33
3ce10247-e362-5673-b916-da200f7e2b27,5616ed6b-b823-44d9-b66d-aec168301b7e
3ce10247-e362-5673-b916-da200f7e2b27,437b0947-8395-469d-b78c-aa1ab7c70c2d
3ce10247-e362-5673-b916-da200f7e2b27,e256882e-b242-4076-be79-2bf1ed03f7fa
3ce10247-e362-5673-b916-da200f7e2b27,eae93354-9f12-4402-a7b9-d374fac3daec
40425e18-dfb9-5ed5-8988-f385fa16f372,698d5731-e2e6-4cef-bce8-19cbefc6d8d0
40425e18-dfb9-5ed5-8988-f385fa16f372,849b5205-45cc-47ad-b518-808b497b7ee5
e85c0fd4-0545-5cf9-9100-f60ab5a8c126,849b5205-45cc-47ad-b518-808b497b7ee5
e85c0fd4-0545-5cf9-9100-f60ab5a8c126,53381e7d-b28a-47d9-9635-4995d838af4a
8118b839-2885-50ed-bd3a-73a5657c2811,698d5731-e2e6-4cef-bce8-19cbefc6d8d0
8118b839-2885-50ed-bd3a-73a5657c2811,849b5205-45cc-47ad-b518-808b497b7ee5
a01ea522-1b70-5821-8c5b-7460bcd48c0a,20f9edbe-a4ae-4fea-a0f8-c04423ffd6de
a01ea522-1b70-5821-8c5b-7460bcd48c0a,437b0947-8395-469d-b78c-aa1ab7c70c2d
a01ea522-1b70-5821-8c5b-7460bcd48c0a,8cff1021-5d71-4c95-aef0-f9204c21796b
a01ea522-1b70-5821-8c5b-7460bcd48c0a,e256882e-b242-4076-be79-2bf1ed03f7fa
a01ea522-1b70-5821-8c5b-7460bcd48c0a,3482820a-71a3-4b72-8375-b3b6c7a1dd49
a01ea522-1b70-5821-8c5b-7460bcd48c0a,3b8df81a-ab7b-437a-812d-a692835ff9a9
a01ea522-1b70-5821-8c5b-7460bcd48c0a,e334bac8-5b52-482a-8f58-25cd67accf14
37a91da6-cb96-54f9-926d-c0c8cdaae899,437b0947-8395-469d-b78c-aa1ab7c70c2d
37a91da6-cb96-54f9-926d-c0c8cdaae899,3b8df81a-ab7b-437a-812d-a692835ff9a9
37a91da6-cb96-54f9-926d-c0c8cdaae899,53381e7d-b28a-47d9-9635-4995d838af4a
e0893693-0f7b-555d-bdb1-b2476845d0e4,437b0947-8395-469d-b78c-aa1ab7c70c2d
e0893693-0f7b-555d-bdb1-b2476845d0e4,3b8df81a-ab7b-437a-812d-a692835ff9a9
e0893693-0f7b-555d-bdb1-b2476845d0e4,53381e7d-b28a-47d9-9635-4995d838af4a
9028ab34-6fac-5645-b284-adccafacb3cc,e256882e-b242-4076-be79-2bf1ed03f7fa
9028ab34-6fac-5645-b284-adccafacb3cc,eae93354-9f12-4402-a7b9-d374fac3daec
9028ab34-6fac-5645-b284-adccafacb3cc,3b8df81a-ab7b-437a-812d-a692835ff9a9
a27d6c62-8cdf-5163-813b-f091995c738d,e256882e-b242-4076-be79-2bf1ed03f7fa
a27d6c62-8cdf-5163-813b-f091995c738d,eae93354-9f12-4402-a7b9-d374fac3daec
a27d6c62-8cdf-5163-813b-f091995c738d,849b5205-45cc-47ad-b518-808b497b7ee5
a27d6c62-8cdf-5163-813b-f091995c738d,53381e7d-b28a-47d9-9635-4995d838af4a
aa8063ea-5de2-5b5d-ba5b-bee924e7ae7d,d4e388b2-48ae-4f2e-96bb-cb734ddc5c33
aa8063ea-5de2-5b5d-ba5b-bee924e7ae7d,5616ed6b-b823-44d9-b66d-aec168301b7e
aa8063ea-5de2-5b5d-ba5b-bee924e7ae7d,437b0947-8395-469d-b78c-aa1ab7c70c2d
aa8063ea-5de2-5b5d-ba5b-bee924e7ae7d,e256882e-b242-4076-be79-2bf1ed03f7fa
aa8063ea-5de2-5b5d-ba5b-bee924e7ae7d,eae93354-9f12-4402-a7b9-d374fac3daec
e9403e07-3722-5c57-b54e-60064e1d1071,d57cb37b-2f4c-4ea6-bd36-d7cd4a1bd589
e9403e07-3722-5c57-b54e-60064e1d1071,eae93354-9f12-4402-a7b9-d374fac3daec
d30d266c-d09a-572d-804a-3a9786e92ef6,8cff1021-5d71-4c95-aef0-f9204c21796b
795429fd-3fec-5e03-b993-8569e59add08,849b5205-45cc-47ad-b518-808b497b7ee5
795429fd-3fec-5e03-b993-8569e59add08,53381e7d-b28a-47d9-9635-4995d838af4a
e59351f1-c5dc-5e9a-bceb-2f4d83121ae0,8cff1021-5d71-4c95-aef0-f9204c21796b
3937d821-04ba-5b68-aa97-abb4f91270d4,849b5205-45cc-47ad-b518-808b497b7ee5
3937d821-04ba-5b68-aa97-abb4f91270d4,53381e7d-b28a-47d9-9635-4995d838af4a
25ee1fa0-58b0-5233-ab6c-abd96241bb8c,849b5205-45cc-47ad-b518-808b497b7ee5
25ee1fa0-58b0-5233-ab6c-abd96241bb8c,53381e7d-b28a-47d9-9635-4995d838af4a
ac4966b2-585a-54aa-b087-05f12f8aca5c,8cff1021-5d71-4c95-aef0-f9204c21796b
3442e2a3-5ba2-58dc-af5c-e4d3ed629553,437b0947-8395-469d-b78c-aa1ab7c70c2d
3442e2a3-5ba2-58dc-af5c-e4d3ed629553,8cff1021-5d71-4c95-aef0-f9204c21796b
3442e2a3-5ba2-58dc-af5c-e4d3ed629553,e256882e-b242-4076-be79-2bf1ed03f7fa
3442e2a3-5ba2-58dc-af5c-e4d3ed629553,3482820a-71a3-4b72-8375-b3b6c7a1dd49
3442e2a3-5ba2-58dc-af5c-e4d3ed629553,3b8df81a-ab7b-437a-812d-a692835ff9a9
3442e2a3-5ba2-58dc-af5c-e4d3ed629553,849b5205-45cc-47ad-b518-808b497b7ee5
3442e2a3-5ba2-58dc-af5c-e4d3ed629553,e334bac8-5b52-482a-8f58-25cd67accf14
d22d57b7-6c36-5b5b-ba74-b420b73bc01d,698d5731-e2e6-4cef-bce8-19cbefc6d8d0
d22d57b7-6c36-5b5b-ba74-b420b73bc01d,849b5205-45cc-47ad-b518-808b497b7ee5
c81a3f21-0da0-552a-9dec-1e92333fe910,20f9edbe-a4ae-4fea-a0f8-c04423ffd6de
c81a3f21-0da0-552a-9dec-1e92333fe910,8cff1021-5d71-4c95-aef0-f9204c21796b
c81a3f21-0da0-552a-9dec-1e92333fe910,c96c0331-606d-4cb9-bad1-639457499308
c81a3f21-0da0-552a-9dec-1e92333fe910,849b5205-45cc-47ad-b518-808b497b7ee5
f2a3bc69-6300-5de8-a333-d1fbefce9782,53381e7d-b28a-47d9-9635-4995d838af4a
2527b731-2f75-5685-afa0-84cfe03adc79,437b0947-8395-469d-b78c-aa1ab7c70c2d
2527b731-2f75-5685-afa0-84cfe03adc79,e256882e-b242-4076-be79-2bf1ed03f7fa
2527b731-2f75-5685-afa0-84cfe03adc79,eae93354-9f12-4402-a7b9-d374fac3daec
397ce21f-b23e-5310-a5cd-609acb2c9843,e334bac8-5b52-482a-8f58-25cd67accf14
39b95b00-13b2-5622-b747-d32928b55b0b,53381e7d-b28a-47d9-9635-4995d838af4a
e4a1eb9e-d52e-51dd-a067-b1dcd113a5f9,20f9edbe-a4ae-4fea-a0f8-c04423ffd6de
e4a1eb9e-d52e-51dd-a067-b1dcd113a5f9,e334bac8-5b52-482a-8f58-25cd67accf14
eacc6be8-1344-5c2a-ba98-387c2d188f17,20f9edbe-a4ae-4fea-a0f8-c04423ffd6de
a4d7a832-b973-57fe-9e39-31dcc2d9540c,437b0947-8395-469d-b78c-aa1ab7c70c2d
a4d7a832-b973-57fe-9e39-31dcc2d9540c,e256882e-b242-4076-be79-2bf1ed03f7fa
a4d7a832-b973-57fe-9e39-31dcc2d9540c,eae93354-9f12-4402-a7b9-d374fac3daec
e4589270-3605-563a-8a75-3e2e84c8e0d5,e334bac8-5b52-482a-8f58-25cd67accf14
8a622367-e051-5424-81a0-7fe219b5ccb6,437b0947-8395-469d-b78c-aa1ab7c70c2d
8a622367-e051-5424-81a0-7fe219b5ccb6,e256882e-b242-4076-be79-2bf1ed03f7fa
8a622367-e051-5424-81a0-7fe219b5ccb6,eae93354-9f12-4402-a7b9-d374fac3daec
3dd47b45-beb6-5201-9e70-c6d76404c1dc,53381e7d-b28a-47d9-9635-4995d838af4a
88d8996d-9b20-5a2c-8ee3-1c4660533df7,437b0947-8395-469d-b78c-aa1ab7c70c2d
88d8996d-9b20-5a2c-8ee3-1c4660533df7,e256882e-b242-4076-be79-2bf1ed03f7fa
88d8996d-9b20-5a2c-8ee3-1c4660533df7,eae93354-9f12-4402-a7b9-d374fac3daec
88d8996d-9b20-5a2c-8ee3-1c4660533df7,3482820a-71a3-4b72-8375-b3b6c7a1dd49
bb32f145-5955-5e60-9852-2852bfb26cff,437b0947-8395-469d-b78c-aa1ab7c70c2d
bb32f145-5955-5e60-9852-2852bfb26cff,e256882e-b242-4076-be79-2bf1ed03f7fa
bb32f145-5955-5e60-9852-2852bfb26cff,eae93354-9f12-4402-a7b9-d374fac3daec
bb32f145-5955-5e60-9852-2852bfb26cff,3482820a-71a3-4b72-8375-b3b6c7a1dd49
09827e5d-9a18-5393-8183-b7ca73373be6,437b0947-8395-469d-b78c-aa1ab7c70c2d
09827e5d-9a18-5393-8183-b7ca73373be6,e256882e-b242-4076-be79-2bf1ed03f7fa
09827e5d-9a18-5393-8183-b7ca73373be6,eae93354-9f12-4402-a7b9-d374fac3daec
902d31f0-0300-5095-a712-5e339727bee9,e334bac8-5b52-482a-8f58-25cd67accf14
0a9ff1f2-d328-5392-81bb-ae40a6b4e32b,8cff1021-5d71-4c95-aef0-f9204c21796b
80f324ef-2ce9-5f45-ad94-8c5021831567,e334bac8-5b52-482a-8f58-25cd67accf14
6f2d0859-0bdf-57a3-ac22-cd6ed6b91e86,849b5205-45cc-47ad-b518-808b497b7ee5
e57a0bc8-3d51-5ae1-81a7-74b9539e45f0,e256882e-b242-4076-be79-2bf1ed03f7fa
e57a0bc8-3d51-5ae1-81a7-74b9539e45f0,eae93354-9f12-4402-a7b9-d374fac3daec
ee653fa2-bfcb-58b0-8986-2a402afbc1e2,e334bac8-5b52-482a-8f58-25cd67accf14
1ba7642d-2021-5236-9991-e391da5c22fc,437b0947-8395-469d-b78c-aa1ab7c70c2d
1ba7642d-2021-5236-9991-e391da5c22fc,e256882e-b242-4076-be79-2bf1ed03f7fa
1ba7642d-2021-5236-9991-e391da5c22fc,eae93354-9f12-4402-a7b9-d374fac3daec
e8b62111-7ae0-57d2-af9e-6282212540cf,849b5205-45cc-47ad-b518-808b497b7ee5
e8b62111-7ae0-57d2-af9e-6282212540cf,53381e7d-b28a-47d9-9635-4995d838af4a
5f37f25d-179c-550b-ad28-eecbc4208d04,e334bac8-5b52-482a-8f58-25cd67accf14
f729da04-062c-59de-a4a3-89b1bed598c5,d57cb37b-2f4c-4ea6-bd36-d7cd4a1bd589
f729da04-062c-59de-a4a3-89b1bed598c5,e256882e-b242-4076-be79-2bf1ed03f7fa
f729da04-062c-59de-a4a3-89b1bed598c5,eae93354-9f12-4402-a7b9-d374fac3daec
f729da04-062c-59de-a4a3-89b1bed598c5,3482820a-71a3-4b72-8375-b3b6c7a1dd49
f729da04-062c-59de-a4a3-89b1bed598c5,3b8df81a-ab7b-437a-812d-a692835ff9a9
f729da04-062c-59de-a4a3-89b1bed598c5,e334bac8-5b52-482a-8f58-25cd67accf14
f2e784ba-0ea6-5cd6-874f-e7b3f0093ad1,d4e388b2-48ae-4f2e-96bb-cb734ddc5c33
f2e784ba-0ea6-5cd6-874f-e7b3f0093ad1,5616ed6b-b823-44d9-b66d-aec168301b7e
f2e784ba-0ea6-5cd6-874f-e7b3f0093ad1,437b0947-8395-469d-b78c-aa1ab7c70c2d
f2e784ba-0ea6-5cd6-874f-e7b3f0093ad1,e256882e-b242-4076-be79-2bf1ed03f7fa
f2e784ba-0ea6-5cd6-874f-e7b3f0093ad1,eae93354-9f12-4402-a7b9-d374fac3daec
68438255-cdb6-565a-a2d6-540efa98f071,437b0947-8395-469d-b78c-aa1ab7c70c2d
68438255-cdb6-565a-a2d6-540efa98f071,e256882e-b242-4076-be79-2bf1ed03f7fa
73c34e6b-db3f-565a-ba3d-7e91cd1b02cf,698d5731-e2e6-4cef-bce8-19cbefc6d8d0
73c34e6b-db3f-565a-ba3d-7e91cd1b02cf,849b5205-45cc-47ad-b518-808b497b7ee5
e7bb9305-697c-5257-aca4-444c4eab5d86,698d5731-e2e6-4cef-bce8-19cbefc6d8d0
e7bb9305-697c-5257-aca4-444c4eab5d86,849b5205-45cc-47ad-b518-808b497b7ee5
62c3fe04-3054-51de-8a7b-e4fb67535270,eae93354-9f12-4402-a7b9-d374fac3daec
d894e776-fc2d-56a2-9858-ee8a73cff76f,437b0947-8395-469d-b78c-aa1ab7c70c2d
d894e776-fc2d-56a2-9858-ee8a73cff76f,e256882e-b242-4076-be79-2bf1ed03f7fa
d894e776-fc2d-56a2-9858-ee8a73cff76f,eae93354-9f12-4402-a7b9-d374fac3daec
d894e776-fc2d-56a2-9858-ee8a73cff76f,3b8df81a-ab7b-437a-812d-a692835ff9a9
d894e776-fc2d-56a2-9858-ee8a73cff76f,849b5205-45cc-47ad-b518-808b497b7ee5
d894e776-fc2d-56a2-9858-ee8a73cff76f,53381e7d-b28a-47d9-9635-4995d838af4a
9292a950-be11-57ec-b2c7-54ea9bd1b7dc,d57cb37b-2f4c-4ea6-bd36-d7cd4a1bd589
9292a950-be11-57ec-b2c7-54ea9bd1b7dc,437b0947-8395-469d-b78c-aa1ab7c70c2d
9292a950-be11-57ec-b2c7-54ea9bd1b7dc,e256882e-b242-4076-be79-2bf1ed03f7fa
9292a950-be11-57ec-b2c7-54ea9bd1b7dc,eae93354-9f12-4402-a7b9-d374fac3daec
2af7efef-dba3-5737-b95b-658c4361aa94,437b0947-8395-469d-b78c-aa1ab7c70c2d
2af7efef-dba3-5737-b95b-658c4361aa94,e256882e-b242-4076-be79-2bf1ed03f7fa
2af7efef-dba3-5737-b95b-658c4361aa94,eae93354-9f12-4402-a7b9-d374fac3daec
16a52a76-7a83-5ba2-ace6-ff081efb27ad,437b0947-8395-469d-b78c-aa1ab7c70c2d
16a52a76-7a83-5ba2-ace6-ff081efb27ad,e256882e-b242-4076-be79-2bf1ed03f7fa
16a52a76-7a83-5ba2-ace6-ff081efb27ad,eae93354-9f12-4402-a7b9-d374fac3daec
6730d374-f096-5a93-8377-07de2a2992f8,437b0947-8395-469d-b78c-aa1ab7c70c2d
6730d374-f096-5a93-8377-07de2a2992f8,e256882e-b242-4076-be79-2bf1ed03f7fa
6730d374-f096-5a93-8377-07de2a2992f8,eae93354-9f12-4402-a7b9-d374fac3daec
26892597-6262-522f-8c85-1f43a5433c88,437b0947-8395-469d-b78c-aa1ab7c70c2d
26892597-6262-522f-8c85-1f43a5433c88,e256882e-b242-4076-be79-2bf1ed03f7fa
26892597-6262-522f-8c85-1f43a5433c88,eae93354-9f12-4402-a7b9-d374fac3daec
f237abcc-3f8d-5b6d-bf2a-8f18ea9af292,d4e388b2-48ae-4f2e-96bb-cb734ddc5c33
f237abcc-3f8d-5b6d-bf2a-8f18ea9af292,5616ed6b-b823-44d9-b66d-aec168301b7e
f237abcc-3f8d-5b6d-bf2a-8f18ea9af292,437b0947-8395-469d-b78c-aa1ab7c70c2d
f237abcc-3f8d-5b6d-bf2a-8f18ea9af292,e256882e-b242-4076-be79-2bf1ed03f7fa
f237abcc-3f8d-5b6d-bf2a-8f18ea9af292,3b8df81a-ab7b-437a-812d-a692835ff9a9
216f9402-349c-5e97-866f-782a1f693bc8,d4e388b2-48ae-4f2e-96bb-cb734ddc5c33
216f9402-349c-5e97-866f-782a1f693bc8,5616ed6b-b823-44d9-b66d-aec168301b7e
216f9402-349c-5e97-866f-782a1f693bc8,437b0947-8395-469d-b78c-aa1ab7c70c2d
216f9402-349c-5e97-866f-782a1f693bc8,e256882e-b242-4076-be79-2bf1ed03f7fa
216f9402-349c-5e97-866f-782a1f693bc8,eae93354-9f12-4402-a7b9-d374fac3daec
a439a82f-7eb9-5fe9-9ecd-95753243c2e8,c96c0331-606d-4cb9-bad1-639457499308
a439a82f-7eb9-5fe9-9ecd-95753243c2e8,849b5205-45cc-47ad-b518-808b497b7ee5
a439a82f-7eb9-5fe9-9ecd-95753243c2e8,53381e7d-b28a-47d9-9635-4995d838af4a
93ea44c9-c3d9-5ad3-a9a7-5771d07880d2,d57cb37b-2f4c-4ea6-bd36-d7cd4a1bd589
93ea44c9-c3d9-5ad3-a9a7-5771d07880d2,e256882e-b242-4076-be79-2bf1ed03f7fa
93ea44c9-c3d9-5ad3-a9a7-5771d07880d2,eae93354-9f12-4402-a7b9-d374fac3daec
ce205d6d-d1a0-50f2-b352-c46e596ef31b,437b0947-8395-469d-b78c-aa1ab7c70c2d
ce205d6d-d1a0-50f2-b352-c46e596ef31b,e256882e-b242-4076-be79-2bf1ed03f7fa
f00e0215-ea58-5164-8318-279ac6945b59,20f9edbe-a4ae-4fea-a0f8-c04423ffd6de
f00e0215-ea58-5164-8318-279ac6945b59,e334bac8-5b52-482a-8f58-25cd67accf14
f00e0215-ea58-5164-8318-279ac6945b59,849b5205-45cc-47ad-b518-808b497b7ee5
979a0db2-5363-54d8-99e5-b9c314103a0e,20f9edbe-a4ae-4fea-a0f8-c04423ffd6de
979a0db2-5363-54d8-99e5-b9c314103a0e,e334bac8-5b52-482a-8f58-25cd67accf14
e0185d09-c06d-5f64-9f1b-d361c21e3491,437b0947-8395-469d-b78c-aa1ab7c70c2d
e0185d09-c06d-5f64-9f1b-d361c21e3491,e256882e-b242-4076-be79-2bf1ed03f7fa
83d6f36c-1399-525c-972a-4ae60fbe639d,eae93354-9f12-4402-a7b9-d374fac3daec
fd43d9e4-666c-5ea7-8889-9b3e35d5103d,437b0947-8395-469d-b78c-aa1ab7c70c2d
fd43d9e4-666c-5ea7-8889-9b3e35d5103d,e256882e-b242-4076-be79-2bf1ed03f7fa
fd43d9e4-666c-5ea7-8889-9b3e35d5103d,eae93354-9f12-4402-a7b9-d374fac3daec
fd43d9e4-666c-5ea7-8889-9b3e35d5103d,849b5205-45cc-47ad-b518-808b497b7ee5
1bae8cf0-f142-599a-9edb-c2c855aea399,d57cb37b-2f4c-4ea6-bd36-d7cd4a1bd589
1bae8cf0-f142-599a-9edb-c2c855aea399,e256882e-b242-4076-be79-2bf1ed03f7fa
1bae8cf0-f142-599a-9edb-c2c855aea399,3482820a-71a3-4b72-8375-b3b6c7a1dd49
569fc565-ed93-53cc-9aa7-5b5f72f92c42,d57cb37b-2f4c-4ea6-bd36-d7cd4a1bd589
569fc565-ed93-53cc-9aa7-5b5f72f92c42,e256882e-b242-4076-be79-2bf1ed03f7fa
569fc565-ed93-53cc-9aa7-5b5f72f92c42,3482820a-71a3-4b72-8375-b3b6c7a1dd49
af6701ea-70b2-5cc0-b6b0-57e60404194a,20f9edbe-a4ae-4fea-a0f8-c04423ffd6de
af6701ea-70b2-5cc0-b6b0-57e60404194a,c96c0331-606d-4cb9-bad1-639457499308
88f74d08-f97e-50e4-8336-e8f175122bbb,437b0947-8395-469d-b78c-aa1ab7c70c2d
88f74d08-f97e-50e4-8336-e8f175122bbb,e256882e-b242-4076-be79-2bf1ed03f7fa
88f74d08-f97e-50e4-8336-e8f175122bbb,eae93354-9f12-4402-a7b9-d374fac3daec
a159b594-bf93-57fc-8bd8-76f75e79c0f6,849b5205-45cc-47ad-b518-808b497b7ee5
a159b594-bf93-57fc-8bd8-76f75e79c0f6,53381e7d-b28a-47d9-9635-4995d838af4a
6b0f4ad9-dbea-5582-a68f-8c301bb6f66a,53381e7d-b28a-47d9-9635-4995d838af4a
cc5469c1-0839-5f30-aaad-56585f41fa09,437b0947-8395-469d-b78c-aa1ab7c70c2d
cc5469c1-0839-5f30-aaad-56585f41fa09,8cff1021-5d71-4c95-aef0-f9204c21796b
cc5469c1-0839-5f30-aaad-56585f41fa09,e256882e-b242-4076-be79-2bf1ed03f7fa
cc5469c1-0839-5f30-aaad-56585f41fa09,eae93354-9f12-4402-a7b9-d374fac3daec
cc5469c1-0839-5f30-aaad-56585f41fa09,3482820a-71a3-4b72-8375-b3b6c7a1dd49
cc5469c1-0839-5f30-aaad-56585f41fa09,849b5205-45cc-47ad-b518-808b497b7ee5
cc5469c1-0839-5f30-aaad-56585f41fa09,e334bac8-5b52-482a-8f58-25cd67accf14
43608f30-a509-5ef7-aba1-88687fa61efb,437b0947-8395-469d-b78c-aa1ab7c70c2d
43608f30-a509-5ef7-aba1-88687fa61efb,8cff1021-5d71-4c95-aef0-f9204c21796b
43608f30-a509-5ef7-aba1-88687fa61efb,e256882e-b242-4076-be79-2bf1ed03f7fa
43608f30-a509-5ef7-aba1-88687fa61efb,eae93354-9f12-4402-a7b9-d374fac3daec
43608f30-a509-5ef7-aba1-88687fa61efb,3482820a-71a3-4b72-8375-b3b6c7a1dd49
43608f30-a509-5ef7-aba1-88687fa61efb,849b5205-45cc-47ad-b518-808b497b7ee5
43608f30-a509-5ef7-aba1-88687fa61efb,e334bac8-5b52-482a-8f58-25cd67accf14
4ba16505-a905-53a4-90f7-550603989c1e,d57cb37b-2f4c-4ea6-bd36-d7cd4a1bd589
4ba16505-a905-53a4-90f7-550603989c1e,437b0947-8395-469d-b78c-aa1ab7c70c2d
4ba16505-a905-53a4-90f7-550603989c1e,8cff1021-5d71-4c95-aef0-f9204c21796b
4ba16505-a905-53a4-90f7-550603989c1e,e256882e-b242-4076-be79-2bf1ed03f7fa
4ba16505-a905-53a4-90f7-550603989c1e,3482820a-71a3-4b72-8375-b3b6c7a1dd49
4ba16505-a905-53a4-90f7-550603989c1e,3b8df81a-ab7b-437a-812d-a692835ff9a9
4ba16505-a905-53a4-90f7-550603989c1e,849b5205-45cc-47ad-b518-808b497b7ee5
4ba16505-a905-53a4-90f7-550603989c1e,e334bac8-5b52-482a-8f58-25cd67accf14
f2734452-17ad-5011-98f9-dc6d46220b58,d57cb37b-2f4c-4ea6-bd36-d7cd4a1bd589
f2734452-17ad-5011-98f9-dc6d46220b58,437b0947-8395-469d-b78c-aa1ab7c70c2d
f2734452-17ad-5011-98f9-dc6d46220b58,8cff1021-5d71-4c95-aef0-f9204c21796b
f2734452-17ad-5011-98f9-dc6d46220b58,e256882e-b242-4076-be79-2bf1ed03f7fa
f2734452-17ad-5011-98f9-dc6d46220b58,3482820a-71a3-4b72-8375-b3b6c7a1dd49
f2734452-17ad-5011-98f9-dc6d46220b58,3b8df81a-ab7b-437a-812d-a692835ff9a9
f2734452-17ad-5011-98f9-dc6d46220b58,849b5205-45cc-47ad-b518-808b497b7ee5
f2734452-17ad-5011-98f9-dc6d46220b58,e334bac8-5b52-482a-8f58-25cd67accf14
62af4415-6bdc-5176-a8e5-e08bc52c3f11,d57cb37b-2f4c-4ea6-bd36-d7cd4a1bd589
62af4415-6bdc-5176-a8e5-e08bc52c3f11,e256882e-b242-4076-be79-2bf1ed03f7fa
62af4415-6bdc-5176-a8e5-e08bc52c3f11,3482820a-71a3-4b72-8375-b3b6c7a1dd49
4bf43520-93a4-5dd5-9397-c80bae09e833,d57cb37b-2f4c-4ea6-bd36-d7cd4a1bd589
4bf43520-93a4-5dd5-9397-c80bae09e833,8cff1021-5d71-4c95-aef0-f9204c21796b
4bf43520-93a4-5dd5-9397-c80bae09e833,e256882e-b242-4076-be79-2bf1ed03f7fa
4bf43520-93a4-5dd5-9397-c80bae09e833,eae93354-9f12-4402-a7b9-d374fac3daec
4bf43520-93a4-5dd5-9397-c80bae09e833,849b5205-45cc-47ad-b518-808b497b7ee5
4bf43520-93a4-5dd5-9397-c80bae09e833,53381e7d-b28a-47d9-9635-4995d838af4a
2919b32d-821a-5ee6-ac04-100cd8dd970c,d57cb37b-2f4c-4ea6-bd36-d7cd4a1bd589
2919b32d-821a-5ee6-ac04-100cd8dd970c,849b5205-45cc-47ad-b518-808b497b7ee5
2919b32d-821a-5ee6-ac04-100cd8dd970c,53381e7d-b28a-47d9-9635-4995d838af4a
d1c037b9-605c-5467-8c42-e0c67e9d0e9b,5616ed6b-b823-44d9-b66d-aec168301b7e
40eddc22-d202-52ea-989a-087b2cebc119,eae93354-9f12-4402-a7b9-d374fac3daec
54aa35cd-3c83-5264-bed0-3d5608374e0b,437b0947-8395-469d-b78c-aa1ab7c70c2d
54aa35cd-3c83-5264-bed0-3d5608374e0b,eae93354-9f12-4402-a7b9-d374fac3daec
f44c17c9-1f9c-549e-bbf0-deec06fdffae,437b0947-8395-469d-b78c-aa1ab7c70c2d
f44c17c9-1f9c-549e-bbf0-deec06fdffae,e256882e-b242-4076-be79-2bf1ed03f7fa
2500cb0a-9d70-56df-896f-c9596f0c6ed3,e256882e-b242-4076-be79-2bf1ed03f7fa
f4abcb40-9a39-5213-bc79-728ad4910d6d,d4e388b2-48ae-4f2e-96bb-cb734ddc5c33
f4abcb40-9a39-5213-bc79-728ad4910d6d,5616ed6b-b823-44d9-b66d-aec168301b7e
f4abcb40-9a39-5213-bc79-728ad4910d6d,437b0947-8395-469d-b78c-aa1ab7c70c2d
f4abcb40-9a39-5213-bc79-728ad4910d6d,e256882e-b242-4076-be79-2bf1ed03f7fa
f4abcb40-9a39-5213-bc79-728ad4910d6d,eae93354-9f12-4402-a7b9-d374fac3daec
90fe4471-aa93-5a84-9959-5a944aad9f78,e256882e-b242-4076-be79-2bf1ed03f7fa
90fe4471-aa93-5a84-9959-5a944aad9f78,eae93354-9f12-4402-a7b9-d374fac3daec
d64e60d4-9ad8-58ee-a493-26a9828a0af4,e256882e-b242-4076-be79-2bf1ed03f7fa
d64e60d4-9ad8-58ee-a493-26a9828a0af4,eae93354-9f12-4402-a7b9-d374fac3daec
02ef4421-dcfa-53a6-baef-bbd9c7ffed52,8cff1021-5d71-4c95-aef0-f9204c21796b
0e0b1414-5a10-5314-b189-68b1bc45adc0,c96c0331-606d-4cb9-bad1-639457499308
0e0b1414-5a10-5314-b189-68b1bc45adc0,849b5205-45cc-47ad-b518-808b497b7ee5
3e012414-c3b0-5c44-81f6-2e2aa1c82328,849b5205-45cc-47ad-b518-808b497b7ee5
3e012414-c3b0-5c44-81f6-2e2aa1c82328,53381e7d-b28a-47d9-9635-4995d838af4a
45508126-d465-5428-ba81-05c0d4258dc8,849b5205-45cc-47ad-b518-808b497b7ee5
df457825-fe97-5ab3-8aa5-fc8ff564622b,849b5205-45cc-47ad-b518-808b497b7ee5
df457825-fe97-5ab3-8aa5-fc8ff564622b,53381e7d-b28a-47d9-9635-4995d838af4a
b4065efd-1c15-5f3c-b0d7-837aee5e7f5f,849b5205-45cc-47ad-b518-808b497b7ee5
4bfb4ccf-e028-56dc-8e18-43a51c9e7732,849b5205-45cc-47ad-b518-808b497b7ee5
62101618-d67c-562a-8140-f7b6d5303306,849b5205-45cc-47ad-b518-808b497b7ee5
62101618-d67c-562a-8140-f7b6d5303306,53381e7d-b28a-47d9-9635-4995d838af4a
b94cf3f3-b300-5ae4-ad4d-16b36ef7e0b4,849b5205-45cc-47ad-b518-808b497b7ee5
b94cf3f3-b300-5ae4-ad4d-16b36ef7e0b4,53381e7d-b28a-47d9-9635-4995d838af4a
f301828a-cbd7-5a85-93ae-8abe92d1b877,698d5731-e2e6-4cef-bce8-19cbefc6d8d0
f301828a-cbd7-5a85-93ae-8abe92d1b877,849b5205-45cc-47ad-b518-808b497b7ee5
8b5307ab-171f-546f-bcd0-2755621c5f9c,849b5205-45cc-47ad-b518-808b497b7ee5
8b5307ab-171f-546f-bcd0-2755621c5f9c,53381e7d-b28a-47d9-9635-4995d838af4a
9f44f9d4-78fc-5dd6-9c1b-2347728fbaf8,d57cb37b-2f4c-4ea6-bd36-d7cd4a1bd589
9f44f9d4-78fc-5dd6-9c1b-2347728fbaf8,849b5205-45cc-47ad-b518-808b497b7ee5
9f44f9d4-78fc-5dd6-9c1b-2347728fbaf8,53381e7d-b28a-47d9-9635-4995d838af4a
e53e2628-d8b1-5223-93c5-088bce600f1e,d57cb37b-2f4c-4ea6-bd36-d7cd4a1bd589
e53e2628-d8b1-5223-93c5-088bce600f1e,849b5205-45cc-47ad-b518-808b497b7ee5
e53e2628-d8b1-5223-93c5-088bce600f1e,53381e7d-b28a-47d9-9635-4995d838af4a
9ecce3ba-ba91-5ed0-a51e-e1d1e69c82e3,d57cb37b-2f4c-4ea6-bd36-d7cd4a1bd589
9ecce3ba-ba91-5ed0-a51e-e1d1e69c82e3,849b5205-45cc-47ad-b518-808b497b7ee5
9ecce3ba-ba91-5ed0-a51e-e1d1e69c82e3,53381e7d-b28a-47d9-9635-4995d838af4a
deeda86c-6972-5962-b6a5-09c71ad18ff5,c96c0331-606d-4cb9-bad1-639457499308
3ed0c51b-aee7-5736-85cf-ed1aad0c41b5,20f9edbe-a4ae-4fea-a0f8-c04423ffd6de
3ed0c51b-aee7-5736-85cf-ed1aad0c41b5,c96c0331-606d-4cb9-bad1-639457499308
bab4367d-f0e1-5706-a943-c53a8931d021,698d5731-e2e6-4cef-bce8-19cbefc6d8d0
bab4367d-f0e1-5706-a943-c53a8931d021,e256882e-b242-4076-be79-2bf1ed03f7fa
bab4367d-f0e1-5706-a943-c53a8931d021,eae93354-9f12-4402-a7b9-d374fac3daec
bab4367d-f0e1-5706-a943-c53a8931d021,3482820a-71a3-4b72-8375-b3b6c7a1dd49
bab4367d-f0e1-5706-a943-c53a8931d021,3b8df81a-ab7b-437a-812d-a692835ff9a9
bab4367d-f0e1-5706-a943-c53a8931d021,e334bac8-5b52-482a-8f58-25cd67accf14
52feebfa-2626-5655-b960-14d63e369b9a,849b5205-45cc-47ad-b518-808b497b7ee5
52feebfa-2626-5655-b960-14d63e369b9a,53381e7d-b28a-47d9-9635-4995d838af4a
5dc07f1e-5ba3-53fb-b659-8eea445f8ba1,d57cb37b-2f4c-4ea6-bd36-d7cd4a1bd589
5dc07f1e-5ba3-53fb-b659-8eea445f8ba1,849b5205-45cc-47ad-b518-808b497b7ee5
5dc07f1e-5ba3-53fb-b659-8eea445f8ba1,53381e7d-b28a-47d9-9635-4995d838af4a
d6f35417-87c3-5c46-b21b-1e9850b7a888,698d5731-e2e6-4cef-bce8-19cbefc6d8d0
d6f35417-87c3-5c46-b21b-1e9850b7a888,849b5205-45cc-47ad-b518-808b497b7ee5
2069c09f-0775-5fcc-8378-0caa3ed968f6,437b0947-8395-469d-b78c-aa1ab7c70c2d
2069c09f-0775-5fcc-8378-0caa3ed968f6,e256882e-b242-4076-be79-2bf1ed03f7fa
2069c09f-0775-5fcc-8378-0caa3ed968f6,eae93354-9f12-4402-a7b9-d374fac3daec
2069c09f-0775-5fcc-8378-0caa3ed968f6,3482820a-71a3-4b72-8375-b3b6c7a1dd49
2069c09f-0775-5fcc-8378-0caa3ed968f6,e334bac8-5b52-482a-8f58-25cd67accf14
5c726499-885e-52c7-b6a0-58403b8543da,e256882e-b242-4076-be79-2bf1ed03f7fa
5c726499-885e-52c7-b6a0-58403b8543da,eae93354-9f12-4402-a7b9-d374fac3daec
5c726499-885e-52c7-b6a0-58403b8543da,3b8df81a-ab7b-437a-812d-a692835ff9a9
5c726499-885e-52c7-b6a0-58403b8543da,53381e7d-b28a-47d9-9635-4995d838af4a
8476ab13-5395-58a4-b6bf-dd1b1547701e,d57cb37b-2f4c-4ea6-bd36-d7cd4a1bd589
8476ab13-5395-58a4-b6bf-dd1b1547701e,437b0947-8395-469d-b78c-aa1ab7c70c2d
f914d93c-e62b-5355-a3bf-e54441844202,e256882e-b242-4076-be79-2bf1ed03f7fa
f914d93c-e62b-5355-a3bf-e54441844202,eae93354-9f12-4402-a7b9-d374fac3daec
5175c078-8530-5e71-a375-8de53a709474,d57cb37b-2f4c-4ea6-bd36-d7cd4a1bd589
5175c078-8530-5e71-a375-8de53a709474,20f9edbe-a4ae-4fea-a0f8-c04423ffd6de
5175c078-8530-5e71-a375-8de53a709474,437b0947-8395-469d-b78c-aa1ab7c70c2d
5175c078-8530-5e71-a375-8de53a709474,8cff1021-5d71-4c95-aef0-f9204c21796b
5175c078-8530-5e71-a375-8de53a709474,e256882e-b242-4076-be79-2bf1ed03f7fa
5175c078-8530-5e71-a375-8de53a709474,eae93354-9f12-4402-a7b9-d374fac3daec
5175c078-8530-5e71-a375-8de53a709474,e334bac8-5b52-482a-8f58-25cd67accf14
5175c078-8530-5e71-a375-8de53a709474,3b8df81a-ab7b-437a-812d-a692835ff9a9
5175c078-8530-5e71-a375-8de53a709474,849b5205-45cc-47ad-b518-808b497b7ee5
b27d4c3e-a757-5eb0-b21d-4b228e560cd6,53381e7d-b28a-47d9-9635-4995d838af4a
1e1d8d8f-726f-5e52-ba7e-3935018b1f38,437b0947-8395-469d-b78c-aa1ab7c70c2d
1e1d8d8f-726f-5e52-ba7e-3935018b1f38,e256882e-b242-4076-be79-2bf1ed03f7fa
1e1d8d8f-726f-5e52-ba7e-3935018b1f38,3482820a-71a3-4b72-8375-b3b6c7a1dd49
1e1d8d8f-726f-5e52-ba7e-3935018b1f38,3b8df81a-ab7b-437a-812d-a692835ff9a9
1e1d8d8f-726f-5e52-ba7e-3935018b1f38,e334bac8-5b52-482a-8f58-25cd67accf14
941d1422-6a1d-559d-a120-07688b21b72c,eae93354-9f12-4402-a7b9-d374fac3daec
941d1422-6a1d-559d-a120-07688b21b72c,849b5205-45cc-47ad-b518-808b497b7ee5
26e28996-6bd4-5d05-bc56-3bc7b96b8dc3,437b0947-8395-469d-b78c-aa1ab7c70c2d
26e28996-6bd4-5d05-bc56-3bc7b96b8dc3,e256882e-b242-4076-be79-2bf1ed03f7fa
26e28996-6bd4-5d05-bc56-3bc7b96b8dc3,3482820a-71a3-4b72-8375-b3b6c7a1dd49
26e28996-6bd4-5d05-bc56-3bc7b96b8dc3,849b5205-45cc-47ad-b518-808b497b7ee5
26e28996-6bd4-5d05-bc56-3bc7b96b8dc3,e334bac8-5b52-482a-8f58-25cd67accf14
8b5e9526-a206-5668-83b5-63f39c0c4800,e256882e-b242-4076-be79-2bf1ed03f7fa
8b5e9526-a206-5668-83b5-63f39c0c4800,3482820a-71a3-4b72-8375-b3b6c7a1dd49
09ffcaf6-343c-5b3f-aea3-d73c632fa402,e256882e-b242-4076-be79-2bf1ed03f7fa
09ffcaf6-343c-5b3f-aea3-d73c632fa402,eae93354-9f12-4402-a7b9-d374fac3daec
09ffcaf6-343c-5b3f-aea3-d73c632fa402,849b5205-45cc-47ad-b518-808b497b7ee5
b3415075-c801-5d9f-bcb9-2aba0e236af7,d57cb37b-2f4c-4ea6-bd36-d7cd4a1bd589
79d5f9b7-6fda-5475-bb77-e6bad73732db,437b0947-8395-469d-b78c-aa1ab7c70c2d
79d5f9b7-6fda-5475-bb77-e6bad73732db,e256882e-b242-4076-be79-2bf1ed03f7fa
79d5f9b7-6fda-5475-bb77-e6bad73732db,eae93354-9f12-4402-a7b9-d374fac3daec
79d5f9b7-6fda-5475-bb77-e6bad73732db,849b5205-45cc-47ad-b518-808b497b7ee5
29d092e0-cd5b-545b-b857-7b06974b0810,53381e7d-b28a-47d9-9635-4995d838af4a
f624c607-8efe-5bde-958d-71b5284a69de,53381e7d-b28a-47d9-9635-4995d838af4a
946f192f-3edc-5d14-9e47-678f6a64b1b2,5616ed6b-b823-44d9-b66d-aec168301b7e
946f192f-3edc-5d14-9e47-678f6a64b1b2,e256882e-b242-4076-be79-2bf1ed03f7fa
946f192f-3edc-5d14-9e47-678f6a64b1b2,eae93354-9f12-4402-a7b9-d374fac3daec
946f192f-3edc-5d14-9e47-678f6a64b1b2,3b8df81a-ab7b-437a-812d-a692835ff9a9
946f192f-3edc-5d14-9e47-678f6a64b1b2,849b5205-45cc-47ad-b518-808b497b7ee5
073c548c-e18d-5cf6-ac05-427ed9ff174b,3b8df81a-ab7b-437a-812d-a692835ff9a9
073c548c-e18d-5cf6-ac05-427ed9ff174b,53381e7d-b28a-47d9-9635-4995d838af4a
e91f5da9-d732-5c43-9d57-f3bbd9095a09,d57cb37b-2f4c-4ea6-bd36-d7cd4a1bd589
e91f5da9-d732-5c43-9d57-f3bbd9095a09,eae93354-9f12-4402-a7b9-d374fac3daec
e91f5da9-d732-5c43-9d57-f3bbd9095a09,3b8df81a-ab7b-437a-812d-a692835ff9a9
e91f5da9-d732-5c43-9d57-f3bbd9095a09,53381e7d-b28a-47d9-9635-4995d838af4a
d642a5b0-1a5d-5a0c-99cc-86dae496a3b5,d57cb37b-2f4c-4ea6-bd36-d7cd4a1bd589
d642a5b0-1a5d-5a0c-99cc-86dae496a3b5,437b0947-8395-469d-b78c-aa1ab7c70c2d
d642a5b0-1a5d-5a0c-99cc-86dae496a3b5,eae93354-9f12-4402-a7b9-d374fac3daec
d642a5b0-1a5d-5a0c-99cc-86dae496a3b5,3b8df81a-ab7b-437a-812d-a692835ff9a9
d642a5b0-1a5d-5a0c-99cc-86dae496a3b5,53381e7d-b28a-47d9-9635-4995d838af4a
4d487749-6efc-5e26-bedc-bae67bb18a44,e256882e-b242-4076-be79-2bf1ed03f7fa
4d487749-6efc-5e26-bedc-bae67bb18a44,eae93354-9f12-4402-a7b9-d374fac3daec
4d487749-6efc-5e26-bedc-bae67bb18a44,849b5205-45cc-47ad-b518-808b497b7ee5
4d487749-6efc-5e26-bedc-bae67bb18a44,53381e7d-b28a-47d9-9635-4995d838af4a
25a10a94-5198-50a5-a650-01cf7607079f,d57cb37b-2f4c-4ea6-bd36-d7cd4a1bd589
25a10a94-5198-50a5-a650-01cf7607079f,20f9edbe-a4ae-4fea-a0f8-c04423ffd6de
25a10a94-5198-50a5-a650-01cf7607079f,8cff1021-5d71-4c95-aef0-f9204c21796b
25a10a94-5198-50a5-a650-01cf7607079f,e334bac8-5b52-482a-8f58-25cd67accf14
25a10a94-5198-50a5-a650-01cf7607079f,849b5205-45cc-47ad-b518-808b497b7ee5
25a10a94-5198-50a5-a650-01cf7607079f,53381e7d-b28a-47d9-9635-4995d838af4a
4592e96a-faf4-5fe1-8048-da378e25556f,d4e388b2-48ae-4f2e-96bb-cb734ddc5c33
4592e96a-faf4-5fe1-8048-da378e25556f,3482820a-71a3-4b72-8375-b3b6c7a1dd49
745f2139-18d9-514a-99ba-39bfbe78a3da,eae93354-9f12-4402-a7b9-d374fac3daec
745f2139-18d9-514a-99ba-39bfbe78a3da,3b8df81a-ab7b-437a-812d-a692835ff9a9
34037515-37ac-5d14-b588-a5b6c4091baf,d4e388b2-48ae-4f2e-96bb-cb734ddc5c33
34037515-37ac-5d14-b588-a5b6c4091baf,5616ed6b-b823-44d9-b66d-aec168301b7e
34037515-37ac-5d14-b588-a5b6c4091baf,437b0947-8395-469d-b78c-aa1ab7c70c2d
34037515-37ac-5d14-b588-a5b6c4091baf,e256882e-b242-4076-be79-2bf1ed03f7fa
34037515-37ac-5d14-b588-a5b6c4091baf,3b8df81a-ab7b-437a-812d-a692835ff9a9
14716740-adb2-5956-a540-89a9f91e7e9c,d57cb37b-2f4c-4ea6-bd36-d7cd4a1bd589
d1e3fd6e-d1bd-5824-b457-763116f7c890,20f9edbe-a4ae-4fea-a0f8-c04423ffd6de
d1e3fd6e-d1bd-5824-b457-763116f7c890,e334bac8-5b52-482a-8f58-25cd67accf14
817908f3-d62d-5565-92fc-930413a1fc62,3b8df81a-ab7b-437a-812d-a692835ff9a9
0a66a292-3bf0-5e93-a458-10371854edd1,437b0947-8395-469d-b78c-aa1ab7c70c2d
0a66a292-3bf0-5e93-a458-10371854edd1,eae93354-9f12-4402-a7b9-d374fac3daec
0a66a292-3bf0-5e93-a458-10371854edd1,3b8df81a-ab7b-437a-812d-a692835ff9a9
1cf5e682-3b60-54c7-a08e-216c192d6eb9,20f9edbe-a4ae-4fea-a0f8-c04423ffd6de
1cf5e682-3b60-54c7-a08e-216c192d6eb9,e334bac8-5b52-482a-8f58-25cd67accf14
3a3dc258-3afd-580e-a3be-ce13a7b11c83,d57cb37b-2f4c-4ea6-bd36-d7cd4a1bd589
3a3dc258-3afd-580e-a3be-ce13a7b11c83,eae93354-9f12-4402-a7b9-d374fac3daec
3a3dc258-3afd-580e-a3be-ce13a7b11c83,3482820a-71a3-4b72-8375-b3b6c7a1dd49
cedcc470-7af7-5126-9bc1-b609cadf505e,e256882e-b242-4076-be79-2bf1ed03f7fa
cedcc470-7af7-5126-9bc1-b609cadf505e,3482820a-71a3-4b72-8375-b3b6c7a1dd49
cedcc470-7af7-5126-9bc1-b609cadf505e,849b5205-45cc-47ad-b518-808b497b7ee5
8c3d7321-2bfc-5a6c-af91-fcf2d0a058e2,d57cb37b-2f4c-4ea6-bd36-d7cd4a1bd589
8c3d7321-2bfc-5a6c-af91-fcf2d0a058e2,437b0947-8395-469d-b78c-aa1ab7c70c2d
8c3d7321-2bfc-5a6c-af91-fcf2d0a058e2,698d5731-e2e6-4cef-bce8-19cbefc6d8d0
8c3d7321-2bfc-5a6c-af91-fcf2d0a058e2,eae93354-9f12-4402-a7b9-d374fac3daec
8c3d7321-2bfc-5a6c-af91-fcf2d0a058e2,3b8df81a-ab7b-437a-812d-a692835ff9a9
8c3d7321-2bfc-5a6c-af91-fcf2d0a058e2,53381e7d-b28a-47d9-9635-4995d838af4a
7c0c92bb-204d-5857-9eb8-ecc292c30aeb,d4e388b2-48ae-4f2e-96bb-cb734ddc5c33
7c0c92bb-204d-5857-9eb8-ecc292c30aeb,437b0947-8395-469d-b78c-aa1ab7c70c2d
7c0c92bb-204d-5857-9eb8-ecc292c30aeb,e256882e-b242-4076-be79-2bf1ed03f7fa
7c0c92bb-204d-5857-9eb8-ecc292c30aeb,eae93354-9f12-4402-a7b9-d374fac3daec
7c0c92bb-204d-5857-9eb8-ecc292c30aeb,3b8df81a-ab7b-437a-812d-a692835ff9a9
75ab05b0-5021-549c-ac23-8faa35d764f3,d4e388b2-48ae-4f2e-96bb-cb734ddc5c33
75ab05b0-5021-549c-ac23-8faa35d764f3,437b0947-8395-469d-b78c-aa1ab7c70c2d
75ab05b0-5021-549c-ac23-8faa35d764f3,e256882e-b242-4076-be79-2bf1ed03f7fa
75ab05b0-5021-549c-ac23-8faa35d764f3,eae93354-9f12-4402-a7b9-d374fac3daec
75ab05b0-5021-549c-ac23-8faa35d764f3,3b8df81a-ab7b-437a-812d-a692835ff9a9
b89c7c88-72c3-516f-a8ec-adf8121ae5f6,d4e388b2-48ae-4f2e-96bb-cb734ddc5c33
b89c7c88-72c3-516f-a8ec-adf8121ae5f6,437b0947-8395-469d-b78c-aa1ab7c70c2d
b89c7c88-72c3-516f-a8ec-adf8121ae5f6,e256882e-b242-4076-be79-2bf1ed03f7fa
b89c7c88-72c3-516f-a8ec-adf8121ae5f6,eae93354-9f12-4402-a7b9-d374fac3daec
b89c7c88-72c3-516f-a8ec-adf8121ae5f6,3b8df81a-ab7b-437a-812d-a692835ff9a9
8b1ee2c7-9a2f-553d-9693-aae9f7dcdbcc,849b5205-45cc-47ad-b518-808b497b7ee5
8b1ee2c7-9a2f-553d-9693-aae9f7dcdbcc,53381e7d-b28a-47d9-9635-4995d838af4a
8b2fb39b-3081-5ed1-942a-0e3dabdc8c19,eae93354-9f12-4402-a7b9-d374fac3daec
ed04cefc-c734-591f-9541-150129afcc89,849b5205-45cc-47ad-b518-808b497b7ee5
ed04cefc-c734-591f-9541-150129afcc89,53381e7d-b28a-47d9-9635-4995d838af4a
47e76fa7-a777-56c0-8b97-73e021e29002,e256882e-b242-4076-be79-2bf1ed03f7fa
47e76fa7-a777-56c0-8b97-73e021e29002,eae93354-9f12-4402-a7b9-d374fac3daec
20fca7e1-b682-5de0-8557-07c45dcfddef,849b5205-45cc-47ad-b518-808b497b7ee5
20fca7e1-b682-5de0-8557-07c45dcfddef,53381e7d-b28a-47d9-9635-4995d838af4a
6fac6c76-d08f-591a-b62c-e4f983d090b4,c96c0331-606d-4cb9-bad1-639457499308
9d2d9827-a08a-592a-a42f-6500d115e5af,849b5205-45cc-47ad-b518-808b497b7ee5
9d2d9827-a08a-592a-a42f-6500d115e5af,53381e7d-b28a-47d9-9635-4995d838af4a
f8006b4d-414c-5f22-b299-8f5a6d622fb7,20f9edbe-a4ae-4fea-a0f8-c04423ffd6de
f8006b4d-414c-5f22-b299-8f5a6d622fb7,e334bac8-5b52-482a-8f58-25cd67accf14
937d51a1-a481-5eed-bfac-434122bde193,53381e7d-b28a-47d9-9635-4995d838af4a
a8bc7b00-b59b-5812-977b-de64149effca,8cff1021-5d71-4c95-aef0-f9204c21796b
4665cba8-4efe-58e9-b289-dd1d35037704,437b0947-8395-469d-b78c-aa1ab7c70c2d
4665cba8-4efe-58e9-b289-dd1d35037704,3b8df81a-ab7b-437a-812d-a692835ff9a9
9a4b5a78-857b-5f20-8f8c-7ffb398f2ec2,437b0947-8395-469d-b78c-aa1ab7c70c2d
9a4b5a78-857b-5f20-8f8c-7ffb398f2ec2,e256882e-b242-4076-be79-2bf1ed03f7fa
9a4b5a78-857b-5f20-8f8c-7ffb398f2ec2,3b8df81a-ab7b-437a-812d-a692835ff9a9
d516823e-d219-5121-a31e-284fb845dec2,437b0947-8395-469d-b78c-aa1ab7c70c2d
d516823e-d219-5121-a31e-284fb845dec2,e256882e-b242-4076-be79-2bf1ed03f7fa
d516823e-d219-5121-a31e-284fb845dec2,eae93354-9f12-4402-a7b9-d374fac3daec
2eee32b8-88cd-5d3f-8f75-c296e46349cd,d57cb37b-2f4c-4ea6-bd36-d7cd4a1bd589
2eee32b8-88cd-5d3f-8f75-c296e46349cd,698d5731-e2e6-4cef-bce8-19cbefc6d8d0
2eee32b8-88cd-5d3f-8f75-c296e46349cd,e256882e-b242-4076-be79-2bf1ed03f7fa
2eee32b8-88cd-5d3f-8f75-c296e46349cd,eae93354-9f12-4402-a7b9-d374fac3daec
2eee32b8-88cd-5d3f-8f75-c296e46349cd,3482820a-71a3-4b72-8375-b3b6c7a1dd49
2eee32b8-88cd-5d3f-8f75-c296e46349cd,e334bac8-5b52-482a-8f58-25cd67accf14
2eee32b8-88cd-5d3f-8f75-c296e46349cd,3b8df81a-ab7b-437a-812d-a692835ff9a9
2eee32b8-88cd-5d3f-8f75-c296e46349cd,53381e7d-b28a-47d9-9635-4995d838af4a
05bb9e76-8eba-578d-86c8-350e2fd14673,20f9edbe-a4ae-4fea-a0f8-c04423ffd6de
05bb9e76-8eba-578d-86c8-350e2fd14673,8cff1021-5d71-4c95-aef0-f9204c21796b
05bb9e76-8eba-578d-86c8-350e2fd14673,e334bac8-5b52-482a-8f58-25cd67accf14
13467159-8c09-5c1b-8338-1bc6251836e7,849b5205-45cc-47ad-b518-808b497b7ee5
d8479bb9-af94-50d4-bd72-b0e261355805,20f9edbe-a4ae-4fea-a0f8-c04423ffd6de
d8479bb9-af94-50d4-bd72-b0e261355805,e334bac8-5b52-482a-8f58-25cd67accf14
a32c3d3f-3ca3-52e1-8747-596ce9446ad6,437b0947-8395-469d-b78c-aa1ab7c70c2d
a32c3d3f-3ca3-52e1-8747-596ce9446ad6,e256882e-b242-4076-be79-2bf1ed03f7fa
a32c3d3f-3ca3-52e1-8747-596ce9446ad6,3b8df81a-ab7b-437a-812d-a692835ff9a9
33d89dbf-e8ac-59a7-8a9f-7af90d548bf3,437b0947-8395-469d-b78c-aa1ab7c70c2d
33d89dbf-e8ac-59a7-8a9f-7af90d548bf3,e256882e-b242-4076-be79-2bf1ed03f7fa
33d89dbf-e8ac-59a7-8a9f-7af90d548bf3,eae93354-9f12-4402-a7b9-d374fac3daec
5b15cd68-6805-521d-a6c7-5e916c4111c3,20f9edbe-a4ae-4fea-a0f8-c04423ffd6de
5b15cd68-6805-521d-a6c7-5e916c4111c3,c96c0331-606d-4cb9-bad1-639457499308
5b15cd68-6805-521d-a6c7-5e916c4111c3,e334bac8-5b52-482a-8f58-25cd67accf14
56ad974c-23b8-54ce-bba8-2791dba1f879,698d5731-e2e6-4cef-bce8-19cbefc6d8d0
56ad974c-23b8-54ce-bba8-2791dba1f879,849b5205-45cc-47ad-b518-808b497b7ee5
7b77996a-cda7-5378-b08c-ec8856ea3de7,d4e388b2-48ae-4f2e-96bb-cb734ddc5c33
a192d29d-89ae-59ab-8485-824c9a82d1c0,437b0947-8395-469d-b78c-aa1ab7c70c2d
4f7ded9a-2cc9-5f62-90b0-7c9891b8a5f1,437b0947-8395-469d-b78c-aa1ab7c70c2d
4f7ded9a-2cc9-5f62-90b0-7c9891b8a5f1,e256882e-b242-4076-be79-2bf1ed03f7fa
4f7ded9a-2cc9-5f62-90b0-7c9891b8a5f1,eae93354-9f12-4402-a7b9-d374fac3daec
9e768035-4849-5ff9-b61d-a2d7e8d71a51,20f9edbe-a4ae-4fea-a0f8-c04423ffd6de
9e768035-4849-5ff9-b61d-a2d7e8d71a51,c96c0331-606d-4cb9-bad1-639457499308
a2efd117-e1a1-5be0-b00c-94e0dd91b056,849b5205-45cc-47ad-b518-808b497b7ee5
a2efd117-e1a1-5be0-b00c-94e0dd91b056,53381e7d-b28a-47d9-9635-4995d838af4a
f0220862-84d8-58f4-8d15-a0cb03d89a28,53381e7d-b28a-47d9-9635-4995d838af4a
720dc946-316a-5a4e-8406-7cd7e887b030,849b5205-45cc-47ad-b518-808b497b7ee5
720dc946-316a-5a4e-8406-7cd7e887b030,53381e7d-b28a-47d9-9635-4995d838af4a
a1acb7f9-8d81-51e9-86c5-81b7a0940473,849b5205-45cc-47ad-b518-808b497b7ee5
be64df78-6ffc-58eb-a9ab-e62289d82327,d57cb37b-2f4c-4ea6-bd36-d7cd4a1bd589
be64df78-6ffc-58eb-a9ab-e62289d82327,eae93354-9f12-4402-a7b9-d374fac3daec
be64df78-6ffc-58eb-a9ab-e62289d82327,3b8df81a-ab7b-437a-812d-a692835ff9a9
a53fa0f5-048a-52e8-b86d-7fc6c746350f,d57cb37b-2f4c-4ea6-bd36-d7cd4a1bd589
a53fa0f5-048a-52e8-b86d-7fc6c746350f,c96c0331-606d-4cb9-bad1-639457499308
a53fa0f5-048a-52e8-b86d-7fc6c746350f,3482820a-71a3-4b72-8375-b3b6c7a1dd49
2513a659-d464-55a2-9f4c-87fba33146a1,20f9edbe-a4ae-4fea-a0f8-c04423ffd6de
2513a659-d464-55a2-9f4c-87fba33146a1,c96c0331-606d-4cb9-bad1-639457499308
445d7bc0-68e9-5cde-8a83-fba75d762043,698d5731-e2e6-4cef-bce8-19cbefc6d8d0
445d7bc0-68e9-5cde-8a83-fba75d762043,eae93354-9f12-4402-a7b9-d374fac3daec
445d7bc0-68e9-5cde-8a83-fba75d762043,849b5205-45cc-47ad-b518-808b497b7ee5
510ccb09-0825-5dd0-8320-aab5b25ce474,437b0947-8395-469d-b78c-aa1ab7c70c2d
510ccb09-0825-5dd0-8320-aab5b25ce474,3b8df81a-ab7b-437a-812d-a692835ff9a9
8f33a6b5-bdc1-58b1-a234-b98a5a76cb83,e256882e-b242-4076-be79-2bf1ed03f7fa
8f33a6b5-bdc1-58b1-a234-b98a5a76cb83,3482820a-71a3-4b72-8375-b3b6c7a1dd49
8f33a6b5-bdc1-58b1-a234-b98a5a76cb83,3b8df81a-ab7b-437a-812d-a692835ff9a9
8f33a6b5-bdc1-58b1-a234-b98a5a76cb83,849b5205-45cc-47ad-b518-808b497b7ee5
8f33a6b5-bdc1-58b1-a234-b98a5a76cb83,53381e7d-b28a-47d9-9635-4995d838af4a
1d7b51fe-d7bd-5ba3-acc8-f148ec362af9,d57cb37b-2f4c-4ea6-bd36-d7cd4a1bd589
1d7b51fe-d7bd-5ba3-acc8-f148ec362af9,20f9edbe-a4ae-4fea-a0f8-c04423ffd6de
1d7b51fe-d7bd-5ba3-acc8-f148ec362af9,8cff1021-5d71-4c95-aef0-f9204c21796b
1d7b51fe-d7bd-5ba3-acc8-f148ec362af9,e334bac8-5b52-482a-8f58-25cd67accf14
1d7b51fe-d7bd-5ba3-acc8-f148ec362af9,849b5205-45cc-47ad-b518-808b497b7ee5
1d7b51fe-d7bd-5ba3-acc8-f148ec362af9,53381e7d-b28a-47d9-9635-4995d838af4a
9277c7bc-f94f-5155-81ed-45b08af8687b,437b0947-8395-469d-b78c-aa1ab7c70c2d
9277c7bc-f94f-5155-81ed-45b08af8687b,e256882e-b242-4076-be79-2bf1ed03f7fa
9277c7bc-f94f-5155-81ed-45b08af8687b,eae93354-9f12-4402-a7b9-d374fac3daec
b1be335d-24a7-564f-bd21-a2d5e061a94a,437b0947-8395-469d-b78c-aa1ab7c70c2d
b1be335d-24a7-564f-bd21-a2d5e061a94a,e256882e-b242-4076-be79-2bf1ed03f7fa
b1be335d-24a7-564f-bd21-a2d5e061a94a,eae93354-9f12-4402-a7b9-d374fac3daec
383c8def-d4a4-5ede-b617-1f1d743bf386,437b0947-8395-469d-b78c-aa1ab7c70c2d
383c8def-d4a4-5ede-b617-1f1d743bf386,e256882e-b242-4076-be79-2bf1ed03f7fa
383c8def-d4a4-5ede-b617-1f1d743bf386,eae93354-9f12-4402-a7b9-d374fac3daec
383c8def-d4a4-5ede-b617-1f1d743bf386,3482820a-71a3-4b72-8375-b3b6c7a1dd49
69f4ff97-f345-5c81-8203-368f987b2e3a,437b0947-8395-469d-b78c-aa1ab7c70c2d
69f4ff97-f345-5c81-8203-368f987b2e3a,e256882e-b242-4076-be79-2bf1ed03f7fa
69f4ff97-f345-5c81-8203-368f987b2e3a,3482820a-71a3-4b72-8375-b3b6c7a1dd49
5b1865ec-8064-540f-af1d-4feaf314afba,849b5205-45cc-47ad-b518-808b497b7ee5
5b1865ec-8064-540f-af1d-4feaf314afba,53381e7d-b28a-47d9-9635-4995d838af4a
1c560430-ec58-547a-910f-e4ac03181df0,437b0947-8395-469d-b78c-aa1ab7c70c2d
1c560430-ec58-547a-910f-e4ac03181df0,e256882e-b242-4076-be79-2bf1ed03f7fa
1c560430-ec58-547a-910f-e4ac03181df0,eae93354-9f12-4402-a7b9-d374fac3daec
5cc5067f-c285-5ac0-9c50-c03b788fe35a,20f9edbe-a4ae-4fea-a0f8-c04423ffd6de
5cc5067f-c285-5ac0-9c50-c03b788fe35a,c96c0331-606d-4cb9-bad1-639457499308
5cc5067f-c285-5ac0-9c50-c03b788fe35a,849b5205-45cc-47ad-b518-808b497b7ee5
5eed9be1-6915-5815-a4a2-631bd4a9cfe1,e256882e-b242-4076-be79-2bf1ed03f7fa
5eed9be1-6915-5815-a4a2-631bd4a9cfe1,3482820a-71a3-4b72-8375-b3b6c7a1dd49
5eed9be1-6915-5815-a4a2-631bd4a9cfe1,849b5205-45cc-47ad-b518-808b497b7ee5
5eed9be1-6915-5815-a4a2-631bd4a9cfe1,e334bac8-5b52-482a-8f58-25cd67accf14
a64c5e29-1e19-5dfb-b54f-068eb2a34163,53381e7d-b28a-47d9-9635-4995d838af4a
c52e3b33-f545-5abf-91e8-e326028c3563,437b0947-8395-469d-b78c-aa1ab7c70c2d
c52e3b33-f545-5abf-91e8-e326028c3563,3b8df81a-ab7b-437a-812d-a692835ff9a9
c52e3b33-f545-5abf-91e8-e326028c3563,53381e7d-b28a-47d9-9635-4995d838af4a
824fd876-4e3c-5061-ad2b-a16acd586571,53381e7d-b28a-47d9-9635-4995d838af4a
5ed2f7ac-e775-5fd8-b690-b8e5e587adbb,53381e7d-b28a-47d9-9635-4995d838af4a
7b53ae8c-d26e-56e6-81e9-89a5dce7a91f,437b0947-8395-469d-b78c-aa1ab7c70c2d
7b53ae8c-d26e-56e6-81e9-89a5dce7a91f,3b8df81a-ab7b-437a-812d-a692835ff9a9
7b53ae8c-d26e-56e6-81e9-89a5dce7a91f,53381e7d-b28a-47d9-9635-4995d838af4a
12c079f7-22ae-5046-84cb-d680bd3bb882,20f9edbe-a4ae-4fea-a0f8-c04423ffd6de
12c079f7-22ae-5046-84cb-d680bd3bb882,c96c0331-606d-4cb9-bad1-639457499308
6bd03946-1523-5976-a431-66a774bff298,437b0947-8395-469d-b78c-aa1ab7c70c2d
6bd03946-1523-5976-a431-66a774bff298,e256882e-b242-4076-be79-2bf1ed03f7fa
6bd03946-1523-5976-a431-66a774bff298,eae93354-9f12-4402-a7b9-d374fac3daec
6bd03946-1523-5976-a431-66a774bff298,3482820a-71a3-4b72-8375-b3b6c7a1dd49
6bd03946-1523-5976-a431-66a774bff298,e334bac8-5b52-482a-8f58-25cd67accf14
6bd03946-1523-5976-a431-66a774bff298,53381e7d-b28a-47d9-9635-4995d838af4a
35fbee23-1d24-5e77-b6f2-1f101099df08,e256882e-b242-4076-be79-2bf1ed03f7fa
35fbee23-1d24-5e77-b6f2-1f101099df08,eae93354-9f12-4402-a7b9-d374fac3daec
35fbee23-1d24-5e77-b6f2-1f101099df08,3b8df81a-ab7b-437a-812d-a692835ff9a9
35fbee23-1d24-5e77-b6f2-1f101099df08,53381e7d-b28a-47d9-9635-4995d838af4a
3807c2a2-3562-573c-bc22-061b10871a1c,eae93354-9f12-4402-a7b9-d374fac3daec
3807c2a2-3562-573c-bc22-061b10871a1c,3b8df81a-ab7b-437a-812d-a692835ff9a9
b51ce6a7-5228-5721-be78-725e73219161,437b0947-8395-469d-b78c-aa1ab7c70c2d
b51ce6a7-5228-5721-be78-725e73219161,e256882e-b242-4076-be79-2bf1ed03f7fa
b51ce6a7-5228-5721-be78-725e73219161,3482820a-71a3-4b72-8375-b3b6c7a1dd49
b51ce6a7-5228-5721-be78-725e73219161,849b5205-45cc-47ad-b518-808b497b7ee5
92eab2b7-e92a-5761-8ca5-60fb065f5073,20f9edbe-a4ae-4fea-a0f8-c04423ffd6de
92eab2b7-e92a-5761-8ca5-60fb065f5073,c96c0331-606d-4cb9-bad1-639457499308
80b55f5c-192a-5cfa-bb8b-0b4e2b123667,c96c0331-606d-4cb9-bad1-639457499308
80b55f5c-192a-5cfa-bb8b-0b4e2b123667,849b5205-45cc-47ad-b518-808b497b7ee5
fd873485-cdee-50bf-8304-14b1a9e1e9cf,8cff1021-5d71-4c95-aef0-f9204c21796b
fd873485-cdee-50bf-8304-14b1a9e1e9cf,e256882e-b242-4076-be79-2bf1ed03f7fa
fd873485-cdee-50bf-8304-14b1a9e1e9cf,3482820a-71a3-4b72-8375-b3b6c7a1dd49
fd873485-cdee-50bf-8304-14b1a9e1e9cf,3b8df81a-ab7b-437a-812d-a692835ff9a9
fd873485-cdee-50bf-8304-14b1a9e1e9cf,849b5205-45cc-47ad-b518-808b497b7ee5
cd3704c3-3a45-5ec3-a7f8-425ce2f4fb59,437b0947-8395-469d-b78c-aa1ab7c70c2d
cd3704c3-3a45-5ec3-a7f8-425ce2f4fb59,e256882e-b242-4076-be79-2bf1ed03f7fa
cd3704c3-3a45-5ec3-a7f8-425ce2f4fb59,eae93354-9f12-4402-a7b9-d374fac3daec
cd3704c3-3a45-5ec3-a7f8-425ce2f4fb59,849b5205-45cc-47ad-b518-808b497b7ee5
4c26e554-cfdc-5233-8225-7c1aa5c24e46,d57cb37b-2f4c-4ea6-bd36-d7cd4a1bd589
4c26e554-cfdc-5233-8225-7c1aa5c24e46,437b0947-8395-469d-b78c-aa1ab7c70c2d
4c26e554-cfdc-5233-8225-7c1aa5c24e46,e256882e-b242-4076-be79-2bf1ed03f7fa
4c26e554-cfdc-5233-8225-7c1aa5c24e46,eae93354-9f12-4402-a7b9-d374fac3daec
4c26e554-cfdc-5233-8225-7c1aa5c24e46,3482820a-71a3-4b72-8375-b3b6c7a1dd49
4c26e554-cfdc-5233-8225-7c1aa5c24e46,e334bac8-5b52-482a-8f58-25cd67accf14
c5e078ea-b0f0-5f24-810c-61eac4ca7370,eae93354-9f12-4402-a7b9-d374fac3daec
40aceab6-afdd-58e2-b76d-31d267dfd61a,20f9edbe-a4ae-4fea-a0f8-c04423ffd6de
40aceab6-afdd-58e2-b76d-31d267dfd61a,8cff1021-5d71-4c95-aef0-f9204c21796b
40aceab6-afdd-58e2-b76d-31d267dfd61a,c96c0331-606d-4cb9-bad1-639457499308
95f56a85-dd3a-5ca5-839a-04fc1f7ba879,849b5205-45cc-47ad-b518-808b497b7ee5
95f56a85-dd3a-5ca5-839a-04fc1f7ba879,53381e7d-b28a-47d9-9635-4995d838af4a
c0c54b92-7d63-5bc9-a5b0-2d3446a773c9,698d5731-e2e6-4cef-bce8-19cbefc6d8d0
c0c54b92-7d63-5bc9-a5b0-2d3446a773c9,849b5205-45cc-47ad-b518-808b497b7ee5
a7e8cd00-4eaf-5ed3-a80e-2e21118dea70,20f9edbe-a4ae-4fea-a0f8-c04423ffd6de
a7e8cd00-4eaf-5ed3-a80e-2e21118dea70,e334bac8-5b52-482a-8f58-25cd67accf14
5c79b4b9-6647-5017-9a33-24a30c69da4f,d57cb37b-2f4c-4ea6-bd36-d7cd4a1bd589
5c79b4b9-6647-5017-9a33-24a30c69da4f,20f9edbe-a4ae-4fea-a0f8-c04423ffd6de
5c79b4b9-6647-5017-9a33-24a30c69da4f,698d5731-e2e6-4cef-bce8-19cbefc6d8d0
9aa05f26-0491-5ecf-a7e0-ba4f4e425a6a,20f9edbe-a4ae-4fea-a0f8-c04423ffd6de
0091bc75-2524-5432-8baf-5c9493f748b1,eae93354-9f12-4402-a7b9-d374fac3daec
0091bc75-2524-5432-8baf-5c9493f748b1,3482820a-71a3-4b72-8375-b3b6c7a1dd49
b119685c-3451-5621-b9bf-6d39675cabf1,437b0947-8395-469d-b78c-aa1ab7c70c2d
b119685c-3451-5621-b9bf-6d39675cabf1,e256882e-b242-4076-be79-2bf1ed03f7fa
b119685c-3451-5621-b9bf-6d39675cabf1,eae93354-9f12-4402-a7b9-d374fac3daec
04ec3fe8-4623-55e4-a5ec-a066af8dce7b,e256882e-b242-4076-be79-2bf1ed03f7fa
04ec3fe8-4623-55e4-a5ec-a066af8dce7b,3482820a-71a3-4b72-8375-b3b6c7a1dd49
04ec3fe8-4623-55e4-a5ec-a066af8dce7b,3b8df81a-ab7b-437a-812d-a692835ff9a9
04ec3fe8-4623-55e4-a5ec-a066af8dce7b,849b5205-45cc-47ad-b518-808b497b7ee5
b4a2ec9b-a1b7-5486-9bd8-5b0a7eae3713,698d5731-e2e6-4cef-bce8-19cbefc6d8d0
b4a2ec9b-a1b7-5486-9bd8-5b0a7eae3713,849b5205-45cc-47ad-b518-808b497b7ee5
b4a2ec9b-a1b7-5486-9bd8-5b0a7eae3713,53381e7d-b28a-47d9-9635-4995d838af4a
a7d7f4d9-e31e-59ec-b656-0e002c1c2b1f,53381e7d-b28a-47d9-9635-4995d838af4a
ff39888e-7536-5134-b4dd-bd0679c39ad8,d57cb37b-2f4c-4ea6-bd36-d7cd4a1bd589
ff39888e-7536-5134-b4dd-bd0679c39ad8,437b0947-8395-469d-b78c-aa1ab7c70c2d
ff39888e-7536-5134-b4dd-bd0679c39ad8,e256882e-b242-4076-be79-2bf1ed03f7fa
ff39888e-7536-5134-b4dd-bd0679c39ad8,eae93354-9f12-4402-a7b9-d374fac3daec
ff39888e-7536-5134-b4dd-bd0679c39ad8,3482820a-71a3-4b72-8375-b3b6c7a1dd49
ff39888e-7536-5134-b4dd-bd0679c39ad8,849b5205-45cc-47ad-b518-808b497b7ee5
ff39888e-7536-5134-b4dd-bd0679c39ad8,53381e7d-b28a-47d9-9635-4995d838af4a
7477447d-7b06-51fb-af17-43c7d39db198,698d5731-e2e6-4cef-bce8-19cbefc6d8d0
7477447d-7b06-51fb-af17-43c7d39db198,8cff1021-5d71-4c95-aef0-f9204c21796b
7477447d-7b06-51fb-af17-43c7d39db198,c96c0331-606d-4cb9-bad1-639457499308
7477447d-7b06-51fb-af17-43c7d39db198,53381e7d-b28a-47d9-9635-4995d838af4a
0770ad23-e049-5d19-bfb1-1a10ac0b2f1a,c96c0331-606d-4cb9-bad1-639457499308
0b9e4444-afd5-50cf-94bc-3604ab86e2c7,698d5731-e2e6-4cef-bce8-19cbefc6d8d0
0b9e4444-afd5-50cf-94bc-3604ab86e2c7,849b5205-45cc-47ad-b518-808b497b7ee5
0b9e4444-afd5-50cf-94bc-3604ab86e2c7,53381e7d-b28a-47d9-9635-4995d838af4a
4b4e5e14-bf7e-5a82-a84c-d1df6836ff8c,698d5731-e2e6-4cef-bce8-19cbefc6d8d0
4b4e5e14-bf7e-5a82-a84c-d1df6836ff8c,849b5205-45cc-47ad-b518-808b497b7ee5
4b4e5e14-bf7e-5a82-a84c-d1df6836ff8c,53381e7d-b28a-47d9-9635-4995d838af4a
b53cf076-8b35-5d55-a8cd-c1bc615f3c80,698d5731-e2e6-4cef-bce8-19cbefc6d8d0
b53cf076-8b35-5d55-a8cd-c1bc615f3c80,849b5205-45cc-47ad-b518-808b497b7ee5
cc4038ad-9321-5aac-8932-2479cd15996b,eae93354-9f12-4402-a7b9-d374fac3daec
11f01b78-da0a-57b7-8714-7a3d295fa236,698d5731-e2e6-4cef-bce8-19cbefc6d8d0
11f01b78-da0a-57b7-8714-7a3d295fa236,8cff1021-5d71-4c95-aef0-f9204c21796b
11f01b78-da0a-57b7-8714-7a3d295fa236,c96c0331-606d-4cb9-bad1-639457499308
11f01b78-da0a-57b7-8714-7a3d295fa236,e334bac8-5b52-482a-8f58-25cd67accf14
11f01b78-da0a-57b7-8714-7a3d295fa236,849b5205-45cc-47ad-b518-808b497b7ee5
60fb1da2-2fc7-5154-aeee-ef3f2b837c60,e256882e-b242-4076-be79-2bf1ed03f7fa
743ae99f-d9f9-5c8b-93ca-a90e8c2378d9,d57cb37b-2f4c-4ea6-bd36-d7cd4a1bd589
743ae99f-d9f9-5c8b-93ca-a90e8c2378d9,437b0947-8395-469d-b78c-aa1ab7c70c2d
743ae99f-d9f9-5c8b-93ca-a90e8c2378d9,e256882e-b242-4076-be79-2bf1ed03f7fa
743ae99f-d9f9-5c8b-93ca-a90e8c2378d9,eae93354-9f12-4402-a7b9-d374fac3daec
ed7f1cbd-3d1a-5740-a445-0e4bd1e5d0e7,849b5205-45cc-47ad-b518-808b497b7ee5
ed7f1cbd-3d1a-5740-a445-0e4bd1e5d0e7,53381e7d-b28a-47d9-9635-4995d838af4a
39c6e10d-0a79-5951-b01a-777ba8e140f4,849b5205-45cc-47ad-b518-808b497b7ee5
39c6e10d-0a79-5951-b01a-777ba8e140f4,53381e7d-b28a-47d9-9635-4995d838af4a
aeccb614-c9f6-5be2-be3a-1c6b5a1063f4,437b0947-8395-469d-b78c-aa1ab7c70c2d
aeccb614-c9f6-5be2-be3a-1c6b5a1063f4,8cff1021-5d71-4c95-aef0-f9204c21796b
aeccb614-c9f6-5be2-be3a-1c6b5a1063f4,e256882e-b242-4076-be79-2bf1ed03f7fa
aeccb614-c9f6-5be2-be3a-1c6b5a1063f4,3482820a-71a3-4b72-8375-b3b6c7a1dd49
aeccb614-c9f6-5be2-be3a-1c6b5a1063f4,e334bac8-5b52-482a-8f58-25cd67accf14
aeccb614-c9f6-5be2-be3a-1c6b5a1063f4,3b8df81a-ab7b-437a-812d-a692835ff9a9
aeccb614-c9f6-5be2-be3a-1c6b5a1063f4,849b5205-45cc-47ad-b518-808b497b7ee5
aeccb614-c9f6-5be2-be3a-1c6b5a1063f4,53381e7d-b28a-47d9-9635-4995d838af4a
0df0c3f5-29ce-5a46-9847-0720b20c8c8e,3b8df81a-ab7b-437a-812d-a692835ff9a9
6c128d27-0890-58f6-87a2-d23e597ccb2f,d57cb37b-2f4c-4ea6-bd36-d7cd4a1bd589
6c128d27-0890-58f6-87a2-d23e597ccb2f,437b0947-8395-469d-b78c-aa1ab7c70c2d
6c128d27-0890-58f6-87a2-d23e597ccb2f,e256882e-b242-4076-be79-2bf1ed03f7fa
6c128d27-0890-58f6-87a2-d23e597ccb2f,eae93354-9f12-4402-a7b9-d374fac3daec
6c128d27-0890-58f6-87a2-d23e597ccb2f,849b5205-45cc-47ad-b518-808b497b7ee5
6c128d27-0890-58f6-87a2-d23e597ccb2f,53381e7d-b28a-47d9-9635-4995d838af4a
43d650e4-0d45-5ba1-aace-3177b6069ccd,437b0947-8395-469d-b78c-aa1ab7c70c2d
43d650e4-0d45-5ba1-aace-3177b6069ccd,e256882e-b242-4076-be79-2bf1ed03f7fa
43d650e4-0d45-5ba1-aace-3177b6069ccd,3482820a-71a3-4b72-8375-b3b6c7a1dd49
43d650e4-0d45-5ba1-aace-3177b6069ccd,3b8df81a-ab7b-437a-812d-a692835ff9a9
43d650e4-0d45-5ba1-aace-3177b6069ccd,849b5205-45cc-47ad-b518-808b497b7ee5
43d650e4-0d45-5ba1-aace-3177b6069ccd,e334bac8-5b52-482a-8f58-25cd67accf14
43d650e4-0d45-5ba1-aace-3177b6069ccd,53381e7d-b28a-47d9-9635-4995d838af4a
7a218c3e-2a6e-5ca9-ba7c-cfc49b6f759e,437b0947-8395-469d-b78c-aa1ab7c70c2d
7a218c3e-2a6e-5ca9-ba7c-cfc49b6f759e,8cff1021-5d71-4c95-aef0-f9204c21796b
7a218c3e-2a6e-5ca9-ba7c-cfc49b6f759e,e256882e-b242-4076-be79-2bf1ed03f7fa
7a218c3e-2a6e-5ca9-ba7c-cfc49b6f759e,eae93354-9f12-4402-a7b9-d374fac3daec
7a218c3e-2a6e-5ca9-ba7c-cfc49b6f759e,3482820a-71a3-4b72-8375-b3b6c7a1dd49
7a218c3e-2a6e-5ca9-ba7c-cfc49b6f759e,849b5205-45cc-47ad-b518-808b497b7ee5
7a218c3e-2a6e-5ca9-ba7c-cfc49b6f759e,e334bac8-5b52-482a-8f58-25cd67accf14
7a218c3e-2a6e-5ca9-ba7c-cfc49b6f759e,53381e7d-b28a-47d9-9635-4995d838af4a
bb03ba5a-cc7a-5de9-abf6-90bc48ae6f1a,5616ed6b-b823-44d9-b66d-aec168301b7e
bb03ba5a-cc7a-5de9-abf6-90bc48ae6f1a,437b0947-8395-469d-b78c-aa1ab7c70c2d
bb03ba5a-cc7a-5de9-abf6-90bc48ae6f1a,e256882e-b242-4076-be79-2bf1ed03f7fa
bb03ba5a-cc7a-5de9-abf6-90bc48ae6f1a,3482820a-71a3-4b72-8375-b3b6c7a1dd49
bb03ba5a-cc7a-5de9-abf6-90bc48ae6f1a,3b8df81a-ab7b-437a-812d-a692835ff9a9
bb03ba5a-cc7a-5de9-abf6-90bc48ae6f1a,849b5205-45cc-47ad-b518-808b497b7ee5
bb03ba5a-cc7a-5de9-abf6-90bc48ae6f1a,e334bac8-5b52-482a-8f58-25cd67accf14
34eac047-605b-513b-b5b9-3bb2368eb514,8cff1021-5d71-4c95-aef0-f9204c21796b
c611d7ed-ee6d-5aa2-9fe3-089d361e9a01,698d5731-e2e6-4cef-bce8-19cbefc6d8d0
c611d7ed-ee6d-5aa2-9fe3-089d361e9a01,849b5205-45cc-47ad-b518-808b497b7ee5
c611d7ed-ee6d-5aa2-9fe3-089d361e9a01,53381e7d-b28a-47d9-9635-4995d838af4a
7d89ef8a-f23c-5fb6-b1a4-9ad0c128a729,437b0947-8395-469d-b78c-aa1ab7c70c2d
7d89ef8a-f23c-5fb6-b1a4-9ad0c128a729,698d5731-e2e6-4cef-bce8-19cbefc6d8d0
7d89ef8a-f23c-5fb6-b1a4-9ad0c128a729,e256882e-b242-4076-be79-2bf1ed03f7fa
7d89ef8a-f23c-5fb6-b1a4-9ad0c128a729,3b8df81a-ab7b-437a-812d-a692835ff9a9
7d89ef8a-f23c-5fb6-b1a4-9ad0c128a729,849b5205-45cc-47ad-b518-808b497b7ee5
2243e022-a23d-5758-ab1b-664418baf152,eae93354-9f12-4402-a7b9-d374fac3daec
2243e022-a23d-5758-ab1b-664418baf152,3482820a-71a3-4b72-8375-b3b6c7a1dd49
01f6e6be-b8df-5a91-9b0f-0db3dc12b208,20f9edbe-a4ae-4fea-a0f8-c04423ffd6de
01f6e6be-b8df-5a91-9b0f-0db3dc12b208,e334bac8-5b52-482a-8f58-25cd67accf14
8ba66c47-dde9-56ea-bd42-247c369037ab,d57cb37b-2f4c-4ea6-bd36-d7cd4a1bd589
8ba66c47-dde9-56ea-bd42-247c369037ab,849b5205-45cc-47ad-b518-808b497b7ee5
8ba66c47-dde9-56ea-bd42-247c369037ab,53381e7d-b28a-47d9-9635-4995d838af4a
f4b3f0eb-9352-5c3a-9932-57100632b1a4,698d5731-e2e6-4cef-bce8-19cbefc6d8d0
f4b3f0eb-9352-5c3a-9932-57100632b1a4,849b5205-45cc-47ad-b518-808b497b7ee5
a942129d-1d5e-5f0f-928e-acf630887d61,849b5205-45cc-47ad-b518-808b497b7ee5
a942129d-1d5e-5f0f-928e-acf630887d61,53381e7d-b28a-47d9-9635-4995d838af4a
375a1ae0-ba7d-5e50-9665-c942c30db21d,849b5205-45cc-47ad-b518-808b497b7ee5
375a1ae0-ba7d-5e50-9665-c942c30db21d,53381e7d-b28a-47d9-9635-4995d838af4a
92814269-62ad-578b-b5ce-b782598de883,3b8df81a-ab7b-437a-812d-a692835ff9a9
92814269-62ad-578b-b5ce-b782598de883,53381e7d-b28a-47d9-9635-4995d838af4a
21180edd-93af-5610-8d2b-83f99e4d4870,437b0947-8395-469d-b78c-aa1ab7c70c2d
21180edd-93af-5610-8d2b-83f99e4d4870,3b8df81a-ab7b-437a-812d-a692835ff9a9
21180edd-93af-5610-8d2b-83f99e4d4870,53381e7d-b28a-47d9-9635-4995d838af4a
75ecd5ce-f5c7-5c74-bbc8-61a6384b9134,d57cb37b-2f4c-4ea6-bd36-d7cd4a1bd589
75ecd5ce-f5c7-5c74-bbc8-61a6384b9134,849b5205-45cc-47ad-b518-808b497b7ee5
75ecd5ce-f5c7-5c74-bbc8-61a6384b9134,53381e7d-b28a-47d9-9635-4995d838af4a
6c9f12a4-b518-52ff-956b-02946969cf50,849b5205-45cc-47ad-b518-808b497b7ee5
6c9f12a4-b518-52ff-956b-02946969cf50,53381e7d-b28a-47d9-9635-4995d838af4a
bc85b240-0bde-55cb-a5e8-e2ca7a50d2b4,849b5205-45cc-47ad-b518-808b497b7ee5
bc85b240-0bde-55cb-a5e8-e2ca7a50d2b4,53381e7d-b28a-47d9-9635-4995d838af4a
b5773b44-275f-5cc7-8302-cc50366b7f6a,849b5205-45cc-47ad-b518-808b497b7ee5
22a72328-c81d-5dc4-bed0-80922bf4d431,437b0947-8395-469d-b78c-aa1ab7c70c2d
22a72328-c81d-5dc4-bed0-80922bf4d431,eae93354-9f12-4402-a7b9-d374fac3daec
9771b07a-e196-59b4-82a4-8b321b90bb34,8cff1021-5d71-4c95-aef0-f9204c21796b
9771b07a-e196-59b4-82a4-8b321b90bb34,e334bac8-5b52-482a-8f58-25cd67accf14
92a07084-9306-55d1-b5c1-e50bfacadb2a,8cff1021-5d71-4c95-aef0-f9204c21796b
92a07084-9306-55d1-b5c1-e50bfacadb2a,e256882e-b242-4076-be79-2bf1ed03f7fa
92a07084-9306-55d1-b5c1-e50bfacadb2a,eae93354-9f12-4402-a7b9-d374fac3daec
92a07084-9306-55d1-b5c1-e50bfacadb2a,3b8df81a-ab7b-437a-812d-a692835ff9a9
92a07084-9306-55d1-b5c1-e50bfacadb2a,e334bac8-5b52-482a-8f58-25cd67accf14
00b062e5-e06a-506c-b77e-b3f0b0ec0e06,8cff1021-5d71-4c95-aef0-f9204c21796b
00b062e5-e06a-506c-b77e-b3f0b0ec0e06,e256882e-b242-4076-be79-2bf1ed03f7fa
00b062e5-e06a-506c-b77e-b3f0b0ec0e06,eae93354-9f12-4402-a7b9-d374fac3daec
00b062e5-e06a-506c-b77e-b3f0b0ec0e06,e334bac8-5b52-482a-8f58-25cd67accf14
8e8454ed-b159-59c2-baef-f260cdfefb3a,437b0947-8395-469d-b78c-aa1ab7c70c2d
8e8454ed-b159-59c2-baef-f260cdfefb3a,e256882e-b242-4076-be79-2bf1ed03f7fa
8e8454ed-b159-59c2-baef-f260cdfefb3a,eae93354-9f12-4402-a7b9-d374fac3daec
1ca6d562-d0f7-5489-996c-578f921c2f62,698d5731-e2e6-4cef-bce8-19cbefc6d8d0
1ca6d562-d0f7-5489-996c-578f921c2f62,53381e7d-b28a-47d9-9635-4995d838af4a
7b7c9fb3-e439-5d42-a1a3-4c7a553ea732,698d5731-e2e6-4cef-bce8-19cbefc6d8d0
7b7c9fb3-e439-5d42-a1a3-4c7a553ea732,8cff1021-5d71-4c95-aef0-f9204c21796b
7b7c9fb3-e439-5d42-a1a3-4c7a553ea732,c96c0331-606d-4cb9-bad1-639457499308
7b7c9fb3-e439-5d42-a1a3-4c7a553ea732,e334bac8-5b52-482a-8f58-25cd67accf14
7b7c9fb3-e439-5d42-a1a3-4c7a553ea732,849b5205-45cc-47ad-b518-808b497b7ee5
c3685abe-82a7-54ef-8635-2ce5d5b4d142,d4e388b2-48ae-4f2e-96bb-cb734ddc5c33
c3685abe-82a7-54ef-8635-2ce5d5b4d142,5616ed6b-b823-44d9-b66d-aec168301b7e
c3685abe-82a7-54ef-8635-2ce5d5b4d142,437b0947-8395-469d-b78c-aa1ab7c70c2d
c3685abe-82a7-54ef-8635-2ce5d5b4d142,8cff1021-5d71-4c95-aef0-f9204c21796b
c3685abe-82a7-54ef-8635-2ce5d5b4d142,e256882e-b242-4076-be79-2bf1ed03f7fa
c3685abe-82a7-54ef-8635-2ce5d5b4d142,eae93354-9f12-4402-a7b9-d374fac3daec
c3685abe-82a7-54ef-8635-2ce5d5b4d142,3482820a-71a3-4b72-8375-b3b6c7a1dd49
4aae2be5-62b3-5021-af07-39de6f9828c5,d4e388b2-48ae-4f2e-96bb-cb734ddc5c33
4aae2be5-62b3-5021-af07-39de6f9828c5,5616ed6b-b823-44d9-b66d-aec168301b7e
4aae2be5-62b3-5021-af07-39de6f9828c5,437b0947-8395-469d-b78c-aa1ab7c70c2d
4aae2be5-62b3-5021-af07-39de6f9828c5,e256882e-b242-4076-be79-2bf1ed03f7fa
4aae2be5-62b3-5021-af07-39de6f9828c5,eae93354-9f12-4402-a7b9-d374fac3daec
4aae2be5-62b3-5021-af07-39de6f9828c5,3b8df81a-ab7b-437a-812d-a692835ff9a9
325fe6d4-d5f8-5e97-92d7-511ceebdc4a6,5616ed6b-b823-44d9-b66d-aec168301b7e
325fe6d4-d5f8-5e97-92d7-511ceebdc4a6,437b0947-8395-469d-b78c-aa1ab7c70c2d
325fe6d4-d5f8-5e97-92d7-511ceebdc4a6,e256882e-b242-4076-be79-2bf1ed03f7fa
325fe6d4-d5f8-5e97-92d7-511ceebdc4a6,eae93354-9f12-4402-a7b9-d374fac3daec
325fe6d4-d5f8-5e97-92d7-511ceebdc4a6,3482820a-71a3-4b72-8375-b3b6c7a1dd49
33cd164d-8773-5194-bf08-c238892d8ae8,d4e388b2-48ae-4f2e-96bb-cb734ddc5c33
33cd164d-8773-5194-bf08-c238892d8ae8,5616ed6b-b823-44d9-b66d-aec168301b7e
33cd164d-8773-5194-bf08-c238892d8ae8,437b0947-8395-469d-b78c-aa1ab7c70c2d
33cd164d-8773-5194-bf08-c238892d8ae8,8cff1021-5d71-4c95-aef0-f9204c21796b
33cd164d-8773-5194-bf08-c238892d8ae8,e256882e-b242-4076-be79-2bf1ed03f7fa
33cd164d-8773-5194-bf08-c238892d8ae8,3482820a-71a3-4b72-8375-b3b6c7a1dd49
33cd164d-8773-5194-bf08-c238892d8ae8,3b8df81a-ab7b-437a-812d-a692835ff9a9
33cd164d-8773-5194-bf08-c238892d8ae8,e334bac8-5b52-482a-8f58-25cd67accf14
5f19d935-fd8d-51e4-87c2-e74cc7fc1bbb,8cff1021-5d71-4c95-aef0-f9204c21796b
02acf6c9-5715-5780-8283-145189dffdd6,8cff1021-5d71-4c95-aef0-f9204c21796b
397e646f-a6c5-5e26-87df-8bcd52f303a1,8cff1021-5d71-4c95-aef0-f9204c21796b
68b42bca-7e12-5555-963e-43c42b3dea61,20f9edbe-a4ae-4fea-a0f8-c04423ffd6de
68b42bca-7e12-5555-963e-43c42b3dea61,c96c0331-606d-4cb9-bad1-639457499308
68b42bca-7e12-5555-963e-43c42b3dea61,849b5205-45cc-47ad-b518-808b497b7ee5
3613638d-ce6b-5e39-a4d5-7158baa3aa95,437b0947-8395-469d-b78c-aa1ab7c70c2d
3613638d-ce6b-5e39-a4d5-7158baa3aa95,e256882e-b242-4076-be79-2bf1ed03f7fa
b2dd1151-f3ef-52cb-b180-4263c6c0eda9,8cff1021-5d71-4c95-aef0-f9204c21796b
a64e9277-cf2e-5156-b0e7-2d9e868b0800,698d5731-e2e6-4cef-bce8-19cbefc6d8d0
a64e9277-cf2e-5156-b0e7-2d9e868b0800,849b5205-45cc-47ad-b518-808b497b7ee5
dba61f35-68df-5a56-b4a1-6672a5f50fdd,e334bac8-5b52-482a-8f58-25cd67accf14
6a4c73f4-4212-5c29-8faa-244fd156554b,d57cb37b-2f4c-4ea6-bd36-d7cd4a1bd589
6a4c73f4-4212-5c29-8faa-244fd156554b,437b0947-8395-469d-b78c-aa1ab7c70c2d
6a4c73f4-4212-5c29-8faa-244fd156554b,e256882e-b242-4076-be79-2bf1ed03f7fa
6a4c73f4-4212-5c29-8faa-244fd156554b,eae93354-9f12-4402-a7b9-d374fac3daec
6a4c73f4-4212-5c29-8faa-244fd156554b,3482820a-71a3-4b72-8375-b3b6c7a1dd49
6a4c73f4-4212-5c29-8faa-244fd156554b,3b8df81a-ab7b-437a-812d-a692835ff9a9
6a4c73f4-4212-5c29-8faa-244fd156554b,e334bac8-5b52-482a-8f58-25cd67accf14
afe096d4-bea3-5567-8d2a-653d8d6c3595,8cff1021-5d71-4c95-aef0-f9204c21796b
afe096d4-bea3-5567-8d2a-653d8d6c3595,e256882e-b242-4076-be79-2bf1ed03f7fa
afe096d4-bea3-5567-8d2a-653d8d6c3595,eae93354-9f12-4402-a7b9-d374fac3daec
afe096d4-bea3-5567-8d2a-653d8d6c3595,3482820a-71a3-4b72-8375-b3b6c7a1dd49
afe096d4-bea3-5567-8d2a-653d8d6c3595,e334bac8-5b52-482a-8f58-25cd67accf14
352efa77-6b64-5d51-bb4e-dbd35c7d7ec2,698d5731-e2e6-4cef-bce8-19cbefc6d8d0
352efa77-6b64-5d51-bb4e-dbd35c7d7ec2,849b5205-45cc-47ad-b518-808b497b7ee5
891aae30-73c8-506d-be08-89b708dee03b,437b0947-8395-469d-b78c-aa1ab7c70c2d
891aae30-73c8-506d-be08-89b708dee03b,eae93354-9f12-4402-a7b9-d374fac3daec
93a8fee1-d3fc-5f15-b1a7-e399f54ef8ca,20f9edbe-a4ae-4fea-a0f8-c04423ffd6de
93a8fee1-d3fc-5f15-b1a7-e399f54ef8ca,e334bac8-5b52-482a-8f58-25cd67accf14
93a8fee1-d3fc-5f15-b1a7-e399f54ef8ca,849b5205-45cc-47ad-b518-808b497b7ee5
38e7f193-cbbb-5368-8ca6-de44e6b8a00b,437b0947-8395-469d-b78c-aa1ab7c70c2d
38e7f193-cbbb-5368-8ca6-de44e6b8a00b,e256882e-b242-4076-be79-2bf1ed03f7fa
38e7f193-cbbb-5368-8ca6-de44e6b8a00b,3482820a-71a3-4b72-8375-b3b6c7a1dd49
bb06ebeb-6def-5f1b-b5bf-cf2cc3d0ecf0,8cff1021-5d71-4c95-aef0-f9204c21796b
bb06ebeb-6def-5f1b-b5bf-cf2cc3d0ecf0,e256882e-b242-4076-be79-2bf1ed03f7fa
bb06ebeb-6def-5f1b-b5bf-cf2cc3d0ecf0,3482820a-71a3-4b72-8375-b3b6c7a1dd49
bb06ebeb-6def-5f1b-b5bf-cf2cc3d0ecf0,e334bac8-5b52-482a-8f58-25cd67accf14
08ac657c-2810-5365-ada9-7331fb25048c,20f9edbe-a4ae-4fea-a0f8-c04423ffd6de
08ac657c-2810-5365-ada9-7331fb25048c,8cff1021-5d71-4c95-aef0-f9204c21796b
08ac657c-2810-5365-ada9-7331fb25048c,e334bac8-5b52-482a-8f58-25cd67accf14
08ac657c-2810-5365-ada9-7331fb25048c,849b5205-45cc-47ad-b518-808b497b7ee5
c42e22b4-7c8a-5c6b-a124-4f825c4e2b12,437b0947-8395-469d-b78c-aa1ab7c70c2d
c42e22b4-7c8a-5c6b-a124-4f825c4e2b12,eae93354-9f12-4402-a7b9-d374fac3daec
96bdb92e-a4d5-540d-897e-6155982eb398,20f9edbe-a4ae-4fea-a0f8-c04423ffd6de
96bdb92e-a4d5-540d-897e-6155982eb398,698d5731-e2e6-4cef-bce8-19cbefc6d8d0
a67fe063-8008-5e33-9215-7330e0897261,20f9edbe-a4ae-4fea-a0f8-c04423ffd6de
a67fe063-8008-5e33-9215-7330e0897261,437b0947-8395-469d-b78c-aa1ab7c70c2d
a67fe063-8008-5e33-9215-7330e0897261,e256882e-b242-4076-be79-2bf1ed03f7fa
a67fe063-8008-5e33-9215-7330e0897261,eae93354-9f12-4402-a7b9-d374fac3daec
a67fe063-8008-5e33-9215-7330e0897261,3482820a-71a3-4b72-8375-b3b6c7a1dd49
a67fe063-8008-5e33-9215-7330e0897261,e334bac8-5b52-482a-8f58-25cd67accf14
0cf5ff44-5680-5f3d-94ea-ba7f123a75c4,437b0947-8395-469d-b78c-aa1ab7c70c2d
d096a1b7-d768-5043-bb01-d32ac0099244,437b0947-8395-469d-b78c-aa1ab7c70c2d
d096a1b7-d768-5043-bb01-d32ac0099244,e256882e-b242-4076-be79-2bf1ed03f7fa
d096a1b7-d768-5043-bb01-d32ac0099244,eae93354-9f12-4402-a7b9-d374fac3daec
da034481-b844-56c0-a9d4-0ca88b4d5f23,3482820a-71a3-4b72-8375-b3b6c7a1dd49
5267d649-001f-5fef-a077-f51cc6d28e55,d57cb37b-2f4c-4ea6-bd36-d7cd4a1bd589
5267d649-001f-5fef-a077-f51cc6d28e55,20f9edbe-a4ae-4fea-a0f8-c04423ffd6de
5267d649-001f-5fef-a077-f51cc6d28e55,437b0947-8395-469d-b78c-aa1ab7c70c2d
5267d649-001f-5fef-a077-f51cc6d28e55,8cff1021-5d71-4c95-aef0-f9204c21796b
5267d649-001f-5fef-a077-f51cc6d28e55,e256882e-b242-4076-be79-2bf1ed03f7fa
5267d649-001f-5fef-a077-f51cc6d28e55,eae93354-9f12-4402-a7b9-d374fac3daec
5267d649-001f-5fef-a077-f51cc6d28e55,3482820a-71a3-4b72-8375-b3b6c7a1dd49
5267d649-001f-5fef-a077-f51cc6d28e55,e334bac8-5b52-482a-8f58-25cd67accf14
5267d649-001f-5fef-a077-f51cc6d28e55,849b5205-45cc-47ad-b518-808b497b7ee5
5e7cd641-b10c-5956-b3b0-8c9699b60bff,c96c0331-606d-4cb9-bad1-639457499308
5e7cd641-b10c-5956-b3b0-8c9699b60bff,e334bac8-5b52-482a-8f58-25cd67accf14
384de52e-862f-5934-95eb-c32e257c20ef,e256882e-b242-4076-be79-2bf1ed03f7fa
384de52e-862f-5934-95eb-c32e257c20ef,eae93354-9f12-4402-a7b9-d374fac3daec
e30680d8-8270-52ba-89a6-d793e5141105,53381e7d-b28a-47d9-9635-4995d838af4a
6f4dc07d-85a0-5313-80f7-ada5c24745c6,698d5731-e2e6-4cef-bce8-19cbefc6d8d0
6f4dc07d-85a0-5313-80f7-ada5c24745c6,849b5205-45cc-47ad-b518-808b497b7ee5
f5996833-c597-53a9-b7a3-9f5fe6daa814,20f9edbe-a4ae-4fea-a0f8-c04423ffd6de
f5996833-c597-53a9-b7a3-9f5fe6daa814,c96c0331-606d-4cb9-bad1-639457499308
f5996833-c597-53a9-b7a3-9f5fe6daa814,849b5205-45cc-47ad-b518-808b497b7ee5
c1c17e4b-113d-51c0-b49a-f89def649a52,53381e7d-b28a-47d9-9635-4995d838af4a
8e82c61c-2b65-50fa-922f-449c0333affc,eae93354-9f12-4402-a7b9-d374fac3daec
8e82c61c-2b65-50fa-922f-449c0333affc,3482820a-71a3-4b72-8375-b3b6c7a1dd49
9c0ca91e-9afa-542c-b82d-a1c2ea210ed2,53381e7d-b28a-47d9-9635-4995d838af4a
e6369188-1ae9-55c9-b619-f0d0126fb715,437b0947-8395-469d-b78c-aa1ab7c70c2d
1e440458-34f9-591d-8619-064765b69921,698d5731-e2e6-4cef-bce8-19cbefc6d8d0
9268aa8e-688d-5bcd-ab7d-8e54720afa5f,5616ed6b-b823-44d9-b66d-aec168301b7e
cc18d8ed-f110-5c84-92af-39ef445a2a96,e256882e-b242-4076-be79-2bf1ed03f7fa
333ce1dd-4ce7-58ae-9496-61269903206a,437b0947-8395-469d-b78c-aa1ab7c70c2d
47dcdb07-28be-5839-b784-872b192b3681,437b0947-8395-469d-b78c-aa1ab7c70c2d
4c7c96ed-36a1-510f-a18b-5b05ac67ea9c,20f9edbe-a4ae-4fea-a0f8-c04423ffd6de
4c7c96ed-36a1-510f-a18b-5b05ac67ea9c,c96c0331-606d-4cb9-bad1-639457499308
4c7c96ed-36a1-510f-a18b-5b05ac67ea9c,e334bac8-5b52-482a-8f58-25cd67accf14
e5f752dc-32df-5165-afcc-27a594f105d3,d57cb37b-2f4c-4ea6-bd36-d7cd4a1bd589
e5f752dc-32df-5165-afcc-27a594f105d3,53381e7d-b28a-47d9-9635-4995d838af4a
5a699bbe-5f74-56a3-af4b-43d0699e8861,20f9edbe-a4ae-4fea-a0f8-c04423ffd6de
5a699bbe-5f74-56a3-af4b-43d0699e8861,e334bac8-5b52-482a-8f58-25cd67accf14
f65474d0-2201-5093-92d3-42c21d0b0b72,e334bac8-5b52-482a-8f58-25cd67accf14
fac25c6d-e0ed-5794-a216-40f08d1d370a,53381e7d-b28a-47d9-9635-4995d838af4a
399a3801-8a08-5e93-b34f-b5390d874e22,c96c0331-606d-4cb9-bad1-639457499308
fa7b6b8d-81a4-5688-a2ec-f1c4b860d825,849b5205-45cc-47ad-b518-808b497b7ee5
f2157eba-439b-5197-970c-f031f6f4b546,d4e388b2-48ae-4f2e-96bb-cb734ddc5c33
f2157eba-439b-5197-970c-f031f6f4b546,5616ed6b-b823-44d9-b66d-aec168301b7e
f2157eba-439b-5197-970c-f031f6f4b546,437b0947-8395-469d-b78c-aa1ab7c70c2d
f2157eba-439b-5197-970c-f031f6f4b546,eae93354-9f12-4402-a7b9-d374fac3daec
3d2f9365-76ed-56e2-888d-d55c1bde8464,e334bac8-5b52-482a-8f58-25cd67accf14
a8e5f11a-4bb5-51da-be05-abb17bca710d,eae93354-9f12-4402-a7b9-d374fac3daec
a32e6ca7-1eaa-5648-82f2-2414115483a8,437b0947-8395-469d-b78c-aa1ab7c70c2d
a32e6ca7-1eaa-5648-82f2-2414115483a8,e256882e-b242-4076-be79-2bf1ed03f7fa
a32e6ca7-1eaa-5648-82f2-2414115483a8,eae93354-9f12-4402-a7b9-d374fac3daec
b62db816-e253-546f-af95-632879254d73,20f9edbe-a4ae-4fea-a0f8-c04423ffd6de
b62db816-e253-546f-af95-632879254d73,8cff1021-5d71-4c95-aef0-f9204c21796b
b62db816-e253-546f-af95-632879254d73,e334bac8-5b52-482a-8f58-25cd67accf14
b62db816-e253-546f-af95-632879254d73,849b5205-45cc-47ad-b518-808b497b7ee5
54e2d108-1f42-5a7a-857c-178eb7d5ae6b,8cff1021-5d71-4c95-aef0-f9204c21796b
54e2d108-1f42-5a7a-857c-178eb7d5ae6b,c96c0331-606d-4cb9-bad1-639457499308
edd6c9c5-93a0-56e1-9fc0-c462f25b41b2,d4e388b2-48ae-4f2e-96bb-cb734ddc5c33
edd6c9c5-93a0-56e1-9fc0-c462f25b41b2,5616ed6b-b823-44d9-b66d-aec168301b7e
edd6c9c5-93a0-56e1-9fc0-c462f25b41b2,437b0947-8395-469d-b78c-aa1ab7c70c2d
edd6c9c5-93a0-56e1-9fc0-c462f25b41b2,eae93354-9f12-4402-a7b9-d374fac3daec
171d0d8d-2f02-5f01-a1c9-65d06a4844bc,698d5731-e2e6-4cef-bce8-19cbefc6d8d0
171d0d8d-2f02-5f01-a1c9-65d06a4844bc,53381e7d-b28a-47d9-9635-4995d838af4a
454456b0-fb91-5607-93df-f336fede4498,849b5205-45cc-47ad-b518-808b497b7ee5
454456b0-fb91-5607-93df-f336fede4498,53381e7d-b28a-47d9-9635-4995d838af4a
de285407-ec0e-5dc2-bc98-843ca2c81bfd,437b0947-8395-469d-b78c-aa1ab7c70c2d
de285407-ec0e-5dc2-bc98-843ca2c81bfd,e256882e-b242-4076-be79-2bf1ed03f7fa
de285407-ec0e-5dc2-bc98-843ca2c81bfd,eae93354-9f12-4402-a7b9-d374fac3daec
b29b4258-8936-5002-93c6-dcc4127eabcc,e256882e-b242-4076-be79-2bf1ed03f7fa
b29b4258-8936-5002-93c6-dcc4127eabcc,eae93354-9f12-4402-a7b9-d374fac3daec
9b89fd9d-6eea-5423-8f37-7a6d08a46603,d4e388b2-48ae-4f2e-96bb-cb734ddc5c33
9b89fd9d-6eea-5423-8f37-7a6d08a46603,5616ed6b-b823-44d9-b66d-aec168301b7e
9b89fd9d-6eea-5423-8f37-7a6d08a46603,437b0947-8395-469d-b78c-aa1ab7c70c2d
9b89fd9d-6eea-5423-8f37-7a6d08a46603,eae93354-9f12-4402-a7b9-d374fac3daec
28e5e9af-9d54-5487-ad3a-1fdd88bab678,d4e388b2-48ae-4f2e-96bb-cb734ddc5c33
28e5e9af-9d54-5487-ad3a-1fdd88bab678,5616ed6b-b823-44d9-b66d-aec168301b7e
28e5e9af-9d54-5487-ad3a-1fdd88bab678,437b0947-8395-469d-b78c-aa1ab7c70c2d
28e5e9af-9d54-5487-ad3a-1fdd88bab678,eae93354-9f12-4402-a7b9-d374fac3daec
b0694c4c-ed93-531f-af50-828c6b6f96c8,d4e388b2-48ae-4f2e-96bb-cb734ddc5c33
b0694c4c-ed93-531f-af50-828c6b6f96c8,5616ed6b-b823-44d9-b66d-aec168301b7e
b0694c4c-ed93-531f-af50-828c6b6f96c8,437b0947-8395-469d-b78c-aa1ab7c70c2d
b0694c4c-ed93-531f-af50-828c6b6f96c8,eae93354-9f12-4402-a7b9-d374fac3daec
c78023ce-74bf-52cc-acaf-bce53aaf6398,8cff1021-5d71-4c95-aef0-f9204c21796b
c78023ce-74bf-52cc-acaf-bce53aaf6398,e334bac8-5b52-482a-8f58-25cd67accf14
33830fdb-b187-5d06-b32b-fe58d0edbc8b,437b0947-8395-469d-b78c-aa1ab7c70c2d
33830fdb-b187-5d06-b32b-fe58d0edbc8b,eae93354-9f12-4402-a7b9-d374fac3daec
d9de8016-5f01-5e76-b3b4-dd0d3c7aaeff,eae93354-9f12-4402-a7b9-d374fac3daec
04690b35-5ce0-5a00-8e1a-ea6fd1667140,437b0947-8395-469d-b78c-aa1ab7c70c2d
04690b35-5ce0-5a00-8e1a-ea6fd1667140,eae93354-9f12-4402-a7b9-d374fac3daec
701dc2e8-5af0-5563-b6ff-1950af9decfe,d4e388b2-48ae-4f2e-96bb-cb734ddc5c33
701dc2e8-5af0-5563-b6ff-1950af9decfe,e256882e-b242-4076-be79-2bf1ed03f7fa
701dc2e8-5af0-5563-b6ff-1950af9decfe,eae93354-9f12-4402-a7b9-d374fac3daec
d366cc2e-af26-56fb-b9d7-3aac72589e49,d4e388b2-48ae-4f2e-96bb-cb734ddc5c33
d366cc2e-af26-56fb-b9d7-3aac72589e49,5616ed6b-b823-44d9-b66d-aec168301b7e
d366cc2e-af26-56fb-b9d7-3aac72589e49,437b0947-8395-469d-b78c-aa1ab7c70c2d
d366cc2e-af26-56fb-b9d7-3aac72589e49,e256882e-b242-4076-be79-2bf1ed03f7fa
d366cc2e-af26-56fb-b9d7-3aac72589e49,eae93354-9f12-4402-a7b9-d374fac3daec
c6b8313f-f42e-5cc3-903d-0054f8f4d784,437b0947-8395-469d-b78c-aa1ab7c70c2d
c6b8313f-f42e-5cc3-903d-0054f8f4d784,e256882e-b242-4076-be79-2bf1ed03f7fa
c6b8313f-f42e-5cc3-903d-0054f8f4d784,eae93354-9f12-4402-a7b9-d374fac3daec
4cd5c4f9-e676-5710-847a-c48878b1afe5,437b0947-8395-469d-b78c-aa1ab7c70c2d
4cd5c4f9-e676-5710-847a-c48878b1afe5,e334bac8-5b52-482a-8f58-25cd67accf14
4cd5c4f9-e676-5710-847a-c48878b1afe5,3b8df81a-ab7b-437a-812d-a692835ff9a9
c9c065f1-8981-53fc-ae5e-0ead8a8e241d,437b0947-8395-469d-b78c-aa1ab7c70c2d
c9c065f1-8981-53fc-ae5e-0ead8a8e241d,698d5731-e2e6-4cef-bce8-19cbefc6d8d0
c9c065f1-8981-53fc-ae5e-0ead8a8e241d,e256882e-b242-4076-be79-2bf1ed03f7fa
c9c065f1-8981-53fc-ae5e-0ead8a8e241d,eae93354-9f12-4402-a7b9-d374fac3daec
c9c065f1-8981-53fc-ae5e-0ead8a8e241d,53381e7d-b28a-47d9-9635-4995d838af4a
06f6b8cc-b117-5827-aa97-4b4db5e24b36,20f9edbe-a4ae-4fea-a0f8-c04423ffd6de
06f6b8cc-b117-5827-aa97-4b4db5e24b36,c96c0331-606d-4cb9-bad1-639457499308
bd545aa1-5f83-5e95-9cc7-44dd965f91be,437b0947-8395-469d-b78c-aa1ab7c70c2d
bd545aa1-5f83-5e95-9cc7-44dd965f91be,8cff1021-5d71-4c95-aef0-f9204c21796b
bd545aa1-5f83-5e95-9cc7-44dd965f91be,c96c0331-606d-4cb9-bad1-639457499308
bd545aa1-5f83-5e95-9cc7-44dd965f91be,e334bac8-5b52-482a-8f58-25cd67accf14
bd545aa1-5f83-5e95-9cc7-44dd965f91be,849b5205-45cc-47ad-b518-808b497b7ee5
009f4655-289f-58cc-9f09-7e5ea83422fc,698d5731-e2e6-4cef-bce8-19cbefc6d8d0
f3125650-e176-594a-abc5-f616776077f1,849b5205-45cc-47ad-b518-808b497b7ee5
ed5b57cc-638b-5a2c-9ad1-691c140d87c2,849b5205-45cc-47ad-b518-808b497b7ee5
ed5b57cc-638b-5a2c-9ad1-691c140d87c2,53381e7d-b28a-47d9-9635-4995d838af4a
ffe84215-faee-5ac2-af6c-8dc8be5bc64c,20f9edbe-a4ae-4fea-a0f8-c04423ffd6de
ffe84215-faee-5ac2-af6c-8dc8be5bc64c,c96c0331-606d-4cb9-bad1-639457499308
ffe84215-faee-5ac2-af6c-8dc8be5bc64c,849b5205-45cc-47ad-b518-808b497b7ee5
a0b411be-77ce-5b38-b7d7-83b13f363ca4,698d5731-e2e6-4cef-bce8-19cbefc6d8d0
a0b411be-77ce-5b38-b7d7-83b13f363ca4,849b5205-45cc-47ad-b518-808b497b7ee5
e29a3583-bf6f-581f-96d3-5c6f3a434e5e,849b5205-45cc-47ad-b518-808b497b7ee5
e29a3583-bf6f-581f-96d3-5c6f3a434e5e,53381e7d-b28a-47d9-9635-4995d838af4a
9ff28f4a-8f33-582b-8d8d-927a1d55ab7c,e256882e-b242-4076-be79-2bf1ed03f7fa
9ff28f4a-8f33-582b-8d8d-927a1d55ab7c,3482820a-71a3-4b72-8375-b3b6c7a1dd49
9ff28f4a-8f33-582b-8d8d-927a1d55ab7c,3b8df81a-ab7b-437a-812d-a692835ff9a9
9ff28f4a-8f33-582b-8d8d-927a1d55ab7c,849b5205-45cc-47ad-b518-808b497b7ee5
9ff28f4a-8f33-582b-8d8d-927a1d55ab7c,e334bac8-5b52-482a-8f58-25cd67accf14
b0d365ea-8918-5930-9833-bf3b265314a6,849b5205-45cc-47ad-b518-808b497b7ee5
b0d365ea-8918-5930-9833-bf3b265314a6,53381e7d-b28a-47d9-9635-4995d838af4a
9b549db8-60d5-507f-bf42-6012b53a906f,437b0947-8395-469d-b78c-aa1ab7c70c2d
9b549db8-60d5-507f-bf42-6012b53a906f,e256882e-b242-4076-be79-2bf1ed03f7fa
9b549db8-60d5-507f-bf42-6012b53a906f,eae93354-9f12-4402-a7b9-d374fac3daec
a940edf9-3b87-5413-8d28-e855335775f3,20f9edbe-a4ae-4fea-a0f8-c04423ffd6de
a940edf9-3b87-5413-8d28-e855335775f3,e334bac8-5b52-482a-8f58-25cd67accf14
e13fa271-7932-51d2-8133-f8014ee274ca,53381e7d-b28a-47d9-9635-4995d838af4a
d4a15ff9-0903-56bb-a9a8-5cd9e27b608a,437b0947-8395-469d-b78c-aa1ab7c70c2d
d4a15ff9-0903-56bb-a9a8-5cd9e27b608a,e256882e-b242-4076-be79-2bf1ed03f7fa
d4a15ff9-0903-56bb-a9a8-5cd9e27b608a,eae93354-9f12-4402-a7b9-d374fac3daec
e68c4963-30a7-5eea-bc3d-383d52539612,437b0947-8395-469d-b78c-aa1ab7c70c2d
e68c4963-30a7-5eea-bc3d-383d52539612,e256882e-b242-4076-be79-2bf1ed03f7fa
e68c4963-30a7-5eea-bc3d-383d52539612,eae93354-9f12-4402-a7b9-d374fac3daec
e68c4963-30a7-5eea-bc3d-383d52539612,3482820a-71a3-4b72-8375-b3b6c7a1dd49
6bf8a848-0ffa-502f-bd92-1649818996eb,e256882e-b242-4076-be79-2bf1ed03f7fa
6bf8a848-0ffa-502f-bd92-1649818996eb,3482820a-71a3-4b72-8375-b3b6c7a1dd49
341f271b-f6ea-56d0-9cd3-1ffa9f0ed510,20f9edbe-a4ae-4fea-a0f8-c04423ffd6de
341f271b-f6ea-56d0-9cd3-1ffa9f0ed510,e334bac8-5b52-482a-8f58-25cd67accf14
341f271b-f6ea-56d0-9cd3-1ffa9f0ed510,849b5205-45cc-47ad-b518-808b497b7ee5
6ad61843-9489-5bd6-adc3-e79b67b18013,437b0947-8395-469d-b78c-aa1ab7c70c2d
6ad61843-9489-5bd6-adc3-e79b67b18013,e256882e-b242-4076-be79-2bf1ed03f7fa
6ad61843-9489-5bd6-adc3-e79b67b18013,eae93354-9f12-4402-a7b9-d374fac3daec
c8e86d6d-1ad0-5912-a1e5-bfba67d19429,20f9edbe-a4ae-4fea-a0f8-c04423ffd6de
c8e86d6d-1ad0-5912-a1e5-bfba67d19429,e256882e-b242-4076-be79-2bf1ed03f7fa
c8e86d6d-1ad0-5912-a1e5-bfba67d19429,eae93354-9f12-4402-a7b9-d374fac3daec
c8e86d6d-1ad0-5912-a1e5-bfba67d19429,3482820a-71a3-4b72-8375-b3b6c7a1dd49
c8e86d6d-1ad0-5912-a1e5-bfba67d19429,849b5205-45cc-47ad-b518-808b497b7ee5
c8e86d6d-1ad0-5912-a1e5-bfba67d19429,e334bac8-5b52-482a-8f58-25cd67accf14
c8e86d6d-1ad0-5912-a1e5-bfba67d19429,53381e7d-b28a-47d9-9635-4995d838af4a
24f8bc99-9a19-5419-bf3d-7b87e0e349db,437b0947-8395-469d-b78c-aa1ab7c70c2d
24f8bc99-9a19-5419-bf3d-7b87e0e349db,e256882e-b242-4076-be79-2bf1ed03f7fa
24f8bc99-9a19-5419-bf3d-7b87e0e349db,eae93354-9f12-4402-a7b9-d374fac3daec
24f8bc99-9a19-5419-bf3d-7b87e0e349db,849b5205-45cc-47ad-b518-808b497b7ee5
24f8bc99-9a19-5419-bf3d-7b87e0e349db,53381e7d-b28a-47d9-9635-4995d838af4a
9eeea620-e5f3-598f-aeff-f9a162c74d63,8cff1021-5d71-4c95-aef0-f9204c21796b
9eeea620-e5f3-598f-aeff-f9a162c74d63,e256882e-b242-4076-be79-2bf1ed03f7fa
9eeea620-e5f3-598f-aeff-f9a162c74d63,eae93354-9f12-4402-a7b9-d374fac3daec
9eeea620-e5f3-598f-aeff-f9a162c74d63,3482820a-71a3-4b72-8375-b3b6c7a1dd49
9eeea620-e5f3-598f-aeff-f9a162c74d63,3b8df81a-ab7b-437a-812d-a692835ff9a9
9eeea620-e5f3-598f-aeff-f9a162c74d63,e334bac8-5b52-482a-8f58-25cd67accf14
3c635180-1a48-5cd1-80f2-26e6fbc227a3,437b0947-8395-469d-b78c-aa1ab7c70c2d
3c635180-1a48-5cd1-80f2-26e6fbc227a3,e256882e-b242-4076-be79-2bf1ed03f7fa
3c635180-1a48-5cd1-80f2-26e6fbc227a3,3482820a-71a3-4b72-8375-b3b6c7a1dd49
3c635180-1a48-5cd1-80f2-26e6fbc227a3,3b8df81a-ab7b-437a-812d-a692835ff9a9
3c635180-1a48-5cd1-80f2-26e6fbc227a3,e334bac8-5b52-482a-8f58-25cd67accf14
f626f73a-ec66-547b-93e8-ddf01bf7c68b,8cff1021-5d71-4c95-aef0-f9204c21796b
f626f73a-ec66-547b-93e8-ddf01bf7c68b,849b5205-45cc-47ad-b518-808b497b7ee5
78a78b19-d31e-5121-82de-50e2ae6bd5d0,437b0947-8395-469d-b78c-aa1ab7c70c2d
78a78b19-d31e-5121-82de-50e2ae6bd5d0,8cff1021-5d71-4c95-aef0-f9204c21796b
78a78b19-d31e-5121-82de-50e2ae6bd5d0,e256882e-b242-4076-be79-2bf1ed03f7fa
78a78b19-d31e-5121-82de-50e2ae6bd5d0,eae93354-9f12-4402-a7b9-d374fac3daec
78a78b19-d31e-5121-82de-50e2ae6bd5d0,3482820a-71a3-4b72-8375-b3b6c7a1dd49
78a78b19-d31e-5121-82de-50e2ae6bd5d0,849b5205-45cc-47ad-b518-808b497b7ee5
78a78b19-d31e-5121-82de-50e2ae6bd5d0,e334bac8-5b52-482a-8f58-25cd67accf14
78a78b19-d31e-5121-82de-50e2ae6bd5d0,53381e7d-b28a-47d9-9635-4995d838af4a
3b7ba365-6936-50ce-adef-da30aab71072,437b0947-8395-469d-b78c-aa1ab7c70c2d
3b7ba365-6936-50ce-adef-da30aab71072,e256882e-b242-4076-be79-2bf1ed03f7fa
3b7ba365-6936-50ce-adef-da30aab71072,eae93354-9f12-4402-a7b9-d374fac3daec
c4b17eb0-22fb-5a31-932b-4d0666599e7e,437b0947-8395-469d-b78c-aa1ab7c70c2d
c4b17eb0-22fb-5a31-932b-4d0666599e7e,e256882e-b242-4076-be79-2bf1ed03f7fa
c4b17eb0-22fb-5a31-932b-4d0666599e7e,eae93354-9f12-4402-a7b9-d374fac3daec
c4b17eb0-22fb-5a31-932b-4d0666599e7e,3482820a-71a3-4b72-8375-b3b6c7a1dd49
6988799a-17a6-5964-9390-87065dabe6bd,e256882e-b242-4076-be79-2bf1ed03f7fa
6988799a-17a6-5964-9390-87065dabe6bd,849b5205-45cc-47ad-b518-808b497b7ee5
4eb94548-f505-5f10-997d-6c66e01ebbf2,698d5731-e2e6-4cef-bce8-19cbefc6d8d0
4eb94548-f505-5f10-997d-6c66e01ebbf2,849b5205-45cc-47ad-b518-808b497b7ee5
4eb94548-f505-5f10-997d-6c66e01ebbf2,53381e7d-b28a-47d9-9635-4995d838af4a
5efe6319-6079-59ac-832a-97f42eff35e2,c96c0331-606d-4cb9-bad1-639457499308
5efe6319-6079-59ac-832a-97f42eff35e2,3482820a-71a3-4b72-8375-b3b6c7a1dd49
5efe6319-6079-59ac-832a-97f42eff35e2,e334bac8-5b52-482a-8f58-25cd67accf14
7b5ae861-72db-5ba3-b7f7-42ab870f778d,437b0947-8395-469d-b78c-aa1ab7c70c2d
7b5ae861-72db-5ba3-b7f7-42ab870f778d,8cff1021-5d71-4c95-aef0-f9204c21796b
7b5ae861-72db-5ba3-b7f7-42ab870f778d,e256882e-b242-4076-be79-2bf1ed03f7fa
7b5ae861-72db-5ba3-b7f7-42ab870f778d,eae93354-9f12-4402-a7b9-d374fac3daec
7b5ae861-72db-5ba3-b7f7-42ab870f778d,3482820a-71a3-4b72-8375-b3b6c7a1dd49
7b5ae861-72db-5ba3-b7f7-42ab870f778d,849b5205-45cc-47ad-b518-808b497b7ee5
7b5ae861-72db-5ba3-b7f7-42ab870f778d,e334bac8-5b52-482a-8f58-25cd67accf14
2ee76d7f-bb2e-5a30-8061-ee0d99fda20d,e256882e-b242-4076-be79-2bf1ed03f7fa
2ee76d7f-bb2e-5a30-8061-ee0d99fda20d,eae93354-9f12-4402-a7b9-d374fac3daec
2ee76d7f-bb2e-5a30-8061-ee0d99fda20d,849b5205-45cc-47ad-b518-808b497b7ee5
2ee76d7f-bb2e-5a30-8061-ee0d99fda20d,53381e7d-b28a-47d9-9635-4995d838af4a
51a961fb-9f3d-5c0e-b5cb-a55e9e807ffe,437b0947-8395-469d-b78c-aa1ab7c70c2d
51a961fb-9f3d-5c0e-b5cb-a55e9e807ffe,e256882e-b242-4076-be79-2bf1ed03f7fa
51a961fb-9f3d-5c0e-b5cb-a55e9e807ffe,eae93354-9f12-4402-a7b9-d374fac3daec
a44b589b-f64e-5634-860e-f727daaa85ba,437b0947-8395-469d-b78c-aa1ab7c70c2d
a44b589b-f64e-5634-860e-f727daaa85ba,8cff1021-5d71-4c95-aef0-f9204c21796b
a44b589b-f64e-5634-860e-f727daaa85ba,e256882e-b242-4076-be79-2bf1ed03f7fa
a44b589b-f64e-5634-860e-f727daaa85ba,eae93354-9f12-4402-a7b9-d374fac3daec
a44b589b-f64e-5634-860e-f727daaa85ba,3482820a-71a3-4b72-8375-b3b6c7a1dd49
a44b589b-f64e-5634-860e-f727daaa85ba,3b8df81a-ab7b-437a-812d-a692835ff9a9
a44b589b-f64e-5634-860e-f727daaa85ba,849b5205-45cc-47ad-b518-808b497b7ee5
a44b589b-f64e-5634-860e-f727daaa85ba,e334bac8-5b52-482a-8f58-25cd67accf14
a44b589b-f64e-5634-860e-f727daaa85ba,53381e7d-b28a-47d9-9635-4995d838af4a
3ab39925-2671-5e69-8460-ed22164b89c5,e256882e-b242-4076-be79-2bf1ed03f7fa
3ab39925-2671-5e69-8460-ed22164b89c5,eae93354-9f12-4402-a7b9-d374fac3daec
203583e7-14aa-5b13-81af-5969e941aa7d,437b0947-8395-469d-b78c-aa1ab7c70c2d
203583e7-14aa-5b13-81af-5969e941aa7d,e256882e-b242-4076-be79-2bf1ed03f7fa
203583e7-14aa-5b13-81af-5969e941aa7d,3b8df81a-ab7b-437a-812d-a692835ff9a9
7ead3d2b-9a9e-587c-a368-21f244d47c9e,437b0947-8395-469d-b78c-aa1ab7c70c2d
7ead3d2b-9a9e-587c-a368-21f244d47c9e,e256882e-b242-4076-be79-2bf1ed03f7fa
7ead3d2b-9a9e-587c-a368-21f244d47c9e,eae93354-9f12-4402-a7b9-d374fac3daec
7ead3d2b-9a9e-587c-a368-21f244d47c9e,849b5205-45cc-47ad-b518-808b497b7ee5
7ead3d2b-9a9e-587c-a368-21f244d47c9e,53381e7d-b28a-47d9-9635-4995d838af4a
8b45f7e1-c06c-5b6e-96a3-505e13cfbc9e,5616ed6b-b823-44d9-b66d-aec168301b7e
8b45f7e1-c06c-5b6e-96a3-505e13cfbc9e,437b0947-8395-469d-b78c-aa1ab7c70c2d
8b45f7e1-c06c-5b6e-96a3-505e13cfbc9e,e256882e-b242-4076-be79-2bf1ed03f7fa
8b45f7e1-c06c-5b6e-96a3-505e13cfbc9e,eae93354-9f12-4402-a7b9-d374fac3daec
8b45f7e1-c06c-5b6e-96a3-505e13cfbc9e,3482820a-71a3-4b72-8375-b3b6c7a1dd49
4d05de77-84f2-55b7-821b-6220544867f2,5616ed6b-b823-44d9-b66d-aec168301b7e
4d05de77-84f2-55b7-821b-6220544867f2,437b0947-8395-469d-b78c-aa1ab7c70c2d
4d05de77-84f2-55b7-821b-6220544867f2,e256882e-b242-4076-be79-2bf1ed03f7fa
4d05de77-84f2-55b7-821b-6220544867f2,eae93354-9f12-4402-a7b9-d374fac3daec
4d05de77-84f2-55b7-821b-6220544867f2,3482820a-71a3-4b72-8375-b3b6c7a1dd49
45b83c30-70ee-5ed1-bda9-05d89516f4c3,d4e388b2-48ae-4f2e-96bb-cb734ddc5c33
45b83c30-70ee-5ed1-bda9-05d89516f4c3,5616ed6b-b823-44d9-b66d-aec168301b7e
45b83c30-70ee-5ed1-bda9-05d89516f4c3,437b0947-8395-469d-b78c-aa1ab7c70c2d
45b83c30-70ee-5ed1-bda9-05d89516f4c3,e256882e-b242-4076-be79-2bf1ed03f7fa
45b83c30-70ee-5ed1-bda9-05d89516f4c3,eae93354-9f12-4402-a7b9-d374fac3daec
4c3d2d62-ff44-5e7c-ac7d-faa0570b74eb,437b0947-8395-469d-b78c-aa1ab7c70c2d
4c3d2d62-ff44-5e7c-ac7d-faa0570b74eb,e256882e-b242-4076-be79-2bf1ed03f7fa
4c3d2d62-ff44-5e7c-ac7d-faa0570b74eb,eae93354-9f12-4402-a7b9-d374fac3daec
4c3d2d62-ff44-5e7c-ac7d-faa0570b74eb,3482820a-71a3-4b72-8375-b3b6c7a1dd49
b084e83d-b5f0-54c9-86e4-d5c0b4b532b1,437b0947-8395-469d-b78c-aa1ab7c70c2d
b084e83d-b5f0-54c9-86e4-d5c0b4b532b1,e256882e-b242-4076-be79-2bf1ed03f7fa
b084e83d-b5f0-54c9-86e4-d5c0b4b532b1,eae93354-9f12-4402-a7b9-d374fac3daec
505bc87a-597e-5c01-88fc-277ae4da932c,53381e7d-b28a-47d9-9635-4995d838af4a
42ce42a7-ad67-5923-bb04-1e96cf125b92,53381e7d-b28a-47d9-9635-4995d838af4a
64d13011-016a-5abd-9371-dfa6246e0f6c,849b5205-45cc-47ad-b518-808b497b7ee5
c840cb8f-ec14-5221-b9bd-b53a6ed4f411,698d5731-e2e6-4cef-bce8-19cbefc6d8d0
c840cb8f-ec14-5221-b9bd-b53a6ed4f411,849b5205-45cc-47ad-b518-808b497b7ee5
f721d68c-80a3-5c1f-a78d-fcfc3426cef1,53381e7d-b28a-47d9-9635-4995d838af4a
ce75ba94-4fd8-5696-bd8a-3c228b400788,849b5205-45cc-47ad-b518-808b497b7ee5
ce75ba94-4fd8-5696-bd8a-3c228b400788,53381e7d-b28a-47d9-9635-4995d838af4a
c5f17120-ddf5-5aed-8332-b492a7e6f174,849b5205-45cc-47ad-b518-808b497b7ee5
db598cc1-d7e0-5c36-9934-012e9fe36d5b,849b5205-45cc-47ad-b518-808b497b7ee5
76e7842e-18fa-544d-a20b-ad65d8a2c0b3,8cff1021-5d71-4c95-aef0-f9204c21796b
1868b298-5ac8-5aa0-8c5a-e4a07ceaee88,53381e7d-b28a-47d9-9635-4995d838af4a
ad34e969-7ec6-5871-9fbb-af636f95c0bc,8cff1021-5d71-4c95-aef0-f9204c21796b
af507993-06b9-5d0f-a380-fdc25cc3f3e9,20f9edbe-a4ae-4fea-a0f8-c04423ffd6de
af507993-06b9-5d0f-a380-fdc25cc3f3e9,849b5205-45cc-47ad-b518-808b497b7ee5
021bca35-6975-5474-a72c-506cb5dc608c,eae93354-9f12-4402-a7b9-d374fac3daec
a5772c0b-fbc7-5d69-8920-fc6d5636e34f,5616ed6b-b823-44d9-b66d-aec168301b7e
0631ddf5-6fc3-547c-90b5-4f1ad92a95cd,437b0947-8395-469d-b78c-aa1ab7c70c2d
0631ddf5-6fc3-547c-90b5-4f1ad92a95cd,e256882e-b242-4076-be79-2bf1ed03f7fa
0631ddf5-6fc3-547c-90b5-4f1ad92a95cd,eae93354-9f12-4402-a7b9-d374fac3daec
afaa6431-6e10-5028-b647-0b21db4069f7,8cff1021-5d71-4c95-aef0-f9204c21796b
91312dc0-0a0f-5de3-86a8-aa7e06d3c04b,698d5731-e2e6-4cef-bce8-19cbefc6d8d0
91312dc0-0a0f-5de3-86a8-aa7e06d3c04b,849b5205-45cc-47ad-b518-808b497b7ee5
b0412008-c0e1-56b3-9fdd-31f4124b7a60,53381e7d-b28a-47d9-9635-4995d838af4a
b5acbedc-63f4-5a0e-9ae4-ffb8d7a7f8e0,20f9edbe-a4ae-4fea-a0f8-c04423ffd6de
515eea3c-e443-5ed1-9f86-a149bd215868,698d5731-e2e6-4cef-bce8-19cbefc6d8d0
515eea3c-e443-5ed1-9f86-a149bd215868,849b5205-45cc-47ad-b518-808b497b7ee5
b0e8b1bb-288a-5210-99fd-46024dda423b,849b5205-45cc-47ad-b518-808b497b7ee5
46feb12f-5ea5-504d-bef3-258356a08109,53381e7d-b28a-47d9-9635-4995d838af4a
1c57439e-d543-5110-ab09-452497f7dc87,53381e7d-b28a-47d9-9635-4995d838af4a
4b3616a5-c9d8-5888-9201-6c8415e70d7b,e256882e-b242-4076-be79-2bf1ed03f7fa
471188ae-6f3b-5430-a6d5-dacb0d3563a1,437b0947-8395-469d-b78c-aa1ab7c70c2d
d72a30a7-3b46-54ad-a466-cb3643bb70a1,698d5731-e2e6-4cef-bce8-19cbefc6d8d0
d72a30a7-3b46-54ad-a466-cb3643bb70a1,c96c0331-606d-4cb9-bad1-639457499308
f72aa449-a3e5-5b46-8621-86a2cb0239c5,437b0947-8395-469d-b78c-aa1ab7c70c2d
f72aa449-a3e5-5b46-8621-86a2cb0239c5,e256882e-b242-4076-be79-2bf1ed03f7fa
f72aa449-a3e5-5b46-8621-86a2cb0239c5,eae93354-9f12-4402-a7b9-d374fac3daec
f72aa449-a3e5-5b46-8621-86a2cb0239c5,849b5205-45cc-47ad-b518-808b497b7ee5
451a1421-962a-5422-9b69-a16e47773720,eae93354-9f12-4402-a7b9-d374fac3daec
451a1421-962a-5422-9b69-a16e47773720,3b8df81a-ab7b-437a-812d-a692835ff9a9
b1a224c0-7e0f-581a-a550-d871785b3616,437b0947-8395-469d-b78c-aa1ab7c70c2d
b1a224c0-7e0f-581a-a550-d871785b3616,e256882e-b242-4076-be79-2bf1ed03f7fa
b1a224c0-7e0f-581a-a550-d871785b3616,eae93354-9f12-4402-a7b9-d374fac3daec
75f20347-1e11-5e57-bf8b-c56559dd1393,e256882e-b242-4076-be79-2bf1ed03f7fa
75f20347-1e11-5e57-bf8b-c56559dd1393,3482820a-71a3-4b72-8375-b3b6c7a1dd49
17bd53c9-3883-5cfa-8f24-7097ef383a54,e256882e-b242-4076-be79-2bf1ed03f7fa
17bd53c9-3883-5cfa-8f24-7097ef383a54,3482820a-71a3-4b72-8375-b3b6c7a1dd49
fb23a187-4db8-5031-aa86-29ebc622e940,e256882e-b242-4076-be79-2bf1ed03f7fa
fb23a187-4db8-5031-aa86-29ebc622e940,eae93354-9f12-4402-a7b9-d374fac3daec
76d9e199-5155-59e7-8716-f24b2012e7f9,c96c0331-606d-4cb9-bad1-639457499308
76d9e199-5155-59e7-8716-f24b2012e7f9,849b5205-45cc-47ad-b518-808b497b7ee5
76d9e199-5155-59e7-8716-f24b2012e7f9,53381e7d-b28a-47d9-9635-4995d838af4a
ece7da3e-ec00-5f8e-9890-acd19ec1fb75,20f9edbe-a4ae-4fea-a0f8-c04423ffd6de
ece7da3e-ec00-5f8e-9890-acd19ec1fb75,c96c0331-606d-4cb9-bad1-639457499308
8a50ade8-c253-5ae9-9989-d37909214e98,e334bac8-5b52-482a-8f58-25cd67accf14
bef4ecc1-08f5-59f0-8db4-5a6cecd42732,d4e388b2-48ae-4f2e-96bb-cb734ddc5c33
bef4ecc1-08f5-59f0-8db4-5a6cecd42732,5616ed6b-b823-44d9-b66d-aec168301b7e
bef4ecc1-08f5-59f0-8db4-5a6cecd42732,437b0947-8395-469d-b78c-aa1ab7c70c2d
bef4ecc1-08f5-59f0-8db4-5a6cecd42732,eae93354-9f12-4402-a7b9-d374fac3daec
c9c87c0a-d20e-53e3-8bb3-1a51d5a43270,5616ed6b-b823-44d9-b66d-aec168301b7e
c9c87c0a-d20e-53e3-8bb3-1a51d5a43270,8cff1021-5d71-4c95-aef0-f9204c21796b
c9c87c0a-d20e-53e3-8bb3-1a51d5a43270,e256882e-b242-4076-be79-2bf1ed03f7fa
c9c87c0a-d20e-53e3-8bb3-1a51d5a43270,3482820a-71a3-4b72-8375-b3b6c7a1dd49
c9c87c0a-d20e-53e3-8bb3-1a51d5a43270,e334bac8-5b52-482a-8f58-25cd67accf14
c9c87c0a-d20e-53e3-8bb3-1a51d5a43270,3b8df81a-ab7b-437a-812d-a692835ff9a9
6211c9be-bced-5043-be0d-554e3af1efd7,5616ed6b-b823-44d9-b66d-aec168301b7e
6211c9be-bced-5043-be0d-554e3af1efd7,8cff1021-5d71-4c95-aef0-f9204c21796b
6211c9be-bced-5043-be0d-554e3af1efd7,e256882e-b242-4076-be79-2bf1ed03f7fa
6211c9be-bced-5043-be0d-554e3af1efd7,3482820a-71a3-4b72-8375-b3b6c7a1dd49
6211c9be-bced-5043-be0d-554e3af1efd7,e334bac8-5b52-482a-8f58-25cd67accf14
6211c9be-bced-5043-be0d-554e3af1efd7,3b8df81a-ab7b-437a-812d-a692835ff9a9
8507c5c9-10c6-53c3-86a2-425c7c2d1fd6,d4e388b2-48ae-4f2e-96bb-cb734ddc5c33
8507c5c9-10c6-53c3-86a2-425c7c2d1fd6,5616ed6b-b823-44d9-b66d-aec168301b7e
8507c5c9-10c6-53c3-86a2-425c7c2d1fd6,8cff1021-5d71-4c95-aef0-f9204c21796b
8507c5c9-10c6-53c3-86a2-425c7c2d1fd6,e256882e-b242-4076-be79-2bf1ed03f7fa
8507c5c9-10c6-53c3-86a2-425c7c2d1fd6,3482820a-71a3-4b72-8375-b3b6c7a1dd49
8507c5c9-10c6-53c3-86a2-425c7c2d1fd6,e334bac8-5b52-482a-8f58-25cd67accf14
8507c5c9-10c6-53c3-86a2-425c7c2d1fd6,3b8df81a-ab7b-437a-812d-a692835ff9a9
221cd1b2-964c-546f-b80a-057fa67aa719,e256882e-b242-4076-be79-2bf1ed03f7fa
221cd1b2-964c-546f-b80a-057fa67aa719,eae93354-9f12-4402-a7b9-d374fac3daec
83b9bbb7-ebfa-5e62-930f-761458548a42,698d5731-e2e6-4cef-bce8-19cbefc6d8d0
83b9bbb7-ebfa-5e62-930f-761458548a42,849b5205-45cc-47ad-b518-808b497b7ee5
3ae731c3-9984-5e5a-89f7-7bc27b356ee5,698d5731-e2e6-4cef-bce8-19cbefc6d8d0
3ae731c3-9984-5e5a-89f7-7bc27b356ee5,c96c0331-606d-4cb9-bad1-639457499308
3ae731c3-9984-5e5a-89f7-7bc27b356ee5,849b5205-45cc-47ad-b518-808b497b7ee5
a6a2c075-767e-5587-9d05-35f4478da457,698d5731-e2e6-4cef-bce8-19cbefc6d8d0
a6a2c075-767e-5587-9d05-35f4478da457,c96c0331-606d-4cb9-bad1-639457499308
a6a2c075-767e-5587-9d05-35f4478da457,849b5205-45cc-47ad-b518-808b497b7ee5
16ba3c0f-a08f-50af-9091-a3ffaa04c344,698d5731-e2e6-4cef-bce8-19cbefc6d8d0
16ba3c0f-a08f-50af-9091-a3ffaa04c344,3482820a-71a3-4b72-8375-b3b6c7a1dd49
16ba3c0f-a08f-50af-9091-a3ffaa04c344,849b5205-45cc-47ad-b518-808b497b7ee5
7ac0796b-8b9c-5783-9385-1d0402238196,849b5205-45cc-47ad-b518-808b497b7ee5
7ac0796b-8b9c-5783-9385-1d0402238196,53381e7d-b28a-47d9-9635-4995d838af4a
7aaa2adb-0d86-569c-be35-e60d0052ec30,20f9edbe-a4ae-4fea-a0f8-c04423ffd6de
7aaa2adb-0d86-569c-be35-e60d0052ec30,c96c0331-606d-4cb9-bad1-639457499308
3c7e0c39-dc05-5478-bd80-125426a7d929,d4e388b2-48ae-4f2e-96bb-cb734ddc5c33
3c7e0c39-dc05-5478-bd80-125426a7d929,5616ed6b-b823-44d9-b66d-aec168301b7e
3c7e0c39-dc05-5478-bd80-125426a7d929,437b0947-8395-469d-b78c-aa1ab7c70c2d
3c7e0c39-dc05-5478-bd80-125426a7d929,e256882e-b242-4076-be79-2bf1ed03f7fa
3c7e0c39-dc05-5478-bd80-125426a7d929,eae93354-9f12-4402-a7b9-d374fac3daec
5fb0d3a8-50e2-55e2-b362-a8d1a61e187f,8cff1021-5d71-4c95-aef0-f9204c21796b
5fb0d3a8-50e2-55e2-b362-a8d1a61e187f,849b5205-45cc-47ad-b518-808b497b7ee5
5fb0d3a8-50e2-55e2-b362-a8d1a61e187f,53381e7d-b28a-47d9-9635-4995d838af4a
c8750b61-122f-50c9-8331-851c1a9e3169,20f9edbe-a4ae-4fea-a0f8-c04423ffd6de
c8750b61-122f-50c9-8331-851c1a9e3169,c96c0331-606d-4cb9-bad1-639457499308
54b37012-b1ef-5563-9aa4-c003b1798641,698d5731-e2e6-4cef-bce8-19cbefc6d8d0
54b37012-b1ef-5563-9aa4-c003b1798641,849b5205-45cc-47ad-b518-808b497b7ee5
5915492f-88da-5fe1-a996-539cbd525521,5616ed6b-b823-44d9-b66d-aec168301b7e
5915492f-88da-5fe1-a996-539cbd525521,437b0947-8395-469d-b78c-aa1ab7c70c2d
d7e22860-53a2-5551-b2cc-3b75f46d2df4,e256882e-b242-4076-be79-2bf1ed03f7fa
deaa7ab7-ca21-573f-abf8-aa26bf5944c4,e256882e-b242-4076-be79-2bf1ed03f7fa
deaa7ab7-ca21-573f-abf8-aa26bf5944c4,eae93354-9f12-4402-a7b9-d374fac3daec
55415131-cb69-5141-b495-bb75d65a50c4,437b0947-8395-469d-b78c-aa1ab7c70c2d
55415131-cb69-5141-b495-bb75d65a50c4,698d5731-e2e6-4cef-bce8-19cbefc6d8d0
55415131-cb69-5141-b495-bb75d65a50c4,8cff1021-5d71-4c95-aef0-f9204c21796b
55415131-cb69-5141-b495-bb75d65a50c4,e256882e-b242-4076-be79-2bf1ed03f7fa
55415131-cb69-5141-b495-bb75d65a50c4,eae93354-9f12-4402-a7b9-d374fac3daec
55415131-cb69-5141-b495-bb75d65a50c4,3482820a-71a3-4b72-8375-b3b6c7a1dd49
55415131-cb69-5141-b495-bb75d65a50c4,849b5205-45cc-47ad-b518-808b497b7ee5
55415131-cb69-5141-b495-bb75d65a50c4,e334bac8-5b52-482a-8f58-25cd67accf14
55415131-cb69-5141-b495-bb75d65a50c4,53381e7d-b28a-47d9-9635-4995d838af4a
7c0a3ca2-0450-5ad4-83c4-405332f46256,437b0947-8395-469d-b78c-aa1ab7c70c2d
7c0a3ca2-0450-5ad4-83c4-405332f46256,e256882e-b242-4076-be79-2bf1ed03f7fa
7c0a3ca2-0450-5ad4-83c4-405332f46256,eae93354-9f12-4402-a7b9-d374fac3daec
dafa98e4-890f-5f39-9811-f80437f35d99,e256882e-b242-4076-be79-2bf1ed03f7fa
dafa98e4-890f-5f39-9811-f80437f35d99,eae93354-9f12-4402-a7b9-d374fac3daec
1115f83b-1756-56c9-a244-624b70623b17,849b5205-45cc-47ad-b518-808b497b7ee5
722727a4-85a1-536f-b440-ce381d6ce1ab,c96c0331-606d-4cb9-bad1-639457499308
054a70b4-b4fe-5bf3-9969-db4d3ff64a32,437b0947-8395-469d-b78c-aa1ab7c70c2d
054a70b4-b4fe-5bf3-9969-db4d3ff64a32,e256882e-b242-4076-be79-2bf1ed03f7fa
054a70b4-b4fe-5bf3-9969-db4d3ff64a32,eae93354-9f12-4402-a7b9-d374fac3daec
054a70b4-b4fe-5bf3-9969-db4d3ff64a32,3482820a-71a3-4b72-8375-b3b6c7a1dd49
054a70b4-b4fe-5bf3-9969-db4d3ff64a32,e334bac8-5b52-482a-8f58-25cd67accf14
8bf0e3a9-6ca2-5149-a5af-21a6199702d8,437b0947-8395-469d-b78c-aa1ab7c70c2d
8bf0e3a9-6ca2-5149-a5af-21a6199702d8,3b8df81a-ab7b-437a-812d-a692835ff9a9
8bf0e3a9-6ca2-5149-a5af-21a6199702d8,53381e7d-b28a-47d9-9635-4995d838af4a
e9484e34-a739-565d-9885-29a120ab124c,53381e7d-b28a-47d9-9635-4995d838af4a
9a9829f0-9585-5685-8dfb-73a462fd4b49,20f9edbe-a4ae-4fea-a0f8-c04423ffd6de
9a9829f0-9585-5685-8dfb-73a462fd4b49,c96c0331-606d-4cb9-bad1-639457499308
069cdc7b-63aa-58a9-9264-353eceef92dc,20f9edbe-a4ae-4fea-a0f8-c04423ffd6de
069cdc7b-63aa-58a9-9264-353eceef92dc,e334bac8-5b52-482a-8f58-25cd67accf14
069cdc7b-63aa-58a9-9264-353eceef92dc,849b5205-45cc-47ad-b518-808b497b7ee5
9efed94f-ed27-588d-bd40-eacec99c7a05,3482820a-71a3-4b72-8375-b3b6c7a1dd49
9efed94f-ed27-588d-bd40-eacec99c7a05,e334bac8-5b52-482a-8f58-25cd67accf14
b3203a95-debb-580e-b22b-5b328a9a65d5,e334bac8-5b52-482a-8f58-25cd67accf14
b7afb0d4-686b-5a7a-b716-504a19bc9194,e334bac8-5b52-482a-8f58-25cd67accf14
d8511a31-1afe-533d-922e-83c3dfe4cd48,849b5205-45cc-47ad-b518-808b497b7ee5
d86afb3a-5fc4-535c-bb5b-3e84d268cc00,849b5205-45cc-47ad-b518-808b497b7ee5
a80cd5df-66df-5076-838d-896790eefcc6,698d5731-e2e6-4cef-bce8-19cbefc6d8d0
a80cd5df-66df-5076-838d-896790eefcc6,c96c0331-606d-4cb9-bad1-639457499308
a943b0d0-91a9-58cb-b454-752bd1c5ad38,20f9edbe-a4ae-4fea-a0f8-c04423ffd6de
a943b0d0-91a9-58cb-b454-752bd1c5ad38,e334bac8-5b52-482a-8f58-25cd67accf14
a943b0d0-91a9-58cb-b454-752bd1c5ad38,849b5205-45cc-47ad-b518-808b497b7ee5
844ef9ac-e1e2-55d9-862d-c3d6e62306fa,20f9edbe-a4ae-4fea-a0f8-c04423ffd6de
844ef9ac-e1e2-55d9-862d-c3d6e62306fa,e334bac8-5b52-482a-8f58-25cd67accf14
844ef9ac-e1e2-55d9-862d-c3d6e62306fa,849b5205-45cc-47ad-b518-808b497b7ee5
e66393b8-2697-55dd-9571-16fb93d037e9,e256882e-b242-4076-be79-2bf1ed03f7fa
e66393b8-2697-55dd-9571-16fb93d037e9,3b8df81a-ab7b-437a-812d-a692835ff9a9
e66393b8-2697-55dd-9571-16fb93d037e9,849b5205-45cc-47ad-b518-808b497b7ee5
e770587d-30ba-59d7-b2b7-16007abc9148,437b0947-8395-469d-b78c-aa1ab7c70c2d
e770587d-30ba-59d7-b2b7-16007abc9148,e256882e-b242-4076-be79-2bf1ed03f7fa
e770587d-30ba-59d7-b2b7-16007abc9148,eae93354-9f12-4402-a7b9-d374fac3daec
91918789-4617-55b3-95b8-52517810579c,e256882e-b242-4076-be79-2bf1ed03f7fa
91918789-4617-55b3-95b8-52517810579c,eae93354-9f12-4402-a7b9-d374fac3daec
91918789-4617-55b3-95b8-52517810579c,e334bac8-5b52-482a-8f58-25cd67accf14
e5a3b309-f37f-5c40-9b75-6df06393ebd0,698d5731-e2e6-4cef-bce8-19cbefc6d8d0
e5a3b309-f37f-5c40-9b75-6df06393ebd0,849b5205-45cc-47ad-b518-808b497b7ee5
ac7eab39-3ef0-5e29-a5da-6b64dcd40adf,437b0947-8395-469d-b78c-aa1ab7c70c2d
ac7eab39-3ef0-5e29-a5da-6b64dcd40adf,e256882e-b242-4076-be79-2bf1ed03f7fa
ac7eab39-3ef0-5e29-a5da-6b64dcd40adf,eae93354-9f12-4402-a7b9-d374fac3daec
ac7eab39-3ef0-5e29-a5da-6b64dcd40adf,3482820a-71a3-4b72-8375-b3b6c7a1dd49
dbaa0954-4527-541d-a742-08db5640899b,20f9edbe-a4ae-4fea-a0f8-c04423ffd6de
dbaa0954-4527-541d-a742-08db5640899b,e334bac8-5b52-482a-8f58-25cd67accf14
9aa270d4-a98f-526b-aa8b-aa75a96e90fe,437b0947-8395-469d-b78c-aa1ab7c70c2d
9aa270d4-a98f-526b-aa8b-aa75a96e90fe,e256882e-b242-4076-be79-2bf1ed03f7fa
9aa270d4-a98f-526b-aa8b-aa75a96e90fe,eae93354-9f12-4402-a7b9-d374fac3daec
fbe0c4fe-003a-578f-b841-9fb2585f8a02,437b0947-8395-469d-b78c-aa1ab7c70c2d
fbe0c4fe-003a-578f-b841-9fb2585f8a02,e256882e-b242-4076-be79-2bf1ed03f7fa
fbe0c4fe-003a-578f-b841-9fb2585f8a02,eae93354-9f12-4402-a7b9-d374fac3daec
3f40143f-2f99-50ed-add0-7a902b786ded,849b5205-45cc-47ad-b518-808b497b7ee5
3f40143f-2f99-50ed-add0-7a902b786ded,53381e7d-b28a-47d9-9635-4995d838af4a
d0b9a9d9-32e0-5036-89ca-fb8f6cf984fb,849b5205-45cc-47ad-b518-808b497b7ee5
d0b9a9d9-32e0-5036-89ca-fb8f6cf984fb,53381e7d-b28a-47d9-9635-4995d838af4a
a5b67f63-7add-5cbc-83e8-9bc3f2b28805,849b5205-45cc-47ad-b518-808b497b7ee5
a5b67f63-7add-5cbc-83e8-9bc3f2b28805,53381e7d-b28a-47d9-9635-4995d838af4a
aed0af0c-69d3-505f-9511-d6655eca60a0,20f9edbe-a4ae-4fea-a0f8-c04423ffd6de
aed0af0c-69d3-505f-9511-d6655eca60a0,e334bac8-5b52-482a-8f58-25cd67accf14
aed0af0c-69d3-505f-9511-d6655eca60a0,849b5205-45cc-47ad-b518-808b497b7ee5
1a09e4a1-3feb-53e3-bc69-c8b12b4cccad,20f9edbe-a4ae-4fea-a0f8-c04423ffd6de
1a09e4a1-3feb-53e3-bc69-c8b12b4cccad,e334bac8-5b52-482a-8f58-25cd67accf14
1a09e4a1-3feb-53e3-bc69-c8b12b4cccad,849b5205-45cc-47ad-b518-808b497b7ee5
3c52b385-b2d6-58e5-af26-9852057daebf,20f9edbe-a4ae-4fea-a0f8-c04423ffd6de
3c52b385-b2d6-58e5-af26-9852057daebf,e334bac8-5b52-482a-8f58-25cd67accf14
3c52b385-b2d6-58e5-af26-9852057daebf,849b5205-45cc-47ad-b518-808b497b7ee5
f019adc7-e4fe-57b6-a516-456844304b70,437b0947-8395-469d-b78c-aa1ab7c70c2d
f019adc7-e4fe-57b6-a516-456844304b70,e256882e-b242-4076-be79-2bf1ed03f7fa
f019adc7-e4fe-57b6-a516-456844304b70,eae93354-9f12-4402-a7b9-d374fac3daec
f019adc7-e4fe-57b6-a516-456844304b70,3482820a-71a3-4b72-8375-b3b6c7a1dd49
65be5cfb-7832-59f5-9592-53291df645f3,5616ed6b-b823-44d9-b66d-aec168301b7e
65be5cfb-7832-59f5-9592-53291df645f3,e256882e-b242-4076-be79-2bf1ed03f7fa
65be5cfb-7832-59f5-9592-53291df645f3,3482820a-71a3-4b72-8375-b3b6c7a1dd49
78066ac8-d656-54a5-bce4-e54745496e35,e256882e-b242-4076-be79-2bf1ed03f7fa
78066ac8-d656-54a5-bce4-e54745496e35,eae93354-9f12-4402-a7b9-d374fac3daec
78066ac8-d656-54a5-bce4-e54745496e35,3482820a-71a3-4b72-8375-b3b6c7a1dd49
177efa7e-c0bd-5965-bf5a-52af16b2f4b2,437b0947-8395-469d-b78c-aa1ab7c70c2d
177efa7e-c0bd-5965-bf5a-52af16b2f4b2,e256882e-b242-4076-be79-2bf1ed03f7fa
177efa7e-c0bd-5965-bf5a-52af16b2f4b2,3b8df81a-ab7b-437a-812d-a692835ff9a9
413ad3e1-c83d-514a-b840-874f2e96e514,849b5205-45cc-47ad-b518-808b497b7ee5
b6fb24a8-451c-5e08-8b69-1fc6e8ece238,d57cb37b-2f4c-4ea6-bd36-d7cd4a1bd589
b6fb24a8-451c-5e08-8b69-1fc6e8ece238,d4e388b2-48ae-4f2e-96bb-cb734ddc5c33
b6fb24a8-451c-5e08-8b69-1fc6e8ece238,5616ed6b-b823-44d9-b66d-aec168301b7e
b6fb24a8-451c-5e08-8b69-1fc6e8ece238,437b0947-8395-469d-b78c-aa1ab7c70c2d
b6fb24a8-451c-5e08-8b69-1fc6e8ece238,e256882e-b242-4076-be79-2bf1ed03f7fa
b6fb24a8-451c-5e08-8b69-1fc6e8ece238,eae93354-9f12-4402-a7b9-d374fac3daec
b6fb24a8-451c-5e08-8b69-1fc6e8ece238,3482820a-71a3-4b72-8375-b3b6c7a1dd49
1e399806-b614-5b7c-82f7-7ee7607eaf37,437b0947-8395-469d-b78c-aa1ab7c70c2d
1e399806-b614-5b7c-82f7-7ee7607eaf37,e256882e-b242-4076-be79-2bf1ed03f7fa
1e399806-b614-5b7c-82f7-7ee7607eaf37,eae93354-9f12-4402-a7b9-d374fac3daec
b05648d5-7ea8-5a1c-9458-9f95ae47200d,8cff1021-5d71-4c95-aef0-f9204c21796b
3865e524-e840-5444-9f84-e583f471e420,8cff1021-5d71-4c95-aef0-f9204c21796b
