id,created_at,updated_at,food_id,name,unit_code,grams
c9510fd0-e394-5bd3-8ceb-186832a8c39e,,,ca4f1e31-4c1b-5959-8d72-08b6263a2ec8,100g phần,GRAM,100.0
5bad629b-3f36-56a8-9062-89123cc096f4,,,ca4f1e31-4c1b-5959-8d72-08b6263a2ec8,1 bar,GRAM,60.0
0ea082dd-c974-5dca-9b10-b25cba701d6e,,,9ce1979e-f3b2-5142-b0ea-ec2f1f48ae8d,100g phần,GRAM,100.0
ef59e1aa-fec3-5166-ab08-fc3aaa527e3e,,,9ce1979e-f3b2-5142-b0ea-ec2f1f48ae8d,1 bar,GRAM,60.0
2c9ba63d-69f1-5b37-828b-85fbb3a2e610,,,131914c8-25cf-5ea0-a7e4-8dc991ec324d,100g phần,GRAM,100.0
6a300675-962e-5673-8867-31e1661bf1c2,,,131914c8-25cf-5ea0-a7e4-8dc991ec324d,9.4 oz,GRAM,266.0
4f6679d5-22bd-5fcd-8b9c-141d44abe9d7,,,d3113079-3a67-564f-b8e4-ab36b1b258a8,100g phần,GRAM,100.0
0b2bc0cc-c953-5de4-94bd-0f1d606e6baa,,,d3113079-3a67-564f-b8e4-ab36b1b258a8,1 oz,GRAM,28.0
199c66b5-2668-552d-ac69-560632d3ce32,,,55eaf86d-cb89-57ac-bae7-4c5c1db8a029,100g phần,GRAM,100.0
7f1b96d2-0056-56b9-b642-01817c3424b7,,,55eaf86d-cb89-57ac-bae7-4c5c1db8a029,0.25 tsp,GRAM,1.0
17b3b49c-b85b-5685-8270-752c790b7694,,,e15d4169-f98a-5492-a4f4-54370db8a94c,100g phần,GRAM,100.0
b40b3a52-6e8c-55fc-8422-70a2ffa83cd4,,,e15d4169-f98a-5492-a4f4-54370db8a94c,1 burrito,GRAM,450.0
47043ad6-7019-5818-991b-2bc794d68a17,,,322546f3-fbf9-5190-b329-a98713a8d39a,100g phần,GRAM,100.0
c9cfdc6e-43e1-5e1a-a978-db63a61b99bf,,,322546f3-fbf9-5190-b329-a98713a8d39a,2 tbsp,GRAM,30.0
7a2c19b9-4b79-5a90-9355-f958e232804b,,,725cc2de-f079-50ac-bb8e-498d6fc6b556,100g phần,GRAM,100.0
ab0b1cca-efb4-51d0-8034-0f2520e29d10,,,725cc2de-f079-50ac-bb8e-498d6fc6b556,3 oz,GRAM,85.0
20685774-a1c4-5c6b-8576-09b4a7845c5a,,,0e106c42-9193-5c78-a288-75a63a595a46,100g phần,GRAM,100.0
1e19d6ee-004d-50b7-a989-c930e72f459f,,,0e106c42-9193-5c78-a288-75a63a595a46,1 cup,GRAM,160.0
68ac5130-5e87-57f2-be57-58d39e96ab34,,,4cecc136-4f33-5632-818d-f5fbfb8cc126,100g phần,GRAM,100.0
79bb262c-1cda-599c-9869-4035fef67681,,,4cecc136-4f33-5632-818d-f5fbfb8cc126,4 oz,GRAM,113.4
5dc8bca2-6027-5f92-b0ca-6430aae04ba5,,,faf9ac36-54bc-5e42-bfa4-3ee27488db3f,100g phần,GRAM,100.0
7b07d342-d21b-5bd7-b8d6-8590b169f34d,,,faf9ac36-54bc-5e42-bfa4-3ee27488db3f,1 medium,GRAM,66.0
08490a3f-ab59-5382-af6e-292288297798,,,0b98400f-3ff8-526c-9800-2b51b4ef7766,100g phần,GRAM,100.0
a43da7f8-d3a3-5eab-a955-968aee627a2e,,,0b98400f-3ff8-526c-9800-2b51b4ef7766,1 medium plantain,GRAM,180.0
5f6ceaf5-e3c2-56c1-9b2b-e78f3900c8df,,,1f11df47-3965-5c03-8f79-b202f9854e0d,100g phần,GRAM,100.0
de5c88a8-605f-586c-a7d7-8dff1246de5b,,,1f11df47-3965-5c03-8f79-b202f9854e0d,5 crackers,GRAM,30.0
b9412293-a6e5-5d37-ad48-b89bd0ec6cf4,,,36485cd4-1516-58f0-8def-26d3a43828e5,100g phần,GRAM,100.0
05ffbb6a-dc62-5b08-9ca0-a323ea8ae84e,,,36485cd4-1516-58f0-8def-26d3a43828e5,2 oz,GRAM,56.7
c1ffce0f-1fd3-58ab-a8c5-d1386d9dbba3,,,145031a7-0b87-5d82-abff-a9b43583d6dd,100g phần,GRAM,100.0
099d46ca-a8bb-56e4-85e1-458a8c5c3962,,,145031a7-0b87-5d82-abff-a9b43583d6dd,1 medium,GRAM,150.0
3520c768-3258-570e-aed4-312d2f21cc2b,,,b18b95ba-6190-5304-87e9-658c00074cad,100g phần,GRAM,100.0
e8693ee0-2eaa-5bb9-bd1b-b248984fcea6,,,b18b95ba-6190-5304-87e9-658c00074cad,1 cup,GRAM,30.0
8c588502-70e0-5d36-b6d0-32f72d46201d,,,4a881fe2-4246-598c-8ccc-a6ddf7b6ffe8,100g phần,GRAM,100.0
93ff0d53-9a4b-54fe-80b3-9a1d550abe87,,,4a881fe2-4246-598c-8ccc-a6ddf7b6ffe8,8 oz,GRAM,227.0
948aeb3a-6455-551c-b0b0-e1c8510063d0,,,4d5f26ec-be55-58a8-9000-f3b423f7a4dc,100g phần,GRAM,100.0
fa177a7b-1b46-556a-84ad-180e0b7d07b8,,,4d5f26ec-be55-58a8-9000-f3b423f7a4dc,1 oz,GRAM,28.0
90956aac-2ec9-50cf-a1b5-6ea13ac87610,,,9d9fb6a7-bdc6-5c06-af71-abc280061e7b,100g phần,GRAM,100.0
225b4b81-8cfa-5985-a86d-b614bea3dbd2,,,9d9fb6a7-bdc6-5c06-af71-abc280061e7b,1 cup,GRAM,240.0
e5a17b94-1526-51d6-a587-a273f512e155,,,dc85a8e4-375b-5515-b513-2e133c39d2ca,100g phần,GRAM,100.0
b1d13b1e-954e-5099-8c9f-21ea5a0f4ef3,,,dc85a8e4-375b-5515-b513-2e133c39d2ca,1 cup,GRAM,85.0
38453fd3-5dd6-5be0-be7e-d3bdc932a059,,,a5df4470-7bd5-5721-b22a-442d3a1554c8,100g phần,GRAM,100.0
5cab5e6c-1ace-51a7-9f7a-2255fce4712a,,,a5df4470-7bd5-5721-b22a-442d3a1554c8,0.5 cup,GRAM,50.0
7383fcd9-e9da-592f-a936-6f89cbe3fc5c,,,04a72d96-3b77-527f-806e-bb0265ae49d1,100g phần,GRAM,100.0
7a59b569-f2ab-51af-b534-69d871616b5f,,,04a72d96-3b77-527f-806e-bb0265ae49d1,0.25 cup,GRAM,50.0
efe5fbc8-05e7-5f6b-9bf9-c17080a9090e,,,c2373f90-4902-58ec-9445-1b26ea6bb52b,100g phần,GRAM,100.0
4f441272-3746-5591-8e02-ee8942522a80,,,c2373f90-4902-58ec-9445-1b26ea6bb52b,1 tsp,GRAM,2.0
2c2983ed-bbb7-5b7a-90b9-87d12aec165e,,,8254f370-4ae0-51e8-a6b4-9e324f277c2c,100g phần,GRAM,100.0
ad9cca76-95e8-5983-b302-a0e3fd2027ae,,,8254f370-4ae0-51e8-a6b4-9e324f277c2c,2 tbsp,GRAM,30.0
bc4ef5ff-a98c-5eaa-8a44-359e8a2077f6,,,cf3cacbb-3136-5c13-8179-bf4ece4d5a09,100g phần,GRAM,100.0
696b9571-bf1f-54a2-8879-f37025188fe5,,,cf3cacbb-3136-5c13-8179-bf4ece4d5a09,0.25 cup,GRAM,35.0
69556dc3-9ad2-5cda-83dd-d50bf23675e1,,,8d985684-7ebc-5b98-819f-509dc2cfb329,100g phần,GRAM,100.0
7eb24c9b-2bff-5fdd-a5d6-a263bf723b52,,,8d985684-7ebc-5b98-819f-509dc2cfb329,8 oz,GRAM,240.0
2c143262-c604-5ea6-802b-b62c92d2cc85,,,0ef37926-8203-531d-8462-02986bfb0ccc,100g phần,GRAM,100.0
de8070f8-4823-5b1f-84ee-f1683aec4b8b,,,0ef37926-8203-531d-8462-02986bfb0ccc,1 cup,GRAM,240.0
b00ddefd-8bed-50f5-a927-1903dc28afb8,,,86e22caf-406f-52fc-b28e-f080d953cd88,100g phần,GRAM,100.0
b058c19c-7aec-5dba-840f-fa21b1b04dee,,,86e22caf-406f-52fc-b28e-f080d953cd88,1 tsp,GRAM,2.3
0d0926dc-acd3-5ef6-aa04-5afbb39078b0,,,7fa53836-54b5-5617-8781-e209865cec64,100g phần,GRAM,100.0
060fd10e-636d-56d1-90da-f78a68aa0ca0,,,7fa53836-54b5-5617-8781-e209865cec64,1 oz,GRAM,28.0
503214e8-52e3-542f-9043-4126ac03de75,,,6abedd56-dc74-5894-be52-2f482795ddf8,100g phần,GRAM,100.0
47dbec0d-0521-537c-b7a0-f54db2b6bd51,,,6abedd56-dc74-5894-be52-2f482795ddf8,0.5 cup,GRAM,80.0
8e6abbd4-0435-5f35-9eb1-8b5987b4edad,,,123535fb-3017-5375-8f3a-67d567b11b0a,100g phần,GRAM,100.0
e20fc653-8580-5e74-b01f-e10a675f91f2,,,123535fb-3017-5375-8f3a-67d567b11b0a,1 cup,GRAM,200.0
6f1be88d-e26c-5490-b681-2e854533b54c,,,97e37284-6257-52c0-b07c-60093624b7d2,100g phần,GRAM,100.0
60e3de0b-b42f-5346-9399-607ef562aa6c,,,97e37284-6257-52c0-b07c-60093624b7d2,1 biscuit,GRAM,60.0
11b4de6e-d80b-5e13-ab80-345e52f5896b,,,4b949b08-3138-5531-9574-1825731e6f76,100g phần,GRAM,100.0
e122580d-6fd5-5f1c-8467-dc511cf16060,,,4b949b08-3138-5531-9574-1825731e6f76,1 cup,GRAM,113.0
42baea36-c191-51f7-8da2-f344614c6875,,,a9b5c0fb-c54f-52cb-89db-d6eded1bd4b5,100g phần,GRAM,100.0
d07292fe-6d6a-5015-a1c8-997d1b3d4476,,,a9b5c0fb-c54f-52cb-89db-d6eded1bd4b5,1 hoagie,GRAM,300.0
8c3845c6-820b-517e-9ddb-e38f099d317b,,,aae96efd-55c4-58ac-94b3-616da9df7a15,100g phần,GRAM,100.0
8f7d36a6-3198-5f92-967f-8ba645fbbfbd,,,aae96efd-55c4-58ac-94b3-616da9df7a15,3 oz,GRAM,85.0
f09fc6a2-42d2-50f7-a75b-93288b3182d3,,,ef94cc76-d55f-58b7-8270-95a6810fe088,100g phần,GRAM,100.0
f28436c7-afcf-5275-96ae-b91e571f08f6,,,ef94cc76-d55f-58b7-8270-95a6810fe088,1 cup,GRAM,85.0
2a0ad76d-5fa0-5c54-b75b-ba3c17ded845,,,7d7457d0-ce2c-541d-a041-5ffb62472f63,100g phần,GRAM,100.0
7d42e903-dfd2-503d-84e9-f552f526cce5,,,7d7457d0-ce2c-541d-a041-5ffb62472f63,1 donut,GRAM,70.0
7a3431d7-c8b2-5e99-a544-8dc36d89f237,,,2d2b2f5e-86ee-5436-af56-4d862d83d3b6,100g phần,GRAM,100.0
f8d72a1f-ce7a-5b08-996e-e122f91db164,,,2d2b2f5e-86ee-5436-af56-4d862d83d3b6,1 slice,GRAM,30.0
c55b9d70-94f5-5468-9b5b-7dfe8c9b0738,,,2b8639f8-fb9b-5b5a-9b54-cd5d376f618f,100g phần,GRAM,100.0
cfd1b02d-cf12-54de-a9bd-2c55d6d80e94,,,2b8639f8-fb9b-5b5a-9b54-cd5d376f618f,1 tsp,GRAM,5.0
499087c9-538a-536c-b185-01a8434f164c,,,b784da4b-274c-5670-9410-ea138d7fb478,100g phần,GRAM,100.0
13d6ff12-316c-50bb-85f5-68fedf87a412,,,b784da4b-274c-5670-9410-ea138d7fb478,2 oz,GRAM,56.0
d391e478-4e60-5913-84d0-aba7c6057c6d,,,fc6b5c68-36fc-5411-9605-89e0be0e23cd,100g phần,GRAM,100.0
d2fdfefa-7325-5b85-8d15-f0fc774107a4,,,fc6b5c68-36fc-5411-9605-89e0be0e23cd,2 oz,GRAM,57.0
f5200f34-2978-5736-8889-6f6024ec82b1,,,666b0cb8-b396-5f3d-87e1-5a2f8a00bdc7,100g phần,GRAM,100.0
51db1c4e-4de8-5eff-939a-8858fc48f873,,,666b0cb8-b396-5f3d-87e1-5a2f8a00bdc7,1 piece,GRAM,60.0
50f50814-8e45-5d05-956e-2f2b579dc6ee,,,a12c1122-99f3-5314-babe-563ae0897ed4,100g phần,GRAM,100.0
d3391563-2960-5961-9bac-25c18971fab3,,,a12c1122-99f3-5314-babe-563ae0897ed4,2 oz,GRAM,56.0
7fdec1df-ab9a-51e3-b8fa-cc140a8df7c4,,,5bd95f2e-3ff1-5e3f-be3f-83e4a59e3936,100g phần,GRAM,100.0
5aa9a5ba-3a3f-506f-a36f-57cda6084c95,,,5bd95f2e-3ff1-5e3f-be3f-83e4a59e3936,1 cup,GRAM,240.0
5ae912b9-6607-547d-9930-b7c10df16fdf,,,e7959e52-9d05-52a3-8096-d445a4f57405,100g phần,GRAM,100.0
f402b74f-1c95-5f5b-9374-8546b33cd77a,,,e7959e52-9d05-52a3-8096-d445a4f57405,1 cup,GRAM,28.0
23c0dd50-bff6-5ed4-b457-3238b342d8ce,,,aa0b6e42-2846-5fcf-bfb2-0bd84cc1e263,100g phần,GRAM,100.0
393aaf9b-8f38-52f8-87ee-6f20b700ca89,,,aa0b6e42-2846-5fcf-bfb2-0bd84cc1e263,1 cup,GRAM,15.0
a4ea306d-6771-5a9e-8e03-e53b6702ac53,,,c433a78e-187b-50de-bd80-7623caae2f1f,100g phần,GRAM,100.0
d0ae9fe3-8595-55ea-bf91-06387dc21258,,,c433a78e-187b-50de-bd80-7623caae2f1f,12 oz,GRAM,355.0
70f594de-19f3-566c-8e73-1ba56ce576e5,,,e7e8a9a9-9a5f-540a-bfbe-34a9d1c727ff,100g phần,GRAM,100.0
e5b00fcd-d4fb-565a-be46-8f0fae56d3ec,,,e7e8a9a9-9a5f-540a-bfbe-34a9d1c727ff,1 tsp,GRAM,5.0
f15e2634-aa71-586a-b2d2-ce867d7de4cb,,,58d5374d-4937-5fcf-b9ce-8a3248923816,100g phần,GRAM,100.0
91078e0b-f9c2-58a8-8d68-f97430ea72bf,,,58d5374d-4937-5fcf-b9ce-8a3248923816,1 tbsp,GRAM,15.0
64508208-be77-5c5a-9db4-ffea61ad4080,,,a51b6b3d-2006-5707-8be4-1b535355e136,100g phần,GRAM,100.0
f4c0e42d-96c0-50d3-8de3-ae74c3258fb1,,,a51b6b3d-2006-5707-8be4-1b535355e136,16 cracker,GRAM,30.0
6c6687eb-9cf6-508d-96b1-b0191fadb2df,,,a27cbba5-772c-5483-9a7a-a65bbaac063b,100g phần,GRAM,100.0
f5fa2147-33b4-53e8-a456-e840544b843a,,,a27cbba5-772c-5483-9a7a-a65bbaac063b,1 cup,GRAM,80.0
d1f320c4-03c0-552d-befa-92d0f5166991,,,5cb1132e-b98e-5433-8d38-e8d52b6ab53d,100g phần,GRAM,100.0
46b43300-9c25-5792-bd61-535e49b92716,,,5cb1132e-b98e-5433-8d38-e8d52b6ab53d,1 cup,GRAM,238.0
3e8730e3-3a66-5c50-8635-09ca2bf61c5c,,,b32261ac-ec0e-566c-9317-5bb3ecf82b7f,100g phần,GRAM,100.0
13f5c40e-3780-5681-8a62-6d96fdd2fa64,,,b32261ac-ec0e-566c-9317-5bb3ecf82b7f,0.5 cup,GRAM,50.0
de74a7b7-101a-5212-92e7-aeca8af21573,,,5dd055fe-ae94-5cbf-a60e-ac3b5ad9c556,100g phần,GRAM,100.0
17ceb6c5-8b19-5598-ba35-093b56390472,,,5dd055fe-ae94-5cbf-a60e-ac3b5ad9c556,2 tbsp,GRAM,30.0
6b628134-b5c6-55aa-a61f-1775016f73e4,,,1e6bbc12-34e3-5537-a420-b8bb8c28696f,100g phần,GRAM,100.0
07242f8f-fa01-5d5e-a8cf-7e9f388ba364,,,1e6bbc12-34e3-5537-a420-b8bb8c28696f,1 oz,GRAM,30.0
74f3236d-0b1d-5cd7-b259-f3ccee5a9540,,,c8a7721b-c98d-5568-b6ef-4e9ea050dc5d,100g phần,GRAM,100.0
d4fad3c3-7965-501d-8a19-477ae18afffc,,,c8a7721b-c98d-5568-b6ef-4e9ea050dc5d,2 tbsp,GRAM,30.0
a3ee5b01-5f76-5be2-abab-c8c4d9d66b8d,,,60fcbcbf-c07d-52c0-9fff-988796ffb77e,100g phần,GRAM,100.0
4f3bc403-2276-557f-9131-d67a7eff188e,,,60fcbcbf-c07d-52c0-9fff-988796ffb77e,3 oz,GRAM,85.0
8ff1ebe6-ca15-5bbc-b598-f0122afc6a35,,,c8875897-a5e3-5243-a4a0-6ed36fa4e2b9,100g phần,GRAM,100.0
567254ca-0ab6-5e6f-8d7f-91c4d8af5154,,,c8875897-a5e3-5243-a4a0-6ed36fa4e2b9,1 cup,GRAM,200.0
5624fe73-1b7e-5db9-991a-2fb715a3f1cd,,,815ee63e-5427-56cb-978c-d11ab3fd598c,100g phần,GRAM,100.0
8d0c117c-af4a-50f6-8e22-25b2eb4e6093,,,815ee63e-5427-56cb-978c-d11ab3fd598c,4 oz,GRAM,113.0
ee6c2454-94af-5af7-9f34-755ff20ff874,,,c7361307-fdf4-5917-97fc-606815953fec,100g phần,GRAM,100.0
d92db8a6-4d1d-55a4-9002-2ca54fd182bd,,,c7361307-fdf4-5917-97fc-606815953fec,3 oz,GRAM,85.0
b1e5e79a-92df-5498-a964-eb76eae17fcb,,,4ac172bd-5da8-5b71-851c-cb412f66116d,100g phần,GRAM,100.0
8aa136da-64da-55fe-97be-bbee2dfd7a4e,,,4ac172bd-5da8-5b71-851c-cb412f66116d,1 tsp,GRAM,2.5
95b8dd85-a90b-5906-b8c7-16eef5674709,,,85a5e8cb-cd05-5473-8aeb-65936681903d,100g phần,GRAM,100.0
a8a723c6-e4b4-525e-94c3-9cf42dccbe4e,,,85a5e8cb-cd05-5473-8aeb-65936681903d,3 tbsp,GRAM,39.0
fed9771c-7373-5961-9ed4-79a8231551e1,,,9d773efa-cb33-54da-9d8a-dccfc2d9510d,100g phần,GRAM,100.0
a5db1673-381c-5994-9ad4-9a2977ccb4f1,,,9d773efa-cb33-54da-9d8a-dccfc2d9510d,0.5 cup,GRAM,85.0
d367b99f-669e-5022-86ce-96bba3f36f5a,,,ae4e5bbe-3776-5b44-905a-fe6891e75233,100g phần,GRAM,100.0
72620f82-9272-5eca-9c90-abc684ca6553,,,ae4e5bbe-3776-5b44-905a-fe6891e75233,3 oz,GRAM,85.0
e316f100-0d83-5f40-8108-bf257d8ad638,,,6decab57-f4ac-594b-990a-80d99cf1e569,100g phần,GRAM,100.0
92ebf8ae-7bc2-5dab-b897-a097c81371b8,,,6decab57-f4ac-594b-990a-80d99cf1e569,1 piece,GRAM,163.0
afc7246f-d480-5c9c-a076-ac98cab71e79,,,02497181-292e-5eea-9da6-5f169b5b5ef8,100g phần,GRAM,100.0
037a2b7e-79fc-5f83-bcab-edbaffa761a8,,,02497181-292e-5eea-9da6-5f169b5b5ef8,1 piece,GRAM,11.0
17f95d9c-e5c0-5269-85aa-83db76184c83,,,be641a58-2a66-5ac5-81d9-91c0b1c1383f,100g phần,GRAM,100.0
1f5debcc-bebb-5e22-9ec2-28328d3327b0,,,be641a58-2a66-5ac5-81d9-91c0b1c1383f,0.5 cup,GRAM,56.0
78fae00e-b178-5380-949f-d065d4f700a5,,,c8fdb2e2-1eaa-5934-8595-2e36956b7624,100g phần,GRAM,100.0
d603511a-9d67-547c-a931-178e8a8aa3a2,,,c8fdb2e2-1eaa-5934-8595-2e36956b7624,1 oz,GRAM,28.0
619b5e4c-b8c1-59f6-b0c9-519145a85b1f,,,a792cd6d-45a2-5e70-bd20-8525ffcbb6ec,100g phần,GRAM,100.0
7b4343ad-9f73-516e-a064-7cf9238891fa,,,a792cd6d-45a2-5e70-bd20-8525ffcbb6ec,13 pieces,GRAM,30.0
2442c227-6b03-5f8c-a015-13601dad5e38,,,b8c80b48-fab4-5688-ad52-996d9c7db7e0,100g phần,GRAM,100.0
dfc16ee4-05ea-5bf6-b31d-75a38f5f1ce8,,,b8c80b48-fab4-5688-ad52-996d9c7db7e0,5.3 oz,GRAM,150.0
67df3b3d-8dcd-5908-80f5-d0f670330dfc,,,ead29556-9909-504a-9b6d-3943fa21bac9,100g phần,GRAM,100.0
b41f383c-b579-53b2-a611-5786224504f4,,,ead29556-9909-504a-9b6d-3943fa21bac9,1 cup,GRAM,245.0
8e052e85-ee3c-58af-b219-02ddcc070e8b,,,c948ceff-f5fa-5fa1-909d-7d21148c172c,100g phần,GRAM,100.0
4b1cd907-4585-5cdb-8d82-b19ff995dd2f,,,c948ceff-f5fa-5fa1-909d-7d21148c172c,0.25 cup,GRAM,40.0
b9bd8a4a-cc7e-559a-9cc4-41058cbdf446,,,6d47e36d-c9ca-5f09-bc46-d63ab42c958e,100g phần,GRAM,100.0
20841d93-5dcf-5e34-b186-616e4874b0d9,,,6d47e36d-c9ca-5f09-bc46-d63ab42c958e,2 tbsp,GRAM,32.0
71bf8afe-e3e2-55e9-bd1b-78433e27edfd,,,49477e9a-013b-5578-8833-3d1ff9ebac45,100g phần,GRAM,100.0
ccafc4e3-7aaa-54da-8fd6-3f5e59603afd,,,49477e9a-013b-5578-8833-3d1ff9ebac45,2 tbsp,GRAM,30.0
6ab65abc-e6df-5a95-b4e8-68c6abe19917,,,4211ade0-09a4-5fc7-ae0d-7924b1345d6f,100g phần,GRAM,100.0
a70d65ed-762e-5de3-b676-573c8b89e175,,,4211ade0-09a4-5fc7-ae0d-7924b1345d6f,2 tbsp,GRAM,33.0
4e1ec66d-2a4a-5be8-81fd-cf822c53a720,,,7816804f-68ee-5576-9092-4d8ea3df1c06,100g phần,GRAM,100.0
0d25dd79-4d56-54e2-bb2c-ff28552e325a,,,7816804f-68ee-5576-9092-4d8ea3df1c06,1.6 oz,GRAM,47.0
7d4fdc1e-0d4a-5f6e-b33b-8fb258cee66c,,,30090e68-3b76-5b78-bae9-21e98e964a34,100g phần,GRAM,100.0
c232a2fa-4b9a-5e3e-8c19-5919f039d666,,,30090e68-3b76-5b78-bae9-21e98e964a34,2 oz,GRAM,57.0
7c718852-142a-57a2-92f7-ae73ff7f5d4b,,,e0fd6c73-5fdf-52ea-bb82-722809dbd10b,100g phần,GRAM,100.0
d9d31923-b21f-511b-b302-401bc5bb36b3,,,e0fd6c73-5fdf-52ea-bb82-722809dbd10b,2 oz,GRAM,56.0
ed116837-d9cd-5fa0-86bf-6f143d6f73da,,,4dc69e73-5b6c-5b3d-8200-cf98b17e731e,100g phần,GRAM,100.0
514c2e59-6d76-5d10-905f-5be8541046c4,,,4dc69e73-5b6c-5b3d-8200-cf98b17e731e,3 oz,GRAM,85.0
b27dff2b-46fe-565b-a9fe-bb3a8dac5074,,,4bad4c0f-227f-5c5d-9343-4f4daac331a7,100g phần,GRAM,100.0
88408763-ae0c-51d3-91c6-56c2a12e8d20,,,4bad4c0f-227f-5c5d-9343-4f4daac331a7,1 fruit,GRAM,76.0
5d56e9c6-3223-5f06-b97a-62d5c511fc83,,,f2c4c218-d384-5f5b-a8c8-849ed5aba6b9,100g phần,GRAM,100.0
9818f680-2c4b-5a98-9f93-cdd0b7a31589,,,f2c4c218-d384-5f5b-a8c8-849ed5aba6b9,1 tsp,GRAM,2.0
bcfcab7a-27a1-5329-84e1-7b46823b953a,,,5c1968e0-7d4d-5d62-9298-b6de01fef528,100g phần,GRAM,100.0
c5fc301a-fd25-5b36-a2a2-7a0605679d02,,,5c1968e0-7d4d-5d62-9298-b6de01fef528,2 oz,GRAM,56.0
df61ff04-699e-54e2-8038-e8e7eaa28a86,,,ea34e937-706f-5cf6-b824-550ffd069528,100g phần,GRAM,100.0
3859daa6-21a5-5e26-845c-5cb4b9665345,,,ea34e937-706f-5cf6-b824-550ffd069528,2 tbsp,GRAM,4.0
54e7b9ea-382c-5e94-bad1-9848ba8103a8,,,b51f69b4-4136-595a-9817-4e80e5d382cb,100g phần,GRAM,100.0
dca1b403-c8c2-5ee7-8b6b-7edebf4e8227,,,b51f69b4-4136-595a-9817-4e80e5d382cb,1 tsp,GRAM,2.3
d43bed5b-bdb4-5773-8c9e-89699160f89e,,,9984d51a-4527-5811-8bcd-df86fa758dac,100g phần,GRAM,100.0
e01f4a60-fa02-5136-b773-97e674d77550,,,9984d51a-4527-5811-8bcd-df86fa758dac,1 medium beet,GRAM,82.0
f70fbb2e-db6b-5d0a-91bb-8408666addaa,,,59557c7e-cdfa-5e41-a413-0011aa94b440,100g phần,GRAM,100.0
9e95d53e-717d-57b2-a892-9adbc252efa4,,,59557c7e-cdfa-5e41-a413-0011aa94b440,2 oz,GRAM,56.0
9845a7e3-cbbc-5169-9110-e4a610049b9c,,,c2d948b6-1e6f-5d8b-bed2-c57a69349774,100g phần,GRAM,100.0
21029e82-2bfe-5499-9e49-1261bf3f6761,,,c2d948b6-1e6f-5d8b-bed2-c57a69349774,1.5 fl oz,GRAM,44.0
cc9bad17-6155-57f2-8625-77ca1d69e678,,,28bb5ce6-b186-5eb6-888b-fb3f718c63de,100g phần,GRAM,100.0
4d71c988-c777-5dc2-a557-f2586452eaaa,,,28bb5ce6-b186-5eb6-888b-fb3f718c63de,1 oz,GRAM,28.0
5f405b08-8a9a-50f4-b323-40de90e35d12,,,9d32744b-54a1-5369-9c3a-cc2d6736a617,100g phần,GRAM,100.0
3e020f56-e4da-58cc-948f-3fb5c4a9c57b,,,9d32744b-54a1-5369-9c3a-cc2d6736a617,1 fruit,GRAM,235.0
4f0f70fe-8dba-5e25-8919-76d23d93850d,,,bf7281cb-8cc4-5525-9785-9ed820e1a7d1,100g phần,GRAM,100.0
a9561db6-f697-5959-a630-481c2bddf585,,,bf7281cb-8cc4-5525-9785-9ed820e1a7d1,3.5 oz,GRAM,100.0
c190edc5-6dd2-5961-8938-96759878f366,,,8bf56443-1377-5ed5-a63e-097d3f291474,100g phần,GRAM,100.0
4ff84ca7-af0b-519b-b571-db7066f4b731,,,8bf56443-1377-5ed5-a63e-097d3f291474,0.9 oz,GRAM,25.0
d054a391-24c1-542a-b088-65be7771d6a3,,,42cf05ef-7f91-511e-99c8-463b6cfdbd08,100g phần,GRAM,100.0
2c8fbebc-03ee-539b-929b-20e68967f8f5,,,42cf05ef-7f91-511e-99c8-463b6cfdbd08,1 bar,GRAM,80.0
b3b6cfd7-fadb-5113-97e3-8ddf7c9ae393,,,bf2fb7e3-145c-595a-af45-c23bb53b3e0c,100g phần,GRAM,100.0
8feb1718-55b1-5957-9f9f-839b5a99f4fe,,,bf2fb7e3-145c-595a-af45-c23bb53b3e0c,1 oz,GRAM,28.0
6be929ab-00b9-551e-b043-fdd261b1bb4a,,,8fea30da-ba2a-5855-a425-718506953d39,100g phần,GRAM,100.0
da22ad30-70ad-5675-ac4b-8ef98977f1e6,,,8fea30da-ba2a-5855-a425-718506953d39,1 cup,GRAM,28.0
6961155d-728b-594b-a26e-b39a3f893d68,,,02bceec6-ba41-5f6c-ba3d-aaecdd28bd9e,100g phần,GRAM,100.0
5b9be0f4-0a68-552b-8030-607d905072f4,,,02bceec6-ba41-5f6c-ba3d-aaecdd28bd9e,1 oz,GRAM,28.0
8cc15a90-a67c-5ef0-8ee4-cbae7908932d,,,569fa075-b0e3-5754-9110-bca535827468,100g phần,GRAM,100.0
b7464feb-f94a-57ed-afce-49f7077fa484,,,569fa075-b0e3-5754-9110-bca535827468,1 cup,GRAM,116.0
51618749-d437-5bd3-8733-b3e004e572be,,,6829b135-d596-5ec2-af1a-ecc9a95c17be,100g phần,GRAM,100.0
4f217956-1343-50c3-89ee-ac7f610dd111,,,6829b135-d596-5ec2-af1a-ecc9a95c17be,1 oz,GRAM,28.0
ae3a651a-0f0f-52d9-a87d-625fa8e656b9,,,2ab21b8f-30de-5dad-a69b-75927ea42095,100g phần,GRAM,100.0
8652a314-ca62-55f7-950d-1a82fdbc60b1,,,2ab21b8f-30de-5dad-a69b-75927ea42095,1 enchilada,GRAM,141.0
13d9ee50-24de-599b-88a4-7514de8d3374,,,4ea0ccab-6d62-582e-8bd1-c1fb46d4b709,100g phần,GRAM,100.0
2479dfbe-7ff1-5115-b62e-654e86e08a12,,,4ea0ccab-6d62-582e-8bd1-c1fb46d4b709,1 oz,GRAM,28.35
56a9f4a1-e80b-59be-ae0f-f337d4b9342a,,,bef026e6-8d1b-5289-a372-d7f683151129,100g phần,GRAM,100.0
d9225627-3c5a-5fab-a421-6793da22a856,,,bef026e6-8d1b-5289-a372-d7f683151129,1 oz,GRAM,28.0
89eb51c3-f890-5db5-a4ce-e866df1ec6b3,,,a8aadd46-98c2-54f6-a343-274f9ae5befb,100g phần,GRAM,100.0
dd6c8131-fb91-5141-893e-9dcbba837364,,,a8aadd46-98c2-54f6-a343-274f9ae5befb,0.5 oz,GRAM,15.0
8f41687b-e08e-5319-a4ac-6c3ea8410469,,,208c3832-6b24-53a5-b469-6ef21e6cb1ab,100g phần,GRAM,100.0
b6e4e509-9e9c-584b-9847-ce24e0a0c1c5,,,208c3832-6b24-53a5-b469-6ef21e6cb1ab,1 medium,GRAM,66.0
3585bddc-a7a8-5695-a2f4-7cbabb1b5777,,,b486612d-9d46-55cc-9493-783e85272f66,100g phần,GRAM,100.0
7099adc3-c4fc-58d6-b8c0-48ddc7c0182f,,,b486612d-9d46-55cc-9493-783e85272f66,4 large marshmallows,GRAM,28.0
05bf235e-eed8-5c1e-83d6-55d267bd1870,,,febf1f79-dcbc-5e40-926f-e46c617504c7,100g phần,GRAM,100.0
914e3aeb-fb21-5639-a36c-233ae4fd62fd,,,febf1f79-dcbc-5e40-926f-e46c617504c7,3 oz,GRAM,85.0
9d922523-c1f2-5106-8776-1934e8dbce23,,,e87a99c2-fed2-53da-b0ea-b9f924f6a93b,100g phần,GRAM,100.0
ad62c246-336b-53e9-b065-f0db6c04ffe1,,,e87a99c2-fed2-53da-b0ea-b9f924f6a93b,2 oz,GRAM,57.0
20c85263-c3cf-53ac-ad7d-ace50550c35b,,,8e97e875-27cb-5751-8464-aff1d0e4e4c9,100g phần,GRAM,100.0
e18766e6-5f30-59d1-8a9b-c7aef0288be3,,,8e97e875-27cb-5751-8464-aff1d0e4e4c9,1 bar,GRAM,28.0
7ec6bead-d058-5273-aa1c-cec44e955cd4,,,95587531-c99d-5a72-bf20-2dcbf249faf5,100g phần,GRAM,100.0
da5e69b8-59e6-50cd-b58a-d08b59af801a,,,95587531-c99d-5a72-bf20-2dcbf249faf5,1 piece,GRAM,60.0
d5a61977-7e56-5def-a349-0eb24d34dc8c,,,5ca2baf1-4acd-5c1d-b339-a8bfbbaa86d2,100g phần,GRAM,100.0
5d12b7e9-c85c-58d9-9018-bb7b977b4c0f,,,5ca2baf1-4acd-5c1d-b339-a8bfbbaa86d2,1 oz,GRAM,28.35
cea2596a-b2bb-568b-afd7-7e61ff8a49f5,,,e12611d6-77f7-5e9a-9f8b-0850de1f0a2b,100g phần,GRAM,100.0
e0ea4d66-9c83-5317-a310-3ebe476c4db8,,,e12611d6-77f7-5e9a-9f8b-0850de1f0a2b,1 tbsp,GRAM,8.0
ab5d7cd5-1974-5d15-99af-cc3612a44444,,,579f82ea-3dcf-5948-b41d-8c19a7ceb940,100g phần,GRAM,100.0
037b7ca8-3b4b-59c0-a7e5-42f1666ca0ab,,,579f82ea-3dcf-5948-b41d-8c19a7ceb940,1 tsp,GRAM,0.5
b882f404-a781-5eeb-a76a-c0dd850701e0,,,8a6400b9-88e6-50f3-9d4e-59c49a3574ac,100g phần,GRAM,100.0
5a9e8c83-fe66-591c-8f7f-8f7ff0e57e0d,,,8a6400b9-88e6-50f3-9d4e-59c49a3574ac,1 cup,GRAM,70.0
1c486e96-85ba-5583-98a1-c4d35373a9a6,,,4a102735-cffe-5093-bb78-0e78a57e6304,100g phần,GRAM,100.0
3d61bb60-3d03-5724-b652-3546e7da967d,,,4a102735-cffe-5093-bb78-0e78a57e6304,1 roll,GRAM,78.0
0e52fd9b-e3ab-57aa-bfa6-6e5cb7b6b351,,,4a65557b-602b-5faa-b6fc-eda8f4abf3ba,100g phần,GRAM,100.0
79da66b1-8d7f-5784-b6cd-b8e773adbcb3,,,4a65557b-602b-5faa-b6fc-eda8f4abf3ba,1 cup,GRAM,240.0
739b03db-6f1d-572a-a59f-98ffa12f6927,,,ccedefb6-31f2-5e2d-8593-89f02fd2adf7,100g phần,GRAM,100.0
d833bbc0-34ec-5f49-92de-2bbae1d656f3,,,ccedefb6-31f2-5e2d-8593-89f02fd2adf7,1 oz,GRAM,28.0
1e6cdadb-eaac-5750-a0e9-3621fb830fc9,,,ad2b36e6-13b6-589f-aa80-464dcc224185,100g phần,GRAM,100.0
bf377fd9-8cf6-5d49-8772-3e14b4794041,,,ad2b36e6-13b6-589f-aa80-464dcc224185,4 tbsp,GRAM,60.0
03c146a5-65db-5f3a-afd2-b594bdf34c1d,,,6d2b0437-d459-52fd-b852-b8b9dba74497,100g phần,GRAM,100.0
9952f9ef-698a-51e4-b995-0dbea7efa8d2,,,6d2b0437-d459-52fd-b852-b8b9dba74497,1 tsp,GRAM,2.0
6176892c-0173-53fe-b68a-a01efa86f3fd,,,c4145e2c-8611-5a55-860b-571d950f2f7f,100g phần,GRAM,100.0
3c7d57c1-15c7-5a18-be97-ca984fc8bacc,,,c4145e2c-8611-5a55-860b-571d950f2f7f,2 tbsp,GRAM,30.0
b42c253d-2587-5fa7-b958-423d584ebc4d,,,227ff969-2791-5e4a-9a3c-e84b3f755120,100g phần,GRAM,100.0
4e373d70-b22d-54db-97b9-2dc227eea061,,,227ff969-2791-5e4a-9a3c-e84b3f755120,3 oz,GRAM,85.0
ea58a027-42ff-5cbf-acb2-edaa893da398,,,d42ba839-2fdd-5fc9-9d72-7f2dcdc161d1,100g phần,GRAM,100.0
eb7a3fdc-d028-5dd5-b30c-94fca7f4807a,,,d42ba839-2fdd-5fc9-9d72-7f2dcdc161d1,3 oz,GRAM,85.0
db5d89e3-d9fc-5202-b9a4-0668c4904031,,,62794b26-f6f7-50a0-9459-043b9ea66b6e,100g phần,GRAM,100.0
6615eadf-5664-5168-abb0-66f31548b0ed,,,62794b26-f6f7-50a0-9459-043b9ea66b6e,0.5 cup,GRAM,50.0
ca6a74ab-d242-59e8-aa59-5822f8b004de,,,e2c4eb74-dcdc-5fcc-82c5-2001991481a7,100g phần,GRAM,100.0
b6e660c7-8677-55bb-be89-b7c96f4ab2a0,,,e2c4eb74-dcdc-5fcc-82c5-2001991481a7,1 tbsp,GRAM,2.0
6e929a23-9f2e-5415-9ff2-bfd34a1c84de,,,01e0ef40-d9b2-5bb0-87f2-0ca943939494,100g phần,GRAM,100.0
81605488-8ec4-5047-bf0b-c37006ea6130,,,01e0ef40-d9b2-5bb0-87f2-0ca943939494,1 roll,GRAM,51.0
fd3e6d76-2795-5019-ab06-b6fb36873c81,,,cb41a7f3-b540-5cb4-ac4a-2c897f49f4fb,100g phần,GRAM,100.0
b8711af2-348a-5db3-9d2f-5911b460c1f1,,,cb41a7f3-b540-5cb4-ac4a-2c897f49f4fb,4 oz,GRAM,113.4
3201f349-53fc-5e64-8745-bd74e2fe1160,,,dc373161-c211-5480-bc4e-27d5b1ef9153,100g phần,GRAM,100.0
c2bb0524-1419-527c-bb64-33232cf56e80,,,dc373161-c211-5480-bc4e-27d5b1ef9153,4 cracker,GRAM,28.0
df69ed50-ff3d-5be5-946e-97eeca1b394a,,,3013dbf6-2d94-5506-9ccd-c822d094551b,100g phần,GRAM,100.0
84ab269a-1759-536d-8702-febd90cd4e83,,,3013dbf6-2d94-5506-9ccd-c822d094551b,1 oz,GRAM,28.0
d2f4ee25-686d-5345-b620-dadb37fb4588,,,29969af8-8fe8-54b6-8803-f21a7a2c98dd,100g phần,GRAM,100.0
ae872bb3-4db3-5b4b-aa61-8477f9e39362,,,29969af8-8fe8-54b6-8803-f21a7a2c98dd,0.33 cup,GRAM,45.0
d40d498e-1dea-526a-8b00-9c32931e0b9d,,,0e6a88e6-c44c-5b82-a12b-f64407e5cd1d,100g phần,GRAM,100.0
7a095c51-2400-597e-a7a8-f5f93736fd15,,,0e6a88e6-c44c-5b82-a12b-f64407e5cd1d,0.5 cup,GRAM,50.0
61cb65c0-d409-5c35-9541-406560aa5dd7,,,1e3e48d3-cbda-5373-9576-6e1835f82d05,100g phần,GRAM,100.0
d2779e08-96e9-5b18-8463-6333de02335c,,,1e3e48d3-cbda-5373-9576-6e1835f82d05,1 oz,GRAM,28.35
00641ee4-0f71-5423-8eac-9f5dd0666751,,,5db3b7df-6730-55b4-8acd-0bdcdcafeafe,100g phần,GRAM,100.0
4b5becfd-0c13-5e3c-8b40-f6399c342746,,,5db3b7df-6730-55b4-8acd-0bdcdcafeafe,1 bar,GRAM,46.0
06065ef9-0d04-512a-82ae-2738e41b25cd,,,4c61ff81-711b-52a6-b2d6-26cfd2c424a1,100g phần,GRAM,100.0
6de27d5c-b0f6-5e43-a993-8fc75818c559,,,4c61ff81-711b-52a6-b2d6-26cfd2c424a1,1 cup,GRAM,116.0
1f636b89-7dc8-51c1-a630-5cd08dad7ed4,,,5108554e-94e8-58ec-be39-cfa7fb081703,100g phần,GRAM,100.0
4786cd18-692e-5329-81ff-daad3d1e179b,,,5108554e-94e8-58ec-be39-cfa7fb081703,2 tbsp,GRAM,28.0
2b033047-cb7e-500a-9390-96b7421224f9,,,b8d8caea-c32b-5445-b665-1d8eedece1ee,100g phần,GRAM,100.0
d9d07d84-7b4b-5ee8-827e-e53fc424404b,,,b8d8caea-c32b-5445-b665-1d8eedece1ee,1 bar,GRAM,42.0
e2f04199-6dcb-56e0-ba7c-3ef5f5db622e,,,6e705f2b-7f39-5a6b-977c-868928b42e18,100g phần,GRAM,100.0
5ef993cd-c744-5a77-92db-250a8758921a,,,6e705f2b-7f39-5a6b-977c-868928b42e18,2 oz,GRAM,57.0
0cb795a5-fb6b-5d9f-bfed-a48b75981975,,,3171b7eb-f288-5f65-bcbc-d33b0a51af7a,100g phần,GRAM,100.0
85421987-e1b8-5499-963c-ab049cfd2976,,,3171b7eb-f288-5f65-bcbc-d33b0a51af7a,1 cup,GRAM,36.0
3af45557-d169-515d-b29e-b534dd4559d9,,,2edf722d-f515-5e9b-be22-cd0381f60c20,100g phần,GRAM,100.0
040bad10-5d00-5237-b863-cb7bf18f0162,,,2edf722d-f515-5e9b-be22-cd0381f60c20,2 tbsp,GRAM,30.0
b944b9f3-bf8b-5fbd-92bc-eae2b8e45521,,,440942e2-3b72-57ad-881f-8cf116ac840e,100g phần,GRAM,100.0
e181c213-a17c-55df-9c1a-c7bf2f5a59ef,,,440942e2-3b72-57ad-881f-8cf116ac840e,1 oz,GRAM,28.35
d56e95ba-992c-575c-a36b-6ad46351f267,,,ca0f5d0b-f723-579c-b733-93452ea68ab9,100g phần,GRAM,100.0
18b699ce-560d-597f-bae1-351358e0ed31,,,ca0f5d0b-f723-579c-b733-93452ea68ab9,1 slice,GRAM,30.0
0fd42114-f1c6-5931-958e-7eec6697e321,,,3fe094a1-ca6a-5e9a-80fc-a62481094378,100g phần,GRAM,100.0
e2a24a45-2b2d-5cf6-af3d-677181c04e57,,,3fe094a1-ca6a-5e9a-80fc-a62481094378,1 oz,GRAM,28.0
26f1a0c9-4169-5f62-b55e-b7d1cf7ac715,,,f4054697-9522-5349-8951-9710b408201a,100g phần,GRAM,100.0
db310d7e-a6b7-538d-a513-4afff94c79ad,,,f4054697-9522-5349-8951-9710b408201a,1 oz,GRAM,28.0
9448894c-fd33-59be-a590-7b93c553b475,,,d5b0bb7b-e78d-5c17-a416-0d82e908dc7f,100g phần,GRAM,100.0
81b561df-2eeb-5aee-b76d-847fd9c306ea,,,d5b0bb7b-e78d-5c17-a416-0d82e908dc7f,1 cup,GRAM,245.0
2450fb6f-f242-5b65-8946-9cb099cbfe86,,,b3fa3d06-27eb-57b6-8524-42205a5f3451,100g phần,GRAM,100.0
49dd568b-ea17-57c1-bc5a-b1f0eb0f9cb1,,,b3fa3d06-27eb-57b6-8524-42205a5f3451,12 fl oz,GRAM,355.0
461a820b-5324-5035-ae3a-fdf2243a51c3,,,dfedec70-c18f-52e3-9524-4f320db04e47,100g phần,GRAM,100.0
a0751c16-e300-5888-88fe-02fa390ba19a,,,dfedec70-c18f-52e3-9524-4f320db04e47,4.6 oz,GRAM,130.0
f6aca725-648f-564a-a217-4a63d5ce4880,,,1336ce52-016a-5ced-8cd7-53fb16bee287,100g phần,GRAM,100.0
0bf6d8b6-c0e1-573b-8da9-666c0d5167fe,,,1336ce52-016a-5ced-8cd7-53fb16bee287,7 pieces,GRAM,40.0
3d0792ef-4bd5-5a09-bef8-f4409fd3f17f,,,2d98d82a-a358-5216-8325-a8e6ed4185ff,100g phần,GRAM,100.0
ee9311a5-46bc-577c-ab02-4e489bc5e7a9,,,2d98d82a-a358-5216-8325-a8e6ed4185ff,5 fl oz,GRAM,150.0
e1c4efe3-fdf2-5156-ab86-401db0a0718d,,,b133a9c1-cc40-5434-8e0c-eff4ac3d7edc,100g phần,GRAM,100.0
cc4d78fd-ab66-5ca5-b492-eb230e2de076,,,b133a9c1-cc40-5434-8e0c-eff4ac3d7edc,12 fl oz,GRAM,355.0
5c2d6d81-73bb-5ac5-936b-18b67228b7a9,,,8076decc-6bfb-5ed0-9fb5-fa542ddc71fa,100g phần,GRAM,100.0
db7448e1-6ed8-5de6-bdfa-54a48880114f,,,8076decc-6bfb-5ed0-9fb5-fa542ddc71fa,1 tsp,GRAM,2.0
a5ae4d45-92b2-5d48-ba72-56a5266dd937,,,b7722e17-1fff-5d59-829b-c2abe8453f0f,100g phần,GRAM,100.0
c24648e8-29e9-5619-9309-47702c89724c,,,b7722e17-1fff-5d59-829b-c2abe8453f0f,2 tbsp,GRAM,30.0
677cb591-247d-50c9-a864-7a7f5d2c5505,,,6344cbc3-99c8-5c4d-b527-69e4b032b338,100g phần,GRAM,100.0
b44e37eb-b390-5931-b3d8-302ec17a9faa,,,6344cbc3-99c8-5c4d-b527-69e4b032b338,0.5 cup,GRAM,130.0
6e4ed2f3-b16b-511b-be41-1b203dfa7504,,,0d4c6ab1-7096-55f7-9afd-032492fa70b7,100g phần,GRAM,100.0
8b947835-9989-59bf-8824-9543b89ae401,,,0d4c6ab1-7096-55f7-9afd-032492fa70b7,1 cup,GRAM,16.0
c0d8e27a-1685-5e22-b941-0f13b5a19719,,,6017c1f1-e29d-5fbc-be3b-290305545fb9,100g phần,GRAM,100.0
befb7486-2fb8-5b36-85c9-305edb4bf3b8,,,6017c1f1-e29d-5fbc-be3b-290305545fb9,1 plate,GRAM,200.0
ee8f1012-5631-5ea6-991e-f2621f43b612,,,e56481a7-b74b-5ee1-b683-a62f1800c193,100g phần,GRAM,100.0
e389797d-f213-51bd-b3c6-3e8243a768ff,,,e56481a7-b74b-5ee1-b683-a62f1800c193,12 fl oz,GRAM,355.0
f0c24f07-9c93-561a-b8df-1bf35cb78490,,,14ad8aa2-9f82-577a-9368-d3ae08dc868f,100g phần,GRAM,100.0
855416a6-575e-5acf-b406-ca2f18ec7fff,,,14ad8aa2-9f82-577a-9368-d3ae08dc868f,6 stick,GRAM,172.0
577afe6e-063b-5c5a-9f2a-e943ea6adb17,,,68453aca-c362-55c1-9149-c8e4bff92fe1,100g phần,GRAM,100.0
f72a802c-11e0-50a7-a747-a5cd86b4affe,,,68453aca-c362-55c1-9149-c8e4bff92fe1,2 tbsp,GRAM,30.0
67420d90-89df-50d1-bd89-d384ae6c9d8b,,,239b0c33-6bde-5477-b40f-825f0ad01ff0,100g phần,GRAM,100.0
761811c6-8bb8-584a-b45b-502303863a82,,,239b0c33-6bde-5477-b40f-825f0ad01ff0,1 tbsp,GRAM,5.0
d8d3253a-7157-5ce2-aecb-c40ccd7af30a,,,a122f9d4-db87-5cfa-8251-456b04f7f0d9,100g phần,GRAM,100.0
4798cc95-a852-548e-b8b4-97a894df6526,,,a122f9d4-db87-5cfa-8251-456b04f7f0d9,1 tbsp,GRAM,15.0
3bbb4abb-9730-55db-b657-4ad0263f14e3,,,5cfe404f-d05e-5609-9cc9-451b703181d1,100g phần,GRAM,100.0
840bd2cd-03ea-5e23-afb8-2213dab0a672,,,5cfe404f-d05e-5609-9cc9-451b703181d1,1 oz,GRAM,28.0
25d37b60-88f1-5ebb-b633-85593f97f751,,,e9fae140-a648-5e15-8406-178382614407,100g phần,GRAM,100.0
aa41f939-7e67-50be-acfc-59eb606ea321,,,e9fae140-a648-5e15-8406-178382614407,0.25 tsp,GRAM,0.6
e5652dc7-3a3a-5b17-8fc6-59b9d1b5ae94,,,c02b89f8-4aad-557a-a00b-31dbb888a6ef,100g phần,GRAM,100.0
ee43bf56-7005-5663-88d0-caf88a6ec523,,,c02b89f8-4aad-557a-a00b-31dbb888a6ef,1 cup,GRAM,235.0
1e47706b-4280-58a9-8e5c-3250cdba0519,,,84f17cbc-fd1d-5056-b9a5-a9dc9cecbf05,100g phần,GRAM,100.0
aaece273-0545-5e93-966c-a37adf7efcf0,,,84f17cbc-fd1d-5056-b9a5-a9dc9cecbf05,1 oz,GRAM,28.0
20c11a78-1ac6-55b1-8c06-48aba1c9eaec,,,dd37ce9c-8585-56f7-b60f-a5ceb196fd29,100g phần,GRAM,100.0
650010e6-3360-5f7b-8ba1-0e155303ac70,,,dd37ce9c-8585-56f7-b60f-a5ceb196fd29,1 cracker,GRAM,10.0
0ad5eca8-6db0-5277-a7f3-78fc8b205009,,,df3623c4-e625-5153-ba75-c15965437af2,100g phần,GRAM,100.0
8739da6e-6234-5279-a494-804f17fcd31a,,,df3623c4-e625-5153-ba75-c15965437af2,1 oz,GRAM,28.0
bcad4ea3-89c5-5a7b-b82e-f7edc1ce4076,,,82bc8b10-98f3-5bbd-b1cb-1094dde66f3c,100g phần,GRAM,100.0
f08b00b3-038c-5192-81ba-0763dca1dd27,,,82bc8b10-98f3-5bbd-b1cb-1094dde66f3c,0.5 cup,GRAM,80.0
92013ac9-8031-58d2-a139-fdc97b33b3f5,,,b7f3b70c-a330-550c-8f7e-5ccd2bb97c1c,100g phần,GRAM,100.0
e8583b8b-2f60-5fdc-b077-757886bd1915,,,b7f3b70c-a330-550c-8f7e-5ccd2bb97c1c,1 medium,GRAM,40.0
e15e8b89-1281-5bd1-bab4-5b69d53b51fc,,,d9a5231a-b6d3-51b4-943d-67644983ade7,100g phần,GRAM,100.0
4b7d83f4-14de-5640-8d36-187284798acf,,,d9a5231a-b6d3-51b4-943d-67644983ade7,6 oz,GRAM,170.0
c8110769-b2f6-517d-a725-99a1634e804f,,,8c6b6eae-d2bc-5d69-89f4-d202f9b0cd46,100g phần,GRAM,100.0
fd2859e3-2393-5b09-9908-0fd2123344ca,,,8c6b6eae-d2bc-5d69-89f4-d202f9b0cd46,0.33 cup,GRAM,30.0
2fbc0df1-51ae-523e-9742-d9f76e267022,,,6486f26e-6d76-5ba3-872f-43184405c8ac,100g phần,GRAM,100.0
5951e506-7f9a-5ad5-84dc-86ba2980c758,,,6486f26e-6d76-5ba3-872f-43184405c8ac,2 tbsp,GRAM,30.0
2d113f00-6370-5133-9224-a5d2fd680512,,,1f2319b4-85d5-5b50-8d1f-c33d54a5a93d,100g phần,GRAM,100.0
2ea8a7b6-5557-5bbb-9666-0d79305d44b0,,,1f2319b4-85d5-5b50-8d1f-c33d54a5a93d,1.5 oz,GRAM,44.0
2b139788-f8ac-57fe-b610-642b54bcbb0e,,,bb0d923c-7d74-5c50-9730-510224ba34e8,100g phần,GRAM,100.0
ea527099-582d-55a8-907a-456cbd16fec3,,,bb0d923c-7d74-5c50-9730-510224ba34e8,1 tbsp,GRAM,18.0
69a74bf7-4792-52be-aa43-e17b9ae8f033,,,d9abccae-1cc8-5ee9-8bc9-673b13d26d75,100g phần,GRAM,100.0
3ead25af-7fcd-5e2a-a523-76ea40aef316,,,d9abccae-1cc8-5ee9-8bc9-673b13d26d75,2 oz,GRAM,56.0
a3b09a8e-c70f-57ea-ae65-dabd811360a9,,,28f98ea7-eada-5c83-8bdd-8e38b93e8dbf,100g phần,GRAM,100.0
4aaf164a-0171-5fe6-bd23-b9e41f652f06,,,28f98ea7-eada-5c83-8bdd-8e38b93e8dbf,2 oz,GRAM,57.0
030c2d78-fe38-5c09-bcee-05bd01770bf4,,,5b452e44-a9f3-526d-9ece-00baf9ed8634,100g phần,GRAM,100.0
65931378-1702-50fa-94aa-a09dbfa12c34,,,5b452e44-a9f3-526d-9ece-00baf9ed8634,1 oz,GRAM,28.0
6f40fc2f-f609-526c-9502-5fb4d2468b73,,,3f7252d2-9684-5c23-9650-8c16b970a76a,100g phần,GRAM,100.0
c9b0e4d7-5297-5674-9983-21a1341a863f,,,3f7252d2-9684-5c23-9650-8c16b970a76a,2 tbsp,GRAM,15.0
1905d0b0-cb68-516c-a703-50dd38dc4521,,,26891105-b608-518e-b453-119b49d55d28,100g phần,GRAM,100.0
52b6d7a7-dd34-5186-ad2a-71bacb662d93,,,26891105-b608-518e-b453-119b49d55d28,1 oz,GRAM,28.0
38d0f498-3b75-5560-9463-a3b0797e7bee,,,6278adcb-992a-532a-bb52-31151a6c22ec,100g phần,GRAM,100.0
47dcafc4-5aea-5790-ad04-96da94a83c4a,,,6278adcb-992a-532a-bb52-31151a6c22ec,1 oz,GRAM,28.0
2046a113-52ee-51b4-91f8-fc228446614f,,,48a2f482-2ab8-5d0f-b51c-b52d6e379eae,100g phần,GRAM,100.0
73f53779-5847-50a8-86cc-3bfeb3110f17,,,48a2f482-2ab8-5d0f-b51c-b52d6e379eae,1 cup,GRAM,240.0
ae948337-36c1-5c05-965e-7634ff056448,,,c0f98679-f0e2-5034-8d16-de1b71f5cf18,100g phần,GRAM,100.0
dd7677be-84b6-5a46-9923-893c6e6ba84d,,,c0f98679-f0e2-5034-8d16-de1b71f5cf18,1 cup,GRAM,136.0
37572069-d534-5c42-8857-3986fde88af6,,,140cd03e-6f50-53c0-80ba-5c23ae499612,100g phần,GRAM,100.0
21e0db5a-7ef1-53b2-b3d6-4891889308f7,,,140cd03e-6f50-53c0-80ba-5c23ae499612,0.75 cup,GRAM,150.0
775c1587-e0bc-5358-823d-0d169d4c44a1,,,d2fd7de9-261d-541a-96e0-c56657432963,100g phần,GRAM,100.0
94da109c-01a2-5bdf-9477-aeb4102e73b5,,,d2fd7de9-261d-541a-96e0-c56657432963,1 tbsp,GRAM,20.0
1a04a481-3c02-50f1-ade7-9a1d0b475119,,,19860636-b6de-5767-be04-cb5e584950ea,100g phần,GRAM,100.0
890c5622-a406-573a-9c0f-805f74735d26,,,19860636-b6de-5767-be04-cb5e584950ea,1 oz,GRAM,28.0
3a17cb07-65aa-5d75-bbb0-9c23caa07a48,,,db788cc7-2421-57af-8499-a59c75e94b85,100g phần,GRAM,100.0
5e078b34-a213-5ecf-9c2e-7099944f096d,,,db788cc7-2421-57af-8499-a59c75e94b85,1 tbsp,GRAM,15.0
a4bf45ab-b3fc-5f8a-b619-09cbca2438ae,,,68499b62-427a-5e9b-8c2c-ac2ebb414481,100g phần,GRAM,100.0
b15330c7-c640-5ecf-a7e9-cb6c3cfbaa86,,,68499b62-427a-5e9b-8c2c-ac2ebb414481,1 cup,GRAM,55.0
f8b3f96d-58b8-54a9-b39f-5ab0f0c43196,,,0b3846fa-1ffe-5a41-8f40-05d8fd971d6c,100g phần,GRAM,100.0
935d9232-5e69-5e99-9508-734923a40131,,,0b3846fa-1ffe-5a41-8f40-05d8fd971d6c,1 tsp,GRAM,5.0
887a5632-248b-5058-8341-5d00f3fdf905,,,18bdaae9-3821-5325-a275-b9074442bec0,100g phần,GRAM,100.0
0a5e17a4-068a-54f5-9e81-02a5540e55c7,,,18bdaae9-3821-5325-a275-b9074442bec0,1 bar,GRAM,45.0
cc974f54-e560-569d-9ffc-7c45eb7cca73,,,75c61cd1-844c-5f3b-9e29-636f5cd6cf73,100g phần,GRAM,100.0
342b94b6-685a-50fa-a185-cfc537dedded,,,75c61cd1-844c-5f3b-9e29-636f5cd6cf73,0.5 cup,GRAM,120.0
cf244427-ea3b-5e66-9728-02c17ea9ca4d,,,0f58f9be-5191-52f3-8d7e-5603b34a531f,100g phần,GRAM,100.0
0c523be3-7398-5933-8283-10f8d93ecf6b,,,0f58f9be-5191-52f3-8d7e-5603b34a531f,1 tsp,GRAM,5.0
e18d871d-6d6e-57d6-9a07-54c4d8adbeb5,,,d6d91f82-563a-56af-8391-4a1923bb29d4,100g phần,GRAM,100.0
90936852-4617-57c7-9b4e-035073164070,,,d6d91f82-563a-56af-8391-4a1923bb29d4,1 oz,GRAM,28.0
b0a07d36-f5c2-5b86-8564-042e52007c22,,,ead66658-3b32-5030-9586-ac013ca5fe00,100g phần,GRAM,100.0
d48221b1-85a2-5b5f-a697-3bf4351fe95b,,,ead66658-3b32-5030-9586-ac013ca5fe00,2 oz,GRAM,56.0
737b3e50-1d92-5b50-8c97-341c3a7b5688,,,3857f8ac-492c-5ba1-a28e-0001fca01db1,100g phần,GRAM,100.0
01e4698d-4213-50fd-a139-1ecb9a425b89,,,3857f8ac-492c-5ba1-a28e-0001fca01db1,1 bowl,GRAM,400.0
66172dbe-eee3-5ff8-8d27-ea61f0942ded,,,c3f402ef-5d21-59e4-9528-98da22db398d,100g phần,GRAM,100.0
692a63fd-a604-5a36-9383-46b6b7d0fc02,,,c3f402ef-5d21-59e4-9528-98da22db398d,15 cracker,GRAM,28.0
c54f3ea0-07a3-50b9-b3c1-07108c4ad8d3,,,d245de26-8e72-514e-8431-9be3b504a91f,100g phần,GRAM,100.0
5492eaf3-1aed-592f-bc26-5fe9244af2d2,,,d245de26-8e72-514e-8431-9be3b504a91f,0.5 cup,GRAM,75.0
7cb6aec4-27e3-517c-b1e2-c1dd0539bf75,,,b0034c65-573c-55d3-88f3-d3e2ae443dfd,100g phần,GRAM,100.0
77b4f9a9-ab82-5a01-981f-d026e127d362,,,b0034c65-573c-55d3-88f3-d3e2ae443dfd,1 cup,GRAM,130.0
1e222e01-09d7-5d89-828f-fd6c3d5c591d,,,b67cc27d-7b65-53e9-b259-563c75073d45,100g phần,GRAM,100.0
858a89ae-1b39-54b2-9fbe-0bfd19be69c6,,,b67cc27d-7b65-53e9-b259-563c75073d45,1 tbsp,GRAM,3.0
cbb7c345-042d-592a-8334-1fcd27013637,,,a9b27a37-715d-5c09-9b26-3cf7434ec5c4,100g phần,GRAM,100.0
a34cd9c8-e47a-5286-9cd6-73940ef43aa4,,,a9b27a37-715d-5c09-9b26-3cf7434ec5c4,1 oz,GRAM,28.0
0f11f0fd-dfa1-50b4-b506-d459777ac1af,,,d595d51e-3569-56c4-ae71-ff8ad7b07134,100g phần,GRAM,100.0
d5e3b548-685a-5312-b481-f193266c3094,,,d595d51e-3569-56c4-ae71-ff8ad7b07134,0.25 cup,GRAM,30.0
141fe513-65c7-5a38-a8bf-b0ed5d63caf6,,,29420198-d4d8-5742-b0f9-2e5360dbc4fe,100g phần,GRAM,100.0
76ddaf06-d9f7-5a83-a6f1-264d765bae74,,,29420198-d4d8-5742-b0f9-2e5360dbc4fe,0.25 cup,GRAM,38.0
3316aa91-c011-52ad-8377-750e32880a47,,,bd966b73-2287-570d-8bc3-c7a123744878,100g phần,GRAM,100.0
e3fd9f45-2b3c-50ca-8c3b-49f11d05a5e4,,,bd966b73-2287-570d-8bc3-c7a123744878,1 scone,GRAM,80.0
85ff9554-7e96-518a-9112-2d906a76e98c,,,0bdc886d-946e-58cd-a248-77dbbf71d0cf,100g phần,GRAM,100.0
97c381cb-b23f-57da-8d6e-c2ae586f676a,,,0bdc886d-946e-58cd-a248-77dbbf71d0cf,1 cup,GRAM,240.0
f9fe164d-0e46-5fcb-9c32-6ae302a7437e,,,8df2ca62-047c-54e3-9f2c-13d3c01fe6aa,100g phần,GRAM,100.0
71b28954-a9ca-562f-ae51-aaaf8e2382c7,,,8df2ca62-047c-54e3-9f2c-13d3c01fe6aa,1 cup,GRAM,15.0
f10d50b5-48a7-54d7-9313-0476fd19dc96,,,32bbe42d-8dad-52d6-a6aa-9041bc666be4,100g phần,GRAM,100.0
7b1dec4f-a6f9-57e6-a3c8-efe65411de2d,,,32bbe42d-8dad-52d6-a6aa-9041bc666be4,1 cup,GRAM,178.0
25e99511-41da-5394-aba9-5183966212e7,,,652d387e-1e11-5cde-bd04-3089b4b4625d,100g phần,GRAM,100.0
957dec7e-0209-53ef-9ed7-969bfa85c631,,,652d387e-1e11-5cde-bd04-3089b4b4625d,1 fruit,GRAM,88.0
e9cdae0b-7269-5434-bd99-42f855f1f9b4,,,8a7208f2-0c29-5db1-be0c-a444e2af5517,100g phần,GRAM,100.0
4c96a560-2c7d-5e40-925c-98c26534e348,,,8a7208f2-0c29-5db1-be0c-a444e2af5517,1 oz,GRAM,28.0
435569ab-5a9a-558f-ab4e-2fc47337f8ab,,,a5c099c9-43b8-5f68-86a6-121059981289,100g phần,GRAM,100.0
cdcf7de2-596e-5eb6-84c2-7479ff295b9f,,,a5c099c9-43b8-5f68-86a6-121059981289,2 tbsp,GRAM,30.0
b73243c5-67c9-58c2-ad8c-38967dcdbc3b,,,dd40cfdb-8f93-55b8-98a2-6bd0a34be42a,100g phần,GRAM,100.0
feaba17d-ee9e-5a73-9a58-7055595b2a01,,,dd40cfdb-8f93-55b8-98a2-6bd0a34be42a,0.25 cup,GRAM,15.0
5693c525-6d39-505a-8f0d-ce5193dfca42,,,3fb8b7b4-cf93-523f-b084-12f2fda4ff17,100g phần,GRAM,100.0
105780bb-6d91-52af-8520-875c29510c52,,,3fb8b7b4-cf93-523f-b084-12f2fda4ff17,0.5 cup,GRAM,80.0
dd06ed1e-5ba9-5d4d-b5d0-b4b4c7de6fcd,,,dc9c495b-a417-59d9-a736-8404700f7e3b,100g phần,GRAM,100.0
d9b990b6-e3db-5c2a-b959-5d9733f627e3,,,dc9c495b-a417-59d9-a736-8404700f7e3b,1 tsp,GRAM,1.0
2dccebf3-8368-5b73-b05f-18e5100668d4,,,e13cfcec-a747-519a-bf03-0de4c7520fe2,100g phần,GRAM,100.0
3f67fc71-4854-5727-a5ce-c8e889b128c3,,,e13cfcec-a747-519a-bf03-0de4c7520fe2,12 oz,GRAM,355.0
4b8bcd4c-784d-5c4b-8b4e-e04e042bf4cb,,,18ae735b-a8f7-5a01-9be2-f4bd5ecbb23e,100g phần,GRAM,100.0
8d7947c9-88b3-5978-8023-717794fdd1e0,,,18ae735b-a8f7-5a01-9be2-f4bd5ecbb23e,1 cup,GRAM,36.0
23f20a4e-ff57-56ac-b8be-987eb9ef236b,,,3e41c7e5-d121-57eb-8e17-f0438ee87862,100g phần,GRAM,100.0
dd65476d-e990-5c8d-ba77-6ff37b15c246,,,3e41c7e5-d121-57eb-8e17-f0438ee87862,1 cup chopped,GRAM,89.0
557fc557-40c2-5089-b74d-e649a35fea43,,,5bf29cd0-4941-5cad-9b5b-ba15191341b6,100g phần,GRAM,100.0
4d03f0ee-7bae-523c-a5cb-1a11ec51ab90,,,5bf29cd0-4941-5cad-9b5b-ba15191341b6,1 tbsp,GRAM,8.0
41e180e8-5fe2-5629-8327-da21b8c4bb22,,,af0bd6b0-5226-5be5-819f-8be4d2aac68c,100g phần,GRAM,100.0
6d00730c-4f21-5bc8-80bd-678affbb04dc,,,af0bd6b0-5226-5be5-819f-8be4d2aac68c,1 tbsp,GRAM,15.0
4cc2aee2-9c91-5deb-8d87-f590a2d6dfd4,,,90908b8a-d32c-595f-b307-760f256b57c6,100g phần,GRAM,100.0
fb95fdc5-564d-5754-9c81-b1013e8869cf,,,90908b8a-d32c-595f-b307-760f256b57c6,3 oz,GRAM,87.0
d40e4eef-0b6b-50fe-85f5-1ac4e4fe7810,,,1b29b5f5-00e2-59f3-9075-362c25029dd3,100g phần,GRAM,100.0
7df261f5-ba29-52e8-bd0e-c3a94bd2f5f8,,,1b29b5f5-00e2-59f3-9075-362c25029dd3,8 fl oz,GRAM,240.0
94633911-8d19-5a08-835c-73a6c73d3841,,,66a60e66-d8be-575a-8eba-23c3371f6413,100g phần,GRAM,100.0
d589e709-dde3-5a72-a011-d64087a9e9ac,,,66a60e66-d8be-575a-8eba-23c3371f6413,4 oz,GRAM,113.4
484b615d-efc4-5366-bc50-2055e2f7b6ee,,,b97cd8e2-3f20-5c15-aefb-24aff5ae40ec,100g phần,GRAM,100.0
b727f456-0091-5fa4-a482-5cb4644c8023,,,b97cd8e2-3f20-5c15-aefb-24aff5ae40ec,6 cracker,GRAM,30.0
971bc3a1-7f92-50c8-9b9d-74579bc0af18,,,96a3f27a-9feb-5432-a129-346725c0f3f6,100g phần,GRAM,100.0
8f3e2551-41ec-50ea-a507-6e93eeb3ef8e,,,96a3f27a-9feb-5432-a129-346725c0f3f6,1 tbsp,GRAM,9.0
df875da1-cbbc-5c5d-ae8f-f7c6b4e23309,,,0d0a8021-c47e-595c-a28b-f74fa1de9bca,100g phần,GRAM,100.0
890e87c7-2a26-598e-986f-291a1a163de0,,,0d0a8021-c47e-595c-a28b-f74fa1de9bca,1 oz,GRAM,28.0
ca1b2525-8474-595d-851e-0d9bdc154215,,,9e5d9071-d14d-5ac8-b716-4ec488c6b277,100g phần,GRAM,100.0
5f98d0ab-349e-5239-838a-8d324bc26830,,,9e5d9071-d14d-5ac8-b716-4ec488c6b277,1 cup,GRAM,245.0
c32aef9e-30a5-5aaf-a3f4-b0790bfbff7c,,,a8b631f1-04b1-5fda-b36d-f968d3be611e,100g phần,GRAM,100.0
a1a45bdb-faa5-5890-8a43-860f3a360180,,,a8b631f1-04b1-5fda-b36d-f968d3be611e,1 tsp,GRAM,4.0
5ff0f981-7b73-5e64-8ffc-fcfa3ccd4249,,,8ba4d008-245b-5958-aeaf-9623af4a270e,100g phần,GRAM,100.0
8b54864f-b6a4-587a-9481-1e0d5eebdae6,,,8ba4d008-245b-5958-aeaf-9623af4a270e,1 tsp,GRAM,1.0
9971dcfc-f645-54dc-a855-e0fbc1f9bcb4,,,87c42c27-f7e3-58b0-9fbe-bd98134b8c30,100g phần,GRAM,100.0
e678264d-7949-53bf-a9a4-7b1ee36ab540,,,87c42c27-f7e3-58b0-9fbe-bd98134b8c30,0.25 cup,GRAM,40.0
e6748928-cf5d-56d5-b64d-4c360893956a,,,17d9961b-d819-56f3-96c5-cfa9b88d308c,100g phần,GRAM,100.0
ea5547e3-eaf4-570a-849c-8c3725737051,,,17d9961b-d819-56f3-96c5-cfa9b88d308c,1 tbsp,GRAM,15.0
fa668c66-bcc3-53b9-b41e-66be1be8f40c,,,427540d4-35b5-50ef-9aa2-a7b37bb73ab2,100g phần,GRAM,100.0
e695ebaa-4c9c-5cd9-8abe-aa6f6f38a212,,,427540d4-35b5-50ef-9aa2-a7b37bb73ab2,1 tsp,GRAM,2.3
0cd4958c-f5c2-592e-b3ed-956a4a712aa7,,,c35fced5-28aa-5045-b753-19ecb2ea0da1,100g phần,GRAM,100.0
5c52ab04-f82c-59a1-9c15-bc90ac06bc50,,,c35fced5-28aa-5045-b753-19ecb2ea0da1,2 tsp,GRAM,10.0
560ee749-5a5d-5ec5-a11b-909dcff5c4a7,,,027fe9c8-21af-5a6e-bc67-573aae28f94e,100g phần,GRAM,100.0
3e55708a-f8d8-5fff-870e-591572376021,,,027fe9c8-21af-5a6e-bc67-573aae28f94e,5.4 oz,GRAM,152.0
5d8daf0b-c931-583e-8139-8e90de4e1ede,,,16b5176d-75c6-50c7-96da-f299fc3f9554,100g phần,GRAM,100.0
d46eaa4f-ac6a-56bc-8f0e-5b86e636b0bd,,,16b5176d-75c6-50c7-96da-f299fc3f9554,0.25 cup,GRAM,40.0
f835a122-1ff8-57f2-a786-4cc358321f77,,,2829cf52-d860-578d-8ed2-aa013df24fab,100g phần,GRAM,100.0
b48287e0-bc40-5004-9d38-3c736f998262,,,2829cf52-d860-578d-8ed2-aa013df24fab,2 tbsp,GRAM,31.0
652f5ad0-b309-5467-b612-b6f9ae8242b2,,,d0de3c89-eba9-5c72-a4bb-b849498bde4c,100g phần,GRAM,100.0
df3db3b9-a43d-5e60-a4ca-c28bbd9e922a,,,d0de3c89-eba9-5c72-a4bb-b849498bde4c,5 fl oz,GRAM,148.0
9071d6c6-ef79-5c26-99f9-59b3673ffddf,,,f89bf07b-4f34-51aa-a1d7-1f562ea732fb,100g phần,GRAM,100.0
a56d5a57-b56e-5121-b63c-4c59a78ed2c9,,,f89bf07b-4f34-51aa-a1d7-1f562ea732fb,5 cracker,GRAM,30.0
5d78937f-f69b-5311-b1f1-ecf11221e9cf,,,13111c93-fac4-50ca-8c35-3e5e6d458a49,100g phần,GRAM,100.0
f46bdcca-c982-57ea-867f-bf7eebc88a82,,,13111c93-fac4-50ca-8c35-3e5e6d458a49,2 fl oz,GRAM,60.0
7a6d462c-39bc-5622-97a6-f0f65db837c4,,,681d3391-4750-5f6e-a5eb-854671c16101,100g phần,GRAM,100.0
2803e203-fdc2-5335-bb5f-1ca573b26d5a,,,681d3391-4750-5f6e-a5eb-854671c16101,1 oz,GRAM,28.0
0429c64f-115e-5993-b4ec-32acd91d2c4f,,,73060bfa-f26f-58ab-890e-b44e6697b7be,100g phần,GRAM,100.0
5d29d227-4901-5de6-a950-2fdda064b8a5,,,73060bfa-f26f-58ab-890e-b44e6697b7be,0.5 cup,GRAM,130.0
2acdcb8c-ee08-5a0e-a146-9805f38b8ec9,,,40295fe2-12d9-50fa-9476-5e7be3ffce89,100g phần,GRAM,100.0
b858f08b-018d-5638-b8ad-124528e90e1c,,,40295fe2-12d9-50fa-9476-5e7be3ffce89,1 oz,GRAM,28.0
9cb2da80-95dc-5dd8-ad28-6de32c55e4dd,,,6da17ac1-0cd9-576a-be60-649391328bd8,100g phần,GRAM,100.0
a6cea847-87fc-5ceb-8884-c316035514d0,,,6da17ac1-0cd9-576a-be60-649391328bd8,1 scoop,GRAM,9.0
20a1c9a2-245d-51eb-91ca-6c243c270886,,,cfd88dce-70d1-57c4-bb18-977ffeaaf025,100g phần,GRAM,100.0
5437ebfb-4c72-5dec-ac09-ca7d0882c7e8,,,cfd88dce-70d1-57c4-bb18-977ffeaaf025,1 wrapper,GRAM,22.0
df28f5c0-ffee-5a9d-a28b-840afe6a6c9a,,,8a427936-0bc2-54b0-a131-e65c32b7cc15,100g phần,GRAM,100.0
33ea14ef-825c-5f4c-9b25-5a5a4b42d196,,,8a427936-0bc2-54b0-a131-e65c32b7cc15,1 date,GRAM,24.0
ffb40161-0cc3-517c-a0dd-858e94712186,,,c9d46be4-a725-513e-8090-c0b60918aa82,100g phần,GRAM,100.0
41a8b6c7-567c-5d22-8788-6eb0b968e301,,,c9d46be4-a725-513e-8090-c0b60918aa82,2 oz,GRAM,55.0
c7089e6f-a404-5da7-b024-a300223cad8f,,,ba39b099-dd5d-544d-bdff-506c9a0c53bf,100g phần,GRAM,100.0
3dd1de3e-4f90-55f5-a559-f69f9fb5c0dd,,,ba39b099-dd5d-544d-bdff-506c9a0c53bf,1 tbsp,GRAM,15.0
1111cabd-c666-5401-b211-d3b9a5b82caf,,,93bb3a79-ba4d-500b-a57c-489f624cc7de,100g phần,GRAM,100.0
b5c26e0f-6171-5b24-a034-a7e69dd7830b,,,93bb3a79-ba4d-500b-a57c-489f624cc7de,6 oz,GRAM,170.0
7185e932-24a3-555c-b69d-16c351d3de4d,,,2e0ce534-a465-5226-9792-921965b28b6f,100g phần,GRAM,100.0
e8cc5e09-b2f0-50d9-9a97-abbe7e6fac79,,,2e0ce534-a465-5226-9792-921965b28b6f,1 tbsp,GRAM,1.0
4a25125b-5dbf-5281-afa9-2f4e5e9243e7,,,d5fc10eb-8c72-53e1-a3d1-3c0208deef98,100g phần,GRAM,100.0
30d8a1d0-d572-5c4f-be13-577cf1fef755,,,d5fc10eb-8c72-53e1-a3d1-3c0208deef98,1 cup,GRAM,243.0
ec48be55-7d8a-5d59-9e56-8d859ead1b1b,,,d4db9ffd-64cc-5876-8f2a-7c01afc77116,100g phần,GRAM,100.0
c12832e0-0683-5797-9f08-cc2f7890e1d0,,,d4db9ffd-64cc-5876-8f2a-7c01afc77116,1 biscuit,GRAM,12.0
056bfa93-a827-5440-875f-f8f671c57452,,,6d07b3a9-dd41-549e-a53e-0bdda6893c4d,100g phần,GRAM,100.0
bbf93b67-874e-5b95-8073-f0a0be9e7beb,,,6d07b3a9-dd41-549e-a53e-0bdda6893c4d,0.5 cup,GRAM,87.0
84370189-7329-59ac-bc66-b53e381300d2,,,16783c8c-4352-56a1-8cdf-cbc3d017c25a,100g phần,GRAM,100.0
d94092bd-1a47-5a9d-ada9-68b4f0d3227e,,,16783c8c-4352-56a1-8cdf-cbc3d017c25a,1 cup,GRAM,130.0
70d70106-4064-584b-8672-2eb477404182,,,5e241b61-c7ca-50f7-9576-5710c66baba0,100g phần,GRAM,100.0
f51bba3c-12c4-56c0-84bf-722cb57cadda,,,5e241b61-c7ca-50f7-9576-5710c66baba0,1 tsp,GRAM,4.0
5c047e31-0062-5cf5-bccf-8eeb07a65792,,,11620047-7882-54e7-bef7-931e0608b2b3,100g phần,GRAM,100.0
cb3bedc5-7dcf-5ce5-9dfe-103b2c14942e,,,11620047-7882-54e7-bef7-931e0608b2b3,3 oz,GRAM,85.0
3037defd-c371-5fc8-a949-b97c28d58483,,,74ba90b6-e91d-5ba5-bd99-9fac91468448,100g phần,GRAM,100.0
6018f209-6067-5807-a604-ad25394d5024,,,74ba90b6-e91d-5ba5-bd99-9fac91468448,1 tbsp,GRAM,17.0
e1809ed4-4dcd-5d67-a678-2e9137aa088b,,,f411a68f-696a-5c52-8ea4-d802fee06f53,100g phần,GRAM,100.0
a8884a6e-2d29-53ed-8d5e-a6abd437cd75,,,f411a68f-696a-5c52-8ea4-d802fee06f53,3 oz,GRAM,87.0
667a9b2d-03a3-5873-b78f-1a1e0389d843,,,cb758b27-2acf-5ad4-836b-0ffa829b91b3,100g phần,GRAM,100.0
e8a0e6d2-b37b-538d-8f9f-4e7193f3c22c,,,cb758b27-2acf-5ad4-836b-0ffa829b91b3,3 oz,GRAM,85.0
2a1732a3-16a1-5baa-b597-c0c576d21443,,,19bdc7a1-daca-5774-9977-79df84dc49f7,100g phần,GRAM,100.0
c63a460d-cd31-560d-b058-249a7e0a530f,,,19bdc7a1-daca-5774-9977-79df84dc49f7,3 oz,GRAM,85.0
f87cf96e-0735-5ae1-a104-7cb89bea4864,,,4933d9f5-f3ac-5901-9c50-3d0b226b8f35,100g phần,GRAM,100.0
890ff752-12f8-5e45-9819-f01fd20854f2,,,4933d9f5-f3ac-5901-9c50-3d0b226b8f35,8 oz,GRAM,227.0
6dd27e2c-9dae-569a-b329-b9aaa5e402bf,,,2d9befb5-20a1-55fb-8ed4-4347fd00533a,100g phần,GRAM,100.0
fabf6028-ddc8-5a76-aecd-a3a140409e91,,,2d9befb5-20a1-55fb-8ed4-4347fd00533a,3 figs,GRAM,40.0
a1767b58-5a31-53e9-b694-b7a05b2b9d72,,,ca574386-8cd7-5530-8dd5-8a119697a647,100g phần,GRAM,100.0
6bef7fed-0ab9-5923-8f4a-1c13275404f6,,,ca574386-8cd7-5530-8dd5-8a119697a647,4 oz,GRAM,113.0
e7daea98-a8e0-557c-a50b-b15d48af0e40,,,205d2daa-11b2-57a7-8ff3-9b312d05cbf2,100g phần,GRAM,100.0
6a428587-fc95-57c2-93ca-fb323232b1b5,,,205d2daa-11b2-57a7-8ff3-9b312d05cbf2,5 fl oz,GRAM,150.0
8d4e1dd0-de35-5d88-96f2-b83f6ae58044,,,01d9a6bb-eac3-5fb8-91f0-5bbed9446438,100g phần,GRAM,100.0
76d6a4e3-362e-54da-9cc1-120cca982d34,,,01d9a6bb-eac3-5fb8-91f0-5bbed9446438,1 tsp,GRAM,3.0
261acbc2-f353-59df-b40f-274e7c0b177e,,,598254e7-b665-586c-864d-5e129d0e98f9,100g phần,GRAM,100.0
bd771df1-ffd0-5d53-8eeb-c5b12a00eb0f,,,598254e7-b665-586c-864d-5e129d0e98f9,2.5 oz,GRAM,70.0
f8ec56c5-07dc-5682-8362-7ce49b37b00e,,,882dad56-a9cd-5b03-a299-477113a22763,100g phần,GRAM,100.0
7a65f653-d21e-550a-b0a9-783f1a1953e7,,,882dad56-a9cd-5b03-a299-477113a22763,1 medium,GRAM,80.0
298a5d18-77f1-5bd6-9a37-591a0ab5d0ce,,,52f37b07-6823-57cc-bdf1-dbb2f01bcb8e,100g phần,GRAM,100.0
67984825-b3d6-5aa2-9738-a1f3729004b1,,,52f37b07-6823-57cc-bdf1-dbb2f01bcb8e,1 oz,GRAM,28.0
bec5a2ac-903b-568a-bfc3-2d770b1d33a7,,,5f84b8ac-82ce-5b98-8c63-b29d8cf85c80,100g phần,GRAM,100.0
de7b8c98-e059-5cec-b624-a888ec1f7f7e,,,5f84b8ac-82ce-5b98-8c63-b29d8cf85c80,2 fl oz,GRAM,60.0
12d25aa7-b186-54e1-aa32-d626cbba9b4d,,,88d55282-47e7-525a-987c-2d074a396ac8,100g phần,GRAM,100.0
e3b93f39-7021-5572-a10d-e302db4f0656,,,88d55282-47e7-525a-987c-2d074a396ac8,3 oz,GRAM,85.0
2cbcc8b9-96b0-5648-ae71-56995b99d3bb,,,31f5e032-f0bf-56ea-9649-ed1b7f931fd4,100g phần,GRAM,100.0
4b5ef4e6-4bc0-538f-bcaa-a386be28a923,,,31f5e032-f0bf-56ea-9649-ed1b7f931fd4,1 tbsp,GRAM,20.0
ea00a953-8845-5206-9c61-2c79702a87ae,,,0c8bc689-9410-52ad-a9c9-42531a8cc748,100g phần,GRAM,100.0
3fb845d2-a146-5382-b04b-cd32c0178b5a,,,0c8bc689-9410-52ad-a9c9-42531a8cc748,3 oz,GRAM,85.0
c998a149-0ebc-56a1-98e4-e7490ee7bea9,,,f1f88ccf-9088-5b85-82c1-97c4cd952244,100g phần,GRAM,100.0
9e273b18-7bdb-525c-8a1d-8bb982e8722b,,,f1f88ccf-9088-5b85-82c1-97c4cd952244,3 oz,GRAM,85.0
35f4f018-f3a5-576d-b57a-48eca9803f2a,,,64efdb32-b4c4-545f-9379-050acdac6078,100g phần,GRAM,100.0
f4267e6d-c9af-5453-b039-36f54e710023,,,64efdb32-b4c4-545f-9379-050acdac6078,0.25 cup,GRAM,50.0
3e016b5a-2a13-567b-8ec4-423eb8c2d3aa,,,92a0901c-114f-5702-aef2-cce772bec442,100g phần,GRAM,100.0
fb5fd917-7221-56fc-a2c4-44feb55a1245,,,92a0901c-114f-5702-aef2-cce772bec442,4 oz,GRAM,113.4
2af1b337-ca8c-52a5-8bf7-2ac65fe3dcc5,,,3259f75b-e05f-570f-a48e-38ad7c9a6a6f,100g phần,GRAM,100.0
38d540ad-2bc9-5fec-adde-b032e7838c18,,,3259f75b-e05f-570f-a48e-38ad7c9a6a6f,4 oz,GRAM,113.0
05fecdbd-5aa0-55e2-9407-8930146fe23d,,,5f13ab5f-04b2-583f-befc-8986002fff9b,100g phần,GRAM,100.0
0d365d86-6ef3-5852-913d-ae6458e0aa35,,,5f13ab5f-04b2-583f-befc-8986002fff9b,2 oz,GRAM,56.0
03857b5b-d5cc-57a3-b601-52b2931dba3a,,,a8c00206-3514-501e-a0de-65bdde0b2a14,100g phần,GRAM,100.0
11c35c72-9fdb-5832-bf53-186ea0b70c5b,,,a8c00206-3514-501e-a0de-65bdde0b2a14,4 oz,GRAM,113.4
46b2aaa1-a3ba-5fac-99d4-4d7213eee32d,,,58f486f6-f5fe-522b-aa3c-5e36da0222a3,100g phần,GRAM,100.0
f9ccb9f5-54ee-5e0d-893c-ecbd697848a9,,,58f486f6-f5fe-522b-aa3c-5e36da0222a3,5 pieces,GRAM,30.0
384b6d87-102c-5c42-a19c-10d611fb4ef4,,,7af3a4d1-ae8f-5059-848b-4bd046f633e4,100g phần,GRAM,100.0
4c3ae936-b2b8-5967-8ce5-9525294ded45,,,7af3a4d1-ae8f-5059-848b-4bd046f633e4,1 tbsp,GRAM,2.0
2ee72d2b-f275-5956-83ba-f69b43200267,,,689a1c90-5d81-5efe-b357-dd309dd77ef2,100g phần,GRAM,100.0
28456b64-457b-5f2e-be93-05ccaf044888,,,689a1c90-5d81-5efe-b357-dd309dd77ef2,1 cup,GRAM,248.0
27da87f9-557d-5568-9f03-31669fbc0b22,,,ed13136d-0a7b-5914-9232-083c88a9327a,100g phần,GRAM,100.0
6bbb155c-6296-52c7-a83b-214d338f2172,,,ed13136d-0a7b-5914-9232-083c88a9327a,10.5 oz,GRAM,300.0
1cfff5e4-1385-59a4-8b4a-d02c4a1efce1,,,7fd5af6b-2429-5385-a76a-362ebcf378c4,100g phần,GRAM,100.0
698a1d4a-f02d-5bc6-90b8-1e0848c01781,,,7fd5af6b-2429-5385-a76a-362ebcf378c4,1 pop,GRAM,80.0
784fdbd9-3396-50e2-9ab4-defe4004b0cd,,,62c9ea4b-ce6c-522b-a8ad-e1464044194c,100g phần,GRAM,100.0
75a3a754-9a7c-53b7-98d6-0dcfeeec8dde,,,62c9ea4b-ce6c-522b-a8ad-e1464044194c,1 tsp,GRAM,5.0
13c7436b-e681-5564-8f84-7d5c8f16993f,,,48ed8a4c-9d96-56b2-8b13-a3cea9294201,100g phần,GRAM,100.0
f5e7689f-7819-592d-bda5-eee151747071,,,48ed8a4c-9d96-56b2-8b13-a3cea9294201,1 roll,GRAM,120.0
a1bfcc92-a782-5824-b19a-9c620dc0ac6d,,,771b9cb8-5334-5f0a-bb7d-67f23c1167e2,100g phần,GRAM,100.0
ec43f606-cdca-5c01-8b48-16a0b9c4026b,,,771b9cb8-5334-5f0a-bb7d-67f23c1167e2,3 oz,GRAM,85.0
cf87224b-a9b8-57aa-a5a4-ddf57a60947e,,,db7bfc05-5c5c-5bbc-97a7-ff0826a67045,100g phần,GRAM,100.0
76177856-a97b-577e-93e4-27712f743742,,,db7bfc05-5c5c-5bbc-97a7-ff0826a67045,3 oz,GRAM,85.0
e56ab741-9442-5e95-a895-49f91336c286,,,722f248e-5b0e-52da-9dbc-95c9a5bda39d,100g phần,GRAM,100.0
244cc312-605f-5db1-b09c-b63fc356946a,,,722f248e-5b0e-52da-9dbc-95c9a5bda39d,1.5 fl oz,GRAM,44.4
55c94f2e-6804-540c-8e2c-b98fbbf76d74,,,418b963d-7646-5fcd-b115-5db3e41d6211,100g phần,GRAM,100.0
844e44fe-d502-576e-9b75-022e04059665,,,418b963d-7646-5fcd-b115-5db3e41d6211,4 oz,GRAM,113.0
d2203e5d-8d71-5717-8b4b-8130d68078c2,,,e78ee76a-89b7-5321-b0d7-c96e871f671d,100g phần,GRAM,100.0
e5f1a27f-23ea-57e3-a5d0-64b39384a6d8,,,e78ee76a-89b7-5321-b0d7-c96e871f671d,1 tbsp,GRAM,15.0
3b46ead2-9ace-590e-a968-34ab845402b9,,,65ad2461-fbd4-5be2-92cf-49c52c689148,100g phần,GRAM,100.0
c0f04522-3474-5cb8-9868-a1abe0a15c8b,,,65ad2461-fbd4-5be2-92cf-49c52c689148,2 oz,GRAM,56.7
b770b155-bdd6-5fe8-b270-48f986700254,,,41d5c8c7-f81b-55d4-a5fe-a20172ae4b8a,100g phần,GRAM,100.0
ee83bd26-2972-5291-b26d-b0a12c53c34e,,,41d5c8c7-f81b-55d4-a5fe-a20172ae4b8a,4 oz,GRAM,113.4
d7e66afb-5cf3-50fd-a15f-853a0ecf5844,,,9839a025-48cb-58a9-af84-3fbfe1862c7c,100g phần,GRAM,100.0
77a0c3c8-b5f6-586e-9804-4f56cf4a9edb,,,9839a025-48cb-58a9-af84-3fbfe1862c7c,4 oz,GRAM,113.4
ea09fb2b-a0ac-52ae-9ef0-d45ea1534c98,,,2dd46388-6e05-5540-b9c3-b2fc1fab793d,100g phần,GRAM,100.0
e077ad81-6b23-585b-82e1-64b628b363ae,,,2dd46388-6e05-5540-b9c3-b2fc1fab793d,4 oz,GRAM,113.0
ea4d81b9-6c42-584c-bafd-41241b55380c,,,d938da4e-b19e-5f02-a31c-f5dd8b5bec0e,100g phần,GRAM,100.0
1b40cfe3-3843-53db-afbf-f494763c0c37,,,d938da4e-b19e-5f02-a31c-f5dd8b5bec0e,1 tsp,GRAM,0.5
f6ff5cf8-16a5-5008-b694-5478a2d24e71,,,2347a60f-0dc2-51ec-a9aa-a719068f5319,100g phần,GRAM,100.0
4a45a782-200c-5f3e-a6ae-b9d7fbeec84c,,,2347a60f-0dc2-51ec-a9aa-a719068f5319,5 fl oz,GRAM,150.0
c3567aa0-294c-5bcf-acd4-4022883e942c,,,e715acf4-60c6-5b5a-97b9-36bc213a8643,100g phần,GRAM,100.0
262bd0e8-84b2-5a0c-9e7e-211e318be6bc,,,e715acf4-60c6-5b5a-97b9-36bc213a8643,1 pc,GRAM,14.0
e90f8690-d293-5fe4-9183-585380b0be89,,,c167d827-f7fd-51a0-b7c6-1849efcf21b3,100g phần,GRAM,100.0
0c793c49-e2ce-5f18-b08e-e572fe0d4a6a,,,c167d827-f7fd-51a0-b7c6-1849efcf21b3,0.5 cup,GRAM,88.0
192826d9-712e-570e-aae0-b415cb5f41dc,,,a44042e5-02fc-5245-8254-b421cdd06200,100g phần,GRAM,100.0
b6a197fc-a5a3-514b-a359-38ce2f2c2695,,,a44042e5-02fc-5245-8254-b421cdd06200,1 oz,GRAM,28.35
64f5658e-11ac-5392-ae20-d3ccc0529c56,,,f85b2743-9545-5095-bf8a-5535f5381a9c,100g phần,GRAM,100.0
283a245d-47d3-55ba-9ade-9b53cc2a5ec0,,,f85b2743-9545-5095-bf8a-5535f5381a9c,6 oz,GRAM,170.0
9f247009-d2ac-5fa5-bad3-04e89384968e,,,c3eaf1c6-7ec7-5456-b39e-4647adc9adc6,100g phần,GRAM,100.0
22bad880-2b59-50d0-ac0a-5fac0e8b1e90,,,c3eaf1c6-7ec7-5456-b39e-4647adc9adc6,5.3 oz,GRAM,150.0
9ef38910-6dac-54ab-8915-c2b2228675ac,,,6cd19e1a-68dd-5aed-9767-c49589ba9e91,100g phần,GRAM,100.0
a4879d05-7c10-5576-ba34-13d7e5134641,,,6cd19e1a-68dd-5aed-9767-c49589ba9e91,4 oz,GRAM,113.4
e2054741-00e4-53fe-8abb-af57e3203a40,,,c0bd9042-3d62-59e6-94a8-880b850d1472,100g phần,GRAM,100.0
f29b5854-8af0-5e92-8cb1-c5934f81a062,,,c0bd9042-3d62-59e6-94a8-880b850d1472,4 oz,GRAM,113.0
7e755588-7f96-5721-af14-7c53249c5c98,,,5f9ef5d7-498a-56f3-8869-ede695e4e98a,100g phần,GRAM,100.0
4df939a9-e56e-5783-9447-5906a00fb403,,,5f9ef5d7-498a-56f3-8869-ede695e4e98a,2 oz,GRAM,56.0
4ca3fbb8-25a6-5f73-b88d-b43d7e8ab586,,,7158dc14-c712-5f9d-94b9-0d0ffd9f35e3,100g phần,GRAM,100.0
f44527f6-9ac3-5fdd-9933-29375e971a99,,,7158dc14-c712-5f9d-94b9-0d0ffd9f35e3,4 oz,GRAM,113.0
2309f3e4-987a-5546-89fe-7fb237641d04,,,b93992e9-7d8b-51e6-b906-c720c39788b7,100g phần,GRAM,100.0
1f865186-40da-54df-b34d-ccd8679304c0,,,b93992e9-7d8b-51e6-b906-c720c39788b7,0.5 cup,GRAM,92.0
cca76d3a-8d2c-5bb5-ad87-1d01eccb18d0,,,39353463-429a-52e0-952b-030117b13e14,100g phần,GRAM,100.0
6c09c695-50b0-5c4f-b770-81648577d4c2,,,39353463-429a-52e0-952b-030117b13e14,1 tbsp,GRAM,9.0
74ae244b-e1e0-5aea-b6e9-856fc0f5cc63,,,f2b793fe-0ab7-544a-9ffd-245b28dc574b,100g phần,GRAM,100.0
fde03057-b2db-527f-96a7-e6df1803cb4f,,,f2b793fe-0ab7-544a-9ffd-245b28dc574b,3 oz,GRAM,85.0
480fba71-98be-5ca1-a854-58026857ab60,,,839eb22e-cb91-5224-bc95-e551251e67e0,100g phần,GRAM,100.0
291b6ed4-f889-59de-b1de-b46873d79261,,,839eb22e-cb91-5224-bc95-e551251e67e0,2 piece,GRAM,76.0
35281957-fb39-580a-8f99-77d44cd20f01,,,938608a1-179b-5a56-81d8-7198d88e2135,100g phần,GRAM,100.0
c5a0d5ca-ba4b-5d7d-91e2-ce6338f2f785,,,938608a1-179b-5a56-81d8-7198d88e2135,3 oz,GRAM,85.0
8954c108-736a-5120-89ed-b49581af38ad,,,67e0c720-7b65-5540-a1dc-3ed862495ff1,100g phần,GRAM,100.0
ec0c86c0-e2d5-5009-943a-b7d7aa81f4ae,,,67e0c720-7b65-5540-a1dc-3ed862495ff1,3 oz,GRAM,85.0
a1abe0e1-3239-5033-9b99-f474fa72057d,,,c926d84f-85d5-5b74-b263-2bfa08512105,100g phần,GRAM,100.0
43985a31-2403-55c9-ac72-8bf0efec78da,,,c926d84f-85d5-5b74-b263-2bfa08512105,2 tbsp,GRAM,28.0
857d9fd6-d68e-5010-8020-7b53eb819c4e,,,c90ddb5c-224d-505c-ab38-74c79ab811fc,100g phần,GRAM,100.0
b99ac982-f4f2-5364-a4fa-6d0476393229,,,c90ddb5c-224d-505c-ab38-74c79ab811fc,6 oz,GRAM,170.0
294b87ff-97c3-5aa4-9d0c-83111d090031,,,b354eca8-029a-58fe-9924-ee2be2f52d70,100g phần,GRAM,100.0
9b4f03ab-992e-58d9-b26c-5ef496a5f03f,,,b354eca8-029a-58fe-9924-ee2be2f52d70,4 oz,GRAM,113.0
0fcedb4e-a9a2-5ea7-94d7-b4f43bf6fab8,,,689c03f6-2f37-5bc7-a451-2341c25a7bf2,100g phần,GRAM,100.0
5c71bc6f-b0cb-5597-9c24-c8f98c17d84a,,,689c03f6-2f37-5bc7-a451-2341c25a7bf2,1 piece,GRAM,63.0
7a1529ac-7890-585c-bea8-5d924fcc9748,,,75738a91-75f1-579b-b81b-8bec862eb421,100g phần,GRAM,100.0
1abcaacc-beea-5727-97b1-05bf542a4bf0,,,75738a91-75f1-579b-b81b-8bec862eb421,2 tbsp,GRAM,37.0
2e386b90-b774-5aa4-aee9-ecbdfe76c904,,,d2f278ff-3e18-5bd4-a236-70b684c86e27,100g phần,GRAM,100.0
871f462b-fb81-56b5-a538-949a5c908c33,,,d2f278ff-3e18-5bd4-a236-70b684c86e27,4 oz,GRAM,113.0
c21a86aa-2ee9-5f49-96b9-253ca45e6750,,,6d435f62-d84b-5444-80fa-56877f38c635,100g phần,GRAM,100.0
94035b28-fc42-57b7-bdee-67776a69f188,,,6d435f62-d84b-5444-80fa-56877f38c635,4 drops,GRAM,0.13
f0bfdc3c-7aad-5c86-9e28-ab56775ac6ae,,,50e3ec97-47c7-5b41-ad66-fa25879a29ce,100g phần,GRAM,100.0
7d527d01-59c2-527d-8d7e-c5e7d3c770ca,,,50e3ec97-47c7-5b41-ad66-fa25879a29ce,4 oz,GRAM,113.4
4bf2ee73-3e85-518e-8dd7-0499e347025a,,,3b144105-5bb6-5fc4-bb0d-d4c86b99397f,100g phần,GRAM,100.0
bbd49ce1-1d38-5a61-ac3b-31e6ecb04314,,,3b144105-5bb6-5fc4-bb0d-d4c86b99397f,1 slice,GRAM,50.0
689eb9c8-f4bf-5c86-8397-d190a12aa129,,,39986994-7476-5557-978f-6e89c9b24dbd,100g phần,GRAM,100.0
08e9c864-6f76-5882-aac3-7b7c088fcf18,,,39986994-7476-5557-978f-6e89c9b24dbd,3 date,GRAM,24.0
27de989b-5b10-5182-b34b-9f8fb1884ba6,,,8981a448-d0d0-5418-bb57-a86eeebe3711,100g phần,GRAM,100.0
49fd4029-507c-516d-a7a0-f8f8001de57a,,,8981a448-d0d0-5418-bb57-a86eeebe3711,4.2 oz,GRAM,118.0
2c22fffa-5fb9-5007-8c0b-00aebc6abdea,,,201288e2-694d-5220-a852-082d9cfe786f,100g phần,GRAM,100.0
09f5be5f-a7eb-570a-aa09-7abec4201356,,,201288e2-694d-5220-a852-082d9cfe786f,2 tbsp,GRAM,30.0
96a0bdfb-813d-5cca-912f-ced33e4c8c86,,,01d7771c-d620-512f-8e38-dc41debf894c,100g phần,GRAM,100.0
c6dec056-2c08-5b90-a80d-d1f2b03f0736,,,01d7771c-d620-512f-8e38-dc41debf894c,2 oz,GRAM,57.0
810b87c8-4762-55a7-bba9-209c298fd7b6,,,78b814c8-902b-5bb7-baf8-3016e242e4bb,100g phần,GRAM,100.0
16a9b9b2-218f-5a34-af80-43fab1580fb9,,,78b814c8-902b-5bb7-baf8-3016e242e4bb,3 oz,GRAM,85.0
180f4a5a-5cea-55cb-b679-14b20df78957,,,19a90692-0171-5141-8c8c-fa5b3f654fc7,100g phần,GRAM,100.0
f532a414-1a1d-5dc7-9418-1e9cb10de1f8,,,19a90692-0171-5141-8c8c-fa5b3f654fc7,4 oz,GRAM,113.4
2adf98a9-9c06-536b-a79c-b8979a8cc9c9,,,b6c12d3b-7f49-589b-ae98-a963cac8de41,100g phần,GRAM,100.0
96ca36d7-1932-5940-afec-6af41650df28,,,b6c12d3b-7f49-589b-ae98-a963cac8de41,4 tbsp,GRAM,40.0
8e5119c0-29bc-54d0-81bb-cfeaebe8dce3,,,8545a0c9-5a59-540c-916d-5b6a7d569746,100g phần,GRAM,100.0
a10dd2bd-7246-5085-951b-d1ab863ace9b,,,8545a0c9-5a59-540c-916d-5b6a7d569746,1 bar,GRAM,35.0
bd9bf834-3e60-5c8f-a7d1-0278c3491085,,,65f44620-ce88-555b-8f99-2880ddd1110c,100g phần,GRAM,100.0
b4b7cac8-d36b-58f1-ab66-dc6c7389ec99,,,65f44620-ce88-555b-8f99-2880ddd1110c,2 tbsp,GRAM,33.0
76006d8c-fd78-5931-a978-b431ed5b8d8e,,,a65514e6-7519-5334-9287-3aafca87ff6f,100g phần,GRAM,100.0
92e2061b-b150-5f7c-85e5-ba569ebae3c6,,,a65514e6-7519-5334-9287-3aafca87ff6f,1 tbsp,GRAM,17.0
5face8c0-167a-5cf9-9df9-59b8af3de8e3,,,b921fa9e-b2ee-58cf-a8e2-17cb555e1dba,100g phần,GRAM,100.0
3a7f18e1-4365-5e27-a099-02cd56e67fbb,,,b921fa9e-b2ee-58cf-a8e2-17cb555e1dba,1 cup,GRAM,240.0
f38f4647-62d2-542d-a166-56ac21d7a1f9,,,b268e46e-3b3c-5c3e-b421-9b6d5eb3f85e,100g phần,GRAM,100.0
c0ad0f71-d4d9-538c-a07e-9e7dbe364828,,,b268e46e-3b3c-5c3e-b421-9b6d5eb3f85e,0.25 cup,GRAM,60.0
58da2e12-6c1e-5664-92df-45a33820088a,,,27fbbf13-ae03-564a-a122-1526117f9674,100g phần,GRAM,100.0
c1b85cca-b8e1-5868-95ee-83282f9bb163,,,27fbbf13-ae03-564a-a122-1526117f9674,5 pretzel bite,GRAM,53.0
dc5424e7-a2ff-5eca-9e66-8055f1bfa5f3,,,1ef6a6c1-a210-5a7e-8249-f34f69379a0f,100g phần,GRAM,100.0
bca56366-eca3-50f7-a36a-3326db94d12d,,,1ef6a6c1-a210-5a7e-8249-f34f69379a0f,1 cup,GRAM,40.0
c5628b2a-16d5-52dd-9fd5-2178f9bbaddb,,,11da8839-1b79-5f2d-ba4d-403e4bef05dd,100g phần,GRAM,100.0
2809d571-0cce-5c92-b7c8-d84d176f723c,,,11da8839-1b79-5f2d-ba4d-403e4bef05dd,3 oz,GRAM,85.0
3d47387e-d324-5f55-b291-a3c14ac8cbc8,,,ce936ad4-acf5-595d-a5df-a599dbf716d3,100g phần,GRAM,100.0
3c7dfb48-c2b6-58fb-9867-c1db1c5aff76,,,ce936ad4-acf5-595d-a5df-a599dbf716d3,1 cup,GRAM,205.0
553af6fd-57b6-5f9e-97ee-1ee0c3b1ec8a,,,090a9e72-59a1-5688-ae80-0d73ec4f9d26,100g phần,GRAM,100.0
d8de8bf0-aa14-51f3-a333-592f153c3865,,,090a9e72-59a1-5688-ae80-0d73ec4f9d26,2 oz,GRAM,55.0
7719eff5-126b-5f37-9905-890cca28a621,,,60990a1c-bea2-5a3a-8f9d-c67c409b3fe8,100g phần,GRAM,100.0
c83410e2-9dfd-5a61-acf8-72aace7d9b00,,,60990a1c-bea2-5a3a-8f9d-c67c409b3fe8,4 oz,GRAM,113.4
b84e8f16-cd6a-5709-b52c-c12b08033770,,,1d9b1fa6-c816-5a8d-a63b-e75ecb02ead2,100g phần,GRAM,100.0
6c34d344-35cc-52c0-9c08-36fb346c229b,,,1d9b1fa6-c816-5a8d-a63b-e75ecb02ead2,0.5 cup,GRAM,49.0
cd0b5b5d-17e5-56ad-a761-114cd0cdfaf5,,,9f0b62fc-7033-5eff-a626-1444124e6857,100g phần,GRAM,100.0
d6a60eea-8451-5fd8-a748-c343620d1239,,,9f0b62fc-7033-5eff-a626-1444124e6857,1 cup,GRAM,206.0
030903a2-c692-5efa-8729-2e87ad51a78f,,,99785497-23e3-54f6-b48f-12b8af1ffdeb,100g phần,GRAM,100.0
864138ae-4756-5118-bdb6-bf792e2aec26,,,99785497-23e3-54f6-b48f-12b8af1ffdeb,1 tbsp,GRAM,20.0
680424d8-2c62-5b3d-a9fa-26c9cb3f6ab1,,,9f6b4f76-78cc-5855-bd71-dd1c5b3eb585,100g phần,GRAM,100.0
17fd52e1-8c9c-5e4e-98e2-ca230c9fcba6,,,9f6b4f76-78cc-5855-bd71-dd1c5b3eb585,1 oz,GRAM,28.0
ef86302d-8ab1-5be6-8b54-577cd5a4d7b8,,,fea40f53-4fa0-5067-bf77-71b0562200b8,100g phần,GRAM,100.0
3a988fda-9a48-50f7-bd33-627e5b9b7bb8,,,fea40f53-4fa0-5067-bf77-71b0562200b8,5 fl oz,GRAM,147.0
b0a951a3-ee93-5ed4-b28d-a3183e37a869,,,1be59f29-2537-567a-8bd6-66dc59bc9ac7,100g phần,GRAM,100.0
720ed370-750e-5bb0-8c48-660224781d68,,,1be59f29-2537-567a-8bd6-66dc59bc9ac7,2 oz,GRAM,56.0
2308d99f-c180-56be-b1c6-d79fa6ed0195,,,351c90aa-9156-5058-b882-62a751bb3d1f,100g phần,GRAM,100.0
5ef354f6-f483-5b84-aee6-71ef250b1faf,,,351c90aa-9156-5058-b882-62a751bb3d1f,1 piece,GRAM,35.0
82e12528-ca6c-5a63-9adb-2bcbc560503c,,,4f5ef5c9-214c-58a8-aecf-792036af877b,100g phần,GRAM,100.0
11cd44a1-5de0-5b57-85c8-95d6343c2500,,,4f5ef5c9-214c-58a8-aecf-792036af877b,0.25 cup,GRAM,15.0
413f52d3-0ac6-5044-9fec-cfd3fd2921ae,,,a3574f5e-c7a6-5814-a9e3-0bd3715a08d5,100g phần,GRAM,100.0
8cdf8fad-addb-595a-b307-c61df0f0449a,,,a3574f5e-c7a6-5814-a9e3-0bd3715a08d5,1.5 fl oz,GRAM,44.0
19584035-2863-50a8-8fcb-0bb07bb5e08d,,,2a676170-4f6b-5de2-8a35-74502fd31b2a,100g phần,GRAM,100.0
e22be9b3-4e71-56b5-b825-88e847f9c570,,,2a676170-4f6b-5de2-8a35-74502fd31b2a,1 oz,GRAM,28.35
bd13ca01-579e-5e82-a8cc-729479351b43,,,bad8e8cf-a24c-55ea-8cba-987f89756d8e,100g phần,GRAM,100.0
72c4bd3b-9fa2-59f6-aad0-e9ffc4162f84,,,bad8e8cf-a24c-55ea-8cba-987f89756d8e,1 oz,GRAM,28.0
f9610567-b24a-54b8-b688-63f363c756a5,,,a9983b81-bcb3-558a-b20e-c9d5a9639784,100g phần,GRAM,100.0
f9be3344-0aa9-5f1c-83c5-2b3752728fd6,,,a9983b81-bcb3-558a-b20e-c9d5a9639784,0.5 cup,GRAM,120.0
e9c4b52f-9c08-52d6-8d3c-00d47da15715,,,71759921-e969-5ce4-879a-b226b6efba2d,100g phần,GRAM,100.0
c4b96620-9cd0-54ea-913a-ebd7d427904b,,,71759921-e969-5ce4-879a-b226b6efba2d,1 biscuit,GRAM,50.0
0ad18204-53f4-5808-ab6d-43319b26f9ed,,,96db9c37-6525-549d-8572-7bef0d5c0169,100g phần,GRAM,100.0
d1c0fcbd-d68b-52ff-bbf3-535e34cdd10e,,,96db9c37-6525-549d-8572-7bef0d5c0169,1 piece,GRAM,55.0
7225235c-6973-5b1c-b764-7d65f2317c45,,,af367760-d16a-53ce-aee3-725a64c574df,100g phần,GRAM,100.0
57dd46d0-57c4-5352-8acd-92869cda188e,,,af367760-d16a-53ce-aee3-725a64c574df,0.25 cup,GRAM,50.0
7534d51f-18a8-5321-b5fe-3d9c09d2c0f8,,,ae1763a2-45f0-5e4c-8204-9a4f298e86e6,100g phần,GRAM,100.0
39bc208e-5af8-5a0d-9646-88c0b3353d25,,,ae1763a2-45f0-5e4c-8204-9a4f298e86e6,1 tbsp,GRAM,15.0
67774419-4767-5f09-89e0-270214effbb7,,,bfac5716-101e-585a-85d2-2716c8ee4fd5,100g phần,GRAM,100.0
df8df6b7-4b54-5525-b83f-ed22a391d142,,,bfac5716-101e-585a-85d2-2716c8ee4fd5,4 oz,GRAM,113.4
699ba275-c1ef-519a-848f-429f21be2b23,,,5db2f090-e0f4-5c0e-b2c4-90b07f172a94,100g phần,GRAM,100.0
6c1c45f2-94f9-5bd0-af30-0da6a16afd34,,,5db2f090-e0f4-5c0e-b2c4-90b07f172a94,1 piece,GRAM,60.0
2e7be106-73f6-5813-91ac-15e99247b3e6,,,8470ba0d-86de-586e-9354-97dca305e46f,100g phần,GRAM,100.0
2e971bad-f705-5d65-bdad-cbd54b42e4c5,,,8470ba0d-86de-586e-9354-97dca305e46f,0.25 cup,GRAM,45.0
e51dc08a-8f5b-5aae-a69a-691ac4fea921,,,88f035b1-c693-5609-8ce7-b4745e11ab0c,100g phần,GRAM,100.0
1b728cbb-1eb6-5403-bfa6-e0f949a17ea2,,,88f035b1-c693-5609-8ce7-b4745e11ab0c,1 cup,GRAM,140.0
847394ac-8393-58ee-b66d-462218e5ca51,,,33fba9d9-cf6d-56b8-baf5-45eeb63bfedb,100g phần,GRAM,100.0
42bec70a-f165-51d8-8baa-dff2c9468391,,,33fba9d9-cf6d-56b8-baf5-45eeb63bfedb,0.67 cup,GRAM,175.0
4ecb08ab-286a-56f3-b65b-9ed05afe5e08,,,0b628179-d700-599f-889c-150f4626aebf,100g phần,GRAM,100.0
f4242321-c8cb-54a3-95fd-f2897a54295f,,,0b628179-d700-599f-889c-150f4626aebf,1 packet,GRAM,1.0
abca6bc0-435a-5e6c-94ec-c118a22c8d65,,,dc41a659-7609-56c0-a4ed-4ac772946d58,100g phần,GRAM,100.0
3ad0e89a-8e74-5409-ae11-c2e0646fa246,,,dc41a659-7609-56c0-a4ed-4ac772946d58,4 oz,GRAM,113.0
375ae74f-a859-5023-94b9-d687b7bb72e9,,,a0301f87-af6b-5cc7-bb92-d5eb5b78036d,100g phần,GRAM,100.0
d1f6e357-3263-5cf8-b598-ab804764656c,,,a0301f87-af6b-5cc7-bb92-d5eb5b78036d,5 cracker,GRAM,30.0
a2a15aa5-72c0-5d7c-ad69-f6483eca6d13,,,a787e54e-0309-5bd9-a929-2fe8b53fb168,100g phần,GRAM,100.0
d0eaf39d-376a-5f17-adac-337bd31663fd,,,a787e54e-0309-5bd9-a929-2fe8b53fb168,2 tbsp,GRAM,30.0
941ece70-afc3-5108-9c70-b99f6edd4ae2,,,86dee4d2-0b5b-519e-a629-71b9a030b015,100g phần,GRAM,100.0
88540bb2-dd15-59b4-9abc-3be07bcfb0dd,,,86dee4d2-0b5b-519e-a629-71b9a030b015,1 oz,GRAM,28.0
542923ee-46f7-5074-bfce-22edb119a1e2,,,2a234601-9dbd-5b7b-852d-4d9b4c54e5bd,100g phần,GRAM,100.0
8220f5a8-ecb5-54e5-9f2a-d48ebe565748,,,2a234601-9dbd-5b7b-852d-4d9b4c54e5bd,1 oz,GRAM,28.0
e14a246b-4391-50ae-976f-864a3515abc0,,,0bef0a38-55c1-5603-8581-28e9d0aea479,100g phần,GRAM,100.0
7cea2d72-0d37-5ea0-82da-104d2b8392ea,,,0bef0a38-55c1-5603-8581-28e9d0aea479,0.5 cup,GRAM,85.0
0c6a15b7-d22f-5c32-8873-7d4d540c07b6,,,5dea8bd6-b1d0-59c2-80c1-93cd43487fda,100g phần,GRAM,100.0
2d6a49e1-4069-5c23-9fb4-6a83542f4b34,,,5dea8bd6-b1d0-59c2-80c1-93cd43487fda,4 oz,GRAM,113.0
c62e3169-e0f0-5e4c-8b99-133861e15424,,,b5ce4879-52ae-57fe-9640-b8f32e244ada,100g phần,GRAM,100.0
3eb8943d-cb07-5cc8-aebb-63dba37d84cf,,,b5ce4879-52ae-57fe-9640-b8f32e244ada,2 tbsp,GRAM,30.0
91a5800a-3e01-5760-a881-df0bc8f35dc4,,,7fa5e12d-2f92-5c9c-9223-95155e53869f,100g phần,GRAM,100.0
e7c534ee-e564-5c27-84cf-3bd97c364d83,,,7fa5e12d-2f92-5c9c-9223-95155e53869f,1 tbsp,GRAM,15.0
8f7bc51b-7895-51ea-89d9-270c0c071b6e,,,91f63179-9c68-5f76-864c-aa058d5f4834,100g phần,GRAM,100.0
7dcd7f16-3a8c-54b3-8e57-07ededb0614a,,,91f63179-9c68-5f76-864c-aa058d5f4834,4 prunes,GRAM,40.0
4087cede-a7e0-52a2-98ff-d2905afd2adb,,,8154f1c7-beb4-5d51-be8c-00db9fb8d0bf,100g phần,GRAM,100.0
72426369-11c5-5d70-a988-d4683edbd65a,,,8154f1c7-beb4-5d51-be8c-00db9fb8d0bf,1 slice,GRAM,38.0
c003e069-6ba4-5761-a408-a4966c654606,,,ee2f80f0-2aca-5421-9dbe-d6bcb6836150,100g phần,GRAM,100.0
871fcf16-3d9a-5538-bb27-385d91a9b146,,,ee2f80f0-2aca-5421-9dbe-d6bcb6836150,1 tbsp,GRAM,7.0
71eb4d03-a96e-5443-b09e-716737dcf818,,,c2b62ba7-0c9a-5396-990e-5112709ef19f,100g phần,GRAM,100.0
a0f39db2-a411-555d-99a1-ed8b91c4ca96,,,c2b62ba7-0c9a-5396-990e-5112709ef19f,1.5 fl oz,GRAM,44.0
292659c3-20ba-5990-a767-89cef5f285d0,,,26441e05-0823-5309-bdf0-8f852ead91dd,100g phần,GRAM,100.0
0d982978-1dfa-5ee7-b532-75101a659da5,,,26441e05-0823-5309-bdf0-8f852ead91dd,5 fl oz,GRAM,150.0
5f552ce6-bcbf-531a-a3f3-e05172b95696,,,0f89a705-b96e-597d-a609-a4ae4310c3e1,100g phần,GRAM,100.0
61ffc373-aad7-5243-883e-7e5084f75d0f,,,0f89a705-b96e-597d-a609-a4ae4310c3e1,1 cup,GRAM,36.0
0414f494-63bf-5b4d-9255-59d30794ff34,,,62ee07bd-7377-5e7e-a189-ea6c30543310,100g phần,GRAM,100.0
588f6acb-7f08-532f-9a86-ab11b4273644,,,62ee07bd-7377-5e7e-a189-ea6c30543310,3 oz,GRAM,85.0
ca83b56b-2d31-5453-b447-3cf71cb50775,,,0eb0df94-e553-53e1-9874-0a966e4dbb16,100g phần,GRAM,100.0
14e7a5c1-aab6-5094-b1da-ae58c4e142fa,,,0eb0df94-e553-53e1-9874-0a966e4dbb16,1 tsp,GRAM,3.0
1c786b7f-8acb-5e1a-88f6-56da4f0a9584,,,991dcdf7-6eae-5101-9b00-d578ba18db15,100g phần,GRAM,100.0
4a9fa992-4049-5513-9849-5ff5b0f0b3c6,,,991dcdf7-6eae-5101-9b00-d578ba18db15,16 fl oz,GRAM,473.0
aa18a611-2cf1-5dbf-8ac0-87c581ed7e85,,,fc600f9d-cc3c-50cd-b7c9-9f3c2b3f0f48,100g phần,GRAM,100.0
0ced9547-31a5-5ff0-9efd-944bae944ce5,,,fc600f9d-cc3c-50cd-b7c9-9f3c2b3f0f48,1 oz,GRAM,28.0
eb781a2f-3e34-5ab7-bce1-7d957231b26e,,,129ef38e-4b9e-5cdb-825a-ea0b28f14981,100g phần,GRAM,100.0
712d3d97-e205-54fd-9b94-f572414c8b74,,,129ef38e-4b9e-5cdb-825a-ea0b28f14981,1 oz,GRAM,28.0
915407d6-4dfb-5c39-9b41-3ecd6a701141,,,8b7f1951-4626-54fe-877d-5f3ba1e8d76c,100g phần,GRAM,100.0
03e6631d-6e69-5dad-8961-62a170e5ce05,,,8b7f1951-4626-54fe-877d-5f3ba1e8d76c,1 cup,GRAM,240.0
e9f0013d-fce5-5fdf-a016-bf1e59133e9c,,,0e0644f5-e6c2-53a8-beb9-a26f7193ad05,100g phần,GRAM,100.0
620a3f0c-42f8-5eeb-b467-7a91cb72d37a,,,0e0644f5-e6c2-53a8-beb9-a26f7193ad05,3 oz,GRAM,85.0
6d10a9e0-14f6-57e5-9d5e-9ac37c025feb,,,f9a5d6c5-6748-5653-a2f9-7c74db0bee16,100g phần,GRAM,100.0
2ca9a540-88a8-5a2a-a09a-51136b809fa2,,,f9a5d6c5-6748-5653-a2f9-7c74db0bee16,1 cup,GRAM,205.0
afcefdab-cd9c-5448-adec-5063ec6778db,,,e5eaa54e-6bbf-51f5-b02e-d1025fd7a350,100g phần,GRAM,100.0
68f11813-ef55-5d5f-8507-b75313109eb7,,,e5eaa54e-6bbf-51f5-b02e-d1025fd7a350,3 oz,GRAM,85.0
b26e3d0f-1cfe-5ea8-9e88-8b769fa8e4f5,,,c372b6de-e047-5c7d-a467-88068980fd31,100g phần,GRAM,100.0
9100dbab-5de6-5f82-aaec-6ed34692b629,,,c372b6de-e047-5c7d-a467-88068980fd31,1 medium,GRAM,74.0
3a671533-bf73-5a74-a80b-aedf3477648e,,,118a1e82-9560-5e9f-ad34-ee171f7afd35,100g phần,GRAM,100.0
2021f536-56fd-5e1e-96f3-abac317bbfbf,,,118a1e82-9560-5e9f-ad34-ee171f7afd35,5 piece,GRAM,40.0
641793bc-bd78-5826-a099-efb8334b3d7e,,,48a8dad5-8652-5d73-8e1a-b1b0a8a2883f,100g phần,GRAM,100.0
6ceada3f-b99f-5dac-bdeb-70f7297c628d,,,48a8dad5-8652-5d73-8e1a-b1b0a8a2883f,1 tbsp,GRAM,14.0
6ee9edf8-1d0a-5664-aaff-b1143f3d1f22,,,d799ee32-9944-559e-9c58-c5554c3d7e09,100g phần,GRAM,100.0
02996ede-fcfe-57bc-a8df-8fa263f8018e,,,d799ee32-9944-559e-9c58-c5554c3d7e09,4 oz,GRAM,113.4
627092ae-48bf-5dfe-8ea5-32c97a5fc4c5,,,f7374d41-923b-5f3d-bfae-66c6b66c6284,100g phần,GRAM,100.0
91b29f07-e2fe-5dec-bcfe-599bf1999124,,,f7374d41-923b-5f3d-bfae-66c6b66c6284,4 oz,GRAM,113.4
2ffbdd7c-5330-5291-8d4f-1b9a9d56577a,,,9b24cc66-53c9-50c1-83a6-42bfc9f2ebe7,100g phần,GRAM,100.0
70a95ea9-bdc4-563b-a07d-d5459881af48,,,9b24cc66-53c9-50c1-83a6-42bfc9f2ebe7,12 fl oz,GRAM,355.0
315def3d-e1ac-5fce-9d5b-92690da686a1,,,c9301395-08e8-5144-ba61-5c6c2dcebea2,100g phần,GRAM,100.0
bccc0e81-f7b8-55d3-929a-b9b485a300f5,,,c9301395-08e8-5144-ba61-5c6c2dcebea2,3.25 oz,GRAM,92.0
e80e81be-8b74-5816-94b4-a2596ae8abd5,,,250468c3-38a4-51bc-87dc-80345d19540f,100g phần,GRAM,100.0
2cf10d80-5f0d-59ef-baa4-46712ce80766,,,250468c3-38a4-51bc-87dc-80345d19540f,4 oz,GRAM,113.0
3e66dfac-0998-55d2-a43b-9fb9b9f9e39e,,,b1ea5a57-7700-5e0d-8ae1-f4b47101f266,100g phần,GRAM,100.0
4ff7b76d-40b0-59d1-9c6b-0e00616ccb68,,,b1ea5a57-7700-5e0d-8ae1-f4b47101f266,4 oz,GRAM,113.0
8526d910-1028-5cf1-85fa-7118d4ed83fc,,,64e9433a-9fdb-5e28-84b3-6532d0186a19,100g phần,GRAM,100.0
20507bc9-f8ab-56ad-bbed-b2a795dff082,,,64e9433a-9fdb-5e28-84b3-6532d0186a19,4 oz,GRAM,113.4
8c6bc2f8-5418-5662-aee2-e8f6c57c8bb5,,,48037a6d-e316-5593-9573-0ecde4cf3d9e,100g phần,GRAM,100.0
2b2d6d7d-2523-5888-89e6-ce933ee5e2e3,,,48037a6d-e316-5593-9573-0ecde4cf3d9e,3 oz,GRAM,85.0
006aff3a-cd80-5462-9ac8-18d1672bec27,,,0d8d94eb-be3f-5d74-b927-8d09aa98f626,100g phần,GRAM,100.0
24509b94-47ba-5d23-9774-72dfff56af95,,,0d8d94eb-be3f-5d74-b927-8d09aa98f626,3 oz,GRAM,85.0
bd282315-543c-5d8c-8576-407ca3f361be,,,c0dff7d6-cc7f-536e-a8d3-ff9903fb48be,100g phần,GRAM,100.0
0b18c0e2-aa48-504c-bee4-724f2381e127,,,c0dff7d6-cc7f-536e-a8d3-ff9903fb48be,1 tsp,GRAM,0.5
9636bda5-c416-55e9-98e5-462b4cfddaa6,,,0b4ef80e-3690-5ea5-b3b7-c54830cc308e,100g phần,GRAM,100.0
0828a50d-6619-500b-8c34-ae34388b70b7,,,0b4ef80e-3690-5ea5-b3b7-c54830cc308e,3 oz,GRAM,85.0
89561037-d298-5c32-a6eb-0b66c2808cf5,,,b7705069-7692-50a3-aa20-0335be4b1ef9,100g phần,GRAM,100.0
2b9e208f-e38c-5dcf-a0e7-2c767d7302bd,,,b7705069-7692-50a3-aa20-0335be4b1ef9,1 bar,GRAM,50.0
8be2b08b-ff65-545d-917b-1bfe5f881a46,,,fe67385b-06a1-55fc-bad3-cee23dc006c8,100g phần,GRAM,100.0
59e7f8ab-43ea-517c-9bfc-d4f4767e1e54,,,fe67385b-06a1-55fc-bad3-cee23dc006c8,0.25 cup,GRAM,15.0
a9efb4c8-2688-5a84-99b8-17395d5fbd0f,,,e94a536d-6094-5efd-a4a8-99fba65f3974,100g phần,GRAM,100.0
604f18c4-75f1-5644-8428-81495b383085,,,e94a536d-6094-5efd-a4a8-99fba65f3974,1 tsp,GRAM,2.5
92a1ed91-ba1b-55c7-83e0-694d8007a025,,,8bf20f03-1ae1-59f5-bcf3-d0b7cb710305,100g phần,GRAM,100.0
3b9857b3-697b-5a5b-aafd-4c00ee235f95,,,8bf20f03-1ae1-59f5-bcf3-d0b7cb710305,1 tamale,GRAM,140.0
26a682dc-a068-5b38-b348-105eff0b01e7,,,442b6deb-cf0c-5741-abbf-21df1c6b201b,100g phần,GRAM,100.0
c075186d-b8b5-5149-9d4a-d1ede541d49a,,,442b6deb-cf0c-5741-abbf-21df1c6b201b,3 oz,GRAM,85.0
7e6a7eaf-7f08-5eb1-8bb3-7fc015257c45,,,81bb6a7a-7826-5699-954a-14cee3262c83,100g phần,GRAM,100.0
bff9f81f-04e0-57a2-9ad2-1cec29dd0a79,,,81bb6a7a-7826-5699-954a-14cee3262c83,3 oz,GRAM,85.0
4eef946b-f637-5e27-8f63-b8a149366e4a,,,f7872ffd-e775-5ccd-a91c-0f5ee7de3918,100g phần,GRAM,100.0
830d55bb-cd50-50d4-87a6-a78062b2790d,,,f7872ffd-e775-5ccd-a91c-0f5ee7de3918,3 oz,GRAM,85.0
09d09bc9-afd9-53a3-9d2c-ba5f8e721767,,,88589c17-ea30-5638-8956-82c819a0c64a,100g phần,GRAM,100.0
be00c37f-3c6b-5eeb-8ff8-e0de1b6b7ed7,,,88589c17-ea30-5638-8956-82c819a0c64a,4 oz,GRAM,113.4
5bfde88e-7855-528f-b03d-0c419a5edd83,,,cd895bf2-7201-585f-be77-f8544a9dd546,100g phần,GRAM,100.0
2616f27d-841c-5faf-842b-bc501d07e4cb,,,cd895bf2-7201-585f-be77-f8544a9dd546,1 tbsp,GRAM,15.0
1c1952f3-8123-5fe3-b0ab-b449a8568f5d,,,2fd5e00e-17b5-5034-ad0d-ecbe2f583187,100g phần,GRAM,100.0
c1f48865-ebdd-5891-ab57-faf29edb3a98,,,2fd5e00e-17b5-5034-ad0d-ecbe2f583187,5 fl oz,GRAM,150.0
0ada1c64-cf16-58df-a145-c3c75252b2c7,,,9fb303e4-56ce-5df2-bba5-e8ec2716c6bb,100g phần,GRAM,100.0
eaf5db8a-da34-5dcc-b652-652a6b0d068d,,,9fb303e4-56ce-5df2-bba5-e8ec2716c6bb,1 cup,GRAM,85.0
1640a53b-7e33-50df-b63f-a7e26dbed976,,,e3ec7f8e-4de0-58d6-bade-ef1c92144ac7,100g phần,GRAM,100.0
6a54271a-7f56-5df7-840b-a0ca9482a17b,,,e3ec7f8e-4de0-58d6-bade-ef1c92144ac7,3 oz,GRAM,85.0
88809297-e8e4-5936-a121-5f5b8a83386c,,,bd3ad3c1-5e7a-5853-8fe0-e59a6606b3be,100g phần,GRAM,100.0
6cfaace6-62cb-56ef-b548-9ecf77b0d5da,,,bd3ad3c1-5e7a-5853-8fe0-e59a6606b3be,1 cup,GRAM,134.0
4861711d-886c-59a7-8300-1f4b7d995aed,,,4474188e-d7cf-5920-ae42-cc30f13381ed,100g phần,GRAM,100.0
0de5d753-2190-57bb-8186-577e32292f97,,,4474188e-d7cf-5920-ae42-cc30f13381ed,2 tbsp,GRAM,14.0
eb310834-0724-51a0-917e-b51da102dded,,,8fd2e4ac-b68d-5bb0-a4a5-1828737e0b31,100g phần,GRAM,100.0
2355d090-deb0-58bb-9be0-7977ea12e909,,,8fd2e4ac-b68d-5bb0-a4a5-1828737e0b31,1 date,GRAM,24.0
b48c9610-c24c-5ca8-8def-323246518d6a,,,2d50856d-633a-5052-9fd9-89fcc12f4dc6,100g phần,GRAM,100.0
8ae1fe9c-8d31-5b75-a9c2-45f307af0fb1,,,2d50856d-633a-5052-9fd9-89fcc12f4dc6,1 cup,GRAM,20.0
626453b8-7021-5218-b096-4875e02d7de0,,,9df1d0bd-189f-5717-99e1-e8cdf8350a2f,100g phần,GRAM,100.0
f2034a94-539e-551e-bf18-55208207465a,,,9df1d0bd-189f-5717-99e1-e8cdf8350a2f,4 oz,GRAM,113.0
7c04cb8f-2aee-5289-bfa1-a3471e98f360,,,7f08ed38-ebe8-50a9-b1c6-f99e05c20526,100g phần,GRAM,100.0
495388e8-5569-54e2-90f3-b79664b740e6,,,7f08ed38-ebe8-50a9-b1c6-f99e05c20526,1 date,GRAM,24.0
83f35318-bc91-5ad2-92f5-2c1601b4886f,,,5a84b140-1d17-55bc-ad6a-607ab46bb66a,100g phần,GRAM,100.0
7c842f60-b23f-5d32-ac76-b97ba5282878,,,5a84b140-1d17-55bc-ad6a-607ab46bb66a,1 cup,GRAM,240.0
4acb6dad-68cb-565b-85e4-a20753d75ca5,,,9844015f-8f7e-5752-bdcb-829849a9b351,100g phần,GRAM,100.0
beac9c24-04cd-592e-8201-12b81b91f302,,,9844015f-8f7e-5752-bdcb-829849a9b351,3 oz,GRAM,85.0
97170da1-00fe-5808-aabb-3083acdbe5ef,,,fb3d6727-11b7-589c-a2cb-7dcfa14cd843,100g phần,GRAM,100.0
1c025218-b03b-5710-98f5-7d783570a397,,,fb3d6727-11b7-589c-a2cb-7dcfa14cd843,3 oz,GRAM,85.0
f4a7d669-7547-5d53-89d0-55d9d8b4a8cc,,,22a92389-2804-55ba-a14c-32fff1cc6e8d,100g phần,GRAM,100.0
1d3b5525-3693-5220-853a-4fdbed4f7e58,,,22a92389-2804-55ba-a14c-32fff1cc6e8d,1 cup,GRAM,250.0
1f3104f7-70e3-5623-9b45-0ff23c6f41ad,,,f05f8d93-9c15-59ab-86ba-83833fa9a264,100g phần,GRAM,100.0
a25fcf48-fa75-5cfc-8740-6c9453c00841,,,f05f8d93-9c15-59ab-86ba-83833fa9a264,2 tbsp,GRAM,30.0
d9f7e4d6-df36-570c-afb3-0ba67143435c,,,10553ee7-acac-58df-bc5b-2306f94561d6,100g phần,GRAM,100.0
6ec1c3a2-9fda-50d3-b957-b25063fcd071,,,10553ee7-acac-58df-bc5b-2306f94561d6,5 fl oz,GRAM,147.0
747c8d59-309a-54f0-95d4-ed84dfde069e,,,42354b4e-b67c-5dfb-8f68-1bb480400628,100g phần,GRAM,100.0
4b74b8b4-e8c7-57ab-b7c7-c3196d8c0ad3,,,42354b4e-b67c-5dfb-8f68-1bb480400628,1 cone,GRAM,93.0
b3dab3e7-03a6-5ba4-8de8-428651323029,,,1ff2cec5-ab69-51bb-8550-c8ea1a19268e,100g phần,GRAM,100.0
0f24ca5a-a831-55b9-b5f0-5d0efa5a88fc,,,1ff2cec5-ab69-51bb-8550-c8ea1a19268e,3.75 oz,GRAM,106.0
04f486b2-a929-53fc-bcf2-b9931cb2de5a,,,332a9848-7b18-5d54-a996-5689d4b58061,100g phần,GRAM,100.0
c23ba10f-ddbe-500f-b19d-66e3b5538980,,,332a9848-7b18-5d54-a996-5689d4b58061,1 tbsp,GRAM,14.0
7f43d85c-34f2-549e-90ce-f1d4af9615fb,,,090c0cc2-64c9-5007-94f4-d1d7882e4098,100g phần,GRAM,100.0
3fd61756-6410-515c-967a-095a9c3dcdef,,,090c0cc2-64c9-5007-94f4-d1d7882e4098,4 oz,GRAM,113.0
32926082-0051-5d73-8dab-f150132c87f3,,,347541ec-baa7-50f0-8f32-18ae41a77967,100g phần,GRAM,100.0
49a1b6c2-14b5-5ab1-a543-915558f80f6b,,,347541ec-baa7-50f0-8f32-18ae41a77967,3.4 oz,GRAM,95.0
0da3be43-d15e-537d-aa9d-1c1a75909761,,,c23a4469-444b-5782-8f34-dba01ab7c4e0,100g phần,GRAM,100.0
6d7df566-c579-5cd9-8970-fa7934b701cb,,,c23a4469-444b-5782-8f34-dba01ab7c4e0,1 cup,GRAM,104.0
509a83b1-fb60-5f57-b24a-762d7070d4df,,,1d59e254-58c5-5724-ba33-4af40c9a974b,100g phần,GRAM,100.0
c277ba8c-ac24-5d50-866e-c4582ee10a3a,,,1d59e254-58c5-5724-ba33-4af40c9a974b,4 oz,GRAM,113.4
e2172697-d5cb-5e39-a8f1-6bd0269e2c14,,,887049ef-2b05-5d8d-8660-f67a5c2a0731,100g phần,GRAM,100.0
d7398f9a-6438-5409-a0d5-47b72252859d,,,887049ef-2b05-5d8d-8660-f67a5c2a0731,1 cup,GRAM,240.0
61ba43ad-7f77-5f32-a578-960e6097fe9d,,,00151c45-ad3d-5de9-8976-f6957234ca8a,100g phần,GRAM,100.0
c9132e57-a1e5-548b-9632-4e53aa5ac14a,,,00151c45-ad3d-5de9-8976-f6957234ca8a,4 oz,GRAM,113.0
8051c877-fd1e-5d15-8276-43707202ac3d,,,499bbcca-8148-5394-bb37-90159ddcfdfb,100g phần,GRAM,100.0
1203abd2-2933-5ff7-af5d-37cfc3dcf1bd,,,499bbcca-8148-5394-bb37-90159ddcfdfb,0.5 cup,GRAM,85.0
cdaf0e6f-87a9-5e02-a60c-3a09f30cf34e,,,fac6b483-62e9-5450-8259-a03a69d5b099,100g phần,GRAM,100.0
959058f0-4f5f-524a-b510-9700bf9f1467,,,fac6b483-62e9-5450-8259-a03a69d5b099,1 bar,GRAM,45.0
6eff53e2-580c-504b-b798-5faf5d44509a,,,22301d84-8d34-5bfc-8081-66a340d84ad6,100g phần,GRAM,100.0
96f2ac35-658e-5017-a531-f18a53758e14,,,22301d84-8d34-5bfc-8081-66a340d84ad6,4 oz,GRAM,113.4
16ba2c10-5ee8-5c54-98bb-cdcf0e588e91,,,d37ff087-38d5-5302-b989-a6907a2db625,100g phần,GRAM,100.0
6a1ebd70-4fca-5e2b-8db5-5638a692521b,,,d37ff087-38d5-5302-b989-a6907a2db625,4 oz,GRAM,113.4
e6b4c8e8-1b93-5a6a-8012-b69cd8df7cc2,,,2800ef37-42c8-578f-aaa5-a737a2dcfdea,100g phần,GRAM,100.0
cf5c7e7e-1824-5314-ab10-7707b182817e,,,2800ef37-42c8-578f-aaa5-a737a2dcfdea,4 oz,GRAM,113.0
669d8e38-c937-5812-9578-d9dc8b993223,,,4eec0ada-f7d7-5139-a6f2-26125165f32a,100g phần,GRAM,100.0
49af0819-8c21-59a5-b1f4-8ffc1a6a1840,,,4eec0ada-f7d7-5139-a6f2-26125165f32a,0.25 cup,GRAM,50.0
76168705-5df9-5dec-8f89-80483ac30d7e,,,66acb27a-6a1c-5b9a-a737-54add6c16003,100g phần,GRAM,100.0
32515e14-a289-5f5c-8055-db48b3e86524,,,66acb27a-6a1c-5b9a-a737-54add6c16003,0.5 cup,GRAM,85.0
e6cc01d4-4156-58b7-9fb8-a7f08472cfec,,,d316c32d-7e6d-5c63-a9ef-68e808d1c0f0,100g phần,GRAM,100.0
70f74cf8-d5d1-5dbd-9abc-2b45008e800f,,,d316c32d-7e6d-5c63-a9ef-68e808d1c0f0,4 oz,GRAM,113.0
0280162f-3477-559b-a42e-3a5ce47fe524,,,b747283f-2fcb-5645-8f98-fce97df84181,100g phần,GRAM,100.0
074a9831-8f58-5a04-9c71-c682c45641fb,,,b747283f-2fcb-5645-8f98-fce97df84181,2 tbsp,GRAM,30.0
31fab877-1a4f-594e-b88b-6d2b54110499,,,f3265986-f58e-5da7-b2ca-162b29d386b4,100g phần,GRAM,100.0
ee2efdaf-80aa-5cd0-92b3-862d84509e1c,,,f3265986-f58e-5da7-b2ca-162b29d386b4,0.25 cup,GRAM,40.0
6d176bb5-102e-5ea0-b139-e0469708d666,,,965ce55a-d64f-5e24-89c0-f51125f0202d,100g phần,GRAM,100.0
2790bb72-090e-56d7-9369-116641830910,,,965ce55a-d64f-5e24-89c0-f51125f0202d,3 oz,GRAM,85.0
a1784218-7f0f-5774-bf9a-0399c7047368,,,ab7113e1-7365-5b75-b56c-e1cf7767e082,100g phần,GRAM,100.0
ba4659b3-c0b2-5030-acad-d154b6ee873b,,,ab7113e1-7365-5b75-b56c-e1cf7767e082,1 tsp,GRAM,5.0
8022794b-0ed9-523e-92d0-5cc35f6ac86e,,,95674b91-f2ec-55a3-af81-b14d2880a68c,100g phần,GRAM,100.0
5d3baefd-ea98-5bb8-8850-4a5a0e706c8f,,,95674b91-f2ec-55a3-af81-b14d2880a68c,4 oz,GRAM,113.0
e2bebc89-9880-5f82-864a-1ace89684691,,,b61f3888-e269-58f9-8616-d46cca489b01,100g phần,GRAM,100.0
def34053-2549-54c7-869f-d804e030f8a4,,,b61f3888-e269-58f9-8616-d46cca489b01,0.5 cup,GRAM,90.0
b4705001-288b-5e94-95dd-fcff761a9b9a,,,e80d3b7b-8e1c-5026-ae09-991ad974f60f,100g phần,GRAM,100.0
eff8ba73-eaf8-5253-b2d5-547cfced36eb,,,e80d3b7b-8e1c-5026-ae09-991ad974f60f,0.25 cup,GRAM,40.0
2590065a-ce5a-504b-aaee-52e418781683,,,938f6c75-cea9-5ac3-9947-c8d6fbc509b5,100g phần,GRAM,100.0
5fb79f7c-4f81-54d1-a84a-51981915a487,,,938f6c75-cea9-5ac3-9947-c8d6fbc509b5,4 oz,GRAM,112.0
3534ab4f-f8dc-58e6-9853-d495f48b854e,,,63269232-8d7e-582f-a12b-19bec5da53b4,100g phần,GRAM,100.0
90976ba6-7338-563e-ab0b-4c079765d958,,,63269232-8d7e-582f-a12b-19bec5da53b4,1 slice,GRAM,125.0
3b19c843-d340-5f5c-9bd9-c3fbff209641,,,96cf8c73-433e-5152-aaf1-bbe1b8e0f2cc,100g phần,GRAM,100.0
c6c36830-4b37-58fa-b59d-8302d5e88b02,,,96cf8c73-433e-5152-aaf1-bbe1b8e0f2cc,1 bowl,GRAM,230.0
06cd3edc-a4ae-5f35-8997-64241352e4a9,,,74b701df-3f78-5f32-901a-dc51791c4a94,100g phần,GRAM,100.0
11d04bf8-c0fb-53cf-b5d0-5c0a6b0f4155,,,74b701df-3f78-5f32-901a-dc51791c4a94,1 cookie,GRAM,15.0
30a66541-169b-5b3a-8ad2-ff08e9a0b964,,,cd58cc64-d91a-51e8-b5d5-a3b64d98c82d,100g phần,GRAM,100.0
f2fedf46-6c43-5901-a871-cae9a23781be,,,cd58cc64-d91a-51e8-b5d5-a3b64d98c82d,1 oz,GRAM,28.0
385eb683-656f-522b-9d4e-f9208038a769,,,5e250eaa-c0e3-582c-a827-c8c41e373cdd,100g phần,GRAM,100.0
cf6cc761-d5ba-5181-9312-ce2e379db1c3,,,5e250eaa-c0e3-582c-a827-c8c41e373cdd,3 oz,GRAM,85.0
086e387b-aac3-5925-9e93-01e42e5ad9e7,,,fbc01917-83d4-5139-a6ba-fb2d21667df8,100g phần,GRAM,100.0
31661534-cf31-5ae1-b572-d691e9dfb4b2,,,fbc01917-83d4-5139-a6ba-fb2d21667df8,2 tbsp,GRAM,42.0
42300664-03f4-55f5-bd88-97fe8d1be91e,,,476b360a-d233-59ac-bfad-57da64f03607,100g phần,GRAM,100.0
675abfd8-c27d-5565-a691-ce7873539c3c,,,476b360a-d233-59ac-bfad-57da64f03607,1 cup,GRAM,90.0
3ba4b315-c6e5-5968-b4ca-1e8c4a96029e,,,72f60fc0-1b32-5467-92fe-4487a0702f45,100g phần,GRAM,100.0
c2e45284-3196-509e-9a7f-a6b9b68c63cc,,,72f60fc0-1b32-5467-92fe-4487a0702f45,0.25 cup,GRAM,20.0
4b6e5ebd-2fc5-5332-9758-dd382dd116c3,,,da018741-ffa2-5d87-a251-19aefaaa020f,100g phần,GRAM,100.0
3f53b89e-299f-52fe-ac7b-4ccd0d05d0c1,,,da018741-ffa2-5d87-a251-19aefaaa020f,2 oz,GRAM,56.0
cbc392d8-746e-585a-aa92-f98ef112f8a5,,,1f8aff8e-c87f-59c7-8ed7-ec2aacb9cd37,100g phần,GRAM,100.0
890490f8-b736-5126-aa6b-40d347c82ba1,,,1f8aff8e-c87f-59c7-8ed7-ec2aacb9cd37,1 slice,GRAM,140.0
90df00ae-2055-57c4-a099-6778a449b467,,,7369918b-68da-59c9-b610-c07eb0e1fa3d,100g phần,GRAM,100.0
2b94bcb1-7293-5bd2-8ecd-364029071fda,,,7369918b-68da-59c9-b610-c07eb0e1fa3d,1 cup,GRAM,200.0
d17e5186-ef49-5e46-8b3f-563c760aa709,,,09fac294-3418-50fa-bcc6-3e7cd8e808b3,100g phần,GRAM,100.0
744e0008-d0d2-5190-a47d-74094b5e36de,,,09fac294-3418-50fa-bcc6-3e7cd8e808b3,3 oz,GRAM,85.0
71195e9f-e9ae-549f-8f3e-cd2998925cbb,,,b3c2845a-8f61-5aff-bdc2-abd439e48861,100g phần,GRAM,100.0
2c1c3e44-d818-514e-807b-bb37d4e332fb,,,b3c2845a-8f61-5aff-bdc2-abd439e48861,4 oz,GRAM,113.0
fd50441a-e048-5986-954a-b0d0be2b4eea,,,56726200-5e86-528a-8013-93dc9ebff906,100g phần,GRAM,100.0
40b3c912-51fc-5cd8-bc9c-b6f079a561ed,,,56726200-5e86-528a-8013-93dc9ebff906,1 slice,GRAM,50.0
0e12364e-5bea-5f58-b55f-26c27d9fde45,,,7014456c-44c7-56df-9ff8-b15b360ad882,100g phần,GRAM,100.0
f94c4635-6f9f-5e12-b0ae-c3172f8a9507,,,7014456c-44c7-56df-9ff8-b15b360ad882,1 bar,GRAM,20.0
df9ff458-2771-5bed-a318-123afed0d2af,,,7ad76e57-ce78-51aa-b7b0-ac3a67751c3b,100g phần,GRAM,100.0
b96768a3-d260-559e-819b-174caeeadb34,,,7ad76e57-ce78-51aa-b7b0-ac3a67751c3b,1 tbsp,GRAM,18.0
39f25c88-a0c6-5915-b9e1-f8bc14b27b4f,,,b3e74881-dafb-5367-9461-36debbdd1214,100g phần,GRAM,100.0
17a3423e-354a-50f8-918c-7bd08604096f,,,b3e74881-dafb-5367-9461-36debbdd1214,1 crepe,GRAM,75.0
c2c5c731-d654-57af-bc95-94119d9e61b4,,,cce678d1-b84d-57ca-8be9-a121ab5555c7,100g phần,GRAM,100.0
caead11b-de74-5509-873e-b42dbb1db76c,,,cce678d1-b84d-57ca-8be9-a121ab5555c7,1 cup,GRAM,116.0
0857495a-d3c5-55fa-a937-b427b6b21632,,,267098fd-cf90-50c1-838b-0670366add57,100g phần,GRAM,100.0
b39013dd-6bc9-50c9-b4b2-c2839f7c68ac,,,267098fd-cf90-50c1-838b-0670366add57,1 oz,GRAM,28.0
110bc40b-8fc9-576b-bbe8-f9782be57765,,,a4d3dcd9-ecaf-5c91-af4a-c8d320ccb5c7,100g phần,GRAM,100.0
960b8820-20e7-5abe-b323-58f6c3369426,,,a4d3dcd9-ecaf-5c91-af4a-c8d320ccb5c7,0.25 cup,GRAM,60.0
b80c10e7-0aa8-55c5-b3e5-6aab70fb882f,,,cd3b2678-c6ba-59a0-b005-c57eb44dbaeb,100g phần,GRAM,100.0
52c1244c-ca9d-5e2e-8aaf-ca373b4495ad,,,cd3b2678-c6ba-59a0-b005-c57eb44dbaeb,1 tsp,GRAM,5.0
1829a93c-7b37-52ac-a9a7-bd755f46d4b1,,,f97bee20-4a32-5dff-b5ad-2e6b5a3dcadf,100g phần,GRAM,100.0
e70afa44-ec9d-501e-b961-b97bbd149ba6,,,f97bee20-4a32-5dff-b5ad-2e6b5a3dcadf,2 oz,GRAM,56.7
61e31ec8-eb85-5ad7-9723-0367a17dc5c1,,,a60c954a-8f9e-55b6-a024-ea2bae84b126,100g phần,GRAM,100.0
87c5dca9-eb00-5954-aeb3-9256f3a23542,,,a60c954a-8f9e-55b6-a024-ea2bae84b126,1 oz,GRAM,28.0
5efb4c79-932c-5261-9980-429bfe3dcb99,,,ed7c2537-4d59-50cd-87c5-575190864aba,100g phần,GRAM,100.0
85a93675-e355-590b-9714-f61d321232d1,,,ed7c2537-4d59-50cd-87c5-575190864aba,1 roll,GRAM,85.0
abbb15cd-bfee-58be-849b-c77d03829d4f,,,37307321-8467-549c-818a-d170df4de67b,100g phần,GRAM,100.0
a9fde0b0-d99b-52fb-ad3a-0000cb5e1ae7,,,37307321-8467-549c-818a-d170df4de67b,1 cup,GRAM,31.0
b6540a1f-e0ea-5049-a717-9b969a71f1c4,,,59bd7aac-d42c-52fb-8dfe-a5e57b8c70f8,100g phần,GRAM,100.0
6fc8bdb0-f36e-5913-9546-4e7fe368cef6,,,59bd7aac-d42c-52fb-8dfe-a5e57b8c70f8,1 cup,GRAM,240.0
26a3240f-2e82-5cac-9e01-1d57dd73d1d3,,,332388a9-2c51-58d3-baa9-e7887063f378,100g phần,GRAM,100.0
17635a99-cd0d-5d48-b0db-c7bb0664544c,,,332388a9-2c51-58d3-baa9-e7887063f378,12 oz,GRAM,355.0
4f388a52-2c27-54f0-ac00-6b00bcb01d2d,,,1cd47482-58e3-5599-bc9b-60d5ad2f120b,100g phần,GRAM,100.0
670a8958-708b-5564-8201-408f10e67b3f,,,1cd47482-58e3-5599-bc9b-60d5ad2f120b,5 nugget,GRAM,53.0
c3b4a950-a9ca-51f7-a351-a91ea74c8e0e,,,8ac732da-7117-5b6b-a3b8-c340a8596ebd,100g phần,GRAM,100.0
1beb1d2b-cd1b-502c-835e-9eb14c040f26,,,8ac732da-7117-5b6b-a3b8-c340a8596ebd,1 tsp,GRAM,4.0
bcb05af9-4cd2-5a0a-ba4d-cfa29be205a3,,,d87e2970-aa2a-58ff-a5df-550f081e6b7c,100g phần,GRAM,100.0
d4c89962-0fdb-591a-8b21-2a86c334ab04,,,d87e2970-aa2a-58ff-a5df-550f081e6b7c,10 oz,GRAM,280.0
d2a02429-2be9-58fb-b1d8-cb6bcbc270bf,,,86721b80-1e67-590e-84b4-84a1bcea4ea9,100g phần,GRAM,100.0
ac1220df-4513-5604-85cc-16c4152ba4db,,,86721b80-1e67-590e-84b4-84a1bcea4ea9,1 cup,GRAM,144.0
09316e71-4567-5e02-be22-016dd3880bc2,,,24e75026-720d-5ed8-99b4-34892d96d6d1,100g phần,GRAM,100.0
c5f27552-9bcc-5615-b6fe-2a482f65fcf2,,,24e75026-720d-5ed8-99b4-34892d96d6d1,3 oz,GRAM,85.0
bb61a951-c344-5e2b-b5b2-0820b9eb2618,,,655c8435-3c8d-5c5d-b58e-b4b28ce5018e,100g phần,GRAM,100.0
d9e2c907-ceb4-5685-8311-343fc3bb1a84,,,655c8435-3c8d-5c5d-b58e-b4b28ce5018e,0.5 cup,GRAM,75.0
8d96bfa8-3682-5a19-b84f-22bd1489b143,,,3a92b934-5e09-59c4-bfd6-c191dc6439ca,100g phần,GRAM,100.0
1e27de4a-54be-5b12-8bca-bd9377a088ca,,,3a92b934-5e09-59c4-bfd6-c191dc6439ca,12 oz,GRAM,350.0
6b8f3c98-b46e-5889-b2ad-c1703174c0bf,,,7234fdf3-0c1b-51ed-9b02-f14797cd8d93,100g phần,GRAM,100.0
51cd2ed3-262d-5e42-909f-54797cb074e0,,,7234fdf3-0c1b-51ed-9b02-f14797cd8d93,2 tbsp,GRAM,30.0
ea3e1c1a-0554-5144-bfcd-cd210026b968,,,b07a4584-0475-5447-87d0-ee14968b7120,100g phần,GRAM,100.0
e3865ec6-cc53-5c7a-86f9-e530d4c63e79,,,b07a4584-0475-5447-87d0-ee14968b7120,1 cup,GRAM,40.0
af09bc96-27bf-592d-99bd-6cf14caeaa1a,,,1836f014-b118-5874-b2fc-4c50e4ea73fc,100g phần,GRAM,100.0
7ea0ef87-9316-5579-801d-f1aba0cfc98c,,,1836f014-b118-5874-b2fc-4c50e4ea73fc,4 oz,GRAM,113.0
4b2cdc33-023a-50fb-a206-a53cc38b0ba3,,,7f82b62a-6efb-5e5c-a23a-12b627b2f626,100g phần,GRAM,100.0
839d89f7-165d-5c1c-ada6-e549f6d67b35,,,7f82b62a-6efb-5e5c-a23a-12b627b2f626,3 oz,GRAM,85.0
01634fe1-a96b-5993-a27f-c07db911f17d,,,45ce86dc-0d1c-54ab-8310-b27815696f06,100g phần,GRAM,100.0
dd8e0d8f-26e1-58fa-9e93-73604763041f,,,45ce86dc-0d1c-54ab-8310-b27815696f06,2 tbsp,GRAM,30.0
99a8465b-5b76-510b-bbd2-65b189dd9bd0,,,3d747893-582a-5ffe-9307-9f792c7368ca,100g phần,GRAM,100.0
714224d2-c173-5ab2-b711-7845053890c1,,,3d747893-582a-5ffe-9307-9f792c7368ca,1 tbsp,GRAM,15.0
5cd46423-be0f-53f9-9b14-9d9e58816d98,,,51285af1-7903-5b30-b3b7-2d8280cd902b,100g phần,GRAM,100.0
d60373da-8d9d-54ad-8161-1ea7c95450f0,,,51285af1-7903-5b30-b3b7-2d8280cd902b,0.25 cup,GRAM,50.0
c400382c-2529-57c7-afa3-5f0c92caf741,,,4eb76200-a9c5-580e-a404-e8d5941f5fc9,100g phần,GRAM,100.0
3cce4387-2da4-5715-9954-7ab5b5d7cc56,,,4eb76200-a9c5-580e-a404-e8d5941f5fc9,1 tbsp,GRAM,15.0
d44a9d90-512c-5e5a-a16a-d4d1c1bace13,,,a45941f1-0ff7-5292-bbc3-ac122e27f432,100g phần,GRAM,100.0
9e1519d6-a7b1-599a-a3d0-fed2a4d1f013,,,a45941f1-0ff7-5292-bbc3-ac122e27f432,4 oz,GRAM,113.0
797d9f9a-f585-598f-8dc1-19510faef5d3,,,90eff405-7ecd-5a5a-bbf1-63e42ffb4735,100g phần,GRAM,100.0
8b10f732-cfd2-50cc-903e-4359315363cd,,,90eff405-7ecd-5a5a-bbf1-63e42ffb4735,0.25 cup,GRAM,60.0
8e6113da-9a50-5aaf-8127-b364049a470c,,,47de0b8b-c6ee-5c9d-af0f-5fd6138923dc,100g phần,GRAM,100.0
8cc948a8-cb76-589e-b41f-a3b39ac8d4e9,,,47de0b8b-c6ee-5c9d-af0f-5fd6138923dc,1 oz,GRAM,28.0
c31144aa-8c6a-5e66-8920-6309cdb4ce89,,,2caa7bb4-3b12-5ac6-ab51-4b9c835e4614,100g phần,GRAM,100.0
c4255271-a722-5edb-a2f2-53bd0fa45d4c,,,2caa7bb4-3b12-5ac6-ab51-4b9c835e4614,1 oz,GRAM,28.0
c5fb6777-d63f-5be2-ba90-518e04932195,,,de045525-368d-5bd7-8c91-0cd502e37aaa,100g phần,GRAM,100.0
ba86def0-e612-513f-8e26-57bd97201245,,,de045525-368d-5bd7-8c91-0cd502e37aaa,1 cup,GRAM,42.5
d94e386b-95e1-5f3c-bf3c-dd2a51a472b7,,,8b04e675-3bfb-5368-94f9-897bfcd47704,100g phần,GRAM,100.0
6a007270-98ad-5aaf-bff5-aa4e123da0ef,,,8b04e675-3bfb-5368-94f9-897bfcd47704,3 oz,GRAM,85.0
b929fa00-0db5-5d29-9083-89fde37aff67,,,caf64d73-fc5e-5875-b017-8f208d09ca54,100g phần,GRAM,100.0
e79e0b6e-5fdb-5321-ae18-0765a01fd5c8,,,caf64d73-fc5e-5875-b017-8f208d09ca54,1 tbsp,GRAM,20.0
efb46211-c484-5141-823b-22689abd36f4,,,5d5af634-1044-54e6-84db-5d355fc08835,100g phần,GRAM,100.0
7a4fc083-801d-5997-894e-4b839b839a7d,,,5d5af634-1044-54e6-84db-5d355fc08835,1 tbsp,GRAM,20.0
3a6cf71b-b7bc-594f-921e-cbf794646f22,,,0e32368e-2c1f-5f1b-9f56-b32452db37ed,100g phần,GRAM,100.0
dcffbef0-ad6a-5b22-aca2-920a74e14a8d,,,0e32368e-2c1f-5f1b-9f56-b32452db37ed,1 oz,GRAM,28.0
0761b916-5c74-5677-bac3-81df607389c3,,,d7b5d1e5-e892-5378-af14-7e649733f076,100g phần,GRAM,100.0
6722c127-daa5-5609-8ca5-fdbbf6573c91,,,d7b5d1e5-e892-5378-af14-7e649733f076,1 fruit,GRAM,70.0
6dc763fb-f8a9-55e2-982d-f0e8e02872ec,,,665e1c7f-f3c8-5d2f-8775-b2930e3b861c,100g phần,GRAM,100.0
e6aaa7f8-de6e-579c-8b3e-9bbb4c9b81f4,,,665e1c7f-f3c8-5d2f-8775-b2930e3b861c,1 oz,GRAM,28.35
5bba481e-4e51-555d-9d30-9e27c3259d6f,,,b12e24f7-8fae-51e6-af9f-0531b9eff8f4,100g phần,GRAM,100.0
9c9ac835-d784-5e0b-8656-38efd19b0948,,,b12e24f7-8fae-51e6-af9f-0531b9eff8f4,1 tsp,GRAM,4.0
381e1a75-70f0-5f7d-9cf0-34319576defb,,,8d6018f4-b817-5db5-aadb-c60bec993f9f,100g phần,GRAM,100.0
c10cb89e-5d69-5865-88ee-60e482ebac1d,,,8d6018f4-b817-5db5-aadb-c60bec993f9f,0.9 oz,GRAM,25.0
7db16a92-c262-5de3-8aa9-548735e79f16,,,2e342e6f-fb82-57ea-8bcc-f8c1f3b48e13,100g phần,GRAM,100.0
0acc64b1-e088-5f5e-afa9-0d3110078e82,,,2e342e6f-fb82-57ea-8bcc-f8c1f3b48e13,3 oz,GRAM,85.0
f3f606f0-250f-5507-91e3-70ab331d8fb5,,,c4de10e2-0069-5164-908a-3c943e4fc30b,100g phần,GRAM,100.0
78371b3d-8798-51bf-bc04-b727a0603146,,,c4de10e2-0069-5164-908a-3c943e4fc30b,1 medium,GRAM,128.0
cf18dde1-ee29-59a5-a7e3-90eb72bdad61,,,9981689d-66fb-57e3-9c4b-b37c2b13d2cc,100g phần,GRAM,100.0
7bad2f58-8fa4-5d5a-aa08-5df64cbb0c89,,,9981689d-66fb-57e3-9c4b-b37c2b13d2cc,2 tbsp,GRAM,15.0
0831829d-a7f2-564b-95d0-6b925a67fb30,,,a578544f-9f46-5341-82f8-b56e93247e69,100g phần,GRAM,100.0
6727256b-376d-51cb-b938-ff0d2aaaa704,,,a578544f-9f46-5341-82f8-b56e93247e69,4 oz,GRAM,113.4
977be19b-6086-59c0-a477-322ff9da95a0,,,72f7e0cc-2579-5aa7-8fd7-19945d02e713,100g phần,GRAM,100.0
e228b38d-fe55-5bb3-863c-8a206de95b6f,,,72f7e0cc-2579-5aa7-8fd7-19945d02e713,3.5 oz,GRAM,100.0
b70f06f6-30b6-5680-99fd-e010dfad38c9,,,59de5578-008c-596a-8945-d67c92edffc9,100g phần,GRAM,100.0
c334a1b4-f78f-59db-8923-4dc8bf480e63,,,59de5578-008c-596a-8945-d67c92edffc9,0.5 cup,GRAM,122.0
b51c1c7e-6e49-53ac-9b03-1460c377ba42,,,79e6c812-e695-5063-b63a-4013d66e5d72,100g phần,GRAM,100.0
b34abf73-aa4e-5850-9176-dc5cce040bfb,,,79e6c812-e695-5063-b63a-4013d66e5d72,1 tsp,GRAM,2.0
2242acf7-aed0-587a-ba6b-0bfa30b9a748,,,0badb19d-df45-5edd-8033-ce156774da10,100g phần,GRAM,100.0
70cca36f-feab-5436-a7d6-17772dadb687,,,0badb19d-df45-5edd-8033-ce156774da10,1 tbsp,GRAM,15.0
3140858b-dbc7-5cff-b5a6-8d88ab9fb157,,,99b6c364-56fa-5bca-951b-7855953c0641,100g phần,GRAM,100.0
d16a28b9-849f-5067-9323-9cd6457b4ed6,,,99b6c364-56fa-5bca-951b-7855953c0641,1 oz,GRAM,28.0
feba25ad-6277-5f4f-a7a9-aef3f350fbd3,,,6a99dc91-8a97-5352-ac4d-8bb704def564,100g phần,GRAM,100.0
0f464303-e108-5a02-b430-95d8a8031206,,,6a99dc91-8a97-5352-ac4d-8bb704def564,3 oz,GRAM,85.0
14a82c4b-799e-5c1e-a286-3a0a9ace894e,,,fa02a51f-1ab0-5b78-86e6-1ef8401a28a6,100g phần,GRAM,100.0
b6309d3b-f192-5ff9-a4f3-fbfaf5429085,,,fa02a51f-1ab0-5b78-86e6-1ef8401a28a6,4 oz,GRAM,113.0
7bb3b9e4-786f-5901-8158-d60b05cff816,,,ad4733ca-dfb3-5ed6-95fe-05d33b45e09b,100g phần,GRAM,100.0
561118b5-5466-5499-80d2-234086da467f,,,ad4733ca-dfb3-5ed6-95fe-05d33b45e09b,4 oz,GRAM,113.0
fcf73c39-680e-5e33-9b76-36532df5a809,,,921db0ea-e58d-5193-88bf-91a0a0bd3f6d,100g phần,GRAM,100.0
6e4cba34-54f8-5a99-bbee-66dd46143864,,,921db0ea-e58d-5193-88bf-91a0a0bd3f6d,2 tbsp,GRAM,32.0
6c29a874-7b1f-5f9b-8478-0d383c9428c9,,,5c830d19-3903-5da8-b9ca-dec0ad2d700f,100g phần,GRAM,100.0
455023b9-29ba-5a65-81bf-ae90fa67835d,,,5c830d19-3903-5da8-b9ca-dec0ad2d700f,4 oz,GRAM,113.0
0aa9a13f-9c29-5aaa-84b7-ffcb9c15843c,,,cd90fa12-39e4-5ae4-8a5c-6e594a3cde8f,100g phần,GRAM,100.0
f71df817-690a-5856-9847-b99dffec5cfc,,,cd90fa12-39e4-5ae4-8a5c-6e594a3cde8f,3 oz,GRAM,85.0
f0e09348-a34a-585d-b3d7-6ac63c89ea3a,,,bad3985b-d899-5c50-888a-5a6ec4591448,100g phần,GRAM,100.0
4a7814e3-5756-504d-8b46-bc8bdd9230eb,,,bad3985b-d899-5c50-888a-5a6ec4591448,1 scoop,GRAM,33.0
36bae72d-a9bb-5df8-a905-2e16f43ca462,,,bf127e23-5adc-582c-a76f-0e4c835d65b4,100g phần,GRAM,100.0
bb11fdfb-f35f-5d82-a520-8bd49ec5fd8d,,,bf127e23-5adc-582c-a76f-0e4c835d65b4,3 oz,GRAM,85.0
c48001cf-f23a-55f8-a0ef-6b25a1b9925a,,,60db8cac-bbe3-540e-a917-e13bfdcce7a6,100g phần,GRAM,100.0
e2dfa1e5-a4f9-5f0e-bb12-98d1766c0256,,,60db8cac-bbe3-540e-a917-e13bfdcce7a6,15 cracker,GRAM,30.0
a8f7c676-7c69-51e6-a06e-5b3075e6272c,,,c7778724-fb61-5450-91de-0e309c7d739f,100g phần,GRAM,100.0
f2087bdc-e7f6-5795-9907-e7a9ff83c21b,,,c7778724-fb61-5450-91de-0e309c7d739f,2 oz,GRAM,57.0
c37b3931-0cce-5c8f-99ed-245fa34d17f6,,,7bab9adc-6a01-52c6-b80c-822d63185465,100g phần,GRAM,100.0
c01a18cd-ec8c-59dc-bdd2-e86749ca6616,,,7bab9adc-6a01-52c6-b80c-822d63185465,3 oz,GRAM,87.0
f8956b4f-5621-51ee-837d-0a3f84f2d69f,,,b6da98d0-cdb8-5222-a798-5ab221ac9b5d,100g phần,GRAM,100.0
f26262bb-72ab-5f12-bc8d-00767ad5f2c0,,,b6da98d0-cdb8-5222-a798-5ab221ac9b5d,4 oz,GRAM,113.4
d9341cb4-225e-5b98-bf24-bcecb85da915,,,74befc97-5abd-5b23-aaff-4a17f15952ca,100g phần,GRAM,100.0
f21e6767-4c55-5d9c-a9a4-c1794a820722,,,74befc97-5abd-5b23-aaff-4a17f15952ca,3 oz,GRAM,85.0
969f8052-a0ac-5b8b-a681-5a81d610bedf,,,ac981a17-4a5b-5dd2-a364-76b30a628e65,100g phần,GRAM,100.0
83bd08de-055e-5f92-9c65-bb99095dfab8,,,ac981a17-4a5b-5dd2-a364-76b30a628e65,1 sheet,GRAM,3.0
a96bb6d1-e61c-57e2-9457-cdacc1ffd70a,,,d35e3360-1c94-5e31-8bff-87420c0f505d,100g phần,GRAM,100.0
f4ffc88c-6d0b-5c07-8fa0-9c7407bb2f43,,,d35e3360-1c94-5e31-8bff-87420c0f505d,0.25 cup,GRAM,30.0
2cbdd407-cecb-510f-abec-1dbd28a7db98,,,86a8efe3-29bf-5f9a-aae5-e36c431c7705,100g phần,GRAM,100.0
f098249f-d34f-56c3-8842-0b71e167cc5d,,,86a8efe3-29bf-5f9a-aae5-e36c431c7705,1 roll,GRAM,180.0
94d205db-5974-5d36-8265-6cd1e5fdc83c,,,f64b6ee9-eaba-5c73-b3ff-3417dfe1c309,100g phần,GRAM,100.0
5c8848a8-0397-5ada-9481-b1d64076007c,,,f64b6ee9-eaba-5c73-b3ff-3417dfe1c309,1.1 oz,GRAM,30.0
f5777aee-6127-5552-9cbe-168806be9572,,,99b2f9a5-2dbe-56e0-89d1-7fca09ba4641,100g phần,GRAM,100.0
64598f25-f9d6-595e-a555-8e9be9c9a55d,,,99b2f9a5-2dbe-56e0-89d1-7fca09ba4641,1 pretzel,GRAM,120.0
2f9e0681-ebd7-538e-b9c5-210d9cea276d,,,da7cd5b5-216b-5c25-8f7a-3c332624da03,100g phần,GRAM,100.0
be935455-4dab-573d-87f2-bf98854ade88,,,da7cd5b5-216b-5c25-8f7a-3c332624da03,1 pop,GRAM,46.7
f1c0f55d-cfc7-5ab5-aa43-22210dfa49e2,,,8e2ddd9e-b3b8-54e8-99cf-ff692b7a7f46,100g phần,GRAM,100.0
bc44e419-7a23-51a7-8c4a-2e2a29f1430d,,,8e2ddd9e-b3b8-54e8-99cf-ff692b7a7f46,1 tbsp,GRAM,20.0
59449843-8bb9-549e-898c-ca67e452872a,,,3da0c9f1-9906-5cf6-8478-a1c23679ab7c,100g phần,GRAM,100.0
46f272bb-2cd3-56dd-b3e8-9d1e591ba557,,,3da0c9f1-9906-5cf6-8478-a1c23679ab7c,1 oz,GRAM,28.0
e836feeb-cd25-5649-bfd8-b02fe4ca1a20,,,88240ba2-9d0c-5087-a01f-8c482bfe0e97,100g phần,GRAM,100.0
80860e1f-a6d4-50b8-af5f-2a768113abef,,,88240ba2-9d0c-5087-a01f-8c482bfe0e97,2 oz,GRAM,57.0
38891b4b-1ffc-52d8-9f8c-6342b9f48e19,,,9be08178-ddfd-5296-bc24-59b3222c08e4,100g phần,GRAM,100.0
3c6264be-cd64-581b-8216-ddb6212e0873,,,9be08178-ddfd-5296-bc24-59b3222c08e4,4 fl oz,GRAM,120.0
e03981df-c83f-5c48-8473-67243892d54b,,,9d800c92-f263-55bc-9fe9-e5c6b2c33187,100g phần,GRAM,100.0
9bf7e0a3-7a49-517f-a6a1-6db2ad60a71a,,,9d800c92-f263-55bc-9fe9-e5c6b2c33187,0.5 cup,GRAM,87.0
589b72ff-c1b2-54ab-b678-ebe231bcaa6d,,,e9b381d8-ac92-560b-a97f-21d12f229be3,100g phần,GRAM,100.0
c045e26a-a3af-56c6-acc7-139578904d52,,,e9b381d8-ac92-560b-a97f-21d12f229be3,2 oz,GRAM,56.7
db2d69df-a604-58c1-bcfd-3e44d29e5242,,,a5bca198-0bbb-5d55-a2d4-aeb4343fe7e1,100g phần,GRAM,100.0
fd644845-2a79-51ac-8ab0-4113052c7baa,,,a5bca198-0bbb-5d55-a2d4-aeb4343fe7e1,1 cup,GRAM,150.0
f5492025-2ba3-5781-8cd7-1262b6c58bdd,,,43c711d7-e055-52ba-af03-96b389b61722,100g phần,GRAM,100.0
a9cff918-1379-53d4-a5d4-c683ea18ce31,,,43c711d7-e055-52ba-af03-96b389b61722,1 tbsp,GRAM,8.0
3e8f40d0-f645-570a-ac05-7c07bcf47889,,,23423a07-bd40-5bc9-9e5e-b705f48e646d,100g phần,GRAM,100.0
60b30d64-e9f7-53ff-95d0-2b32e332651f,,,23423a07-bd40-5bc9-9e5e-b705f48e646d,1 oz,GRAM,28.35
38e1397c-004e-5a35-9f33-177b96be05b5,,,badda438-a8fe-5c1f-8c39-42a8128a4e92,100g phần,GRAM,100.0
f301778a-1294-5e74-9227-f9c0b302b779,,,badda438-a8fe-5c1f-8c39-42a8128a4e92,1 oz,GRAM,28.35
76841779-295b-5884-b9d6-61a8cbb1e02d,,,5ef5d50a-51ac-526d-8d7c-c6e1eac09a56,100g phần,GRAM,100.0
1407b24f-d4d5-5d15-b65a-9d30e7b4c0cf,,,5ef5d50a-51ac-526d-8d7c-c6e1eac09a56,1.2 oz,GRAM,35.0
e32b2379-99b2-5252-ac6f-3da16e5b1c50,,,323a1627-eee9-50f6-a040-0280d13f8f51,100g phần,GRAM,100.0
089ffdcf-ec19-53fb-bbe4-932aa321623c,,,323a1627-eee9-50f6-a040-0280d13f8f51,1 wrapper,GRAM,12.0
743912a0-9dfb-5e6c-bee3-d7c84f9633ae,,,93d6b8dd-b63e-5cfa-bade-34d74cd1a96c,100g phần,GRAM,100.0
44f7cb98-889a-5b9f-999b-c64f10affe35,,,93d6b8dd-b63e-5cfa-bade-34d74cd1a96c,1 cup,GRAM,70.0
9ffd783d-a085-5b7d-9394-f846c794d2b9,,,793faaa8-5b69-54f1-a428-f97b1ebe37e7,100g phần,GRAM,100.0
36c71380-eb5a-55e6-ba7b-a33a0e912f71,,,793faaa8-5b69-54f1-a428-f97b1ebe37e7,1.5 fl oz,GRAM,44.0
09fb6d84-67c8-5282-bf70-16d5a7c006d2,,,f9976d42-9c02-5d2f-af0e-121d4d2d327f,100g phần,GRAM,100.0
2f2203c4-3a98-5eb8-adc8-1bf2ea544123,,,f9976d42-9c02-5d2f-af0e-121d4d2d327f,1 oz,GRAM,28.0
6e152672-c9b8-56a2-b777-a36f61467b20,,,6d3ca92f-e5db-545c-818a-4e4b9ce888ba,100g phần,GRAM,100.0
11a90237-fc26-525f-a4f7-98821bccd218,,,6d3ca92f-e5db-545c-818a-4e4b9ce888ba,1 oz,GRAM,28.0
32592f9c-90cc-513a-9841-64a3c4c6bb64,,,5fdc858f-5656-5e33-aaa0-4244397cee9e,100g phần,GRAM,100.0
334bac69-2278-5f6d-8e17-6049496b5757,,,5fdc858f-5656-5e33-aaa0-4244397cee9e,1 bar,GRAM,60.0
31c589fd-a2fa-5af8-a8cf-37a5657891df,,,ffcce91b-e27e-527b-ad31-70a84ba8fa61,100g phần,GRAM,100.0
46f77198-6311-5083-bfb0-cccebdaa7aac,,,ffcce91b-e27e-527b-ad31-70a84ba8fa61,0.5 cup,GRAM,125.0
6453c8e4-00ce-58c8-a613-4535f62e1e30,,,bd31cb7e-7766-5acd-aa54-db0f29923af7,100g phần,GRAM,100.0
ce471114-66c8-5da2-850a-0812a231825f,,,bd31cb7e-7766-5acd-aa54-db0f29923af7,2 oz,GRAM,56.0
a608f797-772b-5b65-9c9c-1566195f105e,,,d99de49d-3121-5783-b46f-838a9cefd3a0,100g phần,GRAM,100.0
9435979f-8819-5106-83cc-8d459de60263,,,d99de49d-3121-5783-b46f-838a9cefd3a0,1 tsp,GRAM,2.5
9c8d72fc-3bc2-5cb7-bbb7-5902999c269d,,,730ed6f9-09c5-56e3-abb2-99163be6f4e8,100g phần,GRAM,100.0
c276cf88-8fcb-51a1-8d1b-fe6cb506dc17,,,730ed6f9-09c5-56e3-abb2-99163be6f4e8,12 fl oz,GRAM,355.0
96eee778-2898-5992-8a8b-90c30acf0b10,,,8d4560c2-e63f-5e62-9aac-3b8a8042abc5,100g phần,GRAM,100.0
e1254836-a8ac-556a-a91c-b7439ccf472f,,,8d4560c2-e63f-5e62-9aac-3b8a8042abc5,2 oz,GRAM,56.7
987ada76-2de1-58e9-aba3-b48796ef8a82,,,ccb8aef5-af3b-5141-a394-1ce26a8cf0ed,100g phần,GRAM,100.0
d929f815-2f1e-5958-933f-4e8a0374252d,,,ccb8aef5-af3b-5141-a394-1ce26a8cf0ed,1 oz,GRAM,28.0
8b4de0a3-cf40-5287-9813-1be5179623fc,,,4c8f9935-4dd0-5d6c-8dbc-57b42b413cb1,100g phần,GRAM,100.0
d0208f2b-5feb-557d-8d30-2e5ea5ddc975,,,4c8f9935-4dd0-5d6c-8dbc-57b42b413cb1,2 oz,GRAM,56.0
f643fc4e-ca22-54d0-800d-9bbf8deda003,,,5850bde6-fae3-58d8-99cf-e2e6e7ee2010,100g phần,GRAM,100.0
df288a9e-064a-53c5-a7d9-ffb92f87f4e5,,,5850bde6-fae3-58d8-99cf-e2e6e7ee2010,1 scoop,GRAM,9.0
9d362e08-ba1b-5d1a-a045-8261208a9059,,,7ffecbe5-21f7-53ee-8065-a3cfbff5ab81,100g phần,GRAM,100.0
d4147083-bc2e-5c01-8037-80c4bacd514b,,,7ffecbe5-21f7-53ee-8065-a3cfbff5ab81,1 tbsp,GRAM,14.0
15522705-a771-5eaa-bd85-a4f9d60833b0,,,8ea8c63c-f4cf-5595-adcf-00eb178df362,100g phần,GRAM,100.0
f0d946eb-b7cc-51b5-9840-122b0aebf975,,,8ea8c63c-f4cf-5595-adcf-00eb178df362,1 tbsp,GRAM,15.0
48087df0-2570-5eeb-8489-1ab78ca9dc70,,,24e150ba-f819-5502-b0a2-62b6dd559529,100g phần,GRAM,100.0
0c0e4b28-ebed-52d2-8061-cdcc9a1deafe,,,24e150ba-f819-5502-b0a2-62b6dd559529,1 oz,GRAM,28.35
b2ecaccf-5f72-53a8-a071-c8c13add8e11,,,eab7c945-8535-5e0f-8497-b49b2a746784,100g phần,GRAM,100.0
d04aac26-6b08-55c1-9c47-4de03093776b,,,eab7c945-8535-5e0f-8497-b49b2a746784,1 oz,GRAM,28.35
699d9bbe-085d-5dbe-837e-09acaa94ab52,,,0335d0aa-3754-565d-b934-010e8813dabd,100g phần,GRAM,100.0
4eb0ee89-957c-5c82-958e-8419f3152552,,,0335d0aa-3754-565d-b934-010e8813dabd,1 cup,GRAM,55.0
e091404f-6d97-5857-950d-3c19f10a7556,,,96f7ed18-a589-53fc-9e62-18404a34eceb,100g phần,GRAM,100.0
dca50206-2a98-597a-80b7-877f4fea4f9d,,,96f7ed18-a589-53fc-9e62-18404a34eceb,1 oz,GRAM,28.0
7500fc0c-f921-5f74-afc5-23d6c62726a7,,,bd8ab6d0-20a6-5b6a-80f2-494ba3aabec9,100g phần,GRAM,100.0
45947481-c99b-5a7e-a5bd-da6e6be36cd0,,,bd8ab6d0-20a6-5b6a-80f2-494ba3aabec9,12 fl oz,GRAM,355.0
70ef4724-bc41-51a1-bed7-edd631dadcdb,,,1d0185f7-e70e-50b4-bec3-f7a710916424,100g phần,GRAM,100.0
b999cbd5-f686-5dcd-8362-985fb8f999ce,,,1d0185f7-e70e-50b4-bec3-f7a710916424,2 oz,GRAM,56.0
92a6fb56-15e2-5cbe-ac8e-963a2a0d8c0b,,,41edd16f-04a6-5563-b37d-c4b5429de828,100g phần,GRAM,100.0
71be56d8-5d1c-55ff-b8c2-d491d948c386,,,41edd16f-04a6-5563-b37d-c4b5429de828,1 tbsp,GRAM,20.0
dc9522d1-5924-50bd-b572-60366931d5fe,,,86533abd-396a-5ff3-b7db-000d61909cf0,100g phần,GRAM,100.0
47980d5a-bca7-5941-abb9-a0ee7fcb1ac0,,,86533abd-396a-5ff3-b7db-000d61909cf0,0.5 cup,GRAM,120.0
4be426f3-5f3d-550e-a9a7-5d241f50e2aa,,,012bcc3d-718b-5603-b4c9-79eefbe84123,100g phần,GRAM,100.0
2f7c8171-b694-5a1d-adeb-5f66935e246e,,,012bcc3d-718b-5603-b4c9-79eefbe84123,1 oz,GRAM,28.0
453d36ca-3ca7-5618-810b-888ec44a5e49,,,562215a9-b263-5fa5-b697-42719195398e,100g phần,GRAM,100.0
4ab13c92-6c45-5922-b4ed-ef81ee89b046,,,562215a9-b263-5fa5-b697-42719195398e,1 oz,GRAM,28.0
a93e9ad0-33a3-56ab-944e-b80c7e22ee3b,,,bf18ad14-14ed-5131-9765-0a6249b6bc27,100g phần,GRAM,100.0
d9033228-e886-59db-a31d-5aaa6beb923c,,,bf18ad14-14ed-5131-9765-0a6249b6bc27,1 cup,GRAM,28.0
32442460-f9eb-546c-8e21-acacb09309d9,,,307f5390-5194-5cf9-bde7-2d16eb9e75a1,100g phần,GRAM,100.0
94f1b744-72ca-5ece-8067-d9f19e278458,,,307f5390-5194-5cf9-bde7-2d16eb9e75a1,2.7 oz,GRAM,77.0
533a76d3-e78b-5e09-b244-ee8640aede11,,,f0488e95-f811-52cf-8d38-46919fdf7e26,100g phần,GRAM,100.0
076de13f-497e-545e-a77b-fd0ed39027cb,,,f0488e95-f811-52cf-8d38-46919fdf7e26,1 oz,GRAM,28.0
34fa4651-72fa-5b03-96f8-177f735a35ae,,,9ffe586f-66ba-5897-b98e-747e42ac288e,100g phần,GRAM,100.0
b3b59ed3-feef-5355-ad03-3a3f31197030,,,9ffe586f-66ba-5897-b98e-747e42ac288e,1 cup,GRAM,150.0
b39cad4d-62f3-5c8c-8f66-d8e048a1ed86,,,90e588b0-5662-52e5-8168-34747e75b17e,100g phần,GRAM,100.0
6dd1666f-bd39-5f32-b922-3c154c7137df,,,90e588b0-5662-52e5-8168-34747e75b17e,1 cream puff,GRAM,130.0
b8b41ca2-adb2-50dc-a5a6-cac1b485f18d,,,8004a8af-db27-5c31-9a40-14cb185b9358,100g phần,GRAM,100.0
cbd179d3-fd1d-569e-8ed6-0c68c63b4db7,,,8004a8af-db27-5c31-9a40-14cb185b9358,3 oz,GRAM,85.0
7d1a58de-f6a6-5535-b9eb-0720d5b75ec8,,,3d14c8d7-5b25-52ab-b273-a3e627daa268,100g phần,GRAM,100.0
fa5c000e-3750-5af3-93a4-623ad98da0f9,,,3d14c8d7-5b25-52ab-b273-a3e627daa268,1 cup,GRAM,160.0
65ee7e38-1fbf-535a-96f1-4a79ccf27034,,,ecac326a-9e55-59f5-bbb5-e03543fff8a2,100g phần,GRAM,100.0
33423fd5-41c1-593f-8527-5257639455c5,,,ecac326a-9e55-59f5-bbb5-e03543fff8a2,4 oz,GRAM,113.0
bb20227a-3e7e-5871-bec4-0e800ff0b19e,,,df53d1f9-fc68-55dd-8c58-7fec3a14324b,100g phần,GRAM,100.0
e0863731-8c82-5bab-8fb3-6dd81b5f5a44,,,df53d1f9-fc68-55dd-8c58-7fec3a14324b,0.5 cup,GRAM,30.0
8508dad4-6d24-59d4-8306-3feef55496be,,,46efb191-549e-501a-b99e-5535eb3e5f73,100g phần,GRAM,100.0
63b62982-552f-5c8e-b369-aef0219998c4,,,46efb191-549e-501a-b99e-5535eb3e5f73,3 oz,GRAM,85.0
36e930ee-a0ac-5487-a431-7583bd63e56f,,,0fa3670e-3115-543e-881b-4c42e247452b,100g phần,GRAM,100.0
ce4e26ac-f2e2-5db1-82d6-7fa30c60a3ea,,,0fa3670e-3115-543e-881b-4c42e247452b,3 oz,GRAM,85.0
cf174030-b16b-5b85-92c7-875eabaa27be,,,2956fdec-0b53-5000-a040-846a55c15a48,100g phần,GRAM,100.0
70657700-20e2-56e3-b6d9-3bddb96a3493,,,2956fdec-0b53-5000-a040-846a55c15a48,1 cup,GRAM,235.0
c4e26ca7-537f-54b5-8d2f-abd58e2613c2,,,9d2f5695-df30-573c-8ec9-c9905881b32b,100g phần,GRAM,100.0
9b7c9f4a-d0c3-5a7c-8856-7d177a037649,,,9d2f5695-df30-573c-8ec9-c9905881b32b,3 oz,GRAM,85.0
4450f6ba-7171-550e-8950-79c428d6e178,,,7fb55d5e-1277-5986-beb1-634ee3fe41db,100g phần,GRAM,100.0
40a96b69-55df-5bcd-9eb4-4b703b7760a6,,,7fb55d5e-1277-5986-beb1-634ee3fe41db,1 bun,GRAM,70.0
822f1370-c4a6-5ed4-bcf0-a4e966d0fbf6,,,4196febb-7581-5bce-af5c-9e3929f6040b,100g phần,GRAM,100.0
ca2017e3-5145-538e-a13f-5eaf27c71b51,,,4196febb-7581-5bce-af5c-9e3929f6040b,1 cup,GRAM,237.0
1094acde-f977-5afb-b75b-7c750dd0345c,,,3ed6261a-2380-5bba-817f-3598de9df753,100g phần,GRAM,100.0
848e01fd-8134-5477-9abe-1203e906273b,,,3ed6261a-2380-5bba-817f-3598de9df753,1 drop,GRAM,0.05
57714fab-6b98-535e-901f-fdf5c4aae370,,,88d41db9-720a-5fc7-831f-921d999e2e23,100g phần,GRAM,100.0
b7fbd3e1-9013-534b-9a23-7ffb58f082e1,,,88d41db9-720a-5fc7-831f-921d999e2e23,1 tbsp,GRAM,18.0
ae9e1493-2d03-5191-ace5-b24ced5fdc1e,,,e7d17f8d-cf8d-576d-b856-79a1df9d3d30,100g phần,GRAM,100.0
5fbb1783-a04e-5033-a7d8-2a6046436340,,,e7d17f8d-cf8d-576d-b856-79a1df9d3d30,4 oz,GRAM,113.0
9996af50-0054-5ccb-b7e4-96ed537191cb,,,1dccf296-4eb5-50b3-80cb-4654b3e76c44,100g phần,GRAM,100.0
7102fce6-616c-5979-8898-71f93706f160,,,1dccf296-4eb5-50b3-80cb-4654b3e76c44,0.5 cup,GRAM,85.0
ae677298-58e5-5275-b2b9-5123546ddcd8,,,33619176-40a0-5e75-aad8-093475d7d39c,100g phần,GRAM,100.0
efe8117b-79ac-570b-9741-70a46dbd9b8b,,,33619176-40a0-5e75-aad8-093475d7d39c,4 oz,GRAM,113.4
1d674258-c677-57a8-b5ab-3de772cc2d58,,,c06df7ae-cce8-5dab-b018-74226baf65cb,100g phần,GRAM,100.0
b05e27c1-2914-5a70-bdcb-be7a2545bf14,,,c06df7ae-cce8-5dab-b018-74226baf65cb,3 oz,GRAM,85.0
b3b5c979-7938-5a60-b4f3-9728bfe6d284,,,f4c1aa20-8d37-5e2a-a3cc-b3449895c117,100g phần,GRAM,100.0
4101fc52-fb9f-5807-bd11-f8fbcca86b4b,,,f4c1aa20-8d37-5e2a-a3cc-b3449895c117,2 tbsp,GRAM,28.0
89bd435a-ba29-5333-a646-dd86c8f3dd82,,,224f8fae-2610-5352-a138-fc0ab604d34f,100g phần,GRAM,100.0
2740e2be-18e2-5444-8f5b-fd03dd94f6d2,,,224f8fae-2610-5352-a138-fc0ab604d34f,3 oz,GRAM,85.0
9cd51844-0154-54ba-ba97-1f50ddcb57cd,,,90fd5359-4899-58b2-993a-9d962d8f1315,100g phần,GRAM,100.0
50cd586d-1c13-590d-81b2-fe94081edddf,,,90fd5359-4899-58b2-993a-9d962d8f1315,1 leaf,GRAM,2.0
d2dd17a0-27d5-5225-a464-23001eac03cd,,,c4b569e2-5256-5b4a-83c7-581d8becbba2,100g phần,GRAM,100.0
c021be10-c661-5551-9705-e3ab6337276b,,,c4b569e2-5256-5b4a-83c7-581d8becbba2,0.25 cup,GRAM,30.0
f1a86cdd-6469-50ea-ae85-4c5c9b53ebe0,,,b3e78bd0-281e-55d1-ac47-ecf0c156d3df,100g phần,GRAM,100.0
87021953-c99d-5c42-87ae-9f245f9af587,,,b3e78bd0-281e-55d1-ac47-ecf0c156d3df,1 tsp,GRAM,4.0
36ea4bb2-9e27-50d9-91eb-e489136d15cc,,,39d02ca0-181d-5a69-8079-08492a3814d0,100g phần,GRAM,100.0
d6796e9c-7f29-5c5c-8dd1-8c906b9c42a9,,,39d02ca0-181d-5a69-8079-08492a3814d0,1 sheet,GRAM,2.5
805db4ea-c95e-5329-b0af-aba850f506eb,,,84866964-b9a1-543e-b7a4-ad08d7cf6457,100g phần,GRAM,100.0
8e45961a-01d4-5943-9e33-6415c2994fbd,,,84866964-b9a1-543e-b7a4-ad08d7cf6457,4.5 oz,GRAM,128.0
ef9cc3e8-7118-551f-a67b-1f50630fc4f5,,,df387872-9823-5b2b-8c55-e9a5669c9a37,100g phần,GRAM,100.0
8fc79cc0-5389-5ae6-9b8f-653287db0889,,,df387872-9823-5b2b-8c55-e9a5669c9a37,12 fl oz,GRAM,355.0
c813400d-b4e7-515f-bb24-79d9cabcfd7c,,,b720cb4e-c4c5-590e-88b8-4d85ab5b6316,100g phần,GRAM,100.0
29f04c8c-0679-51c6-b374-c1e9d864b946,,,b720cb4e-c4c5-590e-88b8-4d85ab5b6316,1 tbsp,GRAM,10.0
55904ced-a4ad-5f9f-afda-213509e767b3,,,56a56856-0ad0-5e90-aaf1-2dd9c756097c,100g phần,GRAM,100.0
8fd05b86-986e-5100-b55b-0da1e2dafb0a,,,56a56856-0ad0-5e90-aaf1-2dd9c756097c,1 crust,GRAM,201.0
cb37ee8d-b253-5728-8e0f-dbf3a43c7e36,,,44578e8b-21cb-58e8-8ab2-411e1c009804,100g phần,GRAM,100.0
a2a88c2f-a1f7-546d-a854-d2b3864a584d,,,44578e8b-21cb-58e8-8ab2-411e1c009804,1 bar,GRAM,40.0
d0faa419-30d3-5ee1-b600-7e5295e93f20,,,13a3c472-b01f-566c-835f-6f9ccf6448ea,100g phần,GRAM,100.0
a7dbae75-2003-5746-a582-3781c95c7662,,,13a3c472-b01f-566c-835f-6f9ccf6448ea,1 tbsp,GRAM,8.0
97965eea-7165-5ebf-a2cf-956db508694b,,,746fecc9-97ef-5799-932e-ef0944f410eb,100g phần,GRAM,100.0
810f03ee-e4d4-5236-bd14-a464eb0ba327,,,746fecc9-97ef-5799-932e-ef0944f410eb,1 tbsp,GRAM,9.0
ae180adb-d24e-508b-bd2c-de7dc06d207c,,,1948a7ff-854f-54eb-945a-7705555efce0,100g phần,GRAM,100.0
4c1d6e89-79b7-5340-ac2b-9be4a6e4379b,,,1948a7ff-854f-54eb-945a-7705555efce0,4 oz,GRAM,113.0
821003fe-32c6-514d-b9b4-0fd33acdcb9a,,,0cf3abfd-6381-59c2-9140-c589ba282a13,100g phần,GRAM,100.0
212e06cd-5d95-59e8-84fb-be735a4e62c1,,,0cf3abfd-6381-59c2-9140-c589ba282a13,1 oz,GRAM,28.0
411a1ee4-8364-5561-93bc-4e7f679ff3fd,,,a3b3daf5-5630-57d4-acc9-f00134782d0f,100g phần,GRAM,100.0
a4d52588-8ce9-5011-a0f4-79d1feafb26b,,,a3b3daf5-5630-57d4-acc9-f00134782d0f,0.25 cup,GRAM,46.0
c9c6013a-e74d-5c95-a4c0-0a7f965b3918,,,b4a31357-d666-5aca-95ce-28a3f7626298,100g phần,GRAM,100.0
8b992674-1d81-5c38-87b7-59b9f80e4044,,,b4a31357-d666-5aca-95ce-28a3f7626298,5 anchovies,GRAM,20.0
31a95907-d1c8-5a66-baf2-292eaab7c187,,,e7c5a04e-8723-5e53-88ea-e7e94a3da260,100g phần,GRAM,100.0
7762504e-faf2-5f81-ad6b-85bce8cf7041,,,e7c5a04e-8723-5e53-88ea-e7e94a3da260,4 oz,GRAM,113.4
a4205025-ac51-5a46-a726-f65d96330cb2,,,edcc35ce-7729-5eb6-b6f9-0bb8b694869b,100g phần,GRAM,100.0
23e0167f-c3a7-5fd1-89b2-0157a8d82de2,,,edcc35ce-7729-5eb6-b6f9-0bb8b694869b,1 oz,GRAM,28.0
bf4598da-4917-56c3-a5c8-cef95e312632,,,5087c497-d632-5da3-924a-860d9420dd6a,100g phần,GRAM,100.0
c96e66da-3864-5582-90c4-8caa03dd4b72,,,5087c497-d632-5da3-924a-860d9420dd6a,1 tbsp,GRAM,15.0
bef4d3c4-e7f5-56e0-bdd1-1d14aa7f77e3,,,b0e589b3-f8cd-543e-9847-fcc85eb06b8e,100g phần,GRAM,100.0
f0d7f216-13e3-5b1a-94b6-7bfada889836,,,b0e589b3-f8cd-543e-9847-fcc85eb06b8e,1 tsp,GRAM,5.0
fab3e28d-00fa-53e6-977d-353c0aa37e1f,,,ab859746-257d-528e-8261-b01efc63fb5a,100g phần,GRAM,100.0
821ee7e8-cabb-53d9-9723-58d3792d3ff8,,,ab859746-257d-528e-8261-b01efc63fb5a,1 cup,GRAM,200.0
aa1f6f4e-96cc-5249-9840-f4961161ae05,,,127a6bb0-3ed5-5dab-8866-47627f6e05ec,100g phần,GRAM,100.0
edfd00ef-31b0-5015-9253-bf499420f401,,,127a6bb0-3ed5-5dab-8866-47627f6e05ec,6 spears,GRAM,120.0
ab2fc344-a4a7-583d-8956-8b86d7b6650d,,,717dc44b-b448-5152-8ca8-be7dc34e2a07,100g phần,GRAM,100.0
58e6c9a9-9444-5384-8611-e4f9e3b1bdc2,,,717dc44b-b448-5152-8ca8-be7dc34e2a07,4 oz,GRAM,113.4
c0369534-df77-5611-9456-0fd18fedcfb7,,,df25195e-9917-5f70-acb6-357977d798b2,100g phần,GRAM,100.0
2843cd6e-412a-517a-adbc-4983f3954f01,,,df25195e-9917-5f70-acb6-357977d798b2,1 cup,GRAM,140.0
4e99bdaa-86e2-5f1b-ba7f-439679805299,,,18130d20-154f-5ecb-8a03-29521cb9be37,100g phần,GRAM,100.0
ffc0070c-5da3-519c-a506-202bcdfb341f,,,18130d20-154f-5ecb-8a03-29521cb9be37,5 oz,GRAM,147.0
926524ff-2983-585c-a173-daf4a32af0f4,,,a3eb63cb-39ae-564a-b531-e559746dacb1,100g phần,GRAM,100.0
50877d40-9825-5cfd-a1b9-2c57224e0a57,,,a3eb63cb-39ae-564a-b531-e559746dacb1,1 piece,GRAM,90.0
923e90d0-d5e6-5404-b945-6c74c91662ee,,,5aa66d5e-6a7b-516b-b742-a50e5629115d,100g phần,GRAM,100.0
be6e68a3-3c2a-52ac-a9b0-4260d874135e,,,5aa66d5e-6a7b-516b-b742-a50e5629115d,4 oz,GRAM,113.0
2c72f245-2094-58f4-a92b-85634ce08f74,,,258034f4-9eeb-5c9e-8ba4-0b2733f92457,100g phần,GRAM,100.0
e814557d-65e0-583d-8574-7279b12a645b,,,258034f4-9eeb-5c9e-8ba4-0b2733f92457,4 oz,GRAM,113.4
06861618-f22d-5b1a-a1d7-2b57948563e8,,,5b292e04-0337-5566-a679-8bc3cdc21174,100g phần,GRAM,100.0
3cf75b46-2456-5bc3-8f19-0ede77293ca4,,,5b292e04-0337-5566-a679-8bc3cdc21174,6 oz,GRAM,170.0
9164d0fa-ea31-5f6a-b339-a52a2f5f819d,,,06048009-f86f-5511-80dc-c42c24248fc6,100g phần,GRAM,100.0
2ec2d1ce-a270-5d15-9a89-8111f853524b,,,06048009-f86f-5511-80dc-c42c24248fc6,3 oz,GRAM,85.0
b95c81a1-b92c-58f9-8d66-76ad5a9eb688,,,87417ad5-3ca3-5fe0-9874-4ccf77f8ad18,100g phần,GRAM,100.0
6e5bba80-0d13-582b-a4e0-768078346e16,,,87417ad5-3ca3-5fe0-9874-4ccf77f8ad18,3.9 oz,GRAM,75.0
03ccb1ca-d5ca-51c2-b813-37d0413605b9,,,947da96b-4827-548b-8290-177c6300d524,100g phần,GRAM,100.0
fb881b15-ccc0-5b46-ad77-314620b7eea5,,,947da96b-4827-548b-8290-177c6300d524,8 oz,GRAM,226.0
9904dd18-33b0-5a6f-8de8-cae9ce200dca,,,98678a12-e598-5dcd-80fb-360671359dd1,100g phần,GRAM,100.0
ea5f85b2-4efe-5bbe-8ba2-0d31cf7de0bf,,,98678a12-e598-5dcd-80fb-360671359dd1,1 piece,GRAM,20.0
558bc627-5d95-54b9-8a9d-9967cd41dd6f,,,ab5f45eb-2b66-5f82-9e10-bf46c59ad4f0,100g phần,GRAM,100.0
7c7a6617-841e-5a65-95ca-f4a2176c0170,,,ab5f45eb-2b66-5f82-9e10-bf46c59ad4f0,5 pieces,GRAM,53.0
6008e590-53ba-5281-89a8-9b359745f056,,,fc7f1012-9fd4-5e14-87c6-baf44d468605,100g phần,GRAM,100.0
f807a76c-8a39-529d-b00b-2eac39be9a16,,,fc7f1012-9fd4-5e14-87c6-baf44d468605,1 tbsp,GRAM,15.0
98df6027-d357-5741-8d5b-4be3406273b1,,,e6f355c6-5d53-5d84-ade8-61c31a2b9d06,100g phần,GRAM,100.0
1ea6b155-5260-5b74-977e-f8bc09acfcac,,,e6f355c6-5d53-5d84-ade8-61c31a2b9d06,4 fl oz,GRAM,120.0
52f917c8-1cf2-585c-b814-4d32b71ec0b8,,,40514096-4dc0-539f-8256-d6e895226ef3,100g phần,GRAM,100.0
5c969568-be88-5d1a-a046-352ea299a9e3,,,40514096-4dc0-539f-8256-d6e895226ef3,1 pinch,GRAM,0.03
9a1822ca-20f5-5c03-9de4-93a3843c7e7f,,,003a3f6e-c40b-595a-92ac-c1ad70ffde88,100g phần,GRAM,100.0
615668ca-8b5f-599c-8925-b53b73436951,,,003a3f6e-c40b-595a-92ac-c1ad70ffde88,1 bar,GRAM,30.0
b5cb7ee5-5f5e-51a7-82d0-32a539f07e4a,,,d405c0a5-f5a6-56fe-91de-0cfb4a09d052,100g phần,GRAM,100.0
9c18517c-01ff-5c0d-82b4-805ae4d1f488,,,d405c0a5-f5a6-56fe-91de-0cfb4a09d052,1 piece,GRAM,25.0
19b59978-4245-5b66-99d0-343c793a6f57,,,12a23331-dd00-5529-a919-a674fd432a8f,100g phần,GRAM,100.0
5aec9888-6670-5bc7-925f-fc716d84a1eb,,,12a23331-dd00-5529-a919-a674fd432a8f,1 slice,GRAM,125.0
690c0fb8-793e-55e7-80f8-c4d689d3d145,,,e59b3ea5-981e-5e33-b3f9-7fd37a33de0a,100g phần,GRAM,100.0
a8fdbac1-50d1-5a36-a40b-6e3425015912,,,e59b3ea5-981e-5e33-b3f9-7fd37a33de0a,0.5 cup,GRAM,59.0
3fcdc615-692d-5c8c-863d-da76fd3133a4,,,18a2971b-37ae-5f23-9834-2419a8c8fcdf,100g phần,GRAM,100.0
04dffabe-1749-5daa-97c7-1929dafe1f36,,,18a2971b-37ae-5f23-9834-2419a8c8fcdf,0.25 cup,GRAM,40.0
ada86503-2e61-5603-8da7-872c312f06aa,,,f1df4d5c-7066-5cfe-9b9d-2dae1f8ae1fa,100g phần,GRAM,100.0
64296c95-264f-5d87-8eb8-b3e209269e92,,,f1df4d5c-7066-5cfe-9b9d-2dae1f8ae1fa,1 tsp,GRAM,5.0
430fd269-bd7e-517d-9d38-f8748727f078,,,b3a1891c-732a-5c82-8c0e-6e39301733f3,100g phần,GRAM,100.0
29be0ce6-9d09-514b-af69-15f0e30b1cd5,,,b3a1891c-732a-5c82-8c0e-6e39301733f3,3 oz,GRAM,85.0
a5f9866f-2545-5e5d-92d5-deb9cb9a281f,,,46ea5d82-c949-581e-bf84-68b72f681dfb,100g phần,GRAM,100.0
63827460-1325-52b8-bd8e-d8b2ee97b636,,,46ea5d82-c949-581e-bf84-68b72f681dfb,5.3 oz,GRAM,150.0
86dc8258-ea23-5b3f-aa1f-073448761471,,,e5c56622-2735-54b7-9a94-eae4e1f43e31,100g phần,GRAM,100.0
c2029262-48e7-5131-907a-b0134278fc6c,,,e5c56622-2735-54b7-9a94-eae4e1f43e31,4 oz,GRAM,112.0
045e1d42-2419-5c3e-adfe-42eaa52d8bcd,,,25bf0989-6fc2-5f44-a816-6b9e01ef067f,100g phần,GRAM,100.0
773c329d-8d7a-5443-ba19-156cf61c2430,,,25bf0989-6fc2-5f44-a816-6b9e01ef067f,1 medium fig,GRAM,50.0
da93e0b8-4688-5a33-82b3-1fea06d55420,,,a10d42c2-f53c-578a-af23-5221299dbff5,100g phần,GRAM,100.0
55dcfa67-1657-597d-97c6-ce66e65bb228,,,a10d42c2-f53c-578a-af23-5221299dbff5,4 oz,GRAM,113.0
846aae23-6624-5ed8-a6b5-967bee04ccd4,,,ba1c5236-7edd-551f-8008-7d947dde0899,100g phần,GRAM,100.0
0f0ef2ab-c322-5786-a004-106c8eb1a036,,,ba1c5236-7edd-551f-8008-7d947dde0899,3 oz,GRAM,85.0
38a32e73-db2f-5bc1-9353-93a8939ac06b,,,a5227903-fa91-578e-9df5-10e095db26d8,100g phần,GRAM,100.0
9eb68c17-6a36-50c9-be38-128f9d423f9a,,,a5227903-fa91-578e-9df5-10e095db26d8,4 oz,GRAM,113.4
5ed3fc07-3d5f-5100-95ba-48fa4e3e9bf0,,,c48ce65e-3579-5c9f-b467-cabffff2ec58,100g phần,GRAM,100.0
03719083-ace8-50f7-a398-e73c7943e1ba,,,c48ce65e-3579-5c9f-b467-cabffff2ec58,1 tsp,GRAM,2.3
64ad0665-dc23-5e36-8622-7f6bdfa1d9f2,,,28c97f5b-e3ba-55cc-8205-2c87937965f7,100g phần,GRAM,100.0
aa225a00-d6fa-5122-adb2-cf741915bd7d,,,28c97f5b-e3ba-55cc-8205-2c87937965f7,1 cup,GRAM,150.0
581b1abd-3b13-5668-9647-808299c1472c,,,def7dba5-f95b-5965-8297-1a0e3b7a1436,100g phần,GRAM,100.0
f9a1ff48-abd9-5fac-9cdb-4baafca38166,,,def7dba5-f95b-5965-8297-1a0e3b7a1436,1 sheet,GRAM,28.0
3fed5ef3-5c7f-5a23-a23b-7fcbfcb98e05,,,6dac9e23-175b-51b3-929d-9f14d1ea134c,100g phần,GRAM,100.0
4e41f02b-1d50-5e7b-8e15-65cbfc8f720c,,,6dac9e23-175b-51b3-929d-9f14d1ea134c,1 oz,GRAM,28.0
7ca41203-0c2b-5a92-85cc-00599a6395fc,,,c6b3057d-183e-5051-8cb9-43f48a3af97e,100g phần,GRAM,100.0
ac77df82-2bfa-568d-9489-0b62469e5de4,,,c6b3057d-183e-5051-8cb9-43f48a3af97e,0.25 cup,GRAM,40.0
ce1e56c0-cdee-5430-ad6f-976fcfef06d3,,,31f620e1-ee53-529b-807b-f94fd697decb,100g phần,GRAM,100.0
200379c5-e7a7-5325-bafc-d543d97eab7a,,,31f620e1-ee53-529b-807b-f94fd697decb,3 oz,GRAM,85.0
2246a179-6163-55ef-8339-bbd70987c4d4,,,1269049a-fc92-58d9-8b11-4895fc23c127,100g phần,GRAM,100.0
f2434975-01a9-573a-88bb-2e114b520e64,,,1269049a-fc92-58d9-8b11-4895fc23c127,1 scoop,GRAM,10.0
f054cec2-9fe2-542e-920c-93a6e142eece,,,13f27f07-d61b-59e7-8097-72e539147551,100g phần,GRAM,100.0
903fb224-6fd1-58ac-95c0-4ded683d20a2,,,13f27f07-d61b-59e7-8097-72e539147551,5 fl oz,GRAM,150.0
e71d61e7-3102-5d08-afa8-948cf9258b7c,,,8c02005f-e6ef-55d0-9ece-5a99399dac35,100g phần,GRAM,100.0
84c464fa-c9a6-5b33-9f96-8d56409445e9,,,8c02005f-e6ef-55d0-9ece-5a99399dac35,1 cup,GRAM,240.0
d443dac1-1f81-5a10-8934-5eae45bf94a3,,,e400e371-a062-5929-b64b-042470d25d5f,100g phần,GRAM,100.0
7f521eb9-a330-57c9-9635-afab9ff30ecf,,,e400e371-a062-5929-b64b-042470d25d5f,8.5 oz,GRAM,240.0
421f69b8-7f84-50d3-a495-30c6ce176291,,,a9a8a03a-bb78-50e7-948d-d460173366ed,100g phần,GRAM,100.0
f9de39af-603c-58fc-8291-0678adf49da2,,,a9a8a03a-bb78-50e7-948d-d460173366ed,5 oz,GRAM,142.0
37290184-1305-539f-adb4-84c4148ae24c,,,1e7765e0-f8a0-5c69-839d-156acefbc9ca,100g phần,GRAM,100.0
6b22029f-e259-5975-88b4-8762cba60724,,,1e7765e0-f8a0-5c69-839d-156acefbc9ca,1 matzo,GRAM,28.0
b0f288fe-93a5-5d69-ba25-b12249948be7,,,3829f451-b83b-58e8-83a2-2d56abfd1377,100g phần,GRAM,100.0
aabf6fa2-9bbe-5df5-bec2-49ded063ea98,,,3829f451-b83b-58e8-83a2-2d56abfd1377,3 oz,GRAM,85.0
60a53429-49b7-5b88-b1a1-dfa5423c0b68,,,37ab87c6-466b-5274-a5cd-4e00a8d6f37c,100g phần,GRAM,100.0
68926358-109f-5871-aa95-d9c99d3db5dc,,,37ab87c6-466b-5274-a5cd-4e00a8d6f37c,1 oz,GRAM,28.0
a56114e6-2ae8-5f45-ab83-25363904b5b4,,,96fd0347-b6c0-5635-92f1-5b7805622683,100g phần,GRAM,100.0
376271c9-d904-518f-845c-961c551de903,,,96fd0347-b6c0-5635-92f1-5b7805622683,3 oz,GRAM,85.0
8f9381c2-dd8a-55de-ad98-83c16f46c419,,,ada6cc7c-6fab-51ea-b672-bbb56bd43b59,100g phần,GRAM,100.0
956add63-48ff-5e20-843a-d942bf5ab4d0,,,ada6cc7c-6fab-51ea-b672-bbb56bd43b59,4 oz,GRAM,113.4
2d9d89d6-6b41-56ae-ab41-8dace9d9638a,,,9b2ace7c-3f63-504c-805d-689633f7b9b3,100g phần,GRAM,100.0
01bbf5cc-57e4-5ab6-9a72-e6eb99119209,,,9b2ace7c-3f63-504c-805d-689633f7b9b3,1 oz,GRAM,28.0
f6823e6a-769e-52ac-9785-48edc0a76c2a,,,137e41fc-be55-5981-8988-40fa5c1bca75,100g phần,GRAM,100.0
38d1c751-53e7-50d2-b8db-b669101ccbc4,,,137e41fc-be55-5981-8988-40fa5c1bca75,2 tbsp,GRAM,13.0
b87d76ca-a1dd-5d0f-a124-ae64551ca00c,,,b28b0f27-3945-5e17-9f1d-eb37629b602d,100g phần,GRAM,100.0
360142e3-60b5-5816-a3a2-d5547d68c80c,,,b28b0f27-3945-5e17-9f1d-eb37629b602d,1 tbsp,GRAM,18.0
efdf8ba7-3198-560d-bc4d-29d503b1335f,,,de57a991-4931-53f5-8154-79b4cea0c6c7,100g phần,GRAM,100.0
bcdabc8e-0317-511d-97b1-3f8e8c72de65,,,de57a991-4931-53f5-8154-79b4cea0c6c7,0.5 cup,GRAM,120.0
8930a948-0109-547a-9a25-ecf81e779bc7,,,c3596eee-3b1f-5966-b207-a54c72bbb16a,100g phần,GRAM,100.0
92bfff97-8051-5d55-ac13-c5a276c8afa4,,,c3596eee-3b1f-5966-b207-a54c72bbb16a,1 cup,GRAM,85.0
337b383b-4410-527c-9c21-75f69e000dfc,,,5f9472f9-0381-5102-9e17-4764566d7ddd,100g phần,GRAM,100.0
5e556cef-3b40-53cc-8561-cddee4ad925c,,,5f9472f9-0381-5102-9e17-4764566d7ddd,1 oz,GRAM,28.35
4fd5ab43-f48c-57d9-988f-66e0eb18ed09,,,f325116c-84f7-558f-82c8-dfcc0fbc2a62,100g phần,GRAM,100.0
67b898cd-6bc3-599d-8cea-7101db9b9518,,,f325116c-84f7-558f-82c8-dfcc0fbc2a62,2 oz,GRAM,56.0
58383f39-1b4d-5cc7-b720-a41896fcb270,,,7ac3b87b-9077-59f0-bda9-d28e759c6c62,100g phần,GRAM,100.0
35bd1717-5698-50bc-b023-6afe86d0cbae,,,7ac3b87b-9077-59f0-bda9-d28e759c6c62,2 tbsp,GRAM,30.0
a9f9a1bf-780f-5107-9ee5-3aed3527328f,,,b3dcbf04-6b2e-51f4-a864-2a75dd0bee1f,100g phần,GRAM,100.0
211b8b37-9a43-5ab9-be5b-4178b98c27fc,,,b3dcbf04-6b2e-51f4-a864-2a75dd0bee1f,1 oz,GRAM,28.0
4bb70019-40e3-50f0-af20-e90ae3c87117,,,91deba43-d965-5504-943d-31a920e01c12,100g phần,GRAM,100.0
093df828-6acd-5d5a-bfba-596857964ddd,,,91deba43-d965-5504-943d-31a920e01c12,1 slice,GRAM,125.0
ba6c96c1-1346-5c5d-9a2d-886c6496ccd3,,,2666b08b-9822-50e7-a67e-403156fc08cd,100g phần,GRAM,100.0
523e1fc6-8642-5420-b563-606ed58f84e4,,,2666b08b-9822-50e7-a67e-403156fc08cd,3 oz,GRAM,85.0
f39f16e5-1bc9-56e6-beea-98371d4a7c21,,,d08acf56-7fde-54cf-855e-1b5b33889c20,100g phần,GRAM,100.0
031569c0-95d4-513d-87a6-19f98a049400,,,d08acf56-7fde-54cf-855e-1b5b33889c20,1 fritter,GRAM,70.0
14162d3e-3237-5da4-804d-b76f4a90c076,,,637e93ac-a304-5f74-9b93-e960fc30275b,100g phần,GRAM,100.0
de170cb1-eb71-5cc6-b14f-352d22418980,,,637e93ac-a304-5f74-9b93-e960fc30275b,1 slice,GRAM,40.0
e40cf732-7999-586e-adeb-d69ad1afcb9c,,,6678d2a8-ca01-5299-9806-01458c2d977a,100g phần,GRAM,100.0
0b79431f-2898-5f51-a001-6da7e07315ce,,,6678d2a8-ca01-5299-9806-01458c2d977a,3 oz,GRAM,85.0
44288676-e41b-5c1b-8bae-f34dbe08bd95,,,657b2fdf-3be3-510d-be0b-389f1ceaa926,100g phần,GRAM,100.0
ed16f0d8-2abf-51d9-952e-e16751b6b5a3,,,657b2fdf-3be3-510d-be0b-389f1ceaa926,1 piece,GRAM,40.0
59452e56-4621-54b5-9c28-e538ae6483b3,,,7cb650d3-dbf8-5c06-8601-4ba857579564,100g phần,GRAM,100.0
b42000b9-612f-517b-949e-17703fdb3e0d,,,7cb650d3-dbf8-5c06-8601-4ba857579564,1 piece,GRAM,80.0
cfe07da8-3f56-5da8-a9de-eaacb6abbc6a,,,c077b8b2-4c0f-547a-a4e9-9c924bb63477,100g phần,GRAM,100.0
765e2bdb-fdc9-5321-a66d-8076964a0fc8,,,c077b8b2-4c0f-547a-a4e9-9c924bb63477,1 cup,GRAM,240.0
c6689ec6-f201-5ff6-bb4b-3f3cd52e2758,,,b55dd916-81c5-54d4-b63d-f232073ec635,100g phần,GRAM,100.0
6eba3b78-7047-533d-8e20-5bbce9b45636,,,b55dd916-81c5-54d4-b63d-f232073ec635,1 cup,GRAM,140.0
d85f7f14-c237-51cc-8f06-64b063867708,,,6a764f17-79e8-5c5b-98cc-135541c968db,100g phần,GRAM,100.0
35786466-77de-5011-af24-2aa75935a18b,,,6a764f17-79e8-5c5b-98cc-135541c968db,2.8 oz,GRAM,80.0
b252386d-6c85-56ef-ae21-b33c025fbdcf,,,e9ec23fe-eb41-54ea-9bc1-201a79c85ed6,100g phần,GRAM,100.0
843b5cbd-d788-5619-b1f3-fdebd07a20c6,,,e9ec23fe-eb41-54ea-9bc1-201a79c85ed6,2 tbsp,GRAM,30.0
839dc5b2-a628-555e-a576-e02b6073033d,,,924f020d-ccc4-5eb2-a7c0-c834a2e4d32a,100g phần,GRAM,100.0
0cc3745a-37ee-59dc-83c9-25badbe06273,,,924f020d-ccc4-5eb2-a7c0-c834a2e4d32a,2 tbsp,GRAM,30.0
21e19adb-642e-5a7b-8ee5-ba905fde4be0,,,002dc326-137a-5f32-b7b6-1ba327483260,100g phần,GRAM,100.0
79f82aab-220c-5864-b3af-2ae738b1d12e,,,002dc326-137a-5f32-b7b6-1ba327483260,1 tbsp,GRAM,15.0
f19c4942-5b47-55e7-83c5-1fd31dbffad1,,,ec66b36a-844f-5a5c-8836-2606f704c27f,100g phần,GRAM,100.0
b8244583-8372-5430-8cc2-d6db6bc7c369,,,ec66b36a-844f-5a5c-8836-2606f704c27f,5 oz,GRAM,147.0
343a4ba5-b6b2-53fa-acd5-55239005e34b,,,5c4032fd-7bcc-57ad-b29d-2e3bcf0d4262,100g phần,GRAM,100.0
08239bf1-744f-562f-96f4-d7ec17652949,,,5c4032fd-7bcc-57ad-b29d-2e3bcf0d4262,1 cup,GRAM,50.0
87496417-e639-5f10-9f3d-07e451476ac7,,,779f2f93-66e4-5726-b1bc-7da62fd73147,100g phần,GRAM,100.0
6099fa95-1185-5f4f-996e-e1ec4af56630,,,779f2f93-66e4-5726-b1bc-7da62fd73147,1.5 fl oz,GRAM,45.0
8440adb4-0bea-527b-9322-ff3fe65ed538,,,5ad64c04-62ec-50b5-aa23-066ba3a10ce8,100g phần,GRAM,100.0
24607253-13a2-5461-bc16-4155d932ed76,,,5ad64c04-62ec-50b5-aa23-066ba3a10ce8,3.4 oz,GRAM,100.0
b4f27f98-c58d-5409-be09-1d255f0c174b,,,52caa1ce-ad7d-5da4-8878-b4b90300309b,100g phần,GRAM,100.0
f39196e8-6e99-58f0-b78b-33c90dc0d97e,,,52caa1ce-ad7d-5da4-8878-b4b90300309b,1 cup,GRAM,250.0
7b4764dc-1676-51ec-b6f7-4365da45921b,,,fffb263d-92a7-5073-a686-6c46705f6b67,100g phần,GRAM,100.0
96d6b987-b2ac-5a70-b756-ee3bf4209996,,,fffb263d-92a7-5073-a686-6c46705f6b67,1 cup,GRAM,162.0
efda0fa9-694b-5a07-b1cc-afbaf1b46f48,,,b9235ac3-644c-5e45-ae1d-be4784ead399,100g phần,GRAM,100.0
ec5747ec-d3e6-5cee-ad63-5485b24b1130,,,b9235ac3-644c-5e45-ae1d-be4784ead399,3 fl oz,GRAM,90.0
511a0331-5300-5b40-8cda-f61d01119681,,,8a5455b7-b532-524c-aba1-94ea78b852f2,100g phần,GRAM,100.0
cc07d206-80a5-50eb-9234-559713b24076,,,8a5455b7-b532-524c-aba1-94ea78b852f2,3 oz,GRAM,85.0
a48ff446-d3da-519f-93b9-b4ed6d459497,,,c149adf5-deda-5be0-a63d-9fd5f4dc970d,100g phần,GRAM,100.0
9d92f79a-f29d-5b5d-a5c0-48f4e9dd4e86,,,c149adf5-deda-5be0-a63d-9fd5f4dc970d,1 cup,GRAM,150.0
07654989-c1ce-5a59-b25a-8ccee72b9ef4,,,d43686b5-70c1-5738-a7a0-16ad6e36258c,100g phần,GRAM,100.0
793bd71e-a7ca-5bc7-b8d3-edcbf5af66e9,,,d43686b5-70c1-5738-a7a0-16ad6e36258c,1 oz,GRAM,28.0
cc8fb264-9bf4-5f68-9c99-c97b73a68905,,,b421664b-9bda-56ae-848a-c94684261177,100g phần,GRAM,100.0
8e60c373-7740-51a9-81d5-27e1d19f2042,,,b421664b-9bda-56ae-848a-c94684261177,1 tbsp,GRAM,15.0
2d3f2f22-9916-5be8-b37e-231d1ff6ceb9,,,2cd972a4-aaaf-5058-8d43-d01f007bdd95,100g phần,GRAM,100.0
ce3b02f1-b687-5b78-bdb4-ddfb2279ca03,,,2cd972a4-aaaf-5058-8d43-d01f007bdd95,3 oz,GRAM,85.0
f4083023-4c9c-57cc-a49e-6e2144484b3a,,,b173b130-18fc-5006-b1ab-65a6f79a9262,100g phần,GRAM,100.0
0636ac54-faf8-5efe-9cbb-e4e3b7d1a13c,,,b173b130-18fc-5006-b1ab-65a6f79a9262,0.33 cup,GRAM,40.0
1f776e04-f8f2-57a5-8ff5-18956444f210,,,dba2f1f0-2382-58c6-a78e-62019f20ed11,100g phần,GRAM,100.0
ac7dfda9-308c-57ef-a006-47bc1510a745,,,dba2f1f0-2382-58c6-a78e-62019f20ed11,4 oz,GRAM,113.4
f897ce19-aa32-5a7c-b56c-fa019f2d4faf,,,fd34204f-b1dc-53b3-b39c-8130b99c52b3,100g phần,GRAM,100.0
46f69b74-5ec9-5283-bebe-a37e48197f2c,,,fd34204f-b1dc-53b3-b39c-8130b99c52b3,2 tbsp,GRAM,15.0
33b03291-d6cb-55d8-bf1c-4e697aa745b7,,,159e5640-2fa5-5d20-a44c-62f22114dbc0,100g phần,GRAM,100.0
047e51ed-bfba-59cc-a279-f1cd7519fcf1,,,159e5640-2fa5-5d20-a44c-62f22114dbc0,1 tsp,GRAM,3.0
5c10feca-de11-5e4d-9ede-82fa6d4674aa,,,8cdfbbac-e931-5bcd-9423-1ee791e027f0,100g phần,GRAM,100.0
5cb9b8aa-0ddb-5048-83ff-94a3288901fa,,,8cdfbbac-e931-5bcd-9423-1ee791e027f0,2 tbsp,GRAM,30.0
f552a990-de09-516c-8cfa-9860f96d03b2,,,873a19a1-387e-5e61-ac23-e1de487b9217,100g phần,GRAM,100.0
6477bf3e-94bf-54de-a914-4010484d767e,,,873a19a1-387e-5e61-ac23-e1de487b9217,1 oz,GRAM,28.0
284ea115-8867-546b-815e-f52be775cba9,,,9c5c68fc-e753-5fa2-8472-d696056715f2,100g phần,GRAM,100.0
a27f8b14-2c25-5636-8ad9-f893204698ee,,,9c5c68fc-e753-5fa2-8472-d696056715f2,1 cup,GRAM,150.0
4d1cf3d7-98b4-51bf-8475-d9c537650691,,,108b02ec-865d-5dba-9aa9-064882849398,100g phần,GRAM,100.0
5dfced36-72a9-55e2-b8f7-a36fa46699eb,,,108b02ec-865d-5dba-9aa9-064882849398,1 cup,GRAM,150.0
68d59211-54b1-5554-a105-9f8676f466fb,,,6422267f-84cb-5ff7-94a3-f475d785c4e3,100g phần,GRAM,100.0
f9d93eb6-7029-5405-9b67-8eb2d370a0c4,,,6422267f-84cb-5ff7-94a3-f475d785c4e3,1 tbsp,GRAM,15.0
c17278bc-4914-52d9-befa-edfb5a5b8775,,,d989bdc5-90c6-5f4e-9722-db6a966c1294,100g phần,GRAM,100.0
4af1ef35-3b14-5983-bbb1-66fefd7d2a65,,,d989bdc5-90c6-5f4e-9722-db6a966c1294,1 cup,GRAM,244.0
fbce1365-17e7-5e9b-84cf-6efc21547ef9,,,8c2f3cfa-e27c-5376-b5e3-658bb98add76,100g phần,GRAM,100.0
99148e27-a53b-5abd-ac52-cef55a01c8bb,,,8c2f3cfa-e27c-5376-b5e3-658bb98add76,1 piece,GRAM,80.0
15f42d64-2f21-5701-b1b0-571783f53b3a,,,58849bca-52a5-5d74-8fa8-dbd9d197f8aa,100g phần,GRAM,100.0
a2eb6c1e-105f-5259-815b-7be1b8e2f90c,,,58849bca-52a5-5d74-8fa8-dbd9d197f8aa,4 oz,GRAM,113.0
34632dc9-ae53-54e2-94f3-83804a5f2ea4,,,9c754e7e-a7b7-57da-82f8-3581b4f0c647,100g phần,GRAM,100.0
a6a94fe3-9097-54cc-bdde-33e9323ad7d1,,,9c754e7e-a7b7-57da-82f8-3581b4f0c647,3 oz,GRAM,85.0
98a416c8-0925-5e25-bad1-2a8b1b0f6cef,,,dbf31fd1-c679-5878-9f04-de0e3dc1f614,100g phần,GRAM,100.0
39d1b060-eae0-500e-b430-9b061d0d0433,,,dbf31fd1-c679-5878-9f04-de0e3dc1f614,1 cup,GRAM,236.0
d4b18180-46a2-5b7c-b6a1-21b6da2c26c0,,,f95625f6-2243-513d-8c8f-f6c99888854d,100g phần,GRAM,100.0
ddad2bef-4d2e-5cef-8408-2a13f75ddf28,,,f95625f6-2243-513d-8c8f-f6c99888854d,4 tbsp,GRAM,60.0
7c755afb-d23c-5fda-bd43-ec898682a9db,,,fad2a14d-9807-5c79-87f2-35edee222213,100g phần,GRAM,100.0
1371b4bc-1238-5538-9011-870af414758a,,,fad2a14d-9807-5c79-87f2-35edee222213,1 tbsp,GRAM,15.0
2e4380c9-77cc-5e56-8b9d-8cbd23eb9ba5,,,ea77ad0c-7b8e-565c-9418-78f6a68c8bd6,100g phần,GRAM,100.0
4dd8645a-1a27-5d23-b88a-1cc9fe7cd4f8,,,ea77ad0c-7b8e-565c-9418-78f6a68c8bd6,1 cup,GRAM,30.0
73e04c11-b691-5f3c-9842-7624afa5af99,,,45b97ab8-9399-5677-a406-6fede0225c3b,100g phần,GRAM,100.0
67dad49c-c1fc-5ed9-8ad9-7629b5c80929,,,45b97ab8-9399-5677-a406-6fede0225c3b,1 latke,GRAM,80.0
658710ef-89df-5f2f-b951-8e1a7c2d0279,,,b3f57bb4-4d9a-5f22-9abe-bac1471d3650,100g phần,GRAM,100.0
53157e33-d70b-5dac-b7f8-6fbce7f62bab,,,b3f57bb4-4d9a-5f22-9abe-bac1471d3650,2.8 oz,GRAM,80.0
b5c45452-8ac9-503c-a189-16ff4c1b2a12,,,dfc65bec-7f0a-5970-ad94-7f7f37b28474,100g phần,GRAM,100.0
86a56363-a29e-572d-93e3-c462f3968aa1,,,dfc65bec-7f0a-5970-ad94-7f7f37b28474,1 piece,GRAM,20.0
6fb73a93-1d65-52a4-9422-34965752c9a5,,,c03f9be1-b132-584d-8613-33ce2a18182d,100g phần,GRAM,100.0
92a188bc-7879-56bc-898a-5c2fa316f883,,,c03f9be1-b132-584d-8613-33ce2a18182d,1 tart,GRAM,125.0
1a00d51a-cfdc-59fc-9a7b-c01b906ef42b,,,6a5a749a-3448-5f9d-aa53-04dc51f4d423,100g phần,GRAM,100.0
5a845bd6-9a2a-5c43-b5e6-856ed1bc387b,,,6a5a749a-3448-5f9d-aa53-04dc51f4d423,2 oz,GRAM,57.0
a9d5df0e-2209-5359-8da6-f8971aa24dcd,,,2ff29d7a-bb65-571f-99f5-056a4149c4f5,100g phần,GRAM,100.0
f3e6ccb8-c2bd-52b3-8728-7ce9e23e0c6f,,,2ff29d7a-bb65-571f-99f5-056a4149c4f5,1 scoop,GRAM,9.3
0433bf7f-a77a-5175-b38f-da5b65495141,,,a92d7612-5da9-5815-9919-0be4fcd741d1,100g phần,GRAM,100.0
ade36a1d-3323-54e9-b730-3d69ebdc4f74,,,a92d7612-5da9-5815-9919-0be4fcd741d1,1 plum,GRAM,50.0
5ec18fd0-3c1e-5135-beb7-8412050728a3,,,16e7e625-e0ea-5b0c-973e-76ceee4ff98f,100g phần,GRAM,100.0
7ee2310b-ba13-5474-8da3-ca96f842d3b4,,,16e7e625-e0ea-5b0c-973e-76ceee4ff98f,1 bundle,GRAM,255.0
793fd447-7083-5eb2-9dbc-4fcece3af756,,,1770862b-4d5f-5591-99a9-c8d6dd82f5f7,100g phần,GRAM,100.0
da994f48-fea8-5579-bab1-2d9d8b3ffbfc,,,1770862b-4d5f-5591-99a9-c8d6dd82f5f7,1 piece,GRAM,80.0
c3cfae0e-f1dd-5a3d-9b87-f291bf18f9ff,,,89ff7889-c030-5f69-a666-057bc3062aec,100g phần,GRAM,100.0
682fc678-9352-503c-9dd2-b31f99dab062,,,89ff7889-c030-5f69-a666-057bc3062aec,2 oz,GRAM,56.0
9f2139b4-69f8-5752-a4b7-b7dd6b9a315a,,,02130c7e-bd62-56fc-837f-9378cc3016a8,100g phần,GRAM,100.0
0a616ee1-eda9-522e-bb93-18b6436e429e,,,02130c7e-bd62-56fc-837f-9378cc3016a8,10 oz,GRAM,283.0
7afa5174-2fd9-510c-9875-1567b4d295ec,,,a8557ccc-66ba-5562-a46b-3bfbd39fbd87,100g phần,GRAM,100.0
d5f6101e-116b-5f1b-82a9-e82975f145cc,,,a8557ccc-66ba-5562-a46b-3bfbd39fbd87,1 oz,GRAM,28.35
12946f12-c6e0-55f0-b38b-a3c199f37d7f,,,c367344f-1841-5065-84cc-ebcd3bf9059c,100g phần,GRAM,100.0
faee815a-2763-5e81-b468-9ba2f4c96e72,,,c367344f-1841-5065-84cc-ebcd3bf9059c,1 tbsp,GRAM,8.0
bc03925b-4300-56ba-b561-945a8525d34e,,,722626ca-14e0-5001-b877-a9fd4e8d8900,100g phần,GRAM,100.0
18df4260-eb33-5532-866e-78bcbeca37cf,,,722626ca-14e0-5001-b877-a9fd4e8d8900,1 piece,GRAM,75.0
d79ae7dd-9ae1-5e44-b3ed-cfd1ebc16552,,,d1d23350-82f7-5118-8945-7cc7e9b09aae,100g phần,GRAM,100.0
3902059b-54bd-5a48-849a-5ea53c3bb436,,,d1d23350-82f7-5118-8945-7cc7e9b09aae,3 oz,GRAM,85.0
79ea1f2a-b96c-53c8-82e1-b58e772bcf91,,,a875652a-29ec-5440-bed5-ab4351254f03,100g phần,GRAM,100.0
e679d1b1-55e1-50b6-894a-766e250e7b23,,,a875652a-29ec-5440-bed5-ab4351254f03,1 slice,GRAM,125.0
77cd038b-6762-56d3-bc28-e3d773f67a5d,,,7715542c-777a-5233-8d57-837e199483fb,100g phần,GRAM,100.0
7ae7e6a3-c657-52dd-98f7-50514cfd3ce7,,,7715542c-777a-5233-8d57-837e199483fb,3 tbsp,GRAM,30.0
da3e60ea-71c0-5271-8048-c7aa316f405b,,,42104409-85bd-53cc-b34e-c9023525bf0d,100g phần,GRAM,100.0
37cb950b-5073-507f-8c6c-3c5cf739b85f,,,42104409-85bd-53cc-b34e-c9023525bf0d,1 tsp,GRAM,5.0
90dece87-2113-5ddf-af17-0f6fc53ebfb7,,,81f05419-5306-5804-93d3-64a09c1b0809,100g phần,GRAM,100.0
ab440096-5b9c-52cf-a7d1-3ad041df906a,,,81f05419-5306-5804-93d3-64a09c1b0809,1 tbsp,GRAM,15.0
ed0a2db2-122c-5457-89d3-46fb2c5c727b,,,b6d4816f-3d6b-5f61-ae20-f7e419127bbc,100g phần,GRAM,100.0
2bf88510-0608-53b0-87d9-c9fd1b08e964,,,b6d4816f-3d6b-5f61-ae20-f7e419127bbc,1 tbsp,GRAM,18.0
40f8c081-b625-5158-89c3-c54ea8145fcd,,,3360f2cb-f907-5868-9320-cdf52ec87742,100g phần,GRAM,100.0
dd9f10bb-feb2-5653-bf95-e456d28d136e,,,3360f2cb-f907-5868-9320-cdf52ec87742,4 oz,GRAM,113.0
35c0c2c6-9770-5807-b569-796fb0786082,,,75bbd676-7191-5d45-93fb-3c6ae936a96e,100g phần,GRAM,100.0
2976e75f-983a-559a-8e22-53f47780e4be,,,75bbd676-7191-5d45-93fb-3c6ae936a96e,3 oz,GRAM,85.0
fd2c7261-1e52-54a1-b72a-12e94c3ab01c,,,48d32ccb-229a-5413-b9c8-e1aec062416f,100g phần,GRAM,100.0
deefd162-bd54-5cf4-b68d-742a67afc1a0,,,48d32ccb-229a-5413-b9c8-e1aec062416f,1 piece,GRAM,70.0
ccf609e4-4312-5adc-a7b1-12fb95f0f0a4,,,b3f61fc4-3650-52a0-b9b3-126f5ac30729,100g phần,GRAM,100.0
6d203c25-a7cd-5798-858b-f5d18a620d3d,,,b3f61fc4-3650-52a0-b9b3-126f5ac30729,4 tbsp,GRAM,30.0
1374a009-d011-5cdf-b66b-04e31a071fd2,,,1d2c0a0e-fcf6-5418-9203-60133b431e20,100g phần,GRAM,100.0
a98b140a-26c8-527a-8bae-59f65e184d28,,,1d2c0a0e-fcf6-5418-9203-60133b431e20,0.5 cup,GRAM,70.0
0ba4b63a-4ef3-59cd-a85e-bc59b35c1887,,,d90e312a-4f45-5cff-bb7e-1af208c0b369,100g phần,GRAM,100.0
c093d4de-bee8-5a24-aaa5-2d58317cf65c,,,d90e312a-4f45-5cff-bb7e-1af208c0b369,2 tbsp,GRAM,14.0
177b1ba6-db65-5497-9318-ad0e788795df,,,840a0faf-51fb-56aa-92bb-639641a2817b,100g phần,GRAM,100.0
eb6172c7-cac3-5d52-b775-a2c85bab322a,,,840a0faf-51fb-56aa-92bb-639641a2817b,4 oz,GRAM,113.4
5eee194e-b214-56a9-9e70-f240f0b90d77,,,e290f804-705a-56a5-bef0-6816e97eb8c9,100g phần,GRAM,100.0
d33d5c82-97fd-5580-990e-f305940076a3,,,e290f804-705a-56a5-bef0-6816e97eb8c9,5 fl oz,GRAM,150.0
f4f7200e-70ed-5d09-8953-03cd4d731619,,,ab93acd5-02ac-5a41-acbb-0ac4391ca3da,100g phần,GRAM,100.0
3e0a4d4f-c736-5d2e-b096-53e94bfa78bb,,,ab93acd5-02ac-5a41-acbb-0ac4391ca3da,1 leaf,GRAM,0.5
d787702d-cf06-532b-93a2-2ab5bb8870d3,,,f72e9b1d-936b-520b-abed-9e435b94081b,100g phần,GRAM,100.0
6dff33b0-2b2c-569d-82b3-1b020ee6f81d,,,f72e9b1d-936b-520b-abed-9e435b94081b,1 cup,GRAM,38.0
ee6161d2-0f28-5c2b-a0a9-37f9eaee8490,,,0020bee1-ea80-508c-ac94-d7879eac6c75,100g phần,GRAM,100.0
4ba281e8-c3e4-5b02-9b1d-14fae1644a35,,,0020bee1-ea80-508c-ac94-d7879eac6c75,3 oz,GRAM,85.0
e242ad92-6657-5c60-9cf3-6551f429302d,,,68f14f35-5a3b-51e3-983c-3367a496dfe5,100g phần,GRAM,100.0
7d3401c9-24bc-57c6-8da2-45779ba50a9d,,,68f14f35-5a3b-51e3-983c-3367a496dfe5,1 oz,GRAM,28.0
8116f46d-a687-517c-ae4c-af081bc3a095,,,59a52074-aed7-54f2-872f-8ad54409ee11,100g phần,GRAM,100.0
f433ae27-cb00-560e-bbbe-7f555aa60a95,,,59a52074-aed7-54f2-872f-8ad54409ee11,1 oz,GRAM,28.0
f3736545-f06f-5370-978a-2f9f0ae2a14b,,,5b062b35-ac66-52ce-9082-4cc26144a2bc,100g phần,GRAM,100.0
521ae0d7-9ac0-513b-ac33-3f2f6be796ea,,,5b062b35-ac66-52ce-9082-4cc26144a2bc,1 cup,GRAM,50.0
1a400cd4-8bd1-55be-a83a-2c8a5f13b573,,,90fd9b6d-771d-5874-a47f-6a3e7a190fdd,100g phần,GRAM,100.0
ebc1115d-932c-51ab-bb2c-30b76dbb2ce0,,,90fd9b6d-771d-5874-a47f-6a3e7a190fdd,4 oz,GRAM,113.4
b9e8e529-1673-5a0e-a7c2-a3a6b55581a6,,,f7dd0560-932e-5492-88c8-b98d1f804b8e,100g phần,GRAM,100.0
c048d60b-5f1e-5150-9b59-093fd29adb7d,,,f7dd0560-932e-5492-88c8-b98d1f804b8e,1 tbsp,GRAM,15.0
dcc76b05-5246-5b34-9075-872f4f1e8a31,,,6783cbd7-0587-58dd-9e76-c52a816ad75e,100g phần,GRAM,100.0
2c8235c3-baf3-5e5e-97df-7412cd6561d2,,,6783cbd7-0587-58dd-9e76-c52a816ad75e,3 oz,GRAM,85.0
44e4ca9a-092c-535a-956d-1f6666c0ddf0,,,f2796c6f-6721-5c6f-b04e-c48b2e01d230,100g phần,GRAM,100.0
87d21920-bf09-57ca-aa89-acc90367261e,,,f2796c6f-6721-5c6f-b04e-c48b2e01d230,3 oz,GRAM,85.0
a38f0a4e-ebc1-5a0c-a5e1-cf3b2e3e851b,,,e0ad2e0e-f681-5bc1-aa92-dbfd82abf685,100g phần,GRAM,100.0
144f79b1-3e9f-5d60-9e1a-cb57292a10c1,,,e0ad2e0e-f681-5bc1-aa92-dbfd82abf685,1 tsp,GRAM,2.0
6b971b20-0601-5f9d-aa1b-5ab833eee514,,,bb99ca11-f4af-56d1-9a7a-4c3c1e624df4,100g phần,GRAM,100.0
db3e2830-1cf3-51a0-acb2-ae503a3c7476,,,bb99ca11-f4af-56d1-9a7a-4c3c1e624df4,1 cup,GRAM,40.0
34b29c82-f687-5254-801f-d669ffdefba6,,,5984a811-439a-5a0a-a247-80716279fdfe,100g phần,GRAM,100.0
f00cd015-7972-5a44-9820-b9b721b8db22,,,5984a811-439a-5a0a-a247-80716279fdfe,0.25 cup,GRAM,40.0
ad41345e-16e5-5fd6-8804-f7f1c320de05,,,75e85b3a-d6a3-5b0b-a7ac-5ff17164405a,100g phần,GRAM,100.0
b0abe3de-27b9-50e0-ab55-c3803f95ee60,,,75e85b3a-d6a3-5b0b-a7ac-5ff17164405a,1 cup,GRAM,150.0
e91ad5e8-75e2-5be2-b3a3-08d718220272,,,30198d87-e9cc-5cd7-9d26-b086b9ae8524,100g phần,GRAM,100.0
4bcd6f1a-0c09-565f-8a6e-a022935ab5a5,,,30198d87-e9cc-5cd7-9d26-b086b9ae8524,3 oz,GRAM,85.0
0ef1d3fe-50a0-53df-ab15-983901e1fcf9,,,d094c3f7-17ba-56bc-99dc-500bea3a205e,100g phần,GRAM,100.0
af53324b-66e0-5087-b3bd-2072957b43fb,,,d094c3f7-17ba-56bc-99dc-500bea3a205e,1.5 fl oz,GRAM,44.0
88b7a2e3-ea55-5805-91d7-a585404956c8,,,d9c20ac0-42c2-5dd8-9e31-4a011fff8038,100g phần,GRAM,100.0
1f1d16ff-182a-56cb-baaa-7eee52b7b0d8,,,d9c20ac0-42c2-5dd8-9e31-4a011fff8038,1 cup,GRAM,136.0
7634a9df-d9ea-5df7-acba-3f9ae1316f68,,,ffdcc485-302a-559b-b51c-0aab765e7a9b,100g phần,GRAM,100.0
82bbe2c7-5f42-595c-8d46-37affc8f4244,,,ffdcc485-302a-559b-b51c-0aab765e7a9b,4 oz,GRAM,113.0
3ad93388-7b8b-536c-a1ee-91fb772826c1,,,cd961eed-9485-537e-8c96-6fdbdca473cb,100g phần,GRAM,100.0
10438671-b63e-5500-aaff-b51e576e6655,,,cd961eed-9485-537e-8c96-6fdbdca473cb,1 tsp,GRAM,2.6
bc0e9d09-d00e-550b-b578-de0f286ad025,,,c2315782-f4ce-51c0-8182-1a54c015d2eb,100g phần,GRAM,100.0
3912ccf1-493e-50a4-8c5b-a2bd191acef9,,,c2315782-f4ce-51c0-8182-1a54c015d2eb,2 tbsp,GRAM,15.0
90c05cd3-7509-5be9-aa8f-715c249c6dad,,,f009540e-d1a2-5cea-83de-9912ccaee989,100g phần,GRAM,100.0
8568dfd5-a2a3-5aba-ae8a-c0853131898c,,,f009540e-d1a2-5cea-83de-9912ccaee989,1 cup chopped,GRAM,50.0
4812e2b0-ee47-55c2-bb57-b37620d0b886,,,40767de3-7a8f-5778-8366-7348ceb820b7,100g phần,GRAM,100.0
a911a18d-978c-5de3-9e5a-54da021b220c,,,40767de3-7a8f-5778-8366-7348ceb820b7,1 oz,GRAM,28.0
d3507dbb-f5eb-5e82-b83b-85443f023cca,,,27995a2d-1ef2-57f9-a681-ca5a6d4f5901,100g phần,GRAM,100.0
1c051d71-9f63-544d-b595-94f46fbbc947,,,27995a2d-1ef2-57f9-a681-ca5a6d4f5901,1 cup,GRAM,140.0
6496e3bc-ffdd-58f0-aee9-d97c4924f7d3,,,9030504c-4210-5a7f-9169-f45478b59c4a,100g phần,GRAM,100.0
b091c816-0798-5ee4-9cb9-058ad4a514c0,,,9030504c-4210-5a7f-9169-f45478b59c4a,0.5 cup,GRAM,125.0
19b39afa-a84b-5c19-af7c-6c5506b923ec,,,d71dcbbf-4d1a-5a8c-a769-d235767a6d35,100g phần,GRAM,100.0
ab8c41d0-8814-5ac5-affc-20f26d6d9933,,,d71dcbbf-4d1a-5a8c-a769-d235767a6d35,1 cup,GRAM,50.0
fdc77ebf-183c-5847-bb9f-0d2ac0a74310,,,66984d28-1ab4-5901-8281-343856d926e9,100g phần,GRAM,100.0
9ac199af-9bfc-5191-bbdc-063cb9b04ac7,,,66984d28-1ab4-5901-8281-343856d926e9,1 cup,GRAM,120.0
4c768391-1ced-57ca-ad14-4c06c5e490bc,,,5be47541-86b5-5bd2-bc74-87b7e210526c,100g phần,GRAM,100.0
883f5d23-e712-5518-b289-383650772bd1,,,5be47541-86b5-5bd2-bc74-87b7e210526c,4 oz,GRAM,113.0
d6bab50c-9e82-52a1-9766-b3dcdc1a2549,,,b4dc2675-74f4-5450-a5a9-65d0c8c48bf9,100g phần,GRAM,100.0
3d1b6d6a-ae12-5216-8d96-e30bb15a6e56,,,b4dc2675-74f4-5450-a5a9-65d0c8c48bf9,3 oz,GRAM,85.0
0a5babb4-df24-50f1-8944-f9618d78d3a6,,,c79407c6-1409-5a0a-9a4c-c597e7e17153,100g phần,GRAM,100.0
21805856-832b-5f2a-8e83-9812692e39be,,,c79407c6-1409-5a0a-9a4c-c597e7e17153,3.9 oz,GRAM,110.0
3dc9542d-0c0f-5db6-bd5c-d4b4937a8e47,,,29827cac-4715-583e-81db-296f898cf6ef,100g phần,GRAM,100.0
ae5cc083-d747-5dba-983f-0311344929fe,,,29827cac-4715-583e-81db-296f898cf6ef,1 piece,GRAM,40.0
4d24af55-e4b0-5aa7-a30a-21794e9bfda8,,,e43d5822-76c8-5f4a-8b98-9cc6bfbf62e2,100g phần,GRAM,100.0
3fca9c49-29b4-5476-925a-d36b96838690,,,e43d5822-76c8-5f4a-8b98-9cc6bfbf62e2,2 oz,GRAM,56.0
032e7ae6-20b4-59c7-a6e6-2345a3b851d3,,,1ea5a95d-6f0d-57bb-bea7-0e70634ab06f,100g phần,GRAM,100.0
2fc1696c-5c75-5f02-8245-db8fc96b1326,,,1ea5a95d-6f0d-57bb-bea7-0e70634ab06f,3 oz,GRAM,85.0
25c75a8b-ae2a-5940-90a4-59a996b9d3b6,,,1befaa7b-aedf-5554-9db0-44dca01f9d22,100g phần,GRAM,100.0
34d787d4-6724-578c-b6fb-ea1da26ae721,,,1befaa7b-aedf-5554-9db0-44dca01f9d22,4 oz,GRAM,113.4
df32b961-723f-543f-b1ce-db0e00857ec5,,,7b8bc6e2-0a71-5956-aea5-622cfd621672,100g phần,GRAM,100.0
45eb321c-ba9f-53e9-90c1-250de0777237,,,7b8bc6e2-0a71-5956-aea5-622cfd621672,3 oz,GRAM,85.0
8ac320a5-6f8d-569a-97d5-cc934e64b50a,,,41219d6e-d0fc-5340-a8c2-5aad143a356a,100g phần,GRAM,100.0
42d10878-43e3-5d67-bea0-c31dfc5c9235,,,41219d6e-d0fc-5340-a8c2-5aad143a356a,1 slice,GRAM,188.0
a77a8ddc-55d6-50f3-a002-73135c4d40c3,,,d010f3e0-cd18-557f-bb87-524c9a33461a,100g phần,GRAM,100.0
1fefbea4-5f83-5259-9d2f-cd3d2a6ed3e3,,,d010f3e0-cd18-557f-bb87-524c9a33461a,6 berries,GRAM,100.0
b67182db-9c5c-5a6d-92b5-fc01272a29e0,,,dbde0311-653c-5348-a250-aab9fcbf7f3f,100g phần,GRAM,100.0
8d934b4f-d6ab-5e8e-8b22-91db01a942b3,,,dbde0311-653c-5348-a250-aab9fcbf7f3f,1 tbsp,GRAM,15.0
6fb30239-8d6c-502a-94dd-6d0616183695,,,579aba92-6c46-5fe2-9a3f-ceb780f562c1,100g phần,GRAM,100.0
8d963e6d-06e7-5e4c-b9da-c109e750b2d7,,,579aba92-6c46-5fe2-9a3f-ceb780f562c1,2 tsp,GRAM,10.0
411a7d18-e575-5dac-9558-12892f546ccb,,,c574423a-e16b-5f90-8b92-53de71c283de,100g phần,GRAM,100.0
86feadc0-5c33-563f-9cb9-48d22581d9e2,,,c574423a-e16b-5f90-8b92-53de71c283de,2 tbsp,GRAM,15.0
11f4657d-4d99-5837-a4cf-d6d81a26dbda,,,11662b88-3bcf-51ba-a658-6b1e0871e30f,100g phần,GRAM,100.0
de276b42-7349-5e76-9951-11efb62b5179,,,11662b88-3bcf-51ba-a658-6b1e0871e30f,3 oz,GRAM,85.0
f77805f3-d94d-5ad7-8c1b-254e882e4a2f,,,4b900097-e430-58fd-bf96-538314ec91b6,100g phần,GRAM,100.0
5793cfe2-0b89-5002-9093-24d8018e7786,,,4b900097-e430-58fd-bf96-538314ec91b6,3 oz,GRAM,85.0
62e47262-c226-5b68-8fc8-c081cc816fbf,,,dbd8d7e0-1a5d-5ecf-bfa1-283f63958a5e,100g phần,GRAM,100.0
d7a8372d-b44b-558c-98df-801ca074c3fd,,,dbd8d7e0-1a5d-5ecf-bfa1-283f63958a5e,3 oz,GRAM,85.0
8227d69d-4da0-57d2-ac63-6eff426d75c4,,,66ae7d49-7148-5e4b-a8e6-04bf3a3c1f1d,100g phần,GRAM,100.0
e0365772-da45-5279-85f4-0794f3673454,,,66ae7d49-7148-5e4b-a8e6-04bf3a3c1f1d,2 oz,GRAM,56.0
1518a079-bf50-5dc0-9a22-f7fb5014445a,,,a83d670c-2ac3-5168-bd85-d5a3b6e04620,100g phần,GRAM,100.0
8c294f49-9084-5cf4-bb62-751046b6f821,,,a83d670c-2ac3-5168-bd85-d5a3b6e04620,1 pc,GRAM,60.0
1bcedc9c-9109-5f3e-a69b-daef5fdd6564,,,050e0a41-f0d4-5f87-a15f-30a2ed74bc7d,100g phần,GRAM,100.0
a92c0d5a-e926-5f5b-804a-9e5a38629c19,,,050e0a41-f0d4-5f87-a15f-30a2ed74bc7d,0.33 cup,GRAM,28.0
bb0902d3-5911-504c-9413-fc7c8de6255e,,,94b834c7-1bc1-5dab-96b4-7f55386513b2,100g phần,GRAM,100.0
0fce8212-e5a4-51c8-a013-26bb9a6170a9,,,94b834c7-1bc1-5dab-96b4-7f55386513b2,1 cup,GRAM,110.0
fb9b6c31-e150-55ac-941a-cdea00ff7677,,,406d71ad-3b3b-5129-93bd-cc3abafc7dc7,100g phần,GRAM,100.0
80e98396-7edf-5cd7-a2b2-36edec98ddd4,,,406d71ad-3b3b-5129-93bd-cc3abafc7dc7,3 oz,GRAM,85.0
16c727a7-5173-57df-9d04-c82812d4fec4,,,3bd8b3aa-7c57-5b01-91cb-4055625e4fc8,100g phần,GRAM,100.0
505ebf55-042e-5933-bcf1-758857577fee,,,3bd8b3aa-7c57-5b01-91cb-4055625e4fc8,1 slice,GRAM,114.0
1e352881-7256-58ac-b3bd-823162a1ee56,,,7f89c502-88a2-5624-b3f0-8886970557db,100g phần,GRAM,100.0
c676b23f-21f2-5895-9926-ec7157164898,,,7f89c502-88a2-5624-b3f0-8886970557db,3 oz,GRAM,89.0
4b5db250-c64d-513e-8fc1-af993a2f8845,,,e8a82e84-213e-5584-8e56-81e6d012b827,100g phần,GRAM,100.0
04a791cb-def3-5898-81c2-55e353f9af60,,,e8a82e84-213e-5584-8e56-81e6d012b827,1 tsp,GRAM,2.5
2700145d-fcba-5efa-bd26-3b142a0f8374,,,e8da295e-908a-55e0-8f99-0cc01b8f7ed0,100g phần,GRAM,100.0
ff35ac09-27f7-53d2-8ed2-a73079a181f3,,,e8da295e-908a-55e0-8f99-0cc01b8f7ed0,6 cracker,GRAM,30.0
6bf9a61a-e2b4-55bc-85f4-03619b920646,,,929cc12a-142b-5d24-a7b3-9aca4ce0992c,100g phần,GRAM,100.0
96c95a4f-1994-5f95-9278-6bb16c70bf99,,,929cc12a-142b-5d24-a7b3-9aca4ce0992c,1 tsp,GRAM,2.0
f4a581c6-ef18-510d-b61e-19b0e35ec5bf,,,9130767b-28da-5730-ab45-f86d1858d13a,100g phần,GRAM,100.0
a03c1813-b49b-58a1-9f47-187b8601bb3b,,,9130767b-28da-5730-ab45-f86d1858d13a,1 plate,GRAM,350.0
1dcfb563-168a-5103-ae0a-c03aa84b48e6,,,a7eaba52-00a3-578f-ba7c-c607fdec7c2d,100g phần,GRAM,100.0
a2cb10a6-29ef-52f8-9fde-b87b4c44d6f4,,,a7eaba52-00a3-578f-ba7c-c607fdec7c2d,5 fl oz,GRAM,150.0
f1ed5ecc-c179-5872-8b95-63fbfd0afa2c,,,1d6bc5b7-035f-524e-86b8-5deb2e5de833,100g phần,GRAM,100.0
b359754e-3bbf-59a5-9100-7c3cbea7d042,,,1d6bc5b7-035f-524e-86b8-5deb2e5de833,8 fl oz,GRAM,237.0
edc9e61c-fded-5749-a073-2dd9927f0454,,,8cb434cf-749d-52da-ab68-c65053b8fe94,100g phần,GRAM,100.0
c3498bbb-f200-5e85-abb3-b79b8bf09469,,,8cb434cf-749d-52da-ab68-c65053b8fe94,1 piece,GRAM,40.0
b43aaba0-d542-5e46-be66-548e42139644,,,7c7fc009-d164-59d8-8646-ebeafc32a5d8,100g phần,GRAM,100.0
87bb3175-dced-53c4-a317-0c5b644f67e8,,,7c7fc009-d164-59d8-8646-ebeafc32a5d8,1.5 fl oz,GRAM,44.0
fb326ea8-fc6a-56f4-a134-212519d03c50,,,949588a6-8e3a-504e-a363-b33411ba0467,100g phần,GRAM,100.0
4037a024-ff2a-57c3-80f0-0680f85f257d,,,949588a6-8e3a-504e-a363-b33411ba0467,1 crepe,GRAM,55.0
056e517a-3dea-5562-96fe-206c6f836174,,,c48ca01c-ac74-5c46-8034-765b6e24508e,100g phần,GRAM,100.0
e7f3c954-031b-5175-804d-8bc4bc6d2013,,,c48ca01c-ac74-5c46-8034-765b6e24508e,5 fl oz,GRAM,150.0
620d9e40-5d34-539d-ab04-2dad2e75d4e6,,,b5d0d684-5fac-5f3d-a05a-5c52518e121f,100g phần,GRAM,100.0
df5f9303-6974-595a-89cb-098d8b916c00,,,b5d0d684-5fac-5f3d-a05a-5c52518e121f,0.5 cup,GRAM,120.0
f7f1dfa8-3b0e-50fa-9c0c-68ce397a77b1,,,999fc557-a68c-5131-bbed-0a645e0c114f,100g phần,GRAM,100.0
777a7865-247a-55f7-a300-4d84fc36f341,,,999fc557-a68c-5131-bbed-0a645e0c114f,5 fl oz,GRAM,150.0
5e497e64-3c23-57e9-b92b-851e5fa39dc5,,,edfba027-77eb-543d-b8ff-df19717df2e7,100g phần,GRAM,100.0
4550e269-e697-51ef-bb9e-a470953e3ea9,,,edfba027-77eb-543d-b8ff-df19717df2e7,3 oz,GRAM,85.0
88ca913b-d12f-502d-966f-9dc625839a28,,,14930643-9585-535a-ab29-1ca61b7204fa,100g phần,GRAM,100.0
8aa51584-1657-5a7a-8916-d35b379b4529,,,14930643-9585-535a-ab29-1ca61b7204fa,5 piece,GRAM,15.0
da992343-5ddb-5726-b4fd-ea4c5efca674,,,5e01ee2d-dff8-5160-9143-d76691283b1b,100g phần,GRAM,100.0
8a4bcf8c-ee13-58c2-91e1-e991d073497e,,,5e01ee2d-dff8-5160-9143-d76691283b1b,7 fl oz,GRAM,211.0
30e1fea6-dcfa-584b-b24a-a7857e707d48,,,dc5d5010-08ab-5d9c-a104-3a56cc7b6626,100g phần,GRAM,100.0
dc9ba3a0-b6b0-5a0d-ad6b-9590a283b153,,,dc5d5010-08ab-5d9c-a104-3a56cc7b6626,4 oz,GRAM,113.4
13cc86ed-9ff0-56d1-a24a-ab1309e015b5,,,9d8155d6-015f-532a-86bf-d6d288909990,100g phần,GRAM,100.0
485c17aa-3708-512a-9a7f-b38b1ceb918f,,,9d8155d6-015f-532a-86bf-d6d288909990,5 fl oz,GRAM,150.0
819e73db-52f5-5716-87f6-52d93c14a0a2,,,16d1d708-1f04-5d8d-954d-3b2d1bb17b1a,100g phần,GRAM,100.0
82486831-9679-582f-b681-ed2c61297176,,,16d1d708-1f04-5d8d-954d-3b2d1bb17b1a,12 piece,GRAM,259.0
ae82194c-08c6-5a23-83f9-a51892308737,,,3e49023a-b07e-50e9-bc1f-c190838eb449,100g phần,GRAM,100.0
84e4eb5e-39c2-5168-bd7a-423ed0472b3f,,,3e49023a-b07e-50e9-bc1f-c190838eb449,3 oz,GRAM,85.0
c1e1cbbb-b671-5c89-9165-fdfff57f0fd5,,,b08b8a5e-f967-5700-9a04-d66591d8356b,100g phần,GRAM,100.0
648cae33-9061-5a46-bdb8-550a35729748,,,b08b8a5e-f967-5700-9a04-d66591d8356b,3.5 oz,GRAM,100.0
932b634f-0e41-5329-96c8-531d3abebf19,,,9f77c6ce-ac7d-5978-9107-df59f53e40c4,100g phần,GRAM,100.0
3d9300f2-bd11-5e1b-8b58-4bcb98abfd00,,,9f77c6ce-ac7d-5978-9107-df59f53e40c4,1.5 fl oz,GRAM,44.0
7629ce55-81b2-5955-976d-603f90db311a,,,7b33b459-5dcb-5889-bffc-1ede269838b8,100g phần,GRAM,100.0
b3f849cb-3616-5584-bf5a-cb47c9979de6,,,7b33b459-5dcb-5889-bffc-1ede269838b8,3 chili peppers,GRAM,15.0
c10c703f-9907-5781-9548-51d33f1c3a2c,,,9dd45fdc-84ad-55d5-b0d1-66955867afed,100g phần,GRAM,100.0
c1841502-0801-53c0-831b-7677ce288c56,,,9dd45fdc-84ad-55d5-b0d1-66955867afed,3 oz,GRAM,85.0
b2a4b595-aee0-5a92-8b97-c590079bf89c,,,0a490ba2-2feb-5f30-922c-079a6c5a3cd0,100g phần,GRAM,100.0
97717eb5-7792-5f9c-bfd2-a4956946fc02,,,0a490ba2-2feb-5f30-922c-079a6c5a3cd0,1 tbsp,GRAM,17.0
cb93aadb-9017-5038-8880-a7b53dac9a45,,,5cb6fd69-a2ff-51b7-8391-bf8bb6139ff1,100g phần,GRAM,100.0
7b362501-d3eb-5856-8da4-977bc1337c8b,,,5cb6fd69-a2ff-51b7-8391-bf8bb6139ff1,1 sheet,GRAM,30.0
c5fc61af-7f5f-5f3a-9a40-318dc927eb06,,,712c89b4-42ec-502d-ba28-1ee1d2901910,100g phần,GRAM,100.0
2526e073-2629-5d3e-8df0-b0ca13a580e3,,,712c89b4-42ec-502d-ba28-1ee1d2901910,0.5 cup,GRAM,85.0
f9b64e28-775c-5357-8b59-56badd207b4f,,,369857f6-51f5-503a-93b9-644e05f141e0,100g phần,GRAM,100.0
d1753956-b379-5e6f-835d-631fb18d2ae8,,,369857f6-51f5-503a-93b9-644e05f141e0,8 oz,GRAM,240.0
05fe70a8-b33d-5d64-8616-e2d95cc7804b,,,9d91d872-6096-5d3d-b1e6-49c03cfa4daf,100g phần,GRAM,100.0
92320018-3700-5d66-9631-1f7b3da1593a,,,9d91d872-6096-5d3d-b1e6-49c03cfa4daf,1 oz,GRAM,28.0
b60478e0-20dc-58d7-8b60-c4366958247b,,,ba2146b1-2e93-5386-86c6-4489ade4df63,100g phần,GRAM,100.0
1860110f-c1ec-5f7d-a293-95942021b54c,,,ba2146b1-2e93-5386-86c6-4489ade4df63,0.5 cup,GRAM,60.0
6ee885c8-21c7-5ccf-9d25-5dc71bb45e20,,,1dcd47c7-bf8f-54df-a8bd-96235abdf5f8,100g phần,GRAM,100.0
0c0a50a6-2163-5652-adf6-be6ef53777e6,,,1dcd47c7-bf8f-54df-a8bd-96235abdf5f8,0.25 cup,GRAM,50.0
f0c00db9-9676-5cad-93c1-abb67bbf181e,,,ba40a582-0dff-58d1-b985-f229728e3b9d,100g phần,GRAM,100.0
bf3da50c-ff71-549c-82c5-46cd25af1c97,,,ba40a582-0dff-58d1-b985-f229728e3b9d,3 oz,GRAM,85.0
d0da16bf-ad82-5026-98eb-c7ef7fbc748b,,,a9c39fb9-0101-51f3-a4f1-dbce9891eaa0,100g phần,GRAM,100.0
3fc5051e-4cbf-5429-9eb7-5c7023c0ffd0,,,a9c39fb9-0101-51f3-a4f1-dbce9891eaa0,1 slice,GRAM,125.0
5955a076-9520-511a-b51b-6a9b058c3bec,,,a53869da-77fc-5e96-aa59-7edeab90a321,100g phần,GRAM,100.0
ae18fc17-dd1a-54d9-9296-66b532e1d6fb,,,a53869da-77fc-5e96-aa59-7edeab90a321,2 oz,GRAM,57.0
7152c480-c9a3-5def-8d89-ff60dbbfbeeb,,,eeea2b42-ad1c-58c8-bcd3-8d71f6432c6d,100g phần,GRAM,100.0
8fc2e061-73e1-5fad-b058-36d812f9d8c4,,,eeea2b42-ad1c-58c8-bcd3-8d71f6432c6d,4 oz,GRAM,113.0
5ee95836-2f26-5e95-816b-3848a563b3ee,,,14dab490-af28-5cb0-b9d7-7e9b35329430,100g phần,GRAM,100.0
99ca6158-f121-50d0-9106-440626774aa2,,,14dab490-af28-5cb0-b9d7-7e9b35329430,24 oz,GRAM,672.0
3ca4c3b2-d6f8-5e3c-b167-71d78ead558d,,,82b9d267-e93b-5c11-9ddb-7cd7e1b2a758,100g phần,GRAM,100.0
d066c810-21c2-5203-b8ac-7b9ca4885ae1,,,82b9d267-e93b-5c11-9ddb-7cd7e1b2a758,1 cup,GRAM,110.0
501e626d-4b34-520f-99dc-c27edad9f851,,,ca84183a-5db7-5000-b688-868f1a683f04,100g phần,GRAM,100.0
36307abf-029e-5e26-94e5-d341a09335bd,,,ca84183a-5db7-5000-b688-868f1a683f04,10 cherries,GRAM,90.0
90f27de3-6df7-592f-bca4-01d47c51c29d,,,3fe8cde3-7d42-571a-9ac9-d1ad8fc6bd19,100g phần,GRAM,100.0
0b1d73fc-fcbb-502c-a08e-c8daaec6734d,,,3fe8cde3-7d42-571a-9ac9-d1ad8fc6bd19,0.5 cup,GRAM,120.0
ec7673ba-fd3c-518f-bd59-03337a195ba1,,,12b8339c-2ca6-57a9-a8fc-ab8e278e6dee,100g phần,GRAM,100.0
756ec57f-1d9f-5f8d-90ed-2f6bda23b72c,,,12b8339c-2ca6-57a9-a8fc-ab8e278e6dee,1 sheet,GRAM,30.0
3194a8a4-21bc-5520-aecc-d4ebe90efa60,,,7e560875-75c6-531e-bf7e-ed8ad4c9409e,100g phần,GRAM,100.0
0c924731-0b7a-5384-85aa-653bf7302a2a,,,7e560875-75c6-531e-bf7e-ed8ad4c9409e,1 tsp,GRAM,1.0
f98cb60d-1175-5752-be13-9deaf91a6a25,,,88115a7e-e60f-5f1e-942b-ab6e70115282,100g phần,GRAM,100.0
c9589113-f398-5884-a3ad-e2ba4ec6b6ef,,,88115a7e-e60f-5f1e-942b-ab6e70115282,1 oz,GRAM,28.0
fae07d7f-ab2d-5b5b-8cb4-b677d39b1df8,,,71e622b7-8c4a-598d-ad8a-8d23adf712a1,100g phần,GRAM,100.0
a688f62e-c800-50fc-8dc5-187811d10f5c,,,71e622b7-8c4a-598d-ad8a-8d23adf712a1,1 cup,GRAM,145.0
bc12d1ed-210f-53f1-b839-2fcf082a815f,,,ab0d9fd5-2bac-584e-8573-3ce6ce45c608,100g phần,GRAM,100.0
2116728f-3844-50cb-85a0-85b019302bcc,,,ab0d9fd5-2bac-584e-8573-3ce6ce45c608,1 tbsp,GRAM,6.0
191f6a6f-35a7-5b09-93b3-7ef41acc3b63,,,dac5d3d6-7656-5a54-bf5b-4aa4db37645f,100g phần,GRAM,100.0
cfeb0c00-7615-5bd8-ada6-18d505a05a34,,,dac5d3d6-7656-5a54-bf5b-4aa4db37645f,5 fl oz,GRAM,148.0
d85790ea-44a1-50d4-a44b-9fa7b3e0737c,,,e08c731a-a2ad-5bc2-a9fc-dc4720fe8571,100g phần,GRAM,100.0
84facc3a-6876-5acb-8dd6-7b1aaa9ef885,,,e08c731a-a2ad-5bc2-a9fc-dc4720fe8571,1 tsp,GRAM,5.0
9093507f-cee8-5a1b-98eb-8409d9cf98f2,,,b0d66561-6db1-51a0-a060-1161e2aea096,100g phần,GRAM,100.0
d43173ad-aace-55f3-b96d-4ed471436a76,,,b0d66561-6db1-51a0-a060-1161e2aea096,1 scone,GRAM,120.0
28cfb90a-a160-5fd6-af64-8012f111f0a7,,,7d53c55b-50f0-5eda-81a0-3e6ab5aadfb8,100g phần,GRAM,100.0
e2f84573-5e0e-5597-b4b9-71aa52974afd,,,7d53c55b-50f0-5eda-81a0-3e6ab5aadfb8,5 oz,GRAM,148.0
7afb8e74-9f49-5f04-a84a-4e8bf7f16ddd,,,97e56e92-ed07-5e7d-84bc-8310f652527e,100g phần,GRAM,100.0
ef5987ac-b0d1-5b4c-b3d3-25ad8a8204e5,,,97e56e92-ed07-5e7d-84bc-8310f652527e,1 tbsp,GRAM,9.0
43b0a8b8-e2c3-5471-87c3-961a2cc7f76a,,,c4150480-8d8c-563d-ba8e-d0bf52cb28b0,100g phần,GRAM,100.0
53969dd8-bdbb-5037-8871-09174d462372,,,c4150480-8d8c-563d-ba8e-d0bf52cb28b0,1 fruit,GRAM,55.0
e1a028ba-6ca2-572a-9044-40312f6beae3,,,e5a0e3f3-67c3-5a44-ae40-88009baa2d17,100g phần,GRAM,100.0
f6cb4071-64ab-597b-a6f9-10acb253fdb1,,,e5a0e3f3-67c3-5a44-ae40-88009baa2d17,4 oz,GRAM,113.0
781413c4-47bd-53c5-8b7b-05115935417d,,,98a7d0f0-38ac-59ca-a269-bb8499d142e8,100g phần,GRAM,100.0
d139044b-9702-5f01-8997-e2cdc79d2675,,,98a7d0f0-38ac-59ca-a269-bb8499d142e8,1 slice,GRAM,25.0
47fed891-d8a8-56a1-84c3-38e2e73b433c,,,b539489c-f839-50ca-a29d-6b51b6ea9149,100g phần,GRAM,100.0
8e000c48-47f0-55ba-b2a3-476004f31763,,,b539489c-f839-50ca-a29d-6b51b6ea9149,1 plate,GRAM,120.0
834dc207-5e44-544c-9518-6189544f4726,,,cfb51ef5-d2f9-5d45-b5ec-ada67cc0351f,100g phần,GRAM,100.0
610e6f16-407d-5bdd-bcff-ccef0e723f5c,,,cfb51ef5-d2f9-5d45-b5ec-ada67cc0351f,1 patty,GRAM,147.0
4b7a9841-475b-584e-99b7-f336f3bb2e8f,,,9bb6c41a-cfd5-594d-9f1e-882a17fed8d5,100g phần,GRAM,100.0
d2fd9b7a-3304-5d3e-9f99-26ec7027c187,,,9bb6c41a-cfd5-594d-9f1e-882a17fed8d5,1 tsp,GRAM,5.0
0e7a2ff9-1f76-57d4-8bb8-6edf11be8554,,,de09be95-a274-561b-96f3-e233ecc1692a,100g phần,GRAM,100.0
75532ca8-d810-55bf-885a-21af2d3160b8,,,de09be95-a274-561b-96f3-e233ecc1692a,3 oz,GRAM,85.0
2fb1535b-1600-5573-b7a9-7b98a8b5dce5,,,929f9b69-f293-5a16-800a-914d06874086,100g phần,GRAM,100.0
393da031-21e3-5d6c-9558-e8aa204fde34,,,929f9b69-f293-5a16-800a-914d06874086,0.5 cup,GRAM,78.0
5c2be904-00af-59f9-8364-45bf4e5cc642,,,d097d881-104d-53d6-8c31-7a8bfebe7a19,100g phần,GRAM,100.0
dc8b01fc-6521-59fa-92d8-19e8117a5b6f,,,d097d881-104d-53d6-8c31-7a8bfebe7a19,1 slice,GRAM,125.0
ec1b490d-8794-5441-99f4-1d09bd6ee2e1,,,16ba70ac-64a0-54d8-9a82-f58438ba159c,100g phần,GRAM,100.0
7707acad-8408-51a7-a38c-ae1d61808b03,,,16ba70ac-64a0-54d8-9a82-f58438ba159c,5.3 oz,GRAM,150.0
c156485e-bb35-553f-907c-956824cc9d51,,,0dfccbbc-fae4-5fbe-9ce8-1ba702fc8f06,100g phần,GRAM,100.0
214a6e55-d092-5ba8-bc3b-8cbcf17270fc,,,0dfccbbc-fae4-5fbe-9ce8-1ba702fc8f06,4 oz,GRAM,113.0
88917348-0614-5805-9551-36fffbbfe3e6,,,4d7a01df-3724-5320-b66f-97d3d787897e,100g phần,GRAM,100.0
24d9b72d-234c-5c96-ae0b-f7fc142a7d2c,,,4d7a01df-3724-5320-b66f-97d3d787897e,1 breadstick,GRAM,10.0
216088fe-f582-595e-990a-c82bb2316229,,,03c4dad9-2180-5973-a54b-8718a4357519,100g phần,GRAM,100.0
0ae9fa4e-309d-56c0-80bc-15e86f0aab77,,,03c4dad9-2180-5973-a54b-8718a4357519,1 cup,GRAM,240.0
427f1fbc-2f77-51e6-b843-d833ed5e9305,,,3864cf1f-0266-58b2-8962-4432f1b222ba,100g phần,GRAM,100.0
39f65f14-2294-55cb-b33a-1de9ee07c181,,,3864cf1f-0266-58b2-8962-4432f1b222ba,1 papad,GRAM,10.0
614796da-9eed-5ff2-be37-41510c8088dc,,,fc844555-5d4b-501d-b186-3fba7fba0b41,100g phần,GRAM,100.0
ba4c6b7f-413d-5e1b-b3a6-ee462730b6da,,,fc844555-5d4b-501d-b186-3fba7fba0b41,1 cup,GRAM,245.0
17be6d3e-cd9b-500c-b651-3e9f4b99dda3,,,46ee7e06-51bd-503e-a225-e4ca3848b5e7,100g phần,GRAM,100.0
5bd23616-3364-5b7d-a51c-81344e4a0917,,,46ee7e06-51bd-503e-a225-e4ca3848b5e7,2 oz,GRAM,56.0
fdfb3154-17bd-51e7-bfbb-109d4f5d58f0,,,b85afac6-c561-5af4-abbe-59a628fda46d,100g phần,GRAM,100.0
12b174dd-ef9c-5d65-8bcf-c90660cf5155,,,b85afac6-c561-5af4-abbe-59a628fda46d,1 tsp,GRAM,2.5
38420f76-e40a-5fac-99dd-33da750f9692,,,284de93f-9ca3-5b4b-9866-a19a55a91114,100g phần,GRAM,100.0
97de34dc-3a5f-59ce-8fdf-1ea64c042ce9,,,284de93f-9ca3-5b4b-9866-a19a55a91114,1 slice,GRAM,20.0
70e17531-0ed5-5e47-b0e8-020471badf46,,,d8433168-30df-59b2-9da3-1e305950e689,100g phần,GRAM,100.0
d75f075b-57ef-5147-8ddf-b9c319e2f4b5,,,d8433168-30df-59b2-9da3-1e305950e689,1 tbsp,GRAM,14.0
7ee30da7-8064-57e1-86ed-4634a8d56236,,,1efd28c5-2597-55ea-9dbd-797bbc33c704,100g phần,GRAM,100.0
b52b11cd-4c4c-5a1a-9c78-e78deeaa02b1,,,1efd28c5-2597-55ea-9dbd-797bbc33c704,1 churro,GRAM,26.0
cf3e2c66-b35d-59b0-a277-9b1f3b4b70bf,,,c37c5f8c-72d2-5a54-828b-58cea52d7a4a,100g phần,GRAM,100.0
0a0ff984-ea49-557d-b4fa-ec1d43443d6e,,,c37c5f8c-72d2-5a54-828b-58cea52d7a4a,4 fl oz,GRAM,112.0
ab9f2893-e680-5526-80fe-0b507b14ba6c,,,37aacdb7-2f45-5edb-bf58-d9ec88fa02db,100g phần,GRAM,100.0
1242c588-57f6-5a5a-972d-d72dbc30b14b,,,37aacdb7-2f45-5edb-bf58-d9ec88fa02db,5 fl oz,GRAM,148.0
6f5b0a3c-8225-5981-88a0-209fc41021ad,,,765f88d1-2ec9-5d44-aa07-fd611da0c209,100g phần,GRAM,100.0
208bc5bd-f450-540e-a19b-a2c519aac2c8,,,765f88d1-2ec9-5d44-aa07-fd611da0c209,1 piece,GRAM,78.0
1adbdb73-ab55-59ac-9600-e02d0ac8bf83,,,618be33d-a101-5d39-a664-e8a02c53cea0,100g phần,GRAM,100.0
8bf73734-1c66-532e-ac01-59e3b7f0070f,,,618be33d-a101-5d39-a664-e8a02c53cea0,1 piece,GRAM,75.0
32cc46a6-1306-543b-98f1-03d1c47c32ef,,,763821eb-1db8-5bc8-978e-b7a07149b32c,100g phần,GRAM,100.0
ad68ec12-fca1-5199-9f3f-ff209c99f910,,,763821eb-1db8-5bc8-978e-b7a07149b32c,1 tsp,GRAM,5.0
53569a15-ed67-5490-aaf1-f2991c30dea6,,,0c09f221-189b-50d5-af04-a7681c088559,100g phần,GRAM,100.0
19c62404-eae9-57f9-b994-34a4ced640c9,,,0c09f221-189b-50d5-af04-a7681c088559,3 oz,GRAM,85.0
b917b6ab-1c76-5f1d-9b3d-7f53d8297f5f,,,ee2254c5-8d85-5514-b4be-b0eb3b77e0c9,100g phần,GRAM,100.0
12ee1220-dad3-5efa-9516-d65c6d82195d,,,ee2254c5-8d85-5514-b4be-b0eb3b77e0c9,0.25 cup,GRAM,60.0
796528f1-7c9c-51cb-a4f3-7f597679f589,,,1d705b4b-8ce7-5606-badd-f2d283276c22,100g phần,GRAM,100.0
e699dfc4-9b46-5ea8-ba56-a14361b96dd8,,,1d705b4b-8ce7-5606-badd-f2d283276c22,1 cup,GRAM,248.0
4f403e84-268c-533e-bf7a-912421c4febe,,,122d79ad-4f0e-5428-bce0-04b1b0bf8d3f,100g phần,GRAM,100.0
d77697dc-7482-5a68-8638-9964557f55d7,,,122d79ad-4f0e-5428-bce0-04b1b0bf8d3f,1 tsp,GRAM,4.0
acfc681b-f008-56c6-ac0c-3bb93e8add2a,,,f528875c-9e9d-54e0-8efe-ad22731b6fee,100g phần,GRAM,100.0
2271b861-88a5-5c0c-a557-e94270eb95af,,,f528875c-9e9d-54e0-8efe-ad22731b6fee,3 fl oz,GRAM,88.7
d56d86ef-dff9-5641-8934-798339e7eca8,,,e5d5655b-d063-5f62-aeb4-8f23b4a71b6d,100g phần,GRAM,100.0
7cef5d9a-a2de-54bf-be42-90e190bdb181,,,e5d5655b-d063-5f62-aeb4-8f23b4a71b6d,1 cup,GRAM,200.0
e18903c1-99a0-501b-856b-81bc90f42ace,,,0385b4a3-37c8-5648-b52e-a00bc83b2a3d,100g phần,GRAM,100.0
6cb59e6b-3ff0-5199-8724-47ada3ccafe7,,,0385b4a3-37c8-5648-b52e-a00bc83b2a3d,6 pods,GRAM,100.0
b8253c7c-2576-52c1-8383-6effc498d800,,,0e2b9e45-f124-5574-bb94-512c387ac075,100g phần,GRAM,100.0
3049245e-56eb-51e0-a030-1560b8fcc856,,,0e2b9e45-f124-5574-bb94-512c387ac075,2 tbsp,GRAM,30.0
5fce6b38-e43a-5db7-8f2c-3f5472a2e763,,,784fabe0-9708-5c2b-9857-a835511261c5,100g phần,GRAM,100.0
3d864445-d620-5745-b7a2-5ef1a9df319d,,,784fabe0-9708-5c2b-9857-a835511261c5,1 cup,GRAM,180.0
4801c440-5f94-5b42-afe2-b74b70bbba5d,,,bff28ebe-cda1-5299-8d03-28976d633258,100g phần,GRAM,100.0
7a8fde87-aad0-5c43-8687-1691a0d46385,,,bff28ebe-cda1-5299-8d03-28976d633258,7.5 fl oz,GRAM,222.0
20b823ef-49b5-5dd1-a09e-f16ae8207973,,,6515b6c0-0c6d-5c30-a624-902f6e30e401,100g phần,GRAM,100.0
c0461e58-cf66-50a1-93a1-210b9ff2f418,,,6515b6c0-0c6d-5c30-a624-902f6e30e401,1 tbsp,GRAM,5.0
c555e9a0-3e67-527f-8896-a7cbba316d8d,,,2b9f87b0-cf1e-595a-a99f-bf9b13378a33,100g phần,GRAM,100.0
9878c43c-e4a5-5d8d-b197-a2535df11c74,,,2b9f87b0-cf1e-595a-a99f-bf9b13378a33,2 cracker,GRAM,28.0
dd9ec69c-f44c-53f5-b03b-014f94646eb8,,,23ad1a89-0c3a-5926-bde9-567b26a401d0,100g phần,GRAM,100.0
ae5243de-c303-58ce-b98a-41267baf6237,,,23ad1a89-0c3a-5926-bde9-567b26a401d0,3 oz,GRAM,85.0
b743e2fc-852f-5852-b3f6-d108d239789c,,,c643734f-2ebf-5ff6-88c2-a153c86a737b,100g phần,GRAM,100.0
f3532e42-f6e9-572c-8e77-bcf439ccaeeb,,,c643734f-2ebf-5ff6-88c2-a153c86a737b,2.25 tsp,GRAM,7.0
e6a6b57d-7649-5b8f-938f-71dfd45579fc,,,544fd645-a6a6-5df9-83b4-8bc63bcf8fdd,100g phần,GRAM,100.0
ea4bb912-c8a4-5545-8d95-fe8e74e4915b,,,544fd645-a6a6-5df9-83b4-8bc63bcf8fdd,1 oz,GRAM,28.0
6edc00ec-9020-5a9a-b5a5-3e44bfc4e533,,,bbf95eef-c259-520d-9c6a-947ce8cc8cc9,100g phần,GRAM,100.0
cea721c8-3080-5ca4-9df9-85b00c85c5fb,,,bbf95eef-c259-520d-9c6a-947ce8cc8cc9,2 oz,GRAM,57.0
484dbf16-9228-549a-844d-a70314b45fa1,,,b1469bdd-3e9e-50ba-a495-bec69b1731dc,100g phần,GRAM,100.0
3a2a2b7c-ffd9-5bf9-a463-408a73d20dec,,,b1469bdd-3e9e-50ba-a495-bec69b1731dc,1 oz,GRAM,28.0
fb824f82-3937-5e4d-a86d-465d41c13852,,,287436e7-dcdd-5361-980b-ef83d6bbdb47,100g phần,GRAM,100.0
346d40e5-3bf4-5c2d-bd63-86da679af70a,,,287436e7-dcdd-5361-980b-ef83d6bbdb47,8 fl oz,GRAM,240.0
dcdaa107-8c49-59d0-8eea-a3129a264b06,,,1453cb03-8797-53d2-8db3-13ca070b3b3d,100g phần,GRAM,100.0
4608ffde-283f-5711-a33f-741a37755fba,,,1453cb03-8797-53d2-8db3-13ca070b3b3d,4 oz,GRAM,113.4
b0d92471-ab71-57c1-bbb2-a45096795c8c,,,1fc9a00c-57d0-5e27-ae0f-ce97d6f19cb2,100g phần,GRAM,100.0
5010b47d-4a16-5355-b1c1-d4d4c168272e,,,1fc9a00c-57d0-5e27-ae0f-ce97d6f19cb2,0.5 cup,GRAM,120.0
f8615076-ec82-543b-860c-fdc113394818,,,eb79960c-fa35-5507-b5d5-4182838be3e4,100g phần,GRAM,100.0
9a6250fa-11ae-5750-ad09-9cef61c6a5a6,,,eb79960c-fa35-5507-b5d5-4182838be3e4,1 cup,GRAM,34.0
0dce1a2c-5257-5be9-9317-9218eb04ca2d,,,e504aa34-bdfa-58a9-9702-536778eb0475,100g phần,GRAM,100.0
8a0dacfd-fd72-5fa2-8156-0d0e53c82665,,,e504aa34-bdfa-58a9-9702-536778eb0475,4 fl oz,GRAM,118.0
b20d5218-45b2-51d8-98b0-06b1c5a494e9,,,a3de0a39-667b-569d-a26a-6a5d22e34f9f,100g phần,GRAM,100.0
1fac0599-12b3-58af-b593-db8785bf14e2,,,a3de0a39-667b-569d-a26a-6a5d22e34f9f,3 oz,GRAM,85.0
1ad97ce0-00ba-52e8-ac24-09760016b20f,,,6002b7b0-b94c-5bb8-8a1d-f45555bbb21c,100g phần,GRAM,100.0
4353641b-cd46-5e43-9ec1-663ed8771d7b,,,6002b7b0-b94c-5bb8-8a1d-f45555bbb21c,1 piece,GRAM,107.0
70579a09-5ada-55dd-bddd-849b57393941,,,7e7bfa18-76f5-5adb-8e2e-de62a018b2ad,100g phần,GRAM,100.0
0ada4c0e-6582-5650-a28a-9ec0d79be4dc,,,7e7bfa18-76f5-5adb-8e2e-de62a018b2ad,1 oz,GRAM,28.35
a9862f64-d247-53b3-93ae-cefec70a14fb,,,cbb42ae9-fa50-58f4-a858-f841a53d0e54,100g phần,GRAM,100.0
adfc9d50-dc6f-55c5-ae22-3590595084b7,,,cbb42ae9-fa50-58f4-a858-f841a53d0e54,3 oz,GRAM,85.0
44878b24-1f78-5418-b67f-3c5e8a72de29,,,757ad251-cc04-59c5-a62b-798fc6f8371b,100g phần,GRAM,100.0
109155c6-5aa2-59c8-96fe-d78f1f949a85,,,757ad251-cc04-59c5-a62b-798fc6f8371b,3 oz,GRAM,85.0
0e3d17c1-2ec7-53cc-9bd9-b040cf816dff,,,7ab6dfee-9d07-5338-9292-2c40cda221a6,100g phần,GRAM,100.0
bbda1785-b4fe-51b3-8ad5-4dc67f024fc7,,,7ab6dfee-9d07-5338-9292-2c40cda221a6,18 oz,GRAM,510.0
afca5021-c468-5b73-ba8c-5d37151fcbb9,,,4d5de9b3-d4ee-5335-94bc-b233f3194256,100g phần,GRAM,100.0
c6e002fd-99b6-5081-a587-4fe7ced871e8,,,4d5de9b3-d4ee-5335-94bc-b233f3194256,1 medium fruit,GRAM,168.0
13808790-c795-5c8f-9360-2f4042f8e165,,,07a35898-e76f-5bf3-9969-b8e5e39fb043,100g phần,GRAM,100.0
44be1163-2917-579d-8858-a5f7d896354a,,,07a35898-e76f-5bf3-9969-b8e5e39fb043,3 oz,GRAM,85.0
c11392ea-5c7e-5653-b6c6-76e2bb9cfc6c,,,d30b8b39-04e5-50a0-b38e-ba9afdbe2ecf,100g phần,GRAM,100.0
58de78f9-e56c-5bd7-ba52-e6612c3867c9,,,d30b8b39-04e5-50a0-b38e-ba9afdbe2ecf,1 piece,GRAM,80.0
6057bf9d-1492-5096-8b6d-004668bf7afa,,,0736772c-133c-5e81-8d7c-f880eba09ac4,100g phần,GRAM,100.0
a5d0fa31-747d-5d28-a296-33e3994bb765,,,0736772c-133c-5e81-8d7c-f880eba09ac4,0.5 cup,GRAM,85.0
5ad3d51c-3557-5720-91b7-640299ebd06e,,,70bd48c0-c41e-589b-9ddc-264218dbbf8f,100g phần,GRAM,100.0
27b67bc2-9c4d-5a79-a375-9f24269ebf56,,,70bd48c0-c41e-589b-9ddc-264218dbbf8f,1.75 oz,GRAM,50.0
ad27bf0e-8b51-51b9-9c32-412fa30079c3,,,5287ab5a-8c2f-5ab9-8e31-6bb6ba5b89e0,100g phần,GRAM,100.0
33ae8a14-7580-5f4a-8db2-b6efb698f6fe,,,5287ab5a-8c2f-5ab9-8e31-6bb6ba5b89e0,1 cup,GRAM,122.0
ef20d8b4-4e57-51f4-9d0c-f83d0bf5a063,,,6be940f0-046c-53a9-85a4-0fbd90db75ce,100g phần,GRAM,100.0
e387e5f2-8618-5aa6-a25a-67ec87422136,,,6be940f0-046c-53a9-85a4-0fbd90db75ce,1 tbsp,GRAM,8.0
edeaa64e-99e7-56a7-8478-4a7212409614,,,2d75fd53-985b-5006-88c7-dc27d314a362,100g phần,GRAM,100.0
e09cafe4-2571-5e97-add3-462dd1df029f,,,2d75fd53-985b-5006-88c7-dc27d314a362,1 piece,GRAM,31.0
afeabd93-4851-5bdc-8420-178cb6aee969,,,ef3c0b3a-c765-5880-9972-dd269184e75a,100g phần,GRAM,100.0
166ac447-8f09-5c7e-abcf-43462a26fc21,,,ef3c0b3a-c765-5880-9972-dd269184e75a,2 oz,GRAM,57.0
a9568073-d3db-5bb2-b899-56849aa11c16,,,220c3f92-0fcf-50e7-81aa-795e43e82780,100g phần,GRAM,100.0
2ae1242d-d94f-5ec6-97a7-5eca7d77d6cb,,,220c3f92-0fcf-50e7-81aa-795e43e82780,1 tsp,GRAM,5.0
b300169c-4f61-5360-bf16-c14825271771,,,f125141b-9788-508e-b888-51f0a67c5da3,100g phần,GRAM,100.0
6f018be7-2810-5192-b8c4-ad63c5d7166c,,,f125141b-9788-508e-b888-51f0a67c5da3,2 tbsp,GRAM,15.0
bfca394e-7ed7-5320-93d8-67a8960c164b,,,9f77294d-b672-5531-b435-d83a1d1192bd,100g phần,GRAM,100.0
8728b7ac-08fb-56d6-89d8-6d1e8662ba69,,,9f77294d-b672-5531-b435-d83a1d1192bd,0.25 cup,GRAM,74.0
d5332a44-c64a-52df-a6ef-6cd009b189c9,,,c253fb67-9cf0-5777-b3e4-d9e19813bfaa,100g phần,GRAM,100.0
7b05776b-f526-535c-b235-292f3b652e26,,,c253fb67-9cf0-5777-b3e4-d9e19813bfaa,4 oz,GRAM,113.0
cace7a83-d8b9-5445-84d5-198e6f68e625,,,ae767cdc-e770-5a8b-9e18-185ec2cebbee,100g phần,GRAM,100.0
636b275f-2c38-57cd-ad3e-126727bdd321,,,ae767cdc-e770-5a8b-9e18-185ec2cebbee,8 piece,GRAM,111.0
f869b1ef-01c0-5aee-bf61-09d6d3b8a8fa,,,12af870f-cb66-5a20-b6f9-48f24daa0022,100g phần,GRAM,100.0
e3524a0e-5230-5b33-834e-a08c5227473b,,,12af870f-cb66-5a20-b6f9-48f24daa0022,3 oz,GRAM,85.0
0870ae06-4b75-5b49-8855-32130f6e432a,,,5ff030bd-d0c7-5f57-8841-dbb6744077f1,100g phần,GRAM,100.0
07d6d13b-a430-5741-a7c9-e68e6a7c7a6d,,,5ff030bd-d0c7-5f57-8841-dbb6744077f1,1 cup,GRAM,123.0
b040e264-11ed-5573-8ec4-7700b76e69a2,,,07baf0ec-764b-52ac-a5f6-0eec1d2c6d46,100g phần,GRAM,100.0
17ab4283-8f47-5e68-8827-a9820ce044bc,,,07baf0ec-764b-52ac-a5f6-0eec1d2c6d46,3 oz,GRAM,85.0
ca5ded42-2e66-5996-9857-e8df1f9e03e3,,,c589a4b6-f6be-55ec-8b99-ff7b8739dfc6,100g phần,GRAM,100.0
b8840eb8-8600-5495-b56e-f71ca9779dea,,,c589a4b6-f6be-55ec-8b99-ff7b8739dfc6,3.5 oz,GRAM,100.0
d9eaeb2b-c201-52ff-9c2a-33cefc62fb24,,,272feb44-8c9c-5aad-af3e-ed90c3ed9e6f,100g phần,GRAM,100.0
11197aeb-6c3f-5899-8e71-0b15c486eddd,,,272feb44-8c9c-5aad-af3e-ed90c3ed9e6f,1 tsp,GRAM,2.0
eb92b1ec-0c0b-545c-b904-7763be67f414,,,335c4c7c-95b0-504c-8496-9884ca19cd41,100g phần,GRAM,100.0
a6a673a6-c3d2-5506-804a-32d233d6920a,,,335c4c7c-95b0-504c-8496-9884ca19cd41,1 tbsp,GRAM,15.0
e7bd3f2d-8914-5313-adcb-dce5d624de39,,,8db9d1aa-c091-5b94-95bf-58aca1ab4b20,100g phần,GRAM,100.0
cb7b13bd-fd48-55c1-9a16-ac7bf371fdfb,,,8db9d1aa-c091-5b94-95bf-58aca1ab4b20,0.25 cup,GRAM,45.0
b042b46c-e6ac-5dbd-843e-5a6719d5e8d2,,,687da0f5-318a-546d-9b43-983fa6681a15,100g phần,GRAM,100.0
7a8c1d1e-f706-5f91-b945-878c63bec703,,,687da0f5-318a-546d-9b43-983fa6681a15,1 scone,GRAM,70.0
ac9bddef-8065-58a6-a24a-40321aa49e20,,,2f488196-dd72-5801-bd2b-e2dfe4f30927,100g phần,GRAM,100.0
be4813da-2faa-53e4-af25-491dae6b27be,,,2f488196-dd72-5801-bd2b-e2dfe4f30927,3 macaron,GRAM,36.0
4dfca69f-8c98-5a97-b287-4ee44206ce2a,,,70fe54c9-be45-55d6-a051-e614a219ab78,100g phần,GRAM,100.0
5b894f5f-1c31-52d0-b195-a2e617c1ec30,,,70fe54c9-be45-55d6-a051-e614a219ab78,3 oz,GRAM,85.0
1e6c247a-fde2-53a3-ab80-89a8e20fdb13,,,07deb205-3332-5d20-b4a4-13e32f6ce5fe,100g phần,GRAM,100.0
2bed2cce-8804-57b5-bdcf-2b1c92699752,,,07deb205-3332-5d20-b4a4-13e32f6ce5fe,0.5 cup,GRAM,50.0
a40335b3-2fad-59a0-b82c-7a8e4e3ebc42,,,580cb1b2-88a5-56f5-8899-c8e343a6be1c,100g phần,GRAM,100.0
c851e87e-3931-5e74-832a-6de32e22f78d,,,580cb1b2-88a5-56f5-8899-c8e343a6be1c,3 oz,GRAM,85.0
4b379639-4ad5-50e1-8a18-3fe53636d0e7,,,2f6a1452-fcf6-5d99-8e3b-b07024b06ef4,100g phần,GRAM,100.0
3d5e77a3-2c14-504f-8687-69dc1ff3d478,,,2f6a1452-fcf6-5d99-8e3b-b07024b06ef4,1 oz,GRAM,28.0
68d72db3-63b7-505b-8214-e18a3ea37788,,,2fcf9295-476b-5d37-aafa-69ee83b5e189,100g phần,GRAM,100.0
7294d8f5-a391-5a01-93f8-837ea9756316,,,2fcf9295-476b-5d37-aafa-69ee83b5e189,1 oz,GRAM,28.35
6e03ea5a-5d03-5971-b2e4-661638be949e,,,0974dd07-0fd0-5c08-bc76-2f7bb6ab898f,100g phần,GRAM,100.0
b88546d0-7d4d-5e4e-b316-d5d55033a89b,,,0974dd07-0fd0-5c08-bc76-2f7bb6ab898f,1 pita,GRAM,60.0
cf500f57-3831-50f8-a335-ff7cde55415c,,,b6195249-4691-59be-8c8f-6f7d4a40d0d1,100g phần,GRAM,100.0
bd63c9ab-d427-58e5-8f03-7b81e141d62f,,,b6195249-4691-59be-8c8f-6f7d4a40d0d1,4 fl oz,GRAM,118.3
00b80909-839b-5560-b6f0-e33428891f47,,,cdc43ede-5a29-55ed-9c31-12158213feaa,100g phần,GRAM,100.0
324a1c7a-d4ba-5323-b318-f7ea34087d9c,,,cdc43ede-5a29-55ed-9c31-12158213feaa,1 tsp,GRAM,2.0
3ea8f4af-8038-5366-9637-7516e94ee91d,,,98c5e614-801f-5b7a-868b-2fe2300a64af,100g phần,GRAM,100.0
5876fa39-cdef-5fa6-bc6f-64f7b1582df0,,,98c5e614-801f-5b7a-868b-2fe2300a64af,3 oz,GRAM,85.0
7c81af44-9fec-52e1-9a6c-7e15664bd4f1,,,6f76e201-1102-59ac-b395-9a1ecd9bb5ec,100g phần,GRAM,100.0
a8aceac2-2d2a-5ead-a6fc-1fd58f7aa5e8,,,6f76e201-1102-59ac-b395-9a1ecd9bb5ec,2 tsp,GRAM,5.0
859c7a49-4dc2-5123-abab-6f553c01e42c,,,dc8c7fd9-57c6-575e-b63e-316ed0642584,100g phần,GRAM,100.0
35e8643c-638f-5550-8bce-78f5e305d5bd,,,dc8c7fd9-57c6-575e-b63e-316ed0642584,1 cup,GRAM,240.0
765d0d87-3025-5c67-aa39-dd4c7ab6bb9e,,,a36afdc8-ecea-59c6-b85a-549e64fedc68,100g phần,GRAM,100.0
ec8ca70d-2e4e-53dd-87e6-9c15d2fe7efc,,,a36afdc8-ecea-59c6-b85a-549e64fedc68,1 tbsp,GRAM,13.0
6207107f-1ee2-56a3-b4e2-7a1bc99cc621,,,7ea5c66c-3002-515b-9409-f4b5b416354a,100g phần,GRAM,100.0
3a5b51d3-fdd8-5445-85f5-d78314760ff2,,,7ea5c66c-3002-515b-9409-f4b5b416354a,1 tamale,GRAM,85.0
88938be1-6ccc-55cf-99de-832087861e6c,,,0d4772fe-c4a9-5694-8a84-e7cfaae46919,100g phần,GRAM,100.0
e00f7e01-2969-55e4-bc97-482694b15b9f,,,0d4772fe-c4a9-5694-8a84-e7cfaae46919,6 oz,GRAM,170.0
2fbb05de-0525-5067-801a-0f8693313870,,,ddeff8e0-d04a-5ebb-a8bf-439a2d97061b,100g phần,GRAM,100.0
bf70bef6-4f80-5d9f-96e1-2e3234c623ed,,,ddeff8e0-d04a-5ebb-a8bf-439a2d97061b,4 oz,GRAM,113.0
80b7d1fd-044d-5388-9975-aa761903c956,,,ff30d30e-7f32-5382-8d9c-36a55c056b1a,100g phần,GRAM,100.0
cf346df8-d539-5460-b65b-cec201621999,,,ff30d30e-7f32-5382-8d9c-36a55c056b1a,1 tbsp,GRAM,9.0
b7da3e46-5022-51af-9efa-f7c9cfd72ec5,,,4796cb3e-5808-5580-82ab-9d2b75254742,100g phần,GRAM,100.0
e0235fb3-43c3-5255-b7ba-b82dc312987b,,,4796cb3e-5808-5580-82ab-9d2b75254742,2 oz,GRAM,56.0
4409ee90-af86-54db-a9c3-35722c6cdd9e,,,363bb1ea-20e6-585b-ba13-a1dcebe2a4ac,100g phần,GRAM,100.0
bada74ce-6a25-5dde-9ed4-df083966023d,,,363bb1ea-20e6-585b-ba13-a1dcebe2a4ac,2 tbsp,GRAM,30.0
a192822e-7cd1-5238-ab50-fce15d44c53d,,,59673b40-85ea-5964-bef3-4283fdbff0b8,100g phần,GRAM,100.0
1b85a590-58db-5343-b448-71e5ab3a5852,,,59673b40-85ea-5964-bef3-4283fdbff0b8,1 cup,GRAM,230.0
588e8ff9-c148-5128-af11-e22ba1e68c76,,,03bf610b-d2f0-52b5-969b-7ec00ff75117,100g phần,GRAM,100.0
e1ca8401-6f94-5769-a7ac-3ac6857cea9a,,,03bf610b-d2f0-52b5-969b-7ec00ff75117,4 oz,GRAM,113.0
c8ca3111-ffc6-5d8a-9230-938ea9c6568d,,,a3a1e076-a9c4-55dc-96c3-12eb14dae6b2,100g phần,GRAM,100.0
7c9ddba1-70b3-56ae-a2e3-ab257c7bb2bc,,,a3a1e076-a9c4-55dc-96c3-12eb14dae6b2,3 oz,GRAM,85.0
d90f8d0f-5241-5dcf-ab33-0cdcfcb9c3c0,,,7cd75ad3-c6ad-5ac2-8f3c-d881a8863f1e,100g phần,GRAM,100.0
bf62da11-6f00-56c1-a6e5-46da15b0ad72,,,7cd75ad3-c6ad-5ac2-8f3c-d881a8863f1e,2 piece,GRAM,28.0
f5712980-08df-5fd0-adb5-eb3ffbe6a1c2,,,f1ddb3c3-3814-5ec9-8569-138bb59d3f2e,100g phần,GRAM,100.0
6a624668-529a-5b7a-82d8-7fc02115ab98,,,f1ddb3c3-3814-5ec9-8569-138bb59d3f2e,1 slice,GRAM,125.0
025cbabe-f0f4-55f1-bfe9-5bc67b92e8c6,,,3c64f0f1-c7cc-5050-8d33-67b28e8132a9,100g phần,GRAM,100.0
587a3762-f9cc-5819-b846-af91d13f2f48,,,3c64f0f1-c7cc-5050-8d33-67b28e8132a9,1 tsp,GRAM,5.0
830f47e3-beab-50fe-ba36-134eca66f06f,,,ba282655-9f7f-589e-8e17-9ca564b681ae,100g phần,GRAM,100.0
9d482a87-f83a-539e-b8c9-b55f74583774,,,ba282655-9f7f-589e-8e17-9ca564b681ae,10 pieces,GRAM,100.0
5df419c1-1d85-53c7-ae79-0a5af20df303,,,8a5784cd-ba07-5c9e-b999-bb1d175476fa,100g phần,GRAM,100.0
65c85861-997a-5134-b843-bbf0ca98423a,,,8a5784cd-ba07-5c9e-b999-bb1d175476fa,3 oz,GRAM,85.0
5199e64e-7139-582f-837d-38ad1dd18dd8,,,fbe1ef65-6557-53ae-876e-5ccf9a14f307,100g phần,GRAM,100.0
00594921-9735-53df-9c9f-5f85b9dbc25d,,,fbe1ef65-6557-53ae-876e-5ccf9a14f307,1 piece,GRAM,35.0
07f41872-43ec-5204-9e08-0bb75cd2b10d,,,639f8c35-8ef1-5d00-97bb-51e37a7ca424,100g phần,GRAM,100.0
28b93d19-ee28-556b-b542-a6cdcce4f459,,,639f8c35-8ef1-5d00-97bb-51e37a7ca424,1 cup,GRAM,150.0
8420740a-2e5d-5ff9-958e-14a49cb0f1cd,,,fdfdf818-46ee-53ff-be79-f3a16672dd94,100g phần,GRAM,100.0
e8cf3440-1ad0-5dbb-87aa-864efba2dd88,,,fdfdf818-46ee-53ff-be79-f3a16672dd94,2.7 oz,GRAM,76.0
e2b794ee-22e0-52ad-ba82-09d65cfec0bb,,,ceeb0926-af7e-51d5-865e-45a332e0dae7,100g phần,GRAM,100.0
2dc88389-2c84-5fc4-8fdc-821bb562e74d,,,ceeb0926-af7e-51d5-865e-45a332e0dae7,3 oz,GRAM,85.0
242c3866-1a67-56bb-820c-937099c6cda3,,,cbc8b5ab-c301-5ed9-b6a4-29cad447f312,100g phần,GRAM,100.0
fb8364bf-bd61-56af-b4e6-071b4ae539d0,,,cbc8b5ab-c301-5ed9-b6a4-29cad447f312,1.5 fl oz,GRAM,44.0
f30dd5dd-17a8-5f2f-9d0f-280c162224ed,,,712f3462-41e0-5f95-876f-7db19dea6fda,100g phần,GRAM,100.0
b3d4c016-426d-5a72-a875-a14cbbebb7f8,,,712f3462-41e0-5f95-876f-7db19dea6fda,8 fl oz,GRAM,237.0
23cf4971-5a2e-5ef5-807b-820176d9d4d9,,,c332d8e4-e32e-5148-83a3-97ac5cf82e0d,100g phần,GRAM,100.0
c740ff1d-d096-5747-bdc4-c3c433d1d86d,,,c332d8e4-e32e-5148-83a3-97ac5cf82e0d,6 piece,GRAM,172.0
5d9e00d0-1d2f-57e0-9ddd-05630002d6a2,,,ae837e2d-4463-5631-9380-e89af2500530,100g phần,GRAM,100.0
01127d04-00ce-5b27-af74-5ee924758b94,,,ae837e2d-4463-5631-9380-e89af2500530,1 tbsp,GRAM,3.0
7c6e2b96-2ce4-5437-8bd7-397486ff9cf7,,,96771327-4e06-55e0-9677-ff3ffd3fe377,100g phần,GRAM,100.0
43a72f01-93e7-5402-be1c-06cc4224381a,,,96771327-4e06-55e0-9677-ff3ffd3fe377,1 tsp,GRAM,5.0
b7e5131d-8ab6-5e7a-ad83-0ef427c7d851,,,aa5e81c3-95ad-5435-8799-c4adee0414b9,100g phần,GRAM,100.0
077b9868-3f3f-5b96-8354-ffe478975cb0,,,aa5e81c3-95ad-5435-8799-c4adee0414b9,1.5 oz,GRAM,44.0
c899dc36-7480-5438-95b8-f4755e6e2c4b,,,03e21ab0-5d7e-5c71-a228-ee5e0b91b100,100g phần,GRAM,100.0
26120d5e-773e-56c9-83fb-99e0132af1e0,,,03e21ab0-5d7e-5c71-a228-ee5e0b91b100,0.5 cup,GRAM,50.0
b3abfa6b-0fe0-5ddf-8c7c-85ea2cbe44d5,,,4ae4b497-2a02-5ec1-8c21-f33510cd1c18,100g phần,GRAM,100.0
f477fdee-4f86-52c4-95d4-80b2b6cef1dc,,,4ae4b497-2a02-5ec1-8c21-f33510cd1c18,0.5 cup,GRAM,120.0
6ca02237-2f9e-5db7-a536-84c01365037c,,,5f5695ec-b75b-58cf-a5e5-b1327d1669c8,100g phần,GRAM,100.0
924eeac8-ffb7-551d-be06-7a9fbc2a7fef,,,5f5695ec-b75b-58cf-a5e5-b1327d1669c8,1 tbsp,GRAM,20.0
65827be6-c54c-5e94-8b41-4645ec8c655b,,,84682ef0-dc92-5f7f-868e-afab4c8a687a,100g phần,GRAM,100.0
2a77f598-8410-55f2-aaed-4317b11173f1,,,84682ef0-dc92-5f7f-868e-afab4c8a687a,4 oz,GRAM,113.0
85ca8711-32b5-50ab-89c2-905436bd66ad,,,5d0c8714-e8cc-5361-a124-80ffb6396abf,100g phần,GRAM,100.0
80df68c4-e362-5e71-83c8-a2a331e8208a,,,5d0c8714-e8cc-5361-a124-80ffb6396abf,1 tsp,GRAM,1.0
0de91255-0c2a-5a79-a59d-ba2edc982bf1,,,ee89a886-072a-544c-aba9-ea91f922bdab,100g phần,GRAM,100.0
35301fc4-0cf8-5eb2-aa9b-530a1eb7f87a,,,ee89a886-072a-544c-aba9-ea91f922bdab,4 oz,GRAM,113.0
6b3f8d5f-9c8c-5ccd-abc2-153014429441,,,b5b4626b-70c1-5733-97ae-05fb92588b48,100g phần,GRAM,100.0
72765bc9-42b5-512a-ad85-ecf94cb33a07,,,b5b4626b-70c1-5733-97ae-05fb92588b48,1 cup,GRAM,150.0
55b69478-7be6-5cc1-a8f4-17e5718aea0e,,,70868d9c-543f-578c-8489-5f8f86a7cc45,100g phần,GRAM,100.0
888e32d0-cf85-59a7-b617-ae9aa19858cc,,,70868d9c-543f-578c-8489-5f8f86a7cc45,1 tsp,GRAM,2.0
a85c8b86-4576-56a0-9a6e-7b5a5492e3e4,,,5016638e-1aec-58df-ab28-d41fb9f4bbc3,100g phần,GRAM,100.0
be250ce2-1d0a-5817-9a46-986c60512d25,,,5016638e-1aec-58df-ab28-d41fb9f4bbc3,1 chile,GRAM,6.0
9be89a9d-9f6b-589d-b4be-70b151e5b625,,,b2829762-0558-5eff-a2ac-6b461ae14bc9,100g phần,GRAM,100.0
86ace38e-63f1-5c8f-8423-7c73072d682a,,,b2829762-0558-5eff-a2ac-6b461ae14bc9,1 cup,GRAM,240.0
57601056-60f1-5a0a-8ab2-60e3590bc774,,,242478a9-4bd1-5df8-9b9c-213439e054c0,100g phần,GRAM,100.0
cdf4f40e-6b1f-5a74-bee4-a5d5e6109c28,,,242478a9-4bd1-5df8-9b9c-213439e054c0,1 tbsp,GRAM,15.0
96a101ad-3bc6-5a0a-9ee5-0ced177a287e,,,f5c7f45b-feb3-5bd9-91fe-d6cd74aaf727,100g phần,GRAM,100.0
4cbdb010-0df8-571e-9737-a406d260ad76,,,f5c7f45b-feb3-5bd9-91fe-d6cd74aaf727,1 oz,GRAM,28.0
0bf14d40-6a92-571e-84b2-dc6ceee85f57,,,e9a58335-8200-5663-8f42-436c0fa422f6,100g phần,GRAM,100.0
59f6506b-0c9c-5d4c-915f-7208e1e61185,,,e9a58335-8200-5663-8f42-436c0fa422f6,2 oz,GRAM,56.7
eea5c816-b59c-518a-97eb-a90087c22c53,,,3d6eb2ac-df12-5dc7-b136-812442cb5079,100g phần,GRAM,100.0
1d2d78bc-70ad-5a13-8016-6ca21d993130,,,3d6eb2ac-df12-5dc7-b136-812442cb5079,1 cup,GRAM,130.0
17d47144-d539-5575-ad19-f6aeafa8360f,,,027c0d79-abae-55f7-b616-65a79e7bf121,100g phần,GRAM,100.0
b6c10441-a297-5a3e-a337-0ba54c24eb50,,,027c0d79-abae-55f7-b616-65a79e7bf121,0.5 cup,GRAM,120.0
c6ce41bb-ba99-5f58-be52-4d5ff4c78452,,,82567d27-4b69-5359-a763-0b8f53ad99f3,100g phần,GRAM,100.0
2ae646fb-7a49-54e7-b48f-529460afbc6e,,,82567d27-4b69-5359-a763-0b8f53ad99f3,3 oz,GRAM,85.0
762848be-8e5f-554a-918c-a3e0120ffcdf,,,7def33d8-5e21-5166-8625-93356973a1d9,100g phần,GRAM,100.0
4d0d2499-e5e4-5291-b786-b4494abb13ae,,,7def33d8-5e21-5166-8625-93356973a1d9,1.5 fl oz,GRAM,44.0
c1a303e0-17e5-5f9b-a97a-41d804840c85,,,fd316981-7211-593a-98ee-5c15694f9b52,100g phần,GRAM,100.0
e79bedc1-6a01-52a8-9331-8b02d1fec030,,,fd316981-7211-593a-98ee-5c15694f9b52,7.4 oz,GRAM,210.0
fd9391c2-70d7-51e5-aa69-1851693789ed,,,06c00268-ca3c-538d-b290-66bd9978e95b,100g phần,GRAM,100.0
3adf4b08-72ae-5b75-bee3-d8b49451761d,,,06c00268-ca3c-538d-b290-66bd9978e95b,8 oz,GRAM,227.0
5802c90c-2d6c-5045-a9ea-8d25e7ac46a4,,,3faf21c5-9c23-50fe-be92-8703e224cddc,100g phần,GRAM,100.0
13d8eebc-2fc2-5a17-b197-ed9e198b6444,,,3faf21c5-9c23-50fe-be92-8703e224cddc,2 tbsp,GRAM,30.0
0d922bc4-60d6-5ec0-80bd-a147ca1e41bb,,,ed97dad3-93d8-571b-99a8-6a4182b3c11b,100g phần,GRAM,100.0
4f175039-9dfa-534f-9d8f-cfe5eda9bd40,,,ed97dad3-93d8-571b-99a8-6a4182b3c11b,3 oz,GRAM,85.0
3fdf7274-23d2-54de-a704-5498d45b1c01,,,7b27bc4c-5c49-50ce-a560-ab29f0e5fc1f,100g phần,GRAM,100.0
217deed6-5ff2-5b4d-b4a4-1139c46065b8,,,7b27bc4c-5c49-50ce-a560-ab29f0e5fc1f,3 pcs,GRAM,75.0
bb9b90d9-2962-55a1-8312-0ee1df2fe3d6,,,23bb70a4-d09b-5791-80e0-15b0747eb578,100g phần,GRAM,100.0
09f59fd9-3a95-5f37-a47f-24944d9f44ed,,,23bb70a4-d09b-5791-80e0-15b0747eb578,4 oz,GRAM,113.4
90a485f7-d52d-54e6-961b-3b12884c7299,,,06ad9012-bf8d-5b95-9f90-6eece2d90e6c,100g phần,GRAM,100.0
6068577f-74ea-5eee-8453-894da3dd9434,,,06ad9012-bf8d-5b95-9f90-6eece2d90e6c,2 tbsp,GRAM,30.0
64d5792d-97c2-53fa-89f3-29984aa7cd98,,,72178f62-4130-5cd8-8b71-87ccf82f9f3b,100g phần,GRAM,100.0
db07476e-e256-5380-b7aa-1ea03f972b86,,,72178f62-4130-5cd8-8b71-87ccf82f9f3b,5 fl oz,GRAM,150.0
3918723d-b5a0-595c-85d1-faccaf005b47,,,6ea561c9-ed7c-5eb2-853b-a8aa770894f8,100g phần,GRAM,100.0
dfe9bc49-c999-5894-ab0e-e50d8b54511e,,,6ea561c9-ed7c-5eb2-853b-a8aa770894f8,1 cup,GRAM,150.0
c620d4a4-e45f-584d-ae0a-137c7a69a524,,,8c84e63c-e89c-527d-b1f0-6e2881e0125e,100g phần,GRAM,100.0
72cfd7a5-5b91-5ad3-8b75-1f892b6ee5c8,,,8c84e63c-e89c-527d-b1f0-6e2881e0125e,0.5 cup,GRAM,125.0
f426ed35-943b-5ccd-a4e2-d4c3dbf134c3,,,507abf38-ec5e-5189-b1b9-b58af7b10ac3,100g phần,GRAM,100.0
a5f47791-6f17-5986-8b6d-f95825025a80,,,507abf38-ec5e-5189-b1b9-b58af7b10ac3,1 cup,GRAM,30.0
7ffdd7be-4314-554d-8c27-d64c348a1783,,,61b8b0b2-c2e0-51da-80f5-fac9fa2544e4,100g phần,GRAM,100.0
f418d5db-8a6c-5734-aef9-6f03522d920b,,,61b8b0b2-c2e0-51da-80f5-fac9fa2544e4,1 oz,GRAM,30.0
1a7ae03a-1221-5428-a3b1-182926285af8,,,4a2d1f25-c872-5fee-8827-9dcf5b508b24,100g phần,GRAM,100.0
e2beaff2-2a22-58af-a92d-ed7c34de0443,,,4a2d1f25-c872-5fee-8827-9dcf5b508b24,1 oz,GRAM,28.35
f93b922b-9514-5a11-aa9f-740283636747,,,1c424bfd-5752-5b95-be5c-68bd8c28a580,100g phần,GRAM,100.0
b91b9553-5fcf-59a9-9091-338981d4c2ac,,,1c424bfd-5752-5b95-be5c-68bd8c28a580,3 oz,GRAM,85.0
a40353b3-8087-5477-b417-f45e06d91087,,,cace1485-8502-5431-a995-a733f63eb6d8,100g phần,GRAM,100.0
7e620a58-39d6-56d6-ac16-11a353b622b1,,,cace1485-8502-5431-a995-a733f63eb6d8,1 croissant,GRAM,90.0
0049ef41-2f46-55a2-b9ba-2d7e3f808af3,,,4cb5d48c-09dc-58c4-a76f-ae455e68a754,100g phần,GRAM,100.0
cb029647-adbc-537d-beab-22c09fba5163,,,4cb5d48c-09dc-58c4-a76f-ae455e68a754,1.5 fl oz,GRAM,44.0
ab441db5-0b30-5390-974f-98f79ecbc929,,,637a16e7-50f4-5eba-8627-79d1c0388d7d,100g phần,GRAM,100.0
1ffe119b-4a72-55e4-837a-d02d195a6f08,,,637a16e7-50f4-5eba-8627-79d1c0388d7d,3 oz,GRAM,85.0
39e2a501-3d6e-5733-8755-db2e0d4656be,,,13b4a98e-1a78-5aab-bdaa-bed90a7c21b9,100g phần,GRAM,100.0
9efa7e49-089f-5744-b4d8-53c3755c3f14,,,13b4a98e-1a78-5aab-bdaa-bed90a7c21b9,1 cup,GRAM,160.0
22747011-7bea-50f2-a615-79569050c2c4,,,dd85373d-f6b0-5f54-9066-5a8f05138445,100g phần,GRAM,100.0
d94bf901-e6b8-5cfa-9f2e-ae4fdaf06f9a,,,dd85373d-f6b0-5f54-9066-5a8f05138445,1 tbsp,GRAM,8.0
c42f4848-0a2c-58c1-938e-cc02fa84313b,,,aadf1151-2d1e-527d-bd1c-40f24106d2d3,100g phần,GRAM,100.0
d8239e43-bf89-5dbe-80ac-39f749d8e50c,,,aadf1151-2d1e-527d-bd1c-40f24106d2d3,8 fl oz,GRAM,240.0
101ad655-c22a-5ffd-9142-5a05874a9582,,,6edc7bd7-f888-562a-a811-773850f8307d,100g phần,GRAM,100.0
46bcbfc6-c22c-520c-83d0-8fff0a8316b6,,,6edc7bd7-f888-562a-a811-773850f8307d,1 piece,GRAM,28.0
41e067ac-09da-5e64-a666-108ee6e76ef0,,,d0553902-d075-57b5-92ec-e9769d5c5dac,100g phần,GRAM,100.0
d87e5c21-ca26-581e-8c29-4f3942bd617c,,,d0553902-d075-57b5-92ec-e9769d5c5dac,2 tbsp,GRAM,30.0
3a136ebe-e6c2-5fec-aed8-64ee815da3bb,,,831f4cce-ed8e-5b72-99e7-90338abefcb1,100g phần,GRAM,100.0
f27ff2cf-888f-52fd-add4-a286b7b34d0e,,,831f4cce-ed8e-5b72-99e7-90338abefcb1,1.2 oz,GRAM,34.0
51f267a2-8acd-5f63-898b-59129261c1a7,,,e903250d-d153-5420-86f3-878e1de24f7c,100g phần,GRAM,100.0
78c7fffc-cf70-58b5-a186-31fb0eb7b185,,,e903250d-d153-5420-86f3-878e1de24f7c,1 slice,GRAM,125.0
f88ff079-af23-5172-8eaa-7dfe4bdb282e,,,5a17faba-cca2-5532-8dad-67e1a27a9e72,100g phần,GRAM,100.0
5dd399e9-8b29-5245-badd-9560b5831ce1,,,5a17faba-cca2-5532-8dad-67e1a27a9e72,19.2 fl oz,GRAM,568.0
b864f31d-ca6c-5cdb-80ee-f1cf4e1bf614,,,56c938b8-4439-52dd-96a5-d65d636687b0,100g phần,GRAM,100.0
0fa9fe93-77de-57d8-8171-4c1166016bcd,,,56c938b8-4439-52dd-96a5-d65d636687b0,1 cup,GRAM,90.0
5107e65b-2910-54b6-be55-96ff571ad10a,,,4a6ce8b3-c12a-581e-bf2c-4117f8254d3b,100g phần,GRAM,100.0
afff9c0f-52e2-5994-a3a9-81ee0563105f,,,4a6ce8b3-c12a-581e-bf2c-4117f8254d3b,3.5 fl oz,GRAM,100.0
0b737ea7-3759-55b1-b7fa-efe9002e7d6e,,,fb02743a-ae06-53a4-b869-8b0eb05b9703,100g phần,GRAM,100.0
c30e80db-21bc-538d-bcad-9792f5912c3e,,,fb02743a-ae06-53a4-b869-8b0eb05b9703,5 fl oz,GRAM,150.0
cafcdff1-fc10-580f-882a-bb085bc539fb,,,e8b799b8-c030-5cca-bba3-c96b7492e957,100g phần,GRAM,100.0
574c4446-a4b6-5628-b1a3-8e8bf3b977be,,,e8b799b8-c030-5cca-bba3-c96b7492e957,3 oz,GRAM,85.0
8728b831-fa1a-58be-97ef-851bb1737dd3,,,10ab39d1-90a3-5355-b9d3-27b8fd7419e2,100g phần,GRAM,100.0
c2f04d58-8070-5946-9e9a-3601e9244d26,,,10ab39d1-90a3-5355-b9d3-27b8fd7419e2,3 oz,GRAM,85.0
4aff9ac4-ba32-522b-9a7b-95261c29e991,,,e7f13ac1-74c1-51ce-b419-5742ba9e4c96,100g phần,GRAM,100.0
009d8653-11b1-5b10-9480-ff914fc6315d,,,e7f13ac1-74c1-51ce-b419-5742ba9e4c96,1 cup,GRAM,150.0
9ed3ba0c-f475-515a-93b6-6da8d1bc2476,,,e15dd75f-041a-514f-8ecd-98bd98d6067f,100g phần,GRAM,100.0
f362f339-5161-5d4d-a75a-3d78883b76ed,,,e15dd75f-041a-514f-8ecd-98bd98d6067f,1 bowl,GRAM,480.0
cb9ef024-7f6a-5b6c-a3ad-8b9497911db4,,,bace050b-d5ef-58db-b98c-4999651ae76e,100g phần,GRAM,100.0
361a6306-60d2-5d0c-ad58-0812a00ff05e,,,bace050b-d5ef-58db-b98c-4999651ae76e,1 cup,GRAM,156.0
b225abde-0466-59d4-b0f1-63b4f713c341,,,509bd2ec-80a6-5aa8-8bc9-6086092c8943,100g phần,GRAM,100.0
99253c12-2e84-5dfb-abfd-ac83592de378,,,509bd2ec-80a6-5aa8-8bc9-6086092c8943,7 fl oz,GRAM,200.0
7f773c9e-32af-5f2a-9ed9-3139799f15ac,,,76262cef-c469-55ca-9e5c-9fd6e85aed15,100g phần,GRAM,100.0
82c60ab1-80c4-556f-b7e8-b5dda181966d,,,76262cef-c469-55ca-9e5c-9fd6e85aed15,6 fl oz,GRAM,177.0
a6398ae1-44b0-512c-87f7-ff7b75f05b7e,,,952c7d59-76b5-5e6d-bbba-e59d25237c7c,100g phần,GRAM,100.0
e4df5db2-2dd9-5211-9a69-098efb7b3c5d,,,952c7d59-76b5-5e6d-bbba-e59d25237c7c,1 medium fruit,GRAM,120.0
720793d4-d92f-5d52-835d-690db927c7aa,,,ec83692a-a2db-5412-b631-57500b69ce4b,100g phần,GRAM,100.0
7320a770-6c9f-5ccb-95b8-7b7d9b221e91,,,ec83692a-a2db-5412-b631-57500b69ce4b,16 oz,GRAM,450.0
107b2d93-3a7c-5167-9fc1-d501fecb7087,,,1f1d4328-2e11-51ca-98fd-2dd656197f6b,100g phần,GRAM,100.0
402cef08-6488-5ce4-97c0-e1b942b186a9,,,1f1d4328-2e11-51ca-98fd-2dd656197f6b,5 pieces,GRAM,86.0
ae88bd9f-4dfe-5f3b-8e83-a982447c58ea,,,606f2266-2c15-564a-b36b-3a853a04265d,100g phần,GRAM,100.0
835cbc84-31d7-56bb-adcd-5b1e34fd61d8,,,606f2266-2c15-564a-b36b-3a853a04265d,5 fl oz,GRAM,147.0
9547af30-76f9-53cb-9a85-187290c4330b,,,bfb9dbfd-0bcb-5b90-9fb9-c12fcb75c205,100g phần,GRAM,100.0
6375ff3a-26b0-5d1e-9dc1-86bb9907cfc2,,,bfb9dbfd-0bcb-5b90-9fb9-c12fcb75c205,1 slice,GRAM,150.0
d25ada89-cf0c-51e9-829a-5cbc328e7bed,,,bdade487-7a22-5b83-bc92-bbe8585bf68f,100g phần,GRAM,100.0
3caf5917-b6ea-53c7-8058-bff7fa2a83f5,,,bdade487-7a22-5b83-bc92-bbe8585bf68f,1 cup,GRAM,150.0
6898145c-24e2-586e-8b61-a5c086b32a58,,,f69bcc3d-9ed9-5698-9da2-84d8d93730a7,100g phần,GRAM,100.0
ce54d233-cee9-59dc-9e49-de58e67197a3,,,f69bcc3d-9ed9-5698-9da2-84d8d93730a7,0.5 cup,GRAM,52.0
8b76ccf7-caca-5cbd-a221-fcbfa1bc74b3,,,238090e9-6850-57cd-9e43-d3b9d2587dd1,100g phần,GRAM,100.0
75f36f8c-d3c3-56ec-b296-98e6eb0088e4,,,238090e9-6850-57cd-9e43-d3b9d2587dd1,1 piece,GRAM,74.0
db09c162-d992-5406-bb16-c650dd89f2ec,,,3f7fca97-ed51-58e8-a634-a64a3f15e806,100g phần,GRAM,100.0
32c93cac-081d-55c4-9c30-32e66b49adc7,,,3f7fca97-ed51-58e8-a634-a64a3f15e806,1 cup,GRAM,140.0
d64f86bc-4ef4-5d7f-a24d-0bf7dc53fccf,,,ec7e7fae-0d07-5a7a-ad04-dd93e2c0c14a,100g phần,GRAM,100.0
739b775d-c696-58e1-b773-9321b6c7f40f,,,ec7e7fae-0d07-5a7a-ad04-dd93e2c0c14a,4 oz,GRAM,113.0
6deae228-45f5-54a5-ac94-161fe925d8a6,,,a89eed83-cd32-5d9e-880b-6aaca2fc618a,100g phần,GRAM,100.0
7270f140-7c0b-512d-9a08-5117911a8b72,,,a89eed83-cd32-5d9e-880b-6aaca2fc618a,1 slice,GRAM,125.0
29713f24-1c08-5621-92bd-21639f4c9a94,,,08a4e50d-f764-5faf-8322-fb402ed5d86a,100g phần,GRAM,100.0
6309cdab-859e-5baf-96ad-9a0e0e9cb437,,,08a4e50d-f764-5faf-8322-fb402ed5d86a,1 slice,GRAM,125.0
aff591b6-4d61-5a7e-b600-823012d36587,,,0677aec1-37e5-59d8-b50d-4511e586094e,100g phần,GRAM,100.0
9e8f077c-7dfd-5bda-a92b-d84f393df0e1,,,0677aec1-37e5-59d8-b50d-4511e586094e,5 fl oz,GRAM,148.0
9cef4ded-febf-503b-81c0-7790238324dc,,,6d6f99a4-4fba-5310-8774-1fcf74d69dad,100g phần,GRAM,100.0
825947a1-50c4-56ac-80bf-83e101db5b6c,,,6d6f99a4-4fba-5310-8774-1fcf74d69dad,1 cup,GRAM,28.0
b94d3e14-7ca0-5c1e-98b8-5245b94f877c,,,7ef0c1a3-0b22-5965-b117-9488e6a87ad1,100g phần,GRAM,100.0
ea095d6a-d157-5566-b02d-fa550a6ca8ac,,,7ef0c1a3-0b22-5965-b117-9488e6a87ad1,1 tbsp,GRAM,10.0
52f60ed2-884d-5dd2-8250-aee6bc0aa471,,,0fc08b0c-1600-59a2-a738-9f31e090563f,100g phần,GRAM,100.0
875a16c1-bf45-51a8-aa13-5e5a47265195,,,0fc08b0c-1600-59a2-a738-9f31e090563f,6 fl oz,GRAM,177.0
4e9a1abf-da7b-5184-96ec-07ce69f5bd23,,,7e0bdfa0-3f2e-5177-99a7-c5b9f3d26e4c,100g phần,GRAM,100.0
65fd3b46-c87e-599a-ad5a-6489164f7cb6,,,7e0bdfa0-3f2e-5177-99a7-c5b9f3d26e4c,1 fruit,GRAM,150.0
c50de6ca-dfb9-5634-b572-8b3b2c3c1046,,,03bbc20a-1675-5719-8839-3e423b088345,100g phần,GRAM,100.0
1f9c9900-cd68-5731-8eca-84698783c516,,,03bbc20a-1675-5719-8839-3e423b088345,1 plum,GRAM,66.0
7dd4224a-c637-559b-afff-1ca7105f9f9c,,,f541ff6f-8722-55f6-aa04-ac50abbfdc93,100g phần,GRAM,100.0
14a3c3e3-5a0a-57a9-90ef-90f271c07d21,,,f541ff6f-8722-55f6-aa04-ac50abbfdc93,1 piece,GRAM,70.0
57298978-986e-59db-881d-b558b094386f,,,12dfa960-3ffb-51d9-bf4f-7899baafabb6,100g phần,GRAM,100.0
77468d8c-087d-5739-9cc4-6dd1284d710c,,,12dfa960-3ffb-51d9-bf4f-7899baafabb6,1 fruit,GRAM,80.0
1653ca02-05df-5dfb-ba69-761de44bcd59,,,99b7c03a-ef89-5fe7-b5c4-b3615b4c3ee9,100g phần,GRAM,100.0
b1c3f465-620c-550d-92eb-53eab5786ede,,,99b7c03a-ef89-5fe7-b5c4-b3615b4c3ee9,3.5 oz,GRAM,100.0
f404bd54-e9c3-5f91-8cc0-624412891a67,,,f5be1a90-2601-52de-9733-6c68b65e9082,100g phần,GRAM,100.0
d8d6a324-a618-5f84-b088-ece0e8a178f5,,,f5be1a90-2601-52de-9733-6c68b65e9082,3 oz,GRAM,85.0
2ec3e45e-5b86-5167-ba24-62ce81e13283,,,16361d2f-ceb6-5cee-a429-f6fd5dfac230,100g phần,GRAM,100.0
1512b701-52b2-5776-9464-1b588401f0c7,,,16361d2f-ceb6-5cee-a429-f6fd5dfac230,1 cup,GRAM,120.0
bd527628-9fee-54cc-a957-09b8c540e9fb,,,0b9f3c8f-61f1-50f0-b62d-8de712fb37b8,100g phần,GRAM,100.0
a8f87b2f-1f95-5b8e-a137-e2c478aa287a,,,0b9f3c8f-61f1-50f0-b62d-8de712fb37b8,5.5 oz,GRAM,154.0
399b000e-16e0-59e0-b1f1-fe622e092d22,,,29166c9e-2477-5094-9cef-ad889c03fce6,100g phần,GRAM,100.0
0a16e439-07e4-5e2a-930c-b59919bae15c,,,29166c9e-2477-5094-9cef-ad889c03fce6,1 tsp,GRAM,2.1
90c20b30-cf94-5864-abc1-1f624372193a,,,1e76f532-09dd-5513-8df8-c4194db8c3f5,100g phần,GRAM,100.0
c02265f3-7e52-59f5-951b-f8542e624f54,,,1e76f532-09dd-5513-8df8-c4194db8c3f5,3 leaves,GRAM,1.0
a6c92b6e-0cbc-50cd-8c6c-27e471ca75d4,,,579dfd5d-151e-50e3-9b31-9dbbd0ab0414,100g phần,GRAM,100.0
fa5cd136-0ab5-5b1b-befd-4c7a5ff69f41,,,579dfd5d-151e-50e3-9b31-9dbbd0ab0414,2 rings,GRAM,28.0
47dbcb4e-7013-5c55-a203-987c1b3ed13a,,,967af674-bada-5ae7-be16-dfe8b11c65bb,100g phần,GRAM,100.0
169e41c8-093b-556e-b8fb-b43a652e5726,,,967af674-bada-5ae7-be16-dfe8b11c65bb,5 oz,GRAM,150.0
05fdbaff-1bc3-5782-8bff-8bacf75b9a49,,,c45fea76-5f19-5695-acb8-985af8f73529,100g phần,GRAM,100.0
dc9d0865-cd24-5efa-b174-b0cdcee8cdde,,,c45fea76-5f19-5695-acb8-985af8f73529,3 oz,GRAM,85.0
757eef78-d0de-5db2-a7ee-0dec02d7afc1,,,16ae8deb-5269-57d6-8581-1b6c18c78e3a,100g phần,GRAM,100.0
76c8ed08-90e3-540e-8b62-58733dcf9d53,,,16ae8deb-5269-57d6-8581-1b6c18c78e3a,1 tsp,GRAM,3.0
fafcdc11-0593-5c40-9801-e2ffdaa68319,,,59906c35-277b-5292-bf83-1e4111d7880f,100g phần,GRAM,100.0
e3fdf6fd-2d1c-593f-86c7-4573d6c59d97,,,59906c35-277b-5292-bf83-1e4111d7880f,3 oz,GRAM,85.0
043f2b6c-83ca-55df-b806-03077791a277,,,599d23de-54ed-5132-9c64-9482305d1f6b,100g phần,GRAM,100.0
bfe0e8fb-81d7-599f-be74-765a49580b72,,,599d23de-54ed-5132-9c64-9482305d1f6b,1 tsp,GRAM,5.0
c5ef841e-677c-587b-bb35-9864337d03e6,,,82c72fe6-6b3b-5375-a109-aa5902d3138b,100g phần,GRAM,100.0
97d8e6cf-0a1c-5257-91e4-f94eb2f824e2,,,82c72fe6-6b3b-5375-a109-aa5902d3138b,5.6 oz,GRAM,159.0
37acf1b8-48d7-5e80-a733-e77f553ce257,,,fc341daa-4e51-57e5-bedf-f60e98153a75,100g phần,GRAM,100.0
e39e3dde-d4be-5615-9723-dcb430b7a780,,,fc341daa-4e51-57e5-bedf-f60e98153a75,3 oz,GRAM,85.0
af243554-a13b-58ff-ac2b-3ddb97f698aa,,,33ee3c75-f62b-5eb5-b98b-2528294d739d,100g phần,GRAM,100.0
ec72a5a7-6c1d-568c-b893-62ae9ab3a32c,,,33ee3c75-f62b-5eb5-b98b-2528294d739d,1 oz,GRAM,28.0
9b62dfe5-21ac-5b76-8588-370d3d3daeeb,,,b96b2b42-e886-50fb-9358-be91e487396d,100g phần,GRAM,100.0
fefa6bd4-28b1-5f43-b4b4-d4e638aaea7b,,,b96b2b42-e886-50fb-9358-be91e487396d,1 tsp,GRAM,6.0
e237f140-610a-5c7e-b0d8-69557ad44db2,,,1bf7b890-50b8-5648-9573-d30f2eaa0db1,100g phần,GRAM,100.0
15bbbbf5-34ff-5d98-9279-1c62914efcd8,,,1bf7b890-50b8-5648-9573-d30f2eaa0db1,3 oz,GRAM,85.0
6586c3e8-4b5a-5159-84a9-95a3ebea31db,,,6552efb6-8c9e-55a5-96fd-17ef1fee1606,100g phần,GRAM,100.0
63dcfed2-5307-5352-bdf4-f6b1190cd086,,,6552efb6-8c9e-55a5-96fd-17ef1fee1606,6 oz,GRAM,170.0
40ed3c23-cf2f-5d15-b0e6-917d1d49fb5b,,,be09d02d-3666-5754-91da-a5a5136d83b3,100g phần,GRAM,100.0
26051f91-7918-57b5-af01-7ec4f3b1af78,,,be09d02d-3666-5754-91da-a5a5136d83b3,4 oz,GRAM,113.0
e9446ed5-eedd-57db-9f86-aa458d47cbec,,,e48e64c4-5925-5a70-b9a1-7f4ee0bf2297,100g phần,GRAM,100.0
afa34864-e462-57d8-91f1-ee770e36751b,,,e48e64c4-5925-5a70-b9a1-7f4ee0bf2297,3.5 fl oz,GRAM,100.0
18121386-966c-5370-a50c-f7a5b5e65221,,,2db07b7f-ba03-58d9-b31c-211608ae58d3,100g phần,GRAM,100.0
d4cec7e6-6608-57db-974c-a2ab8a4b6419,,,2db07b7f-ba03-58d9-b31c-211608ae58d3,4 oz,GRAM,113.0
5ae62f05-9ccc-50f8-94af-554f0b135b5b,,,eb63c059-5930-53dc-8201-8198dc5a0919,100g phần,GRAM,100.0
203651c9-d7d5-5df2-b9cd-3aee340b3051,,,eb63c059-5930-53dc-8201-8198dc5a0919,1 tbsp,GRAM,23.0
c717997d-ccfd-5757-bda6-dfba278ea21c,,,88759ec4-21e9-59af-83b4-48ed071966c7,100g phần,GRAM,100.0
ba38a211-bd17-5f38-abf7-154f65e1756f,,,88759ec4-21e9-59af-83b4-48ed071966c7,1 tbsp,GRAM,9.0
495aa06c-6d79-5432-9354-76973abbf0e3,,,e26b2567-ee4b-57f7-a29f-05187fda1ef3,100g phần,GRAM,100.0
9ed2b83e-4979-5e7d-bfc6-d5b536de85b5,,,e26b2567-ee4b-57f7-a29f-05187fda1ef3,1 tsp,GRAM,1.0
8501cd4b-ed78-5c3e-8bbf-9ccb5a31909f,,,2199efe5-eae4-5b54-8fe5-d86177aaa500,100g phần,GRAM,100.0
ff31fe12-8954-5d7b-9b8b-b7b97dc5ef39,,,2199efe5-eae4-5b54-8fe5-d86177aaa500,3 oz,GRAM,85.0
1988b0a5-e610-5fb2-b831-b75f7d5128c4,,,e8116171-ae92-5f9b-a001-584c5a9bc846,100g phần,GRAM,100.0
a3764e44-d745-5b83-a1f5-bbe029e98b4f,,,e8116171-ae92-5f9b-a001-584c5a9bc846,0.5 cup,GRAM,15.0
0278e0a9-115e-5f87-9b4a-f3921889503f,,,9f0428f3-18fc-545a-ba75-19ee278e014c,100g phần,GRAM,100.0
bcf35438-6529-55ca-af67-ac1cfff7db9a,,,9f0428f3-18fc-545a-ba75-19ee278e014c,1 tbsp,GRAM,15.0
b08291ed-c54c-5d2c-a4af-94ae23486210,,,8d746645-32ec-57f2-ae79-3e04a75aacd2,100g phần,GRAM,100.0
fd260121-1406-55b7-be07-11c7e2918a13,,,8d746645-32ec-57f2-ae79-3e04a75aacd2,5 fl oz,GRAM,148.0
62d035a7-53b6-58db-928d-082552722dd6,,,6bd58f32-5044-587a-9f42-4b1b684baff2,100g phần,GRAM,100.0
44a6a50a-596d-5f5a-9af2-06ae8692375e,,,6bd58f32-5044-587a-9f42-4b1b684baff2,1 tbsp,GRAM,15.0
b0f16a44-ecbc-5de1-8a1b-2f427d99be8e,,,114bec04-3b3e-5e25-9a6a-ce15daed8fd8,100g phần,GRAM,100.0
53d9439e-b814-51de-b09d-16efcbbb03c6,,,114bec04-3b3e-5e25-9a6a-ce15daed8fd8,1 tsp,GRAM,3.0
b96dfb62-05b9-5935-9e1d-07f30faca0f3,,,024afcfc-fdb2-5dad-9585-2304277539d7,100g phần,GRAM,100.0
d3aa8330-9277-5ec3-b650-40af38a282a6,,,024afcfc-fdb2-5dad-9585-2304277539d7,8 fl oz,GRAM,237.0
4c607351-7e64-5f66-a5b7-815a180adf4e,,,fc4cee27-b48a-5564-a2fa-9ebbe2d9e30b,100g phần,GRAM,100.0
06240fd4-90eb-5723-8889-7813cbb82eb8,,,fc4cee27-b48a-5564-a2fa-9ebbe2d9e30b,2 churros,GRAM,120.0
808900a0-c76d-598f-89d5-b5145f91ac15,,,bb89d1f3-ba1f-514d-a1c1-dbf54333774f,100g phần,GRAM,100.0
c80e2f17-f046-5e23-926a-e73744ea9187,,,bb89d1f3-ba1f-514d-a1c1-dbf54333774f,2 oz,GRAM,57.0
cc09931d-0573-5f3a-8e79-990576439368,,,85688ea0-7ed2-542b-bae2-0e738f994293,100g phần,GRAM,100.0
b4bd65dc-a295-5046-a38e-c91ad1264af2,,,85688ea0-7ed2-542b-bae2-0e738f994293,1 piece,GRAM,454.0
421a3b61-7ee0-55ab-bf91-8e7a0243d071,,,38db1144-3bb9-5831-a1e4-8e2d0bcb856c,100g phần,GRAM,100.0
01b424b0-ecc2-5c07-8c39-fc9fb2b469e7,,,38db1144-3bb9-5831-a1e4-8e2d0bcb856c,2 oz,GRAM,56.0
f86e5fc4-46f7-5919-854e-ffa726131489,,,e16a1d96-3d5e-5daf-aeb1-27d2d51af50d,100g phần,GRAM,100.0
7ce9e6f3-5d36-5666-a414-e28565086e17,,,e16a1d96-3d5e-5daf-aeb1-27d2d51af50d,5 fl oz,GRAM,150.0
3fb4dbf9-a664-56c6-a293-8cbc90675c45,,,017c4a9f-3252-5833-a043-3c3e1eba0082,100g phần,GRAM,100.0
c6cbcc19-cba8-59b9-9b8a-9e29228943f7,,,017c4a9f-3252-5833-a043-3c3e1eba0082,2 oz,GRAM,57.0
cb327081-665e-51aa-8f66-ddc8a1e47299,,,fe48e033-7f17-5082-9a9e-c950592b6abc,100g phần,GRAM,100.0
05d2f9b9-b717-5d08-90ad-5455dcd0a52f,,,fe48e033-7f17-5082-9a9e-c950592b6abc,1 slice,GRAM,125.0
bd10fe80-7f61-54cf-b7f5-d3895ba14824,,,4dea394d-0043-576c-9427-8ee75d247958,100g phần,GRAM,100.0
d050a418-815f-5966-add4-87d19f80864e,,,4dea394d-0043-576c-9427-8ee75d247958,0.5 cup,GRAM,120.0
48a86214-4837-5533-96b9-79abdea69eb5,,,c6af46f5-e5c3-51fb-bf0b-1a22f6132756,100g phần,GRAM,100.0
7f05198c-7411-502a-bdd1-ac9a241c04c7,,,c6af46f5-e5c3-51fb-bf0b-1a22f6132756,1 plate,GRAM,395.0
8983ca59-579d-5557-b78c-cb205de63bc6,,,c1b07606-8097-5123-99ea-05bd34edec28,100g phần,GRAM,100.0
334ebdaf-aa65-5c86-af5f-498221817ac7,,,c1b07606-8097-5123-99ea-05bd34edec28,1 piece,GRAM,39.0
48e80be8-8b97-51bd-a5e7-658d4c13cfed,,,a0f739de-2aca-5cbc-83c6-1351c330c202,100g phần,GRAM,100.0
ddbbf1ab-d4b5-5d4b-9e07-954106b721f5,,,a0f739de-2aca-5cbc-83c6-1351c330c202,1 tsp,GRAM,5.0
c6045a18-06c8-53e0-8d55-e66589fa3f54,,,43e46b05-d7a3-541b-a1f7-6506dd6ba8a8,100g phần,GRAM,100.0
3aa6d91c-8e0e-5749-b942-21fadbb7afa0,,,43e46b05-d7a3-541b-a1f7-6506dd6ba8a8,1 piece,GRAM,33.0
4794636d-6728-58f8-bde2-0814998a7323,,,bf0c7b01-7050-5fed-a845-0ea858a0272f,100g phần,GRAM,100.0
6afd9262-500b-549b-9215-f90d459c85b5,,,bf0c7b01-7050-5fed-a845-0ea858a0272f,1 tbsp,GRAM,20.0
f74f33d6-4d74-567c-bb33-160d5fb93924,,,b0d0c667-3fff-5ec3-8a8a-2be25a565b87,100g phần,GRAM,100.0
d3843706-657a-567f-a955-a26e98b832cb,,,b0d0c667-3fff-5ec3-8a8a-2be25a565b87,1 tsp,GRAM,3.0
158aa991-57da-532b-bb34-a2e8208e6be6,,,9264b1a7-540b-5892-bf51-4d5b76e33e98,100g phần,GRAM,100.0
9a0822d2-73b5-55bf-86ff-6a6d8d06e127,,,9264b1a7-540b-5892-bf51-4d5b76e33e98,1 cup,GRAM,30.0
ea9d992e-dcad-58bb-a588-217164e0a764,,,7b6a31cf-38b8-5bd0-9c95-cfa64606e862,100g phần,GRAM,100.0
476627ba-eb43-5bae-a2f0-73293172a12d,,,7b6a31cf-38b8-5bd0-9c95-cfa64606e862,1 cup,GRAM,240.0
c3590bbe-1413-5d4f-8a1e-312166457c13,,,5c8a35f0-1f69-5b31-a7f9-575eac769b2c,100g phần,GRAM,100.0
ca1afc90-497d-5d45-a05b-ad64f2bda94d,,,5c8a35f0-1f69-5b31-a7f9-575eac769b2c,1 slice,GRAM,123.0
4e22efe0-1e1f-536f-be08-ce89f9f342b1,,,dcd7bcd9-e036-5c65-8a4a-b455d7e39639,100g phần,GRAM,100.0
1e869d24-3553-5a72-8b14-8d8bb015e443,,,dcd7bcd9-e036-5c65-8a4a-b455d7e39639,4 oz,GRAM,113.4
1f5b1777-5f71-5928-b93a-906ee852d3ea,,,5853b83a-d813-5ed3-a328-e7ef4b82482d,100g phần,GRAM,100.0
d4fe811e-97fd-55da-910b-538bad9fc2f0,,,5853b83a-d813-5ed3-a328-e7ef4b82482d,1 cup,GRAM,150.0
8b64ad5d-e6df-59e0-b07c-5d6682dbebbe,,,d1808794-63cc-5305-abc9-89fbdedb80cc,100g phần,GRAM,100.0
9fadb82a-c2dd-5ab6-b5b8-4e13041422df,,,d1808794-63cc-5305-abc9-89fbdedb80cc,1 tbsp,GRAM,8.0
e42655ec-a8eb-5979-b605-2cdc249ab2ad,,,55c7d286-1d14-58cd-8f30-d8d6a41c09ee,100g phần,GRAM,100.0
7e5fde45-2f5e-5952-89d5-c0e4dd641ee9,,,55c7d286-1d14-58cd-8f30-d8d6a41c09ee,1 piece,GRAM,14.0
f0460a45-fc98-53d1-9e94-bd4cfa585abf,,,e29ed667-05bd-515f-aec5-c4f1bb5bb8cd,100g phần,GRAM,100.0
30745778-8a73-5967-998c-eae3358cb4d4,,,e29ed667-05bd-515f-aec5-c4f1bb5bb8cd,2 piece,GRAM,11.0
72003c3c-ad4f-5dea-add1-d14235a1eb53,,,0ae86e69-183d-5472-8c74-bb39b1fdc594,100g phần,GRAM,100.0
9457445c-53e8-5297-809a-e712b2489ede,,,0ae86e69-183d-5472-8c74-bb39b1fdc594,1 slice,GRAM,160.0
e9fd19db-ea8a-5de0-9162-392a075e2269,,,8ed1c873-37ad-50d7-b03c-f4349fdc3479,100g phần,GRAM,100.0
89f9bd79-2b02-5999-858a-76ee5f41e06f,,,8ed1c873-37ad-50d7-b03c-f4349fdc3479,4 oz,GRAM,113.0
7e459321-80a5-5f79-baaf-dfcab8d24455,,,0cbd4856-0934-5324-be7a-21d73d27f58a,100g phần,GRAM,100.0
b14c2ba7-89d9-54cf-919b-3ee17e2bf366,,,0cbd4856-0934-5324-be7a-21d73d27f58a,1 cup,GRAM,150.0
4deaea62-007a-5ee0-bda2-8cb22fe20790,,,0223b3ba-89f8-59eb-a21c-7684c07b317c,100g phần,GRAM,100.0
45a5fd3e-3810-5dba-8d8a-8e873ceeadfe,,,0223b3ba-89f8-59eb-a21c-7684c07b317c,4 oz,GRAM,113.0
4cad15d3-ce9c-5968-9c32-8bb75a371003,,,ac2acd1d-6d73-577d-b2e2-99d7b0524819,100g phần,GRAM,100.0
e524f681-21c4-52b0-b804-8113cc9cf359,,,ac2acd1d-6d73-577d-b2e2-99d7b0524819,4 oz,GRAM,113.4
2d548082-21b3-5f0d-837f-e0aaa82103f9,,,66fb7a3c-b3c0-5582-adb8-ab6cd0872f80,100g phần,GRAM,100.0
4d2bf486-ac07-56e4-9913-6d4d15c6a5be,,,66fb7a3c-b3c0-5582-adb8-ab6cd0872f80,0.5 cup,GRAM,50.0
ef9d313e-d11e-51b4-ba94-6512796c96e5,,,cf2500c2-dcc0-56a3-bbfc-5e92411420e9,100g phần,GRAM,100.0
45970b0e-c823-5854-b263-fadd0c65c795,,,cf2500c2-dcc0-56a3-bbfc-5e92411420e9,1 cup,GRAM,140.0
8ee12ab9-6a55-5134-91b6-12135a37d539,,,17851cd3-aef1-59ac-b2b3-4d925980a4de,100g phần,GRAM,100.0
1925f31a-b8b8-5ed4-aafb-ae115ac99d43,,,17851cd3-aef1-59ac-b2b3-4d925980a4de,1 tbsp,GRAM,15.0
48574737-4f43-5273-80ca-14fb68d6c81a,,,de19ee5d-983f-5444-a724-2ca28142cf4f,100g phần,GRAM,100.0
a75f57c5-69a4-5f41-aa8b-7a1258f55219,,,de19ee5d-983f-5444-a724-2ca28142cf4f,1 piece,GRAM,150.0
3202caa1-6848-531a-a223-5db7b0943fa1,,,3f9ef928-da13-552b-9b5f-13d4b212a5fd,100g phần,GRAM,100.0
1575f987-852b-5365-8de8-1b380be2be98,,,3f9ef928-da13-552b-9b5f-13d4b212a5fd,1 cup,GRAM,165.0
777dba29-f38c-54b7-857d-7a8e409af3c5,,,bed85130-e10d-559f-bbc1-704a8d0463e2,100g phần,GRAM,100.0
880e28c6-9b47-5312-a6b8-fd96e2e3af62,,,bed85130-e10d-559f-bbc1-704a8d0463e2,1 tbsp,GRAM,7.0
17b89c29-6382-5d31-8fe7-7705996dacf7,,,cd54524c-ee54-51a0-a306-d38702d07cfb,100g phần,GRAM,100.0
aea1ed30-621c-5787-b6b5-3d2f0e78ca20,,,cd54524c-ee54-51a0-a306-d38702d07cfb,1 cup,GRAM,85.0
7a9a7275-adea-5375-9557-09c0eb3bc398,,,1fd25976-2245-5213-9414-59eb4f2b7960,100g phần,GRAM,100.0
51d053e9-1558-563f-9193-aef74ecebfff,,,1fd25976-2245-5213-9414-59eb4f2b7960,1 cup,GRAM,245.0
8bfb0c2f-63ad-529e-9b6f-36bf1c82224f,,,6e3a82b7-d862-5f5c-a29c-d09469bb7d20,100g phần,GRAM,100.0
50499f17-7f65-57b5-9260-986b0a138297,,,6e3a82b7-d862-5f5c-a29c-d09469bb7d20,1 tbsp,GRAM,15.0
db410742-f7e1-57b7-bd95-a41f782bd0c6,,,6335a4c4-bc45-5451-bb64-272ae4403faa,100g phần,GRAM,100.0
e6d3faa2-71d8-58f5-bad1-89512b758ecf,,,6335a4c4-bc45-5451-bb64-272ae4403faa,4.6 oz,GRAM,130.0
595e6419-654f-55e6-86ab-f75d71263123,,,f4c78afa-af64-5b08-91cc-26608538d681,100g phần,GRAM,100.0
f4c5ffab-37f2-5add-8c39-0a327a44b99a,,,f4c78afa-af64-5b08-91cc-26608538d681,2 tbsp,GRAM,30.0
d77a7588-5966-56fb-8929-f412f7299a3a,,,e72b0072-d058-581c-8230-ab692e217269,100g phần,GRAM,100.0
10612c0f-666d-53e6-a6c7-6a4a76ec0d35,,,e72b0072-d058-581c-8230-ab692e217269,1 cup,GRAM,190.0
da2894dd-889f-58f6-8bd8-a7bed51e0041,,,1945dfd4-a41b-5c6b-9fa9-aa1e2eeb638d,100g phần,GRAM,100.0
1dbd2314-a5b2-5952-9c13-cc17a96312f6,,,1945dfd4-a41b-5c6b-9fa9-aa1e2eeb638d,1 fruit,GRAM,10.0
5f31b2d6-dcab-56d0-a320-2c46b2bdf0b1,,,c95315af-cb4b-538b-95cd-56c19192918d,100g phần,GRAM,100.0
4da833ac-7d8a-5b15-9ae4-eac4cd08fa20,,,c95315af-cb4b-538b-95cd-56c19192918d,0.5 cup,GRAM,122.0
5ed32d69-e58a-5bcc-81f9-2453f0ee055c,,,2e5921bb-c50c-5139-ad96-5ff183563bf0,100g phần,GRAM,100.0
f4fca789-ab50-5cc3-8f9c-7c8bd98c1fa9,,,2e5921bb-c50c-5139-ad96-5ff183563bf0,1 medium fruit,GRAM,150.0
693afccd-beed-5b82-a2b5-42130db7b841,,,6ace23e3-4b9f-51b8-a13b-8f63dbecee23,100g phần,GRAM,100.0
3ba6bee9-78ee-55d2-b95b-c180e11d468e,,,6ace23e3-4b9f-51b8-a13b-8f63dbecee23,1 scoop,GRAM,32.0
feabf227-e2df-5a0a-87da-50e0c8842306,,,1994850e-3ded-50f0-8929-c64c3284f02e,100g phần,GRAM,100.0
6f707252-1865-5c78-bfa9-1c245a7cd3c4,,,1994850e-3ded-50f0-8929-c64c3284f02e,3 oz,GRAM,85.0
fbd78b8c-a641-578b-91fc-85e9c9b70b8c,,,f7dfa4ab-e11e-59ba-9613-f77f69d0634b,100g phần,GRAM,100.0
bf43c6f0-8812-5dbb-aee6-211452cadbb8,,,f7dfa4ab-e11e-59ba-9613-f77f69d0634b,0.5 cup,GRAM,60.0
e50a128b-5897-5855-8dac-c472b0518298,,,ffa6713c-2a92-5756-b319-049a550f3116,100g phần,GRAM,100.0
c3609f07-cfd7-5674-832a-07ec57367b3e,,,ffa6713c-2a92-5756-b319-049a550f3116,1 oz,GRAM,28.0
39ef9c9a-1911-5eca-940d-389cb8640fbe,,,9334a123-685f-5a51-a3a2-3dd9bd0eff3b,100g phần,GRAM,100.0
c75a6c7d-c3e8-567b-bc6a-96dad2b36144,,,9334a123-685f-5a51-a3a2-3dd9bd0eff3b,2 tbsp,GRAM,28.0
d05bfb8a-a9ab-518c-a335-1e52230a24a0,,,1d173f18-036e-532c-8fea-b5fde2eaab9f,100g phần,GRAM,100.0
1e713d0e-4ab9-55f9-b8a2-4deaf8f89018,,,1d173f18-036e-532c-8fea-b5fde2eaab9f,1 lollipop,GRAM,11.0
b53a49dd-2a9c-50cc-830f-5d91c68a2b35,,,1af3a8e0-af0e-5e1e-ba0c-5f8116fac246,100g phần,GRAM,100.0
4094a63d-a94f-5d75-9963-9d141cda5de8,,,1af3a8e0-af0e-5e1e-ba0c-5f8116fac246,1 cup,GRAM,245.0
02fa8ba8-1a1f-5804-97fd-91f9c4cdc499,,,45927c81-2048-51f2-b0af-099f0108831a,100g phần,GRAM,100.0
e7646687-bd8e-5b55-baf4-a1922431aff1,,,45927c81-2048-51f2-b0af-099f0108831a,1 cup,GRAM,245.0
a7c65fc9-7a08-5244-9696-06923cb13327,,,31108288-dfb6-5393-a645-8067f772a79d,100g phần,GRAM,100.0
35e6ad6e-6573-5cce-802f-8639a58f9bac,,,31108288-dfb6-5393-a645-8067f772a79d,0.25 cup,GRAM,40.0
404f374b-7d13-543e-8c6b-51fb91e4a05d,,,24cd1547-144b-5cca-97dd-f00037c30d14,100g phần,GRAM,100.0
b9ab0179-9da2-5ccc-9b29-db252a600698,,,24cd1547-144b-5cca-97dd-f00037c30d14,3 oz,GRAM,85.0
ced23309-ef82-5829-83c4-865c4aee17e9,,,82c3e20d-72df-5f7e-99ef-933aa77fe9b0,100g phần,GRAM,100.0
c4d69b96-60ee-5637-96cc-80c4597bd080,,,82c3e20d-72df-5f7e-99ef-933aa77fe9b0,1 pod,GRAM,2.0
5a900b2c-83c7-5d61-a93c-704f9df13ad0,,,141a1726-331d-55ce-bb6a-903c129a9f55,100g phần,GRAM,100.0
275d02fa-1cca-5ef9-9a05-ffc1ae9320ee,,,141a1726-331d-55ce-bb6a-903c129a9f55,4 oz,GRAM,113.0
2dea5854-a29b-58f5-84a4-885ff00aa80c,,,46ce5746-c75d-5b03-a803-db3d8504575e,100g phần,GRAM,100.0
775c6e82-ef1f-549d-9196-cb8e76d284ea,,,46ce5746-c75d-5b03-a803-db3d8504575e,1 cup,GRAM,156.0
94ad83f1-22ea-5be5-90a4-ab8bf2e5bae5,,,f30d6687-8474-5bd7-9673-499a2dd4a133,100g phần,GRAM,100.0
0c42c3df-69f8-5589-b602-6590e2b4d893,,,f30d6687-8474-5bd7-9673-499a2dd4a133,5 pieces,GRAM,50.0
d0d556a8-453b-52ff-881c-30a00eecb37f,,,6e0b297e-c46d-5d3b-bf1d-ab241adf80f9,100g phần,GRAM,100.0
02f7172d-6c62-5637-830c-ae253381035b,,,6e0b297e-c46d-5d3b-bf1d-ab241adf80f9,1 scone,GRAM,70.0
e5af012c-0e34-5917-b64b-f891d35524a8,,,a9f460c7-1848-56c5-9ddb-a2298030f5cc,100g phần,GRAM,100.0
28cbf8ee-a76f-5336-8788-74b8e46cf4bf,,,a9f460c7-1848-56c5-9ddb-a2298030f5cc,1 piece,GRAM,50.0
d703fe4a-d552-5e23-8b04-ce7618df7212,,,9cdf90c8-38df-5a9d-b6fa-f84e54ac5140,100g phần,GRAM,100.0
19585f3a-159c-553d-a1f2-5cfade0c81ec,,,9cdf90c8-38df-5a9d-b6fa-f84e54ac5140,1 tsp,GRAM,3.0
0c1153a8-032b-55f3-96c0-2204e7ce202c,,,dda574e5-d3eb-5ebb-aa85-e40ddc394ba6,100g phần,GRAM,100.0
bfb87bdd-cc3e-5a65-ad94-bea4ce1c8fcb,,,dda574e5-d3eb-5ebb-aa85-e40ddc394ba6,1 tsp,GRAM,7.0
3fb1fb04-cde7-5685-993d-ff213ca93d58,,,83ea1a16-c286-521f-95e0-c56b53a0c6f5,100g phần,GRAM,100.0
8bda0321-dd55-59a7-9673-0bcb9683114b,,,83ea1a16-c286-521f-95e0-c56b53a0c6f5,3 tbsp,GRAM,5.0
dcf6ca39-8680-5dff-ae87-43098a2f6826,,,aa94b44f-8cee-5a13-9584-541ac2665780,100g phần,GRAM,100.0
e5d7b5dd-1036-502c-84c2-6bde42fc0759,,,aa94b44f-8cee-5a13-9584-541ac2665780,2 tbsp,GRAM,34.0
5ac82887-9f2e-5ed0-b011-c8aca341bb2f,,,cf28a1c5-a6fe-5d36-b92b-bbe38d38d6e3,100g phần,GRAM,100.0
1e9adc0d-c89c-56eb-9346-ce274206c26a,,,cf28a1c5-a6fe-5d36-b92b-bbe38d38d6e3,1 slice,GRAM,125.0
bd350497-3b15-5abe-a6d7-0a200a0fa276,,,2aa655fd-2b59-56e5-b7b9-2ccbb0cd7020,100g phần,GRAM,100.0
34cfc6f9-0bb4-557c-b216-f0835bb9ec9a,,,2aa655fd-2b59-56e5-b7b9-2ccbb0cd7020,3 oz,GRAM,85.0
1bb4fe4d-3999-569b-b9b8-d15280ecbc40,,,d739dda0-3b34-52b5-8fcb-548eb3394257,100g phần,GRAM,100.0
bed10d98-832a-5b3d-9c3e-88e5de6b40e7,,,d739dda0-3b34-52b5-8fcb-548eb3394257,2 tbsp,GRAM,16.0
43e4bd93-ae9a-5c8c-8054-64d172ec5afd,,,8ff328ba-2505-557f-b6ef-6a234561cec2,100g phần,GRAM,100.0
a3bfbafb-25f7-5f82-9bf0-2f2d7d7410d6,,,8ff328ba-2505-557f-b6ef-6a234561cec2,1 piece,GRAM,25.0
e664ab72-d259-5ed2-b79f-2789fcb3d30b,,,98823bda-7916-5aa5-97b3-8eab9b6ed170,100g phần,GRAM,100.0
c342bcba-b49d-58c2-8308-671f64422e1c,,,98823bda-7916-5aa5-97b3-8eab9b6ed170,1 tsp,GRAM,2.0
2c7b2178-d4ff-5f67-9616-97980e45f2b8,,,133a515a-f759-528a-ba18-5dc8b1d19590,100g phần,GRAM,100.0
8b1689f1-9061-53b3-8a0b-b0e248c65bda,,,133a515a-f759-528a-ba18-5dc8b1d19590,1 cup,GRAM,250.0
1d9e36db-ffce-569a-b875-bd889469dad5,,,079c9143-de54-550c-b655-715606d90438,100g phần,GRAM,100.0
eb78d458-ffcc-5da2-998d-57f5e76955ba,,,079c9143-de54-550c-b655-715606d90438,1.4 oz,GRAM,39.0
5cfb6713-cfce-5918-a376-b8dfab749a1f,,,c22d882c-c50e-589d-b154-83e1953c31ac,100g phần,GRAM,100.0
1af4021a-1635-5092-b305-a586fb8baede,,,c22d882c-c50e-589d-b154-83e1953c31ac,1 cup,GRAM,155.0
b2f4e7f3-aa29-5388-8dce-31b85c4b938a,,,676d4f60-da4b-55b3-b549-383b820ba8f2,100g phần,GRAM,100.0
e4e2d08c-09c3-5a94-9dbd-a3bf534dc771,,,676d4f60-da4b-55b3-b549-383b820ba8f2,1 tbsp,GRAM,15.0
e1336abe-1cac-5e54-a654-d66003281d8c,,,aefaf0e3-1142-5713-ad21-448ea50aa06c,100g phần,GRAM,100.0
712e1977-523e-5fe1-99f9-0c7be843c5c0,,,aefaf0e3-1142-5713-ad21-448ea50aa06c,1 cup,GRAM,120.0
480298e9-33e3-5b55-8361-7c9caebcef37,,,ac812378-fd88-5086-bd00-512748123ca2,100g phần,GRAM,100.0
90d88b83-247b-58f9-bead-94fc9afc69f9,,,ac812378-fd88-5086-bd00-512748123ca2,1 cup,GRAM,55.0
d7243f8e-e8cf-58ef-a4fc-5ac3281bcca2,,,11a25d62-6419-59ff-8579-ec292623878a,100g phần,GRAM,100.0
1e81db39-011a-5ef7-b571-e3e857a7fc8e,,,11a25d62-6419-59ff-8579-ec292623878a,1 piece,GRAM,10.0
2c33a332-0c8b-54c0-b57d-06bbf725f30b,,,c257d0b6-884c-5a33-a1a6-c468bd45d106,100g phần,GRAM,100.0
76062680-e293-52ff-ac1c-d0201ad5cf9c,,,c257d0b6-884c-5a33-a1a6-c468bd45d106,1 tbsp,GRAM,15.0
1d7b03ac-ad06-5964-bed4-c8e9dcbb520e,,,dac7ac12-b502-5cd0-80d2-9fc33e460df3,100g phần,GRAM,100.0
71220615-4331-5325-8086-cf68add19e74,,,dac7ac12-b502-5cd0-80d2-9fc33e460df3,1 cup,GRAM,85.0
d16ea343-0405-5b88-aa91-0d4d2b8c0a40,,,7e1c067e-8ef6-5ece-a916-c9ef84c5d316,100g phần,GRAM,100.0
b8e810ce-bd27-53ce-9596-4cdc85f54e17,,,7e1c067e-8ef6-5ece-a916-c9ef84c5d316,1 fruit,GRAM,140.0
fd09f8a8-412a-5b13-bddc-cf176e9cecd0,,,7555d863-080e-5ab9-93ef-effc0c8b5a67,100g phần,GRAM,100.0
e4bf1613-6755-55ae-8cd0-bfd6416f7f51,,,7555d863-080e-5ab9-93ef-effc0c8b5a67,1 tbsp,GRAM,2.0
4372dab6-da28-55e6-a22b-4b59f68d7e7c,,,910a55ed-ea6c-5618-80f2-2515274322d9,100g phần,GRAM,100.0
75f62513-6335-56a6-9d08-15d18cdddc4f,,,910a55ed-ea6c-5618-80f2-2515274322d9,1 cup,GRAM,150.0
44db89e7-5d94-56eb-90fb-e5e4722aea58,,,462a7ff3-1f71-50f7-8959-bf0337ce3ee7,100g phần,GRAM,100.0
59bf2665-6378-5016-847c-1c553b3adde9,,,462a7ff3-1f71-50f7-8959-bf0337ce3ee7,1 cup,GRAM,177.0
a89efa8d-ccb9-5338-9b0a-6fab9850ef39,,,2b4d24c1-1a64-5ad9-94d6-fe1b3fe24330,100g phần,GRAM,100.0
3ac2af8e-7143-5428-8f34-aeaa8fd24ea5,,,2b4d24c1-1a64-5ad9-94d6-fe1b3fe24330,3 oz,GRAM,85.0
647312ad-34ec-5f86-9426-3e9e93172514,,,50c1f7c9-96c4-5625-9936-469d0e7c5c3c,100g phần,GRAM,100.0
d2fa0c25-1abd-5cf7-97f8-3c7bd2c892d5,,,50c1f7c9-96c4-5625-9936-469d0e7c5c3c,1 oz,GRAM,28.0
706de589-e12d-560b-8a94-c43a6615ed4d,,,e4db4d3b-5a67-587f-a45c-e529dc65e715,100g phần,GRAM,100.0
ae61d6fb-bc86-5fc7-8320-edf6d1cdf648,,,e4db4d3b-5a67-587f-a45c-e529dc65e715,1 cup,GRAM,150.0
93f4a1b1-1cb9-53fb-8635-fb630f37403b,,,e53a4574-f5fd-54db-bec1-1ee266dba8af,100g phần,GRAM,100.0
af87df53-1941-5f66-9d09-194da1c4bd1a,,,e53a4574-f5fd-54db-bec1-1ee266dba8af,1 cookie,GRAM,30.0
ab380591-3a16-5cf2-9641-b9738fa4a969,,,b227b09c-b408-5cdd-9e6e-5314465a345c,100g phần,GRAM,100.0
9b989c33-793d-5e23-b617-a7fc0ad2b07c,,,b227b09c-b408-5cdd-9e6e-5314465a345c,0.64 oz,GRAM,18.0
1683221a-6f02-5832-ab3b-fcee84447cc1,,,2feda512-cbe4-5207-b769-2b68f68935df,100g phần,GRAM,100.0
7b1b859d-9ee9-5f87-8f41-8b91aa02d004,,,2feda512-cbe4-5207-b769-2b68f68935df,1 piece,GRAM,5.0
b379681a-453e-58ff-903a-a3e9bef3f085,,,e64b483f-e0d4-5aa4-b7c1-c9bfa1e4bcb7,100g phần,GRAM,100.0
5410263f-210d-5de4-9fed-001b2fe82ad7,,,e64b483f-e0d4-5aa4-b7c1-c9bfa1e4bcb7,3 oz,GRAM,85.0
2d1af81f-9efb-528b-bc4e-0c29a8dc413c,,,47ecf1be-11cb-518d-ab03-d24747ee69d6,100g phần,GRAM,100.0
b3eaa46a-4b12-5b4c-86e2-b4eea0e83d42,,,47ecf1be-11cb-518d-ab03-d24747ee69d6,5 fl oz,GRAM,150.0
01e59f92-575d-5b9b-90b9-4cbe4ba226f8,,,a3c152ad-ea66-5975-9a01-513d4a430798,100g phần,GRAM,100.0
8ae4b841-c9ac-5cf5-a88b-fbc317ef7674,,,a3c152ad-ea66-5975-9a01-513d4a430798,1 cup,GRAM,250.0
5981d860-ea46-50c3-90d3-d0a2c1412692,,,a0c9bb98-0781-55cf-abf5-e177212b18f6,100g phần,GRAM,100.0
897192ff-83a7-5051-858b-3e0598c8d8f9,,,a0c9bb98-0781-55cf-abf5-e177212b18f6,1 cup,GRAM,120.0
efe43965-6711-5308-9cf1-5507e6f02ef1,,,23ba027f-6f53-5d78-a055-4ee91aec6e51,100g phần,GRAM,100.0
3ad17a46-7656-59cc-9500-1ec2c3d887c0,,,23ba027f-6f53-5d78-a055-4ee91aec6e51,2 tbsp,GRAM,30.0
bd283447-7ade-5217-8f58-3d77f7a19541,,,2b4fa32c-e9ad-5b7f-96f8-47bc60ae5b98,100g phần,GRAM,100.0
bc22b9a9-49aa-56ca-8fc1-d1981178c51f,,,2b4fa32c-e9ad-5b7f-96f8-47bc60ae5b98,4 oz,GRAM,113.0
7580b407-0642-5a47-9b09-25fd0bd7d806,,,67d20e8a-7a6d-5fe3-b234-8b7b4b3d720a,100g phần,GRAM,100.0
334802b0-40c2-5546-9ca2-677b78f945ab,,,67d20e8a-7a6d-5fe3-b234-8b7b4b3d720a,3 oz,GRAM,85.0
4d8484ea-d31a-5b41-b161-c20b94128bbe,,,7f0e1c31-969a-55a9-9fcc-9248cfd7b964,100g phần,GRAM,100.0
e862bee2-fbd8-5d32-a87d-162d2542b158,,,7f0e1c31-969a-55a9-9fcc-9248cfd7b964,1 cup,GRAM,40.0
a18723f4-cc64-599d-bed6-d1046b4f9c37,,,aafffeb2-9a2a-5dee-8127-dbf7558bf17b,100g phần,GRAM,100.0
a7792093-9337-5c6c-bbc4-14d86cd5b533,,,aafffeb2-9a2a-5dee-8127-dbf7558bf17b,3 oz,GRAM,85.0
fb6a4a67-a5dc-5bc9-aeac-4feb717bcbb7,,,eb453a3e-4585-5f0e-a62a-ee20ea169edb,100g phần,GRAM,100.0
2a7db693-beaa-5bd5-85e2-f7c938467cea,,,eb453a3e-4585-5f0e-a62a-ee20ea169edb,1 fruit,GRAM,70.0
8b61dddb-1d9d-5777-910d-0ac43c1c7f8a,,,5b2ab22d-333f-5de0-8fd0-27088e2550fa,100g phần,GRAM,100.0
dd38bdaa-2fbe-53e2-be73-8a4b6e407d71,,,5b2ab22d-333f-5de0-8fd0-27088e2550fa,1 cannoli,GRAM,85.0
cc50efd0-8350-5b50-9118-bace9dc80eca,,,ef762d23-6922-580e-945d-d0c550d2307f,100g phần,GRAM,100.0
11c998f6-e22a-56e0-b36c-45d6d48ca4e9,,,ef762d23-6922-580e-945d-d0c550d2307f,0.5 cup,GRAM,55.0
0b44f0f8-5302-5283-bcb0-bb8c8fb617fb,,,90aed85e-10a1-5131-bb10-5c867b144a0d,100g phần,GRAM,100.0
85a0fcda-e7f4-5b07-a352-01e5cec2815d,,,90aed85e-10a1-5131-bb10-5c867b144a0d,5 oz,GRAM,148.0
4207ee90-6e14-5bca-9b91-f9cfa0cf18a9,,,e4e06f8e-ff81-5655-b5fa-151990dc3d7f,100g phần,GRAM,100.0
9256f408-a223-5cb6-8b66-31c73c5b34a9,,,e4e06f8e-ff81-5655-b5fa-151990dc3d7f,1 oz,GRAM,28.35
8f8d4310-e10a-59a8-8d3a-d8da8fb8e9a0,,,de4b9b74-45c1-5965-860b-9d72f68aeddf,100g phần,GRAM,100.0
431875f1-bc36-5a6e-b17c-a0117e166f5d,,,de4b9b74-45c1-5965-860b-9d72f68aeddf,1 matzo,GRAM,30.0
7716f444-7e68-5b89-8054-11f4f2a17af2,,,698407e5-e35c-5fc8-9a87-c59a67213d7e,100g phần,GRAM,100.0
d57fbccb-861a-57d3-824c-8f2547ae560e,,,698407e5-e35c-5fc8-9a87-c59a67213d7e,3 oz,GRAM,85.0
08db66bd-48e0-53ea-97f3-64d3d9fe49cd,,,d3b32667-b4eb-5487-aad8-fb755aad8806,100g phần,GRAM,100.0
de75858e-bef5-508d-9d63-68dc279fec4a,,,d3b32667-b4eb-5487-aad8-fb755aad8806,3 oz,GRAM,85.0
74e38a93-45af-5731-9e64-79e5d623feda,,,da597633-4549-5873-8ac3-e8946a898d43,100g phần,GRAM,100.0
b533229c-71fd-5787-8d15-ab3ad221ebb0,,,da597633-4549-5873-8ac3-e8946a898d43,4 oz,GRAM,113.0
eb976c36-8a29-5b55-a198-ccd56684313a,,,12626457-a6e6-5e6a-b43f-7f7b4ae1e96e,100g phần,GRAM,100.0
92f92c16-361a-587b-91a2-1b1b92ba8a1a,,,12626457-a6e6-5e6a-b43f-7f7b4ae1e96e,3 oz,GRAM,85.0
ae776b84-93d7-5392-ae29-48d4479707a8,,,02479f6a-7f7a-5a71-91ec-c7bbfd274467,100g phần,GRAM,100.0
5cc5a084-8f81-5307-b255-b12191edb045,,,02479f6a-7f7a-5a71-91ec-c7bbfd274467,4 oz,GRAM,113.0
1e2b98e9-2454-5eac-95fe-d4962d074b1e,,,4f665995-df46-5cdb-87d7-e761734d4e01,100g phần,GRAM,100.0
49a0cb3b-de73-5ec9-85ba-4b9f666afc64,,,4f665995-df46-5cdb-87d7-e761734d4e01,1 tsp,GRAM,5.0
2efe6973-7f70-5dd8-93fc-216ce6c85146,,,fec79a44-170d-5519-85ac-5dfef8c6f71c,100g phần,GRAM,100.0
bf8a17a1-5c89-5276-b87e-c0840abfbbdf,,,fec79a44-170d-5519-85ac-5dfef8c6f71c,1 cup,GRAM,250.0
d0151431-31d4-5f23-a6d2-923c96d5458c,,,3879677a-22ed-5e09-81ea-fada041e5378,100g phần,GRAM,100.0
80e021ed-bcc8-5556-8281-b1ef7c85112a,,,3879677a-22ed-5e09-81ea-fada041e5378,6 fl oz,GRAM,177.0
47361c5a-7b5e-5ee9-a72c-c688c724c697,,,94e4d506-cc83-5f7d-a08f-85c153b8e78a,100g phần,GRAM,100.0
73c400e7-ec13-5749-885f-02a27889fc12,,,94e4d506-cc83-5f7d-a08f-85c153b8e78a,0.0625 tsp,GRAM,0.1
f8b47f1b-c134-57c3-a7d9-0d5081e5d16f,,,e20e4b67-ae9f-59d9-bcdf-ce9c125ddb8b,100g phần,GRAM,100.0
eef944ed-f794-598f-a7e6-6c7bda9250f7,,,e20e4b67-ae9f-59d9-bcdf-ce9c125ddb8b,0.5 cup,GRAM,80.0
3046acbe-ebc5-5b09-b211-2159c4c5afd7,,,1e2b855e-7ed9-5524-a1d0-8d3683c42727,100g phần,GRAM,100.0
0e7195d7-2d6b-59dc-9c2f-6ebaf9da06f4,,,1e2b855e-7ed9-5524-a1d0-8d3683c42727,3 fl oz,GRAM,90.0
fd387c54-8623-591a-9c14-7173ac3685df,,,121bffe3-85d1-52ac-b110-eed7319169a6,100g phần,GRAM,100.0
51d52196-d091-5deb-aa6b-eaa55076f194,,,121bffe3-85d1-52ac-b110-eed7319169a6,4 oz,GRAM,113.0
2a1efcf8-2819-5b95-9166-46b0d0dafc39,,,165670c5-afc9-54ac-b38d-683e63b376fe,100g phần,GRAM,100.0
7128f178-cb03-50f4-9034-bdc454d9547c,,,165670c5-afc9-54ac-b38d-683e63b376fe,4 oz,GRAM,113.0
2609eabb-5983-5462-8c6c-500b4f04d16c,,,e571d11b-02d5-5794-9bdb-f26bcfd36e13,100g phần,GRAM,100.0
689d00b2-28ac-5929-8a74-a3c5f536e746,,,e571d11b-02d5-5794-9bdb-f26bcfd36e13,3.75 fl oz,GRAM,111.0
0c57b90a-d78b-52bb-92cf-edf74100fb82,,,b4c17ecf-20cf-5503-a47a-59d3b5f0d530,100g phần,GRAM,100.0
0d15f093-23cb-52dc-934a-b45fdec108b6,,,b4c17ecf-20cf-5503-a47a-59d3b5f0d530,1 cube,GRAM,42.0
894a562c-9b60-59e1-a626-872a99805bc0,,,c8491bc1-76a8-53a3-bc28-7db0c7d2672d,100g phần,GRAM,100.0
2e769aa2-36f4-5f35-93a4-4c3bf7747e0d,,,c8491bc1-76a8-53a3-bc28-7db0c7d2672d,3.3 oz,GRAM,93.0
fabea66d-668c-5808-b026-d54397ef56ee,,,3e198313-4914-5dc3-944a-aaba20f69bf2,100g phần,GRAM,100.0
96444de0-e1c9-59ed-a907-a170ec7c02e5,,,3e198313-4914-5dc3-944a-aaba20f69bf2,4 oz,GRAM,113.0
06963a72-d987-50db-8bba-aaf7ba3c2d00,,,37eded33-7176-5282-a454-f9ee761a9263,100g phần,GRAM,100.0
2c2832e8-cadf-55e7-9665-9a3172b3293b,,,37eded33-7176-5282-a454-f9ee761a9263,3 oz,GRAM,85.0
5b5d88c7-88b1-5fbf-ab79-849ef58ce11a,,,7fa846e1-98a1-50e8-aa23-a0145cf8d31f,100g phần,GRAM,100.0
9c323005-9a80-525d-a530-556478ea8bbe,,,7fa846e1-98a1-50e8-aa23-a0145cf8d31f,3 ball,GRAM,96.0
90bed491-1a85-567d-932a-5d4d08285d7d,,,2f53f2af-52dd-568c-933c-2d724bbc70b3,100g phần,GRAM,100.0
30810203-7a94-5288-9b01-a6d6d6e40edb,,,2f53f2af-52dd-568c-933c-2d724bbc70b3,3 oz,GRAM,85.0
bbad102a-3c39-5e7e-9602-9ee99e9893a0,,,8dec33aa-958e-5b8b-9ef5-edf6341989ee,100g phần,GRAM,100.0
7abb028c-b002-5ec6-81a8-6264206d4763,,,8dec33aa-958e-5b8b-9ef5-edf6341989ee,1 packet,GRAM,1.0
431da9af-2d2c-5425-89aa-30c8a986accd,,,35708fd4-4769-5a05-96d6-2624f171e912,100g phần,GRAM,100.0
29091771-5aa5-5a0e-bd7c-1ccca9fb22ef,,,35708fd4-4769-5a05-96d6-2624f171e912,8 fl oz,GRAM,240.0
664135aa-c373-5bb8-b73f-f96e45a83002,,,27d0876b-bd1a-5436-8dc7-47b04d6b3c14,100g phần,GRAM,100.0
8b2a39e8-a44c-5115-b3ee-876d0bfe8044,,,27d0876b-bd1a-5436-8dc7-47b04d6b3c14,4 oz,GRAM,113.4
d4383f0c-84c8-5870-a4c7-24a0e4c723d6,,,619fabfa-600a-5c1e-af92-7b5b0badab4b,100g phần,GRAM,100.0
e568232e-8b63-5c4c-93c6-2234d19b3eae,,,619fabfa-600a-5c1e-af92-7b5b0badab4b,1 piece,GRAM,70.0
4b70824f-df57-5cd8-8c02-4ec1e3aacf66,,,2fbc8a3a-1929-554c-bfad-93e96bef54f7,100g phần,GRAM,100.0
8571911c-e0b4-53b0-b51e-584d2052b323,,,2fbc8a3a-1929-554c-bfad-93e96bef54f7,0.25 cup,GRAM,50.0
478dc785-98d8-5f0e-afab-407e5a0f3e1b,,,18819fa0-99e0-5613-9dbf-964f7e7cb746,100g phần,GRAM,100.0
65a908ee-436f-574d-839c-55c3a59286e4,,,18819fa0-99e0-5613-9dbf-964f7e7cb746,4 oz,GRAM,113.0
27dc6881-0ed4-5498-bedc-e61e36e68f7d,,,fe713fee-5f95-5fc6-8f23-06d6ea5f8588,100g phần,GRAM,100.0
8dbda70e-9de4-5cd6-ab05-c0a0defce991,,,fe713fee-5f95-5fc6-8f23-06d6ea5f8588,1 cup,GRAM,140.0
1ab3ad60-cd54-5f1a-9cb3-eca176969c85,,,3c8e81ec-f608-599b-829f-20e1898e79d1,100g phần,GRAM,100.0
9f96a218-4eaa-55dd-9a2e-820df31de7c0,,,3c8e81ec-f608-599b-829f-20e1898e79d1,0.5 cup,GRAM,50.0
9a2e4613-349a-5b48-bf5b-ba1ab35e26c5,,,63fc92c3-0238-5021-b417-a46e35887c69,100g phần,GRAM,100.0
c3bba45d-911b-5d9a-ae32-3b74420cabf9,,,63fc92c3-0238-5021-b417-a46e35887c69,1 cup,GRAM,30.0
511fb8a4-2875-5268-bb8d-39971a76b520,,,199d73fd-e123-5106-a633-cf8d4a6f063c,100g phần,GRAM,100.0
77cd4b6f-6194-596d-993f-aab54ce16904,,,199d73fd-e123-5106-a633-cf8d4a6f063c,0.5 cup,GRAM,10.0
19ec9ff0-ce1c-5c30-ba53-453a4a7ae7e0,,,cef8caab-ab62-5bff-bb8a-1ba2dfeed476,100g phần,GRAM,100.0
c0568572-654c-5102-b6bb-12736b90865b,,,cef8caab-ab62-5bff-bb8a-1ba2dfeed476,0.5 cup,GRAM,50.0
348c4a91-9721-56a7-b4aa-1a25a4af0331,,,91a3f207-1d72-5f3c-b095-4cc29cc0055d,100g phần,GRAM,100.0
acbda7d7-1b0c-5bf3-8ab6-5444c1f2637c,,,91a3f207-1d72-5f3c-b095-4cc29cc0055d,3 oz,GRAM,85.0
87ffd549-15a9-5809-842c-e3d065dd141c,,,0273c3f6-ce0b-5d4b-acb0-d733a3b44f1e,100g phần,GRAM,100.0
f27f08ef-8fb9-5972-aff2-3f77cdf3cff6,,,0273c3f6-ce0b-5d4b-acb0-d733a3b44f1e,3 oz,GRAM,85.0
10888f12-ab06-5f59-a2d9-a9c5bb6bea3c,,,93cb3ac5-5a26-559a-96a0-a7b210022fcf,100g phần,GRAM,100.0
9533fe92-ff83-5656-8299-cc1b0c2c29bf,,,93cb3ac5-5a26-559a-96a0-a7b210022fcf,1 slice,GRAM,50.0
37753e50-e43b-5671-af38-4c94a02d9578,,,e1fdf1cb-0557-5c5b-83dd-86c894de27d0,100g phần,GRAM,100.0
9e1c5582-a54f-55ae-9254-b1942a44e844,,,e1fdf1cb-0557-5c5b-83dd-86c894de27d0,0.25 cup,GRAM,40.0
26c207d1-564b-519d-819f-82ce0e744284,,,980d10e2-755a-5941-b359-00da5d23fc44,100g phần,GRAM,100.0
c0b53a1d-21ef-527c-849c-a7c5421f12e6,,,980d10e2-755a-5941-b359-00da5d23fc44,8 fl oz,GRAM,240.0
45387dd8-084b-5f31-ac03-779392f6f017,,,404b0ffa-634b-510e-be06-038b7f361e85,100g phần,GRAM,100.0
aaf33672-7f99-593b-90c7-7c0b34165987,,,404b0ffa-634b-510e-be06-038b7f361e85,1 cup,GRAM,150.0
4e3875de-d94e-5636-8963-37ee5a92c04d,,,54ec8be0-d843-5b3c-ad77-648efb416458,100g phần,GRAM,100.0
13c78267-636f-5c97-b301-fd3865503497,,,54ec8be0-d843-5b3c-ad77-648efb416458,8.5 fl oz,GRAM,250.0
3db6be2c-d2bd-5369-b834-08b202d72926,,,0437e367-c58b-5d54-86e8-4c18ede4887f,100g phần,GRAM,100.0
14b1e0e2-c3a9-55b1-900f-ebeb5a519fb0,,,0437e367-c58b-5d54-86e8-4c18ede4887f,1 oz,GRAM,28.35
6aefd257-6857-5995-8275-ff399a53e903,,,dc986353-756b-58fe-9b9d-a249c847ed42,100g phần,GRAM,100.0
812c238e-674c-5646-b3b3-5a3f91f6076e,,,dc986353-756b-58fe-9b9d-a249c847ed42,0.5 oz,GRAM,15.0
67226e1b-cb13-50b2-9785-156051c79d7f,,,cdbcc057-4c00-573f-88bb-2a667d253c03,100g phần,GRAM,100.0
5be344a1-1f35-55f0-8c64-44ccab5d5458,,,cdbcc057-4c00-573f-88bb-2a667d253c03,1 piece,GRAM,20.0
fd96ab35-5db0-5f72-a563-1cbdbeca8c4f,,,d9b7315e-eb2e-531d-a02e-74568adbbe8d,100g phần,GRAM,100.0
9d7733a9-9a20-5f2f-a18f-1fccdbd8e8fc,,,d9b7315e-eb2e-531d-a02e-74568adbbe8d,4 oz,GRAM,113.0
2f7e3568-2e98-5a37-9daf-e10edd5c5c97,,,07b758f9-6ae2-5e6d-8801-11d43d20e68c,100g phần,GRAM,100.0
0d50d4f9-c001-5fbd-b1ce-bbf2dafe1fac,,,07b758f9-6ae2-5e6d-8801-11d43d20e68c,1 pouch,GRAM,99.0
09989b33-b1e2-5344-a6fc-6be3d4f877a2,,,ab211d8c-ba03-5af7-903d-b49bc87d87a4,100g phần,GRAM,100.0
6843c53e-8f4e-52aa-942d-a88f80da3d17,,,ab211d8c-ba03-5af7-903d-b49bc87d87a4,4 oz,GRAM,113.4
147ccf69-3a09-5320-ba03-a35183797dfa,,,1d514680-0bb0-54b1-92ec-07feb8eadd0d,100g phần,GRAM,100.0
8a68fbee-68b7-5aa7-82ae-5998ea7564e5,,,1d514680-0bb0-54b1-92ec-07feb8eadd0d,4 oz,GRAM,113.4
2198f980-d3c1-52f1-a004-7a2f082d7e16,,,09a139e6-184f-58fe-8945-461fc5128c01,100g phần,GRAM,100.0
980950e4-ec4d-5e6a-affd-bd01e858aa19,,,09a139e6-184f-58fe-8945-461fc5128c01,3 oz,GRAM,85.0
fe20dab5-6a74-586e-98f9-e5fdd7d393d0,,,80a7f5cd-15e0-55a1-98c0-02f7e46a2999,100g phần,GRAM,100.0
b8b49b23-5c55-5f61-955b-7efc72a7199b,,,80a7f5cd-15e0-55a1-98c0-02f7e46a2999,1 tbsp,GRAM,20.0
4cc1756c-790a-59c4-a725-30c968d9cfd6,,,5034c5b1-60c6-5391-a140-abb88d43480f,100g phần,GRAM,100.0
5de7a14a-7f01-5443-9844-2b5b892eba56,,,5034c5b1-60c6-5391-a140-abb88d43480f,1 piece,GRAM,140.0
a30201a2-6fd8-5ebc-8acf-2e76a651b6f9,,,cc567fa8-6871-5af5-884f-dd745aa9ac8c,100g phần,GRAM,100.0
3a71e679-9c22-5f74-af3c-188d075bf912,,,cc567fa8-6871-5af5-884f-dd745aa9ac8c,4 oz,GRAM,113.0
ab1ef7e3-cfc5-5191-a2a2-e82189914a5a,,,1bf38fe4-5ffe-5a34-94fc-b069d369f38a,100g phần,GRAM,100.0
77309f4f-6a6a-5b61-896c-ad7a7fbd7a2a,,,1bf38fe4-5ffe-5a34-94fc-b069d369f38a,1 fruit,GRAM,80.0
4c2b0cb2-34a7-5ef6-9743-cf542db773e0,,,0e7ca5e2-7c44-5d6c-b11b-9135d735cabf,100g phần,GRAM,100.0
23f3863a-071d-5da2-b994-96951b51b874,,,0e7ca5e2-7c44-5d6c-b11b-9135d735cabf,3 oz,GRAM,85.0
92f95bf8-8e19-5ba0-9e9f-8043f2209ea5,,,2bc23790-2bfb-5370-a486-0b9e7612fba9,100g phần,GRAM,100.0
88f94072-95e8-56e0-9058-c136763aceb1,,,2bc23790-2bfb-5370-a486-0b9e7612fba9,1 fruit,GRAM,150.0
4f8d370d-589c-5056-b90f-43038d3976d7,,,72d5abc2-61af-5054-96c3-99ad65d7e633,100g phần,GRAM,100.0
095e2b4c-cb20-56c6-828e-adabd2d90b1c,,,72d5abc2-61af-5054-96c3-99ad65d7e633,1 cup,GRAM,165.0
fc5cf16f-9071-5fb1-b5ca-4298ac70ac5d,,,8f0e29da-36f4-5d42-b130-64f455adfc22,100g phần,GRAM,100.0
aba246c9-17ba-5fd3-923a-5b828a669373,,,8f0e29da-36f4-5d42-b130-64f455adfc22,1 tbsp,GRAM,15.0
aaa2a90d-7571-5f2b-98e6-f7c3f1920f8b,,,d4635447-76de-580a-9b37-ec9462988ed8,100g phần,GRAM,100.0
608eacac-6457-5eb6-a112-a0a9cffd870f,,,d4635447-76de-580a-9b37-ec9462988ed8,8 fl oz,GRAM,240.0
45fb5072-b78d-51a2-b067-7e7f5aae7339,,,04c21118-fead-551c-a1ea-eb1d296f6493,100g phần,GRAM,100.0
0db18820-2ba5-5222-b317-0147cf029c70,,,04c21118-fead-551c-a1ea-eb1d296f6493,4 fl oz,GRAM,118.0
71634bdf-d8f8-5cd9-bf9b-6b8743a82385,,,4831e90a-d615-5c29-9835-bcb341f3dfc6,100g phần,GRAM,100.0
df300109-9df2-55ba-9df9-fdf19523e025,,,4831e90a-d615-5c29-9835-bcb341f3dfc6,3 oz,GRAM,85.0
5299c854-87b3-5b4e-86aa-07e63bf1342f,,,8489a915-8d75-54cc-bc75-1f0fbaa8167d,100g phần,GRAM,100.0
68be45df-a712-5bb4-9089-52f64d89c49e,,,8489a915-8d75-54cc-bc75-1f0fbaa8167d,1 tbsp,GRAM,15.0
84322397-e4d7-59ee-8bf2-f3004a326713,,,44da817f-5e37-59ca-b0b4-6313f29b15f4,100g phần,GRAM,100.0
a95f3614-eeb0-52d4-a46c-860fb2520ff7,,,44da817f-5e37-59ca-b0b4-6313f29b15f4,4 oz,GRAM,113.0
533d0d69-2edb-5157-93da-9c34b932b150,,,e1c5de19-6df3-5841-ba79-b7924a94418e,100g phần,GRAM,100.0
47391d94-1ae4-580b-afce-ea63a8cacbd8,,,e1c5de19-6df3-5841-ba79-b7924a94418e,8 fl oz,GRAM,240.0
43929f61-8bcd-566a-8a55-8d6b6bd742c7,,,7fcc8660-cf9b-5732-982e-8b9057b832f3,100g phần,GRAM,100.0
222b5914-66a7-5187-bf5f-3ccb90e0b7dd,,,7fcc8660-cf9b-5732-982e-8b9057b832f3,1 cup,GRAM,244.0
4ac1e9eb-7bd6-5a6a-a45c-6e6d537093d3,,,00396cef-6332-500d-b9f7-24c9a7d25cd3,100g phần,GRAM,100.0
5f89eda6-e7fb-59fd-a67c-d31ff6df4e52,,,00396cef-6332-500d-b9f7-24c9a7d25cd3,3 oz,GRAM,85.0
e6221aa8-3607-5f61-84eb-deb6c8c54937,,,0abcf09d-9e0c-586a-b48e-1f5bb3a6d03f,100g phần,GRAM,100.0
9949024e-e044-5992-8638-1251e1496b5c,,,0abcf09d-9e0c-586a-b48e-1f5bb3a6d03f,1 cup,GRAM,145.0
951bb816-4a9c-5842-a9d1-c9b3e4bc31d2,,,869d1438-410f-5984-9772-dbf0346650ca,100g phần,GRAM,100.0
c5cddaa9-4d5c-5ccf-a56b-969f01406369,,,869d1438-410f-5984-9772-dbf0346650ca,3 oz,GRAM,85.0
4beee757-ee97-5742-b730-b6edd28eb8f8,,,87f97020-61fd-5b0d-86d3-4a9b9fc39691,100g phần,GRAM,100.0
5c5febb5-3d65-59dd-8625-e5c6768c8576,,,87f97020-61fd-5b0d-86d3-4a9b9fc39691,3 oz,GRAM,85.0
ef085235-b6a8-59ea-a5b1-6234e5f6ffcb,,,6573178a-ae3f-5eef-a1ef-6cac5503d63f,100g phần,GRAM,100.0
4edd2e7d-0d2f-548a-9b66-0f6fe418c82c,,,6573178a-ae3f-5eef-a1ef-6cac5503d63f,8 fl oz,GRAM,240.0
b4c85a78-c873-5dbe-8c56-898e03ab3092,,,6e7f59f4-63db-52e0-be24-a1be53afd35b,100g phần,GRAM,100.0
5e6e9290-98bb-5563-8e4b-df080da6c404,,,6e7f59f4-63db-52e0-be24-a1be53afd35b,1 piece,GRAM,30.0
847bee4e-4a26-5214-81fe-b1532da99745,,,3cee609b-14ea-547f-ac52-082c6affed29,100g phần,GRAM,100.0
a70fa3ed-e29a-537c-aa6b-c6d0e64f4a7f,,,3cee609b-14ea-547f-ac52-082c6affed29,1 plum,GRAM,10.0
54ba6e15-388b-56ed-83cc-b9d9a4d58f73,,,cd7e0f36-3453-514f-85dc-9cdb3b0973ac,100g phần,GRAM,100.0
7c9c233f-1cb8-5564-8343-88e638e4e534,,,cd7e0f36-3453-514f-85dc-9cdb3b0973ac,4 tbsp,GRAM,60.0
11fe656d-f886-5cd3-a289-e363a817699f,,,628b1b20-49f3-536a-b7fc-5b636c33993a,100g phần,GRAM,100.0
fc055784-d30b-5c9c-8a02-e00f94d646e3,,,628b1b20-49f3-536a-b7fc-5b636c33993a,5 fl oz,GRAM,148.0
20203bba-1abe-527a-982d-56787255fb7f,,,f3c0ead0-29a5-5370-8955-c012f0e718d5,100g phần,GRAM,100.0
2d411bf8-4968-5f1a-8aa0-3803b83147df,,,f3c0ead0-29a5-5370-8955-c012f0e718d5,1.5 oz,GRAM,42.0
45e43ef9-409e-51c9-bb7c-f31e58db401b,,,8575b2c2-7219-5845-afcf-4349f6732d3d,100g phần,GRAM,100.0
b9d414d6-754b-587e-a92a-562027838622,,,8575b2c2-7219-5845-afcf-4349f6732d3d,1 slice,GRAM,57.0
ddecbc59-c76a-569b-9716-05cd9eed1f33,,,f944ee1e-275c-5f7b-9468-386e1a248900,100g phần,GRAM,100.0
32553765-a9d6-559e-8a94-2e58c0309331,,,f944ee1e-275c-5f7b-9468-386e1a248900,1 cup,GRAM,150.0
0460ab83-8746-5abe-a783-545415ddd32a,,,1ea50713-fe92-51ed-b2cb-bed91d42bc01,100g phần,GRAM,100.0
86d1fe6e-a0c9-53d6-8f7a-b6e4442c3edc,,,1ea50713-fe92-51ed-b2cb-bed91d42bc01,0.25 tsp,GRAM,1.0
42daf9ef-13c6-5ace-b646-b7bcdea815b1,,,9c4f9362-dcd4-500f-a9d4-62b66dc327a6,100g phần,GRAM,100.0
d746fc37-ee50-5453-ac3d-104d14435ba9,,,9c4f9362-dcd4-500f-a9d4-62b66dc327a6,5.3 oz,GRAM,150.0
baac8120-2bb3-5bde-bae9-1e4cd5fabd17,,,a6fbd40b-0a79-5a30-babd-cbf3d97e4152,100g phần,GRAM,100.0
6787698a-f85d-53c4-858f-870627db8d86,,,a6fbd40b-0a79-5a30-babd-cbf3d97e4152,5 fl oz,GRAM,148.0
c2a923c5-0c1c-57e1-8b19-15ab7820dff5,,,ae82a8de-dec0-5076-983d-7ebd9a7a9a1c,100g phần,GRAM,100.0
f3a893d8-43b9-58e3-983f-0d3e5bd4b483,,,ae82a8de-dec0-5076-983d-7ebd9a7a9a1c,4.4 oz,GRAM,125.0
fc2599c5-17d2-54ae-b9b0-cfedb53e41af,,,7369313d-4a7e-507e-ba1b-723dd1a3b646,100g phần,GRAM,100.0
a861e5d2-85ca-56f9-893f-abdcf7165403,,,7369313d-4a7e-507e-ba1b-723dd1a3b646,1 cup,GRAM,240.0
1e2c95f4-51ad-53c3-a99f-4939a425b2dd,,,04d44a13-628b-56a4-9642-e8e4ddaeab89,100g phần,GRAM,100.0
f4665695-1143-5391-a52c-3d3686fb072e,,,04d44a13-628b-56a4-9642-e8e4ddaeab89,2 oz,GRAM,56.7
c163b80a-d56c-52ac-b3fb-cb37d494fe09,,,b2d36751-338a-53c5-89bc-41ac27d25ce8,100g phần,GRAM,100.0
4b5c9901-8ca7-5c89-b143-c3b90bb08538,,,b2d36751-338a-53c5-89bc-41ac27d25ce8,1 package,GRAM,50.0
c73c2696-c8be-56ae-82f6-90eb1819b026,,,1be05218-8c48-52f9-821c-7261dacef0f2,100g phần,GRAM,100.0
fcab2def-1370-56d4-8ad8-f967286031f3,,,1be05218-8c48-52f9-821c-7261dacef0f2,0.25 tsp,GRAM,1.2
58d9f415-0081-55d6-be1e-c0865b9fb377,,,b06b3036-496b-5ef8-a2e9-b177ada41197,100g phần,GRAM,100.0
1e2e3bbc-c683-5375-91e0-1bd647774e57,,,b06b3036-496b-5ef8-a2e9-b177ada41197,1 tbsp,GRAM,15.0
5d477cbf-1b9b-5ac7-afa2-1514ed372467,,,8c66ae92-71af-5278-aacb-a8125ff58a59,100g phần,GRAM,100.0
21dc11f0-b9db-510f-9041-1ab90bd4c7c0,,,8c66ae92-71af-5278-aacb-a8125ff58a59,1 tbsp,GRAM,14.0
d9a915a0-eda6-5987-bedb-071e7c0a519e,,,1d4b2dc9-36d8-53ab-ad7a-878c22bac114,100g phần,GRAM,100.0
18597b76-34ef-593c-8ae5-7610c192b749,,,1d4b2dc9-36d8-53ab-ad7a-878c22bac114,4 fl oz,GRAM,120.0
53cbac0e-3674-59cb-8297-9b529663f89f,,,f35060f3-7ee7-5b54-baa1-ac1c2b297e03,100g phần,GRAM,100.0
bf537b23-d7bf-5824-bf1a-34476f3d3cf5,,,f35060f3-7ee7-5b54-baa1-ac1c2b297e03,1 tsp,GRAM,5.0
21987e12-8d13-55fe-947f-16e7356dab62,,,f6c7386a-51a9-5f49-8487-5bbfb05f9fa5,100g phần,GRAM,100.0
9abd4c17-3a4e-51a0-b243-570ba5d7f65c,,,f6c7386a-51a9-5f49-8487-5bbfb05f9fa5,2.7 oz,GRAM,75.0
aedc6d6c-987a-5f42-bb59-9aabfdf909a0,,,f604da4f-2ce3-5081-97a5-1bdec8c4b432,100g phần,GRAM,100.0
186d395a-b54a-54de-bf62-cbbefb0b50ca,,,f604da4f-2ce3-5081-97a5-1bdec8c4b432,4 oz,GRAM,113.0
e4dd8753-c7d9-5457-aca8-05634ba91439,,,474171d5-8880-5d23-9e1f-d23fed7741d7,100g phần,GRAM,100.0
fb41bf8b-d2a3-5866-bda7-fb1c16a9c14e,,,474171d5-8880-5d23-9e1f-d23fed7741d7,1 oz,GRAM,28.0
e0bf91c4-5018-51e6-b18d-d47ede4df24e,,,cf225b0a-718b-5e56-850d-f088ff70944c,100g phần,GRAM,100.0
003730cc-9194-587e-aabd-899e19d45c06,,,cf225b0a-718b-5e56-850d-f088ff70944c,1 matzo,GRAM,34.0
032d0694-1b64-517f-a3cc-7371a35d74e0,,,83f8f3cd-3fe4-50b3-8f6f-73112f48ea2f,100g phần,GRAM,100.0
ff43890d-774a-5f8f-951c-dede3dd7b6c1,,,83f8f3cd-3fe4-50b3-8f6f-73112f48ea2f,3 oz,GRAM,85.0
1bdc71fd-d524-53c6-b897-5e144287b8d3,,,5932463f-a780-5150-a0f9-116504fd8dcc,100g phần,GRAM,100.0
73ca02ed-6c53-5fc8-8209-a4a540974d2f,,,5932463f-a780-5150-a0f9-116504fd8dcc,3 oz,GRAM,85.0
45552f77-b1ef-59ac-9fe5-59657245d3f9,,,2b34ef94-baf8-5a06-8a29-00565db3a8ae,100g phần,GRAM,100.0
11f5a863-4444-56dd-bf8b-d65aabfd4cf7,,,2b34ef94-baf8-5a06-8a29-00565db3a8ae,1 tbsp,GRAM,5.0
6e86a38d-f11c-579f-94ad-0d7af94e3255,,,cdaf1ad5-9021-56d4-881c-94b7f60e30d3,100g phần,GRAM,100.0
81745550-64ac-5bf1-a103-b503a0d9d114,,,cdaf1ad5-9021-56d4-881c-94b7f60e30d3,0.5 cup,GRAM,90.0
23470510-ed88-53dc-8823-17aad1550f29,,,4f061622-f14e-5512-923b-36f48810a0c8,100g phần,GRAM,100.0
480a1e2f-ca76-5ea5-a265-9e12f294d1df,,,4f061622-f14e-5512-923b-36f48810a0c8,8 oz,GRAM,240.0
fc419e92-e1a2-5482-8c34-345d1bc327cd,,,8bd14937-72f7-5f3a-a766-f8638847889a,100g phần,GRAM,100.0
bce6cce3-e3ba-5516-8569-e3d0aa69b52a,,,8bd14937-72f7-5f3a-a766-f8638847889a,3 oz,GRAM,85.0
493ae560-84a6-5f0b-93cc-df0274f550a5,,,05b3f0d2-4f36-53a7-b070-ee912b01392e,100g phần,GRAM,100.0
7d34711a-fce8-58f6-bcd7-ca4641b1f59c,,,05b3f0d2-4f36-53a7-b070-ee912b01392e,1 cup,GRAM,50.0
7ab33d72-ad89-5740-bd99-e2aea00f1f17,,,5b061014-66ae-5d4a-aa25-2786df5eed02,100g phần,GRAM,100.0
536e4e6c-e6e4-57dc-8326-928e139abca2,,,5b061014-66ae-5d4a-aa25-2786df5eed02,0.25 tsp,GRAM,1.25
88772dc9-92f6-53c2-8a7b-1308e91b57e0,,,49a8c8ac-7037-5fc2-aff9-7c1789af1d95,100g phần,GRAM,100.0
2bb85d1b-b966-58ce-ae21-ec5c622208d9,,,49a8c8ac-7037-5fc2-aff9-7c1789af1d95,1 tbsp,GRAM,10.0
15f39f69-3fc6-508b-9160-8cdf4c564fe1,,,8bd8900f-4a56-5d5a-9703-5de54706e7a9,100g phần,GRAM,100.0
73c42400-4f03-5c51-96ca-9970903bb16d,,,8bd8900f-4a56-5d5a-9703-5de54706e7a9,3 oz,GRAM,85.0
28301905-c82d-5614-9d7e-9a9e64693425,,,636a3e7e-95dd-5288-8eeb-85d9e40289fb,100g phần,GRAM,100.0
00d6d0b8-c3d6-5af1-b7fc-3de15bf896b9,,,636a3e7e-95dd-5288-8eeb-85d9e40289fb,3 oz,GRAM,85.0
2297ad68-8110-5674-985e-7b2ac0239c26,,,22bb3606-3ab2-5369-804d-20f48de03c3c,100g phần,GRAM,100.0
4d27c139-c6b2-54df-8b53-b37348bb75b7,,,22bb3606-3ab2-5369-804d-20f48de03c3c,2 tbsp,GRAM,10.0
714face9-977b-5d83-acf1-d466413f0bec,,,2347e0f6-d197-5853-b391-f34991a77e5e,100g phần,GRAM,100.0
ae0d2352-672e-5ed9-8334-7c3496bf91f0,,,2347e0f6-d197-5853-b391-f34991a77e5e,3.25 oz,GRAM,92.0
f7055c05-842f-5463-8d20-fd958682e9ef,,,af6b6f04-d3c0-5dd3-96fd-3b10fc8161f7,100g phần,GRAM,100.0
b3b36787-3b67-5558-adce-823297139bdd,,,af6b6f04-d3c0-5dd3-96fd-3b10fc8161f7,1 cup,GRAM,243.0
6a5c6fa3-32ee-5db5-87d6-3ca2f00477a1,,,ef64d61b-8ff4-5951-a7ea-4fb7346ab2b9,100g phần,GRAM,100.0
c9cbe46c-dc98-51f9-bc32-dfaaf6caab89,,,ef64d61b-8ff4-5951-a7ea-4fb7346ab2b9,1.5 fl oz,GRAM,44.0
f878e98b-f540-5d90-8e5e-581e4d53906d,,,8e4b2180-52e9-5dcf-97c8-14c67ef6b1f9,100g phần,GRAM,100.0
e5738c17-cef1-557d-b79c-d89437b1892e,,,8e4b2180-52e9-5dcf-97c8-14c67ef6b1f9,0.25 tsp,GRAM,1.25
6df5c312-446a-5433-bfec-2e9228202c79,,,a2e9cc8b-839e-55f6-ba19-14d80869dd19,100g phần,GRAM,100.0
6b055545-7883-5fe2-83e0-a0d951448d6b,,,a2e9cc8b-839e-55f6-ba19-14d80869dd19,3 oz,GRAM,85.0
7c69ea41-7bf0-5a6b-a184-129d5a0433fc,,,2e8346f3-8b83-5d63-8710-09fbe3d1ca4a,100g phần,GRAM,100.0
321e3d9c-28ad-502e-b973-80ff66f9149c,,,2e8346f3-8b83-5d63-8710-09fbe3d1ca4a,0.25 cup,GRAM,60.0
a25e54d9-74b7-5aed-90df-422d4733dbed,,,9d01bb56-772a-58dd-9eba-aa4b8678798b,100g phần,GRAM,100.0
888b5f8c-567d-5741-b4b2-870127b078f0,,,9d01bb56-772a-58dd-9eba-aa4b8678798b,4 fl oz,GRAM,120.0
bd65b1e2-569c-5b3f-b449-b2a25e307154,,,ba886391-a779-547f-a513-73d149ea6e96,100g phần,GRAM,100.0
b90aec17-6044-55af-8f8b-8afacc6cc48d,,,ba886391-a779-547f-a513-73d149ea6e96,0.25 tsp,GRAM,1.25
9c8591a8-a852-5e30-be50-cbad8873f7a1,,,a5c08008-42c5-5b05-aa3b-aea7cc40ac92,100g phần,GRAM,100.0
126fff45-afa2-5be0-9941-88cb4cedf108,,,a5c08008-42c5-5b05-aa3b-aea7cc40ac92,8 fl oz,GRAM,240.0
4b134401-c4d6-5998-844f-6fd9efd07c4b,,,8f8f2683-a14a-535e-891a-6c1fb2431c7b,100g phần,GRAM,100.0
86b4c681-face-5d35-b467-2447a8ffcc5e,,,8f8f2683-a14a-535e-891a-6c1fb2431c7b,1 cup,GRAM,245.0
1bd0ff57-d2fa-5bd5-a9f2-2b02b73fc700,,,bd37ae77-81a2-5a93-a405-b047c64aee78,100g phần,GRAM,100.0
a98e1824-f174-5dcc-9b8e-4949c26dd4d3,,,bd37ae77-81a2-5a93-a405-b047c64aee78,1 tsp,GRAM,5.0
701cd317-dac7-5ff6-ae10-94f92dd3fdd0,,,a3ed76ce-f1b5-5f82-a4a7-791c126ab3f6,100g phần,GRAM,100.0
3992977d-4ab9-512f-af3c-c0fe8d1c1d8e,,,a3ed76ce-f1b5-5f82-a4a7-791c126ab3f6,1 cocktail,GRAM,67.0
cd962b52-e729-592d-a16f-548e48d831ba,,,3118ec9a-31c0-5ff9-98fb-7a7ef0aa85f2,100g phần,GRAM,100.0
b8697c08-0d91-570d-ae4c-60fa8a4fb358,,,3118ec9a-31c0-5ff9-98fb-7a7ef0aa85f2,1 tsp,GRAM,4.0
568eefb2-fcc6-5336-89ac-a577e02fd72f,,,5850e530-3c98-5c47-bbfd-15060f710995,100g phần,GRAM,100.0
1156c5ef-e4ee-51da-9c34-2c8d0b68a38d,,,5850e530-3c98-5c47-bbfd-15060f710995,3 oz,GRAM,85.0
90933b01-1b28-58bc-bba7-48294572d766,,,58195848-6d44-5802-ad5a-c9b739b9fd9e,100g phần,GRAM,100.0
03756e7f-a6b4-50bd-8237-e247e4d6e8ad,,,58195848-6d44-5802-ad5a-c9b739b9fd9e,6 fl oz,GRAM,180.0
edb53a30-eff0-56b6-90a0-265b300ecf30,,,15f63c83-f653-52e2-a507-b65a18338fee,100g phần,GRAM,100.0
5185dc2f-9e48-5eae-b007-36725f5365ca,,,15f63c83-f653-52e2-a507-b65a18338fee,1 oz,GRAM,28.35
6754d240-e260-5dca-ae7f-2d8e2f7a3a37,,,86ffb4e8-63eb-5019-86e1-0220d10c5ec1,100g phần,GRAM,100.0
48ebeb17-747a-5e10-a87c-f421f521b6a9,,,86ffb4e8-63eb-5019-86e1-0220d10c5ec1,4 fl oz,GRAM,120.0
c0d1d098-eb1d-5f44-b809-f3448197bf1f,,,08e667fc-728d-58be-ad61-bab45fe89db3,100g phần,GRAM,100.0
aa88cc0d-bff6-50b3-a67d-1e74c864b0aa,,,08e667fc-728d-58be-ad61-bab45fe89db3,1 drop,GRAM,0.3
ec7022ae-7262-5538-b410-3962be19952f,,,124211e5-4274-54e8-8f24-d88d0f166094,100g phần,GRAM,100.0
c7a51128-cbe4-50fa-adfe-7bb2caf3acf6,,,124211e5-4274-54e8-8f24-d88d0f166094,4 pieces,GRAM,80.0
e430b173-9fc5-52ba-8565-3d3e9c2b0fd2,,,56b71ba5-f222-5c3a-8a33-77c87f1472d0,100g phần,GRAM,100.0
28da946e-3554-5700-88ed-bd1d59b9ad78,,,56b71ba5-f222-5c3a-8a33-77c87f1472d0,3 oz,GRAM,85.0
b5000c46-153f-533e-bdc9-55b8ae5354a8,,,de761aed-0df1-58be-a6a1-d6248bb82544,100g phần,GRAM,100.0
319e7c3b-251c-54cd-911f-7ed9f9b61f19,,,de761aed-0df1-58be-a6a1-d6248bb82544,1 tsp,GRAM,2.0
97b662f7-973f-5769-bc99-9cd7666a3999,,,b3dbaa8f-8623-5d76-8cd4-35c9f3f5576b,100g phần,GRAM,100.0
9643858f-fb34-501d-9140-6bdafe87f224,,,b3dbaa8f-8623-5d76-8cd4-35c9f3f5576b,0.25 cup,GRAM,45.0
673f9fa5-318f-5b67-be82-0012ee859703,,,8e1faedc-0da8-5970-962d-a72032f51c61,100g phần,GRAM,100.0
07aef87a-53ca-5b73-9efb-b7ab2bfeeacc,,,8e1faedc-0da8-5970-962d-a72032f51c61,1 fruit,GRAM,50.0
12eb8f17-eb55-58d3-95ac-29cd1b40acb4,,,5b16f54f-93fe-5763-a5dd-3c45776f8cd8,100g phần,GRAM,100.0
b70f7463-9360-576c-a3fe-5e74b27046a4,,,5b16f54f-93fe-5763-a5dd-3c45776f8cd8,1 tsp,GRAM,5.0
632fe246-2fc9-5515-ba17-88c84b01756f,,,b0370006-e9f1-58ab-9aaf-d7d1d2c3c453,100g phần,GRAM,100.0
b29230ac-3741-5027-b0ad-948f5b9f61fd,,,b0370006-e9f1-58ab-9aaf-d7d1d2c3c453,1 oz,GRAM,28.0
b80d85a4-2630-564f-b924-7c7099ce5860,,,474e259d-1bd3-5cdf-9fc2-f243158cde4b,100g phần,GRAM,100.0
b7752829-dd16-52b0-9ad6-906deec84eb1,,,474e259d-1bd3-5cdf-9fc2-f243158cde4b,1 fruit,GRAM,50.0
74f3225b-4890-57f3-8683-65748bdd9d06,,,fa180c5d-6c69-52c3-94b5-33d79cc5b90b,100g phần,GRAM,100.0
77ee3628-51fb-5835-905e-0deba1a2ec11,,,fa180c5d-6c69-52c3-94b5-33d79cc5b90b,1 oz,GRAM,28.35
ff90f401-9e06-508e-a839-dd3ff712b7b3,,,c0d0d835-a4ad-517b-84c0-ef1b9f539271,100g phần,GRAM,100.0
2debd234-f439-5b58-839f-a965a753dcf0,,,c0d0d835-a4ad-517b-84c0-ef1b9f539271,1 oz,GRAM,28.0
7d890a32-eeef-51a6-9ecc-162d439214da,,,3747cddf-24be-5899-bfb6-7022194604a7,100g phần,GRAM,100.0
02a3f688-2a19-59e1-a770-867af697def5,,,3747cddf-24be-5899-bfb6-7022194604a7,1 ear,GRAM,90.0
a96d9fd9-88cb-5e7c-8eac-0fae6b00460b,,,858aa146-384b-571f-8bed-5621b18c9f2a,100g phần,GRAM,100.0
f76c3b0b-1d95-5141-b695-37f82027ae65,,,858aa146-384b-571f-8bed-5621b18c9f2a,0.125 tsp,GRAM,0.2
3da94e5d-2d50-51e5-b57c-60f7282f7ef7,,,2512abc9-8fd0-5ff6-b8d8-ff674e340a70,100g phần,GRAM,100.0
919bd644-97e1-53fd-8fe9-df75037153b1,,,2512abc9-8fd0-5ff6-b8d8-ff674e340a70,0.25 tsp,GRAM,1.25
5f0e9a8d-e390-5332-b612-e3ed5bc1ea23,,,f87f86b7-fa38-5d76-b861-4805a83e6ed8,100g phần,GRAM,100.0
e9edfab4-3306-5187-a656-46772302d6ee,,,f87f86b7-fa38-5d76-b861-4805a83e6ed8,0.5 cup,GRAM,56.0
e0258007-9926-5aa5-bcc0-f5aab29b8d0b,,,e84a89fb-7be3-5ed1-9deb-181eba3bc32e,100g phần,GRAM,100.0
1e2f1c79-dec1-54cc-8cba-6bbf2fbee4bf,,,e84a89fb-7be3-5ed1-9deb-181eba3bc32e,1 tsp,GRAM,5.0
2fe4843d-441b-57bf-a533-c9080c51cb35,,,e051fa0b-45d5-5ca4-8626-c61eda4dd143,100g phần,GRAM,100.0
b197b0e4-a035-5300-8282-d135707b6903,,,e051fa0b-45d5-5ca4-8626-c61eda4dd143,8 fl oz,GRAM,240.0
a89f650b-ab81-558a-a0a3-b54f58705df5,,,2fc6385d-9f69-5bc3-b881-ad427e668c48,100g phần,GRAM,100.0
8c787506-b6b0-50aa-aecd-8d4767571711,,,2fc6385d-9f69-5bc3-b881-ad427e668c48,1 matzo,GRAM,30.0
ad8f5e95-7770-5485-8a3b-05d11c1287ac,,,772eff94-7360-546f-aee8-8d5ef75bf85b,100g phần,GRAM,100.0
19ca2f2d-0b52-528f-8b3d-fd567f80f40b,,,772eff94-7360-546f-aee8-8d5ef75bf85b,3 oz,GRAM,85.0
99e369eb-a9e2-581f-88d7-bbab47eb6f54,,,74031f13-b3d3-5c89-8c09-d7605092e7c5,100g phần,GRAM,100.0
8fe22659-66ba-5774-9125-48d940246ad7,,,74031f13-b3d3-5c89-8c09-d7605092e7c5,8 fl oz,GRAM,240.0
814421bc-8c70-51df-af85-a6b2a2db2f22,,,39aa1355-cfd1-54f7-9045-407458447d21,100g phần,GRAM,100.0
6dfe98db-4501-51e4-afad-efed9c72c9a9,,,39aa1355-cfd1-54f7-9045-407458447d21,12 fl oz,GRAM,355.0
389fd086-02fb-5e98-8dcd-02d3a51e21f0,,,97654808-bcf9-5e4a-aa59-039c5372c253,100g phần,GRAM,100.0
af79fa23-58c9-5288-b038-ff2dd165deea,,,97654808-bcf9-5e4a-aa59-039c5372c253,0.5 cup,GRAM,50.0
25095a87-1994-5590-90ef-85b0ecd457a3,,,4f2a205d-01e9-5c9a-b744-bb057fb5f08d,100g phần,GRAM,100.0
852b5041-13c3-56b7-9b13-4eb8d64be4e7,,,4f2a205d-01e9-5c9a-b744-bb057fb5f08d,1 donut,GRAM,35.0
fb080d0b-6bf4-5065-990d-80a511c1463e,,,910a3e27-c41d-5904-80b8-007efd9d7977,100g phần,GRAM,100.0
8d59d502-3b3c-5484-bae1-75f0f1e94c94,,,910a3e27-c41d-5904-80b8-007efd9d7977,1 tbsp,GRAM,15.0
d6d03d4c-b2f3-5cd6-ac51-af1d389285d3,,,10c4f4b9-76fc-523e-b3b7-7557bc77b689,100g phần,GRAM,100.0
1b578fe9-2bed-5ceb-aca8-ebacc2dd5890,,,10c4f4b9-76fc-523e-b3b7-7557bc77b689,3 oz,GRAM,85.0
6c09f553-dac3-5294-9504-ae96718960a7,,,458b74eb-ed9b-51d3-9a1a-0acaa5adaf5b,100g phần,GRAM,100.0
07cbad65-a4ae-5ae8-99d1-53414b5908f9,,,458b74eb-ed9b-51d3-9a1a-0acaa5adaf5b,1 fruit,GRAM,40.0
7e46ceab-ba96-52c8-b99e-495a97423900,,,1db4e3e9-47dd-5eb9-aa4d-97ef41c1632f,100g phần,GRAM,100.0
735141a8-7fe7-56e7-a5b6-5e3f9d9db1cb,,,1db4e3e9-47dd-5eb9-aa4d-97ef41c1632f,3 oz,GRAM,85.0
9f4b4352-2170-5ec5-b331-250e7b3e07fe,,,b426fade-cfe4-5f00-8884-6e7a2815b080,100g phần,GRAM,100.0
6ab7de8c-eafe-5f40-9181-630086c86281,,,b426fade-cfe4-5f00-8884-6e7a2815b080,3 oz,GRAM,85.0
21b11b8e-4111-547f-88f9-bdb09cf2b4f7,,,b275095c-1638-5c62-844f-2ec1b71da604,100g phần,GRAM,100.0
b0c7a621-408d-5875-9519-68f81384f65d,,,b275095c-1638-5c62-844f-2ec1b71da604,3 oz,GRAM,85.0
164ce60c-584f-59e8-8d71-ab7464d2807e,,,04a82711-c659-5863-866c-b4035af9581b,100g phần,GRAM,100.0
155cb501-4464-5e55-93a6-ff3b63eedc99,,,04a82711-c659-5863-866c-b4035af9581b,1.4 oz,GRAM,40.0
b3d0bfe5-bcc8-5ff0-a836-d4f5facee344,,,2e5942de-da20-56a3-93e3-18ecff694136,100g phần,GRAM,100.0
d9de118e-115b-58be-bf96-42c41bf17a98,,,2e5942de-da20-56a3-93e3-18ecff694136,0.125 tsp,GRAM,0.5
2c093198-f288-5329-9222-c80aa940984e,,,87cec171-338f-5e69-a165-be88b85b810b,100g phần,GRAM,100.0
c29cf8e7-6532-56d5-8330-096b055aa8e6,,,87cec171-338f-5e69-a165-be88b85b810b,0.5 cup,GRAM,85.0
4cee48fd-30b8-5ff0-a4ff-b5a723dde064,,,1af3e0a2-e9b5-5c5b-8c9d-5f548924a0ae,100g phần,GRAM,100.0
5058a75e-da50-5caf-8126-01c1cb78567b,,,1af3e0a2-e9b5-5c5b-8c9d-5f548924a0ae,3 oz,GRAM,85.0
d10b0ddd-9bb4-5c7f-8e2c-eda5f4161a92,,,62bd4de9-b923-5ddf-ac32-18d1fe346877,100g phần,GRAM,100.0
c0d330c9-6a69-5121-95c8-ea7efbe0ca3b,,,62bd4de9-b923-5ddf-ac32-18d1fe346877,3 oz,GRAM,85.0
ff76b156-c4ea-513d-aef2-de0944a82540,,,2786ca42-725c-5c6b-87ce-43dc2096643e,100g phần,GRAM,100.0
4424d343-7624-5f89-91ed-51cc69337b65,,,2786ca42-725c-5c6b-87ce-43dc2096643e,1 fruit,GRAM,40.0
e34ce813-3fd8-5424-a642-95b3981f0ad7,,,e5642312-ea43-5238-9ed3-af42412bc07b,100g phần,GRAM,100.0
00b060b6-d159-5906-a543-4ae1875ecf2a,,,e5642312-ea43-5238-9ed3-af42412bc07b,1 tsp,GRAM,5.0
75d180b7-dd5a-5b7f-b92a-73775fea95ec,,,5f5299fa-a6ee-5a8d-b4bd-512b92555010,100g phần,GRAM,100.0
88209bed-dd7e-5464-91c6-4728d226d2a0,,,5f5299fa-a6ee-5a8d-b4bd-512b92555010,1 scoop,GRAM,9.0
1ec55a26-451d-517e-8187-22745a9f7c83,,,ce85b46a-dc8c-5ae4-8673-f6e7cb53a76b,100g phần,GRAM,100.0
41a60392-e336-5c4f-8611-853a75721ac1,,,ce85b46a-dc8c-5ae4-8673-f6e7cb53a76b,1 fruit,GRAM,30.0
6259e5c8-8999-547b-898f-19c792d561d3,,,a14eb3de-57f0-58f0-8e33-3afe5878a53b,100g phần,GRAM,100.0
44b2af7d-d9b8-59ab-8f50-0539db7bb9d7,,,a14eb3de-57f0-58f0-8e33-3afe5878a53b,3 oz,GRAM,85.0
d46399b7-73d5-5671-b257-eecb88142d98,,,5bb08f69-97a4-5b90-99d4-f00abe585f28,100g phần,GRAM,100.0
2b2e82a4-9e68-5a6a-8f5a-e1fac8634485,,,5bb08f69-97a4-5b90-99d4-f00abe585f28,1 oz,GRAM,28.0
fc44e9ab-b029-56f2-8e61-a79b0489451d,,,48eba30b-4459-5ae6-9d48-56c99e03b779,100g phần,GRAM,100.0
0ceeb229-f96d-5d6c-b802-922d73e5572e,,,48eba30b-4459-5ae6-9d48-56c99e03b779,1 fruit,GRAM,40.0
f2a5e81c-1132-532e-bddf-51ae1beed171,,,1493b26c-5c0f-5695-93f6-8cb832f3bd21,100g phần,GRAM,100.0
dd6d4b9c-7faf-5a61-87f7-737777e09d3b,,,1493b26c-5c0f-5695-93f6-8cb832f3bd21,3 oz,GRAM,85.0
133e2cf8-c04d-55c0-bb18-9e9e82fbbc0d,,,819f599b-f098-5f28-86f0-84e1fb47bf62,100g phần,GRAM,100.0
6cfe49fe-e1cb-5ec0-b323-d9bd3c0894f0,,,819f599b-f098-5f28-86f0-84e1fb47bf62,4 fl oz,GRAM,118.0
888c2080-181d-5421-a1c8-0af83c8434d0,,,9c802d29-a4de-561e-81f5-3bee58cd7177,100g phần,GRAM,100.0
61d24d92-d9af-5b27-97ce-6c69ebc8a149,,,9c802d29-a4de-561e-81f5-3bee58cd7177,5.3 oz,GRAM,150.0
4ee3ab2d-c596-5895-a1e1-ad68f0bfa727,,,9fbeb6da-aa27-5794-a704-bbd0306632b5,100g phần,GRAM,100.0
e0d35dd0-3a1c-519c-b1f0-98c8d7480cd0,,,9fbeb6da-aa27-5794-a704-bbd0306632b5,1 cup,GRAM,150.0
41ae3d90-2380-5c91-9f9e-46b2ce94aef8,,,32bf03da-da5e-50ee-9756-83dd54046dff,100g phần,GRAM,100.0
ca7373aa-52e7-5b6a-97f7-1392b0e8cf05,,,32bf03da-da5e-50ee-9756-83dd54046dff,3.5 oz,GRAM,100.0
d53aea09-4f9a-5031-bbcd-18795cbc574c,,,582a031c-50ca-50ca-9a7d-626df6277419,100g phần,GRAM,100.0
6db7f4c3-cf4a-5558-bdd2-4038085d8435,,,582a031c-50ca-50ca-9a7d-626df6277419,1 medium tuber,GRAM,100.0
85993874-8eca-51c3-aa58-e675c0ef025a,,,e251dc74-b3bc-5f80-ae4c-33e0fe8c3a11,100g phần,GRAM,100.0
9e21f8d8-0a3c-5c54-827c-68c0fd85da9b,,,e251dc74-b3bc-5f80-ae4c-33e0fe8c3a11,2 oz,GRAM,56.0
4c315b4f-93cb-53a0-9b00-8902714d9492,,,e5ba3779-fc97-5adf-acbe-f65508c07847,100g phần,GRAM,100.0
0e8c8d3c-c708-5113-b7c1-74897f7c67b6,,,e5ba3779-fc97-5adf-acbe-f65508c07847,3 oz,GRAM,85.0
515b193a-6b12-5ee2-b8b0-54687ad0958f,,,173697b6-2692-5049-b7f3-2c53c4216b2f,100g phần,GRAM,100.0
674b4dbd-b7df-56ff-bb90-8a8e9bc17903,,,173697b6-2692-5049-b7f3-2c53c4216b2f,4 berries,GRAM,100.0
defcf178-1170-5169-95ca-97c28d0ec212,,,bf32c0dd-b380-5cd5-805d-ab4878cb8b3f,100g phần,GRAM,100.0
5dc547a3-ed2b-572e-a771-80f06bb0a416,,,bf32c0dd-b380-5cd5-805d-ab4878cb8b3f,1 berry,GRAM,12.0
a502e9a0-f392-5836-acbe-df7379b357d1,,,c886316c-4ab8-5df5-8d00-ff3185fc5727,100g phần,GRAM,100.0
c0b2980d-e28f-53aa-8efe-5f6514ec580a,,,c886316c-4ab8-5df5-8d00-ff3185fc5727,3 oz,GRAM,85.0
3842c87c-eb56-598a-8b77-f46ec031f873,,,63b86442-e0c5-5e67-8569-70ef4b65320d,100g phần,GRAM,100.0
9a9ed3ff-f88a-52fd-8b42-7bcf2117e654,,,63b86442-e0c5-5e67-8569-70ef4b65320d,3 oz,GRAM,85.0
021928af-fe8b-55c0-b036-b0434d04ee21,,,1880b24d-b854-5918-9cfc-e432206c5ee9,100g phần,GRAM,100.0
9fa84416-5c55-5a29-94dd-ac3b41a6534c,,,1880b24d-b854-5918-9cfc-e432206c5ee9,3 oz,GRAM,85.0
e7ecb5f3-d8e9-53cd-bcff-b3a849930766,,,f6f8a6d7-fe0b-5265-be20-7b84ef4253a5,100g phần,GRAM,100.0
98dfdacf-0f2f-56c6-88a8-65eb0d1f8c24,,,f6f8a6d7-fe0b-5265-be20-7b84ef4253a5,6 pieces,GRAM,75.0
e865f025-ab63-50f6-8fbc-fa4cbd2ba7f0,,,9f981d07-9087-5dc5-b53b-e24679bdfaba,100g phần,GRAM,100.0
398e943f-c619-575d-bdb1-b28621f3b2d9,,,9f981d07-9087-5dc5-b53b-e24679bdfaba,3.5 oz,GRAM,100.0
83e44a7f-4fed-5db3-84e0-91ee9d1c8ea5,,,6ccaa938-54e0-553a-a862-cfbe4cd984c3,100g phần,GRAM,100.0
d05be515-ffc6-5301-9bed-e97e192e7179,,,6ccaa938-54e0-553a-a862-cfbe4cd984c3,0.25 cup,GRAM,30.0
e9ac05b7-82c5-5d80-9adc-c7453e7b4300,,,dc14e3da-8503-5ea6-9649-df7cf7a387c0,100g phần,GRAM,100.0
a2122f62-e4ac-523f-a7fe-cfab50ca82c0,,,dc14e3da-8503-5ea6-9649-df7cf7a387c0,1 tamale,GRAM,142.0
d0817ed5-05c2-5962-a889-a1652ddea411,,,de79517e-09d0-59a2-8d64-494d5c83a666,100g phần,GRAM,100.0
7b92ecf3-4d68-5021-a8a2-310a8e18c104,,,de79517e-09d0-59a2-8d64-494d5c83a666,0.5 cup,GRAM,120.0
3244792e-0a47-551d-a97e-bdd41d53849a,,,7abe9b1c-905f-5508-ab3c-b069937db794,100g phần,GRAM,100.0
19c635f9-13bc-54ad-a87a-4178a2692c79,,,7abe9b1c-905f-5508-ab3c-b069937db794,1 bowl,GRAM,600.0
117223e2-b701-530b-a887-c93c182ef090,,,34eb1829-e023-594b-a4bb-5808490609eb,100g phần,GRAM,100.0
094f5760-3f93-5891-81af-474a05932f4a,,,34eb1829-e023-594b-a4bb-5808490609eb,1 sandwich,GRAM,250.0
b84ca623-c97b-521b-8431-a1f7e106a208,,,6691869b-36e3-5fbf-a4bb-4f1a97093a95,100g phần,GRAM,100.0
5864290d-48e1-5c0d-a72f-99f30a2032e5,,,6691869b-36e3-5fbf-a4bb-4f1a97093a95,1 cup,GRAM,237.0
8c6252db-30a5-5996-9ae9-4d004f64713b,,,fb531fee-3ac4-5dec-a916-d5f160572b3c,100g phần,GRAM,100.0
d0d15d59-4bc0-5016-a7a9-7562c04d1369,,,fb531fee-3ac4-5dec-a916-d5f160572b3c,2 skewer,GRAM,300.0
a86100a6-d7c3-55c2-aef2-2e1fb539d34d,,,ffbdf5c4-d3b8-5e74-a6f8-94e263eec29f,100g phần,GRAM,100.0
0d81d017-20de-5c1b-ab8e-7ce1e6bab41f,,,ffbdf5c4-d3b8-5e74-a6f8-94e263eec29f,1 plate,GRAM,300.0
b0be379a-9f5f-5108-8550-613940020cbd,,,41690ff7-efa2-5534-bebe-bc2e0403ff03,100g phần,GRAM,100.0
21841d46-b8c9-5a3e-846d-92ace0b68679,,,41690ff7-efa2-5534-bebe-bc2e0403ff03,1 plate,GRAM,250.0
0747f1e5-9468-5511-b33b-9fcb2c1ed007,,,90bc8b87-0197-59aa-a009-7d6c89ec3ede,100g phần,GRAM,100.0
4a910498-beb0-5577-b1fc-8de7d0b7e4a5,,,90bc8b87-0197-59aa-a009-7d6c89ec3ede,1 plate,GRAM,150.0
8d07d757-6b2a-5ecd-a060-eb87efd399be,,,83c7bd64-e090-538c-85e2-1c70056e7543,100g phần,GRAM,100.0
9947de16-2821-51c1-b44c-ce23871aa8fa,,,83c7bd64-e090-538c-85e2-1c70056e7543,1 plate,GRAM,400.0
c62fad03-affb-55c5-a455-4f6ed2324cf2,,,a8edafc4-64b3-52ea-af64-a64fd35d1d34,100g phần,GRAM,100.0
c1f99722-8922-52cf-be7c-3d6ab70464a9,,,a8edafc4-64b3-52ea-af64-a64fd35d1d34,2 piece,GRAM,34.0
7809b2e9-366a-5288-b300-7b8cee7e651b,,,78cf0fdf-8543-5298-a7b5-ac2d5214657b,100g phần,GRAM,100.0
388b3bcf-7a60-5a3a-b2b5-aa7739e98bf7,,,78cf0fdf-8543-5298-a7b5-ac2d5214657b,1 ball,GRAM,63.0
cbacfac0-ca1d-5c19-bb56-c5dabddc75e9,,,4351355b-8739-5565-b06e-c01277f1737b,100g phần,GRAM,100.0
6b4d820e-3f26-5172-aeb5-5c0162ed96df,,,4351355b-8739-5565-b06e-c01277f1737b,1 cup,GRAM,238.0
8b28cc0d-ac12-51e4-a668-cb3eb25b32bb,,,874483a1-75e9-50ba-a867-1e2e54f8d614,100g phần,GRAM,100.0
4e4c0bb7-55ee-597e-b4f6-d06f4480ffb1,,,874483a1-75e9-50ba-a867-1e2e54f8d614,1 plate,GRAM,400.0
6e3bd200-e194-595a-bf14-021a897c14de,,,d86ddd9f-049b-5b15-a5bf-6f471be08135,100g phần,GRAM,100.0
7b473b7d-6970-5c67-b4af-661709a92c91,,,d86ddd9f-049b-5b15-a5bf-6f471be08135,7 dumpling,GRAM,225.0
a565ee9c-6d54-5439-90f8-3ac8ec7d6e7e,,,f5663a44-c0b0-5cfe-8e46-4e2cfc1bf8ad,100g phần,GRAM,100.0
5ef68ec6-52fb-5923-9479-85f1069d743e,,,f5663a44-c0b0-5cfe-8e46-4e2cfc1bf8ad,2 tbsp,GRAM,28.0
6e689c4c-5e46-57da-8750-6e99af0f9c50,,,19e51774-2f85-5eac-830c-215b4959ec3b,100g phần,GRAM,100.0
193a6aff-ea51-58e7-bd8b-1f6268d1e77e,,,19e51774-2f85-5eac-830c-215b4959ec3b,1 plate,GRAM,375.0
c70499fe-0701-5ae8-87cc-bb1e7bc756da,,,f4c56bce-040a-542b-aa9e-df7b42b436b2,100g phần,GRAM,100.0
90e7a2d6-04c7-5090-8165-2bf3467ff1f1,,,f4c56bce-040a-542b-aa9e-df7b42b436b2,1 plate,GRAM,500.0
c7c9f135-4a74-5f88-9822-ee7849974b57,,,5dc5bf4a-1abd-5d10-bb73-a329bddc3a60,100g phần,GRAM,100.0
7a601016-d182-5871-bcc2-bfcec37cc28e,,,5dc5bf4a-1abd-5d10-bb73-a329bddc3a60,1 plate,GRAM,350.0
604cc985-fd61-577e-8f3f-254d2805f1d5,,,2d36207a-2b2d-5caf-8ba3-96716be14812,100g phần,GRAM,100.0
ad4148d4-6c99-5141-853b-769c753314d1,,,2d36207a-2b2d-5caf-8ba3-96716be14812,1 cup,GRAM,236.0
303ebc78-6e45-5ad9-b311-8a7c3ead145d,,,b60e2930-a725-5741-ad6e-440182bc20cb,100g phần,GRAM,100.0
da8da63e-74da-5b82-aabf-463d1f80a07d,,,b60e2930-a725-5741-ad6e-440182bc20cb,3.5 oz,GRAM,100.0
2a552e88-d5b6-5a6f-b1c1-903957a7dd67,,,dc9add5f-b662-586b-9b4c-a3fd2e595f7b,100g phần,GRAM,100.0
5e6a8ba8-1549-53ee-9356-182c0ac6f0e7,,,dc9add5f-b662-586b-9b4c-a3fd2e595f7b,1 pancake,GRAM,100.0
ead3ded0-4ba5-5fdf-a300-13653eb509dc,,,2468bbe5-163a-5908-8680-79aed545a41e,100g phần,GRAM,100.0
4e3fd78d-c9b8-50a1-b4e7-8365ba5c8158,,,2468bbe5-163a-5908-8680-79aed545a41e,1 cup,GRAM,100.0
9870618b-396a-5e06-beef-4599e65599aa,,,827929bf-422c-505a-aa7e-70da0c50f910,100g phần,GRAM,100.0
3658d448-4d86-5d49-9408-3fc945ae7ecd,,,827929bf-422c-505a-aa7e-70da0c50f910,2 macaron,GRAM,24.0
780278af-7731-5b7c-835e-2f660669b107,,,f49cd838-5280-5b3a-81c9-983f47b65a55,100g phần,GRAM,100.0
de787bf2-069b-5113-82d0-b230cf38ab52,,,f49cd838-5280-5b3a-81c9-983f47b65a55,1 piece,GRAM,18.0
ccfc9dab-3501-5f4e-a4a6-24bc20a65236,,,f5779d93-4663-5c5b-857c-b47c2bdbf30f,100g phần,GRAM,100.0
9e6b443e-104f-5d1a-841c-b74ff67d577c,,,f5779d93-4663-5c5b-857c-b47c2bdbf30f,1 piece,GRAM,50.0
36b75fde-9fa8-5849-b53d-a567555dac7e,,,64390e56-e2d4-5b7e-b7c0-b38f616e90fe,100g phần,GRAM,100.0
0ee1240b-bf98-5bee-b525-f6cae73ae5be,,,64390e56-e2d4-5b7e-b7c0-b38f616e90fe,1 cup,GRAM,240.0
c81daf43-580c-5449-aba4-64c5fee36d8d,,,88a31193-4efe-53dc-85c6-c5344ce53fb8,100g phần,GRAM,100.0
8a633209-8901-542e-9b7d-393b711f98d5,,,88a31193-4efe-53dc-85c6-c5344ce53fb8,1 bowl,GRAM,250.0
19bdd9c5-ac69-5200-8c59-6bb5b71b2aba,,,79d37e05-588b-5553-9f8c-35b4add32554,100g phần,GRAM,100.0
48e7e85d-783e-581b-9c34-5b22d3f74e1d,,,79d37e05-588b-5553-9f8c-35b4add32554,1 cup,GRAM,238.0
a5650f76-3c9c-5e83-88d2-0a1b35757392,,,dd83b942-cdff-5b0f-bc0f-3fdf7bf7216f,100g phần,GRAM,100.0
af98ce86-117a-5a3d-98df-3653e2dd6a25,,,dd83b942-cdff-5b0f-bc0f-3fdf7bf7216f,1 plate,GRAM,600.0
b72ed22f-62ec-5b7a-aa3e-8f57c63a81fe,,,a63a5159-7ffc-5eef-9348-3544ab39cf4f,100g phần,GRAM,100.0
f3e85b0c-65ec-501a-905c-ef4c69bb91cf,,,a63a5159-7ffc-5eef-9348-3544ab39cf4f,2 piece,GRAM,200.0
c2e886b9-63bb-5146-9f9a-9dad5313f732,,,e49d70a1-b378-5bfb-9d2d-b029baa0f576,100g phần,GRAM,100.0
83b9e442-2f8c-5973-a00c-02b52280dbae,,,e49d70a1-b378-5bfb-9d2d-b029baa0f576,1 oz,GRAM,28.0
efa0cae7-0b02-5e16-a912-65d86661b5e0,,,9f9f620e-9a46-5899-882f-9025fe1ff4e2,100g phần,GRAM,100.0
c20328e7-5d6c-5592-b66f-68b90f06d5b1,,,9f9f620e-9a46-5899-882f-9025fe1ff4e2,1.75 oz,GRAM,49.5
6f6be512-eb73-5b9e-95df-a56f34f643f9,,,0662f3fd-3042-58f8-8ec5-16896e2b063a,100g phần,GRAM,100.0
3a4b6de7-49c0-57b7-9eba-3ce3697913b3,,,0662f3fd-3042-58f8-8ec5-16896e2b063a,5 fl oz,GRAM,150.0
687abf5d-bad9-515d-bb1b-95026679450f,,,7db948e6-20b8-5b21-bf12-9b0d054f4b2a,100g phần,GRAM,100.0
541f356b-a4c9-5f12-a745-bf83e22cba30,,,7db948e6-20b8-5b21-bf12-9b0d054f4b2a,1 empanada,GRAM,150.0
8b671882-f676-5e95-be28-13d813de1940,,,c6e99bfa-d4d2-551e-92be-51bcfe810e9c,100g phần,GRAM,100.0
9aedf7ea-becd-5e06-b70e-13b51768b8ec,,,c6e99bfa-d4d2-551e-92be-51bcfe810e9c,5.3 oz,GRAM,150.0
def21d81-a7cd-5d3b-beb3-ba2f900f8e94,,,c084329b-dbc8-51ff-a3b4-845cf5c420ce,100g phần,GRAM,100.0
47a54a29-6805-5043-b3b2-6d51fc312103,,,c084329b-dbc8-51ff-a3b4-845cf5c420ce,0.5 cup,GRAM,85.0
3e9ede4a-bba7-5847-8dbe-7f6f92c863ec,,,a8ac81f7-ddb5-54d4-9ca1-1b1007e08fcf,100g phần,GRAM,100.0
6846a4f4-5911-5ade-962a-658e7257cb73,,,a8ac81f7-ddb5-54d4-9ca1-1b1007e08fcf,1 oz,GRAM,28.0
415a61b1-3a37-5176-ae02-c9e5afe865b1,,,3a2e8fb4-3a15-5e16-9f1e-2c8b5babce79,100g phần,GRAM,100.0
2b041c5a-cbbf-5b2b-b87d-a7c2fc9500e1,,,3a2e8fb4-3a15-5e16-9f1e-2c8b5babce79,1 sandwich,GRAM,350.0
8af2b0ab-35a1-5e6d-ab3a-19e7c72ba287,,,7ccfe18b-93df-51c0-aeef-037a5100ff95,100g phần,GRAM,100.0
7dd4da46-89d6-5aad-a67e-c597c6d1bb82,,,7ccfe18b-93df-51c0-aeef-037a5100ff95,1 chop,GRAM,170.0
a8774181-3fa4-5c8a-b7fd-c2a13952a915,,,2ceeeb09-6f7b-523c-95e2-c8a097c5988c,100g phần,GRAM,100.0
d0e9e17f-dcce-575b-a692-a8ff95d955f9,,,2ceeeb09-6f7b-523c-95e2-c8a097c5988c,1 cup,GRAM,250.0
19ffcb15-3e1b-5238-9054-e24c0655ea5b,,,a3750daa-da27-5d16-895d-bbe2030b21c1,100g phần,GRAM,100.0
0313f5b0-55e0-51cf-bbfe-5fcf5accb168,,,a3750daa-da27-5d16-895d-bbe2030b21c1,3.5 oz,GRAM,100.0
c998ba9d-f1b6-5e9e-93aa-edf53631463e,,,a4773df8-5bea-54aa-8e1f-626597f188dc,100g phần,GRAM,100.0
14039ec8-7683-5bd0-8ed5-3c81d02797c5,,,a4773df8-5bea-54aa-8e1f-626597f188dc,1 cup,GRAM,235.0
fd40bbaa-a897-5aee-b75f-eddfff7649ca,,,fe8b9bed-211f-5118-82c9-87cee29c1389,100g phần,GRAM,100.0
eda184b0-1dfe-5cca-b1b4-f64657f9f857,,,fe8b9bed-211f-5118-82c9-87cee29c1389,6 fl oz,GRAM,190.0
45f9fecc-c01c-5d61-bab2-c0edf4746e99,,,eca863f7-5bae-5b78-8a2c-1a8eb00fe7ad,100g phần,GRAM,100.0
0ec4ff61-9c63-5de0-8c0e-45553a55388c,,,eca863f7-5bae-5b78-8a2c-1a8eb00fe7ad,1 sub,GRAM,300.0
e65b2a55-0cd6-5814-94fe-5eb936afe4a0,,,df661503-9682-595d-a72d-5c3033702b25,100g phần,GRAM,100.0
9d5b1076-d4b1-5782-8f64-6f8be345ec3f,,,df661503-9682-595d-a72d-5c3033702b25,0.5 cup,GRAM,175.0
bfc184fa-31e0-5433-9a7c-88497db1c657,,,cb4121ae-92a3-5fe3-8772-3e3c870ef005,100g phần,GRAM,100.0
5edee820-0da5-5758-bf88-7ac2a694fb16,,,cb4121ae-92a3-5fe3-8772-3e3c870ef005,4 piece,GRAM,130.0
e11a064b-3d04-5277-bd65-18e7c9930f91,,,69ecb4b0-fd9e-51e2-bfe2-a4280db1d496,100g phần,GRAM,100.0
0530e2ec-d2d6-5c36-85f6-f6a3412833a9,,,69ecb4b0-fd9e-51e2-bfe2-a4280db1d496,1 sandwich,GRAM,200.0
4cfc3cb8-d964-557d-b607-18ee91165afb,,,4a81dc9f-e977-5a38-95ad-184e80962f89,100g phần,GRAM,100.0
d07d8db1-5169-5b56-8028-b38898d7166f,,,4a81dc9f-e977-5a38-95ad-184e80962f89,2 slider,GRAM,150.0
c56041d3-0c75-5c58-b81c-24f0ab015cc2,,,6ab62201-62c3-5c64-89a7-3d47fada650a,100g phần,GRAM,100.0
2c66b9bc-d332-5429-a88f-ce9c11925b7e,,,6ab62201-62c3-5c64-89a7-3d47fada650a,1 cookie,GRAM,40.0
f058dede-8370-57a5-be88-674a6754992b,,,73edcf1a-5e45-52a8-a3ae-ada8729f1b96,100g phần,GRAM,100.0
ff91d9ae-1f4f-57c3-8e3b-0443d0022317,,,73edcf1a-5e45-52a8-a3ae-ada8729f1b96,4 piece,GRAM,100.0
1a77dfa5-0f52-568c-acf8-e4360efb7b5b,,,7c6839be-f7a0-563c-afb6-5d74943209a9,100g phần,GRAM,100.0
c00eba69-fb63-5e41-9ba5-43e004067ef2,,,7c6839be-f7a0-563c-afb6-5d74943209a9,1 bun,GRAM,70.0
6f8e9bc7-bef7-5d06-afbd-2a4897d31bdd,,,379cd8ef-0379-5a33-87ba-dd1606815843,100g phần,GRAM,100.0
8478683d-693b-53c3-b8ce-bc9ccd6941d8,,,379cd8ef-0379-5a33-87ba-dd1606815843,1 plate,GRAM,350.0
f635e36c-3996-50c2-a1e2-da0539717867,,,7ba0feb8-9bd9-5036-9f3c-8bbe547560a5,100g phần,GRAM,100.0
9e06b64a-99fc-597a-8c0d-5ca10606a857,,,7ba0feb8-9bd9-5036-9f3c-8bbe547560a5,8 oz,GRAM,225.0
e0c740c4-fefe-5724-adb4-298ad80fa798,,,386f521c-11e5-5f7c-a5bf-c14d1b9dacdb,100g phần,GRAM,100.0
472a82f0-262e-5410-8581-d7db7bd49907,,,386f521c-11e5-5f7c-a5bf-c14d1b9dacdb,1 bowl,GRAM,250.0
21ad497f-5ddc-54cb-86e0-fe9708f45a1f,,,54e77562-fd31-5bba-9de5-0fd387f2c398,100g phần,GRAM,100.0
f1aef0d4-3e62-5c16-9b45-42339843be2c,,,54e77562-fd31-5bba-9de5-0fd387f2c398,3 risole,GRAM,195.0
c92354b3-5b7b-509c-9e92-6bad51fe879e,,,77582dae-9c7c-52a3-96df-d515ef44d49c,100g phần,GRAM,100.0
408e6dce-3917-55f1-821b-9ad87c8b06c9,,,77582dae-9c7c-52a3-96df-d515ef44d49c,1 cup,GRAM,200.0
d450c433-8f8b-5e2a-98dd-de54c8c4731b,,,47e7cec2-9bf5-5b80-8c31-670f69e58667,100g phần,GRAM,100.0
28cf7acd-bffe-5d4d-913e-1735f13c7a1e,,,47e7cec2-9bf5-5b80-8c31-670f69e58667,1 plate,GRAM,150.0
a73a563a-22a0-57d2-92cc-20c68a83ae2c,,,8974bf7c-2a31-54c9-848e-461eeef4c2e6,100g phần,GRAM,100.0
5ae59858-db0e-5ee1-ad20-d43def617298,,,8974bf7c-2a31-54c9-848e-461eeef4c2e6,1 plate,GRAM,350.0
67805063-bbe2-5281-b904-1167f30f7ade,,,122356c8-f076-5913-b7bb-56e5deaebaa4,100g phần,GRAM,100.0
9dae2e6b-3267-5da6-be69-f5528b7c9997,,,122356c8-f076-5913-b7bb-56e5deaebaa4,1 cachapa,GRAM,237.0
be391f89-ad6e-5d07-aced-9f73b2850451,,,1baba563-c837-5d89-b3a1-4aad643c5bc7,100g phần,GRAM,100.0
35da2d80-32d8-5cd7-a40b-9a36dfd0a396,,,1baba563-c837-5d89-b3a1-4aad643c5bc7,2 piece,GRAM,50.0
e2bbc9ad-96c2-5e4e-8f27-82aa5b8c7ddf,,,906fa074-71c8-5456-8477-126ac984ea9d,100g phần,GRAM,100.0
3892d459-ffcb-555b-a5cd-cb90d72e9db2,,,906fa074-71c8-5456-8477-126ac984ea9d,1 cup,GRAM,250.0
7d14cee9-bb0a-5d93-a76e-a2961bb49849,,,3b279b20-bac2-5f80-a823-ede8bbe2a098,100g phần,GRAM,100.0
3caf6593-23c0-5c6e-8206-fa03cf3f78e8,,,3b279b20-bac2-5f80-a823-ede8bbe2a098,2.5 oz,GRAM,75.0
d9c75102-0984-50b3-8b7e-abb573c23397,,,86ce51aa-3497-54c6-b6d4-2ee802408979,100g phần,GRAM,100.0
290fca34-6608-59ae-bb12-79ad1427457d,,,86ce51aa-3497-54c6-b6d4-2ee802408979,1.5 cup,GRAM,250.0
8d2f05e2-9003-519a-9baf-da0400fc0052,,,75c0cc02-888f-591f-bf5f-914f02b28dc6,100g phần,GRAM,100.0
bdc5c2f7-affb-575d-a56e-5fdc033bb24d,,,75c0cc02-888f-591f-bf5f-914f02b28dc6,8.5 fl oz,GRAM,250.0
4afca9a7-8a50-5890-989c-39d46958c972,,,b1aaa588-949d-572f-b470-d79d96366f77,100g phần,GRAM,100.0
49b1b4c4-cf44-5eda-8ba6-1278c669b226,,,b1aaa588-949d-572f-b470-d79d96366f77,1 bite,GRAM,100.0
a693db7c-a031-5ed1-ac22-a0e06b3976b8,,,f444c8aa-3575-5a7f-9e35-d5fd5d942ccf,100g phần,GRAM,100.0
7cf46d7c-af24-54c5-99a8-01204e52463a,,,f444c8aa-3575-5a7f-9e35-d5fd5d942ccf,1 piece,GRAM,28.0
27036b8d-9c24-5343-b5ff-fc731722650c,,,3743dd6e-7d93-5506-92ca-5ae194e34b12,100g phần,GRAM,100.0
c4bb8ea4-fe49-518e-8ecc-7cfd6d9c8290,,,3743dd6e-7d93-5506-92ca-5ae194e34b12,1 cup,GRAM,220.0
3f9580c9-8dd9-5559-ad5d-5e0406ef1d4c,,,ae44eddc-eea7-558c-9931-cc239b9714d4,100g phần,GRAM,100.0
811bc191-ec34-53b1-a28b-915dca9470fc,,,ae44eddc-eea7-558c-9931-cc239b9714d4,1 semmel,GRAM,150.0
a77087a3-313f-5f63-9def-1359f468aad9,,,0a07c6b2-902c-5f17-a6a8-80c8d1acd1a9,100g phần,GRAM,100.0
bf5d6bc4-2ef7-5bc8-84bf-3df336638826,,,0a07c6b2-902c-5f17-a6a8-80c8d1acd1a9,1 cupcake,GRAM,40.0
9e58e6c6-643d-50f9-9a0b-94395322dbcf,,,0199c852-9938-5849-ad69-46583d86bbe9,100g phần,GRAM,100.0
845e5944-2e8d-591b-a6af-3f43dafa534c,,,0199c852-9938-5849-ad69-46583d86bbe9,1 plate,GRAM,600.0
9410e301-4148-55d2-963d-3c59441a9e24,,,56ff8ae0-11b4-5798-96a3-7cad81076ac7,100g phần,GRAM,100.0
a55d61ba-aa7e-5e9a-87a8-7775ebfc864f,,,56ff8ae0-11b4-5798-96a3-7cad81076ac7,1 cup,GRAM,240.0
a195be37-4d09-5759-a8cc-edcc2e70da92,,,9b984aaf-4c5c-5d3d-84de-191df5462c20,100g phần,GRAM,100.0
0901a3fc-4dbe-5523-b27a-47c204d54594,,,9b984aaf-4c5c-5d3d-84de-191df5462c20,4 piece,GRAM,80.0
82ac3f1e-f47e-5cd3-a24b-46bca7849f21,,,4d0cd6ee-a77d-5e05-87d4-1efe957fcecb,100g phần,GRAM,100.0
b4ad3b4d-5d93-5fe4-8130-c6bcafdcdaa8,,,4d0cd6ee-a77d-5e05-87d4-1efe957fcecb,8 oz,GRAM,237.0
22ac1a40-62a1-5d05-b40a-435f47d77105,,,77ff5cbe-3c55-56e0-bf61-09000a944f14,100g phần,GRAM,100.0
70efe95b-b451-54ce-8a10-cafd408c88de,,,77ff5cbe-3c55-56e0-bf61-09000a944f14,1 plate,GRAM,210.0
648cc28e-c86b-5f9e-904f-627ccaf5c230,,,7b0a1034-2441-57ca-8303-09448232f5b8,100g phần,GRAM,100.0
5fec9470-543d-5a1b-8c85-d56816773ace,,,7b0a1034-2441-57ca-8303-09448232f5b8,1 plate,GRAM,500.0
7586cb54-0331-5a0b-bf07-34c3a438b32e,,,522b51ac-eb17-5fd1-ba4a-9fba653f7940,100g phần,GRAM,100.0
757e76e4-2a74-580d-a375-99ba8b18b852,,,522b51ac-eb17-5fd1-ba4a-9fba653f7940,1 plate,GRAM,336.0
469641d0-3946-55d9-91ea-7022f29a18eb,,,030a9823-c2e6-5016-88e5-aaab66a28c3c,100g phần,GRAM,100.0
19e05905-2119-5b94-ad1b-7dbfa128017f,,,030a9823-c2e6-5016-88e5-aaab66a28c3c,3 oz,GRAM,85.0
51ee977d-3b35-51d8-8e5e-a5b978e62e0f,,,3774c803-cfa4-5b44-bc1d-13a42d6d2205,100g phần,GRAM,100.0
090240ee-88e0-5e43-94d9-701057e95f17,,,3774c803-cfa4-5b44-bc1d-13a42d6d2205,1 plate,GRAM,250.0
b74b32b9-4b92-5480-8781-5e480d31e835,,,d6417fb7-a254-5e40-96cc-b8f2e6118fe8,100g phần,GRAM,100.0
6e90ac51-0ae3-5164-82b0-4cbabc57c2a8,,,d6417fb7-a254-5e40-96cc-b8f2e6118fe8,1 bottle,GRAM,250.0
b2723fb9-7ad4-5879-9974-d971bfe5b33f,,,6284569c-0407-5a5a-b675-1c3179028775,100g phần,GRAM,100.0
9c536694-3c1d-5f3f-bee8-43f45033b23a,,,6284569c-0407-5a5a-b675-1c3179028775,8 fl oz,GRAM,240.0
a7c135b9-8040-589c-9317-c24b457869d4,,,a8f55aa4-3ae8-5eb0-9e82-577caa8bdfc8,100g phần,GRAM,100.0
78ea79db-de06-5af1-b072-f64c460d3b73,,,a8f55aa4-3ae8-5eb0-9e82-577caa8bdfc8,1 cup,GRAM,238.0
c4522095-378f-5605-a927-3fcae71d8686,,,a4dfcf22-6c69-5dc1-8fcb-d65143552d58,100g phần,GRAM,100.0
a3bfb627-1983-5615-86ae-ed953bf465ba,,,a4dfcf22-6c69-5dc1-8fcb-d65143552d58,1 plate,GRAM,300.0
abcf87f4-c8ab-5573-a7ec-8742a8e940d7,,,d423381a-ee90-57de-a4c8-43c2914a49b9,100g phần,GRAM,100.0
4d6d9d6c-09c8-5210-8841-66573a258c4a,,,d423381a-ee90-57de-a4c8-43c2914a49b9,2 slice,GRAM,150.0
7e399f4b-3e30-5736-b4ea-627664b768b9,,,25b3768c-59ef-5fd5-9214-0efcf9e806ca,100g phần,GRAM,100.0
b92ee21a-d290-52d3-8216-3a46fa8761ce,,,25b3768c-59ef-5fd5-9214-0efcf9e806ca,1 cup,GRAM,250.0
61ce9acb-d5ff-5ad4-848a-dd97b7ceb537,,,ee655c58-56e8-5fb1-940e-803b1374b4b8,100g phần,GRAM,100.0
3148dd89-f6fe-560b-a8d9-ab5f6cb94813,,,ee655c58-56e8-5fb1-940e-803b1374b4b8,4 piece,GRAM,171.0
3324ce64-c1ba-522e-9b58-c6f62b458ef6,,,662b6027-fb6a-5f36-90df-c9fbb8df9534,100g phần,GRAM,100.0
4c07f34c-5a6c-5c1f-9454-9da112f7b63d,,,662b6027-fb6a-5f36-90df-c9fbb8df9534,1 ball,GRAM,100.0
00b81d62-4426-5619-a9ab-ca49cbf92e87,,,2a998ebd-51f1-5989-9755-461f60a71931,100g phần,GRAM,100.0
423e9266-e473-5d8b-86a1-5d8172e7df8c,,,2a998ebd-51f1-5989-9755-461f60a71931,10 oz,GRAM,283.5
4f6e09de-6fac-598a-b3b0-1cb79036bdc4,,,cfd94726-b127-51cb-8cf7-69d9d9b86ca4,100g phần,GRAM,100.0
07fab3b4-6e46-5bb1-a054-5a5fe59bbe0b,,,cfd94726-b127-51cb-8cf7-69d9d9b86ca4,1 cup,GRAM,250.0
c06cb3cf-14d3-5609-8e3a-6637e7cc59bd,,,8a768f04-8f83-570f-b4cb-7443c0bac984,100g phần,GRAM,100.0
208ff85c-303d-5b25-8f24-dcaa60bc6d24,,,8a768f04-8f83-570f-b4cb-7443c0bac984,1 sandwich,GRAM,250.0
419e4dd2-f9c5-5229-8346-56ab1761cbb4,,,4ae455e9-5c59-508a-99af-5fe01110c67c,100g phần,GRAM,100.0
34aa02b9-31d0-5f68-ad0b-83cddba68ec3,,,4ae455e9-5c59-508a-99af-5fe01110c67c,1 kebab,GRAM,80.0
5f230d24-6e08-58bb-9959-d2541e0701ce,,,939fea3b-dfd2-5e4d-a0c1-9b18c687c881,100g phần,GRAM,100.0
3681e8e4-042d-5521-8e41-b9dd68615b30,,,939fea3b-dfd2-5e4d-a0c1-9b18c687c881,1 plate,GRAM,200.0
4290b90d-3caa-5a30-bff0-31c0b4e16082,,,f5025b05-09fb-5785-b202-272c00ce4b87,100g phần,GRAM,100.0
1574dabc-525c-5baf-955c-5c0ac6f9a8fc,,,f5025b05-09fb-5785-b202-272c00ce4b87,1 cup,GRAM,240.0
4d9c7b62-7211-5333-ac40-626b21c27411,,,8a0bdc26-0475-5c67-911a-29ff8780a9f7,100g phần,GRAM,100.0
b5d5a6a5-97f5-55ce-a61c-fddf1f1f462e,,,8a0bdc26-0475-5c67-911a-29ff8780a9f7,1 piece,GRAM,125.0
8506f0bd-962b-52bf-81aa-411b206c46f9,,,4b0f1976-6d56-5fce-afcf-91cb2b10d6ac,100g phần,GRAM,100.0
bb412183-903e-5e33-8a18-e5f065d62848,,,4b0f1976-6d56-5fce-afcf-91cb2b10d6ac,1 piece,GRAM,100.0
8e75d29d-bc9a-562c-bb76-93c5f08f04ba,,,150a44c8-0d46-5472-b8be-d2454c9abdb6,100g phần,GRAM,100.0
e3e9c204-46e9-55a4-8639-78445f239084,,,150a44c8-0d46-5472-b8be-d2454c9abdb6,5.35 oz,GRAM,151.6
c5fbe4e9-7a76-5dfa-8e70-9347bf25da35,,,e057ba8a-ad91-5522-a611-b41bffbe5cd3,100g phần,GRAM,100.0
d338c14c-6502-5026-8fde-26df0c1793ab,,,e057ba8a-ad91-5522-a611-b41bffbe5cd3,0.5 cup,GRAM,105.0
0ce70312-b604-58f7-8c19-712f81e847ba,,,6c8f6d30-caa0-50b9-a5d0-895838cb0efa,100g phần,GRAM,100.0
e11a3d47-09a0-5ab1-ad6d-0024f6acd0d3,,,6c8f6d30-caa0-50b9-a5d0-895838cb0efa,1 tbsp,GRAM,15.0
72458f9b-cf77-5029-a310-8269771dc73e,,,a0c29178-3a67-57ad-bf4e-3db5a9fb0996,100g phần,GRAM,100.0
8c665f01-1505-5de3-8752-7ca647f71ed0,,,a0c29178-3a67-57ad-bf4e-3db5a9fb0996,1 bowl,GRAM,350.0
17c1a5ce-67d8-5d0c-8cbd-e79d8219c8d3,,,e0ec79d2-0f0e-5d0f-93a5-64c32fdca8d7,100g phần,GRAM,100.0
41d7f458-f530-5ff8-84cc-e4aaf44ad78b,,,e0ec79d2-0f0e-5d0f-93a5-64c32fdca8d7,1 sandwich,GRAM,375.0
b4d753af-79d3-52ba-9e4d-b01a67764095,,,2912a05d-ff7f-5ded-99b0-5a40a2e8a81b,100g phần,GRAM,100.0
14a5d58d-a82d-562b-9ce9-a77ccd1dbfd9,,,2912a05d-ff7f-5ded-99b0-5a40a2e8a81b,1 oz,GRAM,28.0
8ce972ec-f418-5a67-a904-b1a2ddf92fbd,,,376b6c8e-7371-5154-a1ef-90c53c54098a,100g phần,GRAM,100.0
8963a043-8d8a-5d7b-9c65-4c2529763912,,,376b6c8e-7371-5154-a1ef-90c53c54098a,10 oz,GRAM,300.0
708518e6-1c0c-56e3-9a2e-42193fbea1a9,,,db4f024f-3b2c-5bf2-8acb-964d71386bc9,100g phần,GRAM,100.0
45fa7949-ff31-50d5-ac95-787dcb351472,,,db4f024f-3b2c-5bf2-8acb-964d71386bc9,5 roll,GRAM,200.0
b0b4710b-f8b1-590c-9efa-9135ffeb6e8b,,,d2b4405b-bc4b-542c-b3da-4c15500c7554,100g phần,GRAM,100.0
867c9c6b-2f1c-58cc-8e19-cbc8b29a5cd9,,,d2b4405b-bc4b-542c-b3da-4c15500c7554,1 bowl,GRAM,350.0
71c98974-9ce7-5666-a3e3-032023c2a091,,,97c1539f-21ee-5363-8438-0412ec688d8b,100g phần,GRAM,100.0
d255d209-61cc-517f-9b1f-020dfef4e18b,,,97c1539f-21ee-5363-8438-0412ec688d8b,0.67 cup,GRAM,94.0
6630c92d-7f14-515d-8bcb-453d368ab561,,,fee800e0-25bf-5f33-9450-c8258f930877,100g phần,GRAM,100.0
6154717b-f91d-58ad-b2f4-43ed51a72aa5,,,fee800e0-25bf-5f33-9450-c8258f930877,1 piece,GRAM,80.0
f8e58a13-8c91-51bd-9ba3-38873e472cfd,,,ec60312a-191a-5e5d-9f8f-8c3a7d396a5d,100g phần,GRAM,100.0
6efc13f0-1773-5d53-88b7-261506800f2e,,,ec60312a-191a-5e5d-9f8f-8c3a7d396a5d,1 oz,GRAM,28.0
cdf3b79a-3a2e-584f-8aa1-7aa4fd1a6049,,,8338eac3-da3a-5369-a6b8-1d4ad07a2f88,100g phần,GRAM,100.0
82a39ecb-f594-5843-aeda-2bd8a34b43d1,,,8338eac3-da3a-5369-a6b8-1d4ad07a2f88,1 oz,GRAM,28.0
7d37bbb0-8328-5e7b-9367-9f1ae11aecdd,,,d75f74db-4e89-5e29-9c62-4c274705431a,100g phần,GRAM,100.0
e1072b78-9585-5dce-85b3-63ab8ea47f7a,,,d75f74db-4e89-5e29-9c62-4c274705431a,1 piece,GRAM,200.0
15fbee4e-c6a2-5ba2-a3f8-b619e7e7135c,,,b519c073-2df6-5197-9e5e-d501ebb271f7,100g phần,GRAM,100.0
8f868ab8-8030-559f-a215-6cf6c40586b7,,,b519c073-2df6-5197-9e5e-d501ebb271f7,8.4 oz,GRAM,238.0
cf2ce3dd-e9cb-53de-971d-c5a950cc463d,,,429a3cf9-f49e-5fdf-9eaa-bcb3346c8b83,100g phần,GRAM,100.0
ed57db10-7680-519a-bc18-9dd858ec776e,,,429a3cf9-f49e-5fdf-9eaa-bcb3346c8b83,1 slice,GRAM,150.0
03e7b27f-f66f-597c-8fe9-593af9e113de,,,0101df32-31ce-5000-90d2-8fafc8b1c6b9,100g phần,GRAM,100.0
70148312-32b4-5a3b-9701-cf7011aca4a3,,,0101df32-31ce-5000-90d2-8fafc8b1c6b9,1 cup,GRAM,250.0
87bfa133-6612-5f3f-b946-247221447dcf,,,799b2cdd-ba64-58af-99bf-b0c32f66d8b2,100g phần,GRAM,100.0
011c9ab1-1122-509a-bd9a-e152c297a8d7,,,799b2cdd-ba64-58af-99bf-b0c32f66d8b2,1 sandwich,GRAM,200.0
afd7e1f6-80df-5927-a976-53580e014d57,,,e685101b-0fd7-520a-8f5c-8c40922781e5,100g phần,GRAM,100.0
9c6ab0dd-4e9a-5b2a-b730-94d575f519e0,,,e685101b-0fd7-520a-8f5c-8c40922781e5,1 cup,GRAM,237.0
ab0a1a20-0c5d-50e0-958b-aa68a5f06cb1,,,94f90e10-3c93-556a-bdb1-2424106bb4a8,100g phần,GRAM,100.0
d4b62044-307e-539f-ba09-d6ea0d07ea6f,,,94f90e10-3c93-556a-bdb1-2424106bb4a8,1 plate,GRAM,390.0
6a46b169-046d-5e85-b098-8a74565f053c,,,c8886ed8-be97-5e85-92a1-e763e1ea71f4,100g phần,GRAM,100.0
12820260-6f74-58c1-90c0-06ccb46adcc4,,,c8886ed8-be97-5e85-92a1-e763e1ea71f4,1 piece,GRAM,35.0
ee41c54e-ba18-533b-8e48-3de639db5d9f,,,553a051b-29cd-514d-915e-6555d91cc3eb,100g phần,GRAM,100.0
989e0650-9e67-5691-a1c3-9181729e7c16,,,553a051b-29cd-514d-915e-6555d91cc3eb,1 sopapilla,GRAM,50.0
58b8fc98-7532-5776-a7e8-ba0456534b00,,,2fe42771-8100-578c-95fb-30a6b24e58aa,100g phần,GRAM,100.0
a567d1ab-a886-51be-a551-a2b6c2958150,,,2fe42771-8100-578c-95fb-30a6b24e58aa,1 cup,GRAM,235.0
f1841f73-ebfc-5188-b7ab-0b2f0bc85f12,,,08aaaa71-51c6-5941-a406-315729387e44,100g phần,GRAM,100.0
48038faf-7f13-5917-942d-a697f3e912cd,,,08aaaa71-51c6-5941-a406-315729387e44,1 bowl,GRAM,400.0
07f2d145-aa2d-57ec-bc96-aa700679ea01,,,a7b720b9-6d85-55df-bd52-1ccc4006e899,100g phần,GRAM,100.0
b5fab05a-64c1-572d-94ee-3e29af79e819,,,a7b720b9-6d85-55df-bd52-1ccc4006e899,1 plate,GRAM,350.0
cb973f7a-af6c-5494-8cb4-c33401ef2892,,,6f5ba293-b130-573c-a057-c650dd51c3ba,100g phần,GRAM,100.0
c2bcc803-60cb-5946-b700-d9d1e553ad1b,,,6f5ba293-b130-573c-a057-c650dd51c3ba,1 plate,GRAM,250.0
75391b7a-6ba2-5031-8a58-1d2f5996a881,,,e34450b3-3acd-58f6-b838-2fa688038e68,100g phần,GRAM,100.0
e25b92bb-33b9-5c93-b8b3-40f064ab5508,,,e34450b3-3acd-58f6-b838-2fa688038e68,1 bowl,GRAM,460.0
4e8ac69a-51f3-5fcb-a148-6cbb04e6f2d4,,,40865ac4-c632-5d85-ad3a-7d241ca6dbdc,100g phần,GRAM,100.0
c8c55999-dcb6-5c3d-bd57-a57256c33b19,,,40865ac4-c632-5d85-ad3a-7d241ca6dbdc,1 plate,GRAM,350.0
5965d096-9e05-5a45-a215-531f4fe10984,,,8c4a69ab-39b3-510a-8b58-ef2493b9bc2f,100g phần,GRAM,100.0
dd09a4c2-b429-551b-872d-fe83767640fa,,,8c4a69ab-39b3-510a-8b58-ef2493b9bc2f,1 cup,GRAM,235.0
d7b8380b-0497-532b-9251-0975e0cd166a,,,dcb537cf-cbec-5caa-865b-36fc3232c2aa,100g phần,GRAM,100.0
7cc9c06e-8dab-59ed-8bd3-93b84ed58a6c,,,dcb537cf-cbec-5caa-865b-36fc3232c2aa,1 bowl,GRAM,150.0
1868ae4c-1df1-5480-917d-af2a303f95c7,,,31face8f-0dfc-5e4a-a6bf-d66370c418ea,100g phần,GRAM,100.0
e7608180-50d9-5503-aafb-12dd433c434d,,,31face8f-0dfc-5e4a-a6bf-d66370c418ea,6 ball,GRAM,280.0
192bffe1-9561-5203-9374-e490f6fe0c8d,,,5fc9b676-2392-513b-b8d5-0f0c5e0616de,100g phần,GRAM,100.0
4ec6dfcf-427a-57b2-9f9c-655a0ade0122,,,5fc9b676-2392-513b-b8d5-0f0c5e0616de,1.5 oz,GRAM,44.0
e830ef6a-1f7e-5e25-a4d7-b7123994d1c5,,,5f5dd2c9-403a-5a10-8183-4457357c2f2e,100g phần,GRAM,100.0
7ce95c04-e49c-5e80-8bda-6fab229a1b88,,,5f5dd2c9-403a-5a10-8183-4457357c2f2e,1 turnover,GRAM,125.0
81b7fc8f-eec6-582c-810f-f0f10efc861f,,,d16d1bf7-ca2e-589d-a544-5eec0bc64ac1,100g phần,GRAM,100.0
fdb94471-fba9-54a6-99d7-fb5d7a74c663,,,d16d1bf7-ca2e-589d-a544-5eec0bc64ac1,5 kibbeh ball,GRAM,230.0
1fa0d09e-f55e-5ecf-8ce8-9048f287c0c2,,,59c4afc1-8597-57c9-b4ed-2cd82f6f143e,100g phần,GRAM,100.0
db154d3a-7c66-5747-bd04-f4df70e2aa6a,,,59c4afc1-8597-57c9-b4ed-2cd82f6f143e,0.25 cup,GRAM,60.0
4b35a58b-a328-5078-843d-66aadf7a8711,,,4ab8a5a7-e62b-50f2-81a9-7587572f8b7f,100g phần,GRAM,100.0
f8d4f8ff-cf2b-54c0-a7f9-7215f959759d,,,4ab8a5a7-e62b-50f2-81a9-7587572f8b7f,1 cup,GRAM,200.0
af34db35-ca07-5a7b-9ae3-f1a68b7231d7,,,73f606b0-6438-5e8e-bad0-a5d8df93793e,100g phần,GRAM,100.0
2b66d4f4-5d9c-50d4-95ba-49b4e197bb49,,,73f606b0-6438-5e8e-bad0-a5d8df93793e,1 calzone,GRAM,275.0
7d901d62-0df0-5162-aa6b-9262bb50bb98,,,bacfb21c-07bb-526e-9829-632ed2fea539,100g phần,GRAM,100.0
c6f5990d-34b3-5915-8c2b-5d67056102fb,,,bacfb21c-07bb-526e-9829-632ed2fea539,2 piece,GRAM,90.0
ac0a0633-3f5b-598c-b4ca-e9ef142efeaf,,,1a76bcd3-14e7-5fa5-adfe-6921e0f33a67,100g phần,GRAM,100.0
a7417b2a-e8f5-5492-b388-c522d39fcf7c,,,1a76bcd3-14e7-5fa5-adfe-6921e0f33a67,1 shot,GRAM,25.0
2bd07511-1c9a-5a26-b658-3f4bba75aef1,,,287564a8-4e6f-513c-bddc-78f3dcd05320,100g phần,GRAM,100.0
36ca2b53-fd37-5c00-9d0b-948ed2ecad0f,,,287564a8-4e6f-513c-bddc-78f3dcd05320,1 pickle spear,GRAM,35.0
c103ed35-1186-558b-be4b-dcaf2f4a30e2,,,0a0b05a2-c4c8-55e4-8299-0c43d2ea3208,100g phần,GRAM,100.0
3f9aabf6-2f54-5153-b37a-d0a914996eee,,,0a0b05a2-c4c8-55e4-8299-0c43d2ea3208,1 slice,GRAM,80.0
c9ff77fb-0314-5773-9893-787a29b74790,,,7e0fa857-26e6-53cb-b50a-e9e2b9d26a4b,100g phần,GRAM,100.0
7ce5fd2c-6e97-51f5-8c29-f6abc748e734,,,7e0fa857-26e6-53cb-b50a-e9e2b9d26a4b,1 cup,GRAM,200.0
6d971c51-333c-564d-b43d-21cfe68157b6,,,d26e56c2-d9f0-5228-91f8-07f5a62e960a,100g phần,GRAM,100.0
a3a5e540-1fda-50ee-84d5-16227dca07f3,,,d26e56c2-d9f0-5228-91f8-07f5a62e960a,1 cup,GRAM,240.0
ce1b0f01-2c03-518b-ab02-a068271d6f03,,,48b51032-8663-5aa4-8f02-90ddf6af8ad3,100g phần,GRAM,100.0
7fc1718f-342f-57ba-aa40-788415836595,,,48b51032-8663-5aa4-8f02-90ddf6af8ad3,1 platter,GRAM,400.0
d842122d-5fb3-5268-92d1-7182a0a7816e,,,f6f6c481-76e8-5901-a96a-bf8080fcdaf4,100g phần,GRAM,100.0
c9652a94-2e9b-5301-9a0d-f5f667a9e931,,,f6f6c481-76e8-5901-a96a-bf8080fcdaf4,3 oz,GRAM,85.0
021ea29e-8085-5d34-be3c-37c72f333df6,,,b339f708-62fc-5efd-b5a9-3da31741eaf0,100g phần,GRAM,100.0
c3063b42-eb88-5c67-ac43-29f43661bab2,,,b339f708-62fc-5efd-b5a9-3da31741eaf0,1.75 cup,GRAM,410.0
20c63147-2c0a-5732-b252-201f13b1feb1,,,694d85ce-4f7e-50b1-a4fe-d58b5bcdc2db,100g phần,GRAM,100.0
5a605290-f106-5bd5-a556-de556bc4ea91,,,694d85ce-4f7e-50b1-a4fe-d58b5bcdc2db,1 piece,GRAM,150.0
c34e6f9a-8b88-588c-ab7b-179fdff76cb8,,,c423c062-48d3-5f6e-8f6f-15fe066c6da7,100g phần,GRAM,100.0
d4e16d2c-ac47-5868-950c-f6f158692985,,,c423c062-48d3-5f6e-8f6f-15fe066c6da7,1 cup,GRAM,240.0
83044a6d-050b-56e3-a071-a7ddbccf27cd,,,6e10d8bd-cd57-5b17-b410-cfae2ae11a41,100g phần,GRAM,100.0
45e54574-614e-5cc6-a1d5-4a45f5481075,,,6e10d8bd-cd57-5b17-b410-cfae2ae11a41,1 cup,GRAM,240.0
411da948-394c-542b-90cc-60d1d6e55914,,,c14156dc-a511-560b-81e9-7bc8901ca565,100g phần,GRAM,100.0
1bfd6f81-c070-51a8-8e6a-aceccb1fa58f,,,c14156dc-a511-560b-81e9-7bc8901ca565,1 oz,GRAM,28.0
7dcd75ec-132a-5613-9c16-e04e7f8a52bb,,,49eea6c6-29fe-579f-88f2-b5ce72992543,100g phần,GRAM,100.0
205ccdb4-ac8a-5583-8b58-e2df1a327474,,,49eea6c6-29fe-579f-88f2-b5ce72992543,1 cup,GRAM,237.0
36d565fd-f7db-52a1-9007-15f4910df380,,,ec1493e7-968e-5cb2-a372-da0e773b3c79,100g phần,GRAM,100.0
124864de-2f9c-5b8d-922e-895989bc5def,,,ec1493e7-968e-5cb2-a372-da0e773b3c79,1 plate,GRAM,200.0
3bc3ae07-a130-57de-860b-d0c1810dfd00,,,328f0592-8a6d-5d5f-a6e3-f0eec94ad061,100g phần,GRAM,100.0
d26d2877-65d5-52a2-a531-2571d9899d65,,,328f0592-8a6d-5d5f-a6e3-f0eec94ad061,1 plate,GRAM,40.0
7bd092ec-d3b9-5f20-a968-13cec037cc61,,,83be4ee1-30d4-571a-80a3-94d30a107fb4,100g phần,GRAM,100.0
3a9a683b-e44d-502e-87e7-8cb5f50e9524,,,83be4ee1-30d4-571a-80a3-94d30a107fb4,7 fl oz,GRAM,200.0
be177078-35c7-518e-9dd5-c19e32e1dce3,,,17cd1e90-c15b-5db6-87cf-aac79ece17e7,100g phần,GRAM,100.0
85676362-1c59-56f1-9466-a13d1b35420e,,,17cd1e90-c15b-5db6-87cf-aac79ece17e7,1 cup,GRAM,237.0
8950c74b-cf0d-5938-a8a1-8627b836ea16,,,f1de58e8-5acc-560a-a67b-db7fe525eac6,100g phần,GRAM,100.0
94d0c687-746a-5e4e-a302-07b2e95d5981,,,f1de58e8-5acc-560a-a67b-db7fe525eac6,1.5 oz,GRAM,44.0
e9c2f96b-f32e-5ea0-8bf5-5ce753471d77,,,8de937b9-1c9c-5d47-83b9-e65c08a3feef,100g phần,GRAM,100.0
3ab584d9-8b6f-5341-9bea-9a45bd452269,,,8de937b9-1c9c-5d47-83b9-e65c08a3feef,1 plate,GRAM,500.0
d2b37c88-4957-5fb6-9b12-765d60e023df,,,c9f8fc13-db5a-59e0-b99c-ac9dd444ca42,100g phần,GRAM,100.0
38646ee6-be3d-5277-8258-2365be6e2431,,,c9f8fc13-db5a-59e0-b99c-ac9dd444ca42,1 corn dog,GRAM,80.0
9c1fc9f3-a585-5440-8d71-81b1fb65316f,,,0f7682d4-4eea-57d4-bf6b-95148a60e87e,100g phần,GRAM,100.0
02717b91-8da2-5a4d-9d5e-3c6f478d6234,,,0f7682d4-4eea-57d4-bf6b-95148a60e87e,1 empanadilla,GRAM,55.0
408101e6-e1c1-5b94-a6ee-37e2b2e92b60,,,62a6edee-70a3-5afc-bca8-58e82fb536dd,100g phần,GRAM,100.0
95e4bdf1-eeeb-521b-b28a-85d3e611b2df,,,62a6edee-70a3-5afc-bca8-58e82fb536dd,0.5 cup,GRAM,100.0
018fe9b9-44e6-52ef-b97e-b3e1e37f3602,,,ec19d688-e9c9-5662-bbbd-05e8775bf51e,100g phần,GRAM,100.0
3069c3df-61c2-5956-98fe-c84218d62389,,,ec19d688-e9c9-5662-bbbd-05e8775bf51e,1 cup,GRAM,250.0
c707f4f5-fed9-56bf-94cd-e966a04d960d,,,e114e47e-5d80-5b15-89b6-2f3bd58e10be,100g phần,GRAM,100.0
6f5d084d-9eef-50ab-b14b-e88ee94f6e0b,,,e114e47e-5d80-5b15-89b6-2f3bd58e10be,1.2 oz,GRAM,34.0
355219f8-3d4a-5f8a-93e4-024888ab4933,,,75e31b50-d1b3-57d1-9cb0-c5e60bea5570,100g phần,GRAM,100.0
a797a69d-6f97-5c3a-bc6a-c48fc5e00f79,,,75e31b50-d1b3-57d1-9cb0-c5e60bea5570,1 bowl,GRAM,350.0
523bd8fa-d22f-5def-bcce-e548903158a4,,,63ac7eda-c1c9-5163-a823-70797b4551d9,100g phần,GRAM,100.0
e1693e76-3103-58fc-9cc7-5c7260fe1993,,,63ac7eda-c1c9-5163-a823-70797b4551d9,1 plate,GRAM,300.0
7e366382-2a0e-5d3e-9222-4dcff7d403ea,,,282d2f73-d97f-5961-b11c-d7e31c148461,100g phần,GRAM,100.0
e3d9ed96-8738-5a2a-b767-94ebaab4ffa9,,,282d2f73-d97f-5961-b11c-d7e31c148461,8 oz,GRAM,236.0
48d05071-eedd-5cca-a273-4599bd655cb8,,,527649c0-0722-5210-857e-5abdbbb10351,100g phần,GRAM,100.0
ba67d3ba-e506-5028-afd5-67cb58391e08,,,527649c0-0722-5210-857e-5abdbbb10351,1 sandwich,GRAM,300.0
817ce70d-8550-51d9-9249-228a1d2b6ffc,,,6f853311-3e66-58b6-bc0d-8d60857b4be1,100g phần,GRAM,100.0
cca38d54-4875-55aa-a16e-88c123269687,,,6f853311-3e66-58b6-bc0d-8d60857b4be1,16 oz,GRAM,473.0
48802763-237a-5f32-a525-ded3bd9a7d11,,,3284a85c-6b3d-55f3-92ce-dca343794abe,100g phần,GRAM,100.0
acc8b14f-9b26-59a5-b745-3c72b264a859,,,3284a85c-6b3d-55f3-92ce-dca343794abe,1 plate,GRAM,480.0
3c7ee5d5-9c69-5893-a47b-90cdc4237b44,,,1ceb5bf7-6e60-5c3d-ab7c-0bf2cdd029dd,100g phần,GRAM,100.0
b2bed11d-8b1c-56e7-a024-f41596860a3d,,,1ceb5bf7-6e60-5c3d-ab7c-0bf2cdd029dd,1 sausage,GRAM,225.0
7c7f27eb-f924-57fd-a8ca-e85934ad1f9b,,,b08dafa4-60b4-54a8-afdd-eb850d31d7b5,100g phần,GRAM,100.0
d16f3126-9b63-5d3e-9fb9-466672acf7c2,,,b08dafa4-60b4-54a8-afdd-eb850d31d7b5,8 fl oz,GRAM,237.0
1691fb90-2379-52f2-b225-2001a591b572,,,7fc3009e-45c7-5952-9b01-26ebf389cda3,100g phần,GRAM,100.0
5851c012-ac9e-5e07-a83f-3e54ea7abc15,,,7fc3009e-45c7-5952-9b01-26ebf389cda3,1 plate,GRAM,400.0
8a4c440b-36ce-5638-ba79-f56ac97b62cf,,,6979ec39-24ef-5a44-b9ab-f0d6d0c1be1f,100g phần,GRAM,100.0
469e99fa-6c25-5a94-a756-8f4a2f4513b2,,,6979ec39-24ef-5a44-b9ab-f0d6d0c1be1f,1 whoopie pie,GRAM,99.0
a7446899-183a-580f-ab7b-5fee4bdc6312,,,d9300ad8-8f43-598a-b6c0-98749e066ea1,100g phần,GRAM,100.0
3dee8726-4e52-5d9d-a68b-ced8536a3210,,,d9300ad8-8f43-598a-b6c0-98749e066ea1,1 slice,GRAM,150.0
a44a1913-faab-50ef-aeef-908d59514ee3,,,dd367660-a0f4-5480-aa06-966ce8894761,100g phần,GRAM,100.0
cd166cfd-ec1b-533a-8f66-bebd723353c1,,,dd367660-a0f4-5480-aa06-966ce8894761,1.5 cup,GRAM,450.0
1c2fa976-ffef-5f19-aaee-0ba082e04cf3,,,2964a45a-7f89-5daa-8d76-a830e6c61c69,100g phần,GRAM,100.0
434c8f66-a533-5bd5-ad98-c36bc15feedf,,,2964a45a-7f89-5daa-8d76-a830e6c61c69,1 cup,GRAM,250.0
069d1cbf-a195-5391-a598-f0ff20f31e3b,,,c902aa9f-5808-569a-847c-484e7c430857,100g phần,GRAM,100.0
90dcbbef-218e-56be-a204-74385fab4d18,,,c902aa9f-5808-569a-847c-484e7c430857,3.4 fl oz,GRAM,100.0
6e8b2c5e-5ddd-5e1d-ae71-f06e159c8a6c,,,1d482871-00b6-5fd6-bf3c-b70a836f1b7e,100g phần,GRAM,100.0
3910aef1-ee8d-5e5d-b3b6-fac081e9d39a,,,1d482871-00b6-5fd6-bf3c-b70a836f1b7e,1 pancake,GRAM,150.0
b5f219fc-38ec-5912-8a99-15923e2c8c2d,,,b3b6548e-29b9-5aa0-a7d3-51de156cce9f,100g phần,GRAM,100.0
24449956-e0e3-5d5e-b656-17a6ece889cb,,,b3b6548e-29b9-5aa0-a7d3-51de156cce9f,1 glass,GRAM,500.0
6ff52fcf-b7b5-5718-8b54-d1d282a9e6d2,,,f21ff371-a3a2-5562-8127-e9b0bf2e8ae3,100g phần,GRAM,100.0
9d1a5a45-bdaf-5dc9-82df-9a178a72e600,,,f21ff371-a3a2-5562-8127-e9b0bf2e8ae3,1 plate,GRAM,280.0
d9880d66-e322-5954-b473-47110d7e3154,,,86d1a649-d9e5-58f4-99f0-2a2973844316,100g phần,GRAM,100.0
e735cc26-0861-547f-8fee-025896e314fc,,,86d1a649-d9e5-58f4-99f0-2a2973844316,8.5 oz,GRAM,240.0
878b189b-6330-5205-a638-c09e06ee114a,,,25c5bc15-5314-550e-9595-d4841b4aa26d,100g phần,GRAM,100.0
a0de31af-4fd7-5017-abff-7f38a397ae4b,,,25c5bc15-5314-550e-9595-d4841b4aa26d,1 slice,GRAM,60.0
17852e53-72c1-5b47-864a-2a241aff749b,,,b8cebc2b-6006-58da-b77f-84dcb1823dd9,100g phần,GRAM,100.0
701ad35e-bc74-5105-94ef-1472828940e5,,,b8cebc2b-6006-58da-b77f-84dcb1823dd9,1 plate,GRAM,119.0
f9a2bc3e-c00e-516e-a4c4-21b9b9e061a9,,,651d7929-fa6a-5e2e-93d2-d2e93c52c643,100g phần,GRAM,100.0
764d2761-c314-5de4-aedd-6827cac9579a,,,651d7929-fa6a-5e2e-93d2-d2e93c52c643,1 plate,GRAM,150.0
52635fc7-54de-544c-9905-3deb24698d6a,,,a3c4d32d-122e-5ff2-9389-65e9a6d2038f,100g phần,GRAM,100.0
2c753233-ab04-59ca-9195-06e044aa1d02,,,a3c4d32d-122e-5ff2-9389-65e9a6d2038f,1 oz,GRAM,28.35
847d7735-ce5d-57e5-9b87-de231c995c21,,,70ed7da9-fafe-584c-aa20-e4adcf4d2e7f,100g phần,GRAM,100.0
39a420b3-963d-51af-a639-4f61f8f55faf,,,70ed7da9-fafe-584c-aa20-e4adcf4d2e7f,14 fl oz,GRAM,400.0
731ce81c-ecf3-58d2-9b9c-1c2422490ec9,,,9b0e9eae-a306-5a6c-a829-d98511bbd701,100g phần,GRAM,100.0
bdb723bb-5dba-5180-a2ed-dace762bb7ec,,,9b0e9eae-a306-5a6c-a829-d98511bbd701,1 pretzel,GRAM,120.0
a003e049-4a3d-56e1-9bd0-b4cccd990733,,,5c2afb6c-25b5-5ac4-9627-9c2fa8a72161,100g phần,GRAM,100.0
19e72f57-8cac-5a24-9f97-e8a08e280e5c,,,5c2afb6c-25b5-5ac4-9627-9c2fa8a72161,11.3 fl oz,GRAM,335.0
002ee084-9301-5eaf-80f3-fa7b64cf7f6b,,,7bbd5a91-bf9d-5b33-b90a-5c28b7c8cd91,100g phần,GRAM,100.0
82c0849d-c282-5d0b-bde7-bc7af54010e5,,,7bbd5a91-bf9d-5b33-b90a-5c28b7c8cd91,1 serving,GRAM,250.0
8e994239-9df6-548a-b210-7997326ed0ff,,,1e6b497d-c76b-5aca-bac7-80c8563afd1e,100g phần,GRAM,100.0
04eeb602-3f19-5fe3-9bfe-5caa5be7f7b7,,,1e6b497d-c76b-5aca-bac7-80c8563afd1e,1 galette,GRAM,235.0
dc8240b9-cde9-582a-b2d6-014e1c51c1bf,,,1615000b-0700-555b-8ae7-2def07eebdb1,100g phần,GRAM,100.0
350b9d4a-b866-50f4-ac58-4a6f953d5d2c,,,1615000b-0700-555b-8ae7-2def07eebdb1,1 bowl,GRAM,500.0
ef1ad44f-2150-586d-b316-a98d1a68a5c5,,,c516e6ab-4da1-5692-b76d-7bfb7a3a4909,100g phần,GRAM,100.0
a0da3ec9-122a-5950-9e5c-34d4f9bb40b3,,,c516e6ab-4da1-5692-b76d-7bfb7a3a4909,1 cup,GRAM,304.0
d008affa-1dcb-5342-b5f7-995442d766db,,,6a483f5d-4fda-515c-ac5c-ee5d84ff4ad8,100g phần,GRAM,100.0
38676dc4-1775-51ee-8e62-6fb30c22e40d,,,6a483f5d-4fda-515c-ac5c-ee5d84ff4ad8,1 pint,GRAM,568.0
3aac3daa-3b24-5272-aa0b-ec1da615e6d7,,,c46c851e-4d92-57aa-a24b-83429f7c99a0,100g phần,GRAM,100.0
035b12b9-c902-5b8f-a12e-39ae8722bb4d,,,c46c851e-4d92-57aa-a24b-83429f7c99a0,12 fl oz,GRAM,355.0
ca85a86f-7517-5c14-bf2f-46a4798edb52,,,f42cb32d-49e1-5a4a-8c1e-3a2319707a81,100g phần,GRAM,100.0
8897fce2-43d0-5e04-b45b-8bd1dc388208,,,f42cb32d-49e1-5a4a-8c1e-3a2319707a81,1 bowl,GRAM,500.0
775425b5-b3db-516d-8ca4-207299a8d4aa,,,461dd4a1-bb5c-53c8-9aae-d9b0da79d950,100g phần,GRAM,100.0
81e3ec39-4e27-5aed-9172-9857d080cbe1,,,461dd4a1-bb5c-53c8-9aae-d9b0da79d950,0.25 bammy,GRAM,49.0
c81eb404-2e8d-5e61-b0b0-2570aca25096,,,f46826b3-d1a3-536f-92b6-87b9f92391e6,100g phần,GRAM,100.0
01b3d0f0-ca73-5e3a-ad71-3499f14a7adb,,,f46826b3-d1a3-536f-92b6-87b9f92391e6,12 escargot,GRAM,125.0
131c91a9-6845-56ad-b7af-a409fe05de88,,,c98750d0-da0e-5aaf-86c9-18bf9d00b391,100g phần,GRAM,100.0
33b5e0d2-7b1c-59c2-8a10-400397e45cf8,,,c98750d0-da0e-5aaf-86c9-18bf9d00b391,1 bowl,GRAM,250.0
1decf063-577f-509d-b99a-404bf9c20fd4,,,fcc4407b-278e-582d-9c0f-4ef18c3ebd39,100g phần,GRAM,100.0
57f01932-9a0d-5c18-ad86-8457b2af8086,,,fcc4407b-278e-582d-9c0f-4ef18c3ebd39,12 fl oz,GRAM,355.0
bd1ba933-2018-52c3-a007-b80006e89811,,,ad96bd8b-319d-52ea-9bed-365fea92bc28,100g phần,GRAM,100.0
ef4d70c7-3252-51f6-afc6-fab975ca75e5,,,ad96bd8b-319d-52ea-9bed-365fea92bc28,1 slice,GRAM,350.0
f641fcd9-88c7-5b72-877e-f720969791b6,,,58c1ac14-0ca1-51b4-95c6-22467c4101f8,100g phần,GRAM,100.0
b064a9eb-35e4-5a68-9b20-6acd00ebc863,,,58c1ac14-0ca1-51b4-95c6-22467c4101f8,1 plate,GRAM,250.0
b1688f8d-48e7-5111-ba5d-5bb273d86381,,,d300abcd-f309-57f0-8c13-629a68e9abda,100g phần,GRAM,100.0
f630c66e-d460-5e77-a681-7be2e5189d45,,,d300abcd-f309-57f0-8c13-629a68e9abda,1 empanada,GRAM,120.0
7a3da018-cfec-5355-98ff-75adae7237a9,,,4e77a912-80bb-5adf-80e3-72dbcaf52557,100g phần,GRAM,100.0
38146979-7e91-5298-8266-9e86497a6a44,,,4e77a912-80bb-5adf-80e3-72dbcaf52557,1 plate,GRAM,400.0
7cf1b4b7-5d38-56d5-943d-6a17a92ec010,,,03b0b343-5c67-51c4-8658-fbecaf387f47,100g phần,GRAM,100.0
c4065550-de8a-5c55-ac7a-9a06ed75d8ae,,,03b0b343-5c67-51c4-8658-fbecaf387f47,1 madeleine,GRAM,30.0
2c55362f-5e9d-5766-964e-3d0f8a8229f0,,,536265f5-e054-5c57-91c7-c58c6636cd82,100g phần,GRAM,100.0
e81ddd2b-4f4e-510c-bc32-ac6ca335d1c1,,,536265f5-e054-5c57-91c7-c58c6636cd82,1 demitasse cup,GRAM,100.0
a2396757-7f33-5689-b406-05eb815ca315,,,4a474d53-6bfb-530b-af27-be2a5d57d86b,100g phần,GRAM,100.0
75f9368c-b42b-5bc3-8dda-c709dda7e8c8,,,4a474d53-6bfb-530b-af27-be2a5d57d86b,3 slice,GRAM,135.0
568050fd-104f-5326-a88f-5de5de17aa36,,,4a97ae8f-9d50-50c8-8cf0-2baf68287dc0,100g phần,GRAM,100.0
481af3a6-b224-572c-98d1-f398fe0c7a71,,,4a97ae8f-9d50-50c8-8cf0-2baf68287dc0,1 plate,GRAM,300.0
49b7a501-b0ef-5d92-ac80-8bb349700ceb,,,07d20d59-9e34-5b16-a7c5-b99281bdf5f6,100g phần,GRAM,100.0
4fc25826-03f5-5ac0-a5f8-e8b05b33cbfe,,,07d20d59-9e34-5b16-a7c5-b99281bdf5f6,1 plate,GRAM,125.0
cefbd068-5833-5679-83e1-1e99c3afdf63,,,9bc24aaf-9707-568a-a5cc-ce140e1ea333,100g phần,GRAM,100.0
ad0a4350-65b0-5e4e-825c-2360b7a77160,,,9bc24aaf-9707-568a-a5cc-ce140e1ea333,1 pintxo,GRAM,70.0
94826673-1ffc-5cbb-843e-a8acac1c4f86,,,d58b4855-501c-5854-a98f-58672d744ea1,100g phần,GRAM,100.0
1025aa81-1ff5-5f98-b53b-109a7a42d81f,,,d58b4855-501c-5854-a98f-58672d744ea1,1 cup,GRAM,250.0
3c833a08-0f72-5b79-a25c-3bc8cecc44a0,,,b59c0e36-161e-5865-9bdc-7887fe660ae9,100g phần,GRAM,100.0
a1b23278-c970-5a58-aa0c-1850d1f2d039,,,b59c0e36-161e-5865-9bdc-7887fe660ae9,1 plate,GRAM,650.0
54300fc6-21dc-53c2-b546-f005b8bc0e34,,,d7a9a2e9-8643-5dbd-ae23-ad9902e596c9,100g phần,GRAM,100.0
56c82367-b8aa-5746-af8d-56b14d9b321f,,,d7a9a2e9-8643-5dbd-ae23-ad9902e596c9,8 oz,GRAM,227.0
6141a4b2-cf9e-574a-a867-6d4c29dbabaa,,,f57d5e32-8310-528e-a4fa-fb564fa5d64d,100g phần,GRAM,100.0
d0c41688-ed1f-5de8-ae5b-f231e4f1f0d8,,,f57d5e32-8310-528e-a4fa-fb564fa5d64d,1 plate,GRAM,250.0
e598f51d-297d-5469-8dd2-297803aeff08,,,c2f6a69f-a4fd-5e31-be5b-a51b0a70c603,100g phần,GRAM,100.0
4b073201-6d8c-53d9-8e32-28a2ef10db39,,,c2f6a69f-a4fd-5e31-be5b-a51b0a70c603,1 plate,GRAM,300.0
feab9577-e38f-5323-9ffa-11dce964bead,,,a6961962-54a1-5fa8-b1e3-16c0db52b3be,100g phần,GRAM,100.0
aca77ab4-d203-5346-b616-4a6ed466be79,,,a6961962-54a1-5fa8-b1e3-16c0db52b3be,1 sandwich,GRAM,400.0
3b98bcbe-9ff8-5285-95f9-5e626ccf2ac5,,,61d8385f-05fb-5595-93c8-33276ffe416c,100g phần,GRAM,100.0
59068cfc-5737-5309-a13d-49907834f28b,,,61d8385f-05fb-5595-93c8-33276ffe416c,1 order,GRAM,205.0
5d0e0eb4-7f2d-5354-b5db-861f46e89f31,,,cbf37f27-d341-55af-b953-8bc3043cb61d,100g phần,GRAM,100.0
875545f4-efd3-5eda-a52f-87f5d3425344,,,cbf37f27-d341-55af-b953-8bc3043cb61d,1 kibe,GRAM,89.0
2af7af05-fb33-516d-a57f-886ec4d04cc6,,,46867023-f2e2-5df4-bc97-10d2efba93cf,100g phần,GRAM,100.0
2af09ee2-f1f2-5eb5-8307-a58552122e3f,,,46867023-f2e2-5df4-bc97-10d2efba93cf,1 bowl,GRAM,250.0
4ad9eaf5-f74b-5482-8ec3-b9048a024ff6,,,c2e01c93-9f7b-5b36-bc97-b3b1b3a2163e,100g phần,GRAM,100.0
ea61ebdd-9a1f-5917-8a4d-46b2aa6dee0e,,,c2e01c93-9f7b-5b36-bc97-b3b1b3a2163e,1 burrito,GRAM,250.0
3a3dd97d-018a-5d93-b288-42dd357807c3,,,475894ee-57ea-530f-879f-f4054f0b6211,100g phần,GRAM,100.0
f168cd65-b638-58fc-93b6-dfd0fe196953,,,475894ee-57ea-530f-879f-f4054f0b6211,3 beignet,GRAM,120.0
8ea490e2-7235-5d08-9e7e-43c555de8e35,,,e0abb458-8abe-50ba-b77f-e9e4aa9ecfe2,100g phần,GRAM,100.0
b6625735-9499-5165-84d4-c271dff56c4f,,,e0abb458-8abe-50ba-b77f-e9e4aa9ecfe2,4 piece,GRAM,100.0
ce54e809-8153-553d-bb29-b2c778f17924,,,406f235e-4ef7-5984-b292-6f69033875a1,100g phần,GRAM,100.0
a1e79ab8-ccdd-5867-b424-5d3073796a49,,,406f235e-4ef7-5984-b292-6f69033875a1,1 cutlet,GRAM,240.0
2a6bd19d-d880-52ca-9254-5e20cf197926,,,37e1aead-d19e-52d7-9b88-3df0adab90de,100g phần,GRAM,100.0
b30c3dff-2f08-52f9-9d05-ecbd2ca53f82,,,37e1aead-d19e-52d7-9b88-3df0adab90de,0.5 cup,GRAM,125.0
749f53f2-505f-510b-9d5d-6fb2a4d11952,,,cac1d384-e71c-54c8-a05e-25ae6f821cc5,100g phần,GRAM,100.0
b603d9a2-324f-585e-928a-10f158cafa9b,,,cac1d384-e71c-54c8-a05e-25ae6f821cc5,1 wedge,GRAM,245.0
7396ea8b-969f-59e1-8c91-f7e6cda2b689,,,6054ae42-320b-5f5d-9312-a4c0602194cc,100g phần,GRAM,100.0
2bd14599-8c93-56ef-83f5-3a9085dc8645,,,6054ae42-320b-5f5d-9312-a4c0602194cc,8 oz,GRAM,240.0
d7d13863-d709-593d-a2ee-cc0f255b0b5e,,,f9b99f66-5126-596c-b4de-f42a6c3cec5d,100g phần,GRAM,100.0
d294fc94-e56a-59c8-b9ff-2463fe29a6fe,,,f9b99f66-5126-596c-b4de-f42a6c3cec5d,1 bowl,GRAM,350.0
f9467f66-b9e4-50be-a61e-531ccb0641e8,,,b2b3ec8b-5de2-51c7-9d75-78aa55d5dc17,100g phần,GRAM,100.0
606ecaa0-5f2b-52b4-951e-f9ed2b309c85,,,b2b3ec8b-5de2-51c7-9d75-78aa55d5dc17,1 plate,GRAM,200.0
8f1faf07-9328-5881-ac96-eae3612ea8ed,,,72825756-c288-5610-88ec-036ff6659c7b,100g phần,GRAM,100.0
7a515de5-7884-532a-b779-537389a2102e,,,72825756-c288-5610-88ec-036ff6659c7b,1 stuffed quahog,GRAM,127.0
01f3333f-5ebd-512b-97d4-1980f743cae5,,,94678b8a-d04e-56d8-991c-877d3c68229c,100g phần,GRAM,100.0
bf3eb5ff-a75a-5e79-b80e-d9ccb359d288,,,94678b8a-d04e-56d8-991c-877d3c68229c,6 oz,GRAM,170.0
d99e60db-53f4-532c-a085-fc4183f2d60e,,,fa736f2c-4f45-55a5-8a2d-da342b96e798,100g phần,GRAM,100.0
51f6050e-8f73-5767-acdc-a749ac7e95bc,,,fa736f2c-4f45-55a5-8a2d-da342b96e798,10 fl oz,GRAM,300.0
7ad6049f-7f5c-5d12-b368-5a56c4116055,,,48bf30a0-6a28-5249-b527-1f3f45a53574,100g phần,GRAM,100.0
ccace584-b597-5eff-8382-9b89e9c37f7a,,,48bf30a0-6a28-5249-b527-1f3f45a53574,1 plate,GRAM,250.0
2cbe25b8-850a-5a38-b581-b8405c524cca,,,9c9d1e87-69af-5ad3-9183-6166630028e2,100g phần,GRAM,100.0
3c870765-da56-5ce1-8530-7caf556955f9,,,9c9d1e87-69af-5ad3-9183-6166630028e2,1 bowl,GRAM,400.0
6e1c1ad1-0d7a-5259-a8e7-1eee7570dc05,,,98c76dfe-2382-57ce-a37e-f230f4b2f7a1,100g phần,GRAM,100.0
eecab306-3872-5f4c-b380-9d8eae134aee,,,98c76dfe-2382-57ce-a37e-f230f4b2f7a1,10.6 oz,GRAM,300.0
cd3303dc-40cf-58d5-a69d-3d726aad82e3,,,74988fcd-d481-510f-a4b0-12025f440e2c,100g phần,GRAM,100.0
e218e9ea-5af1-598e-a211-f98c16ddbff0,,,74988fcd-d481-510f-a4b0-12025f440e2c,1 bowl,GRAM,235.0
a317770b-00bd-5530-873e-7f0571a52d23,,,59a32f02-dce2-5f67-aafb-104fad819eb1,100g phần,GRAM,100.0
fedd780c-2651-5df0-9274-18cf1b623d98,,,59a32f02-dce2-5f67-aafb-104fad819eb1,1 plate,GRAM,250.0
b905ff4f-2fac-5031-9263-b8f08dbcc2a6,,,7fca6f5c-87e9-546f-9d72-c3b94c12eedd,100g phần,GRAM,100.0
b870b494-e00d-50a5-85fd-2402dee70d1a,,,7fca6f5c-87e9-546f-9d72-c3b94c12eedd,1 bowl,GRAM,150.0
8dc87ecc-561e-5ba0-a1b8-c25cb19bb1c6,,,2ae79a36-c680-508e-931d-ffcfa43774a2,100g phần,GRAM,100.0
b996a83e-4eec-5313-920f-86ca0735e84a,,,2ae79a36-c680-508e-931d-ffcfa43774a2,2 sirloin,GRAM,230.0
43bc53cc-74d2-556b-a994-ddc0df851094,,,af60aaef-63d1-5107-b768-1ee6b12b4e6f,100g phần,GRAM,100.0
6dde5612-1f72-5d5f-8b21-c52a9571d1d2,,,af60aaef-63d1-5107-b768-1ee6b12b4e6f,1 plate,GRAM,300.0
bc6d6c0e-baf2-567d-b011-c30aaf5a3806,,,aca6caa7-464c-5bb9-a579-6ae5d00e39ea,100g phần,GRAM,100.0
681c33a2-ed38-5ee8-bd4c-03e524f87f7c,,,aca6caa7-464c-5bb9-a579-6ae5d00e39ea,1 plate,GRAM,225.0
26deab5f-0476-57ca-bef8-b2e3906e598b,,,e5f68dd9-4d68-50f9-8b49-3e45fd179f84,100g phần,GRAM,100.0
a48023fc-a25b-55ae-b426-d66569a09d41,,,e5f68dd9-4d68-50f9-8b49-3e45fd179f84,6 bite,GRAM,150.0
0dff6257-f2e0-5637-89bf-4cf23563b479,,,23b97664-e2dd-5dce-9552-095753efaf90,100g phần,GRAM,100.0
68d8515c-4f73-5bff-b007-0972a56262fc,,,23b97664-e2dd-5dce-9552-095753efaf90,1 quesito,GRAM,61.0
6a6ce413-e00f-55e1-871c-81cc1889d476,,,4d461506-9bdf-52a6-a105-1475917ca46a,100g phần,GRAM,100.0
9d64261c-c78f-57da-be48-f0b6cdc9ede6,,,4d461506-9bdf-52a6-a105-1475917ca46a,1 patty,GRAM,100.0
efa46eff-6f34-51bf-b452-8392526eedf2,,,20861811-2fec-5c38-8be1-b18046234a08,100g phần,GRAM,100.0
aa3769fa-9a47-514d-a9c2-7a88032b8976,,,20861811-2fec-5c38-8be1-b18046234a08,1 mochi,GRAM,100.0
eabd7006-9c08-54d4-b6a4-1772b2e9f2f2,,,e7cdae2e-2726-5c1e-a895-5fa266e6e455,100g phần,GRAM,100.0
fc3f0173-7325-5b8d-85aa-10416a281173,,,e7cdae2e-2726-5c1e-a895-5fa266e6e455,4 poper,GRAM,100.0
8ac14b4f-4295-5a8e-8768-4a7fe6f2c0f9,,,d9232269-a5a3-5c66-8753-1e7b0e6db4cf,100g phần,GRAM,100.0
b81fcac6-8238-5123-aedc-deaf92bdf4cd,,,d9232269-a5a3-5c66-8753-1e7b0e6db4cf,1 slice,GRAM,200.0
cef5c0eb-6720-5cd9-a90c-6a015fe8c18f,,,822fbde9-2065-52cd-b74a-391f34084e5c,100g phần,GRAM,100.0
1d5eabad-a344-5328-bcb5-5b2f6803270f,,,822fbde9-2065-52cd-b74a-391f34084e5c,1 piece,GRAM,80.0
1f6f4f9d-e073-5ab3-a1b8-1decece4e1ec,,,a177f21c-abcc-5898-9690-2e9eff75f87b,100g phần,GRAM,100.0
f38d5084-685b-5c81-a32e-c4ea6c8a2a40,,,a177f21c-abcc-5898-9690-2e9eff75f87b,1 plate,GRAM,310.0
0f8e2ed0-27a6-5753-a709-db9cfbe397d0,,,908bc735-19a3-50b0-8549-383f96f73fd7,100g phần,GRAM,100.0
1e5a13b4-357a-51ad-85d5-377921c3341d,,,908bc735-19a3-50b0-8549-383f96f73fd7,6 dumpling,GRAM,300.0
7619730c-5b2b-5cbc-a3c8-f7014b1a67d7,,,149ad8cf-8a1b-5b65-8a2c-70e17978249a,100g phần,GRAM,100.0
8fcd3fb4-6dd1-5f02-bde8-1a48bdfab7b2,,,149ad8cf-8a1b-5b65-8a2c-70e17978249a,1 tostada,GRAM,100.0
10ee4935-7ebe-52ea-a737-135d5518daaa,,,51dd3ef8-ce70-5ad7-8a27-3575d7eefc77,100g phần,GRAM,100.0
b613493d-94ef-5234-ada3-d70d5b2080d2,,,51dd3ef8-ce70-5ad7-8a27-3575d7eefc77,2 cup,GRAM,480.0
34fc442c-39b5-56ab-86a6-0984dc4cb7c3,,,e97d77ad-6eab-58c1-839e-b7b6f75685f2,100g phần,GRAM,100.0
0d97cc78-a286-500f-bf91-25ab178c0d58,,,e97d77ad-6eab-58c1-839e-b7b6f75685f2,1 pancake,GRAM,256.0
30c53ffc-42b3-5d6c-9b0f-ee1d15cf2809,,,22721cad-ac8a-5bed-be80-1a7316c8f9da,100g phần,GRAM,100.0
013a6de6-7b94-50ea-9ce7-0ce319c33a80,,,22721cad-ac8a-5bed-be80-1a7316c8f9da,1 sandwich,GRAM,232.0
68a2b38f-7e84-5260-8ee7-da906f55d410,,,ab4b4927-09bb-5597-b234-2710e9c7c21b,100g phần,GRAM,100.0
3c5a5359-fd75-50dc-a5fd-94be82785be0,,,ab4b4927-09bb-5597-b234-2710e9c7c21b,1 plate,GRAM,675.0
8adcdfc0-e2ea-510c-a94e-75e637ae0ea1,,,5049d257-bceb-556a-85d9-ef1df6c6ca5e,100g phần,GRAM,100.0
a8fc6332-d0b2-5b20-9353-80329fde7381,,,5049d257-bceb-556a-85d9-ef1df6c6ca5e,1 slice,GRAM,70.0
fd2f3ed1-0002-591e-a6d9-f51247af6f36,,,96cc9aad-a271-5a39-adf1-7436b63f03af,100g phần,GRAM,100.0
6161eff1-678e-5428-bd6e-ee1ccf301101,,,96cc9aad-a271-5a39-adf1-7436b63f03af,1 cookie,GRAM,12.0
6d7923d3-ffbb-58f6-b6d2-78e8ef3587e1,,,1b5d9fc4-9a5f-5d8a-9bb4-be3991bd41fc,100g phần,GRAM,100.0
9f92daa4-2a3c-57d5-aae9-11933c0b1b94,,,1b5d9fc4-9a5f-5d8a-9bb4-be3991bd41fc,1.5 fl oz,GRAM,44.36
18d087a2-6a75-5ed3-b63d-c882f3267823,,,c24f4c2d-d6a0-5ea5-b36b-aeead8045865,100g phần,GRAM,100.0
c8c71995-d441-5ac2-aee4-537d8dc1d5c4,,,c24f4c2d-d6a0-5ea5-b36b-aeead8045865,1 cup,GRAM,140.0
9e586fb2-3561-5a5f-a9ee-48306e9b3336,,,49fd460c-d6ce-541c-8fee-5d47bb78ece6,100g phần,GRAM,100.0
8a84529b-b445-55eb-b61d-644aa979ea28,,,49fd460c-d6ce-541c-8fee-5d47bb78ece6,1 piece,GRAM,100.0
686e48b0-eb08-55fa-a9d8-1cc112c94785,,,d9842a65-7d63-5c8d-a10f-75ccfd83ffb8,100g phần,GRAM,100.0
1668eacc-9020-5687-9e63-a25d767d97c6,,,d9842a65-7d63-5c8d-a10f-75ccfd83ffb8,3.4 fl oz,GRAM,100.0
84d5ef32-3849-53ff-b552-0be88ea070d2,,,e770a6f8-c80e-572e-a08f-04498f160864,100g phần,GRAM,100.0
5e3d49d3-ada5-5bcc-a887-0e8ee902b00c,,,e770a6f8-c80e-572e-a08f-04498f160864,8 oz,GRAM,240.0
779d482a-e05f-5abb-8d9c-5a6932750b07,,,38e46046-90cc-58ac-a3da-f528e2a1b78d,100g phần,GRAM,100.0
24f8a028-14dd-5dc4-97c5-34bd6bcbf982,,,38e46046-90cc-58ac-a3da-f528e2a1b78d,2 pastelito,GRAM,56.0
85a7b292-a3a7-5c84-be13-6b63232eff64,,,5b9a1f3e-0103-5aa1-bd12-1a22191bf6ef,100g phần,GRAM,100.0
5aa2b767-14bb-51d0-9523-a1bff6091c9e,,,5b9a1f3e-0103-5aa1-bd12-1a22191bf6ef,1 plate,GRAM,300.0
13e630f5-d57e-5deb-9205-cb0f53e9d907,,,ae804881-f8ca-543f-b6a8-29297f2635e6,100g phần,GRAM,100.0
0ae2dd26-f245-529d-9b4d-a242c9f8c98f,,,ae804881-f8ca-543f-b6a8-29297f2635e6,1 churro,GRAM,95.0
1be07e70-0af1-524d-96b7-0054bee35f5d,,,07d0947c-d2cb-56b7-8d3f-2dad71b18215,100g phần,GRAM,100.0
4c089c41-35ba-5ffb-a3f0-8167d8b983d0,,,07d0947c-d2cb-56b7-8d3f-2dad71b18215,1 cup,GRAM,235.0
6566c6fc-56bf-5636-a60a-96bd3982b98e,,,058e05ff-007f-5a6a-823f-2859b1567532,100g phần,GRAM,100.0
7dd7b731-9007-5815-bf53-b5827f0e6cce,,,058e05ff-007f-5a6a-823f-2859b1567532,3.5 oz,GRAM,100.0
15173333-b518-5a5e-912e-ebf3fba46e10,,,d005f399-ceae-53ba-9399-ecfec8a5fe89,100g phần,GRAM,100.0
b7e9a9b9-5ae2-554a-afc5-de4a9b219fe2,,,d005f399-ceae-53ba-9399-ecfec8a5fe89,1 plate,GRAM,300.0
804b3cb2-66ee-5d4e-b4f3-10cbd52f5179,,,85f836fe-61ba-582d-a678-e449aa959d6a,100g phần,GRAM,100.0
46f10b38-4fcc-5912-b5c2-9598c3bc4df1,,,85f836fe-61ba-582d-a678-e449aa959d6a,1.5 cup,GRAM,445.0
bf78d177-5dc2-5685-80e2-4b5f103c4962,,,80298500-b3d1-57d0-b48e-a5326bb748a7,100g phần,GRAM,100.0
d13f59f1-cfe4-59ca-a8d4-88081f08bfc2,,,80298500-b3d1-57d0-b48e-a5326bb748a7,1.3 cup,GRAM,312.0
b9ece6cf-9849-570a-9228-62ffc3146ce3,,,87e6b0f5-1040-5c09-85e7-34c92d098524,100g phần,GRAM,100.0
1e1e9f0c-9289-585f-8cb8-eb8972f356e1,,,87e6b0f5-1040-5c09-85e7-34c92d098524,1 link,GRAM,150.0
f7d4128d-edb8-5d49-be99-1765784fda64,,,c0a2422d-7474-505c-baf1-8e7b52001a88,100g phần,GRAM,100.0
8b0d5f0f-d561-51c8-b6bf-34510cdc3a59,,,c0a2422d-7474-505c-baf1-8e7b52001a88,1 plate,GRAM,400.0
6915ec64-27b9-5d65-924c-c5bca6f72652,,,c78941f7-220d-54e4-9d9e-29e88739bce7,100g phần,GRAM,100.0
ecf1eb8b-b885-5b65-b342-3b4a871a46cd,,,c78941f7-220d-54e4-9d9e-29e88739bce7,1 slice,GRAM,300.0
986b8bce-a5a8-5893-b79d-1a21a4555eed,,,732bf461-8441-5f31-b72f-ac9d4006fa04,100g phần,GRAM,100.0
d781e0f0-9005-5cc3-a62c-a69817767549,,,732bf461-8441-5f31-b72f-ac9d4006fa04,1 slice,GRAM,100.0
b59b72a1-a1e4-5a68-80cb-027739072ede,,,3ae29800-0197-580a-ba81-92bf6d4593cb,100g phần,GRAM,100.0
c5584af7-caff-54ab-9fd1-cff9df2e3b67,,,3ae29800-0197-580a-ba81-92bf6d4593cb,1 bowl,GRAM,300.0
67e43d04-1383-5f1b-a5ec-22a056a630bc,,,cf1648d0-d4e2-54f1-8989-a8877bc84d24,100g phần,GRAM,100.0
7f0e0285-c106-5cb5-b8ad-0b851744f532,,,cf1648d0-d4e2-54f1-8989-a8877bc84d24,1 cup,GRAM,170.0
7186aaed-5333-5f11-b9bf-6ad37cb056f6,,,76b7eb91-0a3b-5960-8de9-e2376d45a66d,100g phần,GRAM,100.0
3c837f8d-6812-5fff-9e13-3183c172d342,,,76b7eb91-0a3b-5960-8de9-e2376d45a66d,8.5 oz,GRAM,240.0
48d44fb0-cffa-55c3-bd75-0b6005206953,,,053e95f8-7adb-5df7-bbd0-5351af1f56ad,100g phần,GRAM,100.0
38d784bd-e0f3-505b-9ef8-e096e2159bf5,,,053e95f8-7adb-5df7-bbd0-5351af1f56ad,1 plate,GRAM,200.0
26ffd6be-5378-52ae-bc70-1f971959a9fa,,,7188c586-64a2-5d55-bea0-6c52d5e19d2d,100g phần,GRAM,100.0
24946aca-4ba4-5b64-af72-e00ad11542ba,,,7188c586-64a2-5d55-bea0-6c52d5e19d2d,1 plate,GRAM,250.0
057873f7-38c3-5c28-9687-04efa1fa7c16,,,76eb4277-6d56-5e57-bc08-92860121a5ff,100g phần,GRAM,100.0
b663b1f2-8118-530d-949f-74449d2cdf6c,,,76eb4277-6d56-5e57-bc08-92860121a5ff,4 skewer,GRAM,200.0
67dd8643-a6f0-5e75-8b62-1be798555b8d,,,9bf98e9a-b256-5269-bd7b-d0d6f5c65f94,100g phần,GRAM,100.0
07f8a8f8-7022-5fa9-8291-436c2b0988d8,,,9bf98e9a-b256-5269-bd7b-d0d6f5c65f94,1 pretzel,GRAM,130.0
2fe22f58-d806-57dc-b763-586cde106639,,,453f50bf-ed31-5544-98c2-17c22db6192b,100g phần,GRAM,100.0
49d8a41e-e2ba-54b0-a0f2-74a05dda80be,,,453f50bf-ed31-5544-98c2-17c22db6192b,1 plate,GRAM,250.0
23ea3593-e906-5cd2-9357-cd0fdf963fd5,,,70afbe68-034d-5d49-81ec-c8aeb1d50cbf,100g phần,GRAM,100.0
a478317b-ece6-59b9-8314-804da3fe8ba8,,,70afbe68-034d-5d49-81ec-c8aeb1d50cbf,11.2 fl oz,GRAM,330.0
d9aee1fa-db0d-5580-a321-89af45b6fe22,,,c82f9c4f-08b9-5bc3-b2f9-ed9f4de530f9,100g phần,GRAM,100.0
c1574e38-4d01-53ae-8d14-d5112fc4eb4e,,,c82f9c4f-08b9-5bc3-b2f9-ed9f4de530f9,1 crepe,GRAM,350.0
362300b6-6dde-5546-8fd0-ad30bc7dee9f,,,3dee012b-5a77-51ec-9a73-ea97cd93a890,100g phần,GRAM,100.0
742d9e42-ebda-547c-ba7d-ff1a42786637,,,3dee012b-5a77-51ec-9a73-ea97cd93a890,1 piece,GRAM,50.0
5cf3ef3d-a91b-5ac0-97cc-3fc44984b2a6,,,43d887bb-2a65-573f-ab27-67e4dc9a23df,100g phần,GRAM,100.0
2ecca8e6-1610-5241-9b2c-33e002d3e23c,,,43d887bb-2a65-573f-ab27-67e4dc9a23df,18 fl oz,GRAM,500.0
bb24f024-8876-57e8-a2c5-cb896373d7f4,,,37f1ce7d-661c-5a67-b7fa-3f5997c56ad2,100g phần,GRAM,100.0
d6954195-6f79-5bcd-ac36-41e34f42c109,,,37f1ce7d-661c-5a67-b7fa-3f5997c56ad2,1 can,GRAM,200.0
d9cc6bde-21b1-52d4-8a28-3152c90e1fbd,,,21ba442d-c8ee-5b28-bfed-f7e032a9239b,100g phần,GRAM,100.0
5da1bdf1-8348-5827-a213-f116b02a90a2,,,21ba442d-c8ee-5b28-bfed-f7e032a9239b,2 cup,GRAM,400.0
4819315f-b2a9-5f46-bff4-9acabb081381,,,cd0d9076-18c2-563b-b128-96dc6c031956,100g phần,GRAM,100.0
3bc66003-df68-5d17-aba8-a80ca9c2f662,,,cd0d9076-18c2-563b-b128-96dc6c031956,4 oz,GRAM,113.0
67caf87d-28c8-5588-8fba-4daf73e6019d,,,6fc34fba-49f1-5706-9cf4-aaeea1a5f3d1,100g phần,GRAM,100.0
b68e59b0-3153-5138-8f9e-2035873b8ba5,,,6fc34fba-49f1-5706-9cf4-aaeea1a5f3d1,1 plate,GRAM,200.0
0de3dc84-2478-5d03-9ded-54856dffe8b5,,,c1542ff6-9ce0-5475-894f-a485ee3ab290,100g phần,GRAM,100.0
bbe2ac1c-bdda-5856-b399-6b128ec2d78f,,,c1542ff6-9ce0-5475-894f-a485ee3ab290,1 plate,GRAM,400.0
1eb12298-3231-5354-a0b2-caeec9add180,,,cb4c2583-a202-5ba0-8cc4-0e9ab0fd591f,100g phần,GRAM,100.0
40a50530-a455-5063-a772-5ad3fee68700,,,cb4c2583-a202-5ba0-8cc4-0e9ab0fd591f,1 plate,GRAM,350.0
8e1beb99-16c5-5d3a-afb8-50a8e5fb9e67,,,ecc3aa1f-c089-5961-a607-0db240c91d8f,100g phần,GRAM,100.0
356295c0-706d-50e1-87fb-797b0d3b6034,,,ecc3aa1f-c089-5961-a607-0db240c91d8f,3.5 oz,GRAM,100.0
b50f15c0-c5fd-50db-85c4-1acaf7555bf1,,,f887b7ba-edd9-50fa-a209-21f2c105ff40,100g phần,GRAM,100.0
ac924a25-4eed-5fc5-8976-a622e0e858d8,,,f887b7ba-edd9-50fa-a209-21f2c105ff40,1 cup,GRAM,300.0
0f5ce03d-51c6-571a-a6aa-294683d184c1,,,886ae69b-43d7-528d-9fb5-acb5bc780b32,100g phần,GRAM,100.0
1ac06cf1-2d05-5c28-a5b7-397de64b2bf2,,,886ae69b-43d7-528d-9fb5-acb5bc780b32,1 samoosa,GRAM,50.0
94b85d13-b948-52b9-875b-fcf6f4f9a116,,,a59d7205-16e7-50a3-9983-3003ddb8302e,100g phần,GRAM,100.0
8732f58c-9322-519e-9c1c-d566283bc0fc,,,a59d7205-16e7-50a3-9983-3003ddb8302e,10 fl oz,GRAM,300.0
a7d8d1f1-3756-5b5a-8ae0-79b9a18cd27d,,,e3e0fe3d-e099-506c-883d-b95c38c6658a,100g phần,GRAM,100.0
4e90a027-015e-5a09-8fb2-ac7f24e75871,,,e3e0fe3d-e099-506c-883d-b95c38c6658a,1 plate,GRAM,250.0
a73dd2a5-6d95-5830-a2e9-b0b9985daa21,,,171b297e-22a0-58d5-b9b8-902a691418e8,100g phần,GRAM,100.0
6f57fb66-d0ad-5343-956f-5aeb46ed9d89,,,171b297e-22a0-58d5-b9b8-902a691418e8,1 slice,GRAM,30.0
799894d4-07bb-51ae-bc15-09f2c35d0221,,,6d5b89b9-cb9e-5c64-8bf6-935a2f47c6ba,100g phần,GRAM,100.0
9e3c24b3-9b46-5803-9913-e22b75e81667,,,6d5b89b9-cb9e-5c64-8bf6-935a2f47c6ba,1 plate,GRAM,200.0
92ed21b6-e1b0-5135-b6d5-46a2178142d2,,,c3b0ac2c-a9c4-594e-ada1-ae03708293b5,100g phần,GRAM,100.0
7627393a-732a-59e6-b3c9-eba4f16df12f,,,c3b0ac2c-a9c4-594e-ada1-ae03708293b5,1 piece,GRAM,130.0
f91eb8e2-f43a-58ae-8257-473249e7161a,,,9fc7cfd6-21e3-54c7-beeb-e71fa3c829a9,100g phần,GRAM,100.0
3e480376-44eb-506a-8df2-c8b2d937bb50,,,9fc7cfd6-21e3-54c7-beeb-e71fa3c829a9,1 plate,GRAM,300.0
3278d5c5-9144-5be6-b763-0a9a7a43b6f0,,,094b74e7-bab4-5ee4-8632-d0b352c41655,100g phần,GRAM,100.0
d08b27fe-b1d4-55a0-b9b0-b744c351ec4b,,,094b74e7-bab4-5ee4-8632-d0b352c41655,1 pigeon,GRAM,450.0
e1522db4-706e-5d0d-96d5-a943748ae848,,,9f2654ca-d37e-5ac2-a333-988db8c8ceae,100g phần,GRAM,100.0
8d9c6de1-7a65-523f-baeb-763ed2f6e10c,,,9f2654ca-d37e-5ac2-a333-988db8c8ceae,1 bowl,GRAM,275.0
125da492-5ede-51a4-89ec-4ba7524c53ba,,,602d8200-528b-58b8-aa14-c70b9c65e468,100g phần,GRAM,100.0
443fa997-b5a2-594c-99b3-6c7ebf202dae,,,602d8200-528b-58b8-aa14-c70b9c65e468,1 slice,GRAM,30.0
254a770f-9d8f-5883-9899-60e8449531da,,,d7943b78-9d69-5fa4-94df-58e59233045d,100g phần,GRAM,100.0
e1ae0f26-3af4-5c84-8f03-4ad53195ddac,,,d7943b78-9d69-5fa4-94df-58e59233045d,2 tbsp,GRAM,30.0
e5be565c-edcd-512c-b165-670420233102,,,ed9decff-40b5-5bac-970a-bedcd1cb48ce,100g phần,GRAM,100.0
a139dcab-039a-5261-aed2-1e66ec6756c2,,,ed9decff-40b5-5bac-970a-bedcd1cb48ce,12.7 fl oz,GRAM,375.0
0ecf856f-2416-5619-84a6-a0951d2418ad,,,c4af6d45-0de9-5403-83ec-1c5b8605eb9b,100g phần,GRAM,100.0
88101a06-85fc-513a-82d0-b4c985a1a672,,,c4af6d45-0de9-5403-83ec-1c5b8605eb9b,1 bowl,GRAM,350.0
0ed19d15-3da3-512d-9b06-08c72214c6f3,,,a8886dfd-f277-5dce-b3d6-137234fda147,100g phần,GRAM,100.0
b41127ac-236e-5c81-ac80-9e4a018dcd6d,,,a8886dfd-f277-5dce-b3d6-137234fda147,1 cup,GRAM,236.0
2b456dc4-03cf-5193-9ead-e05a8f6f86d0,,,2f1d803f-579f-5c87-8e0a-c69f70d1f2c8,100g phần,GRAM,100.0
cb5d852e-ab6c-57b7-a300-3582a7e048dc,,,2f1d803f-579f-5c87-8e0a-c69f70d1f2c8,1 plate,GRAM,500.0
f73e24e4-fade-5f49-a452-07b08f1cf109,,,d2c305a9-2192-5577-8885-dd8111ed7323,100g phần,GRAM,100.0
006812e7-05d8-5499-9fa2-4394cef9e56c,,,d2c305a9-2192-5577-8885-dd8111ed7323,1 cup,GRAM,240.0
fbd3e926-291a-58a1-8949-2667bdfc5462,,,97511817-8f80-58e4-8749-329b27f0a23f,100g phần,GRAM,100.0
46079124-8e12-5412-ab62-57edef64095d,,,97511817-8f80-58e4-8749-329b27f0a23f,1 empanada,GRAM,130.0
41637d00-6ae7-5a26-b474-255f4893cbdf,,,5e24fd45-2b6d-5b03-8430-570e1aa83adc,100g phần,GRAM,100.0
484392a7-b22d-5536-80c3-9826e0c08050,,,5e24fd45-2b6d-5b03-8430-570e1aa83adc,1 donut,GRAM,72.0
32408872-03ed-55e5-9be0-afd9ab8926cc,,,b5119809-e698-5881-989b-e8e3b8dc8d85,100g phần,GRAM,100.0
d2195028-5f33-5a14-b08f-1ed89e7b34cd,,,b5119809-e698-5881-989b-e8e3b8dc8d85,1 burrito,GRAM,610.0
34a3c81f-40b8-537f-90e8-c4586e1b2520,,,dde0fc3f-8070-5b53-8524-91bbe69e5616,100g phần,GRAM,100.0
cf7a52ba-2dba-5af4-a60a-b8df4cea2185,,,dde0fc3f-8070-5b53-8524-91bbe69e5616,16 oz,GRAM,473.0
fa3ee712-e37b-5c47-b50b-4b127d2a8312,,,8fc657e2-0b14-5890-9090-8f7cfa292b15,100g phần,GRAM,100.0
6901ffc0-8906-5253-a5f4-e8d7628fa3e5,,,8fc657e2-0b14-5890-9090-8f7cfa292b15,1 marranito,GRAM,105.0
59fd4443-9bfc-557e-ab7e-484923f2df32,,,b040b12e-082b-5250-8e55-6054379127f1,100g phần,GRAM,100.0
fdd66264-8155-53cd-8a8f-e21669f97a1e,,,b040b12e-082b-5250-8e55-6054379127f1,3 pancake,GRAM,200.0
4fddf2bc-c4fd-53f9-8b93-71fefb55211e,,,9758af36-275f-51f0-8168-6746ad5b822c,100g phần,GRAM,100.0
45c98a29-a1a9-5f0e-a017-2525ec3986b8,,,9758af36-275f-51f0-8168-6746ad5b822c,1 tbsp,GRAM,15.0
997a379a-0b2d-5746-8848-f2a52e382d8d,,,76e20119-8610-51be-ada0-9761ee8bfec9,100g phần,GRAM,100.0
2c163b3c-36d2-5141-9d4a-373446f5d8c4,,,76e20119-8610-51be-ada0-9761ee8bfec9,1 slice,GRAM,100.0
fb4c0005-fa28-5acd-9832-848a0ddbca21,,,390453cc-16af-5af4-8de8-96674145a200,100g phần,GRAM,100.0
4844e577-bfaf-5417-a469-e9a1219b03cc,,,390453cc-16af-5af4-8de8-96674145a200,1 cup,GRAM,150.0
f9df956f-c58c-56fb-9e9b-f45716c04846,,,b2035083-3ca0-571a-aee5-e6e36f1c7abb,100g phần,GRAM,100.0
2493f0ee-12cc-5aed-9f50-3845bf8b4a3b,,,b2035083-3ca0-571a-aee5-e6e36f1c7abb,1 piece,GRAM,18.0
941b9668-9563-505c-8d25-4362f4799051,,,c311276e-1823-5e15-a5a1-8f935ee7bda3,100g phần,GRAM,100.0
aa1fc697-211f-545e-a597-8ef61ff9d55d,,,c311276e-1823-5e15-a5a1-8f935ee7bda3,1 bowl,GRAM,250.0
8b2a1064-3134-578d-ad5c-af4e706a5dc0,,,0e53791a-a8d0-5ccf-8d21-36eb8e2dd1f7,100g phần,GRAM,100.0
2d8d3202-010b-573f-933c-daeead90c6d1,,,0e53791a-a8d0-5ccf-8d21-36eb8e2dd1f7,1 slice,GRAM,120.0
9578059a-4624-5c85-8aeb-85d18fd84795,,,521cb097-168b-53af-8a49-c7e31335320a,100g phần,GRAM,100.0
199a1fee-9dd5-5c90-a325-c28add395958,,,521cb097-168b-53af-8a49-c7e31335320a,1 bottle,GRAM,330.0
7971e5dd-bbe4-55c6-b992-1e97a01acc15,,,600d6dd8-6f94-5126-856d-7d923205e210,100g phần,GRAM,100.0
8da376ba-4b80-5022-bc4e-ec412e38acb7,,,600d6dd8-6f94-5126-856d-7d923205e210,1 oz,GRAM,28.0
02d3fb13-22c5-5c79-b78f-472a0e48be92,,,c74c3b54-107e-5ae0-8076-ca2e8f182e7f,100g phần,GRAM,100.0
3d9d7775-6f3b-555c-9669-048a108fca87,,,c74c3b54-107e-5ae0-8076-ca2e8f182e7f,1 slice,GRAM,50.0
d8f4e700-76f6-516f-8433-f0b32dbe0aa9,,,48b5b7f8-1388-5601-bcf1-6eb4facb201d,100g phần,GRAM,100.0
f3ac0cd3-497d-5698-ae5e-f32b99f3e899,,,48b5b7f8-1388-5601-bcf1-6eb4facb201d,1 pancake,GRAM,125.0
ea42dc80-fb0a-50bc-b7f4-74d62099989a,,,55100361-1e4c-5170-a4c3-b59aa8464c61,100g phần,GRAM,100.0
504ddde2-febd-5ace-a775-b5379efb4cb5,,,55100361-1e4c-5170-a4c3-b59aa8464c61,1 slice,GRAM,75.0
fc692734-3777-5607-bec5-14b71089a067,,,3c2d9cdd-51dc-5e83-88dc-8ce923ffdce9,100g phần,GRAM,100.0
69184e44-e63f-56d8-b87d-70cd2c00594f,,,3c2d9cdd-51dc-5e83-88dc-8ce923ffdce9,1 cup,GRAM,235.0
b0bb7d04-81ad-5b70-90f9-03e66ec47a4d,,,6f87eb98-6c6d-5321-8620-e10f1daea995,100g phần,GRAM,100.0
e84136b6-18f5-5dd0-9b9c-8c342f7bd9b7,,,6f87eb98-6c6d-5321-8620-e10f1daea995,1 plate,GRAM,600.0
62d8b894-a0bb-5b9f-9067-f7ed99e3a8f2,,,842af0e0-3fd2-583e-afd8-18b638d17979,100g phần,GRAM,100.0
cb303976-0744-5101-b890-802e80c06566,,,842af0e0-3fd2-583e-afd8-18b638d17979,4 fl oz,GRAM,120.0
174460b9-b785-5bc8-88a7-63ab559ab06b,,,26f50778-3503-5fcd-8d13-0c1ac00542b6,100g phần,GRAM,100.0
1f61596d-9396-5e23-947f-6fc841eb9137,,,26f50778-3503-5fcd-8d13-0c1ac00542b6,2 tbsp,GRAM,30.0
66fe9e72-2ecc-5333-aff4-78c10a91436a,,,4d0dae01-6310-579d-9d9b-f31a13de8537,100g phần,GRAM,100.0
df9851a3-1392-5b14-8e37-c24f202f1873,,,4d0dae01-6310-579d-9d9b-f31a13de8537,1 plate,GRAM,250.0
a6d4bc39-b000-53fc-832e-87e839ddb539,,,d6cd0f67-a9af-5caf-abe8-3fe2581b1998,100g phần,GRAM,100.0
0544a125-cb41-5892-aed6-1d2cab45d6fe,,,d6cd0f67-a9af-5caf-abe8-3fe2581b1998,4 meatball,GRAM,170.0
d21bcb41-c88e-521c-96ad-a7eaf747ca34,,,30b0e9c2-db19-5f8f-ad74-76d2e9563686,100g phần,GRAM,100.0
06638b26-3928-588f-85ed-225f7088c243,,,30b0e9c2-db19-5f8f-ad74-76d2e9563686,1 omelet,GRAM,150.0
6f06c94d-23dd-5753-bbfb-428731d9067d,,,b13173c0-b1ac-5ebb-9d97-1068a3da0937,100g phần,GRAM,100.0
d3f29c37-b354-5590-a250-3148da53ee94,,,b13173c0-b1ac-5ebb-9d97-1068a3da0937,5.3 oz,GRAM,150.0
2c5eebff-116f-514b-a407-ea0149dc3c39,,,d802a52e-1561-51d7-98ce-b92d6734b644,100g phần,GRAM,100.0
d5f71de7-17b8-57e0-ac72-c25d23891260,,,d802a52e-1561-51d7-98ce-b92d6734b644,12 oz,GRAM,355.0
f3de5cb5-ef55-5dae-b51b-39e0577a78e8,,,eccb6dd2-0b6a-5808-838c-f0d464afe268,100g phần,GRAM,100.0
d56ac22f-7600-5c0b-8d66-38fe8ae971ff,,,eccb6dd2-0b6a-5808-838c-f0d464afe268,12 fl oz,GRAM,360.0
42ecedb7-736b-5367-9864-9b6804de14c9,,,88aeb459-8dbf-5a59-9df0-08a47c508a71,100g phần,GRAM,100.0
33342ee7-dd96-5896-83c9-e50b792b1216,,,88aeb459-8dbf-5a59-9df0-08a47c508a71,8 oz,GRAM,227.0
b6748845-6e69-5a7a-806a-1fe93f7293e5,,,18072af2-a2ff-56b0-a0da-0fc19eba02af,100g phần,GRAM,100.0
dd30b09e-53ad-5c14-832c-227f3c3bad99,,,18072af2-a2ff-56b0-a0da-0fc19eba02af,1 plate,GRAM,400.0
04422195-f63d-5585-8128-80b86f5dabac,,,cfb0473a-4aa0-5cb5-99fb-cd5b815830e7,100g phần,GRAM,100.0
065196e9-fcf0-5bfc-86d5-a5da3c5eec33,,,cfb0473a-4aa0-5cb5-99fb-cd5b815830e7,1 plate,GRAM,400.0
9eb6204a-8051-5075-8b13-5dbe9d1dcbfd,,,b912c439-319f-5743-a285-022fd2dadb4d,100g phần,GRAM,100.0
9d2f3fea-a3bb-59f0-a871-896277dbd2f2,,,b912c439-319f-5743-a285-022fd2dadb4d,1 plate,GRAM,300.0
42ac272d-e71e-5c1b-aa2c-753be93ac0ec,,,aec8ee66-19aa-5209-8bca-dbbfdd4229a2,100g phần,GRAM,100.0
15a0afb2-5aa6-5e25-8d91-0a3fcbbdf63a,,,aec8ee66-19aa-5209-8bca-dbbfdd4229a2,1 plate,GRAM,235.0
d0470adb-e69d-5f39-b44f-fb567cbfe00d,,,eee27a1b-de7c-54db-a4d0-01614ce20664,100g phần,GRAM,100.0
8045b3da-7e72-5101-a7c6-d91534c1bb43,,,eee27a1b-de7c-54db-a4d0-01614ce20664,3 tbsp,GRAM,42.0
bf61e9ec-e4d2-55e8-8959-9bc2082f800a,,,0ef4af25-b715-5231-9365-6caeaa3aa5a8,100g phần,GRAM,100.0
0bc168c8-1fd8-5d5b-a416-8a2a446418c4,,,0ef4af25-b715-5231-9365-6caeaa3aa5a8,3 patty,GRAM,100.0
7ed27bfb-5f1f-56a7-b7fd-6af22fa1a610,,,8f37c998-22f5-5ed6-847e-d1d994f687d8,100g phần,GRAM,100.0
c399579d-3c2b-530c-b7a9-f84c0147406d,,,8f37c998-22f5-5ed6-847e-d1d994f687d8,8.5 fl oz,GRAM,250.0
efcd0892-3a50-5b4a-97b1-82838442ed27,,,b232bec7-911a-56bc-a75b-f2bd25fb4eff,100g phần,GRAM,100.0
5ce3ec74-7b9d-54ce-89ca-1b2e67515163,,,b232bec7-911a-56bc-a75b-f2bd25fb4eff,1 sope,GRAM,150.0
f10cee39-97a6-557a-a4ab-b561db4d4e01,,,6a5b21ff-26a3-5b6a-8992-daae753d8da4,100g phần,GRAM,100.0
ed852da2-dddc-5997-b652-220845ed0372,,,6a5b21ff-26a3-5b6a-8992-daae753d8da4,1 popper,GRAM,40.0
be6a64bb-14fe-5296-8671-cb8de5bac28b,,,87d76b41-6485-5d9c-8d01-f3b78f85d1f9,100g phần,GRAM,100.0
3e26d8b6-6d88-5cf5-af46-aced29ab31ec,,,87d76b41-6485-5d9c-8d01-f3b78f85d1f9,2 oz,GRAM,56.0
c46a38a5-f442-5788-9b0f-900519dda58d,,,be69f649-2a41-54a6-9ab3-08527cf9460a,100g phần,GRAM,100.0
110bb736-add5-5b4e-8746-99655edc273c,,,be69f649-2a41-54a6-9ab3-08527cf9460a,1 cup,GRAM,250.0
b9319612-8acb-5b9d-89cd-8ff7e8d991e9,,,1cee9f4a-e2f1-5344-b0ae-74ad303b7ec8,100g phần,GRAM,100.0
d3269e7c-8992-558f-beaf-90a8154f2983,,,1cee9f4a-e2f1-5344-b0ae-74ad303b7ec8,1 cup,GRAM,240.0
8777ed65-ba86-5c12-a510-888538c3af0f,,,38b291d1-5bd5-5e12-8349-e7f5318343e0,100g phần,GRAM,100.0
5cca837d-52c6-589e-8fe7-c89ac22dab7b,,,38b291d1-5bd5-5e12-8349-e7f5318343e0,16 fl oz,GRAM,473.0
fe315974-989f-5332-a240-fad0623f113d,,,a4f952db-92a0-57a4-b705-2401b0d36f01,100g phần,GRAM,100.0
7bc69402-d511-57bc-b16f-02a63561ee56,,,a4f952db-92a0-57a4-b705-2401b0d36f01,1 slice,GRAM,90.0
4c2e44a8-6b63-53d4-aea0-2a7e611c705d,,,52400655-2e7f-5b71-b582-e9aa4ca9314a,100g phần,GRAM,100.0
202940d3-4df1-5bc3-bfd9-59dd6caa06c9,,,52400655-2e7f-5b71-b582-e9aa4ca9314a,5 piece,GRAM,280.0
3b1c62ef-4ef9-5333-8868-faa2c0d13a81,,,fb2c580b-e177-5507-a64c-8e343f02579f,100g phần,GRAM,100.0
c9f182a2-20f5-57c3-90b8-71ead830d9b9,,,fb2c580b-e177-5507-a64c-8e343f02579f,3 pancake,GRAM,350.0
44672abe-2d1a-5738-bf34-bb1a1a7a0aa6,,,133205ce-3c08-5a20-913f-a587639289be,100g phần,GRAM,100.0
18dba3d4-43d5-5bb1-a0ca-bf681f617d37,,,133205ce-3c08-5a20-913f-a587639289be,1 cup,GRAM,250.0
93c429a6-7599-5de2-8ac2-6255219a1a65,,,ef327119-d199-5886-9428-aeb2ace4ee39,100g phần,GRAM,100.0
943c385c-0386-55f0-8b8d-4996592f8abb,,,ef327119-d199-5886-9428-aeb2ace4ee39,1 plate,GRAM,100.0
fd685eab-9d36-5132-b8cb-59efe5f84f2e,,,5c87aab4-72ec-515d-8403-23e102fe283e,100g phần,GRAM,100.0
116e0e8c-891b-5719-8186-17ea4d7b85c9,,,5c87aab4-72ec-515d-8403-23e102fe283e,4 fritter,GRAM,120.0
a6c86619-6240-51f4-9625-f3f9b5ab5652,,,30af3e70-017b-50a3-bc41-29f37b1febf1,100g phần,GRAM,100.0
a6d17411-658e-53ca-958e-ed3f83f8a2b0,,,30af3e70-017b-50a3-bc41-29f37b1febf1,1 cup,GRAM,250.0
1d6fc569-da41-5ef0-8886-371465344d36,,,d3e62280-0d96-5c0b-88a9-b588211b6b49,100g phần,GRAM,100.0
ed5d654e-87ee-5366-865f-d904ada64bde,,,d3e62280-0d96-5c0b-88a9-b588211b6b49,1 sandwich,GRAM,300.0
d0195cca-5442-5c57-a6bf-0230abc86b56,,,648f2b30-b2e5-557e-b284-949a645bb720,100g phần,GRAM,100.0
3d80e77a-5a98-5a65-bdb7-d53216304070,,,648f2b30-b2e5-557e-b284-949a645bb720,1 pastry,GRAM,80.0
4c9579f3-fcfa-5aa2-958a-d0df0ecf915b,,,f68610e5-1538-53fe-befb-7b2f76a4ddff,100g phần,GRAM,100.0
d6b43060-90fc-51dd-9965-5fbb2ebbc42e,,,f68610e5-1538-53fe-befb-7b2f76a4ddff,1.5 cup,GRAM,360.0
bb09477f-bac1-5dbe-b237-25ccf3412533,,,547834ef-7a83-5c3e-9984-4f2017744608,100g phần,GRAM,100.0
bd568d6a-05af-5cfd-bbee-1ee14065bcf7,,,547834ef-7a83-5c3e-9984-4f2017744608,1 slice,GRAM,22.0
53310a4f-a934-5ede-abc9-430888c85fc4,,,dd4d680c-51fd-5c17-afaf-82ab90ad1072,100g phần,GRAM,100.0
02539ea5-a31b-5121-a6d1-4b66b2cc5844,,,dd4d680c-51fd-5c17-afaf-82ab90ad1072,1 bowl,GRAM,400.0
031a6951-49ab-5e94-9f3e-31899f2455a6,,,f97becf5-fb58-5a5f-92cb-a630b4685788,100g phần,GRAM,100.0
7f053998-ee00-5c7b-a919-c2ab665f97df,,,f97becf5-fb58-5a5f-92cb-a630b4685788,1 manakish,GRAM,250.0
487ab9cb-e8f3-51e8-82bd-810524af5aa2,,,d300521f-9392-5c87-8925-1a3e21e22467,100g phần,GRAM,100.0
117f73c7-00ee-5b3a-996c-fd656b3f02c1,,,d300521f-9392-5c87-8925-1a3e21e22467,1 skewer,GRAM,25.0
c10b6c11-64f8-5e39-9e3c-2f4f73ce191d,,,eca5f6a3-e5b5-5ff9-b14f-b3b143c1f1b2,100g phần,GRAM,100.0
f3229bb6-44e5-5c02-9012-efa4732f8750,,,eca5f6a3-e5b5-5ff9-b14f-b3b143c1f1b2,1 plate,GRAM,250.0
d554b979-dde0-5878-9e45-a9425807dd89,,,5d3f3e16-6db3-59e0-8e2c-8fe7b784da78,100g phần,GRAM,100.0
6fbbe305-f923-5ff4-881d-3b26838a49ab,,,5d3f3e16-6db3-59e0-8e2c-8fe7b784da78,8.4 fl oz,GRAM,250.0
6a172630-a2d8-5e8d-bc31-84ba6bcec7de,,,141af268-a330-5895-86b3-0f941c9f4802,100g phần,GRAM,100.0
3177ea3b-add3-5c93-b410-20c1848a4338,,,141af268-a330-5895-86b3-0f941c9f4802,1 quesillo,GRAM,120.0
1fc8594f-971e-53bf-ac20-e648e238b873,,,22c61544-dd70-545a-8d22-695f614ec6cb,100g phần,GRAM,100.0
5bec5567-2e78-5bf9-9ab0-3ec9790a1b2c,,,22c61544-dd70-545a-8d22-695f614ec6cb,1 serving,GRAM,50.0
ad1540f5-c532-5ad8-92d1-f1b76ae9d9db,,,480c9608-0f52-5249-ab5c-b306fc57ed75,100g phần,GRAM,100.0
80bd99a0-20b3-579e-be54-b6c3cde8a6a9,,,480c9608-0f52-5249-ab5c-b306fc57ed75,0.5 cup,GRAM,120.0
9293f049-0e5f-5514-8033-fd71d412e17f,,,936a66a3-a33c-5067-a407-40e13bfe87b2,100g phần,GRAM,100.0
b9fd905e-378a-5b9f-9a41-d22775d9bd73,,,936a66a3-a33c-5067-a407-40e13bfe87b2,1 slice,GRAM,191.0
924ddeed-964a-52cd-8e8a-69745e31c22c,,,dc5c879f-d739-5c56-b299-50452f17fae5,100g phần,GRAM,100.0
0bb8270b-9d6e-57a2-9eaa-024807c1d64e,,,dc5c879f-d739-5c56-b299-50452f17fae5,1 pancake,GRAM,100.0
38c2149a-2cee-5aab-a61a-4aaefafbab58,,,bd215697-4879-54df-977c-9391b65f0b32,100g phần,GRAM,100.0
c57bb854-d770-5a25-980a-2fc440b8943a,,,bd215697-4879-54df-977c-9391b65f0b32,1 bottle,GRAM,500.0
2c0de3ea-271f-5d57-ba67-9793730baea8,,,9c157752-156e-5ca6-8095-2de5526f0fcb,100g phần,GRAM,100.0
165ed586-cfad-5cee-bcc4-da59dabf3c54,,,9c157752-156e-5ca6-8095-2de5526f0fcb,1 slice,GRAM,100.0
d7a1ce3e-c59d-5e78-9178-f73d4b3333e9,,,a2c2425f-f5e7-56de-a4a6-b14838f13190,100g phần,GRAM,100.0
9a5d8e6a-4648-5bc2-a62f-d3d2693d18bc,,,a2c2425f-f5e7-56de-a4a6-b14838f13190,1 plate,GRAM,400.0
4a0c7a3e-236b-5b0f-840e-860bf6d516c1,,,49f2c2f3-8cc3-5b84-8658-0a31e31b336b,100g phần,GRAM,100.0
8deecbdc-98e7-5ec0-ac2f-3a3007bc3678,,,49f2c2f3-8cc3-5b84-8658-0a31e31b336b,1 piece,GRAM,120.0
e018fd20-8a7d-5900-9e09-7b623e1235b6,,,e10ba6d3-90fe-514a-8f2a-1da45a118ead,100g phần,GRAM,100.0
87d85d25-3ce4-5d03-bcde-17c3312ac4eb,,,e10ba6d3-90fe-514a-8f2a-1da45a118ead,1 pastry,GRAM,139.0
55fe23a6-c948-5240-bef2-f90930d3b59f,,,846c7376-cf30-536a-aa51-12ac362dc463,100g phần,GRAM,100.0
3a897648-700a-5b9f-9ea4-3bec7f6b858f,,,846c7376-cf30-536a-aa51-12ac362dc463,1 slice,GRAM,200.0
a0baa85a-4bd6-557a-a0e8-a5793976fef1,,,4aec3658-7211-59bf-a25e-60f7f36a8010,100g phần,GRAM,100.0
76158c32-7180-5105-b534-fac16bb5502a,,,4aec3658-7211-59bf-a25e-60f7f36a8010,1 piece,GRAM,26.0
dd859707-b571-5f62-aca2-8bd2bb1ca274,,,e1115505-7912-5bce-81b8-82fc254a8e9c,100g phần,GRAM,100.0
167c92ac-8361-5847-b87f-a5c5411e6295,,,e1115505-7912-5bce-81b8-82fc254a8e9c,1 plate,GRAM,110.0
2446a4ce-d761-5dbb-b827-b18f854f959d,,,599d2439-428b-541c-a9c4-53946f67f641,100g phần,GRAM,100.0
6ccd99da-0a70-5df5-a55d-0bb36a8468d7,,,599d2439-428b-541c-a9c4-53946f67f641,10 fl oz,GRAM,300.0
6760f070-844b-5463-889c-dac818e4c59f,,,b7a1418d-005d-56b9-9e6c-e3098d67aaf1,100g phần,GRAM,100.0
2af1d5c4-0958-51df-9dca-6e25ca736765,,,b7a1418d-005d-56b9-9e6c-e3098d67aaf1,1 plate,GRAM,302.0
5d801f4a-893c-5dfd-a780-a1a04a1f1361,,,76e75d2c-255d-59a7-b65c-3112b7320fec,100g phần,GRAM,100.0
e8951f2f-ee51-534a-9cbb-8ac21944a13f,,,76e75d2c-255d-59a7-b65c-3112b7320fec,1 plate,GRAM,350.0
16480969-1242-5e42-a295-b30f75742cce,,,7ea5b257-5b7b-52c0-9348-ca7c6cc3495c,100g phần,GRAM,100.0
55a86ce2-b9bb-51e3-9c39-062b9d1dae86,,,7ea5b257-5b7b-52c0-9348-ca7c6cc3495c,1 plate,GRAM,450.0
3efb13ba-6508-5a82-8190-bb4afad9f053,,,ee2b8670-00d6-5df2-96ad-bad139aec490,100g phần,GRAM,100.0
60488144-25b8-5383-b19d-da015df7d843,,,ee2b8670-00d6-5df2-96ad-bad139aec490,1 plate,GRAM,500.0
c9a950eb-4f85-5473-9de8-f65f84a5ed5b,,,bf1bda92-56ec-5ab3-89b6-273626a21a10,100g phần,GRAM,100.0
7047cb4f-1d67-514f-9dea-9ac40ff36871,,,bf1bda92-56ec-5ab3-89b6-273626a21a10,1 dumpling,GRAM,250.0
0a457be9-eb73-5c7c-9779-5a8cc1b2ca81,,,6490dab0-485b-51cb-bc71-f9955a41770e,100g phần,GRAM,100.0
ba91ea0c-c651-5854-85aa-e6d84ab2e01f,,,6490dab0-485b-51cb-bc71-f9955a41770e,1.5 cup,GRAM,360.0
efed83a7-9475-56af-9f53-3516a477b7d6,,,13b555a3-dbdd-5fd2-8422-7ba04b24d3a4,100g phần,GRAM,100.0
7776c9c6-9bf3-53a8-9c96-1d4d3c8338ab,,,13b555a3-dbdd-5fd2-8422-7ba04b24d3a4,1 cup,GRAM,240.0
e2e31e7d-cd6f-54ae-a32d-6d83fad86fcc,,,2e344684-d67f-59b4-9dc7-3048126a4e52,100g phần,GRAM,100.0
993e04e7-b225-5c70-90a2-8c31ebdbb3de,,,2e344684-d67f-59b4-9dc7-3048126a4e52,1 slice,GRAM,100.0
6bc179db-7ef8-5662-af78-7b4930b517cd,,,b25ba1ba-2f48-5f97-9360-c9f87e07c700,100g phần,GRAM,100.0
4c192d21-ca70-5a31-b5c7-04c4731893ea,,,b25ba1ba-2f48-5f97-9360-c9f87e07c700,1 cup,GRAM,280.0
520a9bb3-221c-5e4c-b6b7-4a1c92235aae,,,86768d58-3126-55ec-9068-91564af70f1f,100g phần,GRAM,100.0
91aac208-7ad5-5b1f-8485-89dd9a9c35e5,,,86768d58-3126-55ec-9068-91564af70f1f,1 plate,GRAM,250.0
662e1127-189f-5f8f-b730-8488f19f33b7,,,286afe21-ed53-5d80-b3d7-a6ea21f8e644,100g phần,GRAM,100.0
f0923f9b-3a7c-5e67-bf71-934b9a539c9f,,,286afe21-ed53-5d80-b3d7-a6ea21f8e644,1 bowl,GRAM,300.0
87c8a8f5-9a58-5041-a84c-a083ab527ee1,,,ba81dfaf-5399-5329-9361-12b0be009273,100g phần,GRAM,100.0
766e8e77-90f4-5f57-8713-10aefeb56c1b,,,ba81dfaf-5399-5329-9361-12b0be009273,1 slice,GRAM,128.0
141f5571-a050-5332-9258-74e27dafafb4,,,afb16c93-436e-5721-be4d-8e69d5e74c67,100g phần,GRAM,100.0
8460cf95-9f57-5cfa-bce4-3574234d2812,,,afb16c93-436e-5721-be4d-8e69d5e74c67,1 plate,GRAM,450.0
ad445048-dabd-54a6-ab3a-26c571cd6bfc,,,5aa693ea-c95b-52ed-a76d-2ccf828b021e,100g phần,GRAM,100.0
f7ddec1a-8d60-51ee-93eb-358fa653b40a,,,5aa693ea-c95b-52ed-a76d-2ccf828b021e,1 half avocado,GRAM,100.0
71703ffd-fa7f-5cc0-a6f1-16f760024060,,,67cadcd4-fc87-51c8-bf36-79848ad2eaa6,100g phần,GRAM,100.0
8aae47b1-2f18-5b72-8243-e0a1392016cd,,,67cadcd4-fc87-51c8-bf36-79848ad2eaa6,1 pastelito,GRAM,21.0
a031b7c4-30e8-55ca-83bc-78fad52dc6d3,,,5c038853-8c03-5498-abd9-a2f6815c74ca,100g phần,GRAM,100.0
ee6eb227-423a-57a4-aec1-98eee590c06b,,,5c038853-8c03-5498-abd9-a2f6815c74ca,1 plate,GRAM,350.0
cb41442b-e306-59e4-8e36-b295c95ae47a,,,a8db4f83-a4ef-58a5-b204-9565bddd497f,100g phần,GRAM,100.0
9ea20553-529a-5a3f-bee8-7619e29ae397,,,a8db4f83-a4ef-58a5-b204-9565bddd497f,1 cup,GRAM,236.0
d6940562-48f0-5ab5-89fa-a44f18911d08,,,34165e4b-68c5-55ad-bbe9-2498fc2840db,100g phần,GRAM,100.0
dc08e936-ef27-582d-8b1b-f415f80d2a92,,,34165e4b-68c5-55ad-bbe9-2498fc2840db,12 fl oz,GRAM,355.0
3a63e23f-e160-55d3-b28b-ececa8e3e931,,,908ce772-b701-5cf2-bd56-9cfbfb83f6ac,100g phần,GRAM,100.0
a6e2ba4e-e11c-5ff9-a569-d781be504eb0,,,908ce772-b701-5cf2-bd56-9cfbfb83f6ac,5 roll,GRAM,300.0
f0f29316-0c15-5ad6-ab62-a3ad286332e9,,,8361dc00-c74f-561c-9507-cde24a32954e,100g phần,GRAM,100.0
910ab41d-2a39-5bae-9e52-ef00542ba36e,,,8361dc00-c74f-561c-9507-cde24a32954e,1 plate,GRAM,300.0
50c78652-de3e-578b-b8e8-aac24658825c,,,97bdc711-1ef2-5ba0-a82e-d604d2f2067e,100g phần,GRAM,100.0
9a1313d3-74fb-57d6-90ec-0a2f501f7ed0,,,97bdc711-1ef2-5ba0-a82e-d604d2f2067e,1 plate,GRAM,240.0
4095ccb5-f537-592f-8729-80520ee064bb,,,311450ef-f82b-593d-bc87-7af2fba07fcf,100g phần,GRAM,100.0
1b68a27c-cccb-50dc-bf4b-f0cbef5cf81a,,,311450ef-f82b-593d-bc87-7af2fba07fcf,5 piece,GRAM,190.0
7665fd3e-d35b-5704-8827-8af372996d7b,,,3b54da1e-d04f-53c2-a61b-afd4365093d7,100g phần,GRAM,100.0
d312e975-f640-59ba-810e-c57aac06b032,,,3b54da1e-d04f-53c2-a61b-afd4365093d7,1 shot,GRAM,50.0
16c851ba-dd4e-5252-aa26-7b915db12244,,,38690fcb-50f7-5832-83c6-afe4b5e1a1bf,100g phần,GRAM,100.0
a8371533-af94-539a-9382-0064db5d33eb,,,38690fcb-50f7-5832-83c6-afe4b5e1a1bf,1 affogato,GRAM,372.0
8d62a54e-a32c-51b6-acb5-3e9e8f334e9a,,,0bc6064d-3707-55a9-93e2-561fe24d5a6f,100g phần,GRAM,100.0
a44a4f86-83b4-5df0-b01e-ffca122070d0,,,0bc6064d-3707-55a9-93e2-561fe24d5a6f,6 ball,GRAM,100.0
6de64c39-b7a6-57b5-a06b-837fe828fc8d,,,eb6cbdf7-af32-5479-9d22-2c2cff0402f1,100g phần,GRAM,100.0
4cfad6e2-cd43-54c6-a698-b73f5d29bc49,,,eb6cbdf7-af32-5479-9d22-2c2cff0402f1,1 plate,GRAM,900.0
48199248-a0d9-5988-8480-bd063cff271f,,,71bc9b13-4a4e-5821-b3e8-c7694361fc71,100g phần,GRAM,100.0
7f1c2065-e6c1-56c5-9d12-5bdb0c1682be,,,71bc9b13-4a4e-5821-b3e8-c7694361fc71,6 oz,GRAM,170.0
d7544969-8c5e-56c6-a00f-4e9ab46d6338,,,4aa0bb99-2fd1-5022-bd79-76f1cd1c3360,100g phần,GRAM,100.0
0a06221b-a794-554c-b8dc-c6bb3f6441db,,,4aa0bb99-2fd1-5022-bd79-76f1cd1c3360,1 piece,GRAM,55.0
169448ed-edbb-58b9-8370-9b6546f667c6,,,93b25075-7527-5958-b5c9-c2b97d97549b,100g phần,GRAM,100.0
63179cc3-d8ec-5c5c-b111-12caf8e7d58d,,,93b25075-7527-5958-b5c9-c2b97d97549b,2 slice,GRAM,150.0
7c78d0b9-31a1-54d5-9ac4-6b30b94906ed,,,5e11d859-2d04-5b5a-b223-6c6c739090d8,100g phần,GRAM,100.0
be338117-afeb-56cf-81be-56253b3df632,,,5e11d859-2d04-5b5a-b223-6c6c739090d8,1 roll,GRAM,238.0
7616bf04-0380-5f5d-8b2e-15a84f204fd6,,,5a9bddd0-4a4c-5807-aeff-9a8c06af9129,100g phần,GRAM,100.0
d4daf50a-fcd8-5999-869b-be47ab2fad53,,,5a9bddd0-4a4c-5807-aeff-9a8c06af9129,1 roll,GRAM,140.0
fe4be43d-592f-590b-b691-a3c07afb23c2,,,504297dc-4d0c-5810-a5a3-7109c7511278,100g phần,GRAM,100.0
debda9f0-fde7-52e8-94f0-6419d699c8ae,,,504297dc-4d0c-5810-a5a3-7109c7511278,1 slice,GRAM,90.0
52a93edc-383b-54a7-8c4f-18c51d59f5e3,,,1d727608-7267-5021-93ff-7f54be0aee08,100g phần,GRAM,100.0
b1665355-b973-5dd9-92ee-b72cb65ab8ad,,,1d727608-7267-5021-93ff-7f54be0aee08,1 cup,GRAM,238.0
383968fb-cae6-5a92-8227-9aa6c6495ded,,,61db3e30-2f4c-53fc-996d-15cc27540dd1,100g phần,GRAM,100.0
bc8387f4-5a34-58f4-b2a2-cf22e931f7ee,,,61db3e30-2f4c-53fc-996d-15cc27540dd1,1 cookie,GRAM,35.0
486f2d44-4e61-5cfb-8bd3-035a5ec8d362,,,2ac61cc5-4c9f-57f5-826e-af742dcca903,100g phần,GRAM,100.0
f2a560f1-3ac0-5c21-8650-5b274d07cdc3,,,2ac61cc5-4c9f-57f5-826e-af742dcca903,6 oz,GRAM,170.0
7132e0b5-b554-504a-91d7-795db3d0f60f,,,a9942abe-9d07-57db-b639-e9243f626947,100g phần,GRAM,100.0
54606880-2057-5e14-bd50-cf4fbb2019cb,,,a9942abe-9d07-57db-b639-e9243f626947,1 bowl,GRAM,220.0
70969a62-4a2f-5d1d-b059-61f0c0de8b38,,,10ee8811-da8d-5b3c-9836-5cf41d1da10e,100g phần,GRAM,100.0
5bcb1ac0-707e-5256-8bb7-8d674c513a94,,,10ee8811-da8d-5b3c-9836-5cf41d1da10e,2 tbsp,GRAM,30.0
258b615f-a549-50aa-8238-92af535d3baa,,,12b2b994-2e4a-5eb5-9fea-df6df53e6195,100g phần,GRAM,100.0
c355beda-71ab-5861-b2c3-2f411226ca6e,,,12b2b994-2e4a-5eb5-9fea-df6df53e6195,3 oz,GRAM,85.0
a7d4faca-b11d-51b5-91bf-ec10616f4a2d,,,5d3b4901-4484-5514-addc-b43082fa2dd4,100g phần,GRAM,100.0
85352aa9-f5e1-5df5-988d-4c5c73baebd2,,,5d3b4901-4484-5514-addc-b43082fa2dd4,1 bowl,GRAM,325.0
54543c8c-7b5c-5e06-8f61-456ab524f881,,,ef2ed1af-ed61-5205-a239-16fced96bcce,100g phần,GRAM,100.0
c94bf0d6-5640-5542-a571-6cc16ecc21ca,,,ef2ed1af-ed61-5205-a239-16fced96bcce,1 sandwich,GRAM,300.0
2ba0fcaa-bd98-571c-8ce6-b651d4106a21,,,97d94b9a-f49f-56cf-8a72-5b968f9d00e8,100g phần,GRAM,100.0
4a1b4d54-e976-52c8-ac17-79c159ba97ed,,,97d94b9a-f49f-56cf-8a72-5b968f9d00e8,1 plate,GRAM,540.0
495bcafa-6997-5b58-83a6-a13a91682a6c,,,11ffce2e-e3e5-541a-b0c6-20089238da65,100g phần,GRAM,100.0
1935338f-11b0-54ee-bb83-10460ef9da3f,,,11ffce2e-e3e5-541a-b0c6-20089238da65,0.5 cup,GRAM,120.0
cb5ddcea-58ee-5f1a-a3fb-fcdefa22922e,,,2f497991-e5a7-5ef8-b151-71ad9de348f1,100g phần,GRAM,100.0
1c23459d-4f93-5ca0-988a-749d74ce5c3c,,,2f497991-e5a7-5ef8-b151-71ad9de348f1,1 plate,GRAM,500.0
20c51dfa-c6eb-57fa-8127-4331b56a5f32,,,d8353608-c603-558c-944b-7da9ec6731d0,100g phần,GRAM,100.0
b7e790bb-456e-564f-927e-0591c7906a74,,,d8353608-c603-558c-944b-7da9ec6731d0,1 plate,GRAM,250.0
65ba15cd-f577-5bc8-b612-36b836b7ff2b,,,5df0986e-b79a-5390-97e1-d71e42ef5bdb,100g phần,GRAM,100.0
ca46175b-abd5-5762-bfc2-5244c20e2b8a,,,5df0986e-b79a-5390-97e1-d71e42ef5bdb,2.6 oz,GRAM,74.0
dfe8f0b7-f8fa-58a3-8965-f020cad59897,,,dd249bdb-08b3-5666-ba22-d4994ee4156c,100g phần,GRAM,100.0
160c9f62-da69-53b3-8d7e-47fa5a1d61e8,,,dd249bdb-08b3-5666-ba22-d4994ee4156c,8.5 fl oz,GRAM,250.0
4f0fb8e4-dea8-5775-bbf3-99facd23bb6d,,,23ce4ed5-7d5d-5604-8685-d42aa045855e,100g phần,GRAM,100.0
32e416be-ccfb-5d06-986d-3b1e69b95e4f,,,23ce4ed5-7d5d-5604-8685-d42aa045855e,1 cup,GRAM,235.0
dfb7b85c-d837-5c2c-9639-f3675e6eb7ee,,,36c1a5e4-bf48-5dc6-8fef-c064142b851e,100g phần,GRAM,100.0
441d17e9-9b1b-5e43-a7d1-abec0126149e,,,36c1a5e4-bf48-5dc6-8fef-c064142b851e,2 piece,GRAM,130.0
4dde427d-0962-5af5-bc95-b69048f53edf,,,09ce49e9-ce88-5291-b647-b472fad934c4,100g phần,GRAM,100.0
47457b70-1e56-5c64-b7f3-e1f4820dd5c9,,,09ce49e9-ce88-5291-b647-b472fad934c4,1 slice,GRAM,250.0
761cd0d4-8efb-5f20-ba66-1b10b25d680b,,,5cc5eb77-a823-5884-858f-ce8353ce207c,100g phần,GRAM,100.0
64370c3e-4e9b-5bfb-adf3-9e9a138cd01e,,,5cc5eb77-a823-5884-858f-ce8353ce207c,1 cutlet,GRAM,191.0
5e1dbf45-5851-5567-8d63-75c7a4f2006e,,,eb0c652b-c2db-5548-9a4c-bdf20b898306,100g phần,GRAM,100.0
2682038a-34cb-535a-8f23-1f2f7f70f98e,,,eb0c652b-c2db-5548-9a4c-bdf20b898306,1 can,GRAM,250.0
aba3f533-31f5-5525-8268-90cb4c5c7334,,,d1016cb6-483b-5fd3-99b9-7002c60c639e,100g phần,GRAM,100.0
c5e7d214-5ccc-54dd-b8ca-4ad5998be91f,,,d1016cb6-483b-5fd3-99b9-7002c60c639e,1 sandwich,GRAM,235.0
9636fa04-1d60-518a-a5bd-2060a000b218,,,6ffaa2d6-c427-511b-895d-a7efaf34b0f7,100g phần,GRAM,100.0
f7515189-1164-57a8-8c19-aa322eb64cb0,,,6ffaa2d6-c427-511b-895d-a7efaf34b0f7,1 piece,GRAM,30.0
1d206a45-d33b-5215-bea4-99d8951522aa,,,2f171c46-1587-5ec7-9171-99ac674d4470,100g phần,GRAM,100.0
ce53e88f-4efd-5fd3-9f31-b165c2ba7758,,,2f171c46-1587-5ec7-9171-99ac674d4470,1 plate,GRAM,300.0
72814571-a70f-550a-a884-448fe856a847,,,1b60bb4c-446b-5fc1-9ecb-057535ee597e,100g phần,GRAM,100.0
5c8a813f-f13e-5206-8242-a8a2cf8b3c27,,,1b60bb4c-446b-5fc1-9ecb-057535ee597e,1 oz,GRAM,30.0
23d19812-b70c-5db3-8c58-64190d25c6c4,,,2c65a0b8-c063-5ea5-a86b-8aafd6e5bd0f,100g phần,GRAM,100.0
95c1dab8-258f-5d53-9b37-81d9aeeed20a,,,2c65a0b8-c063-5ea5-a86b-8aafd6e5bd0f,1 torte,GRAM,60.0
30358264-9100-52e7-b8e0-b45b3fe7cbea,,,1b9f9abb-75ae-54c8-9763-a5679930310a,100g phần,GRAM,100.0
de51667f-8a81-5089-b37b-09845c08d6a9,,,1b9f9abb-75ae-54c8-9763-a5679930310a,2 relleno,GRAM,100.0
dcc7858b-fc0f-5d15-b573-e1140927fa43,,,4d20c3bb-1b96-5de9-aa3e-ae6cf5da9746,100g phần,GRAM,100.0
8d367f92-9a3d-5d3a-bd98-dd20c414e635,,,4d20c3bb-1b96-5de9-aa3e-ae6cf5da9746,1 slice,GRAM,100.0
ec4bbe34-3b62-5c9c-bcdc-c4fe64023eeb,,,a275d2bb-f6e3-5307-aeec-17552d0a4821,100g phần,GRAM,100.0
e5fa3cc8-0c62-59d1-b3b0-98d934410bf2,,,a275d2bb-f6e3-5307-aeec-17552d0a4821,1 square,GRAM,120.0
4700e8cf-f590-5340-9729-9325b5430188,,,564e77fd-a14a-510c-bc0d-55bc022fd897,100g phần,GRAM,100.0
ec66ba56-20aa-5a7a-9726-8d0d21e47224,,,564e77fd-a14a-510c-bc0d-55bc022fd897,3.5 oz,GRAM,100.0
7042d2d8-4480-5a90-9e9a-e1d6066a8fd7,,,e239f6f4-8cd3-5d10-886d-1baf3f7ec449,100g phần,GRAM,100.0
4ba08298-c777-547c-8622-b4e68e4282c5,,,e239f6f4-8cd3-5d10-886d-1baf3f7ec449,1 bowl,GRAM,350.0
80e48d99-2226-595f-8d21-7c37121242b4,,,2e5e2daf-1a22-5d31-beb2-ba464259a8b7,100g phần,GRAM,100.0
ce2a1dcb-06a5-5e43-b538-7463d2c7067f,,,2e5e2daf-1a22-5d31-beb2-ba464259a8b7,1 piece,GRAM,58.0
55ee2df7-3928-5119-bb11-0206a05ae57b,,,65bd785f-93e1-5a00-a9df-3256a17696f6,100g phần,GRAM,100.0
fd0bb671-9db6-51e3-b24c-f450bee4a4e2,,,65bd785f-93e1-5a00-a9df-3256a17696f6,1 bowl,GRAM,350.0
15854477-9e89-5991-9994-92743e28b42f,,,bb1b1074-cd33-5311-adda-e932944883cf,100g phần,GRAM,100.0
541a947d-535b-59c5-97a9-e267ab69f3ec,,,bb1b1074-cd33-5311-adda-e932944883cf,1 cup,GRAM,250.0
aa17cbff-97df-5ad0-b949-a81560324c5d,,,77c3bd38-785d-5bce-9a84-50ee798d2191,100g phần,GRAM,100.0
c4054db2-1558-5b57-af08-10129959baf5,,,77c3bd38-785d-5bce-9a84-50ee798d2191,6 oz,GRAM,170.0
4ebd11c4-ecfe-5d7e-bf46-d59fc1b394bf,,,19367a7c-c795-5c45-9557-bbb19571d4ac,100g phần,GRAM,100.0
5def11c9-e587-5e04-aa44-cd50913fc4f8,,,19367a7c-c795-5c45-9557-bbb19571d4ac,1 oz,GRAM,28.4
94267b4e-13d3-5a45-a42e-5609a944d01d,,,ca80c205-8f85-5b7c-9c14-2fe7659694ef,100g phần,GRAM,100.0
6e9141f5-9879-51b2-bc2a-c672e4828b2f,,,ca80c205-8f85-5b7c-9c14-2fe7659694ef,1.5 fl oz,GRAM,45.0
7935d6d3-5103-5218-b72e-b462abeaadd1,,,f1f46acb-b372-5910-a359-c58ffe0229d7,100g phần,GRAM,100.0
edd7651f-43c3-52d6-8ee7-6a31a781ff6d,,,f1f46acb-b372-5910-a359-c58ffe0229d7,1 bowl,GRAM,500.0
55048da1-4fcf-56af-b973-a3600f5e5a53,,,62864d37-62bb-50de-91ac-778b9ab0e585,100g phần,GRAM,100.0
762c560c-8d26-5199-b1f2-a2ea05eb1a05,,,62864d37-62bb-50de-91ac-778b9ab0e585,1 attayef,GRAM,150.0
82ab2bed-981f-5f48-9961-2617222be45f,,,7db757f3-dc0e-53f8-992a-df7c63931ecb,100g phần,GRAM,100.0
8a05d5bc-cec1-5d7e-9934-d6e69473687e,,,7db757f3-dc0e-53f8-992a-df7c63931ecb,1 plate,GRAM,500.0
88a52a3b-53d4-5d2a-9c7b-819f32fa954a,,,284b256c-afe0-5624-97fb-0793ffb3bf70,100g phần,GRAM,100.0
d0c705b3-8998-50f1-9927-acbd41c3e423,,,284b256c-afe0-5624-97fb-0793ffb3bf70,1 can,GRAM,330.0
151f2c61-9734-5225-a6da-d5d981d3d1ae,,,ba81d72e-b546-51e7-a3b8-2f12999568b2,100g phần,GRAM,100.0
ad3a90a3-ac52-59cc-866e-09c511476ecc,,,ba81d72e-b546-51e7-a3b8-2f12999568b2,1 plate,GRAM,150.0
565079ef-2442-5dcf-8837-b98cec945fac,,,1295919e-8d57-541b-817b-f4c08d3b97bc,100g phần,GRAM,100.0
375ac0dd-147f-5d28-b340-a7bf9afaeaaf,,,1295919e-8d57-541b-817b-f4c08d3b97bc,6 sausage,GRAM,225.0
2f365ccd-cd0d-5b76-98ea-944ea54a7a5a,,,9c5a829f-1e15-5a28-bbcb-5307c8555363,100g phần,GRAM,100.0
2009b63e-0530-560f-81f8-d690f404c77a,,,9c5a829f-1e15-5a28-bbcb-5307c8555363,1 bun,GRAM,90.0
4565d8bd-3e1b-5677-ad45-8bd08559aac2,,,7d0893da-1524-51a1-839e-856924f9b977,100g phần,GRAM,100.0
215d4aac-2198-5ea5-a55e-7d90e79a208c,,,7d0893da-1524-51a1-839e-856924f9b977,1 cup,GRAM,240.0
39d26836-1491-5471-bbb6-f6dd29b696cb,,,75781960-b326-5ada-ad09-e053ec122777,100g phần,GRAM,100.0
f0b982ed-8de6-50c2-8fb2-eb7f3356e697,,,75781960-b326-5ada-ad09-e053ec122777,1 plate,GRAM,500.0
2c51f42c-eba5-55c6-b28d-ff2c7c4035cb,,,3e505de7-a10a-554e-9940-8377ee4bfac6,100g phần,GRAM,100.0
b27da274-c912-51b0-b28e-9c699258ab43,,,3e505de7-a10a-554e-9940-8377ee4bfac6,1 cookie,GRAM,30.0
6d2b0fb9-665d-533d-b6c5-27bbf28a509a,,,10199c6a-94ee-5475-9634-95c639869594,100g phần,GRAM,100.0
305a0676-badc-5214-a966-8ffe0a07fec5,,,10199c6a-94ee-5475-9634-95c639869594,1 piece,GRAM,100.0
f203032e-f0f7-512e-970f-fc644f6eef65,,,a740fcb0-b7e2-5701-b6f0-06e2e84e2062,100g phần,GRAM,100.0
706d8357-1251-5d15-8236-2e8509f0a15c,,,a740fcb0-b7e2-5701-b6f0-06e2e84e2062,1 slice,GRAM,28.0
66f7ee9b-487d-5432-9f60-25b8586588b2,,,1da00a9d-11d5-5a0e-85a6-7e9f681b26b8,100g phần,GRAM,100.0
c0763970-0895-57b8-9276-9ab04c5ded6a,,,1da00a9d-11d5-5a0e-85a6-7e9f681b26b8,1 bowl,GRAM,350.0
b9312b5b-e42d-5df5-bc87-57f34e3ca46c,,,5fc3545c-4b60-5290-91a1-924ad0b3f109,100g phần,GRAM,100.0
ce3e8262-383c-5aee-9561-0be6a16e4406,,,5fc3545c-4b60-5290-91a1-924ad0b3f109,1 plate,GRAM,200.0
5a196e17-73cf-5f5c-bc0c-fd30e585f4e4,,,913be857-2283-5983-bcc4-5c0be239ef97,100g phần,GRAM,100.0
c98873da-dbc9-5e8f-9cc3-73b8b5603904,,,913be857-2283-5983-bcc4-5c0be239ef97,5 slice,GRAM,50.0
9a28a998-1ec6-51b0-8fe8-41e8a48bf3c3,,,b66b92f6-a194-59d7-8a30-44d221ea730c,100g phần,GRAM,100.0
b79e0309-7b50-5958-ba93-79203ae29d03,,,b66b92f6-a194-59d7-8a30-44d221ea730c,1 slice,GRAM,180.0
03478f64-4358-5733-9b13-ad3e4095539c,,,8d10c5e3-c72e-5540-8722-25982d5d7a37,100g phần,GRAM,100.0
6173b2d6-e388-5290-82c5-4f05c7abfb5a,,,8d10c5e3-c72e-5540-8722-25982d5d7a37,0.25 cup,GRAM,32.0
a56608bf-d9a9-56bc-b8b7-12eeb8109b38,,,da6ff33c-58e4-5f02-99fe-1240f89bb3c7,100g phần,GRAM,100.0
17c033f6-f047-565e-b422-d7047c6ff363,,,da6ff33c-58e4-5f02-99fe-1240f89bb3c7,1 piece,GRAM,100.0
e0d7bfa3-1806-5ebb-9fe8-8a02191ee17d,,,4928d127-67b3-5f37-baa1-c10babbe3f52,100g phần,GRAM,100.0
f458c999-2261-5596-a490-bbbdc05dafce,,,4928d127-67b3-5f37-baa1-c10babbe3f52,0.5 cup,GRAM,100.0
c57d191d-7414-571b-81eb-2c7b0eeb7e8f,,,cef3d0a3-c3f2-5305-85ef-d4427c1c1f91,100g phần,GRAM,100.0
eabef5d4-84a0-5f13-ab6d-78ab771f64c7,,,cef3d0a3-c3f2-5305-85ef-d4427c1c1f91,1 plate,GRAM,250.0
894f76a4-fc0c-548a-84c9-15b818b88daa,,,7f050b34-5a09-50bd-bb01-c807ebdc8556,100g phần,GRAM,100.0
92d8025f-fcc6-5c7f-88e7-af74f2ec222c,,,7f050b34-5a09-50bd-bb01-c807ebdc8556,2 sausage,GRAM,340.0
fd173ab2-257c-5b55-bb83-5dad9c0fffaf,,,9317faae-27d1-52a6-a67f-e23207f84ff0,100g phần,GRAM,100.0
b61210d6-0f1d-568d-bc12-aff3eef67650,,,9317faae-27d1-52a6-a67f-e23207f84ff0,1 bowl,GRAM,400.0
e91ce5eb-4dd0-5f5d-9021-1edb381d07e4,,,40c77d06-b175-58b4-8161-13bf3a55df0f,100g phần,GRAM,100.0
9582a4b6-5cb9-586e-8f3b-0b12f8deacd0,,,40c77d06-b175-58b4-8161-13bf3a55df0f,1 cup,GRAM,240.0
89290761-3531-506d-98eb-f849587fd83b,,,4e3cbbc3-336b-5e0b-b5af-18ba5373aa18,100g phần,GRAM,100.0
514af07f-37aa-5599-9f79-3483712ee72c,,,4e3cbbc3-336b-5e0b-b5af-18ba5373aa18,2 piece,GRAM,100.0
67b00958-0041-575d-a51e-52d019ff50cc,,,78ef86b4-84f4-52b8-b8ad-8defb65ced71,100g phần,GRAM,100.0
cc7410fb-32ae-55f9-949d-966a1daeb589,,,78ef86b4-84f4-52b8-b8ad-8defb65ced71,16 fl oz,GRAM,473.0
b57962f3-281f-5551-bbd9-c16e55cf6483,,,59b88aaa-481d-5617-81a0-a178e0d36c02,100g phần,GRAM,100.0
7b086197-a1c9-54a9-ba4d-474490cc0f03,,,59b88aaa-481d-5617-81a0-a178e0d36c02,1 bowl,GRAM,376.0
10898b73-1032-50f7-813b-05f6854efbe9,,,f32ea91c-d874-5c51-9f96-1a5947722c76,100g phần,GRAM,100.0
202b2943-30e5-5169-9ca5-0f1aa920243d,,,f32ea91c-d874-5c51-9f96-1a5947722c76,3.5 oz,GRAM,100.0
278bd104-dba2-50a1-991a-9fcefcebd0cf,,,902924f2-ac37-55fb-b8dc-f01e8097ea5e,100g phần,GRAM,100.0
7a573b8f-0d52-5289-917c-19b0e76277f1,,,902924f2-ac37-55fb-b8dc-f01e8097ea5e,16 fl oz,GRAM,473.0
1951ae37-57b5-5e46-90de-108a44d5f360,,,70fb66eb-5113-5807-8fd4-8b5a1ac8e7e8,100g phần,GRAM,100.0
e7e2ee3f-ea11-5c82-bab3-bca890163775,,,70fb66eb-5113-5807-8fd4-8b5a1ac8e7e8,1 cup,GRAM,400.0
50bd1b1d-4839-5705-9538-7062e8b1a822,,,311c1c66-d3ef-5406-82d7-0f612b4ae8b4,100g phần,GRAM,100.0
324c272e-04a0-5630-bfe8-85d0e0dcbbba,,,311c1c66-d3ef-5406-82d7-0f612b4ae8b4,2 tbsp,GRAM,30.0
97645d45-1c0b-596e-84f6-bb260a6055e7,,,320fa920-9a6c-5cf4-8b23-858736edfc3c,100g phần,GRAM,100.0
ff713c82-fe60-5758-a760-95ad26a619c0,,,320fa920-9a6c-5cf4-8b23-858736edfc3c,1 plate,GRAM,225.0
1d4b2d24-d3ba-5911-9439-b97e0ca8c54e,,,e3be8b47-8a0f-5054-b1b6-72fcd9b86ab5,100g phần,GRAM,100.0
f4d00270-2d3e-5f83-9c4e-445922bce59b,,,e3be8b47-8a0f-5054-b1b6-72fcd9b86ab5,1 slice,GRAM,50.0
743b7169-a4f6-5720-b94f-d42cd6f955ce,,,0c3eb6cc-9fc3-52c0-8a6d-065c24554eb9,100g phần,GRAM,100.0
bb1d7646-e894-5f40-b203-7f603bf64a6b,,,0c3eb6cc-9fc3-52c0-8a6d-065c24554eb9,1 slice,GRAM,250.0
c70ee7b2-3a88-598c-8690-e58bf166b09c,,,5237c88a-802d-59e9-b359-8d25d2b1725f,100g phần,GRAM,100.0
bed114cc-8833-543a-94ea-bdf46a0e3ebe,,,5237c88a-802d-59e9-b359-8d25d2b1725f,1 plate,GRAM,150.0
faea835c-2038-593e-807d-263b513807e8,,,ef1be21b-14bb-5592-91fd-feaed948f338,100g phần,GRAM,100.0
3c912fe2-150a-538d-a2bc-8ba55566ae5b,,,ef1be21b-14bb-5592-91fd-feaed948f338,0.5 cup,GRAM,85.0
97f56c13-a90d-5fe6-914e-1c67595b47f1,,,bb55abc7-fdff-5179-a2c6-229ec5552656,100g phần,GRAM,100.0
4b66da8a-92f9-50ce-9693-07aecc31ae2a,,,bb55abc7-fdff-5179-a2c6-229ec5552656,1 plate,GRAM,238.0
e2f08803-bea1-5266-9b78-7599e5d32487,,,96b77c49-f92a-5d39-8bf2-907d9c240f87,100g phần,GRAM,100.0
829c0a3b-5039-5e6f-8438-5f38a68a3664,,,96b77c49-f92a-5d39-8bf2-907d9c240f87,1 slice,GRAM,100.0
bb6370fb-fa9a-553d-b4d6-8445705cb5fa,,,399b146f-8faa-51c5-98a4-2a08f80107c5,100g phần,GRAM,100.0
a47e04cf-b3a4-52cc-8731-07216088beab,,,399b146f-8faa-51c5-98a4-2a08f80107c5,1 plate,GRAM,400.0
76c77d1d-6228-56d1-ae38-19b29ee7ddfb,,,5eefecd0-bc64-5061-a4e1-ceca7dca9061,100g phần,GRAM,100.0
62b2eba2-d839-5ba3-a104-681e5c4396df,,,5eefecd0-bc64-5061-a4e1-ceca7dca9061,1 tamal,GRAM,160.0
a7493fc9-cf43-557d-88d8-0495173602c0,,,2bdecdcf-43c9-58b0-bf65-6fa2a6d13491,100g phần,GRAM,100.0
5ef20901-afa1-5fa0-8b44-5515d8c0aca3,,,2bdecdcf-43c9-58b0-bf65-6fa2a6d13491,8 oz,GRAM,227.0
f06aa1cb-220a-583a-9af4-300fde777fc4,,,70977e43-a0df-57ff-b14b-127a60c12788,100g phần,GRAM,100.0
2ff6aa5a-fee4-535e-97a6-24e8ff237e3b,,,70977e43-a0df-57ff-b14b-127a60c12788,1.5 oz,GRAM,45.0
0416a2cc-2043-57ee-a75f-383e8e0f98a8,,,290a0fe8-6a9a-5f79-968d-627b194de1e7,100g phần,GRAM,100.0
e563f1ad-09e8-587b-8f98-446481e292f4,,,290a0fe8-6a9a-5f79-968d-627b194de1e7,1 plate,GRAM,350.0
5d0ae0f4-2b68-5ea3-a322-65fe2efe5949,,,e266c526-0681-5896-ad57-f502c06ddd1e,100g phần,GRAM,100.0
b957ab7e-114d-58d8-a62a-5a87de8cb1d4,,,e266c526-0681-5896-ad57-f502c06ddd1e,1 nacatamal,GRAM,500.0
1b2f88e7-bd99-514a-9539-30fa6d2b4fa5,,,0a8897a5-c4fe-5dbd-a467-b3e0e02b96a3,100g phần,GRAM,100.0
d129d2f4-96f7-51e3-ada2-80f6d0c2b0d8,,,0a8897a5-c4fe-5dbd-a467-b3e0e02b96a3,0.5 cup,GRAM,120.0
70513a7a-2252-51b4-ac6e-47eb95e5bc1e,,,cbf9147c-0339-5062-839a-3d8428c0c780,100g phần,GRAM,100.0
7bfbb4c8-701d-5c55-a6c0-81a108947de0,,,cbf9147c-0339-5062-839a-3d8428c0c780,1 roll,GRAM,284.0
33ef7add-85fb-561b-9e11-08d67996fb8c,,,0e4bb678-d32c-5a2a-83fe-f17306e9dc34,100g phần,GRAM,100.0
0d7b1703-2a79-5699-826d-d68d5c5f86a1,,,0e4bb678-d32c-5a2a-83fe-f17306e9dc34,1 bowl,GRAM,240.0
9d181fa6-6171-57d7-a04f-e9d9254049c6,,,b2727edd-fabd-529d-a08f-2b2a74f24aa3,100g phần,GRAM,100.0
d1285d52-b0c9-55fc-a802-338a65c5ae68,,,b2727edd-fabd-529d-a08f-2b2a74f24aa3,1 bowl,GRAM,350.0
3973df75-bb6e-567a-9726-2446ddd23e47,,,921ec4b2-9d53-5ae3-9dfb-cca48a1f1a07,100g phần,GRAM,100.0
548bc389-3f78-53f1-8383-7ce2ce74de09,,,921ec4b2-9d53-5ae3-9dfb-cca48a1f1a07,10 fl oz,GRAM,300.0
0d00f6a4-2a6c-5c67-a826-33602c976ef7,,,13578c1f-7529-5062-943b-3c4559c66f42,100g phần,GRAM,100.0
237164db-ebf2-5fe4-adbc-3a2cec1fad94,,,13578c1f-7529-5062-943b-3c4559c66f42,8 oz,GRAM,227.0
7597cb5d-d2bb-538e-8e4c-1e25641d8786,,,e0368b0f-bf7a-5e95-abd4-86b1107e713c,100g phần,GRAM,100.0
42e0f95a-8900-5dcf-a804-f66d6e4a8693,,,e0368b0f-bf7a-5e95-abd4-86b1107e713c,1 skewer,GRAM,180.0
1829eb7d-e8b3-5b6f-abcb-1ff6e476a406,,,6eafda16-6d41-501b-98b1-026699f3ee4c,100g phần,GRAM,100.0
4b547bca-0af7-511c-90ad-16812d45fc6c,,,6eafda16-6d41-501b-98b1-026699f3ee4c,3 slice,GRAM,25.0
671de72e-b962-51de-9ec0-41f6ef3e0b19,,,407b232e-7c86-511e-9f4e-21db56baf4da,100g phần,GRAM,100.0
8562468f-714b-5bef-ad28-3775a22b265e,,,407b232e-7c86-511e-9f4e-21db56baf4da,4 fl oz,GRAM,125.0
2a5847c0-f4e7-574b-a6a1-3ebf2cbeb392,,,97ebbb3c-f8e4-50c2-8497-e2773142aa0a,100g phần,GRAM,100.0
dbd693c1-23bb-53a0-aafa-fbc1076129db,,,97ebbb3c-f8e4-50c2-8497-e2773142aa0a,3.5 oz,GRAM,100.0
be5bc835-4311-5307-a53c-b3ce1a4a9d97,,,bb92fd8a-ab26-5246-b03b-04de3cae20e2,100g phần,GRAM,100.0
3a32bac7-9c94-5719-a151-d2318d4edaf5,,,bb92fd8a-ab26-5246-b03b-04de3cae20e2,3 piece,GRAM,150.0
c4f08627-b238-592c-a7c8-a09069003d6c,,,2fa74a8a-8a09-5da0-9be1-94b6f1f6a742,100g phần,GRAM,100.0
2102e3a3-c32b-5f95-91f5-72ad09add41c,,,2fa74a8a-8a09-5da0-9be1-94b6f1f6a742,1 plate,GRAM,350.0
d16d88cf-3bb5-5c94-a647-7103e4ba200b,,,2ae246f5-4a94-5b15-a95f-7854a65600a5,100g phần,GRAM,100.0
a3bfb3d2-1295-5acd-af39-ad3bfcd399fd,,,2ae246f5-4a94-5b15-a95f-7854a65600a5,1 plate,GRAM,150.0
6f8d4091-0362-52a6-8b59-fd20826225fa,,,e7d50307-79bd-5fb7-b9c1-5470aa2ffb4e,100g phần,GRAM,100.0
a8970bd3-8018-59d2-8bfd-d323877ce22a,,,e7d50307-79bd-5fb7-b9c1-5470aa2ffb4e,1 slice,GRAM,150.0
f4621df3-5f65-5141-84a7-ed86dc9cd902,,,c3f65852-9490-5a3a-8e05-94598c20e8c4,100g phần,GRAM,100.0
d3100499-ca8e-5b49-9a79-56e494cf51ba,,,c3f65852-9490-5a3a-8e05-94598c20e8c4,1 plate,GRAM,300.0
61baf48e-ba70-5072-baad-1d32cd173113,,,66a84961-d44c-5494-a267-5aae5ae7d1cc,100g phần,GRAM,100.0
fd091f46-4d57-5d00-9031-0878e921f025,,,66a84961-d44c-5494-a267-5aae5ae7d1cc,1 plate,GRAM,200.0
631c4441-c39c-51bc-911f-9e0cc901a337,,,ba5127dd-12d4-5d9f-b8de-701c92dadd86,100g phần,GRAM,100.0
c0246b78-7391-581b-b136-a3216889de32,,,ba5127dd-12d4-5d9f-b8de-701c92dadd86,1 cup,GRAM,238.0
d30d454d-ad4f-5cf2-8424-f55fb016d38d,,,be45ba01-a1d9-585b-a9ac-d0f7d922015b,100g phần,GRAM,100.0
dc195976-c077-5b13-abfe-cec104e5fbd2,,,be45ba01-a1d9-585b-a9ac-d0f7d922015b,3.9 oz,GRAM,110.44
9fdec779-cbe3-583e-b3e0-46c8ad77e02e,,,d1e597d5-908a-55c7-a03a-078802c4ef1d,100g phần,GRAM,100.0
50add843-3f45-55a9-bed8-793b3cc0330b,,,d1e597d5-908a-55c7-a03a-078802c4ef1d,1 piece,GRAM,85.0
6490dad5-f7fa-5b18-932e-dfa0c7effc0a,,,fb85f7fe-8511-53d6-ac4e-3924705d6c56,100g phần,GRAM,100.0
437e4e3c-2edf-5d85-a5b6-22234b6e7231,,,fb85f7fe-8511-53d6-ac4e-3924705d6c56,1 plate,GRAM,400.0
20d62063-2071-5641-89ad-73e1c85f58cc,,,a0fe0d75-d677-5ae9-baa4-85e0f7634771,100g phần,GRAM,100.0
91200462-5245-5a81-be72-b5be2ab9079b,,,a0fe0d75-d677-5ae9-baa4-85e0f7634771,1 plate,GRAM,500.0
4f86b1ac-8bbc-505d-8f71-225779519c65,,,07020de8-6f3f-5fcb-88e8-452fc1c15cf5,100g phần,GRAM,100.0
cb3f960d-f25c-5d74-92b1-5d71d0ff1901,,,07020de8-6f3f-5fcb-88e8-452fc1c15cf5,3.5 oz,GRAM,100.0
91f6c940-a3f1-5de0-ae3d-b129a3250af6,,,50432ef2-a5bc-58be-b85c-610c44412f91,100g phần,GRAM,100.0
440822d3-72e4-5d8a-b94d-09d07455c3b8,,,50432ef2-a5bc-58be-b85c-610c44412f91,4 fritter,GRAM,175.0
8a12dadf-63a5-5678-a577-b3b9dee36113,,,2ec38390-6027-568a-8b48-bd4f0cbb07eb,100g phần,GRAM,100.0
ac2c248f-ad60-5060-90d1-524766ced3e1,,,2ec38390-6027-568a-8b48-bd4f0cbb07eb,55 g,GRAM,55.0
a9257255-219f-5663-95f6-3a8a3c32372b,,,48af4cfa-b5eb-549f-93d0-31a184056603,100g phần,GRAM,100.0
253c6931-1068-5822-a1ac-b09583f6cf19,,,48af4cfa-b5eb-549f-93d0-31a184056603,1 cup,GRAM,238.0
7f33b33f-1c45-566d-bed7-79eb3efe51c2,,,bbfdeebc-1e42-559b-b347-89999f03a7eb,100g phần,GRAM,100.0
6ba363a7-d7ca-5006-b8ba-75481d672dd1,,,bbfdeebc-1e42-559b-b347-89999f03a7eb,1 cup,GRAM,238.0
0d12eb05-a3a2-5c91-986a-1c60374a7e66,,,b95dcba8-e96a-5560-9b77-6a8e982d9158,100g phần,GRAM,100.0
47df739e-7e51-5492-b5a7-d66e9d2f93a9,,,b95dcba8-e96a-5560-9b77-6a8e982d9158,4 piece,GRAM,100.0
50f4c58c-bafc-5c9c-90a4-6bfb1e05e425,,,0a90234c-b912-507c-8031-81927ea7f126,100g phần,GRAM,100.0
c68edbc3-20cf-59ea-8ad8-35c5456a6af4,,,0a90234c-b912-507c-8031-81927ea7f126,1 bowl,GRAM,350.0
467ee8e9-41fe-513f-9ec3-0e4e0859a7f2,,,27ea346d-b29f-5992-b894-d0a37624e36f,100g phần,GRAM,100.0
17f18154-6d39-5e4a-85ab-9aaf3def783c,,,27ea346d-b29f-5992-b894-d0a37624e36f,1 plate,GRAM,350.0
ec9cc10b-738a-517e-b3af-af97bd75cb9b,,,d7483010-5f7e-590b-abd6-04a23b52ef8a,100g phần,GRAM,100.0
cdf4e7f0-0a54-59c0-a949-a0613b1f2781,,,d7483010-5f7e-590b-abd6-04a23b52ef8a,1 sundae,GRAM,350.0
4ff773df-1fe0-52d8-9ec8-fd0aa2f267a6,,,86757758-14c9-58f9-a923-cf5bf876bfe8,100g phần,GRAM,100.0
f5720035-f071-5119-abe9-838841461118,,,86757758-14c9-58f9-a923-cf5bf876bfe8,8 fl oz,GRAM,236.0
a59cdbd1-6af7-52f6-93c1-77bd01aed799,,,64ac178e-9e7c-58bc-b504-3531cdb8ef30,100g phần,GRAM,100.0
4aa86e38-bce8-519a-99d4-adc1054571ae,,,64ac178e-9e7c-58bc-b504-3531cdb8ef30,1 piece,GRAM,250.0
ec808df5-129b-55eb-8a82-7d31a5d8977b,,,d42f3f8b-d223-5c71-9943-5bf39efab3f1,100g phần,GRAM,100.0
61dc050a-f1fc-563e-818b-e6fab2b927f9,,,d42f3f8b-d223-5c71-9943-5bf39efab3f1,1 plate,GRAM,150.0
57d3a891-f7de-51c5-b051-b01b1c7cb045,,,ad5ee01d-ca64-523e-b3b5-08b83fd4eb4c,100g phần,GRAM,100.0
0210228f-94bf-5e7b-b577-b5a9f8d276b2,,,ad5ee01d-ca64-523e-b3b5-08b83fd4eb4c,1 cup,GRAM,265.0
6088be86-7436-522c-a6a3-f9e2a1e6589c,,,3186d18d-c447-5033-954d-90038be762b2,100g phần,GRAM,100.0
e0deeebd-d83a-5288-b922-d4bc4369cad6,,,3186d18d-c447-5033-954d-90038be762b2,1 roll,GRAM,60.0
5b5cd18d-6681-5064-8b70-49723a917794,,,4b3eea55-e30d-5289-94f0-9f27360fa4e6,100g phần,GRAM,100.0
1cb75ee0-1b7b-56f9-9b0f-c99dd2c25378,,,4b3eea55-e30d-5289-94f0-9f27360fa4e6,1 bowl,GRAM,150.0
cd628dea-a238-5432-bf57-3e194e4e6b0a,,,0352b6bf-89dc-545f-a647-7405ed926c01,100g phần,GRAM,100.0
4cb156e6-d324-5dec-912e-7f20aac16cc4,,,0352b6bf-89dc-545f-a647-7405ed926c01,1 cup,GRAM,238.0
f912c11e-fd53-575c-bd0d-56db405d8da9,,,85b20c1e-27c6-5e10-9488-c23afa86618f,100g phần,GRAM,100.0
5792fd1d-131c-5a9f-b0e3-329e8b1a8561,,,85b20c1e-27c6-5e10-9488-c23afa86618f,1 piece,GRAM,100.0
8b9a9254-20d9-5372-afa1-5f8e33bfa6e8,,,523076ac-6db9-592c-a014-cf77888f06f0,100g phần,GRAM,100.0
45f89892-2fb3-5a0b-98fe-b274e157b66c,,,523076ac-6db9-592c-a014-cf77888f06f0,2.3 oz,GRAM,65.0
1391d549-bdd8-531d-a226-17283a960a3f,,,3d20fa9e-9a36-594c-b2d0-056a1fe66050,100g phần,GRAM,100.0
1dd91f74-8ad5-582a-b3e8-3945658dae34,,,3d20fa9e-9a36-594c-b2d0-056a1fe66050,1 plate,GRAM,300.0
1db248b8-707a-5b7d-a74e-4defac81a8d2,,,ba581c59-49e0-5afc-97f0-cda197bf53c5,100g phần,GRAM,100.0
2bb1bdcb-730e-5606-9d65-ae4bf9f694ea,,,ba581c59-49e0-5afc-97f0-cda197bf53c5,1 empanada,GRAM,100.0
9e46e73a-5cb6-5383-8187-b5946c200a37,,,9f4c8718-cc2a-50fd-ad2c-c089baf46dbc,100g phần,GRAM,100.0
4b31da9f-1a3b-566c-a7eb-222d59d38a42,,,9f4c8718-cc2a-50fd-ad2c-c089baf46dbc,1 plate,GRAM,250.0
42f79033-54e6-5b65-87d5-6c830958a5b5,,,32899d7c-a4a7-5bf0-80c3-de9bbeb9bcf9,100g phần,GRAM,100.0
fd38ede2-e8fd-541e-b257-658c7cb4eebd,,,32899d7c-a4a7-5bf0-80c3-de9bbeb9bcf9,0.68 fl oz,GRAM,20.0
da370092-29b1-5ccf-8931-014e9f497ae4,,,ab003d86-ccef-5fe2-b500-f350df0df0e6,100g phần,GRAM,100.0
8881506a-9180-54f2-a933-428f0aa79b83,,,ab003d86-ccef-5fe2-b500-f350df0df0e6,0.5 cup,GRAM,130.0
9dcb6c88-c7d5-5b8f-b254-0ad3150b24be,,,b1186501-0157-5b26-8eea-18627571d7be,100g phần,GRAM,100.0
c4c4f6e6-dada-50a5-82c6-a9e9923a0b22,,,b1186501-0157-5b26-8eea-18627571d7be,8 oz,GRAM,224.0
8a508b8f-8140-542c-a411-f57373d2d9c5,,,f11d3e15-5c51-54be-a577-ca9c356c9972,100g phần,GRAM,100.0
af563a1d-2d1a-5e40-95fd-a7dacb43ee9a,,,f11d3e15-5c51-54be-a577-ca9c356c9972,3 roll,GRAM,450.0
6334f953-be79-57fa-95c2-0369b84b5ae4,,,c3ff6309-69ec-5c56-a846-7320977fb502,100g phần,GRAM,100.0
e9977e76-d844-582c-8313-110d1497a12f,,,c3ff6309-69ec-5c56-a846-7320977fb502,8 fl oz,GRAM,240.0
3203f816-29f9-5d20-9c0b-89efba5c40da,,,0b3c0400-2acc-567c-8a30-c4761d8cc5ee,100g phần,GRAM,100.0
035b0497-2100-5d65-8f93-f4acace77848,,,0b3c0400-2acc-567c-8a30-c4761d8cc5ee,1 plate,GRAM,250.0
6acedaa4-82d3-5e73-9b22-6f9982fd203a,,,c60919be-2b9b-5653-815d-dd6697bbc0c6,100g phần,GRAM,100.0
4bea239b-ac51-59aa-bf70-ad204b9eb0f4,,,c60919be-2b9b-5653-815d-dd6697bbc0c6,1 eggplant,GRAM,350.0
7a131c8d-a5a1-5656-9973-1fad22991a3b,,,90d7909d-182d-57cb-bef1-9630e83dccf0,100g phần,GRAM,100.0
f941e590-9e90-5640-a7cb-03e7991e82cd,,,90d7909d-182d-57cb-bef1-9630e83dccf0,6 oz,GRAM,170.0
23783e17-e345-5884-9123-a914afac7700,,,867b11cf-10e2-5485-9b13-d54e8deebd85,100g phần,GRAM,100.0
b737b422-6b84-5049-adc8-013782424e29,,,867b11cf-10e2-5485-9b13-d54e8deebd85,5 piece,GRAM,200.0
8a8e95c3-577e-5591-a4c4-b1d243c3eb24,,,5d7473fa-5640-517a-b721-5b702c7ef41c,100g phần,GRAM,100.0
749395ff-9a28-5dca-8dcf-bf9f3d88774b,,,5d7473fa-5640-517a-b721-5b702c7ef41c,1 plate,GRAM,400.0
3df06f56-42e1-5c7c-96cc-30a1eab9f0ce,,,e7b8d7d1-4e9b-5544-8140-e599381deaae,100g phần,GRAM,100.0
b6276174-1123-5ee9-a629-19d88d5c311e,,,e7b8d7d1-4e9b-5544-8140-e599381deaae,10.6 oz,GRAM,300.0
a0cf4d22-baa9-5e64-915e-8a788f81a642,,,ce3c96b7-ea8a-5f00-a2de-de0dccdd45af,100g phần,GRAM,100.0
aa4e16c8-4112-5d30-91ef-fa34bd7aa84a,,,ce3c96b7-ea8a-5f00-a2de-de0dccdd45af,1 tartlet,GRAM,35.0
ee4f7099-b348-55c7-b251-f8fec20f51a7,,,1d4f5265-e18f-57f9-bd70-6d186685ab48,100g phần,GRAM,100.0
d435a2a8-8339-516a-9f57-8d3b043f9eb9,,,1d4f5265-e18f-57f9-bd70-6d186685ab48,1 bowl,GRAM,400.0
63983eb4-73bf-59fd-a5f3-cf9e63d84dc4,,,c4973873-0b00-5b82-9d64-e61d8d151eab,100g phần,GRAM,100.0
ca74906a-9728-583b-a767-b84be0fdf0f2,,,c4973873-0b00-5b82-9d64-e61d8d151eab,16 fl oz,GRAM,475.0
7f92d52e-8f1c-57c2-a383-3c77731c2b13,,,e7a77fa6-f384-555b-a8ef-c6e48dc74fde,100g phần,GRAM,100.0
135072dc-cbad-514d-b787-d61299e92f6f,,,e7a77fa6-f384-555b-a8ef-c6e48dc74fde,2 pepper,GRAM,300.0
3fbac21b-6e11-578c-bdba-7af75bc539ad,,,4c9a7a8e-a253-51a3-a546-f2453e5887b9,100g phần,GRAM,100.0
1b9bc380-f395-54e0-8f1d-5e5e715681c9,,,4c9a7a8e-a253-51a3-a546-f2453e5887b9,1 bowl,GRAM,600.0
ef15d8d1-db9e-5b30-b727-52bfbff0a0cd,,,e4c57d59-1a14-5471-8c26-4c775635047d,100g phần,GRAM,100.0
dc95f6f8-fc04-5bd2-95fc-6cf02dc63fbc,,,e4c57d59-1a14-5471-8c26-4c775635047d,2 roll,GRAM,100.0
59ce85db-bd6b-5ecc-9296-17738bc163a8,,,fb07bd84-d84a-522d-9f45-5b5e30e493b6,100g phần,GRAM,100.0
6e5e656b-607b-54a0-92f2-9d140d56ba22,,,fb07bd84-d84a-522d-9f45-5b5e30e493b6,1 plate,GRAM,610.0
47f083bd-94ea-586f-9f76-a9493e3f6662,,,5d8741d1-513d-5be1-a78b-9c52b93d2e2d,100g phần,GRAM,100.0
ec329fe4-c599-5f0d-a0d0-ee109a858639,,,5d8741d1-513d-5be1-a78b-9c52b93d2e2d,5 ball,GRAM,100.0
bc21d71e-c6db-54f7-94c7-a575aabe89b9,,,bd22b5a1-9c00-5bfb-9643-1fb750c768dc,100g phần,GRAM,100.0
cb58ebb7-3cd4-50d2-92c5-cd4ee40165ae,,,bd22b5a1-9c00-5bfb-9643-1fb750c768dc,1 doughnut,GRAM,60.0
3c34d5c5-5424-531e-b491-547c13852b47,,,b803f209-fe3f-5c73-8d3c-8eddacf22347,100g phần,GRAM,100.0
1b3cc824-8d1d-5ef5-a27f-2ee9d7ff0718,,,b803f209-fe3f-5c73-8d3c-8eddacf22347,1 bowl,GRAM,400.0
af72d746-4a0d-5d74-81a8-87d5c23f0f64,,,40e8b380-4216-5c00-b3f3-bbec5ffc7ef8,100g phần,GRAM,100.0
ceaf7ae2-e284-552d-8410-fbdd98d2075f,,,40e8b380-4216-5c00-b3f3-bbec5ffc7ef8,1 plate,GRAM,300.0
406cdf26-1fba-5d63-9e35-819063203387,,,d4c967d1-219e-5166-892e-277581230ea9,100g phần,GRAM,100.0
ba16f254-63c0-515f-a360-3a033cc50abe,,,d4c967d1-219e-5166-892e-277581230ea9,1 pie,GRAM,70.0
37224e8b-73ab-5546-a306-f48cd5cb3224,,,2b858e6a-e4fc-5a10-90c9-a2eac83e2cc5,100g phần,GRAM,100.0
1f2bfbc5-25d6-5ab0-82b1-47b19fe62e13,,,2b858e6a-e4fc-5a10-90c9-a2eac83e2cc5,1 cup,GRAM,240.0
c5e3b8c5-a6bb-5e74-ab01-e0d1bad1d168,,,c91960a0-1e65-54f6-b92f-fb7dbfb2672b,100g phần,GRAM,100.0
822309c8-2866-593f-b69c-72959c82f234,,,c91960a0-1e65-54f6-b92f-fb7dbfb2672b,1 slice,GRAM,83.6
fed86c94-3a3b-51aa-a303-8748948c684c,,,9d18d84f-16df-5e9d-880b-a527e129564c,100g phần,GRAM,100.0
08a7d556-55ca-5c0f-b61a-f275025248c1,,,9d18d84f-16df-5e9d-880b-a527e129564c,5.3 oz,GRAM,150.0
ef7a5d74-a526-5516-a9c8-92c95788e519,,,77b55fc4-480e-5f1c-bdd4-69479d17ad0c,100g phần,GRAM,100.0
af584cb0-7a17-5e94-acd9-84856982a325,,,77b55fc4-480e-5f1c-bdd4-69479d17ad0c,1.5 fl oz,GRAM,44.0
c296fd0a-74db-5285-a7fa-b6e76ba029d2,,,1caea0fa-dd32-50c6-beaa-ce7d4c1a7241,100g phần,GRAM,100.0
1d822c9d-078a-5ed8-b03a-c2fa2c5a638b,,,1caea0fa-dd32-50c6-beaa-ce7d4c1a7241,1 cup,GRAM,237.0
afaf6621-9916-5402-8d87-85c41573881a,,,e9058276-879a-546d-806d-1193d76e63a8,100g phần,GRAM,100.0
3dbb160d-a298-5b22-ab42-0c5d87723a0d,,,e9058276-879a-546d-806d-1193d76e63a8,3.5 oz,GRAM,100.0
2078dfe5-3cff-5c5c-9e27-0dc4110119ad,,,d12b0513-3479-5824-9ad8-778f719cd5ef,100g phần,GRAM,100.0
9071a46a-8122-57f9-af72-0b020cc7f7b9,,,d12b0513-3479-5824-9ad8-778f719cd5ef,4 slice,GRAM,150.0
f9b3b521-9c2e-5555-8744-b8f5b2fe4693,,,d67ceb43-b6f5-54fc-bab0-43905d123ec3,100g phần,GRAM,100.0
b551614b-0b54-5b94-9f82-3cd4756a6280,,,d67ceb43-b6f5-54fc-bab0-43905d123ec3,0.5 cup,GRAM,110.0
c83c4a59-cd09-5ba4-8f28-548c43edc9f0,,,1b81384b-bbe8-5e07-a43e-a99f6ba82538,100g phần,GRAM,100.0
13a23c9a-5cbf-5a86-a346-4763ef7cc374,,,1b81384b-bbe8-5e07-a43e-a99f6ba82538,1 bowl,GRAM,368.0
83e53bb4-a70a-57d9-8141-80483cd640e3,,,505ee19a-313a-59b5-aef6-dfdbcc5e2778,100g phần,GRAM,100.0
4f96adb3-9cc4-5673-b4b3-7555bbb5abab,,,505ee19a-313a-59b5-aef6-dfdbcc5e2778,9 oz,GRAM,260.0
05a21bae-bc87-5585-b3f3-4717bc816dd2,,,788bb5ed-2b6b-578e-ba4f-d7c31078b407,100g phần,GRAM,100.0
1856a769-3e8f-5ed3-a211-cff904698a25,,,788bb5ed-2b6b-578e-ba4f-d7c31078b407,1 cup,GRAM,238.0
571135a6-9137-50eb-8c59-9f4aee71c4cd,,,7c6f3c78-b8be-5282-8179-80c0824aafcc,100g phần,GRAM,100.0
77348eb4-b8a2-5f09-8b85-a81969a7079f,,,7c6f3c78-b8be-5282-8179-80c0824aafcc,1 egg,GRAM,70.0
4fc4ccdb-7654-5939-99bc-c2d72ef7ccef,,,4e9f8e22-659f-59ca-aa7d-9f7afe97b6da,100g phần,GRAM,100.0
b20c5c9e-b026-5f74-a771-33d654356024,,,4e9f8e22-659f-59ca-aa7d-9f7afe97b6da,1 plate,GRAM,125.0
5d90e941-30ec-5d1a-a4b4-ed665d340ad9,,,5b736fa3-e0de-587e-be14-96bbdf55b1f0,100g phần,GRAM,100.0
6a621b7e-ddbd-5377-8245-b10823b714cc,,,5b736fa3-e0de-587e-be14-96bbdf55b1f0,1 hat,GRAM,100.0
ba444c6e-bddb-5135-aa78-328866539090,,,421c3e73-a520-5677-90fa-fb413fcd4063,100g phần,GRAM,100.0
a2d9d298-40f4-57a6-b3bf-f245c28d1a6f,,,421c3e73-a520-5677-90fa-fb413fcd4063,1 ear,GRAM,323.0
d5d8e32e-d71e-5504-96f8-7fe30e8b356b,,,2b25c4a7-0820-5bc3-9a3c-3926515b6f4e,100g phần,GRAM,100.0
35d3802e-33b6-5c2f-ad28-e7734ce4cc95,,,2b25c4a7-0820-5bc3-9a3c-3926515b6f4e,1 cup,GRAM,250.0
e0d04f66-017f-594e-a504-0e15bc3e1d70,,,91a24fba-bb5f-52ec-acc3-6bd778d82cb7,100g phần,GRAM,100.0
3285ec0d-b29c-5033-9d48-d5da8d945eee,,,91a24fba-bb5f-52ec-acc3-6bd778d82cb7,1 plate,GRAM,320.0
52c7463f-ac46-599f-be04-9bfc5669e6de,,,396190aa-c48c-5e07-9bca-875b7e172f34,100g phần,GRAM,100.0
ab5e317b-9756-55c6-80d9-6dd856d79534,,,396190aa-c48c-5e07-9bca-875b7e172f34,1 bowl,GRAM,350.0
a1d85e60-3b17-5070-8aec-4815f11d99fb,,,10539d02-54d6-5503-9a53-2a35b408688b,100g phần,GRAM,100.0
72bc8f67-f952-535a-acaa-16eba5d75319,,,10539d02-54d6-5503-9a53-2a35b408688b,6 scallop,GRAM,110.0
5e1d2964-7079-5ef4-8f1e-1bf49fef975a,,,66ea0c18-d287-59ac-82d6-276fdcbea00e,100g phần,GRAM,100.0
b6b15215-101b-5b12-85c2-3ea62cb7aab3,,,66ea0c18-d287-59ac-82d6-276fdcbea00e,1 tart,GRAM,130.0
06da0e22-53a1-53ce-abfe-43a26fd6964e,,,da01556f-9212-5ca9-841d-8fc968d05274,100g phần,GRAM,100.0
25fc9f90-3654-506e-a1a0-97cdc2b335f0,,,da01556f-9212-5ca9-841d-8fc968d05274,1 shake,GRAM,473.0
15494919-0d63-509c-a3bb-03a4e6bdb94e,,,da4145df-0097-5968-a924-3bad8076b44c,100g phần,GRAM,100.0
34bf8475-9b87-5f2c-af3b-93251e9125d8,,,da4145df-0097-5968-a924-3bad8076b44c,3 piece,GRAM,150.0
302b5237-ce64-5dcb-a559-9d9929eeaf05,,,d515c49a-06cf-5566-8527-c11a8fb5b3d1,100g phần,GRAM,100.0
4ddb0733-2617-57f6-9990-4cf816f9f93d,,,d515c49a-06cf-5566-8527-c11a8fb5b3d1,7 oz,GRAM,200.0
09a4ab93-2330-5572-bd00-5818eb964409,,,43668dd3-cfa0-5e54-9e02-f471886ada36,100g phần,GRAM,100.0
c94c28fb-83be-57ab-85eb-b30587c61b4a,,,43668dd3-cfa0-5e54-9e02-f471886ada36,1 piece,GRAM,125.0
65d47dc4-abdc-5cbf-93cb-d0c28e289b4c,,,98dc736f-cabe-5970-aec6-2cdf95ec6a78,100g phần,GRAM,100.0
e6723b41-b5bf-570e-8e41-c8c06fd9585b,,,98dc736f-cabe-5970-aec6-2cdf95ec6a78,1 piece,GRAM,70.0
e0bbea58-5206-56a9-a58b-678a63750832,,,5cf8aaf5-17ee-5b8b-b038-c5a15f31ae3c,100g phần,GRAM,100.0
ae5661b9-276a-58ad-94ec-667b21850c41,,,5cf8aaf5-17ee-5b8b-b038-c5a15f31ae3c,1 piece,GRAM,38.0
4ce4aa74-64ae-5631-a7da-cddc583a05cf,,,4d2faf67-75a5-5709-88fe-3c0d50fa3abc,100g phần,GRAM,100.0
37a1ebc8-36b4-53b6-9b9e-bdb860ded944,,,4d2faf67-75a5-5709-88fe-3c0d50fa3abc,1 plate,GRAM,175.0
cea1e457-f83c-5191-a6e0-981191e7f5f2,,,0397cb29-5f68-56f0-b031-c7787838e3ad,100g phần,GRAM,100.0
48906b09-7a9a-58fa-a91f-bb96c8067e86,,,0397cb29-5f68-56f0-b031-c7787838e3ad,1 plate,GRAM,100.0
d175c040-eed9-5e04-be62-2be344af7d72,,,3162bb4f-f5cf-5705-88bd-29eb612c9b8d,100g phần,GRAM,100.0
696a661e-add2-570b-9579-54551acb7076,,,3162bb4f-f5cf-5705-88bd-29eb612c9b8d,4 piece,GRAM,120.0
0673f9a7-7f09-59b7-8ba4-5ae42bd67937,,,223cee64-86e7-54aa-a309-d99c440148a5,100g phần,GRAM,100.0
d4a24aba-e156-5ad8-ad2d-006d07127987,,,223cee64-86e7-54aa-a309-d99c440148a5,1 clay pot,GRAM,350.0
730213c3-56f6-5147-bd65-50a5627ceffb,,,1a8f7016-7ece-5d65-b70e-2824786c09e3,100g phần,GRAM,100.0
75c2e224-c997-52fb-a891-82cd63f64738,,,1a8f7016-7ece-5d65-b70e-2824786c09e3,1 cup,GRAM,237.0
470e33da-6ccd-5962-b2c6-5825b0aacfa9,,,952dde28-896a-55f2-b8f5-7e23b989483a,100g phần,GRAM,100.0
014d8877-6cd7-5866-9c51-7a0269e92466,,,952dde28-896a-55f2-b8f5-7e23b989483a,3 dumpling,GRAM,180.0
7dfabd70-e213-56a6-877a-4ae85c7e0acd,,,6f5ed03b-1cb8-54f2-a429-f07dacf0b92d,100g phần,GRAM,100.0
d7b4b049-e5b0-5999-8e7d-6fa909e70a8f,,,6f5ed03b-1cb8-54f2-a429-f07dacf0b92d,1 serving,GRAM,245.0
bbf1c845-edc1-5a30-9a9a-d8430e9d454c,,,a929827e-83be-53e4-bde6-00aa627afd94,100g phần,GRAM,100.0
add58dff-5ede-5428-bc27-1265f2170e30,,,a929827e-83be-53e4-bde6-00aa627afd94,1 plate,GRAM,250.0
90465a13-1070-58ca-ad8f-ad2b4cfb1846,,,1cd590f4-3139-5cd9-98d6-251ea6000cb4,100g phần,GRAM,100.0
40f057f3-9d46-57ad-8fbc-668e5c64ced8,,,1cd590f4-3139-5cd9-98d6-251ea6000cb4,1 tsp,GRAM,5.0
38ed889f-670c-56bf-ad84-e2a1f81f293a,,,2bb86ef7-cec3-5752-a123-c75fd7a42f44,100g phần,GRAM,100.0
2f529064-f909-5758-b3ca-149193d0c04f,,,2bb86ef7-cec3-5752-a123-c75fd7a42f44,1.5 cup,GRAM,360.0
13ada9ed-8bbb-598c-b23c-4523b26c9427,,,d8e16ca9-0974-54bf-b233-cafd8b9628c5,100g phần,GRAM,100.0
34528755-0c98-5396-8179-81810cf33e35,,,d8e16ca9-0974-54bf-b233-cafd8b9628c5,16 fl oz,GRAM,473.0
a22cc8ff-e832-5626-b0eb-e4ff87703a2f,,,99e52234-79df-5b84-882f-951b78cef7e0,100g phần,GRAM,100.0
6aebc979-1c11-5f4d-82dd-cc9369f4af3e,,,99e52234-79df-5b84-882f-951b78cef7e0,1 plate,GRAM,400.0
62bdcfbc-614c-5e82-80cc-f70614823182,,,285883a4-1f1b-5bc2-8d9a-2ad626158773,100g phần,GRAM,100.0
5407cab3-7988-5f3d-b900-29ba6194bf03,,,285883a4-1f1b-5bc2-8d9a-2ad626158773,1 cup,GRAM,240.0
27669893-5cd3-5a0e-ab80-e4739ef3c870,,,dd868dd0-79c1-5eff-ae99-ab62a3bdd657,100g phần,GRAM,100.0
dfdce02a-76e7-503b-b062-8ecb8c5552e8,,,dd868dd0-79c1-5eff-ae99-ab62a3bdd657,1 cup,GRAM,210.0
bca9c04c-abfc-5101-895a-f868b1884ce4,,,e2c63941-f0b7-5bc8-a149-14358d0f519c,100g phần,GRAM,100.0
6691f1d0-202f-5def-a65c-6151ad566655,,,e2c63941-f0b7-5bc8-a149-14358d0f519c,1 sandwich,GRAM,190.0
6ab6446a-ea90-5c7a-b130-345582f7179c,,,030d7b1c-9e05-5770-85fe-d27717bedbbf,100g phần,GRAM,100.0
c4c89845-8ae8-5d3b-93bf-1142e31288c5,,,030d7b1c-9e05-5770-85fe-d27717bedbbf,1 bowl,GRAM,350.0
7ab2dbd0-4519-541f-99f1-286a8e3a4566,,,9662fa19-e123-5562-bb07-680ea97442ff,100g phần,GRAM,100.0
adb2fff9-9b3d-5635-ba4e-527edf9c48ac,,,9662fa19-e123-5562-bb07-680ea97442ff,10 dumpling,GRAM,115.0
314ec807-b9f1-5248-831c-3be340f7fac9,,,c52e38d8-4adb-5105-93cc-0ef39211fd7b,100g phần,GRAM,100.0
9b2a6024-7675-5975-95d3-d808aac85904,,,c52e38d8-4adb-5105-93cc-0ef39211fd7b,3 roll,GRAM,400.0
2cc58819-8ba5-5715-b067-c7743c0429a3,,,341a8b64-31ef-5247-8990-2cd69bd6de0d,100g phần,GRAM,100.0
5391b168-21ea-592e-9b04-00a67a059879,,,341a8b64-31ef-5247-8990-2cd69bd6de0d,1 dumpling,GRAM,100.0
1d4a3ea4-660d-5da7-9c27-c935d9796fd8,,,debdc58b-a7cc-5039-8ba1-ee4bc7caf1d3,100g phần,GRAM,100.0
65734d05-2b38-5764-b7fd-143b092f307f,,,debdc58b-a7cc-5039-8ba1-ee4bc7caf1d3,1 skewer,GRAM,150.0
3fb5476e-1a0f-5ff3-865a-34e1895073ac,,,12e6515a-ef6d-5e26-a36d-3e0ce8b10486,100g phần,GRAM,100.0
78f6d246-415e-5f24-981e-4f87f08ffbcd,,,12e6515a-ef6d-5e26-a36d-3e0ce8b10486,1 piece,GRAM,44.0
287d0e57-6d33-5fd2-98b7-ee25fd0abe9b,,,7ccf7a91-abb0-567e-9dcf-fb2ba7820adb,100g phần,GRAM,100.0
8ffb8411-792d-5008-be08-0e81a1142f68,,,7ccf7a91-abb0-567e-9dcf-fb2ba7820adb,1 shot,GRAM,45.0
c35a9c78-16ae-5f8d-8481-5b15ed8c16a3,,,cf496a81-68e0-593a-893a-c055bc9850c2,100g phần,GRAM,100.0
84e008e1-a501-58f0-869a-6a606289bac5,,,cf496a81-68e0-593a-893a-c055bc9850c2,1 plate,GRAM,350.0
db9141c5-e503-5682-8d15-84a8f29f564c,,,c74dc1e8-b769-5118-bb0c-5e7857273574,100g phần,GRAM,100.0
8d765816-a2d2-540d-9087-e1f307d8791a,,,c74dc1e8-b769-5118-bb0c-5e7857273574,1 bowl,GRAM,100.0
0a1b9e81-4f8c-548b-a6d3-d5afea92d82f,,,8a05cfe8-15e5-532e-9497-332e8a2e8a02,100g phần,GRAM,100.0
a352bda3-f21d-5539-bfd8-5b8afaec34b9,,,8a05cfe8-15e5-532e-9497-332e8a2e8a02,2 piece,GRAM,120.0
f05170cb-1e75-5af7-b0b5-b52f6ca92bf8,,,3c26b547-661c-5cfa-b4d1-6d8259fa6e6d,100g phần,GRAM,100.0
99baa084-1e22-532f-bbfc-45bc38e2e413,,,3c26b547-661c-5cfa-b4d1-6d8259fa6e6d,2 piece,GRAM,110.0
e62ced12-3fb4-590c-852d-0372f1fa902b,,,f59b0201-d6f4-5576-a2a2-362fdddcf49b,100g phần,GRAM,100.0
12e6891e-1a09-5d2d-bfa2-a2b0e4ea574c,,,f59b0201-d6f4-5576-a2a2-362fdddcf49b,4 oz,GRAM,112.0
25a1ea91-7e30-5d7e-b43e-7676224be7f4,,,ac4cd40c-847a-590d-8339-85933d3ffd4b,100g phần,GRAM,100.0
aa119fb1-964d-534f-87c4-98622bb6d094,,,ac4cd40c-847a-590d-8339-85933d3ffd4b,1 cup,GRAM,246.9
e7a2cc86-3401-5d62-a835-adcad3b331d1,,,fcb3b38d-ceaf-55bb-9750-9f99f2d11d11,100g phần,GRAM,100.0
13900923-f185-514f-8b6b-64496e4b8d2c,,,fcb3b38d-ceaf-55bb-9750-9f99f2d11d11,1 plate,GRAM,250.0
6f02cbdd-930f-5795-9eca-f9d53678557c,,,650093dc-768e-56b8-a723-6e73416eec9a,100g phần,GRAM,100.0
999397dd-761d-5002-8a1d-5fb283b15797,,,650093dc-768e-56b8-a723-6e73416eec9a,2 oz,GRAM,60.0
0487ed73-d72a-5779-bb56-0422699cf063,,,f82fff2f-b78f-54e8-87bd-211f432a9ea7,100g phần,GRAM,100.0
deb46d31-1f95-5fff-ad86-b7fb2af79917,,,f82fff2f-b78f-54e8-87bd-211f432a9ea7,1 burrito,GRAM,570.0
0e12c8f1-8e5e-5661-9605-7f08fbf12dbf,,,e34ecbe9-3d08-5459-b57d-3e6e0420b218,100g phần,GRAM,100.0
8f296cd0-f94d-5033-a877-780da990a1d6,,,e34ecbe9-3d08-5459-b57d-3e6e0420b218,1 plate,GRAM,100.0
3097cc3b-caf7-55cd-bd99-88d62c50a931,,,2ec6de6e-71ee-5261-974d-1f646b3aafc0,100g phần,GRAM,100.0
1400ab35-aabe-57ac-9741-8d5ae2dd0820,,,2ec6de6e-71ee-5261-974d-1f646b3aafc0,1 plate,GRAM,350.0
762489e9-0a30-5480-860b-5fa4b464d4fb,,,e04bfed4-2ab4-5ab4-9371-716be77abb32,100g phần,GRAM,100.0
a13d80ce-ed39-56a2-b518-04c71da9d6e9,,,e04bfed4-2ab4-5ab4-9371-716be77abb32,8.6 oz,GRAM,245.0
7cd1eaad-ac73-5337-936a-08a451eead08,,,4e3cdc39-2fb9-5364-80f3-aaba7c1b2cf2,100g phần,GRAM,100.0
532eb874-0e4b-5cce-9776-9e7d8b3b4660,,,4e3cdc39-2fb9-5364-80f3-aaba7c1b2cf2,1 ball,GRAM,40.0
94daa84d-973e-5ec3-9334-2fcddcb96518,,,43801a6b-a5ac-5664-8995-8ddf8ae9b2f0,100g phần,GRAM,100.0
5b9e9822-cb88-5ecc-a13a-801e0b5217ae,,,43801a6b-a5ac-5664-8995-8ddf8ae9b2f0,3.5 oz,GRAM,100.0
3dc29edf-82c3-59c5-bacc-b7f78570bb12,,,2adb9e00-b878-5ce7-9827-13faaae94895,100g phần,GRAM,100.0
2ebd9b86-1daf-5ffc-a873-56767d7eea29,,,2adb9e00-b878-5ce7-9827-13faaae94895,1 bowl,GRAM,280.0
3e09d9f6-5a36-56d1-90c6-5d486ecc1c5d,,,a46f30c4-d6fe-5828-aa27-cc5108b9fcdc,100g phần,GRAM,100.0
fedbe884-e176-5c73-8bff-1064b560887c,,,a46f30c4-d6fe-5828-aa27-cc5108b9fcdc,6.5 oz,GRAM,184.0
ca858464-0313-575d-9614-59e9d8d7c6f8,,,0592249a-ed3f-59c0-9c3b-4627ea5b70af,100g phần,GRAM,100.0
77338aa1-1b3f-5f82-acb3-2c32e1d31b25,,,0592249a-ed3f-59c0-9c3b-4627ea5b70af,2.65 oz,GRAM,75.0
94efcc5b-565f-59cc-b472-989ce2f13124,,,b1393b15-b458-56e3-9569-22e078ce09b4,100g phần,GRAM,100.0
96bae3dc-3a0f-5f4f-a111-cd0ca547f990,,,b1393b15-b458-56e3-9569-22e078ce09b4,1 cup,GRAM,237.0
b70e4085-2493-5243-b730-b6be26bd32e1,,,e2d15f9b-8b4b-5548-826d-d9d57e53b30f,100g phần,GRAM,100.0
7cb7d23f-f510-5aa8-83e2-b8e2ef4a8f22,,,e2d15f9b-8b4b-5548-826d-d9d57e53b30f,1 plate,GRAM,350.0
c6fcead2-b5ee-5809-9cfb-37a2c78a7181,,,757c841c-a856-51b0-9d66-800adc521f79,100g phần,GRAM,100.0
57ee9022-0094-576a-8316-8def7051e5d9,,,757c841c-a856-51b0-9d66-800adc521f79,0.5 cup,GRAM,120.0
fb802f66-47e4-5f6e-a29d-4fd38fb50f95,,,30771575-57a7-5faf-8d41-f6784a4015ab,100g phần,GRAM,100.0
4bf69deb-7e88-59b0-be4d-6a8553fb7756,,,30771575-57a7-5faf-8d41-f6784a4015ab,7 slice,GRAM,50.0
f762eb7a-1df3-5551-b798-aec898c107b4,,,8c6c8086-5606-54a2-8833-6d2600c67af5,100g phần,GRAM,100.0
7abf16ad-080b-51a9-b45a-3962465476aa,,,8c6c8086-5606-54a2-8833-6d2600c67af5,1 cup,GRAM,240.0
a9e91963-ed2d-53ee-9c46-05471cc9d257,,,e601f8a4-0cac-5a3f-82f3-89cb913bc873,100g phần,GRAM,100.0
b427d2ca-6e0d-5c22-b538-29946c70685c,,,e601f8a4-0cac-5a3f-82f3-89cb913bc873,4 roll,GRAM,84.0
fa763925-598d-536b-a23d-c111f9614679,,,583f0680-7a43-54a2-832d-cde5730ec8d9,100g phần,GRAM,100.0
f3b0ff39-44bb-5355-928e-3e4c1d7e6946,,,583f0680-7a43-54a2-832d-cde5730ec8d9,1 cup,GRAM,238.0
b708c116-91d6-5b08-a162-f5ae7ee61117,,,b4c4bc40-6926-5030-bb25-4b3b122ee2cb,100g phần,GRAM,100.0
a0101bbc-82c7-576c-a897-331b7c2de06b,,,b4c4bc40-6926-5030-bb25-4b3b122ee2cb,1.5 fl oz,GRAM,41.7
20036d29-cdd1-596e-b51a-75ec4e0992dd,,,df8748a9-0362-502f-a693-c35132219469,100g phần,GRAM,100.0
cd1b45de-eb13-54c2-8c02-8717598e328e,,,df8748a9-0362-502f-a693-c35132219469,3.5 oz,GRAM,100.0
32a95538-9c77-5439-ba05-4287f82e3823,,,a1511f7f-0d79-5a60-9331-e9954a284826,100g phần,GRAM,100.0
7705fc37-eb08-5c7f-9aeb-bc47effe01bb,,,a1511f7f-0d79-5a60-9331-e9954a284826,1 plate,GRAM,200.0
95bc9290-2716-57c7-937f-364227085c02,,,5dd7c40c-84c6-554d-ad6f-dafe289e94f7,100g phần,GRAM,100.0
a0aa119e-eef0-5cb5-b284-7b8a7bebcdd1,,,5dd7c40c-84c6-554d-ad6f-dafe289e94f7,1 piece,GRAM,55.0
29c3fe73-b0df-5c6e-aaf9-4b33713eef50,,,1539559b-d367-5a67-a393-4be3fd629436,100g phần,GRAM,100.0
91ab9672-fa3b-5caf-80c2-bdbe6236659d,,,1539559b-d367-5a67-a393-4be3fd629436,5.7 oz,GRAM,161.0
ea830e37-c2bc-5835-9492-c3401fad7296,,,b9e4864e-bf4d-5938-99ed-48cca8e0cf7c,100g phần,GRAM,100.0
6f7f100b-2e9d-5bb5-a140-c381bc430296,,,b9e4864e-bf4d-5938-99ed-48cca8e0cf7c,5 anchovy fillet,GRAM,42.0
d38946d1-6719-5914-84b8-d0175f55473e,,,85c8646d-434e-5446-b994-33ebd27079cb,100g phần,GRAM,100.0
8fc3fa10-0e74-5599-872b-6858c3ebcc5e,,,85c8646d-434e-5446-b994-33ebd27079cb,1 plate,GRAM,500.0
224f9a9a-5375-5e7d-b09d-bc3e598e8c09,,,a4246578-e98a-5451-9864-413ee2414217,100g phần,GRAM,100.0
5adb03bb-eb68-5ba2-bdeb-c52baa761dc9,,,a4246578-e98a-5451-9864-413ee2414217,1 plate,GRAM,300.0
8026f890-c61e-5d7b-a1d6-eb572346f4bd,,,325f853c-6ee6-5ba0-9f6c-5e8a18e8655c,100g phần,GRAM,100.0
319f054a-b278-559f-8e69-8e4ec6910717,,,325f853c-6ee6-5ba0-9f6c-5e8a18e8655c,1 plate,GRAM,231.0
022857ce-d1a2-54ac-81b3-228d176fe5e8,,,56c9c2c6-5960-5d94-a548-1aa5b53d5250,100g phần,GRAM,100.0
c1cfe9aa-bc06-5457-a57e-c51bf00ccea1,,,56c9c2c6-5960-5d94-a548-1aa5b53d5250,1 slice,GRAM,102.0
775b729d-0ee8-5765-a2d7-26e3adcbd17e,,,8a1cd621-f2d5-54d1-ba3e-c408f69e771e,100g phần,GRAM,100.0
3e61b118-02bc-5cbf-b21a-f7fac3b642e3,,,8a1cd621-f2d5-54d1-ba3e-c408f69e771e,1 plate,GRAM,400.0
f49a7f10-df0e-53ed-85d7-eefc5454660c,,,7a8cdaa4-41b7-54f1-beb7-d6cbcc6e3410,100g phần,GRAM,100.0
7f29671e-062f-5520-b8b5-0dd22de7ddb5,,,7a8cdaa4-41b7-54f1-beb7-d6cbcc6e3410,8.3 fl oz,GRAM,240.0
e7e284e0-e53b-5ea8-9d35-eb9db14204e6,,,535b3ea7-345e-5f85-abf4-9b208f516b81,100g phần,GRAM,100.0
670f0069-0543-5103-bd35-5fbffcd6583e,,,535b3ea7-345e-5f85-abf4-9b208f516b81,1 empanada,GRAM,225.0
c47f3cc6-69de-5bd6-8b35-07c81c35efa2,,,2ef16665-ac09-56d4-ab3f-a912dccc6570,100g phần,GRAM,100.0
1135ddd0-310b-5a92-84a2-bcd43fb8ef2f,,,2ef16665-ac09-56d4-ab3f-a912dccc6570,1 plate,GRAM,250.0
a0695d34-59a7-5bb0-902f-0148e3f9bfb3,,,1ee68499-cc65-5449-88e3-d5d72cc10a60,100g phần,GRAM,100.0
51c2e92b-51f7-52f7-b02e-6aa5a6d09190,,,1ee68499-cc65-5449-88e3-d5d72cc10a60,1 plate,GRAM,150.0
e205863b-115e-50a6-b166-1de38d83fc1b,,,ec72293b-e486-58a4-ba8b-e4805308988a,100g phần,GRAM,100.0
8031a735-1194-5a9e-8f2e-8edacc5b4e40,,,ec72293b-e486-58a4-ba8b-e4805308988a,2 piece,GRAM,230.0
b17f2ab2-0e33-5626-86bb-3f97f92add14,,,6a4be8fd-89f8-5616-bc87-4bdd164d8bbc,100g phần,GRAM,100.0
c270ec7d-76a0-594c-8790-aef1c4285cf1,,,6a4be8fd-89f8-5616-bc87-4bdd164d8bbc,1 cup,GRAM,250.0
f70cd651-9df6-5d0e-bb73-2bd342e0589a,,,2c9cf8dd-d605-576c-9701-cd503f89524f,100g phần,GRAM,100.0
2adfa90a-fb7c-578d-aa75-48662db1b4df,,,2c9cf8dd-d605-576c-9701-cd503f89524f,1 pide,GRAM,238.0
bbfb7d32-23a5-559a-bc0b-37851a88c6e9,,,fb5d47cc-472b-53ea-9d18-e76a440cc83d,100g phần,GRAM,100.0
4e5f9b88-d6c5-5a39-b0b7-b2db480c9a9e,,,fb5d47cc-472b-53ea-9d18-e76a440cc83d,2 dumpling,GRAM,120.0
86f80e52-8c2d-57e4-b77d-58d7e1c2f1c6,,,39572986-20f0-5593-a527-546c925a1f9c,100g phần,GRAM,100.0
005c65bf-99ae-5342-abaf-8e005a5ccc5e,,,39572986-20f0-5593-a527-546c925a1f9c,2 macarons,GRAM,20.0
0de56622-46a6-5351-b7ad-3da7838e4b3c,,,124a92f5-bfa5-5b13-bbb1-5e13af0a2a84,100g phần,GRAM,100.0
25e6175c-4f77-5cf7-a9dc-9865d0572e4b,,,124a92f5-bfa5-5b13-bbb1-5e13af0a2a84,1 plate,GRAM,250.0
9927efbf-ce30-5531-bb5c-1fc22c357f1d,,,a8ddf358-650d-54dd-b605-0361eb36ce79,100g phần,GRAM,100.0
29f6065d-9812-5432-ae29-37965d23cc7b,,,a8ddf358-650d-54dd-b605-0361eb36ce79,1 cup,GRAM,240.0
f3291212-8318-5670-9058-e79e5de86b06,,,8ec19ca3-2b30-5746-b6a5-cb6fe17fb1ee,100g phần,GRAM,100.0
138f0f2d-6249-50c8-af31-33639315ceb2,,,8ec19ca3-2b30-5746-b6a5-cb6fe17fb1ee,1 bowl,GRAM,330.0
2b3c5d59-bd7a-5763-9f41-0f825d8b82bf,,,6d495c77-8f40-51c4-bfd7-457454b26372,100g phần,GRAM,100.0
95eb8ea4-b1e9-594f-a8d2-9340751a9ee6,,,6d495c77-8f40-51c4-bfd7-457454b26372,4 piece,GRAM,120.0
2f876495-8c45-59d6-b101-5fc321b6fcf6,,,b8549e25-95eb-55e9-925e-37ad05e43700,100g phần,GRAM,100.0
c26b03c4-6586-5fa1-bec0-80039895ecdc,,,b8549e25-95eb-55e9-925e-37ad05e43700,1 slice,GRAM,50.0
7a66bbd3-133e-5171-8ddd-192dec0a33ca,,,ec57fdd0-1dad-5254-9f6b-5f96487b5c27,100g phần,GRAM,100.0
1030561b-f87d-5236-93d3-16597bbeb644,,,ec57fdd0-1dad-5254-9f6b-5f96487b5c27,1 cutlet,GRAM,250.0
ff4deeff-6b06-5514-9b51-0219bdbf8e28,,,f345dd24-c2de-58f8-b4f4-da741c72d861,100g phần,GRAM,100.0
2b9c089b-ebe7-57cb-8ca6-fa2112b69d01,,,f345dd24-c2de-58f8-b4f4-da741c72d861,2 piece,GRAM,50.0
a6174d1d-47ca-5c76-a4fd-063e5c9d4487,,,d5542f1f-f420-572f-b578-be1a78c822fa,100g phần,GRAM,100.0
ef671fdc-5155-5d91-a95f-f6fae0377858,,,d5542f1f-f420-572f-b578-be1a78c822fa,1 sandwich,GRAM,388.0
98d42540-27d6-5e0b-abf7-ca3900302344,,,fa8fff3f-0b09-5d89-8f02-a68969b016c7,100g phần,GRAM,100.0
817bfb66-bcf9-5581-b836-41e453305c24,,,fa8fff3f-0b09-5d89-8f02-a68969b016c7,1 plate,GRAM,275.0
2bd1546f-8280-5fd9-9e7e-dac305494ec7,,,e435d67a-c3eb-5e87-8310-22b42482879c,100g phần,GRAM,100.0
26a915a6-6226-506d-9906-9eeaa8c9b098,,,e435d67a-c3eb-5e87-8310-22b42482879c,3 ball,GRAM,90.0
18099c41-1742-53ff-b962-33e31ba04851,,,d6cecd2e-98c9-5feb-9e3a-20138f2dab66,100g phần,GRAM,100.0
a5ebb08e-aae6-522c-909b-0be76f81f693,,,d6cecd2e-98c9-5feb-9e3a-20138f2dab66,3 piece,GRAM,40.0
b3d4ac58-fc5c-5472-b7f2-20af02284b02,,,ba817ef1-4ca1-5c12-8788-b0001225798f,100g phần,GRAM,100.0
f38a190a-2509-5246-a37e-d502a8a3b648,,,ba817ef1-4ca1-5c12-8788-b0001225798f,1 cookie,GRAM,57.0
6cf42868-3eee-5050-ad25-e1c186f4b4cf,,,3023b78f-b622-5abe-919e-961017857cbf,100g phần,GRAM,100.0
185a95f3-4ae2-584a-a3c0-1d01da586cbb,,,3023b78f-b622-5abe-919e-961017857cbf,1 piece,GRAM,35.0
6eb14ee3-b996-5f9e-b305-72fc53a10b5e,,,16407bd4-8347-52e1-828c-eca4e3de1dd2,100g phần,GRAM,100.0
725d86da-1c9f-562e-9d4b-422206fb2cf4,,,16407bd4-8347-52e1-828c-eca4e3de1dd2,16 fl oz,GRAM,473.0
b511cd16-b847-5ec5-b223-ac143d868683,,,f687f68e-8a20-5478-940b-874663ea72a8,100g phần,GRAM,100.0
d1925d3a-11f7-5443-8be9-ca22974438af,,,f687f68e-8a20-5478-940b-874663ea72a8,1 piece,GRAM,100.0
1fe198ab-caa8-553d-929f-92511204c2ef,,,5e5193ee-86c3-56b5-b38c-37375d4fc0f5,100g phần,GRAM,100.0
b21f288f-f0b5-5158-b1a6-5a952d60405c,,,5e5193ee-86c3-56b5-b38c-37375d4fc0f5,1 pepper,GRAM,250.0
036725d2-1f03-511b-9ec8-6f55435297d0,,,66ffb74d-8e38-57d0-99c7-39be1da3b16c,100g phần,GRAM,100.0
9bb79c85-8e54-5a4f-9aa2-43040edf873a,,,66ffb74d-8e38-57d0-99c7-39be1da3b16c,1 sandwich,GRAM,200.0
8160171b-9e84-5953-8fcc-ee768a3cefd1,,,6745ce14-c8b6-55df-a7fb-1688616eb060,100g phần,GRAM,100.0
3eb69e9e-49b9-58b0-a112-78efff17e9ca,,,6745ce14-c8b6-55df-a7fb-1688616eb060,1 cup,GRAM,235.0
43e6fc14-68a7-5300-a819-4a551a4bd15c,,,1cb5f183-ceb3-520c-9bef-283b66347718,100g phần,GRAM,100.0
dfb77604-9d40-51a0-9022-937d9144ba98,,,1cb5f183-ceb3-520c-9bef-283b66347718,1 plate,GRAM,450.0
e483ee8f-e906-5565-9138-eab4623783d0,,,a6205ef9-1751-5276-bd78-3821e5e7f6a3,100g phần,GRAM,100.0
1238e58c-238f-52d3-8042-945ba1311739,,,a6205ef9-1751-5276-bd78-3821e5e7f6a3,2 tbsp,GRAM,35.0
c5b8bf3a-3762-595a-bd67-46930063c5a0,,,a4a41416-228c-51b8-ab46-bbbaac17b7f0,100g phần,GRAM,100.0
68a9c841-7eb1-50ae-a1ca-42c5b8c7b676,,,a4a41416-228c-51b8-ab46-bbbaac17b7f0,1 plate,GRAM,600.0
ec104d60-01de-5d66-9086-d2cc53de6af7,,,711f1f36-17dd-5424-8736-7ab9d772c062,100g phần,GRAM,100.0
67267fea-63b4-5bf1-a36e-251a5cba921f,,,711f1f36-17dd-5424-8736-7ab9d772c062,1 cookie,GRAM,30.0
29796979-74c0-5213-af42-b72eae9a52cb,,,cd842f60-7a2f-54ce-91f2-6bfd90c68491,100g phần,GRAM,100.0
fdb8c25d-3fdf-5fef-a1e8-7077cdfba569,,,cd842f60-7a2f-54ce-91f2-6bfd90c68491,1 cup,GRAM,78.2
aa8760a7-d823-59cd-b01f-797ab09bf4f2,,,09a7d74a-eb0c-59ee-9ff3-ff92b9d03757,100g phần,GRAM,100.0
970a38bc-50ec-5f58-bf39-cf5c629798e9,,,09a7d74a-eb0c-59ee-9ff3-ff92b9d03757,1 plate,GRAM,350.0
19b9dc02-2590-57c9-848e-67536a4874bb,,,d7895832-6ad3-52c4-b87e-20c6ed574dbb,100g phần,GRAM,100.0
93741fea-da73-506a-a108-7fda0e8696df,,,d7895832-6ad3-52c4-b87e-20c6ed574dbb,3.5 oz,GRAM,100.0
1da7399f-6ff5-58c5-83c6-7540717f9a74,,,f6caf1a3-561c-5695-8375-00399577a327,100g phần,GRAM,100.0
db3cafaa-c21c-5ffb-9206-1d4aac31668d,,,f6caf1a3-561c-5695-8375-00399577a327,1 cup,GRAM,250.0
5684e26c-1ba8-5625-977b-d5fd08080b80,,,25976ec6-347d-5aa9-a78a-987ba0d1c5bf,100g phần,GRAM,100.0
349bf5a1-3f3a-53b0-b52d-263db2d37782,,,25976ec6-347d-5aa9-a78a-987ba0d1c5bf,3.5 oz,GRAM,100.0
67030be3-bff4-5866-b5ec-a29aa300ce26,,,a31f28f6-f3db-5679-a3f7-7960d89f065d,100g phần,GRAM,100.0
c677e92e-e5a8-5d55-bb5e-e64cd6aaf493,,,a31f28f6-f3db-5679-a3f7-7960d89f065d,1 plate,GRAM,350.0
6ae0f357-9636-528e-a4a6-611496da18ca,,,ff117101-5231-520b-8f19-12f32815ffa8,100g phần,GRAM,100.0
1bb2a452-14f1-51cc-9a68-abcd5514fece,,,ff117101-5231-520b-8f19-12f32815ffa8,8 oz,GRAM,240.0
09b5b105-8db5-5d0f-85a6-768474f5ae44,,,7ac24cdc-f404-5f8d-b246-fccaeb463fff,100g phần,GRAM,100.0
34580929-8c29-5ec0-a949-558b418829a1,,,7ac24cdc-f404-5f8d-b246-fccaeb463fff,6 piece,GRAM,142.0
2a1d8874-70f7-50ff-a9b6-4ff590089b9e,,,914e0bd0-5927-598b-a987-39b6c2dfb101,100g phần,GRAM,100.0
507983a9-b883-5c11-8953-97237441add1,,,914e0bd0-5927-598b-a987-39b6c2dfb101,1 plate,GRAM,600.0
e12a460e-b6fa-5b41-ad67-e6072a662f09,,,4ef671ae-6830-5380-9002-e0528f677671,100g phần,GRAM,100.0
374caa23-82ae-5939-8751-8a25112f37b0,,,4ef671ae-6830-5380-9002-e0528f677671,1 plate,GRAM,350.0
a117a8c2-b8cd-5194-941d-525044fdf813,,,5009656c-aef7-5e77-ae34-5273283dfc2f,100g phần,GRAM,100.0
33fcb8a9-5e17-5e66-9098-1a58445d1b03,,,5009656c-aef7-5e77-ae34-5273283dfc2f,1 bowl,GRAM,250.0
47110b8e-bb97-5ba2-8110-f7a1ddf23bdc,,,5ade6f53-1c77-53f7-9869-70f74b7dbeaa,100g phần,GRAM,100.0
5e206c45-f90b-589a-b1aa-8831abea0eb6,,,5ade6f53-1c77-53f7-9869-70f74b7dbeaa,1 cup,GRAM,300.0
c82b9335-4c9f-5e1e-8c95-90001f097532,,,f939376c-5ae4-5010-bb40-0d3bfc0a9843,100g phần,GRAM,100.0
fc1435c9-8faa-56a7-b95b-88964b91db9a,,,f939376c-5ae4-5010-bb40-0d3bfc0a9843,3.5 oz,GRAM,100.0
1676262d-f3fa-5113-b3a0-f4659c438dcc,,,e3f02a1e-bc62-586a-bcc8-a0b1790cb8e9,100g phần,GRAM,100.0
f90182ed-6da8-5d6b-8fee-b7372a044fe7,,,e3f02a1e-bc62-586a-bcc8-a0b1790cb8e9,12 fl oz,GRAM,355.0
62805fb5-7ed4-5b71-8810-1d2fc2bd7d03,,,643edacf-24e3-50c6-9233-054b809f4def,100g phần,GRAM,100.0
5270fee5-e692-5cdc-8335-182326de9307,,,643edacf-24e3-50c6-9233-054b809f4def,1 dog,GRAM,200.0
7f7c9960-47dd-5414-8918-b455aeca715f,,,a0b92697-2238-5114-9807-71d9acab96ff,100g phần,GRAM,100.0
4ebd2cb6-8101-5aef-b02c-8e6f03e6774a,,,a0b92697-2238-5114-9807-71d9acab96ff,1 bowl,GRAM,350.0
9196fd6d-464f-5252-b286-46a5069e84c2,,,0b164607-93d7-534a-b972-8317cd0a32c2,100g phần,GRAM,100.0
581db1b8-998b-5f6e-a516-7705011a66e4,,,0b164607-93d7-534a-b972-8317cd0a32c2,3 oz,GRAM,85.0
eeefa6cf-d093-5a0e-b6fd-ddfdd7961af5,,,69099cb2-f5c4-5a4b-bea7-f99ea014fd70,100g phần,GRAM,100.0
a15bb323-5c57-5a95-9aa1-2b0b27ac0f06,,,69099cb2-f5c4-5a4b-bea7-f99ea014fd70,1 cup,GRAM,250.0
27b15047-8987-539c-b542-1efe9c96f5b5,,,7e5749db-3021-5f67-82d8-3473ab0a2573,100g phần,GRAM,100.0
7b17ac5f-7c52-5f30-88e1-f7d634c273a7,,,7e5749db-3021-5f67-82d8-3473ab0a2573,3 garnacha,GRAM,180.0
3e7dff4d-a0e9-57ae-b547-e0b0b1fd290d,,,3f5df003-6c4e-5a42-9131-7de4276ac5e2,100g phần,GRAM,100.0
b6d3f5d5-8286-5c52-b027-006e874c689f,,,3f5df003-6c4e-5a42-9131-7de4276ac5e2,1 plate,GRAM,550.0
63fda83a-5598-5b4c-842a-28aa436fcff8,,,e1ecc5d8-ca32-5a3b-9c2e-c8ff2469e9d3,100g phần,GRAM,100.0
26a7f9e7-2a0d-59c3-befd-68ddcc396929,,,e1ecc5d8-ca32-5a3b-9c2e-c8ff2469e9d3,1 cup,GRAM,252.0
239b93c8-b2fd-5811-951d-3aee9d177042,,,8322d3c8-eb2d-5ff2-82e5-f93298f6183a,100g phần,GRAM,100.0
52e1c5a1-0bd6-5196-8e87-7c3dbd5ea148,,,8322d3c8-eb2d-5ff2-82e5-f93298f6183a,1 cup,GRAM,250.0
66ca9b12-4ab3-59a8-865d-a6ff485fa4c3,,,328141f2-31be-5501-acb4-b281aa75591a,100g phần,GRAM,100.0
8a71b621-339a-5c4d-bb22-5f64b1ac1726,,,328141f2-31be-5501-acb4-b281aa75591a,1 cup,GRAM,150.0
29ca5839-6a03-5bd7-b01c-368e2bb65672,,,dcd291f2-2ce7-5eb8-b189-595d9e4d9e33,100g phần,GRAM,100.0
3f1f5ec5-6933-5c0c-a3b9-ce4ba159185d,,,dcd291f2-2ce7-5eb8-b189-595d9e4d9e33,1 half-pint,GRAM,250.0
90e5de97-72d3-533d-87c2-0bab45f724cc,,,f5bd5df9-103e-5f40-806e-f70b887c3cde,100g phần,GRAM,100.0
e97883c9-bc88-5ae8-882b-aee6e1890616,,,f5bd5df9-103e-5f40-806e-f70b887c3cde,6 fl oz,GRAM,170.0
9a49dbd4-2a43-5013-befa-1c072f97539c,,,4c25f63d-2ce1-5cd6-93b7-4bd196cdd86f,100g phần,GRAM,100.0
dd0dda31-a411-504d-8e10-715536c3784c,,,4c25f63d-2ce1-5cd6-93b7-4bd196cdd86f,2 piece,GRAM,150.0
ed3b348e-ec5b-524c-949c-356b8ad80d4e,,,4d4d4a3a-b3b8-5638-b66d-60b43c780524,100g phần,GRAM,100.0
862a25f1-2177-53c4-a4c7-26d48e8fe7ad,,,4d4d4a3a-b3b8-5638-b66d-60b43c780524,1 piece,GRAM,200.0
12b6f4e1-7912-553b-9c31-7263e496c4bb,,,ebb99573-869c-5406-90c6-965adc78d5d8,100g phần,GRAM,100.0
218d125d-8acb-5349-b2bb-18fa9bd5b79e,,,ebb99573-869c-5406-90c6-965adc78d5d8,3 oz,GRAM,85.0
6e6a5c26-bc3f-5f88-9a50-391c512943bc,,,4b62c2cb-a657-51a6-b166-cd6acc6e22c6,100g phần,GRAM,100.0
1108f97e-a3a5-592e-92cd-050aee951743,,,4b62c2cb-a657-51a6-b166-cd6acc6e22c6,1 piece,GRAM,200.0
c3632794-71a0-56ae-a0da-1ca3edf4199e,,,4a8530ca-c4e8-589a-9c89-5c6ebc2fb19c,100g phần,GRAM,100.0
02c79f0d-3e17-53d9-8d14-1d508a6ee24e,,,4a8530ca-c4e8-589a-9c89-5c6ebc2fb19c,1 plate,GRAM,300.0
b97c5e4a-52c4-5cc1-9357-58877e42461c,,,99f0e0a4-76c8-547d-9209-7427ccaf3646,100g phần,GRAM,100.0
bb3fc172-9792-5fce-84b6-779bd2e9263c,,,99f0e0a4-76c8-547d-9209-7427ccaf3646,8.4 oz,GRAM,238.0
5fc43968-8031-5d1e-82c9-c3857b9dfe8b,,,41a9fe35-94a1-5176-97e3-5f5a47e58b0c,100g phần,GRAM,100.0
f31fb5ed-d338-5e5f-9dd5-bc79df1b5a3d,,,41a9fe35-94a1-5176-97e3-5f5a47e58b0c,1 cookie,GRAM,40.0
df903bcc-68a0-5f56-84b1-89f85b79b705,,,681cc574-7c20-56e4-bcd3-23f352656a63,100g phần,GRAM,100.0
6f841373-c972-5f32-9840-8789dac09a94,,,681cc574-7c20-56e4-bcd3-23f352656a63,1 bowl,GRAM,300.0
02b93596-b62e-5472-b230-c5d3f286fdfd,,,f802b811-35f1-55c9-aabd-b389ec2172e8,100g phần,GRAM,100.0
c85e6e20-608f-59fc-9fb2-8388c6efb03f,,,f802b811-35f1-55c9-aabd-b389ec2172e8,3 oz,GRAM,85.0
2ead8e44-5a2f-570c-b8b1-691a30e70b46,,,6a147120-1981-5ce2-881b-c69183d5c9ac,100g phần,GRAM,100.0
def459da-8e68-5933-9516-4f729fb48fe0,,,6a147120-1981-5ce2-881b-c69183d5c9ac,1 cup,GRAM,240.0
9482f70f-1ba4-52c8-9b74-668c72d6bd4a,,,3dbc855c-5de7-537b-9129-61754ae8c61d,100g phần,GRAM,100.0
0bd5a204-b5ab-55e2-afe6-8b18f23e324f,,,3dbc855c-5de7-537b-9129-61754ae8c61d,1 cup,GRAM,238.0
d9fbc7a3-aa28-5cf1-8d96-ac9b26dbab49,,,c5ce6ffc-c94d-5f68-8a33-a2ebfffb5a37,100g phần,GRAM,100.0
b7e72bdb-5911-566d-8184-ccc16730fdc9,,,c5ce6ffc-c94d-5f68-8a33-a2ebfffb5a37,1 bowl,GRAM,250.0
ba7f658f-dbaa-5d05-b7ec-0e9e18c8e1f4,,,1c67ed37-1f19-5306-b2c1-d7e1d8c2f660,100g phần,GRAM,100.0
0d666099-1f9c-5a05-ae99-fb244d91897f,,,1c67ed37-1f19-5306-b2c1-d7e1d8c2f660,1 slice,GRAM,200.0
0ca7f605-8389-51a0-9966-b96b7583b004,,,a24d7054-b834-5e44-a51d-14a5152a19b1,100g phần,GRAM,100.0
4dcdbb2a-1612-59f2-b0a5-b96d0a4cd17a,,,a24d7054-b834-5e44-a51d-14a5152a19b1,1 plate,GRAM,350.0
2dba8fbc-7a7a-5431-94c5-1c7b2a66edbe,,,73f4c9c8-0af7-504a-874a-698fa94b238d,100g phần,GRAM,100.0
9b0df9fd-3bc4-5553-bd09-6792374b7548,,,73f4c9c8-0af7-504a-874a-698fa94b238d,1 glass,GRAM,400.0
6ff68038-d396-59b7-a3a5-4ddb783edb19,,,21839619-490c-5711-b69f-a7bb7619c4b5,100g phần,GRAM,100.0
ecc31096-0183-56ef-b953-dc98620a8d61,,,21839619-490c-5711-b69f-a7bb7619c4b5,1 bowl,GRAM,500.0
ae6569fa-dcbf-5d34-b889-3183e437e014,,,c82d48ee-f924-5882-9e2f-a68292546a01,100g phần,GRAM,100.0
50f4821b-cd39-5de5-b42f-c5eef30afa3e,,,c82d48ee-f924-5882-9e2f-a68292546a01,1 piece,GRAM,200.0
4cca93d2-cd51-5ad2-9125-20e04fd2f6ed,,,d31004a8-5a5f-5831-94ae-27c8dedc7939,100g phần,GRAM,100.0
2c7c65cf-a542-5a8a-8416-d2fcf59974cc,,,d31004a8-5a5f-5831-94ae-27c8dedc7939,1 cup,GRAM,150.0
ca7240a3-9e15-5149-88da-836e344d8e8b,,,347b722c-7a9b-5c8f-8629-c91b0f732d1f,100g phần,GRAM,100.0
5d2900c1-128d-567a-9784-9491f393ee65,,,347b722c-7a9b-5c8f-8629-c91b0f732d1f,1 bowl,GRAM,375.0
01bbb7f4-f90c-52c9-8199-27b6a1f75b48,,,90bb01b6-b4ae-51c1-9d48-9d326774d30a,100g phần,GRAM,100.0
70cdb811-2592-53fd-a70a-ea1b3a10f3f6,,,90bb01b6-b4ae-51c1-9d48-9d326774d30a,1 piece,GRAM,100.0
17aae363-759f-52c1-9ce9-1e1af19b063d,,,79df5404-9c8c-52a0-93c6-32db345d54d9,100g phần,GRAM,100.0
4a65397b-eb50-5fb9-b267-f40a3fa6d935,,,79df5404-9c8c-52a0-93c6-32db345d54d9,4 fritule,GRAM,100.0
f27811ef-4598-51fd-b631-0b34b687664b,,,1e6bd8fb-f10f-583a-b04a-42180a9ccef2,100g phần,GRAM,100.0
6113b826-6bd7-5b0d-bfc4-b6692e623c57,,,1e6bd8fb-f10f-583a-b04a-42180a9ccef2,1 cup,GRAM,240.0
5b09e263-fbc4-5858-97e4-54f295bb3234,,,09b51b68-723f-5a69-9ca8-303f8021cb44,100g phần,GRAM,100.0
b64fa666-112c-5e7d-8967-3e762d68d2a7,,,09b51b68-723f-5a69-9ca8-303f8021cb44,4 oz,GRAM,113.0
a6c54f4e-a297-5b12-a29f-dcf0dbde305d,,,806b6087-12f5-57d2-b491-7c7afd1559f5,100g phần,GRAM,100.0
9ca35fec-4558-5dc4-b7ef-450061cb0831,,,806b6087-12f5-57d2-b491-7c7afd1559f5,24 fl oz,GRAM,700.0
846f4b54-44d0-5591-92b5-2f209129a3d0,,,becdc53d-dafb-5e36-be10-da60ff385dd1,100g phần,GRAM,100.0
71e07038-a911-5da4-9b9b-a61988cdcbcb,,,becdc53d-dafb-5e36-be10-da60ff385dd1,1 plate,GRAM,350.0
a17826b6-66cc-5448-8f7f-c56813e8eb84,,,ab6d37e1-9adf-5c22-b1ef-fd24927b575c,100g phần,GRAM,100.0
a9eded7e-9ba9-5005-961f-9c1b2eb0e8f1,,,ab6d37e1-9adf-5c22-b1ef-fd24927b575c,1 bowl,GRAM,200.0
b7ee8e6f-2b0b-59f5-8e35-3315f1ae0ce7,,,68ec7ed3-dd53-50ce-a323-5c3b00c42b16,100g phần,GRAM,100.0
caf217bf-cb78-5704-b44f-ed1a3b5b9b0a,,,68ec7ed3-dd53-50ce-a323-5c3b00c42b16,8.4 oz,GRAM,250.0
0d46ec33-0c7e-5fed-b859-e01b9ddd9d24,,,082cce3f-68c2-5074-ae8e-74c3e1765e3b,100g phần,GRAM,100.0
6c60ac57-a41a-5d88-b3d3-686f7d9f0523,,,082cce3f-68c2-5074-ae8e-74c3e1765e3b,1 tartufo,GRAM,170.0
434bbeca-5183-5365-9148-5d5f70cd1731,,,a45abb27-5cc0-599e-a867-8ed4e84cc55d,100g phần,GRAM,100.0
fa5ffad2-784c-5eb4-8708-add1a6e75563,,,a45abb27-5cc0-599e-a867-8ed4e84cc55d,1 plate,GRAM,400.0
defaa501-825e-5a41-804b-bacad67ea9ef,,,7c0cffaa-de57-5660-b4f4-96df2821735a,100g phần,GRAM,100.0
1aa6dbea-221a-5dd9-9821-a07de8c7430d,,,7c0cffaa-de57-5660-b4f4-96df2821735a,1 cup,GRAM,250.0
bbd9274d-8c9a-52fb-bc46-7fff7c1cde2c,,,fbcda9ca-1a98-5816-add4-2bbd878904ff,100g phần,GRAM,100.0
67d36da6-a7e6-5ee0-8797-29a7817c48ef,,,fbcda9ca-1a98-5816-add4-2bbd878904ff,1 piece,GRAM,75.0
df3a7cdc-ba62-50f1-a01e-14076b0254bc,,,cb82bbdc-5cc0-5ac8-a3fb-3757bb8e2d18,100g phần,GRAM,100.0
1fd0a4d0-64e4-5bc5-82e4-53f58c1a3936,,,cb82bbdc-5cc0-5ac8-a3fb-3757bb8e2d18,0.25 cup,GRAM,57.0
fc4a3866-f970-565a-89cc-fc63ae6f897f,,,9038c0b4-116a-5f34-8fb6-759359aa8b5e,100g phần,GRAM,100.0
39eab153-bd86-5651-a1ce-006e61cc2539,,,9038c0b4-116a-5f34-8fb6-759359aa8b5e,7 roll,GRAM,300.0
ce666c7a-afac-5b56-bb2b-3a6ac2e39b3f,,,bb29ad56-4c0a-556f-9992-fee2513668d5,100g phần,GRAM,100.0
726db489-9c54-567e-aae3-6fa67cbf4499,,,bb29ad56-4c0a-556f-9992-fee2513668d5,8 oz,GRAM,237.0
be5c3681-3b4b-5734-a18b-6e245a18c0a4,,,ab17c6d3-d32a-5641-a50c-df8050d2f9f3,100g phần,GRAM,100.0
a86b81e2-dfac-5859-aadf-0402b86998b0,,,ab17c6d3-d32a-5641-a50c-df8050d2f9f3,3 oz,GRAM,85.0
17b35ddf-8e35-515b-a2af-ffa0b6c42d47,,,b7308486-1381-5dd2-8e03-c5f09d703589,100g phần,GRAM,100.0
1375f28f-52f9-5cc2-8af0-49b9d7936e45,,,b7308486-1381-5dd2-8e03-c5f09d703589,1 bowl,GRAM,235.0
97733dea-17b6-5b9d-a51f-cacad90099f4,,,64327c6c-645c-58a2-80a5-74ca34759bf8,100g phần,GRAM,100.0
6c030450-01ad-5a98-bc98-efcdfb5dc2d5,,,64327c6c-645c-58a2-80a5-74ca34759bf8,1 bowl,GRAM,350.0
d5b7f555-1060-5aae-96f4-2e869c58a8ad,,,47fa1d26-8863-5ad6-93b2-56ea16943907,100g phần,GRAM,100.0
e73d52ad-2027-59c5-8876-5fb865de15e6,,,47fa1d26-8863-5ad6-93b2-56ea16943907,1 plate,GRAM,400.0
2ad12534-b7f6-5402-9615-e503fbed5f49,,,3060eebc-351b-5a09-a0c8-28186c9f0624,100g phần,GRAM,100.0
f80ebca6-6010-5092-9b23-fbdccf7fb314,,,3060eebc-351b-5a09-a0c8-28186c9f0624,3.3 fl oz,GRAM,100.0
31753418-d37d-565e-8428-a770f4c11200,,,f3e14693-b5dd-5d20-9ed7-0df18c629d69,100g phần,GRAM,100.0
a5dd8ae3-495d-5fe4-b994-c1e4116357e9,,,f3e14693-b5dd-5d20-9ed7-0df18c629d69,1.5 cup,GRAM,375.0
a011bac7-b919-5037-abee-6c97d8010897,,,8276e6ff-394a-5dd7-8dbe-9131e1d3487c,100g phần,GRAM,100.0
ec2e7fd9-1882-5e4a-9ac5-282d658f442d,,,8276e6ff-394a-5dd7-8dbe-9131e1d3487c,1 bowl,GRAM,350.0
92385f66-d90a-5483-87ad-4821cba27aac,,,64e9b372-1f9e-5425-9815-7502a4f1bbb4,100g phần,GRAM,100.0
52a5e46a-60d7-55fa-abb2-26b744c8fb9a,,,64e9b372-1f9e-5425-9815-7502a4f1bbb4,1 plate,GRAM,140.0
ff176db7-8d9a-5b1b-afda-d64dcaa1f75e,,,7f0d9d2f-33f2-5d10-94c5-10740e9a0246,100g phần,GRAM,100.0
6a5a7f5c-88bb-5b55-9f51-a50203ca6595,,,7f0d9d2f-33f2-5d10-94c5-10740e9a0246,3 fritter,GRAM,150.0
e7d225fb-fe7f-53a4-a8dd-642583e87cbf,,,a72d3b1e-e736-514b-a8d0-e23ac27ad1f9,100g phần,GRAM,100.0
c390b29c-320a-59ba-9856-a5576cd63995,,,a72d3b1e-e736-514b-a8d0-e23ac27ad1f9,1 bowl,GRAM,400.0
dfde0bee-2de2-56b8-a02c-a540edace535,,,bfd1e500-a28f-554c-8491-01029884095a,100g phần,GRAM,100.0
747437e6-05d7-5af6-8df8-f31f3e32440a,,,bfd1e500-a28f-554c-8491-01029884095a,6 oz,GRAM,171.0
7fa1b268-d521-51bb-966a-2ec49e39fa02,,,485f9a94-deed-564a-91c6-81fa80c792e5,100g phần,GRAM,100.0
4baf78f0-5add-5c49-ab30-b10c16102829,,,485f9a94-deed-564a-91c6-81fa80c792e5,4 oz,GRAM,115.0
b4c69f0f-f6bc-5622-8771-8b626a199f03,,,01506d17-9626-53cb-ba14-33205facdf56,100g phần,GRAM,100.0
fe32b24b-7636-5a10-a7bc-2dbe223c164c,,,01506d17-9626-53cb-ba14-33205facdf56,1 bar,GRAM,170.0
2a46c9f3-89d8-59ad-bb5a-6ef2531cef8d,,,60409f7d-0920-5cef-a0bc-4e75f948d8ce,100g phần,GRAM,100.0
5c179c22-3d0b-5341-a1ed-62ab439e90d8,,,60409f7d-0920-5cef-a0bc-4e75f948d8ce,2 piece,GRAM,45.0
7e04b31b-ca60-51e9-9f1d-7dd2a6e7e52c,,,ae590c63-9fdf-5cde-a14b-897c742a081a,100g phần,GRAM,100.0
52b9801b-7e45-5937-bfbd-c87fa386d177,,,ae590c63-9fdf-5cde-a14b-897c742a081a,1 plate,GRAM,200.0
cff416ff-4444-549c-91fb-5d23d94241ce,,,491911bb-b447-5746-8745-9f85e7eeb63b,100g phần,GRAM,100.0
c1c30429-28e8-57c6-92ae-287f70beac0d,,,491911bb-b447-5746-8745-9f85e7eeb63b,1 cup,GRAM,250.0
6a2fa62c-70be-527e-9e65-b3ec35f66eb0,,,e93d8450-160d-512b-8e69-835cada3e85f,100g phần,GRAM,100.0
9c81d2e6-8e5e-57c1-97fb-de709298a318,,,e93d8450-160d-512b-8e69-835cada3e85f,1 bowl,GRAM,240.0
06529372-7b77-5b10-bfe5-1c7df802542e,,,8bd8f7de-80d4-5485-8f21-0305a064fd56,100g phần,GRAM,100.0
150d917c-5f60-552a-b7f6-397bb07fe743,,,8bd8f7de-80d4-5485-8f21-0305a064fd56,1 bun,GRAM,80.0
39d36686-981b-5c2e-81e9-d3e78c455133,,,83da409b-c1c8-5ba8-9f87-ea051254ed35,100g phần,GRAM,100.0
9abcb9ef-2b52-58bf-a4f5-77f29f4d96ee,,,83da409b-c1c8-5ba8-9f87-ea051254ed35,5 roll,GRAM,150.0
ce2d7b1a-8075-5d5d-92b0-0abc4656b465,,,1e56b95d-440e-5771-a099-e97a676808e6,100g phần,GRAM,100.0
c957220e-26d3-5984-88f5-29978980efc4,,,1e56b95d-440e-5771-a099-e97a676808e6,1 bowl,GRAM,300.0
d7a9bd1f-bbec-5982-befc-6337e3035fe8,,,98f70805-fe2c-5b77-b91d-b01ac13ef386,100g phần,GRAM,100.0
8c473569-456e-5829-b129-d98020406073,,,98f70805-fe2c-5b77-b91d-b01ac13ef386,8 oz,GRAM,240.0
f584e11f-4c1a-5a7b-99ec-a8fb8696f3c6,,,550745e5-fa5a-57f3-909d-fe531a8c4d65,100g phần,GRAM,100.0
c69f3693-780d-54bf-b26b-5cc4e53374b5,,,550745e5-fa5a-57f3-909d-fe531a8c4d65,1 slice,GRAM,238.0
0027dd3d-ee48-5a29-a3d5-b6d6a47a5fef,,,9e6a1ec8-3de1-52e3-a0a9-7c6660bc3602,100g phần,GRAM,100.0
f80eb0ff-132c-561f-95ac-61c2783d91c2,,,9e6a1ec8-3de1-52e3-a0a9-7c6660bc3602,1 piece,GRAM,200.0
d0d58219-0515-52d1-89f6-6d66e0f28745,,,3ec5cc90-5284-5a52-8ae0-252d6e4c0581,100g phần,GRAM,100.0
dfb23d7c-81a2-541d-b005-62c6abcc7ace,,,3ec5cc90-5284-5a52-8ae0-252d6e4c0581,1 plate,GRAM,400.0
005881bf-ee1a-5ade-b209-ffda0fbaa6c6,,,8024d8b6-9cdf-5c09-af12-a6deaefb187b,100g phần,GRAM,100.0
b4e102e9-2281-50c8-a9cf-3603b99025bf,,,8024d8b6-9cdf-5c09-af12-a6deaefb187b,1 piece,GRAM,60.0
340d2dd6-1db4-564d-aa10-c8e70f0efbbc,,,2fe5d206-66e0-588e-b54a-76cd248467f4,100g phần,GRAM,100.0
73f14c68-a521-5387-927c-4315356c4d70,,,2fe5d206-66e0-588e-b54a-76cd248467f4,1 plate,GRAM,500.0
5b9ccd6f-2954-5d8b-8694-c4f2ce0b172c,,,d6d74fe3-d3d4-5273-9017-88666b1e5ed7,100g phần,GRAM,100.0
8fe3ea54-cb7d-5014-921a-5e163abf4e0d,,,d6d74fe3-d3d4-5273-9017-88666b1e5ed7,3 piece,GRAM,150.0
1b467d71-7936-566e-b9ca-df872895ba02,,,dd42ad57-dbd4-5663-9cd0-e0ea273bca47,100g phần,GRAM,100.0
341d3e36-70a1-513d-b70d-cd6ad8047aaf,,,dd42ad57-dbd4-5663-9cd0-e0ea273bca47,1 plate,GRAM,250.0
7951412e-6e88-50bf-805f-8364946d1d73,,,3aa7bbb2-79a2-5403-bafa-7e778826171e,100g phần,GRAM,100.0
c5df0385-423e-5f6c-b48e-254e605e720c,,,3aa7bbb2-79a2-5403-bafa-7e778826171e,1 plate,GRAM,300.0
2740185e-35bb-552b-b5f5-6cd6ca8d7a2a,,,ba834c79-fa75-5a5b-8a5e-e20f004b0bef,100g phần,GRAM,100.0
1e2f8350-624b-5d84-8f00-f99210745032,,,ba834c79-fa75-5a5b-8a5e-e20f004b0bef,5 oz,GRAM,142.0
db7860d7-2bf0-5979-b12f-9189754750d6,,,02275743-7e76-5828-aae9-d46d6330b038,100g phần,GRAM,100.0
cc253b90-52f7-5c10-94f2-b569eb85659a,,,02275743-7e76-5828-aae9-d46d6330b038,1 pretzel dog,GRAM,120.0
bb270d66-ad99-5b62-b500-e0e7bf9667b8,,,fc8b3437-890a-56fe-aa67-b7a108abfde2,100g phần,GRAM,100.0
9925fbd7-ce5b-501b-9e52-a95048a8b3d4,,,fc8b3437-890a-56fe-aa67-b7a108abfde2,1 cup,GRAM,236.0
6cb56f83-9a5c-5c01-8978-3601c379d814,,,a418c76b-aae5-5635-a606-38f17c45b256,100g phần,GRAM,100.0
f9c3302b-240e-5f91-8eb5-39501c9d2f6f,,,a418c76b-aae5-5635-a606-38f17c45b256,1 pupusa,GRAM,117.0
1a182417-986f-5a9e-a7bb-7d03339791a7,,,062fe1d9-574c-567b-b89c-f0c4d7b8a4de,100g phần,GRAM,100.0
2044c1a9-83a5-571e-81d6-32cdc135c372,,,062fe1d9-574c-567b-b89c-f0c4d7b8a4de,1 cup,GRAM,235.0
e82f424f-aebf-594e-9f0b-e3b28df55d37,,,79c17f76-de5f-588a-833a-f70f08084b47,100g phần,GRAM,100.0
0f1fe956-0d7d-58a4-a729-16ee36a268ad,,,79c17f76-de5f-588a-833a-f70f08084b47,1 cup,GRAM,250.0
ddc83031-5711-5b1b-babb-219eb1e51f30,,,1ccdc525-50f0-543e-bcb8-9e41b4e5a1a1,100g phần,GRAM,100.0
e53041bf-f625-5c92-b8c0-3d1d76c66625,,,1ccdc525-50f0-543e-bcb8-9e41b4e5a1a1,1 omelet,GRAM,301.0
e093ffe1-1dc2-509c-a8a4-d7b636eb2148,,,6c89aac0-ab32-5840-9848-4f2ed50fba4c,100g phần,GRAM,100.0
1d9ad6e2-ebe8-5296-9c51-370df3c771c2,,,6c89aac0-ab32-5840-9848-4f2ed50fba4c,1 roll,GRAM,80.0
68a765d6-062f-532d-a7d5-b243fd2f5840,,,dd359027-4320-5d3f-9e47-ff9c1fe8bb12,100g phần,GRAM,100.0
98414047-b553-59c4-8390-946a37431896,,,dd359027-4320-5d3f-9e47-ff9c1fe8bb12,1 plate,GRAM,220.0
d0f44296-1947-56c1-8dc3-7a86cf6be6fe,,,13adcdfe-b3db-5d66-847d-77a54d6a4d5c,100g phần,GRAM,100.0
0d2f803b-6405-5845-a289-b3303d7cef98,,,13adcdfe-b3db-5d66-847d-77a54d6a4d5c,6 oz,GRAM,170.0
403ed715-aa81-5fe4-804a-0d05bfafe53c,,,86596d9c-8a2b-579a-a36c-9a8047664483,100g phần,GRAM,100.0
c7d653b4-8c48-56e9-a56a-da808297be02,,,86596d9c-8a2b-579a-a36c-9a8047664483,1 skewer,GRAM,80.0
5057319c-e121-555a-87b8-414a5fa2665f,,,2ab17ab7-57e5-53e7-9938-841c481fee52,100g phần,GRAM,100.0
08e15c20-4180-5517-9e15-375cb20fbc15,,,2ab17ab7-57e5-53e7-9938-841c481fee52,1 plate,GRAM,265.0
9587e20b-1c66-57ee-b92b-918d26433a7d,,,c4d75583-7ac1-58f1-9481-f7053355ab16,100g phần,GRAM,100.0
9adf0749-d489-5397-bb4a-2947187ceab6,,,c4d75583-7ac1-58f1-9481-f7053355ab16,1 sandwich,GRAM,500.0
c8c87061-8ada-57fd-bc5c-02e66f8204c2,,,f28732e5-d871-5cba-ac8f-c6c65ad8063b,100g phần,GRAM,100.0
6117e572-a7be-56a6-9d94-ac54371e0241,,,f28732e5-d871-5cba-ac8f-c6c65ad8063b,1 bowl,GRAM,250.0
7f26e814-878f-587c-87cc-9910e3e4d5a9,,,f8333e4a-8889-5b0d-8e2a-d9231ff5eeed,100g phần,GRAM,100.0
ac930c16-d6df-5521-bbe0-303402518c85,,,f8333e4a-8889-5b0d-8e2a-d9231ff5eeed,1 trdelník,GRAM,235.0
959af8d2-47ce-5989-9816-efaf4a6c4cab,,,a03318b2-9fc7-5b25-a335-cbaf74f8976d,100g phần,GRAM,100.0
1c737a9b-9b4f-563a-9057-234efbaa1287,,,a03318b2-9fc7-5b25-a335-cbaf74f8976d,1 cup,GRAM,250.0
c27bf812-a9e3-54e9-b3bc-78106d574672,,,8a99b434-1e3b-502e-9f23-24c0a992979d,100g phần,GRAM,100.0
8836070e-3d50-5eb1-acc3-48566aef8654,,,8a99b434-1e3b-502e-9f23-24c0a992979d,1 bowl,GRAM,195.0
00b1f98d-518a-5d95-ad6e-0e16448a45e7,,,07949117-7919-5b35-9156-40e2ddb0d281,100g phần,GRAM,100.0
04078ec6-4744-5bcc-bca3-359da440f85c,,,07949117-7919-5b35-9156-40e2ddb0d281,8.4 oz,GRAM,238.0
dd9c9879-3b46-50a1-a6ef-067518cbaf2b,,,6fb5f663-1713-5ca8-8a7c-cbfd240590cc,100g phần,GRAM,100.0
a9df7295-e189-575d-b937-08ed2462cf2e,,,6fb5f663-1713-5ca8-8a7c-cbfd240590cc,1 bowl,GRAM,400.0
7a5a4cf1-b0c3-5055-a012-ecbe8620e075,,,b8655e17-9158-56a0-aa34-10c38073787d,100g phần,GRAM,100.0
7ada61b4-4c5b-5f68-89a9-f9534e3f488a,,,b8655e17-9158-56a0-aa34-10c38073787d,6 oz,GRAM,177.0
faf2bf1d-1dff-5d66-9f4b-50a876382eb3,,,67ad0453-aa8e-55b8-8259-644d9d729bc5,100g phần,GRAM,100.0
098397c3-36b9-5b72-bea6-a0a57432bf1d,,,67ad0453-aa8e-55b8-8259-644d9d729bc5,4 skewer,GRAM,200.0
57fabac3-2482-5d93-a182-b200c401f359,,,54571034-5c5c-5aee-8dc0-6f28546d3577,100g phần,GRAM,100.0
327cb630-ab0f-555d-a018-7439cdd29152,,,54571034-5c5c-5aee-8dc0-6f28546d3577,5 pancake,GRAM,300.0
a4876ab6-378c-5e8c-b536-f944111e214c,,,7a176e96-300b-54cd-8b55-cb75ec532649,100g phần,GRAM,100.0
6cc16260-6ad7-5b24-96de-3ee5f363e111,,,7a176e96-300b-54cd-8b55-cb75ec532649,1 plate,GRAM,370.0
2855efc1-4106-5cb2-bd88-6c709b94a420,,,9fb41f33-e03b-5959-a3c7-0d2b985d00f3,100g phần,GRAM,100.0
f5820a42-7b09-5d0b-a9ad-3de55d2e4aab,,,9fb41f33-e03b-5959-a3c7-0d2b985d00f3,5 fritter,GRAM,90.0
e3cf1efe-88c6-5e34-b885-7a11cba41fb7,,,c66df455-a666-5711-be3a-d1c7f990c479,100g phần,GRAM,100.0
2c62a6e3-a437-5cf7-979e-3c1c5eec382b,,,c66df455-a666-5711-be3a-d1c7f990c479,4 oz,GRAM,113.0
3e937461-12a1-5ab2-bbfe-b3883df4ba81,,,bce495ea-d58d-5f85-9c23-c2fcefaf9ec4,100g phần,GRAM,100.0
387b2c25-8782-5b50-a756-1dd08f4ec6d7,,,bce495ea-d58d-5f85-9c23-c2fcefaf9ec4,1 glass,GRAM,250.0
84cd2cc1-310b-5581-ac87-04d7a53cf027,,,feaf2154-ed76-53e8-858b-22c7abb2bdbc,100g phần,GRAM,100.0
0f466d00-815e-53f4-9b91-927a1d26b92e,,,feaf2154-ed76-53e8-858b-22c7abb2bdbc,1 plate,GRAM,320.0
28d47d79-6a3c-520d-8c12-8d95e03b573f,,,106093c8-f5bd-5d88-af1f-ab42d095ae0a,100g phần,GRAM,100.0
042d8093-400b-557c-9564-3545d8a30689,,,106093c8-f5bd-5d88-af1f-ab42d095ae0a,1 piece,GRAM,80.0
f9cb59fc-4776-5add-bf77-c8d18b9980b9,,,f50071f5-c71c-502b-aff8-040980a0500c,100g phần,GRAM,100.0
07fed1f6-755b-56e0-be8d-47468b6404dc,,,f50071f5-c71c-502b-aff8-040980a0500c,1 wrap,GRAM,300.0
3223c22b-7802-5365-9105-bf0611f86210,,,5bb9a204-05fc-5fb2-aca4-276dc65f904f,100g phần,GRAM,100.0
912a9ad4-1f7e-5956-8520-98a437ac8f35,,,5bb9a204-05fc-5fb2-aca4-276dc65f904f,10 piece,GRAM,88.0
811b3696-de3b-5dbe-beac-732a48589048,,,ca9183b6-c557-52d7-aef2-9b6d22a1a4b5,100g phần,GRAM,100.0
a2035594-b83b-5fc0-af4f-2dd6ca015ab5,,,ca9183b6-c557-52d7-aef2-9b6d22a1a4b5,1 sandwich,GRAM,230.0
f528beee-6d0f-540a-a372-211214fb272c,,,3ea8e6fe-ff2f-527a-a2c3-2f68f14a1317,100g phần,GRAM,100.0
e78702df-a30c-503a-86ac-557b8ddffc62,,,3ea8e6fe-ff2f-527a-a2c3-2f68f14a1317,1 plate,GRAM,350.0
c65d9b1e-b655-5252-8203-f16038310cb0,,,93275e90-d07e-563e-a31e-91a5f50e9e31,100g phần,GRAM,100.0
d01b9ba2-e615-5476-ad2e-4b17a0f1df58,,,93275e90-d07e-563e-a31e-91a5f50e9e31,3.5 oz,GRAM,100.0
4460323b-3d40-5de9-b2ee-3fcef331f14b,,,87f4aeb2-ed6b-52cb-ab71-bc01f8c96044,100g phần,GRAM,100.0
169356fc-9473-5170-ae72-9842e18235cd,,,87f4aeb2-ed6b-52cb-ab71-bc01f8c96044,1 crepe,GRAM,75.0
5022ed9d-0164-5d01-b214-9e7a61b1bbcd,,,fcac246d-d214-53e8-b8f9-92ca42ea20c9,100g phần,GRAM,100.0
8ee6d3e2-8874-5fc5-9ae2-c821ba280adf,,,fcac246d-d214-53e8-b8f9-92ca42ea20c9,1 cup,GRAM,170.0
6f114bad-7e60-5988-ab96-daa1a3ad7907,,,264e9910-1be4-5da6-96b2-e0af9670205d,100g phần,GRAM,100.0
d6b711fe-d837-5c76-b467-272f50bd3def,,,264e9910-1be4-5da6-96b2-e0af9670205d,1 chile relleno,GRAM,369.0
c2a1aa86-92ac-5bd2-add8-a74fb850f113,,,50010268-63ca-5ed7-8c6b-f66a637ca695,100g phần,GRAM,100.0
b97dd55f-6195-5e6a-9ce0-8dc14e64181a,,,50010268-63ca-5ed7-8c6b-f66a637ca695,1 bowl,GRAM,350.0
8c6c0fde-3716-5417-8f69-5f65d6e686b4,,,acc67f3a-129c-5f7d-8a36-3fcf3fd1b103,100g phần,GRAM,100.0
c760435d-93ef-5ad1-b95b-1bdfa7096426,,,acc67f3a-129c-5f7d-8a36-3fcf3fd1b103,5 oz,GRAM,125.0
a8a39487-420b-51d7-9055-52d8531ae85f,,,b228a78d-d604-533e-ae33-efdd656f1c5c,100g phần,GRAM,100.0
b7d622a0-6ce6-564b-9937-7b754a82c8b3,,,b228a78d-d604-533e-ae33-efdd656f1c5c,3 hushpuppy,GRAM,52.0
74fd19b1-8188-5e5b-aa23-fcf84254de9c,,,06ec7740-ec85-5cf7-9614-392e1717a77d,100g phần,GRAM,100.0
d618c987-03ec-5018-8e9f-9ae43ffa72d6,,,06ec7740-ec85-5cf7-9614-392e1717a77d,1 plate,GRAM,350.0
56f8ff76-3bcb-5d2c-8475-f64552399e37,,,f80a515d-c793-593e-97d7-0bd7f0a8647d,100g phần,GRAM,100.0
02d4a621-9092-537b-9379-5a8cbc492baa,,,f80a515d-c793-593e-97d7-0bd7f0a8647d,1 glass,GRAM,50.0
fd7ce066-0f72-58ff-ba29-e570c2b93c46,,,2a1e85ec-e84c-5ff0-8eee-c2e04f94ce0b,100g phần,GRAM,100.0
25dc4460-38e1-5032-bc43-4c64afeec246,,,2a1e85ec-e84c-5ff0-8eee-c2e04f94ce0b,1 sandwich,GRAM,300.0
6f1db8d7-cf48-5cc3-8124-987f44da0309,,,ed1616c6-8adf-5d71-ba1b-b062fcbb910f,100g phần,GRAM,100.0
a5027aa6-6d10-54fb-b2d3-3757ceb792a0,,,ed1616c6-8adf-5d71-ba1b-b062fcbb910f,1 bowl,GRAM,250.0
0b1fcfa7-7918-53ec-82e8-93bd284e02e7,,,0bc7ef13-2800-5bb1-b574-006d46703aa9,100g phần,GRAM,100.0
14f858f9-9945-5364-8e10-a5eaff1b2b66,,,0bc7ef13-2800-5bb1-b574-006d46703aa9,4 oz,GRAM,104.0
1bc12188-1512-5492-b746-77d65eda0cec,,,c26010bf-15aa-508b-a661-a6aad386d2a3,100g phần,GRAM,100.0
396451b1-d2be-5019-9621-80b21a099857,,,c26010bf-15aa-508b-a661-a6aad386d2a3,1 empanada,GRAM,150.0
a34a504d-b1cc-5f6e-bd8c-90138b43ae71,,,57b7239d-8bea-53a1-98b9-d0bab864d9bc,100g phần,GRAM,100.0
33333be3-40ae-58a0-b934-8f9af3dc2122,,,57b7239d-8bea-53a1-98b9-d0bab864d9bc,1 cup,GRAM,238.0
32e64e88-7651-5de7-9768-543146d848ac,,,a9c9522a-a159-51b6-b9e9-ce600779cac6,100g phần,GRAM,100.0
56191db7-0326-569a-8684-38454a5113c0,,,a9c9522a-a159-51b6-b9e9-ce600779cac6,1 burrito,GRAM,400.0
1738e7a0-41d8-5a63-a4ee-e2e1c4a0db95,,,aea05c9d-cc07-50c1-93a5-e1bcf4984cd1,100g phần,GRAM,100.0
10cdc43f-f1c8-523d-83f5-286d628815e0,,,aea05c9d-cc07-50c1-93a5-e1bcf4984cd1,3 oz,GRAM,85.0
6c5c7985-a254-55da-9d5c-f1428a9c468b,,,48c8ef19-5f29-5127-8b11-c896d39ae310,100g phần,GRAM,100.0
45f97dd7-7136-5d78-9d1c-c8227608754e,,,48c8ef19-5f29-5127-8b11-c896d39ae310,1 plate,GRAM,450.0
252f22ef-b0f2-56cb-a9c4-773a3a33a4b5,,,c28b00f5-3410-5f74-8667-56d697ff24d7,100g phần,GRAM,100.0
46281a16-151b-5bd1-ad5f-87b1d0337d73,,,c28b00f5-3410-5f74-8667-56d697ff24d7,1 finjan,GRAM,60.0
36df6563-46f3-5b30-bd32-52ebcee676aa,,,bd88c114-d0ce-5e60-97cc-de179dd1b597,100g phần,GRAM,100.0
0d055cf5-4219-598c-9a31-fe7b9f2b5eb4,,,bd88c114-d0ce-5e60-97cc-de179dd1b597,1 bowl,GRAM,500.0
52a35354-a8af-5bcf-b1c7-1a70e459387a,,,728e2809-baf5-57ce-beb4-48ea70a558ac,100g phần,GRAM,100.0
1eab5594-5ab1-59c0-a263-1f279b8ca353,,,728e2809-baf5-57ce-beb4-48ea70a558ac,2 cup,GRAM,480.0
653b6c76-7dc9-5a76-bf4c-dcafed725847,,,ee540e71-d57e-5702-bd4d-e19f7b248713,100g phần,GRAM,100.0
1d86003a-d6db-5012-8a01-0664c82c69f4,,,ee540e71-d57e-5702-bd4d-e19f7b248713,1 pirozhok,GRAM,127.0
4d7ac4e9-b61d-5c2e-b565-cc6c09d85440,,,c94832ba-dc10-544a-b848-796f45fcd760,100g phần,GRAM,100.0
680fc990-7005-5021-bd41-0810fc87bd29,,,c94832ba-dc10-544a-b848-796f45fcd760,1.5 cup,GRAM,360.0
f87cf575-8d99-5716-b117-32055ef5a084,,,da163c1f-b510-558d-9663-48a66c77535e,100g phần,GRAM,100.0
dabf1618-734b-5983-ab6a-f856e06063a3,,,da163c1f-b510-558d-9663-48a66c77535e,5 fl oz,GRAM,150.0
3038f06f-0791-5893-9628-c188c2bb368b,,,dad4a70f-4c6b-5fe9-a4af-0eb17076e9a5,100g phần,GRAM,100.0
01c078c1-8c4f-5032-b8a3-3e93de785d5d,,,dad4a70f-4c6b-5fe9-a4af-0eb17076e9a5,1 plate,GRAM,350.0
7362f922-9c36-5398-b214-ad977cff5c4a,,,25a76d6a-4315-5d1d-b8ee-5b2c5c795c9b,100g phần,GRAM,100.0
dbce8943-0837-5741-90bf-4318bb5db20d,,,25a76d6a-4315-5d1d-b8ee-5b2c5c795c9b,1.8 oz,GRAM,50.0
22894b4e-d62e-5e3b-a0bf-b4c72c241b71,,,7f854467-6544-5ae1-8640-6e2f91e4795c,100g phần,GRAM,100.0
b54b788f-a7b5-5a33-8fe1-996fb4ec2c74,,,7f854467-6544-5ae1-8640-6e2f91e4795c,10 cookie,GRAM,30.0
feac3e42-3505-589f-8b63-45fa291e0bef,,,a76dbfe0-184a-5cef-a051-a8787dd3edb7,100g phần,GRAM,100.0
cfad1c7b-fd97-545b-9781-880ce2e29d3a,,,a76dbfe0-184a-5cef-a051-a8787dd3edb7,1 plate,GRAM,150.0
b5b4ebc5-156c-5719-820c-3a474cbe007d,,,5ac5d9f6-ad89-58f3-abed-645e01f8114c,100g phần,GRAM,100.0
68df89f9-a4aa-5c90-815e-20816cfbaff8,,,5ac5d9f6-ad89-58f3-abed-645e01f8114c,1 pastel,GRAM,238.0
a6fd781c-97f3-5ed2-a50d-0edf5aefc59c,,,ae1c8a4d-da16-5941-9c28-684f733e4486,100g phần,GRAM,100.0
928c5018-56df-5c16-ab11-bb986a88d5f7,,,ae1c8a4d-da16-5941-9c28-684f733e4486,8 fl oz,GRAM,240.0
2e1fab48-3f72-50d0-99ca-d4666104d1b3,,,17e35373-4db2-5519-93a1-99e69d0f34fb,100g phần,GRAM,100.0
68ea20ef-af4b-5b55-9e57-4cd86cf0854c,,,17e35373-4db2-5519-93a1-99e69d0f34fb,1 plate,GRAM,350.0
c3138817-0b21-5e98-8f37-7392b5228d17,,,a2325fe1-3c27-5a29-8bcc-9d369e266707,100g phần,GRAM,100.0
b1b7d4ae-e45f-54a1-aa7e-8d5d1bc4f3c0,,,a2325fe1-3c27-5a29-8bcc-9d369e266707,10 fl oz,GRAM,300.0
1d4ee610-7264-5e61-b45a-311aac47e029,,,877424c7-1a29-516a-8542-d01d51cf4f43,100g phần,GRAM,100.0
4b3dcb29-878c-5cd9-990c-cb27c30e271b,,,877424c7-1a29-516a-8542-d01d51cf4f43,1 bowl,GRAM,350.0
5e1d9c35-572b-5e13-b2f0-2b3dd89ec43c,,,bd28e46a-6b44-5322-bdd7-d900fbb245fe,100g phần,GRAM,100.0
add55932-9ae4-5c4f-bf7e-dd25de30c9c6,,,bd28e46a-6b44-5322-bdd7-d900fbb245fe,1 plate,GRAM,350.0
3ecefd6c-10ec-515c-992d-fe0b0613d7fd,,,fac95cec-210f-5b87-a095-4f860d5be094,100g phần,GRAM,100.0
098fbc49-5806-5f2f-8932-5cdf975cb2d7,,,fac95cec-210f-5b87-a095-4f860d5be094,1.8 oz,GRAM,50.0
66f83036-95e4-594b-90bd-074957c1036c,,,6dfcead7-3c88-51a0-a25b-63038f824640,100g phần,GRAM,100.0
c5e35377-5b09-5f9b-84d5-4ed40e2d64c4,,,6dfcead7-3c88-51a0-a25b-63038f824640,16.9 fl oz,GRAM,500.0
18dbb0bb-e156-5a81-a009-9f5c9dbc7e9a,,,ad23f77c-00ff-581f-b800-22cc59b00264,100g phần,GRAM,100.0
44b3ee5b-7da1-557a-a5cf-9e96fb82e076,,,ad23f77c-00ff-581f-b800-22cc59b00264,1 plate,GRAM,100.0
22c9796e-725f-5891-8346-033a47b97356,,,2276c340-57df-5730-920d-13cc9a64eea0,100g phần,GRAM,100.0
98c56d84-6514-5ce2-bda5-11c58c8b7f5e,,,2276c340-57df-5730-920d-13cc9a64eea0,1 plate,GRAM,350.0
22506302-500b-5afa-acb8-464c8786f050,,,266a6313-d990-5bf4-a18c-5b4f29629589,100g phần,GRAM,100.0
ebedbd75-05bb-57aa-8b4b-c20dd20904dd,,,266a6313-d990-5bf4-a18c-5b4f29629589,1 plate,GRAM,240.0
430a9e56-9080-5281-986f-543f62ae4355,,,de5b456f-0acd-57ed-b804-800249333722,100g phần,GRAM,100.0
c190b18a-ad19-5643-8db9-b61196a6c3f5,,,de5b456f-0acd-57ed-b804-800249333722,11.16 fl oz,GRAM,330.0
dde964e0-6364-5fb4-a15d-b22e17f6fc56,,,f57f5cbe-1f3e-58f3-9bbf-3e6dbaeb28b7,100g phần,GRAM,100.0
59049708-0cad-5131-966f-de6a2c1940da,,,f57f5cbe-1f3e-58f3-9bbf-3e6dbaeb28b7,5 piece,GRAM,40.0
d48bdc0c-b2bd-5b6a-b0ab-025a9004c5fa,,,351165cc-ebf6-57d0-a7e5-ebe4ffcd21c4,100g phần,GRAM,100.0
fe893d78-9f6a-5026-a0e2-ad8c80cfb11f,,,351165cc-ebf6-57d0-a7e5-ebe4ffcd21c4,20 oz,GRAM,567.0
7f787a7c-71ff-5a91-b803-d6cae14dfce3,,,42387bfe-76ed-50d3-b12d-b66c9c64db95,100g phần,GRAM,100.0
6bd21b70-f1ff-5209-afe0-1fc24db7ec62,,,42387bfe-76ed-50d3-b12d-b66c9c64db95,12 oz,GRAM,355.0
91e8c51c-95a2-552f-a64b-0a0cafa72d67,,,34c7179e-0f48-5316-a110-2e2c6ca80767,100g phần,GRAM,100.0
d29ab272-5783-5c26-9395-a5a4864a6cb4,,,34c7179e-0f48-5316-a110-2e2c6ca80767,4 meatball,GRAM,240.0
b28f7443-520a-507e-b97f-c3cde5c9e365,,,3bf6db4f-39d4-5089-8b84-6e92b07cfb68,100g phần,GRAM,100.0
282789ac-af8a-5011-b33f-312910eae101,,,3bf6db4f-39d4-5089-8b84-6e92b07cfb68,1 cup,GRAM,240.0
e947c1c5-4eb4-59bf-b688-a044eaa9407a,,,7c269d28-80ed-5a77-a6d5-ad6597bacef8,100g phần,GRAM,100.0
f30de696-c976-5683-b283-a6a534af7bfb,,,7c269d28-80ed-5a77-a6d5-ad6597bacef8,0.33 pretzel,GRAM,57.0
19dfa577-0f4b-5f69-b9f7-71ae20d51595,,,ffb7e74d-0b23-5957-ba0a-18a32ee8955a,100g phần,GRAM,100.0
8d190556-67ed-5138-9c4e-d68a62f1b8b0,,,ffb7e74d-0b23-5957-ba0a-18a32ee8955a,1 bowl,GRAM,350.0
54a61ce6-3e6b-59b4-816f-5ab2c8f90023,,,0047cdc9-9da0-5e39-82eb-8d15bc8a0b8e,100g phần,GRAM,100.0
8227fef0-311e-5485-aaf6-e0d819323e79,,,0047cdc9-9da0-5e39-82eb-8d15bc8a0b8e,1 plate,GRAM,350.0
ecc0aba1-bb93-5776-b97f-e72e013f1598,,,39310d8b-ab23-5f16-91f8-786f3256cbbe,100g phần,GRAM,100.0
3642e132-c595-546b-a33e-3fb238cc8a44,,,39310d8b-ab23-5f16-91f8-786f3256cbbe,8 fl oz,GRAM,240.0
8ee50be9-7660-5d91-8a2c-5eec597c080c,,,9c737ed4-bf15-5191-be86-bf63eef359f6,100g phần,GRAM,100.0
383e8df2-85bb-574f-ae38-10b507979ed9,,,9c737ed4-bf15-5191-be86-bf63eef359f6,1 bowl,GRAM,500.0
452c2a0b-0030-5654-80a3-15b6c1809253,,,7c494661-9a6f-5a0f-adb8-93b314213d74,100g phần,GRAM,100.0
bfcdd16b-6179-51ea-8cc5-c5d54f26da08,,,7c494661-9a6f-5a0f-adb8-93b314213d74,0.67 cup,GRAM,110.0
a5e8761c-0e62-5116-8037-f9b77fed63ca,,,5661f38b-ced0-5367-be69-1246b0d541bf,100g phần,GRAM,100.0
91d446b2-fe01-5e20-9856-2a062216a19b,,,5661f38b-ced0-5367-be69-1246b0d541bf,1 plate,GRAM,438.0
6e37b1d7-d995-561d-9db5-abad98981fef,,,60bac7e1-3f47-535e-a375-f3d2e262c2f7,100g phần,GRAM,100.0
ebabe7cd-2e36-5fe8-98b5-f3f9faa28331,,,60bac7e1-3f47-535e-a375-f3d2e262c2f7,1 pintxo,GRAM,100.0
54929a56-41e3-5ae5-bbf5-add979258138,,,6d8bdec8-dd1b-5b4d-bd33-5a4c95c096f6,100g phần,GRAM,100.0
943e3778-aca1-5628-bf39-d9318e147040,,,6d8bdec8-dd1b-5b4d-bd33-5a4c95c096f6,12 oz,GRAM,341.0
8420ff08-595d-56d2-96e8-7f8cc9a279d4,,,355fcb18-0e98-5c46-98c4-8854399644ea,100g phần,GRAM,100.0
bcd6f888-0167-5f64-b3f4-86a0f816bdce,,,355fcb18-0e98-5c46-98c4-8854399644ea,1 plate,GRAM,460.0
b4859f36-82a8-57df-88d1-60c0fe624e1c,,,bd465f60-2704-5a46-80a9-0c65627b893d,100g phần,GRAM,100.0
b56dddf0-6d86-59c3-b3b1-2ad304a7e3ef,,,bd465f60-2704-5a46-80a9-0c65627b893d,1 cup,GRAM,238.0
ccf9a54d-f29c-55cf-bf69-264790ed33d9,,,c59bb909-603b-5d56-adf2-4cccfd538859,100g phần,GRAM,100.0
ff15d839-8f9c-56ea-a0e0-f4182163c52d,,,c59bb909-603b-5d56-adf2-4cccfd538859,1 sandwich,GRAM,250.0
8d1132ae-e16f-520f-9a68-f4d6690ce202,,,0f2ab79f-e613-5a23-8f90-8aaafd2b9733,100g phần,GRAM,100.0
1734a413-049c-5fa2-a38f-ad615c2a7757,,,0f2ab79f-e613-5a23-8f90-8aaafd2b9733,1 cup,GRAM,240.0
d953ad17-922b-58b7-af7d-d89b7234ae0f,,,dc8a715d-0499-5b03-a339-1c200f452883,100g phần,GRAM,100.0
18359b9a-fac0-531b-b40f-7f6f3d6cbc5f,,,dc8a715d-0499-5b03-a339-1c200f452883,1 eclair,GRAM,93.0
f914230c-da2b-5d6b-a464-79c80d7f0397,,,237c6221-5cfa-55e6-83de-9b99e8b62a9a,100g phần,GRAM,100.0
9096c392-54fb-5d33-ab8f-e040f3ce3cf8,,,237c6221-5cfa-55e6-83de-9b99e8b62a9a,2 slice,GRAM,57.0
77526498-7746-5d18-b6e7-1a53d8594d5e,,,6f855daa-663a-5c0d-beeb-a0d00437d72e,100g phần,GRAM,100.0
cd5cd1ef-f14e-5741-8275-32a9beb8d849,,,6f855daa-663a-5c0d-beeb-a0d00437d72e,1 plate,GRAM,350.0
5aed2043-a983-5471-a0ef-7a193bd81581,,,4897fea5-9f9a-5089-b1b9-d26d28636d42,100g phần,GRAM,100.0
6ebc919e-57ae-5ccd-9b61-dbc59354a076,,,4897fea5-9f9a-5089-b1b9-d26d28636d42,1 piece,GRAM,45.0
9c5018a8-c7fc-58c7-98e2-6f280fb990f1,,,ede9a242-a005-516e-be79-53bbddd25ad8,100g phần,GRAM,100.0
cabee791-9d38-526a-b767-e18d60979ef8,,,ede9a242-a005-516e-be79-53bbddd25ad8,1 skewer,GRAM,50.0
8bc71c18-6f20-51b8-90ca-2f7bbe25147a,,,ba78390c-9538-536a-9e75-9131f8a50df3,100g phần,GRAM,100.0
7d8c4d85-6dc8-5894-9fa8-562aa77d7610,,,ba78390c-9538-536a-9e75-9131f8a50df3,1 slice,GRAM,250.0
8c6de3ad-6dac-55e4-9241-eee4a2204889,,,3b023048-23ee-5783-b856-c811d6c65e68,100g phần,GRAM,100.0
5710c75f-f2f7-5d6e-83eb-4dbcc2b7e4b7,,,3b023048-23ee-5783-b856-c811d6c65e68,1 plate,GRAM,238.0
343fb264-a6f5-58ad-8732-5ef6ff78d57d,,,59abb522-221d-5660-84dd-751e55df1fd8,100g phần,GRAM,100.0
63a7de0b-fd12-523a-bc51-e198b38b78f4,,,59abb522-221d-5660-84dd-751e55df1fd8,8 skewer,GRAM,1500.0
e38f6148-ea25-51b9-9f32-1f96c1332123,,,94110bf1-f51f-5e09-a050-e459b1a3ace5,100g phần,GRAM,100.0
990204c1-319f-5c7e-a013-d9b17a97a297,,,94110bf1-f51f-5e09-a050-e459b1a3ace5,12 fl oz,GRAM,355.0
750f6e0f-b8e6-553a-a011-d045aa7417d4,,,4f799bfa-81fc-5438-85cc-825ba5f5d3ef,100g phần,GRAM,100.0
f0aa0e21-2a04-5a05-838c-a20b1adbbd8d,,,4f799bfa-81fc-5438-85cc-825ba5f5d3ef,1 slice,GRAM,133.0
de6f8bc1-809f-5634-b14c-2fb651d2543a,,,58518e3b-cee8-5043-b09d-73dbc4fbaa4b,100g phần,GRAM,100.0
ac670a27-014b-511e-acf2-78c45134e287,,,58518e3b-cee8-5043-b09d-73dbc4fbaa4b,1 plate,GRAM,600.0
57d274ae-3c75-58e1-9224-48fb89107a4d,,,7db65bae-f7d2-5377-a687-09130462693f,100g phần,GRAM,100.0
82bcca80-85a9-5be9-8d96-300bbddf41d5,,,7db65bae-f7d2-5377-a687-09130462693f,1 piece,GRAM,80.0
8bc185a0-a961-5c5d-8ad5-bfc7f5727aab,,,01c8b487-473c-5e5d-a3d4-db552cdd3a8f,100g phần,GRAM,100.0
d28f7b6d-1718-54c3-adf8-c2915a8cb728,,,01c8b487-473c-5e5d-a3d4-db552cdd3a8f,1 slice,GRAM,80.0
8457e33d-45c5-5651-a85e-971a7aa6fae6,,,02e22f16-76a5-5a33-8c42-c45d9ed61665,100g phần,GRAM,100.0
936bf20f-9897-5ce6-bf3b-1c1922841277,,,02e22f16-76a5-5a33-8c42-c45d9ed61665,1 plate,GRAM,350.0
deec0967-0912-5e64-bd88-807277dec5a4,,,03259960-e3b9-53a4-b79e-c6c6dabe5c83,100g phần,GRAM,100.0
98fe6e3d-cdd4-5a67-8319-18465e5e4e66,,,03259960-e3b9-53a4-b79e-c6c6dabe5c83,1 plate,GRAM,500.0
8e2d0ddd-277d-59f9-8ff5-95d7daff7158,,,3f13e13e-ae41-5260-a64b-b8328d7d5ce8,100g phần,GRAM,100.0
e979edba-f22f-53eb-9fae-cfedb7b2f2f1,,,3f13e13e-ae41-5260-a64b-b8328d7d5ce8,1 cup,GRAM,238.0
5685eeb9-bd0e-5ba1-9abc-23b557f29580,,,976e8a7d-36a3-5128-b3db-560ea21b3645,100g phần,GRAM,100.0
d81b82b1-823a-5af1-a9d3-25da0df62504,,,976e8a7d-36a3-5128-b3db-560ea21b3645,3 crepe,GRAM,180.0
85483e01-1f84-5f6f-a669-71c6eff1f669,,,9f818c27-21db-50d5-9a08-15ebe116a387,100g phần,GRAM,100.0
b86fe6f1-074b-5d04-b099-275bee33c1e8,,,9f818c27-21db-50d5-9a08-15ebe116a387,1 plate,GRAM,350.0
5bbf9c8e-114c-5e4d-82a4-30b9ea660154,,,fd1240a3-5a44-51cb-9f98-c2d7f2fa9fc0,100g phần,GRAM,100.0
a6f2d3f9-f96f-5d96-8e1a-02547c0bcfa7,,,fd1240a3-5a44-51cb-9f98-c2d7f2fa9fc0,1 oz,GRAM,28.0
6b8a1039-9f4c-54bb-9027-2380ccef886d,,,0b9da1e1-e976-53c1-a590-3948d3ed92d7,100g phần,GRAM,100.0
0864e6b8-28f3-5c76-973c-2b2942759222,,,0b9da1e1-e976-53c1-a590-3948d3ed92d7,1 muffin,GRAM,100.0
6b1adee9-ed1f-5daa-b83e-79932bf61049,,,bd0e783f-9ba0-5da7-9745-1794d265251f,100g phần,GRAM,100.0
d9b752cc-2317-5b1c-90b2-10d8c9478868,,,bd0e783f-9ba0-5da7-9745-1794d265251f,1 cup,GRAM,236.0
de664b74-7471-5b9e-a8b0-ca27c9d696dd,,,49a3bb29-b917-5c90-9942-285f1d5f197f,100g phần,GRAM,100.0
7af6b4b7-c5c4-55e5-9299-9599511f86d1,,,49a3bb29-b917-5c90-9942-285f1d5f197f,3.5 oz,GRAM,100.0
224a15eb-db99-57bc-b48d-1bbd7716cfe0,,,578c9f25-4960-5dd8-ab66-8c384df67566,100g phần,GRAM,100.0
04707b85-c97f-5618-8171-0bc6f29a35c1,,,578c9f25-4960-5dd8-ab66-8c384df67566,8 fl oz,GRAM,237.0
3f1bb6c3-3855-538a-a7bd-e16dcf7a8c56,,,642fd69b-89f7-58ef-930a-0d46d75765a7,100g phần,GRAM,100.0
07e4a1ab-cab3-59d2-b392-2dcb498a97ca,,,642fd69b-89f7-58ef-930a-0d46d75765a7,1 oz,GRAM,28.35
1baf52b7-a926-54f6-939f-4013dfd5d77b,,,5d80b7a3-7116-5e09-88ee-b63d67bb586e,100g phần,GRAM,100.0
eeebe530-2a00-56a1-b441-35abc322d4ab,,,5d80b7a3-7116-5e09-88ee-b63d67bb586e,2 oz,GRAM,60.0
a0470330-1934-5616-b806-da0a25683ed7,,,4cce1cbe-45a4-50fb-83db-e2e2e532a07d,100g phần,GRAM,100.0
5f2b6b5b-c6dd-58e5-aa16-17c9afa8f969,,,4cce1cbe-45a4-50fb-83db-e2e2e532a07d,1 plate,GRAM,200.0
31818f81-3a0a-5759-bed4-143c5d4b21d6,,,37fb152f-8a28-5523-b18e-03b995ac1f27,100g phần,GRAM,100.0
256251cc-0359-535b-b27b-f81620c57ee8,,,37fb152f-8a28-5523-b18e-03b995ac1f27,7 oz,GRAM,200.0
0ef38b90-aebb-560c-a4c1-ebbe1c673597,,,142c0a6a-f917-5507-97df-a63e69f578d1,100g phần,GRAM,100.0
46752aac-aac8-5a95-9d72-8c809130feb7,,,142c0a6a-f917-5507-97df-a63e69f578d1,1 slice,GRAM,20.0
a0e20fae-dcd4-5126-b3ee-dbfc460b869f,,,e9634efc-d3f8-539f-92fe-f95a546db137,100g phần,GRAM,100.0
20b42dfd-25ad-50eb-a8ea-f7fb1e83ed4f,,,e9634efc-d3f8-539f-92fe-f95a546db137,1 cup,GRAM,237.0
47931a4b-d5d7-5997-8d31-c1d6e702cd2a,,,3eea6011-62ff-54b1-bbf9-c5024fa71823,100g phần,GRAM,100.0
e1315ea7-fa22-5331-8450-1ac47e33cc90,,,3eea6011-62ff-54b1-bbf9-c5024fa71823,1 bowl,GRAM,250.0
521279f8-bfda-5e95-95cd-f7927edafdca,,,569f1a4f-655b-519c-87ef-5173abad5a30,100g phần,GRAM,100.0
198eac7e-2017-5463-b197-32e15b4a4821,,,569f1a4f-655b-519c-87ef-5173abad5a30,1 piece,GRAM,100.0
111a501a-359a-519c-b62f-29df18bc1dce,,,4d2ec314-356c-54f9-bde5-006bd566fb66,100g phần,GRAM,100.0
6231e64b-6485-5409-9a34-2fd0e57a05ff,,,4d2ec314-356c-54f9-bde5-006bd566fb66,6 dumpling,GRAM,176.0
d70129f0-619f-5ae4-8e84-ea07fcd95863,,,60bba205-f2df-5e90-80bd-34c823403fd1,100g phần,GRAM,100.0
83b2e316-e38f-58fe-aa24-40ad249c18b3,,,60bba205-f2df-5e90-80bd-34c823403fd1,1 cup,GRAM,266.0
27d0da44-99e9-5af9-9446-09eb4baba332,,,a83037ba-6c31-564d-aed9-711513aeaa92,100g phần,GRAM,100.0
b8549b19-a654-5256-a71f-5470dca3c0b3,,,a83037ba-6c31-564d-aed9-711513aeaa92,1 plate,GRAM,350.0
06bc0e02-ab9b-56bd-861e-5ebc1edeff2a,,,9cbb24e0-c874-5e60-b370-d76f776902a0,100g phần,GRAM,100.0
e59f2b24-56b9-5ea7-b2b4-e64c8c9a7d7e,,,9cbb24e0-c874-5e60-b370-d76f776902a0,1 cup,GRAM,238.0
a363aa12-d8b5-559a-aabd-889a3b445719,,,00b4ee3a-a167-5ae2-8f9f-8d86c4065d33,100g phần,GRAM,100.0
dc71f3ee-83e8-57e0-8a5f-37ee3f8f4d10,,,00b4ee3a-a167-5ae2-8f9f-8d86c4065d33,16 oz,GRAM,470.0
17bcb6e3-d234-5779-8229-fb04946e3d85,,,53985728-d07a-5390-8d39-7fb8aea029bf,100g phần,GRAM,100.0
8d220283-8f22-59f2-9ddc-894bd3f3bbb0,,,53985728-d07a-5390-8d39-7fb8aea029bf,3 turnover,GRAM,102.0
bbac3380-2820-5999-ae87-4eb0fa5e07ec,,,08d14b5b-749e-5038-ae30-9545af296102,100g phần,GRAM,100.0
d1a6d667-e3b8-5d06-b4bc-c826e71ec5c5,,,08d14b5b-749e-5038-ae30-9545af296102,1 plate,GRAM,400.0
15b82056-a26c-5720-be0a-be6f1ea90b7b,,,26b57858-358c-5632-87b5-c6dd51924d73,100g phần,GRAM,100.0
ae49222e-f972-5ae9-bbae-d6ffdae679f1,,,26b57858-358c-5632-87b5-c6dd51924d73,1 cup,GRAM,236.0
3b4db117-f822-5c3d-ac8a-4824c7ef624e,,,c88379ab-b73d-57c4-97b1-e8a18544ce39,100g phần,GRAM,100.0
cdf3bd1c-38e2-5aa6-9822-c29b108b18ec,,,c88379ab-b73d-57c4-97b1-e8a18544ce39,1 plate,GRAM,300.0
17c0e949-fdf6-5fb6-964d-9cfea4ea06be,,,ca129820-c709-57f9-beb3-4776e49b924f,100g phần,GRAM,100.0
6be963af-a2de-51a8-be48-8d3cccad0c25,,,ca129820-c709-57f9-beb3-4776e49b924f,0.5 cup,GRAM,130.0
89686047-82a6-5e65-bb73-7df531189a00,,,e318debc-7520-55f4-909e-5845dda6b962,100g phần,GRAM,100.0
4247c87f-0d13-568d-b4b6-ab7f765128f5,,,e318debc-7520-55f4-909e-5845dda6b962,1 cup,GRAM,250.0
0de3d68c-80f7-59e4-83dc-7216ae87cbc3,,,0ef97bb6-4eb2-5812-abbd-54ee4c3bb0c3,100g phần,GRAM,100.0
31e48fdc-d81e-553c-9d24-fdd0c7357a72,,,0ef97bb6-4eb2-5812-abbd-54ee4c3bb0c3,1 piece,GRAM,45.0
6c2f098f-a6bd-516f-9a0a-d1b314096d22,,,f1c5afa9-76dd-5513-a0a4-9d2f27947a0d,100g phần,GRAM,100.0
92ae6e82-0913-59d9-90d1-2962dc5e1d67,,,f1c5afa9-76dd-5513-a0a4-9d2f27947a0d,1 waffle,GRAM,150.0
8f39321e-9676-5fe3-883a-9f7b4050ea0c,,,5f0489dc-88b3-53db-90e3-28868221412e,100g phần,GRAM,100.0
c9415a13-88df-5043-9d08-6c20a5a76592,,,5f0489dc-88b3-53db-90e3-28868221412e,3 piece,GRAM,68.0
db17bb1d-a1c1-54ca-bc6b-46b397c9dc21,,,c2ffaa0f-bfd3-5892-b3af-2bc86353e3f3,100g phần,GRAM,100.0
c4c3b342-3076-5327-b58f-3ec5d76e44d3,,,c2ffaa0f-bfd3-5892-b3af-2bc86353e3f3,0.5 cup,GRAM,129.0
3e7861d7-9892-5b1e-a38b-57f4ffb03dce,,,54bd20e8-0bbd-5f9c-a5b9-138aa28255bf,100g phần,GRAM,100.0
4a218838-104a-5f50-96a5-002e2d09588f,,,54bd20e8-0bbd-5f9c-a5b9-138aa28255bf,1 stick,GRAM,40.0
2c6739e9-6644-5414-9f14-93baca8a4d12,,,c6a1941c-1933-5842-9f4c-a3e0d32abab9,100g phần,GRAM,100.0
f853a84e-8e4b-5312-8058-5401ab60ce0a,,,c6a1941c-1933-5842-9f4c-a3e0d32abab9,1 piece,GRAM,26.0
2e883043-a27b-531e-9f58-153fbe0e87ff,,,43efa34d-d491-5c73-a1f4-0fce99b1a860,100g phần,GRAM,100.0
b1b3d87d-f6df-5a62-9727-eb7888b8ee6f,,,43efa34d-d491-5c73-a1f4-0fce99b1a860,1 platter,GRAM,200.0
7762d54c-0999-5dc4-b0bc-59816a8cc753,,,66a3fe2d-791a-5981-a31d-66ebf9872b4b,100g phần,GRAM,100.0
1992d341-eff8-5be0-a9ba-54acb2c4bdd1,,,66a3fe2d-791a-5981-a31d-66ebf9872b4b,1 gordita,GRAM,120.0
e5c082e8-b9bf-5798-8ef6-f4665f4ce8e8,,,449634db-50a7-5d55-a79a-2cdcb6e12cec,100g phần,GRAM,100.0
d16655e5-437a-5eef-9c11-6d371289980e,,,449634db-50a7-5d55-a79a-2cdcb6e12cec,1 plate,GRAM,150.0
257bd90c-ce7d-5fd7-bc4c-9014df5eaef1,,,f719a292-0743-5749-95be-5efc779dabd5,100g phần,GRAM,100.0
f5897ae6-56d3-5f18-8671-3fdd722457f9,,,f719a292-0743-5749-95be-5efc779dabd5,1 plate,GRAM,700.0
d84e6f6c-75c6-53fb-9618-953124ab122e,,,6c7436c8-2ae5-528e-981c-cc68728b29f6,100g phần,GRAM,100.0
16ec4679-9127-5b31-8368-2fda115173f9,,,6c7436c8-2ae5-528e-981c-cc68728b29f6,1 slice,GRAM,150.0
488988af-1247-5609-8281-9eb55acce224,,,15f3cc8a-1657-5161-adf2-5a0342af8c3e,100g phần,GRAM,100.0
5594fccf-fd40-5c27-bd25-9474abf24957,,,15f3cc8a-1657-5161-adf2-5a0342af8c3e,1 plate,GRAM,200.0
04945536-99fa-59fe-bb10-9054f83eca60,,,4a4503ee-1e5d-59f6-84cb-a5ae5d18f4be,100g phần,GRAM,100.0
f21d57ed-5de8-56bf-ae35-ee107d7b0f2b,,,4a4503ee-1e5d-59f6-84cb-a5ae5d18f4be,1 slice,GRAM,100.0
3a6a6fe8-1ea6-5441-9daa-b470bcea49c8,,,db3837c7-78c9-56d1-b0c5-5dce79b4a421,100g phần,GRAM,100.0
e061e47b-c05f-5035-8214-20139e0062e5,,,db3837c7-78c9-56d1-b0c5-5dce79b4a421,1.5 cup,GRAM,325.0
19650e18-68d3-5e04-be2e-30fb4ab0b168,,,45652426-885b-5f8d-86db-1a2710ab015d,100g phần,GRAM,100.0
b8e09046-30ce-5f2b-81b7-99c77aa6a091,,,45652426-885b-5f8d-86db-1a2710ab015d,1 cup,GRAM,250.0
2d51fc9f-ff2c-5e86-9f11-f60a7a634493,,,0ba6c382-44e6-5c16-962e-4e88abe71cd9,100g phần,GRAM,100.0
d9725dfa-0be4-5eb4-9386-47385a8d231f,,,0ba6c382-44e6-5c16-962e-4e88abe71cd9,1 cup,GRAM,238.0
3c9e186a-4331-5d22-995a-faee6b174876,,,673cbb20-2836-583f-bab1-b11640a5bc66,100g phần,GRAM,100.0
3d71d9fc-8b62-5b46-b56f-479a7fc0f402,,,673cbb20-2836-583f-bab1-b11640a5bc66,1 plate,GRAM,250.0
17ec4d05-088e-5e9a-8a00-96a76fe9566d,,,42efa97a-9ee9-58dd-9016-695c66499166,100g phần,GRAM,100.0
543b7c2c-2b18-5ccd-9995-a0bc2e93bd0f,,,42efa97a-9ee9-58dd-9016-695c66499166,3 roll,GRAM,180.0
6e6eb2fb-7b3b-5e87-bc88-a10b9562d569,,,e1882f89-c1e4-55f3-8e97-e48a39e8dc9a,100g phần,GRAM,100.0
08328d54-5dae-5e41-b60b-092a5e82224d,,,e1882f89-c1e4-55f3-8e97-e48a39e8dc9a,1 slice,GRAM,250.0
92b2e0f2-c37d-5fb7-8b19-c23b8327d115,,,0e4fb45d-ca6c-5f3d-a63e-1e640c23da4e,100g phần,GRAM,100.0
9b3b7f32-f4e6-5baa-8d30-73c7b4302c94,,,0e4fb45d-ca6c-5f3d-a63e-1e640c23da4e,5 oz,GRAM,140.0
62ea94ba-d36a-513a-ae1b-bf1fe4032fd0,,,f311e48c-f37f-54c6-a356-b457fb8880c7,100g phần,GRAM,100.0
12317518-9dd2-5357-b4ce-8741b5f735ae,,,f311e48c-f37f-54c6-a356-b457fb8880c7,1.25 cup,GRAM,279.0
88b51d54-7aa5-50c2-9d70-ad348e96ddd1,,,20e4c853-db01-51f8-bd64-61ddb4226779,100g phần,GRAM,100.0
ada4a015-51fe-5c9d-84d0-22b2d4c0a092,,,20e4c853-db01-51f8-bd64-61ddb4226779,4 oz,GRAM,113.4
6fb81972-a718-511b-95e2-29f732e072f1,,,1383ad20-f68d-5a74-8be9-18697475542f,100g phần,GRAM,100.0
40fa1aac-1dfd-52c8-b15b-63f54f980bc2,,,1383ad20-f68d-5a74-8be9-18697475542f,1 bowl,GRAM,400.0
27bdf963-9172-594b-9206-c0a490dff8fd,,,d082c9cb-fbfb-5412-85f4-6f331cb2c344,100g phần,GRAM,100.0
880cc2ab-8d4b-58cc-bbf1-1ca654664b67,,,d082c9cb-fbfb-5412-85f4-6f331cb2c344,1 patty,GRAM,140.0
17fb69c6-7c49-5f94-8645-97c482d9c265,,,e93a5506-b9f0-545c-99ee-74b00c7c415e,100g phần,GRAM,100.0
f5417162-8226-5e8b-bc22-63fbd2d72573,,,e93a5506-b9f0-545c-99ee-74b00c7c415e,1 bowl,GRAM,150.0
0f46e2e5-d012-5c51-94f2-1e50eb03e1fd,,,f799bbff-301e-55b7-ab29-d3899a0d7307,100g phần,GRAM,100.0
bc570d47-cc81-5132-90af-01aa87047414,,,f799bbff-301e-55b7-ab29-d3899a0d7307,4 oz,GRAM,113.4
a44e6885-616a-56c1-90f2-70cb8f01c022,,,d10821a6-13b7-513d-a77b-66827031c761,100g phần,GRAM,100.0
bac480eb-918d-5975-95a3-1e0eaeaf4fce,,,d10821a6-13b7-513d-a77b-66827031c761,4 ball,GRAM,80.0
56c9b523-93f9-592d-83d2-02a0a22440eb,,,84b730bb-be84-5b18-a988-be7773b1e16b,100g phần,GRAM,100.0
9abbef20-bd1b-54ed-bf90-494d1cc04b55,,,84b730bb-be84-5b18-a988-be7773b1e16b,1 plate,GRAM,500.0
81cccc27-50d1-5dbc-8bc3-f1e8a78b4781,,,c6354199-73ff-5dd1-8b6d-36dcffa1bb35,100g phần,GRAM,100.0
2648e6f6-debb-5138-8f26-33f845078fb0,,,c6354199-73ff-5dd1-8b6d-36dcffa1bb35,1 bowl,GRAM,150.0
9cab1ee9-ac28-5167-a70e-b78bf82c2593,,,c009d8f4-18f0-5ac2-ac0d-0632044c8cbe,100g phần,GRAM,100.0
874b26b5-99f4-53ec-8490-cd7b33c7f6d7,,,c009d8f4-18f0-5ac2-ac0d-0632044c8cbe,1 bowl,GRAM,238.0
d094165b-4d89-5726-9d94-8a16c396b4a7,,,be2d6fb8-df89-5cd7-949c-6f5fe3f189de,100g phần,GRAM,100.0
07931424-d932-58c0-8fd2-bc413dd4d0df,,,be2d6fb8-df89-5cd7-949c-6f5fe3f189de,1 plate,GRAM,238.0
19eff460-6a56-5e1b-b460-35756cf681b6,,,08050314-5f3e-5f91-ac8f-1be43e9c20ad,100g phần,GRAM,100.0
7ca84c88-2675-5626-84d3-a55b335db658,,,08050314-5f3e-5f91-ac8f-1be43e9c20ad,1 patty,GRAM,204.0
69c86684-ba8c-5845-a388-2b51c0f66356,,,0cd56dc8-6009-59d4-8aef-f7e074028dc8,100g phần,GRAM,100.0
ef5f7f95-f69e-555f-be2a-e2514134c253,,,0cd56dc8-6009-59d4-8aef-f7e074028dc8,1 bowl,GRAM,350.0
a41daed7-996b-5fb2-b67a-1443c651a611,,,01e22243-72b4-5310-9475-a5a721d898b1,100g phần,GRAM,100.0
410818bb-f641-5f8c-a202-e6588d5a4c73,,,01e22243-72b4-5310-9475-a5a721d898b1,1 piece,GRAM,80.0
7756898a-bf25-5ba8-87dc-b78fcd844043,,,c8f1ebbf-4c92-507f-b5d3-2589b7d1783a,100g phần,GRAM,100.0
f4e71fff-aab2-5587-ad80-07324c78268d,,,c8f1ebbf-4c92-507f-b5d3-2589b7d1783a,1 patty,GRAM,130.0
2560ba06-26ed-570d-8e29-a3f5348215da,,,7bf747b7-21a9-5510-9762-89a0550ca43b,100g phần,GRAM,100.0
155514ce-aa0a-57fc-94bd-ae551656dc97,,,7bf747b7-21a9-5510-9762-89a0550ca43b,9 oz,GRAM,250.0
f5bb9647-e985-5d86-b88c-30aac8edcf51,,,0b524134-bbda-5285-b4b3-8a57e2a508ab,100g phần,GRAM,100.0
a86c5965-0d4a-56b4-a7f7-97eed65b817e,,,0b524134-bbda-5285-b4b3-8a57e2a508ab,1 plate,GRAM,400.0
f2f20122-76ba-5a22-89a4-3dba31caa93f,,,c32c204e-094a-54f4-9eb6-f1c165b8009a,100g phần,GRAM,100.0
d7375456-fd27-5b2c-89c2-5624bf44ee5c,,,c32c204e-094a-54f4-9eb6-f1c165b8009a,0.5 cup,GRAM,15.0
3887dcde-51ee-5779-9b8d-4a29870aea11,,,0cd1e97f-4daf-5997-ae14-1f2708712ce9,100g phần,GRAM,100.0
9294a0c4-2130-56cf-bd67-bc6cce39ebd8,,,0cd1e97f-4daf-5997-ae14-1f2708712ce9,1 piece,GRAM,17.0
9077ca3e-69d8-548e-9a99-177249bbd8cc,,,a863e8b5-38fb-5bed-9cd7-9dea7ea0643e,100g phần,GRAM,100.0
579e82a9-a424-56bf-9958-ccf57cbcc761,,,a863e8b5-38fb-5bed-9cd7-9dea7ea0643e,1 plate,GRAM,240.0
53d89459-2f0f-5072-a50f-848e2e89609f,,,d0722914-0153-514b-9986-9658053393c6,100g phần,GRAM,100.0
fa7e28be-123b-5f2e-8d74-62f8a84c321b,,,d0722914-0153-514b-9986-9658053393c6,1 slice,GRAM,150.0
8b670461-973a-5c09-87fd-9514da9b7aaf,,,81bee7d8-9c46-59cd-9e9c-828dca1b3c7f,100g phần,GRAM,100.0
2d93b8f5-7cd8-5cec-8c1f-944f67932a18,,,81bee7d8-9c46-59cd-9e9c-828dca1b3c7f,1 cup,GRAM,146.0
74360482-1275-59a8-affa-e040450b4214,,,895246ac-670f-56a2-8431-4e4a45640fff,100g phần,GRAM,100.0
949bf3b0-3600-5a1e-8ba3-67512ff46eca,,,895246ac-670f-56a2-8431-4e4a45640fff,3.5 oz,GRAM,102.0
a7d3f92f-0b04-5b46-9a57-7efc5a73486d,,,f29190f6-488c-5d7b-aae8-480b4cb1a263,100g phần,GRAM,100.0
3b89b055-22de-5318-8899-b7413d147593,,,f29190f6-488c-5d7b-aae8-480b4cb1a263,12 oz,GRAM,355.0
37f0b9b1-dd2b-58ec-9e04-d20156a5e1e6,,,41266d78-e468-53bb-a67c-cda0cc31d45f,100g phần,GRAM,100.0
8e78d087-1101-55e7-b34d-b9d7cea32856,,,41266d78-e468-53bb-a67c-cda0cc31d45f,4 oz,GRAM,113.0
565d7576-6214-518f-aae6-119a4de8ee8e,,,babb5366-d5d6-5d33-b670-bb7f966bb8d2,100g phần,GRAM,100.0
6912fb51-3c01-55c2-94bf-288141be94f6,,,babb5366-d5d6-5d33-b670-bb7f966bb8d2,1 festival,GRAM,70.0
17358018-b45e-56ed-a9af-dd4afb6b1e0c,,,c33fe5b6-7d6a-5977-8176-bda7e1327c42,100g phần,GRAM,100.0
6d144899-029d-5a8c-a03e-c64664ecd48a,,,c33fe5b6-7d6a-5977-8176-bda7e1327c42,1 plate,GRAM,250.0
743a082e-41c6-55e5-a725-ae9d57b1de52,,,ee59fabd-7fe8-5e3b-9517-386c300c9541,100g phần,GRAM,100.0
91ec28bc-81a8-5f37-b8e8-dbbdfb645b24,,,ee59fabd-7fe8-5e3b-9517-386c300c9541,1 cup,GRAM,238.0
619398a8-93e4-5f0a-9b34-fb585c4a83c4,,,b8c924af-0283-5474-81cc-43c27fdc966b,100g phần,GRAM,100.0
6a32f3aa-d97d-5ba2-987b-e504fc5b3ef4,,,b8c924af-0283-5474-81cc-43c27fdc966b,3 piece,GRAM,35.0
e88ea18a-2062-5164-9f4a-96c6b06aff6e,,,4001cd72-8823-563e-972b-09513790019f,100g phần,GRAM,100.0
2a8a96eb-6cf3-5a0d-a464-593f21693c98,,,4001cd72-8823-563e-972b-09513790019f,1 plate,GRAM,400.0
93bbbaa1-db9f-5cf1-a281-3528e6e488a1,,,c1191a26-cd21-5197-be09-6c1e1eca94ed,100g phần,GRAM,100.0
5e79aec6-c3de-5c43-8373-a4accb524164,,,c1191a26-cd21-5197-be09-6c1e1eca94ed,1 plate,GRAM,235.0
f27c858f-7368-5e6b-a9ac-439c822b88cd,,,5edb3e24-5303-5657-bef2-af7dd8b705be,100g phần,GRAM,100.0
538a5de8-898b-5d39-901f-ff76194837ad,,,5edb3e24-5303-5657-bef2-af7dd8b705be,1 slice,GRAM,100.0
0b877b58-d02e-505b-b50d-340cd9c5ab01,,,bc987421-f316-591c-8bf3-7b87784d41ff,100g phần,GRAM,100.0
61db8818-4c6d-5385-80df-0bc04ed98d96,,,bc987421-f316-591c-8bf3-7b87784d41ff,1 cup,GRAM,240.0
2cde73b3-fd9e-5ca7-9348-a839be9f95fd,,,337f8ba7-7c3a-5269-8181-5467f5c71aaf,100g phần,GRAM,100.0
8672d9d8-4746-5a87-a195-b6522f362dbc,,,337f8ba7-7c3a-5269-8181-5467f5c71aaf,1 plate,GRAM,400.0
3afaa295-d54e-5bde-9eff-5a1981a74e09,,,2721d72b-1aa3-5e58-840d-e32ba3d1bfb7,100g phần,GRAM,100.0
043d99ea-a9de-54f4-b89f-e0c24fbddf13,,,2721d72b-1aa3-5e58-840d-e32ba3d1bfb7,1 plate,GRAM,134.0
25023372-2129-53f3-8539-6b8eaf77be21,,,d722ea4f-82cd-5941-80b3-9a86793ac876,100g phần,GRAM,100.0
d9125fda-765e-511c-9bb1-7b4af2324948,,,d722ea4f-82cd-5941-80b3-9a86793ac876,1 plate,GRAM,810.0
ece702fb-1341-50ff-9abd-411f6b9fff86,,,0e8df770-c874-56d7-a685-f589c5d015d3,100g phần,GRAM,100.0
3b1ccdfd-9d3e-561d-a1a4-8989685b7a6f,,,0e8df770-c874-56d7-a685-f589c5d015d3,1 samboosa,GRAM,40.0
14715785-9264-573b-9daa-bc11cb05cbc8,,,3fae9364-e57f-509f-bbd0-1f9e1b71a774,100g phần,GRAM,100.0
20dfb223-06f0-5fce-aed1-c7cd561391f9,,,3fae9364-e57f-509f-bbd0-1f9e1b71a774,1 stick,GRAM,20.0
82fc7df2-18c4-5e47-a8ff-a17e60bd49cc,,,3b70d99b-4779-56bd-98bb-f9b33da104a1,100g phần,GRAM,100.0
2399edf3-2a34-55d3-a9f3-b34fff85f543,,,3b70d99b-4779-56bd-98bb-f9b33da104a1,1 tamale,GRAM,160.0
79182cc0-621c-59b6-8f97-a03874270de2,,,dcd07941-ce00-53ae-8864-5a2323a43fa2,100g phần,GRAM,100.0
3dd8d027-a7ed-518b-a21e-44ef43e0bbfb,,,dcd07941-ce00-53ae-8864-5a2323a43fa2,1 cup,GRAM,233.0
a11258d5-a60d-514d-8f7b-760682535131,,,69e6a5b9-723a-51a6-ac52-dc805a448f3a,100g phần,GRAM,100.0
61a496b5-f12e-59e5-b34d-254fec11077e,,,69e6a5b9-723a-51a6-ac52-dc805a448f3a,12 oz,GRAM,355.0
02bcb7f6-7c65-5e79-b975-2c4821b8a575,,,a882fb17-fc77-50f3-988f-050d5aa6fef6,100g phần,GRAM,100.0
318ddc4a-e56d-54e6-b908-3704a3e7ff90,,,a882fb17-fc77-50f3-988f-050d5aa6fef6,12.5 fl oz,GRAM,375.0
b7491bbe-c5a0-50fd-9fc0-507bd9dab6ce,,,15ede20e-8607-571e-837a-04752d4faf39,100g phần,GRAM,100.0
f2b3e413-682a-53d1-abd0-5aaa1be2a67a,,,15ede20e-8607-571e-837a-04752d4faf39,4 piece,GRAM,120.0
460b584e-c7e5-5586-bab8-e8b72a8183b9,,,a1ec382e-6412-5158-ae4b-199efaedadfa,100g phần,GRAM,100.0
cc1b21e1-4d2b-502e-99c6-728d555a122f,,,a1ec382e-6412-5158-ae4b-199efaedadfa,4 oz,GRAM,113.0
3a3470de-d37e-5d73-83fb-27992e4fb022,,,e0b30bda-5bc9-5edb-bfa5-0c2c104365f6,100g phần,GRAM,100.0
8b2d7911-6062-5a6d-8ea6-b187243bfba1,,,e0b30bda-5bc9-5edb-bfa5-0c2c104365f6,1 bowl,GRAM,400.0
5eaefd3d-2507-5d24-8871-0526a9515644,,,c0e8e61f-0707-5961-a4b4-c2046c78872d,100g phần,GRAM,100.0
fc37e823-a567-553d-bef2-2a041350cd43,,,c0e8e61f-0707-5961-a4b4-c2046c78872d,1 plate,GRAM,500.0
a8352b71-f89f-5180-81bd-8ec08a828712,,,6c4d1673-650f-55b9-bf96-1a4701b344fc,100g phần,GRAM,100.0
5e1f9f86-f606-5581-913f-10c501633cbf,,,6c4d1673-650f-55b9-bf96-1a4701b344fc,1 wrap,GRAM,235.0
e441fa7a-6407-5d0d-a8e2-12d24e25df96,,,eff72eee-03fe-5f24-b748-c952032d299a,100g phần,GRAM,100.0
6051f706-827e-547d-9bb9-0cea9bd74c9e,,,eff72eee-03fe-5f24-b748-c952032d299a,3.5 oz,GRAM,100.0
51ccc386-07d9-509b-9b66-dbcf600b2c44,,,1f3c967d-1d53-5535-9f9e-636c098913de,100g phần,GRAM,100.0
06d622ed-a0ee-57ca-82a7-13e86ba07e97,,,1f3c967d-1d53-5535-9f9e-636c098913de,1 plate,GRAM,250.0
373989e4-d2e1-5556-9091-39afd228512a,,,b012209f-3559-5ba4-bbd8-285b59879b57,100g phần,GRAM,100.0
efbe2f20-0f0c-5d51-8a90-1331b4e74f43,,,b012209f-3559-5ba4-bbd8-285b59879b57,1 glass,GRAM,250.0
bb27efd1-e75d-5cc8-8286-4943e28d52e6,,,70b00e97-6152-539b-bf45-c1ce432c96a9,100g phần,GRAM,100.0
78314328-6666-5bb4-bc85-88f674e098fe,,,70b00e97-6152-539b-bf45-c1ce432c96a9,8 oz,GRAM,227.0
91d57fb3-7107-5382-a19c-43e00f3c4534,,,554c2f9a-0a98-5677-90b2-fc1a53a0fe30,100g phần,GRAM,100.0
4c7e848b-06e4-503e-9cec-c22a52a93711,,,554c2f9a-0a98-5677-90b2-fc1a53a0fe30,1 plate,GRAM,300.0
9256dcde-44d0-514f-864a-11c40140c2ed,,,5553060c-ec41-50ab-bbbf-ecc677ce5ff3,100g phần,GRAM,100.0
492d01a7-3fc8-530f-854f-c26d6849cae5,,,5553060c-ec41-50ab-bbbf-ecc677ce5ff3,5 oz,GRAM,140.0
c75d6970-e767-57d6-8d1d-0edb42502d17,,,a9c86575-0749-507d-80e8-2b179c9cb706,100g phần,GRAM,100.0
4bd3d891-0edf-5d14-bd31-5f9838d11e2a,,,a9c86575-0749-507d-80e8-2b179c9cb706,9 oz,GRAM,250.0
5efbfb4f-ec7d-5161-bd66-793c18aebae1,,,7d002f4e-a441-5201-860c-0d6137fac96d,100g phần,GRAM,100.0
c8bee149-1126-5308-8e1b-3164156d84e9,,,7d002f4e-a441-5201-860c-0d6137fac96d,1 bowl,GRAM,350.0
24badcf0-d169-52f5-9ccd-f8bddc585ee5,,,41da6280-46ec-5033-819d-268ab20de3ac,100g phần,GRAM,100.0
1a3fe1cb-2f44-549d-8c58-3bf78c282d93,,,41da6280-46ec-5033-819d-268ab20de3ac,1 piece,GRAM,60.0
88ccd277-baea-5da7-bf6b-0ac84ad3f7e6,,,84232670-3dd5-5f42-9071-69888e0cdf72,100g phần,GRAM,100.0
2bc2ccf7-5a38-5102-af34-46655a12e2e7,,,84232670-3dd5-5f42-9071-69888e0cdf72,1 cup,GRAM,237.0
31e5e7b9-eae4-5174-b41c-4493ff073296,,,38130f37-c775-585a-93d2-fd8b3d04e98a,100g phần,GRAM,100.0
7797e823-e924-559f-a833-79f9a342d76b,,,38130f37-c775-585a-93d2-fd8b3d04e98a,2 crepe,GRAM,150.0
936b2c40-b142-51f0-bf18-3d548c6dba3d,,,34681755-5de6-5f33-8a86-1c91fe0991bf,100g phần,GRAM,100.0
a7541d78-4ad3-51ed-a199-f08c9f5effc6,,,34681755-5de6-5f33-8a86-1c91fe0991bf,1 bowl,GRAM,400.0
cde9d7bc-80e1-5ab5-b46d-bc6ebea86c79,,,d0309eee-dbf2-563b-9567-fbd7e4089c5d,100g phần,GRAM,100.0
68e2c2b2-3ed5-51a4-8837-333c37c24aa9,,,d0309eee-dbf2-563b-9567-fbd7e4089c5d,1 cup,GRAM,100.0
57687098-c745-50c3-bd8a-2052d1573cf6,,,43c712c4-dded-5eeb-be6d-c3fa5128a6ba,100g phần,GRAM,100.0
9275c36d-6f54-5a91-85f6-04c49d16096c,,,43c712c4-dded-5eeb-be6d-c3fa5128a6ba,1 order,GRAM,245.0
8d387b23-cd3a-54cd-b1b5-7209e17d2762,,,acd64991-5715-556b-a3f7-9480be23c140,100g phần,GRAM,100.0
c79e19bf-c7c9-52a2-bf44-a5a6a6571285,,,acd64991-5715-556b-a3f7-9480be23c140,1 slice,GRAM,300.0
fdf63a91-21d3-55c6-897e-fdf3d91feea7,,,385dc99a-adc3-52f6-a184-713ef56daa74,100g phần,GRAM,100.0
852542cb-57ad-506f-9467-c0f456cda65f,,,385dc99a-adc3-52f6-a184-713ef56daa74,1 cup,GRAM,237.0
eb0b4a72-32db-5c12-a117-451eab6f73d5,,,8b23dbd5-68af-5f33-ad9e-c47354110e15,100g phần,GRAM,100.0
28fa6046-c4bd-53d6-acf7-aca94e2379c5,,,8b23dbd5-68af-5f33-ad9e-c47354110e15,1 plate,GRAM,500.0
6b731a4e-32c3-5e74-9c9a-0ecae2cbff68,,,39883152-a14c-567d-aa41-f9657c9a3753,100g phần,GRAM,100.0
9d696f43-2944-5198-9dd7-7c17df98adde,,,39883152-a14c-567d-aa41-f9657c9a3753,1 bowl,GRAM,500.0
46c669be-bab4-52e1-b546-6a6d08d7ce6a,,,5ae029d3-903f-528c-899d-a11438a04b02,100g phần,GRAM,100.0
4eec3b47-dc4e-5a05-afce-af8b07902563,,,5ae029d3-903f-528c-899d-a11438a04b02,1 empanada,GRAM,100.0
0901a89a-ab64-510e-9155-1b7f10ada648,,,1f4ed984-8e13-5bb0-9854-10d99a2a502d,100g phần,GRAM,100.0
76371b60-89c6-56a5-a5c3-4002d7554d4c,,,1f4ed984-8e13-5bb0-9854-10d99a2a502d,1 piece,GRAM,150.0
1ef3f447-29b2-5b17-b0c4-6e7d398ba1e7,,,9e18d5c1-93f5-55ab-8f12-296ba6003b66,100g phần,GRAM,100.0
e83a4c32-d6c0-52db-be22-4068cf1d3af3,,,9e18d5c1-93f5-55ab-8f12-296ba6003b66,1 piece,GRAM,25.0
4ba938c0-5c71-56c3-a1d1-2d38d88848bb,,,d8ef3082-6c3d-5eba-ab8f-b01707ca51a4,100g phần,GRAM,100.0
cf88f0f5-5d6b-5f80-ab1a-151593bddb8c,,,d8ef3082-6c3d-5eba-ab8f-b01707ca51a4,1 donut,GRAM,90.0
6199467b-9839-5754-8ce4-71be5deb5ff6,,,f1be6657-86fc-5752-800e-f16269b676f6,100g phần,GRAM,100.0
8daa6665-f1d1-5609-bd60-de92d6195457,,,f1be6657-86fc-5752-800e-f16269b676f6,1 cup,GRAM,100.0
e8879578-6e36-569f-9460-18c2c0b1b367,,,9e54a88a-50fa-5c63-9b86-ff6bff6dd273,100g phần,GRAM,100.0
8addc79b-f8b9-5b26-a6b1-92874d0d6718,,,9e54a88a-50fa-5c63-9b86-ff6bff6dd273,12 oz,GRAM,355.0
40834d21-f9d7-5143-b0a1-3c78daa8e6da,,,bbe90196-cd19-563f-b63b-40cd115c35e4,100g phần,GRAM,100.0
21c8bb01-90ad-5e26-99dc-2f9b916387e4,,,bbe90196-cd19-563f-b63b-40cd115c35e4,5 oz,GRAM,141.0
a5c1144e-5c9f-525c-b447-da2812292cc7,,,7bdb67ab-3b6a-55f6-8169-73e867cd8081,100g phần,GRAM,100.0
5799770b-3d2e-56df-9c06-e2f0e7911c94,,,7bdb67ab-3b6a-55f6-8169-73e867cd8081,1 biscuit,GRAM,80.0
7f1590a6-5f9d-5a99-b70a-3ff3383e9795,,,190801b4-6437-511a-ad4f-591da7dc9252,100g phần,GRAM,100.0
c68138ff-2b10-5763-b6a7-9afa449057fd,,,190801b4-6437-511a-ad4f-591da7dc9252,1 bowl,GRAM,300.0
f63349be-764c-5b0a-9bd8-7de03c7f9f43,,,c827cec5-69bd-58d8-b50b-8b7734e149e5,100g phần,GRAM,100.0
49669c21-9434-5380-b102-af414e1c4aa6,,,c827cec5-69bd-58d8-b50b-8b7734e149e5,1.5 cup,GRAM,360.0
5e92c136-2783-5fc7-a30f-1300203b708a,,,19b0ee3e-1ff0-5d94-8fbe-8111888abf8c,100g phần,GRAM,100.0
9ba0ee95-1f20-5d40-ae64-a175c6e01c29,,,19b0ee3e-1ff0-5d94-8fbe-8111888abf8c,1 pastel,GRAM,149.0
cb55f09b-09cb-5e1b-825d-13a2edb7e756,,,1c8e66cc-69cb-5100-b516-029e2cf3d055,100g phần,GRAM,100.0
9ecb26aa-9df2-5d5c-b293-5b059c212a33,,,1c8e66cc-69cb-5100-b516-029e2cf3d055,1 piece,GRAM,30.0
cc8fc13d-336d-52aa-9000-bbfc4a0e52c2,,,726d5f5b-a2ce-54a5-9612-1a8ee654f164,100g phần,GRAM,100.0
7f25506e-314a-588f-930c-5d3a5abe84af,,,726d5f5b-a2ce-54a5-9612-1a8ee654f164,1 plate,GRAM,350.0
82ed5000-3db0-5a22-8b73-4c848176bf42,,,c1189d21-be09-5e6a-a1d9-bc863ca960f9,100g phần,GRAM,100.0
9e0d5a8c-c8ef-52f3-92ec-964d486b0098,,,c1189d21-be09-5e6a-a1d9-bc863ca960f9,1 wrap,GRAM,250.0
eb857695-1ed8-5c15-9ef2-4c26af80470a,,,5a0e40da-e2fa-544f-8b97-d5ddab4d053c,100g phần,GRAM,100.0
8029f962-5e70-534f-ab3d-a49b3fdb3cbb,,,5a0e40da-e2fa-544f-8b97-d5ddab4d053c,1 sambousek,GRAM,50.0
ac96b7b8-0cc2-55fe-b750-5f344d0b9a45,,,f404ff0e-54a8-56d9-9c21-e10530a90624,100g phần,GRAM,100.0
c6f46f07-b387-528c-900b-6d6d378f671d,,,f404ff0e-54a8-56d9-9c21-e10530a90624,8 oz,GRAM,236.0
b2e79830-6d61-50cd-b460-906b61b1cb3f,,,3239750b-8968-5d60-a824-04f2868f727d,100g phần,GRAM,100.0
b67f8e05-fbe0-5eb3-b5c5-eb7555798e5e,,,3239750b-8968-5d60-a824-04f2868f727d,1 plate,GRAM,150.0
9b9eba82-22d1-591f-89fa-c2b84784d7af,,,cb2f64fb-67bf-5ef8-a8de-97be26751db5,100g phần,GRAM,100.0
b74cbc51-b8b5-5d99-9be0-9ce9e632382d,,,cb2f64fb-67bf-5ef8-a8de-97be26751db5,1 plate,GRAM,750.0
cd235733-ba78-50b0-97c1-4947152f1897,,,e69c4e3a-2871-51f0-9d58-ffa659d0c4ea,100g phần,GRAM,100.0
d918f42b-d4dd-58c3-98fe-0d83bf80cdc6,,,e69c4e3a-2871-51f0-9d58-ffa659d0c4ea,1 plate,GRAM,300.0
66d55009-3d04-521f-bc04-c6abfdd3c28e,,,982300c0-19b1-583b-8d46-c00fea1098a7,100g phần,GRAM,100.0
73ecb4a5-95df-5177-9742-0e60509aa41c,,,982300c0-19b1-583b-8d46-c00fea1098a7,1 plate,GRAM,350.0
cdafd6e4-f7fc-5cd6-96ff-47c7a6cc7320,,,a15ab864-379f-5add-85e5-d2d04c3ca0f8,100g phần,GRAM,100.0
4e631a4c-c210-546b-92e6-2e4ea8bc2a9a,,,a15ab864-379f-5add-85e5-d2d04c3ca0f8,1 sandwich,GRAM,180.0
efd25372-57d5-527e-af61-7fa1a4917278,,,a026c144-1e03-50b5-816f-8606fce30103,100g phần,GRAM,100.0
354c2cc9-1c3c-5877-81d8-cb55f44107f1,,,a026c144-1e03-50b5-816f-8606fce30103,1 wrap,GRAM,100.0
62590f9f-6fae-51d9-a0ae-ddc7b72a2de2,,,8af02968-8267-5fdc-8a83-4927bdd1625e,100g phần,GRAM,100.0
4302fb11-24c9-57d5-b1e5-485bb4cb531a,,,8af02968-8267-5fdc-8a83-4927bdd1625e,1 cup,GRAM,169.0
11301768-c765-558b-baeb-c2cb5dcb43e7,,,3daebd41-3548-5ced-a335-4c0dd119f181,100g phần,GRAM,100.0
2b68836a-6151-5f4d-9967-73816eb0cc69,,,3daebd41-3548-5ced-a335-4c0dd119f181,4 fl oz,GRAM,120.0
ea219ada-a5c0-5cf0-a33c-bdc3a41d25e4,,,6dd0ccc8-003a-5e1c-a2f0-b238dfdd7988,100g phần,GRAM,100.0
3fec97b2-9aa3-5214-be17-46a785d1ec11,,,6dd0ccc8-003a-5e1c-a2f0-b238dfdd7988,0.5 pint,GRAM,245.0
fdc2f96c-a108-5ab5-b3c0-26abe9b15486,,,16a83706-1364-56c5-8559-5fe8f4beac6e,100g phần,GRAM,100.0
eb5d3bd7-4c5b-5f49-91bd-b29791a5f69e,,,16a83706-1364-56c5-8559-5fe8f4beac6e,4.5 fl oz,GRAM,141.0
653ea180-b1ab-540e-a630-3410df16e2bc,,,9d3e9c9c-cb3d-5bc1-b845-ea572afd36e8,100g phần,GRAM,100.0
5c74b662-a20d-54f6-a801-34e0242b5756,,,9d3e9c9c-cb3d-5bc1-b845-ea572afd36e8,16 oz,GRAM,470.0
9fdcb91d-7d2e-5b62-9eed-df2286311f36,,,f3994031-9e0f-5f9f-8e3e-5739b289d8fc,100g phần,GRAM,100.0
7819dd87-01f3-595d-997b-b689cb4dd095,,,f3994031-9e0f-5f9f-8e3e-5739b289d8fc,1 bowl,GRAM,400.0
724a8c5d-e6c9-5a1f-b796-0c72b9437238,,,40d205ab-f256-53f9-b2a5-6024dd3ed3fa,100g phần,GRAM,100.0
a90f0960-7264-52e5-9ca1-2d00a7dfd0cc,,,40d205ab-f256-53f9-b2a5-6024dd3ed3fa,1 skewer,GRAM,170.0
3a01a0ad-db0a-5c43-95ea-0d54eaac23e5,,,dc7f6932-1366-5971-b2df-cac56aa595c8,100g phần,GRAM,100.0
257b0ea3-453a-516f-8a21-1308f905db3e,,,dc7f6932-1366-5971-b2df-cac56aa595c8,6 oz,GRAM,175.0
1bd42c09-18c5-5a32-a75a-7e668722faa6,,,709f09f6-760f-5937-8858-d66fde10da1b,100g phần,GRAM,100.0
101a390d-1f56-5c95-8e10-b41c6fe6821c,,,709f09f6-760f-5937-8858-d66fde10da1b,2 piece,GRAM,85.0
6b5b2af5-60b1-56fc-a3c2-3fdbb1dab2da,,,94899da7-0109-5e2f-b7cd-af3727706c26,100g phần,GRAM,100.0
23553484-300b-5a2f-9da4-b01c5f38697a,,,94899da7-0109-5e2f-b7cd-af3727706c26,2 tostada,GRAM,300.0
544f4fb7-e6d1-545d-af2e-b917bc49b9b3,,,c66c9f0e-047c-5013-9d22-099a5daf1340,100g phần,GRAM,100.0
0bd4bd23-bc94-5b2f-9d5f-1ecce3c7ae11,,,c66c9f0e-047c-5013-9d22-099a5daf1340,8 oz,GRAM,225.0
de00d087-fdc7-5761-8f9d-f70327cc89cd,,,f1d0f5e8-9079-5086-a14a-1d971935d9a3,100g phần,GRAM,100.0
f23aa12b-05a0-52ab-bdc6-0d4eef2ef8fa,,,f1d0f5e8-9079-5086-a14a-1d971935d9a3,1 wedge,GRAM,75.0
6bd6b30f-674a-5755-a97b-24226e4613d6,,,5afce60b-e9b4-5c74-a02b-164ff741b1b3,100g phần,GRAM,100.0
057c216b-9d69-56b6-9351-22473f69214e,,,5afce60b-e9b4-5c74-a02b-164ff741b1b3,1 bowl,GRAM,500.0
cedba1e4-9aff-5b8d-977a-52ab45d7d396,,,68404e11-7720-50de-a888-f7e2c609b45d,100g phần,GRAM,100.0
3fb3d4ed-cd02-53a6-8119-199bff2a13cc,,,68404e11-7720-50de-a888-f7e2c609b45d,1 slice,GRAM,100.0
5c11d949-8ae4-5cbb-9f14-56a2d74d5512,,,bb0fc04f-031b-5e66-b82d-be3d3e6ea532,100g phần,GRAM,100.0
95a82db2-c3ee-533b-9712-af7d30144895,,,bb0fc04f-031b-5e66-b82d-be3d3e6ea532,2 piece,GRAM,60.0
0d659c8e-47ba-510e-8c17-40d669406d8f,,,fb6c0cc0-8114-5484-ad83-141fb74994e5,100g phần,GRAM,100.0
4d5656c7-f4a5-55be-8fb2-559b71258ea1,,,fb6c0cc0-8114-5484-ad83-141fb74994e5,1 plate,GRAM,350.0
bfac018d-b743-5da7-96d5-8915c54589cb,,,6fe91e76-d1df-53d1-aaaa-e21073dbde39,100g phần,GRAM,100.0
116521ac-0765-5156-9a30-77bad941cded,,,6fe91e76-d1df-53d1-aaaa-e21073dbde39,6.8 oz,GRAM,192.0
563706f7-4d98-5f8e-92aa-e2ef98e3c7cf,,,60a6bbf1-b408-5b5e-abc4-5f25571c3e8d,100g phần,GRAM,100.0
31b1869b-4bd1-5c1d-a215-4bba90d4cfef,,,60a6bbf1-b408-5b5e-abc4-5f25571c3e8d,1 plate,GRAM,175.0
e9555081-af94-5d04-8986-ee7957682cb4,,,bb0fb288-84b2-576f-ae70-cf8032271ce0,100g phần,GRAM,100.0
e94c2d3a-e9ac-513f-a292-58d35a143003,,,bb0fb288-84b2-576f-ae70-cf8032271ce0,1 plate,GRAM,500.0
a9688bce-3b38-52c1-908d-355f75e362e0,,,0d6e7369-cc95-51f0-b054-bbc806ac0b12,100g phần,GRAM,100.0
dcfc1db7-cbfb-5bbe-b801-4c1fc2c83240,,,0d6e7369-cc95-51f0-b054-bbc806ac0b12,2.5 cup,GRAM,600.0
31df94fa-b2f0-5292-95ec-46ef8b07bc96,,,16df4dc7-7673-583c-a563-5293a26edccb,100g phần,GRAM,100.0
55f18af7-c62f-5940-8600-43fdeb2a43e1,,,16df4dc7-7673-583c-a563-5293a26edccb,1 piece,GRAM,52.0
2469c229-05a0-559f-8de1-2644a994af6f,,,98250acb-2c38-5491-9694-90a3c5d4b597,100g phần,GRAM,100.0
ae26fa7d-9fdd-5331-8659-34df88a301a3,,,98250acb-2c38-5491-9694-90a3c5d4b597,6 piece,GRAM,125.0
9b05d4e3-66da-5f8e-abee-1d352d43bf6a,,,a8e07ca8-d36e-5a7b-ab74-e0c7389541ca,100g phần,GRAM,100.0
d7222407-c5d0-5509-a676-3150a71f4b15,,,a8e07ca8-d36e-5a7b-ab74-e0c7389541ca,1 bowl,GRAM,318.76
5d0cbf1e-a424-5da1-a1be-6a29eeb11b63,,,cb181b9f-b2cd-5563-9040-5bf3ae007ac6,100g phần,GRAM,100.0
9af54907-d5dc-5c2d-b050-70203c0488c0,,,cb181b9f-b2cd-5563-9040-5bf3ae007ac6,3 skewer,GRAM,150.0
62db8f66-83f2-5d3e-b106-c3c10ee52c10,,,0683d0e8-65ff-5e94-929d-7bda8a5c4e6f,100g phần,GRAM,100.0
030c1c74-9761-5d50-b66c-f2c970bc8bcd,,,0683d0e8-65ff-5e94-929d-7bda8a5c4e6f,3.5 oz,GRAM,100.0
ed212776-c744-5e2b-b6ae-5ea4165882b8,,,6accfcf9-d445-5ee7-83c6-561b025dab89,100g phần,GRAM,100.0
91ffe1d4-c8cc-5c9c-915a-2ab5aeadab85,,,6accfcf9-d445-5ee7-83c6-561b025dab89,1 piece,GRAM,86.0
50c89a06-bc81-5880-9e05-eed0dc3b1c1b,,,7cec570e-7e0a-5d1a-a75a-7069a6656d1c,100g phần,GRAM,100.0
422774dd-8103-56b3-8a8a-1221d5700362,,,7cec570e-7e0a-5d1a-a75a-7069a6656d1c,1 piece,GRAM,50.0
0d333d1b-737d-5be8-a354-95cc5de09dea,,,569c8f77-ac92-5544-9cd5-edd04e059f71,100g phần,GRAM,100.0
387a117f-450c-5c40-b00b-946518fb439c,,,569c8f77-ac92-5544-9cd5-edd04e059f71,2 tbsp,GRAM,30.0
cff97c19-becf-550b-8d8f-36de3fa2c4ab,,,371e282e-0d0d-554c-aae6-383fb936deb6,100g phần,GRAM,100.0
c6f55dbc-b4f1-5bc6-ae8a-aafadd506d39,,,371e282e-0d0d-554c-aae6-383fb936deb6,1 bowl,GRAM,650.0
43aea349-a77a-5222-8960-883aac8fbd50,,,6dde199d-a9ec-5b10-89d3-55d087f86a44,100g phần,GRAM,100.0
662fe057-aa7f-578b-91a7-e4e856b61c96,,,6dde199d-a9ec-5b10-89d3-55d087f86a44,1 plate,GRAM,200.0
0a7792ca-6ef7-54be-a90b-778c0a12fc3b,,,8abc4c4a-140e-52d4-b3be-4a02abed09ca,100g phần,GRAM,100.0
80c284e7-601b-5874-b559-a3550c36276b,,,8abc4c4a-140e-52d4-b3be-4a02abed09ca,1 flatbread,GRAM,250.0
7b2db080-2849-5b5c-8255-2ccb0b28a8c6,,,216d76cf-9207-54a5-9dd2-c8d5977ef4be,100g phần,GRAM,100.0
82f63c75-fd13-5c68-84fd-c5dbb691ce11,,,216d76cf-9207-54a5-9dd2-c8d5977ef4be,4 piece,GRAM,30.0
cfe9ef46-2bdb-57eb-93bb-5704086d34a3,,,6ddeccaa-f4e5-5f16-b500-b607d24d7533,100g phần,GRAM,100.0
890ecd88-3e16-5b7d-a632-a46cb929b38e,,,6ddeccaa-f4e5-5f16-b500-b607d24d7533,18 oz,GRAM,510.0
cb8fc285-af92-5198-a8f1-33434c4abc49,,,b4f68e8e-7e66-5af9-ab85-9a2bcfebe260,100g phần,GRAM,100.0
e251f65f-ebf5-53af-93f3-ece325b88090,,,b4f68e8e-7e66-5af9-ab85-9a2bcfebe260,1 plate,GRAM,300.0
7a566aed-6aef-57c2-ae4d-b1584433c80f,,,96fc5c5c-132f-53ef-b6ee-0a2ac41af9d0,100g phần,GRAM,100.0
c3fc97c2-27d5-5271-a5dc-cc286a07868e,,,96fc5c5c-132f-53ef-b6ee-0a2ac41af9d0,1 plate,GRAM,450.0
c2011c0f-2ade-5c94-993d-013f67a84a88,,,ada545fc-d2a4-57f7-82d9-f0324b7a34fa,100g phần,GRAM,100.0
9f9a552c-fe9a-5beb-8713-6e646032320f,,,ada545fc-d2a4-57f7-82d9-f0324b7a34fa,1 plate,GRAM,300.0
9bf63ae8-5b13-5872-8104-f386ad0620e5,,,7e51f344-5e7d-54b8-9bed-77a46c2c1b4f,100g phần,GRAM,100.0
dee876b0-7f6d-5543-aba6-b72d719b64c7,,,7e51f344-5e7d-54b8-9bed-77a46c2c1b4f,1 plate,GRAM,350.0
265910f0-6c0a-522d-80cc-ebb31478800d,,,c3305188-767d-5533-8adc-a4dbeab1c6a9,100g phần,GRAM,100.0
4b86998f-8360-50c7-b61a-cbfba80265f3,,,c3305188-767d-5533-8adc-a4dbeab1c6a9,1 plate,GRAM,500.0
1b560d36-76e4-5c20-b9dc-f4f02c70a8fc,,,19f2acfe-5258-50af-909b-6962449612c9,100g phần,GRAM,100.0
84e7f6be-9f3c-505d-a153-a3f7907d7ae0,,,19f2acfe-5258-50af-909b-6962449612c9,1 plate,GRAM,350.0
390c2906-6dca-5be1-ba92-3463e1b2b587,,,743fe4ce-1e27-5295-ab98-18e6349ab113,100g phần,GRAM,100.0
675c540f-d51d-5389-a117-5e4f2b29c9ab,,,743fe4ce-1e27-5295-ab98-18e6349ab113,2 patty,GRAM,175.0
b759cdca-d136-5a71-8bc3-f715e0389b96,,,fd945e82-b8c5-5b01-a103-b6b3366e76da,100g phần,GRAM,100.0
bdb878b1-502f-5066-994b-5962101f0c94,,,fd945e82-b8c5-5b01-a103-b6b3366e76da,1 piece,GRAM,80.0
8d230b3f-d9d7-5806-bb7f-ac0d4f7d0a1e,,,05f8d5a3-58ff-5a3e-9ed9-82a82a2d7bfe,100g phần,GRAM,100.0
fd8427c0-537f-52a1-abc5-afa7a26663ff,,,05f8d5a3-58ff-5a3e-9ed9-82a82a2d7bfe,1 cup,GRAM,250.0
84482479-86d1-5b1b-b5aa-98ce86e95780,,,fd5e98c8-b2de-518b-96b0-2004163412a7,100g phần,GRAM,100.0
55bf9350-9a1c-5b97-bd13-a1b8f28cbda9,,,fd5e98c8-b2de-518b-96b0-2004163412a7,8 fl oz,GRAM,237.0
46078298-7a8b-51ba-ac12-1ec5429a47a6,,,a55e5d53-70c6-57a6-ad7f-7225d5417694,100g phần,GRAM,100.0
54bc7085-df2e-5a37-ac64-5dd2e5b6ca07,,,a55e5d53-70c6-57a6-ad7f-7225d5417694,3.5 oz,GRAM,100.0
66ab2439-0c8f-5008-bbbf-9ab65d2fd3b3,,,0fc6ad0a-c7bf-58ef-a6d4-a3f41183a9ee,100g phần,GRAM,100.0
921258fb-9879-5af8-8ca2-98ef431bbc5d,,,0fc6ad0a-c7bf-58ef-a6d4-a3f41183a9ee,1 cup,GRAM,240.0
d0e6b4e9-5456-56a2-85a9-ea5a4171e452,,,d20605c7-4d75-572d-b2a8-7b74ed7c9b67,100g phần,GRAM,100.0
2a5fc723-a6e9-5a85-a61c-6b9317bfa23d,,,d20605c7-4d75-572d-b2a8-7b74ed7c9b67,1 knuckle,GRAM,500.0
b38ca896-045c-5a55-852f-f00cc4cb7134,,,7cbdbaa1-a960-5451-a81c-b44e96fd99bd,100g phần,GRAM,100.0
4dc7a280-6edf-5a0e-88ce-571e6d4ccb2e,,,7cbdbaa1-a960-5451-a81c-b44e96fd99bd,1 plate,GRAM,240.0
5446ac07-76d5-5ff1-85d9-b814f0a46fa2,,,e1495e34-39fc-53b6-825a-d38c40194933,100g phần,GRAM,100.0
7cc75f2a-0624-57e1-8290-0d99eb426b84,,,e1495e34-39fc-53b6-825a-d38c40194933,1 pupusa,GRAM,114.0
0661c2ca-c426-597f-b8ff-527ea9c18ff1,,,be7b4497-9eb7-5770-a5a8-b14a8554e1a4,100g phần,GRAM,100.0
c8e6bd94-f0a9-5179-9e86-53dded9b21a5,,,be7b4497-9eb7-5770-a5a8-b14a8554e1a4,1 plate,GRAM,87.0
d2668515-6c3d-5a9a-8975-0ad6506b0c9d,,,82ebd949-390c-50cd-b71b-604187398ad8,100g phần,GRAM,100.0
b7d52dfc-a0bc-568c-91ba-0a6d6b104c1c,,,82ebd949-390c-50cd-b71b-604187398ad8,1 bar,GRAM,60.0
fa57549a-b55b-56d2-8c2f-c61c3bd9c0e8,,,165cfc71-bdee-5b69-9396-1946088d110e,100g phần,GRAM,100.0
ea12e942-370b-5f16-93a6-935ce797443e,,,165cfc71-bdee-5b69-9396-1946088d110e,5 piece,GRAM,250.0
e721ef70-8e40-565c-bd19-41b33c19e381,,,d3280acf-744f-5c41-ace5-8f3dfcf59bf9,100g phần,GRAM,100.0
e79205ba-27eb-5563-84fa-91a1f0ec0c3c,,,d3280acf-744f-5c41-ace5-8f3dfcf59bf9,1 quesadilla,GRAM,238.0
c1ab41a3-a9e4-5aa3-a72c-d2d5fca779fb,,,6757e5d6-0845-5acf-b0b8-cecc5b91f9fe,100g phần,GRAM,100.0
6dcd56c5-d266-5bf1-94ce-1b1df8f2389e,,,6757e5d6-0845-5acf-b0b8-cecc5b91f9fe,0.5 cup,GRAM,100.0
6c1fb962-014d-5272-a4f5-9498e52a43b6,,,bb9f352a-7d81-50db-9aeb-0c33550738d3,100g phần,GRAM,100.0
952324fd-4cc5-5546-be40-137785a506a8,,,bb9f352a-7d81-50db-9aeb-0c33550738d3,1 plate,GRAM,600.0
7a74e295-4da8-5677-b9d3-641adf8ef92a,,,232cc15d-bbcc-52a0-b45e-1ed71aaad7a4,100g phần,GRAM,100.0
d643d326-a9a3-5d51-97d1-04863f81e82d,,,232cc15d-bbcc-52a0-b45e-1ed71aaad7a4,3 oz,GRAM,80.0
ff0041df-50aa-5823-be50-17c769a63957,,,9bf9b899-62b5-5f31-9077-c0f57d4f949c,100g phần,GRAM,100.0
1e951f3a-80e4-5273-a6ad-a2b93476a91e,,,9bf9b899-62b5-5f31-9077-c0f57d4f949c,1 sandwich,GRAM,350.0
0de89fd9-b4b8-59cf-9fef-d235701d5b9c,,,6640ab23-ce2c-541d-a352-f97aaf51d5c1,100g phần,GRAM,100.0
55471b82-b91d-5b90-8f4e-ba08b37599ed,,,6640ab23-ce2c-541d-a352-f97aaf51d5c1,1 plate,GRAM,500.0
18eb7951-fa77-5141-b8c1-1a85c6804fdc,,,9c5a3421-da94-5002-8f69-177a3c03ddd3,100g phần,GRAM,100.0
44b6fbcf-fa79-53b6-b9e1-4d5fc050e293,,,9c5a3421-da94-5002-8f69-177a3c03ddd3,1 sandwich,GRAM,240.0
4b6abb94-e430-5829-9032-b40db8d8d355,,,64274ab3-b491-5019-8c90-a92450bb499e,100g phần,GRAM,100.0
f115ebc6-abec-5958-97fa-ad0aaf002ead,,,64274ab3-b491-5019-8c90-a92450bb499e,1 slice,GRAM,80.0
7fbb7157-56b1-5a28-9295-b04046dde21e,,,c69685e4-4cb2-502d-9001-b76e4ca98e8d,100g phần,GRAM,100.0
920a8d30-747f-5254-93d7-cbde3f85d18a,,,c69685e4-4cb2-502d-9001-b76e4ca98e8d,1 slice,GRAM,150.0
80d16f3c-abb7-550f-b9cd-6c4d88390e57,,,568294a9-7848-5666-8d03-d4a8f21576ce,100g phần,GRAM,100.0
c19b0479-4f8d-5ca1-b3be-6a0d74101e66,,,568294a9-7848-5666-8d03-d4a8f21576ce,6 scallop,GRAM,170.0
4f89c12a-cc23-52d6-bee8-2211cdeac427,,,c897483f-3bce-5996-8705-fa27c97fb843,100g phần,GRAM,100.0
d95e591a-a48d-5eec-8a56-6ca8daf46f93,,,c897483f-3bce-5996-8705-fa27c97fb843,3.5 oz,GRAM,100.0
2e786b77-070e-5b4f-a104-47df3954139c,,,e37393c9-b8ef-5039-a3f2-637a414eb40d,100g phần,GRAM,100.0
a2388da7-0223-5de5-a24b-0779653b6335,,,e37393c9-b8ef-5039-a3f2-637a414eb40d,2 empanada,GRAM,238.0
50ed2c49-752c-5eaa-a4aa-c67e17d78eaf,,,296b28f6-0ce4-547d-87ce-3278bc37b3e4,100g phần,GRAM,100.0
611a07fa-82ec-57b8-b34c-3e317ec7f146,,,296b28f6-0ce4-547d-87ce-3278bc37b3e4,1 cup,GRAM,240.0
f071cb75-93a0-523c-ac1e-ab253e6e003d,,,96d640e8-6348-5dee-9359-2a0ae9c6e99e,100g phần,GRAM,100.0
70a26952-6b29-5034-ba0d-0465f5f9f521,,,96d640e8-6348-5dee-9359-2a0ae9c6e99e,1 sub,GRAM,400.0
8a176358-f260-5c38-999e-516565b328ea,,,96c1f7d3-86f8-5fa3-a7ab-d2034726550d,100g phần,GRAM,100.0
7d188d45-2caa-568d-9b8b-c3256214e5cc,,,96c1f7d3-86f8-5fa3-a7ab-d2034726550d,1 cup,GRAM,111.0
35e5af44-0fb5-5d2f-9851-33ceb6e6cc8b,,,a6f12ade-6348-5da1-8f76-5121e2578051,100g phần,GRAM,100.0
fd2c1f7b-f7d3-5f2b-acc7-0401d2c0e0fa,,,a6f12ade-6348-5da1-8f76-5121e2578051,2 piece,GRAM,72.0
dd6c8dd3-9d29-5f7f-b25f-48dc6836bc43,,,1c1381a2-a45a-5691-883c-9d7f9f160ec1,100g phần,GRAM,100.0
85c04496-ecb6-51af-b010-a277f52e5672,,,1c1381a2-a45a-5691-883c-9d7f9f160ec1,1 piece,GRAM,100.0
69501042-b490-5036-8767-f8e6aac8adc5,,,a49dd6c6-78ee-5ac3-9660-5c347187e48d,100g phần,GRAM,100.0
f9aa54ec-e01f-5537-9dfc-707c2921c163,,,a49dd6c6-78ee-5ac3-9660-5c347187e48d,1 slice,GRAM,70.0
eabc8a30-b2f4-5eb7-96a2-36dc97aa4949,,,6c46eae2-5fa7-5030-a65b-7ca9b9c768c0,100g phần,GRAM,100.0
aca75796-9cd2-5ad6-8e0f-3dae593c20a3,,,6c46eae2-5fa7-5030-a65b-7ca9b9c768c0,1 oz,GRAM,28.0
d899f68e-1689-5cfd-91c8-735fa537a04f,,,3489d2d1-afdd-5ee4-8df6-d8926b7f6d35,100g phần,GRAM,100.0
6d07c473-0687-5420-8519-c2119fcede58,,,3489d2d1-afdd-5ee4-8df6-d8926b7f6d35,1.5 cup,GRAM,200.0
6bebcf9b-0ff6-5531-a625-1f7d3417acf1,,,51b27c46-597d-5e8a-8c80-749ab140874d,100g phần,GRAM,100.0
0947b895-7bc5-5aa1-b931-acd60f1179a8,,,51b27c46-597d-5e8a-8c80-749ab140874d,1 piece,GRAM,30.0
a709f14f-c822-56d3-8683-becfe71d29ee,,,dc6d262c-2c44-581c-a187-a57b7b02d0e3,100g phần,GRAM,100.0
52ac9912-507a-5130-8915-e907ae1a2c90,,,dc6d262c-2c44-581c-a187-a57b7b02d0e3,1 plate,GRAM,750.0
89961d9c-e1e6-5fcf-bd5f-5b412c158716,,,4ce838be-7ed7-5040-94ae-18cef2ece3cd,100g phần,GRAM,100.0
89d9ba94-c5fb-5828-9923-2c24a6df0dad,,,4ce838be-7ed7-5040-94ae-18cef2ece3cd,8 fl oz,GRAM,240.0
c5b99b1a-9d84-5e9c-adee-6aa3240d5f55,,,09ba0574-706a-5308-af6a-5c46d3ca0caa,100g phần,GRAM,100.0
285d6a02-6586-52d6-b14e-850f572c784c,,,09ba0574-706a-5308-af6a-5c46d3ca0caa,1 roti,GRAM,40.0
7c816f1b-4b23-50a5-84c7-c4f52e81d1fa,,,5c933224-31e7-5a4b-94c9-19ff608c8f09,100g phần,GRAM,100.0
930143e4-fc68-5a28-a6ef-d1f344b7ebbb,,,5c933224-31e7-5a4b-94c9-19ff608c8f09,1 plate,GRAM,237.0
237a00ee-14c6-5fb2-9600-f1127689edb0,,,79c283c2-2fd0-5cce-a22c-6ae155fd9885,100g phần,GRAM,100.0
6de3b635-045f-519a-86d0-9cc1ceb0e9b8,,,79c283c2-2fd0-5cce-a22c-6ae155fd9885,1 plate,GRAM,225.0
978d5c4f-141c-5d19-a879-86f050db8aec,,,e37de294-ea02-5b22-9042-a3bb77dbc1b8,100g phần,GRAM,100.0
76e94228-7f03-55e9-b705-34155e91c454,,,e37de294-ea02-5b22-9042-a3bb77dbc1b8,4 fritter,GRAM,160.0
57c01c1b-4975-51f3-9db3-27b621752841,,,47a86c52-5b06-5e9c-9d25-02099dcada2a,100g phần,GRAM,100.0
c9ec5e9f-5e9d-5d3d-b808-f5781897c77b,,,47a86c52-5b06-5e9c-9d25-02099dcada2a,1 plate,GRAM,450.0
06a35a98-77bc-565b-8ad5-65006e8a2fb2,,,c8ca63b2-4c87-51d0-bc83-68f44dfe0f19,100g phần,GRAM,100.0
c90ab565-72be-56a0-9e69-6364e016e708,,,c8ca63b2-4c87-51d0-bc83-68f44dfe0f19,1 skewer,GRAM,200.0
87060143-5a74-5371-af32-f4585155b8b9,,,1a751b41-2af0-5ef6-95a7-e4e8723bbc48,100g phần,GRAM,100.0
c2a3fd7e-7a42-5238-a28d-646fbebcf59d,,,1a751b41-2af0-5ef6-95a7-e4e8723bbc48,4 tequeño,GRAM,240.0
04bc767a-923b-5971-bc80-db8d41283f5b,,,47d95e02-902a-5b83-9b0e-585b076caff4,100g phần,GRAM,100.0
9a58ca77-f598-52fb-b65f-280f970a32e2,,,47d95e02-902a-5b83-9b0e-585b076caff4,1 piece,GRAM,28.0
f064da66-135a-5923-b541-5135da3e0f3b,,,3245703e-cb19-5eeb-a568-54b760513d78,100g phần,GRAM,100.0
a0b3e808-7222-502c-849c-469da50c8066,,,3245703e-cb19-5eeb-a568-54b760513d78,6 oz,GRAM,170.0
7c89019f-567d-5412-af2c-c4e99978b496,,,0b1a52a4-fc39-576a-84f2-47abdbdda99a,100g phần,GRAM,100.0
de12c512-7d12-5ab4-81ab-3cb7df0960f9,,,0b1a52a4-fc39-576a-84f2-47abdbdda99a,1 bowl,GRAM,280.0
d14b6d57-8942-5abf-99ef-c431d18ff05e,,,ee17b761-d53d-5f16-ae95-d8b011af5a10,100g phần,GRAM,100.0
fbe329b1-9ec3-5af8-a101-275e250e4e0b,,,ee17b761-d53d-5f16-ae95-d8b011af5a10,1 plate,GRAM,240.0
6891c99e-7bcb-5ece-a2be-cb15a04422cc,,,007b052e-530e-5b4d-adcc-6b43470b85c4,100g phần,GRAM,100.0
15dd408a-1fe3-594a-847a-dfcda30e840b,,,007b052e-530e-5b4d-adcc-6b43470b85c4,1 fillet,GRAM,100.0
4d3f72e7-60d7-5fd4-be9d-84da5cc8f3d4,,,e1e140f3-cb7f-53ca-bee8-706d50afd25d,100g phần,GRAM,100.0
a56703a5-9da7-55e5-9325-d8331cf1a6a0,,,e1e140f3-cb7f-53ca-bee8-706d50afd25d,1 piece,GRAM,250.0
cbd30c5b-f30e-5a98-a0b9-ca4cbe2deb3c,,,cffb3a7b-8a30-56cc-bba6-e1de8ac56f25,100g phần,GRAM,100.0
b030d80a-55e6-51e1-be0d-15aa7e93d57e,,,cffb3a7b-8a30-56cc-bba6-e1de8ac56f25,1 cup,GRAM,240.0
54ce08d1-b570-56d5-a9b2-fdca39dfc1e6,,,055ce5c7-5395-5ca9-ab58-1df53adf920d,100g phần,GRAM,100.0
d6f925f7-aabd-5c58-a4ca-b968a4a2f384,,,055ce5c7-5395-5ca9-ab58-1df53adf920d,8 fl oz,GRAM,237.0
985205cc-8a0c-5e0a-8ff3-c8829f73979d,,,d5f4fb4f-abd6-5c84-8bdb-bd22f090a351,100g phần,GRAM,100.0
d1e8f61a-4751-581b-ae6c-75f003b1a9aa,,,d5f4fb4f-abd6-5c84-8bdb-bd22f090a351,1 burrito,GRAM,290.0
0397385f-3454-5c31-baea-cc8cde981126,,,d0ff0750-522d-5cdc-bf12-a8dc610b0439,100g phần,GRAM,100.0
67901eb7-eb99-59f5-ba34-cca0569e8436,,,d0ff0750-522d-5cdc-bf12-a8dc610b0439,1 omelet,GRAM,244.0
d93a4f0c-0105-5325-af9e-6b8c83f1476c,,,3fea6cc9-3fd9-5e0e-b9da-95d0cd9691d7,100g phần,GRAM,100.0
977a45a3-3ec5-520a-9280-bd2e3e3b2fe6,,,3fea6cc9-3fd9-5e0e-b9da-95d0cd9691d7,1 cup,GRAM,237.0
1d36eb6e-d872-5773-9b86-340fbdbae523,,,1b542f3e-60ca-56a1-8591-a0171523ee10,100g phần,GRAM,100.0
6fba5978-0314-5f5e-8abd-2546844239f9,,,1b542f3e-60ca-56a1-8591-a0171523ee10,1 plate,GRAM,350.0
c97143a3-0fc2-53bb-93c9-459e01133970,,,12b58937-8d30-52cd-a78c-ad5f679a8b8e,100g phần,GRAM,100.0
e9829778-eac2-5d62-a202-66655a2dba30,,,12b58937-8d30-52cd-a78c-ad5f679a8b8e,1 sandwich,GRAM,238.0
b659b9ff-0dfd-51b7-8a3d-439bc9f06fbe,,,ddf81324-c0c7-5591-83c9-845affb735c1,100g phần,GRAM,100.0
e186f766-e926-5279-8fde-55ef9adc99e2,,,ddf81324-c0c7-5591-83c9-845affb735c1,1 piece,GRAM,35.0
70b6413c-cead-50b3-a9c6-a56c101b611a,,,cea26da7-b50c-5eab-8d49-ff1a17aaf88d,100g phần,GRAM,100.0
d53e64f5-066f-57e9-bd45-53056d0e4ea5,,,cea26da7-b50c-5eab-8d49-ff1a17aaf88d,1 plate,GRAM,250.0
31a88fb3-2344-5181-9268-99361ce2b88a,,,00a0af9c-f086-53a9-bc06-97acc8417b8f,100g phần,GRAM,100.0
0e77b8ce-93ed-5fa4-9832-aa8896ae0be8,,,00a0af9c-f086-53a9-bc06-97acc8417b8f,1 baleada,GRAM,240.0
046720ce-0d96-5143-af22-be729cde280a,,,2ba4053e-7311-5dd7-a2f3-e0547f5a3c84,100g phần,GRAM,100.0
58af617b-eacd-5792-831e-ccd3db031f2c,,,2ba4053e-7311-5dd7-a2f3-e0547f5a3c84,1 msemen,GRAM,80.0
58f788d7-5608-5f4d-a976-635440467a7c,,,42826005-49f6-59c3-8437-4eed98ec0301,100g phần,GRAM,100.0
2e407c00-0d1d-597f-917a-039626dba50c,,,42826005-49f6-59c3-8437-4eed98ec0301,2 ball,GRAM,50.0
859b9cdb-e8c9-5363-bcf1-043330489b5a,,,e85b97ed-d3f3-573e-9560-585fab867fee,100g phần,GRAM,100.0
db415234-a685-547b-b27d-31008c4fe312,,,e85b97ed-d3f3-573e-9560-585fab867fee,1 burrito,GRAM,300.0
84595746-4254-5363-99e0-3fe1a721d0b4,,,ed714cd5-3005-53d6-8294-047b356f78b3,100g phần,GRAM,100.0
852e8a9c-05a4-5a7c-9c86-4656f531eb92,,,ed714cd5-3005-53d6-8294-047b356f78b3,1 oz,GRAM,28.0
0330b37a-46dd-536e-b801-69c96ec1e624,,,245fb088-e038-59fb-a8f3-7c43cc2ce11f,100g phần,GRAM,100.0
205ef4cd-d189-5788-81c6-16e03bda56c1,,,245fb088-e038-59fb-a8f3-7c43cc2ce11f,0.5 pita,GRAM,39.0
f52bbcf3-505b-50c6-b2e2-69604a38272b,,,3c9e8041-55a5-501b-a797-3a659d25eadc,100g phần,GRAM,100.0
29ffa407-bb4f-5e75-a824-68c909cafc7f,,,3c9e8041-55a5-501b-a797-3a659d25eadc,1 cup,GRAM,238.0
22468272-1de9-5016-9c19-0dbfa7c5270c,,,e4cf0731-8ba1-5921-997a-83c92a0f8ed4,100g phần,GRAM,100.0
a42a94e3-3f68-5dfd-8cbf-eb32557e576b,,,e4cf0731-8ba1-5921-997a-83c92a0f8ed4,1 oz,GRAM,28.0
72cba2d9-0a45-54cc-875c-b98312d4f60d,,,f774200c-5fb5-56d6-b6e2-12ce3be8022b,100g phần,GRAM,100.0
24c30e56-5a84-525b-a87e-99145c3be9f7,,,f774200c-5fb5-56d6-b6e2-12ce3be8022b,1 cup,GRAM,225.0
b2eab0ed-b0e5-536a-a107-4887ed4e6821,,,9709e5f6-4600-5e6d-9357-159f6898e441,100g phần,GRAM,100.0
da3fa392-1fb1-57a2-91eb-2c18d1a48a62,,,9709e5f6-4600-5e6d-9357-159f6898e441,1 cup,GRAM,144.0
f282ec11-fb31-5f1a-932b-cfb5e6525356,,,4993a894-b1d1-50e4-8ac1-f9e4df5c875e,100g phần,GRAM,100.0
072f26c8-56df-590a-b820-09dd0d65c9d2,,,4993a894-b1d1-50e4-8ac1-f9e4df5c875e,1 piece,GRAM,30.0
8778896b-bbfc-5b3c-ab3a-eee855ec3c61,,,a9aeae21-f3e2-57c8-bb7b-b8b4b88758d4,100g phần,GRAM,100.0
d3de8af8-a23e-5232-aaaf-9d213f815946,,,a9aeae21-f3e2-57c8-bb7b-b8b4b88758d4,1 plate,GRAM,150.0
99c96451-5008-5b77-a1fd-41f3f5c10604,,,5bc2742e-4dc6-5a1b-92b1-348e8318ab41,100g phần,GRAM,100.0
c206fd15-b48d-5b84-9310-2306705b81ad,,,5bc2742e-4dc6-5a1b-92b1-348e8318ab41,3 oz,GRAM,85.0
1a6eb8e3-c09e-57ae-8e48-d5475b625183,,,aebff31f-71a2-5fc3-b2e6-2048070c702a,100g phần,GRAM,100.0
bcc5fcb1-cd48-5e73-b76e-7d1743c481cd,,,aebff31f-71a2-5fc3-b2e6-2048070c702a,1 bowl,GRAM,300.0
c931fb29-4387-50b5-84ee-389bbce2d50c,,,2520a466-92e7-5f0d-9b04-9d21e129f4b9,100g phần,GRAM,100.0
14b6e767-a6ae-57e5-9cb4-bcdad3cc8c58,,,2520a466-92e7-5f0d-9b04-9d21e129f4b9,1 cup,GRAM,240.0
ee4b7f9a-d7a1-5667-a4de-477af262329a,,,25c17a8f-0a09-541a-a2da-3c65b85c90a7,100g phần,GRAM,100.0
f89339f1-3688-58e2-9102-b77ec2ba17ef,,,25c17a8f-0a09-541a-a2da-3c65b85c90a7,1 plate,GRAM,300.0
07698098-a90a-5947-9703-81527675e1b4,,,7142fe23-bdc1-5018-85a2-d98dde56a94d,100g phần,GRAM,100.0
7f368f18-d83c-5de4-84c4-f2dfb940f274,,,7142fe23-bdc1-5018-85a2-d98dde56a94d,1 plate,GRAM,700.0
21f42b3a-a979-56c5-ad30-76440fe4f689,,,744f476e-3008-5ca6-b009-0dedebb03628,100g phần,GRAM,100.0
56943022-ddc0-5404-9324-1c79480f3704,,,744f476e-3008-5ca6-b009-0dedebb03628,3.5 oz,GRAM,100.0
853676db-7813-5fc9-ba25-cb88bd84c6ac,,,637c0dab-7959-5389-8fd7-59c2af64e7b1,100g phần,GRAM,100.0
d0af9c21-8529-5e72-abc7-3461048b3c4d,,,637c0dab-7959-5389-8fd7-59c2af64e7b1,1 plate,GRAM,240.0
a362b1ab-b35b-5731-933a-7c5939f1ec27,,,9fd00c22-a935-5147-b75f-3eb462a8eb86,100g phần,GRAM,100.0
0e500738-84a1-5683-9997-afcafa07f29f,,,9fd00c22-a935-5147-b75f-3eb462a8eb86,8.4 oz,GRAM,238.0
8e204b89-8e55-5d2e-9931-6c20d3c4d42f,,,96069bff-1a0c-5e6b-b020-a37becd90b72,100g phần,GRAM,100.0
f956d59d-ebf9-59c8-ae04-af4327010dc0,,,96069bff-1a0c-5e6b-b020-a37becd90b72,1 piece,GRAM,60.0
3f3b7f5e-d36b-5c68-bd3c-2b98b28182e7,,,232f5bda-dc8e-5397-bcad-5c163582da1c,100g phần,GRAM,100.0
459e2af2-9d0e-5426-aaa6-1e64d6684729,,,232f5bda-dc8e-5397-bcad-5c163582da1c,1 fish,GRAM,454.0
0497cb60-3d85-565d-ac78-9fb1e20262bc,,,73df5bbe-6579-57ec-8084-57c5cb877e1b,100g phần,GRAM,100.0
9364aeea-0712-57b1-93e1-0b5d838be6a7,,,73df5bbe-6579-57ec-8084-57c5cb877e1b,1.125 oz,GRAM,25.0
b065b37f-3cec-52d7-b2b3-16f03f7fcf76,,,8522045a-b6c6-59cf-8844-8810627ac2cf,100g phần,GRAM,100.0
cfbb3dac-cd6d-5dc8-9bfb-f1b475008cee,,,8522045a-b6c6-59cf-8844-8810627ac2cf,1 plate,GRAM,235.0
3632359c-720b-5a4c-bc4d-12681ccec02b,,,928b2e1b-bd12-51ac-98fc-8b2af14f71a6,100g phần,GRAM,100.0
2906b915-ab39-5707-a9ec-ad93ee3d26fd,,,928b2e1b-bd12-51ac-98fc-8b2af14f71a6,3 oz,GRAM,85.0
051d8447-b0b2-5af5-b92d-3eb5d3c09bd3,,,4005b2e9-3ccf-512d-b817-447bbbe18741,100g phần,GRAM,100.0
80fe34ab-eb81-52a7-bd6c-5b8c7ec6d7d7,,,4005b2e9-3ccf-512d-b817-447bbbe18741,1 sope,GRAM,60.0
df5fdf6a-f89c-5133-bee2-2fa2377db435,,,a4c42339-7ebf-5654-a66c-8fc1bd51dca6,100g phần,GRAM,100.0
37263775-4a28-5526-b492-1d49893e355d,,,a4c42339-7ebf-5654-a66c-8fc1bd51dca6,1 cup,GRAM,250.0
a903c0eb-bc14-549a-9674-c8d4a95a1308,,,fed0d94d-028b-500d-b5c3-a9e176071739,100g phần,GRAM,100.0
d4f4c3ed-c309-53e1-b8f5-1c5f390eea0e,,,fed0d94d-028b-500d-b5c3-a9e176071739,1 plate,GRAM,200.0
134eaa50-2b58-53ce-821a-25f5f627eedd,,,dcc3a7ae-aa1f-5bc1-84ad-21aeaa6732dd,100g phần,GRAM,100.0
cf1d660a-6630-5667-a960-3f7a3e3b8be3,,,dcc3a7ae-aa1f-5bc1-84ad-21aeaa6732dd,1 plate,GRAM,250.0
a7cc96c6-49b2-5eb1-9afd-51cf5d55d891,,,dddaa667-92a8-5e33-a744-30ea289b261d,100g phần,GRAM,100.0
9f3b61e3-cf2d-56e8-8aab-d80f745814f5,,,dddaa667-92a8-5e33-a744-30ea289b261d,1 cup,GRAM,235.0
598b12c2-57d6-5fa9-9ad9-f2c259aa0f60,,,2c529f04-d120-56c6-966f-7ed74a282f67,100g phần,GRAM,100.0
6fce92d7-d4b6-5e1f-9e43-ab1fc3182657,,,2c529f04-d120-56c6-966f-7ed74a282f67,1 kubba,GRAM,64.0
3bc8e573-e729-5b38-b5a3-1583fc595ce3,,,e6410cc2-c326-50be-b8b9-fcdcbdff3796,100g phần,GRAM,100.0
ff32f088-a7be-5b18-877c-679d2ae2886a,,,e6410cc2-c326-50be-b8b9-fcdcbdff3796,0.5 cup,GRAM,120.0
36672d2e-6c1b-5185-89b6-67a7e09844a3,,,692f8cd4-41a0-51cc-b563-f3f6c149c9f0,100g phần,GRAM,100.0
a51e9658-b63c-514b-a436-286b32ce3b56,,,692f8cd4-41a0-51cc-b563-f3f6c149c9f0,1 cup,GRAM,240.0
b45d1e8b-be24-5816-aded-ba60d9d7fcc2,,,518f5ec1-7954-5592-b641-b94e1722aaaa,100g phần,GRAM,100.0
90d2d6af-0d26-5da3-9565-75cf30a7767a,,,518f5ec1-7954-5592-b641-b94e1722aaaa,12 fl oz,GRAM,360.0
50d58d68-a2f1-5248-9801-9c7f6038b3cf,,,02b6b747-640d-5003-aba7-51e7ff6994ff,100g phần,GRAM,100.0
dbfec29c-5543-5f41-9c20-fd1669bea5fe,,,02b6b747-640d-5003-aba7-51e7ff6994ff,1 plate,GRAM,400.0
ad04092b-a213-59f9-a209-01db8a1299b4,,,24050e81-dbaf-5469-b68d-d695b3b91513,100g phần,GRAM,100.0
172a4c2b-393a-5f85-a649-de1ea0e5a93f,,,24050e81-dbaf-5469-b68d-d695b3b91513,1 plate,GRAM,700.0
7108548e-9747-52bc-a57a-d85005fee475,,,292102bd-3494-5635-8a1e-119b14ec2381,100g phần,GRAM,100.0
cc1ccd67-5309-5268-a78b-d33b8d11b8f0,,,292102bd-3494-5635-8a1e-119b14ec2381,1 piece,GRAM,100.0
0d8e3522-d85e-58c5-9ef7-953773e4fa09,,,ec959391-c7c7-5b4c-85f1-7a5b3b67338a,100g phần,GRAM,100.0
3c94b1ca-adc3-59ff-81c2-18ce102df1f1,,,ec959391-c7c7-5b4c-85f1-7a5b3b67338a,1 plate,GRAM,150.0
e77459e5-c29f-54f7-a57b-7122b854ac6d,,,8eff4587-0ad5-5248-a436-a104b0453c4e,100g phần,GRAM,100.0
835540f6-53a6-576b-a90b-c8d034c8bb18,,,8eff4587-0ad5-5248-a436-a104b0453c4e,1 croissant,GRAM,55.0
9719326f-7a2b-51a4-89f8-a0f54d6eb790,,,8892413d-7c50-545e-bfd1-c694f32e4efc,100g phần,GRAM,100.0
ed021286-7d36-5101-b60d-3c172710f991,,,8892413d-7c50-545e-bfd1-c694f32e4efc,3.5 oz,GRAM,100.0
e7dc6061-d929-563e-b99a-43cc47b2d91e,,,7961db8b-566a-55f1-9ca1-7d03c66d319f,100g phần,GRAM,100.0
999b1f6b-c8bd-5fdd-9aa2-7a9c02d750bf,,,7961db8b-566a-55f1-9ca1-7d03c66d319f,1 plate,GRAM,300.0
6e8c604c-8bea-575d-bc71-630bfa3c2a68,,,955acb71-42e4-5c72-9e97-173b12ec5f88,100g phần,GRAM,100.0
60a3bfb4-c056-5035-8705-72d8592bd41a,,,955acb71-42e4-5c72-9e97-173b12ec5f88,1 slice,GRAM,110.0
fd950ce2-a41d-5266-9f19-8e805aa69ae9,,,8db7aeb6-d397-5c0f-8702-a13fe5640bfe,100g phần,GRAM,100.0
d51e6cf1-7b93-570b-9222-ecc0151e9e19,,,8db7aeb6-d397-5c0f-8702-a13fe5640bfe,1 plate,GRAM,500.0
d73612cc-88e6-5efb-ba8a-8f7befcd2aa7,,,97c131b3-49c9-55c0-a43a-7bf8346d16da,100g phần,GRAM,100.0
e9987332-aa0c-5731-8563-abadf4561571,,,97c131b3-49c9-55c0-a43a-7bf8346d16da,2 piece,GRAM,110.0
050b2520-e2b4-5a9f-9025-70369b9e1b88,,,7863d2b6-3523-5ea6-b422-08e01d643afc,100g phần,GRAM,100.0
a787f3cb-ebf3-504b-b012-ef09a977f83b,,,7863d2b6-3523-5ea6-b422-08e01d643afc,3.5 oz,GRAM,100.0
741b0cc9-744f-507d-b86b-25cc158aa139,,,0c9cb662-ea58-5bc8-9d30-8315f18f1455,100g phần,GRAM,100.0
18f3d6ff-771b-5f4f-a66a-c320464d2ce5,,,0c9cb662-ea58-5bc8-9d30-8315f18f1455,1 pupusa,GRAM,150.0
db193e77-5a56-5d55-aae1-c0b4c05ec685,,,4312e3f6-f8d7-54d7-a531-e3f9ca7a0ee5,100g phần,GRAM,100.0
bf85ed63-0128-5532-8724-6a23840689a4,,,4312e3f6-f8d7-54d7-a531-e3f9ca7a0ee5,1 bowl,GRAM,350.0
077f45dd-75f0-58ff-b38d-f65481a577bf,,,557fce64-911d-516b-9a93-d0dececfba31,100g phần,GRAM,100.0
e39cdb2e-dc08-514a-aee4-353dba50ca7d,,,557fce64-911d-516b-9a93-d0dececfba31,1 cup,GRAM,240.0
95ea90bd-017f-5158-bbc0-cf71aab59344,,,b9f694ba-5598-55bd-9c5e-b92ba5a478c9,100g phần,GRAM,100.0
62208eea-224a-5158-be91-84a4fa78fcd2,,,b9f694ba-5598-55bd-9c5e-b92ba5a478c9,1 pita,GRAM,415.0
26104873-8439-5f14-9693-30a84a353d73,,,a06a27ac-0f93-5bd5-abe4-06802dc3c985,100g phần,GRAM,100.0
d76a1b27-8d1c-5ef7-92e6-1274a9e3c4ab,,,a06a27ac-0f93-5bd5-abe4-06802dc3c985,1 fritter,GRAM,70.0
7c638f9e-9537-5ecf-847c-b0cd12b106a7,,,ae67006e-a422-5a44-a49c-f5904f5f847c,100g phần,GRAM,100.0
5023d631-db38-5565-94e9-5171b7b040a4,,,ae67006e-a422-5a44-a49c-f5904f5f847c,1 empanadilla,GRAM,100.0
57552f25-4bc3-52ba-9411-31bed002c8c5,,,18d832f1-d9d7-5c93-91ed-8525f96e09dc,100g phần,GRAM,100.0
f31ac68e-f1e2-510f-80ca-07385ac1d4a9,,,18d832f1-d9d7-5c93-91ed-8525f96e09dc,16 oz,GRAM,473.0
6a01e10a-498b-56ae-9722-2abc8e521974,,,9087aca7-394e-5cf2-81a9-801a09c746bb,100g phần,GRAM,100.0
6caee7ce-2140-5315-9d80-ce1f5cbdc8c1,,,9087aca7-394e-5cf2-81a9-801a09c746bb,1 plate,GRAM,350.0
c0cd9f46-6c4f-5711-8e62-a2e9afa92b70,,,8146363a-89e0-57f0-bfbb-e0244720502f,100g phần,GRAM,100.0
beeaa105-ee01-566b-8d59-64d293931e88,,,8146363a-89e0-57f0-bfbb-e0244720502f,2 cigar,GRAM,44.0
cf7e15b1-f6ac-5c1f-8afa-f305e9894f89,,,8a0a28db-39cf-578b-9a8b-606279b92aa3,100g phần,GRAM,100.0
f53b568e-4257-5780-9abf-da92ac049195,,,8a0a28db-39cf-578b-9a8b-606279b92aa3,1 cup,GRAM,90.0
03cbd351-83a5-5b89-b544-3d3491dbef15,,,f174efe0-3cea-5154-987f-0f026c9e92cb,100g phần,GRAM,100.0
30e99d1d-79f9-5479-b0c9-66b2ad8f869f,,,f174efe0-3cea-5154-987f-0f026c9e92cb,3 piece,GRAM,75.0
dc75c2db-9715-5097-a807-2d72160c9a76,,,b7b56513-9fd5-59dd-9b5b-db3f18c846e0,100g phần,GRAM,100.0
19981bc9-4cad-5c9b-8873-2a433b1b520e,,,b7b56513-9fd5-59dd-9b5b-db3f18c846e0,1 piece,GRAM,35.0
fac719e5-d1ca-5c9e-be7a-f0248fcebd1a,,,f013cc5b-0e54-5a2d-8343-22ed41667a4d,100g phần,GRAM,100.0
4d599ab7-6980-522a-9164-202879d16080,,,f013cc5b-0e54-5a2d-8343-22ed41667a4d,16 fl oz,GRAM,473.0
3fc803f0-6214-563f-8c0d-069d1564ee2b,,,26b581e3-f295-5364-8919-c813ed62ed9c,100g phần,GRAM,100.0
c13b5cac-c4ba-5a89-ad9f-4c9f7849b2f7,,,26b581e3-f295-5364-8919-c813ed62ed9c,1 glass,GRAM,250.0
88cf6f60-432b-572f-b563-1315b8e7cba9,,,51b81523-2553-570a-8875-8ffcc6c88002,100g phần,GRAM,100.0
e4d5b317-a368-56a4-9e5c-dc40afe70a50,,,51b81523-2553-570a-8875-8ffcc6c88002,3 tostada,GRAM,230.0
1155f2f9-eb6c-5991-885b-f07ca4f24a3a,,,6bbb1f67-e137-5c41-b36b-0b074d883dcb,100g phần,GRAM,100.0
e3036090-1163-55ed-9961-87f12bfb43ec,,,6bbb1f67-e137-5c41-b36b-0b074d883dcb,1 burrito,GRAM,350.0
3c11bf4a-c505-5de6-8f34-a6e2f9ddd95e,,,3938eb18-51f4-5b4e-8a7d-be452c4d4eac,100g phần,GRAM,100.0
d30da8a1-030b-5d04-b654-b7a970fe6328,,,3938eb18-51f4-5b4e-8a7d-be452c4d4eac,1 slice,GRAM,100.0
74f15e23-70b5-53ea-94fe-79b27e022142,,,e457c653-19a6-570c-bf08-f01dadf986c2,100g phần,GRAM,100.0
d6de9670-6ad6-5db5-a4ec-2d6215ebae26,,,e457c653-19a6-570c-bf08-f01dadf986c2,1 plate,GRAM,350.0
8bff6265-9831-5d6a-b2fa-9cc75ce0f853,,,c5f30328-b1b0-5350-b7f0-a359542949d0,100g phần,GRAM,100.0
13acaa76-79c5-530b-b000-9bb351ee97de,,,c5f30328-b1b0-5350-b7f0-a359542949d0,1 bowl,GRAM,500.0
3be309a9-18ff-55eb-9740-aae5731a89de,,,afd286da-7fca-5e36-9556-3b222644be40,100g phần,GRAM,100.0
b4c9a8a5-19bc-59d7-9a86-a501830917cf,,,afd286da-7fca-5e36-9556-3b222644be40,1 plate,GRAM,300.0
af03ef2a-9b7a-529f-8c94-3cc96fd439a5,,,b9d64198-dd00-51b7-bb52-c70f5defed57,100g phần,GRAM,100.0
01672267-0e68-505d-9198-f00d0360e12c,,,b9d64198-dd00-51b7-bb52-c70f5defed57,1 slice,GRAM,80.0
f20e703f-110e-5f0b-83ba-de4c94035345,,,efdf92ea-7647-5d2a-a6b7-a3ae15219bc9,100g phần,GRAM,100.0
a838fc0f-afef-518f-9a9a-415dbf264dc8,,,efdf92ea-7647-5d2a-a6b7-a3ae15219bc9,6 oz,GRAM,170.0
d2ab92d1-f24d-5e24-9394-54be5cf0d4d6,,,51a1fdca-e157-596a-99a6-336d0b04eb67,100g phần,GRAM,100.0
90376b7d-2d82-58bc-84a8-3bfa57bc55b0,,,51a1fdca-e157-596a-99a6-336d0b04eb67,1 cup,GRAM,233.0
71a5d6db-aa33-52ab-9ad8-eea9170ed1c5,,,024b11ac-f46b-5a25-a7a1-747fe1f7ea60,100g phần,GRAM,100.0
b7e9edf0-d738-5d92-9eb3-49b01c078d7e,,,024b11ac-f46b-5a25-a7a1-747fe1f7ea60,1 bowl,GRAM,400.0
71afabeb-e3e8-5e6e-afec-dfe6164f3ddc,,,42d79cd0-f60d-50e6-a3f5-f0b4700c3ae5,100g phần,GRAM,100.0
80868bd7-ed0a-5c71-ab59-acd024d55de6,,,42d79cd0-f60d-50e6-a3f5-f0b4700c3ae5,1 ear,GRAM,100.0
363a6b37-a765-5b7a-9b03-f4ffe5ada6d9,,,a848b488-0811-5ad0-b046-d8da0dbb4733,100g phần,GRAM,100.0
ebcf0979-3892-5507-82de-c28ad44c64ac,,,a848b488-0811-5ad0-b046-d8da0dbb4733,8 oz,GRAM,235.0
87dbe35e-293d-5796-a126-d63b9aa3f970,,,4b0b9f86-4c85-5485-bba8-6b5da33ff080,100g phần,GRAM,100.0
79f35552-ac9f-5d1a-bc11-6fc393a6ce1f,,,4b0b9f86-4c85-5485-bba8-6b5da33ff080,1 plate,GRAM,250.0
4225c050-b154-584e-a63f-ac6d7adc078f,,,f6e18ace-0481-5504-97de-a7e73ffceb23,100g phần,GRAM,100.0
afe9daa7-aa13-5cef-88dd-2bbb7aa116f0,,,f6e18ace-0481-5504-97de-a7e73ffceb23,1 wrap,GRAM,250.0
a50d090c-9a46-54c7-97fc-a01516d77976,,,202c1b2d-6ee0-55a5-9311-f145be97ae97,100g phần,GRAM,100.0
e259f1ce-3c24-5c6e-a1c9-418163c1ef56,,,202c1b2d-6ee0-55a5-9311-f145be97ae97,1 plate,GRAM,250.0
14307393-96fe-5b1e-ad88-4928b98e9e2f,,,31c92ff2-563d-53c7-bc63-4822c344e449,100g phần,GRAM,100.0
87de5c4b-799a-5966-adbd-5506d931179f,,,31c92ff2-563d-53c7-bc63-4822c344e449,1 shot,GRAM,30.0
7ecbbf93-414b-5fa1-bbb6-60b65e8079a4,,,e790d205-6f3d-5569-bf51-43a8779dc506,100g phần,GRAM,100.0
78076b1a-7d43-553c-af41-3ecbfcf5a88d,,,e790d205-6f3d-5569-bf51-43a8779dc506,1 plate,GRAM,400.0
9193862c-d953-5c49-991f-27acec90da86,,,246540c4-75bb-51e6-a97f-80e8ef61b6e9,100g phần,GRAM,100.0
cc88c551-ffe6-519b-9025-7ec044a5809f,,,246540c4-75bb-51e6-a97f-80e8ef61b6e9,12 fl oz,GRAM,355.0
dd37aa05-fccd-5b5a-bb78-76be3997e5f3,,,c6005cf8-74ff-53da-a4d7-2f749f5f0b8e,100g phần,GRAM,100.0
71c47d0b-05e0-530b-a61c-a9b45e996dbc,,,c6005cf8-74ff-53da-a4d7-2f749f5f0b8e,1 piece,GRAM,30.0
c63100a0-1d49-5c16-8046-f8456f9d0eee,,,be147c59-89dd-5df1-9dfa-e3731d0f0ab8,100g phần,GRAM,100.0
f3ee044e-7d8c-5683-b588-00c90711e514,,,be147c59-89dd-5df1-9dfa-e3731d0f0ab8,1 cup,GRAM,250.0
6942fa75-767f-54b7-a023-278fbabaf7c0,,,213b1898-980c-5b1d-9276-7a54104d228c,100g phần,GRAM,100.0
b9a91bc5-4c93-5d3d-b376-e0385402c3df,,,213b1898-980c-5b1d-9276-7a54104d228c,1 bowl,GRAM,375.0
e532ec26-d15c-58c7-a6b1-ac16020ef113,,,780fc929-48dc-5d09-9d7d-65b3cc2a7614,100g phần,GRAM,100.0
afc27450-4e7f-5b83-9f42-fac201b0c15e,,,780fc929-48dc-5d09-9d7d-65b3cc2a7614,1 plate,GRAM,300.0
4b426a17-52ef-5d6d-854a-04e4329407d7,,,a02bbf55-a447-51b4-8e6f-9423442f9822,100g phần,GRAM,100.0
4e506420-85da-56a3-a023-0db5629913dc,,,a02bbf55-a447-51b4-8e6f-9423442f9822,1 plate,GRAM,236.0
d422b621-edbf-56af-9725-7ce2b077af35,,,24eae2a5-903e-5d72-adeb-4cf8a56fa6f9,100g phần,GRAM,100.0
1205ced5-40c9-5ccf-9596-dd2ca5beaf35,,,24eae2a5-903e-5d72-adeb-4cf8a56fa6f9,1 plate,GRAM,200.0
c96650ff-5df3-5bbd-a0dc-e40c9aafcc0c,,,1a315c78-4bef-5c1c-bd5e-e48c402b217f,100g phần,GRAM,100.0
4c3f7468-6426-5fec-a2ed-8a2755f32e2c,,,1a315c78-4bef-5c1c-bd5e-e48c402b217f,4 fl oz,GRAM,120.0
15bff6cd-69bc-58a3-9081-d3ac54431d7d,,,a785e41f-9bb0-51b2-9b5d-7d45e3d77419,100g phần,GRAM,100.0
f9e2e7a3-8932-5746-b21f-087d1932a948,,,a785e41f-9bb0-51b2-9b5d-7d45e3d77419,1 plate,GRAM,350.0
fd157dae-cb0a-5862-9a03-a13f2db36957,,,99cc42e3-68de-5312-9107-75e2543de491,100g phần,GRAM,100.0
078c27b7-82b0-59b5-b5b4-edfc0712f444,,,99cc42e3-68de-5312-9107-75e2543de491,1 wrap,GRAM,150.0
8e312b8a-578a-5fa7-9708-b2fcb589cc49,,,e36bf4ba-a0ed-53dc-9811-113d15855604,100g phần,GRAM,100.0
ececd63c-bd28-57d5-bc97-7fefcc9e8210,,,e36bf4ba-a0ed-53dc-9811-113d15855604,1 cup,GRAM,250.0
f3c9b17c-860b-526c-b5b2-1a6ef92fd1b4,,,3c6ca0e9-4ff6-5cb1-aacb-59357f81c2c1,100g phần,GRAM,100.0
2ebb76a2-b903-53ba-b240-8a0817116f52,,,3c6ca0e9-4ff6-5cb1-aacb-59357f81c2c1,1 cup,GRAM,200.0
66371364-bd48-5d5c-9c98-0451ca202256,,,9509a1ba-c4de-578b-be23-c1d26a50543a,100g phần,GRAM,100.0
25a15250-5884-5776-b6f4-ee3d231ae176,,,9509a1ba-c4de-578b-be23-c1d26a50543a,1 sandwich,GRAM,100.0
b22c9882-cfe7-5dbc-a1ee-415526871201,,,2016c5bf-f2ca-588f-9d79-b1dc85d18f16,100g phần,GRAM,100.0
191271d0-77e5-5130-8685-df0ef5aca45a,,,2016c5bf-f2ca-588f-9d79-b1dc85d18f16,1.5 oz,GRAM,45.0
1a79a732-4059-5f26-8a2f-8a4b1397e8b3,,,fc7b90af-f3d6-513e-a561-1a3062b71185,100g phần,GRAM,100.0
cea017c8-9ae4-5a31-9e7f-8b2f2ea2cbeb,,,fc7b90af-f3d6-513e-a561-1a3062b71185,1 quarter chicken,GRAM,227.0
6b3d043b-3680-5532-8b3d-1b67eca8991b,,,b47fda55-19db-5f79-a46e-205423f0fc8d,100g phần,GRAM,100.0
c62e6951-43d6-5785-bf33-26ea0746edc5,,,b47fda55-19db-5f79-a46e-205423f0fc8d,4 roll,GRAM,120.0
a823dac4-eb9d-56be-9797-7c76045e2427,,,e5a07341-76c0-523e-b92d-dd3386026cc1,100g phần,GRAM,100.0
a5d96ec2-4ce5-5228-86ec-efa88ea8d15b,,,e5a07341-76c0-523e-b92d-dd3386026cc1,1 plate,GRAM,150.0
356c29c1-713c-5bea-b471-1b7adfe1b32f,,,51f583b1-9822-5760-b571-ebb665706c2b,100g phần,GRAM,100.0
846217cb-81c3-5ea2-b8db-10947122ba48,,,51f583b1-9822-5760-b571-ebb665706c2b,1 roll,GRAM,90.0
ff73d4f0-3c9d-54a0-b79c-d451bd1bf5c6,,,6b411ea5-c5b8-55fe-8ea2-90c1d48ffbe8,100g phần,GRAM,100.0
96672111-b9b9-51cd-9b6d-0d2279d01e06,,,6b411ea5-c5b8-55fe-8ea2-90c1d48ffbe8,1 plate,GRAM,220.0
7b840b86-b2f3-5213-b65d-bfabcf3c35f6,,,a6c22713-6290-5f97-b249-2477cc43c30f,100g phần,GRAM,100.0
071c2ace-d90d-5deb-aa63-ec1628201f1a,,,a6c22713-6290-5f97-b249-2477cc43c30f,8 oz,GRAM,230.0
c5b7580f-7597-5ea0-8d58-f560eb8c9a93,,,08192772-73c8-58d1-8684-8be85e6c5380,100g phần,GRAM,100.0
1c0b4b63-17c8-5813-ab86-2f851a70abad,,,08192772-73c8-58d1-8684-8be85e6c5380,1 cup,GRAM,240.0
cf004cd4-1cb2-5145-b6af-78ba965f03e7,,,04e2af63-fbb4-5a55-832e-a78c853785e1,100g phần,GRAM,100.0
fd3d6956-a3d2-5977-b000-339c0f656b3f,,,04e2af63-fbb4-5a55-832e-a78c853785e1,4.4 oz,GRAM,125.0
c27d85a5-6b46-5985-b457-5e3742597671,,,24a17acb-a42e-5d72-ac96-b86d0d39588b,100g phần,GRAM,100.0
f71cbc99-6469-54bb-b72b-1e76fa085395,,,24a17acb-a42e-5d72-ac96-b86d0d39588b,1 piece,GRAM,50.0
4cc4ee78-4114-528c-85a1-a4b3d9b74dd0,,,d7e12640-3873-5598-a00d-08e0f9855b2b,100g phần,GRAM,100.0
ccda918c-1e1c-52d5-90c9-b9de0d1b3154,,,d7e12640-3873-5598-a00d-08e0f9855b2b,2 piece,GRAM,80.0
16906b1a-bf8b-5d1a-b3d0-13bbf8f583a0,,,b66e1b91-23a5-5ab1-accb-c6793bd414d7,100g phần,GRAM,100.0
835eb7ca-47e9-55f8-aa56-4310fe22ca1f,,,b66e1b91-23a5-5ab1-accb-c6793bd414d7,5 scallop,GRAM,125.0
781b0e1d-1db6-5d1e-a790-eb7062659b32,,,b0ae10c4-e37c-59dd-b1e9-6ccc6e83c1d7,100g phần,GRAM,100.0
bde5b83f-16a0-5581-ad0c-07771c810f88,,,b0ae10c4-e37c-59dd-b1e9-6ccc6e83c1d7,1 plate,GRAM,250.0
09710381-ed46-5d3f-95b3-4d3aadb44f5e,,,a76f8659-7efe-5591-8848-3d6b5a8b6150,100g phần,GRAM,100.0
7b2cabfb-714c-5495-9728-171d5a929ddc,,,a76f8659-7efe-5591-8848-3d6b5a8b6150,1 bowl,GRAM,500.0
cc4cfd5f-e5ee-5d31-a52a-84089ea05df7,,,77014380-38eb-51d8-ba0e-2f9fb84e60cf,100g phần,GRAM,100.0
d5062ec2-b03e-5ecb-8f77-d606cc045a21,,,77014380-38eb-51d8-ba0e-2f9fb84e60cf,1 plate,GRAM,300.0
5dad6005-52da-57e4-be81-5ceba7f09f81,,,0b9f4f69-7a71-55ad-9022-a6623eec94ac,100g phần,GRAM,100.0
a6c58769-236b-555e-8ef9-b7afc279e276,,,0b9f4f69-7a71-55ad-9022-a6623eec94ac,1 bowl,GRAM,400.0
b9ccf1ed-2c49-52fe-9358-888a6d1cd9a9,,,52a2e23b-4cd0-5c7d-bd7f-bba817580d07,100g phần,GRAM,100.0
94ff94d8-79b9-521d-b3d0-6cfe4abc0e73,,,52a2e23b-4cd0-5c7d-bd7f-bba817580d07,1.06 oz,GRAM,30.0
8855dfc3-9c94-5bb9-a156-81b528fee29d,,,5b7eb834-b222-5018-8193-f40bfa6897ce,100g phần,GRAM,100.0
e9733d7b-dbdb-50e5-aa40-3c6dc6b0e3dc,,,5b7eb834-b222-5018-8193-f40bfa6897ce,6 dumpling,GRAM,100.0
3906e072-9294-5379-8273-c1b6554ceac6,,,f7648d7e-0a22-5f16-8214-908ead32696e,100g phần,GRAM,100.0
213e8f2a-4d70-5be4-af41-4d4b555dd816,,,f7648d7e-0a22-5f16-8214-908ead32696e,1 sundae,GRAM,220.0
509b3e8c-d5bc-5da1-a31d-b403b4440038,,,0044230b-6e79-5bd6-adf7-9da3e5805142,100g phần,GRAM,100.0
1661d36d-b01c-564c-8044-6688043f4ca3,,,0044230b-6e79-5bd6-adf7-9da3e5805142,1 plate,GRAM,238.0
5f2104a1-7a24-5642-b2dd-0a7290df082b,,,1860f1e9-c54f-5288-98fc-79aecefcedb0,100g phần,GRAM,100.0
107f0e61-614a-57dd-9799-302f95debf9e,,,1860f1e9-c54f-5288-98fc-79aecefcedb0,1 cup,GRAM,238.0
c736765d-1a42-5c1b-9615-3f01940cee15,,,0e02b1c4-1100-5ea9-a781-e538fc5c5646,100g phần,GRAM,100.0
a525bec5-e04e-5fb0-af27-c539284bfecc,,,0e02b1c4-1100-5ea9-a781-e538fc5c5646,3 stick,GRAM,100.0
807ec775-a92b-59d1-b623-23df4719c581,,,765b0601-d042-5017-97a6-b820e5cdb209,100g phần,GRAM,100.0
f310afc0-0092-5646-ab50-d89aa4b1f2a6,,,765b0601-d042-5017-97a6-b820e5cdb209,1 cup,GRAM,237.0
4dea6238-fa54-5780-b17e-91cb38a72e5b,,,47c2309f-44ab-5a89-92ff-039b7883fe5b,100g phần,GRAM,100.0
10261f07-22df-51b0-b5ce-3ac4ca3ddae3,,,47c2309f-44ab-5a89-92ff-039b7883fe5b,1 plate,GRAM,400.0
9d03ad76-3e4a-57c3-bc88-0cf580d5e443,,,2a91d5c7-963e-547b-b175-5fb97043bac3,100g phần,GRAM,100.0
64fe44bc-7715-5764-a768-1493caf807d8,,,2a91d5c7-963e-547b-b175-5fb97043bac3,1 plate,GRAM,300.0
de975f72-1de2-59dd-b9ac-77a4edcff18f,,,e3d871b1-0a94-5653-ae2c-7bba0d834c73,100g phần,GRAM,100.0
0c0b8afd-00a0-5890-bae5-2d5822b90fd1,,,e3d871b1-0a94-5653-ae2c-7bba0d834c73,1 tamale,GRAM,142.0
7afb2f7d-d9bb-5001-85e0-cb7917ca1652,,,cc10d567-a56f-5cbe-8716-f71d8436bf58,100g phần,GRAM,100.0
e29d30aa-f6cc-5ad1-a8ff-33e973127f75,,,cc10d567-a56f-5cbe-8716-f71d8436bf58,6 oz,GRAM,170.0
8ddfdb80-17a4-5d39-8d04-d201fef19f6f,,,814f04d1-c55b-54b5-9683-431befeee001,100g phần,GRAM,100.0
9c8598a2-45d0-53c1-bc16-209b4fa998d7,,,814f04d1-c55b-54b5-9683-431befeee001,1 link,GRAM,71.0
530871e6-6b6e-5dff-8134-b13e5493ecdc,,,c369037a-db83-513c-807e-110de1f2bd2c,100g phần,GRAM,100.0
53833b39-dec0-551c-bf54-ad4b5e394e36,,,c369037a-db83-513c-807e-110de1f2bd2c,1 plate,GRAM,235.0
b694d7c5-3043-51c4-b3fe-d3ca9818d726,,,6e2e636b-7d98-5db2-ad64-5266d1cf134a,100g phần,GRAM,100.0
68177aac-e980-5e0d-8fa2-4f4900a2b774,,,6e2e636b-7d98-5db2-ad64-5266d1cf134a,1 cup,GRAM,200.0
20a08a12-d2cf-58c0-92f4-ae9c6a6546be,,,c46f1abc-1706-55c2-8041-955e56545914,100g phần,GRAM,100.0
7a8ec454-e87f-5b91-a891-94c095fdfe23,,,c46f1abc-1706-55c2-8041-955e56545914,1 plate,GRAM,168.0
62058d43-935f-52ae-8c48-874d7ac34c84,,,9aa46313-37ae-5c1f-98e7-52ebf3c1798d,100g phần,GRAM,100.0
f7174176-13d2-52aa-98c0-fcf81ab2222c,,,9aa46313-37ae-5c1f-98e7-52ebf3c1798d,5.3 oz,GRAM,150.0
ead59496-b90a-5ad1-9666-ea4f541785ab,,,7296b6f2-435d-5f35-90ca-2f5a70ecfa1b,100g phần,GRAM,100.0
c024ae29-d94d-5982-b3dc-f7d2eb15294d,,,7296b6f2-435d-5f35-90ca-2f5a70ecfa1b,1 plate,GRAM,300.0
f2273d3d-992b-55eb-a67f-7b127d648e80,,,adc378c7-89ba-5851-871e-164f96015747,100g phần,GRAM,100.0
f89498b7-2aa1-56c7-9e23-c6e1bd63c8a2,,,adc378c7-89ba-5851-871e-164f96015747,14 oz,GRAM,400.0
239491ca-2de2-5497-b1b4-3afa0daff777,,,b4c5dacc-ad2e-5c43-a757-3d3b738bfbf5,100g phần,GRAM,100.0
11a5b458-45fd-58a8-9879-418ee90a3a15,,,b4c5dacc-ad2e-5c43-a757-3d3b738bfbf5,1 oz,GRAM,28.0
76e25e6c-8fa2-5afc-877d-7bade2de65a7,,,30447f65-349d-5e44-ae6f-a22b1912dff5,100g phần,GRAM,100.0
77dd3b7d-2422-5b1b-99d5-6adbe2b31cfe,,,30447f65-349d-5e44-ae6f-a22b1912dff5,3 oz,GRAM,84.0
23523950-de3c-568e-8190-3607345720f8,,,bacf6190-3c8b-5a48-a26f-6fe7495beb8a,100g phần,GRAM,100.0
9255641b-c636-5eb1-88ac-d2c5286fdc0f,,,bacf6190-3c8b-5a48-a26f-6fe7495beb8a,1 sandwich,GRAM,200.0
dfa5efb3-8b2d-52f3-a123-85ab6c7212bb,,,267e131d-4002-5f8d-894c-080f74345f2e,100g phần,GRAM,100.0
69ff259e-fb77-59d6-88e6-aee5b79f4a28,,,267e131d-4002-5f8d-894c-080f74345f2e,1 link,GRAM,42.0
c37df3f6-4eb3-504c-9999-dc321dd99a5a,,,7503e002-dc17-5fc8-bbef-0680b77c95ab,100g phần,GRAM,100.0
ec024e5a-f4c1-55d5-a851-7e04769fe643,,,7503e002-dc17-5fc8-bbef-0680b77c95ab,1 bowl,GRAM,350.0
317e6b0c-0686-5ed2-ae28-48c503fc6ff2,,,47eeda98-5a76-5003-8767-de73817467b3,100g phần,GRAM,100.0
69ad6c72-b858-5166-aa02-99f245e3269f,,,47eeda98-5a76-5003-8767-de73817467b3,1 plate,GRAM,431.0
849a5580-4ce4-5918-8b6c-d25bba90c0ce,,,a7c15fc1-d421-54bb-b622-9d5b80ed49fe,100g phần,GRAM,100.0
717c7c9f-713f-515c-a87e-bb78d21fa7f6,,,a7c15fc1-d421-54bb-b622-9d5b80ed49fe,1 bowl,GRAM,250.0
d2e9acd0-897e-5886-aa35-b915b9dfc77b,,,adb7d3e7-f06a-5d6f-aaa2-9f2608ef7d41,100g phần,GRAM,100.0
4f630ef6-9aef-5781-aebc-68819b7b65c3,,,adb7d3e7-f06a-5d6f-aaa2-9f2608ef7d41,1 bowl,GRAM,350.0
e25e2c90-ad6a-5b49-bd35-e0fcb71cc095,,,eb22236b-f19a-51e0-83fb-e7bf53453e89,100g phần,GRAM,100.0
1c29b973-71ad-5609-8a12-5a1305e36fac,,,eb22236b-f19a-51e0-83fb-e7bf53453e89,1 cup,GRAM,240.0
baa1f66e-d272-5eae-a130-1b98e1f06260,,,11f3d844-74f9-54e4-8d12-1a2ade996e74,100g phần,GRAM,100.0
25207366-a027-5359-be26-48a44f1e96a6,,,11f3d844-74f9-54e4-8d12-1a2ade996e74,1 cube,GRAM,30.0
1158185f-bd11-585a-ada4-01e569b32758,,,c438be7f-36c3-54d8-822f-16d91482763e,100g phần,GRAM,100.0
927058ed-2ee1-5ed2-adc1-78459b280a93,,,c438be7f-36c3-54d8-822f-16d91482763e,1 ear,GRAM,140.0
0d9dfefd-a697-5a44-b2f6-143f579d5779,,,f39b502f-b2b5-589a-9d47-95fd36bac80d,100g phần,GRAM,100.0
f1f591e7-53d1-5c75-a716-b0c2291bbf66,,,f39b502f-b2b5-589a-9d47-95fd36bac80d,1 plate,GRAM,400.0
55a260cc-8ad2-53b2-951a-67c0bd8c20a8,,,99151a2b-9462-5229-a2c3-a6fc05254be6,100g phần,GRAM,100.0
3936f941-3b90-5a1b-9218-9566eb2605b8,,,99151a2b-9462-5229-a2c3-a6fc05254be6,1 bowl,GRAM,500.0
0efc073c-e5cb-5859-a19c-123d952a9044,,,8277fa6a-243b-503c-97c1-1821979290fe,100g phần,GRAM,100.0
8c7d3759-1d11-524f-a33c-c920fea09e65,,,8277fa6a-243b-503c-97c1-1821979290fe,1 pizza,GRAM,180.0
2626383a-3f40-5118-a19b-caec4f66b6f7,,,49200cfb-21f2-5180-aa93-62e9a145322d,100g phần,GRAM,100.0
70e3321d-18b5-58f9-9cb6-a56110e75367,,,49200cfb-21f2-5180-aa93-62e9a145322d,1 slice,GRAM,150.0
fdd90899-eb09-57cb-8dec-5c5d91a6d089,,,3d917eec-3890-572e-9f2f-f7bbdff3c873,100g phần,GRAM,100.0
7bf79500-e5c7-589e-8646-803d47ec0fae,,,3d917eec-3890-572e-9f2f-f7bbdff3c873,2 fl oz,GRAM,60.0
d2426d0d-154f-5ec7-a1d6-1d54036b5ca9,,,3a3ed924-01e3-5c46-8d05-ebdded026619,100g phần,GRAM,100.0
1d4690bc-17e4-5dcc-a20b-9bff57ab051f,,,3a3ed924-01e3-5c46-8d05-ebdded026619,1 cup,GRAM,214.0
006d587f-5bc1-597c-888f-6b6c88efda34,,,b452fd64-09a7-58cd-8235-9693c62d274b,100g phần,GRAM,100.0
4effa975-6bb3-55ab-ae27-1c9a306b5641,,,b452fd64-09a7-58cd-8235-9693c62d274b,1 chicken leg,GRAM,216.0
d061bc5e-108d-53e3-ae38-25e23528c7c8,,,664f27ea-2129-50ce-b272-69c1d9bd960c,100g phần,GRAM,100.0
474e030d-db91-5172-9612-5cb171c68692,,,664f27ea-2129-50ce-b272-69c1d9bd960c,8 oz,GRAM,240.0
1129e228-c62e-5519-b530-80a66a665d26,,,262265f6-4761-587d-a5e2-78a65ccd7b81,100g phần,GRAM,100.0
d23910a9-cfd5-5c31-a660-e4e53d64b34e,,,262265f6-4761-587d-a5e2-78a65ccd7b81,1 plate,GRAM,300.0
2be13a01-3aec-5462-bafd-caad2ef0336a,,,33dfb473-6e08-563b-82b0-2e5544147f58,100g phần,GRAM,100.0
b95305c2-9e6d-51d7-b3c7-ac4dea107cb3,,,33dfb473-6e08-563b-82b0-2e5544147f58,1 plate,GRAM,300.0
1f356c5b-8bfd-5aaa-a509-63ab18f858d7,,,006befe5-ac24-5ca9-b318-a61fd0aa6c2b,100g phần,GRAM,100.0
e41e6db6-c8c5-5c7c-86fc-21571bc7153d,,,006befe5-ac24-5ca9-b318-a61fd0aa6c2b,1 wedge,GRAM,75.0
44aff1b3-0787-51c6-8d15-dcbfbf9455d8,,,4bda407c-3bfd-5988-b2da-b06876b6ad18,100g phần,GRAM,100.0
329e9e83-706b-5959-b5b0-760d91ac6184,,,4bda407c-3bfd-5988-b2da-b06876b6ad18,0.5 cup,GRAM,70.0
37950dfd-37c9-5220-a425-55ce7ee3ae7c,,,0924afe1-60e2-5050-9e2c-551734856a2d,100g phần,GRAM,100.0
3ddbef31-3153-5123-9570-4ff9372e214e,,,0924afe1-60e2-5050-9e2c-551734856a2d,2 pastry,GRAM,100.0
e586e13e-1694-5900-8914-62f0362a78f8,,,caf87099-9f10-5976-93d1-90f987fccf58,100g phần,GRAM,100.0
ac3e2187-b025-5391-8700-a0cd6d476c1a,,,caf87099-9f10-5976-93d1-90f987fccf58,1 cup,GRAM,220.0
98358b82-c4fa-57b8-a3f9-121877d9871b,,,9b87dd66-649e-53c3-8345-ebb89c964398,100g phần,GRAM,100.0
8f703c6a-0381-56bf-944a-a42922aaa281,,,9b87dd66-649e-53c3-8345-ebb89c964398,1 plate,GRAM,500.0
49f9bbe5-3eff-5d37-866f-8af7cc8268e6,,,1a400043-3e27-5497-82b6-87050565f859,100g phần,GRAM,100.0
3ebec517-74c2-5efb-8e8e-e006d2f50a40,,,1a400043-3e27-5497-82b6-87050565f859,2 oz,GRAM,56.0
5f8ccc3b-92cb-57ac-885f-3586b601e25b,,,f8591fc1-5489-5a32-ba19-eee4a80fbd70,100g phần,GRAM,100.0
9ab814bb-3815-57e5-8206-49d0b11b1aae,,,f8591fc1-5489-5a32-ba19-eee4a80fbd70,5.3 oz,GRAM,150.0
4f09d204-c37e-5123-ab61-c86eb3ff4acb,,,3543db95-9209-5d85-a34f-1fc7a2f6ae71,100g phần,GRAM,100.0
09759389-f240-5408-a491-8886e7228586,,,3543db95-9209-5d85-a34f-1fc7a2f6ae71,1 plate,GRAM,200.0
e3570f69-d01c-54ba-92fd-021ffed96f32,,,76026616-b6f0-5708-9f69-176f973f94de,100g phần,GRAM,100.0
c145e54c-cde1-5b43-b2e3-55655979a7bb,,,76026616-b6f0-5708-9f69-176f973f94de,4 profiterole,GRAM,50.0
08ffbce0-35b4-5f04-9452-af564b27ff47,,,3a5b0e9e-4ec2-59fc-94a3-e326f71e891d,100g phần,GRAM,100.0
0867fc16-ff35-5a81-98bb-180826206f40,,,3a5b0e9e-4ec2-59fc-94a3-e326f71e891d,16 fl oz,GRAM,473.0
87bc9dcf-adc7-5054-904f-51daff7617a3,,,d75d28fe-df20-558f-8b28-f2c8af423478,100g phần,GRAM,100.0
dbf00a70-a64c-53bd-8290-97c7a5e65e9e,,,d75d28fe-df20-558f-8b28-f2c8af423478,1 cup,GRAM,240.0
4f670f84-b2a6-5a87-b49c-03efdc6ecc2c,,,5c871c27-e82c-569a-9de0-812aec749613,100g phần,GRAM,100.0
1afe5976-2fe2-5290-b981-8f5827203f84,,,5c871c27-e82c-569a-9de0-812aec749613,1 plantain,GRAM,125.0
49f877d6-09af-53af-b87b-ae2fd98f0db4,,,0d94b13c-515f-5fbf-ae38-e7ca77793eca,100g phần,GRAM,100.0
9e400f47-3f8b-5f2b-9dfb-a9325700cadb,,,0d94b13c-515f-5fbf-ae38-e7ca77793eca,1 biscuit,GRAM,238.0
0b2c0c29-b110-5c17-8b6b-06a0001c55fd,,,99dc3c06-3fab-53e6-8bc0-07705300b02d,100g phần,GRAM,100.0
8d399202-5b39-555e-af3f-647f902b46c0,,,99dc3c06-3fab-53e6-8bc0-07705300b02d,1 piece,GRAM,60.0
34519f1c-50df-5b7e-b6f4-adb60d7a2c8a,,,9e1f58ef-f007-591a-8b67-eb173df583c5,100g phần,GRAM,100.0
cf3a55ce-6c6e-5979-ae7b-210b6cb4a166,,,9e1f58ef-f007-591a-8b67-eb173df583c5,1 biscuit,GRAM,100.0
f175e60c-154c-529b-ba64-0306fcadfb19,,,69807fb1-bb6f-5c07-8082-1ace58bf39b1,100g phần,GRAM,100.0
2d23242e-d092-5edb-bc67-72ea4f1cac01,,,69807fb1-bb6f-5c07-8082-1ace58bf39b1,1 piece,GRAM,82.0
d71f1b69-1e86-53be-a1cb-72982a0ee2cf,,,b22846f3-56a5-5c34-ac5e-d474f9e95783,100g phần,GRAM,100.0
31f50de8-9406-5cad-8fab-6f77eedd519f,,,b22846f3-56a5-5c34-ac5e-d474f9e95783,1 piece,GRAM,300.0
4ea000a2-e658-5dc2-9541-f6b72d768122,,,7668b281-f3bd-5776-9523-4883a8aadc15,100g phần,GRAM,100.0
c35a8b8a-2f4a-5da0-82e8-8e8280b7be1f,,,7668b281-f3bd-5776-9523-4883a8aadc15,1.5 oz,GRAM,43.0
0a36006b-2b1f-5ffe-8707-9bba65dbeec6,,,e2e70663-fb26-5dc4-8c2b-d4d8126b6f8a,100g phần,GRAM,100.0
e4c14b45-d9f4-5e5a-8753-55622cd8012c,,,e2e70663-fb26-5dc4-8c2b-d4d8126b6f8a,1 sandwich,GRAM,180.0
0f386b7e-73cd-53f2-902a-e3047de2236d,,,28f5359c-269d-59c3-996c-33478bb41b8e,100g phần,GRAM,100.0
de25665c-282b-5b90-b230-5b3a8ff951e1,,,28f5359c-269d-59c3-996c-33478bb41b8e,1 plate,GRAM,150.0
9ffc4481-04ce-5c19-8a44-614d9d03d23c,,,a5915e4a-e8f0-5af7-a467-a9af7b169753,100g phần,GRAM,100.0
d1eb7212-7423-5b26-912d-50945bfb1836,,,a5915e4a-e8f0-5af7-a467-a9af7b169753,1 piece,GRAM,150.0
3ca428f0-c60d-5c89-9ec8-504421a73584,,,ceef8736-d73b-5880-9c0b-486f31f34d5c,100g phần,GRAM,100.0
d890d465-ffb7-5fda-b606-b7a70a5a37dc,,,ceef8736-d73b-5880-9c0b-486f31f34d5c,3 dumpling,GRAM,100.0
e63c7c95-679a-58fb-8e62-0c54ab03a279,,,b82fd03a-b9d9-519d-bf2f-dcfa12926f26,100g phần,GRAM,100.0
e3a9ba1d-c13f-5233-8d77-d29c5738f7a9,,,b82fd03a-b9d9-519d-bf2f-dcfa12926f26,0.5 cup,GRAM,100.0
3b0cedf1-9a59-5f23-a17b-44a800239215,,,871777b1-c0a2-5419-b009-2a58977f41a2,100g phần,GRAM,100.0
9bda433a-6c75-5920-ba3b-a85ede59ccb9,,,871777b1-c0a2-5419-b009-2a58977f41a2,1 bowl,GRAM,350.0
55055c5f-70b8-5d16-b24b-5dd33df67c02,,,cfffa003-87eb-5faf-bd9d-095b796c8133,100g phần,GRAM,100.0
f264de81-d6c2-5b57-b8bb-77d8e420bc61,,,cfffa003-87eb-5faf-bd9d-095b796c8133,1 cup,GRAM,240.0
099cdda4-500a-598f-b9cf-2507c484ff7f,,,63fdc2e5-294c-5e58-99c1-1e1e2452fc07,100g phần,GRAM,100.0
de8a4167-0fbe-5a64-b90a-8538626a3257,,,63fdc2e5-294c-5e58-99c1-1e1e2452fc07,1 cup,GRAM,235.0
c96d9711-85c9-5cab-83e8-ddb52d706963,,,d89d088e-531f-5e40-ae5a-d0bee9722aba,100g phần,GRAM,100.0
49dd1c16-8d23-5a49-a25b-0a4240c4f661,,,d89d088e-531f-5e40-ae5a-d0bee9722aba,2 piece,GRAM,82.0
6a372a39-4235-5868-8ef5-fb22288e0045,,,eae12926-58a8-5d03-84f0-efbfb9f2fe07,100g phần,GRAM,100.0
8bb6a3b1-6534-5640-a80e-0ef266151d76,,,eae12926-58a8-5d03-84f0-efbfb9f2fe07,1 cup,GRAM,250.0
6a43daff-0642-56da-9ffa-74046b785fff,,,121d6603-acf9-57bd-890f-05c391726a33,100g phần,GRAM,100.0
53283a6f-81e9-5f56-836e-007d6a6d16f9,,,121d6603-acf9-57bd-890f-05c391726a33,1 clam,GRAM,142.0
42e2cd0c-eb23-531f-87dd-2ff95a8ce9f2,,,53e6ae64-7cf3-5b01-bc1d-406f84459d66,100g phần,GRAM,100.0
08b9c178-6785-5490-a9f4-898ad764000b,,,53e6ae64-7cf3-5b01-bc1d-406f84459d66,2 tbsp,GRAM,30.0
d806a114-b22e-5dbf-8a89-5c3e97cb60d9,,,748ed760-96dd-5f34-9bb8-8a6f1f9ce2ed,100g phần,GRAM,100.0
af63aa98-df92-5d85-b6de-99317b3c29bd,,,748ed760-96dd-5f34-9bb8-8a6f1f9ce2ed,0.5 cup,GRAM,100.0
50566ec7-bf35-54af-9b46-8ab1cefe9a68,,,d4f3cc65-2ebc-5e8a-b3d8-bb559c5ed124,100g phần,GRAM,100.0
e58ff2b9-b495-5c54-9143-0961b7000c2c,,,d4f3cc65-2ebc-5e8a-b3d8-bb559c5ed124,1 plate,GRAM,938.0
cf2349f2-4dac-52e0-b504-d9e8c36c08bb,,,ccb4c066-c7be-5444-92cd-a266f6ca3d17,100g phần,GRAM,100.0
d8d49aaa-3e3a-534a-9dc1-44e814c3eaee,,,ccb4c066-c7be-5444-92cd-a266f6ca3d17,5 sardine,GRAM,275.0
fdfe968b-d64f-591a-bf29-94603b1a3ebd,,,d0d39b20-0838-522c-948a-283cd2fa39d4,100g phần,GRAM,100.0
34ca4885-9541-590c-bea9-10052e7f9e60,,,d0d39b20-0838-522c-948a-283cd2fa39d4,1 empanada,GRAM,150.0
4704f385-1531-560a-a3ab-176827016218,,,f0d9f32c-b31a-5dc5-b855-0beee65e10f7,100g phần,GRAM,100.0
191bdb3c-dee3-5094-9f6b-8052cd8c1b46,,,f0d9f32c-b31a-5dc5-b855-0beee65e10f7,1 wrap,GRAM,266.0
97a31d10-0509-54fc-9111-00929873babf,,,38da740c-4956-51e1-aa70-a262234da6a5,100g phần,GRAM,100.0
333d89b5-e032-5336-83fa-f40ded872535,,,38da740c-4956-51e1-aa70-a262234da6a5,1 bowl,GRAM,225.0
039d4584-1008-55ba-8095-07aa4f9031b4,,,3f372609-d03f-5b82-a262-f56dcd43e758,100g phần,GRAM,100.0
4a87706c-697f-5400-8d49-d486010b1e14,,,3f372609-d03f-5b82-a262-f56dcd43e758,1 bowl,GRAM,350.0
40312213-9831-593b-a7e7-d8963d6ddf65,,,11ef0eaf-5e15-538e-b81c-6657ccb2fe5c,100g phần,GRAM,100.0
7c1eea0c-8ba6-5975-8731-563f42128299,,,11ef0eaf-5e15-538e-b81c-6657ccb2fe5c,0.5 calzone,GRAM,300.0
f913fb9a-b104-5449-bcbb-9377053dc21b,,,25e58665-d878-5cce-98f2-2b534cd4777b,100g phần,GRAM,100.0
4924b9e6-f968-5003-b789-5ceb7e1262dc,,,25e58665-d878-5cce-98f2-2b534cd4777b,2 ball,GRAM,100.0
008ead58-5804-59a5-a736-d3f13c364d2f,,,35f1870a-13f8-50b8-b548-74337523ac26,100g phần,GRAM,100.0
bed7e168-8375-5b30-b859-816bdd58cbea,,,35f1870a-13f8-50b8-b548-74337523ac26,1 plate,GRAM,400.0
b2df859e-b37b-5b5f-83ea-ffc917f4aa05,,,dfdbe0f2-36ee-58ba-b4ea-0f50c1dda33d,100g phần,GRAM,100.0
ea6050be-5acf-5d99-9a98-3d3f8bc1960c,,,dfdbe0f2-36ee-58ba-b4ea-0f50c1dda33d,10.6 oz,GRAM,300.0
92a9e88b-7978-53da-a255-fb4012f91ddf,,,4b982faa-839d-5502-b7d0-5bfeaa39643a,100g phần,GRAM,100.0
5a4041bc-8bed-591a-bb70-4cb8139b8ab9,,,4b982faa-839d-5502-b7d0-5bfeaa39643a,1 oz,GRAM,30.0
1471d4d6-5ac8-5a36-9f5c-73c512262436,,,9238e0bd-6fa3-5f91-810d-6a2f505d9fe8,100g phần,GRAM,100.0
edba8868-b55c-59e7-b6f1-f7fb9cbd2f4f,,,9238e0bd-6fa3-5f91-810d-6a2f505d9fe8,1 cup,GRAM,238.0
ae09cd91-0ab1-57f2-a62a-4ad67252113c,,,09830f81-850f-5e0d-a349-c5ddea0d6fc1,100g phần,GRAM,100.0
15b45b50-4064-5b86-bc7a-9a634294f20c,,,09830f81-850f-5e0d-a349-c5ddea0d6fc1,1 sandwich,GRAM,250.0
02d122c0-fd08-53c7-8dd6-2c0d9e222724,,,48015a23-86c1-5423-a306-25c63df73b4c,100g phần,GRAM,100.0
e7bc830f-b662-54ee-8c0b-0c1bea966b95,,,48015a23-86c1-5423-a306-25c63df73b4c,10 fl oz,GRAM,300.0
bc13f4ff-449a-50ab-8368-5ae2b65cb0fb,,,6396d730-31e3-53d7-b4b5-562e5394ed50,100g phần,GRAM,100.0
9acc38fd-32fc-5ce4-ac22-7ba175340de8,,,6396d730-31e3-53d7-b4b5-562e5394ed50,4 oz,GRAM,113.0
ae1faf99-4c3b-5c76-97df-d19dd372e396,,,18b3654f-c687-58d9-8033-4e35d2afe669,100g phần,GRAM,100.0
a22e58b7-0e1d-54bb-9f2e-8e604334aae1,,,18b3654f-c687-58d9-8033-4e35d2afe669,1 piece,GRAM,150.0
be681e5b-a81c-5a69-be33-8e26b378f975,,,e279d444-659b-5ab0-ae33-c17ecd7b9ff0,100g phần,GRAM,100.0
02d192f9-6391-5bb4-8098-661341ac2bbf,,,e279d444-659b-5ab0-ae33-c17ecd7b9ff0,8 oz,GRAM,240.0
9e8785b9-7d2a-5ae9-9d3c-17e5d209d2ca,,,09c12f0a-37a2-5ea1-97a9-32e1f585fae2,100g phần,GRAM,100.0
e8d73c44-e78d-5d3f-986b-56d7b4d285ed,,,09c12f0a-37a2-5ea1-97a9-32e1f585fae2,1 cone,GRAM,220.0
daa621e2-f00b-592b-b597-23ceebf63b40,,,f9f64cc0-2337-5e86-9828-af8a79bf90f1,100g phần,GRAM,100.0
770f8a79-826f-5834-94ce-e3a91de8442d,,,f9f64cc0-2337-5e86-9828-af8a79bf90f1,1 piece,GRAM,100.0
c4320b5e-604b-5cc9-bc06-ed5a698de7e5,,,3624af6c-a02b-589d-aa00-2a76243ac580,100g phần,GRAM,100.0
9d65fa0f-053a-5839-ba23-fe7e0f90fa36,,,3624af6c-a02b-589d-aa00-2a76243ac580,20 oz,GRAM,570.0
d4de9087-891e-5465-b335-1811cb3f2f7b,,,f19ab305-180d-527a-951f-a726dd41ab53,100g phần,GRAM,100.0
1a440219-964e-546d-9231-a823f8e74e78,,,f19ab305-180d-527a-951f-a726dd41ab53,8.5 fl oz,GRAM,250.0
836948f9-1eeb-50c8-9a7a-2fdd37117221,,,75e3b228-e72d-542d-8171-2b55e87c354b,100g phần,GRAM,100.0
ae5257a5-dc4a-5612-8ea8-61afd59e2c0d,,,75e3b228-e72d-542d-8171-2b55e87c354b,1 sub,GRAM,250.0
1724e3ed-3771-5c89-94f3-90eba3d876e3,,,ec2079db-1999-568e-8521-1035b0d97b9f,100g phần,GRAM,100.0
2507f591-e70d-5ab5-b919-c5fd3c8aef76,,,ec2079db-1999-568e-8521-1035b0d97b9f,1 plate,GRAM,400.0
cf717e35-3e3b-525e-8147-100e718c1d49,,,db447c5b-2756-5bad-972b-9f5569b34579,100g phần,GRAM,100.0
ccc5cdb1-5b37-57d3-a1c4-6004cd6054fc,,,db447c5b-2756-5bad-972b-9f5569b34579,1 cup,GRAM,248.0
03f4d9e1-48df-51c6-9cfe-b5072ab6fb8b,,,da19975a-ccd0-5b01-abeb-e399c17951e6,100g phần,GRAM,100.0
86551515-67f0-5eb1-8abc-1d948ad703e5,,,da19975a-ccd0-5b01-abeb-e399c17951e6,1 serving,GRAM,180.0
92041131-a6ce-5c3a-892f-09615d4286d7,,,6f0ed8f3-91a9-5f21-a37d-0f968076ef3e,100g phần,GRAM,100.0
2ccea76a-5810-5804-a119-e33df69792ab,,,6f0ed8f3-91a9-5f21-a37d-0f968076ef3e,6 oz,GRAM,170.0
45f27155-1929-5c92-9fde-ec2b2b2f7df6,,,de2ccb94-41f6-5376-84d7-a6e37beeea5b,100g phần,GRAM,100.0
e06d5aaf-b78b-5a80-aed0-7f360de0173c,,,de2ccb94-41f6-5376-84d7-a6e37beeea5b,12 oz,GRAM,355.0
1c85568e-8f93-5ffc-803c-f7693576b7db,,,7cd810f8-9d48-50b8-8e0e-6e2d9def9cff,100g phần,GRAM,100.0
e992eb4a-77bb-5bdc-8f91-2463d4eabae6,,,7cd810f8-9d48-50b8-8e0e-6e2d9def9cff,1 sandwich,GRAM,200.0
e3e83479-c5c2-519b-abf2-4a13b727b4b5,,,a9bcc14f-f7cc-54eb-8485-c360f68d8329,100g phần,GRAM,100.0
b00923b0-6205-586a-a869-4f14b23b7687,,,a9bcc14f-f7cc-54eb-8485-c360f68d8329,1 pasty,GRAM,350.0
38b3e5fb-7141-5892-8978-0c92bd22db9f,,,e815a361-fb9b-5344-bca0-0ee7d58be3ad,100g phần,GRAM,100.0
709e200b-d888-5dbe-a5d1-8e31207dae7a,,,e815a361-fb9b-5344-bca0-0ee7d58be3ad,2 dolmade,GRAM,60.0
768d0f80-f1da-5274-a836-1cf6013fc0a2,,,5e25f58b-cea7-522f-ad4a-8d37e6286468,100g phần,GRAM,100.0
28069c04-9a0b-501f-9914-2c9d620948a6,,,5e25f58b-cea7-522f-ad4a-8d37e6286468,1 piece,GRAM,125.0
23a567a3-5641-5c34-a992-c6bf984acaa4,,,62f226f6-41a3-5864-8f7c-6e697c3a3cc2,100g phần,GRAM,100.0
9de44dc0-a3d9-53c6-aceb-1ab08a0dd17d,,,62f226f6-41a3-5864-8f7c-6e697c3a3cc2,3 croquette,GRAM,225.0
e20210e3-4fad-536b-8fbb-3c36f1775603,,,b9c0c59a-bc0c-5afc-89e0-d40931361f5c,100g phần,GRAM,100.0
891d73d6-72f8-57b8-9923-57e69934f7dd,,,b9c0c59a-bc0c-5afc-89e0-d40931361f5c,1 plate,GRAM,210.0
079e9a11-3d2d-52eb-be5b-52e7af70c7de,,,d5bd69a9-ecb0-5dc0-87b4-62d12c20ad67,100g phần,GRAM,100.0
c4de3a6a-712b-5bd7-8c92-e20716e405f5,,,d5bd69a9-ecb0-5dc0-87b4-62d12c20ad67,1 plate,GRAM,250.0
5984a31e-6dd2-5a9f-a220-ca50cdb53ef3,,,def0c33c-98ae-5522-a2c6-007341ea012d,100g phần,GRAM,100.0
919ddb64-c73a-5b04-8fd5-6e6849813bf7,,,def0c33c-98ae-5522-a2c6-007341ea012d,2 piece,GRAM,230.0
0089e369-1660-5f50-9244-457eccc1398f,,,8d79a385-a8fc-573c-8c85-480c26b87ef3,100g phần,GRAM,100.0
7cda4e3d-599f-5e06-8678-b0ef6dfad71a,,,8d79a385-a8fc-573c-8c85-480c26b87ef3,1 plate,GRAM,150.0
42361d45-88c3-5ad4-8b1e-64568621169e,,,72b75132-eb54-5a0e-9e2a-46076145d51d,100g phần,GRAM,100.0
020b1e47-3f02-5ab8-b28b-0c9dfd3bb475,,,72b75132-eb54-5a0e-9e2a-46076145d51d,12 fl oz,GRAM,355.0
31f8e205-8997-5a09-b975-48f58d1b6a0b,,,5de1209f-ea26-514c-bd3c-8672fa814b5f,100g phần,GRAM,100.0
6aa3b658-e074-5716-aaed-72380ba7e8dd,,,5de1209f-ea26-514c-bd3c-8672fa814b5f,1 plate,GRAM,470.0
7b2e9177-03e2-508e-b700-6bcf57b43951,,,38a25997-927f-51fd-a6fe-ac2fafbe7279,100g phần,GRAM,100.0
f3bb1547-aab9-53e3-892e-4f66b5691fa7,,,38a25997-927f-51fd-a6fe-ac2fafbe7279,1 cup,GRAM,200.0
766f309d-4dc6-53a7-adfa-792563bb0ef7,,,56a1d137-5ca0-5726-90e8-450fa4cddeb8,100g phần,GRAM,100.0
28b58dca-250e-51c5-b3ff-050211c95857,,,56a1d137-5ca0-5726-90e8-450fa4cddeb8,1 ear,GRAM,237.0
b23f9479-0d1e-5d0b-9d44-5cf9ad1ae6f6,,,7cbc700d-b38d-5367-b3b9-998d00558edd,100g phần,GRAM,100.0
875524cc-25e7-5fb8-ab39-fdb112b835cd,,,7cbc700d-b38d-5367-b3b9-998d00558edd,3 piece,GRAM,75.0
1d0cc74d-ddfd-59e4-b35f-b82c1bde835d,,,12135909-7847-5385-aa09-59e959db4305,100g phần,GRAM,100.0
aa298fdb-b2f7-5c11-bb87-d93fedcbbaef,,,12135909-7847-5385-aa09-59e959db4305,1 plate,GRAM,400.0
d35959fb-b66e-56d6-aadf-e225cbac1011,,,158cc800-3c61-5b89-ab3b-561348d14770,100g phần,GRAM,100.0
109cd89a-d50d-5e88-ba34-d04f4cdc05d7,,,158cc800-3c61-5b89-ab3b-561348d14770,1 cup,GRAM,240.0
9b75444b-7296-54e8-9089-dd9426775e9b,,,ed4c61cd-95e4-5d0f-bbc6-ef8213462ce9,100g phần,GRAM,100.0
eedbc734-49cb-5bde-a4e6-c7bc3e2b6d59,,,ed4c61cd-95e4-5d0f-bbc6-ef8213462ce9,3.5 oz,GRAM,100.0
a1ada77b-8bbd-5c40-b69c-b58c9fc056d7,,,575de20a-feaa-5c04-8768-85612dd127a5,100g phần,GRAM,100.0
ccc35346-f48e-53d2-a62d-874cce478fb2,,,575de20a-feaa-5c04-8768-85612dd127a5,1 piece,GRAM,80.0
bba46f6d-fd83-5333-ab40-4b8e38c3ab9c,,,8d355f7d-2364-5b6f-82e2-56348f53a04b,100g phần,GRAM,100.0
1620fffa-93bc-58b1-bd39-9ae8c5c34e93,,,8d355f7d-2364-5b6f-82e2-56348f53a04b,3 piece,GRAM,100.0
7ef71ee3-28a8-5d00-8ac4-b612483f2f7b,,,b8e99ed4-0956-5c6f-9951-b681b0bd08e2,100g phần,GRAM,100.0
ce0f1bc9-64b0-5888-98c1-d3519fba0550,,,b8e99ed4-0956-5c6f-9951-b681b0bd08e2,16 oz,GRAM,470.0
be0632e8-56e7-56e9-90ae-704e178ba815,,,7c9cde6c-8661-5b2a-905f-d07dad32459e,100g phần,GRAM,100.0
fd0038e7-5359-5532-bd2b-eca1984642ba,,,7c9cde6c-8661-5b2a-905f-d07dad32459e,1 slice,GRAM,100.0
857f4150-b18f-5ed4-816b-548a0700f6f2,,,cc5afe07-591f-59e9-92d8-4f1d14ae2dd2,100g phần,GRAM,100.0
827b068e-bb18-5769-94cc-e34e9ea9f4ae,,,cc5afe07-591f-59e9-92d8-4f1d14ae2dd2,9 oz,GRAM,255.0
7f7534db-1ff9-55c2-9667-edc739cc962b,,,530c9872-a210-5b64-a596-da0662915acc,100g phần,GRAM,100.0
6a237077-2cf7-5307-9480-7416275cd121,,,530c9872-a210-5b64-a596-da0662915acc,1 slice,GRAM,200.0
ca7834c6-ffd3-5412-ac28-0e79a34f134a,,,4c583e64-b843-5917-ba67-02f740738840,100g phần,GRAM,100.0
4f9ee0ac-18ed-55ea-8178-a8c464f4aff5,,,4c583e64-b843-5917-ba67-02f740738840,1 sandwich,GRAM,236.0
cc8fd943-54ba-5dbc-befa-e22006c660ae,,,84d050eb-88af-5363-9214-3a12ff36eabc,100g phần,GRAM,100.0
d9639aa3-128b-544c-9e83-9d2031891079,,,84d050eb-88af-5363-9214-3a12ff36eabc,24 oz,GRAM,710.0
d81d1720-33c9-5aa8-b093-9da0d262675c,,,ecfb1387-4ad5-526b-bace-0ac275777d47,100g phần,GRAM,100.0
281f92ae-7d73-5349-b5a0-afb2b934e4fe,,,ecfb1387-4ad5-526b-bace-0ac275777d47,1 skewer,GRAM,154.0
a7e2bd9e-dbf8-5420-9485-79482bab8c13,,,1efef339-3870-570d-89e8-bad82ff31e0d,100g phần,GRAM,100.0
950c41e3-18f5-520a-ab91-809880e58e01,,,1efef339-3870-570d-89e8-bad82ff31e0d,1 piece,GRAM,120.0
97086b25-3edd-571f-bbc2-95307064a52d,,,335dc0c8-a25f-5144-bef8-efa736b09300,100g phần,GRAM,100.0
8b456a63-7fac-5daf-baa0-66515b6c725c,,,335dc0c8-a25f-5144-bef8-efa736b09300,1 cup,GRAM,260.0
a1120a16-b4d3-5e7e-bbe0-afb61ab3152f,,,570e2d60-b7a8-539b-9393-9b95344bc709,100g phần,GRAM,100.0
7faecc3c-82f3-5636-96a8-0e95524334de,,,570e2d60-b7a8-539b-9393-9b95344bc709,1 cookie,GRAM,25.0
3d82b7d3-d7f2-5e94-b1e5-f09dc284f3db,,,3c7d731b-16e3-503e-862b-70c4c0cd7e07,100g phần,GRAM,100.0
c6036223-6b2c-521f-82a9-0284dcae574c,,,3c7d731b-16e3-503e-862b-70c4c0cd7e07,1 stick,GRAM,28.0
6dd53484-8c00-5755-b2d7-8d1ed95d6ced,,,023b899f-deac-50ee-885c-255100078db2,100g phần,GRAM,100.0
8ac6ba38-05e7-5f4e-aee9-9a7db60e6da7,,,023b899f-deac-50ee-885c-255100078db2,1 bowl,GRAM,551.0
b2434724-91de-5e66-a74f-b1c638915297,,,eda7062f-01f7-5207-b359-90adae3dd25a,100g phần,GRAM,100.0
37740000-74c9-5fa9-959e-fafe327129c6,,,eda7062f-01f7-5207-b359-90adae3dd25a,1 tbsp,GRAM,15.0
f181d527-510a-54c7-a34d-5eefa83797b7,,,297fbc77-5740-5522-9e8b-4c277e8c4356,100g phần,GRAM,100.0
7390be6d-7949-56a4-9c6f-ee5552362faa,,,297fbc77-5740-5522-9e8b-4c277e8c4356,1 plate,GRAM,200.0
b95a6eac-4e5a-5365-b4ca-8b0b34604ad6,,,2b3e07fe-a8b8-5d0c-94f5-4d5d6d98582e,100g phần,GRAM,100.0
655f0421-3851-5704-b742-914b67e4d2d3,,,2b3e07fe-a8b8-5d0c-94f5-4d5d6d98582e,1 cup,GRAM,237.0
313f6f4d-c43b-5932-b780-52db27d75946,,,c6a2dd50-8c27-54b5-8b6b-39105a45bea4,100g phần,GRAM,100.0
d59834df-f969-5c8a-870d-a6739cbcd7f0,,,c6a2dd50-8c27-54b5-8b6b-39105a45bea4,3 oz,GRAM,85.0
efed24ff-bc18-514a-a356-7ce430ad8d75,,,63dbe023-6897-594e-862d-737b237dd55d,100g phần,GRAM,100.0
cc54b5e5-1457-593b-a106-879a472dcead,,,63dbe023-6897-594e-862d-737b237dd55d,1 cup,GRAM,240.0
b052406b-b376-50c8-8f70-0b9e39b1b203,,,2826d9b1-5ccd-53c2-9935-6cc4db41fab5,100g phần,GRAM,100.0
774076b3-cc63-5b34-a683-c9e8c5c75354,,,2826d9b1-5ccd-53c2-9935-6cc4db41fab5,5.3 oz,GRAM,149.0
510ee019-2980-521d-840c-92a3faca17ab,,,6200d4f1-9b73-5de6-8ec0-61f3af499ef7,100g phần,GRAM,100.0
ffd40c36-3a9d-5169-81c7-1291df612d39,,,6200d4f1-9b73-5de6-8ec0-61f3af499ef7,1 bowl,GRAM,500.0
54a4d93a-312a-52b5-8edb-576757c4e5c7,,,54ee9d2d-52bf-5a5b-b0bb-4a1d669d6b48,100g phần,GRAM,100.0
0109bc5b-c15b-5a4b-961f-a37e5a6526b5,,,54ee9d2d-52bf-5a5b-b0bb-4a1d669d6b48,1 tbsp,GRAM,15.0
ac923d73-1ab2-5e14-bfa4-660e8982641e,,,528ce5ad-378b-588e-a7d2-cf7c28ed3cdf,100g phần,GRAM,100.0
7fe439bc-b9b5-52d1-a2ba-71d65c25a0d7,,,528ce5ad-378b-588e-a7d2-cf7c28ed3cdf,3 oz,GRAM,85.0
8fd008c4-5dee-5a1f-99a1-5970c8c18afd,,,ee99c022-e65a-5f6b-a0d8-c352219d5cdc,100g phần,GRAM,100.0
8adbd983-8547-513b-89bc-3af3261988ef,,,ee99c022-e65a-5f6b-a0d8-c352219d5cdc,1 fl oz,GRAM,30.0
6f426de7-c991-5468-8b3e-60810ae80652,,,76cbb162-61dd-5580-9e85-6f68c45022ba,100g phần,GRAM,100.0
e48d953c-3857-5470-8087-0723148ff086,,,76cbb162-61dd-5580-9e85-6f68c45022ba,7 oz,GRAM,59.0
4ce9dc40-747b-534b-961a-ad6386e0edd7,,,343cbed7-c997-55cb-b805-24994c657e92,100g phần,GRAM,100.0
fb256bc9-243f-59de-9233-cb0167ea833f,,,343cbed7-c997-55cb-b805-24994c657e92,6 oz,GRAM,170.0
8a73669b-6290-54c0-a94e-93173651440b,,,af2fb815-59f4-5cd2-8a16-3378fa043da1,100g phần,GRAM,100.0
2a0845ab-320f-5547-a8b3-c35af2ee3d87,,,af2fb815-59f4-5cd2-8a16-3378fa043da1,1 cup,GRAM,200.0
a877d49a-d9ee-5785-a581-492f007c2e5c,,,6aaebe57-9b66-508b-926f-344b2156f151,100g phần,GRAM,100.0
71d099e0-d642-531a-90e9-a132c7fb3913,,,6aaebe57-9b66-508b-926f-344b2156f151,1 sambousak,GRAM,70.0
2c300c8e-6c71-5fcc-8c84-73d03026c8f6,,,3bf668d6-7f6b-5c44-ac13-0eadb5af0fda,100g phần,GRAM,100.0
10684a07-ca01-5177-b67b-0f5da06c8da0,,,3bf668d6-7f6b-5c44-ac13-0eadb5af0fda,1 slider,GRAM,120.0
17f4b8e8-d1a3-5918-b7cb-e560a220fb7a,,,b423f955-df7c-5c85-8813-30f481939d40,100g phần,GRAM,100.0
9cfd2a61-a342-53e3-a5f1-66d026979191,,,b423f955-df7c-5c85-8813-30f481939d40,1 sandwich,GRAM,400.0
e36475e7-913c-5744-afa6-c2f59309757f,,,92e836f5-d450-5f62-b19f-3505b60bb457,100g phần,GRAM,100.0
d7d901a6-ee04-56e0-b93b-660a9a0e3105,,,92e836f5-d450-5f62-b19f-3505b60bb457,1 plate,GRAM,221.0
3a33a671-130b-55a9-a5b4-c133799f8692,,,58147ffe-954a-508f-86e6-241a02b3da34,100g phần,GRAM,100.0
ec1a9e7c-dc2c-5286-b712-d51ed5770a28,,,58147ffe-954a-508f-86e6-241a02b3da34,1 plate,GRAM,125.0
8c9692ea-3d92-5a98-80cd-18f70b35df6f,,,1aa9785f-c751-5285-b886-59ea790aba84,100g phần,GRAM,100.0
8e7f4a2a-c698-599a-8faa-ca6db9517adf,,,1aa9785f-c751-5285-b886-59ea790aba84,1 doughnut,GRAM,90.0
1e1902ef-7b1a-5c90-94e3-97e2b4802580,,,7f49807b-525b-5be6-8a44-22221a1e7bb3,100g phần,GRAM,100.0
8b9d219a-fb89-5ece-a1d2-53900f8dc26e,,,7f49807b-525b-5be6-8a44-22221a1e7bb3,1 plate,GRAM,500.0
fe8f696a-7ef8-5f12-bdc1-e8ebff6a2742,,,0836d2e3-7791-51e5-99e0-e6d9eef95012,100g phần,GRAM,100.0
7b218dde-8d44-55cf-b954-21e88905aa44,,,0836d2e3-7791-51e5-99e0-e6d9eef95012,1 glass,GRAM,200.0
cda4f158-452c-53f1-a6db-50ff9e911191,,,152631b7-9728-5c44-9adb-4e19d5721abc,100g phần,GRAM,100.0
ae14a1d0-084e-5bcb-bf4a-06fc74ed2098,,,152631b7-9728-5c44-9adb-4e19d5721abc,6 oz,GRAM,177.0
792e0f58-4a35-55f7-9fe5-30d0aca8aae0,,,4fa28a2a-947b-51de-9ef0-3f6fe04c0b1e,100g phần,GRAM,100.0
f8b23b9f-8c3a-5e5d-9b5d-9ee36d78b550,,,4fa28a2a-947b-51de-9ef0-3f6fe04c0b1e,1 plate,GRAM,200.0
6e1e186f-24ef-5787-8a55-14cd4be87efa,,,3fd29e76-797b-55f6-8fb0-c4472bbde917,100g phần,GRAM,100.0
1a3b1575-375e-57b8-b553-16c1b4b22e29,,,3fd29e76-797b-55f6-8fb0-c4472bbde917,3 skewer,GRAM,238.0
56b49ab7-856f-56db-9234-c2cbe4a06622,,,56bb03f1-df5a-5ed9-b171-598d48f967e7,100g phần,GRAM,100.0
b3631093-24b2-53e1-aa2d-e20fd2af4813,,,56bb03f1-df5a-5ed9-b171-598d48f967e7,1 plate,GRAM,400.0
52cdf865-6b31-5241-85d7-c3fde858829c,,,e9c143f1-a35d-5ec6-8f49-2c8e7cb88ee2,100g phần,GRAM,100.0
2178a2ec-d7bf-562c-bf42-9de35706cd70,,,e9c143f1-a35d-5ec6-8f49-2c8e7cb88ee2,10 oz,GRAM,283.0
08b7b1db-d066-5d1e-b8aa-e5fe146f97df,,,cb899a13-c9dd-5381-a4d6-0e5a12877106,100g phần,GRAM,100.0
d4a6769b-9ec3-5aa3-b417-39fad4c661d4,,,cb899a13-c9dd-5381-a4d6-0e5a12877106,1 piece,GRAM,27.0
f721fa09-309b-58f4-8c8f-c81d46edd6b7,,,f4b003c3-9fff-53ad-8a7f-b5984e1600e4,100g phần,GRAM,100.0
64785d88-9745-5c25-bef0-f11099dccc8d,,,f4b003c3-9fff-53ad-8a7f-b5984e1600e4,1 sandwich,GRAM,240.0
8a64297f-674b-5be7-84f6-ce4c9e043c83,,,4181ffe2-94e1-570f-8319-59e3fdf317e3,100g phần,GRAM,100.0
e59c044c-a7a1-5569-a95b-45e43586a30a,,,4181ffe2-94e1-570f-8319-59e3fdf317e3,8 fl oz,GRAM,240.0
e3e555bf-b30f-5ad3-bf6d-47fdad76dffd,,,1decd81c-796b-5854-a03e-22330a19c851,100g phần,GRAM,100.0
56bab437-b462-5ef7-a5a8-d1be77526f49,,,1decd81c-796b-5854-a03e-22330a19c851,1 piece,GRAM,113.0
d0e1ee59-6cef-5486-a419-8fb4e810c096,,,1ac1403a-d6f3-58fe-8bce-0ed9220a7d87,100g phần,GRAM,100.0
767f1979-de54-5f07-a2b6-ec6eb1ea71d5,,,1ac1403a-d6f3-58fe-8bce-0ed9220a7d87,1 piece,GRAM,90.0
f20357c7-cb40-52d8-beb8-0d1d5bac2ce6,,,cf3498d1-eace-504a-b229-09d1afbfc98c,100g phần,GRAM,100.0
3bc927ec-db8e-52dd-a8d2-6ad1c0ea0c37,,,cf3498d1-eace-504a-b229-09d1afbfc98c,1 clay pot,GRAM,400.0
c802c2bc-883c-58de-a55e-d17b6f06df7e,,,6b7b887e-589e-5907-a02a-12fe16b234a5,100g phần,GRAM,100.0
fad3d7c9-6557-5ef5-9776-d87ed4aea884,,,6b7b887e-589e-5907-a02a-12fe16b234a5,1 bun,GRAM,238.0
4078f3bf-5f8d-548b-81c7-f207c46fc6a1,,,be993a02-85bc-5eed-8fd1-e58c91885e97,100g phần,GRAM,100.0
a38a8b0f-3ba6-59fe-8c70-0db4a9a8fef4,,,be993a02-85bc-5eed-8fd1-e58c91885e97,1 slice,GRAM,150.0
fcd5ecba-6127-5946-9c2b-d9766b0fe6d8,,,1df6bd50-cf72-5a57-ab78-6259d227a51b,100g phần,GRAM,100.0
236af839-c945-507a-abb8-1aa092920c84,,,1df6bd50-cf72-5a57-ab78-6259d227a51b,10.5 piece,GRAM,150.0
91add75d-0a03-52fc-8bde-fc63a8d8a6d7,,,4f5fb859-5f10-5b4b-ba4f-89e7c996d48d,100g phần,GRAM,100.0
6d55cb16-63bc-5362-a049-f3f919da4ea2,,,4f5fb859-5f10-5b4b-ba4f-89e7c996d48d,1 turnover,GRAM,28.0
43573df6-1167-5e00-94f4-641f6de47073,,,6c1d6a9f-4bd1-5c96-a405-3d33ca7047a3,100g phần,GRAM,100.0
c9619525-ac86-5fad-b840-bde6974e1c98,,,6c1d6a9f-4bd1-5c96-a405-3d33ca7047a3,3.5 oz,GRAM,100.0
76c38838-1aa6-5499-8484-f0ec696d6af9,,,f04eb924-aa9c-5be6-bd53-0b7e40f90f8a,100g phần,GRAM,100.0
a14572db-6a58-5bdc-9e20-e31872d3b2fc,,,f04eb924-aa9c-5be6-bd53-0b7e40f90f8a,1 cup,GRAM,240.0
721d95be-2745-5ee6-95af-0207b1d2f4c9,,,2bbc73e4-41a0-5f86-92ea-8d7d2eea9b7e,100g phần,GRAM,100.0
a8945345-279c-5cda-9762-ed441c765e50,,,2bbc73e4-41a0-5f86-92ea-8d7d2eea9b7e,1 plate,GRAM,300.0
5280d13c-cab0-5f5d-a650-38aec8e0ee3b,,,4fb17513-1a92-5e7c-9b8b-9d9dffd97702,100g phần,GRAM,100.0
342cc884-2287-5c21-a1e3-725b93a9b47e,,,4fb17513-1a92-5e7c-9b8b-9d9dffd97702,1 fish,GRAM,200.0
46852522-74e3-5246-bd04-5ea0c00637d6,,,577e457d-109d-53be-bcc7-0bc7ade5f185,100g phần,GRAM,100.0
f8885212-65d7-51fb-9a00-519eaa4c9d84,,,577e457d-109d-53be-bcc7-0bc7ade5f185,1 bowl,GRAM,350.0
4a6249d1-7f01-5028-a4cd-455c28e5e84a,,,8e82ec82-7b70-50fb-a58b-68eb533abf6d,100g phần,GRAM,100.0
d0033296-af58-5aa1-a4ed-f781fd7e42b0,,,8e82ec82-7b70-50fb-a58b-68eb533abf6d,1 link,GRAM,100.0
98432056-599b-5cfd-91db-f8c3017f213c,,,4a29a487-a87c-5c99-bc35-92a0f6a327f7,100g phần,GRAM,100.0
37c1d7bd-fd8d-5cc4-b375-7daf32b15fb9,,,4a29a487-a87c-5c99-bc35-92a0f6a327f7,1 cup,GRAM,199.0
42d28cc6-9a08-5e9d-8b31-0c120b80c108,,,28697629-4145-5849-acbb-a858304bb071,100g phần,GRAM,100.0
a5ca833e-4ad0-5dc3-9fe6-69a1749fd226,,,28697629-4145-5849-acbb-a858304bb071,3.5 oz,GRAM,100.0
b3db92b3-f084-504b-a403-5059978d977e,,,7bd83527-c193-546b-9e56-adb48d809603,100g phần,GRAM,100.0
2d9910f6-bf39-5f03-8639-024ae7f4c798,,,7bd83527-c193-546b-9e56-adb48d809603,1 wrap,GRAM,275.0
9f65bc19-58d8-5ca0-a22e-d0424f243c97,,,be2cd23b-10e6-575f-a66a-658b17f1a83e,100g phần,GRAM,100.0
213de64d-fc69-5058-98bf-ee72b5a669c5,,,be2cd23b-10e6-575f-a66a-658b17f1a83e,20 fl oz,GRAM,600.0
dccaf433-4872-5bba-ac07-1db3d0650c51,,,1bcd2aee-b527-5f3a-a354-f04cc5f2fd71,100g phần,GRAM,100.0
6a97e616-6f34-5443-ab7a-62e62ad09ba0,,,1bcd2aee-b527-5f3a-a354-f04cc5f2fd71,12 oz,GRAM,340.0
955eeb2b-0367-530a-a1e6-db563d9d6a8a,,,14367b6d-511d-5aa5-b522-5ed3e196f702,100g phần,GRAM,100.0
663667d2-f8d4-543a-b93e-27e87fcaed24,,,14367b6d-511d-5aa5-b522-5ed3e196f702,1 macaroon,GRAM,30.0
a0510eae-05db-5af8-8be8-0c8d5dcf4d9f,,,84ace46a-92a3-5d53-97f9-17a380d1381f,100g phần,GRAM,100.0
322d3a6b-5245-5fcf-8ef4-88f31d2446f8,,,84ace46a-92a3-5d53-97f9-17a380d1381f,1 slice,GRAM,75.0
103fb179-9de3-56a8-ab0d-c7a3a4197cdc,,,9ada8590-841b-58f5-bd7a-6ad6db18ed70,100g phần,GRAM,100.0
510af226-531e-5eb9-ba6d-d454edee5545,,,9ada8590-841b-58f5-bd7a-6ad6db18ed70,1 plate,GRAM,350.0
7f906282-46d0-54c4-b516-a7f71ed32ecf,,,8b40ed44-9d6a-5d92-8ffe-8244acfa5afd,100g phần,GRAM,100.0
b0a17e41-de0d-5577-8608-3f2d845b8be5,,,8b40ed44-9d6a-5d92-8ffe-8244acfa5afd,1 piece,GRAM,40.0
f2995801-d7ae-5d29-bbfd-35dbaf254afb,,,39889c1d-2358-59c3-9120-7ea75298231b,100g phần,GRAM,100.0
81d38d83-f0aa-5652-98c9-e752449def55,,,39889c1d-2358-59c3-9120-7ea75298231b,1 fish,GRAM,250.0
a821cd9e-ee03-5df5-85c8-94a36630b44b,,,83869fa4-72c9-5ff2-8e68-03ebe34aa4ee,100g phần,GRAM,100.0
ae90ecee-c4f2-529a-99a2-e327ab707408,,,83869fa4-72c9-5ff2-8e68-03ebe34aa4ee,1 plate,GRAM,450.0
717c5f44-353f-503f-ba40-e9938d7edadb,,,b7b8ce9a-f5ce-5061-ae0f-4940e306b223,100g phần,GRAM,100.0
2c3a75dc-3de2-5dbc-8db4-e314b953f00e,,,b7b8ce9a-f5ce-5061-ae0f-4940e306b223,13.3 oz,GRAM,378.0
4f3a3271-07f5-5570-b83f-0ddc918257af,,,be0ff637-7690-5174-940b-dc1dc3f0d418,100g phần,GRAM,100.0
6add6e71-b9a7-59b6-9310-730fce9125e5,,,be0ff637-7690-5174-940b-dc1dc3f0d418,1 cup,GRAM,250.0
2d8fc76d-c0c1-5126-aa09-97a530818c02,,,7d1d8251-54e8-548a-9013-8b7a234e5437,100g phần,GRAM,100.0
96b15a2c-d2dc-5243-afa9-a6d4d8e6dc07,,,7d1d8251-54e8-548a-9013-8b7a234e5437,1 plate,GRAM,350.0
df711a39-cd61-542b-9b92-63bbd062498f,,,994c8e5f-daae-5feb-9013-26e324df3b91,100g phần,GRAM,100.0
6cfef6ce-d9b7-5ab5-8f2f-a62bdda0e55d,,,994c8e5f-daae-5feb-9013-26e324df3b91,1 plate,GRAM,235.0
6332b988-8174-5898-b6ef-2c6a8f309832,,,416c1e28-a071-5539-aef2-274d4fefcb03,100g phần,GRAM,100.0
dcff7a26-cce2-5dac-98ca-dc13cbee535a,,,416c1e28-a071-5539-aef2-274d4fefcb03,1 shot,GRAM,45.0
5aa9ade7-2b1c-5d95-a139-30a32a577908,,,09370a3f-0bae-5316-9b73-0ce1890b8bd6,100g phần,GRAM,100.0
d801521b-1452-5ed8-9f02-d7917eb765cb,,,09370a3f-0bae-5316-9b73-0ce1890b8bd6,3.53 oz,GRAM,100.0
c443634f-6fd3-5846-b4aa-89ab6dbd7461,,,57bd21d5-cf72-5919-9b76-a0e55547a585,100g phần,GRAM,100.0
1ef9acc7-504a-5d2a-9380-eb56da082c43,,,57bd21d5-cf72-5919-9b76-a0e55547a585,1 bowl,GRAM,350.0
33d49af6-0ae7-5edc-8037-559cdc83033b,,,540cb2da-e443-5d74-905c-0c856180fe48,100g phần,GRAM,100.0
76b2b64e-5376-558d-a58e-d613716411e8,,,540cb2da-e443-5d74-905c-0c856180fe48,1 bowl,GRAM,250.0
7dd9eeac-10f5-5920-83b9-f528c69b7d93,,,64fd2bae-5858-5d3f-b13d-97fa079aa0ec,100g phần,GRAM,100.0
93973af1-5132-5fb6-8d26-15707b61215b,,,64fd2bae-5858-5d3f-b13d-97fa079aa0ec,1 plate,GRAM,240.0
f6ab3a07-31aa-5f25-8b6e-ebb99cea59a9,,,082cc86e-fbef-5d7c-b7e7-e2cdcfa806cf,100g phần,GRAM,100.0
3496b347-8f68-5ce5-8d07-6333edbe1e44,,,082cc86e-fbef-5d7c-b7e7-e2cdcfa806cf,1 cup,GRAM,240.0
08ab4dcc-6a2c-571a-b3b7-87ede106198a,,,0fd1df0b-fde6-574e-bdb9-bac440eb5be4,100g phần,GRAM,100.0
6de4e9f0-dbf1-5e17-bf4d-51314745870d,,,0fd1df0b-fde6-574e-bdb9-bac440eb5be4,12 fl oz,GRAM,360.0
5d03b220-03ae-5e5d-bc4e-3a4963e67158,,,5214dd16-5d5c-5178-817b-ac4d94a450d5,100g phần,GRAM,100.0
4c9ac6b4-c085-5869-b8c5-11238bedd5d1,,,5214dd16-5d5c-5178-817b-ac4d94a450d5,1 cup,GRAM,200.0
04e35f6d-ddff-548b-8271-3ac2e058f110,,,3b5fe311-65c3-503a-a0bd-3c4336aad7d8,100g phần,GRAM,100.0
d01154e5-8f09-53e5-a597-994096878d8b,,,3b5fe311-65c3-503a-a0bd-3c4336aad7d8,1 cup,GRAM,240.0
11194695-9af1-5376-874d-5afb87e26816,,,618f811b-eb6d-5e46-ad35-0b51e1c0325f,100g phần,GRAM,100.0
2be42dcc-7e08-5f5c-8e5c-933ea78bebeb,,,618f811b-eb6d-5e46-ad35-0b51e1c0325f,1 slice,GRAM,130.0
c93017f7-9122-5271-9fd4-59c9e12913d2,,,bda1519f-b609-5bfc-8d7d-6a30e507dc9d,100g phần,GRAM,100.0
4d854b3c-88c5-5f75-a9e6-4f2a3ba4e994,,,bda1519f-b609-5bfc-8d7d-6a30e507dc9d,1 slice,GRAM,238.0
52a738cb-0367-532f-8f32-29a61f400211,,,dfb5b7d1-3bfc-5b1d-9492-b6576f3dbd59,100g phần,GRAM,100.0
95faf2e6-1d14-576f-b6ad-6cb62af5c5e5,,,dfb5b7d1-3bfc-5b1d-9492-b6576f3dbd59,1 flatbread,GRAM,120.0
d6210dcd-b459-56fa-b7ee-b3bff5a1219c,,,40a919d0-806e-5ed7-9333-72c19476ee97,100g phần,GRAM,100.0
9cee45d6-3c85-5f40-93ac-94c7d6be9af0,,,40a919d0-806e-5ed7-9333-72c19476ee97,1 piece,GRAM,31.0
782a8ca9-098f-5638-8d84-77dc45ecdc02,,,317b09fa-bb4a-518e-b3a6-9a734fd334e8,100g phần,GRAM,100.0
dc9db6e2-79ca-5a81-b796-9816849fa741,,,317b09fa-bb4a-518e-b3a6-9a734fd334e8,1 cup,GRAM,245.0
931fa5e4-b703-552e-bc09-9be42bd74d50,,,ba4c0b0a-5740-507e-a4fd-11b5991ec3bf,100g phần,GRAM,100.0
e56f00c1-cc2d-5114-973d-61026796012d,,,ba4c0b0a-5740-507e-a4fd-11b5991ec3bf,1 pogácsa,GRAM,14.0
a7a6e442-9512-515b-91dc-4e6ef67861de,,,df50cebe-a32d-5347-8305-e8f3bdd0cd20,100g phần,GRAM,100.0
65880669-e5bf-52c6-8961-abc2936b1c66,,,df50cebe-a32d-5347-8305-e8f3bdd0cd20,1 galette,GRAM,240.0
d27259cb-c8fd-5125-81bd-b13d6da2b7ce,,,03a15ca4-10dd-5664-8751-3ae70ba0278a,100g phần,GRAM,100.0
8eb9fe2d-f726-561f-a4c9-9d78c65a2217,,,03a15ca4-10dd-5664-8751-3ae70ba0278a,0.5 bolani,GRAM,64.0
9a82dc6b-0a33-569d-9825-cb5f1c918df0,,,b47d4aa3-7811-5523-80c2-64b42547a046,100g phần,GRAM,100.0
0473ef0c-4f74-5280-be54-a33bb4d5d1a4,,,b47d4aa3-7811-5523-80c2-64b42547a046,1 cup,GRAM,220.0
1c20a5e7-c4cd-593c-8ebb-a5d52f5bf3d5,,,f1e46eed-fc51-5a98-8ad6-c8898602c2e5,100g phần,GRAM,100.0
753d0885-8b9b-53ec-8290-2cf097e6319b,,,f1e46eed-fc51-5a98-8ad6-c8898602c2e5,1 bowl,GRAM,350.0
57a17e23-ba39-5ee8-9996-a711a7239196,,,158bb0da-9a16-5675-9aa7-37647f198739,100g phần,GRAM,100.0
0dd51a4c-8c96-5766-9178-5bf312608439,,,158bb0da-9a16-5675-9aa7-37647f198739,1 bowl,GRAM,350.0
c9757fa6-ff5b-5fc8-a670-5ed7455e3fa9,,,f190bb6e-bb8a-59ac-be62-518946aeddfa,100g phần,GRAM,100.0
8150c2b4-e6e1-52e4-80a6-205b1bcbe1f0,,,f190bb6e-bb8a-59ac-be62-518946aeddfa,1 cup,GRAM,245.0
83a1bf14-987f-5d90-a55d-07dc895409ad,,,307b65e1-bd81-501c-9af6-b4a4f596d7bb,100g phần,GRAM,100.0
01a1f8a4-385b-51a5-b584-df54c62f8c8c,,,307b65e1-bd81-501c-9af6-b4a4f596d7bb,1 plate,GRAM,250.0
d1f8c276-520c-574b-b44a-3b1be4cfeb04,,,f4d3b15a-9eec-5bec-8eb8-bf7dd1e3d628,100g phần,GRAM,100.0
ab1eb32e-e870-5bbf-936b-10e72753b51f,,,f4d3b15a-9eec-5bec-8eb8-bf7dd1e3d628,1 piece,GRAM,150.0
c10495fb-8520-5de5-a914-e3065abde3e4,,,0aa6a2a0-703e-582b-8fa7-509d0f601c90,100g phần,GRAM,100.0
a41a6f78-5d9c-5702-bcf2-3f854bb0d014,,,0aa6a2a0-703e-582b-8fa7-509d0f601c90,1 plate,GRAM,190.0
f254c7d0-a8d2-571c-b301-d364d8eeea69,,,a2d3243f-20db-5e02-8d53-6ddc5d2d4be7,100g phần,GRAM,100.0
de52d1a8-3fc0-5d67-8765-caae3da4e565,,,a2d3243f-20db-5e02-8d53-6ddc5d2d4be7,1 glass,GRAM,250.0
3a398ab1-c528-5ccb-b047-d3674a46f1bc,,,45a51efd-872a-5e52-b06e-4adabe0f463e,100g phần,GRAM,100.0
81335496-f458-5f52-ab40-10328f2a8efc,,,45a51efd-872a-5e52-b06e-4adabe0f463e,3 piece,GRAM,57.0
dc2804bc-b32d-51bb-998a-3b7502d99da6,,,a19f4c40-bb70-51c1-9b31-cbd6260f53f1,100g phần,GRAM,100.0
b8df4b30-9cc6-5da9-a758-b4a0434c6c3c,,,a19f4c40-bb70-51c1-9b31-cbd6260f53f1,1 slice,GRAM,50.0
efc21746-85e2-5e31-9010-93b16619ea49,,,55466310-e96b-5667-90ea-237f04a02209,100g phần,GRAM,100.0
703e4116-2880-5cf3-8399-26ec7c6e5562,,,55466310-e96b-5667-90ea-237f04a02209,2 tbsp,GRAM,30.0
cc27586d-8095-5307-bb5a-d8c19f05b9b9,,,039ab593-4fa0-5f35-8220-327bbe7a3cfd,100g phần,GRAM,100.0
a57ea52b-1217-5ea4-9e6b-5fef32fa645a,,,039ab593-4fa0-5f35-8220-327bbe7a3cfd,1 plate,GRAM,200.0
c340e31a-36ed-5f94-b482-cf346b2dbfc7,,,a6b13b64-b250-5795-b275-199d1a85cb95,100g phần,GRAM,100.0
83ed9dd2-dd6a-5b17-9221-e2435032f365,,,a6b13b64-b250-5795-b275-199d1a85cb95,1 plate,GRAM,450.0
e15f8a0b-5566-5300-919b-025de0d328c7,,,a3633953-e4a2-5b74-96f5-1c717792cea3,100g phần,GRAM,100.0
628c61dc-2df4-550a-8050-8fea091d49b7,,,a3633953-e4a2-5b74-96f5-1c717792cea3,1 cup,GRAM,238.0
06ccc7a3-7c31-5089-9075-158a03c46f70,,,efeb94ea-a8c1-51a0-b077-bb553a61243d,100g phần,GRAM,100.0
1bf0530a-fb6f-5f12-a791-1e58d581b012,,,efeb94ea-a8c1-51a0-b077-bb553a61243d,1 slice,GRAM,125.0
caf2f5e9-667a-50ec-a4e2-470a27ee93c1,,,66d81ce2-1628-5cc9-9c64-b27bdd611ef1,100g phần,GRAM,100.0
ce962d03-27c9-5d0b-a810-dd8f2019d527,,,66d81ce2-1628-5cc9-9c64-b27bdd611ef1,1 bowl,GRAM,400.0
50c19544-ecee-50d6-af09-3fbc63c24574,,,8086666f-01c1-560d-9d94-c2795c04d4ee,100g phần,GRAM,100.0
72378e05-9e10-527d-8354-d84cc4e9762a,,,8086666f-01c1-560d-9d94-c2795c04d4ee,12 oz,GRAM,360.0
3e1c5a32-bbef-5363-bc5d-d0c000c5af3d,,,e37978df-9a5f-5ca4-abc3-09a9cff9004d,100g phần,GRAM,100.0
8ad0c37b-8a90-5bda-86a1-b3ae05c97fe1,,,e37978df-9a5f-5ca4-abc3-09a9cff9004d,1.5 cup,GRAM,375.0
b330e58a-affd-5cc5-8bbb-097634e8696c,,,c6071237-5b02-5add-b01a-1c09a6f2b731,100g phần,GRAM,100.0
200e0e3c-b249-535c-a84e-6dbe0f1c2441,,,c6071237-5b02-5add-b01a-1c09a6f2b731,1 chorreada,GRAM,120.0
29c1d67c-634a-5eaf-81f7-d513e06a0e3e,,,ce4e7cc0-1321-513b-b5b5-587e5a2f50a8,100g phần,GRAM,100.0
54a6cd6c-d41a-556c-a7f9-501ddae5285d,,,ce4e7cc0-1321-513b-b5b5-587e5a2f50a8,1 sandwich,GRAM,200.0
d9857e49-eb4b-5818-863f-414b2ffab3ab,,,d970796e-3b96-556b-9382-374cd83a5d40,100g phần,GRAM,100.0
fa7b22d5-0527-505b-92c8-da8e6d7f7c51,,,d970796e-3b96-556b-9382-374cd83a5d40,1 plate,GRAM,240.0
8354194d-cb01-5fdd-91f5-a920ed53116b,,,43480230-0120-5550-ab8c-2b06860d39b7,100g phần,GRAM,100.0
419bafcd-1ff8-5748-877c-39194792bffc,,,43480230-0120-5550-ab8c-2b06860d39b7,1 slice,GRAM,150.0
9c2d5195-676f-5bbc-bde5-5b5a45139792,,,3a8c5ad1-294f-5b1c-ab57-b7b874e3d4e2,100g phần,GRAM,100.0
8bac0c87-8513-5fa9-b494-00c3a850fc13,,,3a8c5ad1-294f-5b1c-ab57-b7b874e3d4e2,1 plate,GRAM,275.0
8d91a163-f30b-5d4a-874a-2da040e0f815,,,94945e7b-7b77-598c-9813-02d39e8542ce,100g phần,GRAM,100.0
7ba51626-d41a-5a22-9ac1-5a2cf5f9a994,,,94945e7b-7b77-598c-9813-02d39e8542ce,1 bowl,GRAM,238.0
0a6c5ed8-fb14-5c25-b167-81b44233597f,,,a38898c6-6619-530f-ba3e-7eaef1c036a7,100g phần,GRAM,100.0
1224f676-8f14-511c-aad3-a0991f67f0ce,,,a38898c6-6619-530f-ba3e-7eaef1c036a7,1 piece,GRAM,55.0
ab0f3a4d-ee31-513a-9dc6-8a16844f02dd,,,ee912331-21c0-5bbb-a016-0977ce1da7c7,100g phần,GRAM,100.0
cff3ca49-ac47-52e5-8198-c39e680448a1,,,ee912331-21c0-5bbb-a016-0977ce1da7c7,1 plate,GRAM,150.0
7bc1da16-9b40-5f50-a666-cc62d12eeddf,,,2b30459e-062a-5e26-9380-3e4f7323b62c,100g phần,GRAM,100.0
502e5aed-ee7d-5e2f-a14a-f7cc05927d9c,,,2b30459e-062a-5e26-9380-3e4f7323b62c,1 plate,GRAM,300.0
9581ee66-e3bd-51d9-8b14-929ddb15e931,,,21e9ff06-0a7e-5e72-9431-391728b0b416,100g phần,GRAM,100.0
bbea58ef-63c6-5b36-a5e7-7b1f80c042a6,,,21e9ff06-0a7e-5e72-9431-391728b0b416,1 plate,GRAM,400.0
893aefc4-fed7-5e74-94d7-fbaba81d5329,,,010d94c9-753c-5435-be3d-522490dbd4a2,100g phần,GRAM,100.0
11810588-56c3-5d64-a6bb-37d3fabf1810,,,010d94c9-753c-5435-be3d-522490dbd4a2,1 oz,GRAM,28.35
a643a258-0ebe-5521-9142-5b71c3164d00,,,bf28a84a-716e-5001-9386-dde89f45ec23,100g phần,GRAM,100.0
b08215b3-0883-5413-a61c-85033237d76c,,,bf28a84a-716e-5001-9386-dde89f45ec23,1 slice,GRAM,200.0
07638e09-5b50-5119-af5b-0df79d9f7df1,,,9cbfc8d4-7658-5480-bff0-f08e7626d45b,100g phần,GRAM,100.0
7bfddc42-c3ae-5cba-92f0-92ebfb27d5ce,,,9cbfc8d4-7658-5480-bff0-f08e7626d45b,5 fl oz,GRAM,150.0
3131f689-0cdf-50f1-861c-f01a994467e0,,,67802098-2efc-5208-8bc7-ebbb2a3ae498,100g phần,GRAM,100.0
dcca42ba-ef5a-5dfd-b6d2-b2f464545ee3,,,67802098-2efc-5208-8bc7-ebbb2a3ae498,1 sandwich,GRAM,250.0
c762445c-85a0-5c81-84f6-29a759f3b9f8,,,256be738-14b3-5115-a8eb-63c92eebb69d,100g phần,GRAM,100.0
70e3474d-e6a7-5857-99ad-1e50e1b06c47,,,256be738-14b3-5115-a8eb-63c92eebb69d,3 piece,GRAM,240.0
da667e11-3791-5aa8-a115-9f4ec0038bf8,,,bf437dfe-7467-5b2b-befe-91a25543aa9d,100g phần,GRAM,100.0
797dfec9-97b1-50dc-97e8-6bd6c0f73041,,,bf437dfe-7467-5b2b-befe-91a25543aa9d,6.4 oz,GRAM,180.0
660e3fc7-c269-5704-b66c-43d616e35d49,,,36fb1635-a30f-5c87-b19d-d23ac65af3c4,100g phần,GRAM,100.0
4e1598f8-9a3f-5a02-94e8-72d6f58b59f8,,,36fb1635-a30f-5c87-b19d-d23ac65af3c4,1 oz,GRAM,28.0
7b2f3488-3815-5a9c-9b99-6aee2cbdefdd,,,020e0175-2b0d-5758-bf49-6043fc5930c8,100g phần,GRAM,100.0
ef56d0fa-4a3f-56cd-bf78-f91df8e9479a,,,020e0175-2b0d-5758-bf49-6043fc5930c8,2 slice,GRAM,80.0
7455a798-1321-52f7-825d-6f35587b7f59,,,999b1467-0f58-5f4f-8079-5553b1979522,100g phần,GRAM,100.0
a292b3bd-4c66-5b85-bdb9-c1a5fdbd77ad,,,999b1467-0f58-5f4f-8079-5553b1979522,1 cup,GRAM,235.0
b34a9396-7791-535b-916f-75e7eefe40e2,,,fdaea628-71d7-5630-8aa1-f68aaefad548,100g phần,GRAM,100.0
3ec33c27-1488-5f02-b41a-c197818e0b16,,,fdaea628-71d7-5630-8aa1-f68aaefad548,1 cup,GRAM,94.0
19490ae9-1c85-530f-8eba-fcfd28e7d7ee,,,dbc3b2eb-c734-5847-81ef-83f951ef62a9,100g phần,GRAM,100.0
2791b449-a08a-5978-9d59-d84b803c4ea8,,,dbc3b2eb-c734-5847-81ef-83f951ef62a9,1 plate,GRAM,150.0
77bfb5c6-71c4-52c5-801f-2c22a4396251,,,e4f82598-b9ae-5c7f-8b80-ef229bd44785,100g phần,GRAM,100.0
f057e4fc-32fe-52c0-8eae-7b40ecb15cc3,,,e4f82598-b9ae-5c7f-8b80-ef229bd44785,1 pie,GRAM,130.0
85f622d1-2c57-5c23-b90e-604db63c1cdd,,,a8ee5d99-6533-520f-b9e9-7bf18f7254a2,100g phần,GRAM,100.0
19d47f29-d139-5eee-9e73-14a84e0efe2a,,,a8ee5d99-6533-520f-b9e9-7bf18f7254a2,1 cup,GRAM,238.0
75a9e304-414d-52e3-8199-c55c1a94e7df,,,e8c87319-e466-50a1-ae3f-33e7f0c78cb8,100g phần,GRAM,100.0
7042537a-2790-5176-8e3d-78cd31191d0b,,,e8c87319-e466-50a1-ae3f-33e7f0c78cb8,1 pupusa,GRAM,130.0
5214608d-9701-54f4-a91c-e05f3589dade,,,97cc9c91-8358-5f12-891c-54f7c1796ffb,100g phần,GRAM,100.0
467e6803-ef31-5b90-941a-113c6735fd8c,,,97cc9c91-8358-5f12-891c-54f7c1796ffb,1 plate,GRAM,375.0
d729896f-cd6c-5027-b98d-cf85a13713b9,,,151f7700-3ded-583b-9a7d-a4da0599808d,100g phần,GRAM,100.0
f58124b6-041e-5611-9100-ab15818fadab,,,151f7700-3ded-583b-9a7d-a4da0599808d,1 crepe,GRAM,80.0
0b69b9e4-3ee6-5c61-882b-8ecfc24d16df,,,90edc17f-8f3a-5c49-a973-562d98d66c9f,100g phần,GRAM,100.0
f318294a-1c5b-5804-8ac6-8af47aa4d444,,,90edc17f-8f3a-5c49-a973-562d98d66c9f,1 plate,GRAM,400.0
5b414de7-1063-571b-b076-34bcc98c20c0,,,bf0f2f9a-2ffb-59c2-a92e-50f0dc904992,100g phần,GRAM,100.0
ae763611-f154-555b-b8e1-25ed87ecc147,,,bf0f2f9a-2ffb-59c2-a92e-50f0dc904992,21 fl oz,GRAM,620.0
756751ae-8635-50c6-aaef-31e8df7de848,,,5e2b2cf1-4a35-5229-a7d4-a48cbf77a140,100g phần,GRAM,100.0
23f70f3e-6bab-54d4-9dbe-b443439ca190,,,5e2b2cf1-4a35-5229-a7d4-a48cbf77a140,1 slice,GRAM,28.0
1163314d-99ba-5c79-8a47-ef9a4d4fd4a1,,,8ff27f20-3db3-5237-abd8-7d3629f96889,100g phần,GRAM,100.0
ef34ab08-50be-5bb5-bbb9-1ff82defd6a3,,,8ff27f20-3db3-5237-abd8-7d3629f96889,0.5 cup,GRAM,100.0
6d3de2f6-c5c9-5944-b057-2e09ae001529,,,8b69dd58-2eb9-5ce4-b662-6db970594b11,100g phần,GRAM,100.0
d15de7fc-7731-5952-bea5-5019d4648c3f,,,8b69dd58-2eb9-5ce4-b662-6db970594b11,1 plate,GRAM,350.0
147a3504-e6c3-5fe2-aba9-0918828afb9f,,,405065df-35ea-583e-a009-92202ea3c4ce,100g phần,GRAM,100.0
b9e10193-2106-5b13-bcd7-e692e412cdf5,,,405065df-35ea-583e-a009-92202ea3c4ce,1 plate,GRAM,400.0
6a4e8356-425c-5944-8f3b-3fd65f295462,,,c89f7265-1a01-58ea-9ecf-7ff20715df26,100g phần,GRAM,100.0
36299642-a505-536b-95a1-760514ea0431,,,c89f7265-1a01-58ea-9ecf-7ff20715df26,1 crepe,GRAM,238.0
9c9cd2dd-eaa9-528b-8b2d-a37fb9af703e,,,e25278f2-2761-5c45-8568-6ba6c9c60f19,100g phần,GRAM,100.0
7379bc17-5834-529c-af89-8d262b1c691b,,,e25278f2-2761-5c45-8568-6ba6c9c60f19,1.5 cup,GRAM,350.0
323f0247-5abd-59f3-81ac-91c440580005,,,093eb181-eb01-5a1d-a0f3-5abd9d541396,100g phần,GRAM,100.0
a152d441-7281-5542-b0c0-6751123691dd,,,093eb181-eb01-5a1d-a0f3-5abd9d541396,1 plate,GRAM,562.0
f8070965-c7ae-5084-8343-652d0d5b14b1,,,a27d3847-7668-5995-acf2-93aa00d909e0,100g phần,GRAM,100.0
2b8fb027-7848-554b-93b4-604a4c84b2ca,,,a27d3847-7668-5995-acf2-93aa00d909e0,4 oz,GRAM,113.0
6e03d1a9-7c33-514e-8ad3-30d3d30ba016,,,dac2c25e-e496-5d9a-a1e0-2c38c1962afe,100g phần,GRAM,100.0
bea65164-7041-5ae7-95b6-389ceb54ba9b,,,dac2c25e-e496-5d9a-a1e0-2c38c1962afe,1 snow cone,GRAM,230.0
4d546d32-d45c-5727-b616-07245a9a5254,,,288feebf-2d47-5124-a924-f39b4420e46e,100g phần,GRAM,100.0
c84ac97d-9e99-51ff-a3ca-34061175fc50,,,288feebf-2d47-5124-a924-f39b4420e46e,1 plate,GRAM,84.0
0cf92ac6-a2bf-50bb-9d2a-657f1d045c00,,,623f35cd-a83a-5327-a1cf-76cfe1c26dab,100g phần,GRAM,100.0
e71e59fe-1f67-55f9-931f-5d1dddf30fe8,,,623f35cd-a83a-5327-a1cf-76cfe1c26dab,1 cup,GRAM,238.0
2a3c86f8-aa1d-5aa8-865b-fe2eed46b1e1,,,62a53411-10b6-5fb8-a961-620dab2904b5,100g phần,GRAM,100.0
03d60474-e7b3-5bf2-86f4-14160754c0f7,,,62a53411-10b6-5fb8-a961-620dab2904b5,1 truffle,GRAM,45.0
4e21d391-f198-53fb-9f85-d71f81f1d991,,,1e49954c-81ac-5781-bcfa-d4cd94039d74,100g phần,GRAM,100.0
26bf2379-64fd-5cd0-b714-5b081be146b1,,,1e49954c-81ac-5781-bcfa-d4cd94039d74,2 slice,GRAM,150.0
6eabd402-1092-56f6-b0e7-d61f333a4987,,,ad5173f7-11b8-5a83-8a8c-47a744e224b4,100g phần,GRAM,100.0
9ae10fba-3e70-5edc-ac2d-d0c596574237,,,ad5173f7-11b8-5a83-8a8c-47a744e224b4,1 cup,GRAM,240.0
55aefbc2-d517-5e91-9f48-291ac31f11f7,,,9f525203-f1da-5610-983f-9883f3c3255d,100g phần,GRAM,100.0
c42e01bb-2274-5455-be77-22c3a1e99678,,,9f525203-f1da-5610-983f-9883f3c3255d,11.2 fl oz,GRAM,330.0
a3ad4cc5-ecc2-5e5e-8d30-be4b3e749cfc,,,f55b0517-253a-547c-813c-8cbcba76bead,100g phần,GRAM,100.0
543c8bd9-d8cf-526e-bad5-0d675ea28a67,,,f55b0517-253a-547c-813c-8cbcba76bead,1 plate,GRAM,200.0
5623eabb-3bf4-5f78-8281-9015de0f0065,,,e275eb91-1ab9-5f03-af80-cd88bac82cd1,100g phần,GRAM,100.0
d500b04a-0c65-5783-9909-6c6656e06bc2,,,e275eb91-1ab9-5f03-af80-cd88bac82cd1,1 plate,GRAM,235.0
f0ed8f51-4407-5426-a2cd-e64519490461,,,9a3aab44-a70c-55c2-9386-3e07f7bf96f2,100g phần,GRAM,100.0
2afb9719-16b6-5f6a-b0d2-352b3a9e81b3,,,9a3aab44-a70c-55c2-9386-3e07f7bf96f2,1 cup,GRAM,100.0
ff707ffd-e98a-5813-b39a-ce3da592a2d4,,,38916a42-20fb-5d63-a35e-a4e94e509b72,100g phần,GRAM,100.0
47d8dc7c-c768-586e-a41c-1a63e2042a26,,,38916a42-20fb-5d63-a35e-a4e94e509b72,4 pancake,GRAM,300.0
0621fbce-e63c-526e-8991-6ae8977f3c82,,,3f05de51-0831-5078-8dc9-0414ac8dede5,100g phần,GRAM,100.0
ab348765-af0a-5ae3-a5d2-17b2a597f615,,,3f05de51-0831-5078-8dc9-0414ac8dede5,12 fl oz,GRAM,355.0
76cd94d7-7d37-5f77-b814-0839886bde21,,,84bf5ddf-9fad-5407-b857-c380e7ea0f38,100g phần,GRAM,100.0
7c73d73c-080a-542b-ae09-4b74c54b24b3,,,84bf5ddf-9fad-5407-b857-c380e7ea0f38,1 martini,GRAM,90.0
31290b37-cc21-5f94-88e9-1d5a86d2ca40,,,6df4ce0e-0c77-5c0a-8f6b-a925f60c152e,100g phần,GRAM,100.0
dc0c9e85-27c5-595a-ad41-2ba623146c06,,,6df4ce0e-0c77-5c0a-8f6b-a925f60c152e,1 platter,GRAM,200.0
79b2c765-fe3d-55cf-a406-0068becb95b6,,,b89223e2-4ce3-5503-ba4f-ce9dcb783b8c,100g phần,GRAM,100.0
41147bb4-4494-5c9f-8dec-af60ea638bd5,,,b89223e2-4ce3-5503-ba4f-ce9dcb783b8c,1 bowl,GRAM,500.0
34dc6f8e-c4c8-5d6e-8008-76367fe674d7,,,ffdd1cbb-db50-54f1-9abd-6bdb2249527b,100g phần,GRAM,100.0
b476327e-e5b4-5d51-bb7d-a1f0768578a7,,,ffdd1cbb-db50-54f1-9abd-6bdb2249527b,8.4 oz,GRAM,238.0
8aab5491-3640-566f-8975-8a0e4bd1967e,,,bf959818-b090-5e97-ba90-e6a2aa93b3bf,100g phần,GRAM,100.0
86fd4cfb-2bb9-5a6a-a0c7-b0911e7d3984,,,bf959818-b090-5e97-ba90-e6a2aa93b3bf,1 bowl,GRAM,300.0
2ac8f2c6-2843-5d32-a4d9-d7321a57c3ef,,,0ee59e6b-9f18-5fb0-a2be-440bbba7590c,100g phần,GRAM,100.0
a5bc62ab-6767-5a09-bb89-162a8ae629a7,,,0ee59e6b-9f18-5fb0-a2be-440bbba7590c,1 cup,GRAM,240.0
81d79ea4-0948-5974-b3db-4fecb8916a9a,,,5f04f430-ac33-5ab1-9eb3-037e2d5418b7,100g phần,GRAM,100.0
3955d290-92b8-583c-b375-21c457c20bd9,,,5f04f430-ac33-5ab1-9eb3-037e2d5418b7,3 oz,GRAM,85.0
2cb06d7c-4cd7-50cf-9d84-1b482f0770e7,,,ab39c093-59c9-5e68-9672-a36e614d49d4,100g phần,GRAM,100.0
61339f94-44bd-517d-9956-eba4a423eeef,,,ab39c093-59c9-5e68-9672-a36e614d49d4,1 bowl,GRAM,400.0
a38c7dd0-cb09-5afb-9c19-835888fe883d,,,ae3a3522-a62a-533f-8464-54ef5d7e5c09,100g phần,GRAM,100.0
0c5e4d6a-c269-5db7-8d22-96e2a5c31991,,,ae3a3522-a62a-533f-8464-54ef5d7e5c09,2 oz,GRAM,56.0
2107268b-3dd9-5e31-b9fe-de8db64dc9d0,,,c5cf9774-5b6a-591c-b067-8bf677c1ab35,100g phần,GRAM,100.0
6d37ccd2-693b-5754-9776-b419dea38fa3,,,c5cf9774-5b6a-591c-b067-8bf677c1ab35,1 piece,GRAM,60.0
0105ffe0-1189-5516-925a-3194b2fa6933,,,22285a0f-f331-52e5-87d5-c7100a6acbd2,100g phần,GRAM,100.0
f81f4aea-e925-5d15-b61b-0ee31649e96c,,,22285a0f-f331-52e5-87d5-c7100a6acbd2,1 bowl,GRAM,350.0
311855b1-ca88-5a41-b4f1-d6ce3f2de3b7,,,06d9db18-cd49-561e-af88-0a734473f1a2,100g phần,GRAM,100.0
686edcb4-2d3d-5855-8e97-2b04d2e6455b,,,06d9db18-cd49-561e-af88-0a734473f1a2,1 bowl,GRAM,300.0
4988000f-2477-52e1-8ab8-e9f8e02b5dd2,,,d45a05fd-5fab-53ae-b9ce-4391f863bbab,100g phần,GRAM,100.0
4cc0841b-31c3-506c-a995-7fead68b2ac8,,,d45a05fd-5fab-53ae-b9ce-4391f863bbab,1 empanada,GRAM,80.0
5b6e2dc7-8e00-5a38-bf0a-7dacd0b3cbc0,,,b0853794-444d-55ba-b262-60e1058e8086,100g phần,GRAM,100.0
2aedb1e4-9aec-56c1-a5f6-bb49a1b58b62,,,b0853794-444d-55ba-b262-60e1058e8086,1 plate,GRAM,450.0
9671aac5-9884-5435-ac4a-3f4bffe2271d,,,41d3c3b5-9740-5883-a2ea-4fcf36dab18f,100g phần,GRAM,100.0
d963f029-9b07-5622-9f58-6f784d2ab9a7,,,41d3c3b5-9740-5883-a2ea-4fcf36dab18f,1 steak,GRAM,200.0
ea77e651-8ade-5e5c-878d-413ee176ae8a,,,49e7a114-151d-5492-a5f6-edbc81efd7f1,100g phần,GRAM,100.0
98a26e34-3f75-5438-9897-ec4e01cd39c4,,,49e7a114-151d-5492-a5f6-edbc81efd7f1,1 cup,GRAM,238.0
16f86813-e96b-5b6d-87bf-fc878db6acf4,,,13ab7345-a8c3-53a6-b1be-c669c532b4ce,100g phần,GRAM,100.0
51c4cfe0-9701-5cdb-8842-9582333dd3f1,,,13ab7345-a8c3-53a6-b1be-c669c532b4ce,1 plate,GRAM,200.0
427837c2-7754-5215-974f-0a5142d142fc,,,816df6e3-5e1a-519c-887c-0ec30f576944,100g phần,GRAM,100.0
eef470b9-f8ec-521d-86ef-85e31e28c9a7,,,816df6e3-5e1a-519c-887c-0ec30f576944,1 oz,GRAM,28.0
dc5f0b1e-1f39-57c0-ae9f-0310c54b02da,,,66e04fae-0778-5252-95b5-cec9e8b461f5,100g phần,GRAM,100.0
27ea01f0-554d-5d62-a43f-93d6f7c5bb06,,,66e04fae-0778-5252-95b5-cec9e8b461f5,1 cup,GRAM,240.0
010f9960-972a-58d8-b4b0-4d3003fdf545,,,218d24a7-a340-5cae-a046-484e7ff89185,100g phần,GRAM,100.0
68c629e8-8abe-58c2-ba9d-45e8b156e443,,,218d24a7-a340-5cae-a046-484e7ff89185,5 oz,GRAM,141.0
e1d6b4c0-fb7f-5e61-81d5-e68a88bcd6da,,,49ca2423-cddc-5975-a596-68eb4d967e15,100g phần,GRAM,100.0
92905aa4-0b52-5278-98e8-23c05a6f784a,,,49ca2423-cddc-5975-a596-68eb4d967e15,1 enchilada,GRAM,250.0
87868c6e-8e23-512e-9986-3daf1af4e2b9,,,3d797187-5a44-5abd-9bf7-db3b5d57a855,100g phần,GRAM,100.0
b0860165-4010-53b3-9d67-7a2482af1e14,,,3d797187-5a44-5abd-9bf7-db3b5d57a855,1 plate,GRAM,350.0
0fc230e3-3ed4-5cd5-b5dd-b290e594643f,,,1a0a4df1-9731-5032-a7bd-9c92fffb0b0c,100g phần,GRAM,100.0
9be5a125-2f3c-5b2c-ad55-6d4f17f40d05,,,1a0a4df1-9731-5032-a7bd-9c92fffb0b0c,1 plate,GRAM,300.0
711f9708-19c7-5380-8f6a-3fe8b0ce6f85,,,f39a5dce-7d4b-5fb9-b10e-cdcdbf490d94,100g phần,GRAM,100.0
8d3aee7a-ee00-52ab-bb30-523d24815807,,,f39a5dce-7d4b-5fb9-b10e-cdcdbf490d94,1 glass,GRAM,250.0
81f7faf8-d124-595e-b37d-36dfa4c2469a,,,e19cd4c7-06ff-5332-9430-46632d843eb7,100g phần,GRAM,100.0
fb235e05-ccc7-560a-ba44-c2b74225781c,,,e19cd4c7-06ff-5332-9430-46632d843eb7,1 cup,GRAM,237.0
a00da743-125a-5169-928d-b06d23a70e54,,,b79855db-87cd-5547-b135-a887f2450d40,100g phần,GRAM,100.0
963ae2d1-36c4-5d92-92bb-c921f36ec881,,,b79855db-87cd-5547-b135-a887f2450d40,1 plate,GRAM,400.0
3971ee74-3e7e-54fd-ba93-1e0a3aa9c836,,,16d9cf6b-a664-576c-b4f0-28add7b94629,100g phần,GRAM,100.0
25248c02-ddfd-561b-ae96-ae22461cfd95,,,16d9cf6b-a664-576c-b4f0-28add7b94629,1 bowl,GRAM,250.0
d7bb3157-4e48-57b9-a554-ceffbf123beb,,,3c15a440-6dad-5be0-bedc-cc774f29f8b1,100g phần,GRAM,100.0
38737a6b-9a94-5db2-a861-084d64c64443,,,3c15a440-6dad-5be0-bedc-cc774f29f8b1,1 plate,GRAM,500.0
6c428bb0-713c-5df7-87cc-0167321209e1,,,b3607918-a16d-57d3-b483-2aa1d710ef92,100g phần,GRAM,100.0
7348ddd0-1a15-5234-bdeb-9215b3ef8081,,,b3607918-a16d-57d3-b483-2aa1d710ef92,8 oz,GRAM,240.0
d3403837-4fa3-5521-bc72-ba4cca50f8bc,,,193149dc-14e1-5737-8a0b-0c35eeedc1ff,100g phần,GRAM,100.0
00c9eab3-3932-5365-9796-fc01294be0b1,,,193149dc-14e1-5737-8a0b-0c35eeedc1ff,1 phần,GRAM,120.0
b228d479-be01-551b-8e45-9c5fbe8619c8,,,58739611-045a-56b6-9665-98b4f5a23e06,100g phần,GRAM,100.0
dc09541c-26d7-526e-97c3-fd88c19d65bf,,,58739611-045a-56b6-9665-98b4f5a23e06,1 piece,GRAM,235.0
4d382656-2a35-5521-91d6-1b6c8409fa2e,,,4e21e25e-4e70-5c21-b390-a2c7f09a32c6,100g phần,GRAM,100.0
a79cf7f4-b6ab-50a3-acd1-ed336e1b557a,,,4e21e25e-4e70-5c21-b390-a2c7f09a32c6,1 slice,GRAM,70.0
085ed11e-34a3-52b9-aedf-66c1b540c0b0,,,9e9b1616-5890-5bed-8765-5e56883cfac7,100g phần,GRAM,100.0
84f08b62-59c2-5586-95f8-4e819b82913e,,,9e9b1616-5890-5bed-8765-5e56883cfac7,1 bowl,GRAM,150.0
e7bca7f1-bc5a-55a0-8379-ae83a0e9c030,,,4690d0ef-52c8-5bb6-a92f-4f7a178ca5a1,100g phần,GRAM,100.0
3cbcf553-2a0c-57f5-8e7a-c7d8a3db6efd,,,4690d0ef-52c8-5bb6-a92f-4f7a178ca5a1,1 pita,GRAM,90.0
6d9395fe-7aa8-52da-9e9f-204b8d2c5d3b,,,cf503615-8f98-523f-9499-2c2717e0d1d6,100g phần,GRAM,100.0
5ef14b1c-21d2-5cd7-b9d7-e0eba5823621,,,cf503615-8f98-523f-9499-2c2717e0d1d6,1 packet,GRAM,15.0
97fd96d1-4d62-5db8-9f3f-e8b9fca2e7ab,,,14aa3cc7-6607-592d-b084-086dad00d94d,100g phần,GRAM,100.0
db9c641a-65b8-59cf-bbfc-99b9092b043d,,,14aa3cc7-6607-592d-b084-086dad00d94d,1 slice,GRAM,250.0
4cd8181f-ebd7-5b1e-9a00-c1a86ca03cef,,,92af1195-0a4b-523c-866b-2a1c1aae7b36,100g phần,GRAM,100.0
41c41631-1021-5e59-a88c-d43662894aba,,,92af1195-0a4b-523c-866b-2a1c1aae7b36,1 bowl,GRAM,240.0
2ebe3ca2-35d0-5a64-8f07-7ffdc4fdf596,,,ea2bb65a-b72a-555c-9180-80becce3c07a,100g phần,GRAM,100.0
999fe3fd-a478-5f3c-854e-34c1969253b5,,,ea2bb65a-b72a-555c-9180-80becce3c07a,1 bowl,GRAM,395.0
4a3ebd03-44b7-5e0f-8e11-d7560b764416,,,3b5013b6-3995-56e2-8062-f621d1114331,100g phần,GRAM,100.0
46532409-b566-5003-b9c4-ad0227c20298,,,3b5013b6-3995-56e2-8062-f621d1114331,1 piece,GRAM,250.0
1d828cfc-f1b3-5cff-a564-30a7207d4b08,,,8123017f-289c-5966-87e7-70d5f9b2d43d,100g phần,GRAM,100.0
da8f13da-35b0-56e2-b0a0-4389db4c7409,,,8123017f-289c-5966-87e7-70d5f9b2d43d,1 pionono,GRAM,58.0
dfee7873-ba89-5ac1-9226-e34fcf942b4a,,,fc6076d8-7f9a-5ee6-8551-94df42f23029,100g phần,GRAM,100.0
9569232c-c9ae-5b71-94e4-7a2b131ad1b3,,,fc6076d8-7f9a-5ee6-8551-94df42f23029,1 plate,GRAM,450.0
526c9344-3f8f-52d2-a48d-faa213647137,,,1d7f6c92-7a8a-54ca-bab1-287e12eb59cc,100g phần,GRAM,100.0
52bc89d3-4a9c-5699-87e7-6a6ace89ac75,,,1d7f6c92-7a8a-54ca-bab1-287e12eb59cc,1 plate,GRAM,240.0
530a8ce3-5c5f-5bee-b429-cc8f34a045db,,,1185947c-6f40-59be-a8df-fd29a8d56e67,100g phần,GRAM,100.0
5c44c696-0568-58d3-afbf-0aa10bff18c8,,,1185947c-6f40-59be-a8df-fd29a8d56e67,1 piece,GRAM,120.0
7a28399b-9166-501c-bd4b-c3e018125515,,,9712252d-4d99-5d3f-a12d-a0034fbea6a1,100g phần,GRAM,100.0
2b62316b-d0db-5219-96ee-ad32fe47caf2,,,9712252d-4d99-5d3f-a12d-a0034fbea6a1,3.4 fl oz,GRAM,100.0
198151e2-7e64-520c-a585-deafed0efdec,,,f8202018-a5ce-53fa-9d6b-779ea616f25b,100g phần,GRAM,100.0
7eb38b58-ef34-523d-b2da-09c21355caf6,,,f8202018-a5ce-53fa-9d6b-779ea616f25b,1 bowl,GRAM,264.0
efa9fa32-d1a6-58aa-a34a-5ba35629e39e,,,39551e7a-fae2-5d36-a4de-0ac35d05c6bf,100g phần,GRAM,100.0
f99d7ceb-402f-5d6b-b4e6-0e5aa58bb045,,,39551e7a-fae2-5d36-a4de-0ac35d05c6bf,1 cup,GRAM,150.0
4538a551-9804-57ac-882d-bde155bf9ef5,,,6dfe8591-aa95-525d-8047-9bf3c570d0bb,100g phần,GRAM,100.0
c3bb31e9-d959-5f23-b593-342bb98da1df,,,6dfe8591-aa95-525d-8047-9bf3c570d0bb,1 fritter,GRAM,100.0
ff1a3b22-e77f-507c-944e-de464b9c0a91,,,759c452f-5015-57e1-ab26-37fd18102fdb,100g phần,GRAM,100.0
f0388c8a-528d-59fa-9fa7-bf3a81b31148,,,759c452f-5015-57e1-ab26-37fd18102fdb,3 piece,GRAM,75.0
eeb6b7e1-de1f-5a71-958f-4e63b3db88ac,,,479de018-4d97-534f-a599-355425c2fe9e,100g phần,GRAM,100.0
6c9b0cfd-5be0-59d0-aecf-4c9b9c8f520d,,,479de018-4d97-534f-a599-355425c2fe9e,1 slice,GRAM,337.0
e116744f-c452-5dd6-b3b3-a9677462dc86,,,1c43ef79-d19f-50a9-b039-a034e370eadb,100g phần,GRAM,100.0
2b0d5e48-6f6b-5da1-8903-876b350f2f08,,,1c43ef79-d19f-50a9-b039-a034e370eadb,1 plate,GRAM,200.0
28e37b62-6815-5261-8b7d-fc95074eafa8,,,fe38bf8c-6fce-5661-93bc-5417cfcba3ae,100g phần,GRAM,100.0
041eadbf-bc84-5cf1-8521-5f16edea521f,,,fe38bf8c-6fce-5661-93bc-5417cfcba3ae,1 crepe,GRAM,150.0
74aed331-348c-54fe-9f89-c7efc4cdecd4,,,eb708148-f250-5760-b83b-33380fdfa753,100g phần,GRAM,100.0
fa8ce705-b757-55f5-98ee-65dd4cd6d94b,,,eb708148-f250-5760-b83b-33380fdfa753,1 plate,GRAM,300.0
66922353-ed72-520e-912b-532a6528598b,,,bd05731b-b462-5485-95f9-09a20c9f8102,100g phần,GRAM,100.0
bcd538a5-3ef5-5876-b3d7-050ce6db1451,,,bd05731b-b462-5485-95f9-09a20c9f8102,1 piece,GRAM,85.0
7df345c2-d6d6-5683-abf8-c386a8ca4971,,,e59b31b6-03f3-5553-8434-e5cce49146f0,100g phần,GRAM,100.0
b6a57228-5d3b-58a9-9b65-de88ab772bd2,,,e59b31b6-03f3-5553-8434-e5cce49146f0,1 glass,GRAM,40.0
a231fce6-7071-54e6-a9bc-1f9420369704,,,99965a42-21b4-5196-a468-d62c7752aaa4,100g phần,GRAM,100.0
7a27f345-5205-5dcb-99f9-3a674a5a474e,,,99965a42-21b4-5196-a468-d62c7752aaa4,1 plate,GRAM,210.0
ca8dcd58-2590-551c-82e3-cf4d99294253,,,e6ac707d-4299-5df1-9e0b-bf2766ca33cc,100g phần,GRAM,100.0
3feac295-23ca-5366-9807-60e8a24432d7,,,e6ac707d-4299-5df1-9e0b-bf2766ca33cc,6 spear,GRAM,166.0
7d998fac-c7e6-50e6-b7cd-c34ef2a11c7f,,,b26c98e0-d197-585a-9206-f755ba2d6e8d,100g phần,GRAM,100.0
05cb5b28-974d-583b-803c-81af89f32fae,,,b26c98e0-d197-585a-9206-f755ba2d6e8d,3 oz,GRAM,85.0
70c4715d-b04f-5a84-a1bc-7de283de29f5,,,e37f0907-b7dd-5d61-9e1e-18059be51279,100g phần,GRAM,100.0
571e1f71-dde7-50bd-a626-971d3ed61f61,,,e37f0907-b7dd-5d61-9e1e-18059be51279,1 plate,GRAM,75.0
d9ff22b3-b96c-55c9-9706-7843562ffcf7,,,01ddd2ab-0261-59bc-91a2-106777e641e7,100g phần,GRAM,100.0
f9788eda-946f-5895-9b96-9bd9a9455018,,,01ddd2ab-0261-59bc-91a2-106777e641e7,1 empanada,GRAM,120.0
2ec5e540-5115-51a3-b997-dc5b6eccc12c,,,a07684f6-7655-5c33-b84f-fa71d01e2d6b,100g phần,GRAM,100.0
f40db5d9-1620-55c3-9d3b-4e2403670eef,,,a07684f6-7655-5c33-b84f-fa71d01e2d6b,1 bowl,GRAM,300.0
6888c38c-3399-59b7-93d4-ee09161570e6,,,51648a39-27d9-5dde-b41a-d227aa4fe7c6,100g phần,GRAM,100.0
4953d051-805e-53a8-af6b-9d4aa88fd8b0,,,51648a39-27d9-5dde-b41a-d227aa4fe7c6,3.5 oz,GRAM,100.0
d0e6f9af-0150-5fb9-8b9d-9058bb93319c,,,1ff2aabc-b5ab-5305-854b-ef94418f3998,100g phần,GRAM,100.0
e1d73769-a1ec-55a9-8d5e-d7701134ec2b,,,1ff2aabc-b5ab-5305-854b-ef94418f3998,1 patty,GRAM,237.0
0a6cf58c-e406-51b2-82ef-c75d9ce90852,,,ed7b52a7-0520-5e06-b4be-806501d27f98,100g phần,GRAM,100.0
955e520c-36bf-5eac-840e-dabceb679f45,,,ed7b52a7-0520-5e06-b4be-806501d27f98,8.4 oz,GRAM,238.0
be9e7455-f991-5693-94d0-f6d90b923795,,,ef4a3244-8b12-534b-baa9-e716543f6eb8,100g phần,GRAM,100.0
be74676d-dc75-5db1-b29f-1f175baa4426,,,ef4a3244-8b12-534b-baa9-e716543f6eb8,3 cookie,GRAM,31.0
693407d4-eec5-5103-a8d7-686f415eb812,,,b43c6301-7124-59f1-93c6-fd9f26759b42,100g phần,GRAM,100.0
04dbb894-b437-53ac-a453-a324f4fee98f,,,b43c6301-7124-59f1-93c6-fd9f26759b42,1 plate,GRAM,600.0
18376be3-9c1d-5076-a4a1-e91b72aa11ec,,,5ce1e717-f11f-58fd-b763-78f567cc4b52,100g phần,GRAM,100.0
bbbe3b99-758b-5769-b54b-eaa80b250ed8,,,5ce1e717-f11f-58fd-b763-78f567cc4b52,1 plate,GRAM,300.0
44b39953-7d0c-5f64-b8c3-8b1e469b2454,,,9d1a1100-fbbc-566e-a0a4-a23a5f0aed55,100g phần,GRAM,100.0
570a38e9-15d4-5699-be13-9ef09b8919f1,,,9d1a1100-fbbc-566e-a0a4-a23a5f0aed55,1 pretzel,GRAM,54.0
34b3b777-8b8b-590e-9380-c9dec31645e0,,,d0d9f0e0-8f5a-59ea-8160-4ba6a637ad93,100g phần,GRAM,100.0
aea00cab-1de7-58e3-acd1-a58783fc5591,,,d0d9f0e0-8f5a-59ea-8160-4ba6a637ad93,1 plate,GRAM,500.0
0df9d665-86f1-5ece-acee-dae74dcca24f,,,c230253c-a976-5d12-a2d2-fda36e112c32,100g phần,GRAM,100.0
f3d0f417-12f4-5e14-a18e-dfdcf74f83a6,,,c230253c-a976-5d12-a2d2-fda36e112c32,1 shot,GRAM,50.0
846cf366-b9a4-5dbc-ad80-967f5468c37b,,,b8fa9056-3674-5aa9-9c7a-2c82a8a0d06b,100g phần,GRAM,100.0
2821d5a5-b401-5487-b006-763c48115ad8,,,b8fa9056-3674-5aa9-9c7a-2c82a8a0d06b,2 slice,GRAM,75.0
4fe289cd-f127-57ce-8946-c40f07df5578,,,460a71aa-c176-5740-9050-ab51297ab6f5,100g phần,GRAM,100.0
07fed556-fedc-5b4d-ad32-86a67e2a78d9,,,460a71aa-c176-5740-9050-ab51297ab6f5,1 plate,GRAM,300.0
4c64f7f1-fe11-5439-a9f7-7874753dd050,,,95c733f4-cdf6-5ff9-b62b-3856a4ff00e4,100g phần,GRAM,100.0
def944ab-d75f-5813-90fa-9a0bff6a327d,,,95c733f4-cdf6-5ff9-b62b-3856a4ff00e4,3.5 oz,GRAM,100.0
97588ac4-975e-5041-b1b6-4eb6e7d2bdbd,,,74f7eebe-2ca4-5849-a5bc-7a698e170141,100g phần,GRAM,100.0
b3ece16e-ac0c-565c-a94f-d6fac0d2f5d2,,,74f7eebe-2ca4-5849-a5bc-7a698e170141,1 piece,GRAM,300.0
5f1e5547-0b0a-5af6-a566-e0e60b0dbc76,,,a5f43b2d-5e19-5520-a703-e2b68b982b90,100g phần,GRAM,100.0
da31b11e-282a-5d4a-8cb1-998c42d2259e,,,a5f43b2d-5e19-5520-a703-e2b68b982b90,1 plate,GRAM,500.0
07255e42-5a3b-5485-862d-919d7faf609a,,,83329f6d-79aa-565e-bde3-9aac3084200c,100g phần,GRAM,100.0
5184f6c7-47bb-5569-a4ba-4808e645f520,,,83329f6d-79aa-565e-bde3-9aac3084200c,10 oz,GRAM,284.0
510a1460-3ab4-58ba-bc1d-189ddd5535a2,,,b268decf-7df1-5899-bec3-74efc8efa97d,100g phần,GRAM,100.0
fd594c74-f9bd-5b4a-9a74-fb457d32d1bb,,,b268decf-7df1-5899-bec3-74efc8efa97d,1 plate,GRAM,250.0
0e1bd0d5-4645-5fd3-b214-5d68861e47c2,,,7f456721-2f37-5486-9c78-a6ebf6d6ceb0,100g phần,GRAM,100.0
cdaec414-3fe9-5ae8-bb6f-82a8581a9437,,,7f456721-2f37-5486-9c78-a6ebf6d6ceb0,1 order,GRAM,642.0
cb7c1483-beca-5829-99f8-3032f9c76745,,,142afa32-4cd8-5b68-af34-a10c57cd60e1,100g phần,GRAM,100.0
a4de7998-b1d5-51e6-a9a3-2d7de292dfca,,,142afa32-4cd8-5b68-af34-a10c57cd60e1,1 cup,GRAM,235.0
a676661d-d90b-5f34-86e1-8cb5dffe47cb,,,7d2589fc-e3e4-5d5c-8879-8413db7fc72d,100g phần,GRAM,100.0
0a118503-5ad0-510c-9267-8e4663ea520b,,,7d2589fc-e3e4-5d5c-8879-8413db7fc72d,1 plate,GRAM,150.0
b74808b1-9d81-5131-ad70-d5a9436d15ba,,,dea81350-935c-50e9-9b2e-e294866a7711,100g phần,GRAM,100.0
98d5d661-426d-51d9-9868-501cbddc4c05,,,dea81350-935c-50e9-9b2e-e294866a7711,1 bowl,GRAM,150.0
04abef7a-05d4-5b44-8a88-24dcc246bdf6,,,5d77e93c-b595-5d55-be21-9829c5018066,100g phần,GRAM,100.0
0147f822-5015-54b0-aef3-fd845150f935,,,5d77e93c-b595-5d55-be21-9829c5018066,1 cup,GRAM,170.0
7a0815ff-7eeb-52c2-a0c8-aaf179692e64,,,601f0829-f151-50e0-8ff4-d4fedbf9d840,100g phần,GRAM,100.0
5ede22fa-012e-5186-9de5-633688ca5e77,,,601f0829-f151-50e0-8ff4-d4fedbf9d840,1 plate,GRAM,240.0
c5c3ed0b-9c47-5c2b-99ce-f4cb1692d435,,,1d96cb5e-e202-53cf-9662-cfd217005826,100g phần,GRAM,100.0
2dfc9eb9-eee8-5855-9361-1c990eb32a06,,,1d96cb5e-e202-53cf-9662-cfd217005826,13.6 oz,GRAM,386.0
96ee7c54-4c9c-5b9f-b361-0b1e64f9a31c,,,42563515-a6cd-54ec-a788-fafa0be152c1,100g phần,GRAM,100.0
cac20bb1-2812-541c-a5db-2b35e7943651,,,42563515-a6cd-54ec-a788-fafa0be152c1,1 cup,GRAM,395.0
d50ff00b-2f0b-54a2-80a1-075677932165,,,adf94403-46ee-508c-a5ee-1f7e2224e644,100g phần,GRAM,100.0
ddfda69a-15cf-5739-8678-1f09e5d29233,,,adf94403-46ee-508c-a5ee-1f7e2224e644,1 slice,GRAM,28.0
9c188723-f031-54df-971d-49265f53b3fc,,,80ff6d40-680f-53b5-bf1f-7375ada6ab7d,100g phần,GRAM,100.0
a434d0ad-bc9f-5c4e-8d7b-0d0422ebfe41,,,80ff6d40-680f-53b5-bf1f-7375ada6ab7d,1 plate,GRAM,550.0
a4afdfb6-6ea1-5d53-a91e-82b7146b00cb,,,395ad521-e071-5aee-9bd8-1a7654461400,100g phần,GRAM,100.0
7057791e-9ffe-5189-bb39-bd19ca3a9e56,,,395ad521-e071-5aee-9bd8-1a7654461400,1 popsicle,GRAM,200.0
20a1ccda-db4e-5f60-8602-c3d2f61231cd,,,f656f56a-8166-531a-8d05-8d895a040788,100g phần,GRAM,100.0
3e0b93a5-fdff-5429-9550-56fd31d040ed,,,f656f56a-8166-531a-8d05-8d895a040788,1 plate,GRAM,484.0
6b6497b4-e9a2-56a9-8de5-5ac654a2623f,,,72d0c86d-f301-577c-b28f-af90103801e0,100g phần,GRAM,100.0
0fb69400-0f66-581b-bb2e-98b2143666cb,,,72d0c86d-f301-577c-b28f-af90103801e0,1 sandwich,GRAM,278.0
6b8b090d-d5ac-5441-a32c-0f8286895d4f,,,e05465a7-6044-541d-96ea-32f67a81a1f3,100g phần,GRAM,100.0
082eda2b-148e-5d8a-8019-b56879641ce2,,,e05465a7-6044-541d-96ea-32f67a81a1f3,8 oz,GRAM,227.0
0f0b1fb1-56fe-5aa4-9f02-28019c8cf825,,,c8f71f29-5b28-59f1-893a-d68a64f69ac8,100g phần,GRAM,100.0
382fe734-775c-5bd7-9d82-03240269e3f2,,,c8f71f29-5b28-59f1-893a-d68a64f69ac8,12 fl oz,GRAM,354.0
ade3579c-b271-5733-b864-1dbbb764a95c,,,ffbe9e3b-6c19-50e6-a856-ffc39d982f90,100g phần,GRAM,100.0
4b5718ba-e423-533a-887b-6383b9bc79b7,,,ffbe9e3b-6c19-50e6-a856-ffc39d982f90,1 empanada,GRAM,120.0
b69072e2-e8c0-5705-be2b-238559b2941d,,,1f920458-f3ef-5e87-b403-aed6e38b0473,100g phần,GRAM,100.0
e16f7e73-fb89-5791-98c5-3d595b0912b3,,,1f920458-f3ef-5e87-b403-aed6e38b0473,1 sundae,GRAM,70.0
232e462e-96c0-57a1-8b3f-027843486537,,,2499be07-84dd-5b5d-9e95-2e8774d38870,100g phần,GRAM,100.0
2a1c55ed-9875-5a97-b0a7-fb02588f2aef,,,2499be07-84dd-5b5d-9e95-2e8774d38870,1 cup,GRAM,200.0
02284959-9b33-556b-80e7-16ce13bbad30,,,6e403087-3818-5728-b76a-ce0751f0cc07,100g phần,GRAM,100.0
cc51bb17-3ee9-5f38-8d9c-fd805b7bc56f,,,6e403087-3818-5728-b76a-ce0751f0cc07,1 empanada,GRAM,122.0
95c3d563-d72c-5fe1-852e-25871ceecfac,,,843a168f-9201-561b-95a0-50ec72575778,100g phần,GRAM,100.0
cc5ac8ec-5c21-56e3-863c-a06b95335e9d,,,843a168f-9201-561b-95a0-50ec72575778,1 covrig,GRAM,80.0
d59e37d3-a4f3-5ed7-8ea5-c4feed76bbb9,,,ed8ecccf-d710-54e9-b282-c7a0bf43b16f,100g phần,GRAM,100.0
33fea911-174d-53b6-82ab-18f9aa61ca97,,,ed8ecccf-d710-54e9-b282-c7a0bf43b16f,1 cup,GRAM,237.0
1021d1e6-e800-594d-b833-ec9725257b30,,,77b470ea-39f1-5f19-8ef5-98341474ea8a,100g phần,GRAM,100.0
21ee9125-a6f3-5068-9dec-0ad16298cf78,,,77b470ea-39f1-5f19-8ef5-98341474ea8a,8 fl oz,GRAM,240.0
334d2de7-3209-516e-968c-a3baa0c8fa88,,,c7b4d4bb-578d-54f4-adad-f3b32919d592,100g phần,GRAM,100.0
9b482905-c91a-526c-8316-f831c48e7114,,,c7b4d4bb-578d-54f4-adad-f3b32919d592,1 wrap,GRAM,270.0
7991fc0b-31d0-5f3b-a0fe-747d3ca9faef,,,8340a046-62dd-53a2-b275-1bbc59ef8260,100g phần,GRAM,100.0
8feab40f-f1d1-5bb0-85d3-cbde68a53122,,,8340a046-62dd-53a2-b275-1bbc59ef8260,1 cone,GRAM,113.0
c77c336a-7c6f-587d-984b-f96187fbeda3,,,07c9d1c7-193d-5a0f-be75-947e77b1dc7c,100g phần,GRAM,100.0
d88b1286-a97c-5642-bc5a-ba48ffb1a4a1,,,07c9d1c7-193d-5a0f-be75-947e77b1dc7c,1 bowl,GRAM,400.0
2359c1c9-23c7-53fd-a946-ce5f91dcaa6f,,,59294e60-d4bb-5f4c-b19e-0f074ffcb868,100g phần,GRAM,100.0
887d6081-7326-5c78-a79d-a4f0c8e6e716,,,59294e60-d4bb-5f4c-b19e-0f074ffcb868,1 sausage,GRAM,50.0
746ca7f3-2231-56b2-91c9-2e4d3a7721f5,,,fcc33715-9179-597a-a090-2a24b6d52769,100g phần,GRAM,100.0
511b8d69-1a80-51d6-845a-ef914a88f4af,,,fcc33715-9179-597a-a090-2a24b6d52769,1 plate,GRAM,300.0
127fdea7-6b81-5915-b586-f5dbc0f7f5f4,,,f1292709-7c5a-5897-b181-122d18efc5bb,100g phần,GRAM,100.0
239cffd0-cb96-5f11-9e45-7f761316e58d,,,f1292709-7c5a-5897-b181-122d18efc5bb,1 ramekin,GRAM,260.0
dfa568de-3fe8-56ce-8ab8-6b32e3c17f6e,,,9cfffbba-739f-55fd-9f30-afb8172e35cc,100g phần,GRAM,100.0
e3494104-6e8b-568b-9e8a-9b1d851aa0ff,,,9cfffbba-739f-55fd-9f30-afb8172e35cc,1 plate,GRAM,300.0
966a0696-350e-5fcf-9194-09eaae522f1d,,,7fbaaf7c-03e8-52d6-b9ba-c49200745c4e,100g phần,GRAM,100.0
9196c981-6f01-5306-a345-90d85b1693be,,,7fbaaf7c-03e8-52d6-b9ba-c49200745c4e,1 board,GRAM,93.0
90b3e4b0-fd51-5d2e-9591-a39dd0d56c20,,,1b4186fc-683d-5682-8b0a-064324bb3add,100g phần,GRAM,100.0
eb7c4478-9813-50c4-9ebb-59a28ef658b3,,,1b4186fc-683d-5682-8b0a-064324bb3add,1 bar,GRAM,51.0
39dc24a1-8f49-5780-9b88-07f0c6a5334e,,,239e9759-64b3-5b93-a304-6f4cf229cea4,100g phần,GRAM,100.0
e3d497d7-8542-5ac0-8cf6-93d4c1bf3e95,,,239e9759-64b3-5b93-a304-6f4cf229cea4,1 cookie,GRAM,40.0
d8da5452-8ac6-5b9c-a949-a5498e3316ab,,,ac35ff4d-637b-5e91-ade4-085908cf1ea4,100g phần,GRAM,100.0
427e346a-31a0-5e90-8b8c-108892efac9a,,,ac35ff4d-637b-5e91-ade4-085908cf1ea4,1 plate,GRAM,90.0
a913d3a9-5fb0-5d74-b83e-3b43e77eedbc,,,7891a2f1-030a-5127-b166-7f9beebc1e54,100g phần,GRAM,100.0
681660a7-d62a-57db-b6c5-bc2aa86059c4,,,7891a2f1-030a-5127-b166-7f9beebc1e54,1 plate,GRAM,500.0
15e4f442-f371-5424-85b6-1fedec51faae,,,1780ce87-4eef-5efe-a663-06dc046b32a1,100g phần,GRAM,100.0
fe443a7a-ff94-55c9-b960-65e72a130852,,,1780ce87-4eef-5efe-a663-06dc046b32a1,8 fl oz,GRAM,240.0
eda349f3-007d-5dc2-92ea-34dab4ee7d6b,,,66c8823c-eb1a-5246-9acf-c870a8b79651,100g phần,GRAM,100.0
a5d27cba-f1db-5e50-b5f0-af4cdf5c0e25,,,66c8823c-eb1a-5246-9acf-c870a8b79651,1 bowl,GRAM,600.0
b2be9627-2318-5fbd-9aeb-b4d19bbc4a3d,,,38fe9bde-b6db-5988-bb2a-873531d15ca8,100g phần,GRAM,100.0
7f8cf87b-19d1-5d45-a964-1aceb3ff6bb9,,,38fe9bde-b6db-5988-bb2a-873531d15ca8,3 oz,GRAM,85.0
418e484d-6784-541c-980a-d858a71213cc,,,7f36854f-d1aa-5475-a887-f31cbfa617d6,100g phần,GRAM,100.0
23fba148-66d1-56e6-b178-7a42d4b29421,,,7f36854f-d1aa-5475-a887-f31cbfa617d6,8 wonton,GRAM,160.0
9317ad79-a016-5408-83e9-9a6c238b5841,,,a0bc460d-e24a-5cdd-b969-60207ccfad05,100g phần,GRAM,100.0
146a5b2e-cd42-5409-96e0-c890d07e940c,,,a0bc460d-e24a-5cdd-b969-60207ccfad05,1 pastry,GRAM,120.0
a6779452-d58e-5037-8165-9cf44909232f,,,f1f05ceb-705f-5924-9913-63bab064a885,100g phần,GRAM,100.0
107cfdc3-3ed1-5246-8147-7c6189d3ace8,,,f1f05ceb-705f-5924-9913-63bab064a885,4 skewer,GRAM,200.0
fc53dbb4-8a13-53b1-b26f-7f98b71261cb,,,2addfa80-a78c-5c00-a2df-6e521c75974f,100g phần,GRAM,100.0
d1fed5a1-46cc-54cd-8ebb-1ae58f01481e,,,2addfa80-a78c-5c00-a2df-6e521c75974f,1 cup,GRAM,235.0
3eaf59f4-3d76-51c1-9cd7-564c5caecd4d,,,871b8639-a535-56d2-8e23-dd07bec6d5ab,100g phần,GRAM,100.0
362131f4-5533-5b31-96ae-d2fa76891bd9,,,871b8639-a535-56d2-8e23-dd07bec6d5ab,1 slice,GRAM,150.0
942d908a-103b-583f-b451-f2ec9a3b683a,,,14038ab8-5da8-594a-b331-7c4a072f9986,100g phần,GRAM,100.0
702c1adc-a0eb-5cf5-8a58-ec6ca26cec61,,,14038ab8-5da8-594a-b331-7c4a072f9986,3 patty,GRAM,90.0
98daeaba-c253-522c-b672-41c1d9eb0ae5,,,3f29d29e-b17f-5700-bc19-79b88fc5c87a,100g phần,GRAM,100.0
a94f3fea-54c3-5560-ae22-fbb4f9ce0298,,,3f29d29e-b17f-5700-bc19-79b88fc5c87a,16 fl oz,GRAM,473.0
ea1762d5-101f-5349-bc3b-f4b5d4baf8e5,,,073aa691-15d2-5246-83a3-9ac7b291fe55,100g phần,GRAM,100.0
68462e94-d496-5bd8-b867-ef777c9735c0,,,073aa691-15d2-5246-83a3-9ac7b291fe55,1 plate,GRAM,250.0
4daf9445-d193-5156-af93-027ebc98d13c,,,1c7d0d68-246e-58a1-b8a2-fa90856b81bd,100g phần,GRAM,100.0
8de02332-8bc2-512b-96b3-026105794c82,,,1c7d0d68-246e-58a1-b8a2-fa90856b81bd,1 cookie,GRAM,35.0
4e2f01a6-07fd-5c1a-b910-9ad40b205940,,,8df4b649-a244-5494-b7a7-c4e3982aab19,100g phần,GRAM,100.0
c77b2a2d-cc4c-5476-a969-e57f2d4ab736,,,8df4b649-a244-5494-b7a7-c4e3982aab19,1 plate,GRAM,250.0
44329fc4-84fa-5589-80d0-0d584f427885,,,555ccf40-e4e2-56d9-974f-542293d588b5,100g phần,GRAM,100.0
9ec0c779-ab77-575a-956d-425848a0a446,,,555ccf40-e4e2-56d9-974f-542293d588b5,1 bowl,GRAM,300.0
050a0bcf-3d06-5640-8542-ee3ca406538b,,,a063b253-64d2-5528-9cfa-0e0759024877,100g phần,GRAM,100.0
4b31fc20-8921-5346-a3d9-72248cb42f46,,,a063b253-64d2-5528-9cfa-0e0759024877,6 oz,GRAM,170.0
61a6f964-dd0c-5385-af27-0e863ef9e869,,,685f9fc0-6a15-513f-bb81-f7f57c3b6cc1,100g phần,GRAM,100.0
65de4432-2ec9-5930-8145-190d75bee383,,,685f9fc0-6a15-513f-bb81-f7f57c3b6cc1,1 cup,GRAM,238.0
463eafb6-acf1-5412-8843-36195bc6bb46,,,6505fdaf-4565-5e55-b572-b84013d3254c,100g phần,GRAM,100.0
f0df8502-1ee7-563d-b55c-271189ad9226,,,6505fdaf-4565-5e55-b572-b84013d3254c,1 bun,GRAM,150.0
808e908c-363c-566e-830d-bf41fcd40152,,,0eaf3d32-6dad-5ef3-bf34-7c8d9a41d4ee,100g phần,GRAM,100.0
946f96fe-7e82-5490-99e1-b092aac48f1a,,,0eaf3d32-6dad-5ef3-bf34-7c8d9a41d4ee,1 tbsp,GRAM,16.0
7ffdfe58-0ca7-5a1c-887c-bed955d95d0b,,,d23c883d-3997-5459-b8d3-8cd3a6717eea,100g phần,GRAM,100.0
d892c130-4466-532f-b84d-8782407592f2,,,d23c883d-3997-5459-b8d3-8cd3a6717eea,1 slice,GRAM,70.0
89cc3451-b974-5b9a-a5ff-fbb72dcc640a,,,b24bd62d-817f-5de7-bf7f-1aa3ea7faa35,100g phần,GRAM,100.0
af6e58f9-798a-5998-a7c6-08b6df9f76f4,,,b24bd62d-817f-5de7-bf7f-1aa3ea7faa35,1 scone,GRAM,80.0
81c71cb0-d90c-58ef-bce0-705472c1aaa4,,,29cdca76-6d95-57fb-af10-5c9d89af643b,100g phần,GRAM,100.0
5c2446c8-f60b-5c5b-8c36-c783a07d88e6,,,29cdca76-6d95-57fb-af10-5c9d89af643b,3.5 oz,GRAM,100.0
193e122c-3769-5b60-b4be-0b45b144d738,,,03841528-1498-5a02-8e48-dd99fd1d2cb8,100g phần,GRAM,100.0
9e3b0ea4-4545-51d5-b334-56fcab9d471c,,,03841528-1498-5a02-8e48-dd99fd1d2cb8,1 slice,GRAM,100.0
76750de8-1945-552c-a9fd-8554f673a1b1,,,c8738f39-50e2-55ec-b56b-d8c8961b4c08,100g phần,GRAM,100.0
2b2a6d14-65a6-5134-a524-8544ba773066,,,c8738f39-50e2-55ec-b56b-d8c8961b4c08,1 plate,GRAM,250.0
10c646a9-1f89-5400-8954-9ae9cb77c087,,,5ba671fb-1232-5705-b065-01dd73d92068,100g phần,GRAM,100.0
37cdcb78-1433-5289-b7c0-1d64de0ce240,,,5ba671fb-1232-5705-b065-01dd73d92068,4 oz,GRAM,113.0
2ad37594-3593-5ded-be18-96c4ca5a4da8,,,73e12c39-af59-5771-9bc8-08ef1fd69388,100g phần,GRAM,100.0
9105642a-fef4-5ddd-b04e-6208e6ff1c5c,,,73e12c39-af59-5771-9bc8-08ef1fd69388,1 cup,GRAM,250.0
d08fc7e1-e52b-5d36-89b7-19dd2b2ebdec,,,8002df7a-df1e-578d-84bc-268c41133de0,100g phần,GRAM,100.0
37276ac8-5953-5643-a586-08a47b65bd1e,,,8002df7a-df1e-578d-84bc-268c41133de0,1 piece,GRAM,71.0
06cee65d-c2ab-5d5e-ae7d-7b2d5a75bb3d,,,d5aba54c-16cb-5fad-b866-89b6c8a03e59,100g phần,GRAM,100.0
a9b451ac-d407-5bc7-8123-04b58822a94b,,,d5aba54c-16cb-5fad-b866-89b6c8a03e59,1 bowl,GRAM,393.0
a20148cf-f17c-522d-a7d5-95bd411527a1,,,6b8b96e2-b332-5dca-a82c-11440308c13e,100g phần,GRAM,100.0
d0cf14cb-38be-59a7-b340-fa2f9310686b,,,6b8b96e2-b332-5dca-a82c-11440308c13e,1 plate,GRAM,400.0
07f58c17-1d88-5741-8d99-eca07c7ba918,,,eefa6002-877e-57e9-8935-09703bbba919,100g phần,GRAM,100.0
df328015-be43-5b3f-8d7f-bf2e4ac4eacd,,,eefa6002-877e-57e9-8935-09703bbba919,1 ear,GRAM,150.0
081e0690-a37c-530c-b7f8-b38911b9ba18,,,c9f03652-ecaa-57c7-ae59-3328c8d2b85a,100g phần,GRAM,100.0
325f458e-33f4-53bb-b772-c412705a8510,,,c9f03652-ecaa-57c7-ae59-3328c8d2b85a,7 oz,GRAM,200.0
e39ec3c1-eb45-51a3-a189-5addc03fd616,,,aaec93e7-278b-586e-af4b-0d895309da0e,100g phần,GRAM,100.0
2bdf6c20-c313-523e-bc8c-866df57d2cfb,,,aaec93e7-278b-586e-af4b-0d895309da0e,1 slice,GRAM,100.0
f0cff533-e97e-51b9-bbd3-1df52ed2abc1,,,d3d528e8-b595-51a7-a839-391292424185,100g phần,GRAM,100.0
0f456c6a-29e2-5aa2-99ec-6b7950e44351,,,d3d528e8-b595-51a7-a839-391292424185,0.5 cup,GRAM,100.0
3b25c0a2-383f-515e-aad8-8d09d8c3116e,,,befb76fe-1730-5391-a234-a390034915f7,100g phần,GRAM,100.0
ec0d5c98-8db5-5c5a-a210-5edf6d22725f,,,befb76fe-1730-5391-a234-a390034915f7,18 oz,GRAM,510.0
f5c0daa1-43c2-5e4e-8210-4a09eba2c83c,,,b3b38dae-2490-57c4-a1cf-23e3edcaa3c0,100g phần,GRAM,100.0
57f1d927-dbe1-5f8f-a25a-4b98631a436b,,,b3b38dae-2490-57c4-a1cf-23e3edcaa3c0,1 cup,GRAM,250.0
b82a929d-572e-5ce7-9ba8-5fb7534ce841,,,020e4900-a2b6-5678-a82a-9a6a7f1719a5,100g phần,GRAM,100.0
867bd7a9-c53e-5090-ae66-db2b096e9eaf,,,020e4900-a2b6-5678-a82a-9a6a7f1719a5,1 plate,GRAM,250.0
64d55020-1b43-5667-af08-fec22d81583e,,,b6596d0b-6779-5ab5-a559-ce671dbafac5,100g phần,GRAM,100.0
3c3e5ed0-c5dd-5253-b54b-d11fe9626975,,,b6596d0b-6779-5ab5-a559-ce671dbafac5,12 oz,GRAM,355.0
8f9a04b0-5312-5987-be33-b34bdaa485ed,,,de1d4d4b-a345-5830-a98c-2b5506e7a07a,100g phần,GRAM,100.0
526e35a0-029c-5657-92e7-e6963d78202b,,,de1d4d4b-a345-5830-a98c-2b5506e7a07a,1 piece,GRAM,120.0
25c16b7f-44f2-53e3-8b4a-39a97168cd0b,,,d669d1ab-13ae-5883-bbda-86c69e5acce2,100g phần,GRAM,100.0
d7e2e986-58a2-5a64-94b5-e1df77f51fb2,,,d669d1ab-13ae-5883-bbda-86c69e5acce2,7 oz,GRAM,198.0
5ed18f9b-a7bc-5acb-8d55-67569a252888,,,1c57bb2d-922b-5796-a727-01706ce04c47,100g phần,GRAM,100.0
66216667-9fed-5f61-8b96-1b8c8aeb3523,,,1c57bb2d-922b-5796-a727-01706ce04c47,1 cup,GRAM,240.0
6f8fd276-3329-5b96-b382-bb5281ac745b,,,7704024c-26e8-53f4-8d8a-8eafb513f748,100g phần,GRAM,100.0
d8252ae8-5c3f-5a42-9858-18d47857614b,,,7704024c-26e8-53f4-8d8a-8eafb513f748,3.5 oz,GRAM,100.0
4f3920ca-663c-5e2c-b83d-e51bd0be9365,,,d53e49db-80e5-5e92-8025-f4b5422cd975,100g phần,GRAM,100.0
b0762e60-9c7b-5080-b626-be87fb6c2ec3,,,d53e49db-80e5-5e92-8025-f4b5422cd975,1 dollop,GRAM,100.0
ea855898-9dfb-5774-a24e-53f740723ccf,,,51e459c3-364d-587d-89fd-c3bc18a64717,100g phần,GRAM,100.0
59659644-2163-5bb3-bb66-1cb948593284,,,51e459c3-364d-587d-89fd-c3bc18a64717,1 plate,GRAM,350.0
203f555e-82c8-5700-a5c1-ff3666aacf8a,,,061d3fd7-3c4d-5ff1-9534-1bb61b9744c8,100g phần,GRAM,100.0
7be1b761-fcf1-573f-872d-f8bfd7acc158,,,061d3fd7-3c4d-5ff1-9534-1bb61b9744c8,1 cup,GRAM,235.0
afcfc8e2-676d-5e61-b03b-46a421e37337,,,7868925a-0cb7-5474-a8b0-4f337198ca93,100g phần,GRAM,100.0
e9c670fc-c435-5e43-a21d-0d4d9c28d984,,,7868925a-0cb7-5474-a8b0-4f337198ca93,1 plate,GRAM,600.0
ebf4c53e-64a4-58f0-a266-7efdace965df,,,2bf7377a-21f1-527e-8b27-09071ee142bd,100g phần,GRAM,100.0
11f2340d-bec8-5a18-ba9f-9c27c8ee0902,,,2bf7377a-21f1-527e-8b27-09071ee142bd,1 cup,GRAM,220.0
b2b15b0a-f8a8-549a-8ab7-814860a18c10,,,2c55ea92-04e9-5ca9-b5c1-1b1d663a2301,100g phần,GRAM,100.0
bb30cb67-5b14-5a9d-9963-ba22ac197abc,,,2c55ea92-04e9-5ca9-b5c1-1b1d663a2301,1 piece,GRAM,174.0
3c28d0cb-2e07-5878-b517-081e5b235521,,,34aab8ab-6863-5e63-ab64-a8d0af98aa67,100g phần,GRAM,100.0
7292be13-897f-5189-913b-57b462b45160,,,34aab8ab-6863-5e63-ab64-a8d0af98aa67,1 cup,GRAM,250.0
5c202471-d9f8-5e5a-a885-3268e8fcac87,,,bcefd16e-3b82-5008-92c1-4905c75e9f5b,100g phần,GRAM,100.0
12a7f469-61b8-53b0-9ea7-6ecfa735de99,,,bcefd16e-3b82-5008-92c1-4905c75e9f5b,1 plate,GRAM,275.0
e5f3221c-6429-5fb1-ac93-d931fdc98066,,,75eab9a2-8969-5ebb-929d-bc979964d92d,100g phần,GRAM,100.0
28873cea-e845-5580-b677-a8a93ba851ea,,,75eab9a2-8969-5ebb-929d-bc979964d92d,1 piece,GRAM,85.0
f8e69971-4005-5b98-aff7-76a1a03c1770,,,6c4a8cbd-778d-506c-92dd-b3cc546532b1,100g phần,GRAM,100.0
014ae702-7f30-5956-88e9-46e504befe87,,,6c4a8cbd-778d-506c-92dd-b3cc546532b1,1 wrap,GRAM,300.0
20ea833e-f9e9-54d3-b07c-2fe0c352c83e,,,3e1c834b-95f8-5fce-b47b-1614e25282df,100g phần,GRAM,100.0
83e1475c-6cb4-59cc-b843-201cd543dd04,,,3e1c834b-95f8-5fce-b47b-1614e25282df,1 plate,GRAM,250.0
0726ab28-295a-580f-9af7-98acc1732663,,,855278e4-e0ec-5ece-bbc1-e46467d8b3e3,100g phần,GRAM,100.0
14cf86fb-68e4-5bad-8170-9abde5f366e6,,,855278e4-e0ec-5ece-bbc1-e46467d8b3e3,1 paczka,GRAM,85.0
a501eab7-d0d0-5389-88b4-b9f40bd04b97,,,cf66c067-a484-5b6e-aa8c-38d9fa0e5561,100g phần,GRAM,100.0
ffea8a01-e452-542e-b1a8-c012cf47542b,,,cf66c067-a484-5b6e-aa8c-38d9fa0e5561,1 pretzel,GRAM,30.0
39a28863-fa11-5cc0-a94e-2bea9fa49b52,,,2cbf88d1-3597-5430-8000-2eccf1457af9,100g phần,GRAM,100.0
447fb2e1-2385-532e-a0f5-6deaa2dc787b,,,2cbf88d1-3597-5430-8000-2eccf1457af9,1 plate,GRAM,250.0
66053ae5-9d84-5dcb-9eb4-6f778aeca7c8,,,06f2d2d5-111f-5cc7-94da-90eeb557f42b,100g phần,GRAM,100.0
f06ff45a-23a1-50e9-a9a0-acc0bc435b1c,,,06f2d2d5-111f-5cc7-94da-90eeb557f42b,1 plate,GRAM,700.0
a416d780-6bd5-5abf-9f92-0b5cacae576b,,,f3b2172c-fed0-5677-af19-b84574ab5ba6,100g phần,GRAM,100.0
6b86d784-4892-5b34-8cc0-f72bf57b3200,,,f3b2172c-fed0-5677-af19-b84574ab5ba6,1 slice,GRAM,110.0
89e0fba3-0e37-53be-bee4-7269ca8ad267,,,54824387-f036-5445-9a17-807289c852b6,100g phần,GRAM,100.0
24b36108-f5da-535d-851c-c76339e24653,,,54824387-f036-5445-9a17-807289c852b6,2 piece,GRAM,80.0
98686c9e-210d-5d4d-96e0-dd4cafb203de,,,5e105a75-8909-535e-85e4-5fb8bae00c56,100g phần,GRAM,100.0
779e534c-afd0-5792-a41a-49856c46f933,,,5e105a75-8909-535e-85e4-5fb8bae00c56,1 cup,GRAM,240.0
37a053f6-de50-5857-a41d-784b8d9ea4d8,,,354db85e-c383-524c-bfbe-8e595852216d,100g phần,GRAM,100.0
b0b62494-92a6-5fa3-9ac2-50ff96d720c6,,,354db85e-c383-524c-bfbe-8e595852216d,1 bowl,GRAM,450.0
e3419add-007f-51b5-a074-9ec6f0a23c9a,,,2a5661fd-f496-5fe5-bde3-6798e6b8804c,100g phần,GRAM,100.0
51861537-b4f4-57ff-aff1-7548a4210312,,,2a5661fd-f496-5fe5-bde3-6798e6b8804c,1 plate,GRAM,375.0
fe557430-2b44-5bef-bb19-98b73ad1aa1c,,,f0fcd408-32f2-58a5-bc1d-0916d7839517,100g phần,GRAM,100.0
11f91064-6151-5281-a283-793597747249,,,f0fcd408-32f2-58a5-bc1d-0916d7839517,1 plate,GRAM,250.0
36d7ec87-9eeb-5521-909f-b80f10c67e05,,,5f0b7745-ae3f-520f-9fa2-357a6e659781,100g phần,GRAM,100.0
b4676cd2-0b37-5a78-b8bf-4d6b387954b7,,,5f0b7745-ae3f-520f-9fa2-357a6e659781,2 oz,GRAM,56.0
2989507c-0041-52c1-9772-e5ef0b47e12f,,,89ede427-c453-5f4d-b9d9-74fe272239b0,100g phần,GRAM,100.0
a23b2e19-807e-5f6d-a06f-cdfe3e1067ce,,,89ede427-c453-5f4d-b9d9-74fe272239b0,1 bowl,GRAM,250.0
b6bae08f-531c-5554-aa70-524edf09de64,,,21d19475-9374-5e32-b9f5-d229b4af6740,100g phần,GRAM,100.0
8c80be26-58d8-500c-99c5-e3f4ecdd0580,,,21d19475-9374-5e32-b9f5-d229b4af6740,1 cup,GRAM,235.0
e66718d3-f0dd-58cb-ab88-78fa99bf9d1e,,,7ac6e46c-9490-564d-942a-1ab9c24cf356,100g phần,GRAM,100.0
5d3c8659-b7df-58ad-9895-a32f7d9855f3,,,7ac6e46c-9490-564d-942a-1ab9c24cf356,1 skewer,GRAM,250.0
580bde81-6263-5b35-8f0d-2b02e2e59a6a,,,d52a4567-712b-5b19-a408-4d05757fe8dc,100g phần,GRAM,100.0
dda66b25-334b-508e-b562-daaf6f011bdd,,,d52a4567-712b-5b19-a408-4d05757fe8dc,1 piece,GRAM,40.0
c455030d-9adf-5115-9e42-f96765338834,,,6153a4ca-d6a6-5439-80cf-40ab983947d6,100g phần,GRAM,100.0
576931ce-5090-538b-abd0-3ea190571e44,,,6153a4ca-d6a6-5439-80cf-40ab983947d6,12 fl oz,GRAM,355.0
feeae882-bd38-55ef-b05c-c58d55b5fa0a,,,908ac0d2-e7e8-5cd7-90e6-af501aa8f9c6,100g phần,GRAM,100.0
4fd293b9-3775-53b3-845a-bcec7275d859,,,908ac0d2-e7e8-5cd7-90e6-af501aa8f9c6,1 cup,GRAM,150.0
dfe3b652-fd64-57f6-89d4-df03fd8ae5ca,,,2d9568d1-1814-5184-adb2-44afc3ef08a5,100g phần,GRAM,100.0
1b8b416a-e335-5fbf-b6e5-9ad0ad969fc8,,,2d9568d1-1814-5184-adb2-44afc3ef08a5,1 cup,GRAM,238.0
65297c85-48a4-5845-aef6-84f54d9d95c3,,,1cdc63c5-463c-59a4-866e-b69564ef0f94,100g phần,GRAM,100.0
ee8bff32-9740-589a-a8bb-4480a6e754c6,,,1cdc63c5-463c-59a4-866e-b69564ef0f94,10.6 oz,GRAM,300.0
78a7b58a-8341-5a24-99e8-338f07b6ad96,,,257e1b28-ad34-550e-83a6-a2f0f8bd4c73,100g phần,GRAM,100.0
37b7cb92-fb00-597d-835a-74a39b35853e,,,257e1b28-ad34-550e-83a6-a2f0f8bd4c73,8.5 oz,GRAM,240.0
152a072c-5147-55d2-9388-89d3a85273bc,,,deb683f7-2004-54f4-9806-9e7c78be1c61,100g phần,GRAM,100.0
1869155f-185b-5995-8a9c-5c0417d8d528,,,deb683f7-2004-54f4-9806-9e7c78be1c61,9 oz,GRAM,250.0
3e3eeeba-fef2-5b89-885d-c538d5f563b0,,,02401f61-294b-5bf6-8c23-ee7bccb98d4a,100g phần,GRAM,100.0
303874f5-0450-541b-a569-1004de76be16,,,02401f61-294b-5bf6-8c23-ee7bccb98d4a,1 plate,GRAM,250.0
cbb81df7-8060-5427-b341-9714b2f48369,,,6c64316d-2233-5f3d-8a48-094bee1d2b15,100g phần,GRAM,100.0
d44a7d2a-1748-5ca4-8ec3-8a97951c58d1,,,6c64316d-2233-5f3d-8a48-094bee1d2b15,1 cup,GRAM,235.0
4f7eece6-e744-5f20-adbe-9198db9caa7e,,,31c7fe8e-c891-5570-83bd-702f7c115f62,100g phần,GRAM,100.0
3d58d2e4-3aca-5eed-864e-4699fe5f235d,,,31c7fe8e-c891-5570-83bd-702f7c115f62,1 plate,GRAM,350.0
df955e09-b9be-5d38-b221-ce1d3f2e5b79,,,82d27634-1a68-5ca6-8224-b04c88d9a739,100g phần,GRAM,100.0
2f7c9810-194f-5b7d-9fc3-f48e994b2e5c,,,82d27634-1a68-5ca6-8224-b04c88d9a739,8 fl oz,GRAM,240.0
a0abe065-a6ff-5bac-b8dc-f96aa898bb32,,,4fa9d48e-2910-5489-ae60-0575d3fa0bd5,100g phần,GRAM,100.0
71183563-9023-5891-8395-62a37011d08f,,,4fa9d48e-2910-5489-ae60-0575d3fa0bd5,1 cup,GRAM,240.0
f76afbd5-7be3-5908-8369-ef61c222819d,,,212dd87f-4925-52de-9bcc-b7a49f7ccaff,100g phần,GRAM,100.0
8e6b5351-b339-5fdc-ab75-72c9b29d8540,,,212dd87f-4925-52de-9bcc-b7a49f7ccaff,1 bowl,GRAM,365.0
089847ee-6cc7-5ef5-89a1-076ac7147a5a,,,e4901e91-ee4b-5457-9223-1aca09777ff7,100g phần,GRAM,100.0
96b907a0-ff55-54ff-ac64-604f4bf006c1,,,e4901e91-ee4b-5457-9223-1aca09777ff7,1 cup,GRAM,237.0
c4df5513-28d7-5976-b1f4-2c2943983f99,,,84bfbb39-7913-5098-937b-7ffa3400b113,100g phần,GRAM,100.0
b51b666d-91e7-5699-b51c-320e62463187,,,84bfbb39-7913-5098-937b-7ffa3400b113,1 roll,GRAM,80.0
4f69c45e-9f4f-59bc-a151-a29eb77e1efc,,,70dd6a81-aa0f-5140-96eb-b1b4b120e466,100g phần,GRAM,100.0
89dde110-6638-5579-b2b2-a4d83ca080b8,,,70dd6a81-aa0f-5140-96eb-b1b4b120e466,1 oz,GRAM,28.0
b84e9ec6-5fcb-5a95-9114-4c94e9a8ed31,,,26474860-a7d9-5a20-a7c8-ea77a5fc38ad,100g phần,GRAM,100.0
237132c1-8cc2-56ca-a2ac-bc5878501728,,,26474860-a7d9-5a20-a7c8-ea77a5fc38ad,4 oz,GRAM,113.0
83a15c5f-5ba9-5673-be23-320a9ef15e14,,,11ccd040-9cb0-5c18-a365-ba9c8b744946,100g phần,GRAM,100.0
dc08aa5f-0767-5ab5-8baa-ca82a35aaf46,,,11ccd040-9cb0-5c18-a365-ba9c8b744946,1 plate,GRAM,250.0
c8138a47-e7c4-5397-82d6-55bdbff9634c,,,a7e72298-db7c-5224-aa3c-6495e055f43e,100g phần,GRAM,100.0
2e9e62cf-c975-56c1-a990-fb97e83d1e66,,,a7e72298-db7c-5224-aa3c-6495e055f43e,3 skewer,GRAM,150.0
2c75ac40-af6d-5379-9b66-911824aff3d0,,,7533dc43-f1a5-5bf4-b787-5d5d618eb61d,100g phần,GRAM,100.0
60a4c4a7-7a4c-5d79-9399-07de3d1ab450,,,7533dc43-f1a5-5bf4-b787-5d5d618eb61d,1 plate,GRAM,235.0
99fcf44b-42cd-52c1-8a18-3e8aeda50cb5,,,ffa471b3-38f4-5643-b58d-3d3e2e8daefb,100g phần,GRAM,100.0
34af9417-417f-597d-97f5-f229146dbb9f,,,ffa471b3-38f4-5643-b58d-3d3e2e8daefb,1 oz,GRAM,28.0
8967aa4f-6e07-5584-954e-20963287b791,,,3ab61679-c810-5f38-a997-1ba18dd270ce,100g phần,GRAM,100.0
032d59da-b554-5df6-a5e5-87f6fd0d62b9,,,3ab61679-c810-5f38-a997-1ba18dd270ce,1 bowl,GRAM,500.0
99fab77f-dfc3-5be5-883a-13917efbc16f,,,76aa9858-c8e3-5b4e-83d1-83942097821f,100g phần,GRAM,100.0
6f65c06e-755b-5c14-89f3-b91ef9d6448e,,,76aa9858-c8e3-5b4e-83d1-83942097821f,1 cup,GRAM,236.0
b9168194-efc7-5553-b12e-c36d47921bf4,,,e7dc545a-8f0a-5ae3-9529-0d2dc71c3f18,100g phần,GRAM,100.0
7a2c5a19-d45d-587b-85c7-f313936e55dd,,,e7dc545a-8f0a-5ae3-9529-0d2dc71c3f18,1 sandwich,GRAM,150.0
6220f5f2-43c2-55ac-a0f5-d48a9401e01c,,,091d3ae7-b4e6-55f5-825f-4c7cf7180e44,100g phần,GRAM,100.0
d5fb72a3-47f7-505f-8034-f8d9bb432384,,,091d3ae7-b4e6-55f5-825f-4c7cf7180e44,1 skewer,GRAM,150.0
b48d45da-f466-5378-b741-a7515c1563c4,,,1d86c1d2-1ec2-5d8d-8f98-17899ad6e9d2,100g phần,GRAM,100.0
bf6f7e37-12b2-58aa-93a0-a37f4eff8ee1,,,1d86c1d2-1ec2-5d8d-8f98-17899ad6e9d2,1 pickle,GRAM,30.0
18827e95-3791-5a26-bcd5-89c448a1b21f,,,46677b4c-a83a-5ab8-bcb9-2e7c3c9adbf5,100g phần,GRAM,100.0
62a310ee-157a-5659-b29b-39fe65cd30b7,,,46677b4c-a83a-5ab8-bcb9-2e7c3c9adbf5,4 bite,GRAM,35.0
5da967b5-6d48-500a-84d0-3c2ef6bf319e,,,cd0fcb8a-7669-5192-b8f0-78bc6e4f6e48,100g phần,GRAM,100.0
4c3a0f15-d2d5-55ff-9b18-1dc7e22198e0,,,cd0fcb8a-7669-5192-b8f0-78bc6e4f6e48,2 oz,GRAM,56.0
e75874b6-7bf6-5ee0-bf98-7f5fbe5d2daf,,,b6b28989-ca5a-5437-8e13-cfe947ee0468,100g phần,GRAM,100.0
7fde6989-2467-5653-b691-682559a5515d,,,b6b28989-ca5a-5437-8e13-cfe947ee0468,1 cookie,GRAM,50.0
36eb9752-115b-5c1a-a8cd-35d81ab87b23,,,8d394612-4128-589f-8b1f-19869337f56c,100g phần,GRAM,100.0
823c6499-398e-5852-ba05-97d13a05f9f6,,,8d394612-4128-589f-8b1f-19869337f56c,1 plate,GRAM,300.0
6f84627b-62a1-5b83-94a6-a05df4a96821,,,ca3078ad-6f8d-5013-9345-de087e96b1ba,100g phần,GRAM,100.0
f7c1635b-5c98-5cf9-b916-d727432a66eb,,,ca3078ad-6f8d-5013-9345-de087e96b1ba,1 plate,GRAM,500.0
37112715-cabc-530a-9fce-1f17a11107e7,,,1256e427-491c-50d1-9f90-7c7a5d2993f8,100g phần,GRAM,100.0
746851c1-1b47-5556-96ad-58be92a6faad,,,1256e427-491c-50d1-9f90-7c7a5d2993f8,1 plate,GRAM,180.0
032b12fc-d25f-5104-a52e-723c379905be,,,9f69b5e3-9f60-5af0-869b-eea6811acbd6,100g phần,GRAM,100.0
ada254e8-6923-5e13-adb6-3b5f20015080,,,9f69b5e3-9f60-5af0-869b-eea6811acbd6,1 plate,GRAM,600.0
d1fee2a2-1e8a-5f77-82ea-e1ec638004b3,,,e4c31859-fffd-5368-909e-7475dcf8c776,100g phần,GRAM,100.0
96f21bcb-e9b7-5b98-94d9-25d175f95a04,,,e4c31859-fffd-5368-909e-7475dcf8c776,5 pepper,GRAM,283.0
664c8b99-956e-55d2-97a1-1454f59a4021,,,1dfede5e-ad63-56d6-a631-e2a1322a165d,100g phần,GRAM,100.0
5e9e9d88-9052-5aed-8275-cf7edad0ade4,,,1dfede5e-ad63-56d6-a631-e2a1322a165d,1 bowl,GRAM,600.0
e5973108-064d-55a9-b1a1-6f6f32e21c99,,,bd32af23-8f93-5c94-b54b-bd8fa7fd8278,100g phần,GRAM,100.0
27c86bf2-0517-535b-949d-4095d133bb99,,,bd32af23-8f93-5c94-b54b-bd8fa7fd8278,1 oz,GRAM,28.0
243293bd-593c-519c-8e72-3dc0ea5b5823,,,1b2edfd8-228a-5116-9e86-875f6901d0b1,100g phần,GRAM,100.0
d9d49c7a-2e2a-5c9e-981a-482564030e0f,,,1b2edfd8-228a-5116-9e86-875f6901d0b1,0.75 cup,GRAM,180.0
bcee562f-517c-5143-a6f9-96b16c3b7459,,,6e263512-e74d-5418-8693-10a3deb5379d,100g phần,GRAM,100.0
e8cec3ad-c6da-5343-a0d1-00f385564ade,,,6e263512-e74d-5418-8693-10a3deb5379d,1 plate,GRAM,350.0
7de2e5bd-ff12-59c2-86f3-438ee62fff7f,,,87be6b93-7c38-5a2b-a1d3-bfc4259e1d15,100g phần,GRAM,100.0
37817451-b596-5a02-8e4f-a132aab6a778,,,87be6b93-7c38-5a2b-a1d3-bfc4259e1d15,1 flatbread,GRAM,200.0
