id,created_at,updated_at,food_id,name,unit_code,grams
11b92f84-e691-5cf9-9460-69ac38e6cda7,,,c53bbde7-d9ac-58c1-96f9-23cbaae379d0,100g phần,GRAM,100.0
ea18589d-4d19-5a7d-9777-fe760a626dc4,,,c53bbde7-d9ac-58c1-96f9-23cbaae379d0,3 oz,GRAM,85.0
4defe23d-8048-56e1-8f25-62ce548af8f1,,,3c8211a7-8b69-5e46-a408-5eccee49b52f,100g phần,GRAM,100.0
bca09dad-1e08-5de5-b469-3a6670ca6742,,,3c8211a7-8b69-5e46-a408-5eccee49b52f,4 oz,GRAM,113.0
86a957e2-4e30-518f-b835-2764e56f8408,,,3674ec34-90f4-54b5-9bb6-eb7665c708d2,100g phần,GRAM,100.0
4f59719c-25c3-5280-bce8-16b225febbe8,,,3674ec34-90f4-54b5-9bb6-eb7665c708d2,3 piece,GRAM,150.0
e256c403-aea2-5e48-930c-06e1b26a17fa,,,6194b4f2-f45a-51c6-9dab-42506c531cc5,100g phần,GRAM,100.0
bd92f903-62dc-5bcd-8b09-8848f58c7b26,,,6194b4f2-f45a-51c6-9dab-42506c531cc5,4 oz,GRAM,113.4
7ef82e05-1865-5b69-85a3-c4b563cb6ed6,,,a926d6b7-0697-5433-86c0-23691230b634,100g phần,GRAM,100.0
637a7649-290f-54d4-ad79-01fcc86b5ed0,,,a926d6b7-0697-5433-86c0-23691230b634,4 oz,GRAM,113.0
58c6ac21-0641-5ef2-af50-5de36f289260,,,4685cac0-9675-5fac-b413-e87b41b3ffd8,100g phần,GRAM,100.0
69978b4c-3fc0-5ca1-86e9-ce3a281d76a2,,,4685cac0-9675-5fac-b413-e87b41b3ffd8,1 oz,GRAM,28.35
a56e24d4-b857-5521-ac97-3ecb433c7357,,,e4d1edc6-c358-50bd-ac01-91b65021955c,100g phần,GRAM,100.0
0e925faa-cd7c-5a51-8f73-cd06ab9c48d4,,,e4d1edc6-c358-50bd-ac01-91b65021955c,3 oz,GRAM,85.0
bff6bffc-313e-5dac-976d-606f31237e0a,,,0a20c237-4fb3-563a-bc00-55934ac4db91,100g phần,GRAM,100.0
c664e52b-2493-5d63-ad39-644a88da9175,,,0a20c237-4fb3-563a-bc00-55934ac4db91,4 oz,GRAM,113.4
39c8a4df-7d1a-5cfd-a903-a0860e97433a,,,4b698303-6e09-5d4f-a7c7-d50f23e71c81,100g phần,GRAM,100.0
78c99f07-0229-5ea2-8535-4876c5ddce1d,,,4b698303-6e09-5d4f-a7c7-d50f23e71c81,4 oz,GRAM,113.4
d6029ee5-bdf2-5cd7-aad2-5e7eab39e965,,,804d1fb4-3f8e-5268-b105-9a7212793480,100g phần,GRAM,100.0
cdd24738-0966-552f-b94b-d80cad564d8b,,,804d1fb4-3f8e-5268-b105-9a7212793480,2 oz,GRAM,56.0
e4424967-5bb2-50b4-9a8a-8bfd6df8f273,,,adaf6e66-fe4b-510a-bb1d-c2f3f6428388,100g phần,GRAM,100.0
3e3b9eb6-838d-55d3-a83a-29d7aad5a32c,,,adaf6e66-fe4b-510a-bb1d-c2f3f6428388,4 oz,GRAM,113.4
3b2778ab-a8b5-5f6c-b2de-52116ec4a323,,,ad0743c3-f46f-5991-aba1-145b1d46cd0f,100g phần,GRAM,100.0
d66286e4-2d0d-5dd4-802b-0446a8f9099d,,,ad0743c3-f46f-5991-aba1-145b1d46cd0f,3 oz,GRAM,84.0
082de759-0abe-58de-8278-4ae4e887ca1d,,,5b40cbdc-2ddf-59dc-a01e-0094db63da29,100g phần,GRAM,100.0
962d6dde-761f-5db5-a908-20bb8d527c4f,,,5b40cbdc-2ddf-59dc-a01e-0094db63da29,3 oz,GRAM,85.0
8bb920f3-ca6a-53d6-84d1-429a52682150,,,5f54a616-35cf-5f3e-89e4-819ff163c548,100g phần,GRAM,100.0
e9d20298-8514-54d2-87ed-6b0b72b8f0b4,,,5f54a616-35cf-5f3e-89e4-819ff163c548,3 oz,GRAM,85.0
1c2fb070-0335-52e0-bc20-dff92424fd0f,,,ce887011-b222-5e4d-9788-354e213143c8,100g phần,GRAM,100.0
aac5ffdc-b41a-5f4c-8b06-59923f590047,,,ce887011-b222-5e4d-9788-354e213143c8,3 oz,GRAM,85.0
27a4ec88-dfdd-56ee-9eb3-da8a2fab37c0,,,dd905bb8-168c-58ea-bf1c-ddc54a4e83c9,100g phần,GRAM,100.0
f4f715b9-b1e0-53fa-8dc6-0829f4aed96b,,,dd905bb8-168c-58ea-bf1c-ddc54a4e83c9,3 oz,GRAM,85.0
3d467997-f403-5c86-9df7-e184a1e19954,,,8ffd10eb-d1c4-5aa1-aff0-792521a85e2b,100g phần,GRAM,100.0
47db6525-353c-5726-9405-0b65761b4ebd,,,8ffd10eb-d1c4-5aa1-aff0-792521a85e2b,3 oz,GRAM,85.0
a0a3a401-5cd1-51b8-9dc7-a8c8fb6e34f6,,,75421a77-9f04-5fcf-bbe6-93afa9b45bde,100g phần,GRAM,100.0
0063b082-8665-5132-b67b-d707f1791e0c,,,75421a77-9f04-5fcf-bbe6-93afa9b45bde,2 oz,GRAM,56.0
4c483ebf-2a1e-5c00-9256-f10032c7716f,,,df7aafca-03d3-5984-b388-cef29177ab5e,100g phần,GRAM,100.0
e6a4be3c-9f23-5907-9970-69bf4a012f2f,,,df7aafca-03d3-5984-b388-cef29177ab5e,2 oz,GRAM,56.7
2eb97fb3-8c41-59f0-a78e-0be4393476b7,,,abe607ec-a5a2-56b3-a636-52ea91f1d6a3,100g phần,GRAM,100.0
6a1fb0ea-580a-535a-a842-289574254eec,,,abe607ec-a5a2-56b3-a636-52ea91f1d6a3,2 oz,GRAM,56.0
b9d6e4fe-6144-5cc6-bb1a-184c19498e4a,,,60e834f7-9aee-5411-8787-b73a5932ba41,100g phần,GRAM,100.0
446e5cc8-c475-534a-b4dc-b1fb7b739b64,,,60e834f7-9aee-5411-8787-b73a5932ba41,4 oz,GRAM,113.0
79a32ea0-679c-5d2e-8d64-b19f688f83af,,,ee0ec3c3-122b-528f-8948-f90964ce1824,100g phần,GRAM,100.0
7c8a2eb1-572c-556c-93b2-e37ff41cdb29,,,ee0ec3c3-122b-528f-8948-f90964ce1824,3 oz,GRAM,85.0
73cdcad6-6371-5063-bf16-f9fabe94f546,,,bf446a47-975d-5ff1-931a-f4843d764e51,100g phần,GRAM,100.0
026e18b4-84aa-59f0-b5d0-cdbd0ba4f7d4,,,bf446a47-975d-5ff1-931a-f4843d764e51,3 oz,GRAM,85.0
a4616682-bea9-5cc4-82fc-ca6679e5a64e,,,dabc4ee4-8a5f-5f19-9f5e-aedc08a6ff10,100g phần,GRAM,100.0
fa5d65d9-5a5a-5b11-b9a5-379120e61dd8,,,dabc4ee4-8a5f-5f19-9f5e-aedc08a6ff10,3 oz,GRAM,85.0
620d7feb-9c34-55a6-befb-dcb184089246,,,6573f619-c85d-58be-bf74-bd9258a733cb,100g phần,GRAM,100.0
971224bc-5f3f-5dfd-ba5d-bf50b23c4040,,,6573f619-c85d-58be-bf74-bd9258a733cb,2 oz,GRAM,56.0
1b672d27-10db-576e-9c4e-6a8d44f6fbc5,,,5b107d3e-3a1b-57ad-96c0-45f60054ab34,100g phần,GRAM,100.0
188e15f8-e4d0-5917-946d-201481edeedb,,,5b107d3e-3a1b-57ad-96c0-45f60054ab34,8 oz,GRAM,227.0
665db6f3-898d-5d29-a170-f1b6a31da5af,,,70625eac-e137-5410-bed9-4f717974a84a,100g phần,GRAM,100.0
6a5fdb70-0f15-552a-888d-9d6e97e58235,,,70625eac-e137-5410-bed9-4f717974a84a,2 oz,GRAM,56.0
1e139bbb-1273-5fd3-9edc-b253f4e7a5fb,,,98b2dc5f-d5a3-566b-a3fa-8a482123ec5e,100g phần,GRAM,100.0
1c982450-935d-5dc2-a45d-a374ca1dc482,,,98b2dc5f-d5a3-566b-a3fa-8a482123ec5e,4 oz,GRAM,113.4
1e0c2092-ab61-5091-85c6-05628b2e6cc1,,,b01e0709-a414-5c7c-84b1-524482ee06d5,100g phần,GRAM,100.0
e2c831e4-1cfe-53d9-8ed1-dbeda2abee97,,,b01e0709-a414-5c7c-84b1-524482ee06d5,4 oz,GRAM,113.0
d8525c69-6528-5395-b21c-e06f58a75253,,,db7378d1-8824-5d6e-bd59-7bc2c52074da,100g phần,GRAM,100.0
44ecf4b9-dbb5-54e0-aecd-ee0b0e94bea0,,,db7378d1-8824-5d6e-bd59-7bc2c52074da,4 oz,GRAM,113.0
c099d654-274e-5a1c-a251-8b9cfb235451,,,ffbf8125-2835-55f7-89a7-1cd5261ea83d,100g phần,GRAM,100.0
c509b714-8c0b-5783-b181-666f7f50b812,,,ffbf8125-2835-55f7-89a7-1cd5261ea83d,1 burrito,GRAM,240.0
e9385547-0c87-50dc-a5af-f7f1d3f3df55,,,b1638e70-e3d4-524c-851b-321b51da2df2,100g phần,GRAM,100.0
efc08390-f545-5aef-8c5e-d859e8bae231,,,b1638e70-e3d4-524c-851b-321b51da2df2,3 oz,GRAM,85.0
816ae60b-d997-5180-b594-87f82433131d,,,d945f1b5-7f32-5c08-aa63-a3f0e6406836,100g phần,GRAM,100.0
ff6a718d-48e8-5bb4-abb8-82c27782f63f,,,d945f1b5-7f32-5c08-aa63-a3f0e6406836,1 slice,GRAM,24.0
7c2fd46b-2154-5558-9e6e-d6733ffe36dc,,,c1933c93-8961-575d-863b-d1f7a0d7ba2e,100g phần,GRAM,100.0
487745df-5d1b-5237-b19e-bb3c15ee0bd6,,,c1933c93-8961-575d-863b-d1f7a0d7ba2e,1 cup,GRAM,250.0
0739bd16-6f34-58ea-a5aa-1a87c0119175,,,a15567db-ab52-549b-8655-ffcc0997e3e1,100g phần,GRAM,100.0
27ca6305-3fea-5d8c-9ed4-ea91194afb21,,,a15567db-ab52-549b-8655-ffcc0997e3e1,3 oz,GRAM,85.0
feca262d-08c1-5dcf-98a2-08ec4c75aaa4,,,3071fb44-c2af-5596-9015-578c23a8e0d7,100g phần,GRAM,100.0
8ace7bf9-854e-56a3-b65e-f1c38964e482,,,3071fb44-c2af-5596-9015-578c23a8e0d7,1 oz,GRAM,28.35
881913c9-217b-562b-b1ee-630abf0cae97,,,2d7b9d45-0c7c-5baa-a7d5-52fdd2866fdd,100g phần,GRAM,100.0
78d6b7ac-0638-5b32-b844-0147a897170c,,,2d7b9d45-0c7c-5baa-a7d5-52fdd2866fdd,1.2 oz,GRAM,34.0
d97b99d4-1a00-5d7d-a1f7-a8ef5b6e8525,,,1916a7cd-f2dd-5ae0-a54b-37af9d985727,100g phần,GRAM,100.0
e2c63429-cdeb-5296-bff7-b803dd94aea5,,,1916a7cd-f2dd-5ae0-a54b-37af9d985727,1 cup,GRAM,253.0
841ccfd5-0477-5f14-8bc7-453ac3733b12,,,8cd457af-0ff7-5cb2-879d-7d95f26eed73,100g phần,GRAM,100.0
f1fd1107-ccd6-55fb-8d21-2cd5110d7af3,,,8cd457af-0ff7-5cb2-879d-7d95f26eed73,4 oz,GRAM,113.4
bb2c44f6-987e-575b-9806-4d3d52faf557,,,08bfbf32-fb96-54e5-9dbc-d7c861792380,100g phần,GRAM,100.0
90f6c03f-2587-502c-ba11-3ab75b7a804c,,,08bfbf32-fb96-54e5-9dbc-d7c861792380,2 oz,GRAM,57.0
e3a449bd-b2f0-5a6e-9179-b39ce3558a70,,,7b1270f6-cf64-5e8f-a710-ca6ae62c166c,100g phần,GRAM,100.0
38eeb29c-7e7a-599f-bb07-009f3b295a76,,,7b1270f6-cf64-5e8f-a710-ca6ae62c166c,6 wing,GRAM,150.0
294e4c01-8d40-5ff2-99d2-d6b9e8771b22,,,913bb326-014a-5206-bf76-36d0e493d4f7,100g phần,GRAM,100.0
7dcdf85a-01c2-500c-881e-9dfd6a27b956,,,913bb326-014a-5206-bf76-36d0e493d4f7,2 oz,GRAM,56.0
7ac15cd2-307b-55be-9ea4-34657068ff5c,,,c44c907c-d082-5fb3-ad01-2f42235fa458,100g phần,GRAM,100.0
c61d4857-5d74-5c06-9e88-7a125b36fb8e,,,c44c907c-d082-5fb3-ad01-2f42235fa458,4 oz,GRAM,113.0
6e48ded2-0447-5fb9-b581-a8a10fc693d2,,,4033ae2a-aeac-5045-acfb-e7a50a2d0ded,100g phần,GRAM,100.0
2d091622-bdef-5dfb-9149-b924914688b9,,,4033ae2a-aeac-5045-acfb-e7a50a2d0ded,4 oz,GRAM,113.0
f23b7556-fc7e-5e1c-94b6-2815f1d7809e,,,624f8386-9413-54f5-8445-8f3f6316b6e0,100g phần,GRAM,100.0
9bb839c9-d358-5ea6-96a4-aaddf35e5bcf,,,624f8386-9413-54f5-8445-8f3f6316b6e0,9 oz,GRAM,250.0
f24717f3-1bb9-56ec-a820-ee0d90207042,,,9f08dcb0-3fb9-59f8-8552-892546537954,100g phần,GRAM,100.0
0e25aee6-6aea-5a78-ba5d-30815b0f0ccd,,,9f08dcb0-3fb9-59f8-8552-892546537954,2 oz,GRAM,56.0
7e3d56c9-c194-55b3-a30d-859b55d25ffe,,,24cd0f14-1fd1-5640-9927-054d65dde861,100g phần,GRAM,100.0
00c6c72e-36e1-587b-80f9-00cb67e190fa,,,24cd0f14-1fd1-5640-9927-054d65dde861,3 oz,GRAM,85.0
777baf05-31b7-50dc-9bba-76e928d752a1,,,b79ab44e-50df-56bc-bbec-15542b921994,100g phần,GRAM,100.0
1fc4a94f-eb4e-5e34-8a1c-077a399011f1,,,b79ab44e-50df-56bc-bbec-15542b921994,1 oz,GRAM,28.35
77d1c003-2121-5592-972e-2b02afd70ac6,,,37355b7b-063e-5efa-8c1f-dec632b1929b,100g phần,GRAM,100.0
1912b06d-2e28-5e6b-b454-05a37f24e6b5,,,37355b7b-063e-5efa-8c1f-dec632b1929b,3 oz,GRAM,85.0
a682c97a-ad1d-5f75-a1de-41db8012d0a7,,,a4a681d9-42ce-5e0a-91da-3792d622e189,100g phần,GRAM,100.0
10f7313c-fa12-5624-bbf4-7b72021a9c67,,,a4a681d9-42ce-5e0a-91da-3792d622e189,4 oz,GRAM,113.4
effe601c-875d-51b8-8f61-0f448e76b634,,,4da4e953-c0f6-53df-a54f-bc994ca90bde,100g phần,GRAM,100.0
99ba30d8-cdfb-5429-bc34-751cac7314fe,,,4da4e953-c0f6-53df-a54f-bc994ca90bde,4 oz,GRAM,113.4
75e35f80-1768-5d09-a6b8-feee083ab46b,,,9edfd7ae-1cc6-5ed4-a60d-58a251c6ac7b,100g phần,GRAM,100.0
0f949614-d4f5-5e53-b0b3-5259e8efd7ca,,,9edfd7ae-1cc6-5ed4-a60d-58a251c6ac7b,1 thigh,GRAM,113.0
3f1d0623-84f1-5266-948a-20135d17ccc7,,,d147f4c1-23de-5720-afc4-69bb39564629,100g phần,GRAM,100.0
ba79b20d-58a7-5db0-8df3-ca896e8d0582,,,d147f4c1-23de-5720-afc4-69bb39564629,4 oz,GRAM,113.4
2ec4f916-4de8-564f-93c9-04750e1012b5,,,2097c0d4-f2c5-5fbb-9794-2679d8a2796d,100g phần,GRAM,100.0
9122611d-a2d5-50fc-bbec-370f6e22b96c,,,2097c0d4-f2c5-5fbb-9794-2679d8a2796d,6 oz,GRAM,170.0
3e8bdd12-64ea-5f06-acd9-bcde274ca6b1,,,30d58e22-d7c5-57d3-b173-781c28d49513,100g phần,GRAM,100.0
3142359c-cc8c-5197-bef3-bcbfe2f52684,,,30d58e22-d7c5-57d3-b173-781c28d49513,3 oz,GRAM,85.0
2d283c0e-7e3f-5b28-9a1c-36cda7e70ac6,,,20f4a488-0841-5d6b-8d55-cb72dc367432,100g phần,GRAM,100.0
d8218e48-980f-50b9-ac04-b9d2707bafb1,,,20f4a488-0841-5d6b-8d55-cb72dc367432,3 oz,GRAM,85.0
0509922a-a266-55ec-9ac0-cd479daf057e,,,314e653a-a010-57e4-8edc-61f11dc4c097,100g phần,GRAM,100.0
ee983f84-58df-5150-9679-afd56b8ca970,,,314e653a-a010-57e4-8edc-61f11dc4c097,10.6 oz,GRAM,300.0
e80298e0-06f1-5b25-b171-38ca1e306390,,,8766258e-a288-5a6a-90ad-c5046bc96e22,100g phần,GRAM,100.0
843e4345-d328-53d9-89b4-89b59f27263b,,,8766258e-a288-5a6a-90ad-c5046bc96e22,4 oz,GRAM,113.0
d8a6240f-298a-5691-a34d-4483dea9d007,,,aa7bffcf-e68d-5530-83ca-965a353acf55,100g phần,GRAM,100.0
de8c71be-f6a5-592d-a514-a66624b53ff9,,,aa7bffcf-e68d-5530-83ca-965a353acf55,3 oz,GRAM,85.0
99da96ce-ba59-5052-a364-ab9d29e33306,,,60b794d3-3238-5fab-aff8-2bdd67367e6c,100g phần,GRAM,100.0
c317e521-2f80-50f3-81ae-c2d5f265845c,,,60b794d3-3238-5fab-aff8-2bdd67367e6c,2 oz,GRAM,56.0
8444927c-f14b-503f-bfba-c884e3e799b6,,,250fc789-cbce-553b-9bc1-3576e4935146,100g phần,GRAM,100.0
af92c507-4af7-5612-b705-f26390a0409a,,,250fc789-cbce-553b-9bc1-3576e4935146,2 oz,GRAM,56.0
c55cf88b-4179-56d4-af42-0d2681215bf3,,,53e80737-4e83-54af-81ba-fc5a6fa2deef,100g phần,GRAM,100.0
1b945e88-cab4-5a9b-9a00-58a4aca0a786,,,53e80737-4e83-54af-81ba-fc5a6fa2deef,3 oz,GRAM,85.0
97b4dff7-8fc4-5639-8c1e-a0c732f8a4dc,,,0c6154b3-fd45-5e3f-945c-9757835ceb1d,100g phần,GRAM,100.0
00dd1521-8e39-5b76-90ab-afc33d809ada,,,0c6154b3-fd45-5e3f-945c-9757835ceb1d,1 oz,GRAM,28.35
26a17712-da85-5e7a-8ca0-72c87564095d,,,e553c080-fc6a-5d68-9b28-79f14bead336,100g phần,GRAM,100.0
ca6df1ff-7f02-5644-8cc9-8a8748938432,,,e553c080-fc6a-5d68-9b28-79f14bead336,0.25 cup,GRAM,50.0
b9516c57-a30c-5ce4-9c21-85635f548c06,,,48121f5e-9064-50f5-ad53-722f64a84c0b,100g phần,GRAM,100.0
9f786363-20d5-586c-84ad-d25b6c91596a,,,48121f5e-9064-50f5-ad53-722f64a84c0b,3 oz,GRAM,85.0
1acfdf9c-ef5e-58e7-93ce-74171655e6ed,,,b6e95d97-eee4-51ec-8d99-b4f0f6e4d81e,100g phần,GRAM,100.0
6816c9a0-a702-510a-9564-ce638ac43cb7,,,b6e95d97-eee4-51ec-8d99-b4f0f6e4d81e,4 oz,GRAM,113.0
4287fdb7-c2b0-53bf-b9f6-541c05dc9194,,,ab40103c-7847-5329-bb51-b719059f4206,100g phần,GRAM,100.0
33d8420f-ba39-520d-9809-5aeac46d1115,,,ab40103c-7847-5329-bb51-b719059f4206,3 oz,GRAM,85.0
3a4cfb9e-3b22-5e8b-9d45-7b5e2131745a,,,d57b31e0-f646-5cd0-b35e-e40a1ce65a04,100g phần,GRAM,100.0
16f9f119-49ab-5d96-a9c8-6d004ed8b74c,,,d57b31e0-f646-5cd0-b35e-e40a1ce65a04,3 oz,GRAM,85.0
0e35e446-931b-55f5-a419-2e80c30d0d21,,,77e804ce-a870-56d3-b97e-4a2f055c81a8,100g phần,GRAM,100.0
dcc5ea59-1eb9-5e0e-9090-c9fc9dd0489b,,,77e804ce-a870-56d3-b97e-4a2f055c81a8,3 oz,GRAM,85.0
ee40134a-6d6a-538f-84c3-9075c76c1fb4,,,813c0e4c-3728-5f5f-a99e-607ef5a4bfb4,100g phần,GRAM,100.0
b78216a4-0d7d-58a2-84f8-808b78123356,,,813c0e4c-3728-5f5f-a99e-607ef5a4bfb4,1 oz,GRAM,28.0
e8e9086a-2797-5a2e-8f36-092e1c5b1bcc,,,1eb9036b-327d-5cd4-9332-b4802ac216dd,100g phần,GRAM,100.0
efe15f27-8676-5565-9c56-8f1d6f07336d,,,1eb9036b-327d-5cd4-9332-b4802ac216dd,3 oz,GRAM,85.0
e8618f44-e917-50f5-9d68-d9524ac765d0,,,7bd2ef86-1de8-5e50-b7d5-9752c96d6ea3,100g phần,GRAM,100.0
42e7efd2-8fb3-542f-959e-661103915dc3,,,7bd2ef86-1de8-5e50-b7d5-9752c96d6ea3,4 oz,GRAM,113.0
920309fb-b19d-5e03-acb8-b4b5f50aa3c0,,,924109a0-3aa2-5d44-8152-4af3760793c2,100g phần,GRAM,100.0
18344855-f5b7-5bf7-81aa-c91543847332,,,924109a0-3aa2-5d44-8152-4af3760793c2,1 sandwich,GRAM,230.0
46fdfbc2-2518-5d9f-9d65-9b56e599f803,,,9fe059ff-a3a9-58eb-9a7f-fa97d8a80217,100g phần,GRAM,100.0
8233916a-0e5a-5548-aa6b-4e9f13af0ff5,,,9fe059ff-a3a9-58eb-9a7f-fa97d8a80217,3 oz,GRAM,85.0
92a96dd9-06a9-5233-94e4-675acd2eaeef,,,ac947bc8-288b-5656-866c-5f55f9d0a659,100g phần,GRAM,100.0
c1de2565-11bd-5000-a769-0b4039aa7ea2,,,ac947bc8-288b-5656-866c-5f55f9d0a659,2 oz,GRAM,56.0
db7b581a-57d6-5a7f-88dc-49056b7c6391,,,2d129e6a-8b5b-52e9-b473-69a86897555b,100g phần,GRAM,100.0
1da8e916-4067-5b06-8c02-8ed8ab0f0bb1,,,2d129e6a-8b5b-52e9-b473-69a86897555b,3 wing,GRAM,120.0
ca496581-eebf-549f-8e5d-cb0006406532,,,65d7ead2-7d1f-5b57-855a-c13d8da0d075,100g phần,GRAM,100.0
0baaaa80-fea9-502b-8d51-bd52d5dd199b,,,65d7ead2-7d1f-5b57-855a-c13d8da0d075,8 oz,GRAM,227.0
7b245a46-44c8-5aea-8eb9-cbf2c5dbaa38,,,6e6ad4df-0f00-52fe-ae3b-37984ea36743,100g phần,GRAM,100.0
c1f39050-2ec1-5a7a-85ec-4f1b00ffe00d,,,6e6ad4df-0f00-52fe-ae3b-37984ea36743,1 oz,GRAM,28.35
d7d884b6-0ea1-541a-b46d-b2d523529de5,,,8994bd0d-1172-530d-8e65-fd8cc32966bd,100g phần,GRAM,100.0
3657dc10-f347-51d2-a688-e9b5114f11ad,,,8994bd0d-1172-530d-8e65-fd8cc32966bd,1 oz,GRAM,28.0
57d58484-905e-5001-aab6-665484e08c17,,,6e401a81-ab74-5524-8c01-d5e465cc40a3,100g phần,GRAM,100.0
34849155-032e-5a01-8a0c-410684a45aee,,,6e401a81-ab74-5524-8c01-d5e465cc40a3,1 oz,GRAM,28.0
3922f7a4-4b12-5df1-8276-819d40a7a65f,,,73f8afad-fd15-549f-9a9e-72247d6710cb,100g phần,GRAM,100.0
7921aec9-dc44-5e6c-94cf-d1d2c2796fe4,,,73f8afad-fd15-549f-9a9e-72247d6710cb,3 oz,GRAM,85.0
044a9b10-cfa8-5a29-b776-04421489def8,,,c94eff60-58f6-5fd6-aa04-01c3425f9a04,100g phần,GRAM,100.0
deac05c1-e092-5f86-bda9-4015491120d6,,,c94eff60-58f6-5fd6-aa04-01c3425f9a04,3 oz,GRAM,85.0
60b96072-c5c2-566c-bbbb-db192cdb539d,,,1ed4ef0f-e124-513c-aed3-7dca0f84c10f,100g phần,GRAM,100.0
be49a96b-6b68-5c2a-9b38-d32d869b2b9b,,,1ed4ef0f-e124-513c-aed3-7dca0f84c10f,1 oz,GRAM,28.35
c35bdf3f-ae36-5580-920e-a402be0836d0,,,09fb32f3-aaaa-539a-9c13-ae1882cbf3d1,100g phần,GRAM,100.0
37dbc076-32d2-5cdd-9f21-c62ee155343b,,,09fb32f3-aaaa-539a-9c13-ae1882cbf3d1,4 oz,GRAM,113.0
95872d30-258a-593f-b313-3247bc43166c,,,1608d2f3-3a52-59f9-b5ab-dd1963fd447b,100g phần,GRAM,100.0
01b3387b-bbfb-5c4b-8c9f-b5552e714694,,,1608d2f3-3a52-59f9-b5ab-dd1963fd447b,2 oz,GRAM,56.7
b7c22a0c-c05f-5f77-b326-8bba51f7325c,,,bae31a2a-dfd1-5849-a940-ab2de3fa67da,100g phần,GRAM,100.0
a7f4ac76-696f-5b12-9cd7-bae37af8483a,,,bae31a2a-dfd1-5849-a940-ab2de3fa67da,3 oz,GRAM,85.0
c65fd791-8b9a-535c-98ec-755dac76399e,,,3da8921b-b9fb-5ec0-aae2-c785f7c43bab,100g phần,GRAM,100.0
c4f49f48-1708-5694-81ca-8939fc8f34dd,,,3da8921b-b9fb-5ec0-aae2-c785f7c43bab,2 oz,GRAM,56.7
e583dec1-ab0a-5cac-ba43-8597e85b99d7,,,1b8960db-2418-52e3-80fc-f2f838427aa2,100g phần,GRAM,100.0
117a43f9-f877-5ead-8523-52fb32f73cc5,,,1b8960db-2418-52e3-80fc-f2f838427aa2,2 slice,GRAM,56.0
bc530d16-0b97-5bf9-884c-da700a56050c,,,290fcc29-8236-5cf6-84ce-e91898b18057,100g phần,GRAM,100.0
bd942b77-7d8e-598b-9046-99812426a7fe,,,290fcc29-8236-5cf6-84ce-e91898b18057,2 oz,GRAM,57.0
70230bac-339d-59e9-b48c-977367cb4baa,,,caf1ab6b-32b5-5149-9abc-88fe50d67b4d,100g phần,GRAM,100.0
5a086a8b-ac4b-58f1-961d-c8d957907fd2,,,caf1ab6b-32b5-5149-9abc-88fe50d67b4d,4 oz,GRAM,113.0
c70d2b98-8c3d-5b92-a7a4-10fcae489335,,,4adb4286-78ad-548c-91be-c11f2334e515,100g phần,GRAM,100.0
224c5587-efdc-5305-a7e8-bde7fe7e0e36,,,4adb4286-78ad-548c-91be-c11f2334e515,2 oz,GRAM,56.7
6e3747a7-2ea4-527a-8119-2e13da478a70,,,be252931-3b34-5363-89e4-0d9586ec09c8,100g phần,GRAM,100.0
3673d6b7-4770-5f86-a983-2df4c0127b33,,,be252931-3b34-5363-89e4-0d9586ec09c8,1 oz,GRAM,28.0
1f06ecb1-e80b-5008-9f66-7bc39dee8c7e,,,eb84cdde-fe1e-5fae-8ce8-af261acb7fa4,100g phần,GRAM,100.0
b1f4ca1a-7b03-55aa-8bbd-f92dd9fc368c,,,eb84cdde-fe1e-5fae-8ce8-af261acb7fa4,4 oz,GRAM,112.0
1a2c48fa-6db6-5dac-813f-8b11e5d07986,,,ddb56b7d-699f-576e-a7e0-5e0d197805d6,100g phần,GRAM,100.0
2463aecc-85ba-59ab-b420-8c6f1b405d2d,,,ddb56b7d-699f-576e-a7e0-5e0d197805d6,3 oz,GRAM,85.0
1b85783e-c64b-5494-b980-b27aefc0c62b,,,aea706a9-72b9-5bab-90c7-b7f4016b389e,100g phần,GRAM,100.0
5e932c05-ce90-531b-a3c1-5ebe464d1810,,,aea706a9-72b9-5bab-90c7-b7f4016b389e,3 oz,GRAM,85.0
0a7ef46a-eafa-5c1e-9336-e52733b9ad51,,,4558e277-706c-5af3-a5d7-49191432263a,100g phần,GRAM,100.0
79d28cf2-26b3-5c92-be87-2209349c7905,,,4558e277-706c-5af3-a5d7-49191432263a,3 oz,GRAM,84.0
40acd515-67ad-5055-82d3-5713ab80fe46,,,be15b7fd-f1c4-596c-acf3-27ffdf5bd7be,100g phần,GRAM,100.0
69af456b-3b4f-50da-8aa1-31218d462053,,,be15b7fd-f1c4-596c-acf3-27ffdf5bd7be,1 plate,GRAM,250.0
5d68c4de-616c-59d5-abd3-c088d781c4b7,,,92fe2032-1461-505f-b074-f86c48db72d6,100g phần,GRAM,100.0
a1e2a4d8-aa28-51b0-9321-341aa339bf6b,,,92fe2032-1461-505f-b074-f86c48db72d6,1 oz,GRAM,28.0
c092cc27-48b2-5c93-8014-6cd4d10b77bb,,,787c3e15-d9fe-5206-9f5f-0658dde75ce5,100g phần,GRAM,100.0
bbde4d07-8961-5f62-bb92-d05297018a6a,,,787c3e15-d9fe-5206-9f5f-0658dde75ce5,3 oz,GRAM,85.0
c6fe71cc-8337-5a51-a202-549e0ba6856e,,,28e488e2-3d44-5ce0-bf00-a91289749168,100g phần,GRAM,100.0
459a211b-d052-560d-a4fd-51f19ce513c3,,,28e488e2-3d44-5ce0-bf00-a91289749168,4 meatball,GRAM,60.0
8b526561-b97f-51fb-90e5-3b5e6ca3837c,,,ee36b9ba-317a-5526-bfd6-d0b8e65cb044,100g phần,GRAM,100.0
c8cbd10c-c1d0-5589-a566-d321f90ac43b,,,ee36b9ba-317a-5526-bfd6-d0b8e65cb044,3 oz,GRAM,85.0
5afc2a4b-842c-5608-aa33-3887ed52df69,,,fd1b7022-4092-5522-af33-0f7b30ad0cce,100g phần,GRAM,100.0
07c1b6b7-c887-5013-912d-bf7b2f42c821,,,fd1b7022-4092-5522-af33-0f7b30ad0cce,1 cup,GRAM,240.0
2440b350-b794-51ce-92a4-8f0879564dea,,,bf282d81-2983-53e9-8152-b793ece74a47,100g phần,GRAM,100.0
694dac37-4eda-5668-955c-426d31bfb85c,,,bf282d81-2983-53e9-8152-b793ece74a47,8.4 oz,GRAM,238.0
cf71113b-bf64-5f5a-8962-f8ad7d5a4d90,,,ceed8979-e8a2-50f0-a66c-ff52ee870601,100g phần,GRAM,100.0
8e6032bd-a1c4-59e0-81dc-8b52f431b990,,,ceed8979-e8a2-50f0-a66c-ff52ee870601,2 tbsp,GRAM,30.0
3085e4d8-2ab5-5dc3-939b-30184cad4f92,,,85246342-de85-5064-93ac-b8d3e8bf22d8,100g phần,GRAM,100.0
82661bf3-2d22-5b1f-a3ee-540da5667936,,,85246342-de85-5064-93ac-b8d3e8bf22d8,3 oz,GRAM,85.0
5d25cb91-04c2-589e-ae56-66b697871987,,,e64fe54a-d27a-55ef-bfc4-99d9fc455741,100g phần,GRAM,100.0
599541b8-b036-5cab-afa3-60abf9e0bc86,,,e64fe54a-d27a-55ef-bfc4-99d9fc455741,1 sandwich,GRAM,200.0
94717f2c-97f6-5f1e-af91-9b5c1950a7f5,,,818818cd-0837-501a-9246-1717a871061f,100g phần,GRAM,100.0
cfd6310b-3175-5979-8961-e1b6f9c64e78,,,818818cd-0837-501a-9246-1717a871061f,4 oz,GRAM,113.0
f9498a72-ed5e-5d18-886a-7e919012e63c,,,d6c10f0e-7779-5efc-920f-e820fa2e029d,100g phần,GRAM,100.0
4cc47b92-dc6c-5f84-8fa1-dfccd9fe4403,,,d6c10f0e-7779-5efc-920f-e820fa2e029d,3 oz,GRAM,85.0
ccf6c762-dd6f-5432-8e0f-ffec9a06bce3,,,b2a9922f-eac2-53b9-81ce-05cb0a1001f6,100g phần,GRAM,100.0
cb9f187d-e93e-5d33-8a20-02b1ca2b0975,,,b2a9922f-eac2-53b9-81ce-05cb0a1001f6,2 oz,GRAM,57.0
adc02ad2-e145-5cfb-9a87-b84f57efa2cf,,,2030ebab-d4d9-57b8-b880-7088092daf1b,100g phần,GRAM,100.0
70e79536-a909-52a1-9704-3091c4c22506,,,2030ebab-d4d9-57b8-b880-7088092daf1b,1 piece,GRAM,170.0
95a43b31-cb8b-5f4e-9a4d-2cb2562c12a5,,,4d4a3ef8-2ef3-5319-8c16-55e204d97633,100g phần,GRAM,100.0
8d7a73b5-504d-5ae7-a038-5468894bb821,,,4d4a3ef8-2ef3-5319-8c16-55e204d97633,1 sandwich,GRAM,238.0
2e2efe27-a3c4-5397-9235-684d029a63df,,,feac8cd6-6269-579f-b07a-5dcd7f0d1ce1,100g phần,GRAM,100.0
3c085088-f4ab-5802-a1cb-c8b908dc9aa0,,,feac8cd6-6269-579f-b07a-5dcd7f0d1ce1,3 oz,GRAM,85.0
cdc33433-0434-57d3-b47b-f923ccfd0ea7,,,b0c12f3e-52f2-59ba-a0d4-67614fedf019,100g phần,GRAM,100.0
f303d015-de3a-533a-8e3b-273331d250e3,,,b0c12f3e-52f2-59ba-a0d4-67614fedf019,0.25 cup,GRAM,30.0
73f5b4b8-d943-583d-9d12-2292590a1410,,,ec7cd1e9-315a-554d-b5f1-58cda040db43,100g phần,GRAM,100.0
427d25e8-3014-50ce-80ca-9d2c041d5fe8,,,ec7cd1e9-315a-554d-b5f1-58cda040db43,3 oz,GRAM,85.0
356f923b-307e-5cda-a478-c2203759d261,,,62987c94-bce1-5fac-841f-21d6e1210645,100g phần,GRAM,100.0
6a9393b9-f669-5543-b5ca-977da2893183,,,62987c94-bce1-5fac-841f-21d6e1210645,3 oz,GRAM,85.0
817942ff-2c63-590d-a7a9-0f3e987b41f1,,,95a97875-358d-5409-9557-80132dabacf9,100g phần,GRAM,100.0
8110d6a8-1f34-56e2-addb-b1aa6b7731c6,,,95a97875-358d-5409-9557-80132dabacf9,3 oz,GRAM,85.0
33c5bf57-bdb1-5e7b-a3c6-a4244922b207,,,b5767d02-00e5-593e-8a94-b722439bb828,100g phần,GRAM,100.0
20d1fa49-6db2-5cf9-93c5-34e45b271a97,,,b5767d02-00e5-593e-8a94-b722439bb828,4 oz,GRAM,113.0
ac042610-3ba3-584d-82d9-605eda60bd83,,,58b3fbf7-b7cd-5fec-8a84-5b2febdf648e,100g phần,GRAM,100.0
60e11daf-9ddf-5779-9363-a14adba05b73,,,58b3fbf7-b7cd-5fec-8a84-5b2febdf648e,3 oz,GRAM,85.0
2a0cc2e4-5214-59f5-b88d-f4b49837a992,,,6763ceaf-d526-5c36-b5a0-01ad46072c3d,100g phần,GRAM,100.0
e1a4419b-ddaa-5846-a316-6531ef8a0514,,,6763ceaf-d526-5c36-b5a0-01ad46072c3d,4 oz,GRAM,113.0
bb6581b3-86d5-51fc-a2ce-84db1c73074c,,,43979383-4174-5730-82c3-1c7ca46e1321,100g phần,GRAM,100.0
14ada36e-a643-5509-a575-f89b560dc1cc,,,43979383-4174-5730-82c3-1c7ca46e1321,0.25 tsp,GRAM,1.25
fccd7869-6f3a-5149-ab34-fc4b29101f48,,,f455951a-0af7-5118-bd3f-6399a33321cc,100g phần,GRAM,100.0
2163ef12-f83d-5b4d-b962-3a91ee5808c5,,,f455951a-0af7-5118-bd3f-6399a33321cc,3 oz,GRAM,85.0
96000024-987a-524a-8557-480f6e46ebde,,,8a1ec189-1bdd-5d96-bc4f-3d40a5ed74e6,100g phần,GRAM,100.0
710471fb-ebb2-5969-bb55-b33382033da9,,,8a1ec189-1bdd-5d96-bc4f-3d40a5ed74e6,3 oz,GRAM,85.0
a8a1e9a3-39c6-5889-ba7d-7ad61a3967b8,,,1b2a19dc-71cf-55e3-800b-f1734f6a0270,100g phần,GRAM,100.0
2c11f434-d248-50a9-9f93-fbc206ef40ba,,,1b2a19dc-71cf-55e3-800b-f1734f6a0270,4 oz,GRAM,113.0
ec44d834-6a82-5d6e-8be1-53e40a3b798e,,,34a608de-cd4a-5910-b671-34baca05196a,100g phần,GRAM,100.0
a7794fe1-55ae-57c3-9941-2ae49ce022ec,,,34a608de-cd4a-5910-b671-34baca05196a,3 oz,GRAM,85.0
e1c80795-835d-5832-9385-374db73e64fe,,,be3a4058-6f82-59f4-95fb-cffc76835450,100g phần,GRAM,100.0
d0b6b350-961b-5ace-ad93-85f49add6a24,,,be3a4058-6f82-59f4-95fb-cffc76835450,3 oz,GRAM,85.0
58da8842-0f43-578b-80f2-30d117c1bd71,,,d1899827-703a-5101-8243-f364bc10b646,100g phần,GRAM,100.0
98ed498b-c081-5eac-882e-6cf7454e4c3e,,,d1899827-703a-5101-8243-f364bc10b646,3 oz,GRAM,85.0
ace17c3e-82d5-5a40-82ad-b913e1fa95b9,,,f650de7b-c741-5848-81e6-0f3206b312b0,100g phần,GRAM,100.0
d748f948-e792-507f-962a-683b3a79c1e4,,,f650de7b-c741-5848-81e6-0f3206b312b0,4 oz,GRAM,113.4
9bb9243b-75a1-5ef9-bf5d-687174d7e556,,,2202344f-afc1-5d8a-a782-07297f42e878,100g phần,GRAM,100.0
3e14ca02-7798-5aca-bf23-68b13bac195e,,,2202344f-afc1-5d8a-a782-07297f42e878,1 oz,GRAM,28.0
d9ac1d48-a96b-5f57-ba8d-a204964d040d,,,d4a6b6b0-8d75-5db6-b04e-b34395fa9f55,100g phần,GRAM,100.0
39c0aa8b-2d00-5025-8fb1-fc04ea7d2bc3,,,d4a6b6b0-8d75-5db6-b04e-b34395fa9f55,4 oz,GRAM,113.0
73ba83f5-dfa4-5ab8-abc1-c4e0f2ba5669,,,fc479288-1d22-5bdd-ba30-4f8c7d2fedf0,100g phần,GRAM,100.0
45138112-4878-5182-af00-d143f2b89ed3,,,fc479288-1d22-5bdd-ba30-4f8c7d2fedf0,4 oz,GRAM,113.4
61c74940-c243-514f-ba83-97f97cb8654a,,,affccd53-995b-589e-a02a-8e4ca5cd9ae8,100g phần,GRAM,100.0
a5939755-92b6-5158-afe6-256b57ddd873,,,affccd53-995b-589e-a02a-8e4ca5cd9ae8,4 pierogi,GRAM,140.0
8bf1908f-99fb-593f-86b1-89dce64c17ed,,,c03d492b-7545-54dc-876b-0b0f1711af70,100g phần,GRAM,100.0
96c3c7f4-a02a-5117-a850-bc24af185fa6,,,c03d492b-7545-54dc-876b-0b0f1711af70,3 oz,GRAM,85.0
66739d84-84e2-5cbd-851e-fd850a98cd2b,,,d0479106-eca7-52c7-a8c7-e1256ad57261,100g phần,GRAM,100.0
b99fb89e-dbad-5ee9-bc24-a61ceb66df13,,,d0479106-eca7-52c7-a8c7-e1256ad57261,4 oz,GRAM,113.0
bd37ffec-eacb-5bf2-842c-01ba48e3f51e,,,efdfd972-b8eb-5ce6-8715-5dc2f591bdf2,100g phần,GRAM,100.0
d6356933-e3c7-52d6-bd3a-03400c6aeb46,,,efdfd972-b8eb-5ce6-8715-5dc2f591bdf2,4 oz,GRAM,113.0
d0be8bb8-264c-5270-8a67-b0f9e71766dd,,,4f7eb153-431e-59a2-b08f-a304b50bfe2f,100g phần,GRAM,100.0
c3e485c7-ba0b-5d21-a8bf-2a3ed4c1e141,,,4f7eb153-431e-59a2-b08f-a304b50bfe2f,3 oz,GRAM,85.0
c4ab5c9c-2acf-5eef-8426-51460827543e,,,23d2a244-a423-5ca7-9531-22561ce84318,100g phần,GRAM,100.0
a673a056-b754-5bd4-a21b-2f12e82b802d,,,23d2a244-a423-5ca7-9531-22561ce84318,3 oz,GRAM,85.0
d810e431-70cc-5418-a886-9c63076d4d9d,,,97ac46ae-2273-5563-83c5-2af29d9d618a,100g phần,GRAM,100.0
d37e9864-8411-5b4f-a2dd-df5eb62d3bc9,,,97ac46ae-2273-5563-83c5-2af29d9d618a,3 oz,GRAM,85.0
f2ce3931-a3db-528c-be68-b3fbad3f34dd,,,e27eda4f-7984-5c58-a933-07f75b207dd3,100g phần,GRAM,100.0
5b164168-3736-5670-8f7b-2f79d9891df6,,,e27eda4f-7984-5c58-a933-07f75b207dd3,3 oz,GRAM,85.0
5592cebb-64d8-5494-a8cf-2abf7180cd19,,,5972dc35-d135-57b6-ac44-dee2750c9c8f,100g phần,GRAM,100.0
834f2876-dd32-515f-9854-e854c93957f0,,,5972dc35-d135-57b6-ac44-dee2750c9c8f,3 oz,GRAM,85.0
b106af0f-68e9-512e-b3a3-5464cae0fdf4,,,edbb8327-662e-5310-aee2-9ed94a29a738,100g phần,GRAM,100.0
62936d2c-86c1-5364-acc0-391f26516900,,,edbb8327-662e-5310-aee2-9ed94a29a738,2 oz,GRAM,56.7
7c9f306d-3e19-5783-8c26-eb47298349f8,,,9ca8754a-7ff9-50e9-a96e-b6db2274979e,100g phần,GRAM,100.0
bf450c24-fb37-5e4e-83e8-3b2d66b0b231,,,9ca8754a-7ff9-50e9-a96e-b6db2274979e,3 oz,GRAM,85.0
26971f8b-7950-52d6-94fe-5dab074d5b61,,,20ca838b-d030-5aa9-b282-f60d78d40381,100g phần,GRAM,100.0
f62f5764-14dd-51f2-80bf-158497fc11e0,,,20ca838b-d030-5aa9-b282-f60d78d40381,4 oz,GRAM,113.0
ddeea306-eeaf-5a45-9d16-b2e31827276d,,,5d72898f-ce95-5832-b53e-d1b460b0247a,100g phần,GRAM,100.0
94eae284-554b-53fd-aa78-2641f8269c09,,,5d72898f-ce95-5832-b53e-d1b460b0247a,0.33 cup,GRAM,28.0
6be5e14a-f125-5348-88bc-2b968bf5f188,,,5c616598-4c75-5e96-aa2a-0049f547e96d,100g phần,GRAM,100.0
00a1a414-acc9-56a9-a302-0572dc76c70a,,,5c616598-4c75-5e96-aa2a-0049f547e96d,2 oz,GRAM,56.7
d57d73c7-07e3-5ac2-a10e-cfe5c2359429,,,dfcf34af-03c9-53ce-b821-904ce0ea226c,100g phần,GRAM,100.0
2d73659a-8825-5cc4-ab2d-ef4e9bd12a4a,,,dfcf34af-03c9-53ce-b821-904ce0ea226c,4 oz,GRAM,113.4
84abe1ec-a25b-5ed4-b96f-f44923824183,,,9b5a23c0-bfc1-596f-84dc-c183c30bdb55,100g phần,GRAM,100.0
0a5c97d4-7208-5bbb-81cd-9be497579147,,,9b5a23c0-bfc1-596f-84dc-c183c30bdb55,4 oz,GRAM,113.4
73976255-6083-5a64-8f6d-481cd1aa9700,,,46ba20ed-b80a-5561-9b5e-a093708429db,100g phần,GRAM,100.0
9a4d72ff-c5dd-5b6d-9701-5150d03623ca,,,46ba20ed-b80a-5561-9b5e-a093708429db,2 oz,GRAM,56.0
90bdfb1a-e642-5775-9c2f-81ff2cb0002a,,,924789e4-1a05-5db6-8636-ed6967fd1b89,100g phần,GRAM,100.0
9c857f4b-c76a-56d3-ac2c-44b62b8f67f6,,,924789e4-1a05-5db6-8636-ed6967fd1b89,4 oz,GRAM,113.0
6f60265b-4947-5e6c-bb18-4edae50972f8,,,76a23b30-8e9b-5f6c-b518-099d66879ca5,100g phần,GRAM,100.0
c962b3eb-6fb3-50f8-8148-88c5d3e8c25a,,,76a23b30-8e9b-5f6c-b518-099d66879ca5,3 oz,GRAM,85.0
6f16be88-1ffa-5d84-8a0c-d828771767f4,,,1b28b3fc-ee10-5196-9f18-f6a724cd801e,100g phần,GRAM,100.0
d6a87841-43ef-5c43-8bcb-3388c7a0e24d,,,1b28b3fc-ee10-5196-9f18-f6a724cd801e,4 oz,GRAM,113.0
cfc66c2b-d2af-5b09-9f26-f4051b5d7a42,,,cb35c52e-fb48-5198-aef5-bca06933e7dd,100g phần,GRAM,100.0
a3a1b133-1bed-56df-9868-204606e098e4,,,cb35c52e-fb48-5198-aef5-bca06933e7dd,1 oz,GRAM,28.0
101f3e2e-62c6-5f03-a2f5-2e7e88429d17,,,82eb3397-13ee-5bb6-9963-0e949ccdd744,100g phần,GRAM,100.0
843deb0d-2399-5c74-9fbe-5440aa25b893,,,82eb3397-13ee-5bb6-9963-0e949ccdd744,2.2 oz,GRAM,63.0
3614976e-8ea1-5a28-8043-b840f6e79523,,,e8015645-942f-550a-b47d-b447c1de78c6,100g phần,GRAM,100.0
cbfacac0-b312-5842-b2fa-4dda71037f6f,,,e8015645-942f-550a-b47d-b447c1de78c6,4 oz,GRAM,113.0
495664ef-01c0-57de-bf13-0cfce240ee34,,,62368b4d-dc69-55f9-bddd-1b1fe791733e,100g phần,GRAM,100.0
1d3b4875-8ee9-5b75-b2ff-1fab654a26b1,,,62368b4d-dc69-55f9-bddd-1b1fe791733e,3 oz,GRAM,85.0
0db57a90-372b-5c32-9e33-da922cf08e8b,,,1aa891f8-37f7-568c-8e2c-ab2786d99f62,100g phần,GRAM,100.0
a2ed501a-4fd7-593d-9a2a-163b67953cb0,,,1aa891f8-37f7-568c-8e2c-ab2786d99f62,3 oz,GRAM,85.0
ac6e0abd-25f4-5e56-9873-5ee1201f1f09,,,d5cbdd81-1396-58e8-94cc-42755fc13127,100g phần,GRAM,100.0
b61e3ff3-a1ea-55f7-975d-78406078877e,,,d5cbdd81-1396-58e8-94cc-42755fc13127,0.25 cup,GRAM,60.0
81100fc6-24f3-5357-a9a7-e22a1713d399,,,7345dc04-9b74-5ae8-8971-72192ef05bc9,100g phần,GRAM,100.0
8d152575-d337-5075-adfc-a14584679782,,,7345dc04-9b74-5ae8-8971-72192ef05bc9,4 oz,GRAM,113.0
e623b5b1-e34d-5ef4-b0b1-581fdb2d739c,,,f7451df7-6ba4-524d-8707-005361c04792,100g phần,GRAM,100.0
81c2726d-b835-501a-93c3-ed2eff7dab83,,,f7451df7-6ba4-524d-8707-005361c04792,4 oz,GRAM,113.0
a885b44a-eddc-51bb-88c8-202e34d49c8c,,,6661ad0d-6996-5afb-ac35-d72ba6a3a061,100g phần,GRAM,100.0
8520bfd3-438d-5a4c-9dc2-df28c4170b77,,,6661ad0d-6996-5afb-ac35-d72ba6a3a061,8 oz,GRAM,227.0
1473a142-5fe3-56da-a8a9-b57e837cd9fa,,,36bb043e-7ec3-5884-a71c-d49f536b591b,100g phần,GRAM,100.0
89d2bffd-49cf-53ce-b6ec-b703f034c515,,,36bb043e-7ec3-5884-a71c-d49f536b591b,3 oz,GRAM,85.0
5da3db07-e536-5596-b05d-ae04bde448ae,,,e087641e-19ef-5df1-a0a8-e9abd1258b17,100g phần,GRAM,100.0
93b7176f-c871-5bb3-bb8f-887498d397e0,,,e087641e-19ef-5df1-a0a8-e9abd1258b17,1.1 oz,GRAM,31.0
65e94dc6-6127-535a-89c3-735665a912b6,,,450c3c14-6d96-5bc7-80af-a150601bdfae,100g phần,GRAM,100.0
133a027b-d8a7-5d30-9eec-6b2f9a65ecea,,,450c3c14-6d96-5bc7-80af-a150601bdfae,4 oz,GRAM,113.4
79a959fe-5fb8-5431-a45e-e2c5bf31e230,,,d81b0a66-bbd1-551e-894c-3d5db4bd5dfd,100g phần,GRAM,100.0
967096bf-1e75-583a-87d8-09fda693934e,,,d81b0a66-bbd1-551e-894c-3d5db4bd5dfd,7 oz,GRAM,200.0
57200329-9b56-5f9a-bab1-83e7cd6c38f0,,,4d3e2817-aabd-510e-aa61-e1bfe16f249e,100g phần,GRAM,100.0
c998ddb9-8363-5178-b8c1-21515ba5071d,,,4d3e2817-aabd-510e-aa61-e1bfe16f249e,3.2 oz,GRAM,90.0
1aed4683-2c32-5b51-b1af-8017958618ee,,,310d2440-b570-5628-aae4-a387bd3c6c53,100g phần,GRAM,100.0
c31f0312-06e7-55ec-b220-1388e3289301,,,310d2440-b570-5628-aae4-a387bd3c6c53,8.8 oz,GRAM,250.0
25d30edc-2f0e-5860-973f-bc1823008c07,,,1b8c2638-408f-5d71-9245-b00ce9433d99,100g phần,GRAM,100.0
999ea5c7-9aeb-534b-95ac-d682212cd245,,,1b8c2638-408f-5d71-9245-b00ce9433d99,1 sandwich,GRAM,240.0
c41ee8d1-eec8-5dba-96a3-302fdddf5d57,,,7cb2997c-0c43-5ffa-b75f-3cb6644832ce,100g phần,GRAM,100.0
9074ddd5-b2ee-5869-a9fc-3168de85a2ac,,,7cb2997c-0c43-5ffa-b75f-3cb6644832ce,3 oz,GRAM,85.0
df627c38-7433-5e29-85be-3d0a7cb64990,,,67a01ef5-c9d7-5ffe-a1d3-e1e4237ee7b0,100g phần,GRAM,100.0
d9c81fcc-085e-50da-bd81-a61edf9836e3,,,67a01ef5-c9d7-5ffe-a1d3-e1e4237ee7b0,1 sandwich,GRAM,305.0
d59508c4-f548-5f8e-bc53-0671a40ff734,,,d7c6b723-0c97-529e-a1bc-16f15c364152,100g phần,GRAM,100.0
e8ad226e-79fd-5f08-9fff-642cc4f1ee3b,,,d7c6b723-0c97-529e-a1bc-16f15c364152,4 oz,GRAM,113.0
10c702df-2d00-52e5-b4d9-cd4f1a73e49f,,,1f2efae4-f6af-5ee1-9d4d-7095172e6fb4,100g phần,GRAM,100.0
8f0a1ac1-d96d-53a6-852a-c1e4e09b440f,,,1f2efae4-f6af-5ee1-9d4d-7095172e6fb4,0.25 cup,GRAM,30.0
0102f49b-8eba-5a15-b46f-5d1b2ea6d23e,,,d092a30b-119c-5568-b910-0c801579b70d,100g phần,GRAM,100.0
6b6d59bf-03a1-5736-a6eb-59bb4360d8b2,,,d092a30b-119c-5568-b910-0c801579b70d,3 oz,GRAM,85.0
afc21e53-d97b-59a8-94a0-9bcfef2f6248,,,fe6f02d9-037f-52c3-af17-e94dbe9b58af,100g phần,GRAM,100.0
972f59c2-7d08-5a59-94f7-11434fbf8a50,,,fe6f02d9-037f-52c3-af17-e94dbe9b58af,2.7 oz,GRAM,75.0
eed2cee0-8493-5277-8178-8e07beae5ac7,,,87604abb-d2f6-5f8d-ad40-3ff5403fb3da,100g phần,GRAM,100.0
4ed0c17d-0c53-5001-8afc-a6513e6d32f2,,,87604abb-d2f6-5f8d-ad40-3ff5403fb3da,8 oz,GRAM,227.0
520c122f-a3f9-5c37-9d79-ba779b35fee2,,,9641bfee-bd50-546f-b263-12ec829e7bd9,100g phần,GRAM,100.0
8e1c4073-5659-565c-86b5-5bf76c912091,,,9641bfee-bd50-546f-b263-12ec829e7bd9,7 oz,GRAM,200.0
639eced4-8105-57a1-9d34-99d5d32ee87c,,,69568b87-6c99-50a7-b45a-0395a7a41d98,100g phần,GRAM,100.0
5263eb3f-95ca-5882-83de-55781b679450,,,69568b87-6c99-50a7-b45a-0395a7a41d98,4 oz,GRAM,113.0
d5735112-1dd9-5694-bf9f-f2295887db6b,,,a2357855-264b-58ed-9c7e-507452dc69d1,100g phần,GRAM,100.0
7acdf2be-476f-59af-b720-c85fa68d9bd4,,,a2357855-264b-58ed-9c7e-507452dc69d1,3 oz,GRAM,85.0
4fa4f91a-62d3-58a5-9e77-43e5ea4785a9,,,e0dbb0c0-ed21-5648-97b4-acd638ea984c,100g phần,GRAM,100.0
243a35a4-ad3c-5b55-9e08-1f3b1da2dcd1,,,e0dbb0c0-ed21-5648-97b4-acd638ea984c,8 oz,GRAM,227.0
0799799a-8bfc-522c-a899-775ec75f92e1,,,5935f971-d064-5e06-ad32-284395f40cc2,100g phần,GRAM,100.0
540f3707-b372-5e45-95f0-95a7fa9774b4,,,5935f971-d064-5e06-ad32-284395f40cc2,1 oz,GRAM,28.0
f88e6522-5672-5ff3-92f4-624bfaed4f4e,,,c57b0fc1-aeb2-5447-b482-36a1fe5880e0,100g phần,GRAM,100.0
0f57a221-3aae-5be1-a1e9-c74c92c75bf3,,,c57b0fc1-aeb2-5447-b482-36a1fe5880e0,4 oz,GRAM,113.0
515cbbd1-6398-5aae-a418-c62e06f65ed9,,,25b3a747-8bf2-5758-8b7e-b067221028f7,100g phần,GRAM,100.0
90b08d25-06ce-5554-8803-46d07feb6a79,,,25b3a747-8bf2-5758-8b7e-b067221028f7,1 tamale,GRAM,150.0
f6691e46-c90a-5c68-ad02-d8924dfe6d65,,,22ae35e2-52ea-5e36-ab1f-b4f641ab7826,100g phần,GRAM,100.0
721ab59d-49ae-507e-afe6-d2c51fb3eab2,,,22ae35e2-52ea-5e36-ab1f-b4f641ab7826,4 oz,GRAM,113.0
550b5bc7-56f5-546f-b171-0e24e028c101,,,bca15b09-5ffa-5d85-9d53-0b420a4f84b5,100g phần,GRAM,100.0
e48b8e39-a012-54b4-a3c8-71ab45412660,,,bca15b09-5ffa-5d85-9d53-0b420a4f84b5,3 oz,GRAM,85.0
5d39cdd2-60fe-5135-a7ad-262c78bbf108,,,0a8a4129-e7fc-5b52-8d8c-ff80902c6c6a,100g phần,GRAM,100.0
e22c9a4f-3285-5b0c-87d8-4e3dfc055e95,,,0a8a4129-e7fc-5b52-8d8c-ff80902c6c6a,2 oz,GRAM,57.0
3cf20710-53ea-50e6-85bd-f49f951bbb8a,,,9f041936-8a53-5613-b699-fe9ce430a95e,100g phần,GRAM,100.0
c3418801-dfed-5037-b4dc-6800b81c5910,,,9f041936-8a53-5613-b699-fe9ce430a95e,5.3 oz,GRAM,150.0
bd013aae-a652-5c79-a243-f7455d849fa5,,,be12dd82-5781-54ed-80d4-ed5db2ba6e0d,100g phần,GRAM,100.0
3e2e3228-70cd-5179-baca-0c92402d1bb0,,,be12dd82-5781-54ed-80d4-ed5db2ba6e0d,6 oz,GRAM,170.0
51e9472c-0c07-5f36-be90-c87f26d0e657,,,ecb533f7-fcef-5de4-a4ee-efcbb5459b74,100g phần,GRAM,100.0
21dd8089-5338-5d77-9350-61738e8401a9,,,ecb533f7-fcef-5de4-a4ee-efcbb5459b74,4 oz,GRAM,113.4
f969a716-5029-52a1-8533-d57cf442a0a8,,,b77e5d8c-4d8b-5250-8566-abd6c0cbda8f,100g phần,GRAM,100.0
6c5f0f48-58f9-5747-9355-93cadd5eaf68,,,b77e5d8c-4d8b-5250-8566-abd6c0cbda8f,7 oz,GRAM,200.0
92258702-7fd0-5e43-a4b3-b2f945c1efc8,,,9db66766-92a9-5c9c-a267-2be2180eec8b,100g phần,GRAM,100.0
53e295e6-6d19-585b-a294-2ad3f843636b,,,9db66766-92a9-5c9c-a267-2be2180eec8b,5 oz,GRAM,140.0
76fa0320-d60b-5bcb-a6ac-a5115e8442f1,,,2ac3844f-22d4-5e91-869f-6cd7b640fed5,100g phần,GRAM,100.0
902ebff2-60c1-59ba-a910-a2a9f537f5a3,,,2ac3844f-22d4-5e91-869f-6cd7b640fed5,4 oz,GRAM,113.0
5665add0-789e-5c28-adfa-259f2fb7bf83,,,4680c974-ddfa-5f29-8a5c-824a00187e39,100g phần,GRAM,100.0
acb91e28-d1e0-58ff-abc0-64486ecedd1f,,,4680c974-ddfa-5f29-8a5c-824a00187e39,1 sausage,GRAM,85.0
786a2dd1-9ee0-5192-b905-c661e8c1d418,,,fa0cf2cd-f76f-5cc1-b615-e1a7b7d8c317,100g phần,GRAM,100.0
658a0d48-66b3-5c39-b376-7f3a42ef669e,,,fa0cf2cd-f76f-5cc1-b615-e1a7b7d8c317,3 oz,GRAM,85.0
dc0d1cfc-416f-555b-b890-347eb81f41fa,,,79ade0b2-904e-587f-a39b-d11b20cfb2a8,100g phần,GRAM,100.0
6f9988d6-08fe-5899-b63c-a31d7d114e39,,,79ade0b2-904e-587f-a39b-d11b20cfb2a8,2 oz,GRAM,57.0
97ce438f-a43e-5a4c-9881-3dbc0c6a4f76,,,5d28cfa9-509a-5bb7-8f67-3660acf13790,100g phần,GRAM,100.0
7268689f-a8b8-5be3-ba54-96acfeaf938f,,,5d28cfa9-509a-5bb7-8f67-3660acf13790,6 oz,GRAM,170.0
d36800d8-4d2c-544b-9843-dd1bee9cf8a7,,,a645e251-369c-5aa7-ab81-b2460154a840,100g phần,GRAM,100.0
781a3d63-6690-512c-a20e-8ac0a3ef49f6,,,a645e251-369c-5aa7-ab81-b2460154a840,4 oz,GRAM,113.0
955bedd1-042b-5763-b10e-fe0ec9e26697,,,4a2bff03-d7e3-5375-ac51-34b67ac884d7,100g phần,GRAM,100.0
e406cf2d-419d-53da-8f55-572633eff7db,,,4a2bff03-d7e3-5375-ac51-34b67ac884d7,4 oz,GRAM,113.4
ca5930f3-9d51-5f5c-b341-9b58e9a930d3,,,47b6f2e0-54c6-5cb0-a6f7-9d592aade42d,100g phần,GRAM,100.0
e52bf048-cffd-5f99-ab07-694913d6677e,,,47b6f2e0-54c6-5cb0-a6f7-9d592aade42d,1 oz,GRAM,28.0
5d0bdb52-2db2-530b-ba53-7a3e61bc4b70,,,6de0dd1b-7947-5837-85f9-e03438074318,100g phần,GRAM,100.0
abe82c78-abde-532e-9f0a-366c7ab61e2f,,,6de0dd1b-7947-5837-85f9-e03438074318,4 oz,GRAM,113.0
4788692e-9a0e-542a-b9b2-d4637f6d778a,,,d520526c-0587-5963-aa56-1fa28ce85bda,100g phần,GRAM,100.0
4c5ec699-6da7-59bc-a82b-9a4b5db39ae5,,,d520526c-0587-5963-aa56-1fa28ce85bda,4 oz,GRAM,113.0
f2ff5045-4dba-5822-b3b8-5e9394e224bf,,,a0cc7342-4e5c-5310-8c8a-68fcd7c96827,100g phần,GRAM,100.0
93059d08-ad62-5e32-b9bc-e733f39ea2d4,,,a0cc7342-4e5c-5310-8c8a-68fcd7c96827,4 oz,GRAM,113.0
6eac2b32-84d0-5204-b817-b154a71697c5,,,f53084b9-a3a9-5fbd-8e10-a4fd592a3927,100g phần,GRAM,100.0
b0b756fa-a066-5bde-b17d-f7558f9f01ff,,,f53084b9-a3a9-5fbd-8e10-a4fd592a3927,2.5 oz,GRAM,70.0
a894e14d-113e-5dc7-a202-2879af20f056,,,a32bc1bd-01e3-5316-b1f2-65bea45b9650,100g phần,GRAM,100.0
61642f91-f6dc-5c02-b9e5-64c658ceae8a,,,a32bc1bd-01e3-5316-b1f2-65bea45b9650,9 oz,GRAM,256.0
5346995a-61d8-51db-ba5b-10c21c1a111e,,,3cbb2f9b-0066-55a6-b8a1-0c6fba964f19,100g phần,GRAM,100.0
e4c20d3a-9bcd-56bb-8b7b-8c4aeec3b34f,,,3cbb2f9b-0066-55a6-b8a1-0c6fba964f19,0.25 cup,GRAM,60.0
07925789-47a6-5ebd-a6ba-aeae5fdaf36b,,,c124cd0f-36f6-5a9f-886a-887eb7c4265e,100g phần,GRAM,100.0
8894896e-6562-54bd-a148-1a0700ca41a2,,,c124cd0f-36f6-5a9f-886a-887eb7c4265e,3 oz,GRAM,85.0
f30328dd-2a4d-58cc-9fb7-bb9b5a048a96,,,d0c63b40-d2a0-54eb-985b-27a4a1910ec6,100g phần,GRAM,100.0
ac283c38-5c43-50ba-b8d8-670bc2dbbfce,,,d0c63b40-d2a0-54eb-985b-27a4a1910ec6,5 oz,GRAM,142.0
0d805f2f-05c9-5aeb-8b60-758fe06c74b5,,,8c470ef2-864c-5241-91e1-2cfe11da2b45,100g phần,GRAM,100.0
0ecea1a2-87da-50f0-9f78-7c871c1305db,,,8c470ef2-864c-5241-91e1-2cfe11da2b45,4 oz,GRAM,113.0
03b7b8b0-279b-5837-a9ae-c475288008d5,,,3b8e7645-658f-5dee-81b7-959234e051ed,100g phần,GRAM,100.0
bd7560fe-585c-5317-9b28-3961964ae9fe,,,3b8e7645-658f-5dee-81b7-959234e051ed,2.5 oz,GRAM,70.0
52d2e069-e68b-5eba-ae6a-118502c98f3d,,,de7e1503-1b29-5d53-b378-62695a9f9edd,100g phần,GRAM,100.0
7cdfca35-5ad4-5125-8d45-4fe1d1a4a9c0,,,de7e1503-1b29-5d53-b378-62695a9f9edd,4.2 oz,GRAM,120.0
4caa0dbb-aa42-5d82-b7f3-fade435d896c,,,95fbcb39-fc88-5787-8c2f-ef1ad3a0a9ae,100g phần,GRAM,100.0
d3840e12-85d2-5553-b3ee-f5a44a8761c3,,,95fbcb39-fc88-5787-8c2f-ef1ad3a0a9ae,4 oz,GRAM,113.0
6ee28204-4a1b-512e-80ba-e3858263dcfd,,,68fa3892-231a-5d7b-b6aa-a4ab439d40e5,100g phần,GRAM,100.0
2185bbba-90d6-5e44-a2f1-f06081863097,,,68fa3892-231a-5d7b-b6aa-a4ab439d40e5,8 oz,GRAM,227.0
45fb345a-7954-527e-8c4b-57c271a8fa0b,,,c8a3aa8e-3ebd-53de-a824-a0bd5d9dd95e,100g phần,GRAM,100.0
13e0355e-2040-53ec-86c6-c43907c75ae4,,,c8a3aa8e-3ebd-53de-a824-a0bd5d9dd95e,0.5 cup,GRAM,40.0
41273573-e0ea-5603-9fd1-95ac3921a5e1,,,e9ab34a7-380f-5c40-bd0f-307749a000dd,100g phần,GRAM,100.0
faed720d-10a5-5595-9007-d9585916887e,,,e9ab34a7-380f-5c40-bd0f-307749a000dd,3 oz,GRAM,85.0
0d0157d5-adcf-508e-8607-8ab14e567af6,,,5389a9a2-0f85-565a-9946-9b89e9f706f1,100g phần,GRAM,100.0
9b863e55-60ea-5435-b31b-d3883e758053,,,5389a9a2-0f85-565a-9946-9b89e9f706f1,4 oz,GRAM,113.4
31510112-dc59-544c-aedd-2d5d3eb470c3,,,06b3f158-548c-5435-aef4-84721b09bca6,100g phần,GRAM,100.0
b5e07413-f79a-5402-a5f9-44b3cbd29499,,,06b3f158-548c-5435-aef4-84721b09bca6,2 oz,GRAM,56.7
463d9b9c-7d0e-5707-b910-93f6646a8647,,,27270f15-08d7-591d-96a3-760578aa0a13,100g phần,GRAM,100.0
5b67db97-335f-573d-9b11-752850e0c70a,,,27270f15-08d7-591d-96a3-760578aa0a13,4 oz,GRAM,113.0
dcc4018f-3fdb-5151-ba20-a1c1ff4bb2c9,,,406de8d0-b469-5904-a16c-d4a999ccba7d,100g phần,GRAM,100.0
ff2bd6c9-1266-504f-b16c-eea8967c9d4d,,,406de8d0-b469-5904-a16c-d4a999ccba7d,1.2 oz,GRAM,34.0
9d456d77-b5c1-575e-ae62-1277bf068ad9,,,5d367e2b-63f8-56e1-8889-76c95e901cb2,100g phần,GRAM,100.0
2e5478a9-4431-5b83-8337-34e4b30c66d3,,,5d367e2b-63f8-56e1-8889-76c95e901cb2,4 oz,GRAM,113.4
c90182ae-eb61-5d65-b511-af14ceeec234,,,a0d15ab0-85dd-5957-ab3f-96af18c584dd,100g phần,GRAM,100.0
a6dd1312-fb02-5c4b-8d8b-366060b6039b,,,a0d15ab0-85dd-5957-ab3f-96af18c584dd,1 oz,GRAM,28.0
adeb6873-64f6-5210-8c20-e2f00d39df39,,,54f1d985-5b14-5e44-8c8f-70b138a32386,100g phần,GRAM,100.0
acf4bfcd-0232-58f9-9d7c-f2e72a2f9ab9,,,54f1d985-5b14-5e44-8c8f-70b138a32386,1 sandwich,GRAM,300.0
a897b748-1420-5618-9a0f-52b37e0c1c0e,,,5166663b-cb35-55e7-bd1e-02dfa7a812ca,100g phần,GRAM,100.0
d2e895d9-3811-54e4-ad6f-92063cb10562,,,5166663b-cb35-55e7-bd1e-02dfa7a812ca,3 oz,GRAM,85.0
0e529789-fd26-52b7-bc8a-e0f1b9170a52,,,d1365586-af1f-5924-8fc4-8f305b3207a3,100g phần,GRAM,100.0
97d263e7-f5e7-560a-8525-e797797f5980,,,d1365586-af1f-5924-8fc4-8f305b3207a3,4 oz,GRAM,113.4
4ae16e6b-82df-5de7-b8a8-dad449d16425,,,75f085b3-2fc6-5633-8124-558b4bf02d48,100g phần,GRAM,100.0
9c47f1bb-99e5-52c6-9dd0-edf2c32e92bc,,,75f085b3-2fc6-5633-8124-558b4bf02d48,4 oz,GRAM,113.0
c1948335-1de1-5e81-b05c-000226316f00,,,281e4d67-44af-5738-9c53-a2227498a91f,100g phần,GRAM,100.0
524a4282-8a0a-5efa-aab6-d66ffbf2d167,,,281e4d67-44af-5738-9c53-a2227498a91f,4 oz,GRAM,113.4
b1f748cc-4732-5b68-8c4d-5d9478f43eb8,,,e7db6313-573e-5e5e-8594-53de0b2c20e3,100g phần,GRAM,100.0
16966b2a-1dfb-55ff-8ad3-8457a0874a4c,,,e7db6313-573e-5e5e-8594-53de0b2c20e3,1 oz,GRAM,28.35
5ac039c2-4891-5b0b-99f6-275b1ecae682,,,c20f6d63-db76-5f1b-9a58-44bd8cdc1f3f,100g phần,GRAM,100.0
b738b833-e52b-5b12-aed9-051d06ec59eb,,,c20f6d63-db76-5f1b-9a58-44bd8cdc1f3f,3 oz,GRAM,85.0
6203248c-5590-5310-b0b1-3f4194f5fb0a,,,20d4842f-ae5b-5b68-bf59-396fe3b76f05,100g phần,GRAM,100.0
0e9f8602-652e-5f04-b514-a6c753c1cb8a,,,20d4842f-ae5b-5b68-bf59-396fe3b76f05,3 oz,GRAM,85.0
de81666a-0829-5e25-b995-6137f9617d5f,,,93aefc87-6658-5f75-85d8-650e7740a354,100g phần,GRAM,100.0
fce05fb4-ae76-50a8-a2ec-2d80eebf6b47,,,93aefc87-6658-5f75-85d8-650e7740a354,0.25 cup,GRAM,30.0
c156cd52-3de1-520b-ad27-c233b6fa0295,,,89c0f3d8-7b8d-5841-af03-ffbfd43dca6d,100g phần,GRAM,100.0
fb951b23-c729-53d6-964e-ea414c2381a1,,,89c0f3d8-7b8d-5841-af03-ffbfd43dca6d,2 oz,GRAM,57.0
314fdbd4-c443-55ee-bf26-80dc440f1edd,,,8072ad8d-b583-5f95-a223-809b38818afc,100g phần,GRAM,100.0
c8f806c4-cffd-57c1-bebe-fda79ac7ac0c,,,8072ad8d-b583-5f95-a223-809b38818afc,3 oz,GRAM,85.0
d51fa0af-cf7e-5318-961a-fcb036d121e9,,,a192083b-5f56-5165-b883-79b4d87ae1d4,100g phần,GRAM,100.0
ae83c221-539a-57cc-9f9c-b1af852ff87d,,,a192083b-5f56-5165-b883-79b4d87ae1d4,3 oz,GRAM,85.0
a8fb40e7-6e72-59bf-8392-e22c545c4ecd,,,f5cd8096-6f8f-5a42-8546-0e34c0345966,100g phần,GRAM,100.0
8a72abd9-33b1-507f-92ae-999e3e828eaf,,,f5cd8096-6f8f-5a42-8546-0e34c0345966,4 oz,GRAM,113.0
d0478b6c-3b3e-54be-ba51-12829aaee96d,,,fae94ab5-d3d1-5ce2-bcdc-be4853795d31,100g phần,GRAM,100.0
a5c02176-ac44-51db-b022-685a4ac7d423,,,fae94ab5-d3d1-5ce2-bcdc-be4853795d31,1 cup,GRAM,240.0
5ce398f5-6621-5ff4-81e9-b34cb8daaa10,,,37c7a9dd-4515-5c98-bf00-7b7f1a86f2c7,100g phần,GRAM,100.0
c1fa655c-1312-5e57-bd2e-dc45c5c18d99,,,37c7a9dd-4515-5c98-bf00-7b7f1a86f2c7,3 oz,GRAM,85.0
1d59266d-2d96-5e92-937e-11befb3dee10,,,0fafdc21-05c8-548e-a75d-fa3d9764f0fe,100g phần,GRAM,100.0
b0089442-397d-5554-99e5-2c49639737fe,,,0fafdc21-05c8-548e-a75d-fa3d9764f0fe,1 oz,GRAM,28.35
728e5624-0948-597b-b8cc-a11e977c63fd,,,37c4e1bd-2516-5110-95c4-ffbe346435bb,100g phần,GRAM,100.0
0bb99404-99c2-5d60-8ecf-ddf05cb38d1b,,,37c4e1bd-2516-5110-95c4-ffbe346435bb,3 oz,GRAM,85.0
2abd14f1-7f2c-5851-aba2-7d00cdad72a4,,,4f135c51-4b59-53db-8685-6be728b39a47,100g phần,GRAM,100.0
181f25e5-5f5b-58e6-9c25-6ba52205cf54,,,4f135c51-4b59-53db-8685-6be728b39a47,4 oz,GRAM,113.0
2fc994fb-5b3d-5f67-9cde-f255bf9301f8,,,74cb6887-9812-5aa4-8c89-f001a3b55397,100g phần,GRAM,100.0
577d4bc3-4031-5668-9a73-b58c085d7aed,,,74cb6887-9812-5aa4-8c89-f001a3b55397,1 oz,GRAM,28.0
0df54a16-ac68-52d9-aaf1-017c68e3f599,,,6ea0b458-41db-5551-9f03-16e925d5bd7c,100g phần,GRAM,100.0
14e8b4fe-507d-5b3d-9b11-7b89c905cb9b,,,6ea0b458-41db-5551-9f03-16e925d5bd7c,2 oz,GRAM,56.0
9ea783c2-d64e-5717-b169-9842ac7a5535,,,2763bbf4-c9a6-542e-a70d-17aac1c07bc7,100g phần,GRAM,100.0
84f9627a-c36a-5d27-ab26-f9696503bae9,,,2763bbf4-c9a6-542e-a70d-17aac1c07bc7,1 tbsp,GRAM,14.0
461d9a73-8bf4-5c40-92dc-f7e152d623b0,,,c5f82764-9e96-50a8-a758-38d920204527,100g phần,GRAM,100.0
e2da2a19-ff4a-5664-a92c-66501924be8b,,,c5f82764-9e96-50a8-a758-38d920204527,0.25 cup,GRAM,60.0
93aed827-8956-525a-8b84-bfea8f04c808,,,a937fce7-8695-5a99-ada8-e17e984898eb,100g phần,GRAM,100.0
a14ef3bd-a35c-5c59-b072-8a059e3a23dc,,,a937fce7-8695-5a99-ada8-e17e984898eb,4 oz,GRAM,113.0
94b35b27-6b76-57e2-8cb3-ae02c99eb8c5,,,121844c7-a327-503b-a42d-f9dee21c73ad,100g phần,GRAM,100.0
e05f3a2b-eb2c-5a8f-aef8-5387c5b0d6be,,,121844c7-a327-503b-a42d-f9dee21c73ad,7 oz,GRAM,200.0
8acd89c0-9318-5eed-ba82-70902ad0c6de,,,28ae5f5d-4eb2-5d53-a3be-80b81d6cd395,100g phần,GRAM,100.0
4a3fc827-0027-54cc-b37c-a3e419f0ef64,,,28ae5f5d-4eb2-5d53-a3be-80b81d6cd395,1 oz,GRAM,28.0
85d12575-010f-5524-b404-bcfbded596dd,,,f4b60132-34ac-559a-ab76-f2319cf9c1df,100g phần,GRAM,100.0
fbd12a84-6f76-59c3-9423-891ec64bd280,,,f4b60132-34ac-559a-ab76-f2319cf9c1df,2 crackers,GRAM,35.0
301ce6f9-5446-5e07-8fa7-d315c264ea0b,,,a51fbdde-fd66-5273-b383-ade9215742aa,100g phần,GRAM,100.0
50e7dcd4-1161-502e-bb1c-3daa7a4e619c,,,a51fbdde-fd66-5273-b383-ade9215742aa,4 oz,GRAM,113.4
60248164-855b-5467-843b-4d28f279e9f9,,,c9155496-9954-537b-90b6-4a27848d181f,100g phần,GRAM,100.0
1f8b5d77-23cf-5ccb-b0f6-c7e30031b233,,,c9155496-9954-537b-90b6-4a27848d181f,1.5 oz,GRAM,43.0
5fb5610b-6b4f-5c16-852b-94598025ba36,,,48553caf-e03f-509c-b59b-81fa0a5ba174,100g phần,GRAM,100.0
0d83ec91-f925-5ee2-8cfd-c1106bf92e4b,,,48553caf-e03f-509c-b59b-81fa0a5ba174,3 oz,GRAM,85.0
5bc38322-0471-5e62-ad53-6af4c1ccf3a6,,,649bd1fc-8a95-58f0-ada1-d84d32c128f0,100g phần,GRAM,100.0
83bca0df-3f43-5704-acc9-c5673031ae79,,,649bd1fc-8a95-58f0-ada1-d84d32c128f0,2 slice,GRAM,28.0
3a9f265d-6b8a-5694-8a23-d8eed99c2da4,,,dec46328-c363-5dc7-8b17-0ad2967b34a2,100g phần,GRAM,100.0
69dbea9f-5b90-50c8-8fdc-b0ffaad28a41,,,dec46328-c363-5dc7-8b17-0ad2967b34a2,4 oz,GRAM,113.4
38781732-791d-50e6-9af6-bfe24b3a5e68,,,1188cd8a-0c4f-506e-b18b-448785e33311,100g phần,GRAM,100.0
60e83f42-9a55-55bd-af72-6d119ce29c23,,,1188cd8a-0c4f-506e-b18b-448785e33311,4 oz,GRAM,113.4
15cb7d78-fba6-56e0-9826-86b9ed46aad6,,,e995c269-a748-50d1-a389-5bc2b2ac187e,100g phần,GRAM,100.0
95d24693-475d-541d-a03b-75dda927042f,,,e995c269-a748-50d1-a389-5bc2b2ac187e,3 oz,GRAM,85.0
acec723d-9ea4-5b37-a6aa-96b4069bd8d7,,,a105fc96-406b-50c9-8281-cf5d541d534e,100g phần,GRAM,100.0
bdc67a35-fda3-54b9-be70-bc8b4896f0de,,,a105fc96-406b-50c9-8281-cf5d541d534e,3 oz,GRAM,85.0
669f9d9e-f4a0-5a7e-be39-44aa5d8c99eb,,,1e0378aa-d129-56d2-8125-2a1f285c6894,100g phần,GRAM,100.0
066b82d8-ff23-546c-9096-47bbae23e8ba,,,1e0378aa-d129-56d2-8125-2a1f285c6894,0.5 oz,GRAM,14.0
db9422b3-a919-5641-88e3-2dc7937d1401,,,c258872e-d097-53c0-a029-ab7303248084,100g phần,GRAM,100.0
26ae56f0-a7e9-5085-b29b-5f5be7f5839f,,,c258872e-d097-53c0-a029-ab7303248084,2 oz,GRAM,57.0
701038ec-a252-595f-8342-002ebf4b5923,,,2f9c9655-3d00-58fe-9ca2-4174c2117a94,100g phần,GRAM,100.0
9ea088e4-4692-5e19-aa8e-0ecd0b25d9cb,,,2f9c9655-3d00-58fe-9ca2-4174c2117a94,3 oz,GRAM,85.0
785d18f7-4706-5d68-8d18-6374f648feed,,,1b93336d-b285-54b9-bd64-e00a0cd460b3,100g phần,GRAM,100.0
bc2726aa-8fef-5a7a-bafb-7e40fd8a0905,,,1b93336d-b285-54b9-bd64-e00a0cd460b3,3 oz,GRAM,85.0
edbbb12c-62ed-57be-9ffc-783224132c27,,,ec07666f-c982-5999-95da-deead3a4aa3c,100g phần,GRAM,100.0
5ef3fe6f-eb54-5b7d-9ff2-0ff63ec3f6a6,,,ec07666f-c982-5999-95da-deead3a4aa3c,3 oz,GRAM,85.0
a717a221-154f-511b-9521-e58cddd7589a,,,f498928a-dc71-5890-9c14-c401a93859ed,100g phần,GRAM,100.0
3331a018-136f-5c02-b555-f1528ba54156,,,f498928a-dc71-5890-9c14-c401a93859ed,1 oz,GRAM,28.0
e2a29be7-d2c5-50af-9bd4-7f65d4954e4f,,,78dfa2ba-3d96-5956-890b-3a67816f3df5,100g phần,GRAM,100.0
fc7ff5b5-298a-5c5c-afde-481b5e29902c,,,78dfa2ba-3d96-5956-890b-3a67816f3df5,6 oz,GRAM,170.0
53f95930-a265-5a3b-bf7f-1e82f1c7b638,,,98e6d13c-4957-5fd4-9467-9f88e4e3d2bd,100g phần,GRAM,100.0
1c44c921-8aa4-578c-be53-a95d1af38195,,,98e6d13c-4957-5fd4-9467-9f88e4e3d2bd,2.3 oz,GRAM,64.0
00c395f0-945d-58aa-9915-5547a0c90ab6,,,2be76f2f-5959-5336-85e8-9435148b5219,100g phần,GRAM,100.0
8554592e-4542-5048-a828-0af976974fc0,,,2be76f2f-5959-5336-85e8-9435148b5219,4 oz,GRAM,113.0
91c9fd36-e75c-5720-8cce-5c1a589e416e,,,142eaa5d-0eb8-52e5-a880-2cef2e0c225a,100g phần,GRAM,100.0
42fc56f7-4bc3-557e-9040-a2b6553f8cd7,,,142eaa5d-0eb8-52e5-a880-2cef2e0c225a,5 oz,GRAM,140.0
bbe002ba-00cf-5b84-b2fc-ea1f5bc2642e,,,e6cb8abb-a5dc-5ac2-b41a-ee736cb93520,100g phần,GRAM,100.0
96e8b2d7-65f9-598a-b526-2d7dc56e2629,,,e6cb8abb-a5dc-5ac2-b41a-ee736cb93520,4 oz,GRAM,113.4
be2ce97f-e4f7-5744-a6e7-8714118ae095,,,1c5c65b2-62d9-5fa3-a9a5-2d9117c653cb,100g phần,GRAM,100.0
f02bfb63-712a-507b-be68-f0868de155be,,,1c5c65b2-62d9-5fa3-a9a5-2d9117c653cb,4 oz,GRAM,113.4
07d26efa-bfd8-5a3f-9eb9-92e8509a8a37,,,195c3a09-5799-5546-b16b-4ec1b09b8f0f,100g phần,GRAM,100.0
000e12d2-4c28-57b8-aa11-098882435b87,,,195c3a09-5799-5546-b16b-4ec1b09b8f0f,4 oz,GRAM,113.4
06be02bd-e90f-560a-ad98-857aec48dc9f,,,1f464c76-8adb-5661-80a0-7f77617807d5,100g phần,GRAM,100.0
c167795c-cdaa-5494-98bf-6f20fc9283d0,,,1f464c76-8adb-5661-80a0-7f77617807d5,5 oz,GRAM,142.0
4f3ce625-4095-58af-ae80-00ed56728349,,,27c11038-3184-5652-b3c7-0a672e7d7ac9,100g phần,GRAM,100.0
25b00724-9848-518c-bf1c-53073b23d339,,,27c11038-3184-5652-b3c7-0a672e7d7ac9,7 oz,GRAM,200.0
b7c230d5-ecfd-5275-b46e-b6d2476dd5a3,,,00449758-0cf6-5cba-aabc-708bf6deb27d,100g phần,GRAM,100.0
fbf7c918-8079-52e6-926c-3ec1bfebfbc8,,,00449758-0cf6-5cba-aabc-708bf6deb27d,12 oz,GRAM,340.0
6d9f7fe5-7a6e-5a04-adec-0ff165d368bb,,,54a7b144-2803-5446-8e7c-73132ab6a8b7,100g phần,GRAM,100.0
d941f56c-e016-5ac7-911d-1da7252f97c0,,,54a7b144-2803-5446-8e7c-73132ab6a8b7,3 oz,GRAM,85.0
4deec7ba-4afb-55a6-b160-57e6d565f50d,,,02c0cce6-e33f-580e-8188-dc2aaa214735,100g phần,GRAM,100.0
e03b12e1-0e7a-5fef-abb9-739ae2a1f5f2,,,02c0cce6-e33f-580e-8188-dc2aaa214735,7 oz,GRAM,200.0
045d68ae-f034-5aad-95fc-c719b76e8809,,,7b7ee8e5-6e5f-53df-8119-f19626e712b3,100g phần,GRAM,100.0
e3e45d1d-f81a-5810-b4fb-198f74176973,,,7b7ee8e5-6e5f-53df-8119-f19626e712b3,2 oz,GRAM,56.0
88121fbf-92d5-5764-8c81-49751d7070ed,,,590dfe55-91f4-5934-a6c4-17d1cfd064e9,100g phần,GRAM,100.0
b0a40ec9-24b5-54f0-b5de-a5e7a7990e6f,,,590dfe55-91f4-5934-a6c4-17d1cfd064e9,4 oz,GRAM,113.0
079fc91c-ec32-517b-9759-544bb6555673,,,9e11187e-9716-524d-837c-536f97758f63,100g phần,GRAM,100.0
e53cc7b4-88e5-5409-b36c-d3084242acec,,,9e11187e-9716-524d-837c-536f97758f63,4 oz,GRAM,113.4
97e826e7-fcaf-5ee2-8e58-f1880333ae2f,,,f82145f9-6eb2-5713-8bde-4d8d868bb848,100g phần,GRAM,100.0
49bbe04d-f847-57f9-8a1b-fbaf139188f9,,,f82145f9-6eb2-5713-8bde-4d8d868bb848,4 oz,GRAM,113.4
6909d966-35f5-5745-97de-c078c24d1b44,,,8d127904-2a5e-55be-bab7-71d8ad44df93,100g phần,GRAM,100.0
03db714b-9f7b-5e5c-8a29-80d4be5ab037,,,8d127904-2a5e-55be-bab7-71d8ad44df93,2 oz,GRAM,57.0
129eea8e-a05c-5c6e-8081-54fc8b2e7263,,,98c2d95f-f393-57bf-9d98-c09a654f80a1,100g phần,GRAM,100.0
2b8347b1-c1c6-5954-986a-b8ec21348b7c,,,98c2d95f-f393-57bf-9d98-c09a654f80a1,16 oz,GRAM,450.0
f1f67f11-135b-52a8-89c8-b866f8660eed,,,aac0603b-c9fb-5958-8a21-702a92985bae,100g phần,GRAM,100.0
251a5d31-b5e0-566a-939b-d0fd535d0c8e,,,aac0603b-c9fb-5958-8a21-702a92985bae,12 oz,GRAM,340.0
788718f1-b484-5484-95b1-992d9dcaacdb,,,90eeeaaf-a4f7-5dc3-aca9-c12a94b8c04e,100g phần,GRAM,100.0
9b909404-73c4-570e-8868-3725b6cceb1c,,,90eeeaaf-a4f7-5dc3-aca9-c12a94b8c04e,4 oz,GRAM,113.0
358c26fc-7335-504e-b07a-89afc704df25,,,80e17d5b-0427-5ad8-b714-1d6512536a4b,100g phần,GRAM,100.0
45c7585b-0b47-5c33-b88f-709ff0417608,,,80e17d5b-0427-5ad8-b714-1d6512536a4b,2 oz,GRAM,57.0
c00c7e9d-84ad-50e9-baa6-7c2a513270bb,,,d5682022-bcd6-5181-bcf0-b03d0db4bcb1,100g phần,GRAM,100.0
9227378a-03a0-5cc2-9f3f-289908cb4cf4,,,d5682022-bcd6-5181-bcf0-b03d0db4bcb1,6 oz,GRAM,170.0
340462cd-2002-5840-b661-2af432c68bbe,,,6a196515-3570-57ab-8966-13b7c5c2fc4f,100g phần,GRAM,100.0
c319e2f3-3427-5e00-9f6f-bb42469ad60b,,,6a196515-3570-57ab-8966-13b7c5c2fc4f,2 oz,GRAM,56.7
4b558ed9-a92c-5026-9536-de7eed67cba2,,,479a7220-eee6-563f-9d3b-1ee6344f22cb,100g phần,GRAM,100.0
84347d1d-3c59-5054-8349-6ea6c4671754,,,479a7220-eee6-563f-9d3b-1ee6344f22cb,1 slice,GRAM,150.0
d2d5821f-91da-56e0-8078-c0353dde0864,,,0f2fe01e-b139-5357-b2be-c3c833593781,100g phần,GRAM,100.0
c381b721-dff9-5883-b185-65d61664df56,,,0f2fe01e-b139-5357-b2be-c3c833593781,3 oz,GRAM,85.0
74106241-84ea-5f24-be59-c0387049db5c,,,c89b716f-9b59-57bc-ab17-047971796c8b,100g phần,GRAM,100.0
2e2c8b4a-6082-53d3-9534-6b7b805b8f8b,,,c89b716f-9b59-57bc-ab17-047971796c8b,3 oz,GRAM,85.0
7698483c-4066-5f3b-9efe-15c1593cfbb7,,,088aa565-d3d3-517b-a533-a0597419a573,100g phần,GRAM,100.0
bf02002a-3e81-580b-8d09-8e6bb6e34954,,,088aa565-d3d3-517b-a533-a0597419a573,4 tbsp,GRAM,60.0
58413832-bda0-50ad-a8e9-851ad0a1bf6b,,,f966ffc4-8623-5bfc-8d53-38567a7277a1,100g phần,GRAM,100.0
91d18828-24e0-5540-bb4f-cc5b16612d90,,,f966ffc4-8623-5bfc-8d53-38567a7277a1,1 cup,GRAM,240.0
52a48868-a0ab-5e58-9e6a-d1e2fc34ceef,,,8fcd20ea-9b7c-5fcb-8b02-ceb4f164e7a4,100g phần,GRAM,100.0
683f7a30-8942-5173-94f6-4677fbdd940e,,,8fcd20ea-9b7c-5fcb-8b02-ceb4f164e7a4,1 slice,GRAM,136.0
e2b45559-1ed1-5313-9e8a-49be7afb9884,,,3ef70b5b-512a-5ae5-9ba2-90b8fa37dadd,100g phần,GRAM,100.0
b7ef61af-3db5-5700-98b3-6bf7b4741e82,,,3ef70b5b-512a-5ae5-9ba2-90b8fa37dadd,0.25 cup,GRAM,60.0
5e7e592e-9268-5b58-ace1-8ed04efd5156,,,03332cd2-eb8a-59e9-b53d-d085d569ecf9,100g phần,GRAM,100.0
87e0c94d-8bb8-5e1a-977b-798b46b5ca97,,,03332cd2-eb8a-59e9-b53d-d085d569ecf9,4 oz,GRAM,113.0
42ad200f-1545-5e26-96ef-691bddac0a1d,,,e56565f9-6a47-5f0f-9b50-67907a7fcb94,100g phần,GRAM,100.0
51bd7a05-b66e-5a74-b55d-172fa3cc6396,,,e56565f9-6a47-5f0f-9b50-67907a7fcb94,3 oz,GRAM,84.0
e9791115-3184-5254-9075-1258135689eb,,,092a363c-5dca-5f3e-9230-935da274ae7b,100g phần,GRAM,100.0
8ef0baf1-5dec-505e-a18c-1b67571b7169,,,092a363c-5dca-5f3e-9230-935da274ae7b,5 oz,GRAM,140.0
8290fb39-4e6b-5777-b52f-a7681b0c12fe,,,e8fc576c-8b0c-5ab7-b47b-7da139dac42b,100g phần,GRAM,100.0
53cd4e5d-b1ef-5c44-89d1-9ac9b9557389,,,e8fc576c-8b0c-5ab7-b47b-7da139dac42b,4 oz,GRAM,113.4
d109e75f-606f-5192-88c3-2227cc408d19,,,eca83f6d-4368-5495-aaef-e5e5073237be,100g phần,GRAM,100.0
85cfa3ce-d15f-54cf-a5ab-decef61f8478,,,eca83f6d-4368-5495-aaef-e5e5073237be,2.3 oz,GRAM,65.0
3c2ddd63-02c7-5fac-aa8b-710158067396,,,36efa89c-9647-5a99-93ea-31d0be846dfe,100g phần,GRAM,100.0
0c4e2171-adae-5234-92dd-593e436098d9,,,36efa89c-9647-5a99-93ea-31d0be846dfe,4 oz,GRAM,113.0
23dee3e5-13c6-5159-9529-e033b2684305,,,8f1f0d20-b1c4-51fb-a534-6931e7eff376,100g phần,GRAM,100.0
44b58981-2b3b-55e3-a2a1-d24dc7dcca4b,,,8f1f0d20-b1c4-51fb-a534-6931e7eff376,3 oz,GRAM,85.0
721f5d39-2003-5702-b409-44b5834e777c,,,6d43a68b-b2a7-5dbb-951a-1ade0a15e60b,100g phần,GRAM,100.0
6fdecb77-80a2-5cb0-af5e-55a86bd2f6f2,,,6d43a68b-b2a7-5dbb-951a-1ade0a15e60b,1 oz,GRAM,28.0
24e13c28-0644-50b0-8d04-ea6b4e4e292d,,,b11d0791-5c4f-54c4-90fd-49904ceb5b7d,100g phần,GRAM,100.0
f0dc9bab-0558-5279-a7ae-2dd37e4d3a4e,,,b11d0791-5c4f-54c4-90fd-49904ceb5b7d,5 fl oz,GRAM,147.0
afe71b16-c2b9-5eb4-80a4-c0931188cb20,,,05efd486-51df-5119-9a17-2eb713f1d494,100g phần,GRAM,100.0
a32f60c6-7fcf-53c0-8f07-e6104006d02b,,,05efd486-51df-5119-9a17-2eb713f1d494,3 oz,GRAM,85.0
cbca4ce7-7cbe-515c-9cf7-534f3c6f1a92,,,20edcd31-d9db-5091-8b37-f7b1c32fd461,100g phần,GRAM,100.0
d2540cbb-efd6-5cc4-87ed-a1a762cf185c,,,20edcd31-d9db-5091-8b37-f7b1c32fd461,3 oz,GRAM,85.0
1f0aa3ff-00d7-5ff2-b43a-167c47b0ae34,,,e49c7348-fdec-5298-9e88-42a4ba7dd6d0,100g phần,GRAM,100.0
2c711f8f-aff7-5f3e-ba8a-7af1e140af19,,,e49c7348-fdec-5298-9e88-42a4ba7dd6d0,3.3 oz,GRAM,94.0
68cf44bd-dae7-5707-8e3a-600ac53295ee,,,7b97fbd7-02ff-5977-8ffd-20bd6fd3c234,100g phần,GRAM,100.0
9d484d54-df93-573b-a0cf-5fa12f505d9b,,,7b97fbd7-02ff-5977-8ffd-20bd6fd3c234,6 oz,GRAM,170.0
7b26c846-9f48-535b-9ec6-929dcae3b094,,,fe5f31aa-b16d-567d-b01e-59d8fef13e4e,100g phần,GRAM,100.0
6ee3431d-b851-5bd2-8a3a-9a8a1afbdd51,,,fe5f31aa-b16d-567d-b01e-59d8fef13e4e,3 oz,GRAM,85.0
1b77c42a-532f-5710-b90c-312021eec7b9,,,f8e8d515-1fa0-55b1-996b-cdee9a84b549,100g phần,GRAM,100.0
63a818d9-f07b-57cb-92c6-aec79c3d4fba,,,f8e8d515-1fa0-55b1-996b-cdee9a84b549,4 oz,GRAM,113.0
aa097e38-2cbf-5b86-a653-5d16324d8982,,,1f93afe8-5f45-5e6f-ae0e-19b0f31bd89d,100g phần,GRAM,100.0
3e4df18f-f061-54e9-b8ef-8c2f5bd761dc,,,1f93afe8-5f45-5e6f-ae0e-19b0f31bd89d,3 oz,GRAM,85.0
123463f6-d249-50a9-86c0-96f0a2bd31c6,,,382c06c7-d9ae-5fe7-87bb-3a8e78722ef6,100g phần,GRAM,100.0
2c13ceb9-fa7e-537e-92e6-0799ae535939,,,382c06c7-d9ae-5fe7-87bb-3a8e78722ef6,4 oz,GRAM,113.0
2e3db502-00e1-5b8b-bc59-b8fc33528ceb,,,bbd98a73-fca7-5f70-a8cd-6e4ec0613537,100g phần,GRAM,100.0
9fe7df8d-0aa3-5aa8-bbd0-75da7a255785,,,bbd98a73-fca7-5f70-a8cd-6e4ec0613537,1 large egg white,GRAM,33.0
1e2ede21-3aa7-523b-be9c-0998cafa2227,,,ea64d513-5114-5b40-a95e-595556174389,100g phần,GRAM,100.0
d933c259-78e0-55d2-97ed-6ee29c112122,,,ea64d513-5114-5b40-a95e-595556174389,2 oz,GRAM,57.0
0d1a451f-470b-55d7-95bf-ee7548d7e684,,,c917d39c-ecc6-5b86-8f03-51a796eadcb7,100g phần,GRAM,100.0
d0ebcd71-8303-5798-9899-90f8f5265c47,,,c917d39c-ecc6-5b86-8f03-51a796eadcb7,3 oz,GRAM,85.0
b9049b00-774d-50cd-8b07-bcd42618aff1,,,ac3bbd6d-8c50-5ff4-87fc-c2b332807f80,100g phần,GRAM,100.0
1b054ddc-5b94-5fd3-afd0-17f9b227bee7,,,ac3bbd6d-8c50-5ff4-87fc-c2b332807f80,3 oz,GRAM,85.0
76893c26-949d-5394-9c0c-907d0c36d392,,,f05a6cdc-8df9-5a32-b73a-ec7d6da0fd8c,100g phần,GRAM,100.0
02c5ab58-6dca-5ac6-98b8-ed21f235333d,,,f05a6cdc-8df9-5a32-b73a-ec7d6da0fd8c,1 oz,GRAM,28.35
27b8d0fe-70e2-5577-92eb-c18a56424ddd,,,b1e2cc00-cf58-55cf-bd34-eabaaaa6c407,100g phần,GRAM,100.0
b899f890-d909-5f0a-8114-b782e64205fd,,,b1e2cc00-cf58-55cf-bd34-eabaaaa6c407,2 tbsp,GRAM,30.0
b892e579-f54f-5035-91b0-1e7b41ea0e87,,,0798391f-a782-5948-bdcf-6b7b888daa39,100g phần,GRAM,100.0
3363b752-2129-5e2b-a695-29470dc8fb78,,,0798391f-a782-5948-bdcf-6b7b888daa39,2 oz,GRAM,57.0
abfa5cdb-7c70-51eb-ab9d-25f816a7dc38,,,5513169d-3fcc-567a-929b-7d92e56e8248,100g phần,GRAM,100.0
a1027a39-9968-5a8c-aa4d-efade79657ba,,,5513169d-3fcc-567a-929b-7d92e56e8248,4 oz,GRAM,113.0
4da4d086-3d0a-55da-b3c8-1ee2e67b5bd4,,,b69dd7ed-6165-5b4b-8702-2ee3f92ed509,100g phần,GRAM,100.0
62a32a16-4bf0-5bbb-ad32-0335b2f1f009,,,b69dd7ed-6165-5b4b-8702-2ee3f92ed509,3 oz,GRAM,85.0
fb98c8a2-6ab1-5138-bb82-1dec14cc3ecf,,,91aea0bf-03c8-59c3-bad5-c911fa9ea8ca,100g phần,GRAM,100.0
7b6838dd-fa85-5e56-a3e7-3ae437e23a89,,,91aea0bf-03c8-59c3-bad5-c911fa9ea8ca,4 oz,GRAM,113.0
3afc4519-2332-5673-8149-b0fa63aa3023,,,32fde59c-9eab-5c9d-a815-34ce1115c6b2,100g phần,GRAM,100.0
a7982ff5-3090-5b26-8785-642abd4ec668,,,32fde59c-9eab-5c9d-a815-34ce1115c6b2,3 oz,GRAM,85.0
a5eb903c-e749-54b7-8b98-c20ae4c72266,,,54d4b269-aa1f-563b-8d87-ae5a8d794a4c,100g phần,GRAM,100.0
ecee6854-46af-5ffd-abaf-723802c051eb,,,54d4b269-aa1f-563b-8d87-ae5a8d794a4c,2 oz,GRAM,56.7
eb86c870-2cff-5ff5-8779-44f325c88e25,,,186503c8-1833-5060-aafe-9b3cdd920a77,100g phần,GRAM,100.0
73709b65-4bae-560e-8df0-5ef9cfb7f673,,,186503c8-1833-5060-aafe-9b3cdd920a77,3 oz,GRAM,85.0
74343f5d-abe3-5881-a4de-44449f039880,,,d61f26c6-fc9c-5d4a-80d7-740ee6e7e468,100g phần,GRAM,100.0
d058ef4f-2cc5-5968-af7a-c4c0dfae7358,,,d61f26c6-fc9c-5d4a-80d7-740ee6e7e468,7 oz,GRAM,200.0
0b57bc86-e27c-594f-be88-2e600393aec0,,,8d7c52dd-935c-5d5e-92f0-87a246cd8b72,100g phần,GRAM,100.0
0dfab9a9-677a-5f44-b393-894ae7c7acce,,,8d7c52dd-935c-5d5e-92f0-87a246cd8b72,3 oz,GRAM,85.0
5c07001a-cb7f-5df0-9659-dc5dd7529fe2,,,fed1bd20-55a9-5bd8-a632-7ee399c81791,100g phần,GRAM,100.0
c161e36d-6ebf-53fa-94b5-7cc2bd9a4e52,,,fed1bd20-55a9-5bd8-a632-7ee399c81791,7 oz,GRAM,200.0
74e82ed9-1076-54b4-ae00-3b3fa7e73bbd,,,39a370fb-8db5-5b23-88a1-0c10447c4da5,100g phần,GRAM,100.0
23b441b5-0de9-52f8-8e33-ea4629ca47f8,,,39a370fb-8db5-5b23-88a1-0c10447c4da5,3 oz,GRAM,85.0
b5e6067e-d3f3-5950-8e62-599c6ecf543c,,,8f5d6b4e-4c59-5112-9dc6-dfa50219c8b7,100g phần,GRAM,100.0
7d43d4ee-8797-5360-afb6-f7272d0cedf1,,,8f5d6b4e-4c59-5112-9dc6-dfa50219c8b7,1 egg,GRAM,70.0
c594dd1b-256f-5ac1-849b-37d63f28b850,,,25386091-e40c-5360-a52d-11b4be1c3c84,100g phần,GRAM,100.0
4fa72645-7f41-5ef4-9caf-ea937b5c011f,,,25386091-e40c-5360-a52d-11b4be1c3c84,4 oz,GRAM,113.0
c1526430-26e8-514c-ae3d-03cac866e58e,,,3c3865f4-9e76-5acc-9774-adb282d70ac4,100g phần,GRAM,100.0
59089824-986a-5f06-8176-58e655875733,,,3c3865f4-9e76-5acc-9774-adb282d70ac4,8 oz,GRAM,227.0
66f5dd5a-9b26-55c2-bbf6-f241414778d9,,,68de73fd-0e3c-5f71-a414-2a9cdb1ecdb3,100g phần,GRAM,100.0
ad39c16f-ce47-5ddc-a572-2ecc82ff5b5b,,,68de73fd-0e3c-5f71-a414-2a9cdb1ecdb3,2 tbsp,GRAM,30.0
06d3d549-321e-538c-95a6-ebea6f95273b,,,37261482-c9c8-5a61-838b-a5b36fe3a4ef,100g phần,GRAM,100.0
d16bf8ff-f66a-579c-8971-3ce367d7a568,,,37261482-c9c8-5a61-838b-a5b36fe3a4ef,3 oz,GRAM,85.0
935bb532-3553-5de7-aea6-aa9e38b73841,,,3b9b8fc2-4aac-51db-b65c-cb6dc97f3ce6,100g phần,GRAM,100.0
6dfe7089-770f-5447-8d59-5d4556fb99d6,,,3b9b8fc2-4aac-51db-b65c-cb6dc97f3ce6,1 oz,GRAM,28.35
81779f85-f1a7-5bda-b43c-70be3d70e1bc,,,6bf3ce45-e026-5888-9ace-9bc73c56a9ee,100g phần,GRAM,100.0
f6170cce-4724-5a02-a26a-e33597204f12,,,6bf3ce45-e026-5888-9ace-9bc73c56a9ee,4 oz,GRAM,113.4
3760d457-5d08-56de-8fbb-461b8d1f2d4d,,,a321ac9b-3edf-5675-a9bd-f62394538215,100g phần,GRAM,100.0
638017e4-83d0-5e43-b964-163b6c8aaf80,,,a321ac9b-3edf-5675-a9bd-f62394538215,5 oz,GRAM,140.0
471716b7-86c4-5662-af3c-7d0f94d0d7c0,,,2a092766-2f07-5726-8a1c-cbd5a43d5e96,100g phần,GRAM,100.0
32d9361c-5537-5f65-b40e-890ccbe12ed5,,,2a092766-2f07-5726-8a1c-cbd5a43d5e96,3 oz,GRAM,85.0
2e0541d8-920a-502f-9e19-c673ab8baeb1,,,47c926f5-c747-53d7-ae29-7fd12670543f,100g phần,GRAM,100.0
7e71b089-29da-53a6-aa12-1d3ee8453346,,,47c926f5-c747-53d7-ae29-7fd12670543f,4 oz,GRAM,113.0
5c5cdbcd-3f98-5e30-a7e3-0e81ee369cdb,,,bd27516e-22d3-5807-822a-1e06ee6e98d1,100g phần,GRAM,100.0
2eb9905d-8b83-5f62-aa26-5c65458435b6,,,bd27516e-22d3-5807-822a-1e06ee6e98d1,3 oz,GRAM,85.0
39128fe9-2a5c-5d98-bb91-05acdb2352ea,,,a2c48a5b-ce67-5c16-8f66-d816af1d1e42,100g phần,GRAM,100.0
3f65fa79-8c73-511f-a44b-cfc9e2c90c01,,,a2c48a5b-ce67-5c16-8f66-d816af1d1e42,3 oz,GRAM,85.0
14b6aed7-a875-5812-8f65-71df23da04ad,,,a294c41c-96f5-5412-a938-c3eacd84bcf8,100g phần,GRAM,100.0
540fc8c9-884a-5f40-bc6d-107606f8fa3c,,,a294c41c-96f5-5412-a938-c3eacd84bcf8,3 oz,GRAM,85.0
5d810cd5-1327-50f7-be54-47e3e3c505da,,,d721c35d-523e-5172-be05-1d1a21c65afc,100g phần,GRAM,100.0
2083b26b-55d7-5d6d-b9e7-5432fdea5573,,,d721c35d-523e-5172-be05-1d1a21c65afc,4 oz,GRAM,113.0
51d0e332-5bdd-592c-b4a3-6171e799c589,,,9447dcf7-fb13-52c8-bf2e-7e7ef96e899e,100g phần,GRAM,100.0
afb6b5ba-a494-5268-9f50-3d41963998f5,,,9447dcf7-fb13-52c8-bf2e-7e7ef96e899e,4 oz,GRAM,113.0
c1240bce-1f14-5a54-8060-a1a3e9b7f81c,,,09af9fb7-1022-5269-9d74-b753cfbeb015,100g phần,GRAM,100.0
bc9753da-b490-51a2-95ca-b7f60faee20a,,,09af9fb7-1022-5269-9d74-b753cfbeb015,3 oz,GRAM,85.0
70273764-761d-50ff-ae0d-d76ee34ff860,,,e9839d8d-d6e7-5d59-8b15-d1209a320773,100g phần,GRAM,100.0
7fd0f6e4-0067-59b0-8e8e-ed88c6228424,,,e9839d8d-d6e7-5d59-8b15-d1209a320773,2 oz,GRAM,57.0
aba88bec-eb2d-5a27-8381-aba617d117c2,,,98820d2e-39d7-50b3-921c-1e6e7e68388c,100g phần,GRAM,100.0
3e749223-467a-58df-a495-36dc5a15167d,,,98820d2e-39d7-50b3-921c-1e6e7e68388c,3 oz,GRAM,85.0
d112530d-6a84-5852-87c0-0fffe226cf80,,,e70ce379-fd4b-56fc-9a1d-f77535eb467b,100g phần,GRAM,100.0
270428d0-fd89-5738-b784-e222e4d0aed1,,,e70ce379-fd4b-56fc-9a1d-f77535eb467b,3 oz,GRAM,85.0
22e454be-649e-5e62-82c1-bc26b965eb56,,,0fe409b2-566f-5e55-a07f-3bf3bad61608,100g phần,GRAM,100.0
f7b4fd55-ce95-50a9-8590-17dd25ec2851,,,0fe409b2-566f-5e55-a07f-3bf3bad61608,3 oz,GRAM,85.0
cebb12da-dd45-5f0e-bf92-3577f01db2f6,,,36fbb07d-8d26-51e3-8b79-3cab1b2ec370,100g phần,GRAM,100.0
6854dbee-ebd8-50ce-90ae-458b606842f7,,,36fbb07d-8d26-51e3-8b79-3cab1b2ec370,3 oz,GRAM,85.0
93a18617-f9b1-5048-8293-61e83ce4eaa8,,,c31cb142-602f-52aa-990d-d5c568cc1b66,100g phần,GRAM,100.0
5892d74a-41c8-53fb-96bc-20e39ac50a13,,,c31cb142-602f-52aa-990d-d5c568cc1b66,3 oz,GRAM,85.0
167f3f51-6087-5601-8a2b-317fea904099,,,8f0e6a06-29b3-5ee0-be0d-55478319f6cf,100g phần,GRAM,100.0
f24f7e03-166e-5806-824a-61ab947a3016,,,8f0e6a06-29b3-5ee0-be0d-55478319f6cf,3 oz,GRAM,85.0
d330b36a-c58e-51a2-a3d1-642f2c578a19,,,838ec7bb-9a38-53cb-a4b3-dd5f12daabd3,100g phần,GRAM,100.0
0dd77760-f301-5fa3-825b-7dc2670fbcd5,,,838ec7bb-9a38-53cb-a4b3-dd5f12daabd3,3 oz,GRAM,85.0
8889a1c6-7c97-58b5-87a0-fc647dc54400,,,52033e87-53bc-557a-a233-d39015e57fd6,100g phần,GRAM,100.0
5c37c150-7a4c-5cd4-b354-3a04d9052f33,,,52033e87-53bc-557a-a233-d39015e57fd6,3 oz,GRAM,85.0
f6c69343-0ef7-5f31-8277-c9f646909a03,,,e2d5e53e-c7c5-5538-94a7-1691f3c650ce,100g phần,GRAM,100.0
0052b0ad-bc69-5101-81ab-8a7c087d88d8,,,e2d5e53e-c7c5-5538-94a7-1691f3c650ce,4 oz,GRAM,113.0
eb899d6a-fbca-5cd1-ae29-bfbe1ba9464e,,,165be350-57ac-5bad-ba73-493e4dc6b0b9,100g phần,GRAM,100.0
e5769fb2-d54f-5448-8557-2b8a8564311c,,,165be350-57ac-5bad-ba73-493e4dc6b0b9,3 oz,GRAM,85.0
d6c77f39-f475-5143-af30-d2736db438d3,,,edd43ce5-7167-5b4b-8877-a5842f6e2ac6,100g phần,GRAM,100.0
26ab2ab7-8fb6-59ca-b44a-ad7fdc490466,,,edd43ce5-7167-5b4b-8877-a5842f6e2ac6,3 oz,GRAM,85.0
48edcce8-b046-5a6c-bdc6-67e788b4a514,,,4084a71f-d9c9-5bfa-a0ed-c65a49e6c13b,100g phần,GRAM,100.0
fd797fcc-aa85-5581-9da1-4d65fb5ed68e,,,4084a71f-d9c9-5bfa-a0ed-c65a49e6c13b,5 fl oz,GRAM,150.0
0de81b6b-0786-5bcc-98cb-74eef4ea4117,,,45e38399-28c6-58e1-8f10-dfdc383df7b4,100g phần,GRAM,100.0
f8147bab-14af-561a-9165-76595f04be4e,,,45e38399-28c6-58e1-8f10-dfdc383df7b4,4 oz,GRAM,113.0
a514a21b-92ca-57f6-b7eb-2b7f18e1eb40,,,c071c48a-1124-545d-9b57-06ec3cf60928,100g phần,GRAM,100.0
d1d89555-8745-52b7-ae4e-1e0a2c98360c,,,c071c48a-1124-545d-9b57-06ec3cf60928,2 oz,GRAM,56.7
d20f3ca2-0d09-591f-935d-7e08c197f436,,,69032e4c-1b8f-5fb6-8bdb-7906a286bbcd,100g phần,GRAM,100.0
b07b5c0a-91b3-58de-a32d-74a7d79c96d5,,,69032e4c-1b8f-5fb6-8bdb-7906a286bbcd,1 oz,GRAM,28.0
295b9ec3-3a97-5b66-aab5-a05dc20594f3,,,0ab7d8f7-e221-5776-b727-6c1f3aaaa10a,100g phần,GRAM,100.0
7989cd61-b74e-5f2b-954c-f015b120edd4,,,0ab7d8f7-e221-5776-b727-6c1f3aaaa10a,3 oz,GRAM,85.0
b66fd692-2253-59f6-92c2-f92d502112ec,,,3ea52b38-f1c3-50a7-a449-9ba50a5f77ec,100g phần,GRAM,100.0
4688ad5d-61f1-5c32-befd-48f2e39f7cac,,,3ea52b38-f1c3-50a7-a449-9ba50a5f77ec,3 oz,GRAM,85.0
4b611714-b71b-5545-aeed-f43e009313b4,,,a12c6111-0fea-5f23-91f5-936a3e0b6ead,100g phần,GRAM,100.0
e7c23a5d-94c4-57db-9fa5-299b0d76be22,,,a12c6111-0fea-5f23-91f5-936a3e0b6ead,3 oz,GRAM,85.0
4e6929c1-8235-53cf-aff9-15efe3250887,,,1a07275e-448e-59ca-beff-3a400bbbc527,100g phần,GRAM,100.0
22dae911-e00c-5e36-a9bd-4f41ba8459f4,,,1a07275e-448e-59ca-beff-3a400bbbc527,4 oz,GRAM,113.0
992af4e5-9703-54da-af48-9920c7723e0b,,,85befd35-dff5-52c9-a4b1-77a6345243cf,100g phần,GRAM,100.0
cd8fdc6a-bef5-5f53-b217-04f1186188d4,,,85befd35-dff5-52c9-a4b1-77a6345243cf,4 oz,GRAM,113.4
49ce5d97-032c-5ce9-86cc-eaacca4e227c,,,0703cbf2-0506-5385-ad5b-2023209b1d5f,100g phần,GRAM,100.0
d5068b3b-2baf-5991-a141-9d71c02f06bc,,,0703cbf2-0506-5385-ad5b-2023209b1d5f,4 oz,GRAM,113.0
a6eb1a5c-8d72-5194-b3b6-ab888a81166c,,,e60bdd41-2158-5645-a791-01f413ce3c94,100g phần,GRAM,100.0
2b45ecd0-fb0b-548c-9200-e19bfb73d03a,,,e60bdd41-2158-5645-a791-01f413ce3c94,3.5 oz,GRAM,100.0
a81ebf13-53cb-563f-af48-155432750c9e,,,7c77b9b4-a5ac-58b2-8749-f51f864c4cc0,100g phần,GRAM,100.0
11603948-1ccb-55ec-be68-4c9f0150fd48,,,7c77b9b4-a5ac-58b2-8749-f51f864c4cc0,1 piece,GRAM,70.0
ea707048-64c0-5ba1-b0f7-8acb8989c857,,,259e7a27-2f5a-5d15-8c70-0ddff9c5624a,100g phần,GRAM,100.0
f365d098-6ea2-5a53-a5d5-88913c8d858d,,,259e7a27-2f5a-5d15-8c70-0ddff9c5624a,1 cup,GRAM,30.0
4b99fcd0-fa77-5638-9c59-da85c3a739e5,,,115a9c41-dfbf-5e42-a519-758add9a3fa2,100g phần,GRAM,100.0
689002a9-7e65-5f1a-8ec9-a3e91b00fb11,,,115a9c41-dfbf-5e42-a519-758add9a3fa2,4 oz,GRAM,113.0
8d7ff9f2-6048-506a-92ea-4b6727c28c77,,,c5b94995-66a7-56cb-9060-728ffe4c2025,100g phần,GRAM,100.0
6be053df-cde8-50db-a3d7-38bfcc751545,,,c5b94995-66a7-56cb-9060-728ffe4c2025,3 oz,GRAM,85.0
720f4bfc-9e6f-5bf1-9deb-e6fd71a8fb5a,,,057bdd3b-f628-543e-baa1-c82d0f44dba1,100g phần,GRAM,100.0
64817069-8d64-5a3f-8cf5-30716db1215c,,,057bdd3b-f628-543e-baa1-c82d0f44dba1,3 oz,GRAM,85.0
66853dd4-528a-5a0f-9395-756558747773,,,9dc23df4-8d66-574e-8a0f-0d84b1aa03bd,100g phần,GRAM,100.0
c64c085c-1d91-5e97-b80c-b6e456295465,,,9dc23df4-8d66-574e-8a0f-0d84b1aa03bd,3 oz,GRAM,85.0
66e53b94-1f31-5844-af66-605af9732ee7,,,7f2bc835-f955-588b-92a7-1644bbcf666f,100g phần,GRAM,100.0
571ddbea-3288-59f3-b283-bcda648b27a7,,,7f2bc835-f955-588b-92a7-1644bbcf666f,3 oz,GRAM,85.0
7a991eda-2f45-50b2-91b6-b6bd55983a3a,,,b965c0e5-e224-5455-9353-1f245d4675a8,100g phần,GRAM,100.0
e33f5d20-6216-5e1c-a7bc-572c5954d0e4,,,b965c0e5-e224-5455-9353-1f245d4675a8,4 oz,GRAM,113.0
c4efadbe-64c1-58c0-9ef5-aa5b483dd344,,,75d0ed4e-a2e8-5340-8a68-66eb71bc0af3,100g phần,GRAM,100.0
c10e3769-6dca-5721-91fb-011410a89e02,,,75d0ed4e-a2e8-5340-8a68-66eb71bc0af3,3 oz,GRAM,85.0
78ac9625-2748-515e-b26d-1ade21d48239,,,9728a943-f15b-554f-b1ff-3ddca54003fa,100g phần,GRAM,100.0
c21cb3c4-6806-513f-9dae-a5b805c1d644,,,9728a943-f15b-554f-b1ff-3ddca54003fa,2.1 oz,GRAM,60.0
542db64c-9dde-5fe1-aaf4-05dd2b7ff3d0,,,fddec4de-0538-5005-9d87-17b4276952f4,100g phần,GRAM,100.0
19346d6c-c755-5c89-a01f-1978ec0ae1f9,,,fddec4de-0538-5005-9d87-17b4276952f4,3 oz,GRAM,85.0
ec028f25-4a55-5bd3-a750-405d38dc60ef,,,4c68bce7-3223-5063-8776-104251ffc7e7,100g phần,GRAM,100.0
6f532fec-96fa-5dfa-a97e-612783c86305,,,4c68bce7-3223-5063-8776-104251ffc7e7,4 oz,GRAM,113.0
be0bff67-fd24-5bfe-b41b-b136e494af6b,,,c7b63006-d429-53ed-95b8-55e93024b259,100g phần,GRAM,100.0
d14588f8-7383-5388-be5d-d420b3d92e0c,,,c7b63006-d429-53ed-95b8-55e93024b259,3 oz,GRAM,85.0
dddecd5e-7820-537a-ad8e-eaa7778f23fc,,,4130bc66-cf2b-5947-88bc-9d25c489905f,100g phần,GRAM,100.0
6b3368f4-5c8a-5631-82a5-9c99477b7c4f,,,4130bc66-cf2b-5947-88bc-9d25c489905f,3.5 oz,GRAM,100.0
5815c0d1-8dd2-5a49-8553-124761f0c985,,,35541419-000e-5853-90ec-eef4a0d61de8,100g phần,GRAM,100.0
b39b3704-3155-5517-a35f-63d84b639778,,,35541419-000e-5853-90ec-eef4a0d61de8,1 wrap,GRAM,386.0
ff721732-9fbb-549f-ba6e-930a8a1e6360,,,16cc971b-92f4-5c0e-ba4a-4a2518641345,100g phần,GRAM,100.0
6e5248b3-135e-5184-970f-5b39cb6c407f,,,16cc971b-92f4-5c0e-ba4a-4a2518641345,13.2 oz,GRAM,375.0
2ebf85fe-afa2-54d6-a069-5ffafbc2754e,,,8298c0a8-2fee-5940-bccc-6d733b61cb82,100g phần,GRAM,100.0
6641a402-d266-5af2-ba41-805b39b1ca48,,,8298c0a8-2fee-5940-bccc-6d733b61cb82,1 plate,GRAM,100.0
1643537b-1a60-555c-9263-d1b9dcea50ed,,,90d906b1-26bf-5026-bdb3-3f5cc780ffa5,100g phần,GRAM,100.0
4cb07428-0801-5c0d-865d-11f0b6ca20d5,,,90d906b1-26bf-5026-bdb3-3f5cc780ffa5,1 plate,GRAM,133.0
64c24b5b-6631-5ea3-a1bd-eefb2e6d84e0,,,393e036a-de39-51a7-9f0a-6b2ec0d54977,100g phần,GRAM,100.0
a17b7b9c-6d56-5431-b040-c072b34505a8,,,393e036a-de39-51a7-9f0a-6b2ec0d54977,1 chimichanga,GRAM,250.0
4274a85e-6c63-5b47-a3bf-f890cd1e406f,,,19657568-0c5d-5e53-b229-7bfa0164d7a6,100g phần,GRAM,100.0
8bfa2b34-908a-5431-a914-b43f62d864a1,,,19657568-0c5d-5e53-b229-7bfa0164d7a6,10 oz,GRAM,283.0
9a511deb-eed4-547e-9a2f-f31949e45dac,,,129cd823-ff04-50eb-ac97-5118bb222c99,100g phần,GRAM,100.0
1407cbc1-4213-581b-af7b-1b1217e99aa0,,,129cd823-ff04-50eb-ac97-5118bb222c99,5 oz,GRAM,142.0
d1bebe95-f104-5707-95b8-e3a11088d4ee,,,6700037c-422b-5685-a158-b8599398659f,100g phần,GRAM,100.0
997e6976-828c-537b-96f5-c3c46986a9a6,,,6700037c-422b-5685-a158-b8599398659f,1 plate,GRAM,500.0
2a21aadb-ec3a-58fd-9c15-13374c2d6eb3,,,84329744-5807-5df1-b636-2095fdea0470,100g phần,GRAM,100.0
919d1d1e-4e58-5914-bed2-c43850ebbb6b,,,84329744-5807-5df1-b636-2095fdea0470,1 piece,GRAM,79.0
eedfae23-b992-5619-b90b-3c99cd79eb08,,,5a641a08-6c21-5bc4-b29a-6d01ae642266,100g phần,GRAM,100.0
b962b90d-5ddf-5f87-8d62-50c5e68a5f81,,,5a641a08-6c21-5bc4-b29a-6d01ae642266,14 oz,GRAM,397.0
bd5756fe-81bd-5f25-abc8-77c8c7c14617,,,981d7d0b-db02-58db-a932-8264b0c942ac,100g phần,GRAM,100.0
6b8aca13-99a7-50ce-9280-33dd59a04ade,,,981d7d0b-db02-58db-a932-8264b0c942ac,3 oz,GRAM,85.0
31811753-b5e2-5aed-8f54-f908c2381857,,,6ba46d20-5f65-5f63-a378-0fa68d170360,100g phần,GRAM,100.0
164fde48-17c2-5cec-80a9-f164ef1f9c4b,,,6ba46d20-5f65-5f63-a378-0fa68d170360,8 wing,GRAM,240.0
8414f542-fb62-56c7-845f-8e48fc7d2334,,,d4a6334e-0f14-5b37-aa0b-c96056d70b6d,100g phần,GRAM,100.0
de75616d-2a4b-5f1b-92a9-6cfabbaa7f72,,,d4a6334e-0f14-5b37-aa0b-c96056d70b6d,1 wrap,GRAM,240.0
f085d2d2-59f7-5eac-afc6-0f61c8ebff41,,,457990d2-35ba-541f-92e9-267292b62d4f,100g phần,GRAM,100.0
bfffae87-e2f3-5c39-bd0f-d1d36ab46cab,,,457990d2-35ba-541f-92e9-267292b62d4f,1 pretzel,GRAM,128.0
ef900283-1610-5e20-a3dd-d39835be0a7d,,,3c8a3363-d4ed-5a68-aa53-95008bc52ebb,100g phần,GRAM,100.0
3d078f99-bf8c-5bc9-abc8-17abccde43a5,,,3c8a3363-d4ed-5a68-aa53-95008bc52ebb,1 cup,GRAM,240.0
db2bee0a-c809-5a6b-b554-115167a29c01,,,b23a1d68-b68e-56e6-a3a6-1e3e7e99681c,100g phần,GRAM,100.0
8022954a-d010-51b8-b307-25c17ebf9dfa,,,b23a1d68-b68e-56e6-a3a6-1e3e7e99681c,1 link,GRAM,75.0
3924452b-89b1-5e43-a1d8-41fc38e604d0,,,600cece0-ca94-591e-b685-4e36597e57e6,100g phần,GRAM,100.0
13d82792-1403-525e-9e4d-8d3de269f9e9,,,600cece0-ca94-591e-b685-4e36597e57e6,8 oz,GRAM,227.0
43e2dd6e-74bd-5f22-a4a3-62bdc58505ac,,,0531f434-49e8-5f50-ac3a-3d2bdfbffe78,100g phần,GRAM,100.0
de61eb13-72ad-5345-aada-9a3bd17e4eba,,,0531f434-49e8-5f50-ac3a-3d2bdfbffe78,1 sandwich,GRAM,650.0
67c44a29-5d92-5530-85e6-2cedf1335e3b,,,66036c28-2e31-5f3f-b634-633fac57012c,100g phần,GRAM,100.0
dcdf9da4-f5f0-59f1-a6c7-26457d4b4063,,,66036c28-2e31-5f3f-b634-633fac57012c,1 cup,GRAM,236.0
dc1c9544-0289-5391-b067-f2de412fab3a,,,1e3ea220-862e-5736-93e7-389a3519ac6c,100g phần,GRAM,100.0
bc8f7c69-dbf2-55de-9caf-f1087beaef64,,,1e3ea220-862e-5736-93e7-389a3519ac6c,3 oz,GRAM,85.0
f69cf585-0fef-5f5b-a8db-6c2fc4098263,,,ded9691c-b358-513d-a5b6-071361cfa333,100g phần,GRAM,100.0
ab19ca5a-32a5-59af-996f-a568ead33c94,,,ded9691c-b358-513d-a5b6-071361cfa333,1 plate,GRAM,300.0
d6766725-0c5a-5acd-beda-6a9f797892ec,,,5df67276-ee64-53f8-8dc6-398bdf5a54b8,100g phần,GRAM,100.0
66db9857-6330-5acf-97aa-f4fdfde05af8,,,5df67276-ee64-53f8-8dc6-398bdf5a54b8,1 sub,GRAM,400.0
72d3b45c-35e0-58b6-8215-ca5618bc8050,,,1f3ec31f-8948-5954-ab83-28ff3a70d087,100g phần,GRAM,100.0
580dd44a-1780-5506-afb2-c03963be94ae,,,1f3ec31f-8948-5954-ab83-28ff3a70d087,1 sandwich,GRAM,338.0
41ea56cc-3c8e-5d8b-9089-9349977c709b,,,db145d26-659f-52f7-b1d8-2aa053adca8d,100g phần,GRAM,100.0
9dde7f9b-dfd9-5049-91f2-47fe919a7c29,,,db145d26-659f-52f7-b1d8-2aa053adca8d,1 sandwich,GRAM,350.0
c4047ebb-95f8-546c-948b-16455c70db9c,,,c4b7b328-e976-541e-b87c-4d30a6c25154,100g phần,GRAM,100.0
94704b44-2eee-5a5b-97d2-d3e31086da0f,,,c4b7b328-e976-541e-b87c-4d30a6c25154,1 sandwich,GRAM,250.0
9bd5fe9d-fee1-584a-9a08-046f8707123a,,,6eeab1d5-3998-5763-a57d-d2ee3b3ac5e5,100g phần,GRAM,100.0
a2c16df4-06e7-5c90-a8be-5d019b34c8e8,,,6eeab1d5-3998-5763-a57d-d2ee3b3ac5e5,1 sandwich,GRAM,250.0
3cfad2f8-2671-59fa-9b89-59cddba1d15b,,,eef792ae-0d5b-5f87-acd5-a166a78bfe5d,100g phần,GRAM,100.0
97833269-0a06-5997-ae90-f01298037011,,,eef792ae-0d5b-5f87-acd5-a166a78bfe5d,1 plate,GRAM,400.0
03cd1960-8173-50aa-b0f4-ca11f62843ba,,,5b7d9fb2-de25-584c-97b7-5a493bdb2fc7,100g phần,GRAM,100.0
2c9cff68-e4d9-54cf-911a-c4096afcd5a9,,,5b7d9fb2-de25-584c-97b7-5a493bdb2fc7,7 oz,GRAM,200.0
c172fa23-6df8-5c05-96bd-495eaed02f8b,,,64ebfed3-3fba-5477-bd51-b02376002436,100g phần,GRAM,100.0
ad812011-b649-53e5-ae0b-9cedf263d2ec,,,64ebfed3-3fba-5477-bd51-b02376002436,3.5 oz,GRAM,100.0
5545f7b9-2d95-5579-bb9b-66c52cb3a373,,,52d5e30b-79f3-54d1-8b72-bc0ae267b5f5,100g phần,GRAM,100.0
2dfa5c82-00ac-53cb-8728-c33164f4db33,,,52d5e30b-79f3-54d1-8b72-bc0ae267b5f5,4.4 oz,GRAM,125.0
fc5b1c0b-75fb-54d5-93f8-90a10ceda730,,,0067f2aa-53d0-58d5-938f-1f82402fbcc2,100g phần,GRAM,100.0
8c590d49-39f7-5b01-900d-7e894867a1c3,,,0067f2aa-53d0-58d5-938f-1f82402fbcc2,1 plate,GRAM,350.0
7b7cc162-f271-57e5-8706-0d5f74821be5,,,4cdb0a16-356f-57ab-94c4-8081d9ed09f6,100g phần,GRAM,100.0
bf0c0105-a6b5-5f03-b657-145956c695e1,,,4cdb0a16-356f-57ab-94c4-8081d9ed09f6,4 meatball,GRAM,150.0
b7082b8c-a709-55f1-be9c-dc2a868bf9b9,,,25d02973-eb98-5567-9487-09683514f16f,100g phần,GRAM,100.0
d68c6b57-f000-53db-be70-4086bc6265a7,,,25d02973-eb98-5567-9487-09683514f16f,1 bowl,GRAM,340.0
9cf98e27-f565-58ed-b08a-7bb0124caa99,,,613a482d-0c95-5820-a3ba-ff7f4e63a859,100g phần,GRAM,100.0
adfb1985-2277-5720-82ea-25821402996d,,,613a482d-0c95-5820-a3ba-ff7f4e63a859,1 plate,GRAM,450.0
cdbcdd13-3182-55fa-be2a-769ee0954bfd,,,b76ec76c-3601-53ef-b43d-de33962153cf,100g phần,GRAM,100.0
5aebc4b9-b6b1-5530-a044-7580609ecf14,,,b76ec76c-3601-53ef-b43d-de33962153cf,1 sandwich,GRAM,189.0
ed0086df-19fb-5c40-997e-91dc6fe8c0ae,,,274644db-2958-56f9-9eee-5d6e6cc80ce1,100g phần,GRAM,100.0
8a8d0aa0-8445-57c2-9ad1-c8cacbba390e,,,274644db-2958-56f9-9eee-5d6e6cc80ce1,1 plate,GRAM,400.0
fe6cc6fc-0d75-5d67-bc5a-e5b4aaa41477,,,b54ea61e-d8da-5c78-848c-203b0e901d46,100g phần,GRAM,100.0
d3c214fc-9546-5f35-bf9d-9efc9d24df53,,,b54ea61e-d8da-5c78-848c-203b0e901d46,1 plate,GRAM,350.0
568343d3-e0d6-56d5-8227-abf81fac6a49,,,c368b41b-116e-5384-ae32-196545806c2a,100g phần,GRAM,100.0
1cf45a34-1eed-59d6-9a7b-46286b85db42,,,c368b41b-116e-5384-ae32-196545806c2a,4 oz,GRAM,113.0
a3eb7f9d-0fa7-5ebd-9e08-af92a37ae590,,,cfe8ac39-6192-5cbb-bcc1-40d48a33a3ad,100g phần,GRAM,100.0
f4b7d601-c26f-5d0d-ac92-ea461bce8649,,,cfe8ac39-6192-5cbb-bcc1-40d48a33a3ad,1 sandwich,GRAM,235.0
3ae58b8e-9dde-57e8-8f4b-1870f37694b9,,,7e19ee1e-2d0b-5a55-bfc2-7c1c6093bfff,100g phần,GRAM,100.0
16d10656-cc8d-5081-978a-dfef36e19fe9,,,7e19ee1e-2d0b-5a55-bfc2-7c1c6093bfff,8.3 oz,GRAM,235.0
2bb26505-0791-557a-85e5-340ceb9a590e,,,b8d86536-8a61-54cd-ba62-1b0b838106e5,100g phần,GRAM,100.0
ce009215-6e82-5867-92a0-1cf340682023,,,b8d86536-8a61-54cd-ba62-1b0b838106e5,1 plate,GRAM,500.0
86034958-8ccc-5bf8-8f69-0ce2202d9de0,,,c18e5640-2cfa-5989-b357-45e0ba3b5e91,100g phần,GRAM,100.0
aef61d01-5047-5bad-bddf-49f4ffd12e8b,,,c18e5640-2cfa-5989-b357-45e0ba3b5e91,1 wrap,GRAM,325.0
4b915334-091e-5818-8eea-dd0752c8cea4,,,5d98b5ae-8494-5bea-bfc5-03cb874b40ce,100g phần,GRAM,100.0
feb1caf1-e095-5bac-a782-f64948d1520f,,,5d98b5ae-8494-5bea-bfc5-03cb874b40ce,6 oz,GRAM,170.0
c5211efd-5a6b-5be1-8c09-4a0b23d29897,,,4c08ea52-7615-5849-b6e7-07ed2769fbd2,100g phần,GRAM,100.0
e76ebdf1-8931-5dcd-8da6-240a5b1a8a53,,,4c08ea52-7615-5849-b6e7-07ed2769fbd2,1 sandwich,GRAM,250.0
ff2bb8ca-3723-5c28-b29d-d5d8de4744fd,,,5f95b255-f7b7-546d-990d-e916a8357106,100g phần,GRAM,100.0
c92af230-cec8-5d6e-a867-906a40c7144f,,,5f95b255-f7b7-546d-990d-e916a8357106,1 sandwich,GRAM,237.0
c4b333d2-1677-5604-9fa9-b3b67fb612dc,,,6cf8e5f6-d573-5126-9fe4-ed1cb85fa1b9,100g phần,GRAM,100.0
1fa2476b-899a-5900-acd5-11c1dcce3bc2,,,6cf8e5f6-d573-5126-9fe4-ed1cb85fa1b9,4 oz,GRAM,113.4
e8ce5f4d-34ad-5420-9dc5-ee0f45ee0eb5,,,285c6395-e10f-5b98-b0a5-9dab6c5967f8,100g phần,GRAM,100.0
9702fa0f-4e2d-5153-b38b-94bf23bc3310,,,285c6395-e10f-5b98-b0a5-9dab6c5967f8,1 plate,GRAM,350.0
b1a1b063-9f08-57b0-9578-946408a35ad1,,,458ba450-c205-5a53-8201-b885adba61f7,100g phần,GRAM,100.0
a4fb5909-a903-53be-90b7-5fa6690aa315,,,458ba450-c205-5a53-8201-b885adba61f7,1 plate,GRAM,350.0
176618c7-eb91-5259-983f-3972b27167eb,,,74157afd-1e22-59d4-9768-26cc53124db1,100g phần,GRAM,100.0
b20b191b-4bcc-52fa-84b2-99823ef6414f,,,74157afd-1e22-59d4-9768-26cc53124db1,1 plate,GRAM,269.0
6fb6cb3d-4e3b-5262-86ab-1976fbdd6c46,,,9fe7f8d5-a1ee-5c40-9d31-a8a7141b68b7,100g phần,GRAM,100.0
25947af6-439f-5d65-9f1f-e2211d3fe4cc,,,9fe7f8d5-a1ee-5c40-9d31-a8a7141b68b7,1 package,GRAM,242.0
80167281-5233-5bfb-a62a-cfa89a272da9,,,fdf7c357-6f4f-53d4-b934-6475aad6b177,100g phần,GRAM,100.0
7536730a-7023-5b63-9958-9bf301ebcb87,,,fdf7c357-6f4f-53d4-b934-6475aad6b177,4 oz,GRAM,113.0
2c4679dd-5973-5776-aef8-c47b4c8d915f,,,0226bae7-c5f0-5178-8187-985b01d57949,100g phần,GRAM,100.0
dda5b533-d1ec-5c7b-9db5-bec549cf211e,,,0226bae7-c5f0-5178-8187-985b01d57949,1 slice,GRAM,156.0
4a1b3ab0-6569-5123-aa70-64a152d7c996,,,722c581a-c67b-5ee0-9a53-03ff20fcc4d2,100g phần,GRAM,100.0
b6bf0bef-67cb-58e1-b233-eb4f69a74eac,,,722c581a-c67b-5ee0-9a53-03ff20fcc4d2,1 sandwich,GRAM,245.0
d8490517-a788-5506-bc81-1fd72c0e8565,,,226509f4-d032-5560-8718-79d0e94b62e0,100g phần,GRAM,100.0
f1c7a891-768f-56de-99fc-cb4813357e92,,,226509f4-d032-5560-8718-79d0e94b62e0,8 oz,GRAM,225.0
7a59681c-d424-504f-83af-22e027da5000,,,2189369e-cf15-57b6-bd12-1c051bfe8f8b,100g phần,GRAM,100.0
697a8b39-efbf-55bf-bb83-cb25235925cc,,,2189369e-cf15-57b6-bd12-1c051bfe8f8b,1 sandwich,GRAM,241.0
a9c79d1c-7d72-584a-9310-1c9eade8ef0d,,,dd3672f9-3a8c-5832-bfca-42455c70fca5,100g phần,GRAM,100.0
08c1add3-b011-5e87-91da-2c2d49f7c779,,,dd3672f9-3a8c-5832-bfca-42455c70fca5,1 bowl,GRAM,425.0
1c94153d-6a08-54b7-8c1d-dee6bffb7a7f,,,a545f1a5-f10c-5271-9d83-3b2f40c3407d,100g phần,GRAM,100.0
0ba38d2a-02a8-5d2f-9de7-7cb208816bc4,,,a545f1a5-f10c-5271-9d83-3b2f40c3407d,1 plate,GRAM,400.0
bf507072-cb13-5180-abff-5a62e342c733,,,0b047198-c59f-55af-9fee-b48aeeda9782,100g phần,GRAM,100.0
101e22aa-bcd0-5523-98e6-695c6fda495f,,,0b047198-c59f-55af-9fee-b48aeeda9782,6 oz,GRAM,170.0
58e34d64-8fe8-50dd-9984-0307e6b0b270,,,c68c34e3-f283-55c1-828e-0cdd6b605f31,100g phần,GRAM,100.0
c0546b39-d1dd-5c39-a080-f290648adcf8,,,c68c34e3-f283-55c1-828e-0cdd6b605f31,1 bun,GRAM,100.0
168d6504-bc3a-5881-8079-ecc168850460,,,0848c248-f866-5590-9205-1d0eafd053d7,100g phần,GRAM,100.0
dd34fb79-db22-5de2-b6ba-25b1bb028dee,,,0848c248-f866-5590-9205-1d0eafd053d7,3 oz,GRAM,85.0
199a80a2-6ccc-5125-93df-a24713af0d65,,,aa625e01-5a50-5b5f-8261-77547c335512,100g phần,GRAM,100.0
28192593-1083-5390-add6-32f9ab9514ed,,,aa625e01-5a50-5b5f-8261-77547c335512,1 sandwich,GRAM,300.0
e5b6d6e2-925d-5915-ac91-e722eebae27c,,,8038b350-94a0-5d71-b18a-d05d4c418e7c,100g phần,GRAM,100.0
cde36da2-2e9a-55c1-b12d-5393456cc4c1,,,8038b350-94a0-5d71-b18a-d05d4c418e7c,1 sandwich,GRAM,340.0
69dc7a33-fee3-5431-8ec4-fa0b92acc544,,,d98a0382-ef13-541e-91f7-78e5e090cce4,100g phần,GRAM,100.0
74ccab00-0052-5d27-a922-1701deb3bede,,,d98a0382-ef13-541e-91f7-78e5e090cce4,1 sub,GRAM,482.0
fdfc19a0-1f75-50b0-b879-c84897f460da,,,aab09f90-0e9a-5bbb-b878-060d2507580a,100g phần,GRAM,100.0
b094634e-d508-5e65-828b-fdf0f19fd0f6,,,aab09f90-0e9a-5bbb-b878-060d2507580a,1 plate,GRAM,350.0
a57a8bad-e140-5778-8754-4a98eb6835fe,,,69f0de71-2c97-595a-a13d-e9df0465dfd8,100g phần,GRAM,100.0
6a684815-57d3-575e-978c-a00d38599aad,,,69f0de71-2c97-595a-a13d-e9df0465dfd8,1 sandwich,GRAM,200.0
009eed69-f15d-5bc1-aa2a-ac77b383afc4,,,5f4ad1e2-276a-5dfa-a789-9485560e2554,100g phần,GRAM,100.0
9be13355-fccb-50c6-bb61-78deeb837f34,,,5f4ad1e2-276a-5dfa-a789-9485560e2554,1 panini,GRAM,230.0
417eefc6-2cc0-58c0-8ed9-072865e78571,,,96b090f7-e06c-538b-bda4-0ab7c96d6c73,100g phần,GRAM,100.0
9e16bf5d-bb9b-5781-b0c4-8e10597f3991,,,96b090f7-e06c-538b-bda4-0ab7c96d6c73,1 plate,GRAM,350.0
8f737608-7eaa-5dce-a150-38fac14001d3,,,509aa77f-f32b-5e14-8e16-600260834bea,100g phần,GRAM,100.0
6b3afb79-deab-5361-9eae-ba3b3fc1d4bf,,,509aa77f-f32b-5e14-8e16-600260834bea,4.4 oz,GRAM,125.0
a05196d6-bd63-513d-9b0a-8c03cf490413,,,8b911193-9f92-5835-8679-32c67f8cb396,100g phần,GRAM,100.0
35c0a847-29fb-55c8-9341-0421004e63e1,,,8b911193-9f92-5835-8679-32c67f8cb396,0.5 rack,GRAM,350.0
67544fbd-d777-5bea-801a-9c8b85cf1c34,,,a3819874-da76-501f-9bed-c801797b8fea,100g phần,GRAM,100.0
0838f2ba-1dba-5ce0-a2e9-081d1aaa1dcb,,,a3819874-da76-501f-9bed-c801797b8fea,1 sandwich,GRAM,300.0
d2ea823a-058a-5b42-b014-cbc26afaed6e,,,5704e814-e4ea-5a78-9d29-6673c9c37d10,100g phần,GRAM,100.0
01a20b9b-ae82-5d32-a4b6-30bff3a14ffe,,,5704e814-e4ea-5a78-9d29-6673c9c37d10,1 bowl,GRAM,300.0
3b19154c-f143-585d-9e67-2707f7122557,,,9a1e5b7e-e7d0-53d6-97f6-86df71e37328,100g phần,GRAM,100.0
6f390a8f-1523-5926-8d63-accbd9528ebf,,,9a1e5b7e-e7d0-53d6-97f6-86df71e37328,1 piece,GRAM,100.0
c233e71d-e405-536c-803f-b6edc3247c2e,,,693475bc-f2ba-5df5-b0d4-e96c5e532e7c,100g phần,GRAM,100.0
e88c738c-ccf4-5e46-9983-398f6a0d5413,,,693475bc-f2ba-5df5-b0d4-e96c5e532e7c,1 sandwich,GRAM,100.0
a776ddd6-83b2-511f-8bcc-c4ff0efe5883,,,bab0c37f-86fb-5490-a1f1-0a8064ee2f6b,100g phần,GRAM,100.0
2e7f06f7-ddd6-5f50-9bc0-6f4141d90e00,,,bab0c37f-86fb-5490-a1f1-0a8064ee2f6b,5.3 oz,GRAM,150.0
4591c1b0-1c49-5caf-b0d4-36e9fff40694,,,7035e636-26d2-5e04-95be-738109fdcca5,100g phần,GRAM,100.0
5a34d69b-cb29-587d-b994-f071e9e7d746,,,7035e636-26d2-5e04-95be-738109fdcca5,4 rib,GRAM,180.0
c9a9477b-ac09-5722-b361-00855604cdf3,,,775b8045-a49a-5776-ae7e-cb65d51352d5,100g phần,GRAM,100.0
1afb6d00-914b-5b64-b0ee-badafccf7211,,,775b8045-a49a-5776-ae7e-cb65d51352d5,1 plate,GRAM,240.0
69914f79-1b2d-52e0-9747-28bb271a63f8,,,f4f95e62-703d-5d2f-993e-b0721a73ebea,100g phần,GRAM,100.0
9e3707e4-ecf2-53b8-a5e4-a10fedf2dc9a,,,f4f95e62-703d-5d2f-993e-b0721a73ebea,1 steak,GRAM,144.0
b89a707a-9dfe-5a1b-879f-ffc90b825f44,,,ea7728e5-ab2d-5c0f-a0dc-597674e48e28,100g phần,GRAM,100.0
498da8c2-e3ec-5200-9b3a-3cb43192d5b2,,,ea7728e5-ab2d-5c0f-a0dc-597674e48e28,1 sandwich,GRAM,256.0
43c3f6cd-1130-598f-8075-c07d47d0bd73,,,b3d38ed2-0bb7-5c65-945a-9293c21782f9,100g phần,GRAM,100.0
4d425890-641a-54f2-8ed5-6f34932b1060,,,b3d38ed2-0bb7-5c65-945a-9293c21782f9,8 wing,GRAM,200.0
fde759a2-039c-5ff9-a62a-7446bccaa888,,,c0b77ece-901a-5445-b7ca-2ac6a88fa054,100g phần,GRAM,100.0
a6b01c1e-70cc-5abe-a2d5-9aa4fcf3b094,,,c0b77ece-901a-5445-b7ca-2ac6a88fa054,1 sandwich,GRAM,150.0
01973ce8-8aa7-53d2-9ca7-8f0a08b763ce,,,e9055e73-97f9-5a93-b53f-c744ed90fc09,100g phần,GRAM,100.0
bb9808f9-6dcb-5b34-bf0b-44adade98b20,,,e9055e73-97f9-5a93-b53f-c744ed90fc09,1 sandwich,GRAM,300.0
caeae184-2eca-5d18-b375-9cb8f8fe4301,,,5925b31d-1285-5f3a-a2f5-949398328a87,100g phần,GRAM,100.0
469a7fa8-a1cc-5166-8bd3-d030b9be25bf,,,5925b31d-1285-5f3a-a2f5-949398328a87,10 oz,GRAM,284.0
3946882b-0557-5a1c-b978-8e14e223051f,,,fc406269-a16b-5dbb-8a87-cfd26c2aa7e6,100g phần,GRAM,100.0
c726009b-caa3-5f47-aa0a-00477c76f3b9,,,fc406269-a16b-5dbb-8a87-cfd26c2aa7e6,4 oz,GRAM,113.0
6f92cae0-5f84-5e52-85e7-759c6f9e2e31,,,c6da1ab9-c4c6-5922-a602-1ee9398f67ce,100g phần,GRAM,100.0
29b3223e-5040-531a-8b88-3b495639c069,,,c6da1ab9-c4c6-5922-a602-1ee9398f67ce,5 oz,GRAM,140.0
11369a17-184d-5be2-bf23-85a8bac8878f,,,1134585e-6414-5a41-806a-3a8a8d80e729,100g phần,GRAM,100.0
c95dae45-6cdf-5a32-a5e1-f206c81269ff,,,1134585e-6414-5a41-806a-3a8a8d80e729,1 crepe,GRAM,220.0
2816ba1a-3b7e-5144-aa19-608b6249c55b,,,cc24af95-9d7c-53c6-a9a0-be3dd8506237,100g phần,GRAM,100.0
be15739a-217f-5b14-a44b-89abd6e3fb8c,,,cc24af95-9d7c-53c6-a9a0-be3dd8506237,1 plate,GRAM,300.0
30667565-d316-524a-9181-3703952f08c5,,,bc38f0e4-bd8d-5256-8789-edacf8756063,100g phần,GRAM,100.0
07d6944a-1e35-5ff2-8991-24fedc383208,,,bc38f0e4-bd8d-5256-8789-edacf8756063,1 sandwich,GRAM,250.0
a36937ce-a295-5f51-9000-066240558c68,,,1e7e4c21-dad9-53c6-81fd-84b3e92bc122,100g phần,GRAM,100.0
ddd96914-6089-544a-82ea-c22460314d74,,,1e7e4c21-dad9-53c6-81fd-84b3e92bc122,24 oz,GRAM,680.0
c90a744d-9a96-571c-a517-b1b9942a49df,,,43c5e512-fc76-53dc-9710-66a8bebac615,100g phần,GRAM,100.0
565bd71b-9c7a-51a5-970f-37d29209cdd3,,,43c5e512-fc76-53dc-9710-66a8bebac615,5 skewer,GRAM,150.0
351b3f56-4155-523e-9b4c-3e288f021881,,,6707dc6e-5f0f-5c44-ba7a-79e2dbf38254,100g phần,GRAM,100.0
5a572ea6-b833-5e3f-8138-7d8b688547a4,,,6707dc6e-5f0f-5c44-ba7a-79e2dbf38254,4 oz,GRAM,113.0
ff620b72-83c6-5492-ab04-d915577ebd7d,,,fa7a22fd-ce5d-5d1d-b0f8-4fabde7a72fe,100g phần,GRAM,100.0
93eb9fdc-386b-5568-8fde-704f02e1dde9,,,fa7a22fd-ce5d-5d1d-b0f8-4fabde7a72fe,1 sandwich,GRAM,635.0
0c366e94-c60d-57a5-8ff6-dcbb99b0c5de,,,ff813338-0318-5d3d-b391-ffa7f98d7ab8,100g phần,GRAM,100.0
43f7fab4-3ebf-5de2-a5a6-23c10fc66f5d,,,ff813338-0318-5d3d-b391-ffa7f98d7ab8,8.5 oz,GRAM,240.0
dac57dcd-b495-5108-ad7a-e28020f1ef8e,,,42cb7ec3-20a6-5ad0-b385-10729e95aa25,100g phần,GRAM,100.0
ecb62263-3317-510c-a02b-8d216da91e84,,,42cb7ec3-20a6-5ad0-b385-10729e95aa25,1 sandwich,GRAM,240.0
1b2d2475-623d-528d-8822-af5528bda4ec,,,2e6b9f76-b7a5-5542-9ee9-0726d82ad6fa,100g phần,GRAM,100.0
a715b6cb-2c26-579e-89a0-ad3e58d7b60a,,,2e6b9f76-b7a5-5542-9ee9-0726d82ad6fa,12 wing,GRAM,513.0
8a7c776f-aaa9-56bd-bb7d-13e0070f893c,,,d026b57d-d6bc-5f78-a6c3-73e4fdef2144,100g phần,GRAM,100.0
b684bc49-65e0-5651-897d-a33523636fcf,,,d026b57d-d6bc-5f78-a6c3-73e4fdef2144,1 roll,GRAM,103.0
2d43cf8f-0944-5065-9d83-824cd6d334ea,,,d9b64b5d-2fd0-56d0-9088-3a27c464d896,100g phần,GRAM,100.0
044cfce2-5eb9-5328-9b44-1a3d36c26add,,,d9b64b5d-2fd0-56d0-9088-3a27c464d896,1 bowl,GRAM,600.0
335bb99f-1989-503c-b618-11a5729d1fd0,,,02ef7c8b-ba95-5d19-b9e1-bb880179fb26,100g phần,GRAM,100.0
ec07fcf5-f262-5adb-b278-23fc6b3a69c8,,,02ef7c8b-ba95-5d19-b9e1-bb880179fb26,2 skewer,GRAM,145.0
e97b8be6-6ff8-5d42-9aab-1189dac642ae,,,f027d5db-6db1-58e8-9a2f-fae21161926f,100g phần,GRAM,100.0
a4001e46-04ad-51ee-b7d7-a32496184ad3,,,f027d5db-6db1-58e8-9a2f-fae21161926f,1 plate,GRAM,300.0
9074b5fc-84f4-5fc6-886d-068266f0d033,,,9d02d30b-97c0-5f13-8810-554fe9f7972a,100g phần,GRAM,100.0
81fb0cdf-556d-5e93-819e-0703fbc57db4,,,9d02d30b-97c0-5f13-8810-554fe9f7972a,7 oz,GRAM,200.0
3ce98f5a-8217-53a8-b6f0-ceaa867818e5,,,6c3fbc82-5087-5c23-bedd-fe7ad3348f27,100g phần,GRAM,100.0
a1365959-762f-54de-a077-b9de46364bac,,,6c3fbc82-5087-5c23-bedd-fe7ad3348f27,1 sandwich,GRAM,300.0
424b2aaf-b212-5123-a315-c4242bc4cbe4,,,69f5c339-9794-5b05-8ae4-666ca7ad9674,100g phần,GRAM,100.0
d4d2c11c-79c5-5f6a-b77f-a3abc67a9091,,,69f5c339-9794-5b05-8ae4-666ca7ad9674,1 donut,GRAM,150.0
12d39c91-826e-5c11-bfc2-d84674d1a3d3,,,9f14d7de-86e4-5352-82bf-2cb23909edc8,100g phần,GRAM,100.0
6af09597-57b2-57ed-9689-866701264ae7,,,9f14d7de-86e4-5352-82bf-2cb23909edc8,6 oz,GRAM,170.0
0976a037-66e5-5eec-81ec-1a2bf1e59e92,,,022db958-9bf3-54f5-a61c-3eff8051842d,100g phần,GRAM,100.0
cd9dbd84-880e-5c01-b8be-bc65890f20a7,,,022db958-9bf3-54f5-a61c-3eff8051842d,1 roll,GRAM,238.0
aea8f8df-2c5d-50fa-b442-27b2b3b4c073,,,0105a99f-8096-5cbb-a516-6531eca64536,100g phần,GRAM,100.0
dcc6ce60-b958-509a-bea7-c00b37d6cc74,,,0105a99f-8096-5cbb-a516-6531eca64536,1 plate,GRAM,235.0
e0e40c6b-bc63-52c5-a228-f9fd25b7bccc,,,c9cd6cd0-a463-537e-ac09-67232a3e6f27,100g phần,GRAM,100.0
48c904a4-5091-5f0e-ae3c-7024607e7d6f,,,c9cd6cd0-a463-537e-ac09-67232a3e6f27,1 quarter loaf,GRAM,300.0
65134469-e685-5e02-a3cc-5c6fa89bc920,,,0d69df6e-0b98-5f1a-a620-87af5f3dc9c0,100g phần,GRAM,100.0
0423c86e-cc42-5e4d-9e37-9dc4311ad065,,,0d69df6e-0b98-5f1a-a620-87af5f3dc9c0,1 sandwich,GRAM,220.0
417a6ed0-2e72-5a70-beeb-f7a10ca02f9b,,,efe5406c-c83d-52f3-955e-e1c42253e323,100g phần,GRAM,100.0
8ac92672-5324-5db1-a9c1-98f932f65fa0,,,efe5406c-c83d-52f3-955e-e1c42253e323,1 sandwich,GRAM,300.0
911e7fb9-2fbb-5aa3-a3b4-f0c43a1f25a4,,,1cc8b2eb-c5b1-595d-97d1-835c48c3ce5c,100g phần,GRAM,100.0
d27a90f6-cb53-5117-a1cd-c43ee15a6c6f,,,1cc8b2eb-c5b1-595d-97d1-835c48c3ce5c,1 plate,GRAM,200.0
c36c1434-e02c-592e-9301-26dade198499,,,124b205c-eebf-5e47-b34c-1820a0d198e9,100g phần,GRAM,100.0
d7b90e78-4428-549e-b06f-522eb45c2308,,,124b205c-eebf-5e47-b34c-1820a0d198e9,1 pudding,GRAM,500.0
59a520c3-2132-5a4d-8f8c-60a8b202516c,,,2677c9ee-bcc0-56d9-b883-1717f907211a,100g phần,GRAM,100.0
80977ac6-d689-5491-9cf2-ac9da0677026,,,2677c9ee-bcc0-56d9-b883-1717f907211a,4 oz,GRAM,112.0
a3bbf02f-baca-566c-a7a8-bd313179b957,,,10075261-39ed-5ebe-b862-fdcb2652f3f0,100g phần,GRAM,100.0
11a6196f-d97c-5198-aded-adb896d0733c,,,10075261-39ed-5ebe-b862-fdcb2652f3f0,1 sandwich,GRAM,200.0
c3f32886-1d80-5bac-b15e-a0d1cf77fe3c,,,e72f3d66-81e7-57df-91b6-ac9ced40f8f6,100g phần,GRAM,100.0
c7ff8dda-b265-58f4-a210-a41558677b4a,,,e72f3d66-81e7-57df-91b6-ac9ced40f8f6,5 oz,GRAM,142.0
30c6e54e-5dab-5258-a8a2-b1b262af0f84,,,1770803a-b8e3-5a48-a241-c91ca76fb753,100g phần,GRAM,100.0
ac70d1ff-1401-59ef-8d54-a06091c8f7cd,,,1770803a-b8e3-5a48-a241-c91ca76fb753,1 plate,GRAM,400.0
cfa33498-777e-5104-8061-5365986feb0f,,,3487d85c-829d-5c97-8bb4-fcbe73b0a090,100g phần,GRAM,100.0
8137db48-315a-527d-ba9a-332de9516607,,,3487d85c-829d-5c97-8bb4-fcbe73b0a090,5 oz,GRAM,140.0
b9473cc7-a355-5082-baa8-37352e7fdeae,,,2fe0d3bd-57ce-5054-b5c6-63e729410edd,100g phần,GRAM,100.0
5669c08c-6915-55df-99bc-d917a1ee5dda,,,2fe0d3bd-57ce-5054-b5c6-63e729410edd,1 sandwich,GRAM,300.0
3e21595c-143c-5f51-979c-71c08042fe54,,,593737e7-b957-5545-8d93-9035f14e669f,100g phần,GRAM,100.0
953bc16d-d0d6-5ea3-ab4b-935e7e274e15,,,593737e7-b957-5545-8d93-9035f14e669f,5.3 oz,GRAM,150.0
6de0880a-12e0-55ff-b4dc-bd9c5804e7c3,,,595c4724-7d0d-5810-8093-d8783aa4235d,100g phần,GRAM,100.0
d0de6d57-2ae7-50fb-beaf-c0f9e866c2d4,,,595c4724-7d0d-5810-8093-d8783aa4235d,1 plate,GRAM,200.0
e3d0fc78-4927-5ce6-be7e-e8e9fd54bddc,,,98532314-9efa-54aa-b654-6bf14ac0365a,100g phần,GRAM,100.0
455f2ae8-5876-5962-bc41-62abad43c335,,,98532314-9efa-54aa-b654-6bf14ac0365a,1 sandwich,GRAM,150.0
8f51485e-983c-526a-a3d7-ead0a202c738,,,c3557924-5fa3-5af7-b028-b76121b7365e,100g phần,GRAM,100.0
1ffa66a8-d56e-54d9-820b-eeeb2db96398,,,c3557924-5fa3-5af7-b028-b76121b7365e,13.5 oz,GRAM,383.0
131cd551-042a-5122-a621-01508d86e9a0,,,91db0dd3-4453-5164-9dcf-68b5ca1bd662,100g phần,GRAM,100.0
be689cef-da79-57f2-9a9e-7762d0be93f3,,,91db0dd3-4453-5164-9dcf-68b5ca1bd662,2 bun,GRAM,238.0
d1cf6ea4-d1c1-5e56-8bf7-1684df8dab3d,,,0773f79b-24c6-539f-b78d-2dce6b64ab8d,100g phần,GRAM,100.0
fee44a1b-7f51-5699-af46-108951b78c27,,,0773f79b-24c6-539f-b78d-2dce6b64ab8d,6 wing,GRAM,240.0
19bcfc6d-ee90-52c3-8d46-a8853b1e7984,,,fbb4f2ca-50e5-5584-8f11-c2fd8ba0160d,100g phần,GRAM,100.0
7357a3b0-fc1d-5e58-96ce-1f1f6cf0ce05,,,fbb4f2ca-50e5-5584-8f11-c2fd8ba0160d,1 galette,GRAM,240.0
be9d12f3-56b1-5f49-94bd-cd07b8b4b3ac,,,7fe10a3f-fc33-5db8-8059-cc2cb457b7fb,100g phần,GRAM,100.0
597637b4-b21f-5419-9dba-fbe66f17d398,,,7fe10a3f-fc33-5db8-8059-cc2cb457b7fb,1 cup,GRAM,232.0
50968c9f-ca0d-5b5f-b3a6-a19d7e1e4d99,,,fc325720-5d97-5835-82d4-6ae4d51540c3,100g phần,GRAM,100.0
158de3db-f794-572e-a454-1e97b291ad67,,,fc325720-5d97-5835-82d4-6ae4d51540c3,3 wings,GRAM,85.0
4b43c896-75ff-5479-b6d3-de033b47ba55,,,f2df681b-faaf-525d-8a6b-833ad6b9baf1,100g phần,GRAM,100.0
66d92b01-c0ac-5114-96fa-0b5587e7053d,,,f2df681b-faaf-525d-8a6b-833ad6b9baf1,7 oz,GRAM,200.0
1e5bef3a-389f-5ec9-a907-aafffa7967ac,,,a9c1c332-2e89-56c9-a08f-026ac6267572,100g phần,GRAM,100.0
4d6dedab-7954-5bb9-b5dc-bf652cfcc08b,,,a9c1c332-2e89-56c9-a08f-026ac6267572,1 slice,GRAM,150.0
220e9940-6fb4-5e78-b81a-1e349169f4f7,,,9736df34-7ce9-5db0-9594-fd5b2520e508,100g phần,GRAM,100.0
e7f010b5-354c-512b-a20d-1af63a5ebea8,,,9736df34-7ce9-5db0-9594-fd5b2520e508,6 ball,GRAM,75.0
ae92eb7e-f45c-51be-ae91-3fa2ab618e7b,,,86da3c6b-8b1c-554c-930b-a3d6b181a69a,100g phần,GRAM,100.0
6778cddf-b286-567a-9949-0b4b635919e7,,,86da3c6b-8b1c-554c-930b-a3d6b181a69a,1 plate,GRAM,250.0
5691f57a-8505-5a83-9fda-6485eafa36c7,,,b3d6e028-cdd2-5c28-8289-e63e693a0217,100g phần,GRAM,100.0
c02a062f-542a-5020-8142-607d41aaf8a9,,,b3d6e028-cdd2-5c28-8289-e63e693a0217,2 cup,GRAM,400.0
07ee3ee8-fdc6-533c-9043-9bc978673284,,,d3b19bc6-cf85-5ef2-a1db-03ba5cf041e0,100g phần,GRAM,100.0
b8543aeb-663f-5e5f-8582-78f4582ae83d,,,d3b19bc6-cf85-5ef2-a1db-03ba5cf041e0,4 oz,GRAM,113.0
be340e92-0abf-509a-ae30-df8a69d605d4,,,a920a088-6754-5baa-b439-d401096882f6,100g phần,GRAM,100.0
e198096c-a815-5098-9dbd-080a2bb865e0,,,a920a088-6754-5baa-b439-d401096882f6,1 crepe,GRAM,250.0
efa0e917-02af-5fcb-be8b-e3045a9ffa3b,,,a596e6a4-d4ee-54a1-b7db-c98bb9fc44e1,100g phần,GRAM,100.0
79cc511c-fc9b-5a0f-9868-a8933e914cdf,,,a596e6a4-d4ee-54a1-b7db-c98bb9fc44e1,1 sandwich,GRAM,605.0
38b5d5d1-fe97-53c7-9875-b469896431f0,,,acb81abf-6d78-52ca-ad82-665571d44a30,100g phần,GRAM,100.0
9bf858b2-ffb7-54bb-aa88-efeac0ab7cc4,,,acb81abf-6d78-52ca-ad82-665571d44a30,5 wing,GRAM,150.0
94895e73-a561-5ef1-8bf2-2fb44ad70797,,,96bb8f49-9d13-552f-b14b-8e6df095bcc2,100g phần,GRAM,100.0
2a301f74-8b1b-5986-a350-79b501bee68e,,,96bb8f49-9d13-552f-b14b-8e6df095bcc2,1 waffle,GRAM,200.0
39beb3d5-7f5c-5270-a826-432fdb0353d9,,,630276d5-40cb-5150-acf6-de913de15aa3,100g phần,GRAM,100.0
a82164b2-a5ff-5a2a-bbfa-378b712c054a,,,630276d5-40cb-5150-acf6-de913de15aa3,1 sandwich,GRAM,250.0
00dae134-d0ef-502d-855d-a852f561a802,,,ede5ee0d-d4b1-5195-a2f5-c0c2a26af6e5,100g phần,GRAM,100.0
35caa4ce-7d5d-59b8-82d3-594b3737e19f,,,ede5ee0d-d4b1-5195-a2f5-c0c2a26af6e5,8 wing,GRAM,354.0
7d39bb95-859a-5942-8040-cad4e38a4b91,,,c73ac2ac-c169-52c4-8928-7bf91e6bf58b,100g phần,GRAM,100.0
77775bdc-777c-5bcb-b392-b3aa85186cd3,,,c73ac2ac-c169-52c4-8928-7bf91e6bf58b,1 burrito,GRAM,550.0
3683696c-dfc6-5c28-989f-a639032789a6,,,3a283afc-0019-5847-bf49-a3c7bb22f66a,100g phần,GRAM,100.0
d7877766-8074-5ccf-825d-053aa5383164,,,3a283afc-0019-5847-bf49-a3c7bb22f66a,1 platter,GRAM,522.0
e5ba8959-2366-51d3-93dc-e3ea3c7ec6db,,,ba554f34-1fe5-577f-8e2e-7ca270a0f1b3,100g phần,GRAM,100.0
1e0c2713-caf1-5aed-96d8-51d4cca6b20b,,,ba554f34-1fe5-577f-8e2e-7ca270a0f1b3,1 plate,GRAM,400.0
fce48834-0f5d-59e2-9e78-0ed14322e828,,,bcbcc5a9-c151-5815-9a74-a0d02be0e181,100g phần,GRAM,100.0
120047cb-b09e-5be1-87c5-f7f53eebaed4,,,bcbcc5a9-c151-5815-9a74-a0d02be0e181,1 plate,GRAM,450.0
639bfb86-ca07-51c8-afe8-c8d4c287c537,,,c2d43345-d37b-5953-8e7f-1332b628193b,100g phần,GRAM,100.0
a975ce07-8663-5b81-894c-553ff6e9bc29,,,c2d43345-d37b-5953-8e7f-1332b628193b,1 sandwich,GRAM,350.0
06f20678-7b88-537e-bd64-ed84a711b008,,,9c4c4c70-15e3-5214-bb02-043cf10dfd38,100g phần,GRAM,100.0
31fbe08a-3fcc-51f1-8cf1-1fab83ebd2cc,,,9c4c4c70-15e3-5214-bb02-043cf10dfd38,1 sandwich,GRAM,350.0
148059d5-275e-5c59-81fb-b8018f848b76,,,972308a5-2377-57c8-ab1b-b2f47d05f990,100g phần,GRAM,100.0
c783b750-cc6a-564d-8d22-02a85e6915c2,,,972308a5-2377-57c8-ab1b-b2f47d05f990,1 platter,GRAM,400.0
261362c2-1ec9-5f66-aa44-79162ae8955d,,,c9f4ea43-c066-548f-8ed2-07827844f8f4,100g phần,GRAM,100.0
4b0efa59-322c-5252-aa02-c1771b427973,,,c9f4ea43-c066-548f-8ed2-07827844f8f4,2 wing,GRAM,100.0
35062b78-928b-5bdc-ab94-ee160bb8f047,,,33208f6e-e55c-5523-9043-74f7648534db,100g phần,GRAM,100.0
019eb0c7-1757-5cb3-a54e-bbd4a18812ed,,,33208f6e-e55c-5523-9043-74f7648534db,1 plate,GRAM,300.0
f5cfd12c-9898-5b34-8e1f-2166ee6f559e,,,3b51d61d-6723-5147-93d5-ba5225b1f955,100g phần,GRAM,100.0
60dcc944-26a3-5603-9586-cbd914ebe260,,,3b51d61d-6723-5147-93d5-ba5225b1f955,1 plate,GRAM,400.0
38d82101-cb92-5ec5-b1a0-3f2a1b5de75b,,,c6598893-ef7a-52b6-9203-a923feade733,100g phần,GRAM,100.0
76e220aa-f484-55cc-8ee2-166fb0871bcc,,,c6598893-ef7a-52b6-9203-a923feade733,1 pyrizhok,GRAM,80.0
73346739-a21c-5e0c-8b47-9421d105a2f2,,,9de16b9f-9bcd-555e-87a8-37c633533df3,100g phần,GRAM,100.0
ad68ff23-59f6-5083-9d09-d922ddb14257,,,9de16b9f-9bcd-555e-87a8-37c633533df3,1 wrap,GRAM,280.0
cefc2008-8ab3-5426-b664-1fccc096b2d3,,,bde6a566-734f-5e26-a2fa-0f370f5fdc9a,100g phần,GRAM,100.0
10dfb1a3-2327-56c9-8ef5-6fa7df7b2245,,,bde6a566-734f-5e26-a2fa-0f370f5fdc9a,1 sandwich,GRAM,350.0
d49c571b-1bb1-55ac-8f0a-b1f15029d5d7,,,298c74b8-d7e8-5c6e-b0e5-6f51aef10383,100g phần,GRAM,100.0
e2ad5e5e-59de-5935-9b17-e4d219838536,,,298c74b8-d7e8-5c6e-b0e5-6f51aef10383,1 bowl,GRAM,350.0
c7cabb0c-1c4e-5283-a466-ec1fb0e803c5,,,1a9c17dd-4b8f-5647-a270-2981070102e3,100g phần,GRAM,100.0
1cb0a99b-995e-5558-be9f-5d0738d7516e,,,1a9c17dd-4b8f-5647-a270-2981070102e3,1 sandwich,GRAM,250.0
255e6890-6a15-5036-9b53-e897f35d29ae,,,308a8d01-dc15-5e76-bdec-823a89af2bd0,100g phần,GRAM,100.0
18fde217-18b8-5ee4-b9d5-bd5a6aed32cf,,,308a8d01-dc15-5e76-bdec-823a89af2bd0,1 roti,GRAM,220.0
4f70575f-3daf-5425-9d4b-410bd037645e,,,bbd9f84b-60a9-5a4e-9e0c-fe2b3b05b8b9,100g phần,GRAM,100.0
f4f7325e-16a7-524b-a412-655ad7b48750,,,bbd9f84b-60a9-5a4e-9e0c-fe2b3b05b8b9,1 plate,GRAM,350.0
3fd41675-8c37-558d-ab03-03d19386297a,,,f5c25c53-3b73-5ab4-bba1-993aeab00049,100g phần,GRAM,100.0
e76ab8e9-e25c-5b68-a622-7410af95371a,,,f5c25c53-3b73-5ab4-bba1-993aeab00049,1 plate,GRAM,400.0
4d21c566-bab9-5dfe-bd3d-438123447f10,,,9294fcf0-4944-5415-a680-675291060a5c,100g phần,GRAM,100.0
72ffbda6-13f6-52e7-86dd-17a0f68a9b1d,,,9294fcf0-4944-5415-a680-675291060a5c,1 slider,GRAM,120.0
c079cfcd-bae6-5af8-b205-00a7bb259970,,,bdd88e6a-7b4d-559e-af68-e27f88705a73,100g phần,GRAM,100.0
f95d349b-3dac-5470-8575-5f1e6a23fda5,,,bdd88e6a-7b4d-559e-af68-e27f88705a73,1 plate,GRAM,450.0
b0e1dcf4-4ebd-568a-87b3-b3440a47c18f,,,f616eaf1-1f85-596a-890d-cf08aebdfe01,100g phần,GRAM,100.0
27097b29-5598-5a7f-bee0-6e3acba6a7ac,,,f616eaf1-1f85-596a-890d-cf08aebdfe01,7 oz,GRAM,200.0
efb61794-a83c-5812-bb7b-5060a5e45f7c,,,457e1cd8-19e4-50cc-9bea-0c0789b7f4ef,100g phần,GRAM,100.0
8fe198c7-f8f6-5d31-ab1e-7142abc3b7d7,,,457e1cd8-19e4-50cc-9bea-0c0789b7f4ef,8.3 oz,GRAM,235.0
7809ae48-ca1c-56e4-9ea1-b8a079180ed7,,,b7cecbbc-2daa-592a-9d52-cf8c9022e91f,100g phần,GRAM,100.0
3c6cdfed-b0e8-5830-b9f9-b3f0ea1be92f,,,b7cecbbc-2daa-592a-9d52-cf8c9022e91f,3 oz,GRAM,85.0
bb9dd61b-872c-5fba-9e3a-01266a1893aa,,,0584023d-f5b2-5211-aee0-ece10975b651,100g phần,GRAM,100.0
14b00026-9505-542a-8288-0f44c115c493,,,0584023d-f5b2-5211-aee0-ece10975b651,32 oz,GRAM,608.0
a049d684-8658-5afe-b166-8d7b42cd09a9,,,10458232-c669-5888-a9ff-d609a1ff2ffa,100g phần,GRAM,100.0
b395d34d-2ab5-5d06-9d8d-d0a05011b5e9,,,10458232-c669-5888-a9ff-d609a1ff2ffa,1 plate,GRAM,400.0
dd95fdc7-2e69-5e2f-9be8-c48c148731dd,,,b19e05f2-37a0-510b-af00-4ce5739073aa,100g phần,GRAM,100.0
681e1c66-2bdd-544b-835c-590de583f4a2,,,b19e05f2-37a0-510b-af00-4ce5739073aa,1 plate,GRAM,250.0
1fbb78cb-48b4-5a62-844a-1bd80d9b6aba,,,79ab735d-a2f2-520f-b1ea-ce8240182614,100g phần,GRAM,100.0
c68f031c-b2d0-5ecc-b06d-843500b92d01,,,79ab735d-a2f2-520f-b1ea-ce8240182614,3 piece,GRAM,100.0
ad884266-577e-5a34-a17f-34646e2822d9,,,c4037fc4-5125-5b50-a828-b71d215bddbc,100g phần,GRAM,100.0
bc7cd541-59d3-57d1-8fc6-6b8f50008312,,,c4037fc4-5125-5b50-a828-b71d215bddbc,1 piece,GRAM,43.0
23f80253-f744-55bc-b541-faa5ea4a574e,,,208b2d49-14ff-5347-a617-f9e156c6c930,100g phần,GRAM,100.0
0b465feb-a1ed-5d9c-86aa-e0727ceaf22c,,,208b2d49-14ff-5347-a617-f9e156c6c930,7 oz,GRAM,198.0
b11e0162-dd50-5894-971b-08bbcf73b1a8,,,d390f45b-3475-581e-a53c-cf04509d7738,100g phần,GRAM,100.0
163cf9ee-29dd-5e3a-8e95-4ebc41fc2974,,,d390f45b-3475-581e-a53c-cf04509d7738,24 oz,GRAM,680.0
ce83eb0b-4d7e-5ba3-9ec9-9b19225edaa7,,,7e10f494-4c9b-5d85-90e9-aea07fc683dc,100g phần,GRAM,100.0
5bdb8c7b-9919-52ff-983c-d883871a3898,,,7e10f494-4c9b-5d85-90e9-aea07fc683dc,2 oz,GRAM,56.0
99894079-45be-5826-adf7-81d3291f0df0,,,35159499-42c9-5722-8b2b-ed5af2997310,100g phần,GRAM,100.0
222d2654-dedc-51a9-9db7-94ba88bbdf56,,,35159499-42c9-5722-8b2b-ed5af2997310,4 oz,GRAM,113.0
7db553df-2938-5995-a795-470365b54104,,,9447ec40-25fe-53d1-b11e-c6f29a26605c,100g phần,GRAM,100.0
3d511940-959e-52be-ad95-6397839fba43,,,9447ec40-25fe-53d1-b11e-c6f29a26605c,1 sandwich,GRAM,250.0
af862bdc-07c8-511b-a898-af88b8b9e38d,,,c2ca9062-668d-546f-8625-a17546e0ff84,100g phần,GRAM,100.0
723eef80-852c-5aea-b837-bf2b69e0ace5,,,c2ca9062-668d-546f-8625-a17546e0ff84,1 cup,GRAM,238.0
cc92d354-c379-548e-8540-3a5947f4821b,,,f7fc8fb7-7672-5d7f-adc2-a9953dfec5fd,100g phần,GRAM,100.0
31c59f32-f3af-5365-8495-981c5002fcab,,,f7fc8fb7-7672-5d7f-adc2-a9953dfec5fd,1 bowl,GRAM,197.0
454f3699-9c1e-541f-8a75-89c7855fbb91,,,66d3b417-7a6d-504c-8ad6-8f58f534045f,100g phần,GRAM,100.0
f025abcf-877e-5adc-a1f3-018e72da9098,,,66d3b417-7a6d-504c-8ad6-8f58f534045f,1 piece,GRAM,142.0
4ae31588-fdeb-5963-9585-fc7f261d3f46,,,8b5edae8-165b-519c-b9eb-95ba033eaf3c,100g phần,GRAM,100.0
07f70233-d958-5aae-b204-63c3badf4c8f,,,8b5edae8-165b-519c-b9eb-95ba033eaf3c,1 briouat,GRAM,70.0
0c5b01e5-99cf-5907-befc-8507652f6339,,,6c684f79-8670-5025-994b-dd0dca0fff7c,100g phần,GRAM,100.0
a4de3294-f200-5ca8-b368-3bec1def2aa6,,,6c684f79-8670-5025-994b-dd0dca0fff7c,3.5 oz,GRAM,100.0
1ee5275e-5f15-5f82-af17-225170e3a49e,,,b3fb0605-b953-52fd-b4db-cfe97eb6e092,100g phần,GRAM,100.0
710ff205-f354-5588-a40a-841340952604,,,b3fb0605-b953-52fd-b4db-cfe97eb6e092,1 plate,GRAM,240.0
d49a8b67-527f-55d4-8dfa-5f09380875e7,,,4b297d68-5e99-5e2d-98bc-11e7229f1871,100g phần,GRAM,100.0
70958688-45e8-557a-9d01-f4820c8491de,,,4b297d68-5e99-5e2d-98bc-11e7229f1871,1 bowl,GRAM,400.0
634d6ec7-07bb-5791-a0ca-4319e1fd0bdb,,,c5c7c3a2-4819-515c-8367-1bedc638c52c,100g phần,GRAM,100.0
77417d89-87d3-5f2c-b4df-9d6960c8e8ae,,,c5c7c3a2-4819-515c-8367-1bedc638c52c,3 oz,GRAM,85.0
0e67a1aa-2dd0-5127-b82b-c2c1e52b8f85,,,b118cd30-5583-5992-b1ff-51536ecb2882,100g phần,GRAM,100.0
3626eda8-609a-5893-a974-74ebae460a60,,,b118cd30-5583-5992-b1ff-51536ecb2882,1 plate,GRAM,400.0
16bc7048-1ff7-57ed-85be-2ac58fb8f227,,,2306e94c-226d-513a-9741-f876156413c0,100g phần,GRAM,100.0
a11fcde7-b471-56bb-8d39-16e7596ac5e7,,,2306e94c-226d-513a-9741-f876156413c0,1 taco,GRAM,70.0
5e4ec558-8abc-5b68-bc52-b427fa3349a0,,,daf51a23-f0c4-5987-8207-1b8401030a08,100g phần,GRAM,100.0
835e3f1d-6270-551e-ab0b-012f5450e475,,,daf51a23-f0c4-5987-8207-1b8401030a08,1 sandwich,GRAM,250.0
ecf895c7-5251-5779-898d-97f50f69f3cb,,,ae12861e-4690-5945-8f41-b88f6d7bccb6,100g phần,GRAM,100.0
44c79c9b-50bf-5217-b297-093696ec4e47,,,ae12861e-4690-5945-8f41-b88f6d7bccb6,1 sandwich,GRAM,340.0
14856182-2ae3-56f0-9844-c5abf9b4a451,,,a3138d47-1447-52aa-bada-202bb5ef5894,100g phần,GRAM,100.0
614142a1-645b-5931-bdbd-ce7f9aad6716,,,a3138d47-1447-52aa-bada-202bb5ef5894,5 oz,GRAM,140.0
d9ef17e2-43a2-53bb-a11d-0a84fcce5ac7,,,409ed2ff-a059-5981-997a-6e98108dc8e2,100g phần,GRAM,100.0
dde80a90-8e10-53be-a5f0-55d774b8fca9,,,409ed2ff-a059-5981-997a-6e98108dc8e2,1 sandwich,GRAM,200.0
f3fcf174-fa63-525d-ac18-b763ba12c048,,,9cc5fbea-0f3e-5fce-92c1-43f76595bf04,100g phần,GRAM,100.0
830434a7-781c-56b4-bd07-79bfef151854,,,9cc5fbea-0f3e-5fce-92c1-43f76595bf04,1 plate,GRAM,240.0
fe272849-28df-5daa-be18-6dfcd2449ffb,,,8b4eca6d-1dce-55e7-8439-66b9f16c6de5,100g phần,GRAM,100.0
24c029bc-5247-5237-b7e6-7d99079811a2,,,8b4eca6d-1dce-55e7-8439-66b9f16c6de5,8 oz,GRAM,227.0
3b7030f3-926d-5913-8d6f-b71ae45a4fd2,,,86cd7455-6f57-54ac-9209-e113e8cdc5d2,100g phần,GRAM,100.0
924a6bb1-05e2-5114-9842-2c6075418b80,,,86cd7455-6f57-54ac-9209-e113e8cdc5d2,1 sandwich,GRAM,200.0
7694b73f-e7b6-57a3-a4dc-2dca75ed66dd,,,38a3e99d-0d92-55c9-88a8-240e97fbe22b,100g phần,GRAM,100.0
9a8874d5-d8db-5446-9e42-0dfa7c79bd69,,,38a3e99d-0d92-55c9-88a8-240e97fbe22b,1 sandwich,GRAM,250.0
cca20410-b2f7-5e6a-8458-6ba0262807ed,,,1b1c949d-bbc6-5430-95ed-2effc87d6267,100g phần,GRAM,100.0
576b17ff-2aa4-5f77-894c-0c7e4c07eb65,,,1b1c949d-bbc6-5430-95ed-2effc87d6267,10 piece,GRAM,300.0
05b54144-2c9c-57a5-8c4d-d8849c40f469,,,a4ac6214-589c-56e4-bf0b-f80402e41a62,100g phần,GRAM,100.0
fc27c4f3-fb70-5ef1-93d4-73a0ceeb6c6f,,,a4ac6214-589c-56e4-bf0b-f80402e41a62,1 hoagie,GRAM,300.0
16636c20-5060-5e0b-aeb3-95bfe49a1759,,,5a049821-8cc5-5bd8-8cfa-c4998b075e38,100g phần,GRAM,100.0
d3d5d7e0-3510-58f0-9b24-2285fa66bbca,,,5a049821-8cc5-5bd8-8cfa-c4998b075e38,1 burrito,GRAM,470.0
00b4c257-bc29-52d2-82b6-499cb734837e,,,a733e28f-5032-5ad4-a729-10f7403b55f3,100g phần,GRAM,100.0
8ebe1a10-1ae0-5a6f-8ce1-795f41bab28e,,,a733e28f-5032-5ad4-a729-10f7403b55f3,1 plate,GRAM,143.0
07fcf47a-06bf-580d-a188-1bb89bd957a3,,,b5496bf3-b2c8-5d0a-854e-61c3655c6679,100g phần,GRAM,100.0
3e640fc4-bcba-50f6-8a63-5c0feae2284d,,,b5496bf3-b2c8-5d0a-854e-61c3655c6679,1 wing,GRAM,35.0
cf3ada10-d1a3-5855-a91d-2e4b10145b29,,,c16e6a25-8e05-596e-bce5-c9830540a449,100g phần,GRAM,100.0
5d3447f4-c1c0-542c-b9d4-2284e73801d9,,,c16e6a25-8e05-596e-bce5-c9830540a449,1 pie,GRAM,180.0
bef9d9ed-d4eb-53e7-a9d6-aee343877886,,,8eecdf56-eb41-5b00-83d3-434f2a0e5756,100g phần,GRAM,100.0
7e7e64ad-b109-55ef-864c-79eda18afad0,,,8eecdf56-eb41-5b00-83d3-434f2a0e5756,1 wrap,GRAM,275.0
ba523ce9-3d2f-59e6-b7e7-91e6bb3cc57f,,,c08cc132-0d47-546b-9a3c-84c476c920ed,100g phần,GRAM,100.0
beafe682-064b-5edd-9519-2e65856f3853,,,c08cc132-0d47-546b-9a3c-84c476c920ed,1 sub,GRAM,238.0
38b07285-8c0b-550b-b768-648cbcc21c73,,,72185e62-b7db-5d32-9e4c-a582837ebf8f,100g phần,GRAM,100.0
cc3b23e6-5e0f-5e29-849f-df85ee83fcde,,,72185e62-b7db-5d32-9e4c-a582837ebf8f,1 plate,GRAM,400.0
9f7541a9-3cdd-5efc-ad8f-c0d6a70b8aac,,,f03950fa-f642-5a1b-8bba-4cefcdf3a03d,100g phần,GRAM,100.0
8ec78a6a-dea8-5c8e-b608-ec8e30f71f7f,,,f03950fa-f642-5a1b-8bba-4cefcdf3a03d,6.35 oz,GRAM,180.0
c8badb02-4216-5f33-aa90-8b38e90bbdf1,,,ca5d84a4-b5c2-59c8-8ffa-d49fb6c71334,100g phần,GRAM,100.0
02eb6cc0-dd65-55b1-91ee-af79c1538ae8,,,ca5d84a4-b5c2-59c8-8ffa-d49fb6c71334,1 plate,GRAM,700.0
6fe2c564-bdab-591c-85f3-744f11cba0ee,,,593d6758-643e-513d-8282-205093d33c9f,100g phần,GRAM,100.0
1a3796dc-153f-5236-9625-6b12f63f0a17,,,593d6758-643e-513d-8282-205093d33c9f,6 dumpling,GRAM,465.0
d2c1cdcd-b4c6-55c1-a308-cf020e6b6f83,,,32489709-8515-577b-bbf2-8d766096a17e,100g phần,GRAM,100.0
96ad8a1b-7d56-55fd-b154-ae6ff06d5645,,,32489709-8515-577b-bbf2-8d766096a17e,1 bowl,GRAM,245.0
d30d47c9-8db3-5596-8464-45566601b9bb,,,e9f45f45-4b4c-5c8d-8106-11fb1a215b72,100g phần,GRAM,100.0
e95dca15-78a0-5971-876b-4a5b78aa1528,,,e9f45f45-4b4c-5c8d-8106-11fb1a215b72,1 bowl,GRAM,400.0
64fa6a30-fe8d-591c-b2db-32f555410971,,,c6400845-d218-548e-9c1b-937369479d51,100g phần,GRAM,100.0
f5eb9e4e-e217-5a24-b5cb-b08e9c10ca27,,,c6400845-d218-548e-9c1b-937369479d51,1 sandwich,GRAM,350.0
564c8867-0038-56a2-bb60-1efef316da26,,,47e27ce3-2232-5e56-82d7-787ea8d02afc,100g phần,GRAM,100.0
391bfa71-e299-59b6-b40a-bb7736466536,,,47e27ce3-2232-5e56-82d7-787ea8d02afc,1 sandwich,GRAM,126.0
ac4f5510-6092-5c1a-8d94-7d3d1f1478c7,,,f7eaab59-3560-5ecd-a2a5-0e32f11b6e52,100g phần,GRAM,100.0
912512b3-146c-530c-8aba-cb9484bbb999,,,f7eaab59-3560-5ecd-a2a5-0e32f11b6e52,8 oz,GRAM,230.0
ddcfe2db-69f4-5e87-913b-291127ad4cd2,,,6c22f64c-2534-588d-92fc-50b6d648fd74,100g phần,GRAM,100.0
567f423c-58d9-5c32-ac77-17f9e3ea87a8,,,6c22f64c-2534-588d-92fc-50b6d648fd74,1 sandwich,GRAM,100.0
542d2378-ebe2-5823-aaf6-20e04c2b3426,,,a0f108a1-3943-5b84-a18d-7a85e5cb13df,100g phần,GRAM,100.0
2a788239-0e93-521b-99b7-850ab2248407,,,a0f108a1-3943-5b84-a18d-7a85e5cb13df,1 platter,GRAM,227.0
6935ca64-908d-5f68-9157-333f7d17dd6b,,,b4cf0fc6-e0ef-573d-ab3d-b4c7f63f1748,100g phần,GRAM,100.0
147734ec-e4a9-5197-a1fb-01d3462d32f4,,,b4cf0fc6-e0ef-573d-ab3d-b4c7f63f1748,10 wing,GRAM,250.0
5240c62e-340c-5a9e-b9bd-147b8a13ea23,,,5ca6214a-3e89-53cc-817e-f50786294f3b,100g phần,GRAM,100.0
487d44a7-9039-58c8-ae2d-741c902eeab0,,,5ca6214a-3e89-53cc-817e-f50786294f3b,1 half slab,GRAM,400.0
74237264-34cb-5f23-b55d-bf4f5f7cc625,,,5ea21bb7-74f6-5351-9587-1aaa22a9b847,100g phần,GRAM,100.0
8d65dd17-030f-50fd-bc14-a326cbcdac98,,,5ea21bb7-74f6-5351-9587-1aaa22a9b847,1 cup,GRAM,240.0
4caca87c-a36f-5d9b-bbf3-a0b99f695508,,,e112069f-c295-5612-aec5-bb27976d5fe4,100g phần,GRAM,100.0
f64c57b3-8e08-599e-b598-4fe3d4362e7b,,,e112069f-c295-5612-aec5-bb27976d5fe4,1 melt,GRAM,308.0
ef87d4ab-7915-5dbc-8ab0-eded16ce6c7f,,,d0b33137-a959-5be7-8bf5-9a686b8ed4c8,100g phần,GRAM,100.0
e21607e8-54bd-5cdf-9739-a66c8b85c2e8,,,d0b33137-a959-5be7-8bf5-9a686b8ed4c8,1 sandwich,GRAM,300.0
82563947-9676-5832-8ab4-41d9d5b9d29e,,,faad117a-5906-54e0-9bfb-e2abd1ed0849,100g phần,GRAM,100.0
861996c8-c5b7-56e4-b775-cec02cc9df60,,,faad117a-5906-54e0-9bfb-e2abd1ed0849,5 skewer,GRAM,240.0
f74d53fd-61a9-5475-ae61-73f11d0c387a,,,891a21e5-d2be-5c76-a012-0bca3b6bb510,100g phần,GRAM,100.0
173fd220-c14d-5ec8-ada9-6f6ac7489003,,,891a21e5-d2be-5c76-a012-0bca3b6bb510,3.25 oz,GRAM,92.0
346e96f4-53cb-5579-a661-de78398d7ef9,,,e951fbdf-4b2d-53e9-8a26-cef2ecaac573,100g phần,GRAM,100.0
5c2801cc-b510-54ef-8e97-62d7eba9cf75,,,e951fbdf-4b2d-53e9-8a26-cef2ecaac573,1 drumstick,GRAM,75.0
8c37e141-b202-588a-a5ce-edb3f1c6f167,,,f1158aed-8dde-56c4-84e7-4191f09e41ce,100g phần,GRAM,100.0
5ec11054-a22d-507d-a65d-89ac630784da,,,f1158aed-8dde-56c4-84e7-4191f09e41ce,4 oz,GRAM,113.0
861d6f7c-71a8-5454-8fcb-3c99e0b26df0,,,25d3b141-7370-5bef-8d6e-ddab94c9d487,100g phần,GRAM,100.0
f6a8d584-b4b0-5d1d-a7bb-70bf2f232f2c,,,25d3b141-7370-5bef-8d6e-ddab94c9d487,1.5 oz,GRAM,42.0
931dbec1-4f2c-5fb4-93a5-e524f3b82a9a,,,babdeb75-89a5-5e93-863c-396791c09c4d,100g phần,GRAM,100.0
f5229c97-67fd-59ca-a892-fd99c0efe009,,,babdeb75-89a5-5e93-863c-396791c09c4d,1 plate,GRAM,300.0
8dbab4e2-c5d3-5664-9b3a-d990f884e7c1,,,6c2c5ec7-e9ab-543e-aa21-6c0532745164,100g phần,GRAM,100.0
e753d8d0-dfa7-5b7c-b532-cf21ed9861de,,,6c2c5ec7-e9ab-543e-aa21-6c0532745164,1 sandwich,GRAM,300.0
d408db3d-716d-58c9-a9cb-cab8e5361a61,,,698d974a-9f28-5f38-b7f2-519922a3cdb8,100g phần,GRAM,100.0
154b8b55-10c4-5b47-892b-b6b27561e990,,,698d974a-9f28-5f38-b7f2-519922a3cdb8,1 cup,GRAM,235.0
d3949d75-882d-5f81-bd4b-d37a072f1b7d,,,9b4abd02-ca48-560e-9ee3-741eb2d86e7a,100g phần,GRAM,100.0
acd6036a-f660-5aec-bd55-a5d2f373b4c2,,,9b4abd02-ca48-560e-9ee3-741eb2d86e7a,1 bowl,GRAM,500.0
b9629e6e-f360-5b77-a823-6a5755209bb3,,,1f5eadee-0399-52ad-8f2c-c316af53ef5c,100g phần,GRAM,100.0
4717b3bb-084d-5e68-b753-aa44d582ed55,,,1f5eadee-0399-52ad-8f2c-c316af53ef5c,1 sub,GRAM,250.0
2a3beb39-13b5-519c-8685-7f52ed7cdf8c,,,c7396042-5f0d-566c-b840-618e7ad4988e,100g phần,GRAM,100.0
5a7f4934-2df4-5193-90f5-23fa252e4dc6,,,c7396042-5f0d-566c-b840-618e7ad4988e,1 half chicken,GRAM,460.0
cae7e4a1-f9d7-5825-b43c-b05beaceda15,,,6fd67c76-1b87-5255-a719-92e4449444e8,100g phần,GRAM,100.0
dcaa7436-a295-59a1-8fec-63383ce48f09,,,6fd67c76-1b87-5255-a719-92e4449444e8,1 cup,GRAM,244.0
74c48c5c-ba58-553c-b423-1c964327d157,,,fc29418d-6ede-5de0-ab0d-dea829daabcd,100g phần,GRAM,100.0
c5c66158-382f-5c91-8459-87c2fc42f52a,,,fc29418d-6ede-5de0-ab0d-dea829daabcd,1 plate,GRAM,350.0
d0ab21c0-f461-5021-b90e-a2fc4536cbcd,,,1fd0dfab-1ac0-5e7b-99eb-8871816bb22d,100g phần,GRAM,100.0
7934e9de-3f2e-5320-9392-ec3253358c4b,,,1fd0dfab-1ac0-5e7b-99eb-8871816bb22d,1 plate,GRAM,350.0
38e0d70f-ed1e-5f13-bfd4-4ec7948f6ef2,,,810c36ca-dcd5-500c-8e49-2ee64d2dbf24,100g phần,GRAM,100.0
4bbb9e81-432a-54a8-acf6-36b07d1598db,,,810c36ca-dcd5-500c-8e49-2ee64d2dbf24,24 oz,GRAM,680.0
d746ec9c-6cf9-55e6-b1bb-6a2470b74bca,,,db180db4-de96-510b-a82f-9d3f2d5dc79e,100g phần,GRAM,100.0
d9bec199-2cc4-5c95-9dd8-6d810e794953,,,db180db4-de96-510b-a82f-9d3f2d5dc79e,1 plate,GRAM,300.0
4ce5d103-8871-513b-aeed-c0538d63c2b3,,,45e5f175-aba9-5a65-b0f1-88b74ea6bc8b,100g phần,GRAM,100.0
561dd3aa-66f0-53ca-87cf-d7c364798463,,,45e5f175-aba9-5a65-b0f1-88b74ea6bc8b,2 taco,GRAM,128.0
5e3f078d-b7e1-57d6-9944-7ce5c7f777e8,,,f5aef590-f348-5820-8c8f-8b7be0eb47b5,100g phần,GRAM,100.0
33f07302-e5bc-5799-b2c7-1d7a5bc40d48,,,f5aef590-f348-5820-8c8f-8b7be0eb47b5,1 cup,GRAM,233.0
8e64684e-1c0b-5c42-852c-62982df1784d,,,1fccc203-7d2b-5a7c-89ef-166c5942dd7b,100g phần,GRAM,100.0
6e9efe21-e8ea-5655-afe1-e95d80d62969,,,1fccc203-7d2b-5a7c-89ef-166c5942dd7b,3.5 oz,GRAM,100.0
f55fc3e6-28ca-5866-a604-c257382e1d49,,,d3c06d79-cf25-5aab-9f47-55d69b518dc9,100g phần,GRAM,100.0
305cb439-8ac0-5687-bc1e-78d021febf06,,,d3c06d79-cf25-5aab-9f47-55d69b518dc9,1 hot dog,GRAM,200.0
b1b6f812-a19f-5a5d-90da-8a195b7133b6,,,aba23174-fb52-504a-933a-17ed7f44f2ce,100g phần,GRAM,100.0
442c0c2a-69ab-5bdd-bebb-61142968d3a4,,,aba23174-fb52-504a-933a-17ed7f44f2ce,1 biscuit,GRAM,200.0
e9e7aa48-81a5-525c-850d-e3069e3ed4b9,,,6b269617-1043-5ca9-94cf-1d2c1d4355eb,100g phần,GRAM,100.0
932ed07f-5739-5c8e-9d47-5200569024ca,,,6b269617-1043-5ca9-94cf-1d2c1d4355eb,1 slice,GRAM,136.0
f6c01fe5-48b5-567f-856d-7fc948d1f79f,,,1776c44a-5c33-5707-bec5-bbaa5b3c60c5,100g phần,GRAM,100.0
3b8ca6b0-f99f-5d3c-ac5d-ec926cdcdffc,,,1776c44a-5c33-5707-bec5-bbaa5b3c60c5,2 cup,GRAM,275.0
7facae31-9990-58df-84b5-751c42fc842e,,,02026e7b-8f08-526a-bc89-bfa392c37413,100g phần,GRAM,100.0
2153f133-62dc-596a-9e31-e3f2594c92fa,,,02026e7b-8f08-526a-bc89-bfa392c37413,1 plate,GRAM,450.0
f57c7d93-626c-58e6-8a77-f017a48bc721,,,181c74bc-abe7-5253-b38e-ee1066563cbf,100g phần,GRAM,100.0
10ee3439-8134-5c1f-8b4e-beb69f509580,,,181c74bc-abe7-5253-b38e-ee1066563cbf,1 oz,GRAM,28.0
2372644f-3a06-5468-ab59-63cf558e5bad,,,fc6a2667-1423-5256-8717-daae88d156fd,100g phần,GRAM,100.0
e54feb1b-f1e7-5a79-8c22-9f78d403e24e,,,fc6a2667-1423-5256-8717-daae88d156fd,1 sandwich,GRAM,252.0
f10f6859-3f03-544a-a11c-bcde327d6f8f,,,b80d2499-322e-5a23-89bd-87b7b5b87c4c,100g phần,GRAM,100.0
04d4da90-6f94-5a6f-a8a2-8eff69f8f01b,,,b80d2499-322e-5a23-89bd-87b7b5b87c4c,5 slice,GRAM,150.0
f0aada37-a9cb-5920-ba2c-44407aba539e,,,601be122-a5cc-55f4-92c7-d7053ae651e4,100g phần,GRAM,100.0
8487c346-c7d9-5361-94ee-eb01724b244c,,,601be122-a5cc-55f4-92c7-d7053ae651e4,4 oz,GRAM,113.0
4a504314-4949-5817-a4a3-46150bc5b638,,,6f4c874e-19ac-5117-b92d-cce101e17291,100g phần,GRAM,100.0
0d518fcd-3126-54b2-b589-2cf8bd5f864c,,,6f4c874e-19ac-5117-b92d-cce101e17291,1 plate,GRAM,300.0
34215344-21e9-58a7-a3bd-64d72afabcb7,,,7bbe9d89-0c1b-5baa-b95f-dac515b3c713,100g phần,GRAM,100.0
eb3049cc-a620-53ab-a84c-7d2c95cfe9cc,,,7bbe9d89-0c1b-5baa-b95f-dac515b3c713,4 skewer,GRAM,200.0
71152c93-510b-544c-92ec-27f75f61bc70,,,e953539a-60ce-57f1-a030-a59f8e1cafa9,100g phần,GRAM,100.0
9fdb348b-8e37-5b56-8099-97fc3473ed23,,,e953539a-60ce-57f1-a030-a59f8e1cafa9,1 plate,GRAM,400.0
eec5e8a7-a257-5fe0-b30d-49a410b1bd06,,,3be57289-ced5-556d-8f13-705c0598d2c6,100g phần,GRAM,100.0
988c166e-471f-5ec7-bb38-c35afc5022e6,,,3be57289-ced5-556d-8f13-705c0598d2c6,1 sandwich,GRAM,370.0
9a869637-ce29-5465-84cc-042f19d150f6,,,7943624d-74b6-5b8c-988c-53fd836d378c,100g phần,GRAM,100.0
d266ba44-2ecd-51bb-9831-702cec5b90c4,,,7943624d-74b6-5b8c-988c-53fd836d378c,1 quesadilla,GRAM,210.0
8e381c1d-a64c-5f63-ba89-6ccf2167d7fa,,,9af144f5-ed28-5d17-897c-ad47019efafd,100g phần,GRAM,100.0
800fff44-b7eb-5ea3-b095-a9daeae19277,,,9af144f5-ed28-5d17-897c-ad47019efafd,12 oz,GRAM,340.0
8d8873f1-4948-5a3c-babf-8d0c086b3c80,,,64b046d8-18ff-5c67-b288-9076c7ce4d9e,100g phần,GRAM,100.0
a713ecdd-e53d-5bfd-973f-c9b91b305578,,,64b046d8-18ff-5c67-b288-9076c7ce4d9e,4 slice,GRAM,100.0
7bc31e77-c624-57df-9d59-bbc9f6243914,,,26d8a3e9-66ba-5d66-8202-b2b4cb96c944,100g phần,GRAM,100.0
92609db3-968d-5513-b2b8-20f2e66d4fe2,,,26d8a3e9-66ba-5d66-8202-b2b4cb96c944,1 cup,GRAM,240.0
26540d6d-b518-5d3d-a241-cdee12fa98c6,,,097ea9b0-9810-53d9-a28d-518d22ef47c8,100g phần,GRAM,100.0
10a8676e-2c1e-5ea7-a795-48b7ede4fd0e,,,097ea9b0-9810-53d9-a28d-518d22ef47c8,1 sandwich,GRAM,300.0
516819b1-0d0c-5371-af16-0547a00e9862,,,18633021-ed33-5d2e-9082-bdaf152d9347,100g phần,GRAM,100.0
7a855788-6d0f-5891-8741-817eca07856a,,,18633021-ed33-5d2e-9082-bdaf152d9347,1 sandwich,GRAM,350.0
b67e6e3a-b66e-59ed-90aa-7c2e92cc1ab2,,,9cf09ef9-e7ee-55f5-bb73-a950b8eb02ac,100g phần,GRAM,100.0
c451c701-6c59-529f-b7a6-c610d3525785,,,9cf09ef9-e7ee-55f5-bb73-a950b8eb02ac,1 plate,GRAM,450.0
40bf217a-7c8e-5b0f-a604-29c007b6adde,,,3cb2f284-bb67-533e-80d8-bbe2fb4d9e9b,100g phần,GRAM,100.0
39822e25-99e9-5f89-b086-d33e8ed224c6,,,3cb2f284-bb67-533e-80d8-bbe2fb4d9e9b,1 plate,GRAM,323.0
19d1221c-d23e-5509-8a85-1a7db4a263f2,,,e0e75b99-ab04-59aa-b170-51ee037cfee4,100g phần,GRAM,100.0
d399bbe3-1686-5153-8f05-e474fc53bc19,,,e0e75b99-ab04-59aa-b170-51ee037cfee4,1 sausage biscuit,GRAM,100.0
52261f15-e1a5-5972-9bd2-080d16e8c33e,,,bc83579c-803d-5906-8ae1-955ac13ae708,100g phần,GRAM,100.0
080ac879-0411-5e58-a4aa-d730fcce1bbd,,,bc83579c-803d-5906-8ae1-955ac13ae708,1 plate,GRAM,350.0
52746066-f74e-547d-9f67-22086fdb69f2,,,42cc84ce-8bcf-52e6-8b15-13f0e284794d,100g phần,GRAM,100.0
b91ea5d5-1d9c-504e-b034-83a9c0f62f03,,,42cc84ce-8bcf-52e6-8b15-13f0e284794d,1 cup,GRAM,237.0
57c94112-6ed3-5c90-be7a-6a422f503ccc,,,e2a64193-1ef3-5cee-942d-1e175411d746,100g phần,GRAM,100.0
0f91cbc9-12d6-53b4-9dad-64076b62308d,,,e2a64193-1ef3-5cee-942d-1e175411d746,1 bacon biscuit,GRAM,110.0
f5178777-ab44-5292-a0e8-b407cbf8db33,,,8271dd62-2c7a-575a-a7ac-664ef7fa4167,100g phần,GRAM,100.0
5efb16ec-aba7-5cbc-a319-d65400a9829e,,,8271dd62-2c7a-575a-a7ac-664ef7fa4167,1 cup,GRAM,150.0
4ae047fc-8bbd-50ee-a04a-d9e097822543,,,e72791c8-31c8-5512-a059-f1839d49aada,100g phần,GRAM,100.0
e73f38ba-6c79-5158-a800-3af3a29e065b,,,e72791c8-31c8-5512-a059-f1839d49aada,1 sandwich,GRAM,128.0
20ac710c-3282-5c75-a214-1e50db367339,,,3a8b5494-7275-586f-943a-10018217962d,100g phần,GRAM,100.0
2a1fc01a-fd97-54a0-a4e2-d76b6fd92125,,,3a8b5494-7275-586f-943a-10018217962d,1 sandwich,GRAM,300.0
3c8d8dee-f5c8-54f7-9ffb-48dac49fec95,,,1d7c4d9a-4b2f-50dc-9ee2-881649242672,100g phần,GRAM,100.0
76ad4b23-eed8-5c2b-a798-8dfc70b2334f,,,1d7c4d9a-4b2f-50dc-9ee2-881649242672,1 plate,GRAM,350.0
4c5f54ce-d0de-5450-802b-cbac7e88cdb8,,,846cbbdd-f395-56b6-ba9e-b7e9e08ca19c,100g phần,GRAM,100.0
03695606-47e9-51c2-8b1e-58f4eba040f2,,,846cbbdd-f395-56b6-ba9e-b7e9e08ca19c,9 piece,GRAM,189.0
951313e4-b35a-595c-8e6c-a9680a8815e7,,,c163e5fa-d685-50bb-a7a1-187b255ac71a,100g phần,GRAM,100.0
6472ddaa-980e-582b-9208-66a53037bbd8,,,c163e5fa-d685-50bb-a7a1-187b255ac71a,1 wrap,GRAM,350.0
b098984e-c723-5550-9f5d-918a96f6cd56,,,d09bf44c-f690-545d-8f07-5d3326fcc52e,100g phần,GRAM,100.0
55500e77-1a2f-5c5f-b0e7-b6c689f75483,,,d09bf44c-f690-545d-8f07-5d3326fcc52e,4 oz,GRAM,112.0
9a6709ac-a161-52ef-b268-335884f1357b,,,659ac913-8515-5fd8-bd82-487381dc291b,100g phần,GRAM,100.0
e848df88-884f-5aba-b90e-597e0be7f3eb,,,659ac913-8515-5fd8-bd82-487381dc291b,1 cup,GRAM,240.0
a975cfd1-cf85-580c-ab84-70d67433e7c6,,,7a0c718a-c0fe-5dd0-bd23-25addb5f5408,100g phần,GRAM,100.0
a9409df2-8eeb-5a58-8603-9a8a98b54f72,,,7a0c718a-c0fe-5dd0-bd23-25addb5f5408,3 wing,GRAM,100.0
6a6ac3f2-def2-5cc2-a899-f916f4ba2995,,,5d7d8387-4cfe-5c1a-83f4-73ef8953b08d,100g phần,GRAM,100.0
21389762-a6b3-5d67-9549-a285b05b6fc1,,,5d7d8387-4cfe-5c1a-83f4-73ef8953b08d,1 bowl,GRAM,350.0
13e5d875-1abc-53ba-99d9-dc07d61d5c80,,,17c94ade-f424-5475-b124-caa89e0f2fd6,100g phần,GRAM,100.0
89805205-5707-54f2-8580-81b3ee5ab990,,,17c94ade-f424-5475-b124-caa89e0f2fd6,1 bunny chow,GRAM,500.0
cb9d0152-2fb4-58b3-8b2e-3a49a989542d,,,e56f60cf-52ae-5fc9-b003-6dd62c1a1605,100g phần,GRAM,100.0
30751f96-2c01-5fea-8903-ccd737cdf7dc,,,e56f60cf-52ae-5fc9-b003-6dd62c1a1605,1 half rack,GRAM,259.0
bdcd773c-241b-5be8-b63a-fe27bdfb3839,,,6078b55b-2633-5208-9871-1b9bb72ab3d7,100g phần,GRAM,100.0
8e9ec316-069f-5b7e-81b0-91e71c33371b,,,6078b55b-2633-5208-9871-1b9bb72ab3d7,1 biscuit,GRAM,150.0
7937f42e-6eba-55b8-9485-87159ad67dbe,,,a5df244e-5e21-54fc-a64b-c1dd758f7a36,100g phần,GRAM,100.0
0af72938-c962-55d2-a92e-7777e1eadf6c,,,a5df244e-5e21-54fc-a64b-c1dd758f7a36,1 bowl,GRAM,450.0
8271e660-13c6-5620-9084-be8dfd15f773,,,3cae1367-e9cc-5806-904a-c6101dc1c1c0,100g phần,GRAM,100.0
bad620e3-9144-584f-8f97-e97a9d41d7d6,,,3cae1367-e9cc-5806-904a-c6101dc1c1c0,1 plate,GRAM,500.0
40a23774-82a7-5abc-9902-4410e56561e4,,,1997beb3-c13a-57f4-b23b-2ecc6efdbbe5,100g phần,GRAM,100.0
e3c8bad5-18fe-5f25-afbe-456f4a3a9a76,,,1997beb3-c13a-57f4-b23b-2ecc6efdbbe5,1 cup,GRAM,84.0
78b886cc-6e32-58a7-a0a5-3373b026829b,,,f14a85f1-854e-5270-90f0-71361b3a2653,100g phần,GRAM,100.0
6e3ce52d-dd41-56b9-99d2-acb181ae2a72,,,f14a85f1-854e-5270-90f0-71361b3a2653,1 cup,GRAM,249.0
9e84fe53-0e00-5dc9-9280-5d2c003abc0e,,,507231b1-88db-56aa-b607-6fbdf8e2a13c,100g phần,GRAM,100.0
01b17580-1287-58cc-a974-9ce5ab6e0f9d,,,507231b1-88db-56aa-b607-6fbdf8e2a13c,1 sandwich,GRAM,236.0
b7d2f72c-8355-58d0-92e2-7fd269fd1ea0,,,12fee3e7-89ff-5c37-ad1e-6c1f883c8bdf,100g phần,GRAM,100.0
c851e9c5-9819-57ef-ba95-f55d5d20f5b1,,,12fee3e7-89ff-5c37-ad1e-6c1f883c8bdf,1 wrap,GRAM,92.0
527eb51c-36f2-5a65-9568-d1aa3523117b,,,680f0e6b-9937-551f-900f-b6fa78f51c11,100g phần,GRAM,100.0
419406da-29e3-527c-96c3-0e562fb4a161,,,680f0e6b-9937-551f-900f-b6fa78f51c11,9.7 oz,GRAM,272.0
2eefd16e-6329-570e-9801-c600848222da,,,1a6505ce-8c7a-57f3-9f4c-89fe22f32a19,100g phần,GRAM,100.0
6f33bfec-e654-5560-baa6-6a085fe7bc8c,,,1a6505ce-8c7a-57f3-9f4c-89fe22f32a19,6 meatball,GRAM,120.0
1e6b3518-aad9-5687-afbf-586fff132a7c,,,17cd99cd-8124-5643-8c8c-5f94f8f7f75f,100g phần,GRAM,100.0
13a3c1be-35b0-5fe6-b48d-7b440a55fd87,,,17cd99cd-8124-5643-8c8c-5f94f8f7f75f,2 oz,GRAM,56.0
4d4ae541-6da1-5107-95ff-0280d877b0f9,,,334a5bf0-ea27-5688-a63d-56a065a7bd21,100g phần,GRAM,100.0
55760d18-b3be-5ae1-aff0-a2a2b73f98ed,,,334a5bf0-ea27-5688-a63d-56a065a7bd21,10 oz,GRAM,283.0
88f1bae4-7fb9-5c34-bdb7-6b7e9400a137,,,d56c0b39-4b4d-5aff-a574-004c5bf5baa7,100g phần,GRAM,100.0
180f7f0e-3068-5620-a396-d79e28fea10c,,,d56c0b39-4b4d-5aff-a574-004c5bf5baa7,1 sandwich,GRAM,225.0
7014d4a4-4faa-5604-a89b-2284ee1f1955,,,80beee6b-4597-5ed4-b001-fbae9c53a23e,100g phần,GRAM,100.0
044d62fb-452f-55af-86c8-8c46753a3f95,,,80beee6b-4597-5ed4-b001-fbae9c53a23e,1 sandwich,GRAM,150.0
00f5b4d8-f422-56f9-a8ca-65c9978eba67,,,ad922580-d975-5a4a-9c04-9e0bc0c6765d,100g phần,GRAM,100.0
7fe4e596-e1bc-5a53-899f-126d77e1a901,,,ad922580-d975-5a4a-9c04-9e0bc0c6765d,1 plate,GRAM,270.0
3eab52ef-1705-50be-bc1e-65e2cd06233f,,,9b362683-170b-5bf8-be94-25d643424dbe,100g phần,GRAM,100.0
65b0121e-77d3-534d-b668-b56cba5ffaa8,,,9b362683-170b-5bf8-be94-25d643424dbe,1 wrap,GRAM,300.0
04fac01d-24e6-57aa-afb0-d9f9cf4ba303,,,385c09c5-f1e5-5358-b5f9-d4e053c20d60,100g phần,GRAM,100.0
7843a57d-320b-5d5f-bf46-3b7855c0e29f,,,385c09c5-f1e5-5358-b5f9-d4e053c20d60,6 wing,GRAM,165.0
55a1b0aa-a243-5a0f-bed3-ffe3880d9593,,,78f5f44a-52c8-5e40-8e96-0fbb8f2cb702,100g phần,GRAM,100.0
6eb48106-a123-5960-bbd7-8012a399139d,,,78f5f44a-52c8-5e40-8e96-0fbb8f2cb702,1 plate,GRAM,404.0
92b9367c-3f6d-50f1-826e-75e05958b50e,,,401820d2-bec7-51ec-996b-b541e6397781,100g phần,GRAM,100.0
f440199c-92de-5656-9302-0682d1c98031,,,401820d2-bec7-51ec-996b-b541e6397781,1 cup,GRAM,200.0
b778e100-fd89-5573-b778-7288726d1e49,,,69995580-0a66-5e03-9d88-8a85a4d5d94f,100g phần,GRAM,100.0
158ed424-c8e6-5476-aec7-293993451115,,,69995580-0a66-5e03-9d88-8a85a4d5d94f,1 plate,GRAM,417.0
ad58dcb7-da88-53fe-8418-1e127e7db390,,,7501928e-1602-5096-9b93-4544d8f41d1f,100g phần,GRAM,100.0
6a605eee-32b5-577d-aaba-f5f7844115ed,,,7501928e-1602-5096-9b93-4544d8f41d1f,1 skewer,GRAM,150.0
4d72fb5a-46a7-5b09-9202-146237796c6a,,,60a9f2d8-986d-5ecf-9057-2a0516eecc74,100g phần,GRAM,100.0
7d95e8da-986d-5881-86ff-509475a2a1d9,,,60a9f2d8-986d-5ecf-9057-2a0516eecc74,1 cup,GRAM,151.0
43250013-9070-57c6-bb30-029a38343ea1,,,b6bcec5f-b61c-5a74-af76-efaa27fdef9d,100g phần,GRAM,100.0
10771566-384f-5b75-93b8-2b3cadb7648f,,,b6bcec5f-b61c-5a74-af76-efaa27fdef9d,1 sandwich,GRAM,142.0
650263d4-3532-579b-bf64-9d584a61505c,,,5148ae7c-f6ad-54b8-8c35-e4f02a6f9c93,100g phần,GRAM,100.0
a6444204-a428-5ecd-bd20-7ad8f7b80b7d,,,5148ae7c-f6ad-54b8-8c35-e4f02a6f9c93,1 wrap,GRAM,300.0
88a9248a-a999-5bfd-b8d7-6abfbbdc965e,,,e2b4a093-e283-5a47-a931-30858e9647d9,100g phần,GRAM,100.0
f6af94f1-9ccd-5ee0-bf90-420dfb8aa153,,,e2b4a093-e283-5a47-a931-30858e9647d9,2 cup,GRAM,480.0
01815b81-07bf-5bf9-9005-dc26f349cf5a,,,c991b17d-52d8-5d20-99b3-670131293354,100g phần,GRAM,100.0
e649c4ca-5368-517b-a3be-b8019048af22,,,c991b17d-52d8-5d20-99b3-670131293354,6 wing,GRAM,250.0
f2f315f0-9b0f-5381-b33c-fb8edb624d2e,,,32669975-a319-5d32-b617-a3fe020c461f,100g phần,GRAM,100.0
8ed60e7b-cccd-5f23-8780-2f34037857f0,,,32669975-a319-5d32-b617-a3fe020c461f,1 order,GRAM,623.0
40773e9f-76d5-54be-ab40-3b42c267e17a,,,aa906649-73f1-5c0a-9117-f06521aeac06,100g phần,GRAM,100.0
b4225a5f-6cca-5d4f-bb00-10d92c118eaa,,,aa906649-73f1-5c0a-9117-f06521aeac06,1 plate,GRAM,250.0
5f2273c9-3da2-571f-b138-3c5ac8c35baf,,,f4b0f5c6-0643-5e28-af56-51db13d989f3,100g phần,GRAM,100.0
cb805068-1930-5fe8-9918-cc9b7773e230,,,f4b0f5c6-0643-5e28-af56-51db13d989f3,1 bowl,GRAM,450.0
4fdcf0af-dab5-5f87-8471-8dafa2455331,,,c8391b4f-360b-58de-8f74-50d63c7d6be9,100g phần,GRAM,100.0
91aeb990-47e3-54c7-977a-1b40d3d6b602,,,c8391b4f-360b-58de-8f74-50d63c7d6be9,1 pannenkoek,GRAM,300.0
9001384c-eea2-5b74-8b4b-91a7151fd2f6,,,b785ecf8-f1dc-53f4-b546-a4e80cecc81e,100g phần,GRAM,100.0
ce79300b-1fe8-55e7-afd2-3e82a29ecedb,,,b785ecf8-f1dc-53f4-b546-a4e80cecc81e,1 plate,GRAM,463.3
bba410f3-42ea-5421-af47-4a22db1d5f73,,,2ef290d2-fdc5-57fe-a532-21a947f243da,100g phần,GRAM,100.0
30eeacac-f701-5a6b-b172-2d96c15b0b13,,,2ef290d2-fdc5-57fe-a532-21a947f243da,1 plate,GRAM,400.0
794a061b-42e6-5451-9361-3aee82e84546,,,6d98ed3a-ad8c-57cb-abea-eb417a4f6669,100g phần,GRAM,100.0
6c94d065-6e31-59d4-9cee-d9af8dcc136c,,,6d98ed3a-ad8c-57cb-abea-eb417a4f6669,1 sandwich,GRAM,340.0
5433199a-43fb-502d-8870-aeed71933c5c,,,beec39fe-455d-5b62-80d9-24ddf8ee43a4,100g phần,GRAM,100.0
a7273f0f-82b5-50b8-90a6-636549776fcf,,,beec39fe-455d-5b62-80d9-24ddf8ee43a4,10 wing,GRAM,200.0
e2714667-ce56-591d-a6d2-1037c9d635e0,,,f57416b9-9df8-5baf-b589-2231add426eb,100g phần,GRAM,100.0
27f5514e-dc97-5ff5-90e9-90c25bf05d7c,,,f57416b9-9df8-5baf-b589-2231add426eb,1 link,GRAM,56.0
f32d4272-bb02-5942-8e1e-376ad660cab2,,,48cd3882-f2e5-5c8b-b63a-7dfaa9d47bd6,100g phần,GRAM,100.0
a9a59a01-5744-5e13-adae-3d760c40d9ea,,,48cd3882-f2e5-5c8b-b63a-7dfaa9d47bd6,1 plate,GRAM,600.0
9f739063-50cb-5d77-ad03-aac6ea094b88,,,9be57431-aa78-56bd-b94e-07d4f7538504,100g phần,GRAM,100.0
d0779d65-49fa-58a8-9d02-e6bc24294286,,,9be57431-aa78-56bd-b94e-07d4f7538504,4 dumpling,GRAM,250.0
a007f4e8-9e87-5c15-b1a5-fb2d74085420,,,14ab0549-4c6f-5db0-b97a-28cd691d750b,100g phần,GRAM,100.0
91c50584-f73a-51c7-86ee-45889fa20813,,,14ab0549-4c6f-5db0-b97a-28cd691d750b,1 bowl,GRAM,240.0
7aab1b20-1127-5186-a83d-59743af73b4a,,,1b70975c-cb53-5f1c-8274-433000bca2d8,100g phần,GRAM,100.0
07168434-2344-5aa8-a06f-a67aaecdec9e,,,1b70975c-cb53-5f1c-8274-433000bca2d8,1 plate,GRAM,350.0
51c83bab-0685-54f2-9e10-b42ae40e8f14,,,f4acf01c-920c-58b6-bb49-804f477bb011,100g phần,GRAM,100.0
11748602-4a81-5cc9-bc60-9879935ffed2,,,f4acf01c-920c-58b6-bb49-804f477bb011,1 plate,GRAM,350.0
9f2d38f2-75f6-5ace-9b05-894f08108876,,,7ccf5a8b-dc8e-5a2e-a856-e11bda7b3c61,100g phần,GRAM,100.0
1978b472-cd4f-5f26-a9ad-087c7fcdef8a,,,7ccf5a8b-dc8e-5a2e-a856-e11bda7b3c61,2 quesadilla,GRAM,500.0
5fc317a9-6dbd-5f0f-ac4e-5316d63ca251,,,9c605ce1-ca8a-5365-be84-abfa1aca8fe1,100g phần,GRAM,100.0
30b00e3f-0e16-5a51-bdac-36e86deeceb6,,,9c605ce1-ca8a-5365-be84-abfa1aca8fe1,1 plate,GRAM,230.0
293e5808-6a9c-5609-a0dc-fd033b2b685f,,,57858172-d936-5e86-aa99-316f2c811bc8,100g phần,GRAM,100.0
9930059c-69df-5d71-a130-ce473d8270c0,,,57858172-d936-5e86-aa99-316f2c811bc8,8.5 oz,GRAM,240.0
1b37d6f8-6baf-581e-a853-61d624e27eae,,,18b4bf5d-472b-5796-8826-18c8925cfd65,100g phần,GRAM,100.0
e1508ca6-33d9-5ddd-beef-3050818ef134,,,18b4bf5d-472b-5796-8826-18c8925cfd65,1 plate,GRAM,350.0
2a76c353-5fac-5e8f-a3dd-23d95061a39b,,,0a65633f-3bad-5507-97d5-f9c8ae5880ab,100g phần,GRAM,100.0
395b0555-2b5e-52cb-a7e9-c134ae56df4e,,,0a65633f-3bad-5507-97d5-f9c8ae5880ab,1 plate,GRAM,125.0
04e7f3e5-e3d2-5df6-aa51-1dabc84e99bb,,,2af469b7-09a7-56fc-bd32-20f4012244ad,100g phần,GRAM,100.0
07657b64-662f-504a-aa37-59758d3a8cdd,,,2af469b7-09a7-56fc-bd32-20f4012244ad,1 quesadilla,GRAM,100.0
24e426c0-f741-5210-9c93-b3b7deaa1788,,,91cf3e54-50f0-5cf9-b671-56212959340f,100g phần,GRAM,100.0
d6d2de57-d5f1-51a1-a789-3a704dd6c2fb,,,91cf3e54-50f0-5cf9-b671-56212959340f,1 plate,GRAM,361.0
c787a757-b31d-50e2-9611-142fdd9050f0,,,62e43a5c-7de7-5a17-b533-621a7ba014cc,100g phần,GRAM,100.0
8ff9a410-8203-5897-86c6-0f256dcab8c1,,,62e43a5c-7de7-5a17-b533-621a7ba014cc,1 flatbread,GRAM,250.0
d616b2e3-99c2-517f-9a6a-02bef2989fe8,,,31691bbf-2a16-53a1-a3b6-487c5e594a3e,100g phần,GRAM,100.0
ee6fed71-2e0f-5255-9744-b3255b280c01,,,31691bbf-2a16-53a1-a3b6-487c5e594a3e,1 sandwich,GRAM,300.0
69eb1013-1822-54f1-84b9-51bb2be8828a,,,65152690-29de-5d70-9da9-a1744f343844,100g phần,GRAM,100.0
66ee4460-0ac4-5e61-b95c-24b526bd0fba,,,65152690-29de-5d70-9da9-a1744f343844,1 sandwich,GRAM,250.0
355a61e0-3324-5f91-88c1-b95002e86900,,,1fb45b33-e3c4-58fa-8854-ce93c94dc7b9,100g phần,GRAM,100.0
2acc772a-d55d-5c2c-8476-b4f89c64ca17,,,1fb45b33-e3c4-58fa-8854-ce93c94dc7b9,1 plate,GRAM,520.0
11786a47-89bc-54ac-a6f9-26715d0d179c,,,b58dd3e1-b44e-5067-8e39-ddcf4c4e9437,100g phần,GRAM,100.0
e8b406e7-ec74-50e5-9762-5fc9f597edcd,,,b58dd3e1-b44e-5067-8e39-ddcf4c4e9437,1 sandwich,GRAM,60.0
e7cd6be2-4806-5b73-b222-a49e11d3464e,,,9db22cbe-9bf0-55e9-8b3a-561d4e993d2b,100g phần,GRAM,100.0
b1186195-916f-5fb5-8cdf-73fd2849c4dc,,,9db22cbe-9bf0-55e9-8b3a-561d4e993d2b,1 plate,GRAM,100.0
e09123c3-5338-59d8-a3f3-15918c79a3df,,,a183f39a-c77f-5f99-b770-4b02a893e167,100g phần,GRAM,100.0
ea39a121-55d3-5254-b045-4f8f482c4b0b,,,a183f39a-c77f-5f99-b770-4b02a893e167,1 sandwich,GRAM,240.0
3c04c32c-41b9-5eea-8743-b6b402b7e610,,,6bd6afbb-286b-5491-9689-5c044edda81c,100g phần,GRAM,100.0
d8a4504d-e766-5f3a-b87f-8de3bba79860,,,6bd6afbb-286b-5491-9689-5c044edda81c,1 sandwich,GRAM,250.0
8ea3e62e-d25a-59d1-838e-dd65cbe91615,,,aeb0084e-75e0-5f38-ab00-38d1e0d9a559,100g phần,GRAM,100.0
d731b7df-6e11-5fdf-914e-249a4db89dc1,,,aeb0084e-75e0-5f38-ab00-38d1e0d9a559,1 chicken breast,GRAM,245.0
fa0fdea0-4ea5-5333-991c-a1e50571e84e,,,2b6468b8-0182-5321-820f-c657dbff27a7,100g phần,GRAM,100.0
c8f6bfb4-a2c0-5a26-91de-ede393a3d58b,,,2b6468b8-0182-5321-820f-c657dbff27a7,1 plate,GRAM,300.0
831a01e7-599f-5b0b-ac1d-69d24ec3ab2e,,,393a9e6b-7982-50f7-a17c-8119e63e770e,100g phần,GRAM,100.0
b0405801-ff7d-59c7-add8-34265cca75c5,,,393a9e6b-7982-50f7-a17c-8119e63e770e,1 plate,GRAM,400.0
02afeac2-ef17-5a7c-a46e-d920ed09069d,,,fd5ee16a-866f-5b93-8d91-ce7d88c96876,100g phần,GRAM,100.0
42c60e61-e359-5252-b4c0-588d737db2a1,,,fd5ee16a-866f-5b93-8d91-ce7d88c96876,4 oz,GRAM,113.0
bfd081d8-e455-552c-a470-6ea4ca4d5416,,,7598de86-cc42-5bc8-aca5-ec9a757de68c,100g phần,GRAM,100.0
610117f9-74e9-5cfb-a484-f41a71e8a175,,,7598de86-cc42-5bc8-aca5-ec9a757de68c,1 sandwich,GRAM,227.0
31949290-b88c-57a8-9f8b-f551230367d3,,,d992184d-f739-5781-91b7-a49afee15be3,100g phần,GRAM,100.0
eb8babba-91f8-5ce3-9f06-94a523aaaf35,,,d992184d-f739-5781-91b7-a49afee15be3,1 sandwich,GRAM,350.0
791bc37a-ee35-504a-af88-15527ce7dc73,,,decd52ee-0d36-5270-8c0c-577a5bf29a3f,100g phần,GRAM,100.0
74be88cb-91cc-5fc6-9b56-e4d21e837a37,,,decd52ee-0d36-5270-8c0c-577a5bf29a3f,4 oz,GRAM,113.0
35247cfa-22ca-5dba-b38a-22719d151811,,,5f57c2ed-70dc-5866-b255-23799475c9a5,100g phần,GRAM,100.0
1aa92865-c0bc-50ab-b6ac-7523353eb97d,,,5f57c2ed-70dc-5866-b255-23799475c9a5,1 pie,GRAM,300.0
ac046884-dc96-5eb3-962d-0a7041c2ba27,,,29acfc32-eea9-575a-990f-38532eaf62f0,100g phần,GRAM,100.0
76a84d5f-a91c-5781-8b67-85794f937f88,,,29acfc32-eea9-575a-990f-38532eaf62f0,1 plate,GRAM,250.0
7faa7eb0-7cfc-5280-abc2-840dccd096c0,,,563b575f-60fc-5ca3-a12e-2e99f144c119,100g phần,GRAM,100.0
f5fbfe50-ec44-5461-a6cb-845249a12ab4,,,563b575f-60fc-5ca3-a12e-2e99f144c119,2 oz,GRAM,56.0
faad2062-dc00-5296-9d21-b883c7240417,,,c59fc401-1849-5a85-9769-d9936bf05006,100g phần,GRAM,100.0
29725340-47b7-5db8-bf18-03701100210f,,,c59fc401-1849-5a85-9769-d9936bf05006,1 plate,GRAM,500.0
c45d1e02-a64a-53e8-8eb7-be09894fbe29,,,71dc2f1e-eadb-5c3e-ac19-c8bb93ca2268,100g phần,GRAM,100.0
d23e84ff-d0d7-5d9b-985e-9cf73642a5e9,,,71dc2f1e-eadb-5c3e-ac19-c8bb93ca2268,1 cup,GRAM,240.0
f7f6ae34-5de2-513b-b0a8-a1a95136e2e4,,,afa1695a-b408-5e1d-8a47-5aeb18a6e13f,100g phần,GRAM,100.0
fa224c92-45c6-5ea3-96e1-7ba2cc65b741,,,afa1695a-b408-5e1d-8a47-5aeb18a6e13f,1 pie,GRAM,240.0
914893c0-b86c-5c54-8bd5-8e8703e01a31,,,fa5f36e8-d30e-556e-b7c8-ea1af27b625f,100g phần,GRAM,100.0
8ac77149-bb02-59a7-bbda-51797f59f2b9,,,fa5f36e8-d30e-556e-b7c8-ea1af27b625f,1 plate,GRAM,400.0
b46847c7-c5eb-5d62-9872-c8dfd4440993,,,27a12ae6-437e-55b7-9c24-2bdb4bb33a64,100g phần,GRAM,100.0
3a82331d-6be0-5aac-9c4f-5df42234f7bd,,,27a12ae6-437e-55b7-9c24-2bdb4bb33a64,1 plate,GRAM,400.0
84601e35-9c6f-55b6-be37-b9dec0618579,,,3bd10c0d-e8f9-5024-84b9-40d9973602fe,100g phần,GRAM,100.0
94def4a6-1f8b-5080-8680-3fcabf126c87,,,3bd10c0d-e8f9-5024-84b9-40d9973602fe,1 plate,GRAM,402.0
7e08c02c-1ed0-5445-b5f4-84b7ddf04295,,,91b65d29-0e5e-533a-bdcd-b52a67a2e0d8,100g phần,GRAM,100.0
116ed639-b59a-52ad-931a-50d19d2b2615,,,91b65d29-0e5e-533a-bdcd-b52a67a2e0d8,1 quesadilla,GRAM,235.0
5b6975df-5fc1-588a-b010-91f1538c4dd3,,,1d7d3a8a-cbdc-5fd1-acdb-96d5f2a7178a,100g phần,GRAM,100.0
ed6b42e1-8456-5e1b-96b0-f3d0e3206d6d,,,1d7d3a8a-cbdc-5fd1-acdb-96d5f2a7178a,1 sub,GRAM,300.0
86d8d9e4-5512-5a17-9581-779408deb0ea,,,fd674d39-cd94-5778-8184-7f4a70dcf23f,100g phần,GRAM,100.0
52212c60-34b4-5908-bf49-66e4b213e67c,,,fd674d39-cd94-5778-8184-7f4a70dcf23f,4 skewer,GRAM,200.0
0277d6b5-b867-5af7-9c7f-daedb8a1bca4,,,2b5f6c60-9fc0-5878-a628-630e2ffaf87c,100g phần,GRAM,100.0
2deaee0c-6a00-586b-98f6-4c3404cf47fb,,,2b5f6c60-9fc0-5878-a628-630e2ffaf87c,1 plate,GRAM,300.0
f8b4d549-930f-519f-aaae-5e4323a2835e,,,c38aad77-f3c4-55b0-9d6b-496e372763b5,100g phần,GRAM,100.0
4a8d00d0-3a25-59af-a38f-6a76870aad10,,,c38aad77-f3c4-55b0-9d6b-496e372763b5,1 sandwich,GRAM,240.0
c0103acb-399a-5667-ab10-35712dd8f736,,,d8981450-10d6-5e7d-9c3a-c36dbe36f69b,100g phần,GRAM,100.0
a4038eae-2e67-5e9c-aa58-536c9787736a,,,d8981450-10d6-5e7d-9c3a-c36dbe36f69b,1 sandwich,GRAM,158.0
371beb70-412c-5491-b3fd-ed27a2cdf156,,,e698b735-91c4-5762-9929-3ef598ffddf2,100g phần,GRAM,100.0
c50414c5-4880-5ae4-93a8-76a0b2620eb8,,,e698b735-91c4-5762-9929-3ef598ffddf2,1 cup,GRAM,262.0
ba01508e-dcff-5d8d-b972-3f47120d4392,,,b3190115-b1eb-54a3-943a-cf5068bea08f,100g phần,GRAM,100.0
7e0b4b94-677c-5023-88aa-26d25d457548,,,b3190115-b1eb-54a3-943a-cf5068bea08f,12 oz,GRAM,340.0
2feeb6f1-29f4-5923-bf40-ab44729b4e20,,,9a9046f8-d00e-55bf-bd5f-76dc14f324d3,100g phần,GRAM,100.0
864a0194-d109-5f42-bf31-428a910f48b8,,,9a9046f8-d00e-55bf-bd5f-76dc14f324d3,4 oz,GRAM,113.0
af5acaba-c839-5e88-aef7-c106dcd9e8f8,,,62b05b95-d3e7-5bd9-9b9e-731cc7d7d880,100g phần,GRAM,100.0
d4d9c6b4-0a9e-557f-ab37-fec3d60a2f07,,,62b05b95-d3e7-5bd9-9b9e-731cc7d7d880,1 quarter,GRAM,250.0
abb7a890-772e-5369-a54e-9d87db7130a8,,,47dfa043-306c-5bbc-91d3-9bc182b2642f,100g phần,GRAM,100.0
1927302d-6213-5900-9444-995d12f2488d,,,47dfa043-306c-5bbc-91d3-9bc182b2642f,1 plate,GRAM,604.0
34213ac3-cddb-52dd-adbf-31705a2c4ab4,,,bb01003c-06fe-5677-b8aa-513b644c2ebd,100g phần,GRAM,100.0
48a16dcc-2814-5ac0-b2aa-21fc2fa1d007,,,bb01003c-06fe-5677-b8aa-513b644c2ebd,1 thigh,GRAM,136.0
f3280765-51f2-5dff-a199-f3a011272b55,,,1f70c764-8c37-5959-aa8a-1b3c7e6c4c18,100g phần,GRAM,100.0
f9ca618a-eabf-5215-9eab-5ccd9d65b051,,,1f70c764-8c37-5959-aa8a-1b3c7e6c4c18,1 plate,GRAM,250.0
81d0aaaa-86c3-5fde-87d3-39af7b6d8b6c,,,13d67b16-f74c-5553-b960-69dd913d16c6,100g phần,GRAM,100.0
a988cfe2-ccb9-5739-aa6f-7308cf0a1038,,,13d67b16-f74c-5553-b960-69dd913d16c6,6 oz,GRAM,170.0
c351be5f-1157-594e-95a6-d1fa432eb411,,,4033e2df-1976-517c-bc4b-2e98f79c9cf0,100g phần,GRAM,100.0
2b8dd6ed-03dd-5c43-9299-dde51834ca4b,,,4033e2df-1976-517c-bc4b-2e98f79c9cf0,1 plate,GRAM,240.0
1f0932d8-a65d-593d-a2ca-eeb36a4ec9ba,,,4a5a08b7-dce2-5bb8-b132-1ac11146d3fa,100g phần,GRAM,100.0
7dd06069-bf70-5add-a3d7-3d6ddfe82170,,,4a5a08b7-dce2-5bb8-b132-1ac11146d3fa,3.5 oz,GRAM,100.0
1727b6d2-9faf-51cf-addf-feb2a17e0397,,,7a048547-4e7d-5333-8df5-d06f894d5495,100g phần,GRAM,100.0
4b2eba9c-10ed-5711-9870-a4e6e07bcd7a,,,7a048547-4e7d-5333-8df5-d06f894d5495,3 oz,GRAM,85.0
f0e61aa0-f605-5f19-bc42-e3b8a74cf13f,,,4f3ee3b0-aaa1-5e5a-b766-f738744c58f3,100g phần,GRAM,100.0
d250c11e-1393-57d9-9526-de950e908f79,,,4f3ee3b0-aaa1-5e5a-b766-f738744c58f3,8 oz,GRAM,227.0
c76028d3-1bd0-53ce-9bb9-3d3d38799371,,,d288c89e-7083-503c-a20b-52a974442755,100g phần,GRAM,100.0
93f0c01d-0ec4-5177-9f23-69207be23611,,,d288c89e-7083-503c-a20b-52a974442755,1 pie,GRAM,250.0
1443b18f-1dc4-52b6-9d50-d84e875d6a28,,,e61e2aed-c4db-5c63-8eb8-5909b4d25be5,100g phần,GRAM,100.0
e2ec7be7-a826-5327-8c67-370ece4fed9b,,,e61e2aed-c4db-5c63-8eb8-5909b4d25be5,1 samosa,GRAM,50.0
3705b174-d514-5f85-bafd-5ce987d36c95,,,9349d1a0-fcad-5ca6-817c-bde6785e6a3b,100g phần,GRAM,100.0
9785eded-2215-5dcd-97f8-ee4d64bd0ed9,,,9349d1a0-fcad-5ca6-817c-bde6785e6a3b,1 plate,GRAM,350.0
c18980d2-4f6f-5751-b1ed-90d321769547,,,dd2366cf-bce2-5164-af5a-81b6c4c5e347,100g phần,GRAM,100.0
d9060dac-01ee-569f-ac1a-e7d3cf465c37,,,dd2366cf-bce2-5164-af5a-81b6c4c5e347,7 oz,GRAM,200.0
a3724067-1b5d-5fa9-ba93-d1faf787f841,,,97da7a6b-b729-5a82-a605-e45e5e4f8878,100g phần,GRAM,100.0
ca249da4-8302-5e9b-8dd5-6eb4c13afd12,,,97da7a6b-b729-5a82-a605-e45e5e4f8878,1 wrap,GRAM,236.0
f8c338f7-a7a7-5678-b522-3f49e6efa210,,,bb991ddc-a10a-52b2-9649-45a1b63db02c,100g phần,GRAM,100.0
989634cd-be3b-5c32-9792-7d00165e16f5,,,bb991ddc-a10a-52b2-9649-45a1b63db02c,1 bowl,GRAM,400.0
3996b532-83f9-5b3e-b15a-d62a5d4cfefd,,,6dcd66e4-1578-59ac-9c23-4fae4347503c,100g phần,GRAM,100.0
34fc0da6-fc26-53bb-b116-0449940e4b38,,,6dcd66e4-1578-59ac-9c23-4fae4347503c,1 wrap,GRAM,250.0
732eb3e3-6529-5b07-bf03-5b2e5fb0035f,,,93d9304c-18a8-5ebc-abe9-7fe9a4e3e427,100g phần,GRAM,100.0
1303dac0-9e50-5be9-8077-be39ede4f49e,,,93d9304c-18a8-5ebc-abe9-7fe9a4e3e427,3 taco,GRAM,360.0
7cf02120-3fd3-588a-92e4-672f6f9e7af5,,,ef3ab105-46ed-55b1-a9ab-fb0fb9957591,100g phần,GRAM,100.0
d7f8f9c0-2ea3-5af1-890e-e8d0865b1569,,,ef3ab105-46ed-55b1-a9ab-fb0fb9957591,1 sandwich,GRAM,310.0
5fdf7c7a-388d-5716-951e-d772f58fa2ce,,,da60fa3f-e494-566d-ba47-2d7241579a40,100g phần,GRAM,100.0
c4c823ef-caf7-597f-98d7-50839e39cf67,,,da60fa3f-e494-566d-ba47-2d7241579a40,3 oz,GRAM,85.0
198c6884-7615-5f83-8700-a650b132099e,,,6d607fdc-83cf-5cab-8492-380d19e2827f,100g phần,GRAM,100.0
e2a672d4-8338-5a6c-b073-ea9e5b3b634a,,,6d607fdc-83cf-5cab-8492-380d19e2827f,3 oz,GRAM,85.0
c2a40b8b-c9c1-5bac-a412-a4b8c14f3471,,,81ee512f-5348-5d1d-b639-c65af5cbee3b,100g phần,GRAM,100.0
71252f4c-b6bd-5f43-87b5-6111253e50a3,,,81ee512f-5348-5d1d-b639-c65af5cbee3b,1 plate,GRAM,450.0
7ac62b77-ecaf-59a8-896f-693fd9f31947,,,317cb979-a2bd-5840-b263-dc1366c0a05e,100g phần,GRAM,100.0
daa8262f-9e56-5287-b47d-993358df241f,,,317cb979-a2bd-5840-b263-dc1366c0a05e,1 plate,GRAM,300.0
07738d46-8c02-57f1-b5d3-55b7c5ed844c,,,6935a4b0-f0fe-5956-ad91-7e23bb5afb54,100g phần,GRAM,100.0
1c1c9f5a-2ff5-5151-8553-17fde53532d0,,,6935a4b0-f0fe-5956-ad91-7e23bb5afb54,1 plate,GRAM,600.0
434fbe88-520e-58ca-b688-e053b4fc405e,,,d24bf23d-64f9-565d-82a8-b6c56fb11f5a,100g phần,GRAM,100.0
d6d1a8ae-1617-57fa-a931-ba62581bdef1,,,d24bf23d-64f9-565d-82a8-b6c56fb11f5a,1 plate,GRAM,110.0
20beeb3d-5973-5ce1-88e7-18b3606a454a,,,a83138e3-1370-5c37-888d-67bd305ee91d,100g phần,GRAM,100.0
d70fee0d-2f79-58ef-a00f-124ae5d6e63e,,,a83138e3-1370-5c37-888d-67bd305ee91d,1 plate,GRAM,360.0
228b8075-6f2d-5c76-911b-9fea6d913e67,,,0221bf6a-cedf-50fa-a48f-6cba693ba0d7,100g phần,GRAM,100.0
fffee4d3-d52b-568c-95fb-bf1eb4c62dc4,,,0221bf6a-cedf-50fa-a48f-6cba693ba0d7,4 roll,GRAM,170.0
3b937063-9b2a-5eac-a4fb-062c2c3bdb72,,,f4dfd244-acc8-5a1b-b555-0055f3ae9001,100g phần,GRAM,100.0
02652eb0-67b4-5ef8-b7a3-9d89dca6080e,,,f4dfd244-acc8-5a1b-b555-0055f3ae9001,4 oz,GRAM,113.0
e23bb78f-705e-5561-b7c0-990f6442dd1f,,,dfa44b8b-c4f6-58b4-bb64-9b1f3e720496,100g phần,GRAM,100.0
f7ab9450-d8ab-580b-8fbb-aa2c113a52c4,,,dfa44b8b-c4f6-58b4-bb64-9b1f3e720496,6 piece,GRAM,100.0
a332443b-d199-5343-a7ab-2b5888cadb1c,,,549d9435-385f-5224-a31b-74ccb656f700,100g phần,GRAM,100.0
d5e466c9-ebe0-52b9-acc6-22b105e2ac01,,,549d9435-385f-5224-a31b-74ccb656f700,1 plate,GRAM,200.0
a3241597-824b-5b8d-9f91-594b42ec3e35,,,ce26b2ef-d65b-5fc5-8caa-2993131a290a,100g phần,GRAM,100.0
c88664f4-9105-569c-9322-d56eb229fdd9,,,ce26b2ef-d65b-5fc5-8caa-2993131a290a,10.6 oz,GRAM,300.0
5311d8fe-0221-558f-b7f9-3acb5a851414,,,c4ca6868-906a-56ad-8e5d-7e0042917093,100g phần,GRAM,100.0
cbce5982-6d15-5fdc-8905-f7811e096589,,,c4ca6868-906a-56ad-8e5d-7e0042917093,6 wing,GRAM,220.0
2562e507-1732-507a-bb33-4ddae230306f,,,5890fabb-6ea9-5c03-8bd6-f59f7926ae01,100g phần,GRAM,100.0
730bd12b-30a9-52a6-ab96-9d75b0fd29f7,,,5890fabb-6ea9-5c03-8bd6-f59f7926ae01,8 oz,GRAM,227.0
77749d05-19fc-52af-8858-0051db574809,,,1bfe7a11-2702-5d49-a0a3-a7d11dd5847b,100g phần,GRAM,100.0
e76b486c-6a4b-52ec-9968-2f118c617b3d,,,1bfe7a11-2702-5d49-a0a3-a7d11dd5847b,1 sandwich,GRAM,200.0
b68d4943-ed6e-5b6f-9c94-76d39958c152,,,693c9278-5ddd-51a5-8324-7248f3cb82d6,100g phần,GRAM,100.0
84fb0073-0d54-52be-8a9e-b7c56d38f00d,,,693c9278-5ddd-51a5-8324-7248f3cb82d6,1 biscuit,GRAM,110.0
dd82c617-3139-544f-8050-4b525299f3db,,,f27d4acf-6b01-5d01-bfcf-e988c740b136,100g phần,GRAM,100.0
93d3051b-fad0-51ed-aef4-ff853c79ccd9,,,f27d4acf-6b01-5d01-bfcf-e988c740b136,11.1 oz,GRAM,314.0
5fced646-d4b1-5edb-87ed-afadd6aa2e2b,,,a20c912e-aad3-5b09-8457-1d7b93fcc2e0,100g phần,GRAM,100.0
806e6120-a40a-51c8-a0c2-484c5bea0194,,,a20c912e-aad3-5b09-8457-1d7b93fcc2e0,8 oz,GRAM,227.0
2d1b2179-8d09-5e22-9662-ba34bdb86175,,,dcaf5a51-4698-541c-98d3-f322fae5775b,100g phần,GRAM,100.0
5cea3d6c-fbe8-54cf-abcf-c6aac3e4b5f2,,,dcaf5a51-4698-541c-98d3-f322fae5775b,1 sandwich,GRAM,250.0
49788af4-2fbd-5353-a12e-8dd9454d57b0,,,831ea049-85be-5970-bbc3-2bfc987fa87a,100g phần,GRAM,100.0
6ee412ed-09e6-54c0-8e67-1f2f7348085a,,,831ea049-85be-5970-bbc3-2bfc987fa87a,1 wrap,GRAM,275.0
16c0b8d2-19f1-5ff9-b00c-7a96d49428a5,,,c08478dd-78bc-5f41-912f-d0851a421101,100g phần,GRAM,100.0
6215000d-3690-5f5f-8481-af44f1ff1d6a,,,c08478dd-78bc-5f41-912f-d0851a421101,2 cup,GRAM,480.0
e69e06e1-faf7-56c2-9d19-0a0cfbfcaaa4,,,1d0bb59e-e26b-5f43-9e17-3b8da66571ac,100g phần,GRAM,100.0
94827f5e-ba9e-511f-84d4-d6d38d37c690,,,1d0bb59e-e26b-5f43-9e17-3b8da66571ac,1 plate,GRAM,378.0
58cd75e4-4da3-58cf-b881-6168baeab3bc,,,c545adf7-4aab-5f12-b8f1-72c93c83c897,100g phần,GRAM,100.0
8ce0e58a-1c4b-55f0-90be-e43429c262c3,,,c545adf7-4aab-5f12-b8f1-72c93c83c897,2 sope,GRAM,156.0
7949af21-fbf6-5685-9f44-953a46b40ad0,,,3dc85689-25c3-5af6-9640-b47ce81d69eb,100g phần,GRAM,100.0
581326e7-3f61-591b-b328-b65cf9a62f1f,,,3dc85689-25c3-5af6-9640-b47ce81d69eb,1 plate,GRAM,400.0
5327ebbd-b238-5f41-948b-b270ebb8e659,,,bd67ddf7-0e56-5277-8efe-a6c57f58d487,100g phần,GRAM,100.0
f299227c-7e22-5d7a-8e0f-bbc92ec2bb34,,,bd67ddf7-0e56-5277-8efe-a6c57f58d487,1 plate,GRAM,235.0
5f28022b-cfd0-5afd-bcb1-1a9e06569196,,,9b7678e1-30ab-5efa-b5d1-63c9c1772966,100g phần,GRAM,100.0
6008d77e-c7cd-558b-a08b-615c0f1659e3,,,9b7678e1-30ab-5efa-b5d1-63c9c1772966,1 plate,GRAM,280.0
5276b5d6-9edd-5b09-b38d-2820b4e8b026,,,475a1c62-971d-5851-b843-9d2f5e51058e,100g phần,GRAM,100.0
a2afccd7-f781-5660-a953-b1863bb5e067,,,475a1c62-971d-5851-b843-9d2f5e51058e,8 oz,GRAM,227.0
c9647d07-748a-594d-a8c2-6dd0b2e48135,,,7f33047e-f35f-58b1-a292-da588bd824b4,100g phần,GRAM,100.0
350605fb-c26e-56ad-832d-6219529bc917,,,7f33047e-f35f-58b1-a292-da588bd824b4,1 wrap,GRAM,300.0
7f118a44-5947-5ff1-bb41-37ef516bc702,,,35578e4c-af8f-558d-bb6b-f1fad2993689,100g phần,GRAM,100.0
1cedb4dd-e8f0-56cd-8e0b-76980817e999,,,35578e4c-af8f-558d-bb6b-f1fad2993689,1 crepe,GRAM,180.0
7e79f704-04fc-57af-9d8a-b9bd7bc63b49,,,576a1edf-1c35-5b2a-8503-b5dab5ac2bd7,100g phần,GRAM,100.0
9123b532-e556-5ff8-b9c9-475d6154ad20,,,576a1edf-1c35-5b2a-8503-b5dab5ac2bd7,3 dumpling,GRAM,238.0
7733c2b1-046d-5680-9149-eb16a4a844e0,,,a76ef97f-5ad4-5c70-8acf-1c1c250a2c1c,100g phần,GRAM,100.0
9439dd47-3a4d-5e30-b938-9b20092fa9a0,,,a76ef97f-5ad4-5c70-8acf-1c1c250a2c1c,1 bowl,GRAM,400.0
f2b90a5b-c332-5e95-80fd-b55fc5267ac3,,,48a17cd8-e530-524e-9edb-22da36b558fb,100g phần,GRAM,100.0
8fccb73a-ce69-5a7f-9dfb-e04fc21bc429,,,48a17cd8-e530-524e-9edb-22da36b558fb,1 cup,GRAM,150.0
e3d429c7-2047-5361-8707-8c5c5e578685,,,2cdef1de-8e0a-57d4-babd-124497a58e70,100g phần,GRAM,100.0
2c90bd21-750f-5985-8dff-46a7b478d075,,,2cdef1de-8e0a-57d4-babd-124497a58e70,8.4 oz,GRAM,238.0
20d539a2-355d-56bb-abb5-8c8a84d71db6,,,85aac500-eaf3-54b3-9fd6-1a80f605527c,100g phần,GRAM,100.0
50150e7a-68ef-5f79-900a-3b42a608bbce,,,85aac500-eaf3-54b3-9fd6-1a80f605527c,5 oz,GRAM,140.0
303049eb-85e4-5847-8ba0-22263258ed2e,,,100a1b10-4b2c-5c5c-8c7e-950d7dd2e657,100g phần,GRAM,100.0
c903c766-8d95-513c-bc05-ec1c42e64453,,,100a1b10-4b2c-5c5c-8c7e-950d7dd2e657,1 bun,GRAM,70.0
4e11d7e9-24f4-5c41-875d-ec6d15f4171e,,,76f63e48-cf19-57a6-b25c-96aab5685df2,100g phần,GRAM,100.0
756c826a-6244-5710-9b65-65aedd7ee5e3,,,76f63e48-cf19-57a6-b25c-96aab5685df2,1 waffle,GRAM,200.0
3a0cb942-35b2-535b-a427-6dde66dda815,,,46450428-1e84-5dd5-b88a-63408e657e90,100g phần,GRAM,100.0
848e42cf-05df-5307-a804-b0b9355e4c04,,,46450428-1e84-5dd5-b88a-63408e657e90,1 sandwich,GRAM,350.0
fdc41d7f-b6ff-5e7b-a9ed-a17efb296a94,,,e8bff664-8769-5488-804b-953448d49263,100g phần,GRAM,100.0
d731c37a-4312-54a6-ac8b-f85ab6e790ab,,,e8bff664-8769-5488-804b-953448d49263,1 plate,GRAM,700.0
6293a9c7-32cc-5304-be4b-801c0bde6983,,,7100885b-662b-5c7b-aaeb-1e6199b85b2e,100g phần,GRAM,100.0
0fab433f-c911-5ade-b3b7-c93ebe96a60b,,,7100885b-662b-5c7b-aaeb-1e6199b85b2e,5 oz,GRAM,140.0
c3314ce2-00b8-5b3a-95ad-172360c0e976,,,e3bbf3b9-18e6-5621-98e0-e54fb4949419,100g phần,GRAM,100.0
05563287-5fc3-5edd-a949-15d3263e47a0,,,e3bbf3b9-18e6-5621-98e0-e54fb4949419,1 cup,GRAM,235.0
e0a3e2bd-27d5-54ef-b576-afb30d2c6dc1,,,43a7f79b-568c-591c-b178-d010e9a434af,100g phần,GRAM,100.0
5234941b-826f-561f-906f-92135bac48eb,,,43a7f79b-568c-591c-b178-d010e9a434af,5 wing,GRAM,238.0
ff5cb78e-c28f-5db4-94d0-272d736cbe70,,,68d088a0-89ac-528e-8d79-d640c08273c0,100g phần,GRAM,100.0
6e6ff42a-e531-5e16-a11e-60def209fe82,,,68d088a0-89ac-528e-8d79-d640c08273c0,1 plate,GRAM,200.0
7a720631-1b70-57e0-a2a9-3d894e89a011,,,b95df308-a6e3-58ce-9dba-98ca12546d49,100g phần,GRAM,100.0
a4ee28bd-bc20-54d4-b5d4-fa6ff82dfd8e,,,b95df308-a6e3-58ce-9dba-98ca12546d49,2 piece,GRAM,76.0
4f4d628b-158f-5807-bde8-292aa6e1622c,,,2999dc80-0667-5606-888b-7224b9ba71dd,100g phần,GRAM,100.0
b7b81961-a5ef-589b-bb79-23c9e73db5c3,,,2999dc80-0667-5606-888b-7224b9ba71dd,1 plate,GRAM,150.0
0098a476-dced-58d3-830c-c9fac1da81b0,,,d800e365-09a3-5984-9a51-c059239040cc,100g phần,GRAM,100.0
415b986e-49dc-5845-81c0-7f4167fdba72,,,d800e365-09a3-5984-9a51-c059239040cc,1 bun,GRAM,120.0
7829c04f-ff26-5256-ac73-ad1951dc5ffe,,,dabaeda3-b916-5b65-a1d5-7661cb760950,100g phần,GRAM,100.0
6b7d9c70-3898-5377-9d44-9deadb39f4ec,,,dabaeda3-b916-5b65-a1d5-7661cb760950,1 sandwich,GRAM,200.0
c04881d6-cca8-54f7-9d7c-9e40b70686bd,,,926c788d-e7e0-5314-abcc-507be3e16a96,100g phần,GRAM,100.0
3418bc05-3563-5279-9f90-7f6130e9acf0,,,926c788d-e7e0-5314-abcc-507be3e16a96,1 breast,GRAM,200.0
cedfe2b2-c81a-52a4-bd4e-74d87717f289,,,947b9135-73a5-5a5b-9d24-322be2d48336,100g phần,GRAM,100.0
ac13656e-4b1e-54f2-b066-f79c7c9dfb89,,,947b9135-73a5-5a5b-9d24-322be2d48336,1 plate,GRAM,250.0
7cc7c782-9c8a-5fb7-a317-d40805bd6c98,,,7db2edb4-168c-5e99-bdd4-52122bce8e46,100g phần,GRAM,100.0
f6fe02ad-e8de-5fe8-8dfd-8f722011690f,,,7db2edb4-168c-5e99-bdd4-52122bce8e46,1 sandwich,GRAM,240.0
577b605c-0646-55a5-ac1e-92bc005f7c44,,,a38783f9-88e3-5dc6-a460-6a60577179f4,100g phần,GRAM,100.0
54ee12e5-2355-5164-9030-cae1574b0468,,,a38783f9-88e3-5dc6-a460-6a60577179f4,1 plate,GRAM,540.0
2f0fbf1a-07f1-5c7b-b964-fea6cd9084dc,,,376ce91b-3247-5760-b8ce-e8d839900d46,100g phần,GRAM,100.0
e45f0a31-8e73-5ddc-9bc9-eedd382b9302,,,376ce91b-3247-5760-b8ce-e8d839900d46,1 cup,GRAM,152.0
671d69c5-9645-552b-a071-1d1c88303585,,,51f3f471-18ae-5671-8647-f9aa648d205b,100g phần,GRAM,100.0
06314307-77a6-5565-848b-a146de90e784,,,51f3f471-18ae-5671-8647-f9aa648d205b,1 wrap,GRAM,250.0
417e5a65-787d-5021-aa2e-ea306efe5830,,,836033df-4b2a-5f8c-b7c6-5ddef6571192,100g phần,GRAM,100.0
050d5838-468a-51d5-a300-844b2af3157f,,,836033df-4b2a-5f8c-b7c6-5ddef6571192,6 piece,GRAM,200.0
6a0f68e9-42fa-510d-83dc-3da8ab98ff60,,,9892f755-2a2b-57f7-80af-6dd1e226f678,100g phần,GRAM,100.0
67574335-72ce-57dc-97bb-ae03f08289b8,,,9892f755-2a2b-57f7-80af-6dd1e226f678,1 plate,GRAM,350.0
5382f980-6c24-5df8-bfc5-a0c0c8335c49,,,52c6c8dd-7184-5414-be55-cc3dad207e7c,100g phần,GRAM,100.0
d9f57f9a-ddc9-5fba-8f38-2a86c24aef7a,,,52c6c8dd-7184-5414-be55-cc3dad207e7c,1 plate,GRAM,240.0
5da5ffb4-c194-598c-9455-89d22732e468,,,7dd3e426-4605-5613-a39c-63f21285872a,100g phần,GRAM,100.0
ab656835-1d16-58d1-a3b2-7e1a454265be,,,7dd3e426-4605-5613-a39c-63f21285872a,1 sandwich,GRAM,220.0
f13b1c83-e54c-5062-9365-b59af06e0a39,,,afb97e9d-b92b-581d-bcb7-11250aad3355,100g phần,GRAM,100.0
0fc23456-8a1c-5436-a65a-56fd90cdd8a4,,,afb97e9d-b92b-581d-bcb7-11250aad3355,1 sandwich,GRAM,240.0
cf75306c-6350-5eae-87d4-0340602551ca,,,38076646-f2db-51d5-b2c8-d8f05466be83,100g phần,GRAM,100.0
a6a93b86-8ea5-58bc-bf24-928b4bf6e43a,,,38076646-f2db-51d5-b2c8-d8f05466be83,12.3 oz,GRAM,350.0
8f5da90a-ecf4-53e4-b936-ebc3f752e40a,,,28bc976f-d3be-52cf-84b3-37cd5d00a9f8,100g phần,GRAM,100.0
e6411c43-e6d3-5a0e-8f23-ba0a8002e946,,,28bc976f-d3be-52cf-84b3-37cd5d00a9f8,1 plate,GRAM,320.0
c6205b04-f9d6-5f2a-a88a-bc8c9d3028d4,,,3a9ebb71-10c2-5605-bec7-52d2171efda1,100g phần,GRAM,100.0
1b536d0c-4525-56b1-b8dc-2b00e0d6e6bc,,,3a9ebb71-10c2-5605-bec7-52d2171efda1,1 cup,GRAM,198.0
73734ff8-7f20-50e3-8830-8bf738d8a006,,,d0a27f54-d535-5946-a58c-a80c8508b755,100g phần,GRAM,100.0
019e627a-e64e-5c2e-990e-5386bd2073a4,,,d0a27f54-d535-5946-a58c-a80c8508b755,4 oz,GRAM,112.0
6b628f4d-0680-554b-afcd-fb718e20b692,,,eb89e719-702f-5d83-befd-cb3d9c68f9de,100g phần,GRAM,100.0
30af25c7-5a9a-5794-9c41-1607275cb530,,,eb89e719-702f-5d83-befd-cb3d9c68f9de,2 samboosa,GRAM,64.0
dadef6f4-882f-5209-9044-6efe0646fe59,,,bfe1cdca-0b71-50fc-b6d7-b534307cf619,100g phần,GRAM,100.0
6fd8472b-f26c-55ce-b8bf-9fa820ea8117,,,bfe1cdca-0b71-50fc-b6d7-b534307cf619,1 plate,GRAM,350.0
e02427a6-f40e-5e87-8bb8-5a810b86551f,,,5644eda3-f0e5-5f38-b441-d4a6e6374589,100g phần,GRAM,100.0
db29886e-5715-55c6-9909-ac8dcc431b03,,,5644eda3-f0e5-5f38-b441-d4a6e6374589,1 plate,GRAM,250.0
8fc6911a-0880-5aef-9b25-bf4c82b0a0ac,,,c05d9c7b-0a92-58b7-a1bd-c34a3705f622,100g phần,GRAM,100.0
1204f523-fadb-57e8-9925-73018405d8e8,,,c05d9c7b-0a92-58b7-a1bd-c34a3705f622,10 piece,GRAM,150.0
7c7b8a56-955d-547e-ad9b-a2d0e468963b,,,768c4826-fec4-5f58-b0cb-1245b973ce60,100g phần,GRAM,100.0
8470e170-049e-5ef9-a1e9-e98f73bb4591,,,768c4826-fec4-5f58-b0cb-1245b973ce60,1 bowl,GRAM,350.0
325ea31e-94ac-588f-a024-febc36b6247c,,,a3f60287-8b9c-5547-b789-e6fca9470f03,100g phần,GRAM,100.0
16c2ccc3-6d17-5365-9bc8-8cf63ab2986e,,,a3f60287-8b9c-5547-b789-e6fca9470f03,1 sandwich,GRAM,415.0
1d283260-9f51-5d83-a7c7-56b516c85de9,,,25c55e3b-0f1b-5414-8654-cf00bcf54ea6,100g phần,GRAM,100.0
a2453e41-adf9-5e3e-8ee5-9e18a3e8f107,,,25c55e3b-0f1b-5414-8654-cf00bcf54ea6,4 oz,GRAM,113.4
6ce55625-ff2e-5b5e-a855-4dfe6d91faf0,,,935ae592-2cde-5e68-b709-8d0f4af1871d,100g phần,GRAM,100.0
6eb9dd6b-5945-57a8-8cef-18f42b3cea14,,,935ae592-2cde-5e68-b709-8d0f4af1871d,6 oz,GRAM,170.0
fd20bbe6-aaef-5b8e-8c10-c4e75cbf2564,,,8850b66b-4062-5ef1-8cff-357435416a21,100g phần,GRAM,100.0
5179b42f-1c36-5ef8-809f-293de1b94094,,,8850b66b-4062-5ef1-8cff-357435416a21,1 sandwich,GRAM,210.0
846751c4-276e-578d-a51a-bae22d4feb3f,,,d3feed0c-d34c-5266-a8b3-928a11fbeed3,100g phần,GRAM,100.0
8d358801-c3c5-505d-8d02-5e59bb4192a4,,,d3feed0c-d34c-5266-a8b3-928a11fbeed3,1 plate,GRAM,400.0
a21cbd46-2caa-592a-8c28-8883838fdf3d,,,0d92714a-fda4-503e-9965-9dcfefd188cc,100g phần,GRAM,100.0
7b03b2c3-0cad-5e67-917a-e1270151e544,,,0d92714a-fda4-503e-9965-9dcfefd188cc,2 chop,GRAM,138.0
b3e10343-00fc-5b63-b6bb-fc9c14452d05,,,907396bd-086e-543d-8bef-66dfd18b1c1c,100g phần,GRAM,100.0
498bfbe2-ccea-552d-aefa-aed8cf3ba007,,,907396bd-086e-543d-8bef-66dfd18b1c1c,1 cup,GRAM,235.0
70892642-a76b-523a-9930-9d974fd75a59,,,8bd7a80f-1222-5138-9287-6ebc24abf9e0,100g phần,GRAM,100.0
098f7155-18ef-5c4e-8ced-c9b625fba248,,,8bd7a80f-1222-5138-9287-6ebc24abf9e0,1 plate,GRAM,450.0
42bb15a4-902c-5d87-988d-06fc2d375dda,,,d6403499-56db-5997-ab54-6582a750d0d8,100g phần,GRAM,100.0
30729e59-343d-5c54-a238-3a28674c707d,,,d6403499-56db-5997-ab54-6582a750d0d8,1 sandwich,GRAM,605.0
cec519aa-b745-50e4-8a39-acabd4992f46,,,a22de291-0d77-5810-87f3-aa8961019203,100g phần,GRAM,100.0
6cb0fe16-b647-59c8-b094-e19d7b22faed,,,a22de291-0d77-5810-87f3-aa8961019203,1 chimichanga,GRAM,450.0
508d0773-6968-5462-b704-42ef9b291f6a,,,c02f5916-2128-5f4b-ac06-bbb294c6df60,100g phần,GRAM,100.0
6f534d85-4ed6-5f88-9c5f-a8c7aac2d5e9,,,c02f5916-2128-5f4b-ac06-bbb294c6df60,1 sandwich,GRAM,375.0
cc87dbec-cef1-5f2c-b214-3a655106be40,,,8a9c7e0f-e7ff-5146-8474-a5da822542d5,100g phần,GRAM,100.0
de849411-c04a-5ed4-8f0e-75e6c6f5a51f,,,8a9c7e0f-e7ff-5146-8474-a5da822542d5,4 link,GRAM,83.0
03cead15-1ee5-5e3b-a22e-80208ef2f52c,,,07c057ef-62dd-583c-b75f-7e9b2ffa2a11,100g phần,GRAM,100.0
4c37da28-0d6a-58c6-aff4-6a61822deaba,,,07c057ef-62dd-583c-b75f-7e9b2ffa2a11,2 slice,GRAM,28.0
54fc3a53-c896-5ccd-8d19-2dc25bd70129,,,b4082974-8fc8-5af5-a89d-abe9166adc45,100g phần,GRAM,100.0
7d48abb4-0752-5689-95ec-f2e2252e3c4b,,,b4082974-8fc8-5af5-a89d-abe9166adc45,1 plate,GRAM,350.0
a7c7409e-1fbf-5add-9020-000cc2806a67,,,c17e392b-1cc0-5709-a994-e61da711944a,100g phần,GRAM,100.0
85e5b44c-e7a4-5891-a91c-7efcc3098f2d,,,c17e392b-1cc0-5709-a994-e61da711944a,3 tender,GRAM,150.0
96919268-4b44-5088-9095-2614c96cb879,,,876a55c3-5889-53cf-8d59-2e9402a49006,100g phần,GRAM,100.0
f9eefd15-a113-5971-b2b5-04ecd1b61096,,,876a55c3-5889-53cf-8d59-2e9402a49006,1 plate,GRAM,400.0
b2a547b8-34c8-5dce-8cc2-871bb5d0f835,,,0ab11578-479f-5255-9952-8b8c83c3b11e,100g phần,GRAM,100.0
042e521d-619a-5b06-8917-ed2f8c44d066,,,0ab11578-479f-5255-9952-8b8c83c3b11e,1 sandwich,GRAM,375.0
c58ccd81-4113-5af2-86b3-ef8891375dd4,,,271e9274-d2d6-5d92-b60e-617298ba8521,100g phần,GRAM,100.0
90905326-9f27-5fee-8b18-3eebc4c7b1b1,,,271e9274-d2d6-5d92-b60e-617298ba8521,1 plate,GRAM,300.0
2c9215a4-7130-52e9-91e2-1f44f69d1f7f,,,5fdcbc5a-dc13-57a6-977b-9194336d6eb3,100g phần,GRAM,100.0
b53386ec-16c9-587a-8b8e-aa5f30b64d29,,,5fdcbc5a-dc13-57a6-977b-9194336d6eb3,1 tray,GRAM,300.0
f66188f4-6148-5995-ab81-fe4760f28c9d,,,f31c8b2e-3bc2-5afb-8e57-74ff92e2fccf,100g phần,GRAM,100.0
9d50ea57-0f39-56bd-9982-50851c76dde6,,,f31c8b2e-3bc2-5afb-8e57-74ff92e2fccf,1 wrap,GRAM,220.0
7be4564b-f9cd-5158-83ea-62efe8562312,,,46ffa0de-e6f1-5368-8d69-b92034e9d261,100g phần,GRAM,100.0
c929343e-d218-5b26-b7c9-c8d6a3f6e9b6,,,46ffa0de-e6f1-5368-8d69-b92034e9d261,1 plate,GRAM,500.0
a1092bc6-906f-55eb-b36b-2076c2319119,,,c8522cad-af83-599b-b4b8-9cd50f74d55d,100g phần,GRAM,100.0
d3ffc51f-7622-5198-8257-adf22c8510e1,,,c8522cad-af83-599b-b4b8-9cd50f74d55d,6 wing,GRAM,140.0
d633503c-7089-5a56-8a16-338c442d56e6,,,9c646968-bba6-57f5-ad8b-f3ce7c90227d,100g phần,GRAM,100.0
b46188fc-f44f-5d8e-b3a2-2d2d618cbe3f,,,9c646968-bba6-57f5-ad8b-f3ce7c90227d,1 sandwich,GRAM,340.0
c5baacec-871f-50fe-8163-92e0b563f057,,,c9904ec2-adfd-5cfb-89d1-cac0e7fb8bee,100g phần,GRAM,100.0
5b0ef1a9-3bf6-5f24-a92a-f3663511a201,,,c9904ec2-adfd-5cfb-89d1-cac0e7fb8bee,1 plate,GRAM,267.0
15bc0080-efee-55c2-a659-be2b63474257,,,d1533d34-6c03-57ad-8dc5-b9c7a5967c7c,100g phần,GRAM,100.0
7365ecec-0d07-5c91-9fb2-398f4a9deb1d,,,d1533d34-6c03-57ad-8dc5-b9c7a5967c7c,1 plate,GRAM,200.0
fc31cdab-23a9-533e-98ad-cc7f99b21dd6,,,df5ddf74-84ef-50a2-b86c-d7eb1b9feea3,100g phần,GRAM,100.0
98153939-595e-5dae-b00b-54a1e9f4224f,,,df5ddf74-84ef-50a2-b86c-d7eb1b9feea3,1 plate,GRAM,500.0
1112ac51-0330-5384-acb2-94c7da0c6bfc,,,06c5026c-a849-5fc3-bcc0-0aab49e90fcd,100g phần,GRAM,100.0
06dd492d-289d-5bf3-91d5-8cb006acc7ac,,,06c5026c-a849-5fc3-bcc0-0aab49e90fcd,1 sandwich,GRAM,300.0
9949b5d6-40a8-57ab-8e61-eeac6483c29f,,,bc4c905d-c87c-5001-94ca-d0a58b309e63,100g phần,GRAM,100.0
8a9b685b-ac19-5a99-b3a2-67253a191ec9,,,bc4c905d-c87c-5001-94ca-d0a58b309e63,1 platter,GRAM,400.0
9d1a7dbf-8800-5de6-a100-f1a872de0514,,,7145332c-7487-5fdf-aa54-bd80987028cd,100g phần,GRAM,100.0
5390deda-1279-5d9a-8dd9-5243acb0040f,,,7145332c-7487-5fdf-aa54-bd80987028cd,1 plate,GRAM,150.0
71ed96c9-7045-59ff-98dd-a7e68537244c,,,86de3e6d-4135-593b-bc44-f49a82f3aa19,100g phần,GRAM,100.0
8eba58ea-8acc-5e18-a57a-dec6d4bc339a,,,86de3e6d-4135-593b-bc44-f49a82f3aa19,1 bowl,GRAM,500.0
43d4b41b-cc9c-5c88-8ca8-fe5d8f3a2a38,,,392fe01b-a510-575c-b0e3-325ab2d345ea,100g phần,GRAM,100.0
3297c953-81ca-54fa-92b6-7e80f3a00271,,,392fe01b-a510-575c-b0e3-325ab2d345ea,1 plate,GRAM,500.0
c9cfcf5c-c89f-5ca8-882d-6459e676b62d,,,a7f01740-2584-5bc1-8a89-719ebfd74c5c,100g phần,GRAM,100.0
5f2621fa-db7e-5591-9692-96302c79d361,,,a7f01740-2584-5bc1-8a89-719ebfd74c5c,1 wrap,GRAM,100.0
4f45fc9c-a544-58e2-9df2-53445fc68985,,,7be6b241-54af-5231-ab09-516d6604e04f,100g phần,GRAM,100.0
e9e077cc-de75-5660-9230-36a2a000b72d,,,7be6b241-54af-5231-ab09-516d6604e04f,1 piece,GRAM,200.0
7e040be8-36b7-5291-84bd-1b4633f8a43a,,,2239eacc-4eb4-5ce9-b306-4724b0bbdd9a,100g phần,GRAM,100.0
5f3b0cc5-e59b-5164-a57e-297aa8985553,,,2239eacc-4eb4-5ce9-b306-4724b0bbdd9a,1 cup,GRAM,240.0
7bf82bb6-3659-564b-8386-7048b5666ec9,,,994a5d47-40ef-5a1a-911d-35ae50fa56a8,100g phần,GRAM,100.0
391ae7b9-a1ad-513d-82f6-f761aa9fbc11,,,994a5d47-40ef-5a1a-911d-35ae50fa56a8,1 sandwich,GRAM,250.0
baf421b4-6092-526d-a326-4ff7df20daf6,,,59f7aa27-7d40-58da-b552-6c55f79b5cb7,100g phần,GRAM,100.0
a0d66bfd-edcc-5212-9d75-4ec0c2c8bda9,,,59f7aa27-7d40-58da-b552-6c55f79b5cb7,1 sandwich,GRAM,200.0
b7371a37-45ec-529c-acc2-1da4cbcc0446,,,ff098975-98fc-5886-86d6-c63e2ce1f625,100g phần,GRAM,100.0
0bf29b0a-04f9-5324-b80b-d691e27f6629,,,ff098975-98fc-5886-86d6-c63e2ce1f625,1 sandwich,GRAM,605.0
e8b0ccae-18b2-5c38-94e8-2784ce6a21ea,,,e5923b3d-3af0-57fc-aeb8-52ee6f8943f2,100g phần,GRAM,100.0
d6090337-38b4-5585-8342-4a9ef941a260,,,e5923b3d-3af0-57fc-aeb8-52ee6f8943f2,1 plate,GRAM,600.0
b80d82a1-a589-5be7-a363-4d4800a70f16,,,1bf60697-75cd-55d0-9a38-9eea7ce252e7,100g phần,GRAM,100.0
f53bb41a-48e4-56db-9842-875f4addd83e,,,1bf60697-75cd-55d0-9a38-9eea7ce252e7,3 chop,GRAM,190.0
42def396-f462-58b0-bcef-9ef52fa2c789,,,a4956ec8-2afc-5966-b40e-a8693de5b725,100g phần,GRAM,100.0
208b95d7-d314-5ec4-8cfd-133c41e31aae,,,a4956ec8-2afc-5966-b40e-a8693de5b725,8 wing,GRAM,300.0
93355190-dd72-5063-9644-7a1d86a0275d,,,a2ce5662-d84a-521a-bc94-161a9f9c0bf1,100g phần,GRAM,100.0
3e6be23c-aa6d-57d3-b6f6-cbde2fe0b4dc,,,a2ce5662-d84a-521a-bc94-161a9f9c0bf1,1 wrap,GRAM,300.0
90d29cb0-d833-5556-85c2-3b236f722ebd,,,733c5a54-3425-581a-a5ff-d3905e383d74,100g phần,GRAM,100.0
0016d52e-cd75-5c39-a55d-a1d43dee42c0,,,733c5a54-3425-581a-a5ff-d3905e383d74,4 oz,GRAM,113.0
aaa6931c-3df7-5ecf-b381-b0c1281a5752,,,10635860-c5a2-56f7-a074-b5d1207b44eb,100g phần,GRAM,100.0
c4e01066-a0fd-56ea-9cbc-55ae42f52e0f,,,10635860-c5a2-56f7-a074-b5d1207b44eb,1 sausage,GRAM,88.0
594f0f2d-4064-53e7-94ee-dd5209875c96,,,0f5b5b25-169a-532c-94bf-96edb9f9894b,100g phần,GRAM,100.0
898d103b-a466-5335-8516-06b706c55467,,,0f5b5b25-169a-532c-94bf-96edb9f9894b,6 wing,GRAM,150.0
5109d62e-fc21-5cc9-b61d-de7822ffeaed,,,6beb30ca-2649-5bf0-9a37-22e67b35969e,100g phần,GRAM,100.0
b3305ac1-115b-5a82-b7d2-f34fb14256fe,,,6beb30ca-2649-5bf0-9a37-22e67b35969e,5 oz,GRAM,140.0
601666e9-8ed1-58f4-99c4-aa144ba7ca81,,,2c6eef8b-185a-55e7-9243-0753fadc7bc1,100g phần,GRAM,100.0
59e48b52-1afc-5d3e-9933-68ac19296ed9,,,2c6eef8b-185a-55e7-9243-0753fadc7bc1,2 rib,GRAM,140.0
b198ed11-0ac2-5bee-9fca-6a506c24edc5,,,00780429-8be5-569f-af67-89b7ac75b3bc,100g phần,GRAM,100.0
74834c27-5b7d-5611-bfae-b956413a7e05,,,00780429-8be5-569f-af67-89b7ac75b3bc,1 bowl,GRAM,200.0
f5fb1e93-dd51-5fb4-affe-f639e3645b9a,,,0a8c3517-4d5b-5f21-86b8-9ac24828442c,100g phần,GRAM,100.0
ecc8ccd7-6ee5-50fc-bb53-41d9be61fd4c,,,0a8c3517-4d5b-5f21-86b8-9ac24828442c,1 plate,GRAM,633.0
77faf008-02d7-5082-a160-5ceeb736c2ca,,,99ed1693-3c38-5094-ad4c-677fe325658d,100g phần,GRAM,100.0
8ce994a6-896e-5b05-8b40-283a2b770915,,,99ed1693-3c38-5094-ad4c-677fe325658d,1 slice,GRAM,100.0
783c317d-8cb3-537b-925a-36e4e20573e5,,,97feaede-1cd2-5436-8728-e56c63e50067,100g phần,GRAM,100.0
53209f97-b911-575c-95ad-8b55eda40638,,,97feaede-1cd2-5436-8728-e56c63e50067,1 plate,GRAM,400.0
0856193f-0549-5a7a-9dd4-7c181f886dd4,,,31081424-1038-5e2c-a643-1ebdd4b0d16d,100g phần,GRAM,100.0
c71fb2a5-5b68-5e45-ac49-343ac12bff02,,,31081424-1038-5e2c-a643-1ebdd4b0d16d,1 sandwich,GRAM,200.0
e3414b12-2866-5e9a-b34a-806d2bec82ed,,,cd6a8073-5d38-5e33-afe4-bc9b7a11113b,100g phần,GRAM,100.0
9a21f54d-f1b2-519e-b009-321ece5ce8e2,,,cd6a8073-5d38-5e33-afe4-bc9b7a11113b,2 oz,GRAM,57.0
b545274c-786d-574d-8478-b701274bbbfb,,,a1666fa0-5385-5d55-8e7c-aa0fbc689202,100g phần,GRAM,100.0
fd5b9f3b-8aa8-5f8d-b50c-80e298b8a745,,,a1666fa0-5385-5d55-8e7c-aa0fbc689202,1 cup,GRAM,238.0
19b795da-3834-53ce-99bf-94ce697d5a28,,,789130a1-b5ad-55d1-abb6-6df3b85f4592,100g phần,GRAM,100.0
2cf3087a-25cc-5596-a8ef-d7eb9ab4097a,,,789130a1-b5ad-55d1-abb6-6df3b85f4592,1 slice,GRAM,227.0
a1b13144-eb21-5a08-8b19-3b10c5dda5a4,,,0d61dbd6-de6a-569f-9543-0b24a7e5edf0,100g phần,GRAM,100.0
d9f0b49b-0df1-5c0f-824f-b0f5a6abe962,,,0d61dbd6-de6a-569f-9543-0b24a7e5edf0,1 plate,GRAM,270.0
27115769-2a0b-597f-b435-909185e2f37d,,,71a521b5-bc3d-50ed-8556-bed0b2c9daff,100g phần,GRAM,100.0
962fc430-a0f3-5c8b-a40f-4a8aa2a55f0c,,,71a521b5-bc3d-50ed-8556-bed0b2c9daff,3 oz,GRAM,85.0
d1a1d91f-5fed-583f-a75a-466348945741,,,969c438e-ace4-54fb-98e8-5f00c5623f60,100g phần,GRAM,100.0
40b9df1f-1030-5a2f-ab55-9ae5f27792c0,,,969c438e-ace4-54fb-98e8-5f00c5623f60,1 cup,GRAM,237.0
2d0aa069-dcee-5a85-a4a5-23aee6ffd016,,,e2256551-9848-519a-b9a1-f99c64ae48b0,100g phần,GRAM,100.0
4c711e7e-a35e-5cec-abcc-52fed4b051ee,,,e2256551-9848-519a-b9a1-f99c64ae48b0,1 plate,GRAM,150.0
d3f3b537-0796-52be-8ac8-03ce651a8728,,,93d3b2d3-12f5-5716-b818-a5b51f77634c,100g phần,GRAM,100.0
b5000a47-9a4b-5a45-b0bb-15db35765c0c,,,93d3b2d3-12f5-5716-b818-a5b51f77634c,1 plate,GRAM,300.0
0d2f0ac8-f98a-5051-a343-701296eb2be5,,,de5d31e7-5a36-5aec-8aa4-1c9c23256385,100g phần,GRAM,100.0
c690d034-dd5f-505f-b53f-687d756c3a06,,,de5d31e7-5a36-5aec-8aa4-1c9c23256385,1 piece,GRAM,150.0
9b53c59d-d715-5406-b6fa-c89ad094cf19,,,c5b2e173-c70f-50af-86d3-16b971a18b68,100g phần,GRAM,100.0
40ad4cbe-61c7-5948-8b71-8005c6fe4241,,,c5b2e173-c70f-50af-86d3-16b971a18b68,1 sandwich,GRAM,250.0
6c4ab7c7-77eb-552b-85ae-65cadec8b17a,,,9559751f-3fcb-5b59-a87a-aa973c34d618,100g phần,GRAM,100.0
9fbc5a74-7b2f-5d17-b317-30661a9387f1,,,9559751f-3fcb-5b59-a87a-aa973c34d618,1 plate,GRAM,400.0
75353403-5b3c-5c48-bcb9-134794aad0c2,,,8a371cf3-4fe1-5992-89a6-8bd8b8dc1233,100g phần,GRAM,100.0
b74a25f4-323a-55b4-9e69-c18905d615ef,,,8a371cf3-4fe1-5992-89a6-8bd8b8dc1233,1 sandwich,GRAM,100.0
27e60e53-5cd3-5078-831e-d98af30a4bbe,,,f070133f-f0c9-5b90-9127-650cd5a40ba4,100g phần,GRAM,100.0
5c23d592-5a4e-51fc-91bb-9925d2838ef1,,,f070133f-f0c9-5b90-9127-650cd5a40ba4,1 sandwich,GRAM,217.0
d4b98341-14b1-51d3-b273-591b33b380ce,,,5c40eb53-82cf-57d5-9de6-95cd5d1688aa,100g phần,GRAM,100.0
c9cedc91-a58f-5282-9151-ecf4796dbb40,,,5c40eb53-82cf-57d5-9de6-95cd5d1688aa,1 plate,GRAM,350.0
a3c04b70-8583-57e0-ab22-718461b60019,,,0f4a9252-3d2f-5e5e-b159-9bc0bf7e34a9,100g phần,GRAM,100.0
c1e4d50c-4f27-5b5a-8ac0-bd11f3447044,,,0f4a9252-3d2f-5e5e-b159-9bc0bf7e34a9,1 kebab,GRAM,235.0
adc604ee-080a-57dd-a41c-c21030cfce11,,,c14e1527-3d88-5a89-ae3f-2918bdb1fb9f,100g phần,GRAM,100.0
f3b497d9-8311-55aa-bfd6-8acff74de76c,,,c14e1527-3d88-5a89-ae3f-2918bdb1fb9f,1 plate,GRAM,400.0
a1a71156-3f9f-508a-92b7-fd3cf8a9d815,,,a1832e19-344d-52f4-b83f-91fc8ea303dc,100g phần,GRAM,100.0
385c4f6e-b8a4-5a50-ae2e-5cd0d35b11ec,,,a1832e19-344d-52f4-b83f-91fc8ea303dc,1 plate,GRAM,350.0
cceeb02e-6cd7-52c5-8c3b-26119711c604,,,1a244056-e874-51fd-830e-778a770fbfc5,100g phần,GRAM,100.0
d4367c2a-d5e4-5346-9118-20ccdb72db56,,,1a244056-e874-51fd-830e-778a770fbfc5,1 sandwich,GRAM,250.0
67651f22-1b34-5767-9350-c97697af5c4a,,,22878d64-6d27-5f34-98df-a4f5bc0542b6,100g phần,GRAM,100.0
63761f08-f60f-54e3-afa2-8a5d5cfd59ae,,,22878d64-6d27-5f34-98df-a4f5bc0542b6,8 oz,GRAM,227.0
10a4c368-fc8d-5520-865e-3eb296519dd7,,,ea24cce9-105c-5ff5-9c1c-015b8ac554b5,100g phần,GRAM,100.0
4d57f38b-2188-5f68-85a0-61b2e8d1cb49,,,ea24cce9-105c-5ff5-9c1c-015b8ac554b5,1 plate,GRAM,350.0
76d6a8a1-b184-539e-a1cd-f008b526bc26,,,26b50f97-d387-5a2b-8b66-445dd455c89b,100g phần,GRAM,100.0
88e63e09-908b-5b30-8e13-ba159bc667da,,,26b50f97-d387-5a2b-8b66-445dd455c89b,1.5 cup,GRAM,250.0
de20890d-3a4d-5525-b41f-f164da09b2c4,,,37229269-dea8-5bbd-95b0-d9b7fb992850,100g phần,GRAM,100.0
8cd16e31-d870-59ed-9b09-1b673f7382a6,,,37229269-dea8-5bbd-95b0-d9b7fb992850,24 oz,GRAM,680.0
228e3942-6bfe-538c-93d7-acb261ecf9bf,,,4de90cd8-2d4d-564e-8a32-ad8eb9ab1edb,100g phần,GRAM,100.0
d04722ab-b7eb-5d1a-bdf1-333c6523618e,,,4de90cd8-2d4d-564e-8a32-ad8eb9ab1edb,1 wrap,GRAM,250.0
9f9849e8-8bfc-5f37-977b-34174b1d6ac6,,,789318eb-bf36-5b5a-8e3d-23102d74483f,100g phần,GRAM,100.0
221ef5f3-d5c7-5dc4-9ad8-91d4bb94efeb,,,789318eb-bf36-5b5a-8e3d-23102d74483f,1 plate,GRAM,300.0
6ca6e2b9-3feb-5416-92bc-c7e06f517f67,,,99e71126-5448-548e-b4f0-98dfcc420b47,100g phần,GRAM,100.0
1145ce70-b58c-5712-82e4-d4c13320fa5f,,,99e71126-5448-548e-b4f0-98dfcc420b47,1 cup,GRAM,236.0
fc975bd7-0e4b-5f5e-8567-415e26784eb4,,,86555d3d-4479-57b1-b0ff-4d0af229af94,100g phần,GRAM,100.0
1684aaab-ca07-5624-92cf-318004dbd9cc,,,86555d3d-4479-57b1-b0ff-4d0af229af94,1 sandwich,GRAM,240.0
a7899b11-c48a-5b4f-b056-3c94c1630b9b,,,93f007b9-3bcb-5049-9e55-9087acc4400f,100g phần,GRAM,100.0
0b27c868-2bbe-55d2-ba5c-63f3148f029f,,,93f007b9-3bcb-5049-9e55-9087acc4400f,1 plate,GRAM,400.0
f236ad71-d62b-51dd-95fd-f46d96409c2c,,,fef49cbc-dc88-59dd-a345-52ef4b50d9f1,100g phần,GRAM,100.0
f54b86c5-1d5a-520a-b0cd-4918b4a68a46,,,fef49cbc-dc88-59dd-a345-52ef4b50d9f1,1 slice,GRAM,116.0
1923e350-2cb5-59ff-a923-a3434f5d536a,,,c4893a35-bf00-5fdf-bdb6-33ca863b6e33,100g phần,GRAM,100.0
49a28b45-f744-5168-8e6b-d18ce3403581,,,c4893a35-bf00-5fdf-bdb6-33ca863b6e33,1 sub,GRAM,135.0
1ebed082-2e0f-55c4-9d7a-5d947af2b609,,,0cd2e515-04bc-54d8-a973-d569a78926f4,100g phần,GRAM,100.0
2f45262f-32ea-51eb-8ab5-70e772f59d43,,,0cd2e515-04bc-54d8-a973-d569a78926f4,1 plate,GRAM,300.0
ab868b61-1aa1-5e7b-a458-961ed4a15c77,,,8e268a7c-0285-5492-9125-26fa7520a42c,100g phần,GRAM,100.0
ba8f3cf8-3512-5436-acee-e4d3364f60c5,,,8e268a7c-0285-5492-9125-26fa7520a42c,1 plate,GRAM,350.0
cd33b9eb-8c5a-5543-9b4d-b8eecd7bbf04,,,f70cae54-2df3-57a8-bb06-4c1cadbdee09,100g phần,GRAM,100.0
bceaec1c-811f-5f0b-a611-a46b570ea99f,,,f70cae54-2df3-57a8-bb06-4c1cadbdee09,1 wrap,GRAM,235.0
19f19952-a49c-57d3-874a-5b29daf96c48,,,621377c9-9ce9-5383-b326-ce0a070bd4e0,100g phần,GRAM,100.0
db396af1-39cb-55ca-9f03-ac68104ef08c,,,621377c9-9ce9-5383-b326-ce0a070bd4e0,3 oz,GRAM,113.0
a4c78516-fd8a-5bb4-afd1-49ec99b4d643,,,7c58c51b-b6ed-52ba-b34e-2685ff80d8e9,100g phần,GRAM,100.0
84a6b163-418d-5fd6-8ad2-fdac8149a112,,,7c58c51b-b6ed-52ba-b34e-2685ff80d8e9,1 plate,GRAM,300.0
7497e371-f033-5a54-86df-60bab5c1019a,,,1a1fb859-c035-5869-83f4-aa4ab7700c41,100g phần,GRAM,100.0
f514e1b0-1cd1-5aa6-ae8d-9a06ab03d651,,,1a1fb859-c035-5869-83f4-aa4ab7700c41,1 piece,GRAM,150.0
6ecda8c1-f53d-5aac-bd9a-3c5c98f93125,,,a235e2d6-c0b4-5e79-a312-cc5f1c24fc95,100g phần,GRAM,100.0
c8803f37-5377-5161-a09f-6ec1f49d8528,,,a235e2d6-c0b4-5e79-a312-cc5f1c24fc95,6 oz,GRAM,170.0
0a0f13ee-cf4a-5d01-b1b2-da815198d5f6,,,76abeae9-d432-50da-b7c2-2a23304db8a3,100g phần,GRAM,100.0
a8781e9d-b90b-5564-8ffb-409d145d5b4d,,,76abeae9-d432-50da-b7c2-2a23304db8a3,1 plate,GRAM,537.0
7c6144ab-0a09-531f-8712-93ab5310c626,,,aa63eb05-efaa-5eef-b370-58324a7b58a5,100g phần,GRAM,100.0
e16c5e0b-8a88-5ff9-9a9f-21568d3d35c4,,,aa63eb05-efaa-5eef-b370-58324a7b58a5,1 sope,GRAM,128.0
bad98e21-db1c-5c18-8f09-9d9b241e1071,,,57864ff8-e8de-5b38-ae1d-b185dd026d2c,100g phần,GRAM,100.0
3cd1d2f3-0ec2-508e-8880-895fe2c26195,,,57864ff8-e8de-5b38-ae1d-b185dd026d2c,2 taco,GRAM,500.0
0a1ce130-c528-5500-abb1-59ba4619c0b2,,,b6b72358-b5eb-5830-96fc-cfacb2b87780,100g phần,GRAM,100.0
5f883b59-0b33-5a7a-9f11-c213e2cc5e2f,,,b6b72358-b5eb-5830-96fc-cfacb2b87780,1 plate,GRAM,350.0
1382a4b1-99b4-585e-bf60-9e4590f3dd03,,,ce50e642-1d77-5e56-82d7-8d8a4079e82c,100g phần,GRAM,100.0
b9a5d114-c002-5bf0-9113-4bff82225852,,,ce50e642-1d77-5e56-82d7-8d8a4079e82c,6 oz,GRAM,170.0
19dc4683-6faa-5065-b5b7-e963b887ee63,,,a31ad651-2362-56b0-a1e2-4afdcef0c993,100g phần,GRAM,100.0
d5632dc0-b4e7-5fdc-a729-f3dc195598e4,,,a31ad651-2362-56b0-a1e2-4afdcef0c993,4 skewer,GRAM,200.0
937fa6c6-df2f-5474-adae-7b0d529a1c92,,,efd3c663-8352-5388-b6fe-db4df3a3fc8a,100g phần,GRAM,100.0
8af3411f-cb17-531b-b78f-417dae8be4e6,,,efd3c663-8352-5388-b6fe-db4df3a3fc8a,4 oz,GRAM,113.0
03655ba4-4e62-567a-b0a2-4cf809564930,,,0d4b09d3-507f-59bb-b63e-057181b015ef,100g phần,GRAM,100.0
aa2ec4c8-c747-5665-b0ce-5f3953c33589,,,0d4b09d3-507f-59bb-b63e-057181b015ef,1 calzone,GRAM,240.0
95c51c39-4970-5779-94c0-7fb81eee442b,,,070fe4b2-fca0-57d8-88be-2890aa3e407b,100g phần,GRAM,100.0
218c16d5-7d6c-540f-bae2-5e585b2f1d30,,,070fe4b2-fca0-57d8-88be-2890aa3e407b,1 wrap,GRAM,300.0
2a212aa5-c3ce-5cc3-8c1a-55fb2a221a89,,,44b032dd-0f7c-5b7e-b8a6-8a09d292ac12,100g phần,GRAM,100.0
4fcbb78f-4a94-59a0-8f54-c2024708e901,,,44b032dd-0f7c-5b7e-b8a6-8a09d292ac12,1 plate,GRAM,350.0
ea2c1e64-ea77-5a6c-961a-40d9c24bc6c6,,,03d6e00e-08de-5f9c-a1d8-fab31b65bb43,100g phần,GRAM,100.0
2bafffb4-a268-5510-a6ba-a5c5e97aedde,,,03d6e00e-08de-5f9c-a1d8-fab31b65bb43,1 calzone,GRAM,300.0
17cc6c16-0540-5b68-8cb7-7b54fa3ce39e,,,570bef95-9f4f-5eef-ae85-16dabb5f5471,100g phần,GRAM,100.0
000a580b-65bd-5df6-8c31-fae9df9bf754,,,570bef95-9f4f-5eef-ae85-16dabb5f5471,6 oz,GRAM,170.0
8ff05352-f6f6-5a50-a4f5-4ba6d54c6b16,,,02895989-1711-5fcb-b27b-8759ecb94802,100g phần,GRAM,100.0
3560c1a4-5641-5255-8025-c4a95cfd25a4,,,02895989-1711-5fcb-b27b-8759ecb94802,10 wing,GRAM,350.0
894bcece-f51b-5c6d-a215-3febaaefedb0,,,d5234794-bd51-5ed8-964f-1faae80fa169,100g phần,GRAM,100.0
9fc53f8f-122b-5c39-9d8f-54fe0919ab24,,,d5234794-bd51-5ed8-964f-1faae80fa169,1 sandwich,GRAM,350.0
5054c4cb-3c04-5ed8-a526-391476df9593,,,2ead465d-b4e3-5fde-af6f-3f31d0b6306c,100g phần,GRAM,100.0
822b227d-c2e3-53d9-a70f-712a92c7db2d,,,2ead465d-b4e3-5fde-af6f-3f31d0b6306c,1 cup,GRAM,250.0
3f3dd5db-36ba-5c13-b21f-0d91695fe65f,,,7b84ca15-fb41-542d-a6a5-c81414c25ea5,100g phần,GRAM,100.0
fbc410e7-e84f-520b-8fe1-63bd4b7f2cd0,,,7b84ca15-fb41-542d-a6a5-c81414c25ea5,1 link,GRAM,66.0
24e72734-f3b6-531a-b4e5-3a0f9ce6d397,,,69ab14bd-6540-5057-b00c-72cb2ca58e43,100g phần,GRAM,100.0
02b901ea-d004-5e99-8f7a-177c4020b4be,,,69ab14bd-6540-5057-b00c-72cb2ca58e43,1 sandwich,GRAM,350.0
4e42c6ef-4d3d-58db-bf13-0bc16250eb95,,,275339c3-48da-5669-8d17-a6b571b10c09,100g phần,GRAM,100.0
d447b5a1-60bb-530d-b41e-74e64d466578,,,275339c3-48da-5669-8d17-a6b571b10c09,4 piece,GRAM,90.0
30a562d9-9ae5-5c96-b59b-f0614af957ce,,,523440e9-1655-52c5-9ae3-91d3c9d5e787,100g phần,GRAM,100.0
8cf18b0a-c1ee-5412-8dab-51d3495faba6,,,523440e9-1655-52c5-9ae3-91d3c9d5e787,1 cup,GRAM,250.0
16d8515e-5ed9-531d-a54e-4b2e60802503,,,57ceb6d0-f482-5bb7-8081-492460459356,100g phần,GRAM,100.0
4bb58842-037e-53ec-9829-affb75d34893,,,57ceb6d0-f482-5bb7-8081-492460459356,2 taco,GRAM,200.0
0f6883b4-91cb-5990-bc37-5b121a071495,,,f84b05e0-6817-5523-832d-205dd6540a17,100g phần,GRAM,100.0
5f5b184a-f7ad-55d7-81d6-bcbe49c89e98,,,f84b05e0-6817-5523-832d-205dd6540a17,10 skewer,GRAM,250.0
ea6f4aca-8b68-5fa1-aeec-eaf9a59ab18a,,,0526590a-a36b-55c6-a4c6-7ee02f05e4ac,100g phần,GRAM,100.0
067406ed-6ff5-5a5e-a3eb-a8c67081a361,,,0526590a-a36b-55c6-a4c6-7ee02f05e4ac,1 plate,GRAM,400.0
089e635d-7de9-56b9-ae1f-1c047fe6016c,,,dfa430e9-def6-5a89-96a6-fa4ad6dd91c4,100g phần,GRAM,100.0
d5cba299-b322-5b1d-b9dd-f8f1fd795c0b,,,dfa430e9-def6-5a89-96a6-fa4ad6dd91c4,1 sandwich,GRAM,250.0
d7a4fad0-c9de-5dcd-91ac-a5a2ac80d577,,,56efe153-7fa5-5992-914d-a750bbc6b327,100g phần,GRAM,100.0
d4cc483f-46b8-5468-9b15-6e4e65c381fb,,,56efe153-7fa5-5992-914d-a750bbc6b327,1 full rack,GRAM,522.0
79ca15cc-4843-5551-9983-e27185031dee,,,16656c56-8476-5727-b937-8040992b934e,100g phần,GRAM,100.0
7038a731-b8a2-587a-8450-b199ef64464d,,,16656c56-8476-5727-b937-8040992b934e,1 piece,GRAM,150.0
5c7fa5e8-199a-5d64-84fe-6c216d15afc6,,,294339f3-9109-57d5-bf58-0a00bc92c753,100g phần,GRAM,100.0
df7121a4-15ea-526e-8dd8-59b586ebf3f1,,,294339f3-9109-57d5-bf58-0a00bc92c753,1 plate,GRAM,150.0
6905e7c0-269e-5758-baf1-14238d2d2ba1,,,242d2134-c18c-5b9b-87fb-ba186676f580,100g phần,GRAM,100.0
aeba9282-f8fc-5ecb-bf15-a4f3d1765ace,,,242d2134-c18c-5b9b-87fb-ba186676f580,1 plate,GRAM,400.0
8cc31e53-7867-56ca-9444-b78bd7e8d567,,,d93ee31d-1f5a-56f6-a700-3283531b62bf,100g phần,GRAM,100.0
93601f53-9aaf-58f1-a2f4-a6a98dd72635,,,d93ee31d-1f5a-56f6-a700-3283531b62bf,10 wing,GRAM,240.0
a7efae44-2a73-5ca4-958b-9956c39d2d91,,,4e015e10-6108-57b5-9400-91921df38685,100g phần,GRAM,100.0
9918c0bb-e5ae-57e3-9cc7-02f0981cd5ca,,,4e015e10-6108-57b5-9400-91921df38685,1 bowl,GRAM,500.0
a3c97077-eee8-5c0e-8588-cdedb9a8754b,,,aa4324f1-2247-5244-b84c-4af927b5386c,100g phần,GRAM,100.0
77aec5b1-9567-5779-9af9-2ba5f3aa12ad,,,aa4324f1-2247-5244-b84c-4af927b5386c,6 wing,GRAM,150.0
76a57e49-f2ac-5cd7-8c9d-063dada817f0,,,9d58721f-af28-52f9-9f02-a50b9c3fc410,100g phần,GRAM,100.0
15aa35f6-6d85-5639-9dc1-96d58e3d1bd3,,,9d58721f-af28-52f9-9f02-a50b9c3fc410,1 plate,GRAM,400.0
8384aa85-eccf-531d-a5e8-70a87df0ec88,,,21357f9e-fac2-5ab5-ae79-7a25863d83ab,100g phần,GRAM,100.0
afd45860-2220-583d-ac75-27531c1da378,,,21357f9e-fac2-5ab5-ae79-7a25863d83ab,8 oz,GRAM,225.0
a63f663b-e26e-5408-90fe-2577c9cbc334,,,e18c153d-e080-54c7-8ec6-bd6c40a9624c,100g phần,GRAM,100.0
4ef60619-bdaa-5d9e-8a83-82ab6f0be2a4,,,e18c153d-e080-54c7-8ec6-bd6c40a9624c,1 sandwich,GRAM,146.0
483ec004-18b1-5d5e-922b-7acab707fab3,,,b15f9173-dff6-5bc3-ae4f-11b9f984afca,100g phần,GRAM,100.0
374e68ac-6007-5e7c-949a-0a909b624323,,,b15f9173-dff6-5bc3-ae4f-11b9f984afca,1 slice,GRAM,136.0
f0c92d00-799b-57fe-96c0-0b6d8e7756fa,,,6b19d98b-1739-500e-a7ab-c295760ed569,100g phần,GRAM,100.0
85c9ddd9-3e83-5476-a60c-6627bd3d7004,,,6b19d98b-1739-500e-a7ab-c295760ed569,1 bowl,GRAM,385.0
d52412bf-e795-5cc6-bdac-5f7fc46b64f1,,,72661b26-a846-5792-aff5-f9e031c07e9b,100g phần,GRAM,100.0
67b620dc-72a7-54ce-857e-7961756ab73d,,,72661b26-a846-5792-aff5-f9e031c07e9b,1 plate,GRAM,450.0
8ae387db-de77-591d-9741-ec11809f6314,,,d1681fb1-a67b-50b6-b7d9-87d64aabd59c,100g phần,GRAM,100.0
154de231-3118-5a61-a92f-4747df49b5c1,,,d1681fb1-a67b-50b6-b7d9-87d64aabd59c,1 plate,GRAM,300.0
64c63559-a25d-5803-bc1e-3b13e0466305,,,ca06fa6a-b33d-5ee5-9d7d-2a670e4c861e,100g phần,GRAM,100.0
33f8edfa-7600-52cb-81cf-89d87a1932fb,,,ca06fa6a-b33d-5ee5-9d7d-2a670e4c861e,6 oz,GRAM,170.0
656738d4-10d1-5f0d-93ff-36ad38029b56,,,f8e46df3-4193-5e31-baa8-badadb598db3,100g phần,GRAM,100.0
2ddb358a-45e2-5de3-a40a-20c5d132156d,,,f8e46df3-4193-5e31-baa8-badadb598db3,2 cup,GRAM,400.0
fcb14d03-d1bd-5612-a36f-453db31d87e8,,,4b2401be-4521-590b-b7ef-8a5f9d4c1763,100g phần,GRAM,100.0
dbfc30c1-8734-5723-aa93-5deeefb30a5d,,,4b2401be-4521-590b-b7ef-8a5f9d4c1763,1 plate,GRAM,237.0
c85db5ae-ebd9-5d87-96b4-0ff23c04d271,,,b5611987-17e4-5e20-99f9-a9edf6a99c03,100g phần,GRAM,100.0
2bf1e848-5d7f-54ec-9e0d-462438c679b3,,,b5611987-17e4-5e20-99f9-a9edf6a99c03,8 oz,GRAM,226.8
d65a2b7b-1ad8-5826-8dea-7bb61883e1e0,,,c63aeed7-d792-522b-8d4c-0d876a0c131d,100g phần,GRAM,100.0
660492d6-f985-57c3-9bb9-824c41e6d621,,,c63aeed7-d792-522b-8d4c-0d876a0c131d,1 piece,GRAM,150.0
ed1862a5-c011-5c6c-8566-8950fc447207,,,e508c88f-d5b0-56a6-957a-b9c03b55d136,100g phần,GRAM,100.0
4570c762-8b7b-5a44-a76b-e001269166e4,,,e508c88f-d5b0-56a6-957a-b9c03b55d136,1 crepe,GRAM,300.0
7dd42feb-29a4-5bd9-a01b-39ebfeb9e616,,,d5ed3c72-52c0-50a3-8611-20595ef9aad8,100g phần,GRAM,100.0
6d72794d-104a-5d3c-a296-ea38acba82ed,,,d5ed3c72-52c0-50a3-8611-20595ef9aad8,5.7 oz,GRAM,160.0
21f5af49-fbb5-59d9-bbbf-620b471aadd1,,,a28d74ce-b8bb-5456-a9c3-d40a73cfcb97,100g phần,GRAM,100.0
280247b9-ab35-5f91-a614-faf217d9f372,,,a28d74ce-b8bb-5456-a9c3-d40a73cfcb97,1 piece,GRAM,100.0
55e1c0a6-b5f7-52d8-81bf-e432fe22804f,,,f4d7029d-12c9-53e1-9e1d-9f1b41ea2610,100g phần,GRAM,100.0
01b91cea-8da8-5a09-a95c-4506258e9ea4,,,f4d7029d-12c9-53e1-9e1d-9f1b41ea2610,2 piece,GRAM,113.0
03774624-1bca-5166-b32a-517d7364e850,,,3007ee89-a0dd-523c-8745-19e7dba31a30,100g phần,GRAM,100.0
50af0015-c698-5f90-b03e-f505ac554486,,,3007ee89-a0dd-523c-8745-19e7dba31a30,4 oz,GRAM,113.0
286ad43c-15f8-58dc-a10f-95e263680d59,,,7df108b0-1733-566c-84d5-e36a88b46831,100g phần,GRAM,100.0
0e7dc365-1830-5d2c-a5f5-b0a0a5673569,,,7df108b0-1733-566c-84d5-e36a88b46831,1 plate,GRAM,350.0
11dfa000-2a1f-5cb7-a4dd-c2a498ac363d,,,c7b6d0dc-0387-5fbe-8eee-f414d2583fbd,100g phần,GRAM,100.0
58467c75-0b8b-5976-8659-db6789129139,,,c7b6d0dc-0387-5fbe-8eee-f414d2583fbd,1 plate,GRAM,400.0
d0131800-dc2a-5eb8-b8fb-c98d00a58572,,,052ee78b-27b7-5e00-804f-50246f57acb9,100g phần,GRAM,100.0
86ccbdb4-aba6-533e-85eb-57cb297cb2bb,,,052ee78b-27b7-5e00-804f-50246f57acb9,1 piece,GRAM,85.0
f8e9eb68-1f12-5cf1-b8eb-66bb331a3906,,,1a285adf-f742-5bcc-9f42-dc03918bb3c0,100g phần,GRAM,100.0
56c3c606-d602-5f00-b6f2-6733e5895473,,,1a285adf-f742-5bcc-9f42-dc03918bb3c0,1 plate,GRAM,400.0
468d6906-361c-59b1-9bde-a836831585b1,,,9586d37f-4d5b-5b26-ac9f-dad4b8226148,100g phần,GRAM,100.0
b4635136-3869-5190-aed0-42a15ceb00cc,,,9586d37f-4d5b-5b26-ac9f-dad4b8226148,1 sandwich,GRAM,250.0
0fd32231-69bf-5cfb-b08a-0b16169131bc,,,3b2abe2e-80db-58e6-9a28-0a7a1e1417f2,100g phần,GRAM,100.0
af4977a5-62bc-5f65-9ead-485887eb034b,,,3b2abe2e-80db-58e6-9a28-0a7a1e1417f2,6 wing,GRAM,300.0
