id,created_at,updated_at,food_id,name,unit_code,grams
9ebb6305-83a4-513f-9fc6-1f498bb8aeb5,,,1e4d53ad-7ab9-5a54-854a-e9ceea6c224e,100g phần,GRAM,100.0
63987fa0-a312-5281-a18e-4d3ab060dec5,,,1e4d53ad-7ab9-5a54-854a-e9ceea6c224e,1 piece,GRAM,55.0
12f85032-c2e0-5577-9d8c-6cbb7e95a902,,,986decbf-093e-5500-9195-744318d8e47a,100g phần,GRAM,100.0
9669a06e-50d9-591a-936e-192e80a550c3,,,986decbf-093e-5500-9195-744318d8e47a,1 muffin,GRAM,30.0
325f3231-4e26-5e3a-852f-f34ad9bb14f6,,,c5fd074a-1003-5974-9259-db01e0fbacf6,100g phần,GRAM,100.0
07204166-9e5b-595d-a21c-afda49662ba9,,,c5fd074a-1003-5974-9259-db01e0fbacf6,1 muffin,GRAM,57.0
ab26cfc9-86e1-56c1-9894-2314758d0c1f,,,d28151a0-aada-50d4-9782-d6e338373cff,100g phần,GRAM,100.0
9774d3d2-0401-598a-94e3-da71ee2e4771,,,d28151a0-aada-50d4-9782-d6e338373cff,1 cup,GRAM,240.0
d145b5c3-808e-5726-9104-9ba144a0a0aa,,,72616187-c19f-58f7-8716-1c90f8487c16,100g phần,GRAM,100.0
13d69568-b3f8-549f-b841-c28fd7d51bb4,,,72616187-c19f-58f7-8716-1c90f8487c16,1 slice,GRAM,80.0
bfffa0d0-dcd3-52ed-bccc-2174b4f3ef17,,,7c335978-7816-569b-b04f-18e2a8add99c,100g phần,GRAM,100.0
3276b04c-8fc8-558e-9749-594f44667e33,,,7c335978-7816-569b-b04f-18e2a8add99c,1 roll,GRAM,60.0
cee385dc-0c73-558d-9f26-79fbb02ac152,,,be237c1b-9d62-53c4-8b1c-04fd2abfe57b,100g phần,GRAM,100.0
b676b1f8-6503-53f8-9163-25157a115754,,,be237c1b-9d62-53c4-8b1c-04fd2abfe57b,3 oz,GRAM,85.0
8cbb530a-3913-53ae-8b55-6e2aa71f344d,,,764ffe22-d69f-5cdc-bf20-3fbf5fe879eb,100g phần,GRAM,100.0
b2d2f050-4eaf-5e06-9c3e-207626d0e770,,,764ffe22-d69f-5cdc-bf20-3fbf5fe879eb,1 oz,GRAM,28.0
60c1a957-9cc6-5072-84f1-66187b2923f9,,,868aa37f-4789-53ac-acae-bdc6eac54021,100g phần,GRAM,100.0
719e3ce0-9d64-5f9d-9749-dd93f68298bb,,,868aa37f-4789-53ac-acae-bdc6eac54021,1 muffin,GRAM,80.0
e5c93f92-56e9-5771-8613-b48f768b2e8a,,,704845f3-1cdc-5549-a242-2186a95dfdd1,100g phần,GRAM,100.0
27bf1e28-67a1-5a0a-9ba8-8d132c13a1b7,,,704845f3-1cdc-5549-a242-2186a95dfdd1,1 cake,GRAM,13.0
375482a1-415a-5979-bfbf-828efb5fb1ec,,,60f50ff8-56b3-5579-b29a-02e6bbe68a48,100g phần,GRAM,100.0
ca6eb8f1-c469-5202-b21e-568e3867607d,,,60f50ff8-56b3-5579-b29a-02e6bbe68a48,0.5 cup,GRAM,55.0
dd9646c4-2ff6-5060-809d-4919c52982b5,,,0b5e5c71-3628-514e-ab28-b725e87398ba,100g phần,GRAM,100.0
c0a16b8c-91ef-51f1-9557-e1df5e68fbcb,,,0b5e5c71-3628-514e-ab28-b725e87398ba,1 cake,GRAM,9.0
4c9bba1a-73a2-5221-9c48-2ac53f3954af,,,5735cc69-119e-5029-81e8-5e4f57f84148,100g phần,GRAM,100.0
c98540a3-9f62-5b22-bb37-64c013e7b5cc,,,5735cc69-119e-5029-81e8-5e4f57f84148,2 tbsp,GRAM,30.0
fe9b20ff-e023-53af-bd3c-eea37538aa33,,,386cd7ad-8f04-5ac5-be76-90627438c2e1,100g phần,GRAM,100.0
8e511e16-c7b8-59b2-bcbe-0413538aab81,,,386cd7ad-8f04-5ac5-be76-90627438c2e1,2 oz,GRAM,56.0
e87b4e51-1ac1-5bf1-b390-938c061079bb,,,1dc7c22b-e20f-5fe0-b7df-f4f26f72a65e,100g phần,GRAM,100.0
49e8c772-e7ee-5567-8d37-31260d72289f,,,1dc7c22b-e20f-5fe0-b7df-f4f26f72a65e,1 bar,GRAM,40.0
987a0b7d-a5cf-55cb-955e-34479ebcf23a,,,3e2961fc-0cdf-5134-ab83-3b32def1cad9,100g phần,GRAM,100.0
5929ff5f-d9e5-514d-97d5-2575aaa0baec,,,3e2961fc-0cdf-5134-ab83-3b32def1cad9,1 pancake,GRAM,70.0
f841a28e-c91c-53fc-a850-840c7f1e383f,,,7e235885-ae09-5e1b-a70f-986f94f4aa76,100g phần,GRAM,100.0
c4cb2dad-1f14-574e-9c72-36cbad2e0e03,,,7e235885-ae09-5e1b-a70f-986f94f4aa76,1 muffin,GRAM,59.0
493da29a-fc82-53df-8f74-ab7e789653a9,,,22606f29-6b7c-56dd-adc7-02dee2963a4d,100g phần,GRAM,100.0
8339070e-214f-594a-9e93-14e11245f417,,,22606f29-6b7c-56dd-adc7-02dee2963a4d,2 pcs,GRAM,18.0
ba4a0d7b-f2ed-57b3-a7f1-8f01e75d7f7d,,,658cb779-f291-50e9-ac22-96a05ee7bee5,100g phần,GRAM,100.0
24399915-c459-5b4a-8581-5c92eec9ec3d,,,658cb779-f291-50e9-ac22-96a05ee7bee5,1 cup,GRAM,240.0
2c9525c5-9860-5194-92f9-00af6d809128,,,887d82c8-e53e-5b2c-b5c5-ac12629e0747,100g phần,GRAM,100.0
d02b2fd6-c858-5941-8bc6-7bd858f0e8d5,,,887d82c8-e53e-5b2c-b5c5-ac12629e0747,1 cookie,GRAM,30.0
f7462e56-60f0-5bb5-9746-b618e2fb29ae,,,a826d868-3787-532c-9440-7120578a120b,100g phần,GRAM,100.0
51370109-b053-5978-b7cf-9a4111daedb5,,,a826d868-3787-532c-9440-7120578a120b,1 bar,GRAM,50.0
57e02693-ca1f-5d5f-bef5-0fcfb7aac1f2,,,f88d88ca-529b-5b52-bb6d-7f78d5aa8de3,100g phần,GRAM,100.0
6fba8573-1166-53e4-a2c6-1177dee15a0b,,,f88d88ca-529b-5b52-bb6d-7f78d5aa8de3,3 pancake,GRAM,132.0
d423b158-dc45-57f6-9058-e92f40458712,,,89ffbd49-e9af-5ebe-a36b-245a472a303c,100g phần,GRAM,100.0
1e7e18c0-df98-59fd-be2d-1f51ced9cbc0,,,89ffbd49-e9af-5ebe-a36b-245a472a303c,1 cup,GRAM,240.0
a0e78006-7d07-5da9-8664-d5e128e15577,,,869aeb80-b40e-5075-84f2-661bbe1eaa95,100g phần,GRAM,100.0
94c26208-002c-5b12-be9a-d94e433cad68,,,869aeb80-b40e-5075-84f2-661bbe1eaa95,1 cup,GRAM,240.0
4b044209-07aa-5acd-8e6b-1001edaa273e,,,dbcfbf1d-f98e-585f-b0e4-cd4838c63f83,100g phần,GRAM,100.0
a19f0be0-69b3-583a-8e1d-7dff8946c25f,,,dbcfbf1d-f98e-585f-b0e4-cd4838c63f83,1 cup,GRAM,240.0
5355b9b7-b2af-58fa-b128-c44705043fe5,,,c3eb435b-6efe-51fe-ae1b-99aa093087f0,100g phần,GRAM,100.0
5e1e38e5-81e4-5c84-b570-13200b48efcb,,,c3eb435b-6efe-51fe-ae1b-99aa093087f0,1 muffin,GRAM,57.0
2558b968-acc0-5e13-862e-4f2bf6bedfeb,,,4e189341-cd55-5a2b-8fe6-3ab6133a5075,100g phần,GRAM,100.0
05145723-a273-5a47-bc0b-740a4cacaf96,,,4e189341-cd55-5a2b-8fe6-3ab6133a5075,1 piece,GRAM,10.0
10e30d06-4e51-5764-b789-c2f4c028d62a,,,9f99c414-0df7-56c6-833d-dec2fc75698c,100g phần,GRAM,100.0
5193a96f-38c5-5f3c-9378-5d5e8ec47b07,,,9f99c414-0df7-56c6-833d-dec2fc75698c,1 oz,GRAM,28.0
58f23014-f1fd-529f-83c4-51c23d026015,,,0ac8c1ac-f936-51a0-b5fa-92cec66303d4,100g phần,GRAM,100.0
1406410c-020f-5a37-8f0d-43e16aaa88b6,,,0ac8c1ac-f936-51a0-b5fa-92cec66303d4,0.5 cup,GRAM,125.0
fedb1181-c85c-58ad-ab62-e9b90a9a3538,,,1ccfec44-f39a-5855-b856-f4fc518c6481,100g phần,GRAM,100.0
02e219d8-5355-5517-a372-68443eb47b90,,,1ccfec44-f39a-5855-b856-f4fc518c6481,2 pancake,GRAM,140.0
97f0e47a-ceb7-5e46-83bd-c9ecf14f08c7,,,b7349664-b58c-5567-8403-b5e75867ceca,100g phần,GRAM,100.0
8f71480f-1e1e-5433-91e1-6a0dae97f9e3,,,b7349664-b58c-5567-8403-b5e75867ceca,1 cake,GRAM,9.0
defcc075-df02-549b-94af-54bd46ffeec0,,,b4de6497-66fe-58a1-9c93-4acb9e1a3259,100g phần,GRAM,100.0
0f5d3573-5027-5c40-bacf-3d1493b9678d,,,b4de6497-66fe-58a1-9c93-4acb9e1a3259,1 muffin,GRAM,70.0
f32b5759-9911-5536-ba34-f5b9e257f063,,,6095b30b-c776-591c-8903-a1a9e9afff45,100g phần,GRAM,100.0
8f9c4717-c3af-5533-bdad-bd0b10a0914b,,,6095b30b-c776-591c-8903-a1a9e9afff45,10 tots,GRAM,150.0
8fafe298-3be5-5db8-9506-fb013aba8dd2,,,f13712d3-6208-5d56-993f-e86b0794e947,100g phần,GRAM,100.0
8a32f7a3-e46f-595d-8b17-ce1f71107c8d,,,f13712d3-6208-5d56-993f-e86b0794e947,5.3 oz,GRAM,150.0
d8fcbb75-cc17-5e14-a863-1327de4d0b1c,,,6c896d97-2106-597e-9e88-a9bd1d378303,100g phần,GRAM,100.0
9d860b41-952e-5414-a794-00d302861de6,,,6c896d97-2106-597e-9e88-a9bd1d378303,1 cup,GRAM,250.0
22ed06c9-f3db-5ac4-894a-a680ceddcb8d,,,226c973c-d498-5b65-b5db-a5ec85f6a366,100g phần,GRAM,100.0
32c76a2e-f4c2-59aa-b45a-e1f3e70e44be,,,226c973c-d498-5b65-b5db-a5ec85f6a366,2 waffle,GRAM,70.0
4cce87c4-40a9-5ad6-a7c8-02f2983b59ca,,,d0b8f1ee-ab1d-52e2-be44-cf4ac051d0f4,100g phần,GRAM,100.0
c4c1eec4-05d8-5f3a-b127-e184eaac0806,,,d0b8f1ee-ab1d-52e2-be44-cf4ac051d0f4,2 tbsp,GRAM,38.0
8cac1bf3-8718-52a3-90f0-562fb332773e,,,e73e2062-e271-5720-8895-e73eebc6d81b,100g phần,GRAM,100.0
21421cde-78c4-57fc-a495-ccc29413209c,,,e73e2062-e271-5720-8895-e73eebc6d81b,5.3 oz,GRAM,150.0
2c24a97a-260a-5277-95d0-b1422ca4250a,,,b2148ece-7a10-5afe-9a5a-6ce68cdf653b,100g phần,GRAM,100.0
e260e758-a1ba-515b-9a3d-2aaf502f62cf,,,b2148ece-7a10-5afe-9a5a-6ce68cdf653b,0.33 cup,GRAM,46.0
41300c6b-9e30-517e-af01-a1140523a041,,,8affe1de-fc85-5ef2-8289-2458e92bc928,100g phần,GRAM,100.0
0ef183b2-91da-5857-9a54-231d8e1c6db4,,,8affe1de-fc85-5ef2-8289-2458e92bc928,1 cup,GRAM,240.0
08c0ac14-2b77-5938-b088-97386c804cc3,,,ee8a4cdb-542f-5093-944d-e18f2a37dac5,100g phần,GRAM,100.0
0bca5c86-3bf4-5c09-b8e3-be2610bb334a,,,ee8a4cdb-542f-5093-944d-e18f2a37dac5,1.4 oz,GRAM,40.0
32cb26ce-d540-5f2c-99fe-b0aa9c310238,,,4aae7704-879c-50aa-94ca-08560cead4c9,100g phần,GRAM,100.0
4f0667f7-eca8-54fb-81f3-ff21a6794f80,,,4aae7704-879c-50aa-94ca-08560cead4c9,1 cake,GRAM,13.0
b90d0dde-b583-52bb-a43b-57c83993dc34,,,135ff12e-d9b9-52b6-947d-dd5613e6ac21,100g phần,GRAM,100.0
6bf045c1-69f9-53cf-8141-6eca6e9b9150,,,135ff12e-d9b9-52b6-947d-dd5613e6ac21,1 cookie,GRAM,30.0
245b90e1-3166-5dc7-a5e2-69355efdc94d,,,0e33ed3f-0287-5b5a-ae7b-6ecf9c8566d4,100g phần,GRAM,100.0
ecd87011-130e-5a8f-b232-4bf5d84d343b,,,0e33ed3f-0287-5b5a-ae7b-6ecf9c8566d4,1 pack,GRAM,40.0
52be046d-901f-56d5-83f0-da19b7441ec3,,,eb7f0b47-52bf-58cb-baed-af51ed095754,100g phần,GRAM,100.0
1b229c57-11d2-5c85-984f-d17fe6e8ab9f,,,eb7f0b47-52bf-58cb-baed-af51ed095754,2 cakes,GRAM,22.0
fcb664b0-7374-5afe-ae2f-9338bc30538e,,,5adeb766-8acd-5512-9af8-6db05c9b627e,100g phần,GRAM,100.0
b91b2b35-971e-55e5-9ccb-29a11485067b,,,5adeb766-8acd-5512-9af8-6db05c9b627e,3 tbsp,GRAM,30.0
194753af-fb01-5535-a076-59bcfd0f0e8c,,,fce47eff-0eb0-5243-a9ff-fded9bbc0e38,100g phần,GRAM,100.0
efe711e1-a06c-542f-acf4-6e32eb067642,,,fce47eff-0eb0-5243-a9ff-fded9bbc0e38,1 tbsp,GRAM,15.0
520d8b06-3b37-59f5-9cf1-44a965da7117,,,71778870-dbc7-5941-8897-c81f8a6b234d,100g phần,GRAM,100.0
40e6166c-8d2f-5e69-a63a-a9f9a764ad48,,,71778870-dbc7-5941-8897-c81f8a6b234d,1 muffin,GRAM,85.0
2e5802a3-be54-53cc-b149-3042050e5b74,,,efc7b16f-3493-504e-8096-e2faa04fa626,100g phần,GRAM,100.0
8f9c9edd-04ac-5497-b067-b0dfd7536b75,,,efc7b16f-3493-504e-8096-e2faa04fa626,1 cup,GRAM,240.0
c20df405-7e3c-596b-b289-999439ef0c0a,,,6127d30b-ce21-5018-aec2-4884f2be6c7d,100g phần,GRAM,100.0
1cbe5c66-5cb3-5e83-b1f8-7a39b6c24e23,,,6127d30b-ce21-5018-aec2-4884f2be6c7d,10 cracker,GRAM,31.0
e97e4d72-5150-5c0e-8cb8-36a3b7a513ee,,,895b669f-5371-5eff-a860-a59335fc0417,100g phần,GRAM,100.0
637d4bd7-5f84-5370-8472-ff03f13d59e8,,,895b669f-5371-5eff-a860-a59335fc0417,2 cookie,GRAM,30.0
f8a57031-ba76-5db2-8b8a-d1e2280eff0d,,,71b7cb4e-2d53-54b2-b1f1-72cd5c174cff,100g phần,GRAM,100.0
46322e1a-c56a-5e24-a70c-57ebfbb90c02,,,71b7cb4e-2d53-54b2-b1f1-72cd5c174cff,1 oz,GRAM,28.0
0e3bc890-7e71-5aaf-8e01-4fdf8619a1ea,,,69a69230-a378-5659-99e0-afe968884349,100g phần,GRAM,100.0
a369c46e-94ce-50c8-944a-acaafb61b17e,,,69a69230-a378-5659-99e0-afe968884349,1 muffin,GRAM,57.0
491f652b-1a98-5824-bc80-4401196ffdfc,,,b90a019e-29d1-595b-97c3-71cd6430c22c,100g phần,GRAM,100.0
802f5306-6640-5d50-b902-e11476a9df45,,,b90a019e-29d1-595b-97c3-71cd6430c22c,0.33 cup,GRAM,28.0
e098b60f-faef-5a49-ac26-a64ad0c949e6,,,24bc5a06-cf53-5be6-823c-9dd31afe7ccd,100g phần,GRAM,100.0
d3d51d0f-56ae-5914-b546-8d3401ae3f63,,,24bc5a06-cf53-5be6-823c-9dd31afe7ccd,1 donut,GRAM,60.0
780b6bd8-e9df-515e-aab2-fd1aa29dee8c,,,bd2862e2-e9da-5ab9-8e7b-8e8f6a0cec2b,100g phần,GRAM,100.0
144cba21-e661-5e6b-ba99-4795b9909343,,,bd2862e2-e9da-5ab9-8e7b-8e8f6a0cec2b,4 cookie,GRAM,35.0
c41e2ccf-c366-50ba-b4ca-9d99b44c01ff,,,88c512b5-0bf3-574d-8612-fb4764907b7a,100g phần,GRAM,100.0
aa77ee9f-7069-5f28-8989-c8ef98826900,,,88c512b5-0bf3-574d-8612-fb4764907b7a,0.25 cup,GRAM,38.0
eb630386-36ea-5c4d-8976-fbd82b103f80,,,6f912417-591c-5651-8912-37b5ece399ba,100g phần,GRAM,100.0
1013f1d5-fb6d-539a-a9f0-05700ac139e4,,,6f912417-591c-5651-8912-37b5ece399ba,3 cup,GRAM,30.0
85003b19-eb07-5c2a-a6e5-c0da13ddebd3,,,e18c787d-1d1f-554f-b692-260aa26399e2,100g phần,GRAM,100.0
36d4bcc0-44ff-5b6b-ac1b-fbcbc0ab5c4b,,,e18c787d-1d1f-554f-b692-260aa26399e2,1 cup,GRAM,120.0
67726dc7-1188-552d-8cac-7f57323aa132,,,0d2d01c8-2cca-5191-a34d-c7dbb2d20af4,100g phần,GRAM,100.0
44b0d2b6-7f87-513f-9b48-29945d8b4461,,,0d2d01c8-2cca-5191-a34d-c7dbb2d20af4,1 cup,GRAM,250.0
26994bbd-8d3c-5a48-b643-f1861877285e,,,dbe4f89d-6a2f-5cff-ab92-eb1aea47055f,100g phần,GRAM,100.0
851bcab8-9e91-56d0-ab1d-d7b25177bb4a,,,dbe4f89d-6a2f-5cff-ab92-eb1aea47055f,0.5 cup,GRAM,66.0
c792f5f6-12ce-522f-9169-843ed1586551,,,615e4c3f-322e-5228-a3b7-bcf56200df4e,100g phần,GRAM,100.0
5001cd20-4ec5-5e4b-b05b-1da84efcd7b7,,,615e4c3f-322e-5228-a3b7-bcf56200df4e,1 cake,GRAM,10.0
2810680a-893a-53de-a0e2-e7a7113240f8,,,19b400ed-10c2-5b71-85a5-1cf6292ab3dc,100g phần,GRAM,100.0
f8f4a6e6-ed81-5bfc-87ea-d24797fd1b2a,,,19b400ed-10c2-5b71-85a5-1cf6292ab3dc,1 tbsp,GRAM,15.0
3ad76dec-3eb6-56d2-9ee5-725744340965,,,6fd5c439-43ae-5b69-b36d-950fc8b2338c,100g phần,GRAM,100.0
845761b3-41ef-5d99-9d26-218c2df46b1b,,,6fd5c439-43ae-5b69-b36d-950fc8b2338c,1 cookie,GRAM,12.0
b8e1ccfe-d221-5d48-89c6-7a4b2186a746,,,71184a24-f3ac-54f5-9f24-cf0f83d982a4,100g phần,GRAM,100.0
0833bde1-6ec4-5321-82e4-8b07b7526d8a,,,71184a24-f3ac-54f5-9f24-cf0f83d982a4,1 cup,GRAM,240.0
1ae06e73-168f-5a11-ac43-31b3436755a1,,,0d091eac-c759-560e-a98a-1140a21c893f,100g phần,GRAM,100.0
bbc194df-ddea-578a-a5ea-b39f71410cf4,,,0d091eac-c759-560e-a98a-1140a21c893f,1 cup,GRAM,240.0
6848fcf5-2179-522c-ae9a-2b0441d517c1,,,b61f9c6e-cf25-5aca-b616-d8c9c7a58249,100g phần,GRAM,100.0
6f62beba-79df-5615-8e0b-9c0d780a5e54,,,b61f9c6e-cf25-5aca-b616-d8c9c7a58249,2 tbsp,GRAM,39.0
211be0a4-fcfb-5d8c-9350-75f6df30b60d,,,96bbdfe8-7054-55f4-895f-684a3a7d49ff,100g phần,GRAM,100.0
949ab3f8-61af-577f-8cf2-2fcd65a7b7b5,,,96bbdfe8-7054-55f4-895f-684a3a7d49ff,0.25 cup,GRAM,40.0
1427a6b0-4cc7-50e7-ac32-8c6e11f8c625,,,db705ff1-24c0-57a7-825f-000f0321eb00,100g phần,GRAM,100.0
8d2ba377-58a9-5718-b39e-a66d35f05136,,,db705ff1-24c0-57a7-825f-000f0321eb00,8 fl oz,GRAM,240.0
484cc786-b8e5-504e-a4a9-2a775cf3f92a,,,50499dec-6ed6-5f2f-b3be-20b6553c5fba,100g phần,GRAM,100.0
0b423f55-9393-5e56-99ef-80d1072b9027,,,50499dec-6ed6-5f2f-b3be-20b6553c5fba,6 oz,GRAM,170.0
beec07c8-36d0-53fb-a759-80552366be9b,,,e2255e0d-2992-5bb1-a57d-8cdaed53b967,100g phần,GRAM,100.0
bc308e49-87eb-5353-ad7e-a3c4ee7057d2,,,e2255e0d-2992-5bb1-a57d-8cdaed53b967,0.5 cup,GRAM,65.0
48caaec7-8fd0-5535-a373-f3fa066af571,,,18e3adac-415d-54ad-8abb-9be5ab55353d,100g phần,GRAM,100.0
ab76701e-00b9-5b0f-9fe9-385659d626fb,,,18e3adac-415d-54ad-8abb-9be5ab55353d,1 roll,GRAM,119.0
24a45231-f1bd-5e62-a82c-eaad55173a8e,,,f6e6d9f2-c373-54dc-9c37-2b681981deb1,100g phần,GRAM,100.0
a6dc30f0-7259-5bee-a532-ca8e36010499,,,f6e6d9f2-c373-54dc-9c37-2b681981deb1,3.5 cup,GRAM,28.0
0a9eda9e-a72b-57e7-80f8-3a5c4b4ba905,,,91c7d9c2-2e8e-566c-9ca9-5a02113f351e,100g phần,GRAM,100.0
f27c648d-56d8-56ea-ba86-afb24a90c724,,,91c7d9c2-2e8e-566c-9ca9-5a02113f351e,5.3 oz,GRAM,150.0
c1ee275e-f841-51f9-adf4-d2d9bf095fa0,,,49269d2e-5a4d-5200-9dac-422d37c7f1b9,100g phần,GRAM,100.0
2567a26a-17bf-5505-9a8a-9437426f53eb,,,49269d2e-5a4d-5200-9dac-422d37c7f1b9,1 muffin,GRAM,80.0
71df5bda-c9da-5345-8552-19ae84f1e096,,,61ff1955-b5bf-5ea2-b6e5-809d43a4a30e,100g phần,GRAM,100.0
d3187971-2649-5ab6-9608-11874474dcd8,,,61ff1955-b5bf-5ea2-b6e5-809d43a4a30e,0.67 cup,GRAM,86.0
13cf7e1a-6248-592e-bab7-62ca68c2f79a,,,b406c7eb-7ac4-58b2-95d4-e3c6998f5a95,100g phần,GRAM,100.0
415fcbdf-6f9f-5dc7-9675-a3066d9ed216,,,b406c7eb-7ac4-58b2-95d4-e3c6998f5a95,1 oz,GRAM,28.0
bd1c28a1-c5ce-5427-9a17-0ea0545945c3,,,7de798f0-c4e4-5e7f-b4be-54fab3776354,100g phần,GRAM,100.0
5d85b755-dd0c-57b4-bbb9-3b09beb7d122,,,7de798f0-c4e4-5e7f-b4be-54fab3776354,0.5 cup,GRAM,66.0
14022961-99fe-5585-8c76-d5990643b2a0,,,6112e0b5-fdbc-57c6-85fe-97efa27b1c76,100g phần,GRAM,100.0
07eb177b-1ae6-56c4-90bd-72aa91906541,,,6112e0b5-fdbc-57c6-85fe-97efa27b1c76,0.5 cup,GRAM,61.0
da1b1a2a-ec5e-5514-bcc6-ef70a8816150,,,f9a47b2a-9588-55a9-b307-6c28dfde18f2,100g phần,GRAM,100.0
1c5555fe-b938-5b67-ba57-79ae3c1436a9,,,f9a47b2a-9588-55a9-b307-6c28dfde18f2,1 tbsp,GRAM,20.0
8413954f-b92b-5c84-b13d-a1e178066570,,,af9b194f-f537-5dc8-a561-e6db3bb6c508,100g phần,GRAM,100.0
5ebeb4fb-3d3b-53a8-860c-da6c5a61c2a3,,,af9b194f-f537-5dc8-a561-e6db3bb6c508,1 oz,GRAM,28.0
2b07480d-aa44-556d-9173-0e614029f538,,,4e1710a6-0e63-5134-abba-b5ad8296d226,100g phần,GRAM,100.0
bdc32cfe-cc13-5de7-9a57-c05f01f32911,,,4e1710a6-0e63-5134-abba-b5ad8296d226,14 chip,GRAM,35.0
f734d8e8-d982-5103-a4ed-bbff60cb6c3d,,,fb361254-3928-561a-bac4-d04b28c7b830,100g phần,GRAM,100.0
f9ba62aa-19e2-56cb-9142-d578964b0c38,,,fb361254-3928-561a-bac4-d04b28c7b830,1 piece,GRAM,82.0
530a4ac3-784e-5d4c-8110-7cd168233074,,,bb2b05d6-2b7f-5aa4-9588-b35709670465,100g phần,GRAM,100.0
df5c8f72-d85d-51be-9fbe-7c24c24015bd,,,bb2b05d6-2b7f-5aa4-9588-b35709670465,2 tbsp,GRAM,30.0
07a8bf7f-a154-51af-94a9-5edc61124f6b,,,0049b3c4-108e-5c75-bd0c-17b5db046a53,100g phần,GRAM,100.0
c9e18d78-9fa9-56a3-b5dd-1b0551db3599,,,0049b3c4-108e-5c75-bd0c-17b5db046a53,0.5 cup,GRAM,66.0
18d41ef0-f143-579b-8029-2f474d00f0fa,,,b108e975-9c36-5e8f-8ac5-ebc4c8059158,100g phần,GRAM,100.0
6e8d5051-e03a-5548-bc50-f2e5fb109d66,,,b108e975-9c36-5e8f-8ac5-ebc4c8059158,1 muffin,GRAM,90.0
fa568db1-b718-59c6-96d6-7fb91095cf32,,,39a651b6-7243-5187-a727-22b825b04374,100g phần,GRAM,100.0
98cc96ea-0848-5b4c-af0b-a63d0b4749f2,,,39a651b6-7243-5187-a727-22b825b04374,1 cake,GRAM,11.0
d23c5cba-1187-5fb8-ad75-f59aa825e790,,,a3c4e77c-447b-5dfe-aa8b-b5923554afd7,100g phần,GRAM,100.0
dd3ffaa2-a648-5a82-a315-df2239f591c1,,,a3c4e77c-447b-5dfe-aa8b-b5923554afd7,3 tbsp,GRAM,28.0
5d3704cc-1680-5b13-8e00-cbe7af3d7e8d,,,076c424f-108a-5a54-ada5-669d4da9b64a,100g phần,GRAM,100.0
4e850bcf-3f7b-5a1c-af4a-389a573ce121,,,076c424f-108a-5a54-ada5-669d4da9b64a,3 cookie,GRAM,34.0
0ddebde5-d074-5acb-924b-e0e43047d174,,,31af365e-7610-5208-9eed-0589b03eec51,100g phần,GRAM,100.0
c550b4de-9cc5-55b8-831a-abe4c4d0d370,,,31af365e-7610-5208-9eed-0589b03eec51,2 scoops,GRAM,57.0
3b0134d8-a71b-5a7a-9ca3-bfd60e112841,,,658ca86c-e86a-5c2c-8f5e-9d4a361f215b,100g phần,GRAM,100.0
132bfc15-e9c5-5100-bc0e-975d263cb16d,,,658ca86c-e86a-5c2c-8f5e-9d4a361f215b,0.5 cup,GRAM,66.0
25d150ab-7c0c-59a1-9319-d15e3975ca60,,,369648c2-1485-540d-945c-4217e0bf31d6,100g phần,GRAM,100.0
5764125b-5fa8-51f7-99db-50421165ed66,,,369648c2-1485-540d-945c-4217e0bf31d6,0.5 cup,GRAM,85.0
4d1fb592-2627-58fa-a0e3-e948c3fd7c8a,,,0e7e9409-fa6e-52a2-a7c6-716aec298b5a,100g phần,GRAM,100.0
9323350a-045c-58a6-b3c7-bb6defc53ce5,,,0e7e9409-fa6e-52a2-a7c6-716aec298b5a,1 bar,GRAM,60.0
32c8649e-5a14-5908-8bf8-10b33ab63348,,,17966859-daf0-5e54-9bb4-92dcd9a74a6c,100g phần,GRAM,100.0
74a02c37-c90b-543b-840b-356c1cd630f6,,,17966859-daf0-5e54-9bb4-92dcd9a74a6c,2 tbsp,GRAM,30.0
0abc7447-0e7d-56d8-9fa7-b79d46569eed,,,a9e70094-0c3c-5d65-a050-a383c7195fe6,100g phần,GRAM,100.0
58ebe5dd-0db6-5631-a771-b46e8d3c94d1,,,a9e70094-0c3c-5d65-a050-a383c7195fe6,0.5 cup,GRAM,113.0
f72e03fb-aace-594f-9cae-3633adc16204,,,f6242b20-1b07-57ab-ab22-5f9aa53a2b0f,100g phần,GRAM,100.0
7fa6abc8-e8b6-5b49-975b-44b67ba0ddd9,,,f6242b20-1b07-57ab-ab22-5f9aa53a2b0f,2 tbsp,GRAM,30.0
f3a6d566-e93d-5834-b261-8a5cf01723a2,,,f2b7b365-fa0b-5a76-a500-5e760ae543c2,100g phần,GRAM,100.0
a031d98b-74db-5d11-88f9-bb399ed5f94a,,,f2b7b365-fa0b-5a76-a500-5e760ae543c2,1 scone,GRAM,80.0
0fe16e59-b09c-5e25-bcd6-8fa94a84284b,,,666cdd32-eb93-5a7b-a608-4e26e9fe0303,100g phần,GRAM,100.0
8f788c9a-2d0b-565e-935e-c18fef1e720a,,,666cdd32-eb93-5a7b-a608-4e26e9fe0303,1 cookie,GRAM,30.0
fda17e13-5dc1-598e-9c69-e1d97621ba8a,,,6af456ac-3b39-50f2-a686-17ac49b0f5ac,100g phần,GRAM,100.0
8da81333-c8e9-51b2-9af5-9796af15470f,,,6af456ac-3b39-50f2-a686-17ac49b0f5ac,1 cookie,GRAM,30.0
e63b5d85-59f3-5b54-9c18-ecebdd796635,,,ad3e5d9e-7494-5529-850d-f838630e6817,100g phần,GRAM,100.0
c60b9755-f193-59d8-a217-0dfa1786740b,,,ad3e5d9e-7494-5529-850d-f838630e6817,0.25 cup,GRAM,38.0
e5922e21-65b7-5074-93ca-5eede355dfee,,,f3ab53e1-cdf2-51a0-8b8a-08b54381ab8f,100g phần,GRAM,100.0
5b62b9f9-b55d-54e7-b888-eecf308ab01f,,,f3ab53e1-cdf2-51a0-8b8a-08b54381ab8f,6 oz,GRAM,170.0
719beeae-4c90-5808-b63f-e8d5a4bd782f,,,41468cc5-603d-5703-a65f-c3ebc7cf2d77,100g phần,GRAM,100.0
28bdcc83-f7c5-5346-947c-6a62f8491396,,,41468cc5-603d-5703-a65f-c3ebc7cf2d77,2 tbsp,GRAM,30.0
b0c9a085-9508-5650-8f61-4ca38e4296b0,,,abd01638-a2b9-5b45-b683-8f034e048f7c,100g phần,GRAM,100.0
52db2120-3257-5e78-a14d-e7e4a8847869,,,abd01638-a2b9-5b45-b683-8f034e048f7c,5.3 oz,GRAM,150.0
cc140a23-f12e-55ca-b8af-12c33f8de56a,,,ace43652-ebc1-53b3-afae-0df69e130733,100g phần,GRAM,100.0
c7600474-c570-59d5-bf4a-bdc24acb0557,,,ace43652-ebc1-53b3-afae-0df69e130733,4 oz,GRAM,113.0
83ea2ca0-5694-5adf-a8e2-a8110f5b9185,,,041e3f6d-ebc3-519a-b65a-3f08fc712542,100g phần,GRAM,100.0
29dc2bf9-b9f1-5e01-ab64-8e4fd4c64f24,,,041e3f6d-ebc3-519a-b65a-3f08fc712542,1 cup,GRAM,181.0
3ebd9f85-f66e-5154-88ee-07f6e6cfb81f,,,b3d16229-a47b-5f12-ad82-67a7a6a93e79,100g phần,GRAM,100.0
fa08ff80-7787-56c6-b616-cc773846a98f,,,b3d16229-a47b-5f12-ad82-67a7a6a93e79,1 cup,GRAM,41.0
6c00cfc6-0b54-52a8-83c5-c7129b7afcd1,,,d5f6dfdb-1288-5665-8e1e-4fcb895fb538,100g phần,GRAM,100.0
676e5a6b-0708-5118-ac49-5a7c30c87319,,,d5f6dfdb-1288-5665-8e1e-4fcb895fb538,3 oz,GRAM,85.0
d01f3c4e-6883-546d-abb1-acbc19984e09,,,1b97e0fb-1750-5375-94f2-164b13447da3,100g phần,GRAM,100.0
60df0cd8-0a56-5a99-878a-507925a7a7e2,,,1b97e0fb-1750-5375-94f2-164b13447da3,1 cup,GRAM,242.0
fc807a77-3fc3-59d4-918f-cee34539c25a,,,65a7ab89-b1dd-50a3-a12e-e5e307337dfd,100g phần,GRAM,100.0
24dcdd39-0aea-525d-ab13-b068f0653159,,,65a7ab89-b1dd-50a3-a12e-e5e307337dfd,2 tbsp,GRAM,15.0
82d4a740-763d-54d7-a2cd-f407f86c662d,,,e0df4041-0804-54d3-a46a-40242e93f7fb,100g phần,GRAM,100.0
643c2a5e-9382-5456-bc9a-0e422f7df349,,,e0df4041-0804-54d3-a46a-40242e93f7fb,1 cup,GRAM,130.0
a3f1fe72-4370-5b2f-b133-55994805ca21,,,c524acd2-5be4-553f-a57f-6d77d1993627,100g phần,GRAM,100.0
6b19fe32-4a9e-59dd-b1ea-5212ad1ea45e,,,c524acd2-5be4-553f-a57f-6d77d1993627,1 cup,GRAM,240.0
2bded7a0-5b98-5ec1-b127-78e257e52850,,,23331e2d-7f8a-5326-977b-23d8abb3e09e,100g phần,GRAM,100.0
c690850d-227d-5331-953c-a947b4ea3bf4,,,23331e2d-7f8a-5326-977b-23d8abb3e09e,15 wafer,GRAM,28.0
c1c16a59-e094-5988-b817-e83e9b7b4778,,,239589a4-f416-550b-bedd-c68b68620f9a,100g phần,GRAM,100.0
bd74eb8d-ed0e-5f0a-bf8b-925e4a7694cf,,,239589a4-f416-550b-bedd-c68b68620f9a,1 cup,GRAM,240.0
f873dd9d-8950-5278-acd3-059f4341a042,,,ce33c6fe-a046-5063-b753-ca99a9f00e4d,100g phần,GRAM,100.0
812a01f3-f690-5a5e-8061-328e65ba03bf,,,ce33c6fe-a046-5063-b753-ca99a9f00e4d,1 oz,GRAM,28.35
ceb119a5-49f5-5cf9-bde0-03d8ee44f751,,,63e3337b-704e-5bd6-af60-f5db7ff86ba5,100g phần,GRAM,100.0
873972d6-ce77-5ed6-8695-696348426488,,,63e3337b-704e-5bd6-af60-f5db7ff86ba5,1 cup,GRAM,240.0
08905d7f-2df2-5d22-8394-354d2158f1f7,,,5af6d057-da61-5ca5-bd55-d90e1f0d75d0,100g phần,GRAM,100.0
407fa131-6b78-5009-9c02-bf93810def41,,,5af6d057-da61-5ca5-bd55-d90e1f0d75d0,1 scone,GRAM,60.0
e25cffa3-7b7c-5d4c-9c80-d09adeb9ab9d,,,dea1c6e3-da96-521a-9681-ae2251c7510a,100g phần,GRAM,100.0
56b87fcf-4457-5c6b-9eba-112dcdaa2fbb,,,dea1c6e3-da96-521a-9681-ae2251c7510a,1 tbsp,GRAM,20.0
eb5921b9-d523-5288-b389-451ccf0dec3f,,,eb60ddce-d0b4-54bb-9a2a-4c60e7e1e678,100g phần,GRAM,100.0
ed7d270a-9b2e-5f0c-9f6b-89fbe4f8e47a,,,eb60ddce-d0b4-54bb-9a2a-4c60e7e1e678,1 tbsp,GRAM,15.0
14129689-cbe9-59f3-a3c7-4efb4545ae59,,,7eaef8ec-cfe8-50fe-9c1f-dfc644c39563,100g phần,GRAM,100.0
9dbe3b52-9d78-5e58-8964-1f78912624bf,,,7eaef8ec-cfe8-50fe-9c1f-dfc644c39563,0.25 cup,GRAM,40.0
03fbc13a-46b9-5b49-a6a1-3808c4992470,,,71211da5-6b3e-501c-85c6-d9f7ff78742b,100g phần,GRAM,100.0
4ecb2a82-fb52-5edc-a93a-7868055b9930,,,71211da5-6b3e-501c-85c6-d9f7ff78742b,0.5 cup,GRAM,66.0
70208d3f-2675-59b2-8713-84d00bedf936,,,e770618e-69b5-50a0-9c27-cdb97817a584,100g phần,GRAM,100.0
cd3b63b3-a390-5e08-aaa2-f32deeff64b0,,,e770618e-69b5-50a0-9c27-cdb97817a584,4 oz,GRAM,113.0
f0c48cce-55ff-593c-9419-f18f3608ef7d,,,d4fb1775-d535-502f-a6f0-5325dd014c70,100g phần,GRAM,100.0
205a8b92-cb6d-584d-ad41-db3b6d1884ec,,,d4fb1775-d535-502f-a6f0-5325dd014c70,0.81 oz,GRAM,23.0
9903c913-ced5-5ac6-ad79-4e230e9b8eb4,,,43dabb05-3285-5f83-9792-2d4409a544f8,100g phần,GRAM,100.0
684c1ef1-e3ff-5f33-993e-cf15d09337cf,,,43dabb05-3285-5f83-9792-2d4409a544f8,1 oz,GRAM,28.0
0bcb10d8-489e-57e6-bd9e-32a24e3000f7,,,2964eb9d-ebe3-5314-b986-157caa0f9b20,100g phần,GRAM,100.0
1e7532bc-c49f-5245-a765-988ac34d0c7e,,,2964eb9d-ebe3-5314-b986-157caa0f9b20,0.5 cup,GRAM,60.0
85a9c274-0f0e-5d10-91b3-ad25737f6d42,,,14f93dd9-916c-5e66-9e7e-bfce5dbfc8f6,100g phần,GRAM,100.0
dd84f0ff-0485-516b-a150-e519aad35307,,,14f93dd9-916c-5e66-9e7e-bfce5dbfc8f6,1 oz,GRAM,28.0
2fd6e7f1-7cec-5573-8383-f18d3e6bd8ae,,,2c43c812-71c0-5963-a353-b78670dedc68,100g phần,GRAM,100.0
2d97f92b-41bc-5e4e-9e07-a8677c1009ae,,,2c43c812-71c0-5963-a353-b78670dedc68,2.5 oz,GRAM,71.0
31c4e170-7850-5aeb-8140-6fd3ff22557e,,,641c639d-9185-5efb-81a4-9a02af0ce418,100g phần,GRAM,100.0
d9c693f7-dc27-5b32-af93-843b18d120e8,,,641c639d-9185-5efb-81a4-9a02af0ce418,1 cookie,GRAM,43.0
5cc803fd-d695-5d98-887e-f9b1080eb393,,,71aa844c-5b13-5317-9806-8613c3815437,100g phần,GRAM,100.0
f7d6dfb2-c202-5829-acc1-e4ad4e3286b3,,,71aa844c-5b13-5317-9806-8613c3815437,1 roll,GRAM,85.0
2faf61cb-605f-5f54-8628-0d4b736e4f21,,,a607f712-1b43-562b-9866-5b65fd560396,100g phần,GRAM,100.0
ed7e74ea-fbbd-5c61-a628-cc36aa97dfab,,,a607f712-1b43-562b-9866-5b65fd560396,2 pancake,GRAM,120.0
66ee25f9-58fb-5cdd-94b4-0453d2cbdffe,,,03910521-f854-5db1-bd73-44f4f8e139f6,100g phần,GRAM,100.0
5b3527a5-682e-52ab-990e-50305faddcb9,,,03910521-f854-5db1-bd73-44f4f8e139f6,1 donut,GRAM,65.0
105fd7d7-4303-5f3a-b637-84b2b1a4bd46,,,0b49ab23-b545-5cc8-a4fa-02b11382f7d5,100g phần,GRAM,100.0
2d25ae7d-0ff3-5091-b8c2-02d2af817d99,,,0b49ab23-b545-5cc8-a4fa-02b11382f7d5,1 piece,GRAM,25.0
2a36b188-1bbc-54ea-b6d9-6c6b4351bb8e,,,36f2a1e7-d113-5799-870f-cbe03996c277,100g phần,GRAM,100.0
5bb7a439-6584-53ab-8210-2357f819cdf9,,,36f2a1e7-d113-5799-870f-cbe03996c277,0.33 cup,GRAM,40.0
b91e978c-492c-56b5-94b7-765f9a658a54,,,0ce416cd-41e4-514f-91e3-5b9346b49d73,100g phần,GRAM,100.0
96e7795c-a8a0-5cb9-8947-2d3deaf7019d,,,0ce416cd-41e4-514f-91e3-5b9346b49d73,1 tbsp,GRAM,20.0
b18022dc-c690-5b13-a8ea-8adac7fd349c,,,d240f0ce-2fd2-51c6-8796-12bd18544158,100g phần,GRAM,100.0
71feb35e-3023-592a-baf2-ecbeedbc34a0,,,d240f0ce-2fd2-51c6-8796-12bd18544158,1 cookie,GRAM,30.0
37178277-68ab-5865-9924-5d0e22117189,,,a12934aa-d248-529c-a457-c33f2deaba4e,100g phần,GRAM,100.0
2f834916-ad7d-54ba-9a10-e1296167d574,,,a12934aa-d248-529c-a457-c33f2deaba4e,1 slice,GRAM,80.0
b150a608-3773-5294-9b43-3945d27f353e,,,14903951-dfcf-5fb0-aad0-996dad5ebbc5,100g phần,GRAM,100.0
b28d4863-e0b2-5f1d-9c4b-cad76e987e92,,,14903951-dfcf-5fb0-aad0-996dad5ebbc5,1 piece,GRAM,10.0
395efd27-4e02-5833-8b54-75d622b0683f,,,c0f6b2fc-cc83-5e21-b253-a32ba5ac29e4,100g phần,GRAM,100.0
1946f3ad-92b7-5e93-be05-dae7b7ce5acd,,,c0f6b2fc-cc83-5e21-b253-a32ba5ac29e4,0.5 cup,GRAM,130.0
a25c900e-7900-5b7e-afa9-6c1488cf2eec,,,c8cd6caa-3057-57a7-8025-ac185db0cf01,100g phần,GRAM,100.0
d99b8de4-0fb5-5d6e-a4b3-5483d26852dd,,,c8cd6caa-3057-57a7-8025-ac185db0cf01,1 bar,GRAM,40.0
ec2dc3d6-3bf8-5e80-b370-1cea0e57eddc,,,63907cbc-aeff-5af3-a0d5-986fe0197bc7,100g phần,GRAM,100.0
0295ee77-9bdf-5437-ac00-5105038964ca,,,63907cbc-aeff-5af3-a0d5-986fe0197bc7,1 cup,GRAM,240.0
3df1e1eb-2110-572c-acfb-06d99ddd1915,,,5c4a6ed7-1811-535d-bb6f-f8626eb75a20,100g phần,GRAM,100.0
66f5e8d8-5984-5165-8a9a-12549ea81658,,,5c4a6ed7-1811-535d-bb6f-f8626eb75a20,1 roll,GRAM,75.0
efaa903a-6461-5fee-a753-7a21878af7d8,,,39999e62-332d-5ffb-80a3-5ef57298e417,100g phần,GRAM,100.0
6df8bfaa-adeb-541d-974b-031f710fb659,,,39999e62-332d-5ffb-80a3-5ef57298e417,0.5 cup,GRAM,130.0
c19a2330-b8e7-58b8-9f34-d87ccc2643fb,,,7ac101ef-b29c-589c-bd7e-496e61dcde1d,100g phần,GRAM,100.0
b9d880ab-b204-5dbd-802b-846df3242bfb,,,7ac101ef-b29c-589c-bd7e-496e61dcde1d,0.5 cup,GRAM,55.0
51decf9c-9300-513a-9f59-bcdeb684cabb,,,e4fa4231-ab62-5291-8158-119fc81c029c,100g phần,GRAM,100.0
7344d312-9660-583b-a6a5-1fb09827fc55,,,e4fa4231-ab62-5291-8158-119fc81c029c,8 fl oz,GRAM,240.0
29dfcd20-a9a5-52a3-a90f-7b87c04a5ca4,,,1c683870-3f73-50e8-8dae-e6ccffb57f3c,100g phần,GRAM,100.0
c7bc0dff-ca66-52d8-8bf6-6e44867f1b6a,,,1c683870-3f73-50e8-8dae-e6ccffb57f3c,7 fl oz,GRAM,200.0
de4f3d43-16d9-54dd-aa4f-08479db6a52e,,,bff15cd6-6c04-5f65-835d-e9a32b0480c9,100g phần,GRAM,100.0
7b09accf-fc92-58d1-83ec-d36e791b603e,,,bff15cd6-6c04-5f65-835d-e9a32b0480c9,0.33 cup,GRAM,50.0
803cf5b0-6115-50b0-88a8-22f5d7769135,,,420dbe68-1c8b-5e1d-816e-2ef835139547,100g phần,GRAM,100.0
d5be9615-4a74-53aa-b56c-4355cf9ca3e5,,,420dbe68-1c8b-5e1d-816e-2ef835139547,1 slice,GRAM,80.0
61661388-9f84-5d00-9445-86ab8e14cbeb,,,7134b37b-5429-54ee-b442-d1a48ce6710a,100g phần,GRAM,100.0
9546fc2b-0a20-5a28-b52c-bbfcdeb52415,,,7134b37b-5429-54ee-b442-d1a48ce6710a,0.25 cup,GRAM,30.0
acd9d5d6-239f-5bb4-a5a6-160a5f2ea9b0,,,6015548b-a0f7-591e-993d-1023286bc3a7,100g phần,GRAM,100.0
5bc424e4-b2e6-53b3-bde8-1e500eb523ac,,,6015548b-a0f7-591e-993d-1023286bc3a7,1 slice,GRAM,80.0
bff2c63c-bc32-5433-8e51-c33d26cc9789,,,55d0f466-d71a-5d0d-8ea1-beb5d3b95364,100g phần,GRAM,100.0
50df8532-78dd-5853-8b0d-fcfa664f756b,,,55d0f466-d71a-5d0d-8ea1-beb5d3b95364,0.5 cup,GRAM,66.0
3d568eb5-7224-5022-80c3-710204569ba2,,,2230b1d4-7551-5763-b462-e4724aebb88d,100g phần,GRAM,100.0
bc7c832b-6644-54c9-8e77-fd4734746b86,,,2230b1d4-7551-5763-b462-e4724aebb88d,1.4 oz,GRAM,40.0
7b65a077-dc8b-5c74-875d-8765544c9d0f,,,8042b44e-c1c3-59fb-a82c-6cbf9ef04f95,100g phần,GRAM,100.0
540dd746-f1e9-5246-bd37-228bcf87d9c9,,,8042b44e-c1c3-59fb-a82c-6cbf9ef04f95,0.25 cup,GRAM,30.0
26496836-26f2-5283-9225-48c2879f4dd6,,,718e6b9f-26f4-5ce6-8d1d-6ba36f0fb335,100g phần,GRAM,100.0
e1f2c1c6-ace6-5af7-bd83-3ff5620fb753,,,718e6b9f-26f4-5ce6-8d1d-6ba36f0fb335,5.3 oz,GRAM,150.0
e37e00a7-edf6-5062-82c5-26df64e91ecf,,,38312d25-40fe-5f3d-a5f3-e3f2654ac85d,100g phần,GRAM,100.0
308fbea0-8517-52c9-a6e8-13b7ba50d957,,,38312d25-40fe-5f3d-a5f3-e3f2654ac85d,1.6 oz,GRAM,45.0
e704ce31-58f2-54db-b714-ad51dcbf4238,,,7fbf2a3f-0ab6-50f5-9f31-0bd37e890da1,100g phần,GRAM,100.0
b7bf29c4-2362-521d-b80a-cb47b4a85335,,,7fbf2a3f-0ab6-50f5-9f31-0bd37e890da1,1.8 oz,GRAM,50.0
b8305ff3-f8d8-55ef-b763-e109a7b59acd,,,dbc4f07c-b01f-5122-952e-25881c4e8cf1,100g phần,GRAM,100.0
02aae21b-424a-5675-a333-5c4fdbd2d8e3,,,dbc4f07c-b01f-5122-952e-25881c4e8cf1,1 donut,GRAM,75.0
7b1df29a-b063-5588-831d-92231f35b395,,,62d0540d-dd00-5384-92f2-68a4fe0cf2f1,100g phần,GRAM,100.0
c1cc07f6-d5b3-5ae3-9d32-db6bf17cda4a,,,62d0540d-dd00-5384-92f2-68a4fe0cf2f1,1 muffin,GRAM,105.0
114c577b-bd86-53fe-8758-2276a3fcbb2b,,,e295d9de-b342-5aac-97a8-4c3134cacacf,100g phần,GRAM,100.0
398c8082-517b-595f-9770-1d1e826beee9,,,e295d9de-b342-5aac-97a8-4c3134cacacf,2 tsp,GRAM,8.0
0876c38b-bdd1-5d37-90c2-bb349b59a9f5,,,cad17bae-b809-5867-886b-a8dcb5ce457c,100g phần,GRAM,100.0
0a3b6213-f9e4-5b11-af15-382426ca17d0,,,cad17bae-b809-5867-886b-a8dcb5ce457c,2 tbsp,GRAM,30.0
62881e66-2ddb-502c-b17c-0b575656e33a,,,c49ed522-11b0-575f-aaff-3094f965ce28,100g phần,GRAM,100.0
fea38cb9-de67-5d61-9826-f20f1fbd8fd3,,,c49ed522-11b0-575f-aaff-3094f965ce28,2 tbsp,GRAM,30.0
8bf8f410-f659-5a9f-9571-d2a688bd59b7,,,07c74ec4-7410-59fb-b1b0-0222a00c7e88,100g phần,GRAM,100.0
7c1cce1a-e5fd-5e73-be00-7807e0150e4e,,,07c74ec4-7410-59fb-b1b0-0222a00c7e88,0.5 cup,GRAM,122.0
2b08224c-5012-503b-9e5e-d51a3ed15ee4,,,5b884f9c-2059-5b3d-9ad8-e2960a4e9f44,100g phần,GRAM,100.0
2e221885-2142-5fac-bff7-61186ffe23cf,,,5b884f9c-2059-5b3d-9ad8-e2960a4e9f44,1 donut,GRAM,80.0
ebce7d1c-465d-564d-9a3a-1ee4a04da876,,,70394efe-4970-529f-8069-ecf910e897e4,100g phần,GRAM,100.0
029c3cb1-d06b-5f62-8e87-e5dbe26a12e8,,,70394efe-4970-529f-8069-ecf910e897e4,0.25 cup,GRAM,40.0
55d877e5-3ebd-5d78-ad44-538b5e1f3b37,,,0fba44fa-9914-5a07-9712-4974e8bfda94,100g phần,GRAM,100.0
b4d7a0e8-f444-5d84-aee1-4d4987334365,,,0fba44fa-9914-5a07-9712-4974e8bfda94,2 tbsp,GRAM,30.0
7e255828-62c2-5655-ae50-da062a35fb62,,,24fd74f0-09a1-5b58-a5a9-3b7b45ecd52c,100g phần,GRAM,100.0
184a55cb-12a6-5642-8e16-d3166a1b678a,,,24fd74f0-09a1-5b58-a5a9-3b7b45ecd52c,1 waffle,GRAM,120.0
bc722a37-23b5-5dbc-8250-6c78a443368c,,,b94f7246-469e-5383-8fb3-489ce7b141c0,100g phần,GRAM,100.0
7b85a47d-95a8-5542-b422-a9db13544f3a,,,b94f7246-469e-5383-8fb3-489ce7b141c0,1 oz,GRAM,28.0
66dc5a1f-1794-5f36-a1f3-546f1be9c75f,,,33e63ee5-5775-55d8-860b-1f3326bd5859,100g phần,GRAM,100.0
ecab1080-2365-5147-8009-f193f2d1fc96,,,33e63ee5-5775-55d8-860b-1f3326bd5859,1 cup,GRAM,240.0
be75338f-b80b-57fb-9fa5-024131830289,,,f87effc3-810f-5fa6-94a2-4db7e0a8aa11,100g phần,GRAM,100.0
d115a757-f4fb-54b1-b500-35c48a8d5ac4,,,f87effc3-810f-5fa6-94a2-4db7e0a8aa11,4 tbsp,GRAM,60.0
1177557f-8155-5a0b-a21b-93947471281e,,,8c11b59e-15ba-57dd-bc09-62f042bfe764,100g phần,GRAM,100.0
971e12cd-663a-5f16-bcc4-6c6acb726571,,,8c11b59e-15ba-57dd-bc09-62f042bfe764,1 muffin,GRAM,80.0
74a19b6b-a7a3-5fbd-b38a-987cea58bb18,,,8a6150cf-482e-52cf-8928-56d66ecfad2e,100g phần,GRAM,100.0
9f7144c5-556a-5cf3-ac84-232293567d5e,,,8a6150cf-482e-52cf-8928-56d66ecfad2e,2 oz,GRAM,57.0
9a2952f5-638e-52ab-b8c4-657d2ff01522,,,754dd35e-8359-5987-909d-62e3f065369e,100g phần,GRAM,100.0
8c16dd25-052f-54ae-a880-14dd8e3550e8,,,754dd35e-8359-5987-909d-62e3f065369e,1 tsp,GRAM,4.0
2132d3e0-0825-50bc-92c2-04e5dd27300d,,,933d57e3-1ff0-56f2-8e38-cdea3a4f7f01,100g phần,GRAM,100.0
119db896-c96b-502a-beaf-8a70d513b5a2,,,933d57e3-1ff0-56f2-8e38-cdea3a4f7f01,8 wafers,GRAM,29.0
4b0a08ef-7817-549f-8698-a0c7fb9e7b75,,,1869eaf5-96ef-53e4-a937-0a459969fb46,100g phần,GRAM,100.0
72a6a414-ead9-586d-9c25-045db11cc91e,,,1869eaf5-96ef-53e4-a937-0a459969fb46,1 slice,GRAM,80.0
8d450b63-e3b0-5dbc-a9d0-56d6e789a694,,,b486ae31-be3e-55e0-b7e1-29d865b8ee56,100g phần,GRAM,100.0
3f5bd3f7-a163-5e90-be31-adf26f44a9b8,,,b486ae31-be3e-55e0-b7e1-29d865b8ee56,2 cookie,GRAM,30.0
7048ee90-4426-5eb3-a3cd-b7ea92a415ba,,,63232ae3-0799-5cd1-b733-2e66d1ff73e2,100g phần,GRAM,100.0
67622dbe-009b-5207-a747-4f956de68843,,,63232ae3-0799-5cd1-b733-2e66d1ff73e2,2 oz,GRAM,55.0
e9a801f1-da8c-5302-95f0-ca7b17ebb362,,,070731c4-713d-5267-9209-62a8015a7ee7,100g phần,GRAM,100.0
b4ce5950-ab64-54ce-9d69-764ea8e59d61,,,070731c4-713d-5267-9209-62a8015a7ee7,1 tbsp,GRAM,8.0
d4f958fa-4c6d-5964-ad29-06db01126f5b,,,3906495e-abb8-5ae2-a5be-083712727808,100g phần,GRAM,100.0
b8461a9c-f687-5754-8d77-d897a4552ee4,,,3906495e-abb8-5ae2-a5be-083712727808,2 slice,GRAM,28.0
4430f6b6-71d1-57e2-a044-1ba7cc40ebcf,,,70f9ca22-c0aa-5d77-88f8-42e9889b3b4b,100g phần,GRAM,100.0
98e4a8fb-6f7a-534f-9988-2a20b2e368f6,,,70f9ca22-c0aa-5d77-88f8-42e9889b3b4b,1 tbsp,GRAM,15.0
e2a3343f-d0c2-5e66-9a69-99504ba3d729,,,a333a73d-ee4f-5214-9a85-ba5d9359ccb8,100g phần,GRAM,100.0
75e76a19-1003-54c0-a43d-50d243c73ebd,,,a333a73d-ee4f-5214-9a85-ba5d9359ccb8,0.5 cup,GRAM,60.0
7b0dc737-6f7b-5fcf-8cf8-6f437bf7bffe,,,ebfd99e5-cb40-55ee-be0d-f8c7a11e803c,100g phần,GRAM,100.0
8d159aae-c78e-507d-9fe5-f3d21714aecf,,,ebfd99e5-cb40-55ee-be0d-f8c7a11e803c,2 tbsp,GRAM,32.0
6934bbe0-69a7-5e73-a4ad-4aa51e8b9f22,,,07c62af3-dad7-555e-9d8f-d34843bf1af4,100g phần,GRAM,100.0
ddf6d72b-df6d-5310-acee-90908dfaf8ac,,,07c62af3-dad7-555e-9d8f-d34843bf1af4,0.33 cup,GRAM,40.0
01f81c9d-723a-54ae-a3b6-762656234752,,,84b9672c-f6f4-50c8-bed2-acc1a2dbbb46,100g phần,GRAM,100.0
1ac6a3b0-772d-596a-b2d5-3e8054406fde,,,84b9672c-f6f4-50c8-bed2-acc1a2dbbb46,1 oz,GRAM,28.0
b9538fc3-6cce-55ac-b5a2-215ed2329187,,,e03f84f4-285d-545b-a6c4-162cef8f90fa,100g phần,GRAM,100.0
6efcf183-3c9d-5a64-b8e7-53c7ac7184d6,,,e03f84f4-285d-545b-a6c4-162cef8f90fa,1.5 oz,GRAM,42.0
06741d19-3397-524d-bea7-9a065d630850,,,e22a6a02-630e-5705-8199-21d5f6081525,100g phần,GRAM,100.0
4193819c-909e-5e8c-8ff2-d9ecd2c21600,,,e22a6a02-630e-5705-8199-21d5f6081525,1 pop,GRAM,80.0
b4a5ee97-a565-579c-a1e8-f255dd2ebcea,,,5e2c380f-fa41-5550-9c28-7ae582ef3bd7,100g phần,GRAM,100.0
a7923037-0929-5aab-8592-cd167421642e,,,5e2c380f-fa41-5550-9c28-7ae582ef3bd7,1 oz,GRAM,28.0
d5d5b478-b38d-574d-b137-9925a226e19a,,,cd4cdee4-e7a0-53b1-ba78-09beac8621b6,100g phần,GRAM,100.0
e62ab423-9b85-514a-8013-154945eec1bd,,,cd4cdee4-e7a0-53b1-ba78-09beac8621b6,1 muffin,GRAM,80.0
8c676489-d86c-5d85-b349-f50cd00bffc2,,,c87aa458-6379-5054-a9cc-4ca87d0b4678,100g phần,GRAM,100.0
eb34edb7-e929-599b-b05f-404e47b0e3a0,,,c87aa458-6379-5054-a9cc-4ca87d0b4678,1 slice,GRAM,60.0
5a4ea59a-87cc-5066-a969-6880b1d7c354,,,d0adc36c-f12b-5277-86b9-5eb3496b81a3,100g phần,GRAM,100.0
9b4126f8-01ba-561c-81d9-35812616ea70,,,d0adc36c-f12b-5277-86b9-5eb3496b81a3,1 roll,GRAM,60.0
98a889d1-e2ed-527a-a9d9-8453a884d5fc,,,a1d1ba26-0625-5c12-b93a-b59d6d43d399,100g phần,GRAM,100.0
9f707d2f-a359-5a0b-b47a-a7186494ad7e,,,a1d1ba26-0625-5c12-b93a-b59d6d43d399,1 donut,GRAM,80.0
494e3c41-6e78-52aa-b47c-6316c208c8bc,,,372e468b-6bb4-5846-977b-b28dba3feccf,100g phần,GRAM,100.0
6e21ba65-5f31-5c54-85f8-df60959739ab,,,372e468b-6bb4-5846-977b-b28dba3feccf,1 cookie,GRAM,16.0
f2c1bdb1-8040-5ef2-a2d2-8cc3b94da601,,,4147a176-0cee-54fb-a156-ee702f9bcded,100g phần,GRAM,100.0
dde6c69f-dd62-5c40-a390-3d050cb5c8cc,,,4147a176-0cee-54fb-a156-ee702f9bcded,4 pierogi,GRAM,123.0
ac2a0c03-8ab2-54b4-b096-be6ac1ee0fc3,,,56dc043e-bf8a-50b8-9062-806459616bd2,100g phần,GRAM,100.0
706a00c8-9f8c-5462-877a-d3e5f7762135,,,56dc043e-bf8a-50b8-9062-806459616bd2,4 tbsp,GRAM,60.0
b3ee3b65-dfd0-5918-a3eb-cc3c60fd95f7,,,bb6c759d-7a37-5af3-a04a-e3af73f16d0c,100g phần,GRAM,100.0
4027d442-0487-57dd-9325-ea7a19ed454f,,,bb6c759d-7a37-5af3-a04a-e3af73f16d0c,1 cookie,GRAM,28.0
8e7cf8fa-91e5-58ae-a364-2b9ca56404e3,,,d08829fc-4b61-5154-be52-6c97138bd189,100g phần,GRAM,100.0
36bed3f0-59be-5313-84cd-4ef8989124c4,,,d08829fc-4b61-5154-be52-6c97138bd189,1 cookie,GRAM,30.0
2cb57396-9958-5407-9b38-292cd391e026,,,b1066d63-efef-5c6a-8e70-42212d9c895f,100g phần,GRAM,100.0
912fc939-e6e3-546d-8d91-b0f5ad2a45ba,,,b1066d63-efef-5c6a-8e70-42212d9c895f,0.5 cup,GRAM,66.0
16286613-c944-5265-81ef-d7dae7749503,,,eeceb8c9-c7eb-5167-8a0e-eff62d9cac8e,100g phần,GRAM,100.0
0813f7f6-60b9-5df2-8c5c-6f0ae284253c,,,eeceb8c9-c7eb-5167-8a0e-eff62d9cac8e,0.5 cup,GRAM,123.0
3fadced2-a028-50a7-9dcf-5ed651ccd8f4,,,3d150742-7802-5b14-99ec-acfff642f465,100g phần,GRAM,100.0
3d8c4da9-96a7-5204-b0a2-86ac2ff06f18,,,3d150742-7802-5b14-99ec-acfff642f465,1 bar,GRAM,40.0
b514d9cf-7ddc-5843-9deb-83602158d65d,,,7f86f4d1-1a40-5076-8b1e-55fbfeeaaf4b,100g phần,GRAM,100.0
6acc419c-2b83-5a79-a759-6f7dd65570df,,,7f86f4d1-1a40-5076-8b1e-55fbfeeaaf4b,1 muffin,GRAM,85.0
f2213bc2-6174-5932-a83a-3d64a190c13b,,,aa6289b8-0080-5492-9d2f-c5139c65b31b,100g phần,GRAM,100.0
4a75b26f-0990-517c-970e-40ed790acecc,,,aa6289b8-0080-5492-9d2f-c5139c65b31b,0.5 cup,GRAM,120.0
d4d94e02-4bf4-5c10-aa42-59f4e3b522d3,,,20b1c400-97e1-599e-9d22-59d197fc2eec,100g phần,GRAM,100.0
55c57740-bd87-5264-95fd-15f0f005e437,,,20b1c400-97e1-599e-9d22-59d197fc2eec,1 oz,GRAM,28.0
91181bce-460d-5690-b4c2-4a1bd7ff7aa1,,,ea4cd0a3-fb4a-5759-9d95-52759ea23fb9,100g phần,GRAM,100.0
ef913245-b167-5e87-95f0-7f8696cc7d01,,,ea4cd0a3-fb4a-5759-9d95-52759ea23fb9,1 piece,GRAM,75.0
0d1f1879-d2ca-5103-b141-032aef45e063,,,8c494dd9-832d-5689-afb3-6b0b53438642,100g phần,GRAM,100.0
fbbab9c9-d4cd-54fb-89bf-c5e8a1832c4a,,,8c494dd9-832d-5689-afb3-6b0b53438642,2 tbsp,GRAM,30.0
1b599ee6-683f-5307-bb97-9369bad7463d,,,8064ca21-8a86-5d75-b6d1-d59c2b07f245,100g phần,GRAM,100.0
2ca2ed2b-437f-59a7-a786-d4dfba92ae95,,,8064ca21-8a86-5d75-b6d1-d59c2b07f245,1 oz,GRAM,28.0
82d84ae2-3199-5708-a6f3-3b202f24d30c,,,d8e8eb06-e876-58e3-b902-f192f7af800c,100g phần,GRAM,100.0
d0616b1a-7d4e-5f1a-9db3-acb02776256d,,,d8e8eb06-e876-58e3-b902-f192f7af800c,1 cup,GRAM,240.0
8d26fd1d-2ad1-5e37-a640-1e7ff3f410f0,,,f8ee52a9-e414-5eea-9af1-8cc73a96f99a,100g phần,GRAM,100.0
7481e709-4cf1-5ad9-aafb-bb28042ff348,,,f8ee52a9-e414-5eea-9af1-8cc73a96f99a,0.5 cup,GRAM,125.0
d5019820-4aff-5d63-92bf-67a800b1fb79,,,60725071-06bd-5b0f-bbc6-7e7260649887,100g phần,GRAM,100.0
bea4a3a1-a096-5c41-9809-87be54963ecb,,,60725071-06bd-5b0f-bbc6-7e7260649887,0.5 cup,GRAM,80.0
68803732-9c54-514b-bcea-97d3def18b09,,,390aae4b-bc8f-538b-8291-d492548511ec,100g phần,GRAM,100.0
72db61fe-5aad-54ab-ad94-19f8d81f8e5c,,,390aae4b-bc8f-538b-8291-d492548511ec,0.25 cup,GRAM,25.0
6c2e5777-1d4e-5cd5-8b89-57f203d953f5,,,e5af68bd-2950-5e72-89bc-3c58963f61ca,100g phần,GRAM,100.0
7b54185c-61a0-5664-b8b0-df8dc56b92b8,,,e5af68bd-2950-5e72-89bc-3c58963f61ca,1 tbsp,GRAM,16.0
4c0bdb44-1d80-5939-bd9f-f2eee9196d2d,,,362ab4d9-4dea-55ee-a648-dec303efc7f8,100g phần,GRAM,100.0
e0562ed6-e0f9-5aca-8932-d948704755dd,,,362ab4d9-4dea-55ee-a648-dec303efc7f8,1 pancake,GRAM,80.0
1e7818d5-2dff-5c2c-b796-94c7b4e0f295,,,6d13ec37-be68-56fa-b274-4ff2d555cdd2,100g phần,GRAM,100.0
117af345-c238-5fd5-a0cf-2d353287309b,,,6d13ec37-be68-56fa-b274-4ff2d555cdd2,1 bar,GRAM,40.0
8db33ee8-deab-5848-8d5a-b0b071945cc0,,,f3609aa3-49e1-5f51-a329-c49e692eb5dc,100g phần,GRAM,100.0
60669916-ba06-59be-a9fe-11450f670d57,,,f3609aa3-49e1-5f51-a329-c49e692eb5dc,1 cake,GRAM,9.0
66a9e8c2-2270-5d30-9ee7-03f8daf1f616,,,f3236393-4638-51e0-803a-fb99431492c6,100g phần,GRAM,100.0
be541404-f028-5a20-a97f-8c59605a1ad8,,,f3236393-4638-51e0-803a-fb99431492c6,1 donut,GRAM,71.0
f060b673-6521-5e5b-84c7-8ad849bd34c6,,,7e998c31-63d6-59f8-bc64-c98c9af608d5,100g phần,GRAM,100.0
bd36d7b6-2c36-581b-9c52-5614e1ee2da9,,,7e998c31-63d6-59f8-bc64-c98c9af608d5,2 tbsp,GRAM,30.0
9ccab2cc-8ede-51ea-bdb3-c7e805802eb2,,,65206b3a-de05-5b63-94b1-dbaf7b5f2e01,100g phần,GRAM,100.0
6a887d85-2045-5384-a7d1-29bdcddce37f,,,65206b3a-de05-5b63-94b1-dbaf7b5f2e01,2 tbsp,GRAM,40.0
792bb05c-da94-575f-8d7f-9c46822f2ebf,,,d87d98e6-194a-5c92-afdd-9aade644cc45,100g phần,GRAM,100.0
0e745b41-b6e9-5d47-a7e5-d15c2af95245,,,d87d98e6-194a-5c92-afdd-9aade644cc45,1 oz,GRAM,28.0
2227be57-889e-5470-ae16-44ff7a0897f9,,,7eb52991-9cc0-5a68-90c0-82c199267d5c,100g phần,GRAM,100.0
044e9f41-1996-5820-a864-035f3abbe19a,,,7eb52991-9cc0-5a68-90c0-82c199267d5c,1 cookie,GRAM,30.0
fb93443e-9472-5de7-8b60-8bcda2bc63e0,,,02b00a2f-159a-578b-95ae-44a07c21afeb,100g phần,GRAM,100.0
4a3fb726-f522-5582-ba9f-2b8ac92415cd,,,02b00a2f-159a-578b-95ae-44a07c21afeb,0.5 cup,GRAM,125.0
992e5e0f-7dc6-5789-acb6-e68e8824716e,,,36b2db9b-0989-5ccf-a503-d02baeeae145,100g phần,GRAM,100.0
58012b43-350c-577f-b06a-43d96c456dcd,,,36b2db9b-0989-5ccf-a503-d02baeeae145,3 tbsp,GRAM,28.0
25229487-92d7-5eda-af13-0da8126abe33,,,d5cee807-aaa3-52a5-8c2f-e1df570da6be,100g phần,GRAM,100.0
9321bc9a-13fd-548c-b83d-3868070e91d3,,,d5cee807-aaa3-52a5-8c2f-e1df570da6be,1 oz,GRAM,28.0
0837dd47-486c-553d-914c-76e13567398e,,,205bb424-e584-5280-baa8-8faebb3bf369,100g phần,GRAM,100.0
8b3e0eac-63ec-5559-89b4-8f08753b3337,,,205bb424-e584-5280-baa8-8faebb3bf369,1 cup,GRAM,245.0
085ffc4a-4c02-5627-982d-7d4f506404c2,,,f9e09773-73fb-5600-8ee3-ed7720a390e1,100g phần,GRAM,100.0
88ded5ae-03e1-50e1-87bc-b422ca7e608a,,,f9e09773-73fb-5600-8ee3-ed7720a390e1,8 fl oz,GRAM,240.0
a6801a3e-af6b-5cb3-beac-325ea385a686,,,c246983c-8768-56a0-b670-772b9bc1beb8,100g phần,GRAM,100.0
03aff2fa-5615-59a6-b1bf-d5f414522823,,,c246983c-8768-56a0-b670-772b9bc1beb8,1 donut,GRAM,70.0
682a390e-e624-5bf7-9ba9-c40ef859e5e8,,,3584158a-811b-575d-8d16-a24c322c00c7,100g phần,GRAM,100.0
e74eca7c-8c35-5348-84a0-d6b608d5418a,,,3584158a-811b-575d-8d16-a24c322c00c7,1 muffin,GRAM,90.0
585300d2-32ad-5f00-88ae-38d35e5827c0,,,bc028f42-8813-583e-afa2-bd4d9c26cd67,100g phần,GRAM,100.0
92562db3-dd29-500a-9fc0-fe13969b473b,,,bc028f42-8813-583e-afa2-bd4d9c26cd67,21 piece,GRAM,20.0
5ce75e0e-9b9c-51a4-9c6b-8512dd95ee41,,,97b7fdb5-9270-5c4f-8e0c-99eb685a71d9,100g phần,GRAM,100.0
56b85eee-6e62-500b-9505-98a495617938,,,97b7fdb5-9270-5c4f-8e0c-99eb685a71d9,1 tbsp,GRAM,15.0
bea7bfff-3b94-5205-95e2-2ce2f5c872ff,,,8d5c73ab-ee04-58b7-b8d2-d505b6623698,100g phần,GRAM,100.0
3a435819-786d-5f60-822c-7024e0de1da7,,,8d5c73ab-ee04-58b7-b8d2-d505b6623698,1 tbsp,GRAM,15.0
74db02ff-b016-596b-bc9e-9c26afc4f856,,,a7f18125-334b-5df7-a48c-9891596ff262,100g phần,GRAM,100.0
710fd907-93df-57c3-86f1-9b57e0d81f4b,,,a7f18125-334b-5df7-a48c-9891596ff262,1 muffin,GRAM,135.0
ca7ffa08-0a77-5bdd-be81-00a691c8b4ea,,,b5784bee-5a74-5702-a718-1f391c9e362c,100g phần,GRAM,100.0
321e85b9-93fe-52fd-befd-8776664003ea,,,b5784bee-5a74-5702-a718-1f391c9e362c,0.5 cup,GRAM,125.0
94f1a66b-653f-5080-8a81-b96b4c775a1e,,,fed1f404-a03e-55d4-b2f2-abef16855a64,100g phần,GRAM,100.0
8232615a-2754-5be1-b9e2-4263dbb6b79c,,,fed1f404-a03e-55d4-b2f2-abef16855a64,1 piece,GRAM,80.0
13ea7d1f-ab36-591e-b485-e7c5452351a6,,,ba0d5304-774c-512f-9d66-d08708b3322f,100g phần,GRAM,100.0
4832492f-e7bd-514b-bccd-4a50af864458,,,ba0d5304-774c-512f-9d66-d08708b3322f,1 oz,GRAM,28.35
45178363-409f-5f50-9276-61d1a2466097,,,08ce32bd-fd7f-5503-b78a-641294d51694,100g phần,GRAM,100.0
19019da2-f69d-5306-b402-df7f2dc515c4,,,08ce32bd-fd7f-5503-b78a-641294d51694,1 crepe,GRAM,88.8
02833519-3f77-5d2d-be80-eba112b30d97,,,70f6c640-6728-5756-9877-575939e9f6d9,100g phần,GRAM,100.0
c1aa5927-6448-55bd-a2a9-b568fbbdafef,,,70f6c640-6728-5756-9877-575939e9f6d9,1 piece,GRAM,50.0
04d1d70c-d10b-5d8c-96d3-097739cfca39,,,89beaed7-2050-5c42-872f-3ff447db5d61,100g phần,GRAM,100.0
5bf44d05-6abe-5be1-9630-e80e28b64fd8,,,89beaed7-2050-5c42-872f-3ff447db5d61,1 cookie,GRAM,28.0
318f2e76-1e79-5127-a95c-7c82f7201e93,,,b757cae4-0a5b-51ae-aaf9-f8230ccda748,100g phần,GRAM,100.0
8d168b48-748a-54b3-83ed-9a25216bdee9,,,b757cae4-0a5b-51ae-aaf9-f8230ccda748,2 cookie,GRAM,28.0
736e2769-da9b-5cfd-939d-76594ad6922f,,,6802a15c-f3b7-5433-af02-d37efbfd0888,100g phần,GRAM,100.0
35c849f3-d748-5676-a745-1d78b48ec755,,,6802a15c-f3b7-5433-af02-d37efbfd0888,2 piece,GRAM,42.0
42a038a2-3b46-53b8-bef1-a8be1bb0c2d1,,,89e83854-c3cd-5f0f-9a34-bff4e9deddca,100g phần,GRAM,100.0
850c4430-796c-5f1d-94fd-ac7e3ef381bc,,,89e83854-c3cd-5f0f-9a34-bff4e9deddca,1 slice,GRAM,80.0
77a83ed2-2d8d-58ae-b189-50d0918c108a,,,04ca37c5-7513-5d04-8950-d31672cb2d37,100g phần,GRAM,100.0
f5ad6c2c-a9ea-5cec-9f1f-8d4607ae404f,,,04ca37c5-7513-5d04-8950-d31672cb2d37,8 fl oz,GRAM,240.0
3dcd703b-f63e-58c3-9078-1c7e54615109,,,d7433b36-0347-5c9d-a525-f61a06d5bf57,100g phần,GRAM,100.0
5fa0c69c-70ab-5e49-b4e7-5780acba383b,,,d7433b36-0347-5c9d-a525-f61a06d5bf57,5 oz,GRAM,140.0
66a953cc-f919-5581-9906-277e63ad1e10,,,c3ae23b8-928f-5afb-9cb1-7865384a212f,100g phần,GRAM,100.0
a47565ab-30a1-5cfd-a3af-141f9b5bba1f,,,c3ae23b8-928f-5afb-9cb1-7865384a212f,3 oz,GRAM,85.0
1c96c184-b3dc-5313-a7ed-b58cb48cca4c,,,5feb0a26-c9f4-5fcf-a576-5cf990ff3f34,100g phần,GRAM,100.0
3555c70f-cc54-5cb6-aa43-3c066ac62ccd,,,5feb0a26-c9f4-5fcf-a576-5cf990ff3f34,1 cookie,GRAM,28.0
be4e30b6-cc1e-5b95-9ffd-54df6cd77f74,,,6cd19d5c-1363-5613-ae22-0d1bde001c16,100g phần,GRAM,100.0
ad96b8fe-d8b7-59b5-8365-3803115b5fc5,,,6cd19d5c-1363-5613-ae22-0d1bde001c16,2 piece,GRAM,14.0
c8debf9d-d7b8-53af-be13-c7a466cb1f53,,,86291cce-c6e1-5f2e-b94e-51374e6ff897,100g phần,GRAM,100.0
dced1f61-4041-57f8-a8c2-ba834a3bc71a,,,86291cce-c6e1-5f2e-b94e-51374e6ff897,3 oz,GRAM,85.0
7e33ce99-2e9d-55ef-b460-23e6f36235dc,,,d91a75b3-59a2-57d9-b00f-e447bd4ac14c,100g phần,GRAM,100.0
9116c754-3531-5ad9-ae6f-cf15663bff22,,,d91a75b3-59a2-57d9-b00f-e447bd4ac14c,0.33 cup,GRAM,40.0
967764f8-8250-5902-bd21-fbf252829517,,,93fd272a-879e-51b8-bc2f-4ad9c230db04,100g phần,GRAM,100.0
38ec9584-cd37-5b74-848b-3cc2f7c81b2f,,,93fd272a-879e-51b8-bc2f-4ad9c230db04,1 pancake,GRAM,62.0
2e3f34b1-d5a3-5253-a556-bd14b6e8a7c8,,,1fb44164-cf2e-52e5-8271-a16ece0a4b32,100g phần,GRAM,100.0
4e17d00c-9877-51e1-8dbf-d819719aa365,,,1fb44164-cf2e-52e5-8271-a16ece0a4b32,0.5 cup,GRAM,70.0
bc731aa1-d1a0-50b1-8633-be08a0733eeb,,,f9ac20cc-0f24-52ea-a941-a8985c2bf034,100g phần,GRAM,100.0
19377d96-e498-54eb-8b1d-f0ea61b297f8,,,f9ac20cc-0f24-52ea-a941-a8985c2bf034,1 oz,GRAM,28.35
70f7c558-8380-5055-a8dd-ff14cd3d2fc6,,,4bbc2e7a-19e5-5378-9928-f980c8e9b325,100g phần,GRAM,100.0
42905bae-e114-5caa-8daa-9dc4752a16f5,,,4bbc2e7a-19e5-5378-9928-f980c8e9b325,1 cake,GRAM,13.0
c334914b-cf26-5e47-9ae5-63f2c037a83f,,,5e06aafa-c5c0-5261-bdd1-3707b2a133a3,100g phần,GRAM,100.0
2694f2b9-0f37-55cc-99f9-75d9f9fc3022,,,5e06aafa-c5c0-5261-bdd1-3707b2a133a3,4 oz,GRAM,113.0
21ceb91d-a2bc-577d-a771-b3afb5a644b9,,,4a5d5076-c710-5f64-9e1b-671678ea11fd,100g phần,GRAM,100.0
fa633a88-f4aa-55ae-aae7-1b905d3695d0,,,4a5d5076-c710-5f64-9e1b-671678ea11fd,1 roll,GRAM,80.0
51747abb-e53d-522b-9f7a-889fe784a738,,,627fe3df-9485-54e7-b422-4792a1e38c3b,100g phần,GRAM,100.0
6b83c6ea-5f9e-5322-a595-ae146e9f1eac,,,627fe3df-9485-54e7-b422-4792a1e38c3b,0.5 cup,GRAM,85.0
945d6290-4619-510c-9fea-b14d9627a662,,,3771ad2e-7418-5cee-9f6e-501b9d9f0609,100g phần,GRAM,100.0
b93f5338-0165-5aba-8387-202df8f66669,,,3771ad2e-7418-5cee-9f6e-501b9d9f0609,1.4 oz,GRAM,40.0
62affba5-5719-55a6-9a09-7db16a26a503,,,89fcec42-0a24-5fd4-b4b4-56a0b3f493bb,100g phần,GRAM,100.0
98af8956-ffc7-57fa-91e6-5c60e09bb4fb,,,89fcec42-0a24-5fd4-b4b4-56a0b3f493bb,1 bar,GRAM,140.0
05747542-d577-5170-8bbe-ff4f41b0b252,,,8c0aa684-8fa7-5993-807a-3d75cd0475dd,100g phần,GRAM,100.0
d4fb1013-0873-5cf2-b907-52d9d667891c,,,8c0aa684-8fa7-5993-807a-3d75cd0475dd,1 cake,GRAM,14.0
72068c2f-8a2c-5f43-b19b-68d4c8a84c86,,,d303135a-08d1-54e0-92e1-adc4e35711fc,100g phần,GRAM,100.0
ca786bbf-75a2-5079-9bda-e2c8cb454a70,,,d303135a-08d1-54e0-92e1-adc4e35711fc,1 cup,GRAM,225.0
5ec23780-cc6e-5893-966a-d78fea92c83e,,,d645fe20-093d-5a81-87dc-358bd5153eeb,100g phần,GRAM,100.0
775956de-91dd-5601-b07b-978b43f8dcdf,,,d645fe20-093d-5a81-87dc-358bd5153eeb,1 cup,GRAM,240.0
22e223dd-67b8-5160-b824-1fa5ec1a76f8,,,dfdc6f08-5098-5e24-93b8-959ae7b2bae6,100g phần,GRAM,100.0
283a2cbf-e27f-55e5-9e30-90812e42a9c1,,,dfdc6f08-5098-5e24-93b8-959ae7b2bae6,2 tbsp,GRAM,30.0
da9b40e2-53a3-5f09-ac26-eeafb9838e3a,,,430693c4-7dbf-5fb2-b702-5761da4083bc,100g phần,GRAM,100.0
5684a828-acd1-5872-8eb8-7bae2b0ae2b2,,,430693c4-7dbf-5fb2-b702-5761da4083bc,1 pancake,GRAM,80.0
283a56d2-b935-53e9-98b2-ee2dc2cc3875,,,0b3bac7d-f103-5faf-bfb4-168574762d5d,100g phần,GRAM,100.0
18bc2480-9f92-5479-ab9f-bf5835174a2c,,,0b3bac7d-f103-5faf-bfb4-168574762d5d,1 medium,GRAM,130.0
ee76e338-775d-551b-b3c9-3342d991dfcf,,,1972a444-cb7a-5101-9c84-713e2d06ac60,100g phần,GRAM,100.0
4a6ea719-b748-5f7e-96f0-fea7897f6e1a,,,1972a444-cb7a-5101-9c84-713e2d06ac60,1.4 oz,GRAM,40.0
fe9d8e3e-8d28-543c-b676-df0e08f0108b,,,940f89fc-2de1-5fd7-820f-3e1e79e3d22e,100g phần,GRAM,100.0
1844866d-c99f-5347-ab2f-9e8bcc0628e6,,,940f89fc-2de1-5fd7-820f-3e1e79e3d22e,1 roll,GRAM,98.0
219a969e-e91e-5fcd-b9ba-55f202d70f89,,,cf3141fb-76ed-5bea-ad2d-0356b4352889,100g phần,GRAM,100.0
e86f6ce3-2aa8-50fe-9c0c-cd51a91710f1,,,cf3141fb-76ed-5bea-ad2d-0356b4352889,1 packet,GRAM,23.0
41dba9a3-ec93-5988-8c78-7f43791d5bd9,,,8ab51e6e-1a68-54c1-aa08-4ca2aa78926c,100g phần,GRAM,100.0
3d21dc52-1efc-5f9f-bd96-2b7150303783,,,8ab51e6e-1a68-54c1-aa08-4ca2aa78926c,1.5 oz,GRAM,42.5
32aeed88-4ee8-541a-a3ef-7667b611b72a,,,98b8c9c8-f46e-53ae-b30b-35e4e7db5d1e,100g phần,GRAM,100.0
e0b46cf6-e9c1-537e-b487-2920e54c01c0,,,98b8c9c8-f46e-53ae-b30b-35e4e7db5d1e,1 oz,GRAM,28.0
6b3c7fe1-2a53-5e05-aa09-38d7ca6c8ae5,,,7b73aa75-1db9-5ec2-bfd9-eac041144824,100g phần,GRAM,100.0
decd0a2b-92fa-5b86-ba80-a056d85816bf,,,7b73aa75-1db9-5ec2-bfd9-eac041144824,2 oz,GRAM,56.0
745db0bc-e76b-55bd-875e-2e35df69f535,,,c3eb5b4a-5795-516c-a5cc-478253c0dcf6,100g phần,GRAM,100.0
d25205bf-b73a-59f1-8928-ceca7e90cf63,,,c3eb5b4a-5795-516c-a5cc-478253c0dcf6,1 tbsp,GRAM,15.0
5a15320b-e22f-5260-b7a2-0d18ebffb132,,,3e25d7a0-3ac6-5a1c-9c25-97633e899481,100g phần,GRAM,100.0
6159e15f-f8f7-5ab1-8c06-2b57fa184519,,,3e25d7a0-3ac6-5a1c-9c25-97633e899481,1 oz,GRAM,28.0
aa2422af-454d-5485-a11f-5685e14c8e0e,,,00cc3822-3255-5b1d-836b-b9b7919d592b,100g phần,GRAM,100.0
44e5a148-3f94-584d-a14e-b6d4384d9715,,,00cc3822-3255-5b1d-836b-b9b7919d592b,1 roll,GRAM,100.0
422a1e66-84da-552b-9d9d-4a1d8c56920e,,,49529d4a-3ea7-5896-82a1-7650ec42770b,100g phần,GRAM,100.0
d2bcd2a9-17ab-5a74-a3a9-70ba98b74b50,,,49529d4a-3ea7-5896-82a1-7650ec42770b,0.67 cup,GRAM,90.0
5702643e-1cc0-5de0-935c-dc4443c387b3,,,d18cc002-ebe9-58cf-b788-d1684934d5eb,100g phần,GRAM,100.0
9583a11e-bbc7-505a-9018-454235be782a,,,d18cc002-ebe9-58cf-b788-d1684934d5eb,0.5 cup,GRAM,50.0
25b7567c-31c3-5bc6-bcfd-f0faf5edba68,,,90e787ad-8857-5c08-8833-46912f884720,100g phần,GRAM,100.0
c9b57afb-836d-5ad6-b757-6b8faf4a2c76,,,90e787ad-8857-5c08-8833-46912f884720,0.5 cup,GRAM,120.0
ccb05ebe-390a-57f1-b46c-6caf98c99de7,,,3b636d10-8c34-5741-9ec1-537bd3a1ed1f,100g phần,GRAM,100.0
425bc03b-8d9d-5dfe-a0c6-cbd4ddb5b244,,,3b636d10-8c34-5741-9ec1-537bd3a1ed1f,0.5 cup,GRAM,120.0
ce4183e6-9801-58b2-b20f-2d3a4ece3dca,,,2a47227a-28ef-5c6a-94f3-1b629d428281,100g phần,GRAM,100.0
3425ddeb-cf2d-5acf-8591-aa8f7b78ca67,,,2a47227a-28ef-5c6a-94f3-1b629d428281,1.06 oz,GRAM,30.0
f30acb9c-8fe2-5604-8c52-cbf9c2c9a8ff,,,19ae7102-b522-568d-9fc5-be3d7e615ee0,100g phần,GRAM,100.0
4404149f-45a6-5b6e-a1d7-c392a2fb13ee,,,19ae7102-b522-568d-9fc5-be3d7e615ee0,1 packet,GRAM,23.0
972c6306-6e9f-58f7-bf62-44868c1b16bd,,,ada1fd07-4c4c-55d5-a511-eb8af052d164,100g phần,GRAM,100.0
d9cf318f-cd48-5821-8e29-ade0cfa217ec,,,ada1fd07-4c4c-55d5-a511-eb8af052d164,1 medium pickle,GRAM,35.0
830063cd-1bd6-57e7-ab13-3919f13aca17,,,e556b51a-e063-5898-9f7c-d9c786c521e0,100g phần,GRAM,100.0
e755d98c-8662-52dc-84ae-410eaef6d348,,,e556b51a-e063-5898-9f7c-d9c786c521e0,1 tbsp,GRAM,18.0
b63533e6-2a89-5167-a3e9-f0a6ffa5db70,,,2f7ccce3-3ab8-590b-bcb5-cc25867abce0,100g phần,GRAM,100.0
daf519ba-296a-582d-a5ab-fd4e6dab1922,,,2f7ccce3-3ab8-590b-bcb5-cc25867abce0,1 tbsp,GRAM,15.0
d741da0a-ceb8-5ad3-8d60-d5d5940bd966,,,3c0f7525-26f9-534f-baa5-0490a2c5e255,100g phần,GRAM,100.0
3eb742b6-15f3-5f7f-b63d-f439fe5718b1,,,3c0f7525-26f9-534f-baa5-0490a2c5e255,2 cup,GRAM,35.0
3dda1922-772c-5bf7-a2d9-942e766d2ca6,,,2176dc3d-dca2-5430-8d0a-8e5a8146f4d4,100g phần,GRAM,100.0
0bf58413-aa37-5b78-a428-50f16c71ab56,,,2176dc3d-dca2-5430-8d0a-8e5a8146f4d4,1 donut,GRAM,84.0
17b65d28-6137-56fb-bec3-c31091101cbf,,,5c80637a-eda0-5f3c-a545-814cf6c36c63,100g phần,GRAM,100.0
787f9843-8be5-5772-b50d-51159d7a9f89,,,5c80637a-eda0-5f3c-a545-814cf6c36c63,3 wafers,GRAM,26.0
c8a5caf2-831c-5846-a04f-8ddd863a5db3,,,f46c6c52-351f-5bb6-b9fa-41fd1b035505,100g phần,GRAM,100.0
24ade067-5670-5247-afb7-59be01bf10de,,,f46c6c52-351f-5bb6-b9fa-41fd1b035505,1 cupcake,GRAM,85.0
a8fafa46-7bb8-551d-934f-ef2f83edbc93,,,9e398013-2233-518c-92a9-000316c1d9ab,100g phần,GRAM,100.0
24c4915a-e95b-5816-a788-110bcf0b7422,,,9e398013-2233-518c-92a9-000316c1d9ab,1 cup,GRAM,110.0
1c3a2ca8-e179-5abe-88a9-fd12c04402a7,,,4dc47838-734c-5d99-b203-a48886015edd,100g phần,GRAM,100.0
6f8ac087-ed0f-58cc-bd6a-5698190fa5f8,,,4dc47838-734c-5d99-b203-a48886015edd,4 oz,GRAM,113.0
e9dfff42-149f-58dd-a869-cd6baf1d8105,,,7cd7222a-6e7b-5295-a69e-38c3cf90c810,100g phần,GRAM,100.0
5f685aed-faa5-591f-a96b-02d3668ab04f,,,7cd7222a-6e7b-5295-a69e-38c3cf90c810,1 tbsp,GRAM,4.0
35f4aa66-92d1-59c2-8976-d204496b4ca8,,,a612a6df-998e-50fe-af92-e49dfb9a3e3b,100g phần,GRAM,100.0
611c8c29-ada5-5a7d-b3ad-ca827b41330c,,,a612a6df-998e-50fe-af92-e49dfb9a3e3b,1 slice,GRAM,80.0
fff5053a-bb0e-56eb-bd26-a6aa96123b1f,,,ac107623-9d13-5432-9caa-df46bbe1bd96,100g phần,GRAM,100.0
e88cbc56-464b-5d44-aa44-d30d043bd857,,,ac107623-9d13-5432-9caa-df46bbe1bd96,0.5 cup,GRAM,66.0
854b9602-b0d6-54b0-9bb5-8de35b245b6c,,,66f8203e-def5-557f-bdae-ff65abe3b1d5,100g phần,GRAM,100.0
db21ff56-3157-5877-a15c-e2d4cb828255,,,66f8203e-def5-557f-bdae-ff65abe3b1d5,1 slice,GRAM,230.0
78708dd1-a029-5bc3-b0db-e5462ad2dc3f,,,031b33ee-7bf5-5390-a269-b333f34ed6fa,100g phần,GRAM,100.0
fd9eee59-d9af-5a88-80f7-492509eec826,,,031b33ee-7bf5-5390-a269-b333f34ed6fa,1 muffin,GRAM,80.0
e9d0b5ca-33ae-553d-b8c6-feba4ae5acc8,,,ac2e9db7-7f0e-5e09-975b-4bc77fd62e92,100g phần,GRAM,100.0
02735b9d-bbd5-5b3c-ba8d-a8851b7d380a,,,ac2e9db7-7f0e-5e09-975b-4bc77fd62e92,1 oz,GRAM,28.35
ca8d2f13-73be-57ff-92ea-2d4b9e46fcf3,,,0b4eeec0-88c7-5282-a061-627dcdbaaf73,100g phần,GRAM,100.0
284abe73-4e19-5415-ae4f-cd442a86bb09,,,0b4eeec0-88c7-5282-a061-627dcdbaaf73,1 cup,GRAM,240.0
5f4a090f-13e1-5235-9c8c-25e0af2f4d89,,,7e265ec9-b765-5229-a165-2f8e515747e7,100g phần,GRAM,100.0
4ca01153-eb9d-5f0c-8ea1-93ab9f9004f6,,,7e265ec9-b765-5229-a165-2f8e515747e7,1 cake,GRAM,12.0
bb0d702e-1621-5a68-929e-ac25a022b8e8,,,ed7661d6-5e0f-5255-8a95-1e3ecf172f10,100g phần,GRAM,100.0
5ba64eeb-2c01-5a7c-b97d-7a5552658632,,,ed7661d6-5e0f-5255-8a95-1e3ecf172f10,1 roll,GRAM,67.0
7d389b2f-532b-5e71-b2d7-37a7791408ef,,,867e2b49-57b8-5c8d-954f-3babb0e2ea69,100g phần,GRAM,100.0
014fc610-18ef-5bbb-b4ac-094358dc67e5,,,867e2b49-57b8-5c8d-954f-3babb0e2ea69,1 cup,GRAM,240.0
6d1dfd59-b057-574e-be86-4c0f5301b0da,,,e9636485-38f8-5384-abe3-d1839a58082f,100g phần,GRAM,100.0
6e2d34a1-b397-53bd-aab5-4f814cc04241,,,e9636485-38f8-5384-abe3-d1839a58082f,1 donut,GRAM,85.0
7bb5a4f8-e673-58b6-9a7b-bfceefe81b44,,,83de9a4e-5508-5fac-bace-4638a1dc17ba,100g phần,GRAM,100.0
f525c421-ca1d-59cf-8c38-c4cd95b1039c,,,83de9a4e-5508-5fac-bace-4638a1dc17ba,8 fl oz,GRAM,240.0
aaa02cd4-5fc5-52a0-9561-06b23e22532c,,,b5c914b2-a807-5313-a5eb-3122df5d0e3b,100g phần,GRAM,100.0
d7dd23af-bd4c-5e46-82d8-f676afe7b9b5,,,b5c914b2-a807-5313-a5eb-3122df5d0e3b,2 tbsp,GRAM,37.0
2ed42eb6-6431-59d0-903b-5000d5160829,,,73d18068-6013-5d24-b098-479f3f83d56a,100g phần,GRAM,100.0
eeff0172-a174-5201-9bc4-91c2322c7379,,,73d18068-6013-5d24-b098-479f3f83d56a,8 oz,GRAM,240.0
9e76be87-03e8-5dd4-a778-8855ad84cbb3,,,caa4ca90-46e3-5b4c-9b6b-71094a11df21,100g phần,GRAM,100.0
7dde2cec-d6b9-5a63-aa86-7ce9c91af7a1,,,caa4ca90-46e3-5b4c-9b6b-71094a11df21,1 cake,GRAM,12.0
ddc3947a-fe15-5cea-8fc0-1d0ba70227d6,,,61c44501-acde-5251-8d67-a9e8407c9242,100g phần,GRAM,100.0
5152ddc8-4c26-5359-ba3a-bc2ecbb831b4,,,61c44501-acde-5251-8d67-a9e8407c9242,0.33 cup,GRAM,40.0
881ff680-ef26-5fb9-8460-ca7050eebdde,,,b6ec0652-f3c8-5368-b2f5-b887a959ffa6,100g phần,GRAM,100.0
1d5d5f57-5a78-5595-97e8-6f8bea3465e6,,,b6ec0652-f3c8-5368-b2f5-b887a959ffa6,1 tbsp,GRAM,15.0
926d7648-a205-5f65-aed9-3eff4ddfc3e2,,,4a808feb-7e25-58fc-80bb-a9cdd6da34ba,100g phần,GRAM,100.0
1539af99-21d5-5e6c-b905-9e327bc63deb,,,4a808feb-7e25-58fc-80bb-a9cdd6da34ba,1 muffin,GRAM,55.0
a71d6a45-77bc-5560-a758-445c534c721c,,,58052831-2cd4-52ae-b1b7-5f4bcbaa69e4,100g phần,GRAM,100.0
82b92945-2ad7-587d-8aa5-d666d446c2c7,,,58052831-2cd4-52ae-b1b7-5f4bcbaa69e4,1 cup,GRAM,240.0
e2ec2333-2148-548d-9224-7a7585c3bd4c,,,7543d275-ba8a-542c-84d9-0f6ef3875048,100g phần,GRAM,100.0
85c7d47c-3ff9-58d6-ab1f-d2457819acfd,,,7543d275-ba8a-542c-84d9-0f6ef3875048,1 cookie,GRAM,12.0
23c47f9b-a01f-509e-a94e-63479e40b051,,,fd31a112-5a1d-5976-a32b-a427d4bee128,100g phần,GRAM,100.0
df433af1-5e48-5edd-aed3-8f34c3fa63ae,,,fd31a112-5a1d-5976-a32b-a427d4bee128,1 slice,GRAM,80.0
393fdd89-6250-5920-b800-8949a8a95e68,,,e06c9c1c-57e3-50e3-9852-dac0d6537349,100g phần,GRAM,100.0
3d2756ae-8b9a-5c10-8c1c-bdf8e6f85cff,,,e06c9c1c-57e3-50e3-9852-dac0d6537349,12 fl oz,GRAM,355.0
30d9955e-bb0c-5b1d-9a10-94c968514100,,,0924cf52-84e0-5c4f-ae22-4a5d879aec9a,100g phần,GRAM,100.0
b1e49f9d-da41-501d-9ace-7daf1699bb2a,,,0924cf52-84e0-5c4f-ae22-4a5d879aec9a,1.4 oz,GRAM,40.0
11ea9848-13de-57a8-9adc-b73084fc8710,,,28e98136-d69f-53c3-94f3-664f6159b12e,100g phần,GRAM,100.0
f29e22a5-228f-57a4-b87a-756b6b55e774,,,28e98136-d69f-53c3-94f3-664f6159b12e,2 tbsp,GRAM,30.0
8d0149de-9754-5fef-81a3-057d000231ad,,,32c9bdfc-a8d6-5bf1-a0b0-cade79ea9354,100g phần,GRAM,100.0
9b417cb9-3597-5a2a-a8b0-d91638a03670,,,32c9bdfc-a8d6-5bf1-a0b0-cade79ea9354,1 oz,GRAM,28.35
da2e81ae-2af8-56d0-9329-d6e7ac1d1eeb,,,1e584a03-5d58-592d-afea-72ddb464736d,100g phần,GRAM,100.0
1e69c53d-cefe-5993-b998-69d3586778fe,,,1e584a03-5d58-592d-afea-72ddb464736d,1 slice,GRAM,61.0
9c16703b-67a6-51de-b12e-41f6212e1a42,,,7cc6fefb-af69-508a-8161-56676086298c,100g phần,GRAM,100.0
f54ab04e-f96a-55c0-b3e0-84555b74f8ea,,,7cc6fefb-af69-508a-8161-56676086298c,1 slice,GRAM,80.0
77d0e5fc-df18-5147-9ddd-463d5dbf0a54,,,5b9a9f7a-5437-5b8f-9614-a1d1610750c1,100g phần,GRAM,100.0
869a3207-4f3d-5d59-9afa-4cba113c4029,,,5b9a9f7a-5437-5b8f-9614-a1d1610750c1,1 piece,GRAM,30.0
45844167-67aa-5171-b246-ee7f2799ecdc,,,174d1180-e5b6-5973-a3b1-7f1740a33642,100g phần,GRAM,100.0
1092f8d3-c464-59b7-817f-2807962d1638,,,174d1180-e5b6-5973-a3b1-7f1740a33642,1 slice,GRAM,80.0
005224f1-083b-56a9-ac4c-5968b5bc582b,,,f4c8c99b-256d-5ee4-bad4-091a5f9fcb2f,100g phần,GRAM,100.0
de300a02-9644-5a29-b766-eb401d0b7174,,,f4c8c99b-256d-5ee4-bad4-091a5f9fcb2f,1 cookie,GRAM,30.0
525b5816-dc5d-5e4e-871b-820c498923c9,,,307745b7-64a4-58d3-86dd-b1f4f26d4a72,100g phần,GRAM,100.0
b7fb9c22-d3af-57a2-8173-6ed712b76169,,,307745b7-64a4-58d3-86dd-b1f4f26d4a72,1 serving (1/8 package),GRAM,57.0
fcbd58f7-0c60-5435-814f-f5bbe5bfb3df,,,b9d1358a-eb86-5516-a630-96bc3dd3ad31,100g phần,GRAM,100.0
0152acfb-5e81-5a68-8f47-ba76c6a37c64,,,b9d1358a-eb86-5516-a630-96bc3dd3ad31,1 cup,GRAM,240.0
91542671-06d3-59ae-890a-8b207ed63408,,,2e9f86f8-eb12-5cf1-b684-488fbba6e63a,100g phần,GRAM,100.0
045c1a63-c4c4-5e66-84a7-c390c96cbe8c,,,2e9f86f8-eb12-5cf1-b684-488fbba6e63a,1 oz,GRAM,28.0
dec552c2-59bb-5e7c-b3e7-ce13bd2accff,,,818d2069-5599-5dda-a338-7becc5bf1e5e,100g phần,GRAM,100.0
f0f0a952-9442-5ce8-b775-643222669a83,,,818d2069-5599-5dda-a338-7becc5bf1e5e,1 oz,GRAM,28.35
6af68f54-2819-5ade-a818-1e8a94b6d77e,,,de8f1785-2264-5d87-88d6-325aa109619a,100g phần,GRAM,100.0
530a69d9-ece8-5882-9b9d-6512674ce15b,,,de8f1785-2264-5d87-88d6-325aa109619a,1 slice,GRAM,75.0
c9ed1171-c23e-5f37-bb8b-0adddf058719,,,350d8dc1-f7fa-598c-b8c9-2ed3249a99ae,100g phần,GRAM,100.0
98949daf-3b1e-58da-97f6-d5f6db2fd2e5,,,350d8dc1-f7fa-598c-b8c9-2ed3249a99ae,1 tbsp,GRAM,15.0
04715a34-0f3e-57f7-b2f0-43fe46f14b2d,,,ea541f47-7def-577f-96b9-5977366da617,100g phần,GRAM,100.0
f5dc1817-8508-54bd-8b57-edafbb2cc729,,,ea541f47-7def-577f-96b9-5977366da617,30 sticks,GRAM,28.0
b424ea94-da18-5229-b425-e1781f3bd7bb,,,ee37a9e5-8e83-511d-bb4a-a1b492931f6d,100g phần,GRAM,100.0
fa83b87d-4814-5e25-b671-111c96be05af,,,ee37a9e5-8e83-511d-bb4a-a1b492931f6d,1 donut,GRAM,53.0
aeb181fd-de5f-572d-8a26-764dcadc1eda,,,d3912089-3e8d-590f-9bd4-ae00a8b928f2,100g phần,GRAM,100.0
9f264df0-965f-5333-a9b7-128c38766e06,,,d3912089-3e8d-590f-9bd4-ae00a8b928f2,2 tbsp,GRAM,30.0
5cbeff0f-4c9d-51a4-ba00-aea7cbd89df0,,,f4fa603b-f9da-59dd-83cd-debefdb3e3b7,100g phần,GRAM,100.0
9f00925e-9582-5f80-977a-d77b9f2f81ca,,,f4fa603b-f9da-59dd-83cd-debefdb3e3b7,1 piece,GRAM,25.0
5126348b-5c9c-56a1-ad41-97fbbcaa2b89,,,a2bb0f89-cf68-529f-a3e8-5f1ba4e5f5ab,100g phần,GRAM,100.0
6504e981-7abf-5cfc-94e0-5ee9ce13f57f,,,a2bb0f89-cf68-529f-a3e8-5f1ba4e5f5ab,1 cookie,GRAM,30.0
b095916b-5ff6-55d1-90d5-99ab5ddad5c6,,,611271ae-f818-5e13-88a6-7f8bf67f7981,100g phần,GRAM,100.0
c9a347b2-c5a6-5be9-9e50-17db2239474b,,,611271ae-f818-5e13-88a6-7f8bf67f7981,1 bar,GRAM,81.5
c75aac0c-09a9-5289-819c-b79ef508c141,,,d15655b6-0048-5748-8a76-588997221bfa,100g phần,GRAM,100.0
ee24bdd8-260a-59b9-b2d7-b2c11d15c596,,,d15655b6-0048-5748-8a76-588997221bfa,1 cookie,GRAM,30.0
31699e87-6171-57a2-b089-d6411d86d60d,,,48dafe73-37e2-5809-9ada-25807b996f9e,100g phần,GRAM,100.0
fc2228e5-a477-5543-a1eb-a932b20c1bc4,,,48dafe73-37e2-5809-9ada-25807b996f9e,0.25 tsp,GRAM,1.2
1bfa09bd-9f0d-50f9-84c6-f915d2d32aea,,,02137654-b7e9-5e6d-9b52-5e9c2e8408a7,100g phần,GRAM,100.0
027792ae-55dc-5453-b642-3fa7ecabcfb1,,,02137654-b7e9-5e6d-9b52-5e9c2e8408a7,1.4 oz,GRAM,40.0
2384fcc8-2fbe-5267-9de4-b274d92fede7,,,5deb40d5-d6c0-58e6-a707-642b7271b090,100g phần,GRAM,100.0
458df32b-af81-5ac1-9a8d-ae7c3579aa17,,,5deb40d5-d6c0-58e6-a707-642b7271b090,0.33 cup,GRAM,33.0
b9d051a0-c470-50b0-8061-574955347342,,,3d2dcac3-ff3f-5b5e-8910-5989c6c4a2c6,100g phần,GRAM,100.0
ff018ce4-4bd7-5d84-97f7-84cd205dc2f5,,,3d2dcac3-ff3f-5b5e-8910-5989c6c4a2c6,0.5 cup,GRAM,7.0
3817e8a8-ed4f-5d87-847c-f0454ac49bcc,,,270f3802-5db7-50cc-8aa5-38c3881ece04,100g phần,GRAM,100.0
65c59026-883b-5610-bf1e-45d032be6b05,,,270f3802-5db7-50cc-8aa5-38c3881ece04,1 bar,GRAM,30.0
c3132dde-f8d2-530d-9201-b31684c150fc,,,b44ac116-36fc-579b-846e-c9d7cb0cc5e8,100g phần,GRAM,100.0
f0541292-e52d-5ce6-83de-b7c6dc6f9eaf,,,b44ac116-36fc-579b-846e-c9d7cb0cc5e8,0.5 cup,GRAM,60.0
73a3b5c3-a2be-591f-9742-f25d4d00617c,,,3820d67a-2e93-5896-991a-db94fad0799b,100g phần,GRAM,100.0
1667a3a4-2d6d-53e1-8b9a-50c85cbc8d9c,,,3820d67a-2e93-5896-991a-db94fad0799b,1 roll,GRAM,28.0
579e0664-025f-5472-9b2b-3fadb027cb1a,,,e9ea4b48-20ec-5c38-96c2-2b84f6a01f7d,100g phần,GRAM,100.0
d06f53c0-93e8-5ae5-96fd-7abc0fccbe33,,,e9ea4b48-20ec-5c38-96c2-2b84f6a01f7d,2 tbsp,GRAM,30.0
a0464017-fd6d-5074-b1a7-4e355dfa95fe,,,4cf53cf7-6694-5210-ae83-a6ad0096061a,100g phần,GRAM,100.0
23eafd03-c02f-50c1-850e-464e80502b95,,,4cf53cf7-6694-5210-ae83-a6ad0096061a,1 donut,GRAM,70.0
189ab622-46e4-531f-bd40-b0e6542c8fb8,,,974df2f2-28ae-5b0d-bad1-f4992e98d10a,100g phần,GRAM,100.0
0866b9ba-69d8-5125-9834-1766f974acbe,,,974df2f2-28ae-5b0d-bad1-f4992e98d10a,0.5 cup,GRAM,124.0
d9e5841b-e870-5497-a0c0-6c3bfd765e2d,,,642c21f5-2be3-5dac-9a26-473edfc65790,100g phần,GRAM,100.0
9f1f4337-8a28-5bf2-8c6c-7df9d003f58a,,,642c21f5-2be3-5dac-9a26-473edfc65790,1 slice,GRAM,80.0
836b7aa8-dda3-5c88-9c79-5fcda9e93414,,,bc5117c7-3be5-5e2a-9988-9dc96694a90b,100g phần,GRAM,100.0
23d4c1c9-304c-5104-80a6-8cc57f0faf9e,,,bc5117c7-3be5-5e2a-9988-9dc96694a90b,1 piece,GRAM,50.0
bac80ffe-2fa5-5e81-8262-52567433e34f,,,1f60de8f-d5e2-521c-9d30-333d452de34b,100g phần,GRAM,100.0
8754d6b8-2e93-5e7a-b3ae-2e19a1d11273,,,1f60de8f-d5e2-521c-9d30-333d452de34b,0.33 cup,GRAM,42.0
03e66a6e-dcf8-593e-9213-16b24e61f432,,,a149297f-22b9-53f7-a8cc-c0b519367854,100g phần,GRAM,100.0
53b99658-7cf1-5e29-b889-dbf1f15319c8,,,a149297f-22b9-53f7-a8cc-c0b519367854,1 muffin,GRAM,80.0
5fa60c50-3247-5a6b-9ff6-c93f0c033131,,,98795e36-33e6-592b-a913-aec1a513031a,100g phần,GRAM,100.0
8accec37-f026-53ba-ab90-e65933527ea6,,,98795e36-33e6-592b-a913-aec1a513031a,1 piece,GRAM,28.0
a19e9f90-b8d6-5ead-b0c0-dcdd882613b3,,,58f2faca-77ce-5c26-af4c-d89f89e46e75,100g phần,GRAM,100.0
8001301c-2f03-5b08-8931-8f1fd990608b,,,58f2faca-77ce-5c26-af4c-d89f89e46e75,1 slice,GRAM,60.0
44c5e8e0-ede8-5838-a8cb-a2f6bec6ed62,,,f6880991-dcb4-5c3c-ac51-d2ff7bd85a9a,100g phần,GRAM,100.0
52b36c42-ca5d-5d01-bcdd-830cd2a94cd2,,,f6880991-dcb4-5c3c-ac51-d2ff7bd85a9a,1 sandwich,GRAM,62.0
c89e5eee-7f41-5c00-b125-7c18c5eaf90f,,,a15250a6-0094-5edc-a3b8-eddb5e1a8b75,100g phần,GRAM,100.0
f99ca7fc-add5-5c62-9f4f-07d9caa1763c,,,a15250a6-0094-5edc-a3b8-eddb5e1a8b75,1 biscotti,GRAM,38.0
0cb16069-f5da-5ee7-9c1d-9d5301ddd268,,,d7d580ef-66a3-580e-aa70-fd88a90376c2,100g phần,GRAM,100.0
10a5b4e9-a1fa-5e0d-abc5-844fe6472439,,,d7d580ef-66a3-580e-aa70-fd88a90376c2,1 slice,GRAM,80.0
aa28b2b0-5487-5000-bafa-550080b351ba,,,423d4be0-a8dd-561c-a9ca-2d464792e699,100g phần,GRAM,100.0
b9926e23-ca42-516e-aec9-a1801e9ac1ad,,,423d4be0-a8dd-561c-a9ca-2d464792e699,1 cup,GRAM,240.0
763baf39-ff74-5abd-adc9-0ab90aaaf410,,,4c2f52fa-1b8f-5220-bf52-4b539b7ea986,100g phần,GRAM,100.0
2e5c6b4f-ab3d-5921-b56d-c97bdd4045df,,,4c2f52fa-1b8f-5220-bf52-4b539b7ea986,1 slice,GRAM,80.0
e2674fb4-7b6f-5bc2-a60d-205c5659bb35,,,fc9f8e40-0f40-5d11-b965-1897f46982fe,100g phần,GRAM,100.0
cc0d308c-b8ba-56c6-9143-a0080d82bf18,,,fc9f8e40-0f40-5d11-b965-1897f46982fe,4.5 oz,GRAM,125.0
70576a6a-88c1-569a-9f20-1fc4a425a6e5,,,f52908c7-8acd-5cbc-b121-c2fd9f652f77,100g phần,GRAM,100.0
916cb002-2929-5a33-8933-6890c77bafb9,,,f52908c7-8acd-5cbc-b121-c2fd9f652f77,1 oz,GRAM,28.0
5072ba0e-6250-51ea-b5cb-00c2f8c57e42,,,f686e9e9-a291-5173-aae3-d657166ee6a1,100g phần,GRAM,100.0
fc170e46-d471-5f56-9e7c-bffd708e31b5,,,f686e9e9-a291-5173-aae3-d657166ee6a1,1 cookie,GRAM,60.0
4399816a-1695-5041-902f-03349a2488b1,,,965abeae-41a5-55f7-9520-86941cb0c5c8,100g phần,GRAM,100.0
e81872ac-10ea-5a85-a9be-9f60b4271ef9,,,965abeae-41a5-55f7-9520-86941cb0c5c8,1 oz,GRAM,29.0
fd2f32c2-3507-5f8b-a02e-e3c29fa32137,,,4fe6510d-69c9-533f-ba28-2fe0213622a0,100g phần,GRAM,100.0
871825a7-cfb0-58f8-b87c-b6a4cdbe4fb3,,,4fe6510d-69c9-533f-ba28-2fe0213622a0,1 oz,GRAM,28.0
4a239881-b296-5147-8292-87e70363aca6,,,e19e5365-443e-59f6-8e16-978d26341df0,100g phần,GRAM,100.0
bfd09992-2267-5b75-b720-5190c8bdbfd5,,,e19e5365-443e-59f6-8e16-978d26341df0,1 slice,GRAM,75.0
416372e8-214e-5d16-9011-efa27a552ce7,,,8a1a4b77-fc2d-5ccd-98b9-10435548762f,100g phần,GRAM,100.0
8b86ebd7-f2d3-5c81-9eea-d1c9cbdfec57,,,8a1a4b77-fc2d-5ccd-98b9-10435548762f,1 piece,GRAM,60.0
c188272d-9d1a-577f-8c19-56b31b821e03,,,a610ab04-e882-5859-a122-60d3f99f10b2,100g phần,GRAM,100.0
ad041960-fb00-50e3-91cc-c48d2948f414,,,a610ab04-e882-5859-a122-60d3f99f10b2,3 tbsp,GRAM,28.0
6bb0a471-a663-533d-959d-c21a7471f4c3,,,5837629d-359c-585a-8dad-c2a07dadedc0,100g phần,GRAM,100.0
cb71d74f-e942-51fc-80f6-b82cbcb24640,,,5837629d-359c-585a-8dad-c2a07dadedc0,2 cookie,GRAM,30.0
6e531f1e-9035-53cd-8c43-97982bfca8c9,,,0e6262d8-b443-5d02-8b24-8227ce0bcfd5,100g phần,GRAM,100.0
611e9e13-19b3-5e37-a98e-63a5aea1b61b,,,0e6262d8-b443-5d02-8b24-8227ce0bcfd5,1.5 oz,GRAM,42.5
36a247ef-eaad-5b5c-978f-49656e295d0e,,,7760d0b1-8dcb-5ff2-b572-2e6b221b2d1d,100g phần,GRAM,100.0
8ced7b62-2a44-55e2-a6f3-816b9dff341c,,,7760d0b1-8dcb-5ff2-b572-2e6b221b2d1d,1 cake,GRAM,15.0
daedafca-47ea-53ff-8524-807392370646,,,96f3f9a2-9156-5771-80bb-f1a55ceeb8b6,100g phần,GRAM,100.0
29e2f722-b2d0-55ed-994a-22fb7277c600,,,96f3f9a2-9156-5771-80bb-f1a55ceeb8b6,1 tbsp,GRAM,15.0
25f03a37-80ce-575b-81be-81fd77fa0a19,,,e930bef5-a20d-549b-a60c-31afc231e3e2,100g phần,GRAM,100.0
46aa0967-5d30-5d48-b1c5-896773aeab70,,,e930bef5-a20d-549b-a60c-31afc231e3e2,4 oz,GRAM,113.0
76500ede-2497-5f91-979a-b2df0d716f98,,,a3de6639-1d02-51e2-a84f-61e0564191c9,100g phần,GRAM,100.0
fcc17f06-e919-5e49-933f-e5ca8c74d012,,,a3de6639-1d02-51e2-a84f-61e0564191c9,2 cookies,GRAM,22.0
d277dc0b-7bb6-5cfa-8afe-04246e98ed9a,,,43ea5d59-4a93-5bdb-a1fe-1451df1f3ae2,100g phần,GRAM,100.0
838db481-6cb6-5766-9ff0-ddf6798af106,,,43ea5d59-4a93-5bdb-a1fe-1451df1f3ae2,0.67 cup,GRAM,97.0
fc41f6b7-e8c7-51a3-90a2-a144a49b4823,,,c4e645d4-7a3a-57bf-8181-ebb6fb9e86de,100g phần,GRAM,100.0
54e6b96b-cca4-5a0b-898b-e9e41e363629,,,c4e645d4-7a3a-57bf-8181-ebb6fb9e86de,3 tbsp,GRAM,24.0
454b4c08-6034-5c7f-80c1-c2f0c3caac0f,,,4c8f1ce2-5d74-5c5b-bdf2-a81f027f2bdf,100g phần,GRAM,100.0
14954d49-f8f2-5f73-ae1c-02b0dff14cf8,,,4c8f1ce2-5d74-5c5b-bdf2-a81f027f2bdf,1 slice,GRAM,80.0
4c2c7baf-d0da-5794-9776-0e6498644194,,,fdbdb180-c166-57b5-ad89-78bc89c178da,100g phần,GRAM,100.0
263209e7-1bbe-52d1-8b0c-2ceb35fd8ce4,,,fdbdb180-c166-57b5-ad89-78bc89c178da,1.8 oz,GRAM,50.0
b421db04-63e4-5698-8be8-ba131404c979,,,4f6db9ae-67c5-560e-aa7c-3d991d842769,100g phần,GRAM,100.0
6d321cbb-f7a9-5ed5-b748-4f556a08cfd0,,,4f6db9ae-67c5-560e-aa7c-3d991d842769,1 serving (1/16 package),GRAM,28.0
feb0e0df-49f4-5814-8a78-7990ac11d16a,,,8dc665f0-ba5c-5aad-a6c3-ef03af592b84,100g phần,GRAM,100.0
c11e9aba-96c3-58b2-84de-de83db0268c3,,,8dc665f0-ba5c-5aad-a6c3-ef03af592b84,1 oz,GRAM,28.0
a4c7c226-f01a-5e82-9114-9b965c21cb6f,,,c6ab1deb-f768-5772-a15f-3c813b3e2169,100g phần,GRAM,100.0
fcf12d63-eab5-5896-9ff1-8ac204d9d455,,,c6ab1deb-f768-5772-a15f-3c813b3e2169,1 piece,GRAM,15.0
fc60044f-1fa0-5be3-8f3d-38e3a8b23716,,,e8e574df-d3cd-544a-bda5-ee7a94ceb4c4,100g phần,GRAM,100.0
53c3752d-7471-5d29-be69-49f0dda36e61,,,e8e574df-d3cd-544a-bda5-ee7a94ceb4c4,0.25 oz,GRAM,7.0
c1278e74-3164-5988-a069-e0ea75620c73,,,9d4abea6-4dbd-57bd-9ef6-dde0236244f7,100g phần,GRAM,100.0
7fcc7abc-5aee-513a-8223-db0e7e72e42a,,,9d4abea6-4dbd-57bd-9ef6-dde0236244f7,1 oz,GRAM,28.0
a90f24c3-c07e-5d5e-b4a1-83b798701a18,,,5c17d2af-2076-5b2a-8caf-adf747ff7472,100g phần,GRAM,100.0
d16a50a1-fe9f-5a15-bea3-3665334e96fb,,,5c17d2af-2076-5b2a-8caf-adf747ff7472,1 slice,GRAM,125.0
38fc1a69-1d51-5d4a-a017-56e5406c7995,,,556797ca-e2ec-57a1-b8aa-58d5a72ea4e0,100g phần,GRAM,100.0
c500780c-8a91-5194-9b37-804193edf6ce,,,556797ca-e2ec-57a1-b8aa-58d5a72ea4e0,1 cup,GRAM,240.0
344de6d7-2481-5af8-9453-a222e963808d,,,7fe32c7e-a47f-54ee-bca0-31e862069a20,100g phần,GRAM,100.0
905b8cea-616e-5535-b855-42b098c90810,,,7fe32c7e-a47f-54ee-bca0-31e862069a20,1 slice,GRAM,50.0
d479c006-e386-590a-adea-2079e8be76b9,,,86cba3c3-3f23-534f-9767-ccc81b8ffcbd,100g phần,GRAM,100.0
f84d5129-d5ee-5ccd-b945-1cc292654c64,,,86cba3c3-3f23-534f-9767-ccc81b8ffcbd,1 cookie,GRAM,30.0
d21579a9-593a-5800-9ba5-25d372d81d66,,,fe4badc1-f3a9-5caa-ac0e-e2c98964c28e,100g phần,GRAM,100.0
ffd0bb6f-27d9-54cc-8862-e747ce3a0f72,,,fe4badc1-f3a9-5caa-ac0e-e2c98964c28e,1 donut,GRAM,74.0
a9159a3f-72fc-5656-9d17-bde88dfa1484,,,8d1ff70d-fc80-56e9-a27a-c3efa31b389b,100g phần,GRAM,100.0
7c1cb259-ebbd-5484-87d6-bce101aa8480,,,8d1ff70d-fc80-56e9-a27a-c3efa31b389b,1.66 oz,GRAM,47.0
57feb9ed-3822-5381-b67e-448ce59b5911,,,4ffa0498-655d-5236-989b-383f18419c4f,100g phần,GRAM,100.0
06b16abb-03bb-5ad4-a1e8-dfaf762106b9,,,4ffa0498-655d-5236-989b-383f18419c4f,1.8 oz,GRAM,50.0
3a025624-9f6e-58f3-b4df-45ca69527621,,,1e7ac1fa-2ba1-539f-9e84-13dfe13fcd93,100g phần,GRAM,100.0
e170e3fc-a01a-57a7-8159-6cd8fd33e32a,,,1e7ac1fa-2ba1-539f-9e84-13dfe13fcd93,1 roll,GRAM,28.0
3217a21d-568c-54f7-9682-e25a11d7ac8f,,,fc9bde9c-5b1a-5b8d-b39e-4ee00dc9bc3a,100g phần,GRAM,100.0
baa597c6-ae4f-50b8-9882-b8f0bbad79b9,,,fc9bde9c-5b1a-5b8d-b39e-4ee00dc9bc3a,0.5 cup,GRAM,125.0
ad632642-009b-5531-b3c3-9fdc2e183439,,,bbdc52a3-6b3a-5ec6-8714-b515ba40444b,100g phần,GRAM,100.0
2a2bccf1-05d9-5285-b830-4b38384628e0,,,bbdc52a3-6b3a-5ec6-8714-b515ba40444b,1 slice,GRAM,166.0
79ef9b64-f452-50b7-a1cb-b7fa9c66a0c6,,,a43a3b18-ad54-54d7-a3ca-a43ca5741c29,100g phần,GRAM,100.0
72fbf846-4c29-526c-a01c-aa91a98f091d,,,a43a3b18-ad54-54d7-a3ca-a43ca5741c29,2 tbsp,GRAM,30.0
921a2a2f-2414-58c9-b0fe-0919e8bf14c0,,,69d07396-b66a-578f-8cc1-bd551cea59b1,100g phần,GRAM,100.0
8071b996-1c3a-5101-80a1-8d62de613003,,,69d07396-b66a-578f-8cc1-bd551cea59b1,1 tbsp,GRAM,14.0
74925c68-1af8-58ee-bc9b-42ec07b48d21,,,1f515bfe-c053-5dae-b483-be4fa4fa1562,100g phần,GRAM,100.0
acfbe215-3cb3-52e4-81c6-f8b48c1cf2c9,,,1f515bfe-c053-5dae-b483-be4fa4fa1562,0.5 cup,GRAM,120.0
be3554a7-9aa1-5502-8ef4-e91c2fdd557e,,,e1bfbf6d-cb08-54d4-8dae-9e337f8844da,100g phần,GRAM,100.0
9e3316a1-e48e-557c-a433-cfc6a7f37a81,,,e1bfbf6d-cb08-54d4-8dae-9e337f8844da,1 eclair,GRAM,85.0
5b9deeea-2d36-56c2-98a7-af7fadde6c80,,,c88efddf-880a-53d8-9cf5-0fe870cc307f,100g phần,GRAM,100.0
809d7b8e-6835-5eef-8411-c83f00367af3,,,c88efddf-880a-53d8-9cf5-0fe870cc307f,3 pancake,GRAM,150.0
64aec612-e5e4-5381-a309-87a50cce63dd,,,75417a79-b99e-54a3-8ea0-1d373d73fb48,100g phần,GRAM,100.0
846c9d18-2ded-50ff-93bc-0c41a9370cdc,,,75417a79-b99e-54a3-8ea0-1d373d73fb48,1 cookie,GRAM,30.0
67010bc7-8a6a-539d-9757-c9fb5f5dc92a,,,eb97b72a-5f91-56f8-8283-fabb65e89567,100g phần,GRAM,100.0
b98493a1-cb0c-55a9-9a88-48849547b3ba,,,eb97b72a-5f91-56f8-8283-fabb65e89567,1 oz,GRAM,28.0
9ecbdfe3-0d9d-5d6a-92c8-0e9902596f08,,,be13224a-bec2-5f40-a824-76718298fa75,100g phần,GRAM,100.0
ba8cfda5-9c1a-5293-9ac2-09143a793086,,,be13224a-bec2-5f40-a824-76718298fa75,1 oz,GRAM,29.0
a141fa8b-7a59-5e70-a729-c2457cc9860c,,,ab215023-e971-5c32-8249-470be0700525,100g phần,GRAM,100.0
65a38d76-eed7-54ee-a4c1-377dbbbea455,,,ab215023-e971-5c32-8249-470be0700525,2 tbsp,GRAM,8.0
c017d9f7-6d0d-520a-b58f-4f7a0086755e,,,3ce6e992-7e86-519a-b930-79a6b7be0dfc,100g phần,GRAM,100.0
44163eae-88eb-598b-8c7d-37fdf398f532,,,3ce6e992-7e86-519a-b930-79a6b7be0dfc,0.25 cup,GRAM,40.0
f3434bf3-ddf2-599c-a5e9-dd713710a90d,,,4f0fe477-6548-5f7d-8b20-1508692b673e,100g phần,GRAM,100.0
0eaba65d-ca24-5691-aa25-b1af5cadec02,,,4f0fe477-6548-5f7d-8b20-1508692b673e,0.5 cup,GRAM,50.0
68f40282-3fa2-55d8-898c-414d4543c032,,,0b819b5a-b142-5eeb-b316-7aeab811dac1,100g phần,GRAM,100.0
94c45758-e09b-5b9a-854c-673a833af5ee,,,0b819b5a-b142-5eeb-b316-7aeab811dac1,1 cookie,GRAM,43.0
a546836d-c599-512a-be43-f3b71fc01f16,,,67ab6109-ead7-58fb-ac0e-b0a772db30c4,100g phần,GRAM,100.0
acaf3eff-8cdf-597a-83bd-877373e7567e,,,67ab6109-ead7-58fb-ac0e-b0a772db30c4,8 fl oz,GRAM,240.0
6b68b7c8-7cea-5e37-8c8f-5a16c0a83584,,,a017273e-b7ab-5acb-8d27-b7f8b375037e,100g phần,GRAM,100.0
aabb1be7-3818-5954-a5c7-7d400f2c28dd,,,a017273e-b7ab-5acb-8d27-b7f8b375037e,2 cookie,GRAM,29.0
80d01030-5880-5f84-8120-6e0b3292c5a3,,,a75b159d-ffa0-59a8-b08b-d33b8c96af9a,100g phần,GRAM,100.0
48e73eaf-4d6c-5547-8ce8-56ab35094efa,,,a75b159d-ffa0-59a8-b08b-d33b8c96af9a,0.5 cup,GRAM,119.0
9001d1c9-32be-519f-93b5-98cfcb0b7b13,,,f5c587b2-1d0c-55c2-8993-85e02df443c2,100g phần,GRAM,100.0
2c7fb7cb-95c7-5949-a4ae-33bce04b40f6,,,f5c587b2-1d0c-55c2-8993-85e02df443c2,1 slice,GRAM,57.0
af2ea483-f946-5578-8fea-8a78ab2b1988,,,1f966dc8-8a56-5fa8-8dfb-44ea03c9d819,100g phần,GRAM,100.0
bfe062a6-5c77-5341-a6a9-6a18702cad34,,,1f966dc8-8a56-5fa8-8dfb-44ea03c9d819,1 bar,GRAM,30.0
10f01697-c61a-543d-ac49-9725b59dcfb5,,,1e847c84-d2a1-5497-b319-25ae088bd8d1,100g phần,GRAM,100.0
efe87431-06b1-5145-94e8-bcb150eda763,,,1e847c84-d2a1-5497-b319-25ae088bd8d1,1 oz,GRAM,28.0
25cbff3f-6260-51c7-991b-d69250882370,,,8620b849-21b6-560e-9028-ea8f656d4695,100g phần,GRAM,100.0
768251cd-9fbe-5fbe-a342-1368e5e94789,,,8620b849-21b6-560e-9028-ea8f656d4695,1 cup,GRAM,182.0
f66e2035-2958-5651-aa2d-a8fd450c4aa1,,,fc442309-e6cd-550f-bef9-87474bf0cba2,100g phần,GRAM,100.0
c68e540b-6e87-5d0c-bd73-5f53979e6505,,,fc442309-e6cd-550f-bef9-87474bf0cba2,0.25 cup,GRAM,7.0
878da7cc-b620-53a5-87d8-8e207428f026,,,4c040292-27a6-5e6c-bb57-29be936aff5b,100g phần,GRAM,100.0
04c007e9-3e84-5d35-b7cf-7c9d0adaff7c,,,4c040292-27a6-5e6c-bb57-29be936aff5b,0.25 cup,GRAM,30.0
7a393998-ade9-5675-a1f6-571757e58546,,,586ac27d-9804-5a8c-819f-43039809ec61,100g phần,GRAM,100.0
1b73b3ed-422e-5961-b54a-dab745a5db52,,,586ac27d-9804-5a8c-819f-43039809ec61,1.4 oz,GRAM,40.0
7aa2859b-c00e-5ebe-9d94-c6c0a0907bd9,,,3b18470d-a424-5749-86e9-78875383cca1,100g phần,GRAM,100.0
ddf2a02f-7f89-570c-badb-96f3945168ad,,,3b18470d-a424-5749-86e9-78875383cca1,0.25 cup,GRAM,30.0
dd33113b-e517-5953-80db-b172b3dec828,,,949946bc-75f2-509b-80fc-f3497b8e4582,100g phần,GRAM,100.0
9c72fed3-0c65-53a6-bbb3-e4e719f24829,,,949946bc-75f2-509b-80fc-f3497b8e4582,1 slice,GRAM,125.0
43178748-2689-5e9a-adb1-4f3bd019a196,,,d75cdde3-27d2-5acf-9c61-5eea97922025,100g phần,GRAM,100.0
705e97cc-ed51-58e4-b99d-0c2ec58cf248,,,d75cdde3-27d2-5acf-9c61-5eea97922025,1 slice,GRAM,125.0
0b1a8979-1302-5241-9249-f591ccc9305e,,,424a798d-baa3-5b62-a62c-22e1a954558b,100g phần,GRAM,100.0
e2e198af-42d3-514e-9a39-67af95d3a264,,,424a798d-baa3-5b62-a62c-22e1a954558b,8 fl oz,GRAM,237.0
402b8e6b-e31d-5fb1-aec6-37f3e56b9f0e,,,2aabf22c-190a-55eb-b06d-d97ad1467ffc,100g phần,GRAM,100.0
6e8eb55f-a872-5171-825d-2f5ab7f5da99,,,2aabf22c-190a-55eb-b06d-d97ad1467ffc,2 tbsp,GRAM,35.0
daa7ccf6-349b-5c34-9a09-4e86b4ac48e1,,,baacb1c6-f47a-565f-be25-da98b3e062d1,100g phần,GRAM,100.0
76cfccc3-6bae-55b0-9df9-1539a2cf83d1,,,baacb1c6-f47a-565f-be25-da98b3e062d1,1 cookie,GRAM,23.0
96c408c7-6c5a-547e-b771-321048007732,,,6e55838e-1058-5788-bfc8-4e98cd2a4080,100g phần,GRAM,100.0
3f25317d-f3cb-5585-85ee-83a3f91dac74,,,6e55838e-1058-5788-bfc8-4e98cd2a4080,8 piece,GRAM,30.0
8a44bfd4-d1a1-55d2-baea-02ac917b908f,,,8122427e-64cd-508e-a220-2ab916295c00,100g phần,GRAM,100.0
3d45647b-9aff-5432-8971-a91e78d82afe,,,8122427e-64cd-508e-a220-2ab916295c00,1 cookie,GRAM,28.0
4a47268a-b28a-5698-aa7d-49a39ca26482,,,5b66370b-07b4-5a1e-99f8-d1e170a7a38d,100g phần,GRAM,100.0
3702187b-eea2-51c9-96e4-c9f992ffb02a,,,5b66370b-07b4-5a1e-99f8-d1e170a7a38d,1 slice,GRAM,80.0
55bc2cb6-d7e2-507a-b218-0875938db8ac,,,990ec19c-f228-5161-8a81-47d4d27f73d2,100g phần,GRAM,100.0
6d28ec9c-f910-5936-aeb0-8734ce5787b7,,,990ec19c-f228-5161-8a81-47d4d27f73d2,1 cup,GRAM,50.0
763c3b4d-077e-5f7a-90fe-ca222f579eb1,,,7401dfea-66d1-5dad-a176-4f69935b3399,100g phần,GRAM,100.0
42b438be-0fd1-5cd0-88be-d3556fd9b920,,,7401dfea-66d1-5dad-a176-4f69935b3399,1 cookie,GRAM,30.0
16f08838-027b-55c3-9611-d7ca90becfaf,,,b9d46569-5a38-5559-bf49-d36daffabfbc,100g phần,GRAM,100.0
0bb86ac5-dbf7-5008-b2ec-8f203dfddc55,,,b9d46569-5a38-5559-bf49-d36daffabfbc,0.5 cup,GRAM,102.0
affc1e6f-0000-5768-baa1-b0e5673c43be,,,c22287fe-84a1-5dbb-ae61-458ae79f7ca0,100g phần,GRAM,100.0
00ebb3e2-ca4c-5443-81e6-8a39a103fc54,,,c22287fe-84a1-5dbb-ae61-458ae79f7ca0,5 piece,GRAM,90.0
0bd420b5-0fd8-5e2d-94ef-fe92875bc855,,,0a24aee4-8e5b-560f-b118-7eac6a271db3,100g phần,GRAM,100.0
b377b7eb-5c4a-5e64-856f-94051330de79,,,0a24aee4-8e5b-560f-b118-7eac6a271db3,1 slice,GRAM,21.0
f0d5fffd-c8ca-52af-9b0a-85c38a683bd2,,,7daba7d1-fe0c-59fa-8b84-757e40891d00,100g phần,GRAM,100.0
02da3fc5-ac7a-5bee-95b5-9e04ec72771b,,,7daba7d1-fe0c-59fa-8b84-757e40891d00,1 cup,GRAM,240.0
26c6b19a-850f-5f92-b642-cf6fbe1e7b69,,,c5445b60-85f2-5bf1-a701-e167ed92b7d5,100g phần,GRAM,100.0
fa80b551-67bb-53a8-ae4e-b9b967356834,,,c5445b60-85f2-5bf1-a701-e167ed92b7d5,0.5 cup,GRAM,60.0
19060ece-9b50-5620-9e32-aeede5d902a3,,,4b77eb10-ccc1-54c1-90c6-44f5349eecef,100g phần,GRAM,100.0
766452ae-5710-5663-82e9-5bbc9fadf9d6,,,4b77eb10-ccc1-54c1-90c6-44f5349eecef,1 waffle,GRAM,60.0
82615ce2-7213-5466-8511-92d68202ea2a,,,f962b0e9-c195-5134-bb33-abb843828dd3,100g phần,GRAM,100.0
e96a6285-b1d7-5794-b675-ba0d28a6afd2,,,f962b0e9-c195-5134-bb33-abb843828dd3,3 cookie,GRAM,30.0
a6543d1a-a891-59b7-a36d-1442e9873035,,,a97eaf23-0a29-5b59-99a1-089ff76b9efd,100g phần,GRAM,100.0
77a334d1-c33d-509d-8344-411b597a0d64,,,a97eaf23-0a29-5b59-99a1-089ff76b9efd,1 slice,GRAM,137.0
d6d9fc4e-d451-5d3d-a92d-47139d07f414,,,ad591f72-20f5-5c44-97da-6373a8fd08e6,100g phần,GRAM,100.0
e76239a7-723e-5f7c-8472-3568827cdd43,,,ad591f72-20f5-5c44-97da-6373a8fd08e6,0.5 cup,GRAM,75.0
75a450b7-50fa-5f8f-8a26-90fac51784ba,,,245fe8c6-e8cd-5e86-ae7f-38e0976ab2e7,100g phần,GRAM,100.0
1eb83ab5-bd3a-59af-8c03-3502d06da1de,,,245fe8c6-e8cd-5e86-ae7f-38e0976ab2e7,2 piece,GRAM,28.35
35845dfb-49f7-56af-9780-30d53a826644,,,59eafb97-2a9b-5f89-b6f0-80634525e784,100g phần,GRAM,100.0
31723bbb-a6f0-5127-a45d-04f58eb7c855,,,59eafb97-2a9b-5f89-b6f0-80634525e784,1 slice,GRAM,80.0
bdad58c4-69ce-5805-956b-7c1b5fc8071c,,,1593de96-d9b6-5d6d-bb79-87eb3227f014,100g phần,GRAM,100.0
2a08e790-3667-545a-b662-ed0490b66211,,,1593de96-d9b6-5d6d-bb79-87eb3227f014,1 bar,GRAM,50.0
b012eac4-8074-5ade-a360-ad3574891dbb,,,ffbf4cd2-6c01-527d-85f5-2c31ea86c88c,100g phần,GRAM,100.0
69ae3aba-4688-5f90-9695-d14f90709d54,,,ffbf4cd2-6c01-527d-85f5-2c31ea86c88c,0.67 cup,GRAM,88.0
ce1400f8-0f44-5229-86c2-989625723ef4,,,d78b2901-fc61-5b6f-838f-10509ebb68d6,100g phần,GRAM,100.0
95219804-1f4c-59b9-8b82-5283c421a0cb,,,d78b2901-fc61-5b6f-838f-10509ebb68d6,0.5 cup,GRAM,120.0
0a929350-f1a0-512c-8ecc-349831c78644,,,bda52270-2da7-579d-978f-1c2d78c00221,100g phần,GRAM,100.0
67ed5c4e-64e9-5681-bd4b-02061f2c3e15,,,bda52270-2da7-579d-978f-1c2d78c00221,0.25 oz,GRAM,7.0
03108625-392c-5af0-831c-8168981b8f8e,,,6b1809bb-eef9-57ba-abc3-e08fdbcd602b,100g phần,GRAM,100.0
7e6ec102-542f-5bc1-b0a0-7fa73da857ca,,,6b1809bb-eef9-57ba-abc3-e08fdbcd602b,1 tbsp,GRAM,20.0
50fc6b6f-1bd8-5d07-a66b-c7a829a5627c,,,884f8544-2d38-59cf-9778-f957281b9b41,100g phần,GRAM,100.0
bc3e8ee5-51f2-5e26-a307-e15c6d9a4ae2,,,884f8544-2d38-59cf-9778-f957281b9b41,2 tbsp,GRAM,25.0
b7873a33-2c8c-53d0-8958-15f8e83aa4a3,,,e46b6014-addd-53fe-9924-8291348958f4,100g phần,GRAM,100.0
24b2de10-d87f-54a0-ad25-0436b0fdea62,,,e46b6014-addd-53fe-9924-8291348958f4,1 piece,GRAM,70.0
a0b30426-56e7-53e7-bd3d-d5c761033f89,,,0ad34b56-2b16-512f-9b8a-f2aa9bcb4df8,100g phần,GRAM,100.0
52269e0e-cadc-5e2d-841f-e6a4b8edca76,,,0ad34b56-2b16-512f-9b8a-f2aa9bcb4df8,2 tbsp,GRAM,30.0
652106db-9e38-5534-9dd2-cb1f92823a8b,,,30107558-2f0a-534a-a9d6-d9a84dc6a720,100g phần,GRAM,100.0
b393dc49-84fb-5f9a-bcc3-e959e419b3d1,,,30107558-2f0a-534a-a9d6-d9a84dc6a720,1 cookie,GRAM,60.0
33da1d32-4c9b-5c35-9120-760795e35124,,,8f14e0db-5af5-5233-a5c9-93a99863d222,100g phần,GRAM,100.0
eb5ceae6-ba59-5d42-ab1f-f37b3720f0c7,,,8f14e0db-5af5-5233-a5c9-93a99863d222,2 tbsp,GRAM,30.0
fbd37802-3e64-5639-b2f4-f963810602af,,,9870f552-0fa3-5137-9747-f65125e4f22a,100g phần,GRAM,100.0
045e25bb-cdee-55f7-b0f9-85be5b33bda6,,,9870f552-0fa3-5137-9747-f65125e4f22a,1 slice,GRAM,125.0
0a5df0db-d8a0-5260-902f-864dff58c02c,,,ebdb329b-15d2-55db-a7f5-636b1cf3fa0c,100g phần,GRAM,100.0
e5021b6e-d379-5262-ac61-bf05b23d6741,,,ebdb329b-15d2-55db-a7f5-636b1cf3fa0c,1 piece,GRAM,80.0
b52390ec-14df-51cd-b8d2-9e17594510d1,,,07150565-d47b-5957-a10d-209f63dc9a37,100g phần,GRAM,100.0
4e99e1b9-76bc-58b7-be2f-5e350636089d,,,07150565-d47b-5957-a10d-209f63dc9a37,1 slice,GRAM,112.0
2c1218b3-94a0-5625-8a92-160d61bd10e0,,,485d1770-f6e2-5960-8aee-eae4a5a0607f,100g phần,GRAM,100.0
23cdd934-6b02-5e71-9793-7d99a663c8b3,,,485d1770-f6e2-5960-8aee-eae4a5a0607f,1 slice,GRAM,80.0
9aee4383-5930-5a2d-8f1d-0577de948a60,,,84dd3954-f504-5c96-b710-a940dc3630b2,100g phần,GRAM,100.0
fccaed25-c8a5-5ba7-bfb1-4d15b4723627,,,84dd3954-f504-5c96-b710-a940dc3630b2,2 tbsp,GRAM,30.0
14d4efd2-39cc-5a4e-aa99-7b3863cb85af,,,eb01ec93-2536-5a0e-911a-a810f1bfa3a0,100g phần,GRAM,100.0
f4258e98-47ec-5e50-9ada-f8e72d5d4f92,,,eb01ec93-2536-5a0e-911a-a810f1bfa3a0,0.5 cup,GRAM,55.0
3350d527-7c0e-5821-a877-20fe1c9d68f7,,,114bd372-4578-5057-84c1-1467fee19445,100g phần,GRAM,100.0
a4fbf21a-d035-5a28-a7eb-8607500716e4,,,114bd372-4578-5057-84c1-1467fee19445,1 slice,GRAM,136.0
f96256ac-54f6-57ed-b3d4-42773a343410,,,cddaed39-d250-5c03-8c05-3a98d53838d4,100g phần,GRAM,100.0
e6afb0de-76eb-55ba-9c8b-48e98f84b9e5,,,cddaed39-d250-5c03-8c05-3a98d53838d4,0.25 cup,GRAM,60.0
09d90fd7-8382-5c2a-b514-95dc87f578c0,,,046898b1-7df1-51b3-9ee7-6bbf543ab64b,100g phần,GRAM,100.0
85b26d2f-6383-5160-b2b5-3bcdb9b33f28,,,046898b1-7df1-51b3-9ee7-6bbf543ab64b,2 tbsp,GRAM,28.0
ab85c2ab-6e53-5a27-a6e7-09df37fbfa21,,,f5198a28-57b8-583c-ac3b-5f20bcb47b98,100g phần,GRAM,100.0
5c5f945f-a81d-50e8-b742-0bc9727f3df8,,,f5198a28-57b8-583c-ac3b-5f20bcb47b98,1 slice,GRAM,60.0
6d0f0377-b512-572e-b888-28b1a9a36b78,,,8b246d8b-c5ee-5a19-9876-78f020afde7d,100g phần,GRAM,100.0
eab38c06-e717-539a-93ec-9c31734f21fb,,,8b246d8b-c5ee-5a19-9876-78f020afde7d,1 packet,GRAM,1.0
f010c3b0-4cbe-5cd7-8ba6-26c91ad99560,,,e5070baf-c8ee-59a8-9554-368e3e8b7c0e,100g phần,GRAM,100.0
bfd31055-ca08-5059-96a3-71a93a902c48,,,e5070baf-c8ee-59a8-9554-368e3e8b7c0e,1.2 oz,GRAM,33.0
be2d3b35-67e9-56a4-93af-b818f4a00764,,,c378d92d-9f9b-5a6c-8a3b-9973fe9b533f,100g phần,GRAM,100.0
4d5c59e8-e1ac-5506-bfc4-cde31afe4db7,,,c378d92d-9f9b-5a6c-8a3b-9973fe9b533f,1 cupcake,GRAM,85.0
ff078914-09cd-5c21-ba60-22ffcd767979,,,a60968e3-5e47-5835-a80f-66abe2cbe313,100g phần,GRAM,100.0
608ed708-8644-5164-9e49-c8d311678d41,,,a60968e3-5e47-5835-a80f-66abe2cbe313,1 piece,GRAM,50.0
9cb420b6-336b-59bc-9c76-be4c2c71ec74,,,76ddfb13-98e2-5f8e-8a69-16d10b7f086d,100g phần,GRAM,100.0
87497643-304c-5d1f-8586-5a3a4a0bb312,,,76ddfb13-98e2-5f8e-8a69-16d10b7f086d,1 piece,GRAM,88.0
991762d3-4196-5705-9609-99408268c002,,,28d3d7c7-a0c4-50f0-8da5-3f5066584efd,100g phần,GRAM,100.0
32738883-3ef5-5cab-9a80-0db63a77af56,,,28d3d7c7-a0c4-50f0-8da5-3f5066584efd,1 piece,GRAM,25.0
6c2ef3af-068f-5cda-a99a-1f2a4098d4d3,,,37242318-785e-562f-bad1-68e445df0c1a,100g phần,GRAM,100.0
c7a8b5e2-45cd-5df6-aa5d-d74ace08447c,,,37242318-785e-562f-bad1-68e445df0c1a,1 cookie,GRAM,30.0
b47c9c09-cb13-58bc-98f3-c47f99188230,,,a7f9b052-85f3-5141-acdd-6f961220c0a3,100g phần,GRAM,100.0
4fe47342-8d09-5d55-bd2c-16ac758b73bf,,,a7f9b052-85f3-5141-acdd-6f961220c0a3,1 piece,GRAM,35.0
5f110943-7414-526d-a131-6373cb4305f9,,,62f5a464-1471-580a-b8d3-066f86548026,100g phần,GRAM,100.0
23529d8a-081d-5d2f-909d-8d341688f3f4,,,62f5a464-1471-580a-b8d3-066f86548026,1 piece,GRAM,32.0
127cd8ca-a5be-50a8-87db-89052ae78261,,,88944160-79ce-51d7-9b72-5b065b652cc4,100g phần,GRAM,100.0
6b09cbec-9b94-5221-b619-96e5d674ce7d,,,88944160-79ce-51d7-9b72-5b065b652cc4,2 tbsp,GRAM,30.0
03f6661c-5ba1-5972-b971-6ccda0a559dd,,,81ca9a13-b2ef-552e-b8fc-d2f1a1672dfb,100g phần,GRAM,100.0
0b296b20-ba6e-5030-bae4-3d17038214c4,,,81ca9a13-b2ef-552e-b8fc-d2f1a1672dfb,1 slice,GRAM,125.0
1904b7d3-bdbc-5130-8017-fac472424523,,,9a1e1a3f-d83a-50cd-96c5-b88880546216,100g phần,GRAM,100.0
eefde16f-2c72-5aca-b64b-2af86d09a5da,,,9a1e1a3f-d83a-50cd-96c5-b88880546216,1 oz,GRAM,28.0
4a5d3dfd-1371-5f7b-9ad7-e6ab92532233,,,d2a38545-6016-586c-8cf6-94ee32fb5f53,100g phần,GRAM,100.0
793fb643-43a5-5449-b0df-14e6a11ab6e4,,,d2a38545-6016-586c-8cf6-94ee32fb5f53,1 cupcake,GRAM,85.0
2a02bced-9469-5b6b-acc9-a68b68fce5fa,,,79cb3c63-e995-57a9-a500-4660c119f2f0,100g phần,GRAM,100.0
042970d1-0113-5f78-920c-740c16732475,,,79cb3c63-e995-57a9-a500-4660c119f2f0,2 oz,GRAM,55.0
1a78bdaf-d92b-56d9-9683-06c8c9b91f56,,,4be01147-9dd0-5f25-93c7-e9b44fd34476,100g phần,GRAM,100.0
7b1c79a4-48da-5a90-900a-5af69a11bf71,,,4be01147-9dd0-5f25-93c7-e9b44fd34476,1 cup,GRAM,200.0
36f5241f-aa6c-5b31-a6fc-b19586b951aa,,,48af898d-bb09-5975-99cd-b91711563e0e,100g phần,GRAM,100.0
a9d4975c-81e8-5ccc-a845-e27fea947671,,,48af898d-bb09-5975-99cd-b91711563e0e,1 cookie,GRAM,50.0
dec75a31-1032-59b1-b93f-8be455654113,,,13e965ed-ef06-5ee9-8333-6a30f7deeda7,100g phần,GRAM,100.0
ad59edee-060c-50d6-bb42-cb08db806d0a,,,13e965ed-ef06-5ee9-8333-6a30f7deeda7,1 oz,GRAM,28.0
a67828db-d8d0-5476-8e9d-95f04ebcf243,,,93d6b738-4cf9-51a3-bf0a-dca8fbef95de,100g phần,GRAM,100.0
b99a3480-9f84-53cb-852c-820ee6a49b94,,,93d6b738-4cf9-51a3-bf0a-dca8fbef95de,2 tbsp,GRAM,30.0
e47fadc4-8d13-5ba3-be63-50591291a535,,,815c3a07-e335-5451-b647-4d03cc98bd58,100g phần,GRAM,100.0
52d5362a-9931-599a-aaa6-f29cfc6c18ff,,,815c3a07-e335-5451-b647-4d03cc98bd58,1 piece,GRAM,50.0
b57abfab-ef03-5ad5-b897-33d00f51d2d8,,,be0b9a88-b7a9-5415-af37-23534632735a,100g phần,GRAM,100.0
bdddc4f3-853c-53ad-9f1a-586bc21741ad,,,be0b9a88-b7a9-5415-af37-23534632735a,1.4 oz,GRAM,40.0
b27b614d-5677-5fef-b5ef-0122f3d16536,,,b808002b-d623-5630-916e-ea5fdcd80bc4,100g phần,GRAM,100.0
125f356e-39e8-5fa0-a3af-1dc8cbfbe960,,,b808002b-d623-5630-916e-ea5fdcd80bc4,1 cup,GRAM,85.0
bd0961c0-d489-529e-87f9-f5cbc952c588,,,971a2c80-f0f0-5ee4-86f4-1e45384a1900,100g phần,GRAM,100.0
9c7b9b14-45c0-54b3-a063-23f3a7dc1eff,,,971a2c80-f0f0-5ee4-86f4-1e45384a1900,1 piece,GRAM,9.0
5252b939-9886-54ae-be97-f9f37756c6ea,,,c3688eb8-64a1-5a6c-b786-ee3d28b5d1aa,100g phần,GRAM,100.0
5fd6c7d5-8de4-5f96-a1af-c7c67550ab02,,,c3688eb8-64a1-5a6c-b786-ee3d28b5d1aa,1 slice,GRAM,82.0
901fb3f3-54d5-56c4-9083-6befa77b55d5,,,1259d337-9618-5c64-8e34-af323f28bc31,100g phần,GRAM,100.0
d1499446-02e9-5e31-8fab-7187c4debc7f,,,1259d337-9618-5c64-8e34-af323f28bc31,1 slice,GRAM,75.0
57b11729-10b6-5f78-99e7-b75b6c6aed83,,,12f90e0d-be98-5c9f-884b-de1fa96d1fa5,100g phần,GRAM,100.0
e2637b7b-fb94-586d-a9f9-bfe51997304b,,,12f90e0d-be98-5c9f-884b-de1fa96d1fa5,2 tbsp,GRAM,30.0
b560f4e8-39b1-5866-9043-d69526211b00,,,6a79db14-e475-5b1a-b75d-b668d487911f,100g phần,GRAM,100.0
5feae035-e699-5a91-8908-68b9586271e1,,,6a79db14-e475-5b1a-b75d-b668d487911f,1 bar,GRAM,50.0
e9aba089-6bf2-5663-8ce2-7c23c4dc52e0,,,7adad2ac-636c-5737-bbec-adeb01df57e9,100g phần,GRAM,100.0
5bfbf4c4-b62d-56e1-ab91-4d9d6ad3ce2b,,,7adad2ac-636c-5737-bbec-adeb01df57e9,2 tbsp,GRAM,32.0
f9691c28-c117-5b0d-a88f-b3e78c6ec24f,,,bf35678b-f47d-55cc-8553-1dec36bc32c4,100g phần,GRAM,100.0
4e32682a-30b5-56e0-a729-6ecb4a227869,,,bf35678b-f47d-55cc-8553-1dec36bc32c4,1 slice,GRAM,80.0
cd05312b-e99f-5da7-9f6e-380d8b42496a,,,dcef9204-7eaf-5d48-9df1-c1dd78a7a652,100g phần,GRAM,100.0
35a506b0-b5da-5542-8fd8-973908aabb4b,,,dcef9204-7eaf-5d48-9df1-c1dd78a7a652,1 donut,GRAM,71.0
62dd2486-52b7-5806-bdd2-3ee795ee3317,,,e521c929-0e86-5aa8-8ab9-a647c26a9076,100g phần,GRAM,100.0
c44e1a43-3250-541a-a57f-86a6b7b067cd,,,e521c929-0e86-5aa8-8ab9-a647c26a9076,3 pods,GRAM,50.0
46ae9907-3f84-5edb-9f56-fc8ea7190bfe,,,55f53715-0150-5c4a-bd00-7b92adbbb95b,100g phần,GRAM,100.0
b0d88d12-1aee-556b-a797-2afcad787448,,,55f53715-0150-5c4a-bd00-7b92adbbb95b,1 scoop,GRAM,30.0
ea3b50f4-2c2b-55a4-b13c-06a25ac9bd62,,,745a9708-8b4a-53f1-be8d-4eca5e43fa7e,100g phần,GRAM,100.0
bc8d269f-5c64-56d4-b5f0-803b1ed37954,,,745a9708-8b4a-53f1-be8d-4eca5e43fa7e,1 oz,GRAM,28.0
ad704cc0-3f09-5ae4-871e-8bbd0b67691e,,,40339ca6-1e1f-5c24-8ac4-67a9d44f9d62,100g phần,GRAM,100.0
a446cd09-821e-5c18-89c7-44badb4a4100,,,40339ca6-1e1f-5c24-8ac4-67a9d44f9d62,1 slice,GRAM,80.0
0e1f551d-a0eb-5f48-80fa-e037b54d3886,,,5c97bce7-8e39-5d74-8f97-26f25b31d554,100g phần,GRAM,100.0
71cf2417-ff28-5230-ad08-483b858d4bab,,,5c97bce7-8e39-5d74-8f97-26f25b31d554,1 slice,GRAM,80.0
48fe76d0-21f6-503e-b553-f104128d3c5f,,,627bc328-c359-5f97-9b17-56fe885b1bac,100g phần,GRAM,100.0
99c88031-6885-5861-993b-1720b82f5ee7,,,627bc328-c359-5f97-9b17-56fe885b1bac,1 piece,GRAM,60.0
e0fa9798-02d9-5826-a94c-0099babc4ff3,,,d5713f87-995a-5e88-bda6-9d84e99e2323,100g phần,GRAM,100.0
5186c8cf-6441-5243-b66f-5b19ac75a897,,,d5713f87-995a-5e88-bda6-9d84e99e2323,1 churro,GRAM,60.0
5dbddeab-5a9c-5d9f-9ff1-ac267c2bc3bd,,,f1e5cf23-4aa2-5b75-a27c-35561ad0fb24,100g phần,GRAM,100.0
dd17d922-5934-58e5-820d-636d6056ae83,,,f1e5cf23-4aa2-5b75-a27c-35561ad0fb24,2 tbsp,GRAM,30.0
87a44d73-1fa6-52ac-baeb-154b2fbcebe2,,,0b4d6b65-ee74-58b7-849b-6a012855f687,100g phần,GRAM,100.0
69459522-a323-53c5-983c-e6a5a1b8a8f5,,,0b4d6b65-ee74-58b7-849b-6a012855f687,1 slice,GRAM,90.0
c6b6c189-babd-52a6-9096-2df62361b1b8,,,607f64e4-825c-5599-af5c-efaab7e663c3,100g phần,GRAM,100.0
890f377d-d1db-5bce-a232-92ada325d634,,,607f64e4-825c-5599-af5c-efaab7e663c3,1 cup,GRAM,240.0
ee648d56-9492-56cc-90c4-9baa07625575,,,301da300-d660-54d6-a179-96a4d25cb788,100g phần,GRAM,100.0
b6e19635-a316-546e-8693-f0d28a5e8ea6,,,301da300-d660-54d6-a179-96a4d25cb788,1 packet,GRAM,8.0
339e6b65-24bf-5d01-9398-745c68361654,,,d4cc8d50-cfc5-5dd4-8c89-6df4f18d6a26,100g phần,GRAM,100.0
dd317b5c-5e73-591d-99a6-2b1829e44778,,,d4cc8d50-cfc5-5dd4-8c89-6df4f18d6a26,1 slice,GRAM,76.0
8d378f97-60bb-5079-93fd-f8b123cce266,,,3cd63f24-db47-5c6f-bcf6-a53d1756c020,100g phần,GRAM,100.0
e9d62c09-9f97-5fb7-b215-9e0f7dce49ab,,,3cd63f24-db47-5c6f-bcf6-a53d1756c020,1 piece,GRAM,35.0
0158a3ef-1463-5462-be3a-39d35fba3fa5,,,837adb0a-e223-5ee7-9cfd-d04c4ada3160,100g phần,GRAM,100.0
0c40f0d7-a600-51ee-8834-ff6b6794a548,,,837adb0a-e223-5ee7-9cfd-d04c4ada3160,1 piece,GRAM,42.0
9859cb93-fb98-5d59-919f-d165e4413432,,,cb2dece6-f3c3-56da-ba24-25c23a9f1093,100g phần,GRAM,100.0
0da47a96-1eea-501d-93f1-afb32a4d4bde,,,cb2dece6-f3c3-56da-ba24-25c23a9f1093,0.25 package,GRAM,8.0
ff8e9751-18fd-5bea-8647-9c4ebaeb37b2,,,d23ac85a-80a7-5c16-a93e-2805b56566c8,100g phần,GRAM,100.0
feb67dd0-9a11-5d5b-8f77-9efdae8d851b,,,d23ac85a-80a7-5c16-a93e-2805b56566c8,0.5 cup,GRAM,125.0
affab872-6898-571d-9228-5fa770b13211,,,e3d8f006-973e-5f20-b432-1bf7ecfcdd40,100g phần,GRAM,100.0
5f6bbb10-6229-5d3f-935c-20f10dace4e3,,,e3d8f006-973e-5f20-b432-1bf7ecfcdd40,1 slice,GRAM,80.0
1e8e0abb-e560-5dbe-8474-d5b66d9e9390,,,ef2ba3e9-ed89-5ae1-9c7c-7c4c72338f70,100g phần,GRAM,100.0
63350a0c-a895-513b-9a60-3a6e66ec5fb8,,,ef2ba3e9-ed89-5ae1-9c7c-7c4c72338f70,1 piece,GRAM,99.0
85cf81b3-13e3-54d2-99f3-4b134868de5b,,,68a2fc6f-23aa-5e46-9546-17bab0439a9a,100g phần,GRAM,100.0
c4f88113-19ae-5236-807b-d19c81451337,,,68a2fc6f-23aa-5e46-9546-17bab0439a9a,2.5 tbsp,GRAM,27.0
ee147573-705d-5792-b101-90b40b576fe4,,,fb7a4289-0d89-5753-9ba1-add7d02ae9c8,100g phần,GRAM,100.0
c29808ee-1adf-5630-acde-e78de7c763c1,,,fb7a4289-0d89-5753-9ba1-add7d02ae9c8,1 slice,GRAM,128.0
c631418c-649f-555a-8fc6-bf292bb929d4,,,6a0338a5-bfa5-5abd-9f5c-76fc6568f8ff,100g phần,GRAM,100.0
13a6d205-c5c7-5734-a825-5fd7ba90e41f,,,6a0338a5-bfa5-5abd-9f5c-76fc6568f8ff,1 cookie,GRAM,54.0
12693b50-3d8a-58bb-816a-52158ba4da6f,,,91e045cd-82bd-50fc-9aa8-b06d221c286e,100g phần,GRAM,100.0
28771e07-774c-5b49-acfc-f7f676921756,,,91e045cd-82bd-50fc-9aa8-b06d221c286e,1 tbsp,GRAM,15.0
6533e1bb-6926-5882-bdf0-85423307794b,,,702d6e85-f17b-50df-8f19-aba1258f922d,100g phần,GRAM,100.0
57955cc4-f700-5c1c-8527-df6382cf6920,,,702d6e85-f17b-50df-8f19-aba1258f922d,1 oz,GRAM,28.0
e5ab9ebd-f43d-53c3-aa82-ac4db1823468,,,7c03329e-1573-5727-a66a-8aaf324d61e3,100g phần,GRAM,100.0
b83af98c-591e-52fa-889a-55bce467d64f,,,7c03329e-1573-5727-a66a-8aaf324d61e3,2 tbsp,GRAM,30.0
8e73c227-5546-5d1a-9b0a-a0d6a2bce3b6,,,6d3db407-943d-5226-828d-18f1b257fe87,100g phần,GRAM,100.0
dc3b6d52-156a-5227-a148-4311710b9203,,,6d3db407-943d-5226-828d-18f1b257fe87,1 slice,GRAM,138.0
fe1c2480-c5a2-5e74-8df5-317e04837f3f,,,1a9065bd-b33c-5d07-bdbf-9842c03c85cb,100g phần,GRAM,100.0
5c2554c7-1827-56b6-b939-d6a9916d707b,,,1a9065bd-b33c-5d07-bdbf-9842c03c85cb,1.4 oz,GRAM,40.0
752284f0-6d4c-5a26-a833-55119967eb25,,,b7293464-edf0-5526-8fb9-7c29c362d491,100g phần,GRAM,100.0
daff857f-885a-5d6b-9e19-ff8167aa89f9,,,b7293464-edf0-5526-8fb9-7c29c362d491,1 cupcake,GRAM,70.0
f2870454-0e3e-5b7d-ac5e-6ddd0e34fa70,,,fd5d02cf-ec82-58ab-8c71-ef961595084e,100g phần,GRAM,100.0
9140cc62-79c0-5367-a7bf-d2dff1e0ee16,,,fd5d02cf-ec82-58ab-8c71-ef961595084e,1 bar,GRAM,50.0
d46b9491-727b-5d5f-bc5d-3efd941a0323,,,e8d8e537-f331-514c-8928-0df31729a217,100g phần,GRAM,100.0
9f2c3522-b2be-59a3-bc34-7fdf324de151,,,e8d8e537-f331-514c-8928-0df31729a217,1 tsp,GRAM,5.0
355a299d-e2bd-5100-9ca3-9f949848c8d8,,,216f2e19-9bb6-5504-9689-49fc94d31273,100g phần,GRAM,100.0
4721fc2a-6428-5ec6-94b3-fcd1be1d29fb,,,216f2e19-9bb6-5504-9689-49fc94d31273,1 cookie,GRAM,14.0
92e505eb-3300-5187-a17c-1c54adc171d4,,,6fee409e-9b7b-5010-9437-b1462b0bd319,100g phần,GRAM,100.0
bf080bd4-a2d7-5b50-8148-3622030c80c1,,,6fee409e-9b7b-5010-9437-b1462b0bd319,0.5 cup,GRAM,125.0
bebe483b-90de-5a7b-bee1-463fb0e5f38c,,,587248cb-1915-5ad9-8fb6-40702e56d588,100g phần,GRAM,100.0
2cf251fd-414e-5cc7-90e0-9e9c3b239024,,,587248cb-1915-5ad9-8fb6-40702e56d588,1 slice,GRAM,125.0
09feb37e-7602-53fd-b6ea-816a62ac33a9,,,99b840f7-96b5-5d18-96bc-40bd8841169f,100g phần,GRAM,100.0
c6a77d24-06ab-5c63-8561-8f897ce12818,,,99b840f7-96b5-5d18-96bc-40bd8841169f,0.5 cup,GRAM,85.0
7860f07b-ce0f-5dd9-aa91-d901aa6e97dc,,,bc163a06-2f2b-5105-9d16-67b1507ccc13,100g phần,GRAM,100.0
f481c28e-724f-5613-a58a-275f7ca94356,,,bc163a06-2f2b-5105-9d16-67b1507ccc13,0.33 cup,GRAM,40.0
7ec624b4-8b18-5430-aa4b-0723c16717ef,,,f4d6d2d1-c6cd-567e-8ecf-903d15df5688,100g phần,GRAM,100.0
517c7dbb-f577-5e29-84cf-4bd0973bdae7,,,f4d6d2d1-c6cd-567e-8ecf-903d15df5688,16 chip,GRAM,32.0
05fb426a-59d4-56eb-a345-c2c2a3124320,,,92cb3a05-cb2e-53c5-9c31-94289e98c26c,100g phần,GRAM,100.0
cbe475a4-48ae-57c3-8f8c-e34b01a10a9d,,,92cb3a05-cb2e-53c5-9c31-94289e98c26c,1 oz,GRAM,28.35
373510cf-57cc-5314-a752-70118411398c,,,9e42ed4d-2918-5c0e-b151-589fdfb9cc55,100g phần,GRAM,100.0
98a77feb-1a35-5a56-a182-a7ce5560c90e,,,9e42ed4d-2918-5c0e-b151-589fdfb9cc55,1 piece,GRAM,30.0
108985bc-28df-5146-b102-d0b13ec579a5,,,004d734a-f278-5017-a9d1-8a55a4876d66,100g phần,GRAM,100.0
37b5300e-d72f-5d1b-849b-a2b4ed94141c,,,004d734a-f278-5017-a9d1-8a55a4876d66,1 cookie,GRAM,40.0
401b9587-7ca3-561a-9319-f17adee74064,,,68ea3626-191d-5d44-b7bd-b204161a9e4a,100g phần,GRAM,100.0
f88cf475-71c2-5fe0-8e19-9faff1fb1295,,,68ea3626-191d-5d44-b7bd-b204161a9e4a,1 piece,GRAM,128.0
4e5c356d-c894-585d-9652-7b06c9ca28dd,,,b088e592-a7d4-536a-8b18-52dacd1aaef0,100g phần,GRAM,100.0
7e1dd56a-e211-5910-9e36-e7e94c257ee1,,,b088e592-a7d4-536a-8b18-52dacd1aaef0,1 piece,GRAM,50.0
8f58ed63-971a-5414-b021-037924e8c131,,,4ef8f479-c2e3-5863-acf2-521c5439a083,100g phần,GRAM,100.0
94122796-d26e-5ed1-9264-f9b49e9acff7,,,4ef8f479-c2e3-5863-acf2-521c5439a083,4.5 oz,GRAM,128.0
1ce53b47-be3b-5258-9d7b-3746fe05ee4e,,,f101b108-7dd0-595a-9e1b-d0a3dd4ef1cb,100g phần,GRAM,100.0
cd5cb038-36d4-506f-93b7-7e2d1160e15b,,,f101b108-7dd0-595a-9e1b-d0a3dd4ef1cb,1 cupcake,GRAM,60.0
895aa131-da9d-518c-a4b4-574445069636,,,f53ff661-0e9d-5470-9330-50242236f834,100g phần,GRAM,100.0
645a18c4-3128-53fa-895c-3ddfbd2b657f,,,f53ff661-0e9d-5470-9330-50242236f834,1 packet,GRAM,28.0
da5a9ab7-2711-5692-bc16-eb71d7738237,,,939f6ad1-c76c-5334-a23a-dc4ca1290e6e,100g phần,GRAM,100.0
2a03ec6d-00c2-51cc-a43a-388eb69faac6,,,939f6ad1-c76c-5334-a23a-dc4ca1290e6e,1 scone,GRAM,85.0
d553c6f9-5194-5fda-877f-dd45768235db,,,c66ba601-04da-57fd-ae72-f1b5737d3df3,100g phần,GRAM,100.0
43dbcee9-0299-53e3-826e-0a9b62839ec3,,,c66ba601-04da-57fd-ae72-f1b5737d3df3,1 slice,GRAM,80.0
52299b88-a89d-5d5d-b422-a6de16894e90,,,8638bf20-0eec-5d1d-9cda-53e4a3e96efb,100g phần,GRAM,100.0
11753044-dccc-5dc3-a4f0-228bdd2e7cb7,,,8638bf20-0eec-5d1d-9cda-53e4a3e96efb,1 slice,GRAM,125.0
ae751994-2eb4-5eaf-8706-ca3eb21e1f74,,,9e9d6c3d-9adc-57c6-aa32-5beea469563a,100g phần,GRAM,100.0
94648bc5-4af9-546b-842f-20e1ed8d4a5a,,,9e9d6c3d-9adc-57c6-aa32-5beea469563a,0.25 cup,GRAM,7.0
5936a72d-27c7-536f-95df-85a11d984bea,,,10915803-19ef-5dce-b185-b19d17c54a5a,100g phần,GRAM,100.0
248e107c-0882-5c19-9188-375c464f9e30,,,10915803-19ef-5dce-b185-b19d17c54a5a,1 slice,GRAM,80.0
53a019ee-cae1-5ccb-9b00-696a4de7c33b,,,993e5a07-2b01-55a0-be17-a768d03eee96,100g phần,GRAM,100.0
22e2c684-31a9-53da-9ad0-f03c523204d3,,,993e5a07-2b01-55a0-be17-a768d03eee96,1 fl oz,GRAM,30.0
4117e884-5cc4-5d64-a65c-5738ebe862fa,,,81dad56a-050b-51d2-8773-17f1ced449b3,100g phần,GRAM,100.0
0ab50dcf-3bb2-58d5-b9dc-289e2e208b22,,,81dad56a-050b-51d2-8773-17f1ced449b3,1 cookie,GRAM,40.0
7d37088c-ab31-56aa-8c60-abd5d1c2c625,,,b98b1eef-a8d9-5f2d-9a19-6470c14961be,100g phần,GRAM,100.0
4eb8cfdc-6205-5462-b4ae-ff6cd7b8bed7,,,b98b1eef-a8d9-5f2d-9a19-6470c14961be,1 cookie,GRAM,8.0
c760100e-75fd-51d2-8981-40478a9ed8d1,,,03ab4052-4171-5dbd-b56a-cf3db284aa89,100g phần,GRAM,100.0
f4ea0fdf-ec1f-5e9c-8ed9-2896ad91769d,,,03ab4052-4171-5dbd-b56a-cf3db284aa89,4 oz,GRAM,113.0
c94a4697-cb36-53b1-a5ac-7ceaaceb47e8,,,251270db-9a74-515c-99c5-1379a1346d6a,100g phần,GRAM,100.0
9f817778-8882-59a2-ab30-502165ce580a,,,251270db-9a74-515c-99c5-1379a1346d6a,1 cookie,GRAM,44.0
23fdbc55-da00-5c57-9200-6bc02cad1911,,,d34e9f3a-3107-52a3-bfc5-549b107797a8,100g phần,GRAM,100.0
be917515-ce14-5788-845c-168f08230a25,,,d34e9f3a-3107-52a3-bfc5-549b107797a8,0.67 cup,GRAM,150.0
cd61ec04-2e70-5195-ae7c-3b201417aa61,,,82b37432-0dc8-5dcc-baf0-1876875ce4bf,100g phần,GRAM,100.0
088b17c9-0156-5c29-8e45-a2450a144c65,,,82b37432-0dc8-5dcc-baf0-1876875ce4bf,1 cookie,GRAM,40.0
64fc3023-bbfc-54b8-bb3e-2ec9ccbbf27b,,,f58ed9a1-4934-53f4-a44e-562b7d1f9c0e,100g phần,GRAM,100.0
ed4a6b4e-b9dd-53aa-b385-d4a33eccf7d4,,,f58ed9a1-4934-53f4-a44e-562b7d1f9c0e,1.3 oz,GRAM,38.0
08668b8d-de0a-5a4d-b0ac-c74f07198606,,,336ea3a1-5154-542b-baa0-9e4448c102fb,100g phần,GRAM,100.0
729d5a66-5356-52b6-8286-83bfcbfe245a,,,336ea3a1-5154-542b-baa0-9e4448c102fb,1 slice,GRAM,145.0
19edc6b9-e5c9-5229-aa0b-96cbfc589f67,,,639fee26-804b-5608-92c8-b6ff695d0983,100g phần,GRAM,100.0
8f55729b-62f9-5db2-b919-193b7cf5f7fc,,,639fee26-804b-5608-92c8-b6ff695d0983,1 cup,GRAM,150.0
765207da-befe-51e6-bcc3-91988004a529,,,a9d5b564-ce04-5693-b019-13e9b11b0a45,100g phần,GRAM,100.0
96f31f8d-84dc-526b-a9d6-823b900b7a08,,,a9d5b564-ce04-5693-b019-13e9b11b0a45,2 pieces,GRAM,30.0
a7c3ddbb-0d6f-56a7-9bbf-c075061f7e42,,,1f9dc9e2-2640-5032-9495-2cf678178d23,100g phần,GRAM,100.0
0c4635c0-b539-52bf-b5fe-154b7d087dbe,,,1f9dc9e2-2640-5032-9495-2cf678178d23,1 roll,GRAM,70.78
85614271-e849-5174-93ff-feef35422e6f,,,702183ed-5046-5399-a325-e6df79c60998,100g phần,GRAM,100.0
e027cde7-cd45-5806-8371-2757342044e0,,,702183ed-5046-5399-a325-e6df79c60998,5 piece,GRAM,43.0
d1db53bc-d7ea-56c1-86c8-70c4cb343720,,,aa534536-5865-5436-8bf5-fbc020746a39,100g phần,GRAM,100.0
ec85dece-fb3b-52a8-b6cb-3cca5308f403,,,aa534536-5865-5436-8bf5-fbc020746a39,1 slice,GRAM,102.0
01345408-454d-549e-a815-05cee3860a21,,,d7e8f986-6c7c-5a17-9332-6769ed0e9200,100g phần,GRAM,100.0
cf439c5d-8fb2-5708-816c-c445a1f267e0,,,d7e8f986-6c7c-5a17-9332-6769ed0e9200,1 slice,GRAM,80.0
c58d7dcb-0a7f-50cc-9830-5b6f8a728cfb,,,13847704-2f21-5893-b850-d505d596add4,100g phần,GRAM,100.0
c0bd5bd6-f283-5937-baf3-b3c7b9163de0,,,13847704-2f21-5893-b850-d505d596add4,1 cookie,GRAM,16.0
e1d50135-2f35-5a0b-98a9-c8e1a9641205,,,08cd2494-f11d-542e-9551-86e24ae07d98,100g phần,GRAM,100.0
823e5f9c-87c0-58db-a489-4c8f0fe52a7a,,,08cd2494-f11d-542e-9551-86e24ae07d98,4 oz,GRAM,113.0
471fb73d-931d-51cc-9e85-906c67258c88,,,4a2ea919-97bf-54ad-a2ed-13a15d40e1e3,100g phần,GRAM,100.0
75adf139-2c05-5746-889a-bf67e7475d73,,,4a2ea919-97bf-54ad-a2ed-13a15d40e1e3,2.7 oz,GRAM,76.0
6bf650f3-6cd6-5587-888c-09f286b28367,,,5e04c796-161c-527c-b937-011258ccfac2,100g phần,GRAM,100.0
e48def2d-7dbc-5eec-8060-ad034653cab3,,,5e04c796-161c-527c-b937-011258ccfac2,2 oz,GRAM,57.0
4d8ca388-142c-55e1-8713-7d168ba4ac9a,,,e9a98f04-0649-5bfd-991a-d221bc33478f,100g phần,GRAM,100.0
5cd60fd2-8942-5ad2-bcc5-897c21b148c7,,,e9a98f04-0649-5bfd-991a-d221bc33478f,1 slice,GRAM,90.0
cf205ab8-3d4c-57a9-9765-f804524d177f,,,8858520f-3337-5393-b815-0406c753b76b,100g phần,GRAM,100.0
d239a017-bdfc-53b3-8c2a-3b3140faba5c,,,8858520f-3337-5393-b815-0406c753b76b,1 cup,GRAM,240.0
00fde00e-b5e6-5e49-a1a2-d7096b0386ce,,,b70d4d41-2f94-5c7f-be1a-e0e4b46f32ca,100g phần,GRAM,100.0
ab85c2e1-b4bf-5b42-9a7e-141a0d0538ef,,,b70d4d41-2f94-5c7f-be1a-e0e4b46f32ca,2 oz,GRAM,60.0
d9ef208e-55e4-5af6-9979-44be108998ce,,,70b6c2bf-0ec3-59d3-9f9a-83fb7f4d6c2d,100g phần,GRAM,100.0
bd9d5dfd-448f-5074-be8c-a2ac410a7eae,,,70b6c2bf-0ec3-59d3-9f9a-83fb7f4d6c2d,4.4 oz,GRAM,125.0
8765f99e-ec8b-5b98-8aba-35e20a24906b,,,baf14385-a61d-5577-a407-11e9008e2956,100g phần,GRAM,100.0
c6f1c221-041b-50df-b330-df535161db23,,,baf14385-a61d-5577-a407-11e9008e2956,1 slice,GRAM,77.0
df27fbc4-d7a8-502b-80ce-f258982f0a1e,,,42a833f3-ca5c-55e5-98e6-1ae2fcc267ab,100g phần,GRAM,100.0
c726af90-8181-53c2-b2fd-2e13abf378b4,,,42a833f3-ca5c-55e5-98e6-1ae2fcc267ab,1 cookie,GRAM,24.0
62e1c80f-2c6c-50c6-9da6-b45ce18f0136,,,1d637326-6bca-54cc-a7fc-1e6b055750ce,100g phần,GRAM,100.0
3f0ba3a7-5285-5a73-b2f3-925436a75951,,,1d637326-6bca-54cc-a7fc-1e6b055750ce,1 slice,GRAM,100.0
df434848-1f0a-5678-aa8a-5b3812c13bcd,,,cdf2380d-0db4-516d-80fe-dc9387fc328c,100g phần,GRAM,100.0
8f01bfd0-e5e7-5b40-974f-031bc59dfd57,,,cdf2380d-0db4-516d-80fe-dc9387fc328c,4 oz,GRAM,113.0
1d7fb375-ff61-59e9-917f-f74f8a1e7712,,,741f0f04-3259-5d08-94b6-2668c6277e09,100g phần,GRAM,100.0
690de286-fb4c-5fac-b0a8-40ce8e356719,,,741f0f04-3259-5d08-94b6-2668c6277e09,1 tbsp,GRAM,15.0
340131ef-1c05-5410-a026-909bb0243978,,,c9a5729e-b21e-5a15-a67c-a98fd18f6725,100g phần,GRAM,100.0
8963a7b2-386d-5d54-b52d-59260e1aa55b,,,c9a5729e-b21e-5a15-a67c-a98fd18f6725,1 cookie,GRAM,44.0
496d9257-070b-5eb1-8fa9-ba862faff454,,,6ed475cf-b0ea-58eb-a10c-2c20818b4a29,100g phần,GRAM,100.0
f4652b12-0001-58ad-9791-2272c8ce13a2,,,6ed475cf-b0ea-58eb-a10c-2c20818b4a29,4.4 oz,GRAM,125.0
f25500ed-f55b-58c1-9da1-57316782e2ca,,,9cba2d1d-e65a-5884-98a5-dd0c61c09bf0,100g phần,GRAM,100.0
23fb8ce7-74ba-5e54-8e90-5fa6d751dab2,,,9cba2d1d-e65a-5884-98a5-dd0c61c09bf0,2 cookie,GRAM,33.0
5b2db05f-0171-5dbc-a4d8-446aaea64f9d,,,320b430f-4ceb-5a78-8607-c0caee528111,100g phần,GRAM,100.0
9a32a64b-9ce3-577d-ad87-32f2808ac343,,,320b430f-4ceb-5a78-8607-c0caee528111,1 slice,GRAM,264.0
629676ac-1c5c-58bf-b6b0-8febe199604e,,,91e10621-b5d1-550b-a84a-8cbdcf0739c2,100g phần,GRAM,100.0
ae8f6413-de01-5c07-9e90-217f6c15882c,,,91e10621-b5d1-550b-a84a-8cbdcf0739c2,2.7 fl oz,GRAM,80.0
9b7c54a5-ea0c-5ecb-992a-5146bf60a118,,,980d8e80-fb0c-55a0-b562-0a83c6a65485,100g phần,GRAM,100.0
b7723fb1-f354-5d73-8389-f3d41ee619ed,,,980d8e80-fb0c-55a0-b562-0a83c6a65485,1 cookie,GRAM,36.0
ad4cda11-28cf-5f5d-b6c1-4f31c6888034,,,aa85d887-b549-5650-b9c6-312fbf7836da,100g phần,GRAM,100.0
b3fa9df1-b6f8-5fe8-aeb1-287223b8576b,,,aa85d887-b549-5650-b9c6-312fbf7836da,1 piece,GRAM,75.0
c19bf8f7-335f-59a2-b5ba-d6df237c7ca9,,,d6d5c1e4-6aa7-5f96-ac44-8915c3b239d5,100g phần,GRAM,100.0
c6014e85-e0bf-5834-bf0b-5478d4ee143e,,,d6d5c1e4-6aa7-5f96-ac44-8915c3b239d5,1 cup,GRAM,240.0
1c7cdcba-c2eb-508e-842e-92aa38ed6fb7,,,920b41a6-29a4-598b-993a-80d96095e029,100g phần,GRAM,100.0
4f60e978-952a-5ef1-b633-24736a77a243,,,920b41a6-29a4-598b-993a-80d96095e029,1 oz,GRAM,28.0
b56fb52a-5c30-59a4-9a09-355502fa0718,,,98674362-b013-5458-b69f-c044301e2373,100g phần,GRAM,100.0
57767a80-c011-5f61-8080-ccf62b2b4f6b,,,98674362-b013-5458-b69f-c044301e2373,1 piece,GRAM,7.0
8d84a2ef-4354-5719-9f92-5934ec113230,,,2dfe9283-041d-5c76-a12f-177d5c158e9b,100g phần,GRAM,100.0
58f9d52e-43ff-5d92-835c-d288937757bc,,,2dfe9283-041d-5c76-a12f-177d5c158e9b,1 slice,GRAM,80.0
d3301da1-ae53-5482-9e9e-158fc9c8009c,,,56a03581-9a29-5bbb-a47a-1aefb5a75f6b,100g phần,GRAM,100.0
5f40328b-8540-58a4-b6fc-3cfbd4d2705a,,,56a03581-9a29-5bbb-a47a-1aefb5a75f6b,1 cookie,GRAM,11.0
79c1757a-5505-5c6a-897f-2851d8899e31,,,a1da4b0a-c61f-53a2-969e-be04fdd69644,100g phần,GRAM,100.0
0052f4b8-ddf8-5db0-a48f-0fc3b2ee3159,,,a1da4b0a-c61f-53a2-969e-be04fdd69644,3 tbsp,GRAM,30.0
ecfe941d-697e-52e6-ad4d-db560fb3100f,,,5605617e-5cdc-5b82-8b6a-4560bfb3bb48,100g phần,GRAM,100.0
f3282c04-e4a3-582f-a367-c803ffb97dfe,,,5605617e-5cdc-5b82-8b6a-4560bfb3bb48,1 piece,GRAM,90.0
b37df9e5-33ed-59d0-bbc2-a71e2a04ecaa,,,beeb4130-52c5-5d56-98b6-c9589ce4931d,100g phần,GRAM,100.0
e1da2664-487b-5f32-a053-aebc9c1dab01,,,beeb4130-52c5-5d56-98b6-c9589ce4931d,2 tbsp,GRAM,30.0
9bc17f26-d4aa-52fa-aafa-fc2b3b7d9c85,,,d3b3869c-178c-5723-81c1-3e16e4180f01,100g phần,GRAM,100.0
7b77ccbb-9ce3-5f7d-808c-92e4f9daf57c,,,d3b3869c-178c-5723-81c1-3e16e4180f01,1 cookie,GRAM,22.0
090cb905-83f3-5bf8-ae85-f5c0f1f9130d,,,8c6ea33f-c233-595c-b468-f4fd07fdcf77,100g phần,GRAM,100.0
0c1d27b2-a89f-54e7-af28-a47ec3311330,,,8c6ea33f-c233-595c-b468-f4fd07fdcf77,1 slice,GRAM,125.0
aef0ec90-859d-5164-9fb5-7abfddcfefbe,,,5555e0e5-bac7-5785-8450-c12f8fdd23cf,100g phần,GRAM,100.0
44d9e6c1-29c2-5621-9a8d-01d1463d40d6,,,5555e0e5-bac7-5785-8450-c12f8fdd23cf,1 slice,GRAM,43.0
6ce11e67-a7b9-5d98-82f8-07f0771bd786,,,0e8fa702-889d-5420-85c7-7085b4e68154,100g phần,GRAM,100.0
3b6127f1-780a-5922-b3f9-195f569758c6,,,0e8fa702-889d-5420-85c7-7085b4e68154,2 tbsp,GRAM,30.0
3809e608-f89b-5039-b93b-4a3e2c7eb69b,,,d1e0440d-5a19-52d4-9199-087fc2e151bc,100g phần,GRAM,100.0
dd48fe2e-8dba-570f-9d38-6da50ce4e720,,,d1e0440d-5a19-52d4-9199-087fc2e151bc,0.5 cup,GRAM,125.0
9cfdb3e4-ceef-5329-b4ed-77c8a74bb3c1,,,3223b40d-3574-5b92-9229-f844081145e1,100g phần,GRAM,100.0
9cf6664d-c982-5158-b374-a763355b814b,,,3223b40d-3574-5b92-9229-f844081145e1,2 cookie,GRAM,30.0
4a226d7c-4ba3-54c7-812a-72440249c745,,,851a0b46-d427-594b-8f01-f36f9471cb2c,100g phần,GRAM,100.0
329bd7a2-bd31-5fb6-8c58-1dabe203ada6,,,851a0b46-d427-594b-8f01-f36f9471cb2c,1 slice,GRAM,147.0
1d9bf748-59e8-5404-92f2-1f657b47b8bb,,,28867df8-5cdb-5e7f-ad75-9b7aea910d41,100g phần,GRAM,100.0
a7fcce08-140c-5d36-9b34-24247437f2de,,,28867df8-5cdb-5e7f-ad75-9b7aea910d41,1 piece,GRAM,49.0
1fdb37a3-e473-5460-9a0f-d76fddd9765a,,,71916404-d4fd-5d0d-9521-7da545ac4cdd,100g phần,GRAM,100.0
3e983ff2-65fe-53b4-9783-e6ad83681f7c,,,71916404-d4fd-5d0d-9521-7da545ac4cdd,1 piece,GRAM,80.0
2a9a6f2f-290e-5759-8442-444186d31761,,,967e0d2d-2325-5f3d-8303-f309aec7cfa4,100g phần,GRAM,100.0
ecf91bc2-a644-5aef-8b7d-50c866843ba1,,,967e0d2d-2325-5f3d-8303-f309aec7cfa4,1 piece,GRAM,1.0
2ef22b5c-7531-506e-acb5-27f98a5b282a,,,c25b7414-a3e1-5694-8dcc-ec99a8ba311a,100g phần,GRAM,100.0
824b0dae-55c9-5f0d-b0e6-1bc155bacbc9,,,c25b7414-a3e1-5694-8dcc-ec99a8ba311a,1 slice,GRAM,141.0
9512baf8-6492-5be0-a551-53f001ba5e2c,,,60e898d7-b8a7-5c82-9553-fba668ec5e5f,100g phần,GRAM,100.0
6bfce56c-3e42-5728-b70e-b78f96532064,,,60e898d7-b8a7-5c82-9553-fba668ec5e5f,5.3 oz,GRAM,150.0
bafa0217-d1f9-5847-917a-b1c4e4e3eacc,,,4822ac12-660b-5fc4-a014-0c6f3f452fac,100g phần,GRAM,100.0
294c7554-daf9-5d3f-b25b-839fd047650a,,,4822ac12-660b-5fc4-a014-0c6f3f452fac,1 slice,GRAM,79.0
a3f40bc8-911c-5083-90c8-ed0b07b09cc6,,,2f944655-67f3-5916-8074-7ef3acd622e2,100g phần,GRAM,100.0
d9bbc375-cd61-5dba-85a6-7815a671aed6,,,2f944655-67f3-5916-8074-7ef3acd622e2,0.5 cup,GRAM,125.0
e3b7f728-57a0-514d-9490-b61d49285a8d,,,3e89d72f-68d2-50f7-aa7a-64817c053b78,100g phần,GRAM,100.0
05ab23ca-4984-5307-bb16-af24555860e1,,,3e89d72f-68d2-50f7-aa7a-64817c053b78,1 cup,GRAM,235.0
5c37aa14-402a-5196-b001-129669151fbf,,,2163911d-a29f-58f5-a029-56d59b7761b7,100g phần,GRAM,100.0
142568f3-df85-5417-9a99-01a6f981ff37,,,2163911d-a29f-58f5-a029-56d59b7761b7,1 slice,GRAM,74.0
f4cd962d-dbd1-5afd-9f2d-6eb24347c4a6,,,bf8f3d9d-029a-51ba-b3cc-a6f0f44be9c2,100g phần,GRAM,100.0
b9063807-86c9-5b44-9f2d-30dbb52e134f,,,bf8f3d9d-029a-51ba-b3cc-a6f0f44be9c2,0.5 cup,GRAM,125.0
20c02a66-b069-5fc2-8205-af7d7fa15a4b,,,ee84b486-fc17-5651-90e6-ea714fcdfed1,100g phần,GRAM,100.0
19040a3a-5e4f-54e4-b6cf-b93d01be4f61,,,ee84b486-fc17-5651-90e6-ea714fcdfed1,8 pieces,GRAM,40.0
74acb3fb-7985-50cd-8d1b-332f92cbbe6c,,,d04e1379-f508-54f7-9191-7a4d989598a3,100g phần,GRAM,100.0
cc2f62c9-b398-57b0-bca6-9d44158b058d,,,d04e1379-f508-54f7-9191-7a4d989598a3,1 piece,GRAM,15.0
aef68e9a-36f9-55ff-96df-2a00d8049422,,,d050a4be-c8db-57c3-a369-36f5903aec7a,100g phần,GRAM,100.0
e7c5a178-f63d-509c-8d9b-70c9c3db2bab,,,d050a4be-c8db-57c3-a369-36f5903aec7a,4 oz,GRAM,113.0
f3c15378-d902-51ff-a288-a0dbae8527b8,,,06fef4c4-b988-5360-be8d-a4ab2e494c59,100g phần,GRAM,100.0
6ea01d1c-b76b-5419-946b-3733835133ae,,,06fef4c4-b988-5360-be8d-a4ab2e494c59,3 oz,GRAM,85.0
d7f48427-9103-5c6b-804d-6ef09b9821b4,,,47ff0123-4a41-53aa-9c3c-4730fc3c58cd,100g phần,GRAM,100.0
66439e7b-94d4-57c1-aa8d-dede8a98b4bc,,,47ff0123-4a41-53aa-9c3c-4730fc3c58cd,0.25 cup,GRAM,60.0
1bd188ab-9dd4-5cd7-a7a9-e530466ccd8d,,,ad28f55c-06b6-511a-a27e-a098c79a71bc,100g phần,GRAM,100.0
ade04592-e23a-548e-b0c4-0cbfb8af55eb,,,ad28f55c-06b6-511a-a27e-a098c79a71bc,1 sheet,GRAM,50.0
d289591b-d2bf-5ac3-9b5e-3d6cfa97738e,,,b22ce967-7059-577a-9ff0-65e65a4e6867,100g phần,GRAM,100.0
269f5269-9f4e-5643-ab60-623515acadec,,,b22ce967-7059-577a-9ff0-65e65a4e6867,1 slice,GRAM,80.0
43c5ef98-f7af-5fe4-a8a9-a4e441cd0bcd,,,47a7b439-9a84-532a-90c4-13f79d36dde5,100g phần,GRAM,100.0
4f0872b3-88de-5115-ba38-a0a7e10b1bbc,,,47a7b439-9a84-532a-90c4-13f79d36dde5,5.3 oz,GRAM,150.0
acbb9a3b-e0e8-5a35-b14e-db2b221d94f5,,,7653baca-e903-54fc-a27f-cdfce79068ed,100g phần,GRAM,100.0
dae7053d-4622-55e6-9228-7b2b1e15aa8c,,,7653baca-e903-54fc-a27f-cdfce79068ed,1 waffle,GRAM,90.0
98334bce-835c-53ec-8d50-3bee1f6d8346,,,f78da7bb-c483-5fc3-9ec5-921ee05f6c29,100g phần,GRAM,100.0
a44cbb31-98e0-519b-9bf5-441345e258ba,,,f78da7bb-c483-5fc3-9ec5-921ee05f6c29,1 cookie,GRAM,30.0
65c51252-3da9-54f2-9ba1-255f1daa0e06,,,d92164c9-cf86-5164-9ff4-cd224604a453,100g phần,GRAM,100.0
163d417d-b7ee-5a0a-9300-be12867d01d4,,,d92164c9-cf86-5164-9ff4-cd224604a453,1 donut,GRAM,75.0
23ab7c6f-6cb1-5347-9bd0-58e7a2c049d8,,,ee77bd72-0ca1-59a9-bd62-35373c63bc36,100g phần,GRAM,100.0
001f064c-b8d8-5cf8-9963-92c70603234f,,,ee77bd72-0ca1-59a9-bd62-35373c63bc36,5 piece,GRAM,250.0
1f289997-86d3-52e3-ad7f-d207af90e5ea,,,3801b81a-7c45-5c57-8c11-5054ec4f2f00,100g phần,GRAM,100.0
ae1923ec-cec8-5d5f-9171-ace4eea1ed64,,,3801b81a-7c45-5c57-8c11-5054ec4f2f00,1 piece,GRAM,100.0
d2332df7-b8fa-5b44-9308-cee3b4a84521,,,233d84e4-6612-5f1c-bf47-840d63ab1b3a,100g phần,GRAM,100.0
2e37d907-58df-5661-8f39-b0399c623a7c,,,233d84e4-6612-5f1c-bf47-840d63ab1b3a,0.5 cup,GRAM,50.0
ec1fb3fe-55d6-56ed-b7b2-d287589ca113,,,8af595d8-96b7-5c56-a18e-c574332d086e,100g phần,GRAM,100.0
79ed4735-181e-53f4-aed4-4de88e66b714,,,8af595d8-96b7-5c56-a18e-c574332d086e,1 waffle,GRAM,100.0
6548b472-c3c7-510b-a415-2b8a5e2b6ff3,,,d328e2d8-b96e-5cc1-8d00-9d7bc9860250,100g phần,GRAM,100.0
fcc7b6f4-af28-5271-945a-011404c048cc,,,d328e2d8-b96e-5cc1-8d00-9d7bc9860250,1.25 oz,GRAM,35.0
c0d7325e-72b1-593d-8290-c3eb0e2a3bb6,,,924eb346-8438-5cb2-93a1-c436de71ef8e,100g phần,GRAM,100.0
ba957d56-17c4-515f-8d33-eb114a744780,,,924eb346-8438-5cb2-93a1-c436de71ef8e,1 cup,GRAM,240.0
d01eff1a-0673-52f2-aa3b-fae62721baf5,,,dd890b08-9d04-5f92-b885-2cf89e9a0e8c,100g phần,GRAM,100.0
29e816bc-0899-57b1-a5bd-2a8e0e91d74b,,,dd890b08-9d04-5f92-b885-2cf89e9a0e8c,1 donut,GRAM,73.0
b0b147f2-8f9a-55c2-aa08-811ec9c56d15,,,9e0647c9-87d8-589d-9f42-2215703eb076,100g phần,GRAM,100.0
acebcc19-beee-53e0-a072-d749890cdc14,,,9e0647c9-87d8-589d-9f42-2215703eb076,6 wing,GRAM,240.0
a0ec08c4-6fb4-5860-80ae-1762ea0211f4,,,f173119d-828b-5138-85b9-851a43b06f0b,100g phần,GRAM,100.0
e1120e49-9f85-5902-8f21-774ac4c04c57,,,f173119d-828b-5138-85b9-851a43b06f0b,1 piece,GRAM,75.0
e72fbbf1-8d5a-51ac-a457-7495ce4069ee,,,80c17b92-91de-59a1-8ad9-387f03130d2f,100g phần,GRAM,100.0
41dcd98b-11c3-5031-a3f8-8793cf4ccb41,,,80c17b92-91de-59a1-8ad9-387f03130d2f,1 bar,GRAM,60.0
3f5d8de5-bb76-5414-936a-73c6dfb790f1,,,0423afe3-bc06-5df8-a3b3-e0cd04b18f2e,100g phần,GRAM,100.0
5169f43c-c872-5db3-9d90-38eff3c42a39,,,0423afe3-bc06-5df8-a3b3-e0cd04b18f2e,1 cup,GRAM,135.0
7577afe5-7916-51b1-9863-aeba431c1704,,,72d4e9d9-7ef7-5467-8e48-5f162198e4ce,100g phần,GRAM,100.0
d5842023-2801-5f0c-a3c2-82a99c503df5,,,72d4e9d9-7ef7-5467-8e48-5f162198e4ce,1 cup,GRAM,240.0
7fc47bbb-b38f-5f7a-9c3e-7cc08c9327a4,,,a7971453-ab2b-5b6f-b568-e468b06c2dda,100g phần,GRAM,100.0
923a3592-1520-55b2-97fb-589ca03f1aea,,,a7971453-ab2b-5b6f-b568-e468b06c2dda,1 donut,GRAM,80.0
2a4d8d92-2bb5-536a-b373-d78232572d39,,,e2db6bee-4712-50d4-bc38-972f5e699e79,100g phần,GRAM,100.0
bd2343e1-5aea-500f-a7c3-3759a1a4b2a1,,,e2db6bee-4712-50d4-bc38-972f5e699e79,1 piece,GRAM,75.0
6d956032-82a4-5b99-8900-274ee815f9a1,,,9e59b4d0-fe5c-59ca-ad65-71093cfac6f4,100g phần,GRAM,100.0
fb0d5c8f-becc-5806-86a6-7bc1243513d8,,,9e59b4d0-fe5c-59ca-ad65-71093cfac6f4,1 scoop,GRAM,128.0
94acdde3-8e81-5c4c-a48b-18f195f3d58f,,,acb7aa0d-ad1e-59f3-9436-d4bf76352117,100g phần,GRAM,100.0
7a1c23f8-99c5-55ab-9f21-28e6ab282479,,,acb7aa0d-ad1e-59f3-9436-d4bf76352117,1 cup,GRAM,240.0
98186e37-b882-5e3f-a97a-2f3c7a34e515,,,4f50cb5b-f8c3-580c-97ce-36dcf4579225,100g phần,GRAM,100.0
222b13be-6bd4-5191-b6c9-7b1a760a273e,,,4f50cb5b-f8c3-580c-97ce-36dcf4579225,1 donut,GRAM,104.0
69262853-37db-532b-bb7e-e54b82b85e11,,,089bf04c-ed8a-5e16-a13d-5cc95462ba08,100g phần,GRAM,100.0
93c8cf3e-fe30-5619-8b4b-f7275120d6b8,,,089bf04c-ed8a-5e16-a13d-5cc95462ba08,6 oz,GRAM,170.0
c7cfdf81-5dac-574d-8792-3fcddbda5ef5,,,83dce916-8c69-5672-bb2d-a53b9085bf4d,100g phần,GRAM,100.0
47747ecc-98fa-54f4-a57b-cbe6cf1a70a0,,,83dce916-8c69-5672-bb2d-a53b9085bf4d,2 slice,GRAM,100.0
ca6f17aa-0910-5222-b427-11f8527c9e55,,,58fc8603-985f-5e7c-9e67-046c386c2ced,100g phần,GRAM,100.0
636b9993-edb9-5b8a-bbf2-bce355b975a9,,,58fc8603-985f-5e7c-9e67-046c386c2ced,1 donut,GRAM,68.0
548fbd2e-e18f-5b08-9e6b-1e294b28d063,,,ac9e9b75-ce06-5111-81b3-1c2481675a15,100g phần,GRAM,100.0
4b6bc94d-f5f3-5633-a463-b1569a7edbb2,,,ac9e9b75-ce06-5111-81b3-1c2481675a15,1 cookie,GRAM,64.0
01809b59-a2c4-53d2-abb4-a79d62d0852d,,,a78597f4-3a2b-57bf-b485-cf3e4bcb6378,100g phần,GRAM,100.0
24053cda-69d0-5830-9080-0a27ca71948e,,,a78597f4-3a2b-57bf-b485-cf3e4bcb6378,1 sundae,GRAM,500.0
9bac0ee1-8a4d-5d06-a8e8-e5ea05e7f2cb,,,7c84c446-e6fd-5b6b-bdbe-694ec31e858f,100g phần,GRAM,100.0
036bb70c-3c95-56c6-b558-707b0ac31e62,,,7c84c446-e6fd-5b6b-bdbe-694ec31e858f,1 sundae,GRAM,300.0
848b099a-4cda-5041-9fb0-16a941dbdc60,,,a5825bf5-4c2f-5210-9709-ddf427c9c6b4,100g phần,GRAM,100.0
b797c024-f7a8-532b-8b33-aab7509c3990,,,a5825bf5-4c2f-5210-9709-ddf427c9c6b4,1 crepe,GRAM,150.0
d015911c-64d9-5a15-ac97-3d388fb212a7,,,3ad9607b-fb1d-569f-816c-2915b784c640,100g phần,GRAM,100.0
57fb5aea-8417-5072-bc09-368a7ee84844,,,3ad9607b-fb1d-569f-816c-2915b784c640,1 cookie,GRAM,34.0
0f6a67c0-31d2-5a00-9753-49ff235a1766,,,fb9983b4-dd87-51e1-9c95-c1e36e7cad8e,100g phần,GRAM,100.0
a502cf8e-b1f9-5040-a6cf-7bcc0f2e2e42,,,fb9983b4-dd87-51e1-9c95-c1e36e7cad8e,1 slice,GRAM,76.0
680c59ab-7ccb-59f6-bd60-810fee34da5d,,,11cd4927-114e-5ef9-8251-e56b4269e414,100g phần,GRAM,100.0
bd0c57a8-4dde-53e3-9f27-eabd9e538213,,,11cd4927-114e-5ef9-8251-e56b4269e414,1 donut,GRAM,104.0
047bff46-d0ee-5b2c-8fe9-113da9a4551e,,,0f27f35f-6136-5331-8442-7e9e13ea1310,100g phần,GRAM,100.0
d6b0daf7-45cc-576b-b001-875c4f68d4eb,,,0f27f35f-6136-5331-8442-7e9e13ea1310,8 oz,GRAM,250.0
a30cb655-2e52-50df-99e2-9bd7b6a677d2,,,b335e342-3932-5d29-9651-2da4a8de42d3,100g phần,GRAM,100.0
94e78600-d5a9-5ab0-bc9d-7756dea47b72,,,b335e342-3932-5d29-9651-2da4a8de42d3,1 piece,GRAM,15.0
0ee3e4d8-0f43-5bd9-b13d-a80e356e441d,,,8789c2f8-9ddd-59dd-a264-ca48a96006b4,100g phần,GRAM,100.0
b44dc4b4-34da-5c05-ae76-de1e7f914e21,,,8789c2f8-9ddd-59dd-a264-ca48a96006b4,1 platter,GRAM,600.0
dc3c954c-c96a-54fc-923a-1602c0dd2b01,,,ae0d47a6-89d1-5814-8506-07d9143aa54e,100g phần,GRAM,100.0
e90ad2ef-4820-593c-b7d0-39967f686e3a,,,ae0d47a6-89d1-5814-8506-07d9143aa54e,1 pancake,GRAM,250.0
35089bfd-d4b1-57d5-9336-b91ca89b6d4a,,,ca3bf0d5-ef48-5c96-9e8d-89479bfe51c7,100g phần,GRAM,100.0
cd5f5657-1c17-5fbd-a939-29c1e0b5c71b,,,ca3bf0d5-ef48-5c96-9e8d-89479bfe51c7,1 slice,GRAM,250.0
51105bc6-f854-5d3c-86ec-85071e03145d,,,ee86c96b-2d94-5020-89b3-0d84b4e66f21,100g phần,GRAM,100.0
dbd8534e-459e-5ba2-b695-afc40441a3ca,,,ee86c96b-2d94-5020-89b3-0d84b4e66f21,1 tbsp,GRAM,25.0
826c579c-2be9-5cb8-b7f5-21ade8454457,,,58be5f9e-7b07-5ddd-ac6d-e1ca6876636c,100g phần,GRAM,100.0
7421a2d3-07bc-5421-92cc-a232abf0ff7d,,,58be5f9e-7b07-5ddd-ac6d-e1ca6876636c,1 pancake,GRAM,140.0
3b71b509-42df-5f63-bc7b-45149ca645cb,,,8e7c8f92-f48d-5e2c-af18-8b9bcdfa39ef,100g phần,GRAM,100.0
841b6eaf-b140-5a9b-b2ee-163f2a0c9479,,,8e7c8f92-f48d-5e2c-af18-8b9bcdfa39ef,1 cup,GRAM,237.0
b81e1196-f281-500e-86d3-0e97143942fe,,,794eb920-3895-5ed1-a9ee-ed8f604fa9a6,100g phần,GRAM,100.0
d09061e1-bdd6-5480-b583-2f0cb9a21936,,,794eb920-3895-5ed1-a9ee-ed8f604fa9a6,1 pudding,GRAM,240.0
64526c1a-662d-5b64-b92b-b53f21693364,,,8d5711af-162a-5d02-85ba-f4b17c1694c2,100g phần,GRAM,100.0
1e3c5bb7-bef0-5482-b2d3-1ed10ced69f9,,,8d5711af-162a-5d02-85ba-f4b17c1694c2,1 cup,GRAM,238.0
637c5ccd-4c80-5c9d-a42b-6db095f32acb,,,fce2b074-1f50-5a5a-9ef4-2e661e9065f1,100g phần,GRAM,100.0
9ff46fd4-1883-5fea-bcff-6173afb93c0a,,,fce2b074-1f50-5a5a-9ef4-2e661e9065f1,1 bar,GRAM,75.0
4a78879e-a082-537d-ba1d-6c9efa7ea5a9,,,c30b94ad-8814-58e4-8861-2b8a1a743134,100g phần,GRAM,100.0
c278c311-f86b-5c7d-a1b4-b637b10e9956,,,c30b94ad-8814-58e4-8861-2b8a1a743134,1 plate,GRAM,346.0
8ca9b441-d638-5f6a-96a2-fd8ccbc50563,,,d5224cdc-0965-5d9c-be45-61c3deada28d,100g phần,GRAM,100.0
7b9a39af-769b-5222-a439-bbb53f588f53,,,d5224cdc-0965-5d9c-be45-61c3deada28d,1 pancake,GRAM,85.0
3dabd498-1cd9-5618-9fb3-f11030f2b94b,,,598baa6f-41bc-5a5d-ac16-1c80522dabfb,100g phần,GRAM,100.0
71984d8a-013e-5d0a-9665-9db809fc8a07,,,598baa6f-41bc-5a5d-ac16-1c80522dabfb,1 piece,GRAM,125.0
7fd16dd3-5273-52b9-b4f6-df3241193590,,,29e527b3-9c31-5baa-9158-f96785afbb78,100g phần,GRAM,100.0
b2717773-c53a-5c9e-b591-e29530ed02b4,,,29e527b3-9c31-5baa-9158-f96785afbb78,1 pancake,GRAM,250.0
d97fdbe8-6d2d-5341-8db7-81aad3306de0,,,0ddc7210-cbee-5573-be5f-aeaf00803eac,100g phần,GRAM,100.0
5645be8a-c08f-567b-8ece-a6981207340b,,,0ddc7210-cbee-5573-be5f-aeaf00803eac,1 waffle,GRAM,100.0
6bae5a5c-a16e-563e-a711-9c426fea30d4,,,711f2f1d-1aae-5bfd-b843-65048b251931,100g phần,GRAM,100.0
69398872-454d-5933-b236-8e4f614d137d,,,711f2f1d-1aae-5bfd-b843-65048b251931,1 crepe,GRAM,110.0
606e4789-4b05-57d0-b8f9-aef1bfeb7a34,,,a408659f-ad78-5a87-92dd-73eeb1edc8a8,100g phần,GRAM,100.0
9178d08d-278f-506d-b182-e62013e883b8,,,a408659f-ad78-5a87-92dd-73eeb1edc8a8,1 cup,GRAM,240.0
c36721a1-7617-513c-9d3a-5fb5ac326c58,,,30b9fa40-a7c1-57fe-a9de-7db524b6b279,100g phần,GRAM,100.0
b8c08eac-2227-5495-93aa-2e5ed2201dc5,,,30b9fa40-a7c1-57fe-a9de-7db524b6b279,1 cookie,GRAM,31.0
07276fbc-a750-559e-94dc-4749f3290544,,,54294775-68bb-5100-aad7-3f2bac0dbcfa,100g phần,GRAM,100.0
c870829f-4ad4-5625-a3cb-fed5aff3905c,,,54294775-68bb-5100-aad7-3f2bac0dbcfa,2.65 oz,GRAM,75.0
522be274-5ac1-5bab-81ca-90b0d65fa555,,,536830d1-7e52-5131-b539-0645ce7419a4,100g phần,GRAM,100.0
71bd5b97-0be1-5737-bae5-92286e5d8da9,,,536830d1-7e52-5131-b539-0645ce7419a4,1 cone,GRAM,100.0
6955f3ea-eff8-51ef-998e-695c553ab6ca,,,ad667172-18e7-574b-a8f4-c19a1b2c22b0,100g phần,GRAM,100.0
31063bb9-a638-59ef-9b08-8a20aa2fc472,,,ad667172-18e7-574b-a8f4-c19a1b2c22b0,1 donut,GRAM,80.0
ed1e69d6-53ea-51b8-aec0-b2a1b76151ac,,,637646b4-e990-52d1-a2bf-bd0575d05265,100g phần,GRAM,100.0
6649cdbe-88fc-54c4-9b5c-6a292ece9d33,,,637646b4-e990-52d1-a2bf-bd0575d05265,1 slice,GRAM,100.0
73774361-3ca2-5ec3-accf-2ca8b57b20e3,,,93f66a26-6d3a-5c01-9132-001b8bc8dbbf,100g phần,GRAM,100.0
46196efd-74a9-5138-90c4-432264f21980,,,93f66a26-6d3a-5c01-9132-001b8bc8dbbf,0.5 cup,GRAM,125.0
c6adf68d-376d-5965-b074-eded640d0f31,,,269c9be3-0fe1-50d3-b921-dbe8b1012cef,100g phần,GRAM,100.0
75b83c79-5f0d-5d3c-b307-b197de68ac44,,,269c9be3-0fe1-50d3-b921-dbe8b1012cef,10 fl oz,GRAM,300.0
ce94ac50-ee42-5b7b-8cb5-aa8907f31960,,,c526feb9-eb59-58e0-a141-9d9c8b214b00,100g phần,GRAM,100.0
0bac276f-2c01-5675-b8e1-d0ae4a627c94,,,c526feb9-eb59-58e0-a141-9d9c8b214b00,1 sundae,GRAM,294.0
981c4629-c8fc-5c63-8892-d803a81f6d41,,,94c9591b-f7f9-5a04-860e-99a8da55d115,100g phần,GRAM,100.0
e5664b7f-7d70-5426-8b39-8a0c056f0792,,,94c9591b-f7f9-5a04-860e-99a8da55d115,2 tbsp,GRAM,30.0
26834522-5b12-5828-b31b-ec953bf2d3bb,,,afa80715-11c9-52e0-b8d8-3abebb6eb652,100g phần,GRAM,100.0
159ef055-4b46-5610-b057-c4b946d0eb43,,,afa80715-11c9-52e0-b8d8-3abebb6eb652,1 scoop,GRAM,135.0
ab465b1a-d9e0-5ab9-9a4f-7339f4dd264b,,,357b9c5b-8655-5dab-9da1-be1b4930914d,100g phần,GRAM,100.0
76d9672b-5a64-5bc4-b619-eae7d247a113,,,357b9c5b-8655-5dab-9da1-be1b4930914d,12 fl oz,GRAM,355.0
f526f5bf-73da-5789-a8c1-4b7c2555ca94,,,131e7430-61df-5cf2-8730-bbffe124cd6c,100g phần,GRAM,100.0
54463852-c969-5b3e-965a-381d83c95720,,,131e7430-61df-5cf2-8730-bbffe124cd6c,1 cookie,GRAM,8.0
93f5fd21-c7da-5114-9e78-ce3a73c9e515,,,cd274668-8207-5014-8840-49c1535c9917,100g phần,GRAM,100.0
55f0e119-c467-59a6-8287-301bd78ac34a,,,cd274668-8207-5014-8840-49c1535c9917,3 churro,GRAM,180.0
573690f9-f8f5-5b43-9e8e-2729433aa7be,,,724051b3-3fc1-5b55-8db9-8ad83e89a640,100g phần,GRAM,100.0
8308a752-b116-5bda-adb4-c7b688ee4c6d,,,724051b3-3fc1-5b55-8db9-8ad83e89a640,1 piece,GRAM,40.0
5d7a4d17-bd4e-5a5c-9d3e-0e1516180cee,,,ed8fe2e1-e2d3-5a94-ba6c-71893faa0674,100g phần,GRAM,100.0
02a2147b-7048-58a4-a6d6-7963ab8ed8b7,,,ed8fe2e1-e2d3-5a94-ba6c-71893faa0674,1 sandwich,GRAM,80.0
7f1b5073-3197-51ce-bde7-316bb67f958f,,,155c60de-c78d-559a-af64-77d4c3c10f03,100g phần,GRAM,100.0
d3ae80df-6bbf-5952-bea5-1cb72616f56d,,,155c60de-c78d-559a-af64-77d4c3c10f03,1 cup,GRAM,190.0
c23f8348-662c-55bd-818e-f18c01b34491,,,464218e5-b46b-5e3e-b6b7-8f968478ce19,100g phần,GRAM,100.0
90080cda-1a93-50be-a2cf-495f772a745c,,,464218e5-b46b-5e3e-b6b7-8f968478ce19,1 plate,GRAM,300.0
65352d5c-c279-5d72-9074-46a1365fb6d1,,,6eba1c38-d01b-5141-9c67-aee4ccb6e9d7,100g phần,GRAM,100.0
8f8f7462-9349-5f84-a09f-4afe6888f44b,,,6eba1c38-d01b-5141-9c67-aee4ccb6e9d7,2.65 oz,GRAM,75.0
85a8d85a-594e-53f0-8ec0-a737a085d34e,,,5928c01a-8382-5f54-ae16-8fcd8b4625ac,100g phần,GRAM,100.0
29a8dd91-474f-5ff8-b8e6-269b789bfb1e,,,5928c01a-8382-5f54-ae16-8fcd8b4625ac,1 cup,GRAM,238.0
8f87d10e-4c40-576b-b90a-df2e58f6ba49,,,178e7a62-b7ff-5337-8e48-cbd61db15d65,100g phần,GRAM,100.0
d48d0ee2-99de-53fd-b97f-7223d06c3d5e,,,178e7a62-b7ff-5337-8e48-cbd61db15d65,4 oz,GRAM,113.0
323c7ebb-b5e1-51bf-82df-e9e7d0a2055c,,,f3f9fd76-eef6-588c-9fc8-ef6c7c626f43,100g phần,GRAM,100.0
f5b91712-fa47-527b-960b-9724a1f6c050,,,f3f9fd76-eef6-588c-9fc8-ef6c7c626f43,1 plate,GRAM,350.0
50f33236-eb85-5c62-bfae-5fe69ce94813,,,36b1d5e5-809c-561f-9053-dceb84d66f7a,100g phần,GRAM,100.0
3460a0e9-7124-5ce7-8734-62fbdc528a17,,,36b1d5e5-809c-561f-9053-dceb84d66f7a,1 slice,GRAM,100.0
031e355c-5bdd-5c81-afb6-f2d2eb86c970,,,9adc232e-683d-59b2-98b8-fd6f9e437faf,100g phần,GRAM,100.0
d6a1bfdb-0b17-58fd-8fec-7b9ab54b4610,,,9adc232e-683d-59b2-98b8-fd6f9e437faf,2 macaron,GRAM,40.0
697691ee-60b8-5409-aa2e-84a3e59c6619,,,18e36c34-2cb2-5893-b29a-b9387f6afe3b,100g phần,GRAM,100.0
21c5ae86-aa94-539f-9075-e515971ad30c,,,18e36c34-2cb2-5893-b29a-b9387f6afe3b,1 plate,GRAM,350.0
7ef14899-0b76-51e2-8131-2fdb0fe6f45e,,,fe2ae323-eb01-585e-8f9e-d34f7e516789,100g phần,GRAM,100.0
dc7d4537-fdfb-52f0-b9dc-f18919b12899,,,fe2ae323-eb01-585e-8f9e-d34f7e516789,1 slice,GRAM,57.0
fa531e00-45ba-5812-a587-fd3456b6e32a,,,6e9375a2-a022-5e55-86c4-736c7e51a3fa,100g phần,GRAM,100.0
09ccecff-dd7d-5e73-bea5-1fb346bdf610,,,6e9375a2-a022-5e55-86c4-736c7e51a3fa,0.5 cup,GRAM,121.0
459bb4e6-e576-5418-b41c-e6f243db730e,,,b5a11b33-6d41-5d38-88ef-ce666f7022d7,100g phần,GRAM,100.0
cd1579f3-5f03-5997-9f2c-1a916f44df98,,,b5a11b33-6d41-5d38-88ef-ce666f7022d7,3.5 oz,GRAM,100.0
94b14bad-e37a-50c1-9409-459e50dbcc89,,,467b7f1f-fa36-5abd-9a51-1a57812f4edf,100g phần,GRAM,100.0
57de3b39-c242-5664-ad46-8a72198700df,,,467b7f1f-fa36-5abd-9a51-1a57812f4edf,1 crepe,GRAM,225.0
40418358-92ef-5aa4-ac3b-d44861e36c1f,,,888ad2f3-f476-5f3c-8eba-7a08f2e853c1,100g phần,GRAM,100.0
180ab267-1ec6-5505-b3e7-2370256ddfb7,,,888ad2f3-f476-5f3c-8eba-7a08f2e853c1,5 oz,GRAM,142.0
02436d2c-1f7c-5623-9aa1-5447a23e5e50,,,4499330f-37ca-523f-b1ff-e19f757d9ac3,100g phần,GRAM,100.0
87734c86-f18c-5ecf-9711-48dc8d2feb07,,,4499330f-37ca-523f-b1ff-e19f757d9ac3,1 muffin,GRAM,85.0
9bec3387-3937-5e36-91e3-19fb03262f39,,,842063b9-697b-5029-9c24-21aedfbb23b3,100g phần,GRAM,100.0
beaddaaf-690c-58fe-ab87-dc6fa0b4ef93,,,842063b9-697b-5029-9c24-21aedfbb23b3,1 plate,GRAM,250.0
150fcdf4-c8db-550a-b5f6-d34260339564,,,c464bd3c-dc11-5b12-92ef-370c0f3b6fa3,100g phần,GRAM,100.0
3fca1d48-8e9d-5c69-bd9f-7b3e9c330b6e,,,c464bd3c-dc11-5b12-92ef-370c0f3b6fa3,1 donut,GRAM,94.0
32e0c41c-ed08-5ca4-80f1-d03329ae162f,,,10bc7511-56a3-5cdc-a540-53944ace9c53,100g phần,GRAM,100.0
87018acf-ee4b-51fa-8f1d-1f72fba6aca4,,,10bc7511-56a3-5cdc-a540-53944ace9c53,1 order,GRAM,609.0
aee6b9a0-9021-5e97-885d-dcb1f6b09b50,,,e7333ba8-8145-5758-9c41-e13f473d9229,100g phần,GRAM,100.0
3076c6d1-b63f-55b7-b4cc-b49d33176887,,,e7333ba8-8145-5758-9c41-e13f473d9229,1 donut,GRAM,70.0
9f5be752-7d18-5bd0-a63b-056ee2d514b8,,,2d4c964c-c389-5ffa-b6e4-4b832a392a80,100g phần,GRAM,100.0
c7f3cc77-e54f-524a-8a43-82b848f2f237,,,2d4c964c-c389-5ffa-b6e4-4b832a392a80,3 pancake,GRAM,240.0
61e0071a-736f-5292-9091-688e908f7a22,,,880e694b-34b1-5f18-8028-d9d0e19300fe,100g phần,GRAM,100.0
1c3c4b17-3141-576f-a64f-d73dd2e3cf86,,,880e694b-34b1-5f18-8028-d9d0e19300fe,1 cup,GRAM,200.0
565006a7-c382-585c-a8d6-e49f81e7998f,,,cda008c2-caa0-53dd-b289-c37990864211,100g phần,GRAM,100.0
42675015-0a3c-5860-97d6-5a016125ae6e,,,cda008c2-caa0-53dd-b289-c37990864211,1 cup,GRAM,187.0
b3bd1fbf-e433-50f6-b114-7a6981725241,,,31534dcf-b95a-5d09-884a-2545b658c661,100g phần,GRAM,100.0
880f2b37-4350-5ba7-be93-15383fc9a3d1,,,31534dcf-b95a-5d09-884a-2545b658c661,1 bowl,GRAM,375.0
7f0fe0f3-da66-51bd-930a-691c6fa78137,,,e00165c4-027b-5266-aa96-e6601923371d,100g phần,GRAM,100.0
03ac72f9-dc62-59fd-9b3e-44eae2622b53,,,e00165c4-027b-5266-aa96-e6601923371d,1 donut,GRAM,90.0
e9ed5a89-0dbb-505b-9612-e372635174aa,,,659b8dec-9298-5642-9bd4-268bfabc0dd9,100g phần,GRAM,100.0
27d5016b-2077-5fc1-8b17-2bfedc49e364,,,659b8dec-9298-5642-9bd4-268bfabc0dd9,1 piece,GRAM,149.0
c0b751a3-feec-5780-b092-d3f49d349277,,,0171420e-c37a-5c7d-ab2f-f018b23ce8d1,100g phần,GRAM,100.0
2ff1eff9-fe84-5f45-a349-7a10e6b91717,,,0171420e-c37a-5c7d-ab2f-f018b23ce8d1,3 crepe,GRAM,150.0
377390f9-ca20-510e-94de-fac52d5c83fb,,,ff627a03-5d0e-537c-b11a-3b176d7132a4,100g phần,GRAM,100.0
6f314649-825e-502f-8bf0-39fd324c5991,,,ff627a03-5d0e-537c-b11a-3b176d7132a4,1 cup,GRAM,240.0
9703be27-3ee8-5683-9ac1-bdf4f65bdd1b,,,d4748f5c-74f1-5aca-9c9e-8ed9e21cc60a,100g phần,GRAM,100.0
7a6be850-8b6c-59db-9b2a-8c1f3c561682,,,d4748f5c-74f1-5aca-9c9e-8ed9e21cc60a,1 donut,GRAM,70.0
d7277be6-a4dc-5fd8-af0d-c595ef3f7a65,,,fd1bdf02-39c9-5ac1-8050-b377bc673138,100g phần,GRAM,100.0
70a924dd-e0c4-54ca-9b8a-7a0333ec127f,,,fd1bdf02-39c9-5ac1-8050-b377bc673138,3 piece,GRAM,15.0
dc277869-0b05-5070-8bba-882f0b59efa7,,,cf86c47b-9b42-57e6-ab6b-0c34347bad8b,100g phần,GRAM,100.0
ea03301b-3b02-54a5-8554-c81fc55447a6,,,cf86c47b-9b42-57e6-ab6b-0c34347bad8b,1 cup,GRAM,250.0
2b377ec2-3fdd-5a4c-b165-0385f46a0fb7,,,1f70a3d3-3608-5552-b613-a9fef553a388,100g phần,GRAM,100.0
98c270ba-cce5-5c17-8569-2e57dd5bdac3,,,1f70a3d3-3608-5552-b613-a9fef553a388,1 sundae,GRAM,140.0
35157426-a845-5607-87ce-b6108f449baf,,,1eca0c1b-45f3-5587-815e-a9f408fc9d72,100g phần,GRAM,100.0
5f92f818-834a-5a69-b418-b995b78727b7,,,1eca0c1b-45f3-5587-815e-a9f408fc9d72,1 sandwich,GRAM,139.0
cc3fec89-b1d5-5585-812b-69f39f83720d,,,b1a78972-8b49-53d8-be5c-4de794187550,100g phần,GRAM,100.0
94adf0d7-9934-5849-875b-11c0eabb9769,,,b1a78972-8b49-53d8-be5c-4de794187550,1 slice,GRAM,125.0
11537802-24e4-59e3-b33f-7b4fb050f3bd,,,7c801d24-81db-541c-9164-bd2f35a9b84f,100g phần,GRAM,100.0
7a8446c5-cef5-53ca-8b5a-0edf8eb21145,,,7c801d24-81db-541c-9164-bd2f35a9b84f,4 oz,GRAM,113.0
134f246f-bed9-5dcc-8a2e-5a1b364f5158,,,dca063de-2499-5ebe-abc3-8bea5ecca22b,100g phần,GRAM,100.0
474cf2df-235c-55a5-8a36-65140083e439,,,dca063de-2499-5ebe-abc3-8bea5ecca22b,3 oz,GRAM,85.0
a8cfe089-1c86-5473-af8f-b7e8cbd4c7c3,,,a0046c09-e7c8-5e8d-b94f-b270f187041c,100g phần,GRAM,100.0
a22c27e3-4b0c-5524-9f21-d9343cd12c74,,,a0046c09-e7c8-5e8d-b94f-b270f187041c,1 donut,GRAM,62.0
f9795070-2381-55a9-841e-018e894b021b,,,1f97b5e5-01dd-54a1-b686-4e0bf4d48e22,100g phần,GRAM,100.0
d1caf09f-3798-529a-8862-b2bcf4a21fb1,,,1f97b5e5-01dd-54a1-b686-4e0bf4d48e22,1 slice,GRAM,120.0
ad72ba73-7e85-56d6-acf7-ff6734e25602,,,56d27501-c0aa-5e0b-9019-c2550ee1272b,100g phần,GRAM,100.0
0997baf9-9046-5e98-b2df-5d6fc7bbe188,,,56d27501-c0aa-5e0b-9019-c2550ee1272b,1 sandwich,GRAM,121.0
c5f964ba-74a2-5f17-98a4-a0d8d586af02,,,ca12965f-6d1d-51ef-ba35-40bfbd41b26a,100g phần,GRAM,100.0
ffc9b08b-5dd5-5467-84dc-6b91ad3b00f9,,,ca12965f-6d1d-51ef-ba35-40bfbd41b26a,1 slice,GRAM,100.0
8e3c301e-c84b-5fa3-86c6-e54a05d22499,,,e107bda0-3a92-5d0c-aa5a-530676648b5e,100g phần,GRAM,100.0
4ce3f9ad-80df-57ab-a1d6-0d848fc96bb0,,,e107bda0-3a92-5d0c-aa5a-530676648b5e,1 piece,GRAM,80.0
e1132b57-ee1b-58f4-b12a-01700feff749,,,69c4743b-3702-57f3-809c-ea17e74743bd,100g phần,GRAM,100.0
daf369c8-40ce-54bd-a59f-b812d436a55f,,,69c4743b-3702-57f3-809c-ea17e74743bd,2 cake,GRAM,340.0
cdd7af18-9576-507d-be20-54526ac8543e,,,102f7661-c176-52e3-b84d-29af107bc308,100g phần,GRAM,100.0
8b01f886-bf25-5760-b906-85148dc9cf8f,,,102f7661-c176-52e3-b84d-29af107bc308,3 oz,GRAM,85.0
00650cb5-a1e8-5127-af00-78c59120b96a,,,0a4448ee-3f0d-581c-8e2e-2922ee7b0939,100g phần,GRAM,100.0
8743d3c9-76d5-543b-b9d7-8930a5e49858,,,0a4448ee-3f0d-581c-8e2e-2922ee7b0939,2 johnny cake,GRAM,250.0
4a2fb6e0-e6cd-5e88-a945-720650ae4f4f,,,208250a4-3b36-514f-847e-b11414c42bba,100g phần,GRAM,100.0
473fce1f-9ed5-5ff3-ad52-33c2b6f0c965,,,208250a4-3b36-514f-847e-b11414c42bba,1 plate,GRAM,334.0
87bdaaca-eda3-5787-a2cc-c499d1c517e4,,,46a93533-17e3-594a-bd88-05a5a9ddff4d,100g phần,GRAM,100.0
d44fb6ad-4e34-5ede-965b-64fb57957b6c,,,46a93533-17e3-594a-bd88-05a5a9ddff4d,1 plate,GRAM,250.0
257cfb84-22c0-5ae5-bcb7-484b85211eef,,,ba762b16-c2d3-5e55-a70a-aeb2ab9e86c0,100g phần,GRAM,100.0
e0913beb-af26-5b61-acd1-d4fef4d78c6f,,,ba762b16-c2d3-5e55-a70a-aeb2ab9e86c0,1 sandwich,GRAM,65.0
4cb52e10-bcdd-50f5-8381-7b564be4c45a,,,53893ef3-ef17-5acf-92f4-b932e5b366e4,100g phần,GRAM,100.0
862d1cfd-1501-5e49-a5a8-149a2480f058,,,53893ef3-ef17-5acf-92f4-b932e5b366e4,1 donut,GRAM,55.0
888b1282-fa11-51fc-aa62-06a80bb4c5a0,,,8461c36d-5781-551d-aef6-8666d03bdb07,100g phần,GRAM,100.0
858aefa7-b862-5498-8be8-76073411895a,,,8461c36d-5781-551d-aef6-8666d03bdb07,3 cake,GRAM,150.0
c980610f-8766-5405-b4fc-b0fe00030624,,,fb739161-df4c-5bf4-b8f8-4c8690b243bd,100g phần,GRAM,100.0
f24f871a-7bd5-5739-9516-90e9c0688cff,,,fb739161-df4c-5bf4-b8f8-4c8690b243bd,1 scoop,GRAM,100.0
8bb3ad96-6080-5d0b-a5a6-82b0095548fb,,,42b3eb51-2efa-59f7-b4a5-fb35e902cb13,100g phần,GRAM,100.0
5f88d62a-b2ce-5554-b0f9-4947061f5f52,,,42b3eb51-2efa-59f7-b4a5-fb35e902cb13,1 piece,GRAM,140.0
72a2558a-667e-5ca3-b6b0-298d4a1e8068,,,42e7ffc6-02ff-5c5a-9dd5-208351adc292,100g phần,GRAM,100.0
995d39a9-4d5b-59a3-a515-60aa9569c4b7,,,42e7ffc6-02ff-5c5a-9dd5-208351adc292,1 cookie,GRAM,19.0
7b536be7-58a6-5f88-8175-bebcb5e88394,,,16d3bfec-500b-534f-80ec-814ed517f3a1,100g phần,GRAM,100.0
52dbc638-8a27-5234-b831-cdc1ed9b7369,,,16d3bfec-500b-534f-80ec-814ed517f3a1,16 oz,GRAM,473.0
52a90559-1e97-54a9-9fd1-06e1dc6c011e,,,be55ae83-48c7-5b0f-a25b-9684c0ee4444,100g phần,GRAM,100.0
e2225ca6-a7cb-5052-9103-0bd643942fab,,,be55ae83-48c7-5b0f-a25b-9684c0ee4444,1 donut,GRAM,90.0
9aa70059-48fa-52fb-b23d-d5bde6743e33,,,8c10ef87-676e-569e-a342-9834d14b773a,100g phần,GRAM,100.0
c01f0fe1-4808-574b-9861-dde91d4c230c,,,8c10ef87-676e-569e-a342-9834d14b773a,1 cup,GRAM,236.0
87ee1210-a2cd-5c85-a767-578e874db079,,,7e899b96-cfe9-5c45-a3b7-829014b16a2e,100g phần,GRAM,100.0
17ebcc2e-14ff-5e67-9226-5514fef9b0dc,,,7e899b96-cfe9-5c45-a3b7-829014b16a2e,1 slice,GRAM,200.0
5b945220-9405-5629-a48a-45fab22a6b78,,,3ba917f8-ce28-5a75-99a4-9c6a7a0f6b95,100g phần,GRAM,100.0
798abda7-b33c-5947-b152-aa67cd5bab71,,,3ba917f8-ce28-5a75-99a4-9c6a7a0f6b95,1 slice,GRAM,100.0
43a9490e-6fc2-5140-b8ed-7773bf5627d2,,,3efcaddf-da5e-59dc-a781-f0333bf0f4e8,100g phần,GRAM,100.0
d21d8c1e-7f9f-555e-84df-3862ca4f44ba,,,3efcaddf-da5e-59dc-a781-f0333bf0f4e8,1 slice,GRAM,100.0
b0128cc8-8f87-5a8e-b932-9c545ff08c12,,,a8fa65df-9ed5-58a2-a5bf-cbe36eacc5de,100g phần,GRAM,100.0
50fd30fb-3e7a-52cc-8ca2-5f5e7789cbc2,,,a8fa65df-9ed5-58a2-a5bf-cbe36eacc5de,1 donut,GRAM,85.0
dd2b8393-0733-5ee1-88e8-479a7b475260,,,e784cf63-49f8-5a39-97ff-7a17493d68d3,100g phần,GRAM,100.0
829dc5a3-d0e0-5f0e-be26-7a34caa8fee2,,,e784cf63-49f8-5a39-97ff-7a17493d68d3,1 cookie,GRAM,28.0
ad64bf80-e6c5-50dd-9461-032f80c43a5d,,,89ef1ffe-241a-56d2-8b5b-0d4d54b89271,100g phần,GRAM,100.0
0b4b2053-b095-5791-9dac-c79fbb681874,,,89ef1ffe-241a-56d2-8b5b-0d4d54b89271,1 taco,GRAM,100.0
167c64d6-4349-513b-ad6b-f74a86674b00,,,3cfef8f2-ddc2-5636-986d-080dd83bbf14,100g phần,GRAM,100.0
82b44f71-3e6d-566d-887f-7c77144fff05,,,3cfef8f2-ddc2-5636-986d-080dd83bbf14,1 sandwich,GRAM,155.0
9eb7e32a-9c8c-5477-9477-697e5f8584ba,,,9102fc04-c499-507a-9e54-f1143a63c89e,100g phần,GRAM,100.0
a8b3be96-6a00-5a51-bf5b-77fb71c8d98e,,,9102fc04-c499-507a-9e54-f1143a63c89e,1 cake,GRAM,113.0
b8cc972b-4904-597f-84ce-738fd6d5c623,,,e3b904ee-afe7-510e-9f25-25a45883d631,100g phần,GRAM,100.0
6dea36b5-f4a4-5588-a49c-3b4afc19e02b,,,e3b904ee-afe7-510e-9f25-25a45883d631,1 cookie,GRAM,52.0
c1bb7f68-5907-58a7-a8ee-fa4764555c18,,,50e94a85-6973-5abc-9086-957828490e75,100g phần,GRAM,100.0
ec609794-761a-5d2d-a4d3-c56e54056fac,,,50e94a85-6973-5abc-9086-957828490e75,1 donut,GRAM,110.0
56556f71-5633-5c4f-8d1e-84dff78bdcf6,,,f5fd1bb1-4f8d-509a-9937-d09d5586200b,100g phần,GRAM,100.0
30378889-4775-565c-905b-143e302c73fe,,,f5fd1bb1-4f8d-509a-9937-d09d5586200b,1 bowl,GRAM,350.0
99890c7c-aa71-5ae0-90f0-4cb74908c8f9,,,2ac43802-eea2-5236-94b5-e6ee2b38ae21,100g phần,GRAM,100.0
03c2fe38-7551-540c-a24c-911a966fb4a3,,,2ac43802-eea2-5236-94b5-e6ee2b38ae21,0.25 cup,GRAM,60.0
b771d6b1-90b0-520f-bff3-ebc9a571ec1c,,,9576e2c7-75c2-5e4b-9dbf-eaa2d15cccd8,100g phần,GRAM,100.0
4b5691da-2dec-5327-bf40-71582a35a0c1,,,9576e2c7-75c2-5e4b-9dbf-eaa2d15cccd8,1 piece,GRAM,120.0
18b77d23-2116-536e-ac0a-c94e38faff2b,,,ff49b1b8-4609-5709-9d8b-0622b0221cb2,100g phần,GRAM,100.0
16d8c870-3df7-5afe-a776-b05e7d70009c,,,ff49b1b8-4609-5709-9d8b-0622b0221cb2,4 cookie,GRAM,76.0
6c2de9e9-c99a-5837-8bb6-ba8cb6b1d9a9,,,f81bf1e2-7851-581d-9ea9-ed058e05be63,100g phần,GRAM,100.0
4cfa8a35-acb1-53c4-9c28-d909c8d246af,,,f81bf1e2-7851-581d-9ea9-ed058e05be63,6 oz,GRAM,170.0
ea6be4bc-a0a9-5a69-9cb3-0b0a728ee4bf,,,5d7ce365-525a-5c86-9194-b3eb5d780e79,100g phần,GRAM,100.0
b233a8e4-3bf8-5058-8a0d-a15acaaa66ab,,,5d7ce365-525a-5c86-9194-b3eb5d780e79,0.67 cup,GRAM,90.0
6609bc63-2296-5e0e-a4b0-d7942bb6e3b0,,,6df84002-1a48-5e01-8d56-ec5657968645,100g phần,GRAM,100.0
5de01ee2-d698-50c8-b0b0-26f7aac9f6df,,,6df84002-1a48-5e01-8d56-ec5657968645,20 oz,GRAM,570.0
dc0622d5-64f4-5ef3-99ed-31bdbaf61d92,,,3b6cd574-69cd-58b0-9c58-1ef42e3c3b61,100g phần,GRAM,100.0
7fb926e0-7f4a-5f31-ba94-75cea5f9f418,,,3b6cd574-69cd-58b0-9c58-1ef42e3c3b61,1 plate,GRAM,350.0
b1888079-53a1-5670-a37b-832def036ff1,,,0eccec7a-c9a7-532a-b54b-2cf93857be01,100g phần,GRAM,100.0
0a9cea76-4249-5126-ba27-343a94d386f1,,,0eccec7a-c9a7-532a-b54b-2cf93857be01,1 donut,GRAM,100.0
2e11ea84-b488-5b81-a850-1d8f44df1bd2,,,b9ae5d2e-26e8-5c8f-9efd-529b0a73528a,100g phần,GRAM,100.0
7c68470f-d474-5a41-8218-00b89bc6e82e,,,b9ae5d2e-26e8-5c8f-9efd-529b0a73528a,1 slice,GRAM,150.0
62c77700-95ea-5550-9e69-22516101cdb5,,,3fd1c99c-a1a1-5012-85fb-cb13b1b2fb7d,100g phần,GRAM,100.0
55721c11-9f07-5c1e-8208-2fccc032aa67,,,3fd1c99c-a1a1-5012-85fb-cb13b1b2fb7d,4 oz,GRAM,113.0
8f9d9e6e-62d5-5300-a85f-858a9d1ee43d,,,3e9a899c-adc6-5530-9012-c70082173ca3,100g phần,GRAM,100.0
5a337b58-9292-542e-b05f-7905a779f974,,,3e9a899c-adc6-5530-9012-c70082173ca3,1 donut,GRAM,100.0
bae600ac-2cdf-54db-aa85-4be39c0e8717,,,7c858f57-3a9e-5861-b870-976fcec39053,100g phần,GRAM,100.0
8514aa6c-ba52-5088-a4cd-0fffbb902199,,,7c858f57-3a9e-5861-b870-976fcec39053,1 cookie,GRAM,18.5
27914165-966f-57c4-9d58-e20f050c5b6b,,,6ab45fd4-515d-5e3e-89b6-115ea5c9d5df,100g phần,GRAM,100.0
4f46ece6-19c9-5cc5-9365-bce57804db3e,,,6ab45fd4-515d-5e3e-89b6-115ea5c9d5df,1 plate,GRAM,300.0
760dd4c3-a37d-51f3-9821-7f3ca565a3d2,,,7bae5a71-e5dc-5bb5-ac49-57401e43863c,100g phần,GRAM,100.0
f222062e-3339-56eb-be81-bc2207072b8c,,,7bae5a71-e5dc-5bb5-ac49-57401e43863c,1 sandwich,GRAM,116.0
24c2a9b2-baf1-50b1-896b-9e01774ef89b,,,274f8352-5ce8-564f-bcf3-a3983f59234c,100g phần,GRAM,100.0
c5d65be9-81ee-5afb-b264-9f9ead15ae2f,,,274f8352-5ce8-564f-bcf3-a3983f59234c,1 slice,GRAM,150.0
5f8305fc-a88f-5690-b028-b331c5c44f6c,,,45c4ad2a-f105-5e1a-8d3c-9e0f6045801d,100g phần,GRAM,100.0
d2609e06-dfd8-51f4-8cdd-9696dffccb11,,,45c4ad2a-f105-5e1a-8d3c-9e0f6045801d,1 plate,GRAM,175.0
8168d40b-8472-503a-b8bf-4302b79faef6,,,c74fed26-99b7-5fc9-9dbd-75291f7e1f0a,100g phần,GRAM,100.0
d4f029ea-43fa-58a1-b0c5-de64022f0e55,,,c74fed26-99b7-5fc9-9dbd-75291f7e1f0a,0.1 oz,GRAM,3.0
4d084cc8-02e2-55fc-ba35-f985f368e830,,,017f73aa-b74b-564d-81f2-d03c39d589eb,100g phần,GRAM,100.0
f3d838c6-e804-5293-afe5-440ccdaaf238,,,017f73aa-b74b-564d-81f2-d03c39d589eb,1 roll,GRAM,26.0
d7e5aa1b-0c63-5577-b1ac-1fd345e43482,,,42b14256-43a2-5695-b1b2-a5def1f9e9f6,100g phần,GRAM,100.0
f2ae5866-bd8e-5c60-b560-c119f765f17c,,,42b14256-43a2-5695-b1b2-a5def1f9e9f6,1 slice,GRAM,80.0
97e7b304-b3b7-5582-8f21-9d19e747228b,,,4fced046-c8a3-5e05-acd5-997d86fa541f,100g phần,GRAM,100.0
a82c8647-8faa-5f1d-81e3-7f810db33c83,,,4fced046-c8a3-5e05-acd5-997d86fa541f,1 plate,GRAM,130.0
91a53a45-4cf7-5de1-a8e0-0b90ac09e343,,,5929b6b8-b220-5cab-b777-291e55e98df6,100g phần,GRAM,100.0
3ff48d78-aaca-5563-b45d-4bf95515687b,,,5929b6b8-b220-5cab-b777-291e55e98df6,1 crepe,GRAM,350.0
d815f08b-b76f-5fd0-af23-3026e59724de,,,a8c56a3b-4fd7-5747-80ca-0879e7d568a0,100g phần,GRAM,100.0
d2c30340-dd5b-570f-b0a9-def05cb84ab7,,,a8c56a3b-4fd7-5747-80ca-0879e7d568a0,0.5 cup,GRAM,100.0
dda19b6d-bdf0-54f4-85d7-2c23b5ef2c55,,,23b52526-d26f-5d66-b5f9-61653e16ecc2,100g phần,GRAM,100.0
b657b5f7-4917-5d85-9482-4f4d56d01cb7,,,23b52526-d26f-5d66-b5f9-61653e16ecc2,1 slice,GRAM,90.0
f953f1ef-1bd5-5a58-a57c-fc2efca618e2,,,595bf7c2-da07-512a-94bb-cafc143ea13f,100g phần,GRAM,100.0
a64cadc4-bf82-5e85-9883-d4684044f534,,,595bf7c2-da07-512a-94bb-cafc143ea13f,1 pancake,GRAM,170.0
4faa2aee-b5ee-5955-b70c-569a0a31e71c,,,eb9d1ae3-b832-5b60-821e-c76658916c1c,100g phần,GRAM,100.0
1027deb3-11ec-5336-91e3-0af4d4b6a173,,,eb9d1ae3-b832-5b60-821e-c76658916c1c,3 pancake,GRAM,122.0
5d0fa01c-b9e4-543e-b85d-78e5501043c3,,,be281b7b-5462-5ec4-8ad9-4683d3c9c85d,100g phần,GRAM,100.0
88fac0b8-5ebd-57f8-b618-5a9d8b7d9e68,,,be281b7b-5462-5ec4-8ad9-4683d3c9c85d,1 scone,GRAM,99.0
847c10bc-df72-595c-929d-289ff0104942,,,967a361f-b91a-5cbb-924a-76c0d8ef326e,100g phần,GRAM,100.0
d231d743-4310-5974-b9f2-c80f9a3c96d5,,,967a361f-b91a-5cbb-924a-76c0d8ef326e,1 waffle,GRAM,150.0
ccb75754-5241-5e4a-85c2-0554a516ceb5,,,d0757215-db92-5560-bd6b-97fd23198944,100g phần,GRAM,100.0
4406bbc5-19ba-5ebd-8c1a-7d218a32c530,,,d0757215-db92-5560-bd6b-97fd23198944,1 sandwich,GRAM,40.0
8132e905-9ef5-505e-9cf5-6c843e1df123,,,dc6e378c-bb96-5745-978b-ea70dd3b03aa,100g phần,GRAM,100.0
75a0bee1-fde3-5e3f-8fef-c6e0b6933346,,,dc6e378c-bb96-5745-978b-ea70dd3b03aa,1 pudding,GRAM,150.0
6579a775-2d61-5784-a51b-8784a7fddb38,,,1393d4c7-cae5-52d1-b576-69b104edc3d5,100g phần,GRAM,100.0
282d37a0-dfa9-5663-8993-d245b2caa7e4,,,1393d4c7-cae5-52d1-b576-69b104edc3d5,0.5 cup,GRAM,120.0
518a6b2e-6ba5-5a28-a3b2-c50d4a4c50eb,,,ae71e815-07e8-559d-b10b-623cd0759f52,100g phần,GRAM,100.0
20eeeced-e4c3-550f-9559-327a80f542a6,,,ae71e815-07e8-559d-b10b-623cd0759f52,4 oz,GRAM,113.0
72be723d-0fee-5bb1-b7d8-7375b41c51c9,,,3b90bda3-e942-5c45-884a-449e252d37e9,100g phần,GRAM,100.0
9c7a6857-ce78-56c5-af9d-86eb5856c76c,,,3b90bda3-e942-5c45-884a-449e252d37e9,1 plate,GRAM,400.0
84f6f384-159d-5a2f-827d-6c1b450a16a8,,,9f5c544e-aae1-57df-9543-793ff2bde68b,100g phần,GRAM,100.0
b52798e0-e585-5f5b-b96d-2e7173c058e5,,,9f5c544e-aae1-57df-9543-793ff2bde68b,0.5 cup,GRAM,107.0
1c1be9c6-ee58-5800-92b4-67063575f9f2,,,161cc065-8e47-580f-abde-573c3b68979a,100g phần,GRAM,100.0
7fa93468-41aa-52be-840e-286425d2f8c4,,,161cc065-8e47-580f-abde-573c3b68979a,4 oz,GRAM,113.0
1052c173-7bed-593c-af67-325ee18449b7,,,33c68a2e-843b-59bc-adc5-90cca4cb15b2,100g phần,GRAM,100.0
06aa2856-d3ac-5c7e-a162-20d0c8477f85,,,33c68a2e-843b-59bc-adc5-90cca4cb15b2,1 slice,GRAM,200.0
7712bb8f-9a0b-5cdd-bdef-0b00b73a9303,,,0f2a2369-9176-5c32-9c78-d121636ea777,100g phần,GRAM,100.0
9175dff4-f92e-5bf0-8c45-ca5030ef8763,,,0f2a2369-9176-5c32-9c78-d121636ea777,1 ball,GRAM,25.0
f492e612-5617-51ee-9088-4b96213a9797,,,cf45880a-a4b3-5722-b787-79874867c94e,100g phần,GRAM,100.0
f9e203c9-e894-5683-87b7-686488e6188f,,,cf45880a-a4b3-5722-b787-79874867c94e,0.5 cup,GRAM,150.0
3454b99f-1e6e-5e28-9a21-e7821f8be178,,,dd0725fe-f63d-50af-9bed-5450d3d9ae03,100g phần,GRAM,100.0
3ff4ca9f-8f4d-5ae2-898c-478e6bba70ea,,,dd0725fe-f63d-50af-9bed-5450d3d9ae03,1 slice,GRAM,180.0
eebb4f0f-35bd-5740-8863-7136ee48087d,,,9e3e610f-7c25-541e-b175-82bd526e3da5,100g phần,GRAM,100.0
04410ca3-1bbd-592e-b2c7-e12167983c92,,,9e3e610f-7c25-541e-b175-82bd526e3da5,8 fl oz,GRAM,240.0
b0c661c2-843f-59cc-bbc1-02f174d987bf,,,908309c9-851c-53e4-ae18-317b7edb3539,100g phần,GRAM,100.0
ac37603c-0202-52f3-8b7c-9fbf3450b7be,,,908309c9-851c-53e4-ae18-317b7edb3539,1 cup,GRAM,238.0
9dc45cb0-5221-5818-9066-672871d48270,,,8062f42e-86eb-54e8-b533-b534370713a0,100g phần,GRAM,100.0
7739bce8-611d-5416-aed5-2f8df0f49edb,,,8062f42e-86eb-54e8-b533-b534370713a0,1 donut,GRAM,85.0
ea77a04a-234c-5cbc-b939-d296109f02a6,,,0917345d-6395-5c5d-8112-8bb87421571e,100g phần,GRAM,100.0
1242b70f-8869-5b44-a90a-673800bdef9b,,,0917345d-6395-5c5d-8112-8bb87421571e,1 slice,GRAM,85.0
65d2331d-4cc9-55a9-950f-9cd82b6dab1c,,,4e3f552f-7508-5867-9f65-e967ecc2f1c7,100g phần,GRAM,100.0
8c79fd0b-6464-5137-8ff2-75247af68874,,,4e3f552f-7508-5867-9f65-e967ecc2f1c7,8 fl oz,GRAM,240.0
ecbae895-c8bc-50c2-8aaf-dad3c5c77d15,,,e1f95cdc-c03a-591f-a618-3749a5bee255,100g phần,GRAM,100.0
588b4fff-1820-58c8-8519-b1233e88b6e2,,,e1f95cdc-c03a-591f-a618-3749a5bee255,2 papanasi,GRAM,180.0
5e07ebc0-fe33-57d5-be2a-c4cd88b328bf,,,7edf177b-f5d6-5009-93ef-e29f4dcfebbf,100g phần,GRAM,100.0
cd9f8217-e246-5109-9668-5af47bf55357,,,7edf177b-f5d6-5009-93ef-e29f4dcfebbf,1 cup,GRAM,236.0
c371669a-c30b-55fd-8f30-88b728377712,,,401bcd8d-7de8-5d4f-98af-58a8e7be1cfc,100g phần,GRAM,100.0
3820cd20-b2e9-504b-81cd-d7c05fba464a,,,401bcd8d-7de8-5d4f-98af-58a8e7be1cfc,1 concha,GRAM,100.0
1af6744a-2412-5778-bdf6-09d3e4cea651,,,f2088d45-ccb5-5650-b635-765154ec0f16,100g phần,GRAM,100.0
8b1a7064-1f37-5593-9329-f69fef277a40,,,f2088d45-ccb5-5650-b635-765154ec0f16,2 tbsp,GRAM,30.0
c6203112-e2df-5af2-a302-76c3c543b040,,,ad53c2dd-81c3-5552-bfe7-aacfd5b15519,100g phần,GRAM,100.0
f6d64542-e95b-5fa7-bf0c-b93e58ee5ad2,,,ad53c2dd-81c3-5552-bfe7-aacfd5b15519,0.5 cup,GRAM,105.0
a7074766-78a0-55c9-87f6-adde0c271c07,,,e3316cd3-9daa-5a8c-a1b3-cd836d5cd52d,100g phần,GRAM,100.0
e9dd2e26-6ccd-5c37-9a8d-748edeb8f045,,,e3316cd3-9daa-5a8c-a1b3-cd836d5cd52d,1 cookie,GRAM,14.0
d110f62b-5a9f-5a01-90ed-bd4d51530311,,,748d3f31-7b47-5d94-b0e9-3ec9fcba3d36,100g phần,GRAM,100.0
d797ddea-84da-574e-abdf-3b3124c92fa4,,,748d3f31-7b47-5d94-b0e9-3ec9fcba3d36,1 cup,GRAM,240.0
ad9ace3b-ef61-5ce2-8adf-ad38890437c4,,,ebdc3628-f170-5294-9c6e-9412d09ed318,100g phần,GRAM,100.0
e98655dc-31e2-527b-8bf6-4736761a1974,,,ebdc3628-f170-5294-9c6e-9412d09ed318,1 slice,GRAM,80.0
9643c7d2-8024-55c2-b708-528240559373,,,62fdffcc-4216-533a-91d2-d059136507e9,100g phần,GRAM,100.0
a6885613-7ba4-5916-951c-741ed6157ed2,,,62fdffcc-4216-533a-91d2-d059136507e9,6 oz,GRAM,170.0
7e5073ba-2994-5666-a371-322fdd89d897,,,522ef618-1151-50d5-83cc-31b3acab120b,100g phần,GRAM,100.0
19a28a24-7b76-5734-b636-eaea8cc35517,,,522ef618-1151-50d5-83cc-31b3acab120b,1 bowl,GRAM,240.0
a2799140-7e1e-588b-9306-f12a0d8e0bd4,,,9d180b08-d0a2-5318-b20f-f67dff59f64d,100g phần,GRAM,100.0
83b5f319-7c46-5c23-a80f-31a041ab844c,,,9d180b08-d0a2-5318-b20f-f67dff59f64d,1 cup,GRAM,85.0
eaf1a842-8052-5ed3-be0b-b217c36333de,,,c5d2b1f4-77f8-5e47-83a3-b17577d9b75d,100g phần,GRAM,100.0
f8fb9a3d-f323-550e-8a2b-e2d1d9d2ff20,,,c5d2b1f4-77f8-5e47-83a3-b17577d9b75d,0.5 cup,GRAM,20.0
ed885bef-fc73-59df-aa60-e5a4cb1c64b7,,,94092266-b354-56d1-8ccc-863f803d3e24,100g phần,GRAM,100.0
a9006185-e10c-5216-90cb-ffbc285c5b54,,,94092266-b354-56d1-8ccc-863f803d3e24,1 piece,GRAM,85.0
a9dd9feb-2f1a-5cde-a556-0ff3a5dddca5,,,e7507b29-99be-5472-8bdf-9c63130d4285,100g phần,GRAM,100.0
db23c4b4-fe4b-53c3-8660-13069325cf01,,,e7507b29-99be-5472-8bdf-9c63130d4285,1 tart,GRAM,60.0
39413980-5899-574e-aec1-4d6968885504,,,c27caa89-425a-5b31-8d5b-2b3501c1b527,100g phần,GRAM,100.0
0dd1bf34-a443-5068-8f98-f026b340875c,,,c27caa89-425a-5b31-8d5b-2b3501c1b527,1 cup,GRAM,150.0
eb446fc6-97bc-5726-b360-578b1703aa92,,,f4f66b65-ae4e-5757-bef6-7b53e24b0b0c,100g phần,GRAM,100.0
8323c14f-6157-56fb-b90c-9f0af3ba6cb1,,,f4f66b65-ae4e-5757-bef6-7b53e24b0b0c,1.5 brownie,GRAM,76.0
7be66247-12c3-5ddc-b57d-9ca541ab79f4,,,80010d0e-6e12-5e05-a991-46161f480da9,100g phần,GRAM,100.0
394e6624-fbc5-50cd-85dd-c963e69b8b95,,,80010d0e-6e12-5e05-a991-46161f480da9,1 biscuit,GRAM,100.0
2329b84f-a8d4-52ba-843d-fc52280d15fb,,,5c33d836-d4d1-5670-b0ca-2d06271c711b,100g phần,GRAM,100.0
144ee670-fbf5-524d-a046-4f46f2a42a5a,,,5c33d836-d4d1-5670-b0ca-2d06271c711b,3 piece,GRAM,99.0
ea9e579e-56c3-5909-b7b7-d54f8bdb2b02,,,e3610d69-bcee-5d99-9b37-5d16ede59051,100g phần,GRAM,100.0
74998e62-a822-5bc9-b2ae-2e8d4c719463,,,e3610d69-bcee-5d99-9b37-5d16ede59051,1 cup,GRAM,159.0
ea1e73c2-8368-5a28-8d90-90ed86396a67,,,b46ad38f-df5c-5164-900c-cd0491aaa55e,100g phần,GRAM,100.0
37bf4bd7-3eed-5aed-9127-4d0658e160e8,,,b46ad38f-df5c-5164-900c-cd0491aaa55e,1 cup,GRAM,90.0
8bfddddd-20b5-5e4e-b62f-95e4ea19e22a,,,639c8767-6dd9-5573-9ff6-7426704d0136,100g phần,GRAM,100.0
68ff03e8-9fcf-5af2-ae16-d8ec084e4e00,,,639c8767-6dd9-5573-9ff6-7426704d0136,3.2 oz,GRAM,90.0
69cd83d2-a307-5aef-99cb-612edcfe2d9f,,,5131e023-afe6-550e-9ae9-2cb2698f5836,100g phần,GRAM,100.0
03f784b7-45ac-55a1-a35a-de6f80f321c4,,,5131e023-afe6-550e-9ae9-2cb2698f5836,1 donut,GRAM,100.0
99fb19d3-7667-52d6-bc3b-be76666125de,,,d32ed9d9-caad-5605-9531-7bbde5cd72da,100g phần,GRAM,100.0
967f0748-4f9c-561d-9eb4-89ee7173ac08,,,d32ed9d9-caad-5605-9531-7bbde5cd72da,1 slice,GRAM,125.0
e7180f03-e4d4-5b5a-9845-5e3f37fff832,,,d9c157bb-982a-516d-9300-493eb1cc989e,100g phần,GRAM,100.0
a3283803-48c2-5f31-9bff-d9689abd2357,,,d9c157bb-982a-516d-9300-493eb1cc989e,1 slice,GRAM,125.0
d2ce2c74-ae4e-589a-bf64-245799aefb8b,,,9bcc56fd-bba4-50f7-889f-4512de9f7c87,100g phần,GRAM,100.0
1aa268bf-14b6-541f-83d7-555302ec9075,,,9bcc56fd-bba4-50f7-889f-4512de9f7c87,1 slice,GRAM,55.0
5fffafcf-62c1-5bf6-8803-8354bc2fdb83,,,44257d19-f03a-5f8f-bc2c-ab6a9ff739a3,100g phần,GRAM,100.0
9f59c7d6-6bf0-537f-84e4-bf58b5de4af0,,,44257d19-f03a-5f8f-bc2c-ab6a9ff739a3,1 piece,GRAM,43.0
3a9f1482-4f89-5cc7-9687-4d29455c8b48,,,657e7938-f799-518a-aa3e-b1640a5c64b3,100g phần,GRAM,100.0
6c59953a-ffbf-5229-b1a9-5f5a7be1333b,,,657e7938-f799-518a-aa3e-b1640a5c64b3,4 oz,GRAM,113.0
7dbf864a-dbd1-5c8e-99d4-e24d79880e2b,,,7d5d7ee7-5c15-57c0-844b-e9ac9d438ee4,100g phần,GRAM,100.0
8103f094-5d8c-53c6-847a-12fe4b037f68,,,7d5d7ee7-5c15-57c0-844b-e9ac9d438ee4,16 fl oz,GRAM,473.0
21be17a6-2ed1-57e9-af6e-ffd776952598,,,daef0253-fe29-5b2f-ade1-38744deca837,100g phần,GRAM,100.0
2a30975c-642d-5a03-8b05-aa6e8c053102,,,daef0253-fe29-5b2f-ade1-38744deca837,16 fl oz,GRAM,473.0
63e3362d-2a66-5644-b6a5-d9cb670edab5,,,674bd88c-ac6a-5a27-b654-f38824c77485,100g phần,GRAM,100.0
6f713649-1732-5e60-b394-89ef37e818f4,,,674bd88c-ac6a-5a27-b654-f38824c77485,1 slice,GRAM,125.0
d4376081-b103-55d3-9cc2-6e454c02b217,,,13a6cee8-cf46-56e4-857b-b1b495885e94,100g phần,GRAM,100.0
b9d55a0a-b1ac-5294-a82e-5548172cde92,,,13a6cee8-cf46-56e4-857b-b1b495885e94,1 pretzel,GRAM,35.0
1b3f4f17-7d40-5de0-8aaf-43bf9ee855d9,,,b2ecfa00-9848-5bdc-8ae4-9f269ad2eec1,100g phần,GRAM,100.0
2be8cfa1-0d2c-5c41-b3d1-60873675456a,,,b2ecfa00-9848-5bdc-8ae4-9f269ad2eec1,1 cookie,GRAM,30.0
23a9cdb7-c928-52f4-afec-9ba10fd1cbd2,,,32047503-93c2-546b-ac81-ad12626b69f8,100g phần,GRAM,100.0
21ff8eea-e426-54e3-8d6f-17fdd8e8fbab,,,32047503-93c2-546b-ac81-ad12626b69f8,1 cone,GRAM,85.0
4ddff036-e7a3-51e6-8294-45801f693b51,,,ee97fca4-be51-5b2e-878d-9f66c8619f72,100g phần,GRAM,100.0
a68fe6cb-669d-5953-b06f-e16c05ec2d33,,,ee97fca4-be51-5b2e-878d-9f66c8619f72,1 donut,GRAM,110.0
510e08bc-4fc2-5450-8f8d-273c4b45d215,,,f204a310-5cbd-5563-81f1-9f9ef3519abc,100g phần,GRAM,100.0
92ce644c-ca82-5606-84b3-f63f017dbed9,,,f204a310-5cbd-5563-81f1-9f9ef3519abc,1 plate,GRAM,350.0
ebc93a0d-8622-5908-86cf-7e2a651389c9,,,0a642fc5-9da5-5b27-a2fb-0dd91afad37d,100g phần,GRAM,100.0
fe7fb758-e034-59a3-b472-2e0e790c33d9,,,0a642fc5-9da5-5b27-a2fb-0dd91afad37d,1 slice,GRAM,113.0
7fae3c0b-e7b4-5706-aac3-2b3203c5d43d,,,93cd8cb1-fefa-5729-9b1e-103a731715ad,100g phần,GRAM,100.0
70444cdb-f21f-5af0-b111-00103ceceeda,,,93cd8cb1-fefa-5729-9b1e-103a731715ad,1 slice,GRAM,100.0
44e7fae3-d6c1-5f48-ac1d-da61cec580c4,,,7b16d832-bd3d-5ae3-8cb7-3366f67b11e0,100g phần,GRAM,100.0
098e1d50-eab5-5a64-8211-faa52cd454a8,,,7b16d832-bd3d-5ae3-8cb7-3366f67b11e0,1 donut,GRAM,70.0
faf2292c-cb93-512a-9190-c730151c3d14,,,5c459485-0cfe-50f4-aa6e-74412043f89e,100g phần,GRAM,100.0
3536b212-f27a-52da-a879-c748c688cbc1,,,5c459485-0cfe-50f4-aa6e-74412043f89e,8 fl oz,GRAM,240.0
8b8ecc74-01db-56d8-9447-6b477543c89a,,,6b5dd519-5d7a-5946-8a8e-f16137defda8,100g phần,GRAM,100.0
a7ca7ce8-99c4-5191-8741-83647a7234c7,,,6b5dd519-5d7a-5946-8a8e-f16137defda8,1 sandwich,GRAM,150.0
06fca0a8-24e2-553c-82c7-4e2221d28b1e,,,4d4b31ac-2c77-5dd3-bbd1-be96eb20bff5,100g phần,GRAM,100.0
78344f4a-c920-58c0-8938-9b9061acf106,,,4d4b31ac-2c77-5dd3-bbd1-be96eb20bff5,1 slice,GRAM,240.0
0295b267-c05a-5e02-ac98-ce5f836d84a0,,,4018ac12-7fbd-5c93-be74-d69699e19e39,100g phần,GRAM,100.0
cb177943-1962-5169-aae0-ef4199abf5eb,,,4018ac12-7fbd-5c93-be74-d69699e19e39,1 waffle,GRAM,150.0
7bd8831c-9958-567b-aece-4baed5e0b413,,,c391b881-df3c-5107-a1d5-b5f9809ad55f,100g phần,GRAM,100.0
46ff4d37-b431-5e92-94a7-1827fc65b74f,,,c391b881-df3c-5107-a1d5-b5f9809ad55f,1 donut,GRAM,75.0
ba2b1aea-7a8d-542c-9e06-fa69724ea363,,,57843849-9f58-542e-bef8-7ddebe209975,100g phần,GRAM,100.0
111e44b1-2b6b-5bbb-82eb-18c951bbce7c,,,57843849-9f58-542e-bef8-7ddebe209975,14 oz,GRAM,400.0
299185e9-015b-50da-a2e3-9f21ecfb5372,,,28262830-374d-51aa-a36a-670ce6771663,100g phần,GRAM,100.0
3515c526-b039-52e4-bf7c-d6131990bb84,,,28262830-374d-51aa-a36a-670ce6771663,3 oz,GRAM,85.0
3b14cc5a-178c-5a33-a292-a9117c65ba8a,,,b21de317-3864-5765-9a13-094c97405fb3,100g phần,GRAM,100.0
31cff167-78f5-58b2-894b-281ef945285b,,,b21de317-3864-5765-9a13-094c97405fb3,1 bun,GRAM,120.0
630412ba-d525-5384-af9c-b3c7bff4d4c7,,,208cf452-1dcf-5801-84b2-53f93503e8c7,100g phần,GRAM,100.0
9a0d144d-6466-5436-86f6-4227c546f1fb,,,208cf452-1dcf-5801-84b2-53f93503e8c7,1 piece,GRAM,100.0
9321520e-38e9-5731-8655-2ba354107fe7,,,ea42b372-afaa-5f65-9d5a-2d5c27cc0971,100g phần,GRAM,100.0
fa96870e-5751-5485-a103-cf1e4e889f34,,,ea42b372-afaa-5f65-9d5a-2d5c27cc0971,1 slice,GRAM,100.0
3eeae288-0e57-596a-872d-78fba26623a2,,,1f5c2bc5-3c58-50f4-88b4-aab00bd51673,100g phần,GRAM,100.0
dc4459f7-2b8d-5d30-bda6-4459ecb2e7d6,,,1f5c2bc5-3c58-50f4-88b4-aab00bd51673,1 slice,GRAM,150.0
32fa5b4e-2b4a-5f49-9691-0de63c78fa47,,,f562b318-478e-5cfb-90b5-a4c961c9ebe7,100g phần,GRAM,100.0
88a97bc9-e90c-5a74-a2da-c4fe46970608,,,f562b318-478e-5cfb-90b5-a4c961c9ebe7,1 popsicle,GRAM,85.0
86b7dcfe-8899-50bb-a825-b150f43d6f50,,,e1537c23-517e-5408-bc26-e973347a25c8,100g phần,GRAM,100.0
2932dd07-9ca0-5391-9c27-91aff0cddc1d,,,e1537c23-517e-5408-bc26-e973347a25c8,10 fl oz,GRAM,295.0
e67a5ad7-4e56-5917-afe4-27e653d5348e,,,ce68f99d-9647-595d-88d3-08f0e97493fa,100g phần,GRAM,100.0
a57504ce-d8c2-56f7-ad98-5e929d09b1d3,,,ce68f99d-9647-595d-88d3-08f0e97493fa,1.5 oz,GRAM,42.0
a187d271-4280-51d5-bf17-5d6ec96ca43d,,,59386058-20bb-55fa-8028-c58e1fb61dec,100g phần,GRAM,100.0
c67e7ebe-6f16-5bdc-8bff-8df8ec2d4bbf,,,59386058-20bb-55fa-8028-c58e1fb61dec,0.5 mooncake,GRAM,80.0
